eobs_cell_id,cntr,pop,w_pop
66132,AL,10,1
50804,AT,1812734,0.202231883226916
52656,AT,358857,0.0400347358846701
50340,AT,326224,0.0363941393904553
50332,AT,275084,0.0306888685077861
51255,AT,237421,0.0264871161172117
52169,AT,216502,0.024153354646845
52176,AT,157951,0.0176212992019649
50795,AT,157826,0.0176073539759122
50796,AT,156066,0.0174110051930906
53580,AT,138540,0.0154557729386976
51267,AT,128566,0.0143430554615028
51268,AT,107156,0.0119545171432011
50794,AT,101205,0.0112906128212855
53578,AT,94613,0.0105551973801717
50801,AT,92877,0.0103615260807522
52657,AT,88983,0.00992710439875939
50803,AT,87888,0.00980494421853798
50337,AT,82785,0.00923564431016369
50805,AT,81389,0.00907990402560745
53120,AT,80520,0.00898295681408928
50331,AT,78665,0.00877600965946762
50339,AT,74371,0.00829696325410623
52177,AT,72176,0.00805208508462131
53121,AT,70839,0.00790292694676192
50793,AT,70503,0.00786544217913234
50341,AT,69477,0.00775097976369201
51731,AT,65510,0.00730841406968441
50798,AT,65473,0.00730428628277282
51258,AT,64552,0.00720153785721673
50797,AT,63403,0.00707335333934057
52178,AT,62218,0.00694115259636123
50791,AT,61553,0.00686696399376102
51719,AT,60635,0.00676455025363019
53579,AT,60515,0.00675116283661963
52192,AT,60417,0.00674022977939433
52640,AT,59837,0.00667552393050994
50799,AT,56531,0.00630670059186886
51715,AT,55356,0.00617561546697374
52170,AT,53866,0.00600938837242589
51269,AT,53629,0.00598294822383003
50792,AT,53284,0.00594445939992465
52634,AT,50358,0.0056180295484837
50333,AT,48728,0.00543618380075686
53122,AT,48597,0.00542156920385366
52175,AT,48511,0.00541197488832942
51256,AT,46656,0.00520502773370777
52195,AT,46468,0.00518405411372455
52191,AT,45455,0.00507104200179369
52182,AT,45262,0.00504951057276837
52633,AT,44301,0.00494229967487542
52658,AT,43893,0.0048967824570395
51257,AT,43851,0.0048920968610858
52655,AT,43666,0.00487145792652785
50800,AT,43566,0.00486030174568571
52659,AT,43162,0.00481523077508347
50802,AT,42934,0.0047897946827634
50329,AT,42873,0.0047829894124497
52637,AT,42210,0.00470902393346632
50330,AT,42175,0.00470511927017157
52183,AT,41711,0.00465335459106406
53118,AT,40330,0.00449928773363413
51732,AT,40149,0.00447909504630986
50338,AT,39544,0.00441160015221493
50806,AT,38754,0.00432346632356204
51254,AT,37186,0.00414853740795732
51270,AT,36926,0.00411953133776777
53116,AT,35719,0.00398487623500316
52194,AT,34884,0.00389172212497132
52179,AT,33687,0.00375818264029093
53581,AT,33486,0.00373575871679823
52653,AT,33273,0.00371199605160448
52180,AT,32966,0.00367774657641911
51259,AT,31858,0.00355413609268823
53113,AT,31772,0.00354454177716399
49877,AT,30360,0.00338701650367301
52654,AT,29929,0.00333893336424339
50328,AT,29742,0.00331807130606859
53110,AT,28817,0.00321487663327882
51716,AT,28015,0.00312540406292488
49866,AT,27712,0.0030916008349732
51721,AT,27700,0.00309026209327214
49875,AT,27557,0.00307430875466789
53119,AT,25693,0.00286635754377044
49874,AT,25311,0.00282374093295347
50790,AT,24635,0.00274832515046062
52184,AT,24299,0.00271084038283104
53577,AT,24099,0.00268852802114676
52174,AT,23476,0.00261902501450025
51729,AT,23084,0.00257529278559907
52181,AT,23002,0.00256614471730851
49407,AT,22974,0.00256302098667272
52660,AT,22625,0.00252408591553365
52638,AT,22130,0.00246886282036507
49873,AT,22127,0.00246852813493981
51730,AT,21941,0.00244777763857343
49876,AT,21573,0.00240672289307437
51724,AT,21432,0.00239099267808695
49871,AT,21177,0.0023625444169395
52193,AT,21056,0.00234904543812051
53112,AT,20771,0.00231725032272042
51723,AT,19882,0.00221807187503382
50334,AT,19786,0.00220736194142537
52196,AT,19562,0.00218237209633898
52173,AT,19511,0.00217668244410949
51262,AT,18751,0.00209189546970924
53582,AT,18555,0.00207002935525865
49408,AT,18480,0.00206166221962705
53584,AT,18089,0.00201804155253429
52190,AT,17737,0.00197877179596996
53123,AT,17106,0.00190837629485607
50336,AT,16962,0.0018923113944434
49878,AT,16867,0.00188171302264337
51733,AT,16509,0.00184177389522851
51706,AT,16326,0.0018213580842874
49870,AT,16043,0.00178978609250415
51260,AT,16042,0.00178967453069573
52652,AT,16029,0.00178822422718625
51261,AT,15680,0.00174928915604719
52647,AT,15399,0.00171794028788078
52642,AT,14950,0.00166784903589959
53585,AT,14822,0.00165356912442165
51720,AT,14740,0.0016444210561311
49872,AT,14736,0.00164397480889741
50335,AT,14480,0.00161541498594154
49869,AT,13682,0.00152638866282128
50342,AT,13656,0.00152348805580232
50327,AT,13456,0.00150117569411805
49867,AT,13027,0.00145331567830528
49868,AT,12893,0.00143836639597681
52185,AT,12324,0.00137488772698505
52649,AT,12186,0.0013594921974229
52186,AT,11809,0.00131743339564804
51266,AT,11803,0.00131676402479751
52636,AT,11606,0.0012947863485385
51722,AT,11494,0.00128229142599531
52650,AT,10997,0.00122684520720988
51263,AT,10667,0.00119002981043083
52651,AT,10502,0.0011716221120413
51728,AT,10212,0.0011392691875991
53115,AT,10180,0.00113569920972962
53109,AT,9882,0.00110245379082005
51717,AT,9496,0.0010593909327694
53575,AT,9022,0.00100651063557766
53576,AT,8995,0.00100349846675029
53111,AT,8372,0.000933995460103768
53586,AT,8322,0.000928417369682699
51264,AT,7792,0.00086928961121937
50807,AT,7574,0.000844969136983509
53117,AT,7491,0.000835709506884535
49406,AT,7191,0.000802240964358122
52171,AT,6972,0.00077780892831384
49865,AT,6850,0.000764198387686432
53583,AT,6421,0.000716338371873662
49410,AT,6355,0.000708975292517851
52639,AT,6344,0.000707748112625216
52188,AT,6177,0.000689117290618846
51726,AT,6157,0.000686886054450418
53108,AT,6058,0.000675841435416702
52197,AT,5805,0.000647616297886093
51265,AT,5787,0.000645608185334509
51271,AT,5565,0.000620841463864963
49409,AT,5430,0.000605780619728077
53114,AT,5101,0.000569076784757444
51709,AT,4893,0.000545871928605798
51734,AT,4845,0.000540516961801571
51725,AT,4594,0.000512514947887806
51705,AT,4572,0.000510060588102536
53574,AT,4455,0.000497007856517234
52646,AT,4354,0.000485740113866675
52641,AT,4331,0.000483174192272984
51727,AT,4205,0.00046911740441189
52644,AT,4157,0.000463762437607664
53101,AT,3911,0.000436318232736005
52635,AT,3680,0.000410547454990667
52189,AT,3632,0.000405192488186441
52645,AT,3455,0.000385446048095857
52187,AT,3384,0.00037752515969794
51718,AT,3131,0.000349300022167331
53103,AT,2727,0.000304229051565095
52172,AT,2696,0.000300770635504032
49864,AT,2671,0.000297981590293498
53099,AT,2561,0.000285709791367146
52643,AT,2473,0.000275892352226065
51713,AT,2195,0.000244878169484922
49413,AT,2137,0.000238407584596483
54045,AT,1778,0.000198356895373208
53573,AT,1602,0.000178722017091046
53572,AT,1445,0.00016120681316889
52648,AT,1307,0.00014581128360674
51714,AT,1168,0.000130304192236168
51708,AT,1020,0.000113793044589805
54044,AT,718,8.01013784465487e-05
53124,AT,701,7.82048277033853e-05
53102,AT,513,5.72312077201664e-05
53587,AT,480,5.3549668042261e-05
54043,AT,261,2.91176319979794e-05
53100,AT,209,2.33164179600678e-05
49411,AT,158,1.76267657305776e-05
53098,AT,127,1.41683496695149e-05
49412,AT,126,1.40567878610935e-05
48943,AT,112,1.24949225431942e-05
49402,AT,10,1.11561808421377e-06
51710,AT,4,4.46247233685508e-07
53104,AT,1,1.11561808421377e-07
45652,BE,1548125,0.134313342475967
45188,BE,871095,0.0755750866784676
46121,BE,506925,0.0439801638334306
46580,BE,359759,0.0312122301337498
45185,BE,321705,0.0279107138255832
45651,BE,319863,0.0277509042644427
45187,BE,319674,0.0277345068664755
45653,BE,315294,0.0273545036754898
45189,BE,280232,0.0243125694557773
45648,BE,277028,0.0240345945188097
45647,BE,273244,0.0237062995245882
45183,BE,263711,0.0228792286525182
45186,BE,234806,0.0203714678681708
45656,BE,229167,0.0198822354494566
46116,BE,218131,0.0189247662221237
45650,BE,209106,0.0181417687795104
45190,BE,206251,0.0178940726356145
46578,BE,204312,0.0177258474786918
46117,BE,190594,0.0165356913659197
44724,BE,188259,0.0163331097561134
46579,BE,185181,0.0160660664177906
45191,BE,183469,0.0159175354901724
45192,BE,181422,0.0157399403915542
46120,BE,175852,0.0152566943244788
46115,BE,169959,0.0147454251910362
46122,BE,169848,0.0147357949731824
46581,BE,169127,0.0146732419364928
45657,BE,164068,0.0142343295750324
45649,BE,161863,0.0140430265987485
45654,BE,158710,0.0137694763564704
46582,BE,157533,0.0136673613437329
45182,BE,149176,0.012942318725681
44726,BE,143209,0.0124246294470025
45655,BE,138349,0.0120029820707033
44725,BE,132166,0.0114665529086338
45184,BE,123764,0.0107376061482087
46112,BE,121325,0.0105260016315845
45193,BE,117372,0.0101830444137839
46119,BE,104369,0.00905492078538504
46113,BE,95843,0.00831521594375398
46114,BE,93298,0.00809441500287302
46118,BE,84122,0.00729831699362991
45646,BE,80598,0.00699257926645329
46583,BE,66153,0.00573934956467511
47978,BE,51542,0.00447171791547601
45181,BE,47857,0.00415201203447549
47977,BE,44416,0.00385347528100932
46123,BE,44395,0.00385165334790186
46585,BE,42493,0.00368663826359711
46587,BE,39817,0.00345447193047434
44727,BE,37463,0.00325024190499938
46111,BE,36647,0.00317944678996642
46586,BE,36113,0.00313311763380515
46584,BE,35664,0.00309416296879315
47048,BE,34439,0.00298788353752432
44721,BE,32989,0.00286208339438978
46577,BE,32474,0.00281740265389717
47044,BE,30137,0.00261464752665206
47512,BE,28669,0.00248728572656827
47045,BE,27450,0.00238152684761586
45645,BE,25882,0.00224548917559175
47049,BE,24143,0.00209461576254971
47047,BE,23818,0.0020664191787437
47046,BE,23283,0.00202000326386302
47511,BE,21046,0.00182592400855823
47513,BE,21028,0.00182436235160897
45194,BE,19330,0.00167704604606246
47976,BE,15036,0.00130450410494543
44723,BE,12964,0.00112474003834215
47050,BE,12918,0.0011207491372496
47043,BE,10489,0.000910012207819407
46110,BE,9416,0.000816920101899851
47510,BE,6958,0.000603667169606963
44728,BE,6797,0.00058969901578306
46588,BE,6053,0.000525150528547133
44729,BE,4657,0.000404035356260366
47051,BE,4634,0.000402039905714094
47514,BE,3568,0.00030955511083036
47508,BE,2460,0.000213426449731694
45658,BE,2355,0.000204316784194366
47975,BE,1395,0.000121028413567363
47507,BE,651,5.64799263314362e-05
47509,BE,610,5.29228188359079e-05
44722,BE,96,8.32883706270027e-06
44262,BE,10,8.67587194031278e-07
61040,BG,1098832,0.170585956875052
60130,BG,310816,0.0482520028285271
61974,BG,243458,0.0377951460176682
61973,BG,219361,0.0340542558699312
61039,BG,162173,0.0251762201904366
61513,BG,136890,0.0212512118655316
61056,BG,131854,0.0204694082059888
58730,BG,123847,0.0192263776456315
60121,BG,115562,0.0179401895361573
61972,BG,112104,0.0174033593028969
59653,BG,110616,0.0171723577450336
61052,BG,101307,0.0157272008215459
61520,BG,86702,0.0134598770630822
59202,BG,81622,0.0126712427123122
62441,BG,78437,0.0121767938132567
59662,BG,72488,0.0112532533107507
61967,BG,71276,0.0110650988160394
60113,BG,70321,0.0109168417678139
62904,BG,69227,0.01074700594503
61048,BG,64578,0.0100252813196895
60584,BG,62959,0.00977394293112723
61517,BG,54981,0.00853541441726054
60576,BG,47893,0.00743505215776102
61501,BG,45949,0.00713325979990732
59647,BG,43262,0.00671612190610439
59197,BG,42401,0.00658245769822782
61503,BG,42066,0.00653045129911209
61977,BG,41755,0.00648217073157479
63359,BG,41455,0.00643559783684428
61046,BG,40064,0.00621965484827715
60125,BG,40062,0.00621934436231228
60578,BG,38618,0.0059951734956761
60575,BG,38438,0.00596722975883779
61057,BG,37908,0.00588495097814722
58718,BG,37410,0.00580763997289458
61971,BG,36756,0.00570611106238206
61041,BG,35000,0.00543350438522615
61975,BG,33779,0.00524395270367297
60117,BG,33497,0.00520017418262629
62896,BG,31454,0.00488301276951152
61505,BG,31018,0.00481532682916985
59651,BG,30595,0.00474965904759983
61506,BG,29899,0.00464160993182504
59666,BG,29710,0.00461226900814482
62897,BG,29515,0.00458199662656999
62898,BG,29243,0.00453977053534766
59667,BG,28853,0.004479225772198
61510,BG,28364,0.00440331195378727
58272,BG,28013,0.00434882166695257
62901,BG,27933,0.00433640222835777
60129,BG,27364,0.00424806897135224
61970,BG,27199,0.00422245387925046
61043,BG,26979,0.00418830042311475
62443,BG,26845,0.00416749786346845
62431,BG,25688,0.00398788173279112
60119,BG,24993,0.00387998785999877
60128,BG,24949,0.00387315716877163
61976,BG,24585,0.00381664872316528
61038,BG,24072,0.00373700907317611
59663,BG,23812,0.003696645897743
59198,BG,23307,0.00361824819161331
61514,BG,23199,0.00360148194951032
59192,BG,23026,0.00357462491354906
62432,BG,22666,0.00351873743987245
58735,BG,22361,0.00347138833022977
62442,BG,22124,0.00343459574339266
60581,BG,22047,0.00342264203374517
59659,BG,21844,0.00339112770831086
63368,BG,21387,0.00332018166533805
61050,BG,20754,0.00322191285745667
59186,BG,20528,0.00318682794342635
59661,BG,20190,0.00313435581536331
61045,BG,19869,0.00308452281800167
61516,BG,19790,0.0030722586223893
61054,BG,19771,0.00306930900572303
63367,BG,19493,0.00302615145660609
59655,BG,19213,0.00298268342152428
58731,BG,19189,0.00297895758994584
60593,BG,19148,0.00297259262766601
62433,BG,19115,0.00296746960924565
60115,BG,19057,0.00295846551626442
61515,BG,18795,0.00291779185486644
61507,BG,18731,0.0029078563039906
59650,BG,18541,0.00287836013732794
61053,BG,18370,0.00285181358733155
59657,BG,18194,0.00282449082242299
58732,BG,17885,0.00277652074085056
61051,BG,17794,0.00276239362944897
61509,BG,17691,0.00274640360225816
61978,BG,17473,0.00271256063208733
59199,BG,17376,0.00269750206279113
62902,BG,17260,0.00267949387682867
60592,BG,16782,0.00260528773122472
60126,BG,16760,0.00260187238561115
60111,BG,16754,0.00260094092771654
61055,BG,16441,0.00255234987421437
59652,BG,16420,0.00254908977158324
63369,BG,15929,0.00247286546720764
60120,BG,15694,0.0024363833663354
58719,BG,15688,0.00243545190844079
60122,BG,15500,0.00240626622774301
62440,BG,15482,0.00240347185405918
60591,BG,15020,0.00233174959617419
60124,BG,14924,0.00231684626986043
62899,BG,14778,0.00229418079442491
58733,BG,14728,0.00228641864530316
59196,BG,14510,0.00225257567513233
62903,BG,14442,0.00224201915232674
58254,BG,14215,0.00220677899531399
59665,BG,13607,0.00211239126199349
58734,BG,13358,0.00207373575936717
61047,BG,13308,0.00206597361024542
63366,BG,12891,0.00200123728657001
58721,BG,12797,0.00198664444622111
59648,BG,12337,0.001915232674301
60577,BG,12089,0.00187673241465711
61981,BG,11987,0.00186089763044874
60116,BG,11889,0.0018456838181701
60580,BG,11874,0.00184335517343358
60127,BG,11871,0.00184288944448627
59184,BG,11555,0.0017938326620368
59194,BG,11512,0.0017871572137921
61519,BG,11331,0.00175905823397136
60112,BG,11297,0.00175377997256856
61049,BG,11290,0.00175269327169152
59189,BG,11222,0.00174213674888594
59654,BG,11221,0.0017419815059035
60589,BG,11193,0.00173763470239532
62900,BG,11014,0.00170984620853945
59183,BG,10937,0.00169789249889195
58271,BG,10871,0.00168764646205124
59188,BG,10819,0.00167957382696462
61508,BG,10641,0.00165194057609118
62895,BG,10358,0.00160800681206207
59200,BG,10083,0.00156531499189244
62905,BG,10036,0.00155801857171799
59191,BG,9908,0.0015381474699663
62435,BG,9648,0.0014977842945332
59195,BG,9497,0.00147434260418551
59649,BG,9265,0.00143832623226058
59660,BG,9238,0.00143413467173483
61504,BG,9192,0.00142699349454282
59203,BG,9169,0.00142342290594682
61985,BG,8855,0.00137467660946222
61980,BG,8718,0.00135340832086862
60582,BG,8597,0.00133462391999398
59658,BG,8500,0.00131956535069778
60579,BG,8451,0.00131195844455846
61044,BG,8338,0.0012944159875433
60590,BG,8231,0.00127780498842275
59187,BG,8207,0.00127407915684431
59185,BG,8159,0.00126662749368743
59190,BG,8101,0.0012576234007062
61502,BG,7760,0.00120468554369585
58736,BG,7705,0.00119614717966193
60588,BG,7530,0.0011689796577358
60583,BG,7475,0.00116044129370187
59181,BG,7412,0.00115066098580846
63360,BG,7130,0.00110688246476178
58269,BG,7127,0.00110641673581448
59656,BG,7065,0.00109679167090351
61969,BG,6928,0.00107552338230991
59664,BG,6716,0.00104261187003368
62438,BG,6467,0.00100395636740736
60574,BG,6314,0.000980204191094797
62439,BG,6276,0.000974304957762266
60114,BG,6147,0.000954278613028146
61511,BG,5767,0.000895286279702834
59204,BG,5736,0.000890473747247348
59193,BG,5564,0.000863771954268522
60587,BG,5487,0.000851818244621025
60118,BG,5459,0.000847471441112844
60586,BG,5443,0.000844987553393883
58717,BG,5429,0.000842814151639793
61042,BG,5326,0.000826824124448985
59201,BG,5216,0.000809747396381131
62434,BG,5121,0.000794999313049803
58737,BG,4940,0.000766900333229062
59182,BG,4811,0.000746873988494943
58720,BG,4706,0.000730573475339264
60585,BG,4690,0.000728089587620304
58253,BG,4628,0.000718464522709332
59646,BG,4541,0.000704958383237484
62436,BG,4034,0.000626250191142922
61979,BG,3986,0.000618798527986041
62907,BG,3678,0.000570983689396051
61512,BG,3596,0.000558253764836378
60123,BG,3417,0.000530465270980507
62906,BG,3131,0.000486065778004088
60573,BG,3107,0.000482339946425647
61982,BG,2751,0.000427073444678775
58738,BG,2703,0.000419621781521894
58270,BG,2439,0.000378637634159045
62437,BG,2263,0.000351314869250479
62444,BG,2126,0.00033004658065688
61966,BG,2008,0.000311727908729546
63363,BG,1973,0.00030629440434432
61518,BG,1717,0.000266552200840951
62449,BG,1652,0.000256461406982674
63358,BG,1435,0.000222773679794272
63362,BG,1342,0.000208336082427814
61037,BG,1194,0.000185360121027429
63370,BG,1153,0.000178995158747593
58716,BG,997,0.000154777253487728
63365,BG,879,0.000136458581560394
58739,BG,836,0.000129783133315687
62908,BG,793,0.000123107685070981
61984,BG,773,0.00012000282542228
61983,BG,745,0.000115656021914099
63371,BG,740,0.000114879807001924
62445,BG,696,0.000108049115774783
58255,BG,662,0.000102770854371992
59645,BG,608,9.43877333204999e-05
63361,BG,594,9.22143315664094e-05
62430,BG,524,8.13473227959572e-05
60110,BG,256,3.97422035033684e-05
58268,BG,244,3.7879287714148e-05
61964,BG,196,3.04276245572664e-05
62894,BG,195,3.02723815748314e-05
61965,BG,148,2.29759614003849e-05
60572,BG,109,1.69214850854186e-05
61500,BG,104,1.61452701732434e-05
58273,BG,81,1.25746815772377e-05
61968,BG,73,1.13327377177574e-05
62450,BG,57,8.84884999879687e-06
59180,BG,33,5.12301842035608e-06
62446,BG,14,2.17340175409046e-06
61036,BG,10,1.55242982435033e-06
58252,BG,3,4.65728947305098e-07
52165,CH,803769,0.0920255492378575
52164,CH,505192,0.0578407120336462
54475,CH,473239,0.0541823321075763
53549,CH,388079,0.044432147946336
51697,CH,338964,0.0388088471586502
52628,CH,334760,0.0383275205474025
53088,CH,292963,0.0335420761205899
52163,CH,282653,0.0323616580991904
51701,CH,223208,0.0255556494394331
52629,CH,216134,0.024745729256758
52162,CH,214178,0.0245217818610395
52168,CH,213275,0.0244183951032001
52166,CH,207184,0.0237210210810522
52624,CH,206003,0.0235858053988725
52625,CH,192737,0.0220669474481561
53087,CH,175619,0.0201070642580185
54486,CH,175419,0.0200841657512989
53089,CH,170808,0.0195562406788766
52161,CH,151827,0.0173830578986453
54014,CH,143970,0.0164834900621626
52167,CH,135366,0.0154983963030819
52627,CH,123083,0.0140920845128927
52630,CH,123023,0.0140852149608768
53086,CH,119653,0.0136993751226501
51702,CH,113614,0.0130079547122494
52169,CH,107330,0.012288483631117
54011,CH,106771,0.0122244823048355
51703,CH,96783,0.0110809308792546
52626,CH,93816,0.0107412315320681
52623,CH,89583,0.010256584637346
52622,CH,83396,0.0095482193319727
54479,CH,81006,0.00927458217667251
53550,CH,77875,0.0089161060539759
52632,CH,75882,0.00868792243451428
53553,CH,74946,0.00858075742306617
53097,CH,74231,0.00849889526154331
54950,CH,72975,0.00835509263934371
53551,CH,72229,0.0082696812092793
54480,CH,69457,0.00795230790614452
53085,CH,68233,0.00781216904502007
51704,CH,62925,0.00720444267667973
51700,CH,62736,0.00718280358782963
53092,CH,60023,0.00687218534417715
52631,CH,59522,0.00681482458484435
52160,CH,51825,0.00593357555373741
54012,CH,49834,0.00570562091934299
53548,CH,49672,0.00568707312890005
51698,CH,49455,0.00566222824910919
54016,CH,45840,0.00524833774015095
53093,CH,45398,0.00519773204030046
54017,CH,45376,0.00519521320456129
54487,CH,43077,0.00493199486981856
54018,CH,41473,0.00474834884592671
53091,CH,35085,0.00401697054130009
51699,CH,31948,0.00365780746340189
52159,CH,31906,0.00365299877699076
53554,CH,31807,0.00364166401616451
53096,CH,27794,0.00318220547883411
54015,CH,23675,0.00271061073294227
53090,CH,22486,0.00257447911049377
54951,CH,21638,0.00247738944200232
54478,CH,21561,0.00246857351691524
54022,CH,21328,0.00244189675658681
53098,CH,16660,0.00190744560974945
53095,CH,14702,0.00168326922896377
53552,CH,12605,0.00144317838600791
53560,CH,12305,0.00140883062592839
54482,CH,11299,0.00129365113712839
53555,CH,10795,0.0012359469001948
54019,CH,10743,0.00122999328844768
54485,CH,9268,0.00106111680139003
52633,CH,9133,0.00104566030935425
54026,CH,8854,0.00101371689248029
54481,CH,8839,0.00101199950447631
54023,CH,8446,0.000967003938772141
53562,CH,8184,0.000937006894969358
53561,CH,7880,0.000902201164755443
52621,CH,7128,0.000816102779489441
53558,CH,6901,0.000790112974362603
51237,CH,6589,0.0007543913038799
53557,CH,5589,0.000639898770281494
53100,CH,5425,0.000621121994771355
53547,CH,4817,0.000551510534343524
53084,CH,4343,0.000497241073417879
53094,CH,4302,0.000492546879540345
54027,CH,4138,0.000473770104030206
54474,CH,4089,0.000468159969883884
53559,CH,4040,0.000462549835737562
52158,CH,3937,0.000450757104776926
54013,CH,3489,0.00039946444972484
54021,CH,2785,0.000318861706071562
54025,CH,1752,0.000200590918864408
54476,CH,1587,0.000181699650820671
53564,CH,1410,0.000161434472373753
53099,CH,1320,0.000151130144349897
53563,CH,1303,0.000149183771278724
54943,CH,1242,0.000142199726729221
53556,CH,1166,0.000133498294175742
54020,CH,645,7.38476841709722e-05
54491,CH,400,4.57970134393626e-05
54483,CH,372,4.25912224986072e-05
54945,CH,45,5.15216401192829e-06
54024,CH,35,4.00723867594423e-06
51236,CH,15,1.7173880039761e-06
75000,CY,293591,0.319118224100469
75463,CY,196436,0.213515766727862
75464,CY,143861,0.156369462406264
75461,CY,97216,0.105668761215947
75462,CY,67650,0.073532049212669
75002,CY,65559,0.0712592404188229
74999,CY,34347,0.0373334115936074
75001,CY,10852,0.0117955624250685
74997,CY,6833,0.00742711740236759
74998,CY,3662,0.00398040449692231
47084,CZ,1044886,0.099296344498026
48949,CZ,454053,0.0431490163600261
47085,CZ,412452,0.03919564036737
47564,CZ,296152,0.0281435592167752
47563,CZ,242213,0.0230176933080742
47090,CZ,214704,0.0204034912412494
47083,CZ,169484,0.0161061988110698
48953,CZ,149853,0.014240649326398
48008,CZ,147876,0.0140527734499171
46155,CZ,146826,0.013952991117947
49404,CZ,133163,0.0126545854020349
46154,CZ,131743,0.0125196416768944
48028,CZ,122527,0.0116438378945738
46159,CZ,118442,0.0112556371078139
47544,CZ,117497,0.0111658330090408
48488,CZ,116971,0.0111158468122633
45695,CZ,115921,0.0110160644802932
48027,CZ,114484,0.0108795052316827
47549,CZ,114069,0.0108400674528564
48024,CZ,112464,0.0106875430311307
47548,CZ,106784,0.0101477681305685
48023,CZ,104958,0.00997424190373286
47087,CZ,102587,0.0097489238950651
48485,CZ,101626,0.00965759930361435
46622,CZ,93676,0.00890210450441204
48487,CZ,92317,0.00877295765760501
46616,CZ,89854,0.00853889681604082
47562,CZ,89246,0.0084811180942905
47558,CZ,80975,0.00769511841074304
46627,CZ,79492,0.0075541877456843
48029,CZ,78652,0.0074743618801082
48948,CZ,77946,0.00740727014070734
48481,CZ,77411,0.00735642866679876
46617,CZ,77322,0.00734797092627939
48952,CZ,76368,0.00725731155037511
47547,CZ,76059,0.00722794703553819
47086,CZ,73691,0.00700291411924749
47554,CZ,73635,0.00699759239487575
47556,CZ,73545,0.00698903962356403
48490,CZ,73531,0.00698770919247109
46620,CZ,73315,0.00696718254132295
46153,CZ,72087,0.00685048472831409
49414,CZ,70763,0.00672466395923939
49415,CZ,68339,0.00649430931857695
48477,CZ,66614,0.0063303812017689
48946,CZ,66263,0.00629702539365318
48950,CZ,66194,0.00629046826898086
47078,CZ,66106,0.00628210555925384
47565,CZ,64277,0.00610829424004113
47077,CZ,64104,0.00609185391296415
49411,CZ,64053,0.00608700734255417
46157,CZ,63287,0.00601421375561216
48491,CZ,60532,0.00575240392268105
48489,CZ,58994,0.00560624656404291
46160,CZ,57342,0.0054492556950766
46626,CZ,57176,0.00543348058354608
47552,CZ,55518,0.00527591952982565
47089,CZ,53701,0.00510324858012117
45693,CZ,53076,0.00504385433490087
48017,CZ,51104,0.00485645361238175
45691,CZ,48702,0.00462818964915107
47091,CZ,47681,0.00453116321015917
47092,CZ,46592,0.00442767467728731
49405,CZ,46051,0.00437626301862461
48951,CZ,45857,0.00435782704490823
48010,CZ,45651,0.00433825070168361
49416,CZ,44680,0.00424597580230934
47076,CZ,44631,0.00424131929348407
47546,CZ,44022,0.0041834455409414
48018,CZ,43986,0.00418002443241671
46162,CZ,43957,0.00417726853943849
48475,CZ,43740,0.004156646857498
46618,CZ,43281,0.00411302772380821
46621,CZ,43267,0.00411169729271527
47088,CZ,43242,0.00410932152290646
48484,CZ,42465,0.00403548259724857
47541,CZ,42464,0.00403538756645622
46624,CZ,42427,0.00403187142713918
48007,CZ,42394,0.00402873541099155
46619,CZ,42116,0.00400231685071755
49413,CZ,41771,0.00396953122735594
48954,CZ,41631,0.0039562269164266
48026,CZ,41606,0.00395385114661778
46625,CZ,41541,0.00394767414511487
46161,CZ,41085,0.00390434010380213
48009,CZ,40510,0.00384969739819945
48474,CZ,40178,0.00381814717513842
48486,CZ,39494,0.00375314611316932
47557,CZ,39272,0.00373204927726707
47559,CZ,39173,0.00372264122882417
48016,CZ,39039,0.00370990710264894
48025,CZ,38178,0.00362808559043344
47555,CZ,37615,0.00357458325433899
48472,CZ,36907,0.00350730145335342
46614,CZ,36827,0.00349969898996522
48479,CZ,35763,0.00339858622690217
48021,CZ,35579,0.00338110056110931
48483,CZ,35209,0.00334593916793889
47082,CZ,35152,0.0033405224127748
47097,CZ,34808,0.00330783182020554
48938,CZ,34696,0.00329718837146206
48020,CZ,34639,0.00329177161629797
47560,CZ,34413,0.00327029465722631
47081,CZ,33865,0.00321821778301714
48940,CZ,32946,0.0031308844848452
47550,CZ,32026,0.00304345615588091
47553,CZ,31293,0.00297379858508653
48939,CZ,30902,0.00293664154527671
48019,CZ,30588,0.00290680187647803
48011,CZ,29495,0.00280293322043675
46158,CZ,27959,0.00265696592338332
49412,CZ,27754,0.00263748461095106
46623,CZ,27220,0.00258673816783483
45692,CZ,26629,0.00253057496955451
48014,CZ,26604,0.0025281991997457
48943,CZ,26311,0.00250035517758642
47551,CZ,25946,0.00246566893837776
48941,CZ,25646,0.00243715970067201
48942,CZ,25540,0.00242708643668265
49417,CZ,25529,0.00242604109796677
48476,CZ,25371,0.00241102623277508
48022,CZ,25357,0.00240969580168214
46163,CZ,24260,0.00230544702247146
48947,CZ,24056,0.00228606074083155
48480,CZ,24043,0.00228482534053097
48470,CZ,24040,0.00228454024815391
48471,CZ,23825,0.00226410862779812
48944,CZ,23499,0.00223312858949121
47095,CZ,23486,0.00223189318919063
48012,CZ,23382,0.00222200998678597
46156,CZ,23322,0.00221630813924482
47545,CZ,22714,0.0021585294174945
45694,CZ,22424,0.00213097048771228
48482,CZ,21995,0.00209020227779306
48013,CZ,21950,0.0020859258921372
48473,CZ,21330,0.00202700680087865
46615,CZ,21149,0.00200980622746285
46613,CZ,20109,0.00191097420341626
48937,CZ,20049,0.00190527235587511
47093,CZ,19857,0.00188702644374343
48955,CZ,19761,0.00187790348767759
47080,CZ,19117,0.00181670365740259
48006,CZ,18731,0.00178002177155453
48015,CZ,18332,0.00174210448540588
48945,CZ,17643,0.00167662826947502
47561,CZ,16300,0.00154900191534562
47543,CZ,16147,0.00153446220411569
48030,CZ,16111,0.001531041095591
48478,CZ,15552,0.00147791888266596
49406,CZ,15525,0.00147535305127244
49868,CZ,13851,0.00131627150487437
47075,CZ,13367,0.00127027660137576
47094,CZ,13117,0.00124651890328764
47542,CZ,11906,0.00113143661374877
46152,CZ,11798,0.0011211732881747
46164,CZ,11720,0.00111376088637121
47096,CZ,11550,0.00109760565167128
46631,CZ,11208,0.00106510512068673
49410,CZ,10204,0.000969694205164829
49403,CZ,9160,0.000870482057948827
49878,CZ,8891,0.000844918774806007
46632,CZ,7192,0.000683461458599123
48492,CZ,7110,0.000675668933626218
47079,CZ,6888,0.000654572097723965
48005,CZ,6766,0.000642978341056961
45696,CZ,6339,0.000602400192722447
45228,CZ,6297,0.000598408899443642
49402,CZ,6168,0.000586149927230171
46628,CZ,4048,0.000384684647442888
49409,CZ,3998,0.000379933107825263
49869,CZ,3544,0.000336789128097232
49867,CZ,3371,0.000320348801020251
48936,CZ,3026,0.000287563177658641
47099,CZ,2990,0.000284142069133951
49418,CZ,2924,0.000277870036838687
46612,CZ,2670,0.000253732215581154
46633,CZ,2600,0.000247080060116479
46611,CZ,2418,0.000229784455908326
49408,CZ,2143,0.00020365098801139
47098,CZ,1977,0.000187875876480877
48935,CZ,1883,0.000178942981999742
46630,CZ,1362,0.000129431939184094
45690,CZ,893,8.48624975707754e-05
49401,CZ,647,6.14849226520623e-05
45231,CZ,467,4.43793800286138e-05
49876,CZ,395,3.75371629792343e-05
48469,CZ,388,3.68719474327669e-05
49877,CZ,384,3.64918242633569e-05
46151,CZ,360,3.42110852468971e-05
48493,CZ,262,2.48980675963529e-05
48494,CZ,144,1.36844340987588e-05
49407,CZ,56,5.32172437173955e-06
45697,CZ,52,4.94160120232959e-06
49870,CZ,30,2.85092377057476e-06
45230,CZ,29,2.75589297822227e-06
48004,CZ,21,1.99564663940233e-06
47540,CZ,8,7.60246338819936e-07
49866,CZ,1,9.5030792352492e-08
42440,DE,1507204,0.0183988984616538
50785,DE,1394106,0.017018276715549
42904,DE,1239769,0.015134237931233
47061,DE,1046229,0.0127716361810595
40571,DE,1027026,0.0125372193090507
44735,DE,985259,0.0120273568139618
44734,DE,948377,0.0115771270022955
45198,DE,921155,0.0112448197539581
45662,DE,895103,0.0109267950521108
49383,DE,853455,0.0104183852262804
40570,DE,840002,0.0102541603562531
44271,DE,762634,0.00930970560680894
45663,DE,741781,0.00905514668205764
48463,DE,651112,0.00794832257289943
44756,DE,639840,0.00781072183440633
44733,DE,637092,0.00777717616111152
45199,DE,586364,0.00715792400867378
44736,DE,572497,0.00698864531450381
50784,DE,571761,0.00697966073825018
49847,DE,558973,0.00682355372584335
44272,DE,550103,0.00671527493322147
47062,DE,538782,0.00657707603679843
48453,DE,532075,0.00649520164422628
41494,DE,512559,0.00625696388584876
45659,DE,510912,0.00623685845502032
42441,DE,499093,0.00609258032086046
50318,DE,480772,0.00586893029159039
42889,DE,476884,0.00582146829094622
46127,DE,471032,0.0057500311438861
48452,DE,470221,0.00574013101978053
43349,DE,442988,0.00540768949109151
44270,DE,435440,0.00531554875527302
42905,DE,430710,0.00525780820407781
49848,DE,419124,0.00511637437191128
44273,DE,416791,0.00508789473006384
49384,DE,413465,0.00504729323465681
42890,DE,409696,0.00500128390327103
47060,DE,398294,0.00486209621516791
45197,DE,392777,0.00479474851517975
47525,DE,390298,0.00476448660684721
45225,DE,386387,0.00471674383819511
45196,DE,381368,0.00465547537594379
42439,DE,378105,0.00461564294073238
39179,DE,356254,0.00434890112589802
47988,DE,349482,0.00426623325852087
47059,DE,347863,0.00424646963222382
48916,DE,346423,0.00422889111346671
45226,DE,323820,0.00395296940550365
43809,DE,323151,0.00394480271866441
44737,DE,318542,0.00388853925133699
47524,DE,314813,0.00384301821213891
42903,DE,311790,0.00380611553005368
47989,DE,311168,0.00379852258653499
45686,DE,310541,0.00379086860649283
48919,DE,310189,0.0037865716352411
43361,DE,303127,0.00370036364950314
49380,DE,298359,0.00364215922072961
41493,DE,294155,0.00359083971180263
42893,DE,275595,0.00336427213671107
39651,DE,266669,0.00325530973502641
41034,DE,263122,0.00321201042528235
49381,DE,262046,0.0031988753654333
46593,DE,261722,0.00319492019871295
48447,DE,261522,0.00319247873777446
44269,DE,246738,0.00301200594520153
41491,DE,245262,0.0029939879634755
40109,DE,244563,0.00298545505749549
44754,DE,243360,0.00297076966995049
48446,DE,235858,0.00287919047014786
48917,DE,233244,0.00284728057568184
44744,DE,233023,0.00284458276134481
44274,DE,232680,0.00284039565583531
50770,DE,232637,0.00283987074173353
43812,DE,229268,0.00279874433222473
45660,DE,225182,0.00274886528525145
47527,DE,223816,0.00273219010704158
40565,DE,219169,0.00267546276213585
46133,DE,217590,0.00265618742802649
47530,DE,216092,0.00263790088559723
48462,DE,213777,0.00260964097523425
41035,DE,211477,0.00258156417444165
43813,DE,211477,0.00258156417444165
48931,DE,211140,0.0025774503127603
49846,DE,210810,0.0025734219022118
44732,DE,209560,0.00255816277134626
49382,DE,206768,0.00252407997664499
49849,DE,204844,0.00250059312241674
47999,DE,201811,0.00246356836728459
44738,DE,200840,0.00245171507442824
45661,DE,199852,0.00243965425739212
50306,DE,196829,0.00240275157530689
51234,DE,195001,0.00238043662232913
50315,DE,194291,0.0023717694359975
42883,DE,193560,0.00236284589626733
45201,DE,191518,0.00233791858008538
50314,DE,191256,0.00233472026625596
47523,DE,190148,0.00232119457265675
47526,DE,187522,0.00228913819053442
44282,DE,187113,0.00228414540291521
47063,DE,182945,0.00223326535695715
47522,DE,180656,0.00220532283651617
43350,DE,179670,0.00219328643408944
46592,DE,178798,0.00218264166439763
50311,DE,175285,0.00213975740301312
45679,DE,174161,0.00212603639253882
51251,DE,168443,0.00205623502430749
50773,DE,168415,0.0020558932197761
43354,DE,167971,0.00205047317649266
43356,DE,165020,0.00201444942034529
46148,DE,163355,0.00199412425803239
50321,DE,162458,0.00198317430572328
47998,DE,162333,0.00198164839263672
47534,DE,161631,0.00197307886474264
45667,DE,161014,0.00196554695774741
50786,DE,159348,0.00194520958812981
45664,DE,159232,0.00194379354078549
46597,DE,158746,0.00193786079070497
44277,DE,154426,0.00188512523443366
43814,DE,152088,0.00185658455606275
44745,DE,151722,0.00185211668254532
49392,DE,151692,0.00185175046340455
40569,DE,151041,0.00184380350804977
48920,DE,149283,0.00182234306640047
45195,DE,147354,0.00179879517564877
51697,DE,146772,0.00179169052431778
49385,DE,144464,0.00176351606508764
41036,DE,143268,0.00174891612867549
46149,DE,143052,0.00174627935086192
45681,DE,142176,0.00173558575195135
45666,DE,141833,0.00173139864644185
50310,DE,139152,0.00169867086256144
43348,DE,138357,0.00168896605533095
46132,DE,137889,0.00168325303673489
49379,DE,137635,0.00168015238134301
49859,DE,137016,0.0016725960597384
40562,DE,136920,0.00167142415848793
46595,DE,136380,0.00166483221395401
48915,DE,135848,0.00165833792785764
48448,DE,135006,0.00164805937730661
48454,DE,133672,0.0016317748328469
51241,DE,133543,0.00163020009054158
48451,DE,133216,0.00162620830190715
46126,DE,132203,0.00161384230225372
49843,DE,130912,0.00159808267189579
45200,DE,130171,0.00158903705911869
45665,DE,130104,0.0015882191697043
51238,DE,129629,0.0015824206999754
42888,DE,129418,0.00157984495868529
42886,DE,129252,0.00157781854610635
49386,DE,128620,0.00157010352954073
51248,DE,128549,0.00156923681090757
43357,DE,128137,0.00156420740137429
43347,DE,128127,0.00156408532832736
51708,DE,128008,0.00156263265906896
43811,DE,127435,0.0015556378734802
45683,DE,126416,0.00154319862999861
47067,DE,125674,0.00153414080991682
46598,DE,125440,0.00153128430061879
42894,DE,125006,0.00152598633038228
43808,DE,124929,0.00152504636792096
49387,DE,124337,0.00151781964354304
47987,DE,123606,0.00150889610381287
48464,DE,122607,0.00149670100642513
47981,DE,122258,0.00149244065708747
49856,DE,121834,0.00148726475989788
46137,DE,121812,0.00148699619919465
50322,DE,120311,0.00146867303485131
51233,DE,118863,0.00145099685765666
46128,DE,118344,0.00144466126652129
43810,DE,117973,0.0014401323564804
42891,DE,117293,0.00143183138928954
48910,DE,117273,0.00143158724319569
49851,DE,117260,0.00143142854823469
51705,DE,116589,0.00142323744678607
40576,DE,116380,0.00142068612010535
43343,DE,116239,0.00141896489014372
46150,DE,115908,0.00141492427229052
38248,DE,115136,0.00140550023306796
48445,DE,115026,0.0014041574295518
47537,DE,114372,0.00139617385228295
48918,DE,113301,0.00138309982895735
48449,DE,113289,0.00138295334130104
50320,DE,113111,0.00138078044106579
50778,DE,112932,0.00137859533352584
47517,DE,111763,0.00136432499434039
41488,DE,110973,0.00135468122363337
44276,DE,110655,0.00135079930074117
49395,DE,110587,0.00134996920402209
45690,DE,109977,0.0013425227481597
43806,DE,108851,0.00132877732307602
50772,DE,108692,0.00132683636162993
45202,DE,108671,0.00132658000823139
42892,DE,107961,0.00131791282189976
49864,DE,107697,0.00131469009346096
51703,DE,107650,0.00131411635014041
50782,DE,107645,0.00131405531361695
45670,DE,107580,0.00131326183881194
50783,DE,106218,0.00129663548982085
51698,DE,106039,0.0012944503822809
40106,DE,105941,0.00129325406642104
40105,DE,105586,0.00128892047325523
42882,DE,105034,0.00128218204106501
43344,DE,104274,0.00127290448949876
44268,DE,103397,0.00126219868328349
43345,DE,103056,0.00125803599238337
45685,DE,102860,0.00125564336066366
45684,DE,102425,0.00125033318312245
42427,DE,101844,0.00124324073909615
43352,DE,101627,0.00124059175397789
44755,DE,101607,0.00124034760788404
42416,DE,101568,0.00123987152300103
45677,DE,100557,0.00122752993795698
42880,DE,99988,0.00122058398158699
43805,DE,99892,0.00121941208033652
44292,DE,97667,0.00119225082739585
45208,DE,97637,0.00119188460825508
44275,DE,97241,0.00118705051559688
42885,DE,96912,0.00118303431235307
51245,DE,96733,0.00118084920481312
39177,DE,95640,0.00116750662078429
43803,DE,95460,0.00116530930593965
51704,DE,95010,0.00115981601882806
40113,DE,94907,0.00115855866644474
48911,DE,94658,0.00115551904757632
51243,DE,94054,0.00114814583554209
40572,DE,93809,0.00114515504589245
41033,DE,93804,0.00114509400936898
50309,DE,93319,0.00113917346659315
49397,DE,93102,0.0011365244814749
49845,DE,93074,0.00113618267694351
46594,DE,92103,0.00112432938408716
50789,DE,91521,0.00111722473275616
51253,DE,91120,0.00111232960357449
50316,DE,90996,0.00111081589779263
44757,DE,90927,0.00110997359376885
39642,DE,90735,0.00110762979126791
46130,DE,90602,0.00110600621974381
48921,DE,90544,0.00110529819607165
42879,DE,90388,0.00110339385653963
44290,DE,89889,0.00109730241149811
45680,DE,89207,0.00108897702969787
48455,DE,89183,0.00108868405438525
49850,DE,88067,0.0010750607023485
42881,DE,87701,0.00107059282883107
48450,DE,87689,0.00107044634117476
43827,DE,86166,0.00105185461612818
42887,DE,86133,0.00105145177507333
48003,DE,85828,0.00104772854714214
47531,DE,85211,0.00104019664014691
45676,DE,85026,0.00103793828877881
40568,DE,84914,0.00103657107065325
50779,DE,84163,0.00102740338482924
51250,DE,84108,0.00102673198307115
45228,DE,84038,0.00102587747174268
45215,DE,82947,0.00101255930232324
49398,DE,82900,0.00101198555900269
40108,DE,82847,0.001011338571854
42419,DE,82435,0.00100630916232071
46134,DE,82423,0.0010061626746644
43351,DE,81346,0.000993015407510654
44278,DE,81167,0.000990830299970708
43807,DE,81125,0.000990317593173626
46147,DE,81072,0.000989670606024928
46129,DE,81036,0.000989231143056
47990,DE,80916,0.000987766266492908
48461,DE,80570,0.000983542539069326
48466,DE,80512,0.000982834515397165
42901,DE,80456,0.000982150906334389
46125,DE,80416,0.000981662614146691
41955,DE,80347,0.000980820310122914
39646,DE,80113,0.000977963800824884
45218,DE,80087,0.000977646410902881
40560,DE,79738,0.000973386061565222
43346,DE,79681,0.000972690245197753
45220,DE,79651,0.00097232402605698
46607,DE,79497,0.000970444101134346
50774,DE,79307,0.000968124713242783
46131,DE,79133,0.0009660006422263
49854,DE,78993,0.000964291619569359
45688,DE,78967,0.000963974229647356
51247,DE,78503,0.000958310040270067
51249,DE,77823,0.000950009073079213
47072,DE,77253,0.000943050909404526
46610,DE,77197,0.00094236730034175
41959,DE,76999,0.000939950254012648
41958,DE,76953,0.000939388717996796
49842,DE,76676,0.000936007294596992
45687,DE,76670,0.000935934050768837
51706,DE,75939,0.000927010511038669
46144,DE,75697,0.0009240563433031
48000,DE,75370,0.000920064554668675
41500,DE,75229,0.000918343324707041
45230,DE,74836,0.000913545853962915
43816,DE,74817,0.000913313915173759
41024,DE,74474,0.000909126809664255
43823,DE,74222,0.000906050568881761
51239,DE,74091,0.000904451411967053
50769,DE,73687,0.00089951966087131
50781,DE,73491,0.000897127029151593
39191,DE,73396,0.000895967335205812
41495,DE,73381,0.000895784225635425
43836,DE,72913,0.000890071207039367
49852,DE,72783,0.00088848425742935
51252,DE,72235,0.000881794654457897
47995,DE,71897,0.000877668585471855
42442,DE,71686,0.000875092844181751
45678,DE,71627,0.000874372613204898
44740,DE,71468,0.000872431651758801
45669,DE,70951,0.000866120475232813
46596,DE,70514,0.00086078588308222
39639,DE,70402,0.000859418664956668
47518,DE,70338,0.000858637397456352
47984,DE,70235,0.000857380045073031
40110,DE,70141,0.000856232558431942
45227,DE,69771,0.000851715855695742
42902,DE,69401,0.000847199152959542
43820,DE,69268,0.000845575581435448
46141,DE,69104,0.000843573583465889
50775,DE,68755,0.00083931323412823
51254,DE,68689,0.00083850755201853
47529,DE,68087,0.000831158754593685
48923,DE,68057,0.000830792535452912
46124,DE,68016,0.000830292035960522
49394,DE,67727,0.000826764124904409
46151,DE,67598,0.000825189382599085
45668,DE,67534,0.00082440811509877
44739,DE,67475,0.000823687884121916
39656,DE,67343,0.000822076519902515
39643,DE,67331,0.000821930032246206
48913,DE,67208,0.000820428533769037
42420,DE,67131,0.000819488571307719
40584,DE,66917,0.000816876208103538
43825,DE,66704,0.00081427605220405
41023,DE,66178,0.000807855009935831
50319,DE,66176,0.000807830595326446
39175,DE,66162,0.000807659693060752
45219,DE,65934,0.000804876427590877
50307,DE,65911,0.000804595659582951
51702,DE,65582,0.00080057945633914
47070,DE,65564,0.000800359724854677
50776,DE,65182,0.000795696534462167
47071,DE,65112,0.000794842023133697
42423,DE,64943,0.000792778988640676
49855,DE,64868,0.000791863440788743
43822,DE,64816,0.000791228660944737
39645,DE,64631,0.000788970309576637
41025,DE,64059,0.000781987731292565
49857,DE,63979,0.00078101114691717
41490,DE,63769,0.00077844761293176
46606,DE,63396,0.000773894288281482
46611,DE,62991,0.000768950329881047
46599,DE,62974,0.000768742805701275
48926,DE,62804,0.000766667563903562
43818,DE,62538,0.000763420420855374
44267,DE,62381,0.000761503874018662
44300,DE,62375,0.000761430630190508
41489,DE,62371,0.000761381800971738
48467,DE,62348,0.000761101032963812
49863,DE,62266,0.000760100033979033
48927,DE,62263,0.000760063412064955
43355,DE,62250,0.000759904717103954
45221,DE,62129,0.000758427633236169
50788,DE,61937,0.000756083830735222
50787,DE,61932,0.00075602279421176
43815,DE,61880,0.000755388014367754
45224,DE,61289,0.000748173497294526
50308,DE,61164,0.000746647584207971
44760,DE,61112,0.000746012804363965
49861,DE,61038,0.000745109463816725
45212,DE,60726,0.000741300784752686
45689,DE,60694,0.000740910151002528
43353,DE,60285,0.000735917363383323
48922,DE,60278,0.000735831912250476
45223,DE,60033,0.00073284112260083
50325,DE,59841,0.000730497320099883
42418,DE,59811,0.00073013110095911
46140,DE,59262,0.000723429290682964
51246,DE,58959,0.000719730477361157
46142,DE,58943,0.000719535160486078
50313,DE,58876,0.000718717271071685
50323,DE,58719,0.000716800724234973
49388,DE,58576,0.000715055079663955
45675,DE,58115,0.000709427512200743
44763,DE,57986,0.000707852769895419
45673,DE,57808,0.000705679869660166
46601,DE,57579,0.000702884396885599
42884,DE,57324,0.000699771534189029
44283,DE,57145,0.000697586426649083
50324,DE,57038,0.000696280245046993
50312,DE,56856,0.00069405851559297
38713,DE,56626,0.000691250835513711
50780,DE,56524,0.000690005690435082
44284,DE,56356,0.000687954863246754
41956,DE,56249,0.000686648681644663
40103,DE,56170,0.000685684304573961
51242,DE,56038,0.00068407294035456
46591,DE,55982,0.000683389331291784
44748,DE,55937,0.000682840002580624
43359,DE,55901,0.000682400539611697
47982,DE,55869,0.000682009905861539
47057,DE,55867,0.000681985491252154
47992,DE,55609,0.000678836006641506
51699,DE,55544,0.000678042531836498
50326,DE,55462,0.000677041532851719
45671,DE,55292,0.000674966291054005
43829,DE,55281,0.000674832010702388
44743,DE,55034,0.000671816806443357
47075,DE,54991,0.000671291892341583
45209,DE,54625,0.000666824018824152
43342,DE,54577,0.000666238068198915
51244,DE,54418,0.000664297106752819
48457,DE,54382,0.000663857643783891
48456,DE,54347,0.000663430388119656
39192,DE,54124,0.000660708159173243
41037,DE,53981,0.000658962514602225
48458,DE,53952,0.000658608502766145
40573,DE,53904,0.000658022552140908
49858,DE,53763,0.000656301322179275
44279,DE,53696,0.000655483432764882
48933,DE,53694,0.000655459018155497
51707,DE,53678,0.000655263701280418
45682,DE,53415,0.000652053180146308
46123,DE,53359,0.000651369571083532
44750,DE,53148,0.000648793829793429
46603,DE,53006,0.000647060392527103
50777,DE,52492,0.000640785837915193
45217,DE,52488,0.000640737008696423
50317,DE,52474,0.000640566106430729
44289,DE,52371,0.000639308754047408
51236,DE,52300,0.000638442035414245
42909,DE,52207,0.000637306756077849
51240,DE,52009,0.000634889709748747
48924,DE,51885,0.000633376003966886
41027,DE,51883,0.000633351589357501
39178,DE,51572,0.000629555117598154
47993,DE,51425,0.000627760643808367
41961,DE,51375,0.000627150278573745
51711,DE,51285,0.000626051621151426
40104,DE,51231,0.000625392426698035
47064,DE,51222,0.000625282560955803
45229,DE,51181,0.000624782061463413
51700,DE,51149,0.000624391427713255
47983,DE,51127,0.000624122867010022
44742,DE,51119,0.000624025208572482
49853,DE,50884,0.00062115649196976
47991,DE,50799,0.000620118871070904
42434,DE,50417,0.000615455680678394
41028,DE,49922,0.00060941306485564
43821,DE,49819,0.000608155712472319
49865,DE,49813,0.000608082468644165
41026,DE,49563,0.000605030642471056
40107,DE,49560,0.000604994020556979
49860,DE,49488,0.000604115094619124
49393,DE,49485,0.000604078472705047
47073,DE,48932,0.000597327833210131
45211,DE,48849,0.000596314626920659
44746,DE,48757,0.000595191554888955
47520,DE,48718,0.000594715470005951
45674,DE,48679,0.000594239385122946
42907,DE,48556,0.000592737886645776
43819,DE,48544,0.000592591398989467
45222,DE,48338,0.000590076694222826
46600,DE,48163,0.00058794041590165
47521,DE,47875,0.00058442471215023
49399,DE,47711,0.00058242271418067
47994,DE,47480,0.000579602826796718
45203,DE,47464,0.00057940750992164
48925,DE,47389,0.000578491962069707
44752,DE,47143,0.000575488965115368
47068,DE,46644,0.000569397520073845
39644,DE,46642,0.00056937310546446
45214,DE,46256,0.00056466108585318
40115,DE,46184,0.000563782159915325
43824,DE,46133,0.000563159587376011
50771,DE,46066,0.000562341697961618
46612,DE,46041,0.000562036515344307
42425,DE,45927,0.00056064488260937
48928,DE,45785,0.000558911445343045
41492,DE,45698,0.000557849409834803
47055,DE,45530,0.000555798582646474
41496,DE,45464,0.000554992900536774
47986,DE,45253,0.00055241715924667
47519,DE,45130,0.000550915660769501
42426,DE,45051,0.000549951283698799
51709,DE,44890,0.000547985907643317
48934,DE,44807,0.000546972701353845
47997,DE,44716,0.000545861836626834
47533,DE,44673,0.000545336922525059
47535,DE,44609,0.000544555655024743
46138,DE,44530,0.000543591277954041
43804,DE,44442,0.000542517035141107
42906,DE,44009,0.000537231272209284
50327,DE,43645,0.000532787813301238
41978,DE,43568,0.000531847850839921
47528,DE,43558,0.000531725777792996
48930,DE,43461,0.00053054166923783
44291,DE,43028,0.000525255906306007
41965,DE,42930,0.000524059590446148
43826,DE,42444,0.000518126840365626
48914,DE,42385,0.000517406609388772
44761,DE,42276,0.000516076013177297
44747,DE,42117,0.0005141350517312
41957,DE,42032,0.000513097430832343
49389,DE,41941,0.000511986566105332
47532,DE,41762,0.000509801458565387
45672,DE,41750,0.000509654970909077
45207,DE,41725,0.000509349788291767
49391,DE,41720,0.000509288751768304
42429,DE,41681,0.000508812666885299
44301,DE,41468,0.000506212510985811
45213,DE,41344,0.00050469880520395
46609,DE,41262,0.00050369780621917
41032,DE,41228,0.000503282757859627
47058,DE,41188,0.00050279446567193
47539,DE,41061,0.000501244137975991
41974,DE,40965,0.000500072236725518
41976,DE,40668,0.000496446667231865
43367,DE,40634,0.000496031618872322
48001,DE,40609,0.000495726436255011
44288,DE,40603,0.000495653192426857
45204,DE,40580,0.000495372424418931
48932,DE,40205,0.000490794685159268
51718,DE,39717,0.000484837520469361
47056,DE,39456,0.000481651413944636
41953,DE,39401,0.000480980012186552
50328,DE,39285,0.00047956396484223
42436,DE,39138,0.000477769491052442
40587,DE,39046,0.000476646419020739
47538,DE,39011,0.000476219163356503
47985,DE,38931,0.000475242578981109
49400,DE,38777,0.000473362654058474
44741,DE,38683,0.000472215167417385
43373,DE,38648,0.00047178791175315
44764,DE,38605,0.000471262997651376
47074,DE,38479,0.000469724877260129
46136,DE,38301,0.000467551977024876
42438,DE,38273,0.000467210172493488
49390,DE,38167,0.00046591619819609
44759,DE,37998,0.000463853163703069
51237,DE,37990,0.000463755505265529
43358,DE,37918,0.000462876579327674
46146,DE,37907,0.000462742298976057
50790,DE,37898,0.000462632433233826
41029,DE,37617,0.000459202180615252
38712,DE,37536,0.000458213388935165
42898,DE,37394,0.000456479951668839
46145,DE,36684,0.000447812765337212
51235,DE,36602,0.000446811766352432
45206,DE,36575,0.000446482169125737
47054,DE,36407,0.000444431341937408
42415,DE,36399,0.000444333683499869
46608,DE,36350,0.000443735525569939
44298,DE,36308,0.000443222818772857
43828,DE,36165,0.000441477174201839
48912,DE,36124,0.000440976674709449
41967,DE,36095,0.000440622662873369
43360,DE,35837,0.000437473178262721
44762,DE,35788,0.000436875020332792
38714,DE,35692,0.000435703119082318
41962,DE,35651,0.000435202619589929
47069,DE,35623,0.00043486081505854
42424,DE,35622,0.000434848607753848
44286,DE,35530,0.000433725535722144
46602,DE,35405,0.00043219962263559
44731,DE,35058,0.000427963687907316
45216,DE,35015,0.000427438773805541
44751,DE,34889,0.000425900653414295
39657,DE,34725,0.000423898655444736
38710,DE,34618,0.000422592473842645
45694,DE,34594,0.000422299498530027
48929,DE,34568,0.000421982108608024
45205,DE,34417,0.000420138805599466
49396,DE,34383,0.000419723757239924
42417,DE,34363,0.000419479611146075
43834,DE,34260,0.000418222258762754
41031,DE,34244,0.000418026941887675
46589,DE,33963,0.000414596689269102
44753,DE,33934,0.000414242677433021
44297,DE,33896,0.000413778799854709
49862,DE,33829,0.000412960910440316
45693,DE,33800,0.000412606898604235
46143,DE,33774,0.000412289508682232
49844,DE,33744,0.000411923289541459
47996,DE,33300,0.000406503246258019
39652,DE,33294,0.000406430002429864
41952,DE,33262,0.000406039368679706
48459,DE,33173,0.00040495291856208
44280,DE,33145,0.000404611114030692
46604,DE,32830,0.000400765813052575
43817,DE,32215,0.000393258320666729
44758,DE,32185,0.000392892101525956
47066,DE,31999,0.000390621542853163
46135,DE,31862,0.0003889491421103
38246,DE,31718,0.00038719129023459
41977,DE,31372,0.000382967562811008
41954,DE,31249,0.000381466064333839
48002,DE,31020,0.000378670591559271
48460,DE,30791,0.000375875118784704
40567,DE,30674,0.00037444686413569
41030,DE,30365,0.000370674806985728
40111,DE,30275,0.000369576149563409
41501,DE,30125,0.000367745053859544
44287,DE,29985,0.000366036031202603
44294,DE,29432,0.000359285391707688
45210,DE,29227,0.000356782894245739
44299,DE,29178,0.00035618473631581
40121,DE,29127,0.000355562163776496
47536,DE,28972,0.000353670031549169
46605,DE,28962,0.000353547958502244
48935,DE,28886,0.000352620203345619
43362,DE,28475,0.000347603001117029
46139,DE,28464,0.000347468720765413
43368,DE,28412,0.000346833940921406
39640,DE,28252,0.000344880772170617
40561,DE,28245,0.00034479532103777
41963,DE,28102,0.000343049676466752
41975,DE,27944,0.000341120922325348
44285,DE,27763,0.000338911400176017
41499,DE,27731,0.000338520766425859
44295,DE,27552,0.000336335658885914
48468,DE,27462,0.000335237001463595
47065,DE,27445,0.000335029477283823
38711,DE,27406,0.000334553392400819
42422,DE,27324,0.000333552393416039
39189,DE,27231,0.000332417114079643
44749,DE,27157,0.000331513773532403
41498,DE,27155,0.000331489358923018
44281,DE,27025,0.000329902409313002
48004,DE,26935,0.000328803751890683
51713,DE,26881,0.000328144557437291
40581,DE,26855,0.000327827167515288
47053,DE,26812,0.000327302253413513
52175,DE,26652,0.000325349084662724
42896,DE,26596,0.000324665475599948
41960,DE,26370,0.000321906624739458
41516,DE,26321,0.000321308466809529
46590,DE,26141,0.000319111151964891
41050,DE,26043,0.000317914836105032
43837,DE,25995,0.000317328885479796
40574,DE,25950,0.000316779556768636
47052,DE,25594,0.00031243375629813
41047,DE,25289,0.000308710528366938
43366,DE,24954,0.000304621081294973
41506,DE,24919,0.000304193825630738
41042,DE,24081,0.000293964104298479
41497,DE,23863,0.000291302911875528
40577,DE,23465,0.00028644440460794
39641,DE,23440,0.000286139221990629
40575,DE,23386,0.000285480027537238
51715,DE,23371,0.000285296917966851
47516,DE,23193,0.000283124017731598
48469,DE,23191,0.000283099603122214
43369,DE,23131,0.000282367164840668
48465,DE,23123,0.000282269506403128
51714,DE,22682,0.000276886085033765
51712,DE,22668,0.000276715182768071
43835,DE,22664,0.000276666353549301
47540,DE,22611,0.000276019366400602
42900,DE,22491,0.00027455448983751
42428,DE,22418,0.000273663356594963
40583,DE,22314,0.00027239379690695
49401,DE,22186,0.000270831261906318
41039,DE,21876,0.000267046997451664
44293,DE,21691,0.000264788646083564
43830,DE,21637,0.000264129451630173
42443,DE,21630,0.000264044000497326
41951,DE,21436,0.000261675783386994
39655,DE,21333,0.000260418431003673
45691,DE,21289,0.000259881309597206
41040,DE,21163,0.000258343189205959
38249,DE,21117,0.000257781653190107
41972,DE,21045,0.000256902727252252
42432,DE,20961,0.000255877313658088
41515,DE,20830,0.000254278156743379
46152,DE,20783,0.000253704413422835
44765,DE,20539,0.000250725831077881
40566,DE,20509,0.000250359611937108
41041,DE,20261,0.000247332200373385
42414,DE,20109,0.000245476690060135
41970,DE,20077,0.000245086056309977
44766,DE,20060,0.000244878532130206
40582,DE,20010,0.000244268166895584
40119,DE,19978,0.000243877533145426
44296,DE,19949,0.000243523521309346
41503,DE,19655,0.00023993457372977
42899,DE,19451,0.000237444283572514
43371,DE,19211,0.00023451453044633
42421,DE,19028,0.000232280593687615
39176,DE,18989,0.00023180450880461
42895,DE,18837,0.00022994899849136
42897,DE,18802,0.000229521742827125
40114,DE,18399,0.000224602199036075
42430,DE,18344,0.000223930797277991
41979,DE,18263,0.000222942005597904
40117,DE,17890,0.000218388680947626
41507,DE,17813,0.000217448718486309
47980,DE,17773,0.000216960426298612
42908,DE,17409,0.000212516967390566
37781,DE,17182,0.000209745909225384
48470,DE,17093,0.000208659459107757
41044,DE,16725,0.000204167170980942
51710,DE,16568,0.00020225062414423
43365,DE,15940,0.000194584436797382
43833,DE,15569,0.000190055526756489
41508,DE,15504,0.000189262051951481
40586,DE,15435,0.000188419747927703
52172,DE,15292,0.000186674103356685
43831,DE,15187,0.00018539233636398
41969,DE,15014,0.000183280472652189
42444,DE,14825,0.000180973292065319
42431,DE,14714,0.000179618281244459
41513,DE,14337,0.000175016127375412
41038,DE,14327,0.000174894054328487
41511,DE,14080,0.000171878850069457
40585,DE,13799,0.000168448597450883
40116,DE,13731,0.000167618500731797
40120,DE,13601,0.000166031551121781
42878,DE,13344,0.000162894273815826
41504,DE,13111,0.000160049971822489
41045,DE,12765,0.000155826244398907
41043,DE,12742,0.000155545476390981
41966,DE,12593,0.000153726587991809
42433,DE,12463,0.000152139638381792
41048,DE,12177,0.000148648349239757
45194,DE,12142,0.000148221093575521
41051,DE,11815,0.000144229304941096
41964,DE,11796,0.00014399736615194
46588,DE,11710,0.00014294753794839
41512,DE,11516,0.000140579320838058
40578,DE,11471,0.000140029992126899
41971,DE,11436,0.000139602736462664
42437,DE,11415,0.000139346383064123
43370,DE,11314,0.000138113445290187
51701,DE,11208,0.000136819470992789
39654,DE,10946,0.000133621157163372
40118,DE,10854,0.000132498085131668
39653,DE,10827,0.000132168487904972
41968,DE,10675,0.000130312977591722
38247,DE,10329,0.00012608925016814
43372,DE,10325,0.000126040420949371
46613,DE,10256,0.000125198116925593
41514,DE,9981,0.000121841108135174
43832,DE,9917,0.000121059840634858
42435,DE,9878,0.000120583755751853
41502,DE,9692,0.000118313197079061
40579,DE,9644,0.000117727246453824
43363,DE,9362,0.000114284786530558
41510,DE,9296,0.000113479104420857
41973,DE,9259,0.000113027434147237
41049,DE,9043,0.000110390656333672
40580,DE,8904,0.000108693840981423
41046,DE,8547,0.000104335833206225
41505,DE,8358,0.000102028652619355
48909,DE,8149,9.94773259386364e-05
45692,DE,7451,9.09566272633182e-05
52176,DE,7383,9.01265305442328e-05
51716,DE,7348,8.96992748799976e-05
43364,DE,6999,8.54389255423385e-05
50305,DE,6885,8.40472928074012e-05
46614,DE,6845,8.35590006197038e-05
49866,DE,6819,8.32416106977006e-05
51719,DE,6806,8.30829157366989e-05
47076,DE,6248,7.62712397183213e-05
47051,DE,5382,6.56997138546744e-05
48005,DE,5134,6.2672302290951e-05
41509,DE,5052,6.16713033061715e-05
41052,DE,4600,5.61536015851918e-05
45658,DE,4274,5.21740202554586e-05
42445,DE,4082,4.98302177545115e-05
41021,DE,3966,4.84141704101892e-05
48444,DE,3643,4.44712109945334e-05
52171,DE,3357,4.09799218524975e-05
41487,DE,2848,3.47664037640492e-05
46615,DE,2723,3.3240490677495e-05
46153,DE,2024,2.47075846974844e-05
45231,DE,1536,1.87504200075771e-05
43802,DE,1460,1.78226648509522e-05
48936,DE,1412,1.72367142257154e-05
42413,DE,1375,1.67850439520954e-05
47515,DE,1118,1.36477666461401e-05
40588,DE,1030,1.2573523833206e-05
49402,DE,1012,1.23537923487422e-05
51717,DE,864,1.05471112542621e-05
44302,DE,769,9.38741730848097e-06
44767,DE,593,7.23893168261276e-06
47541,DE,511,6.23793269783326e-06
48471,DE,436,5.32238484590078e-06
46154,DE,398,4.85850726758833e-06
43341,DE,391,4.7730561347413e-06
38721,DE,313,3.82088636873153e-06
43374,DE,256,3.12507000126285e-06
42877,DE,184,2.24614406340767e-06
38255,DE,135,1.64798613347845e-06
41980,DE,135,1.64798613347845e-06
52174,DE,93,1.13527933639627e-06
44266,DE,32,3.90633750157856e-07
46587,DE,22,2.68560703233526e-07
52170,DE,4,4.8829218769732e-08
36868,DK,1255030,0.218825824386971
36404,DK,363501,0.0633796849401914
35931,DK,329820,0.057507098156467
37324,DK,228157,0.0397812352012766
34074,DK,156724,0.0273262459871267
36403,DK,144088,0.0251230451736372
36857,DK,136767,0.0238465626510385
36867,DK,134301,0.0234165932615114
36394,DK,114171,0.0199067458117215
36852,DK,100816,0.0175781808493796
37320,DK,98568,0.0171862217302973
35467,DK,95257,0.0166089189530367
37331,DK,87641,0.0152810005140104
36865,DK,74952,0.0130685586714678
35929,DK,69029,0.0120358300850244
37789,DK,68928,0.0120182198221119
37328,DK,67990,0.011854671043776
37330,DK,67424,0.0117559838278504
35941,DK,65771,0.011467768336817
37794,DK,63960,0.0111520041176631
38249,DK,60058,0.0104716551485086
35464,DK,59480,0.0103708756241182
35930,DK,59052,0.0102962499555384
35926,DK,58953,0.0102789884107034
35461,DK,57942,0.0101027114225396
37325,DK,56930,0.00992626007533705
33610,DK,56740,0.00989313185797689
38259,DK,51118,0.00891288534219356
37784,DK,51075,0.00890538790352784
33612,DK,51025,0.00889666995159096
37323,DK,44412,0.00774363362841857
36866,DK,43621,0.00760571562877705
36864,DK,42233,0.00736370528300913
35468,DK,40490,0.00705979747848933
37318,DK,39596,0.00690392049785783
34533,DK,38516,0.00671561273602111
37806,DK,36249,0.00632034079520276
34538,DK,36020,0.00628041257533182
36856,DK,35734,0.00623054589025284
35469,DK,35329,0.00615993047956407
36393,DK,35098,0.00611965354161567
35927,DK,34702,0.00605060736227554
34075,DK,34651,0.00604171505129992
37319,DK,32956,0.00574617648063952
35466,DK,32827,0.00572368416464236
37329,DK,30755,0.00536241223637785
38255,DK,30583,0.00533242248171497
34999,DK,30515,0.0053205660670808
36863,DK,30218,0.00526878143257571
34073,DK,30209,0.00526721220122707
35933,DK,29875,0.00520897628228868
37322,DK,29418,0.00512929420158555
37788,DK,28200,0.00491692489240304
35002,DK,25445,0.00443656574068068
33611,DK,25425,0.00443307855990593
35465,DK,25030,0.00436420673960454
34537,DK,24215,0.00422210412303332
37793,DK,23827,0.00415445281600309
35003,DK,23739,0.00413910922059417
36392,DK,22020,0.00383938603300407
38721,DK,20624,0.00359598081492625
35928,DK,18812,0.00328004223673354
37785,DK,18598,0.00324272940244368
34996,DK,18583,0.00324011401686261
36389,DK,18218,0.00317647296772335
36391,DK,17847,0.00311178576435167
37795,DK,17541,0.00305843189849793
37787,DK,17220,0.00300246264706313
34534,DK,17131,0.00298694469261548
35924,DK,16947,0.00295486262948774
38248,DK,16352,0.00285111900143881
36855,DK,16337,0.00284850361585775
34539,DK,16276,0.00283786771449475
34536,DK,16195,0.00282374463235699
36853,DK,15913,0.00277457538343296
36390,DK,15662,0.0027308112647098
35001,DK,14258,0.00248601117432208
35462,DK,13934,0.00242951884577106
35000,DK,13892,0.00242219576614408
36854,DK,13807,0.00240737524785137
35463,DK,13661,0.00238191882819567
35925,DK,13493,0.00235262650968774
37782,DK,13462,0.00234722137948687
34998,DK,13253,0.00231078034039069
38246,DK,13036,0.00227294442898461
36388,DK,12198,0.00212683155452242
34076,DK,11998,0.00209195974677488
37783,DK,11934,0.00208080076829567
35460,DK,8255,0.00143933386477968
34997,DK,7837,0.00136645178658733
34535,DK,6581,0.00114745683393278
35923,DK,6190,0.00107928244978634
38247,DK,5380,0.000938051628408806
35459,DK,3175,0.000553589947992186
37781,DK,2523,0.000439907854735208
36851,DK,859,0.000149774414275681
34549,DK,134,2.33641111908513e-05
29957,EE,321212,0.243284183483348
29958,EE,226761,0.171747521047992
31821,EE,86859,0.0657865238321735
29971,EE,69639,0.0527441915420248
31813,EE,59377,0.0449718097788711
30432,EE,48053,0.0363950751183808
31822,EE,41099,0.0311281541691535
29964,EE,25418,0.0192514519251452
31817,EE,24687,0.0186977965880895
29959,EE,21493,0.0162786787405439
30881,EE,14557,0.0110253908912715
32751,EE,12571,0.00952120552958534
32747,EE,11811,0.00894558575371351
32284,EE,11710,0.00886908891507791
29965,EE,11644,0.00881910088191009
31804,EE,11288,0.00854946846058065
30422,EE,11020,0.00834648675014163
30889,EE,10598,0.00802686629564438
32287,EE,10511,0.00796097297919589
32750,EE,10045,0.00760802716925342
30886,EE,9239,0.0069975672490525
29960,EE,8534,0.00646360416748718
30888,EE,8347,0.00632197140684503
31354,EE,7988,0.00605006680218978
30419,EE,7699,0.00583117980847009
31356,EE,7536,0.00570772451443442
29962,EE,7115,0.0053888614543791
30421,EE,7049,0.00533887342121129
30423,EE,6705,0.00507832973318509
29963,EE,6288,0.00476249625089751
30427,EE,5547,0.00420126696942247
31805,EE,5434,0.00411568139748363
32288,EE,5403,0.0040922021697836
29961,EE,5380,0.00407478209761906
30420,EE,5370,0.00406720815319969
31357,EE,5295,0.00401040357005444
32285,EE,4835,0.00366200212676359
32282,EE,4809,0.00364230987127324
30884,EE,4602,0.00348552922179236
32267,EE,4573,0.0034635647829762
31820,EE,4558,0.00345220386634715
30431,EE,4465,0.00338176618324704
30877,EE,4336,0.00328406230023722
31353,EE,4307,0.00326209786142105
30433,EE,4086,0.00309471368975306
32749,EE,4028,0.00305078481212074
32281,EE,3811,0.00288643021822049
31359,EE,3787,0.00286825275161401
30894,EE,3637,0.00275464358532351
30878,EE,3567,0.00270162597438795
32283,EE,3506,0.00265542491342982
31351,EE,3445,0.00260922385247168
30426,EE,3426,0.00259483335807489
32286,EE,3339,0.0025289400416264
30428,EE,3292,0.00249334250285538
31343,EE,3138,0.00237670375879714
30892,EE,2982,0.00225855022585502
32748,EE,2842,0.00215251500398389
30425,EE,2803,0.00212297662074837
32277,EE,2779,0.00210479915414189
31816,EE,2737,0.00207298858758055
32278,EE,2722,0.0020616276709515
30891,EE,2644,0.00200255090448044
31349,EE,2601,0.00196998294347717
31350,EE,2512,0.00190257483814481
31806,EE,2481,0.00187909561044477
32280,EE,2479,0.0018775808215609
31348,EE,2473,0.00187303645490928
31352,EE,2313,0.00175185334419942
30429,EE,2289,0.00173367587759294
32746,EE,2286,0.00173140369426713
31345,EE,2280,0.00172685932761551
30885,EE,2266,0.0017162558054284
31346,EE,2211,0.00167459911112188
31341,EE,2096,0.00158749875029917
30882,EE,2081,0.00157613783367012
31358,EE,2080,0.00157538043922819
31823,EE,2047,0.00155038642264428
30893,EE,2045,0.0015488716337604
31803,EE,1949,0.00147616176733449
31355,EE,1919,0.00145343993407639
32279,EE,1892,0.0014329902841441
30883,EE,1844,0.00139663535093114
30890,EE,1806,0.00136785436213755
32752,EE,1780,0.0013481621066472
30424,EE,1753,0.00132771245671491
33214,EE,1694,0.00128302618464065
33213,EE,1689,0.00127923921243096
31818,EE,1631,0.00123531033479864
33216,EE,1589,0.0012034997682373
31811,EE,1542,0.00116790222946628
33215,EE,1448,0.00109670715192424
32753,EE,1443,0.00109292017971455
31814,EE,1376,0.0010421747521048
31810,EE,1372,0.00103914517433705
30417,EE,1169,0.000885394102623917
31819,EE,1131,0.000856613113830326
30887,EE,963,0.000729370847584972
33212,EE,915,0.000693015914372014
31347,EE,785,0.000594554636920252
30418,EE,628,0.000475643709536202
32741,EE,570,0.000431714831903878
32289,EE,546,0.000413537365297399
30895,EE,508,0.000384756376503807
30430,EE,385,0.000291596860145602
32745,EE,228,0.000172685932761551
31824,EE,189,0.000143147549526023
32754,EE,162,0.000122697899593734
31815,EE,150,0.000113609166290494
33196,EE,83,6.28637386807401e-05
33211,EE,80,6.05915553549302e-05
30434,EE,73,5.52897942613738e-05
31825,EE,65,4.92306387258808e-05
30896,EE,56,4.24140887484511e-05
33217,EE,12,9.08873330323953e-06
32744,EE,10,7.57394441936627e-06
30897,EE,3,2.27218332580988e-06
69858,EL,2028170,0.197961480003077
69393,EL,863832,0.0843151516855183
64750,EL,859401,0.0838826596765182
69394,EL,770256,0.0751815763674888
74967,EL,228789,0.0223311699948347
66604,EL,183576,0.0179181117229053
69385,EL,152362,0.0148714392857742
74499,EL,148079,0.0144533929588622
67070,EL,147547,0.0144014665881134
68929,EL,135361,0.0132120403588932
73122,EL,128401,0.0125327028769162
68921,EL,123002,0.0120057282985837
66598,EL,122759,0.0119820100502905
63830,EL,94096,0.00918433041725767
65212,EL,92506,0.00902913694077153
69396,EL,88643,0.00865208511708226
69854,EL,88269,0.00861558048802199
64747,EL,84696,0.00826683439274842
64751,EL,82907,0.0080922173302115
68456,EL,80823,0.0078888065094586
64291,EL,80232,0.00783112138706659
71243,EL,79301,0.00774025023825615
63825,EL,74712,0.00729233648756754
66595,EL,73031,0.00712826086871647
66602,EL,70225,0.00685437854480446
63832,EL,70097,0.00684188498191752
65215,EL,69671,0.00680030484293444
63827,EL,69253,0.0067595055516318
69392,EL,68456,0.00668171360146862
69848,EL,67582,0.00659640599238127
64299,EL,65445,0.0063878220557455
69381,EL,64790,0.00632389015191001
67066,EL,64024,0.00624912398650851
67996,EL,63537,0.00620158988396213
70313,EL,58891,0.00574811259355043
65210,EL,57744,0.00563615855736829
71265,EL,52632,0.00513719688957135
69387,EL,51114,0.00498903104220911
64283,EL,50895,0.00496765533695725
67526,EL,49293,0.00481129058895046
64284,EL,48895,0.0047724434168489
74968,EL,48807,0.00476385409236413
67999,EL,48693,0.00475272701291795
64745,EL,47558,0.00464194424825647
68941,EL,45847,0.00447494045060377
64748,EL,45827,0.00447298833140269
74966,EL,43825,0.00427758119937423
64286,EL,40801,0.0039824207761704
70319,EL,38773,0.00378447588918054
67550,EL,38201,0.00372864528002955
64749,EL,37684,0.00367818299868154
74969,EL,36689,0.00358106506842763
65216,EL,36370,0.00354992876717035
70318,EL,35606,0.00347535781368896
69386,EL,34977,0.00341396366481489
70316,EL,34777,0.00339444247280405
70317,EL,34592,0.00337638537019403
65217,EL,34149,0.00333314592989003
68466,EL,34138,0.00333207226432943
64285,EL,34098,0.00332816802592727
68926,EL,33564,0.00327604644325834
74498,EL,32542,0.00317629315208297
74965,EL,31803,0.00310416234760293
64757,EL,31750,0.00309898923172006
69853,EL,31620,0.00308630045691302
66601,EL,31483,0.0030729284403856
67525,EL,29527,0.00288201118251963
74971,EL,29394,0.00286902958983243
71710,EL,29310,0.00286083068918788
63824,EL,29239,0.00285390066602403
68928,EL,29067,0.00283711244089471
67991,EL,29035,0.00283398905017298
71244,EL,27442,0.00267850275580668
70335,EL,26782,0.00261408282217092
68465,EL,25347,0.00247401826949318
67060,EL,24521,0.00239339574648843
64744,EL,24499,0.00239124841536724
71242,EL,23767,0.00231980085260758
65676,EL,23358,0.00227988001494542
64280,EL,22645,0.0022102869654268
67067,EL,22344,0.00218090757145049
63833,EL,22322,0.0021787602403293
71241,EL,21585,0.00210682464776937
69405,EL,21434,0.00209208614780119
67548,EL,21221,0.00207129607830965
66596,EL,20699,0.00202034576716137
70778,EL,20187,0.00197037151561364
67547,EL,19710,0.00192381347266779
62909,EL,18233,0.00177964946966778
68455,EL,17872,0.00174441371808822
65672,EL,17275,0.00168614295993588
65208,EL,17253,0.00168399562881469
67065,EL,17048,0.00166398640700358
67533,EL,16341,0.00159497899324528
64753,EL,16338,0.00159468617536511
66619,EL,16157,0.00157701949659531
67527,EL,16044,0.00156599002310919
67068,EL,15653,0.001527826092728
68925,EL,15628,0.00152538594372665
66139,EL,15192,0.00148282974514303
68927,EL,15089,0.00147277633125745
71709,EL,14897,0.00145403598692705
65209,EL,14043,0.00137068049704078
74497,EL,13637,0.00133105247725879
63831,EL,13366,0.00130460126208411
68463,EL,13024,0.00127122002374558
64288,EL,12401,0.00121041151063183
66141,EL,12189,0.00118971904710034
64287,EL,11932,0.00116463431536642
64752,EL,11914,0.00116287740808544
67995,EL,11888,0.00116033965312403
63372,EL,11878,0.00115936359352349
68457,EL,11818,0.00115350723592024
63826,EL,11725,0.0011444298816352
67997,EL,11552,0.00112754405054583
66605,EL,11463,0.00111885712010101
66603,EL,11428,0.00111544091149911
67994,EL,11366,0.00110938934197576
64290,EL,10985,0.00107220147119511
67061,EL,10914,0.00106527144803127
72172,EL,10875,0.00106146481558916
63828,EL,10808,0.00105492521626553
66140,EL,10741,0.0010483856169419
68460,EL,10667,0.00104116277589789
70781,EL,10279,0.00100329166339687
63822,EL,10213,0.000996849670033291
69849,EL,9974,0.000973521845580344
65675,EL,9860,0.000962394766134168
71708,EL,9796,0.0009561479846907
64289,EL,9529,0.000930087193356236
67062,EL,9308,0.000908516276184263
63373,EL,9264,0.000904221613941879
65674,EL,8971,0.000875623067646006
70779,EL,8820,0.000860884567677825
68462,EL,8737,0.000852783272993329
67069,EL,8688,0.000848000580950674
68461,EL,8502,0.000829845872380598
67532,EL,8381,0.000818035551214043
70780,EL,7739,0.000755372524859262
69391,EL,7603,0.000742098114291894
66138,EL,7483,0.000730385399085393
65207,EL,7448,0.000726969190483497
63366,EL,7376,0.000719941561359596
65211,EL,7369,0.000719258319639217
66606,EL,7328,0.000715256475276996
66133,EL,7319,0.000714378021636508
64282,EL,7187,0.000701494034909357
70314,EL,6738,0.000657668958845033
66131,EL,6668,0.00065083654164124
62908,EL,6659,0.000649958088000753
67063,EL,6329,0.000617748121182875
69406,EL,6324,0.000617260091382604
71246,EL,6219,0.000607011465576916
63836,EL,6138,0.000599105382812528
63819,EL,6133,0.000598617353012257
65665,EL,5545,0.000541225048500402
64281,EL,5524,0.000539175323339264
67531,EL,5453,0.000532245300175417
67528,EL,5416,0.000528633879653413
66597,EL,5169,0.000504525207520032
63823,EL,5083,0.000496131094955373
66599,EL,5029,0.000490860373112447
63821,EL,5019,0.000489884313511905
67064,EL,4952,0.000483344714188276
66135,EL,4929,0.00048109977710703
69850,EL,4691,0.000457869558614136
64743,EL,4688,0.000457576740733973
64746,EL,4287,0.000418436750752249
63362,EL,4260,0.000415801389830786
63829,EL,4229,0.000412775605069107
69851,EL,4200,0.000409945032227536
67530,EL,3924,0.000383005787252584
63360,EL,3812,0.000372073919726516
67993,EL,3732,0.000364265442922182
65669,EL,3728,0.000363875019081965
69852,EL,3704,0.000361532476040665
66137,EL,3603,0.000351674274075193
70315,EL,3501,0.000341718466149667
65673,EL,3495,0.000341132830389342
67992,EL,3310,0.00032307572777932
68459,EL,3184,0.000310777376812494
63358,EL,3149,0.000307361168210598
68458,EL,3145,0.000306970744370381
63359,EL,3094,0.000301992840407618
67529,EL,2816,0.000274858383512557
63834,EL,2758,0.000269197237829415
71731,EL,2499,0.000243917294175384
66136,EL,2456,0.000239720237893054
71245,EL,2392,0.000233473456449587
62907,EL,2383,0.0002325950028091
65671,EL,2059,0.000200970671751547
66134,EL,1969,0.000192186135346671
66600,EL,1955,0.000190819651905913
65670,EL,1752,0.000171005642014915
63835,EL,1684,0.000164368436731231
63820,EL,1665,0.000162513923490202
66132,EL,1594,0.000155583900326355
63371,EL,1555,0.000151777267884242
64763,EL,1377,0.000134403406994599
68919,EL,1304,0.000127278171910644
63370,EL,1292,0.000126106900389994
63361,EL,1212,0.00011829842358566
64300,EL,1027,0.000100241320975638
63369,EL,966,9.42873574123333e-05
64279,EL,944,9.21400262911414e-05
65206,EL,888,8.66740925281076e-05
63364,EL,881,8.59908508077284e-05
63363,EL,817,7.97440693642612e-05
65668,EL,599,5.8465970072451e-05
73129,EL,584,5.70018806716383e-05
69872,EL,395,3.85543542213992e-05
63365,EL,334,3.26003906580945e-05
63367,EL,178,1.73738608896432e-05
64742,EL,78,7.61326488422567e-06
63818,EL,59,5.75875164319634e-06
65205,EL,29,2.83057284157108e-06
65108,ES,3425751,0.0731491847052514
63275,ES,3114324,0.0664993636455182
65107,ES,1352327,0.0288758924699719
66977,ES,1287026,0.0274815369226955
72064,ES,995034,0.021246706445975
70667,ES,898297,0.0191811060328591
88260,ES,814617,0.0173943084004173
62811,ES,792150,0.0169145762970703
60007,ES,729697,0.0155810333652002
62799,ES,701332,0.0149753627767177
68832,ES,700690,0.0149616543149583
87329,ES,646194,0.013798015168477
66525,ES,562122,0.0120028472603191
71140,ES,522970,0.0111668446204366
68370,ES,455444,0.0097249792173741
65109,ES,452417,0.00966034446076079
66513,ES,438493,0.00936302885088841
62812,ES,432277,0.00923030019310568
70666,ES,419340,0.00895405974173258
63735,ES,414787,0.00885684069751045
59531,ES,411354,0.00878353672676269
64644,ES,408908,0.0087313079145142
59539,ES,405013,0.00864813897595826
69758,ES,391060,0.00835020413650485
66049,ES,379253,0.00809809228604785
59532,ES,370977,0.00792137697526763
60476,ES,363255,0.00775649108475955
59521,ES,359843,0.00768363552163943
60011,ES,348005,0.00743086173611305
61840,ES,346315,0.00739477559845977
63274,ES,345290,0.00737288903568189
62784,ES,317608,0.00678180237146993
72058,ES,315518,0.00673717513614723
69743,ES,313372,0.00669135214715081
60006,ES,303234,0.00647487802671946
62350,ES,294201,0.00628199868859986
65571,ES,287689,0.00614294961854177
63273,ES,276236,0.0058983966395222
87792,ES,274181,0.00585451675024558
65572,ES,263666,0.0056299926452608
60472,ES,261595,0.00558577111207739
86875,ES,260750,0.00556772804325075
61376,ES,258236,0.00551404724439847
62813,ES,254992,0.0054447789422995
62810,ES,254129,0.00542635152407774
69294,ES,250411,0.00534696202124051
72988,ES,242024,0.00516787655585703
71609,ES,234611,0.00500958866329857
72522,ES,211570,0.00451760008479602
67441,ES,210789,0.00450092359159648
64643,ES,210446,0.00449359960034496
69295,ES,206388,0.00440695016448873
67905,ES,203992,0.00435578898944893
70223,ES,202216,0.00431786651579672
70663,ES,200755,0.00428667015655917
69759,ES,198073,0.00422940209668574
64172,ES,196162,0.0041885970025701
60009,ES,195061,0.00416508763123503
60924,ES,194014,0.00414273130808534
64642,ES,189465,0.0040455976748399
61396,ES,189006,0.00403579676526424
62805,ES,186446,0.00398113374017998
61401,ES,183919,0.00392717535565344
60010,ES,182998,0.00390750947826961
72063,ES,179049,0.0038231874915283
66527,ES,176513,0.0037690369323042
60448,ES,167426,0.00357500454599923
60008,ES,156387,0.00333929160306752
67879,ES,156076,0.00333265089962955
68831,ES,154283,0.00329436542932639
69747,ES,152704,0.00326064944627637
64645,ES,149034,0.00318228487515947
61379,ES,142434,0.0030413567636141
71608,ES,138009,0.00294687087064619
59522,ES,134965,0.00288187311738193
66512,ES,134422,0.0028702785772957
72057,ES,132352,0.00282607839685647
64646,ES,127611,0.00272484503672971
67899,ES,126107,0.0026927305094927
67904,ES,124330,0.00265478668309632
66526,ES,122943,0.00262517042692762
71602,ES,121238,0.00258876399811173
60911,ES,119845,0.00255901962547799
69293,ES,117875,0.00251695471945612
69296,ES,114423,0.00244324504656905
72525,ES,109826,0.00234508648160329
71604,ES,106987,0.0022844660408946
71607,ES,106048,0.00226441581411565
66953,ES,99721,0.00212931700172966
59988,ES,99589,0.00212649843949875
67891,ES,96921,0.00206952931804374
62809,ES,96722,0.00206528012195321
66031,ES,95953,0.00204885986168376
66067,ES,94205,0.00201153526486841
86859,ES,92549,0.00197617512051702
71131,ES,92230,0.00196936359512566
62783,ES,91559,0.00195503590378522
66034,ES,91122,0.00194570475458138
59540,ES,91011,0.00194333459997812
70220,ES,89011,0.00190062911163104
60920,ES,87025,0.00185822256170238
70683,ES,84359,0.00180129614573572
74855,ES,83048,0.00177330269812421
61884,ES,81512,0.00174050488307365
64178,ES,80372,0.00171616275471582
70673,ES,79069,0.00168834012905769
67881,ES,78467,0.00167548577706522
65106,ES,78068,0.00166696603213998
70222,ES,77004,0.00164424671233933
68369,ES,76660,0.00163690136834363
61839,ES,75528,0.00161273006193919
62348,ES,75427,0.00161057343477766
67440,ES,74529,0.00159139867050982
70668,ES,72885,0.00155629475908852
66991,ES,72689,0.0015521096212305
71593,ES,71900,0.00153526230607758
61886,ES,70729,0.00151025824265036
61856,ES,69243,0.00147852806480848
69284,ES,69176,0.00147709743094886
65123,ES,67568,0.0014427622183178
70664,ES,67352,0.00143815002557632
66976,ES,65463,0.0013978146918325
70208,ES,65408,0.00139664029090295
61868,ES,63743,0.00136108797185401
70671,ES,62879,0.00134263920088807
60912,ES,62748,0.00133984199140134
73917,ES,62545,0.00133550738433411
61422,ES,62543,0.00133546467884576
68367,ES,62497,0.00133448245261378
69285,ES,62260,0.00132942185224465
64197,ES,61117,0.00130501566565429
64640,ES,60016,0.00128150629431922
62349,ES,59981,0.00128075894827315
59059,ES,59580,0.00127219649785956
67883,ES,59295,0.0012661109657701
66035,ES,59210,0.00126429598251535
61873,ES,59053,0.0012609436016801
68368,ES,58749,0.00125445236745135
68354,ES,58664,0.0012526373841966
70662,ES,58563,0.00125048075703507
68345,ES,58515,0.00124945582531474
71136,ES,58474,0.00124858036280362
60935,ES,58084,0.00124025279257594
65578,ES,57838,0.00123500001750925
64661,ES,57472,0.00122718491314173
62346,ES,55699,0.00118932649772205
70203,ES,55584,0.00118687093214209
65587,ES,55572,0.00118661469921201
60447,ES,55081,0.0011761305018228
70206,ES,54784,0.00116978873680326
61403,ES,52661,0.00112445686092283
67435,ES,52489,0.00112078418892498
62806,ES,51759,0.0011051966856783
71603,ES,49335,0.00105343763380163
71147,ES,47775,0.00102012735289091
65570,ES,47601,0.00101641197540471
62347,ES,47323,0.00101047591252447
65562,ES,47033,0.00100428361671414
71594,ES,46641,0.000995913340998115
59984,ES,46373,0.000990190805559605
67893,ES,46114,0.000984660444818658
62780,ES,45925,0.000980624776169859
69757,ES,45281,0.000966873608922099
61423,ES,45115,0.000963329053389291
69291,ES,44706,0.000954595781022313
70211,ES,43868,0.000936702181404886
66966,ES,43831,0.000935912129870465
67430,ES,43284,0.000924232178807538
62329,ES,43151,0.000921392263832457
62798,ES,42355,0.000904395479470319
69282,ES,42328,0.000903818955377633
70675,ES,41818,0.000892929055849127
71127,ES,41286,0.000881569395948804
71596,ES,41174,0.000879177888601367
65573,ES,40736,0.000869825386653356
71124,ES,40587,0.000866643827771499
59061,ES,40266,0.000859789596891792
61887,ES,39686,0.000847405005271138
70665,ES,39577,0.000845077556156222
71595,ES,39046,0.000833739249000072
70209,ES,38519,0.000822486352820616
71133,ES,38372,0.000819347499427106
70221,ES,38165,0.000814927481383183
62788,ES,37712,0.000805254688272569
71598,ES,37068,0.000791503521024809
65118,ES,37046,0.000791033760652991
70204,ES,36468,0.000778691874520684
63271,ES,35403,0.000755951201975863
71610,ES,35220,0.000752043649792105
68366,ES,35098,0.000749438615002933
71138,ES,34899,0.000745189418912399
66968,ES,34538,0.000737481078265751
71606,ES,34504,0.00073675508496385
61378,ES,34472,0.000736071797150297
61867,ES,34416,0.000734876043476579
68809,ES,34321,0.000732847532780092
65586,ES,34138,0.000728939980596334
70205,ES,34007,0.000726142771109601
68364,ES,33958,0.000725096486645097
59530,ES,33948,0.000724882959203362
71600,ES,33768,0.000721039465252124
61882,ES,33526,0.000715872101162127
66499,ES,33356,0.000712242134652625
62320,ES,33306,0.000711174497443949
71139,ES,33145,0.000707736705632008
64180,ES,33136,0.000707544530934447
70669,ES,33122,0.000707245592516017
59985,ES,32371,0.000691209681641688
62807,ES,32294,0.000689565520340325
70674,ES,32100,0.000685423087970658
67880,ES,31517,0.000672974438117484
71135,ES,31004,0.000662020480356458
66033,ES,30762,0.000656853116266461
65105,ES,30652,0.000654504314407371
62332,ES,30276,0.00064647568259812
67428,ES,30146,0.00064369982585556
60449,ES,29914,0.000638745989207298
61883,ES,29860,0.000637592941021927
63272,ES,29391,0.000627578504004536
59995,ES,29347,0.000626638983260901
66028,ES,29336,0.000626404103074992
59983,ES,29178,0.000623030369495572
68815,ES,29103,0.000621428913682557
66502,ES,28978,0.000618759820660864
70678,ES,28906,0.000617222423080369
72987,ES,28863,0.000616304255080907
62804,ES,28743,0.000613741925780082
64660,ES,28344,0.000605222180854839
63247,ES,28333,0.00060498730066893
72059,ES,28308,0.000604453482064592
61885,ES,27845,0.000594567161512242
69748,ES,27818,0.000593990637419557
69286,ES,27608,0.000589506561143113
61841,ES,27595,0.000589228975468857
70682,ES,27165,0.000580047295474235
63734,ES,27079,0.00057821095947531
69292,ES,27021,0.000576972500313245
68829,ES,26855,0.000573427944780437
67892,ES,26807,0.000572403013060107
67902,ES,26708,0.000570289091386927
69749,ES,26681,0.000569712567294241
61387,ES,26590,0.000567769467574449
61400,ES,26374,0.000563157274832964
71605,ES,26280,0.000561150116880651
72061,ES,26067,0.000556601982371687
60914,ES,26050,0.000556238985720737
72523,ES,26001,0.000555192701256233
63730,ES,25922,0.000553505834466523
71134,ES,25911,0.000553270954280615
63260,ES,25357,0.000541441534008473
60938,ES,25149,0.000537000163220377
66037,ES,24799,0.000529526702759637
62342,ES,24704,0.000527498192063151
60913,ES,24566,0.000524551513367202
72062,ES,24492,0.00052297141029836
66967,ES,24363,0.000520216906299973
70207,ES,24093,0.000514451665373117
60916,ES,24043,0.00051338402816444
71601,ES,24017,0.000512828856815928
59996,ES,23926,0.000510885757096136
70681,ES,23702,0.000506102742401263
69283,ES,23607,0.000504074231704777
70202,ES,23443,0.000500572381660316
59533,ES,23171,0.000494764435245113
66964,ES,23145,0.000494209263896601
71137,ES,23100,0.000493248390408791
70676,ES,23099,0.000493227037664618
61843,ES,22942,0.000489874656829372
63248,ES,22730,0.000485347875064581
63733,ES,22552,0.000481547086601691
69745,ES,22387,0.000478023883813057
65099,ES,22245,0.000474991794140414
59060,ES,22232,0.000474714208466158
60940,ES,22207,0.00047418038986182
69746,ES,22135,0.000472642992281325
69750,ES,21954,0.000468778145585914
60450,ES,21897,0.000467561039168022
62345,ES,21757,0.000464571654983726
61866,ES,21710,0.00046356807600757
65574,ES,21649,0.000462265558612984
62339,ES,21571,0.000460600044567448
65110,ES,21535,0.0004598313457772
60453,ES,21496,0.000458998588754432
59528,ES,21151,0.000451631892014561
59535,ES,21021,0.000448856035272
62303,ES,20886,0.000445973414808572
62333,ES,20858,0.000445375537971713
70679,ES,20768,0.000443453790996094
69756,ES,20654,0.000441019578160311
61875,ES,20643,0.000440784697974402
70672,ES,20188,0.000431069199375441
62779,ES,20111,0.000429425038074078
71597,ES,19654,0.00041966683398677
68807,ES,19561,0.000417681028778631
67882,ES,19546,0.000417360737616028
65563,ES,19468,0.000415695223570491
70200,ES,19301,0.00041212931529351
67434,ES,19222,0.0004104424485038
65104,ES,19156,0.000409033167388347
62309,ES,19015,0.000406022430459877
62335,ES,18858,0.000402670049624632
69744,ES,18838,0.000402242994741161
61418,ES,18825,0.000401965409066905
63708,ES,18709,0.000399488490742774
59534,ES,18652,0.000398271384324882
61852,ES,18529,0.000395644996791537
61402,ES,18404,0.000392975903769844
66974,ES,18120,0.000386911724424559
60474,ES,17953,0.000383345816147577
62334,ES,17915,0.000382534411868983
59982,ES,17900,0.00038221412070638
66971,ES,17793,0.000379929377079811
62340,ES,17689,0.000377708691685762
65569,ES,17231,0.000367929134854281
61383,ES,17135,0.000365879271413621
60452,ES,17065,0.000364384579321473
67894,ES,17053,0.000364128346391391
62808,ES,16875,0.0003603275579285
67419,ES,16811,0.000358960982301394
62800,ES,16672,0.000355992950861271
63244,ES,16486,0.000352021340444993
67427,ES,16469,0.000351658343794043
69736,ES,16289,0.000347814849842805
68348,ES,16272,0.000347451853191855
70219,ES,16205,0.000346021219332228
69742,ES,16076,0.000343266715333841
59986,ES,16072,0.000343181304357147
68820,ES,15982,0.000341259557381528
60012,ES,15973,0.000341067382683967
66965,ES,15936,0.000340277331149546
61844,ES,15912,0.000339764865289381
61870,ES,15868,0.000338825344545745
66975,ES,15850,0.000338440995150621
61386,ES,15827,0.00033794988203463
60944,ES,15761,0.000336540600919176
66972,ES,15647,0.000334106388083392
60001,ES,15454,0.000329985308457899
61388,ES,15248,0.000325586643158149
61416,ES,15208,0.000324732533391208
63249,ES,15186,0.00032426277301939
69272,ES,15003,0.000320355220835632
68813,ES,14955,0.000319330289115302
61404,ES,14940,0.000319009997952699
70212,ES,14901,0.000318177240929931
60915,ES,14794,0.000315892497303362
70210,ES,14711,0.000314120219536958
59524,ES,14633,0.000312454705491422
59529,ES,14442,0.000308376331354276
60921,ES,14383,0.000307116519448037
60939,ES,14268,0.00030466095386808
65566,ES,14223,0.00030370008038027
66955,ES,14205,0.000303315730985146
68342,ES,14193,0.000303059498055064
70199,ES,14175,0.00030267514865994
65560,ES,14005,0.000299045182150438
68343,ES,13915,0.00029712343517482
66510,ES,13861,0.000295970386989448
64179,ES,13667,0.000291827954619781
62343,ES,13629,0.000291016550341187
59523,ES,13611,0.000290632200946063
66501,ES,13527,0.000288838570435486
68344,ES,13477,0.000287770933226809
64632,ES,13438,0.000286938176204041
63261,ES,13277,0.000283500384392101
66024,ES,13128,0.000280318825510243
66036,ES,13046,0.000278567900488013
70215,ES,12726,0.00027173502235248
61399,ES,12639,0.000269877333609382
67429,ES,12387,0.000264496442077649
64193,ES,12343,0.000263556921334014
71599,ES,12325,0.00026317257193889
63712,ES,12284,0.000262297109427775
70213,ES,12275,0.000262104934730213
62781,ES,12262,0.000261827349055957
62316,ES,12211,0.000260738359103106
62797,ES,12123,0.000258859317615835
60945,ES,12024,0.000256745395942654
59525,ES,11892,0.000253926833711747
65564,ES,11808,0.000252133203201169
66038,ES,11767,0.000251257740690054
60002,ES,11724,0.000250339572690592
66497,ES,11692,0.000249656284877039
64641,ES,11624,0.000248204298273238
59527,ES,11540,0.00024641066776266
59989,ES,11494,0.000245428441530677
61380,ES,11430,0.000244061865903571
66969,ES,11402,0.000243463989066712
61377,ES,11195,0.000239043971022789
61382,ES,11184,0.00023880909083688
67418,ES,11173,0.000238574210650971
65568,ES,11170,0.00023851015241845
66952,ES,11142,0.000237912275581591
62344,ES,10926,0.000233300082840106
66048,ES,10885,0.000232424620328991
60466,ES,10880,0.000232317856608123
68830,ES,10856,0.000231805390747958
60473,ES,10666,0.000227748369354986
60923,ES,10553,0.000225335509263376
62321,ES,10520,0.000224630868705649
66032,ES,10517,0.000224566810473128
59992,ES,10500,0.000224203813822178
65561,ES,10483,0.000223840817171228
60475,ES,10467,0.000223499173264451
63268,ES,10421,0.000222516947032468
60451,ES,10374,0.000221513368056312
66950,ES,10366,0.000221342546102923
69273,ES,10324,0.000220445730847635
68812,ES,10291,0.000219741090289908
60937,ES,10247,0.000218801569546272
61842,ES,10241,0.000218673453081231
63732,ES,10219,0.000218203692709413
66025,ES,10184,0.000217456346663339
68824,ES,10171,0.000217178760989083
66503,ES,10169,0.000217136055500736
60457,ES,10146,0.000216644942384745
62341,ES,10140,0.000216516825919703
60471,ES,10077,0.00021517160303677
70218,ES,10030,0.000214168024060614
59526,ES,10001,0.000213548794479581
69281,ES,9995,0.00021342067801454
69735,ES,9802,0.000209299598389046
63713,ES,9703,0.000207185676715866
68816,ES,9684,0.000206779974576569
60941,ES,9610,0.000205199871507727
60460,ES,9592,0.000204815522112603
61878,ES,9427,0.000201292319323969
60465,ES,9318,0.000198964870209053
64636,ES,9271,0.000197961291232896
71132,ES,9226,0.000197000417745087
59987,ES,9172,0.000195847369559716
67887,ES,9162,0.00019563384211798
64189,ES,9146,0.000195292198211204
68350,ES,9088,0.000194053739049138
64182,ES,9055,0.000193349098491412
64174,ES,9053,0.000193306393003064
64196,ES,8952,0.000191149765841537
63262,ES,8933,0.00019074406370224
60933,ES,8928,0.000190637299981372
68814,ES,8923,0.000190530536260504
67438,ES,8874,0.000189484251796001
62331,ES,8872,0.000189441546307654
67420,ES,8867,0.000189334782586786
68357,ES,8826,0.000188459320075671
67884,ES,8751,0.000186857864262655
68823,ES,8713,0.000186046459984061
64194,ES,8678,0.000185299113937987
60463,ES,8671,0.000185149644728772
68346,ES,8601,0.000183654952636624
70216,ES,8587,0.000183356014218194
61395,ES,8582,0.000183249250497327
60950,ES,8560,0.000182779490125509
65567,ES,8542,0.000182395140730385
64173,ES,8520,0.000181925380358567
66030,ES,8490,0.000181284798033361
60003,ES,8362,0.000178551646779148
70661,ES,8240,0.000175946611989976
61381,ES,8216,0.000175434146129811
67426,ES,8204,0.000175177913199728
63714,ES,8131,0.00017361916287506
66970,ES,8093,0.000172807758596465
60919,ES,8073,0.000172380703712995
66507,ES,8073,0.000172380703712995
62318,ES,8058,0.000172060412550391
67422,ES,8039,0.000171654710411094
62790,ES,7952,0.000169797021667996
69752,ES,7880,0.000168259624087501
65100,ES,7860,0.00016783256920403
60005,ES,7842,0.000167448219808907
67900,ES,7839,0.000167384161576386
69274,ES,7782,0.000166167055158494
70201,ES,7695,0.000164309366415396
66511,ES,7673,0.000163839606043578
65103,ES,7609,0.000162473030416472
64181,ES,7592,0.000162110033765521
62786,ES,7559,0.000161405393207795
63246,ES,7532,0.000160828869115109
60917,ES,7503,0.000160209639534076
66026,ES,7462,0.000159334177022961
60469,ES,7437,0.000158800358418623
71143,ES,7423,0.000158501420000193
67903,ES,7368,0.000157327019070648
66973,ES,7359,0.000157134844373086
65565,ES,7345,0.000156835905954657
62326,ES,7337,0.000156665084001269
61398,ES,7271,0.000155255802885815
67436,ES,7242,0.000154636573304782
70680,ES,7161,0.000152907001026725
69741,ES,7006,0.000149597325679827
60936,ES,6871,0.000146714705216399
64177,ES,6853,0.000146330355821275
68810,ES,6806,0.000145326776845118
71141,ES,6796,0.000145113249403383
68358,ES,6764,0.00014442996158983
60456,ES,6723,0.000143554499078715
69739,ES,6669,0.000142401450893343
69740,ES,6586,0.000140629173126939
60454,ES,6532,0.000139476124941568
71130,ES,6466,0.000138066843826115
60925,ES,6464,0.000138024138337767
66498,ES,6412,0.000136913795640743
70198,ES,6412,0.000136913795640743
62787,ES,6382,0.000136273213315537
69278,ES,6359,0.000135782100199546
71129,ES,6352,0.000135632630990331
63709,ES,6323,0.000135013401409298
71142,ES,6315,0.00013484257945591
61851,ES,6262,0.000133710884014712
64183,ES,6258,0.000133625473038018
63251,ES,6252,0.000133497356572977
62785,ES,6215,0.000132707305038556
62796,ES,6207,0.000132536483085167
68808,ES,6189,0.000132152133690044
62803,ES,6162,0.000131575609597358
68359,ES,6148,0.000131276671178929
61876,ES,6132,0.000130935027272152
60470,ES,6107,0.000130401208667813
66489,ES,6102,0.000130294444946946
62338,ES,6080,0.000129824684575128
66509,ES,6070,0.000129611157133392
65097,ES,6049,0.000129162749505748
70677,ES,6034,0.000128842458343145
64191,ES,6014,0.000128415403459674
63256,ES,5989,0.000127881584855336
62337,ES,5980,0.000127689410157774
60462,ES,5968,0.000127433177227691
65559,ES,5938,0.000126792594902485
64195,ES,5890,0.000125767663182155
68826,ES,5883,0.00012561819397294
63265,ES,5874,0.000125426019275378
66957,ES,5859,0.000125105728112775
63269,ES,5814,0.000124144854624966
65098,ES,5797,0.000123781857974016
67421,ES,5739,0.00012254339881195
60477,ES,5718,0.000122094991184306
63710,ES,5679,0.000121262234161538
66039,ES,5666,0.000120984648487282
63270,ES,5573,0.000118998843279143
61859,ES,5562,0.000118763963093234
60468,ES,5532,0.000118123380768027
71146,ES,5510,0.00011765362039621
68355,ES,5504,0.000117525503931168
64175,ES,5465,0.0001166927469084
61846,ES,5451,0.000116393808489971
66954,ES,5442,0.000116201633792409
71145,ES,5424,0.000115817284397285
68811,ES,5368,0.000114621530723567
62782,ES,5329,0.000113788773700799
59549,ES,5313,0.000113447129794022
68822,ES,5295,0.000113062780398898
72524,ES,5236,0.000111802968492659
65111,ES,5214,0.000111333208120842
62327,ES,5206,0.000111162386167453
60000,ES,5170,0.000110393687377206
67898,ES,5105,0.000109005759005926
63711,ES,5104,0.000108984406261752
61857,ES,5073,0.000108322471192372
61390,ES,5071,0.000108279765704025
61853,ES,5064,0.00010813029649481
63259,ES,5019,0.000107169423007001
67414,ES,4994,0.000106635604402663
61420,ES,4912,0.000104884679380432
66505,ES,4912,0.000104884679380432
63731,ES,4911,0.000104863326636259
62315,ES,4895,0.000104521682729482
64639,ES,4891,0.000104436271752788
69738,ES,4888,0.000104372213520267
65585,ES,4868,0.000103945158636796
68828,ES,4823,0.000102984285148987
61405,ES,4807,0.00010264264124221
66029,ES,4806,0.000102621288498037
71144,ES,4776,0.000101980706172831
69275,ES,4765,0.000101745825986922
67896,ES,4707,0.000100507366824856
61860,ES,4690,0.000100144370173906
64635,ES,4661,9.95251405928735e-05
70197,ES,4644,9.91621439419233e-05
63720,ES,4637,9.90126747327085e-05
63243,ES,4634,9.89486165001879e-05
64176,ES,4608,9.83934451516758e-05
59990,ES,4602,9.82653286866346e-05
68365,ES,4532,9.67706365944867e-05
67901,ES,4523,9.65784618969248e-05
63245,ES,4503,9.6151407013454e-05
62317,ES,4500,9.60873487809334e-05
61880,ES,4466,9.5361355479033e-05
66042,ES,4410,9.41656018053147e-05
63707,ES,4408,9.41228963169676e-05
61848,ES,4404,9.40374853402735e-05
67415,ES,4399,9.39307216194058e-05
65102,ES,4382,9.35677249684556e-05
60929,ES,4377,9.34609612475879e-05
61393,ES,4368,9.3268786550026e-05
61392,ES,4358,9.30552591082906e-05
68360,ES,4336,9.25854987364727e-05
67886,ES,4316,9.21584438530019e-05
61389,ES,4279,9.13683923185809e-05
67416,ES,4251,9.07705154817218e-05
66496,ES,4215,9.00018166914743e-05
62308,ES,4204,8.97669365055653e-05
63704,ES,4200,8.96815255288712e-05
70670,ES,4189,8.94466453429622e-05
65117,ES,4181,8.92758233895739e-05
63729,ES,4133,8.82508916692439e-05
69737,ES,4126,8.81014224600292e-05
67890,ES,4125,8.80800697158556e-05
63725,ES,4115,8.78665422741202e-05
61413,ES,4099,8.75248983673436e-05
64187,ES,4095,8.74394873906494e-05
63250,ES,4073,8.69697270188315e-05
60928,ES,4067,8.68416105537903e-05
61394,ES,4063,8.67561995770961e-05
61411,ES,4032,8.60942645077163e-05
61415,ES,3992,8.52401547407747e-05
67895,ES,3959,8.45355141830479e-05
64634,ES,3881,8.28700001375117e-05
63728,ES,3876,8.2763236416644e-05
62304,ES,3864,8.25070034865615e-05
63715,ES,3855,8.23148287889996e-05
64658,ES,3847,8.21440068356113e-05
65101,ES,3826,8.16955992079669e-05
64169,ES,3816,8.14820717662315e-05
63705,ES,3805,8.12471915803226e-05
63716,ES,3799,8.11190751152813e-05
64171,ES,3787,8.08628421851988e-05
63264,ES,3763,8.03503763250339e-05
62802,ES,3759,8.02649653483397e-05
62306,ES,3704,7.9090564418795e-05
62314,ES,3704,7.9090564418795e-05
63253,ES,3702,7.90478589304479e-05
61869,ES,3691,7.88129787445389e-05
60461,ES,3679,7.85567458144564e-05
65121,ES,3583,7.65068823737965e-05
66487,ES,3570,7.62292966995405e-05
69280,ES,3570,7.62292966995405e-05
66492,ES,3565,7.61225329786728e-05
61854,ES,3563,7.60798274903257e-05
65584,ES,3531,7.53965396767724e-05
61855,ES,3525,7.52684232117312e-05
60004,ES,3524,7.52470704675576e-05
63242,ES,3438,7.34107344686331e-05
67433,ES,3435,7.33466762361125e-05
66046,ES,3412,7.28555631201211e-05
65575,ES,3407,7.27487993992534e-05
61850,ES,3359,7.17238676789234e-05
61881,ES,3335,7.12114018187584e-05
68806,ES,3331,7.11259908420643e-05
66508,ES,3323,7.09551688886759e-05
68361,ES,3307,7.06135249818993e-05
68363,ES,3298,7.04213502843374e-05
62323,ES,3294,7.03359393076433e-05
64653,ES,3290,7.02505283309491e-05
66488,ES,3284,7.01224118659078e-05
69751,ES,3204,6.84141923320246e-05
63263,ES,3203,6.83928395878511e-05
70214,ES,3191,6.81366066577686e-05
62336,ES,3187,6.80511956810744e-05
61861,ES,3148,6.72184386583063e-05
66023,ES,3135,6.69408529840503e-05
69288,ES,3126,6.67486782864884e-05
68349,ES,3103,6.6257565170497e-05
66493,ES,3102,6.62362124263234e-05
61874,ES,3092,6.6022684984588e-05
61872,ES,3090,6.59799794962409e-05
67417,ES,3084,6.58518630311997e-05
66504,ES,3083,6.58305102870262e-05
62328,ES,3053,6.51899279618199e-05
69755,ES,3030,6.46988148458285e-05
61871,ES,3022,6.45279928924402e-05
65096,ES,3018,6.4442581915746e-05
70217,ES,2998,6.40155270322752e-05
65112,ES,2976,6.35457666604573e-05
65576,ES,2976,6.35457666604573e-05
61419,ES,2952,6.30333008002923e-05
59997,ES,2911,6.21578382891771e-05
66500,ES,2909,6.21151328008301e-05
71128,ES,2896,6.1837547126574e-05
60922,ES,2889,6.16880779173593e-05
68825,ES,2888,6.16667251731857e-05
65583,ES,2887,6.16453724290122e-05
65122,ES,2883,6.1559961452318e-05
66041,ES,2869,6.12610230338884e-05
69279,ES,2856,6.09834373596324e-05
59994,ES,2834,6.05136769878145e-05
60949,ES,2833,6.0492324243641e-05
64168,ES,2824,6.03001495460791e-05
66045,ES,2820,6.02147385693849e-05
68827,ES,2818,6.01720330810379e-05
69734,ES,2815,6.01079748485172e-05
59993,ES,2810,6.00012111276495e-05
61414,ES,2808,5.99585056393024e-05
62325,ES,2804,5.98730946626083e-05
64637,ES,2802,5.98303891742612e-05
64648,ES,2796,5.970227270922e-05
66040,ES,2785,5.9467392523311e-05
63252,ES,2782,5.94033342907904e-05
62307,ES,2777,5.92965705699227e-05
60464,ES,2769,5.91257486165344e-05
68817,ES,2705,5.77591729894277e-05
68356,ES,2690,5.74388818268246e-05
61406,ES,2645,5.64780083390153e-05
67437,ES,2643,5.64353028506682e-05
60934,ES,2622,5.59868952230239e-05
65581,ES,2615,5.58374260138091e-05
60951,ES,2607,5.56666040604208e-05
66506,ES,2595,5.54103711303383e-05
60918,ES,2587,5.52395491769499e-05
62778,ES,2583,5.51541382002558e-05
62322,ES,2582,5.51327854560822e-05
67423,ES,2574,5.49619635026939e-05
63706,ES,2549,5.44281448983554e-05
68362,ES,2549,5.44281448983554e-05
64659,ES,2533,5.40865009915787e-05
61408,ES,2528,5.3979737270711e-05
61858,ES,2522,5.38516208056698e-05
64647,ES,2505,5.34886241547196e-05
63241,ES,2489,5.31469802479429e-05
60459,ES,2475,5.28480418295134e-05
65113,ES,2451,5.23355759693484e-05
62324,ES,2404,5.1331996993192e-05
63721,ES,2376,5.07341201563328e-05
66494,ES,2355,5.02857125286885e-05
69753,ES,2352,5.02216542961679e-05
64633,ES,2345,5.00721850869531e-05
60927,ES,2336,4.98800103893912e-05
63724,ES,2333,4.98159521568706e-05
60485,ES,2284,4.87696676923671e-05
62777,ES,2276,4.85988457389788e-05
60926,ES,2270,4.84707292739375e-05
66956,ES,2261,4.82785545763757e-05
61391,ES,2235,4.77233832278636e-05
63258,ES,2230,4.76166195069959e-05
59991,ES,2219,4.73817393210869e-05
62313,ES,2206,4.71041536468309e-05
72060,ES,2205,4.70828009026574e-05
67897,ES,2200,4.69760371817897e-05
60930,ES,2198,4.69333316934426e-05
62789,ES,2192,4.68052152284013e-05
69276,ES,2190,4.67625097400543e-05
67889,ES,2101,4.48621155086091e-05
64184,ES,2088,4.45845298343531e-05
60478,ES,2081,4.44350606251383e-05
61417,ES,2068,4.41574749508823e-05
66495,ES,2059,4.39653002533204e-05
64638,ES,2055,4.38798892766263e-05
60948,ES,2040,4.35595981140231e-05
67424,ES,2014,4.30044267655111e-05
68351,ES,1987,4.24279026728255e-05
61397,ES,1981,4.22997862077842e-05
66961,ES,1929,4.11894435107601e-05
66047,ES,1903,4.06342721622481e-05
62319,ES,1880,4.01431590462566e-05
61384,ES,1870,3.99296316045212e-05
61845,ES,1868,3.98869261161741e-05
69287,ES,1850,3.95025767210504e-05
60458,ES,1827,3.9011463605059e-05
63723,ES,1809,3.86271142099352e-05
68347,ES,1785,3.81146483497703e-05
67885,ES,1781,3.80292373730761e-05
64652,ES,1753,3.74313605362169e-05
64192,ES,1733,3.70043056527461e-05
69290,ES,1733,3.70043056527461e-05
66958,ES,1707,3.64491343042341e-05
61412,ES,1698,3.62569596066722e-05
64657,ES,1648,3.51893223979952e-05
60467,ES,1613,3.44419763519212e-05
63726,ES,1610,3.43779181194006e-05
65114,ES,1602,3.42070961660123e-05
61849,ES,1593,3.40149214684504e-05
65116,ES,1588,3.39081577475827e-05
60455,ES,1583,3.3801394026715e-05
65580,ES,1583,3.3801394026715e-05
69289,ES,1576,3.36519248175002e-05
65119,ES,1553,3.31608117015088e-05
66027,ES,1523,3.25202293763026e-05
61409,ES,1518,3.24134656554349e-05
60479,ES,1499,3.20077635161376e-05
60013,ES,1468,3.13458284467578e-05
59998,ES,1464,3.12604174700637e-05
66043,ES,1441,3.07693043540722e-05
63727,ES,1424,3.0406307703122e-05
69277,ES,1424,3.0406307703122e-05
64167,ES,1400,2.98938418429571e-05
61864,ES,1395,2.97870781220894e-05
62792,ES,1386,2.95949034245275e-05
67439,ES,1355,2.89329683551477e-05
64170,ES,1353,2.88902628668006e-05
61879,ES,1347,2.87621464017594e-05
69271,ES,1338,2.85699717041975e-05
65120,ES,1332,2.84418552391563e-05
64655,ES,1316,2.81002113323796e-05
60942,ES,1296,2.76731564489088e-05
63255,ES,1273,2.71820433329174e-05
60931,ES,1255,2.67976939377937e-05
62793,ES,1247,2.66268719844053e-05
66490,ES,1235,2.63706390543228e-05
64654,ES,1234,2.63492863101493e-05
66960,ES,1225,2.61571116125874e-05
66486,ES,1199,2.56019402640754e-05
63718,ES,1179,2.51748853806046e-05
68341,ES,1171,2.50040634272162e-05
67425,ES,1157,2.47051250087867e-05
66044,ES,1153,2.46197140320925e-05
61385,ES,1139,2.43207756136629e-05
60947,ES,1139,2.43207756136629e-05
68353,ES,1139,2.43207756136629e-05
64650,ES,1132,2.41713064044481e-05
64656,ES,1129,2.41072481719275e-05
67878,ES,1112,2.37442515209773e-05
62791,ES,1072,2.28901417540357e-05
66962,ES,1048,2.23776758938707e-05
60481,ES,1045,2.23136176613501e-05
63719,ES,1040,2.22068539404824e-05
65582,ES,1023,2.18438572895322e-05
62794,ES,1008,2.15235661269291e-05
61865,ES,1002,2.13954496618878e-05
60946,ES,964,2.05840453832933e-05
66959,ES,953,2.03491651973843e-05
65577,ES,952,2.03278124532108e-05
60943,ES,929,1.98366993372194e-05
62310,ES,925,1.97512883605252e-05
64649,ES,924,1.97299356163517e-05
60932,ES,912,1.94737026862692e-05
64188,ES,912,1.94737026862692e-05
64190,ES,912,1.94737026862692e-05
61847,ES,904,1.93028807328808e-05
66949,ES,903,1.92815279887073e-05
62795,ES,878,1.87477093843688e-05
61407,ES,862,1.84060654775921e-05
65095,ES,814,1.73811337572622e-05
59999,ES,807,1.72316645480474e-05
61877,ES,783,1.67191986878824e-05
63266,ES,773,1.6505671246147e-05
66491,ES,765,1.63348492927587e-05
64185,ES,763,1.62921438044116e-05
64631,ES,759,1.62067328277174e-05
62330,ES,758,1.61853800835439e-05
61862,ES,746,1.59291471534614e-05
67888,ES,722,1.54166812932964e-05
69270,ES,710,1.51604483632139e-05
64651,ES,709,1.51390956190404e-05
61421,ES,692,1.47760989680902e-05
63722,ES,684,1.46052770147019e-05
63257,ES,670,1.43063385962723e-05
60952,ES,597,1.27475882716038e-05
68352,ES,597,1.27475882716038e-05
64186,ES,544,1.16158928304062e-05
63717,ES,517,1.10393687377206e-05
68821,ES,503,1.0740430319291e-05
68819,ES,501,1.06977248309439e-05
61863,ES,491,1.04841973892085e-05
65115,ES,471,1.00571425057377e-05
62312,ES,455,9.71549859896104e-06
61410,ES,452,9.65144036644042e-06
63254,ES,451,9.63008762226688e-06
69754,ES,441,9.41656018053147e-06
66485,ES,422,9.0108580412342e-06
62801,ES,390,8.3275702276809e-06
60480,ES,364,7.77239887916884e-06
66951,ES,364,7.77239887916884e-06
68818,ES,334,7.13181655396261e-06
65579,ES,331,7.06775832144199e-06
66484,ES,321,6.85423087970658e-06
63703,ES,274,5.85065190355017e-06
66963,ES,261,5.57306622929414e-06
62311,ES,139,2.96803144012217e-06
62776,ES,101,2.15662716152762e-06
67432,ES,51,1.08898995285058e-06
67431,ES,39,8.32757022768089e-07
60486,ES,26,5.5517134851206e-07
60014,ES,9,1.92174697561867e-07
60482,ES,9,1.92174697561867e-07
63267,ES,8,1.70821953388326e-07
69733,ES,2,4.27054883470815e-08
68805,ES,1,2.13527441735408e-08
70196,ES,1,2.13527441735408e-08
28565,FI,776406,0.145288109483962
28103,FI,275966,0.0516412526717349
28092,FI,178441,0.0333914930389868
28102,FI,154099,0.0288363979456225
26242,FI,145343,0.0271978960707767
19288,FI,100663,0.0188369705604852
23473,FI,98917,0.0185102432565243
27177,FI,98045,0.018347066733584
28091,FI,95668,0.0179022610053395
26241,FI,79348,0.0148483150714103
27638,FI,78886,0.0147618614548983
22985,FI,74877,0.014011661133261
25777,FI,69258,0.0129601830571122
23946,FI,61929,0.011588714322445
19753,FI,56014,0.0104818460504358
23454,FI,54275,0.0101564286497554
26234,FI,53474,0.01000653828866
27181,FI,52179,0.00976420618177041
24857,FI,52048,0.00973969227752135
26723,FI,50978,0.00953946420464731
27646,FI,45308,0.00847844254745499
21601,FI,44643,0.00835400173580898
28105,FI,44015,0.00823648469864552
24858,FI,43460,0.00813262808140712
19289,FI,43220,0.00808771711179051
25778,FI,42351,0.00792510197597039
26697,FI,40428,0.00756525283191733
28095,FI,34622,0.0064787816252756
24393,FI,34613,0.00647709746391497
24394,FI,34409,0.00643892313974086
26243,FI,32715,0.00612192654586364
28100,FI,31643,0.00592132421490947
25792,FI,30785,0.0057607674985301
27172,FI,30609,0.00572783278747792
19752,FI,29268,0.00547689274474514
28101,FI,29170,0.00545855409881836
28547,FI,27022,0.00505660092074973
22061,FI,26934,0.00504013356522364
26713,FI,25879,0.00484271242795064
16505,FI,25788,0.00482568368530435
28564,FI,25054,0.00468833096989356
24402,FI,24493,0.00458335157841474
26708,FI,23909,0.00447406821901433
26726,FI,23530,0.00440314631282811
28104,FI,22449,0.00420085982051331
28563,FI,22301,0.00417316472258307
27161,FI,21992,0.00411534184920169
20213,FI,21633,0.00404816252381685
25334,FI,21513,0.00402570703900855
27628,FI,21421,0.00400849116732218
27173,FI,21112,0.0039506682939408
27169,FI,19806,0.00370627776761043
27647,FI,19255,0.00360316966653231
22079,FI,19163,0.00358595379484594
26240,FI,19112,0.00357641021380241
27178,FI,18463,0.00345496346679751
28099,FI,18213,0.00340818120678021
21153,FI,18210,0.00340761981966
25770,FI,18149,0.00339620494821578
23945,FI,17886,0.00334699001067758
18359,FI,17170,0.00321300561798804
28093,FI,17169,0.00321281848894797
17891,FI,16929,0.00316790751933137
27627,FI,16840,0.00315125303476521
26724,FI,16097,0.0030122161579938
27640,FI,16061,0.00300547951255131
26233,FI,15922,0.00297946857598169
23009,FI,15859,0.00296767944645733
29023,FI,15671,0.00293249918692432
25319,FI,14829,0.00277493653518606
26715,FI,14685,0.0027479899534161
27639,FI,14666,0.00274443450165478
27182,FI,14570,0.00272647011380814
28561,FI,14136,0.00264525611041811
25791,FI,13959,0.00261213427032586
24399,FI,13928,0.00260633327008372
26706,FI,13882,0.00259772533424054
26238,FI,12988,0.00243043197241868
21141,FI,12611,0.00235988432431259
28107,FI,12012,0.00224779402931114
26235,FI,11933,0.00223301083514568
23929,FI,11715,0.00219221670441059
17893,FI,11596,0.00216994834864236
21154,FI,11548,0.00216096615471904
16506,FI,11154,0.00208723731293178
22062,FI,11093,0.00207582244148756
23916,FI,11016,0.00206141350540223
16969,FI,10824,0.00202548472970894
24379,FI,10689,0.0020002223092996
25775,FI,10483,0.00196167372704535
25308,FI,10390,0.00194427072631891
26714,FI,10079,0.00188607359485739
17911,FI,9697,0.00181459030155096
23455,FI,9599,0.00179625165562418
27176,FI,9562,0.00178932788114162
27629,FI,9547,0.00178652094554058
24376,FI,9276,0.00173580897568183
27167,FI,9276,0.00173580897568183
25769,FI,9269,0.00173449907240135
28562,FI,9032,0.00169014948990495
26701,FI,8953,0.00167536629573948
26699,FI,8933,0.0016716237149381
24853,FI,8821,0.00165066526245035
27637,FI,8808,0.00164823258492945
27174,FI,8694,0.00162689987436156
27626,FI,8622,0.00161342658347658
16970,FI,8455,0.00158217603378503
23917,FI,8260,0.00154568587097153
23921,FI,7897,0.00147775802942642
26709,FI,7893,0.00147700951326614
25780,FI,7799,0.00145941938349963
18824,FI,7540,0.00141095296212171
22555,FI,7451,0.00139429847755556
27168,FI,7355,0.00137633408970891
21606,FI,7350,0.00137539844450857
21156,FI,7303,0.00136660337962532
23449,FI,7284,0.001363047927864
27635,FI,7274,0.00136117663746331
26725,FI,7201,0.00134751621753826
22986,FI,7079,0.00132468647464982
23451,FI,6954,0.00130129534464117
26700,FI,6765,0.00126592795606809
22991,FI,6733,0.00125993982678588
20678,FI,6717,0.00125694576214477
26705,FI,6603,0.00123561305157688
23453,FI,6542,0.00122419818013266
26707,FI,6376,0.00119313475948117
20675,FI,6361,0.00119032782388014
27636,FI,6163,0.00115327627394644
26244,FI,6081,0.00113793169266076
23943,FI,6037,0.00112969801489772
28557,FI,6030,0.00112838811161723
21138,FI,5993,0.00112146433713467
28098,FI,5968,0.00111678611113294
23930,FI,5963,0.0011158504659326
27166,FI,5941,0.00111173362705107
22087,FI,5923,0.00110836530432983
24875,FI,5888,0.00110181578792741
23935,FI,5874,0.00109919598136644
22077,FI,5830,0.00109096230360339
27641,FI,5805,0.00108628407760166
23918,FI,5761,0.00107805039983862
26698,FI,5751,0.00107617910943793
22994,FI,5707,0.00106794543167488
19290,FI,5700,0.0010666355283944
19754,FI,5694,0.00106551275415398
24389,FI,5657,0.00105858897967142
22544,FI,5596,0.0010471741082272
27633,FI,5553,0.00103912755950423
22990,FI,5520,0.00103295230118194
27180,FI,5503,0.00102977110750077
25311,FI,5448,0.00101947901029696
27630,FI,5439,0.00101779484893634
22525,FI,5399,0.00101030968733357
15117,FI,5384,0.00100750275173253
21144,FI,5318,0.000995152235087968
22987,FI,5294,0.000990661138126307
25776,FI,5192,0.000971573976039249
24847,FI,5165,0.000966521491957381
26236,FI,4960,0.000928160038743196
22065,FI,4900,0.000916932296339045
23011,FI,4744,0.000887740166088251
21602,FI,4689,0.000877448068884445
28096,FI,4659,0.000871834197682369
28106,FI,4630,0.000866407455520363
23928,FI,4587,0.000858360906797388
23923,FI,4581,0.000857238132556972
19766,FI,4535,0.00084863019671379
26711,FI,4448,0.00083234997022777
16512,FI,4424,0.000827858873266109
26254,FI,4417,0.000826548969985625
23002,FI,4373,0.00081831529222258
21161,FI,4341,0.000812327162940366
27175,FI,4333,0.000810830130619813
21140,FI,4293,0.000803344969017045
25779,FI,4290,0.000802783581896837
24850,FI,4289,0.000802596452856768
26237,FI,4262,0.0007975439687749
22063,FI,4248,0.000794924162213931
24377,FI,4205,0.000786877613490956
27643,FI,4188,0.00078369641980978
23944,FI,4160,0.000778456806687842
28559,FI,4145,0.000775649871086804
25787,FI,4140,0.000774714225886458
24382,FI,4063,0.00076030528980113
23458,FI,3993,0.000747206256996287
25330,FI,3983,0.000745334966595595
20690,FI,3956,0.000740282482513727
25336,FI,3934,0.000736165643632205
21608,FI,3912,0.000732048804750682
19755,FI,3905,0.000730738901470198
27631,FI,3868,0.000723815126987638
27632,FI,3825,0.000715768578264663
12801,FI,3815,0.000713897287863971
17892,FI,3801,0.000711277481303002
26262,FI,3761,0.000703792319700234
24396,FI,3738,0.000699488351778643
27625,FI,3688,0.000690131899775183
24410,FI,3675,0.000687699222254284
24395,FI,3612,0.000675910092729925
23483,FI,3576,0.000669173447287434
23927,FI,3541,0.000662623930885012
26722,FI,3504,0.000655700156402452
27170,FI,3481,0.00065139618848086
27644,FI,3466,0.000648589252879822
23950,FI,3465,0.000648402123839753
23482,FI,3453,0.000646156575358923
24392,FI,3436,0.000642975381677747
22993,FI,3410,0.000638110026635948
23914,FI,3355,0.000627817929432142
27642,FI,3318,0.000620894154949582
22074,FI,3297,0.000616964445108129
19751,FI,3277,0.000613221864306745
21605,FI,3256,0.000609292154465292
21607,FI,3238,0.000605923831744047
26712,FI,3235,0.000605362444623839
23452,FI,3230,0.000604426799423493
27649,FI,3197,0.00059825154110121
23012,FI,3159,0.00059114063757858
23919,FI,3082,0.000576731701493252
25325,FI,3059,0.000572427733571661
23008,FI,3047,0.000570182185090831
26710,FI,3037,0.000568310894690139
20676,FI,3026,0.000566252475249378
23476,FI,2988,0.000559141571726748
23462,FI,2976,0.000556896023245918
24876,FI,2970,0.000555773249005503
26239,FI,2960,0.000553901958604811
26721,FI,2936,0.00054941086164315
27185,FI,2936,0.00054941086164315
24866,FI,2915,0.000545481151801697
25305,FI,2900,0.000542674216200659
22988,FI,2882,0.000539305893479414
26703,FI,2863,0.000535750441718099
18831,FI,2859,0.000535001925557822
28094,FI,2845,0.000532382118996854
27179,FI,2822,0.000528078151075262
22530,FI,2797,0.000523399925073532
23475,FI,2755,0.000515540505390626
23480,FI,2712,0.000507493956667651
25315,FI,2696,0.000504499892026544
23472,FI,2683,0.000502067214505644
22537,FI,2655,0.000496827601383707
21604,FI,2629,0.000491962246341908
27165,FI,2628,0.000491775117301839
25800,FI,2616,0.000489529568821008
23457,FI,2604,0.000487284020340178
22072,FI,2602,0.00048690976226004
27624,FI,2598,0.000486161246099763
14646,FI,2576,0.000482044407218241
24852,FI,2563,0.000479611729697341
25335,FI,2521,0.000471752310014435
28097,FI,2484,0.000464828535531875
20689,FI,2478,0.00046370576129146
28560,FI,2476,0.000463331503211322
16961,FI,2448,0.000458091890089384
24859,FI,2443,0.000457156244889038
20215,FI,2425,0.000453787922167793
24391,FI,2422,0.000453226535047585
26264,FI,2412,0.000451355244646893
22064,FI,2395,0.000448174050965717
25801,FI,2380,0.000445367115364679
19291,FI,2339,0.000437694824721842
22086,FI,2339,0.000437694824721842
23912,FI,2338,0.000437507695681773
22080,FI,2294,0.000429274017918728
22081,FI,2250,0.000421040340155684
23934,FI,2237,0.000418607662634784
16968,FI,2195,0.000410748242951878
20217,FI,2182,0.000408315565430979
25785,FI,2175,0.000407005662150494
23922,FI,2168,0.00040569575887001
21139,FI,2157,0.000403637339429249
23006,FI,2157,0.000403637339429249
24868,FI,2154,0.000403075952309041
21160,FI,2111,0.000395029403586066
23450,FI,2110,0.000394842274545997
24845,FI,2099,0.000392783855105236
25774,FI,2095,0.000392035338944959
27187,FI,2094,0.00039184820990489
23947,FI,2076,0.000388479887183644
23937,FI,2075,0.000388292758143575
22070,FI,2063,0.000386047209662745
25309,FI,2059,0.000385298693502468
22528,FI,2042,0.000382117499821292
18371,FI,2009,0.000375942241499008
26245,FI,2007,0.00037556798341887
26248,FI,2002,0.000374632338218524
27645,FI,1998,0.000373883822058247
23459,FI,1981,0.000370702628377071
25332,FI,1972,0.000369018467016448
23932,FI,1968,0.000368269950856172
17430,FI,1941,0.000363217466774303
23474,FI,1940,0.000363030337734234
16034,FI,1939,0.000362843208694165
25316,FI,1937,0.000362468950614027
25771,FI,1915,0.000358352111732504
24405,FI,1888,0.000353299627650636
24378,FI,1888,0.000353299627650636
17901,FI,1887,0.000353112498610567
23010,FI,1870,0.000349931304929391
27164,FI,1869,0.000349744175889321
27162,FI,1857,0.000347498627408491
16053,FI,1854,0.000346937240288284
23004,FI,1850,0.000346188724128007
22527,FI,1842,0.000344691691807453
23470,FI,1837,0.000343756046607107
22526,FI,1836,0.000343568917567038
26702,FI,1832,0.000342820401406761
21610,FI,1815,0.000339639207725585
21603,FI,1815,0.000339639207725585
22546,FI,1811,0.000338890691565308
23456,FI,1808,0.000338329304445101
19756,FI,1801,0.000337019401164616
25313,FI,1782,0.000333463949403302
25793,FI,1769,0.000331031271882402
25773,FI,1754,0.000328224336281364
23938,FI,1748,0.000327101562040949
22996,FI,1746,0.000326727303960811
25790,FI,1734,0.00032448175547998
25310,FI,1724,0.000322610465079288
18830,FI,1719,0.000321674819878943
25318,FI,1718,0.000321487690838873
19761,FI,1712,0.000320364916598458
22997,FI,1709,0.000319803529478251
27186,FI,1663,0.000311195593635068
27648,FI,1655,0.000309698561314514
26704,FI,1639,0.000306704496673407
25338,FI,1636,0.000306143109553199
25783,FI,1627,0.000304458948192577
23931,FI,1608,0.000300903496431262
17443,FI,1599,0.000299219335070639
23016,FI,1599,0.000299219335070639
24401,FI,1574,0.00029454110906891
17447,FI,1561,0.00029210843154801
24842,FI,1545,0.000289114366906903
28558,FI,1544,0.000288927237866834
24863,FI,1542,0.000288552979786695
23015,FI,1530,0.000286307431305865
23913,FI,1526,0.000285558915145588
26251,FI,1524,0.00028518465706545
25795,FI,1495,0.000279757914903443
22078,FI,1488,0.000278448011622959
23942,FI,1478,0.000276576721222267
23468,FI,1477,0.000276389592182198
24411,FI,1458,0.000272834140420883
20222,FI,1454,0.000272085624260606
20679,FI,1447,0.000270775720980122
24390,FI,1447,0.000270775720980122
25320,FI,1427,0.000267033140178738
23477,FI,1424,0.000266471753058531
25781,FI,1420,0.000265723236898254
24841,FI,1410,0.000263851946497562
14182,FI,1409,0.000263664817457493
14177,FI,1399,0.000261793527056801
21148,FI,1386,0.000259360849535901
20228,FI,1377,0.000257676688175279
23471,FI,1365,0.000255431139694448
24380,FI,1353,0.000253185591213618
23911,FI,1351,0.00025281133313348
22554,FI,1338,0.00025037865561258
22534,FI,1328,0.000248507365211888
23484,FI,1305,0.000244203397290297
24409,FI,1300,0.000243267752089951
24870,FI,1296,0.000242519235929674
27163,FI,1287,0.000240835074569051
25307,FI,1277,0.000238963784168359
27634,FI,1270,0.000237653880887875
15106,FI,1262,0.000236156848567321
22529,FI,1253,0.000234472687206699
16513,FI,1244,0.000232788525846076
24856,FI,1237,0.000231478622565592
26256,FI,1235,0.000231104364485453
22545,FI,1206,0.000225677622323447
16504,FI,1202,0.00022492910616317
22989,FI,1187,0.000222122170562132
20682,FI,1185,0.000221747912481994
22075,FI,1182,0.000221186525361786
23920,FI,1176,0.000220063751121371
21151,FI,1169,0.000218753847840886
22531,FI,1168,0.000218566718800817
24412,FI,1166,0.000218192460720679
22071,FI,1160,0.000217069686480264
24385,FI,1160,0.000217069686480264
27183,FI,1152,0.00021557265415971
26716,FI,1145,0.000214262750879226
24386,FI,1142,0.000213701363759018
25306,FI,1137,0.000212765718558672
24381,FI,1135,0.000212391460478534
20691,FI,1134,0.000212204331438465
24846,FI,1121,0.000209771653917565
22543,FI,1115,0.00020864887967715
22548,FI,1114,0.000208461750637081
24861,FI,1105,0.000206777589276458
23466,FI,1104,0.000206590460236389
18826,FI,1093,0.000204532040795628
21146,FI,1070,0.000200228072874036
24400,FI,1068,0.000199853814793898
21143,FI,1058,0.000197982524393206
25323,FI,1051,0.000196672621112722
25327,FI,1043,0.000195175588792168
26263,FI,1040,0.000194614201671961
21142,FI,1035,0.000193678556471615
25328,FI,1034,0.000193491427431545
23007,FI,1032,0.000193117169351407
19767,FI,1019,0.000190684491830507
22999,FI,1019,0.000190684491830507
26249,FI,1013,0.000189561717590092
23469,FI,1011,0.000189187459509954
24855,FI,1011,0.000189187459509954
24874,FI,1009,0.000188813201429816
23915,FI,1003,0.0001876904271894
24403,FI,990,0.000185257749668501
26718,FI,980,0.000183386459267809
27188,FI,976,0.000182637943107532
23464,FI,969,0.000181328039827048
21155,FI,949,0.000177585459025664
22066,FI,949,0.000177585459025664
24397,FI,949,0.000177585459025664
23005,FI,946,0.000177024071905456
25782,FI,933,0.000174591394384557
24864,FI,929,0.00017384287822428
20684,FI,927,0.000173468620144142
20214,FI,922,0.000172532974943796
17427,FI,908,0.000169913168382827
22068,FI,906,0.000169538910302689
25314,FI,905,0.00016935178126262
25788,FI,891,0.000166731974701651
26717,FI,869,0.000162615135820129
26252,FI,862,0.000161305232539644
24867,FI,852,0.000159433942138952
25329,FI,845,0.000158124038858468
25331,FI,834,0.000156065619417707
26250,FI,833,0.000155878490377638
25789,FI,829,0.000155129974217361
22076,FI,826,0.000154568587097153
26247,FI,814,0.000152323038616323
21616,FI,811,0.000151761651496115
27171,FI,807,0.000151013135335839
22541,FI,803,0.000150264619175562
25772,FI,798,0.000149328973975216
24865,FI,792,0.000148206199734801
18825,FI,785,0.000146896296454316
25322,FI,781,0.00014614778029404
21614,FI,767,0.000143527973733071
24413,FI,763,0.000142779457572794
24851,FI,762,0.000142592328532725
24871,FI,760,0.000142218070452587
17912,FI,759,0.000142030941412517
22551,FI,759,0.000142030941412517
24873,FI,756,0.00014146955429231
25333,FI,755,0.000141282425252241
25317,FI,755,0.000141282425252241
12335,FI,753,0.000140908167172102
24840,FI,752,0.000140721038132033
23461,FI,751,0.000140533909091964
24854,FI,742,0.000138849747731341
24849,FI,742,0.000138849747731341
23936,FI,740,0.000138475489651203
25786,FI,739,0.000138288360611134
25321,FI,738,0.000138101231571064
27650,FI,737,0.000137914102530995
23001,FI,728,0.000136229941170372
23949,FI,726,0.000135855683090234
23463,FI,722,0.000135107166929957
21157,FI,716,0.000133984392689542
26253,FI,716,0.000133984392689542
22992,FI,712,0.000133235876529265
23479,FI,701,0.000131177457088504
24860,FI,695,0.000130054682848089
21609,FI,685,0.000128183392447397
20227,FI,683,0.000127809134367259
23933,FI,682,0.00012762200532719
21145,FI,679,0.000127060618206982
21152,FI,677,0.000126686360126844
25326,FI,673,0.000125937843966567
23926,FI,655,0.000122569521245321
24404,FI,649,0.000121446747004906
20216,FI,642,0.000120136843724422
24383,FI,640,0.000119762585644283
14643,FI,638,0.000119388327564145
13249,FI,634,0.000118639811403868
23481,FI,634,0.000118639811403868
24388,FI,633,0.000118452682363799
24862,FI,629,0.000117704166203522
16048,FI,625,0.000116955650043246
21615,FI,618,0.000115645746762761
25312,FI,610,0.000114148714442208
22547,FI,594,0.000111154649801101
18832,FI,592,0.000110780391720962
18372,FI,581,0.000108721972280201
23941,FI,577,0.000107973456119924
20677,FI,574,0.000107412068999717
26720,FI,568,0.000106289294759302
27184,FI,556,0.000104043746278471
26255,FI,555,0.000103856617238402
17428,FI,554,0.000103669488198333
24844,FI,554,0.000103669488198333
22995,FI,537,0.000100488294517157
23017,FI,533,9.97397783568798e-05
23019,FI,532,9.95526493168106e-05
20220,FI,528,9.88041331565338e-05
22542,FI,522,9.76813589161187e-05
23939,FI,522,9.76813589161187e-05
15123,FI,521,9.74942298760495e-05
24843,FI,520,9.73071008359803e-05
23924,FI,518,9.69328427558419e-05
25337,FI,511,9.56229394753575e-05
26246,FI,509,9.52486813952192e-05
26719,FI,508,9.506155235515e-05
24387,FI,504,9.43130361948732e-05
23000,FI,502,9.39387781147348e-05
16971,FI,491,9.18803586739737e-05
10479,FI,490,9.16932296339045e-05
20221,FI,483,9.03833263534201e-05
21612,FI,475,8.88862940328666e-05
25324,FI,468,8.75763907523823e-05
21150,FI,466,8.72021326722439e-05
24848,FI,466,8.72021326722439e-05
24877,FI,459,8.58922293917595e-05
22553,FI,458,8.57051003516903e-05
15110,FI,452,8.45823261112752e-05
22067,FI,446,8.345955187086e-05
24407,FI,445,8.32724228307908e-05
23003,FI,440,8.23367776304449e-05
24408,FI,437,8.17753905102373e-05
25339,FI,436,8.15882614701681e-05
17431,FI,432,8.08397453098913e-05
21147,FI,429,8.02783581896837e-05
23013,FI,429,8.02783581896837e-05
20681,FI,423,7.91555839492686e-05
15570,FI,422,7.89684549091994e-05
17900,FI,418,7.82199387489226e-05
26257,FI,418,7.82199387489226e-05
23467,FI,417,7.80328097088534e-05
19292,FI,415,7.7658551628715e-05
16983,FI,413,7.72842935485766e-05
25796,FI,410,7.67229064283691e-05
15115,FI,409,7.65357773882999e-05
16040,FI,407,7.61615193081615e-05
15585,FI,406,7.59743902680923e-05
23940,FI,406,7.59743902680923e-05
24384,FI,406,7.59743902680923e-05
23018,FI,394,7.3728841787262e-05
23478,FI,393,7.35417127471928e-05
16498,FI,391,7.31674546670544e-05
16962,FI,383,7.16704223465009e-05
16973,FI,381,7.12961642663625e-05
22084,FI,379,7.09219061862241e-05
26261,FI,378,7.07347771461549e-05
27189,FI,377,7.05476481060857e-05
23948,FI,373,6.97991319458089e-05
25799,FI,373,6.97991319458089e-05
17910,FI,370,6.92377448256013e-05
25797,FI,369,6.90506157855322e-05
17448,FI,364,6.81149705851862e-05
20229,FI,364,6.81149705851862e-05
22088,FI,362,6.77407125050478e-05
22538,FI,362,6.77407125050478e-05
22535,FI,362,6.77407125050478e-05
25784,FI,362,6.77407125050478e-05
14653,FI,358,6.6992196344771e-05
25794,FI,357,6.68050673047018e-05
24869,FI,349,6.53080349841483e-05
17446,FI,348,6.51209059440791e-05
22552,FI,344,6.43723897838023e-05
16501,FI,340,6.36238736235256e-05
22069,FI,339,6.34367445834564e-05
12800,FI,337,6.3062486503318e-05
15584,FI,337,6.3062486503318e-05
18829,FI,334,6.25010993831104e-05
13264,FI,331,6.19397122629028e-05
24398,FI,325,6.08169380224877e-05
15118,FI,322,6.02555509022801e-05
18834,FI,322,6.02555509022801e-05
22532,FI,317,5.93199057019341e-05
24406,FI,317,5.93199057019341e-05
16974,FI,315,5.89456476217957e-05
17449,FI,314,5.87585185817266e-05
25802,FI,310,5.80100024214498e-05
20231,FI,308,5.76357443413114e-05
17426,FI,304,5.68872281810346e-05
21158,FI,304,5.68872281810346e-05
26258,FI,301,5.6325841060827e-05
19765,FI,300,5.61387120207579e-05
20223,FI,296,5.53901958604811e-05
21613,FI,295,5.52030668204119e-05
14644,FI,294,5.50159377803427e-05
16035,FI,294,5.50159377803427e-05
22073,FI,292,5.46416797002043e-05
18365,FI,286,5.35189054597892e-05
18367,FI,285,5.333177641972e-05
17445,FI,283,5.29575183395816e-05
20685,FI,283,5.29575183395816e-05
16500,FI,281,5.25832602594432e-05
22536,FI,279,5.22090021793048e-05
21621,FI,277,5.18347440991664e-05
15571,FI,272,5.08990988988205e-05
13727,FI,271,5.07119698587513e-05
18361,FI,269,5.03377117786129e-05
20686,FI,267,4.99634536984745e-05
23951,FI,267,4.99634536984745e-05
18360,FI,265,4.95891956183361e-05
16051,FI,264,4.94020665782669e-05
16975,FI,264,4.94020665782669e-05
24872,FI,263,4.92149375381977e-05
21159,FI,256,4.79050342577134e-05
15105,FI,255,4.77179052176442e-05
23460,FI,255,4.77179052176442e-05
16507,FI,251,4.69693890573674e-05
22539,FI,251,4.69693890573674e-05
23485,FI,248,4.64080019371598e-05
15581,FI,240,4.49109696166063e-05
21611,FI,235,4.39753244162603e-05
11402,FI,234,4.37881953761911e-05
17432,FI,234,4.37881953761911e-05
20688,FI,234,4.37881953761911e-05
20680,FI,233,4.36010663361219e-05
24414,FI,230,4.30396792159144e-05
22998,FI,229,4.28525501758452e-05
17429,FI,228,4.2665421135776e-05
18833,FI,228,4.2665421135776e-05
15114,FI,227,4.24782920957068e-05
20698,FI,227,4.24782920957068e-05
14647,FI,222,4.15426468953608e-05
16964,FI,222,4.15426468953608e-05
16054,FI,220,4.11683888152224e-05
16980,FI,220,4.11683888152224e-05
22540,FI,217,4.06070016950148e-05
17902,FI,216,4.04198726549457e-05
17444,FI,214,4.00456145748073e-05
13251,FI,212,3.96713564946689e-05
16976,FI,212,3.96713564946689e-05
17907,FI,212,3.96713564946689e-05
20683,FI,212,3.96713564946689e-05
22085,FI,211,3.94842274545997e-05
19300,FI,210,3.92970984145305e-05
13244,FI,209,3.91099693744613e-05
17913,FI,208,3.89228403343921e-05
20226,FI,208,3.89228403343921e-05
17904,FI,205,3.83614532141845e-05
22082,FI,204,3.81743241741153e-05
16519,FI,202,3.7800066093977e-05
16052,FI,201,3.76129370539078e-05
17909,FI,201,3.76129370539078e-05
19293,FI,201,3.76129370539078e-05
23465,FI,201,3.76129370539078e-05
14179,FI,196,3.66772918535618e-05
17896,FI,195,3.64901628134926e-05
20230,FI,195,3.64901628134926e-05
14178,FI,194,3.63030337734234e-05
18838,FI,194,3.63030337734234e-05
20692,FI,193,3.61159047333542e-05
18836,FI,192,3.5928775693285e-05
18369,FI,191,3.57416466532158e-05
19762,FI,190,3.55545176131466e-05
19757,FI,190,3.55545176131466e-05
18827,FI,189,3.53673885730774e-05
16979,FI,188,3.51802595330083e-05
20695,FI,188,3.51802595330083e-05
15107,FI,185,3.46188724128007e-05
22533,FI,184,3.44317433727315e-05
12802,FI,183,3.42446143326623e-05
16036,FI,181,3.38703562525239e-05
18837,FI,180,3.36832272124547e-05
23486,FI,180,3.36832272124547e-05
26727,FI,180,3.36832272124547e-05
16982,FI,179,3.34960981723855e-05
17903,FI,178,3.33089691323163e-05
18373,FI,177,3.31218400922471e-05
12334,FI,176,3.29347110521779e-05
26259,FI,169,3.16248077716936e-05
15574,FI,168,3.14376787316244e-05
21162,FI,167,3.12505496915552e-05
17442,FI,166,3.1063420651486e-05
13246,FI,165,3.08762916114168e-05
26260,FI,164,3.06891625713476e-05
23014,FI,163,3.05020335312784e-05
16503,FI,159,2.97535173710017e-05
16963,FI,156,2.91921302507941e-05
19301,FI,156,2.91921302507941e-05
11846,FI,153,2.86307431305865e-05
16514,FI,153,2.86307431305865e-05
17436,FI,152,2.84436140905173e-05
20693,FI,150,2.80693560103789e-05
23925,FI,149,2.78822269703097e-05
15577,FI,147,2.75079688901714e-05
20219,FI,147,2.75079688901714e-05
19303,FI,146,2.73208398501022e-05
18374,FI,145,2.7133710810033e-05
19297,FI,144,2.69465817699638e-05
13713,FI,141,2.63851946497562e-05
23487,FI,141,2.63851946497562e-05
25798,FI,140,2.6198065609687e-05
11871,FI,139,2.60109365696178e-05
22549,FI,139,2.60109365696178e-05
19298,FI,138,2.58238075295486e-05
15575,FI,137,2.56366784894794e-05
13715,FI,135,2.5262420409341e-05
14651,FI,135,2.5262420409341e-05
15588,FI,135,2.5262420409341e-05
16049,FI,135,2.5262420409341e-05
19299,FI,135,2.5262420409341e-05
15590,FI,134,2.50752913692718e-05
18362,FI,134,2.50752913692718e-05
18368,FI,133,2.48881623292027e-05
19304,FI,133,2.48881623292027e-05
18370,FI,132,2.47010332891335e-05
20696,FI,132,2.47010332891335e-05
20697,FI,131,2.45139042490643e-05
12340,FI,129,2.41396461689259e-05
20232,FI,127,2.37653880887875e-05
15124,FI,126,2.35782590487183e-05
20218,FI,126,2.35782590487183e-05
19764,FI,123,2.30168719285107e-05
14649,FI,122,2.28297428884415e-05
15583,FI,122,2.28297428884415e-05
17435,FI,119,2.22683557682339e-05
21617,FI,116,2.17069686480264e-05
16043,FI,115,2.15198396079572e-05
18839,FI,115,2.15198396079572e-05
14641,FI,114,2.1332710567888e-05
13712,FI,113,2.11455815278188e-05
18366,FI,112,2.09584524877496e-05
18363,FI,112,2.09584524877496e-05
16511,FI,111,2.07713234476804e-05
17898,FI,111,2.07713234476804e-05
18835,FI,110,2.05841944076112e-05
15119,FI,109,2.0397065367542e-05
17897,FI,108,2.02099363274728e-05
15113,FI,106,1.98356782473344e-05
17438,FI,106,1.98356782473344e-05
22089,FI,104,1.94614201671961e-05
22550,FI,104,1.94614201671961e-05
16967,FI,103,1.92742911271269e-05
21622,FI,103,1.92742911271269e-05
21620,FI,103,1.92742911271269e-05
17437,FI,101,1.89000330469885e-05
17908,FI,100,1.87129040069193e-05
18828,FI,100,1.87129040069193e-05
16972,FI,98,1.83386459267809e-05
17899,FI,98,1.83386459267809e-05
20687,FI,98,1.83386459267809e-05
18375,FI,95,1.77772588065733e-05
15109,FI,92,1.72158716863657e-05
22091,FI,92,1.72158716863657e-05
22557,FI,92,1.72158716863657e-05
16509,FI,90,1.68416136062274e-05
21625,FI,88,1.6467355526089e-05
23488,FI,88,1.6467355526089e-05
12784,FI,87,1.62802264860198e-05
17914,FI,87,1.62802264860198e-05
10018,FI,86,1.60930974459506e-05
15591,FI,86,1.60930974459506e-05
15582,FI,86,1.60930974459506e-05
16978,FI,86,1.60930974459506e-05
19759,FI,86,1.60930974459506e-05
17441,FI,85,1.59059684058814e-05
19305,FI,85,1.59059684058814e-05
19758,FI,85,1.59059684058814e-05
19302,FI,84,1.57188393658122e-05
12333,FI,82,1.53445812856738e-05
13714,FI,82,1.53445812856738e-05
19768,FI,82,1.53445812856738e-05
16517,FI,79,1.47831941654662e-05
18840,FI,79,1.47831941654662e-05
16038,FI,78,1.4596065125397e-05
17433,FI,78,1.4596065125397e-05
22556,FI,78,1.4596065125397e-05
13718,FI,77,1.44089360853278e-05
18376,FI,76,1.42218070452587e-05
14654,FI,75,1.40346780051895e-05
17895,FI,75,1.40346780051895e-05
20224,FI,75,1.40346780051895e-05
19763,FI,74,1.38475489651203e-05
20233,FI,73,1.36604199250511e-05
17906,FI,72,1.34732908849819e-05
18364,FI,72,1.34732908849819e-05
23952,FI,72,1.34732908849819e-05
16518,FI,71,1.32861618449127e-05
19294,FI,70,1.30990328048435e-05
21618,FI,69,1.29119037647743e-05
10949,FI,67,1.25376456846359e-05
13247,FI,67,1.25376456846359e-05
14648,FI,67,1.25376456846359e-05
15112,FI,67,1.25376456846359e-05
16515,FI,67,1.25376456846359e-05
17439,FI,66,1.23505166445667e-05
13717,FI,65,1.21633876044975e-05
14642,FI,65,1.21633876044975e-05
19769,FI,65,1.21633876044975e-05
21163,FI,65,1.21633876044975e-05
21619,FI,65,1.21633876044975e-05
17450,FI,64,1.19762585644283e-05
23020,FI,63,1.17891295243592e-05
15572,FI,62,1.160200048429e-05
16984,FI,62,1.160200048429e-05
16508,FI,62,1.160200048429e-05
14183,FI,61,1.14148714442208e-05
15580,FI,61,1.14148714442208e-05
15122,FI,57,1.0666355283944e-05
12332,FI,56,1.04792262438748e-05
14181,FI,56,1.04792262438748e-05
14657,FI,56,1.04792262438748e-05
15569,FI,56,1.04792262438748e-05
18841,FI,56,1.04792262438748e-05
13253,FI,54,1.01049681637364e-05
14184,FI,54,1.01049681637364e-05
16037,FI,54,1.01049681637364e-05
22090,FI,54,1.01049681637364e-05
12337,FI,53,9.91783912366722e-06
17894,FI,53,9.91783912366722e-06
10951,FI,52,9.73071008359803e-06
16050,FI,52,9.73071008359803e-06
16502,FI,52,9.73071008359803e-06
21624,FI,52,9.73071008359803e-06
25340,FI,52,9.73071008359803e-06
15108,FI,51,9.54358104352883e-06
13250,FI,50,9.35645200345964e-06
14652,FI,50,9.35645200345964e-06
20234,FI,50,9.35645200345964e-06
16044,FI,49,9.16932296339045e-06
10478,FI,48,8.98219392332126e-06
17434,FI,48,8.98219392332126e-06
16039,FI,47,8.79506488325206e-06
17905,FI,47,8.79506488325206e-06
10938,FI,46,8.60793584318287e-06
11412,FI,46,8.60793584318287e-06
18377,FI,46,8.60793584318287e-06
22083,FI,46,8.60793584318287e-06
14193,FI,44,8.23367776304449e-06
19296,FI,43,8.04654872297529e-06
10480,FI,42,7.8594196829061e-06
11874,FI,42,7.8594196829061e-06
15573,FI,41,7.67229064283691e-06
19295,FI,40,7.48516160276771e-06
10943,FI,39,7.29803256269852e-06
16041,FI,39,7.29803256269852e-06
16965,FI,39,7.29803256269852e-06
16510,FI,37,6.92377448256014e-06
17425,FI,37,6.92377448256014e-06
20225,FI,37,6.92377448256014e-06
12331,FI,36,6.73664544249094e-06
15586,FI,36,6.73664544249094e-06
20699,FI,36,6.73664544249094e-06
21149,FI,36,6.73664544249094e-06
23023,FI,36,6.73664544249094e-06
16046,FI,35,6.54951640242175e-06
16516,FI,35,6.54951640242175e-06
13248,FI,34,6.36238736235256e-06
12785,FI,33,6.17525832228336e-06
15587,FI,32,5.98812928221417e-06
11413,FI,31,5.80100024214498e-06
13252,FI,31,5.80100024214498e-06
13245,FI,31,5.80100024214498e-06
10950,FI,29,5.42674216200659e-06
12329,FI,29,5.42674216200659e-06
15589,FI,29,5.42674216200659e-06
24415,FI,29,5.42674216200659e-06
10475,FI,28,5.2396131219374e-06
14194,FI,27,5.05248408186821e-06
14650,FI,27,5.05248408186821e-06
21623,FI,27,5.05248408186821e-06
10017,FI,26,4.86535504179901e-06
15576,FI,25,4.67822600172982e-06
16499,FI,25,4.67822600172982e-06
19760,FI,25,4.67822600172982e-06
21626,FI,23,4.30396792159144e-06
15578,FI,22,4.11683888152224e-06
14190,FI,21,3.92970984145305e-06
13711,FI,21,3.92970984145305e-06
12339,FI,20,3.74258080138386e-06
16981,FI,20,3.74258080138386e-06
13243,FI,19,3.55545176131466e-06
14661,FI,19,3.55545176131466e-06
15120,FI,19,3.55545176131466e-06
17915,FI,18,3.36832272124547e-06
13260,FI,17,3.18119368117628e-06
14655,FI,17,3.18119368117628e-06
16042,FI,17,3.18119368117628e-06
17440,FI,17,3.18119368117628e-06
10476,FI,15,2.80693560103789e-06
14640,FI,15,2.80693560103789e-06
16966,FI,15,2.80693560103789e-06
11405,FI,14,2.6198065609687e-06
15579,FI,14,2.6198065609687e-06
11411,FI,13,2.43267752089951e-06
14189,FI,13,2.43267752089951e-06
16055,FI,13,2.43267752089951e-06
20235,FI,13,2.43267752089951e-06
20694,FI,13,2.43267752089951e-06
21164,FI,13,2.43267752089951e-06
27651,FI,13,2.43267752089951e-06
13256,FI,12,2.24554848083031e-06
12796,FI,11,2.05841944076112e-06
23021,FI,11,2.05841944076112e-06
14180,FI,10,1.87129040069193e-06
15121,FI,10,1.87129040069193e-06
19770,FI,10,1.87129040069193e-06
10939,FI,9,1.68416136062274e-06
14185,FI,9,1.68416136062274e-06
15116,FI,9,1.68416136062274e-06
16985,FI,9,1.68416136062274e-06
15111,FI,8,1.49703232055354e-06
16047,FI,8,1.49703232055354e-06
21627,FI,8,1.49703232055354e-06
23022,FI,8,1.49703232055354e-06
11404,FI,7,1.30990328048435e-06
11407,FI,7,1.30990328048435e-06
12793,FI,7,1.30990328048435e-06
23024,FI,7,1.30990328048435e-06
10477,FI,6,1.12277424041516e-06
12330,FI,6,1.12277424041516e-06
13722,FI,6,1.12277424041516e-06
15104,FI,6,1.12277424041516e-06
11872,FI,5,9.35645200345964e-07
11865,FI,5,9.35645200345964e-07
12778,FI,5,9.35645200345964e-07
14662,FI,5,9.35645200345964e-07
13716,FI,5,9.35645200345964e-07
15125,FI,5,9.35645200345964e-07
14656,FI,5,9.35645200345964e-07
11873,FI,4,7.48516160276771e-07
11875,FI,4,7.48516160276771e-07
12338,FI,4,7.48516160276771e-07
13258,FI,4,7.48516160276771e-07
12776,FI,4,7.48516160276771e-07
13721,FI,4,7.48516160276771e-07
24878,FI,4,7.48516160276771e-07
11866,FI,3,5.61387120207578e-07
12336,FI,3,5.61387120207578e-07
12328,FI,3,5.61387120207578e-07
12311,FI,3,5.61387120207578e-07
18378,FI,3,5.61387120207578e-07
19771,FI,3,5.61387120207578e-07
10483,FI,2,3.74258080138386e-07
13267,FI,2,3.74258080138386e-07
13265,FI,2,3.74258080138386e-07
12777,FI,2,3.74258080138386e-07
14199,FI,2,3.74258080138386e-07
15128,FI,2,3.74258080138386e-07
26265,FI,2,3.74258080138386e-07
10016,FI,1,1.87129040069193e-07
11406,FI,1,1.87129040069193e-07
12341,FI,1,1.87129040069193e-07
12310,FI,1,1.87129040069193e-07
12312,FI,1,1.87129040069193e-07
13261,FI,1,1.87129040069193e-07
13719,FI,1,1.87129040069193e-07
14660,FI,1,1.87129040069193e-07
16977,FI,1,1.87129040069193e-07
19306,FI,1,1.87129040069193e-07
20700,FI,1,1.87129040069193e-07
49356,FR,5587474,0.0857981747284312
49355,FR,1676514,0.0257436260296981
49357,FR,1198552,0.0184043046852855
49820,FR,1024684,0.0157344833950776
46111,FR,993530,0.0152560997219742
59576,FR,972731,0.0149367217282374
59096,FR,876127,0.0134533238866608
54934,FR,872044,0.0133906275864335
56768,FR,817138,0.0125475212772786
59119,FR,736306,0.0113063095849023
55398,FR,685891,0.0105321645993625
52588,FR,522249,0.00801936813553825
59106,FR,518657,0.0079642113610057
48423,FR,480717,0.0073816256077303
48891,FR,421344,0.0064699265057477
49821,FR,411236,0.00631471362240274
50732,FR,406261,0.00623832026123919
46574,FR,391065,0.00600497885093943
56329,FR,357446,0.0054887439948676
49841,FR,356517,0.00547447878230057
60042,FR,350716,0.00538540181986645
49354,FR,341253,0.00524009320143617
60958,FR,337536,0.00518301699571859
52133,FR,323168,0.00496238989758837
48881,FR,321237,0.00493273852464227
54927,FR,312821,0.00480350706181766
55860,FR,311520,0.00478352962204404
48907,FR,301147,0.00462424754458685
48892,FR,294150,0.00451680546457452
49835,FR,293933,0.00451347333203733
51210,FR,293547,0.00450754612853801
50257,FR,286993,0.00440690651264537
49819,FR,275692,0.00423337457807064
46575,FR,264316,0.0040586909847849
47956,FR,264193,0.00405680226449885
52151,FR,263755,0.00405007657762656
58646,FR,246591,0.00378651564274994
52128,FR,244713,0.00375767810862629
46110,FR,242148,0.00371829138070981
48443,FR,233900,0.00359163963339786
49842,FR,231851,0.00356017631741311
58644,FR,229745,0.003527837740808
54939,FR,226083,0.00347160608481183
59549,FR,223810,0.00343670314814354
59112,FR,216210,0.0033200017320947
46576,FR,214476,0.00329337538269619
59575,FR,212003,0.00325540135613188
55402,FR,210767,0.00323642202057446
49358,FR,201478,0.00309378525035371
59118,FR,201222,0.0030898542552868
54446,FR,199525,0.00306379605751906
46577,FR,192509,0.0029560622239666
60043,FR,191974,0.00294784705849474
51232,FR,191685,0.00294340933359499
59553,FR,186876,0.00286956497704514
47500,FR,184068,0.00282644687490499
56790,FR,183220,0.00281342545374585
59577,FR,183000,0.00281004725486023
51694,FR,182310,0.00279945199471895
53524,FR,181736,0.00279063796671737
54933,FR,176808,0.00271496631167939
46109,FR,174586,0.00268084650293458
59581,FR,172945,0.00265564821033772
48428,FR,160677,0.00246726755611572
46573,FR,160582,0.00246580878841511
45642,FR,153669,0.00235965656615911
52124,FR,152803,0.00234635874690933
51696,FR,152160,0.00233648519289362
59111,FR,151661,0.00232882282360305
56769,FR,151438,0.00232539855836898
55399,FR,151283,0.00232301846369956
45181,FR,149688,0.00229852652177879
50291,FR,147487,0.00226472917747306
51203,FR,147056,0.00225811097874714
50768,FR,146463,0.00224900519720543
59107,FR,141006,0.00216521050939247
59567,FR,140162,0.00215225051003125
54920,FR,137099,0.00210521676827368
52589,FR,134531,0.00206578397400875
54476,FR,134290,0.00206208331068405
56330,FR,134127,0.00205958037241879
52122,FR,132841,0.00203983326438737
55397,FR,132753,0.00203848198483312
48899,FR,132583,0.0020358715584215
54475,FR,132383,0.00203280046852547
55379,FR,130632,0.0020059130764858
49353,FR,128651,0.0019754939310657
46105,FR,128155,0.00196787762812357
51185,FR,126626,0.00194439914586848
48910,FR,125888,0.00193306682415216
58182,FR,125250,0.00192327004738385
50739,FR,124538,0.00191233696735401
51189,FR,123048,0.00188945734762864
60041,FR,122548,0.00188177962288859
58179,FR,121682,0.00186848180363881
48435,FR,121171,0.00186063516895448
46108,FR,119621,0.0018368342222603
50731,FR,119392,0.00183331782432936
59569,FR,118980,0.00182699137914355
54935,FR,118588,0.00182097204294735
49799,FR,118338,0.00181713318057732
51654,FR,117823,0.00180922512409507
59568,FR,116814,0.00179373147556963
59097,FR,116768,0.00179302512489355
48419,FR,115052,0.00176667517358568
51655,FR,114940,0.00176495536324391
48427,FR,114521,0.00175852142991174
48887,FR,113850,0.00174821792331059
59560,FR,112048,0.00172054740334743
59085,FR,111398,0.00171056636118535
53078,FR,111150,0.00170675820971429
55391,FR,109903,0.00168760996421259
54919,FR,109713,0.00168469242881137
53985,FR,109482,0.00168114531998146
48893,FR,109144,0.00167595517805719
55400,FR,108902,0.001672239159283
49378,FR,107857,0.00165619271457628
52604,FR,105710,0.00162322456454249
52591,FR,105324,0.00161729736104316
48430,FR,105097,0.00161381167401118
60019,FR,103478,0.00158895120130288
52121,FR,103378,0.00158741565635487
47948,FR,102488,0.00157374930631757
58635,FR,101623,0.00156046684251727
55865,FR,101401,0.00155705793273269
51672,FR,100043,0.0015362052323387
55862,FR,98671,0.00151513755565199
53517,FR,97344,0.00149476087419188
54006,FR,97319,0.00149437698795488
50280,FR,96963,0.00148891044793996
47504,FR,96723,0.00148522514006473
54911,FR,96115,0.00147588902678083
52125,FR,95765,0.00147051461946279
60984,FR,95682,0.00146924011715594
54467,FR,94835,0.00145623405144628
58165,FR,94184,0.00144623765383473
51231,FR,93307,0.00143277092464068
50304,FR,90747,0.00139346097397159
54012,FR,90028,0.00138242040579539
50286,FR,89803,0.00137896542966237
49803,FR,89402,0.00137280789442084
53515,FR,89151,0.00136895367660134
47040,FR,89083,0.00136790950603669
58647,FR,89013,0.00136683462457308
52158,FR,88857,0.00136443917445418
47495,FR,88850,0.00136433168630782
50735,FR,88270,0.00135542552560936
55395,FR,88036,0.00135183235043101
55375,FR,87621,0.00134545983889677
50305,FR,87603,0.00134518344080612
58656,FR,87149,0.00133821206674215
54464,FR,87123,0.00133781282505567
58183,FR,86982,0.00133564770667898
48909,FR,86422,0.00132704865497011
50285,FR,85857,0.00131837282601385
53051,FR,85547,0.00131361263667502
48888,FR,84871,0.00130323235282646
49801,FR,84816,0.00130238780310506
55861,FR,84645,0.00129976202124396
52134,FR,84501,0.00129755083651882
55396,FR,84474,0.00129713623938286
58645,FR,84466,0.00129701339578702
52619,FR,84296,0.0012944029693754
49818,FR,83292,0.00127898609809737
45643,FR,82584,0.00126811443986545
58168,FR,82573,0.00126794552992117
62374,FR,82543,0.00126748486643677
54471,FR,82467,0.00126631785227628
49840,FR,82323,0.00126410666755114
57230,FR,82099,0.0012606670468676
56309,FR,81552,0.00125226761600198
56326,FR,81022,0.00124412922777752
51217,FR,80970,0.00124333074440455
58632,FR,80656,0.0012385091332678
56327,FR,80096,0.00122991008155893
49371,FR,79288,0.00121750287837901
49359,FR,77876,0.00119582098371309
56313,FR,77517,0.00119030837734973
47509,FR,76651,0.00117701055809995
59095,FR,76639,0.00117682629270619
48442,FR,76037,0.00116758231211917
49836,FR,75630,0.00116133264418076
48880,FR,75554,0.00116016563002027
52618,FR,75526,0.00115973567743483
60028,FR,75501,0.00115935179119783
47957,FR,74813,0.00114878724195551
51656,FR,74085,0.00113760847473399
59579,FR,73650,0.00113092885421014
53997,FR,73583,0.00112990003909497
59086,FR,73407,0.00112719747998647
49797,FR,72889,0.00111924335715578
47958,FR,72754,0.00111717037147596
50764,FR,72114,0.00110734288380869
49377,FR,72088,0.00110694364212221
48422,FR,71759,0.00110189169924325
46578,FR,71666,0.0011004636424416
48429,FR,71089,0.00109160354809158
53065,FR,70194,0.00107786042080688
49798,FR,70173,0.0010775379563678
57709,FR,69913,0.00107354553950297
54477,FR,68917,0.00105825151182078
57233,FR,68838,0.00105703843131185
49816,FR,68291,0.00104863900044623
49793,FR,68195,0.00104716487729614
49364,FR,68034,0.00104469264992984
56770,FR,67901,0.00104265037514899
48890,FR,67681,0.00103927217626336
58643,FR,67536,0.00103704563608875
60030,FR,66934,0.00102780165550172
52155,FR,66635,0.00102321037610717
52129,FR,66577,0.00102231976003732
48898,FR,66490,0.00102098383593255
54011,FR,66170,0.00101607009209891
47033,FR,66114,0.00101521018692803
48432,FR,65998,0.00101342895478834
57717,FR,65964,0.00101290686950601
58181,FR,65533,0.00100628867078008
47039,FR,65408,0.00100436923959507
57253,FR,65261,0.00100211198852149
52616,FR,65183,0.00100091426346205
54936,FR,65032,0.000998595590590549
55401,FR,65024,0.000998472746994708
59105,FR,64751,0.000994280709286638
45644,FR,64371,0.000988445638484196
51211,FR,63949,0.00098196563880359
55864,FR,63762,0.000979094169750809
60031,FR,63719,0.000978433885423164
59110,FR,62799,0.000964306871901462
54938,FR,62562,0.000960667630374676
50275,FR,62443,0.000958840331886543
56322,FR,62154,0.000954402606986791
55866,FR,62025,0.000952421754003857
48889,FR,61982,0.000951761469676212
48894,FR,61871,0.00095005701478392
49822,FR,61262,0.000940705546050532
54474,FR,60762,0.000933027821310477
49341,FR,60733,0.000932582513275554
58650,FR,60650,0.000931308010968705
54469,FR,60633,0.000931046968327543
50264,FR,60531,0.000929480712480571
55404,FR,60330,0.000926394267135069
57254,FR,60156,0.00092372241892553
50283,FR,59974,0.00092092772712015
50752,FR,59617,0.00091544583165575
60494,FR,59560,0.000914570571035384
54470,FR,59486,0.000913434267773856
59099,FR,59351,0.000911361282094041
47959,FR,59161,0.00090844374669282
57252,FR,58757,0.000902240145102855
59109,FR,58523,0.00089864696992451
48878,FR,57982,0.00089033967175577
49795,FR,57954,0.000889909719170327
50266,FR,57791,0.000887406780905069
53054,FR,57750,0.000886777207476384
59580,FR,57475,0.000882554458869354
51695,FR,57385,0.000881172468416144
52126,FR,57262,0.00087928374813009
47967,FR,57174,0.00087793246857584
51697,FR,57025,0.000875644506603304
57259,FR,56959,0.000874631046937617
56304,FR,56264,0.00086395900954894
50733,FR,55939,0.000858968488467904
48911,FR,55928,0.000858799578523623
49352,FR,55279,0.000848833891811031
52123,FR,55181,0.00084732905776198
49817,FR,55091,0.00084594706730877
51196,FR,54908,0.00084313702005391
53061,FR,54613,0.000838607162457277
50722,FR,54485,0.000836641664923823
53053,FR,54334,0.000834322992052326
59116,FR,54280,0.000833493797780401
57701,FR,54239,0.000832864224351716
47042,FR,54144,0.000831405456651106
53076,FR,54027,0.000829608869061933
45647,FR,53538,0.000822100054266159
56780,FR,53514,0.000821731523478636
55376,FR,53184,0.000816664225150199
52586,FR,52822,0.000811105552438399
50765,FR,52624,0.000808065173441337
59104,FR,52504,0.000806222519503724
53516,FR,52170,0.000801093799377367
51187,FR,52137,0.000800587069544524
51664,FR,51989,0.000798314463021467
58634,FR,51765,0.000794874842337923
60025,FR,51205,0.000786275790629061
47974,FR,51194,0.000786106880684779
56772,FR,50525,0.000775834084982585
52590,FR,50314,0.000772594085142282
57718,FR,50270,0.000771918445365157
55859,FR,50176,0.000770475033114027
53540,FR,50014,0.000767987450298249
56305,FR,49960,0.000767158256026323
54928,FR,49924,0.000766605459845039
59561,FR,49796,0.000764639962311585
51188,FR,49763,0.000764133232478741
48877,FR,49717,0.000763426881802656
53055,FR,49662,0.00076258233208125
52607,FR,49634,0.000762152379495807
52603,FR,49447,0.000759280910443026
55377,FR,49386,0.00075834422802474
47969,FR,49367,0.000758052474484617
50270,FR,49326,0.000757422901055933
50302,FR,49188,0.000755303849027678
59100,FR,49113,0.000754152190316669
48426,FR,48799,0.000749330579179915
53536,FR,48675,0.000747426503444381
48882,FR,48648,0.000747011906308418
58167,FR,48433,0.000743710484670194
60018,FR,48315,0.000741898541631541
52130,FR,48202,0.000740163375840289
50734,FR,48150,0.000739364892467323
54941,FR,48045,0.000737752570271911
52614,FR,47933,0.000736032759930139
47034,FR,47902,0.000735556740996255
50749,FR,47834,0.000734512570431608
54013,FR,47727,0.000732869537337236
51658,FR,47624,0.000731287926040785
57232,FR,47103,0.000723287736861647
57231,FR,46988,0.000721521860171434
48906,FR,46721,0.000717421955160245
50727,FR,46356,0.000711817216100005
50263,FR,46336,0.000711510107110402
49834,FR,46265,0.000710419870197315
47966,FR,46112,0.000708070486426858
59578,FR,45838,0.000703863093269307
53071,FR,45749,0.000702496458265577
46572,FR,45685,0.00070151370949885
47968,FR,45681,0.00070145228770093
53084,FR,45674,0.000701344799554569
58625,FR,45649,0.000700960913317566
51691,FR,45540,0.000699287169324234
46107,FR,45482,0.000698396553254388
48421,FR,45456,0.000697997311567905
47041,FR,45195,0.000693989539253596
50284,FR,44970,0.000690534563120571
50281,FR,44820,0.000688231245698555
51190,FR,44676,0.000686020060973419
59559,FR,44656,0.000685712951983817
58655,FR,44596,0.00068479162501501
54932,FR,44384,0.000681536269725227
54447,FR,44144,0.00067785096185
47501,FR,43952,0.000674902715549819
50267,FR,43896,0.000674042810378933
51204,FR,43863,0.000673536080546089
54472,FR,43850,0.000673336459702848
52587,FR,43581,0.000669205843792698
50721,FR,43576,0.000669129066545297
53981,FR,43007,0.000660391815791114
58633,FR,42769,0.000656737218814848
54912,FR,42765,0.000656675797016928
48908,FR,42746,0.000656384043476805
59555,FR,42723,0.000656030868138763
51665,FR,42669,0.000655201673866837
53545,FR,42632,0.000654633522236073
50740,FR,42523,0.000652959778242741
49376,FR,42154,0.00064729361738458
53983,FR,42082,0.000646188025022012
46569,FR,41949,0.000644145750241157
47499,FR,41425,0.000636099494713579
56325,FR,41343,0.00063484034785621
48896,FR,41288,0.000633995798134804
51195,FR,41122,0.000631446793521106
56328,FR,41018,0.000629849826775174
50287,FR,41007,0.000629680916830893
51693,FR,40673,0.000624552196704536
49351,FR,40570,0.000622970585408085
53052,FR,40523,0.00062224887928252
48883,FR,40491,0.000621757504899156
49805,FR,40490,0.000621742149449676
51213,FR,40365,0.000619822718264662
49830,FR,40219,0.000617580822640566
51191,FR,40208,0.000617411912696285
51657,FR,40196,0.000617227647302524
57234,FR,40015,0.000614448310946624
59113,FR,39614,0.000608290775705099
59108,FR,39549,0.000607292671488892
49794,FR,39403,0.000605050775864796
52127,FR,39232,0.000602424994003697
48879,FR,39014,0.000599077506017033
57704,FR,38998,0.000598831818825351
56312,FR,38836,0.000596344236009573
48413,FR,38777,0.000595438264490247
47978,FR,38651,0.000593503477855753
56306,FR,38638,0.000593303857012511
48885,FR,38634,0.000593242435214591
52154,FR,38470,0.000590724141499853
48424,FR,38227,0.000586992767276186
54009,FR,37931,0.000582447554230073
50736,FR,37843,0.000581096274675824
59552,FR,37827,0.000580850587484142
53542,FR,37820,0.000580743099337781
51666,FR,37736,0.000579453241581452
51207,FR,37715,0.000579130777142369
50767,FR,37670,0.000578439781915764
51209,FR,37571,0.000576919592417233
59093,FR,37524,0.000576197886291668
53984,FR,37256,0.000572082625830999
48886,FR,37050,0.000568919403238096
48444,FR,36911,0.00056678499576036
57235,FR,36775,0.000564696654631065
49839,FR,36640,0.00056262366895125
51193,FR,36625,0.000562393337209049
52594,FR,36396,0.000558876939278103
49375,FR,36227,0.000556281868315965
60021,FR,36046,0.000553502531960065
47043,FR,35920,0.000551567745325571
55867,FR,35917,0.000551521678977131
57243,FR,35650,0.000547421773965941
55856,FR,35528,0.000545548409129368
48904,FR,35310,0.000542200921142703
49344,FR,35212,0.000540696087093653
55863,FR,35093,0.000538868788605519
50269,FR,35090,0.000538822722257079
48434,FR,35037,0.000538008883434633
54468,FR,35022,0.000537778551692432
52615,FR,34914,0.00053612016314858
57700,FR,34861,0.000535306324326134
52621,FR,34761,0.000533770779378123
51216,FR,34745,0.000533525092186441
58624,FR,34745,0.000533525092186441
52595,FR,34361,0.000527628599586079
51228,FR,34356,0.000527551822338678
49825,FR,34297,0.000526645850819352
49808,FR,34138,0.000524204334352014
53518,FR,34045,0.000522776277550364
50258,FR,33966,0.000521563197041435
50272,FR,33823,0.000519367367765779
49796,FR,33742,0.00051812357635789
45645,FR,33657,0.000516818363152081
60027,FR,33540,0.000515021775562908
50766,FR,33498,0.000514376846684743
50300,FR,33381,0.00051258025909557
53056,FR,33205,0.000509877699987071
60017,FR,33195,0.00050972414549227
50759,FR,33187,0.000509601301896429
50741,FR,33150,0.000509033150265665
59562,FR,33131,0.000508741396725543
51200,FR,32993,0.000506622344697287
56323,FR,32921,0.000505516752334719
48420,FR,32839,0.00050425760547735
50268,FR,32676,0.000501754667212092
48884,FR,32602,0.000500618363950564
51663,FR,32532,0.000499543482486956
54473,FR,32454,0.000498345757427508
59564,FR,32433,0.000498023292988425
52135,FR,32338,0.000496564525287815
59087,FR,32257,0.000495320733879926
54931,FR,32132,0.000493401302694912
49343,FR,32017,0.0004916354260047
54940,FR,31982,0.000491097985272896
52592,FR,31921,0.000490161302854609
50744,FR,31907,0.000489946326561887
52137,FR,31901,0.000489854193865007
48425,FR,31842,0.00048894822234568
53986,FR,31768,0.000487811919084152
54007,FR,31575,0.000484848317334491
47502,FR,31539,0.000484295521153207
58648,FR,31518,0.000483973056714124
52150,FR,31449,0.000482913530699997
59098,FR,31433,0.000482667843508315
51661,FR,31272,0.000480195616142017
50730,FR,31040,0.000476633151862631
56767,FR,30890,0.000474329834440615
52136,FR,30793,0.000472840355841044
51677,FR,30729,0.000471857607074317
51201,FR,30704,0.000471473720837314
56771,FR,30635,0.000470414194823187
47960,FR,30567,0.000469370024258539
52132,FR,30544,0.000469016848920497
58187,FR,30543,0.000469001493471016
48431,FR,30454,0.000467634858467287
48895,FR,30396,0.00046674424239744
55378,FR,30349,0.000466022536271875
49823,FR,30194,0.000463642441602458
47038,FR,30161,0.000463135711769614
58175,FR,30020,0.000460970593392919
55392,FR,29958,0.000460018555525152
47964,FR,29947,0.000459849645580871
50769,FR,29898,0.000459097228556345
54929,FR,29890,0.000458974384960504
50748,FR,29792,0.000457469550911453
47035,FR,29741,0.000456686422987968
58171,FR,29581,0.00045422955107115
51230,FR,29515,0.000453216091405463
53058,FR,29496,0.000452924337865341
60489,FR,29487,0.00045278613882002
49346,FR,29419,0.000451741968255372
53077,FR,29387,0.000451250593872009
58631,FR,29340,0.000450528887746444
47965,FR,29156,0.000447703485042103
59117,FR,29144,0.000447519219648342
56310,FR,29136,0.000447396376052501
52142,FR,29081,0.000446551826331095
48412,FR,28998,0.000445277324024246
47037,FR,28966,0.000444785949640882
53523,FR,28858,0.00044312756109703
46106,FR,28848,0.000442974006602229
51194,FR,28698,0.000440670689180212
55380,FR,28647,0.000439887561256727
54918,FR,28635,0.000439703295862966
51212,FR,28569,0.000438689836197278
51192,FR,28551,0.000438413438106636
53982,FR,28477,0.000437277134845108
60957,FR,28428,0.000436524717820583
53543,FR,28245,0.000433714670565722
57694,FR,28111,0.000431657040335388
55838,FR,28074,0.000431088888704624
50747,FR,27989,0.000429783675498814
49360,FR,27982,0.000429676187352453
59551,FR,27948,0.00042915410207013
49379,FR,27781,0.000426589742006951
54458,FR,27780,0.000426574386557471
46579,FR,27731,0.000425821969532946
57715,FR,27660,0.000424731732619858
53057,FR,27557,0.000423150121323406
58180,FR,27557,0.000423150121323406
47036,FR,27390,0.000420585761260228
49367,FR,27384,0.000420493628563347
51660,FR,27363,0.000420171164124265
49824,FR,27311,0.000419372680751299
59563,FR,27207,0.000417775714005368
57699,FR,27104,0.000416194102708916
54937,FR,26685,0.00040976016937675
60016,FR,26615,0.000408685287913142
48433,FR,26527,0.000407334008358893
55403,FR,26444,0.000406059506052043
57707,FR,26425,0.000405767752511921
50750,FR,26424,0.000405752397062441
57702,FR,26397,0.000405337799926478
47962,FR,26281,0.000403556567786785
51214,FR,26155,0.000401621781152291
59566,FR,25989,0.000399072776538593
50751,FR,25969,0.000398765667548991
56775,FR,25908,0.000397828985130704
54003,FR,25876,0.000397337610747341
53544,FR,25794,0.000396078463889971
51197,FR,25694,0.00039454291894196
47949,FR,25570,0.000392638843206427
60022,FR,25405,0.000390105194042208
53525,FR,25369,0.000389552397860924
50278,FR,25310,0.000388646426341598
54448,FR,25290,0.000388339317351996
58186,FR,25286,0.000388277895554075
47503,FR,25277,0.000388139696508754
47507,FR,25260,0.000387878653867592
49829,FR,25248,0.000387694388473831
58642,FR,25233,0.000387464056731629
56308,FR,25229,0.000387402634933709
50265,FR,25179,0.000386634862459703
54463,FR,25112,0.000385606047344536
52617,FR,25069,0.000384945763016891
56303,FR,25051,0.000384669364926249
49806,FR,25040,0.000384500454981968
53988,FR,25019,0.000384177990542886
56773,FR,25000,0.000383886237002764
58166,FR,24919,0.000382642445594875
52157,FR,24912,0.000382534957448514
49349,FR,24904,0.000382412113852673
50303,FR,24816,0.000381060834298423
60023,FR,24730,0.000379740265643134
46570,FR,24667,0.000378772872325887
59088,FR,24445,0.000375363962541302
58169,FR,24436,0.000375225763495981
51202,FR,24430,0.000375133630799101
53060,FR,24401,0.000374688322764177
56778,FR,24331,0.00037361344130057
58164,FR,24269,0.000372661403432803
58641,FR,24237,0.000372170029049439
54005,FR,24119,0.000370358086010786
56791,FR,24117,0.000370327375111826
50282,FR,24107,0.000370173820617025
59103,FR,24094,0.000369974199773784
49350,FR,24082,0.000369789934380022
47497,FR,24031,0.000369006806456537
50301,FR,24031,0.000369006806456537
55849,FR,23974,0.00036813154583617
52593,FR,23963,0.000367962635891889
50723,FR,23924,0.000367363773362165
53519,FR,23899,0.000366979887125162
51668,FR,23715,0.000364154484420822
47498,FR,23550,0.000361620835256603
55868,FR,23531,0.000361329081716481
61448,FR,23461,0.000360254200252874
55841,FR,23378,0.000358979697946024
51199,FR,23336,0.00035833476906786
57255,FR,23316,0.000358027660078258
51224,FR,23241,0.000356876001367249
47973,FR,23239,0.000356845290468289
48441,FR,23150,0.000355478655464559
52153,FR,23070,0.00035425021950615
49809,FR,23032,0.000353666712425906
51198,FR,23025,0.000353559224279545
52597,FR,23001,0.000353190693492023
54008,FR,22847,0.000350825954272086
51659,FR,22768,0.000349612873763157
53522,FR,22760,0.000349490030167316
49810,FR,22730,0.000349029366682913
54010,FR,22718,0.000348845101289151
49342,FR,22651,0.000347816286173984
62839,FR,22643,0.000347693442578143
56797,FR,22611,0.00034720206819478
53521,FR,22453,0.000344775907176922
60020,FR,22412,0.000344146333748238
46571,FR,22369,0.000343486049420593
54915,FR,22219,0.000341182731998576
56766,FR,22194,0.000340798845761573
47963,FR,22152,0.000340153916883409
55850,FR,22069,0.00033887941457656
52620,FR,21972,0.000337389935976989
56307,FR,21934,0.000336806428896745
55383,FR,21766,0.000334226713384086
57708,FR,21736,0.000333766049899683
53520,FR,21704,0.000333274675516319
55848,FR,21683,0.000332952211077237
51670,FR,21657,0.000332552969390754
54466,FR,21630,0.000332138372254791
50755,FR,21580,0.000331370599780786
53081,FR,21578,0.000331339888881825
58623,FR,21562,0.000331094201690144
60983,FR,21522,0.000330479983710939
59554,FR,21463,0.000329574012191613
49831,FR,21388,0.000328422353480604
56789,FR,21167,0.0003250287991455
54000,FR,21071,0.000323554675995409
57719,FR,21031,0.000322940458016205
48897,FR,20997,0.000322418372733881
50299,FR,20993,0.000322356950935961
57248,FR,20988,0.00032228017368856
51673,FR,20806,0.00031948548188318
48912,FR,20791,0.000319255150140978
49369,FR,20738,0.000318441311318533
54913,FR,20570,0.000315861595805874
59114,FR,20372,0.000312821216808812
59089,FR,20329,0.000312160932481167
52598,FR,20242,0.000310825008376398
56776,FR,20091,0.000308506335504901
52131,FR,20034,0.000307631074884535
55840,FR,19910,0.000305726999149001
49373,FR,19852,0.000304836383079155
57236,FR,19839,0.000304636762235913
51206,FR,19821,0.000304360364145271
49345,FR,19794,0.000303945767009308
60490,FR,19742,0.000303147283636342
53072,FR,19739,0.000303101217287902
53546,FR,19720,0.00030280946374778
53987,FR,19705,0.000302579132005578
51229,FR,19629,0.00030141211784509
52152,FR,19529,0.000299876572897079
59565,FR,19402,0.000297926430813105
51692,FR,19390,0.000297742165419344
54450,FR,19352,0.000297158658339099
53082,FR,19327,0.000296774772102097
51662,FR,19299,0.000296344819516653
49813,FR,19274,0.000295960933279651
53533,FR,19232,0.000295316004401486
47961,FR,19194,0.000294732497321242
50279,FR,19121,0.000293611549509194
50728,FR,19099,0.000293273729620631
59115,FR,19039,0.000292352402651825
57244,FR,19007,0.000291861028268461
47496,FR,18996,0.00029169211832418
50271,FR,18996,0.00029169211832418
50737,FR,18969,0.000291277521188217
53066,FR,18877,0.000289864819836047
58628,FR,18833,0.000289189180058922
60029,FR,18695,0.000287070128030667
49372,FR,18677,0.000286793729940025
54451,FR,18595,0.000285534583082656
50724,FR,18506,0.000284167948078926
50290,FR,18503,0.000284121881730486
49837,FR,18452,0.000283338753807
50276,FR,18450,0.00028330804290804
56324,FR,18449,0.000283292687458559
52596,FR,18427,0.000282954867569997
54916,FR,18376,0.000282171739646511
58158,FR,18342,0.000281649654364188
57240,FR,18283,0.000280743682844861
47972,FR,18243,0.000280129464865657
53080,FR,18194,0.000279377047841131
59550,FR,18192,0.000279346336942171
47975,FR,18129,0.000278378943624924
53530,FR,18114,0.000278148611882722
59094,FR,18051,0.000277181218565476
53529,FR,18020,0.000276705199631592
49815,FR,17961,0.000275799228112266
54926,FR,17928,0.000275292498279422
57716,FR,17917,0.000275123588335141
52156,FR,17902,0.000274893256592939
58629,FR,17826,0.000273726242432451
47505,FR,17774,0.000272927759059485
50762,FR,17721,0.000272113920237039
54456,FR,17662,0.000271207948717713
53079,FR,17634,0.000270777996132269
56774,FR,17566,0.000269733825567622
60956,FR,17534,0.000269242451184258
55393,FR,17426,0.000267584062640406
52605,FR,17386,0.000266969844661202
47506,FR,17296,0.000265587854207992
51218,FR,17192,0.000263990887462061
55842,FR,17178,0.000263775911169339
47510,FR,17143,0.000263238470437535
60011,FR,17131,0.000263054205043774
50738,FR,17118,0.000262854584200532
55869,FR,17073,0.000262163588973927
50746,FR,17050,0.000261810413635885
50260,FR,17046,0.000261748991837964
53539,FR,17029,0.000261487949196803
56794,FR,16970,0.000260581977677476
51671,FR,16862,0.000258923589133624
54004,FR,16708,0.000256558849913687
56777,FR,16606,0.000254992594066716
50289,FR,16589,0.000254731551425554
58649,FR,16566,0.000254378376087511
50288,FR,16548,0.000254101977996869
47970,FR,16517,0.000253625959062986
53541,FR,16512,0.000253549181815585
56311,FR,16462,0.00025278140934158
53068,FR,16421,0.000252151835912895
57698,FR,16347,0.000251015532651367
50726,FR,16322,0.000250631646414364
47947,FR,16274,0.000249894584839319
51681,FR,16163,0.000248190129947027
54930,FR,16163,0.000248190129947027
55846,FR,16160,0.000248144063598586
50729,FR,16156,0.000248082641800666
52138,FR,16129,0.000247668044664703
51669,FR,16089,0.000247053826685499
54449,FR,15977,0.000245334016343726
50297,FR,15941,0.000244781220162442
50725,FR,15903,0.000244197713082198
50277,FR,15880,0.000243844537744156
49807,FR,15793,0.000242508613639386
51667,FR,15652,0.00024034349526269
51684,FR,15616,0.000239790699081406
49811,FR,15601,0.000239560367339205
54455,FR,15542,0.000238654395819878
48436,FR,15494,0.000237917334244833
50743,FR,15326,0.000235337618732174
50273,FR,15323,0.000235291552383734
58178,FR,15307,0.000235045865192052
51674,FR,15235,0.000233940272829484
50274,FR,15191,0.000233264633052359
56786,FR,15144,0.000232542926926794
55405,FR,15115,0.000232097618891871
50753,FR,15073,0.000231452690013706
55388,FR,14967,0.000229825012368815
51233,FR,14764,0.000226707856124352
55381,FR,14671,0.000225279799322702
56314,FR,14669,0.000225249088423742
58638,FR,14645,0.000224880557636219
49814,FR,14618,0.000224465960500256
51205,FR,14599,0.000224174206960134
51687,FR,14430,0.000221579135997995
49826,FR,14409,0.000221256671558913
49838,FR,14388,0.000220934207119831
61421,FR,14352,0.000220381410938547
48900,FR,14323,0.000219936102903623
55384,FR,14322,0.000219920747454143
53989,FR,14288,0.00021939866217182
54917,FR,14267,0.000219076197732737
55845,FR,14171,0.000217602074582647
56319,FR,14087,0.000216312216826317
55847,FR,14080,0.000216204728679956
58621,FR,14076,0.000216143306882036
59090,FR,14073,0.000216097240533596
50756,FR,14066,0.000215989752387235
57260,FR,13980,0.000214669183731945
53083,FR,13936,0.000213993543954821
58627,FR,13928,0.00021387070035898
54462,FR,13914,0.000213655724066258
53547,FR,13848,0.000212642264400571
51678,FR,13786,0.000211690226532804
52599,FR,13761,0.000211306340295801
50295,FR,13743,0.000211029942205159
52146,FR,13690,0.000210216103382713
53998,FR,13688,0.000210185392483753
58626,FR,13675,0.000209985771640512
60487,FR,13659,0.00020974008444883
55843,FR,13648,0.000209571174504549
49347,FR,13615,0.000209064444671705
55390,FR,13561,0.000208235250399779
55844,FR,13503,0.000207344634329933
55382,FR,13346,0.000204933828761555
59558,FR,13329,0.000204672786120394
51675,FR,13314,0.000204442454378192
53059,FR,13306,0.000204319610782351
57239,FR,13255,0.000203536482858865
60024,FR,13255,0.000203536482858865
58630,FR,13206,0.00020278406583434
49374,FR,13172,0.000202261980552016
46112,FR,13145,0.000201847383416053
56316,FR,13109,0.000201294587234769
57242,FR,13101,0.000201171743638928
54914,FR,13085,0.000200926056447247
49812,FR,13052,0.000200419326614403
54942,FR,12975,0.000199236957004434
55852,FR,12944,0.000198760938070551
57237,FR,12810,0.000196703307840216
48445,FR,12804,0.000196611175143335
53067,FR,12796,0.000196488331547495
57703,FR,12757,0.00019588946901777
54465,FR,12670,0.000194553544913001
49366,FR,12568,0.000192987289066029
49832,FR,12370,0.000189946910068968
49833,FR,12333,0.000189378758438203
50754,FR,12257,0.000188211744277715
51680,FR,12242,0.000187981412535513
59557,FR,12240,0.000187950701636553
54002,FR,12226,0.000187735725343832
48905,FR,12203,0.000187382550005789
55858,FR,12146,0.000186507289385423
55406,FR,12123,0.00018615411404738
60491,FR,12082,0.000185524540618696
57722,FR,12000,0.000184265393761327
53527,FR,11983,0.000184004351120165
50298,FR,11958,0.000183620464883162
54452,FR,11955,0.000183574398534722
61447,FR,11950,0.000183497621287321
58172,FR,11891,0.000182591649767995
50262,FR,11868,0.000182238474429952
53537,FR,11813,0.000181393924708546
51227,FR,11808,0.000181317147461145
57706,FR,11792,0.000181071460269464
56781,FR,11776,0.000180825773077782
57238,FR,11746,0.000180365109593379
57710,FR,11590,0.000177969659474481
50259,FR,11533,0.000177094398854115
60026,FR,11522,0.000176925488909834
57697,FR,11517,0.000176848711662433
53526,FR,11449,0.000175804541097786
60015,FR,11449,0.000175804541097786
53990,FR,11440,0.000175666342052465
49362,FR,11428,0.000175482076658703
55385,FR,11395,0.00017497534682586
47046,FR,11296,0.000173455157327329
61912,FR,11294,0.000173424446428369
53535,FR,11240,0.000172595252156443
52145,FR,11222,0.000172318854065801
50760,FR,11188,0.000171796768783477
53993,FR,11122,0.00017078330911779
50293,FR,11107,0.000170552977375588
60485,FR,11103,0.000170491555577667
62838,FR,11078,0.000170107669340665
56793,FR,11047,0.000169631650406781
54459,FR,11038,0.00016949345136146
53064,FR,11014,0.000169124920573938
53070,FR,11006,0.000169002076978097
59092,FR,10981,0.000168618190741094
49365,FR,10937,0.000167942550963969
58636,FR,10935,0.000167911840065009
53538,FR,10931,0.000167850418267088
50745,FR,10900,0.000167374399333205
51690,FR,10846,0.000166545205061279
52148,FR,10841,0.000166468427813878
57705,FR,10803,0.000165884920733634
49361,FR,10800,0.000165838854385194
51221,FR,10793,0.000165731366238833
54923,FR,10788,0.000165654588991433
56321,FR,10785,0.000165608522642992
58657,FR,10775,0.000165454968148191
53994,FR,10772,0.000165408901799751
58170,FR,10734,0.000164825394719507
50261,FR,10733,0.000164810039270027
48437,FR,10660,0.000163689091457978
47971,FR,10644,0.000163443404266297
55851,FR,10629,0.000163213072524095
62375,FR,10580,0.00016246065549957
50763,FR,10572,0.000162337811903729
49363,FR,10553,0.000162046058363607
52606,FR,10547,0.000161953925666726
59556,FR,10537,0.000161800371171925
58173,FR,10532,0.000161723593924524
49348,FR,10505,0.000161308996788561
56788,FR,10441,0.000160326248021834
48914,FR,10433,0.000160203404425993
54457,FR,10371,0.000159251366558227
54453,FR,10355,0.000159005679366545
56784,FR,10326,0.000158560371331622
49827,FR,10129,0.00015553534778404
57711,FR,10080,0.000154782930759514
52602,FR,10023,0.000153907670139148
57723,FR,10022,0.000153892314689668
50294,FR,10005,0.000153631272048506
51215,FR,10005,0.000153631272048506
50292,FR,9965,0.000153017054069302
57246,FR,9953,0.00015283278867554
53062,FR,9943,0.000152679234180739
59091,FR,9876,0.000151650419065572
53069,FR,9818,0.000150759802995725
58622,FR,9810,0.000150636959399884
49370,FR,9806,0.000150575537601964
52601,FR,9802,0.000150514115804044
50757,FR,9798,0.000150452694006123
52149,FR,9776,0.000150114874117561
58159,FR,9753,0.000149761698779518
57695,FR,9707,0.000149055348103433
57249,FR,9657,0.000148287575629428
57261,FR,9585,0.00014718198326686
60482,FR,9519,0.000146168523601172
55853,FR,9505,0.000145953547308451
50742,FR,9490,0.000145723215566249
52140,FR,9460,0.000145262552081846
51208,FR,9456,0.000145201130283925
47977,FR,9425,0.000144725111350042
55855,FR,9374,0.000143941983426556
48902,FR,9359,0.000143711651684355
53532,FR,9283,0.000142544637523866
61910,FR,9250,0.000142037907691023
60493,FR,9244,0.000141945774994142
47508,FR,9238,0.000141853642297261
53999,FR,9174,0.000140870893530534
57245,FR,9137,0.00014030274189977
53995,FR,9122,0.000140072410157568
53992,FR,9036,0.000138751841502279
51676,FR,9028,0.000138628997906438
55394,FR,8997,0.000138152978972555
52622,FR,8956,0.00013752340554387
52139,FR,8946,0.000137369851049069
56331,FR,8943,0.000137323784700629
54921,FR,8845,0.000135818950651578
55389,FR,8811,0.000135296865369254
54001,FR,8797,0.000135081889076532
51225,FR,8791,0.000134989756379652
48439,FR,8724,0.000133960941264484
51689,FR,8706,0.000133684543173842
54460,FR,8663,0.000133024258846198
51682,FR,8564,0.000131504069347667
52147,FR,8541,0.000131150894009624
53531,FR,8507,0.0001306288087273
52612,FR,8473,0.000130106723444977
53063,FR,8440,0.000129599993612133
52613,FR,8433,0.000129492505465772
51226,FR,8411,0.00012915468557721
58174,FR,8368,0.000128494401249565
53528,FR,8354,0.000128279424956844
53996,FR,8272,0.000127020278099474
56318,FR,8194,0.000125822553040026
58651,FR,8056,0.000123703501011771
56332,FR,8048,0.00012358065741593
60014,FR,8002,0.000122874306739845
56779,FR,7975,0.000122459709603882
52608,FR,7898,0.000121277339993913
52600,FR,7879,0.000120985586453791
56320,FR,7835,0.000120309946676666
50758,FR,7819,0.000120064259484984
51679,FR,7810,0.000119926060439663
56302,FR,7760,0.000119158287965658
47976,FR,7734,0.000118759046279175
52143,FR,7673,0.000117822363860888
57258,FR,7648,0.000117438477623885
54461,FR,7487,0.000114966250257588
51683,FR,7451,0.000114413454076304
53074,FR,7246,0.000111265586932881
60484,FR,7202,0.000110589947155756
48901,FR,7195,0.000110482459009395
53075,FR,7190,0.000110405681761995
55857,FR,7174,0.000110159994570313
52141,FR,7116,0.000109269378500467
51688,FR,7102,0.000109054402207745
52610,FR,7091,0.000108885492263464
54922,FR,7071,0.000108578383273862
59101,FR,7060,0.00010840947332958
48903,FR,6917,0.000106213644053925
53534,FR,6870,0.000105491937928359
57713,FR,6720,0.000103188620506343
50761,FR,6671,0.000102436203481817
58654,FR,6649,0.000102098383593255
52144,FR,6644,0.000102021606345854
57725,FR,6644,0.000102021606345854
57251,FR,6627,0.000101760563704693
56792,FR,6602,0.00010137667746769
58653,FR,6597,0.000101299900220289
57256,FR,6453,9.90887154951534e-05
56333,FR,6439,9.88737392024318e-05
56315,FR,6424,9.86434074602302e-05
53073,FR,6422,9.86126965612699e-05
54454,FR,6405,9.83516539201081e-05
52609,FR,6381,9.79831231325854e-05
51219,FR,6338,9.73228388049406e-05
56782,FR,6293,9.66318435783357e-05
54925,FR,6230,9.56644502610887e-05
48440,FR,6184,9.49580995850036e-05
57714,FR,6169,9.4727767842802e-05
57720,FR,6149,9.44206588531998e-05
56783,FR,6111,9.38371517729555e-05
60520,FR,6024,9.25012276681859e-05
55387,FR,5976,9.17641660931406e-05
54924,FR,5950,9.13649244066577e-05
61422,FR,5886,9.03821756399307e-05
59102,FR,5879,9.02746874935699e-05
57250,FR,5870,9.01364884482489e-05
47045,FR,5772,8.86316543991981e-05
60492,FR,5708,8.7648905632471e-05
52611,FR,5703,8.75721283850704e-05
52160,FR,5696,8.74646402387097e-05
56785,FR,5641,8.66200905173036e-05
60013,FR,5617,8.62515597297809e-05
57241,FR,5508,8.45778157364489e-05
51220,FR,5483,8.41939294994461e-05
61423,FR,5476,8.40864413530854e-05
58161,FR,5412,8.31036925863583e-05
58637,FR,5397,8.28733608441566e-05
61418,FR,5284,8.11381950529041e-05
60955,FR,5212,8.00326026903362e-05
57696,FR,5185,7.96180055543732e-05
56787,FR,5159,7.92187638678903e-05
58177,FR,5138,7.8896299428808e-05
49368,FR,5133,7.88195221814074e-05
55870,FR,5108,7.84356359444047e-05
60488,FR,5092,7.81899487527229e-05
48438,FR,5048,7.7514308975598e-05
58640,FR,4956,7.61016076234279e-05
58184,FR,4885,7.501137071034e-05
55386,FR,4744,7.28462523336444e-05
63767,FR,4698,7.21399016575594e-05
57712,FR,4668,7.1679238173156e-05
50296,FR,4639,7.12339301382328e-05
61419,FR,4509,6.92377217058185e-05
53991,FR,4423,6.7917153050529e-05
58160,FR,4254,6.53220820883903e-05
57721,FR,4185,6.42625560742626e-05
58185,FR,4171,6.40475797815411e-05
51685,FR,4128,6.33872954538964e-05
58163,FR,4115,6.31876746106549e-05
58192,FR,3961,6.08229353907179e-05
57724,FR,3944,6.0561892749556e-05
56317,FR,3937,6.04544046031952e-05
58176,FR,3731,5.72911820102925e-05
51222,FR,3568,5.47882437450344e-05
58639,FR,3530,5.42047366647902e-05
49828,FR,3513,5.39436940236284e-05
54014,FR,3504,5.38054949783074e-05
58188,FR,3446,5.2914878908461e-05
55854,FR,3427,5.26231253683389e-05
61911,FR,3424,5.25770590198985e-05
58190,FR,3389,5.20396182880946e-05
51223,FR,3386,5.19935519396543e-05
57247,FR,3328,5.11029358698079e-05
58193,FR,3055,4.69108981617377e-05
60954,FR,3036,4.66191446216156e-05
51686,FR,2770,4.25345950599062e-05
57257,FR,2761,4.23963960145852e-05
52159,FR,2611,4.00930785925686e-05
58191,FR,2609,4.00623676936084e-05
58189,FR,2530,3.88492871846797e-05
60486,FR,2512,3.85728890940377e-05
58652,FR,2415,3.7083410494467e-05
61909,FR,2239,3.43808513859675e-05
60483,FR,2097,3.22003775597918e-05
45646,FR,1926,2.95745956986929e-05
61445,FR,1751,2.68873920396736e-05
48913,FR,1742,2.67491929943526e-05
60480,FR,1724,2.64727949037106e-05
60481,FR,1670,2.56436006317846e-05
58162,FR,1657,2.54439797885432e-05
56795,FR,1582,2.42923210775349e-05
53548,FR,1519,2.33249277602879e-05
54478,FR,1480,2.27260652305636e-05
56796,FR,1388,2.13133638783934e-05
61420,FR,1221,1.8749003815215e-05
56798,FR,1216,1.86722265678144e-05
57726,FR,1044,1.60310892572354e-05
61446,FR,957,1.46951651524658e-05
57262,FR,938,1.44034116123437e-05
53085,FR,609,9.35146873338732e-06
55871,FR,533,8.18445457289892e-06
56334,FR,529,8.12303277497848e-06
47979,FR,313,4.8062556872746e-06
47980,FR,238,3.65459697626631e-06
47511,FR,121,1.85800938709338e-06
60946,FR,93,1.42805680165028e-06
60479,FR,70,1.07488146360774e-06
60952,FR,59,9.05971519326522e-07
46113,FR,24,3.68530787522653e-07
60949,FR,24,3.68530787522653e-07
60948,FR,9,1.38199045320995e-07
60951,FR,4,6.14217979204422e-08
60953,FR,4,6.14217979204422e-08
60947,FR,3,4.60663484403316e-08
54978,HR,548205,0.144924030574938
54979,HR,310282,0.082026464652553
59156,HR,192623,0.0509220119142223
55900,HR,168583,0.0445667730984116
54052,HR,126040,0.0333200624103486
55453,HR,115460,0.0305231228649543
58224,HR,99555,0.0263184609113159
56826,HR,80534,0.0212900500329658
55918,HR,67169,0.0177568650590345
55443,HR,66934,0.0176947402203608
59157,HR,66046,0.0174599876384789
54514,HR,61690,0.0163084310543828
55908,HR,53290,0.0140877985230679
59621,HR,52457,0.0138675857970458
56379,HR,52093,0.0137713583873555
55905,HR,50541,0.0133610700910935
54982,HR,47312,0.0125074483716155
54515,HR,47185,0.0124738745226301
59623,HR,45901,0.0121344349785577
61019,HR,45760,0.0120971600753535
54518,HR,45688,0.0120781260822279
54053,HR,42844,0.0113262833537684
54977,HR,42611,0.011264687237126
54516,HR,37910,0.0100219261026366
54980,HR,35466,0.0093758277804302
59154,HR,34672,0.00916592513401782
56365,HR,34132,0.00902317018557615
55913,HR,33497,0.00885530094064937
55916,HR,33275,0.0087966127951789
55441,HR,33186,0.00877308466478759
55442,HR,31911,0.00843602436985587
54984,HR,28915,0.00764399876702022
60088,HR,28771,0.00760593078076911
55897,HR,28706,0.00758874731475298
55910,HR,28604,0.00756178249115845
55452,HR,28516,0.00753851872178277
54517,HR,27866,0.0073666840616215
55444,HR,27493,0.00726807740279049
56361,HR,27218,0.00719537812349149
55917,HR,27089,0.00716127555247487
54051,HR,25694,0.00679249193566722
56378,HR,25191,0.00665951834480396
56363,HR,24872,0.00657518718081712
56381,HR,24634,0.00651226925909653
55447,HR,23110,0.00610938307127226
55445,HR,22398,0.00592115802814176
58690,HR,21980,0.00581065512360728
56362,HR,21313,0.00563432632618025
60089,HR,20953,0.00553915636055247
54981,HR,20263,0.00535674725976589
58689,HR,19033,0.00503158321053764
55914,HR,16914,0.0044714022184119
55912,HR,16631,0.00439658805098784
59155,HR,16558,0.00437728969684665
54983,HR,16148,0.00426890168043723
55901,HR,16032,0.00423823580262384
56380,HR,15682,0.00414570944715238
55915,HR,15518,0.00410235424058862
55911,HR,15218,0.0040230459358988
55451,HR,15216,0.00402251721386753
54519,HR,14755,0.00390064678566085
54513,HR,14718,0.00389086542808244
55450,HR,14436,0.00381631562167401
55446,HR,13896,0.00367356067323234
56831,HR,13484,0.00356464393479165
58225,HR,13301,0.00351626586893087
55449,HR,13182,0.00348480690807057
54989,HR,13057,0.00345176178111648
58227,HR,12452,0.00329182336665868
55903,HR,12382,0.00327331809556439
56382,HR,12374,0.00327120320743933
57296,HR,12287,0.00324820379907928
55898,HR,12018,0.00317709068587408
56377,HR,11755,0.00310756373876267
55904,HR,11121,0.00293995885485153
57759,HR,10137,0.00267982761546893
55440,HR,9834,0.00259972622773221
55902,HR,9782,0.00258597945491931
55907,HR,9594,0.00253627958398036
56846,HR,8795,0.00232505513248981
55919,HR,8776,0.00232003227319279
58691,HR,8714,0.00230364189022356
54054,HR,8641,0.00228434353608237
55909,HR,7502,0.0019832363392767
56383,HR,7056,0.0018653313263045
54985,HR,6936,0.00183360800442858
56376,HR,6923,0.00183017131122535
53588,HR,6659,0.00176038000309831
56368,HR,6253,0.00165304943075143
60553,HR,6231,0.00164723348840751
57295,HR,6128,0.00162000430379733
54987,HR,6015,0.00159013150903084
55454,HR,5971,0.001578499624343
59158,HR,5819,0.00153831674996682
56369,HR,5506,0.00145557175207378
56366,HR,5205,0.00137599908636833
55906,HR,5105,0.00134956298480506
56384,HR,4862,0.00128532325800631
61020,HR,4858,0.00128426581394377
56367,HR,4736,0.00125201377003658
55448,HR,4475,0.00118301554495644
56832,HR,4348,0.00114944169597109
58692,HR,3979,0.00105189248120261
56833,HR,3763,0.000994790501825941
55899,HR,3732,0.000986595310341327
55437,HR,3440,0.000909401893776572
58693,HR,3292,0.000870276463462928
57760,HR,3200,0.000845955250024718
56372,HR,2990,0.000790439436741846
57762,HR,2566,0.000678350366113571
57297,HR,2503,0.000661695622128709
54990,HR,2154,0.000569433627672888
56373,HR,2113,0.000558594826031947
59624,HR,2099,0.000554893771813088
57298,HR,2004,0.00052977947532798
58226,HR,1870,0.000494355099233194
54050,HR,1779,0.000470298246810617
54986,HR,1555,0.000411081379308886
60554,HR,1409,0.000372484671026509
56370,HR,1250,0.000330451269540905
56375,HR,1157,0.000305865695087062
57761,HR,1088,0.000287624785008404
57763,HR,882,0.000233166415788063
56374,HR,720,0.000190339931255562
55455,HR,707,0.000186903238052336
59159,HR,649,0.000171570299145638
54988,HR,497,0.000131387424769464
61485,HR,429,0.000113410875706439
56371,HR,311,8.22162758617773e-05
56847,HR,262,6.92625860957738e-05
54976,HR,246,6.50328098456502e-05
58228,HR,245,6.47684488300175e-05
54520,HR,149,3.93897913292759e-05
55438,HR,106,2.80222676570688e-05
57299,HR,84,2.22063253131488e-05
56834,HR,9,2.37924914069452e-06
51743,HU,972286,0.101198716736415
52207,HU,917258,0.0954712219616555
52206,HU,271118,0.0282188509184985
51753,HU,239915,0.0249711403083217
51737,HU,172382,0.0179420841074094
52208,HU,166055,0.0172835491899146
50822,HU,164294,0.0171002585324611
51742,HU,152512,0.0158739493183118
51744,HU,152180,0.0158393936690928
54067,HU,138815,0.0144483206214688
54523,HU,128921,0.013418520641432
52668,HU,124453,0.0129534765429071
51740,HU,119912,0.0124808343648854
53137,HU,119418,0.0124294172241801
51289,HU,109142,0.0113598574308853
52661,HU,102349,0.0106528197045471
52675,HU,93276,0.00970847209803063
50821,HU,89694,0.00933564578627685
51284,HU,82040,0.00853899235518711
53134,HU,79279,0.00825161841695367
54524,HU,79139,0.00823704675764448
53126,HU,77001,0.00801451670333694
51733,HU,75568,0.00786536536197927
51279,HU,75084,0.00781498905408178
52666,HU,73282,0.00762743098211631
54058,HU,73144,0.00761306748936867
53607,HU,72914,0.00758912833478929
51745,HU,71560,0.00744819957261323
52209,HU,70041,0.00729009706910849
51741,HU,68171,0.00709546133404998
52674,HU,67121,0.00698617388923103
52667,HU,64409,0.00670390003175581
54531,HU,56557,0.00588663811107164
51290,HU,56287,0.00585853562526105
54061,HU,55903,0.00581856764544155
51282,HU,54801,0.00570386787002205
51272,HU,53303,0.00554795111541368
50820,HU,53191,0.00553629378796633
52670,HU,52891,0.00550506880373234
50827,HU,49444,0.00514629373488386
50357,HU,49345,0.00513598949008664
50818,HU,49016,0.00510174609071004
54526,HU,48882,0.00508779893108552
53128,HU,48228,0.00501972846545544
54068,HU,48036,0.00499974447554569
52669,HU,45926,0.00478012875309999
51292,HU,45763,0.00476316317833286
53598,HU,44564,0.0046383673246777
52672,HU,43506,0.00452824721361251
51746,HU,42960,0.00447141774230666
51739,HU,42875,0.00446257066344036
50825,HU,42846,0.00445955224829774
53131,HU,42832,0.00445809508236682
52210,HU,42468,0.00442020876816292
52200,HU,42152,0.00438731845143646
53127,HU,41855,0.00435640571704481
52216,HU,41155,0.00428354742049885
51291,HU,41131,0.00428104942176013
53608,HU,40430,0.00420808704193338
52197,HU,40079,0.00417155381037962
52665,HU,39767,0.00413907982677628
52204,HU,39624,0.00412419591762474
50826,HU,39146,0.00407444410941193
50823,HU,39057,0.00406518069742251
52217,HU,38707,0.00402875154914953
54064,HU,38541,0.00401147372454006
52676,HU,38276,0.00398389165513337
53602,HU,37783,0.00393257859770886
51285,HU,37437,0.00389656578255899
52673,HU,37310,0.00388334720589994
53130,HU,37286,0.00388084920716122
52205,HU,37139,0.00386554896488657
51281,HU,36891,0.00383973631125314
53603,HU,36482,0.00379716624941414
53605,HU,36393,0.00378790283742473
53143,HU,36041,0.00375126552259018
54055,HU,35646,0.0037101526266821
52203,HU,34755,0.00361741442350717
51288,HU,34700,0.00361168984306427
54059,HU,34683,0.00360992042729101
53600,HU,34483,0.00358910377113502
51736,HU,34401,0.00358056894211107
51287,HU,33912,0.00352967221780967
51754,HU,33685,0.00350604531307262
54054,HU,33262,0.0034620180853027
51286,HU,32968,0.0034314176007534
50361,HU,32634,0.00339665378497289
54062,HU,32344,0.00336646963354671
53139,HU,32214,0.00335293880704531
52671,HU,31321,0.00325999243730882
50359,HU,31148,0.00324198602973389
51747,HU,30954,0.00322179387326258
50824,HU,30948,0.0032211693735779
52198,HU,30883,0.0032144039603272
51278,HU,30857,0.00321169779502692
51748,HU,30117,0.00313467616724976
52211,HU,30055,0.0031282230038414
52681,HU,29750,0.00309647760320352
50817,HU,29167,0.00303579705050881
50363,HU,28800,0.00299759848646256
51293,HU,28651,0.00298209007762635
51735,HU,28497,0.00296606125238624
51738,HU,28184,0.00293348318550212
54988,HU,28072,0.00292182585805476
50828,HU,27933,0.00290735828202635
51283,HU,27679,0.00288092112870824
54532,HU,27531,0.00286551680315281
53604,HU,27447,0.00285677380756729
54522,HU,26502,0.00275841510723024
54066,HU,26320,0.00273947195012829
52214,HU,25687,0.00267358723339458
54989,HU,25606,0.0026651564876514
53592,HU,25472,0.00265120932802689
53141,HU,24937,0.00259552477280962
53133,HU,24627,0.00256325895576783
52199,HU,24621,0.00256263445608315
52215,HU,24062,0.00250445190212716
53129,HU,23949,0.00249269049139903
51752,HU,23909,0.00248852716016783
52202,HU,23512,0.00244720609769819
54525,HU,22922,0.00238579696203802
54060,HU,22752,0.00236810280430543
52677,HU,22742,0.00236706197149763
52662,HU,21772,0.00226610118914107
52213,HU,21552,0.00224320286736949
51277,HU,20909,0.00217627731782798
53593,HU,20794,0.00216430774053828
54057,HU,20755,0.00216024849258787
50816,HU,20718,0.00215639741119901
52679,HU,20490,0.00213266642318118
53140,HU,20405,0.00212381934431488
51280,HU,20182,0.00210060877270095
54520,HU,20156,0.00209790260740068
51271,HU,20068,0.00208874327869204
51750,HU,19818,0.00206272245849705
53132,HU,19816,0.00206251429193549
51734,HU,19571,0.0020370138881444
52201,HU,19519,0.00203160155754385
53596,HU,19431,0.00202244222883521
52664,HU,19313,0.00201016040170318
53136,HU,19246,0.00200318682189092
52218,HU,18852,0.00196217800926362
53142,HU,18584,0.00193428369001459
52678,HU,18279,0.00190253828937671
53589,HU,18248,0.00189931170767253
54987,HU,18012,0.00187474805340846
52663,HU,17857,0.00185861514488757
53138,HU,17848,0.00185767839536055
50819,HU,17520,0.00182353907926473
53591,HU,17509,0.00182239416317615
52212,HU,17311,0.00180178567358172
53590,HU,17232,0.0017935630944001
53599,HU,17219,0.00179221001174996
54528,HU,17163,0.00178638134802628
53124,HU,16809,0.00174953586663018
53144,HU,16505,0.00171789454927308
53125,HU,16494,0.0017167496331845
54071,HU,16370,0.00170384330636778
54070,HU,16289,0.00169541256062461
53595,HU,15186,0.00158060870192432
54065,HU,14915,0.00155240213283296
53597,HU,14697,0.00152971197762293
53135,HU,14357,0.00149432366215774
51749,HU,13861,0.00144269835489089
53606,HU,13601,0.0014156367018881
50358,HU,13590,0.00141449178579952
54056,HU,13554,0.00141074478769144
54063,HU,13528,0.00140803862239117
51755,HU,12712,0.00132310666527473
50356,HU,12530,0.00130416350817278
53594,HU,12278,0.00127793452141623
50829,HU,12017,0.00125076878513266
54069,HU,11550,0.00120216189300842
54527,HU,11446,0.00119133723180731
54530,HU,11181,0.00116375516240062
54986,HU,11010,0.00114595692138725
53601,HU,10882,0.00113263426144742
52680,HU,10643,0.00110775835734101
54521,HU,10533,0.00109630919645522
50362,HU,9818,0.00102188965069755
54984,HU,9336,0.000971721509361615
51273,HU,9195,0.000957045766771642
50360,HU,8367,0.000870864810285843
54533,HU,7920,0.000824339583777205
50815,HU,7563,0.000787181852538763
54529,HU,6750,0.000702562145264664
54519,HU,6298,0.000655516502352126
54053,HU,5043,0.000524891984973289
54985,HU,5024,0.00052291440263847
50830,HU,3897,0.000405612545199466
51751,HU,3879,0.000403739046145427
51294,HU,3730,0.000388230637309214
54990,HU,3261,0.000339415578623417
51276,HU,2891,0.000300904764734836
53145,HU,2679,0.000278839109209486
49896,HU,2632,0.000273947195012829
52660,HU,2553,0.000265724615831213
52682,HU,2372,0.000246885542010042
50807,HU,2253,0.000234499631597228
53588,HU,2251,0.000234291465035668
51275,HU,2171,0.000225964802573272
49894,HU,2134,0.000222113721184414
50814,HU,2030,0.000211289059983299
53123,HU,1911,0.000198903149570485
50364,HU,1840,0.000191513236635108
49893,HU,1517,0.000157894336943184
51732,HU,1416,0.000147381925584409
52196,HU,1364,0.000141969594983852
49895,HU,1285,0.000133747015802236
54518,HU,546,5.68294713058528e-05
52219,HU,500,5.20416403899751e-05
54991,HU,118,1.22818271320341e-05
49897,HU,50,5.20416403899751e-06
50355,HU,36,3.74699810807821e-06
51756,HU,27,2.81024858105865e-06
54072,HU,7,7.28582965459651e-07
40969,IE,1358417,0.267701711819088
43745,IE,225168,0.0443736047523554
40505,IE,173778,0.034246235196186
42352,IE,132550,0.0261214795615927
41433,IE,106271,0.0209427065597134
40968,IE,94791,0.0186803558590942
40958,IE,93173,0.0183614984171428
43744,IE,88610,0.0174622731343095
40040,IE,78338,0.0154379816363338
42824,IE,67935,0.0133878741155549
41431,IE,62545,0.0123256728719714
40504,IE,61455,0.0121108677967384
43285,IE,57640,0.0113590500334229
41432,IE,57426,0.0113168772938817
41895,IE,55369,0.010911506615208
41897,IE,52590,0.010363852207802
43746,IE,49742,0.00980260004792715
42812,IE,48096,0.00947822467743766
42822,IE,44510,0.00877153568680868
40959,IE,44459,0.00876148517411429
41429,IE,41501,0.00817855543783975
42361,IE,40354,0.00795251743665418
39105,IE,38767,0.00763976912986997
44207,IE,38630,0.00761277069380857
41887,IE,38123,0.00751285677349376
38180,IE,37239,0.00733864788679103
40503,IE,36812,0.00725449947658506
40029,IE,35975,0.00708955282707127
40963,IE,33924,0.00668536456165576
40501,IE,33350,0.00657224702662479
42351,IE,31793,0.0062654107861314
41430,IE,31549,0.00621732598029942
42358,IE,31466,0.00620096926356149
40967,IE,31044,0.00611780619773733
43280,IE,30215,0.00595443609923443
42820,IE,28986,0.00571223845018729
42823,IE,28934,0.00570199086861654
42357,IE,27983,0.00551457836719765
42360,IE,27888,0.0054958568239434
39577,IE,26545,0.00523119332299116
43276,IE,26545,0.00523119332299116
42355,IE,25667,0.00505816684954658
40965,IE,25547,0.00503451858438332
37717,IE,24629,0.00485360935588432
43281,IE,24535,0.00483508488150643
39566,IE,24226,0.00477419059871101
40964,IE,24141,0.00475743974422036
40495,IE,23283,0.004588354648303
40499,IE,23017,0.00453593432719109
40037,IE,23014,0.00453534312056201
39575,IE,22788,0.00449080555450452
42353,IE,22233,0.00438143232812441
41890,IE,22144,0.00436389319812832
40966,IE,21920,0.00431974976982355
40039,IE,21791,0.00429432788477304
43277,IE,21735,0.00428329202769685
43284,IE,21204,0.00417864845434939
42821,IE,21101,0.00415835036008425
40038,IE,21046,0.00414751157188442
41423,IE,19302,0.0038038234515116
41896,IE,19251,0.00379377293881721
40962,IE,19026,0.00374943244163608
42359,IE,18801,0.00370509194445496
43743,IE,18720,0.00368912936546975
42816,IE,18075,0.00356201994021719
38179,IE,18023,0.00355177235864644
41891,IE,17399,0.00342880137979744
42814,IE,17387,0.00342643655328112
42819,IE,17352,0.0034195391426085
42813,IE,17251,0.00339963518609608
42817,IE,17182,0.0033860374336272
40031,IE,16946,0.00333952917880611
44205,IE,16928,0.00333598193903162
40960,IE,16764,0.00330366264330849
41893,IE,16354,0.00322286440400066
40498,IE,15893,0.00313201565199844
40494,IE,15186,0.00299268795641152
41886,IE,15186,0.00299268795641152
39574,IE,15153,0.00298618468349162
41427,IE,15042,0.0029643100382156
41424,IE,14994,0.00295485073215029
41889,IE,14887,0.00293376436237971
39568,IE,14852,0.00292686695170709
42818,IE,14823,0.00292115195429263
40030,IE,14806,0.0029178017833945
38177,IE,14780,0.00291267799260913
40034,IE,14619,0.00288094990351508
38642,IE,14458,0.00284922181442103
41894,IE,14434,0.00284449216138837
40035,IE,14396,0.00283700354408667
40500,IE,13894,0.00273807496815367
43279,IE,13409,0.0026424965631188
40502,IE,13393,0.00263934346109703
39573,IE,13164,0.00259421468841046
44206,IE,12869,0.00253607936988409
42356,IE,12687,0.00250021283438647
37715,IE,12493,0.00246198147237252
39569,IE,12430,0.0024495661331618
42815,IE,12331,0.00243005631440211
40033,IE,11825,0.00233033946296366
42349,IE,11446,0.00225565035882301
40036,IE,11416,0.00224973829253219
43282,IE,11338,0.00223436692017607
43278,IE,11070,0.00218155246131144
43275,IE,11000,0.0021677576399662
37716,IE,10798,0.00212794972694137
40032,IE,10291,0.00202803580662656
39576,IE,10224,0.0020148321919104
41885,IE,9855,0.00194211377653335
41892,IE,9791,0.00192950136844628
41421,IE,9589,0.00188969345542144
42354,IE,9404,0.00185323571329474
43283,IE,9315,0.00183569658329865
40961,IE,9250,0.00182288710633521
40496,IE,9233,0.00181953693543708
37718,IE,9219,0.00181677797116804
41888,IE,9146,0.00180239194319371
41428,IE,8831,0.00174031524714014
40955,IE,8548,0.0016845447551301
42350,IE,8524,0.00167981510209744
41426,IE,8385,0.00165242252828333
43742,IE,8006,0.00157773342414267
40497,IE,7971,0.00157083601347005
41425,IE,7937,0.00156413567167379
39563,IE,7718,0.00152097758775083
39111,IE,7688,0.00151506552146001
42348,IE,7265,0.00143170538675949
39572,IE,7067,0.0013926857492401
39578,IE,6841,0.00134814818318262
43738,IE,6585,0.00129769855083431
39570,IE,6555,0.00129178648454349
40491,IE,6353,0.00125197857151866
43740,IE,6187,0.00121926513804281
39565,IE,6152,0.00121236772737019
38181,IE,5836,0.00115009396244025
40957,IE,5766,0.00113629914109501
38641,IE,5675,0.0011183658733462
39106,IE,5529,0.00108959381739756
39567,IE,5451,0.00107422244504143
39110,IE,5406,0.00106535434560521
39571,IE,5321,0.00104860349111456
40493,IE,5020,0.000989285759330029
44204,IE,4662,0.000918735101592947
43273,IE,4590,0.000904546142494987
44203,IE,3809,0.000750635350057386
43274,IE,3734,0.000735855184330344
43741,IE,2750,0.00054193940999155
38640,IE,2718,0.000535633205948012
43739,IE,1771,0.000349008980034558
40492,IE,1743,0.000343491051496462
39564,IE,1028,0.000202586804898659
38178,IE,1027,0.000202389736022299
38643,IE,714,0.000140707177721442
39107,IE,714,0.000140707177721442
37719,IE,683,0.000134598042554265
38644,IE,151,2.97574003304451e-05
62389,IT,1596775,0.0273498037978832
55415,IT,1454239,0.0249084256236664
55879,IT,1425235,0.0244116407232554
64252,IT,1406442,0.0240897513758059
62388,IT,1344594,0.0230304094739779
64251,IT,1330014,0.0227806810279707
56337,IT,1273003,0.0218041879939984
69351,IT,912862,0.0156356384553511
55416,IT,873388,0.0149595218107909
55414,IT,719817,0.0123291344869383
63797,IT,691698,0.011847508000431
58671,IT,668581,0.0114515565267446
55417,IT,630785,0.0108041809200719
70287,IT,611066,0.0104664309045152
57733,IT,563752,0.00965602955373441
62853,IT,520368,0.00891294183757693
55890,IT,502226,0.00860220291662614
64717,IT,464299,0.00795258352213266
64253,IT,434142,0.00743604986326854
55419,IT,416201,0.00712875370072978
55880,IT,396981,0.00679955063267366
55891,IT,390780,0.00669333896643973
69361,IT,386360,0.00661763253767761
57278,IT,375232,0.00642703046997061
63788,IT,360599,0.00617639423194432
57744,IT,360269,0.00617074194201412
58212,IT,359815,0.00616296576132226
61467,IT,353988,0.0060631600236759
55427,IT,341733,0.00585325452944969
55886,IT,329028,0.00563564136713684
63796,IT,329025,0.00563558998268293
55418,IT,327998,0.00561799937129408
55425,IT,304034,0.00520754035345345
57280,IT,299412,0.00512837403812798
65195,IT,292031,0.00500195115335576
64718,IT,289990,0.00496699259654501
59143,IT,286071,0.00489986737158601
58677,IT,286055,0.00489959332116515
54950,IT,285005,0.00488160876229632
59132,IT,280568,0.00480561115496203
55424,IT,277652,0.00475566546576059
65193,IT,277429,0.00475184588801988
60537,IT,273171,0.00467891421976895
64263,IT,263473,0.00451280540842616
56812,IT,257529,0.00441099567707728
57277,IT,254893,0.00436584587024086
55887,IT,254437,0.0043580354332464
55878,IT,253747,0.00434621700884688
55426,IT,251343,0.00430504093311291
54951,IT,248184,0.00425093310314468
59609,IT,244646,0.00419033370383237
58672,IT,241002,0.00412791872048188
58668,IT,234837,0.00402232366769489
58670,IT,232901,0.00398916356677102
67478,IT,226069,0.0038721440370645
63319,IT,225584,0.00386383688368223
54952,IT,218991,0.00375091098213727
55434,IT,215209,0.00368613231390688
56338,IT,213331,0.00365396564575862
54964,IT,212998,0.00364826197137451
55428,IT,209001,0.00357980075061383
54965,IT,205377,0.0035177283302894
71677,IT,199834,0.00342278698761328
54495,IT,198882,0.00340648098757221
54503,IT,196788,0.00337061463874237
67015,IT,196563,0.00336676080469905
62390,IT,196155,0.00335977251896716
54949,IT,195032,0.00334053760505316
56345,IT,194088,0.00332436863022252
58202,IT,193537,0.00331493101885421
58211,IT,192395,0.00329537067006544
71678,IT,191877,0.00328649828769015
57747,IT,190764,0.00326743465528919
60068,IT,189493,0.00324566477498225
56801,IT,189028,0.00323770018462606
64254,IT,188573,0.0032299068757829
65659,IT,188397,0.00322689232115345
55881,IT,188049,0.00322093172449978
59133,IT,181937,0.00311624446373189
61002,IT,181429,0.00310754336286963
61925,IT,179505,0.00307458879976141
58669,IT,179050,0.00306679549091825
55877,IT,177461,0.00303957885849675
70750,IT,176561,0.00302416352232347
63329,IT,173305,0.00296839426167879
55883,IT,171056,0.00292987304939689
55884,IT,170571,0.00292156589601462
56814,IT,169542,0.00290394102832316
57279,IT,168001,0.00287754654716424
70745,IT,165924,0.00284197137690656
67043,IT,165159,0.00282886834115927
71215,IT,163981,0.00280869137892357
62856,IT,163766,0.00280500882639329
58203,IT,163349,0.00279786638729967
68899,IT,159846,0.00273786647328299
59134,IT,158214,0.00270991333035543
58195,IT,157810,0.00270299355722876
62854,IT,157499,0.00269766670217332
70286,IT,156787,0.00268547145844513
55420,IT,155361,0.00266104671468612
56817,IT,153721,0.00263295654654814
60997,IT,151712,0.00259854609057911
57746,IT,148655,0.00254618533204386
56343,IT,148345,0.00254087560513973
55888,IT,147788,0.00253133522486359
60073,IT,146507,0.00250939406304362
63787,IT,144907,0.00248198902095778
55413,IT,144303,0.00247164361757038
66123,IT,142954,0.00244853774146176
64729,IT,142280,0.0024369933674831
55411,IT,142169,0.00243509214268839
61924,IT,141175,0.00241806676029257
56350,IT,138998,0.00238077877490453
64727,IT,138423,0.00237093008790493
54963,IT,137065,0.00234767005843457
55429,IT,136967,0.00234599149960681
54032,IT,136731,0.00234194925589915
58657,IT,135965,0.00232882909200056
59602,IT,135669,0.00232375915921468
67973,IT,135590,0.00232240603526169
64693,IT,134843,0.00230961130623787
56344,IT,130975,0.00224335961699535
56803,IT,127344,0.00218116729961181
57745,IT,127329,0.00218091037734225
63790,IT,126374,0.00216455299284727
55885,IT,125682,0.00215270031214514
69817,IT,124442,0.00213146140452862
54966,IT,123509,0.00211548083936231
68435,IT,123240,0.00211087336666163
64728,IT,122779,0.00210297728891065
67972,IT,122563,0.00209927760822906
62864,IT,121893,0.00208780174685562
57735,IT,121786,0.00208596903466613
56813,IT,121231,0.0020764629106926
56800,IT,119385,0.00204484434338607
56354,IT,118365,0.00202737362905635
56805,IT,117969,0.0020205908811401
54962,IT,117961,0.00202045385592967
54968,IT,117385,0.00201058804077877
61459,IT,115265,0.00197427636001504
64262,IT,115193,0.00197304313312117
59608,IT,114470,0.00196065947972864
56355,IT,112909,0.00193392243554364
65660,IT,111555,0.0019107309186785
56336,IT,111308,0.0019065002653065
64730,IT,109680,0.00187861563498416
55882,IT,109331,0.00187263791017919
56347,IT,108870,0.0018647418324282
63789,IT,108412,0.00185689713913113
55874,IT,106065,0.00181669736802147
60533,IT,105793,0.00181203851086688
55889,IT,104440,0.00178886412215304
57729,IT,103460,0.00177207853387547
62866,IT,102940,0.00176317189519757
57732,IT,102828,0.00176125354225156
63330,IT,102707,0.00175918103594382
61933,IT,101807,0.00174376569977054
56806,IT,101791,0.00174349164934968
55412,IT,101371,0.00173629782580214
62857,IT,100596,0.00172302350854182
56353,IT,99967,0.00171224990137182
59135,IT,99234,0.00169969496646625
54954,IT,98984,0.00169541292864034
69349,IT,97632,0.0016722556680778
54969,IT,97315,0.00166682604411455
70746,IT,97172,0.00166437671847813
69823,IT,96687,0.00165606956509586
70747,IT,96177,0.001647334207931
69359,IT,95978,0.00164392570582157
62855,IT,93923,0.00160872735489257
63321,IT,93357,0.00159903282125471
53567,IT,93352,0.00159894718049819
63786,IT,93036,0.00159353468468624
69813,IT,93034,0.00159350042838363
56352,IT,91636,0.00156955527286113
57276,IT,90575,0.00155138230432796
56811,IT,89598,0.00153464810050429
63322,IT,89289,0.00152935550175146
57266,IT,89020,0.00152474802905078
57743,IT,89002,0.00152443972232732
65183,IT,88120,0.0015093326928775
57736,IT,88052,0.00150816797858885
67044,IT,86722,0.001485387537355
54955,IT,86477,0.00148119114028561
61932,IT,86410,0.00148004355414826
59137,IT,85444,0.00146349775998894
59136,IT,85020,0.00145623542383619
64692,IT,84794,0.00145236446164157
66581,IT,84343,0.00144463966540362
56815,IT,82876,0.00141951266744117
69360,IT,82834,0.00141879328508641
55873,IT,82145,0.0014069919888382
55422,IT,81965,0.00140390892160354
56802,IT,81842,0.00140180215899319
64261,IT,81644,0.00139841078503507
59597,IT,81639,0.00139832514427855
64719,IT,81578,0.00139728032704903
61922,IT,81238,0.00139145675560579
64722,IT,81225,0.00139123408963884
61464,IT,81205,0.00139089152661277
54959,IT,79848,0.00136764862529372
60527,IT,79423,0.00136036916098967
59600,IT,79391,0.00135982106014795
70277,IT,78031,0.00133652677437499
57265,IT,77677,0.0013304634088135
64232,IT,76682,0.00131342089826637
67511,IT,76206,0.00130526789824583
62861,IT,74926,0.00128334386457716
64725,IT,74880,0.00128255596961719
54499,IT,73945,0.00126654114814828
55421,IT,73241,0.00125448292963051
54958,IT,73128,0.0012525474485332
56351,IT,72877,0.00124824828255599
65194,IT,72039,0.00123389489176353
67477,IT,71647,0.0012271806564525
60526,IT,71607,0.00122649553040035
56816,IT,71531,0.00122519379090128
54504,IT,71492,0.00122452579300043
56810,IT,70349,0.00120494831606036
69814,IT,69180,0.0011849255071864
63320,IT,68981,0.00118151700507697
71213,IT,68701,0.00117672112271195
61001,IT,68543,0.00117401487480597
69358,IT,68437,0.00117219929076779
55876,IT,68359,0.0011708632949661
54953,IT,67458,0.00115543083064152
59599,IT,66813,0.00114438317305066
54948,IT,66740,0.0011431328180055
62398,IT,66434,0.00113789160370658
60069,IT,66340,0.00113628155748404
57270,IT,66039,0.00113112598394164
56340,IT,65790,0.00112686107426703
61460,IT,65655,0.00112454877384104
61462,IT,65553,0.00112280170240807
54961,IT,65388,0.00111997555744296
68436,IT,65311,0.00111865668979258
66085,IT,65244,0.00111750910365524
57267,IT,64141,0.00109861675276731
53569,IT,62977,0.00107867958464987
56346,IT,62912,0.00107756625481513
67013,IT,62862,0.00107670984724995
68900,IT,62544,0.00107126309513539
57742,IT,62034,0.00106252773797053
54967,IT,61671,0.0010563102190473
63791,IT,61161,0.00104757486188244
71210,IT,60249,0.00103195398789351
62391,IT,60114,0.00102964168746752
61923,IT,59765,0.00102366396266255
67014,IT,59529,0.00101962171895489
57264,IT,59116,0.00101254779246648
56341,IT,58975,0.00101013272313267
57281,IT,58830,0.00100764914119364
61930,IT,58763,0.00100650155505629
53568,IT,58335,0.000999170706298331
71211,IT,57977,0.000993038828131625
61928,IT,57207,0.000979850151627816
54031,IT,56709,0.000971320332278599
55408,IT,56346,0.000965102813355374
70279,IT,55940,0.000958148783926093
56348,IT,55725,0.000954466231395809
62865,IT,55704,0.000954106540218432
56349,IT,55501,0.000950629525503792
70278,IT,55309,0.000947340920453491
54488,IT,54711,0.000937098285973909
64726,IT,54278,0.000929681796459429
70284,IT,52417,0.00089780630688334
60072,IT,52190,0.000893918216537412
56807,IT,51894,0.000888848283751532
60066,IT,51863,0.000888317311061119
64257,IT,51743,0.000886261932904681
60061,IT,51350,0.000879530569442347
63323,IT,51337,0.0008793079034754
57730,IT,51222,0.00087733816607548
64230,IT,51166,0.000876378989602476
60995,IT,50623,0.000867078403444595
71212,IT,50177,0.000859439247963167
65185,IT,50153,0.00085902817233188
60067,IT,50134,0.000858702737457111
69363,IT,49981,0.000856082130307652
56819,IT,49918,0.000855003056775522
65189,IT,49805,0.00085306757567821
56818,IT,49674,0.000850823787857432
57728,IT,49598,0.000849522048358355
56804,IT,48592,0.000832291128146885
57268,IT,48135,0.000824463563001117
54484,IT,47959,0.000821449008371675
61926,IT,47805,0.000818811273070913
69357,IT,47335,0.000810761041958199
67510,IT,47320,0.000810504119688644
56342,IT,47316,0.000810435607083429
65160,IT,47232,0.000808996842373923
60532,IT,47012,0.00080522864908712
66580,IT,46202,0.000791354846531165
67046,IT,46181,0.000790995155353788
54502,IT,45665,0.000782157029281106
56809,IT,45297,0.000775853869601363
55423,IT,45254,0.000775117359095306
55875,IT,45116,0.000772753674215403
57269,IT,44904,0.000769122506139029
64260,IT,44678,0.000765251543944405
66114,IT,44352,0.000759667766619415
59606,IT,44203,0.000757115672075172
53106,IT,44147,0.000756156495602167
54490,IT,43821,0.000750572718277178
63324,IT,43504,0.000745143094313921
59138,IT,43321,0.000742008642625354
66579,IT,43263,0.000741015209849742
57282,IT,43176,0.000739525060686325
70281,IT,42956,0.000735756867399522
64255,IT,42831,0.000733615848486566
59142,IT,42755,0.000732314108987489
54489,IT,42539,0.000728614428305901
66116,IT,42520,0.000728288993431131
54501,IT,42380,0.000725891052248621
66550,IT,41899,0.000717652411471566
67508,IT,41812,0.000716162262308148
70748,IT,41713,0.000714466575329087
69819,IT,41630,0.000713044938770884
54498,IT,41520,0.000711160842127483
65648,IT,41294,0.000707289879932858
59139,IT,41071,0.000703470302192145
62859,IT,40434,0.000692559669811721
70280,IT,40034,0.000685708409290261
66089,IT,39932,0.000683961337857289
59141,IT,39913,0.00068363590298252
57283,IT,39830,0.000682214266424317
59603,IT,39440,0.000675534287415894
64721,IT,38771,0.000664075554193753
57275,IT,38507,0.00065955372224959
67016,IT,38442,0.000658440392414853
54960,IT,38398,0.000657686753757493
59607,IT,38121,0.000652942255846382
66549,IT,38072,0.000652102976432503
56339,IT,37990,0.000650698468025604
69822,IT,37484,0.000642031623465958
69816,IT,37355,0.000639822091947787
71214,IT,37147,0.000636259436476628
67507,IT,36991,0.000633587444873259
70749,IT,36844,0.000631069606631623
69818,IT,36747,0.000629408175955169
63795,IT,36679,0.000628243461666521
63325,IT,36638,0.000627541207463071
59605,IT,36598,0.000626856081410925
58204,IT,36331,0.000622282865012851
61466,IT,36096,0.000618257749456494
54496,IT,35271,0.000604127024630984
66115,IT,34852,0.000596950329234755
58210,IT,34473,0.000590458759890672
65653,IT,33807,0.000579051411122443
54039,IT,33677,0.000576824751452968
64720,IT,33621,0.000575865574979964
60071,IT,33461,0.00057312507077138
61461,IT,33377,0.000571686306061874
69362,IT,32867,0.000562950948897013
63767,IT,32816,0.000562077413180527
66578,IT,32224,0.000551937547608767
60991,IT,32087,0.000549590990880167
60996,IT,31882,0.000546079719862919
60994,IT,31711,0.000543150805989995
54956,IT,31451,0.000538697486651047
55430,IT,30952,0.000530150539150526
62858,IT,30924,0.000529670950914024
59601,IT,30648,0.000524943581154217
65650,IT,30105,0.000515642994996336
58206,IT,29989,0.000513656129445113
58676,IT,29394,0.000503464879419442
64258,IT,28353,0.000485634473912344
55410,IT,28352,0.00048561734576104
62392,IT,27763,0.000475528864643191
63326,IT,27302,0.00046763278689221
61929,IT,27261,0.00046693053268876
58207,IT,26970,0.000461946240659398
70285,IT,26925,0.000461175473850734
66551,IT,26742,0.000458041022162166
54500,IT,26577,0.000455214877197064
57741,IT,26232,0.000449305664997306
56799,IT,25880,0.000443276555738421
54028,IT,25832,0.000442454404475846
60529,IT,25600,0.0004384806733734
56335,IT,25510,0.000436939139756071
61931,IT,25432,0.000435603143954387
54491,IT,25161,0.000430961414951098
54492,IT,25115,0.00043017351999113
57738,IT,25040,0.000428888908643357
65649,IT,24536,0.000420256320386318
59604,IT,24232,0.000415049362390009
57731,IT,23984,0.000410801580866704
64697,IT,23872,0.000408883227920695
54494,IT,23729,0.000406433902284274
64231,IT,23572,0.000403744782529601
63792,IT,23559,0.000403522116562653
65647,IT,23387,0.000400576074538426
62862,IT,22641,0.000387798473665904
70283,IT,22494,0.000385280635424268
60070,IT,22229,0.000380741675328801
53566,IT,21926,0.000375551845483796
54033,IT,21861,0.000374438515649058
64256,IT,21844,0.000374147337076896
60065,IT,21823,0.00037378764589952
69815,IT,21731,0.000372211855979584
61458,IT,21707,0.000371800780348297
65158,IT,21663,0.000371047141690936
65186,IT,21612,0.00037017360597445
69820,IT,21515,0.000368512175297996
62860,IT,21210,0.000363288089150383
65161,IT,20847,0.000357070570227159
62393,IT,20827,0.000356728007201086
53104,IT,20812,0.000356471084931531
65622,IT,20783,0.000355974368543725
57740,IT,20199,0.000345971528182395
54024,IT,19817,0.000339428574384401
65652,IT,19717,0.000337715759254036
67045,IT,19457,0.000333262439915088
58673,IT,19173,0.000328398044944851
54036,IT,19136,0.000327764303346616
54487,IT,18943,0.000324458570145012
65623,IT,18859,0.000323019805435506
65157,IT,18639,0.000319251612148703
54957,IT,18281,0.000313119733981997
61927,IT,18059,0.000309317284392587
60531,IT,17926,0.000307039240269202
65651,IT,17863,0.000305960166737072
62397,IT,17836,0.000305497706651873
58205,IT,17784,0.000304607042784084
60064,IT,17639,0.000302123460845055
62396,IT,17062,0.00029224051754285
53565,IT,16887,0.000289243091064711
64723,IT,16872,0.000288986168795156
56808,IT,16734,0.000286622483915253
58208,IT,16408,0.000281038706590263
65621,IT,16358,0.000280182299025081
60536,IT,16344,0.00027994250490683
55409,IT,16343,0.000279925376755526
63328,IT,16300,0.000279188866249469
58201,IT,16152,0.000276653899856529
54035,IT,15907,0.000272457502787136
61457,IT,15663,0.000268278233869045
63327,IT,15605,0.000267284801093434
63794,IT,15423,0.00026416747755617
64724,IT,15165,0.000259748414519828
53570,IT,15148,0.000259457235947667
65184,IT,15104,0.000258703597290306
58675,IT,14978,0.000256545450226046
64259,IT,14887,0.000254986788457414
59598,IT,14741,0.000252486078367082
70282,IT,14640,0.000250756135085413
62395,IT,14452,0.000247536042640327
60530,IT,14063,0.000240873191783208
65159,IT,13998,0.000239759861948471
55872,IT,13921,0.00023844099429809
69821,IT,13887,0.000237858637153766
54945,IT,13671,0.000234158956472178
59140,IT,13585,0.000232685935460064
65187,IT,13518,0.00023153834932272
54497,IT,13446,0.000230305122428857
58674,IT,13376,0.000229106151837601
66086,IT,13091,0.000224224628716062
53105,IT,12840,0.000219925462738846
60998,IT,12733,0.000218092750549355
67509,IT,12572,0.000215335118189468
64695,IT,12376,0.000211978000533953
60993,IT,12362,0.000211738206415702
54485,IT,12209,0.000209117599266244
60062,IT,12024,0.000205948891275069
60534,IT,11988,0.000205332277828137
53107,IT,11905,0.000203910641269935
64694,IT,11893,0.000203705103454291
54030,IT,11761,0.000201444187482209
63793,IT,11655,0.000199628603444022
55407,IT,11607,0.000198806452181447
60063,IT,11599,0.000198669426971018
66087,IT,11435,0.00019586041015722
53571,IT,11402,0.000195295181164199
58209,IT,11401,0.000195278053012896
61465,IT,11152,0.000191013143338287
57737,IT,11037,0.000189043405938368
54038,IT,10495,0.00017975994793179
54034,IT,9933,0.00017013392689914
57271,IT,9891,0.000169414544544387
62863,IT,9743,0.000166879578151447
53572,IT,9662,0.000165492197895851
65624,IT,9434,0.000161586979398619
61463,IT,8920,0.000152783109628544
54944,IT,8769,0.000150196758781693
65188,IT,8665,0.000148415431046114
60992,IT,8659,0.000148312662138292
60528,IT,8530,0.000146103130620121
54493,IT,8410,0.000144047752463683
66552,IT,8179,0.000140091149512541
57274,IT,7970,0.000136511365890078
62394,IT,7546,0.000129249029737331
60999,IT,6974,0.000119451727191644
57739,IT,6933,0.000118749472988195
53573,IT,6884,0.000117910193574316
60535,IT,6817,0.000116762607436971
56334,IT,6667,0.000114193384741424
53563,IT,6557,0.000112309288098023
54029,IT,6129,0.000104978439340061
64696,IT,6076,0.000104070647320968
54947,IT,6025,0.000103197111604482
57273,IT,6023,0.000103162855301875
58194,IT,5858,0.000100336710336773
53103,IT,5783,9.90520989889989e-05
66088,IT,5555,9.5146880491767e-05
61000,IT,5410,9.2663298552738e-05
54486,IT,5198,8.90321304763645e-05
57272,IT,5098,8.73193153459997e-05
71662,IT,5077,8.69596241686231e-05
54026,IT,4952,8.4818605255667e-05
53575,IT,4907,8.40478384470029e-05
53574,IT,4530,7.75905254055274e-05
65625,IT,4033,6.90778342076141e-05
66553,IT,3877,6.6405842604245e-05
54942,IT,3513,6.01711955297169e-05
53577,IT,3452,5.91263783001944e-05
54483,IT,3408,5.83727396428339e-05
54943,IT,3316,5.67969497228982e-05
60984,IT,3227,5.52725442568735e-05
56333,IT,3128,5.35768572778123e-05
54040,IT,2810,4.81301051632521e-05
58193,IT,2612,4.47387312051297e-05
54037,IT,2566,4.39508362451619e-05
54505,IT,2429,4.1604279516562e-05
53101,IT,2367,4.05423341357358e-05
54946,IT,2320,3.97373110244644e-05
56798,IT,2227,3.81443929532251e-05
57263,IT,2153,3.68769097567551e-05
52643,IT,2017,3.45474811794589e-05
53576,IT,1916,3.28175378977904e-05
54020,IT,1855,3.17727206682678e-05
57727,IT,1462,2.5041357205934e-05
53564,IT,1105,1.89266071905315e-05
55406,IT,896,1.5346823568069e-05
58192,IT,754,1.29146260829509e-05
54041,IT,545,9.3348424604884e-06
54027,IT,418,7.15956724492504e-06
54025,IT,351,6.0119811075806e-06
55871,IT,265,4.53896009546684e-06
52641,IT,243,4.16214076678657e-06
57726,IT,224,3.83670589201725e-06
52642,IT,195,3.33998950421144e-06
60520,IT,102,1.74707143297214e-06
57262,IT,63,1.07907353212985e-06
54019,IT,28,4.79588236502156e-07
62839,IT,26,4.45331933894859e-07
53102,IT,20,3.42563026072969e-07
53108,IT,16,2.74050420858375e-07
53100,IT,14,2.39794118251078e-07
52633,LI,36390,0.943063726125379
52632,LI,2186,0.0566512037732915
52169,LI,11,0.000285070101329463
38306,LT,336561,0.11984420584399
38776,LT,304761,0.10852071397821
38775,LT,278120,0.0990342628210949
36903,LT,152294,0.0542295556668914
36448,LT,101783,0.0362433639174439
36916,LT,96574,0.0343885189762851
39235,LT,59807,0.0212963546546139
38768,LT,50659,0.0180388922776278
36439,LT,45324,0.0161391806705857
38307,LT,42650,0.0151870103168406
38312,LT,42384,0.0150922917999759
35516,LT,39605,0.0141027325579946
37844,LT,33798,0.0120349489962152
36904,LT,33644,0.0119801119601356
37378,LT,29893,0.0106444384384834
36924,LT,27883,0.00992870829225007
36442,LT,25305,0.00901072206489216
37368,LT,24784,0.00882520196231129
38311,LT,23255,0.00828074853266418
36921,LT,23083,0.008219501972887
37846,LT,23077,0.0082173654649878
37372,LT,22614,0.00805249827209924
38767,LT,21266,0.00757249616407811
36447,LT,19985,0.00711635172759809
36449,LT,19943,0.00710139617230367
36440,LT,18049,0.00642697184545499
36443,LT,17911,0.0063778321637733
38309,LT,17800,0.00633830676763803
38308,LT,17658,0.00628774274735687
36457,LT,17497,0.00623041311872824
37375,LT,16139,0.00574685016420844
37838,LT,16076,0.0057244168312668
39240,LT,15813,0.00563076656835169
38770,LT,15533,0.00553106286638885
36452,LT,15067,0.00536512741955069
36444,LT,14953,0.00532453376946581
35985,LT,14091,0.0050175888012802
38774,LT,14014,0.00499017028324041
35988,LT,13383,0.00476548086917414
36910,LT,13338,0.00474945705993012
39698,LT,12994,0.00462696394037576
38303,LT,12838,0.00457141473499646
36919,LT,12490,0.00444749727684264
37382,LT,12317,0.0043858946324156
36450,LT,11654,0.00414981050955357
37385,LT,11453,0.00407823749493025
37851,LT,11258,0.00400880098820612
36454,LT,11252,0.00400666448030692
38305,LT,11063,0.003939364481482
39699,LT,10931,0.00389236130769951
38777,LT,10803,0.0038467824725165
37371,LT,10624,0.00378304332019025
35990,LT,10472,0.00372891845341042
35982,LT,10401,0.00370363644326984
36446,LT,10385,0.00369793908887196
38766,LT,10342,0.00368262744892767
38310,LT,10271,0.00365734543878709
37848,LT,10168,0.00362066871985076
39234,LT,10099,0.00359609887900991
35518,LT,10092,0.00359360628646084
39701,LT,9932,0.00353663274248207
39697,LT,9889,0.00352132110253778
35981,LT,9787,0.00348500046825131
37369,LT,9205,0.00327775920202854
38771,LT,9086,0.00323538512869433
37842,LT,8948,0.00318624544701265
39232,LT,8840,0.00314778830482698
37836,LT,8747,0.00311467243238932
35989,LT,8552,0.00304523592566519
37387,LT,8375,0.00298220894263868
39231,LT,8131,0.00289532428807106
36906,LT,8016,0.00285437455333632
38304,LT,7541,0.00268523434464935
37843,LT,7308,0.00260226662123027
35513,LT,7118,0.00253461053775548
35977,LT,7065,0.00251573805131251
37841,LT,6994,0.00249045604117193
37373,LT,6857,0.00244167244414011
36914,LT,6847,0.00243811159764144
37845,LT,6771,0.00241104916425152
37376,LT,6579,0.002342680911477
37379,LT,6483,0.00230849678508974
35979,LT,6243,0.00222303646912159
37374,LT,6238,0.00222125604587225
38769,LT,6175,0.00219882271293061
38313,LT,6120,0.00217923805718791
36911,LT,6051,0.00215466821634706
39233,LT,6000,0.00213650789920383
36907,LT,5945,0.00211692324346113
36905,LT,5922,0.00210873329651418
36915,LT,5846,0.00208167086312427
35987,LT,5814,0.00207027615432851
38314,LT,5725,0.00203858462049032
37840,LT,5409,0.00192606187113225
36908,LT,5379,0.00191537933163623
37837,LT,5273,0.0018776343587503
37834,LT,5184,0.00184594282491211
39702,LT,5048,0.00179751531253016
38773,LT,4923,0.00175300473129674
35986,LT,4806,0.00171134282726227
39236,LT,4764,0.00169638727196784
36913,LT,4737,0.00168677298642142
37384,LT,4581,0.00163122378104212
38772,LT,4471,0.00159205446955672
36445,LT,4426,0.00157603066031269
36441,LT,4423,0.00157496240636309
39237,LT,4418,0.00157318198311375
36453,LT,4345,0.00154718780367344
37370,LT,4325,0.00154006611067609
38302,LT,4266,0.00151905711633392
39239,LT,4249,0.00151300367728618
37377,LT,4091,0.00145674230260715
35980,LT,4062,0.00144641584776099
36451,LT,3964,0.001411519552074
37835,LT,3958,0.00140938304417479
36920,LT,3948,0.00140582219767612
36917,LT,3866,0.001376623256387
36455,LT,3857,0.0013734184945382
35984,LT,3852,0.00137163807128886
36922,LT,3764,0.00134030262210054
35978,LT,3763,0.00133994653745067
35976,LT,3756,0.0013374539449016
35983,LT,3482,0.00123988675083796
36458,LT,3463,0.00123312114249048
36909,LT,3449,0.00122813595739234
37381,LT,3411,0.00121460474069738
35520,LT,3290,0.00117151849806343
37847,LT,3283,0.00116902590551436
35515,LT,3251,0.00115763119671861
37839,LT,3229,0.00114979733442153
36923,LT,3202,0.00114018304887511
39238,LT,3169,0.00112843225542949
37380,LT,3150,0.00112166664708201
35993,LT,2895,0.00103086506136585
39703,LT,2846,0.00101341691352235
37383,LT,2833,0.00100878781307408
36918,LT,2776,0.000988490988031639
35975,LT,2754,0.000980657125734558
37850,LT,2565,0.000913357126909638
36912,LT,2422,0.000862437021978613
37386,LT,2417,0.000860656598729276
35991,LT,2404,0.000856027498281001
37849,LT,2370,0.000843920620185513
36456,LT,2363,0.000841428027636442
37388,LT,2223,0.000791576176655019
35514,LT,2003,0.000713237553684212
39241,LT,1986,0.000707184114636468
35521,LT,1843,0.000656264009705443
39700,LT,1693,0.000602851312225347
35526,LT,1654,0.000588964010880523
39705,LT,1603,0.00057080369373729
36459,LT,1595,0.000567955016538352
37389,LT,1532,0.000545521683596711
35517,LT,1502,0.000534839144100692
35992,LT,1467,0.000522376181355337
35522,LT,1446,0.000514898403708123
38765,LT,1432,0.000509913218609981
35525,LT,1430,0.000509201049310246
37852,LT,1328,0.000472880415023781
37833,LT,1318,0.000469319568525108
39230,LT,1028,0.00036605502006359
35519,LT,923,0.000328666131827523
37853,LT,907,0.000322968777429646
39696,LT,807,0.000287360312442915
40163,LT,662,0.000235728038212156
40162,LT,628,0.000223621160116668
35524,LT,419,0.000149199468294401
39229,LT,404,0.000143858198546391
35512,LT,364,0.000129614812551699
38301,LT,327,0.000116439680506609
36925,LT,275,9.79232787135089e-05
40164,LT,261,9.29380936153666e-05
35523,LT,234,8.33238080689494e-05
35994,LT,233,8.29677234190821e-05
40161,LT,122,4.34423272838112e-05
37390,LT,108,3.8457142185669e-05
40165,LT,88,3.13354491883228e-05
39706,LT,48,1.70920631936306e-05
36460,LT,26,9.25820089654993e-06
37832,LT,18,6.40952369761149e-06
38315,LT,11,3.91693114854036e-06
35527,LT,10,3.56084649867305e-06
47979,LU,272598,0.425348192022869
47978,LU,123045,0.19199322184115
47515,LU,59706,0.0931622357937967
47980,LU,54032,0.0843088119185747
48443,LU,38162,0.0595460630818154
47514,LU,32311,0.0504164573197562
48442,LU,21118,0.0329514637640002
47516,LU,17347,0.027067385259689
47051,LU,11146,0.017391657122528
47050,LU,7358,0.0114810526742833
48444,LU,2205,0.00344057096314142
47517,LU,1854,0.00289288823839646
34595,LV,575047,0.30464581329016
34132,LV,88856,0.0470737320353127
36461,LV,80503,0.0426485172643241
34596,LV,60014,0.0317939469970206
35057,LV,53415,0.0282979584571242
35047,LV,52838,0.027992277992278
34594,LV,52290,0.0277019610169994
34593,LV,36891,0.0195439480565715
33657,LV,35946,0.0190433102068667
34597,LV,34425,0.018237521667818
33208,LV,30542,0.0161804033922585
35072,LV,27386,0.0145084319068951
35511,LV,26163,0.0138605164675417
33672,LV,22764,0.0120598095351114
35058,LV,22311,0.0118198212325545
34591,LV,21665,0.0114775862580473
34134,LV,20713,0.0109732399798261
35523,LV,18225,0.00965515853002132
35056,LV,16610,0.00879957109375331
34125,LV,16263,0.00861573899444372
35066,LV,15820,0.00838104844691014
35530,LV,14828,0.00785551114859567
34586,LV,14558,0.00771247176296573
35052,LV,14329,0.00759115317293144
36460,LV,13315,0.00705396081356564
33669,LV,12455,0.00659835388155915
35064,LV,12271,0.00650087518912986
34133,LV,11931,0.00632075151833659
34603,LV,11497,0.00609082895032401
35073,LV,11274,0.00597268901330372
35059,LV,11083,0.00587150189235809
35531,LV,10037,0.00531735671691764
33661,LV,9768,0.00517484710679003
36463,LV,9639,0.00510650606698905
33205,LV,9594,0.00508266616938406
35062,LV,9485,0.00502492063962975
33679,LV,9270,0.00491101890662813
35536,LV,8630,0.00457196258513492
35533,LV,8504,0.00450521087184095
35063,LV,8391,0.0044453462400773
33674,LV,8329,0.00441250015893265
34142,LV,7775,0.0041190045306401
34126,LV,7558,0.00400404324663381
34144,LV,7182,0.00380484765775655
35049,LV,7175,0.00380113922924022
35060,LV,7093,0.0037576976380489
35070,LV,7022,0.00372008357738325
32747,LV,6719,0.00355956160017631
35061,LV,6570,0.00348062505032867
34127,LV,6548,0.00346896998927734
35535,LV,6221,0.00329573340001441
32744,LV,5698,0.00301866081229418
34141,LV,5567,0.00294926022148854
33671,LV,5436,0.0028798596306829
34592,LV,5107,0.0027055634904153
35053,LV,5057,0.00267907471529865
35065,LV,5049,0.00267483651127998
34135,LV,4855,0.00257206006382735
35071,LV,4808,0.0025471606152177
35524,LV,4799,0.0025423926356967
35055,LV,4621,0.0024480925962814
34604,LV,4513,0.00239087684202942
34609,LV,4385,0.00232306557773078
35521,LV,4345,0.00230187455763746
33209,LV,4311,0.00228386219055813
35051,LV,4119,0.00218214529411017
34599,LV,4115,0.00218002619210084
35048,LV,4049,0.00214506100894685
36001,LV,4047,0.00214400145794218
33673,LV,4023,0.00213128684588619
32741,LV,4021,0.00213022729488152
35534,LV,3784,0.00200467050082857
34598,LV,3749,0.00198612835824691
32743,LV,3733,0.00197765195020958
33207,LV,3665,0.00194162721605093
35997,LV,3651,0.00193421035901826
34121,LV,3650,0.00193368058351593
34145,LV,3646,0.0019315614815066
35518,LV,3610,0.0019124895634226
35998,LV,3521,0.00186533954371496
33196,LV,3503,0.00185580358467296
34140,LV,3457,0.00183143391156563
34143,LV,3414,0.00180865356496531
35513,LV,3269,0.00173183611712701
34138,LV,3199,0.00169475183196369
34590,LV,3179,0.00168415632191702
34601,LV,3098,0.00164124450622804
33670,LV,3057,0.00161952371063238
35522,LV,3017,0.00159833269053906
35520,LV,3008,0.00159356471101806
35999,LV,2987,0.00158243942546906
34605,LV,2959,0.00156760571140374
34139,LV,2911,0.00154217648729175
35994,LV,2838,0.00150350287562143
35069,LV,2829,0.00149873489610043
35054,LV,2747,0.00145529330490911
33206,LV,2697,0.00142880452979246
35539,LV,2659,0.0014086730607038
35996,LV,2655,0.00140655395869446
34587,LV,2652,0.00140496463218746
35519,LV,2601,0.00137794608156847
35537,LV,2587,0.00137052922453581
32742,LV,2565,0.00135887416348448
35067,LV,2561,0.00135675506147515
36462,LV,2555,0.00135357640846115
33678,LV,2545,0.00134827865343782
33659,LV,2488,0.00131808144980483
33675,LV,2417,0.00128046738913918
35529,LV,2416,0.00127993761363685
34589,LV,2375,0.00125821681804119
34137,LV,2361,0.00125079996100852
35050,LV,2263,0.00119888196177988
34585,LV,2259,0.00119676285977054
35514,LV,2203,0.00116709543163989
35525,LV,2188,0.00115914879910489
35512,LV,2143,0.0011353089014999
33204,LV,2074,0.00109875439183891
35532,LV,2074,0.00109875439183891
33677,LV,2001,0.0010600807801686
36000,LV,1999,0.00105902122916393
34588,LV,1986,0.0010521341476336
34600,LV,1973,0.00104524706610327
34124,LV,1953,0.00103465155605661
35074,LV,1941,0.00102829425002861
34136,LV,1908,0.00101081165845161
34607,LV,1775,0.000940351516641308
35538,LV,1759,0.000931875108603978
35995,LV,1758,0.000931345333101645
34608,LV,1657,0.000877838007365999
32746,LV,1635,0.00086618294631467
34584,LV,1585,0.000839694171198013
35992,LV,1548,0.000820092477611687
34122,LV,1538,0.000814794722588356
36464,LV,1502,0.000795722804504363
35515,LV,1486,0.000787246396467033
35068,LV,1392,0.000737447499247719
33210,LV,1390,0.000736387948243053
36465,LV,1390,0.000736387948243053
33660,LV,1388,0.000735328397238386
35993,LV,1383,0.000732679519726721
36459,LV,1354,0.00071731603015906
33676,LV,1271,0.00067334466346541
33680,LV,1269,0.000672285112460744
34602,LV,1255,0.00066486825542808
35516,LV,1195,0.000633081725288092
35527,LV,1164,0.000616658684715765
33658,LV,1123,0.000594937889120106
33213,LV,1098,0.000581693501561778
35975,LV,1081,0.000572687318022115
35517,LV,1030,0.000545668767403125
35528,LV,955,0.00050593560472814
33211,LV,926,0.00049057211516048
36002,LV,881,0.000466732217555489
32745,LV,875,0.00046355356454149
33212,LV,842,0.000446070972964497
36925,LV,809,0.000428588381387503
33214,LV,784,0.000415343993829175
35526,LV,779,0.000412695116317509
34123,LV,767,0.000406337810289512
33681,LV,641,0.000339586096995537
33195,LV,518,0.000274423710208562
36926,LV,440,0.000233101221026578
36003,LV,432,0.000228863017007913
34606,LV,425,0.000225154588491581
35991,LV,341,0.000180653446295598
34610,LV,313,0.00016581973223027
32280,LV,265,0.00014039050811828
33215,LV,229,0.000121318590034287
33216,LV,207,0.000109663528982958
36458,LV,202,0.000107014651471293
32279,LV,153,8.10556518569691e-05
36924,LV,148,7.84067743453034e-05
35976,LV,90,4.76797952099818e-05
33682,LV,85,4.50309176983162e-05
34146,LV,77,4.07927136796511e-05
35075,LV,74,3.92033871726517e-05
36466,LV,35,1.85421425816596e-05
33217,LV,30,1.58932650699939e-05
71677,MT,487871,1
42870,NL,1243992,0.0714213824937602
43332,NL,1211371,0.0695485111904649
43796,NL,816577,0.0468821811174085
43797,NL,777492,0.0446381918194318
43335,NL,772142,0.0443310319692546
42869,NL,566585,0.0325293763948861
43802,NL,541222,0.0310732090528218
43333,NL,463671,0.0266207691385992
43336,NL,404909,0.0232470631355877
44263,NL,371656,0.0213379067808321
42406,NL,370878,0.0212932394231802
44728,NL,354969,0.0203798551135599
44264,NL,346614,0.0199001690297785
44262,NL,334808,0.0192223504893688
41485,NL,316254,0.0181571086463431
45658,NL,313831,0.0180179968113937
44729,NL,288950,0.0165895025623734
42871,NL,287761,0.0165212384386611
42407,NL,269800,0.0154900425379074
43801,NL,255577,0.014673456640885
43337,NL,248831,0.0142861481643812
42405,NL,215538,0.0123746952873813
44265,NL,201827,0.0115875048750861
43334,NL,199543,0.0114563734549357
44261,NL,190965,0.0109638842596423
43339,NL,190480,0.01093603892743
42875,NL,186231,0.0106920908520276
43795,NL,186035,0.0106808378930304
42411,NL,182592,0.010483164740851
42877,NL,182509,0.010478399457194
41482,NL,181031,0.0103935429602665
43798,NL,178719,0.0102608039745451
44731,NL,174155,0.00999877078646873
42878,NL,166681,0.0095696656051184
43799,NL,161425,0.00926790258221535
43342,NL,161039,0.00924574114255771
43800,NL,160940,0.00924005725000303
41483,NL,157689,0.00905340740459629
41481,NL,156888,0.00900741954665388
44260,NL,153494,0.00881255963422372
45194,NL,151570,0.00870209691427215
43338,NL,150287,0.00862843596328573
42872,NL,147210,0.00845177598964177
44721,NL,141421,0.00811941180783322
45657,NL,136032,0.00781001284846783
42873,NL,128156,0.00735782761856212
44266,NL,127181,0.00730184988885694
41021,NL,122764,0.00704825642002841
43803,NL,107939,0.00619710786322901
43804,NL,107596,0.00617741518498401
44259,NL,106630,0.00612195417278379
41950,NL,105932,0.00608187985962049
42412,NL,102641,0.00589293349196944
42874,NL,97377,0.00559071116461753
43341,NL,93979,0.00539562159996293
42876,NL,92222,0.00529474686038138
44730,NL,91350,0.0052446826754553
45659,NL,90949,0.00522166003995604
41486,NL,89809,0.00515620915599305
41484,NL,82514,0.00473738091168603
42409,NL,82383,0.0047298598013359
44722,NL,81742,0.00469305803237074
41946,NL,80088,0.0045980968375683
42410,NL,79514,0.00456514174336238
42413,NL,74447,0.00427422978806372
41949,NL,66702,0.00382956566850815
44724,NL,65765,0.00377576963493506
43340,NL,64027,0.00367598574341956
43805,NL,61585,0.0035357830604041
41947,NL,61498,0.00353078812452272
41487,NL,51956,0.00298295274314128
42414,NL,51554,0.00295987269458591
45195,NL,49181,0.0028236315124419
41945,NL,46228,0.00265409075775531
44727,NL,42572,0.00244418862462488
41948,NL,42248,0.00242558679444593
44723,NL,41587,0.00238763676435862
41951,NL,30486,0.00175029442850499
44267,NL,27476,0.00157748112962025
42879,NL,21745,0.00124844690506596
45193,NL,20987,0.00120492780853618
44725,NL,16609,0.000953573448895864
44726,NL,13134,0.000754063078920963
45186,NL,8035,0.000461313905826857
42415,NL,7040,0.000404187914999511
43343,NL,4550,0.000261229405290877
41023,NL,1847,0.000106041914631264
43806,NL,1325,7.60722993429478e-05
45187,NL,1124,6.45322750652629e-05
45184,NL,906,5.20162288337439e-05
45185,NL,70,4.01891392755196e-06
28974,NO,900060,0.180116251286244
30810,NO,256179,0.0512654724554572
28024,NO,236274,0.0472821669182123
22475,NO,203730,0.040769597443
30363,NO,118443,0.0237023189021806
28972,NO,108771,0.021766798623043
30361,NO,99510,0.0199135259488192
29899,NO,91113,0.0182331533491585
28975,NO,84240,0.0168577572699078
30367,NO,79722,0.015953633963338
29880,NO,76269,0.0152626340125665
28511,NO,69573,0.013922658434702
28023,NO,67788,0.0135654516834344
29902,NO,67626,0.0135330329194538
31749,NO,61698,0.0123467462967566
32210,NO,61551,0.0123173292701816
29903,NO,60705,0.0121480312805052
29435,NO,60609,0.0121288201611093
10911,NO,53379,0.0106819827316051
24315,NO,51639,0.0103337811925543
22478,NO,46887,0.00938283078245689
27119,NO,45012,0.00900761360675559
29438,NO,44856,0.00897639553773724
28971,NO,43104,0.00862579260876195
32211,NO,42219,0.00844869010183094
29437,NO,36636,0.00733144343946276
15069,NO,36021,0.00720837220583274
31273,NO,35094,0.00702286483416602
27117,NO,34257,0.00685536788693296
29439,NO,31623,0.00632826279850778
28970,NO,30552,0.0061139387477472
28952,NO,30198,0.00604309774497479
26652,NO,29526,0.00590861990920345
30368,NO,29493,0.00590201608691111
22931,NO,26892,0.00538151482077827
28047,NO,26364,0.00527585366410078
29436,NO,26226,0.00524823767996917
29433,NO,25122,0.00502730980691624
28508,NO,24759,0.00495466776170047
28510,NO,24489,0.00490063648839949
28512,NO,22839,0.00457044537378235
28489,NO,22050,0.00441255398624724
16923,NO,20307,0.00406375209971532
27118,NO,20304,0.00406315175223419
21552,NO,20184,0.00403913785298931
27121,NO,19791,0.00396049233296232
12292,NO,19038,0.00380980511520068
23853,NO,18429,0.0036879345765329
27559,NO,18417,0.00368553318660841
29440,NO,17088,0.00341957925247133
24779,NO,16509,0.00330371218861477
32208,NO,16095,0.00322086423621992
30347,NO,15510,0.00310379647740112
27581,NO,15219,0.00304556277173228
28045,NO,15144,0.00303055408470423
13673,NO,14802,0.00296211447185631
28507,NO,14451,0.00289187381656503
23855,NO,14256,0.00285285123029209
26170,NO,14016,0.00280482343180233
24317,NO,13974,0.00279641856706662
31739,NO,13710,0.00274358798872788
31746,NO,13623,0.00272617791177534
23391,NO,13503,0.00270216401253045
30823,NO,12978,0.00259710320333409
10464,NO,12933,0.00258809799111726
27582,NO,12621,0.00252566185308056
28976,NO,12180,0.00243741077335562
20625,NO,12027,0.00240679305181839
29895,NO,11598,0.00232094336201794
17847,NO,11241,0.00224950201176441
22473,NO,10833,0.00216785475433181
27564,NO,10413,0.00208380610697472
22016,NO,10134,0.00202797379123036
31286,NO,10047,0.00201056371427782
31741,NO,9963,0.00199375398480641
21088,NO,9714,0.00194392514387327
9073,NO,9639,0.00192891645684522
28515,NO,9618,0.00192471402447737
32207,NO,9519,0.00190490255760034
29881,NO,9288,0.00185867580155394
13225,NO,9267,0.00185447336918608
29904,NO,8589,0.0017187948384525
27120,NO,8385,0.0016779712097362
30362,NO,8319,0.00166476356515151
25703,NO,8007,0.00160232742711481
28027,NO,8004,0.00160172707963369
29432,NO,7713,0.00154349337396485
22005,NO,7650,0.00153088607686129
29434,NO,7578,0.00151647773731436
29416,NO,7527,0.00150627183013528
28514,NO,7353,0.0014714516762302
15072,NO,7149,0.0014306280475139
27560,NO,7026,0.0014060138007879
22940,NO,6987,0.00139820928353331
28048,NO,6855,0.00137179399436394
23392,NO,6816,0.00136398947710935
27583,NO,6783,0.00135738565481701
28049,NO,6753,0.00135138218000579
27115,NO,6657,0.00133217106060988
17382,NO,6648,0.00133037001816651
28955,NO,6639,0.00132856897572315
22015,NO,6627,0.00132616758579866
28977,NO,6573,0.00131536133113846
21553,NO,6495,0.00129975229662929
31748,NO,6435,0.00128774534700685
28513,NO,6402,0.0012811415247145
26639,NO,6390,0.00127874013479002
26653,NO,6243,0.00124932310821504
29418,NO,6210,0.00124271928592269
21089,NO,6207,0.00124211893844157
24777,NO,6183,0.00123731615859259
21547,NO,6093,0.00121930573415893
23865,NO,6063,0.00121330225934771
28044,NO,5967,0.0011940911399518
28493,NO,5955,0.00119168975002732
27584,NO,5757,0.00115206681627326
27587,NO,5640,0.0011286532645095
32209,NO,5463,0.0010932327631233
29431,NO,5403,0.00108122581350085
28051,NO,5349,0.00107041955884066
25243,NO,5280,0.00105661156677485
23861,NO,5265,0.00105360982936924
10463,NO,5256,0.00105180878692587
31742,NO,5205,0.0010416028797468
27586,NO,5181,0.00103680009989782
11835,NO,5154,0.00103139697256772
31747,NO,5055,0.00101158550569069
31285,NO,4965,0.000993575081257032
12757,NO,4938,0.000988171953926933
31287,NO,4929,0.000986370911483567
23397,NO,4872,0.000974964309342247
18772,NO,4836,0.000967760139568782
25239,NO,4821,0.000964758402163172
27095,NO,4785,0.000957554232389707
23872,NO,4782,0.000956953884908585
29896,NO,4749,0.000950350062616242
25245,NO,4737,0.000947948672691754
25721,NO,4674,0.00093534137558819
29420,NO,4659,0.00093233963818258
22010,NO,4560,0.000912528171305552
13215,NO,4533,0.000907125043975453
28979,NO,4392,0.000878908712362716
26175,NO,4377,0.000875906974957105
32205,NO,4338,0.000868102457702518
19695,NO,4332,0.000866901762740274
11837,NO,4308,0.000862098982891298
24334,NO,4221,0.000844688905938758
23395,NO,4182,0.00083688438868417
26647,NO,4179,0.000836284041203048
27574,NO,4167,0.00083388265127856
12753,NO,4107,0.000821875701656119
25722,NO,4101,0.000820675006693874
15536,NO,4035,0.000807467362109189
22939,NO,4002,0.000800863539816846
25242,NO,3984,0.000797261454930114
19697,NO,3975,0.000795460412486747
27112,NO,3924,0.000785254505307672
22937,NO,3888,0.000778050335534207
26656,NO,3885,0.000777449988053085
27573,NO,3885,0.000777449988053085
31282,NO,3879,0.000776249293090841
27580,NO,3849,0.00077024581827962
28025,NO,3780,0.000756437826213813
22009,NO,3759,0.000752235393845958
28965,NO,3729,0.000746231919034737
22479,NO,3720,0.000744430876591371
22014,NO,3681,0.000736626359336784
10455,NO,3669,0.000734224969412296
23393,NO,3642,0.000728821842082197
12750,NO,3615,0.000723418714752099
32206,NO,3603,0.00072101732482761
10954,NO,3597,0.000719816629865366
29417,NO,3573,0.000715013850016389
27575,NO,3510,0.000702406552912826
12287,NO,3492,0.000698804468026094
23857,NO,3474,0.000695202383139361
28509,NO,3426,0.000685596823441408
22471,NO,3351,0.000670588136413356
26188,NO,3315,0.000663383966639891
31740,NO,3306,0.000661582924196525
22469,NO,3297,0.000659781881753159
31275,NO,3267,0.000653778406941938
26178,NO,3255,0.00065137701701745
29905,NO,3246,0.000649575974574083
27571,NO,3225,0.000645373542206229
29898,NO,3195,0.000639370067395008
25256,NO,3177,0.000635767982508276
15993,NO,3162,0.000632766245102665
29897,NO,3153,0.000630965202659299
26187,NO,3111,0.00062256033792359
26196,NO,3090,0.000618357905555736
26651,NO,3087,0.000617757558074614
27565,NO,3048,0.000609953040820027
12300,NO,3045,0.000609352693338905
31274,NO,2997,0.000599747133640951
10955,NO,2982,0.000596745396235341
25255,NO,2949,0.000590141573942998
28505,NO,2949,0.000590141573942998
11826,NO,2943,0.000588940878980754
22013,NO,2925,0.000585338794094022
12749,NO,2916,0.000583537751650655
27561,NO,2913,0.000582937404169533
26641,NO,2799,0.000560124199886895
26168,NO,2751,0.000550518640188941
13221,NO,2730,0.000546316207821087
22011,NO,2724,0.000545115512858843
28506,NO,2658,0.000531907868274157
17386,NO,2652,0.000530707173311913
26638,NO,2598,0.000519900918651716
10006,NO,2553,0.000510895706434885
23856,NO,2499,0.000500089451774687
27116,NO,2472,0.000494686324444589
23403,NO,2466,0.000493485629482344
26646,NO,2457,0.000491684587038978
9989,NO,2433,0.000486881807190002
26637,NO,2424,0.000485080764746635
25723,NO,2418,0.000483880069784391
29893,NO,2412,0.000482679374822147
24797,NO,2394,0.000479077289935415
21087,NO,2358,0.00047187312016195
10026,NO,2337,0.000467670687794095
10025,NO,2301,0.00046046651802063
17845,NO,2283,0.000456864433133898
30811,NO,2271,0.00045446304320941
9097,NO,2181,0.000436452618775747
22943,NO,2181,0.000436452618775747
27113,NO,2181,0.000436452618775747
29884,NO,2145,0.000429248449002283
26171,NO,2139,0.000428047754040038
31743,NO,2139,0.000428047754040038
31744,NO,2136,0.000427447406558916
30359,NO,2124,0.000425046016634428
20626,NO,2121,0.000424445669153306
22938,NO,2106,0.000421443931747696
12761,NO,2103,0.000420843584266574
25257,NO,2085,0.000417241499379841
26635,NO,2082,0.000416641151898719
27109,NO,2067,0.000413639414493109
28969,NO,2067,0.000413639414493109
25240,NO,2022,0.000404634202276278
23858,NO,2001,0.000400431769908423
25727,NO,1974,0.000395028642578324
27562,NO,1971,0.000394428295097202
28043,NO,1968,0.00039382794761608
26167,NO,1959,0.000392026905172714
28490,NO,1947,0.000389625515248226
25246,NO,1935,0.000387224125323737
24791,NO,1920,0.000384222387918127
22935,NO,1905,0.000381220650512517
25708,NO,1896,0.00037941960806915
31745,NO,1884,0.000377018218144662
11401,NO,1873,0.000374816944047215
29892,NO,1857,0.000371615090814564
12298,NO,1830,0.000366211963484465
10909,NO,1818,0.000363810573559977
11855,NO,1818,0.000363810573559977
27111,NO,1734,0.000347000844088558
28029,NO,1728,0.000345800149126314
16924,NO,1698,0.000339796674315094
25705,NO,1686,0.000337395284390605
25252,NO,1668,0.000333793199503873
15994,NO,1626,0.000325388334768164
10019,NO,1620,0.00032418763980592
29891,NO,1590,0.000318184164994699
29426,NO,1584,0.000316983470032455
26169,NO,1569,0.000313981732626844
28026,NO,1557,0.000311580342702356
29427,NO,1557,0.000311580342702356
20628,NO,1551,0.000310379647740112
27103,NO,1542,0.000308578605296746
22481,NO,1515,0.000303175477966647
25253,NO,1497,0.000299573393079915
9565,NO,1473,0.000294770613230938
27572,NO,1461,0.00029236922330645
15073,NO,1449,0.000289967833381962
28038,NO,1449,0.000289967833381962
11839,NO,1446,0.000289367485900839
12297,NO,1425,0.000285165053532985
29441,NO,1425,0.000285165053532985
16919,NO,1419,0.000283964358570741
18309,NO,1416,0.000283364011089619
21092,NO,1410,0.000282163316127375
30360,NO,1401,0.000280362273684008
11375,NO,1395,0.000279161578721764
10917,NO,1392,0.000278561231240642
31277,NO,1386,0.000277360536278398
28503,NO,1371,0.000274358798872788
10449,NO,1365,0.000273158103910543
14143,NO,1350,0.000270156366504933
17848,NO,1341,0.000268355324061567
11368,NO,1314,0.000262952196731468
26195,NO,1302,0.00026055080680698
28050,NO,1296,0.000259350111844736
24335,NO,1287,0.00025754906940137
8617,NO,1284,0.000256948721920247
20164,NO,1281,0.000256348374439125
25706,NO,1257,0.000251545594590149
28504,NO,1257,0.000251545594590149
11371,NO,1245,0.000249144204665661
30369,NO,1230,0.00024614246726005
22932,NO,1224,0.000244941772297806
23402,NO,1218,0.000243741077335562
11834,NO,1215,0.00024314072985444
24319,NO,1212,0.000242540382373318
26632,NO,1212,0.000242540382373318
26631,NO,1209,0.000241940034892196
23394,NO,1194,0.000238938297486585
10915,NO,1191,0.000238337950005463
12751,NO,1182,0.000236536907562097
19235,NO,1179,0.000235936560080975
24333,NO,1161,0.000232334475194242
11373,NO,1143,0.00022873239030751
24780,NO,1140,0.000228132042826388
18312,NO,1131,0.000226331000383022
28968,NO,1131,0.000226331000383022
29429,NO,1131,0.000226331000383022
25704,NO,1110,0.000222128568015167
25263,NO,1107,0.000221528220534045
11833,NO,1089,0.000217926135647313
15071,NO,1089,0.000217926135647313
23408,NO,1077,0.000215524745722824
11836,NO,1074,0.000214924398241702
13682,NO,1065,0.000213123355798336
11840,NO,1056,0.00021132231335497
15070,NO,1032,0.000206519533505993
16456,NO,1032,0.000206519533505993
30822,NO,1020,0.000204118143581505
27566,NO,1017,0.000203517796100383
30357,NO,1014,0.000202917448619261
26640,NO,1002,0.000200516058694773
27578,NO,996,0.000199315363732528
28516,NO,984,0.00019691397380804
30353,NO,981,0.000196313626326918
20160,NO,978,0.000195713278845796
8625,NO,975,0.000195112931364674
23405,NO,975,0.000195112931364674
12289,NO,972,0.000194512583883552
28966,NO,969,0.00019391223640243
31284,NO,969,0.00019391223640243
16925,NO,960,0.000192111193959064
16000,NO,942,0.000188509109072331
12758,NO,936,0.000187308414110087
29430,NO,933,0.000186708066628965
21083,NO,927,0.000185507371666721
23404,NO,924,0.000184907024185599
26645,NO,921,0.000184306676704477
11841,NO,900,0.000180104244336622
24778,NO,891,0.000178303201893256
27122,NO,891,0.000178303201893256
30355,NO,891,0.000178303201893256
12756,NO,888,0.000177702854412134
22482,NO,873,0.000174701117006523
25709,NO,870,0.000174100769525401
27114,NO,864,0.000172900074563157
28040,NO,864,0.000172900074563157
13683,NO,861,0.000172299727082035
23407,NO,861,0.000172299727082035
29883,NO,852,0.000170498684638669
22933,NO,849,0.000169898337157547
30820,NO,849,0.000169898337157547
20627,NO,843,0.000168697642195303
25720,NO,843,0.000168697642195303
24794,NO,840,0.000168097294714181
28031,NO,825,0.00016509555730857
8613,NO,822,0.000164495209827448
10459,NO,813,0.000162694167384082
25241,NO,810,0.00016209381990296
23871,NO,804,0.000160893124940716
25254,NO,789,0.000157891387535105
15531,NO,783,0.000156690692572861
24790,NO,783,0.000156690692572861
29894,NO,777,0.000155489997610617
30358,NO,774,0.000154889650129495
20621,NO,768,0.000153688955167251
11380,NO,759,0.000151887912723885
31276,NO,759,0.000151887912723885
31280,NO,753,0.00015068721776164
21554,NO,750,0.000150086870280518
29419,NO,732,0.000146484785393786
24320,NO,729,0.000145884437912664
28978,NO,726,0.000145284090431542
27101,NO,717,0.000143483047988176
13217,NO,708,0.000141682005544809
11370,NO,702,0.000140481310582565
30812,NO,699,0.000139880963101443
15533,NO,690,0.000138079920658077
22936,NO,678,0.000135678530733589
11378,NO,663,0.000132676793327978
29890,NO,657,0.000131476098365734
9986,NO,645,0.000129074708441246
27100,NO,636,0.00012727366599788
28052,NO,630,0.000126072971035635
9555,NO,627,0.000125472623554513
27563,NO,621,0.000124271928592269
25244,NO,618,0.000123671581111147
27577,NO,606,0.000121270191186659
11838,NO,600,0.000120069496224415
21548,NO,600,0.000120069496224415
8626,NO,594,0.000118868801262171
16921,NO,594,0.000118868801262171
24782,NO,585,0.000117067758818804
10008,NO,582,0.000116467411337682
11831,NO,579,0.00011586706385656
18773,NO,579,0.00011586706385656
24795,NO,579,0.00011586706385656
30833,NO,577,0.000115466832202479
11400,NO,576,0.000115266716375438
28046,NO,567,0.000113465673932072
19703,NO,561,0.000112264978969828
25251,NO,561,0.000112264978969828
11382,NO,555,0.000111064284007584
28957,NO,555,0.000111064284007584
10024,NO,552,0.000110463936526462
26633,NO,552,0.000110463936526462
20162,NO,549,0.000109863589045339
9995,NO,546,0.000109263241564217
10001,NO,546,0.000109263241564217
12762,NO,546,0.000109263241564217
16922,NO,546,0.000109263241564217
29424,NO,546,0.000109263241564217
30821,NO,546,0.000109263241564217
10021,NO,543,0.000108662894083095
10907,NO,543,0.000108662894083095
26634,NO,543,0.000108662894083095
22945,NO,537,0.000107462199120851
27096,NO,537,0.000107462199120851
28502,NO,537,0.000107462199120851
29425,NO,537,0.000107462199120851
21090,NO,522,0.000104460461715241
24783,NO,519,0.000103860114234119
20622,NO,516,0.000103259766752997
21550,NO,516,0.000103259766752997
22942,NO,513,0.000102659419271875
26197,NO,513,0.000102659419271875
24798,NO,510,0.000102059071790752
12319,NO,507,0.00010145872430963
20163,NO,507,0.00010145872430963
22480,NO,507,0.00010145872430963
20633,NO,498,9.96576818662642e-05
10446,NO,495,9.90573343851421e-05
11376,NO,495,9.90573343851421e-05
31278,NO,495,9.90573343851421e-05
18314,NO,480,9.60555969795318e-05
18315,NO,477,9.54552494984097e-05
26659,NO,477,9.54552494984097e-05
20623,NO,474,9.48549020172876e-05
23866,NO,471,9.42545545361655e-05
29888,NO,462,9.24535120927993e-05
9095,NO,459,9.18531646116772e-05
28958,NO,456,9.12528171305552e-05
10919,NO,453,9.06524696494331e-05
26658,NO,450,9.0052122168311e-05
20159,NO,447,8.94517746871889e-05
24789,NO,444,8.88514272060669e-05
26194,NO,444,8.88514272060669e-05
28041,NO,441,8.82510797249448e-05
14607,NO,435,8.70503847627007e-05
23864,NO,432,8.64500372815786e-05
30818,NO,429,8.58496898004565e-05
21084,NO,426,8.52493423193344e-05
25247,NO,426,8.52493423193344e-05
27098,NO,426,8.52493423193344e-05
15998,NO,417,8.34482998759682e-05
17384,NO,417,8.34482998759682e-05
27108,NO,417,8.34482998759682e-05
15532,NO,414,8.28479523948461e-05
23874,NO,414,8.28479523948461e-05
9998,NO,411,8.22476049137241e-05
15539,NO,411,8.22476049137241e-05
23859,NO,411,8.22476049137241e-05
23398,NO,408,8.1647257432602e-05
25707,NO,408,8.1647257432602e-05
12299,NO,399,7.98462149892358e-05
30814,NO,396,7.92458675081137e-05
21098,NO,393,7.86455200269916e-05
23873,NO,390,7.80451725458696e-05
25267,NO,390,7.80451725458696e-05
9068,NO,381,7.62441301025033e-05
24781,NO,375,7.50434351402592e-05
20161,NO,372,7.44430876591371e-05
19236,NO,369,7.3842740178015e-05
22472,NO,369,7.3842740178015e-05
27097,NO,369,7.3842740178015e-05
12760,NO,363,7.26420452157709e-05
15534,NO,363,7.26420452157709e-05
19705,NO,363,7.26420452157709e-05
11379,NO,360,7.20416977346488e-05
26192,NO,357,7.14413502535267e-05
17850,NO,351,7.02406552912826e-05
22012,NO,351,7.02406552912826e-05
27588,NO,348,6.96403078101605e-05
28037,NO,348,6.96403078101605e-05
26177,NO,345,6.90399603290384e-05
23401,NO,342,6.84396128479164e-05
23860,NO,342,6.84396128479164e-05
26654,NO,339,6.78392653667943e-05
10908,NO,336,6.72389178856722e-05
25712,NO,330,6.60382229234281e-05
25266,NO,327,6.5437875442306e-05
28036,NO,327,6.5437875442306e-05
9542,NO,324,6.48375279611839e-05
19698,NO,324,6.48375279611839e-05
22934,NO,324,6.48375279611839e-05
24788,NO,318,6.36368329989398e-05
29442,NO,318,6.36368329989398e-05
31283,NO,318,6.36368329989398e-05
9996,NO,312,6.24361380366956e-05
26186,NO,312,6.24361380366956e-05
28039,NO,312,6.24361380366956e-05
15997,NO,306,6.12354430744515e-05
11377,NO,303,6.06350955933294e-05
23868,NO,303,6.06350955933294e-05
24321,NO,303,6.06350955933294e-05
15535,NO,297,5.94344006310853e-05
17383,NO,297,5.94344006310853e-05
10465,NO,294,5.88340531499632e-05
25719,NO,294,5.88340531499632e-05
10456,NO,291,5.82337056688411e-05
26174,NO,291,5.82337056688411e-05
31279,NO,291,5.82337056688411e-05
29885,NO,288,5.76333581877191e-05
25731,NO,279,5.58323157443528e-05
26191,NO,279,5.58323157443528e-05
29428,NO,276,5.52319682632308e-05
26642,NO,273,5.46316207821087e-05
26661,NO,270,5.40312733009866e-05
28501,NO,270,5.40312733009866e-05
10956,NO,267,5.34309258198645e-05
19699,NO,267,5.34309258198645e-05
26650,NO,267,5.34309258198645e-05
9993,NO,264,5.28305783387425e-05
10000,NO,258,5.16298833764983e-05
23867,NO,258,5.16298833764983e-05
17387,NO,255,5.10295358953762e-05
22018,NO,255,5.10295358953762e-05
30817,NO,252,5.04291884142542e-05
31281,NO,246,4.922849345201e-05
9538,NO,237,4.74274510086438e-05
26173,NO,231,4.62267560463997e-05
26660,NO,231,4.62267560463997e-05
10018,NO,226,4.52261769111962e-05
11419,NO,225,4.50260610841555e-05
10913,NO,225,4.50260610841555e-05
14146,NO,225,4.50260610841555e-05
12759,NO,222,4.44257136030334e-05
23863,NO,222,4.44257136030334e-05
11825,NO,219,4.38253661219114e-05
11369,NO,216,4.32250186407893e-05
11393,NO,213,4.26246711596672e-05
27579,NO,213,4.26246711596672e-05
10022,NO,210,4.20243236785452e-05
20629,NO,210,4.20243236785452e-05
24323,NO,210,4.20243236785452e-05
26644,NO,210,4.20243236785452e-05
9074,NO,207,4.14239761974231e-05
17385,NO,207,4.14239761974231e-05
21091,NO,207,4.14239761974231e-05
10447,NO,204,4.0823628716301e-05
14610,NO,204,4.0823628716301e-05
30356,NO,204,4.0823628716301e-05
25726,NO,198,3.96229337540569e-05
9545,NO,195,3.90225862729348e-05
26657,NO,195,3.90225862729348e-05
27110,NO,195,3.90225862729348e-05
12301,NO,192,3.84222387918127e-05
28967,NO,192,3.84222387918127e-05
29422,NO,192,3.84222387918127e-05
19700,NO,189,3.78218913106906e-05
10920,NO,186,3.72215438295686e-05
22944,NO,186,3.72215438295686e-05
28042,NO,186,3.72215438295686e-05
20166,NO,183,3.66211963484465e-05
21085,NO,180,3.60208488673244e-05
22017,NO,180,3.60208488673244e-05
26648,NO,177,3.54205013862023e-05
26172,NO,174,3.48201539050803e-05
24336,NO,171,3.42198064239582e-05
11856,NO,168,3.36194589428361e-05
23406,NO,168,3.36194589428361e-05
23862,NO,165,3.3019111461714e-05
25716,NO,162,3.2418763980592e-05
18779,NO,159,3.18184164994699e-05
26649,NO,159,3.18184164994699e-05
30348,NO,159,3.18184164994699e-05
13220,NO,156,3.12180690183478e-05
15538,NO,156,3.12180690183478e-05
24799,NO,156,3.12180690183478e-05
26636,NO,156,3.12180690183478e-05
9077,NO,153,3.06177215372257e-05
12754,NO,153,3.06177215372257e-05
9556,NO,150,3.00173740561037e-05
18776,NO,150,3.00173740561037e-05
20169,NO,147,2.94170265749816e-05
27104,NO,147,2.94170265749816e-05
12755,NO,144,2.88166790938595e-05
29421,NO,144,2.88166790938595e-05
15537,NO,141,2.82163316127375e-05
11842,NO,138,2.76159841316154e-05
16926,NO,138,2.76159841316154e-05
30819,NO,138,2.76159841316154e-05
9557,NO,135,2.70156366504933e-05
10914,NO,135,2.70156366504933e-05
16457,NO,129,2.58149416882492e-05
28492,NO,129,2.58149416882492e-05
12763,NO,126,2.52145942071271e-05
20165,NO,126,2.52145942071271e-05
12765,NO,123,2.4614246726005e-05
10952,NO,120,2.40138992448829e-05
11843,NO,120,2.40138992448829e-05
12303,NO,120,2.40138992448829e-05
19237,NO,120,2.40138992448829e-05
30352,NO,120,2.40138992448829e-05
27585,NO,117,2.34135517637609e-05
24784,NO,114,2.28132042826388e-05
28491,NO,114,2.28132042826388e-05
14145,NO,111,2.22128568015167e-05
25710,NO,111,2.22128568015167e-05
26182,NO,111,2.22128568015167e-05
30370,NO,111,2.22128568015167e-05
24329,NO,108,2.16125093203946e-05
26193,NO,108,2.16125093203946e-05
21555,NO,105,2.10121618392726e-05
28980,NO,105,2.10121618392726e-05
9087,NO,102,2.04118143581505e-05
11417,NO,102,2.04118143581505e-05
10912,NO,102,2.04118143581505e-05
17851,NO,102,2.04118143581505e-05
18311,NO,102,2.04118143581505e-05
16920,NO,99,1.98114668770284e-05
19240,NO,99,1.98114668770284e-05
28030,NO,99,1.98114668770284e-05
8627,NO,96,1.92111193959064e-05
10027,NO,96,1.92111193959064e-05
13688,NO,96,1.92111193959064e-05
21549,NO,96,1.92111193959064e-05
25259,NO,96,1.92111193959064e-05
25250,NO,96,1.92111193959064e-05
11402,NO,93,1.86107719147843e-05
28963,NO,93,1.86107719147843e-05
9994,NO,90,1.80104244336622e-05
18777,NO,90,1.80104244336622e-05
23410,NO,90,1.80104244336622e-05
24796,NO,90,1.80104244336622e-05
24801,NO,90,1.80104244336622e-05
24332,NO,87,1.74100769525401e-05
10471,NO,84,1.68097294714181e-05
20632,NO,84,1.68097294714181e-05
21097,NO,84,1.68097294714181e-05
24337,NO,84,1.68097294714181e-05
27123,NO,83,1.66096136443774e-05
9540,NO,81,1.6209381990296e-05
11418,NO,81,1.6209381990296e-05
12305,NO,81,1.6209381990296e-05
25730,NO,81,1.6209381990296e-05
10489,NO,78,1.56090345091739e-05
10016,NO,78,1.56090345091739e-05
25713,NO,78,1.56090345091739e-05
25265,NO,75,1.50086870280518e-05
24322,NO,72,1.44083395469298e-05
24802,NO,72,1.44083395469298e-05
27102,NO,72,1.44083395469298e-05
12304,NO,69,1.38079920658077e-05
18313,NO,69,1.38079920658077e-05
27099,NO,69,1.38079920658077e-05
16001,NO,66,1.32076445846856e-05
12318,NO,63,1.26072971035635e-05
9539,NO,60,1.20069496224415e-05
10470,NO,60,1.20069496224415e-05
17846,NO,60,1.20069496224415e-05
18778,NO,57,1.14066021413194e-05
20167,NO,57,1.14066021413194e-05
24800,NO,57,1.14066021413194e-05
26185,NO,57,1.14066021413194e-05
28053,NO,57,1.14066021413194e-05
28956,NO,57,1.14066021413194e-05
10918,NO,54,1.08062546601973e-05
11832,NO,54,1.08062546601973e-05
25261,NO,54,1.08062546601973e-05
25711,NO,54,1.08062546601973e-05
9537,NO,51,1.02059071790752e-05
11854,NO,51,1.02059071790752e-05
30354,NO,51,1.02059071790752e-05
9079,NO,48,9.60555969795318e-06
19704,NO,48,9.60555969795318e-06
24803,NO,48,9.60555969795318e-06
27567,NO,48,9.60555969795318e-06
9076,NO,45,9.0052122168311e-06
10488,NO,45,9.0052122168311e-06
12302,NO,45,9.0052122168311e-06
13689,NO,45,9.0052122168311e-06
28961,NO,45,9.0052122168311e-06
30816,NO,45,9.0052122168311e-06
9085,NO,42,8.40486473570903e-06
11381,NO,42,8.40486473570903e-06
24787,NO,42,8.40486473570903e-06
24793,NO,42,8.40486473570903e-06
26643,NO,42,8.40486473570903e-06
28964,NO,42,8.40486473570903e-06
9535,NO,39,7.80451725458696e-06
16458,NO,39,7.80451725458696e-06
20170,NO,39,7.80451725458696e-06
21099,NO,39,7.80451725458696e-06
25262,NO,39,7.80451725458696e-06
25260,NO,39,7.80451725458696e-06
25733,NO,39,7.80451725458696e-06
28035,NO,39,7.80451725458696e-06
11858,NO,36,7.20416977346488e-06
28032,NO,36,7.20416977346488e-06
28962,NO,36,7.20416977346488e-06
30832,NO,36,7.20416977346488e-06
9083,NO,33,6.60382229234281e-06
9554,NO,33,6.60382229234281e-06
10462,NO,33,6.60382229234281e-06
10951,NO,30,6.00347481122074e-06
10923,NO,30,6.00347481122074e-06
15995,NO,30,6.00347481122074e-06
20168,NO,30,6.00347481122074e-06
24338,NO,30,6.00347481122074e-06
30350,NO,30,6.00347481122074e-06
26662,NO,29,5.80335898418004e-06
10017,NO,28,5.60324315713935e-06
9997,NO,27,5.40312733009866e-06
14147,NO,27,5.40312733009866e-06
22019,NO,27,5.40312733009866e-06
26198,NO,27,5.40312733009866e-06
29906,NO,27,5.40312733009866e-06
9549,NO,24,4.80277984897659e-06
10938,NO,24,4.80277984897659e-06
25715,NO,24,4.80277984897659e-06
28960,NO,24,4.80277984897659e-06
9551,NO,21,4.20243236785451e-06
11399,NO,21,4.20243236785451e-06
11397,NO,21,4.20243236785451e-06
11395,NO,21,4.20243236785451e-06
13684,NO,21,4.20243236785451e-06
25732,NO,21,4.20243236785451e-06
26184,NO,21,4.20243236785451e-06
30813,NO,21,4.20243236785451e-06
9550,NO,18,3.60208488673244e-06
10953,NO,18,3.60208488673244e-06
16462,NO,18,3.60208488673244e-06
18780,NO,18,3.60208488673244e-06
21093,NO,18,3.60208488673244e-06
25729,NO,18,3.60208488673244e-06
9541,NO,15,3.00173740561037e-06
11879,NO,15,3.00173740561037e-06
10922,NO,15,3.00173740561037e-06
12329,NO,15,3.00173740561037e-06
17852,NO,15,3.00173740561037e-06
18774,NO,15,3.00173740561037e-06
19702,NO,15,3.00173740561037e-06
22483,NO,15,3.00173740561037e-06
22941,NO,15,3.00173740561037e-06
23409,NO,15,3.00173740561037e-06
26189,NO,15,3.00173740561037e-06
11865,NO,13,2.60150575152899e-06
9088,NO,12,2.40138992448829e-06
10023,NO,12,2.40138992448829e-06
11394,NO,12,2.40138992448829e-06
14609,NO,12,2.40138992448829e-06
14608,NO,12,2.40138992448829e-06
16464,NO,12,2.40138992448829e-06
19706,NO,12,2.40138992448829e-06
20634,NO,12,2.40138992448829e-06
21556,NO,12,2.40138992448829e-06
24324,NO,12,2.40138992448829e-06
28959,NO,12,2.40138992448829e-06
9090,NO,9,1.80104244336622e-06
9069,NO,9,1.80104244336622e-06
9548,NO,9,1.80104244336622e-06
10479,NO,9,1.80104244336622e-06
10932,NO,9,1.80104244336622e-06
12320,NO,9,1.80104244336622e-06
12766,NO,9,1.80104244336622e-06
25728,NO,9,1.80104244336622e-06
27570,NO,9,1.80104244336622e-06
28517,NO,9,1.80104244336622e-06
28498,NO,9,1.80104244336622e-06
30349,NO,9,1.80104244336622e-06
10475,NO,7,1.40081078928484e-06
11862,NO,6,1.20069496224415e-06
11857,NO,6,1.20069496224415e-06
13685,NO,6,1.20069496224415e-06
16927,NO,6,1.20069496224415e-06
17389,NO,6,1.20069496224415e-06
18310,NO,6,1.20069496224415e-06
20635,NO,6,1.20069496224415e-06
23875,NO,6,1.20069496224415e-06
24785,NO,6,1.20069496224415e-06
25714,NO,6,1.20069496224415e-06
27124,NO,6,1.20069496224415e-06
9098,NO,3,6.00347481122074e-07
10020,NO,3,6.00347481122074e-07
10478,NO,3,6.00347481122074e-07
11846,NO,3,6.00347481122074e-07
12784,NO,3,6.00347481122074e-07
16465,NO,3,6.00347481122074e-07
17849,NO,3,6.00347481122074e-07
25725,NO,3,6.00347481122074e-07
10477,NO,2,4.00231654081382e-07
43399,PL,911286,0.0246216946697603
46638,PL,754754,0.0203924152667552
43398,PL,699909,0.0189105787805554
42918,PL,676443,0.0182765597271292
47106,PL,630555,0.01703672906474
39213,PL,612740,0.0165553922609904
46639,PL,562458,0.0151968417605055
45239,PL,530923,0.0143448094222375
42934,PL,513107,0.0138634455998629
42935,PL,494870,0.0133707069363781
43856,PL,470912,0.0127233947194691
41053,PL,344202,0.00929986475016715
41551,PL,340369,0.0091963023606767
47102,PL,332420,0.00898153131083075
47107,PL,317149,0.00856892988899182
38748,PL,312620,0.0084465625365258
44320,PL,309990,0.00837550355286813
47567,PL,300003,0.00810566854534371
45238,PL,289815,0.00783040279420135
47103,PL,288317,0.00778992889400394
47101,PL,287932,0.00777952672339245
45261,PL,269504,0.00728162750253935
41531,PL,267143,0.00721783652899723
44791,PL,247645,0.00669102737943168
45711,PL,244928,0.00661761777540206
45717,PL,240533,0.00649887091868134
46637,PL,222453,0.00601037417931602
45700,PL,207804,0.00561457834220526
41533,PL,207711,0.00561206561008352
47104,PL,191093,0.00516307010041688
44797,PL,181202,0.00489582888088909
47115,PL,174338,0.00471037303913005
47566,PL,170493,0.00460648642614002
47565,PL,168651,0.00455671811895468
48037,PL,167395,0.00452278272599877
47100,PL,166524,0.00449924950365435
47570,PL,162428,0.00438858121579814
46170,PL,158190,0.00427407628319691
47114,PL,155264,0.00419501978654962
41530,PL,150024,0.00405344219173357
39212,PL,147947,0.00399732450768148
43397,PL,147194,0.00397697948308291
45235,PL,135181,0.00365240474137961
39667,PL,132137,0.00357016004698647
42919,PL,129789,0.00350672031556889
39680,PL,127547,0.0034461445583976
42463,PL,127093,0.00343387810266353
47571,PL,123406,0.00333426043241796
43841,PL,121434,0.00328097970398719
47568,PL,118604,0.00320451699533653
43400,PL,117086,0.00316350272263982
47110,PL,117056,0.00316269216389087
46640,PL,116677,0.00315245210502918
43857,PL,116401,0.00314499496453887
40148,PL,115419,0.00311846267482334
44314,PL,114242,0.00308666175323966
48031,PL,113604,0.00306942387051205
44307,PL,104395,0.00282060935321032
42465,PL,104143,0.00281380065971917
46165,PL,104121,0.00281320624996994
44321,PL,103764,0.00280356060085747
46648,PL,103278,0.00279042954912454
41052,PL,102516,0.00276984135690128
44785,PL,102067,0.00275770999429205
47112,PL,99929,0.0026999441741171
45720,PL,98689,0.00266644107916063
47572,PL,98499,0.0026613075404173
48042,PL,98162,0.00265220226380413
44771,PL,94650,0.00255731285292741
46635,PL,94181,0.00254464111781888
45704,PL,94055,0.0025412367710733
43845,PL,93442,0.00252467435396982
43851,PL,93354,0.00252229671497291
38747,PL,91403,0.00246958337766639
39207,PL,91277,0.00246617903092082
46185,PL,89825,0.00242694798747179
47105,PL,89346,0.0024140060661136
43388,PL,89152,0.00240876445287041
47582,PL,89152,0.00240876445287041
47569,PL,89067,0.0024064678697484
46187,PL,89009,0.00240490078950043
48043,PL,87190,0.00235575391068929
42457,PL,86271,0.00233092379434655
47111,PL,84045,0.00227078033517469
45240,PL,83799,0.00226413375343332
47573,PL,83676,0.00226081046256264
45254,PL,83633,0.00225964866168915
43396,PL,83555,0.00225754120894189
45697,PL,83346,0.00225189431632423
43404,PL,82924,0.00224049245658904
42936,PL,82156,0.002219742152616
47117,PL,81923,0.00221344681299918
43840,PL,81850,0.00221147445337674
41070,PL,81433,0.00220020768676638
41055,PL,80832,0.00218396949316248
47574,PL,80601,0.00217772819079559
45255,PL,80559,0.00217659340854706
39678,PL,80164,0.00216592105168593
46641,PL,80100,0.00216419185968817
48041,PL,79153,0.00213860522184642
43401,PL,79084,0.00213674093672384
41547,PL,77140,0.00208421672979208
47099,PL,76902,0.00207778629705044
48038,PL,76883,0.0020772729431761
43859,PL,76850,0.00207638132855226
39694,PL,76674,0.00207162605055844
48034,PL,76194,0.00205865711057529
41996,PL,75727,0.00204603941271668
45264,PL,75632,0.00204347264334502
48499,PL,75481,0.00203939283097532
41545,PL,75159,0.00203069283373662
43407,PL,74977,0.00202577544399301
40141,PL,74938,0.00202472171761938
44784,PL,74922,0.00202428941961994
48039,PL,74818,0.00202147948262359
46632,PL,74537,0.00201388724900846
39679,PL,74326,0.00200818631914086
42447,PL,73554,0.00198732794066796
48036,PL,72771,0.00196617235732045
47116,PL,72655,0.00196303819682452
42917,PL,72612,0.00196187639595103
45248,PL,72368,0.0019552838514596
47578,PL,70772,0.00191216212601562
44323,PL,69524,0.00187844288205943
40606,PL,69433,0.00187598418718763
44794,PL,69337,0.001873390399191
44315,PL,69065,0.00186604133320055
46192,PL,68831,0.00185971897495876
40156,PL,68424,0.00184872239459805
48498,PL,68257,0.00184421028422891
44318,PL,67385,0.00182065004325952
42466,PL,66214,0.00178901123342563
41068,PL,65416,0.00176745037070364
46176,PL,65394,0.00176685596095441
43392,PL,64847,0.00175207677309861
41525,PL,64370,0.00173918888899036
42005,PL,64117,0.00173235317687424
45698,PL,63914,0.00172686839600637
45260,PL,63758,0.00172265349051184
47113,PL,63725,0.001721761875888
42933,PL,63618,0.00171887088301676
43389,PL,63369,0.0017121432454005
48040,PL,63230,0.00170838765653038
47576,PL,62972,0.00170141685128943
42921,PL,62499,0.00168863704168104
44312,PL,62263,0.00168226064618932
43865,PL,62179,0.00167999108169227
40601,PL,62175,0.00167988300719241
45232,PL,62160,0.00167947772781794
39665,PL,62026,0.00167585723207264
47579,PL,61686,0.00166667089958458
46629,PL,61658,0.00166591437808556
41997,PL,61580,0.0016638069253383
42454,PL,60970,0.00164732556410971
43381,PL,60600,0.0016373286728727
45699,PL,60043,0.00162227929876725
44317,PL,59825,0.00161638923852491
43384,PL,59291,0.00160196129279365
43387,PL,58818,0.00158918148318526
43383,PL,58386,0.00157750943720042
45231,PL,58163,0.00157148428383325
45723,PL,57001,0.00154008864162404
43868,PL,56829,0.00153544143813008
39211,PL,56470,0.00152574175176768
47575,PL,56441,0.0015249582116437
44778,PL,56436,0.00152482311851887
43863,PL,56230,0.00151925728177611
45710,PL,56138,0.00151677156827933
44303,PL,55936,0.00151131380603643
43862,PL,55778,0.00150704486329197
42453,PL,55631,0.00150307312542213
43395,PL,55451,0.00149820977292845
42472,PL,55322,0.00149472437030798
44792,PL,54495,0.00147237996746201
41995,PL,54382,0.00146932686284098
41536,PL,54277,0.00146648990721966
40612,PL,53821,0.00145416941423567
44322,PL,53456,0.00144430761612348
48033,PL,52877,0.00142866383226881
45245,PL,52847,0.00142785327351986
47581,PL,52612,0.00142150389665311
47108,PL,52024,0.00140561694517375
41069,PL,51885,0.00140186135630363
40609,PL,51785,0.00139915949380714
46175,PL,51563,0.00139316135906494
43382,PL,51435,0.00138970297506943
41540,PL,51108,0.00138086788470591
44788,PL,50741,0.00137095204934379
43849,PL,50714,0.00137022254646974
46173,PL,50312,0.00135936105923385
41529,PL,50245,0.0013575508113612
44769,PL,50165,0.00135538932136401
46172,PL,50011,0.00135122845311942
45716,PL,49773,0.00134479802037777
40149,PL,49748,0.00134412255475365
46652,PL,49643,0.00134128559913233
39205,PL,49516,0.00133785423376179
43403,PL,49294,0.00133185609901959
40610,PL,48602,0.00131315921054388
45718,PL,48179,0.00130173033218373
45252,PL,48084,0.00129916356281206
44319,PL,47965,0.00129594834644124
43394,PL,47794,0.00129132816157224
48030,PL,47459,0.001282276922209
44330,PL,47257,0.00127681915996609
40597,PL,46849,0.00126579556098042
47577,PL,46736,0.00126274245635938
48035,PL,46677,0.00126114835748645
38745,PL,46625,0.00125974338898828
46189,PL,46458,0.00125523127861914
43847,PL,46367,0.00125277258374734
43379,PL,46153,0.00124699059800485
43850,PL,45923,0.00124077631426292
46186,PL,45919,0.00124066823976306
41983,PL,45577,0.00123142787002507
39677,PL,45249,0.00122256576103658
46171,PL,45083,0.00121808066929241
44310,PL,44962,0.00121481141567166
42468,PL,44918,0.0012136225961732
46634,PL,44840,0.00121151514342594
45701,PL,44604,0.00120513874793422
46191,PL,44403,0.00119970800431628
44796,PL,44197,0.00119414216757351
43377,PL,44141,0.00119262912457548
42922,PL,43957,0.00118765769758194
41991,PL,43491,0.00117506701834829
39674,PL,43480,0.00117476981347368
46645,PL,43452,0.00117401329197466
40589,PL,43373,0.00117187882060244
45703,PL,43275,0.00116923099535588
43380,PL,43055,0.0011632868978636
46166,PL,42517,0.00114875087763249
45707,PL,42416,0.00114602199651103
42471,PL,42360,0.001144508953513
46642,PL,42299,0.00114286081739014
44798,PL,42292,0.00114267168701538
42939,PL,41741,0.00112778442465973
41998,PL,41575,0.00112329933291555
45727,PL,41228,0.00111392387005273
46633,PL,41066,0.00110954685280842
41526,PL,40244,0.00108733754308728
39690,PL,40191,0.00108590555596414
47564,PL,40123,0.00108406828946652
45719,PL,39800,0.00107534127360286
42913,PL,39665,0.0010716937592326
46174,PL,39599,0.00106991052998492
41534,PL,39502,0.00106728972336332
46180,PL,39008,0.00105394252263067
47109,PL,38937,0.00105202420025816
44304,PL,38874,0.00105032202688537
48032,PL,38781,0.00104780929476363
45712,PL,38656,0.00104443196664302
42915,PL,38542,0.00104135184339702
46181,PL,38464,0.00103924439064976
46656,PL,38428,0.00103827172015103
43869,PL,38356,0.00103632637915355
43846,PL,38328,0.00103556985765454
43844,PL,38297,0.00103473228028062
42010,PL,38239,0.00103316520003266
44774,PL,38181,0.0010315981197847
45241,PL,38130,0.00103022016991149
43848,PL,38049,0.00102803166128933
44773,PL,37989,0.00102641054379144
44779,PL,37924,0.00102465433316872
44329,PL,37875,0.00102333042054544
40158,PL,37616,0.00101633259667953
41990,PL,37435,0.00101144222556088
42924,PL,37392,0.00101028042468739
42452,PL,37334,0.00100871334443943
43858,PL,37111,0.00100268819107226
42445,PL,37080,0.00100185061369835
44313,PL,37005,0.000999824216825978
44795,PL,36941,0.000998095024828225
47580,PL,36553,0.000987611798341845
41999,PL,36353,0.000982208073348866
42928,PL,36179,0.000977506832604974
39688,PL,36176,0.00097742577673008
44305,PL,36040,0.000973751243734854
46651,PL,36010,0.000972940684985907
41539,PL,35808,0.000967482922742998
42923,PL,35609,0.000962106216374984
41984,PL,35463,0.000958161497130109
45259,PL,35394,0.000956297212007531
46164,PL,35332,0.000954622057259707
43391,PL,35260,0.000952676716262235
46183,PL,35253,0.00095248758588748
39666,PL,35157,0.00094989379789085
40620,PL,34934,0.000943868644523679
46643,PL,34744,0.000938735105780349
42458,PL,34696,0.000937438211782033
45237,PL,34654,0.000936303429533508
44775,PL,34533,0.000933034175912755
45234,PL,34352,0.000928143804794109
44770,PL,34318,0.000927225171545303
42448,PL,34304,0.000926846910795794
46649,PL,34209,0.000924280141424129
45246,PL,34000,0.000918633248806466
40613,PL,33879,0.000915363995185713
45702,PL,33617,0.000908285115444911
41073,PL,33175,0.000896342883210427
39210,PL,33125,0.000894991951962182
41532,PL,33108,0.000894532635337778
42920,PL,32954,0.000890371767093185
46647,PL,32954,0.000890371767093185
39206,PL,32851,0.0008875888487218
40143,PL,32663,0.0008825093472284
38743,PL,32638,0.000881833881604277
42001,PL,32525,0.000878780776983244
40590,PL,32379,0.000874836057738369
40152,PL,32313,0.000873052828490686
45262,PL,32226,0.00087070220811874
47098,PL,31898,0.000861840099130254
41063,PL,31814,0.000859570534633203
45730,PL,31804,0.000859300348383554
45243,PL,31714,0.000856868672136713
42916,PL,31664,0.000855517740888469
41994,PL,31654,0.00085524755463882
42461,PL,31412,0.000848709047397315
43860,PL,31353,0.000847114948524386
45724,PL,31341,0.000846790725024807
45244,PL,31330,0.000846493520150193
46184,PL,31295,0.000845547868276422
41072,PL,31203,0.000843062154779651
42015,PL,31103,0.000840360292283162
41535,PL,30793,0.000831984518544044
44793,PL,30701,0.000829498805047274
40125,PL,30680,0.000828931413923011
47119,PL,30568,0.000825905327926943
41989,PL,30490,0.000823797875179681
46650,PL,30478,0.000823473651680102
45233,PL,30123,0.000813882039817564
44309,PL,29928,0.000808613407949409
46644,PL,29871,0.00080707334632641
41993,PL,29810,0.000805425210203551
44790,PL,29565,0.000798805647087152
43870,PL,29455,0.000795833598341013
42462,PL,29412,0.000794671797467523
41060,PL,29125,0.000786917452102597
40614,PL,29073,0.000785512483604423
46169,PL,29002,0.000783594161231915
46168,PL,28992,0.000783323974982266
39218,PL,28569,0.000771895096622115
40140,PL,28558,0.000771597891747501
46636,PL,28543,0.000771192612373028
42470,PL,28462,0.000769004103750871
46646,PL,28357,0.000766167148129557
44316,PL,28355,0.000766113110879628
42012,PL,28333,0.0007655187011304
41054,PL,28091,0.000758980193888895
45258,PL,27953,0.000755251623643739
44326,PL,27872,0.000753063115021583
39676,PL,27856,0.000752630817022144
43378,PL,27846,0.000752360630772495
43866,PL,27784,0.000750685476024672
41542,PL,27756,0.000749928954525655
41520,PL,27607,0.000745903179405885
45709,PL,27566,0.000744795415782325
42473,PL,27307,0.000737797591916417
43852,PL,27296,0.000737500387041803
44783,PL,27283,0.000737149144917259
44777,PL,27274,0.000736905977292575
40591,PL,27174,0.000734204114796085
45236,PL,27091,0.000731961568923999
42932,PL,27025,0.000730178339676316
42460,PL,27017,0.000729962190676597
41518,PL,26955,0.000728287035928773
39675,PL,26865,0.000725855359681933
40587,PL,26756,0.000722910329560759
43861,PL,26736,0.000722369957061461
40142,PL,26717,0.000721856603187128
38746,PL,26674,0.000720694802313637
44776,PL,26656,0.000720208467064269
46179,PL,26650,0.00072004635531448
39672,PL,26613,0.000719046666190779
42925,PL,26580,0.000718155051566937
42927,PL,26572,0.000717938902567218
42929,PL,26538,0.000717020269318411
44311,PL,26525,0.000716669027193868
40127,PL,26420,0.000713832071572554
40146,PL,26297,0.000710508780701871
42459,PL,26156,0.000706699154581821
45249,PL,26085,0.000704780832209314
44772,PL,25867,0.000698890771966966
42931,PL,25841,0.000698188287717879
46188,PL,25725,0.000695054127221951
39681,PL,25691,0.000694135493973144
43854,PL,25669,0.000693541084223917
43385,PL,25617,0.000692136115725742
41992,PL,25571,0.000690893258977357
44306,PL,25503,0.000689055992479744
42013,PL,25413,0.000686624316232903
45263,PL,25299,0.000683544192986905
40126,PL,25168,0.000680004753116504
44786,PL,25146,0.000679410343367276
40600,PL,25091,0.000677924318994207
43838,PL,25077,0.000677546058244698
41067,PL,25065,0.00067722183474512
42014,PL,25020,0.000676005996621699
39664,PL,24984,0.000675033326122963
44327,PL,24975,0.000674790158498279
42942,PL,24936,0.000673736432124648
46167,PL,24916,0.00067319605962535
43393,PL,24814,0.000670440159878931
45708,PL,24621,0.000665225565260706
44789,PL,24609,0.000664901341761127
48502,PL,24510,0.000662226497889602
42909,PL,24461,0.000660902585266322
40130,PL,24406,0.000659416560893253
40602,PL,24394,0.000659092337393674
41066,PL,24389,0.00065895724426885
40605,PL,24231,0.000654688301524396
43402,PL,24219,0.000654364078024817
44780,PL,24216,0.000654283022149923
45714,PL,24167,0.000652959109526643
41074,PL,24100,0.000651148861653995
42455,PL,24089,0.000650851656779381
44787,PL,24059,0.000650041098030434
41076,PL,24027,0.000649176502031557
40618,PL,23953,0.000647177123784155
41538,PL,23949,0.000647069049284296
43390,PL,23860,0.00064466439166242
42926,PL,23788,0.000642719050664947
42930,PL,23733,0.000641233026291878
41088,PL,23729,0.000641124951792019
45721,PL,23657,0.000639179610794546
41527,PL,23583,0.000637180232547144
41524,PL,23566,0.00063672091592274
42007,PL,23551,0.000636315636548267
42011,PL,23519,0.00063545104054939
48508,PL,23439,0.000633289550552199
45247,PL,23357,0.000631074023305077
41528,PL,23348,0.000630830855680393
44325,PL,23348,0.000630830855680393
45706,PL,23268,0.000628669365683201
42456,PL,23250,0.000628183030433833
48029,PL,23241,0.000627939862809149
45715,PL,23147,0.000625400112062449
40595,PL,23142,0.000625265018937625
43864,PL,23080,0.000623589864189801
40138,PL,23076,0.000623481789689941
44781,PL,22999,0.000621401355567644
43867,PL,22893,0.000618537381321365
39685,PL,22864,0.000617753841197383
44332,PL,22776,0.000615376202200473
44782,PL,22729,0.000614106326827122
41086,PL,22723,0.000613944215077333
41985,PL,22614,0.000610999184956159
44334,PL,22562,0.000609594216457985
41065,PL,22466,0.000607000428461355
45253,PL,22464,0.000606946391211425
43853,PL,22411,0.000605514404088286
43855,PL,22383,0.000604757882589268
48500,PL,22349,0.000603839249340462
41982,PL,22014,0.000594788009977222
43405,PL,21926,0.000592410370980311
44333,PL,21893,0.000591518756356469
46190,PL,21882,0.000591221551481855
46653,PL,21796,0.000588897949734874
45257,PL,21663,0.000585304472614543
42937,PL,21534,0.000581819069994072
44331,PL,21472,0.000580143915246248
46630,PL,21413,0.000578549816373319
40608,PL,21355,0.000576982736125355
41071,PL,21150,0.000571443918007552
40150,PL,20957,0.000566229323389327
46631,PL,20795,0.000561852306145013
45694,PL,20652,0.000557988642775033
45265,PL,20638,0.000557610382025525
41552,PL,20565,0.000555638022403087
43843,PL,20552,0.000555286780278544
45705,PL,20524,0.000554530258779527
42940,PL,20499,0.000553854793155404
45722,PL,20491,0.000553638644155685
46163,PL,20465,0.000552936159906598
42469,PL,20337,0.000549477775911091
46193,PL,20316,0.000548910384786828
43375,PL,20037,0.000541372188421622
43386,PL,20031,0.000541210076671833
41987,PL,20019,0.000540885853172254
39693,PL,19955,0.000539156661174501
42451,PL,19714,0.000532645172557961
46177,PL,19714,0.000532645172557961
41986,PL,19654,0.000531024055060067
45713,PL,19458,0.000525728404566947
42474,PL,19383,0.00052370200769458
41064,PL,19356,0.000522972504820528
39683,PL,19323,0.000522080890196686
40594,PL,19215,0.000519162878700478
42914,PL,19179,0.000518190208201741
41082,PL,19100,0.000516055736829515
46182,PL,19079,0.000515488345705252
41544,PL,19044,0.00051454269383148
41550,PL,19023,0.000513975302707218
45242,PL,18969,0.000512516296959113
41062,PL,18866,0.000509733378587729
42450,PL,18799,0.000507923130715081
40139,PL,18691,0.000505005119218872
40607,PL,18578,0.000501952014597839
42003,PL,18382,0.000496656364104719
41537,PL,18378,0.00049654828960486
46178,PL,18375,0.000496467233729965
39686,PL,18355,0.000495926861230667
40593,PL,18199,0.000491711955736143
42911,PL,18074,0.000488334627615531
42481,PL,18047,0.000487605124741479
42475,PL,18000,0.000486335249368129
42467,PL,17863,0.000482633697747938
42009,PL,17653,0.00047695978650531
42464,PL,17585,0.000475122520007697
46654,PL,17558,0.000474393017133645
40615,PL,17538,0.000473852644634347
45725,PL,17520,0.000473366309384979
42446,PL,17372,0.000469367552890174
39222,PL,17359,0.000469016310765631
45728,PL,17283,0.000466962895268298
45250,PL,17220,0.00046526072189551
42000,PL,17082,0.000461532151650354
39689,PL,16951,0.000457992711779953
42004,PL,16898,0.000456560724656814
44328,PL,16869,0.000455777184532832
42002,PL,16836,0.00045488556990899
45726,PL,16823,0.000454534327784446
42910,PL,16628,0.000449265695916292
44324,PL,16608,0.000448725323416994
41980,PL,16584,0.000448076876417836
44337,PL,16377,0.000442484021050103
41080,PL,16314,0.000440781847677314
40128,PL,16270,0.000439593028178859
39668,PL,16234,0.000438620357680123
42449,PL,16171,0.000436918184307334
42938,PL,16163,0.000436702035307615
46628,PL,16161,0.000436647998057685
44799,PL,16108,0.000435216010934546
40131,PL,16081,0.000434486508060493
41546,PL,15986,0.000431919738688828
42006,PL,15931,0.000430433714315759
43839,PL,15890,0.000429325950692198
44308,PL,15867,0.000428704522318006
48044,PL,15790,0.000426624088195709
39687,PL,15758,0.000425759492196832
45251,PL,15652,0.000422895517950553
48509,PL,15532,0.000419653282954766
41519,PL,15314,0.000413763222712418
45256,PL,15305,0.000413520055087734
39228,PL,15037,0.000406279063597142
45729,PL,14993,0.000405090244098687
40603,PL,14846,0.000401118506228847
43376,PL,14800,0.000399875649480462
46655,PL,14707,0.000397362917358726
40598,PL,14689,0.000396876582109358
40624,PL,14622,0.00039506633423671
47118,PL,14462,0.000390743354242327
41056,PL,14425,0.000389743665118626
40144,PL,14408,0.000389284348494222
45696,PL,14318,0.000386852672247382
43842,PL,14308,0.000386582485997733
39670,PL,14275,0.000385690871373891
39673,PL,14213,0.000384015716626068
43406,PL,14188,0.000383340251001945
48501,PL,14132,0.000381827208003911
41543,PL,14107,0.000381151742379789
46194,PL,14025,0.000378936215132667
43837,PL,13964,0.000377288079009808
39692,PL,13854,0.00037431603026367
42476,PL,13706,0.000370317273768865
41517,PL,13631,0.000368290876896498
41083,PL,13450,0.000363400505777852
41089,PL,13347,0.000360617587406468
40137,PL,13206,0.000356807961286417
40604,PL,13152,0.000355348955538313
42941,PL,12814,0.000346216660300178
44767,PL,12685,0.000342731257679706
42912,PL,12589,0.000340137469683076
41081,PL,12475,0.000337057346437078
40147,PL,12457,0.00033657101118771
42008,PL,12425,0.000335706415188833
43871,PL,12314,0.00033270734781773
40611,PL,12298,0.000332275049818292
40599,PL,12254,0.000331086230319836
40134,PL,12157,0.000328465423698241
40153,PL,12147,0.000328195237448592
40145,PL,12122,0.00032751977182447
44302,PL,12047,0.000325493374952103
41075,PL,11799,0.000318792755960809
48507,PL,11668,0.000315253316090407
40619,PL,11638,0.00031444275734146
41548,PL,11604,0.000313524124092654
39696,PL,11546,0.00031195704384469
41084,PL,11472,0.000309957665597288
42477,PL,11430,0.000308822883348762
43872,PL,11423,0.000308633752974008
40154,PL,11396,0.000307904250099955
41981,PL,11356,0.00030682350510136
44800,PL,11181,0.000302095245732503
42478,PL,11006,0.000297366986363646
41541,PL,10928,0.000295259533616384
39208,PL,10863,0.000293503322993666
43409,PL,10853,0.000293233136744017
40623,PL,10818,0.000292287484870245
46657,PL,10586,0.00028601916387839
41078,PL,10195,0.000275454881517115
39209,PL,10165,0.000274644322768168
41549,PL,10036,0.000271158920147697
40132,PL,10019,0.000270699603523294
40136,PL,9872,0.000266727865653454
40157,PL,9854,0.000266241530404086
41087,PL,9833,0.000265674139279823
40129,PL,9764,0.000263809854157245
41988,PL,9695,0.000261945569034667
38744,PL,9686,0.000261702401409983
43374,PL,9530,0.000257487495915459
40151,PL,9464,0.000255704266667776
44335,PL,9367,0.000253083460046181
40592,PL,9358,0.000252840292421497
41059,PL,9327,0.000252002715047585
41516,PL,9309,0.000251516379798217
44768,PL,9258,0.000250138429925008
48497,PL,9227,0.000249300852551096
39695,PL,9193,0.000248382219302289
39669,PL,8979,0.000242600233559802
40596,PL,8903,0.00024054681806247
42017,PL,8891,0.000240222594562891
43408,PL,8804,0.000237871974190945
41521,PL,8768,0.000236899303692209
40155,PL,8572,0.000231603653199089
42480,PL,8539,0.000230712038575247
40133,PL,8511,0.00022995551707623
41079,PL,8450,0.000228307380953372
39671,PL,8238,0.000222579432460814
48495,PL,8184,0.000221120426712709
41553,PL,8059,0.000217743098592097
47093,PL,7907,0.000213636267597433
41058,PL,7869,0.000212609559848767
45230,PL,7613,0.000205692791857754
42479,PL,7366,0.000199019191491424
41057,PL,7205,0.000194669192872076
39682,PL,7180,0.000193993727247954
40621,PL,7149,0.000193156149874042
48045,PL,7117,0.000192291553875165
41523,PL,7017,0.000189589691378676
40616,PL,6929,0.000187212052381765
40617,PL,6928,0.0001871850337568
41085,PL,6920,0.000186968884757081
39220,PL,6831,0.000184564227135205
40159,PL,6677,0.000180403358890611
46627,PL,6470,0.000174810503522877
44336,PL,6382,0.000172432864525967
40135,PL,6297,0.00017013628140395
39691,PL,6232,0.000168380070781232
44801,PL,5849,0.000158031937419677
40588,PL,5799,0.000156681006171432
42943,PL,5610,0.000151574486053067
39684,PL,5538,0.000149629145055594
41061,PL,5418,0.000146386910059807
43873,PL,5379,0.000145333183686176
40622,PL,5347,0.000144468587687299
48503,PL,5289,0.000142901507439335
45266,PL,5140,0.000138875732319566
41077,PL,5139,0.000138848713694601
42016,PL,4805,0.000129824492956326
40625,PL,4723,0.000127608965709204
48046,PL,4641,0.000125393438462083
46658,PL,4636,0.000125258345337258
39230,PL,4532,0.000122448408340909
39221,PL,4405,0.000119017042970367
47120,PL,4306,0.000116342199098842
41522,PL,4220,0.000114018597351861
39219,PL,3708,0.000100185061369835
46195,PL,3601,9.72940684985907e-05
39223,PL,3592,9.70509008739066e-05
45731,PL,3524,9.52136343762937e-05
39229,PL,3395,9.17282317558221e-05
41979,PL,3202,8.65136371375972e-05
39231,PL,2899,7.83269937732336e-05
46162,PL,2869,7.75164350242868e-05
44301,PL,2637,7.12481140324309e-05
42018,PL,2596,7.01403504088702e-05
47583,PL,2450,6.61956311639953e-05
40160,PL,2427,6.55742027898027e-05
48506,PL,2306,6.23049491690503e-05
41090,PL,2084,5.63068144268434e-05
47097,PL,2029,5.48207900537741e-05
39226,PL,1957,5.28754490563016e-05
42482,PL,1815,4.90388043112863e-05
39224,PL,1778,4.80391151875852e-05
39227,PL,1730,4.67422211892702e-05
48972,PL,1584,4.27975019443953e-05
43373,PL,1520,4.1068309946642e-05
47563,PL,1476,3.98794904481866e-05
39225,PL,1418,3.83124102002226e-05
48973,PL,1397,3.77450190759598e-05
44766,PL,1341,3.62319760779256e-05
48505,PL,1197,3.23412940829806e-05
41554,PL,1127,3.04499903354379e-05
47562,PL,1040,2.80993699634919e-05
40161,PL,583,1.57518583545344e-05
42444,PL,562,1.51844672302716e-05
48504,PL,505,1.36444056072725e-05
47094,PL,416,1.12397479853968e-05
42944,PL,412,1.11316734855372e-05
48494,PL,409,1.10506176106425e-05
46659,PL,320,8.64595998876674e-06
48971,PL,147,3.97173786983972e-06
45695,PL,128,3.45838399550669e-06
48974,PL,54,1.45900574810439e-06
47121,PL,50,1.3509312482448e-06
39232,PL,23,6.21428374192609e-07
39697,PL,1,2.70186249648961e-08
68334,PT,1245895,0.124812027363587
63696,PT,1059702,0.106159471722133
67870,PT,851468,0.0852988793720324
67869,PT,411965,0.0412700804263922
63233,PT,394440,0.0395144503134639
63232,PT,315717,0.0316280897211639
62769,PT,269339,0.0269820062188877
68335,PT,247774,0.0248216545278577
79439,PT,245312,0.024575014793876
63697,PT,213951,0.0214333134545581
64160,PT,201730,0.0202090306808008
64624,PT,169103,0.0169405032231966
63234,PT,166393,0.0166690191943216
66479,PT,149497,0.0149764014261026
65553,PT,149117,0.014938333554895
62768,PT,145856,0.014611651112769
64161,PT,134357,0.013459697294306
71123,PT,127156,0.0127383111349225
64627,PT,120553,0.0120768317833866
66942,PT,114323,0.0114527190527992
71120,PT,99533,0.009971077433957
71122,PT,96700,0.00968727143624368
63698,PT,91643,0.0091806682133576
66015,PT,87278,0.00874338858751268
67405,PT,86994,0.00871493786271543
62767,PT,81586,0.00817317194826656
67407,PT,76227,0.0076363147856313
65088,PT,72738,0.00728679162078069
64625,PT,69575,0.00696992668228184
65089,PT,69364,0.00694878899590079
63699,PT,68435,0.00685572306865911
66480,PT,65903,0.00660207083208653
67408,PT,64316,0.00644308738049068
67406,PT,63011,0.00631235429647519
66944,PT,61165,0.00612742458529312
65552,PT,59823,0.00599298489276531
71121,PT,56170,0.00562703243613038
65551,PT,55291,0.00553897543931075
68339,PT,53410,0.00535053947683325
71124,PT,50998,0.00510890867327358
66016,PT,49574,0.00496625433485361
67871,PT,49008,0.00490955324247601
66481,PT,47553,0.00476379336719437
66943,PT,45467,0.00455482078998647
63236,PT,45251,0.00453318221056321
62304,PT,45075,0.0045155507754776
66945,PT,44214,0.00442929699360991
64626,PT,42092,0.00421671798649813
65091,PT,39309,0.00393792091920685
65092,PT,36383,0.00364479831090852
63235,PT,35065,0.0035127629049833
69267,PT,34505,0.00345666288425634
66946,PT,33851,0.00339114607433593
65090,PT,33637,0.00336970785212956
62305,PT,32690,0.00327483870993594
64629,PT,31664,0.00317205545767549
66021,PT,31578,0.00316344009734956
62773,PT,30672,0.00307267827810203
62770,PT,30078,0.00301317218468808
65093,PT,29966,0.00300195218054269
69264,PT,29722,0.00297750860008309
64628,PT,29205,0.0029257162595191
66017,PT,27648,0.00276973816617648
62311,PT,27221,0.00272696190037217
65554,PT,25317,0.00253622182990053
65556,PT,25072,0.00251167807083249
66949,PT,24471,0.00245147072715945
63700,PT,22486,0.00225261618940409
70192,PT,21145,0.00211827667548472
61841,PT,20695,0.00207319630168628
64164,PT,20504,0.00205406218747405
63238,PT,20237,0.0020273144990203
64162,PT,20103,0.00201389056548921
62303,PT,19566,0.0019600946527564
69728,PT,19510,0.0019544846506837
66018,PT,19434,0.00194687107644219
64163,PT,19208,0.00192423071093453
64630,PT,19086,0.00191200892070472
66020,PT,18976,0.00190098927377622
65557,PT,18097,0.00181293227695659
67878,PT,16964,0.00169942991359295
62772,PT,16315,0.00163441399671474
67872,PT,15752,0.00157801344016247
67877,PT,15615,0.00156428897080605
67876,PT,15129,0.00151560216710373
64165,PT,14461,0.00144868285666515
63237,PT,13908,0.00139328408619728
62771,PT,13870,0.00138947729907652
62309,PT,13799,0.00138236461787721
68338,PT,13083,0.00131063673423346
70656,PT,13059,0.00130823244763088
63701,PT,13034,0.00130572798241986
66482,PT,12753,0.00127757779344794
62775,PT,12712,0.00127347047050186
68337,PT,12369,0.0012391092078066
70194,PT,12133,0.00121546705621453
69269,PT,12063,0.00120845455362366
61840,PT,11956,0.00119773544252047
68804,PT,11944,0.00119653329921918
69730,PT,10515,0.001053378067757
68336,PT,10301,0.00103193984555063
63702,PT,10109,0.00101270555272996
62774,PT,9799,0.000981650184113256
66019,PT,9109,0.000912526944288973
67414,PT,9108,0.000912426765680532
65094,PT,8536,0.000855124601652286
67410,PT,8227,0.00082416941164402
68800,PT,8161,0.000817557623486915
70657,PT,7922,0.000793614936069518
66484,PT,7589,0.000760255459458669
63239,PT,7273,0.000728599019191316
67413,PT,7202,0.000721486337992006
68802,PT,7189,0.000720184016082273
71119,PT,7136,0.000714874549834901
68340,PT,6952,0.000696441685881759
69266,PT,6928,0.000694037399279175
63240,PT,6876,0.000688828111640243
64166,PT,6673,0.000668491854126723
68341,PT,6426,0.000643747737841798
67873,PT,6048,0.000605880223851104
66483,PT,5948,0.000595862363007005
65558,PT,5928,0.000593858790838185
69732,PT,5921,0.000593157540579099
66948,PT,5917,0.000592756826145335
64631,PT,5807,0.000581737179216826
65555,PT,5771,0.00057813074931295
62776,PT,5543,0.000555290026588405
66947,PT,5511,0.000552084311118293
67412,PT,5467,0.000547676452346889
67411,PT,5417,0.00054266752192484
67874,PT,5340,0.000534953769074884
69731,PT,5269,0.000527841087875573
68805,PT,4939,0.000494782147090047
63241,PT,4916,0.000492478039095904
68803,PT,4862,0.000487068394240091
69733,PT,4756,0.000476449461745346
63703,PT,4695,0.000470338566630445
62310,PT,4620,0.000462825170997371
65095,PT,4429,0.000443691056785142
64167,PT,4362,0.000436979090019596
69265,PT,4303,0.000431068552121578
62312,PT,4063,0.00040702568609574
62307,PT,4025,0.000403218898974983
70196,PT,3951,0.000395805681950349
70193,PT,3914,0.000392099073438033
67875,PT,3795,0.000380177819033555
69270,PT,3603,0.000360943526212885
69268,PT,3595,0.000360142097345357
66022,PT,3523,0.000352929237537606
69729,PT,3363,0.000336900660187048
67409,PT,3245,0.000325079584391011
62308,PT,3236,0.000324177976915042
70658,PT,2958,0.000296328323768447
68801,PT,2754,0.000275891887646485
70195,PT,2576,0.000258060095343989
70659,PT,2562,0.000256657594825815
62777,PT,2461,0.000246539555373275
61842,PT,2004,0.000200757931315743
70660,PT,1777,0.000178017387199638
70661,PT,1446,0.000144858267805671
69271,PT,1435,0.00014375630311282
62306,PT,962,9.63718213202318e-05
66485,PT,828,8.29478877891393e-05
66023,PT,514,5.14918047386686e-05
63704,PT,480,4.80857320516749e-05
66486,PT,437,4.37780518887124e-05
70197,PT,393,3.93701931173089e-05
62778,PT,192,1.923429282067e-05
65559,PT,120,1.20214330129187e-05
68342,PT,77,7.71375284995619e-06
66950,PT,13,1.30232190973286e-06
68806,PT,6,6.01071650645937e-07
67415,PT,1,1.00178608440989e-07
57803,RO,1907007,0.100210246315566
52705,RO,379026,0.0199172256945065
58277,RO,303839,0.0159662660023142
55481,RO,297661,0.0156416217289909
53153,RO,293640,0.0154303244445892
57794,RO,263438,0.0138432564059178
56870,RO,244856,0.0128668012607422
55955,RO,228000,0.0119810447260807
52682,RO,219627,0.011541056623048
56875,RO,200656,0.0105441601340195
53630,RO,194245,0.0102072720737612
55011,RO,177666,0.00933607145747307
53621,RO,176294,0.00926397499534946
57802,RO,172351,0.00905677648940676
54536,RO,171719,0.00902356587420113
55463,RO,159881,0.00840149742039699
55954,RO,153496,0.00806597561962495
51761,RO,150869,0.00792793086306612
56414,RO,148713,0.00781463642258616
57339,RO,147497,0.0077507375173804
54999,RO,143689,0.00755063305107814
56404,RO,134240,0.00705410282468894
56872,RO,132006,0.00693670960575006
56874,RO,126805,0.00666340516004679
55487,RO,121678,0.00639398929903532
51772,RO,116886,0.0061421771660205
53164,RO,116656,0.00613009102441085
51294,RO,115689,0.00607927668120857
51773,RO,113203,0.00594864125494087
55006,RO,112982,0.00593702804930725
57796,RO,99513,0.00522925308695821
57325,RO,98675,0.00518521749274569
54545,RO,96998,0.00509709375587886
57338,RO,95380,0.00501207037707711
56410,RO,93537,0.00491522359887462
56400,RO,90260,0.0047430223551581
53166,RO,90088,0.00473398402317176
51771,RO,88083,0.00462862439740074
53633,RO,86088,0.00452379025604754
51306,RO,85508,0.00449331215981452
53618,RO,84442,0.00443729552087592
56409,RO,82547,0.00433771622370082
56873,RO,82276,0.00432347559597815
55480,RO,81098,0.00426157353156007
58272,RO,80517,0.00423104288688528
56411,RO,78787,0.00414013408260405
52692,RO,75651,0.00397534216917866
55936,RO,74577,0.0039189051427058
52690,RO,73903,0.00388348749294537
55018,RO,73812,0.0038787055847433
58728,RO,73769,0.00387644600174671
55930,RO,72029,0.00378501171304767
55024,RO,71640,0.00376457036919484
56422,RO,71626,0.00376383469100991
54561,RO,71180,0.00374039808597556
58730,RO,71137,0.00373813850297897
55951,RO,70137,0.00368559006119792
57337,RO,69107,0.00363146516616343
52687,RO,69076,0.00362983616446822
56408,RO,69032,0.00362752403302985
58276,RO,66353,0.0034867467574984
52236,RO,65237,0.00342810269647074
54090,RO,64729,0.00340140808804597
57813,RO,64575,0.00339331562801168
57344,RO,64211,0.00337418799520338
54548,RO,63264,0.00332442462083672
54094,RO,62077,0.00326204962044261
54093,RO,61957,0.00325574380742888
53617,RO,61936,0.00325464029015148
52237,RO,60975,0.00320414123759988
57804,RO,59332,0.00311780414775361
52700,RO,59042,0.0031025650996371
58260,RO,59005,0.0031006208072912
51308,RO,58600,0.00307933868836987
56405,RO,57073,0.0029990972177702
52693,RO,56352,0.00296120979124606
55000,RO,56191,0.00295274949211931
52702,RO,56180,0.00295217145925972
51770,RO,56136,0.00294985932782135
55023,RO,54563,0.00286720062889975
54092,RO,54025,0.00283892956722154
51298,RO,53518,0.00281228750723855
55464,RO,53198,0.00279547200586861
53629,RO,52893,0.00277944473112539
54084,RO,52696,0.00276909268809452
54088,RO,51960,0.00273041703494366
54559,RO,51434,0.00270277655456683
56418,RO,50820,0.00267051181131326
52238,RO,50791,0.00266898790650161
58740,RO,50566,0.00265716450710087
57336,RO,50542,0.00265590334449813
58269,RO,50219,0.00263893019780284
52701,RO,48608,0.00255427465809356
55943,RO,48608,0.00255427465809356
51296,RO,48242,0.0025350419284017
53157,RO,48216,0.00253367566891539
56406,RO,48016,0.00252316598055918
52704,RO,47720,0.00250761164179199
53616,RO,47708,0.00250698106049061
55466,RO,47269,0.00248391229454873
51309,RO,47105,0.00247529435009664
57341,RO,46587,0.00244807425725405
55009,RO,46532,0.00244518409295609
51760,RO,45759,0.00240456414745934
53165,RO,45148,0.00237245704953111
57801,RO,44819,0.00235516861218514
56871,RO,43912,0.00230750717548973
57795,RO,42221,0.00221864776043796
56412,RO,41672,0.00218979866590016
58263,RO,41663,0.00218932572992413
55019,RO,41646,0.00218843240641385
56403,RO,41550,0.00218338775600287
51307,RO,41508,0.00218118072144807
55007,RO,41494,0.00218044504326313
53635,RO,41373,0.00217408668180762
52703,RO,41248,0.00216751812658499
55488,RO,41206,0.00216531109203019
51756,RO,40674,0.00213735532100267
56407,RO,39691,0.00208570020273189
53612,RO,38816,0.00203972031617346
55014,RO,38694,0.00203330940627618
55489,RO,38194,0.00200703518538565
56863,RO,38123,0.00200330424601919
53168,RO,37882,0.00199064007154996
56876,RO,37844,0.00198864323076228
58724,RO,37542,0.0019727736013444
51774,RO,37516,0.00197140734185809
55017,RO,37361,0.00196326233338203
57329,RO,36990,0.00194376686148126
54550,RO,36901,0.00193909005016274
56862,RO,36409,0.00191323621680646
57810,RO,36381,0.00191176486043659
54083,RO,36109,0.00189747168427215
51295,RO,36107,0.00189736658738858
52686,RO,36079,0.00189589523101871
54073,RO,35949,0.00188906393358718
54558,RO,35757,0.00187897463276521
51764,RO,35553,0.00186825475064188
58262,RO,35323,0.00185616860903224
58256,RO,35286,0.00185422431668634
57812,RO,35257,0.00185270041187469
58725,RO,35131,0.00184607930821027
55008,RO,35086,0.00184371462833013
57340,RO,35031,0.00184082446403217
52683,RO,34829,0.00183020967879239
58723,RO,34818,0.0018296316459328
57793,RO,34783,0.00182779245047047
51765,RO,34752,0.00182616344877525
52691,RO,34678,0.00182227486408346
57332,RO,34073,0.00179048305680592
51305,RO,34040,0.00178874895822714
52684,RO,33779,0.00177503381492229
52220,RO,33644,0.00176793977528184
56402,RO,33230,0.00174618472038449
55945,RO,33202,0.00174471336401462
52235,RO,33107,0.00173972126204542
54560,RO,32964,0.00173220683487073
52228,RO,32917,0.00172973705810702
56867,RO,32821,0.00172469240769603
52239,RO,32751,0.00172101401677136
53620,RO,32703,0.00171849169156587
56413,RO,32579,0.00171197568478502
53158,RO,32375,0.00170125580266168
52224,RO,32282,0.00169636879757605
54087,RO,31818,0.00167198632058964
51769,RO,31755,0.00166867576875743
55470,RO,31661,0.00166373621523001
53625,RO,31597,0.00166037311495602
55949,RO,31228,0.00164098273993881
55482,RO,30952,0.00162647937000724
55025,RO,30924,0.00162500801363737
57328,RO,30798,0.00161838690997296
52229,RO,30779,0.00161738848957912
54082,RO,30672,0.00161176580630855
54546,RO,30606,0.001608297609151
55948,RO,30592,0.00160756193096606
57345,RO,30495,0.0016024647321133
54097,RO,29976,0.00157519209082893
50845,RO,29912,0.00157182899055494
58726,RO,29721,0.00156179223817476
53170,RO,29386,0.00154418851017811
58722,RO,29360,0.0015428222506918
55935,RO,29310,0.00154019482860275
53167,RO,29038,0.0015259016524383
55931,RO,28954,0.00152148758332869
58258,RO,28842,0.00151560215784921
56864,RO,28782,0.00151244925134235
54085,RO,28609,0.00150335837091423
57331,RO,28393,0.00149200790748952
57797,RO,28336,0.001489012646308
53169,RO,28291,0.00148664796642785
58267,RO,28195,0.00148160331601687
54095,RO,28086,0.00147587553586274
54081,RO,27976,0.00147009520726682
55475,RO,27965,0.00146951717440723
57811,RO,27929,0.00146762543050311
54535,RO,27748,0.00145811416254074
51310,RO,27743,0.00145785142033183
53160,RO,27559,0.00144818250704412
57334,RO,27430,0.00144140375805436
54072,RO,27369,0.00143819830310572
53154,RO,27297,0.00143441481529748
51758,RO,27263,0.00143262816827693
55490,RO,27250,0.00143194503853377
53631,RO,27235,0.00143115681190706
57327,RO,27203,0.00142947526177006
54547,RO,26874,0.0014121868244241
52222,RO,26473,0.00139111489926989
58257,RO,26467,0.00139079960861921
58255,RO,26456,0.00139022157575961
54557,RO,26381,0.00138628044262603
52219,RO,26246,0.00137918640298559
53626,RO,26052,0.00136899200528007
55947,RO,25694,0.00135017966312245
55950,RO,25564,0.00134334836569091
54537,RO,25403,0.00133488806656416
54542,RO,25213,0.00132490386262576
57800,RO,25108,0.00131938627623875
56401,RO,25076,0.00131770472610176
56869,RO,25020,0.00131476201336202
53619,RO,24885,0.00130766797372158
55476,RO,24782,0.00130225548421813
53634,RO,24697,0.00129778886666674
56865,RO,24508,0.00128785721117012
56399,RO,24323,0.00127813574944062
58268,RO,24323,0.00127813574944062
53147,RO,24150,0.0012690448690125
54534,RO,24046,0.00126357983106727
54998,RO,23838,0.00125264975517681
54997,RO,23797,0.00125049526906379
56416,RO,23516,0.00123572915692331
54074,RO,23486,0.00123415270366988
58261,RO,23411,0.0012302115705363
52685,RO,23322,0.00122553475921778
56868,RO,23139,0.00121591839437185
53622,RO,23123,0.00121507761930335
54555,RO,22848,0.00120062679781356
54079,RO,22767,0.0011963703740293
52230,RO,22658,0.00119064259387516
53632,RO,22656,0.0011905374969916
56878,RO,22515,0.00118312816670047
57806,RO,22502,0.00118244503695732
53609,RO,22471,0.00118081603526211
53145,RO,22454,0.00117992271175183
56866,RO,22435,0.00117892429135799
53146,RO,22365,0.00117524590043331
53152,RO,22346,0.00117424748003947
52223,RO,22330,0.00117340670497098
54562,RO,22307,0.00117219809081001
55022,RO,22285,0.00117104202509083
57798,RO,21805,0.00114581877303592
54553,RO,21794,0.00114524074017633
52232,RO,21708,0.00114072157418316
58264,RO,21692,0.00113988079911466
57335,RO,21551,0.00113247146882354
51300,RO,21542,0.00113199853284751
58259,RO,21363,0.0011225923617687
57333,RO,21360,0.00112243471644335
51311,RO,21136,0.0011106638654844
51299,RO,21033,0.00110525137598095
54549,RO,21019,0.00110451569779601
54533,RO,21013,0.00110420040714533
52240,RO,20652,0.00108523041966237
54086,RO,20608,0.001082918288224
58266,RO,20344,0.0010690454995938
58719,RO,20337,0.00106867766050133
57346,RO,20216,0.00106231929904583
55026,RO,20170,0.0010599020707239
52221,RO,20163,0.00105953423163143
56877,RO,20065,0.00105438448433689
54098,RO,20012,0.00105159941692249
55491,RO,19751,0.00103788427361763
57799,RO,19658,0.001032997268532
51775,RO,19429,0.00102096367536413
57343,RO,19281,0.00101318650598054
50844,RO,19002,0.000998525490723624
53151,RO,18934,0.000994952196682512
52226,RO,18631,0.000979030018822852
58265,RO,18610,0.00097792650154545
53623,RO,18598,0.000977295920244077
54096,RO,18314,0.000962372162778257
55010,RO,18159,0.000954227154302193
53155,RO,18120,0.000952177765072732
54075,RO,18013,0.000946555081802159
56393,RO,17692,0.00092968703199044
57809,RO,17690,0.000929581935106878
56880,RO,17574,0.000923486315860276
57790,RO,17360,0.00091224094931913
55013,RO,17293,0.000908720203719799
56415,RO,17266,0.000907301395791711
55483,RO,17222,0.000904989264353344
57330,RO,17184,0.000902992423565664
58727,RO,17175,0.000902519487589634
59192,RO,17046,0.000895740738599878
58718,RO,17021,0.000894427027555352
56419,RO,16747,0.000880028754507343
56885,RO,16707,0.0008779268168361
51762,RO,16654,0.000875141749421704
53610,RO,16569,0.000870675131870315
55012,RO,16463,0.000865104997041523
52706,RO,16395,0.000861531703000411
53163,RO,16353,0.000859324668445607
55003,RO,16195,0.0008510220146442
56881,RO,16178,0.000850128691133922
57349,RO,16125,0.000847343623719526
55929,RO,16115,0.000846818139301715
56879,RO,16022,0.000841931134216077
57805,RO,16015,0.00084156329512361
55471,RO,16012,0.000841405649798267
55465,RO,15922,0.000836676290037972
57342,RO,15902,0.00083562532120235
52688,RO,15862,0.000833523383531108
52698,RO,15691,0.000824537599986548
52227,RO,15682,0.000824064664010518
57807,RO,15592,0.000819335304250223
51757,RO,15490,0.000813975363188555
53149,RO,15170,0.000797159861818618
55486,RO,15034,0.000790013273736394
55015,RO,14974,0.000786860367229531
50846,RO,14949,0.000785546656185004
55021,RO,14922,0.000784127848256916
58270,RO,14881,0.000781973362143892
55928,RO,14869,0.00078134278084252
58254,RO,14864,0.000781080038633614
51763,RO,14861,0.000780922393308271
53148,RO,14639,0.000769256639232877
55927,RO,14638,0.000769204090791096
57808,RO,14493,0.000761584566732843
55016,RO,14399,0.000756645013205423
56421,RO,14142,0.000743140063667692
56417,RO,13974,0.000734311925448475
58275,RO,13967,0.000733944086356007
55932,RO,13955,0.000733313505054635
53156,RO,13773,0.000723749688650482
57789,RO,13742,0.00072212068695527
51759,RO,13503,0.000709561609369597
54552,RO,13219,0.000694637851903778
52241,RO,13189,0.000693061398650346
55468,RO,13106,0.000688699877982518
55940,RO,13006,0.000683445033804413
51755,RO,12821,0.000673723572074917
56398,RO,12810,0.000673145539215326
56860,RO,12474,0.000655489262776891
56396,RO,12457,0.000654595939266613
53162,RO,12354,0.000649183449763164
57326,RO,12328,0.000647817190276857
58274,RO,12264,0.000644454090002869
52234,RO,12183,0.000640197666218604
55467,RO,11964,0.000628689557468552
55462,RO,11889,0.000624748424334973
52225,RO,11825,0.000621385324060986
54551,RO,11786,0.000619335934831524
57324,RO,11658,0.000612609734283549
54089,RO,11647,0.000612031701423958
57792,RO,11638,0.000611558765447928
52699,RO,11637,0.000611506217006147
58721,RO,11518,0.000605252952434202
57791,RO,11465,0.000602467885019806
55953,RO,11447,0.000601522013067747
51776,RO,11305,0.000594060134334837
55952,RO,11241,0.000590697034060849
58273,RO,11077,0.000582079089608756
53627,RO,11065,0.000581448508307383
58739,RO,11025,0.000579346570636141
54099,RO,10977,0.00057682424543065
55477,RO,10905,0.000573040757622414
55485,RO,10895,0.000572515273204604
55001,RO,10889,0.000572199982553917
58720,RO,10844,0.00056983530267377
54078,RO,10831,0.000569152172930616
53611,RO,10817,0.000568416494745681
54554,RO,10753,0.000565053394471694
56420,RO,10502,0.000551863735584649
53150,RO,10474,0.000550392379214779
54076,RO,10457,0.000549499055704501
56394,RO,10338,0.000543245791132556
56857,RO,10294,0.000540933659694189
53171,RO,10209,0.000536467042142799
51768,RO,10094,0.000530423971337978
55946,RO,10020,0.00052653538664618
55941,RO,9829,0.000516498634265998
52694,RO,9546,0.000501627425241959
53161,RO,9494,0.000498894906269344
54077,RO,9438,0.000495952193529605
54563,RO,9331,0.000490329510259032
53628,RO,9288,0.000488069927262447
55027,RO,9244,0.00048575779582408
55004,RO,9091,0.000477717884231579
55005,RO,9062,0.000476193979419928
56886,RO,8897,0.000467523486526054
57347,RO,8888,0.000467050550550025
52689,RO,8830,0.000464002740926723
53613,RO,8644,0.000454228730755447
55942,RO,8480,0.000445610786303354
57321,RO,8466,0.000444875108118419
56882,RO,8461,0.000444612365909514
55002,RO,8456,0.000444349623700608
50831,RO,8421,0.000442510428238271
58271,RO,8303,0.000436309712108107
54543,RO,8121,0.000426745895703955
55956,RO,7923,0.000416341304231306
54541,RO,7918,0.0004160785620224
56884,RO,7543,0.000396372896354504
56861,RO,7498,0.000394008216474357
54544,RO,7453,0.000391643536594209
51297,RO,7081,0.000372095516251657
58729,RO,7018,0.00036878496441945
54556,RO,6976,0.000366577929864646
51304,RO,6804,0.000357539597878304
56859,RO,6737,0.000354018852278973
59193,RO,6723,0.000353283174094039
54080,RO,6722,0.000353230625652258
59190,RO,6659,0.000349920073820051
56423,RO,6606,0.000347135006405655
52233,RO,6315,0.000331843409847368
55020,RO,6238,0.000327797179830227
56883,RO,6220,0.000326851307878168
54532,RO,6201,0.000325852887484327
53608,RO,6170,0.000324223885789115
52218,RO,5921,0.000311139323785632
53615,RO,5892,0.000309615418973981
52231,RO,5830,0.000306357415583556
57348,RO,5782,0.000303835090378065
54539,RO,5728,0.000300997474521888
52696,RO,5661,0.000297476728922557
55939,RO,5414,0.000284497263802636
54538,RO,5308,0.000278927128973845
55469,RO,5156,0.000270939765823124
56858,RO,5111,0.000268575085942977
58731,RO,5071,0.000266473148271734
53624,RO,5006,0.000263057499555966
55944,RO,4770,0.000250656067295637
55478,RO,4610,0.000242248316610668
53159,RO,4504,0.000236678181781876
54071,RO,4413,0.0002318962735798
55474,RO,4398,0.000231108046953084
52697,RO,4338,0.00022795514044622
54540,RO,4184,0.000219862680411938
54091,RO,4092,0.000215028223768081
57322,RO,3967,0.000208459668545449
55479,RO,3862,0.000202942082158438
51767,RO,3620,0.000190225359247422
51293,RO,3575,0.000187860679367275
53614,RO,3507,0.000184287385326163
56425,RO,3128,0.000164371525891143
55926,RO,2804,0.000147345830754081
55934,RO,2675,0.000140567081764324
50847,RO,2305,0.000121124158305334
56395,RO,2167,0.000113872473339548
51766,RO,2140,0.00011245366541146
52681,RO,2058,0.000108144693185413
59191,RO,2030,0.000106673336815543
56856,RO,1894,9.95267487333198e-05
55960,RO,1686,8.85966728428602e-05
55938,RO,1575,8.2763795805163e-05
56392,RO,1522,7.9978728390767e-05
51292,RO,1503,7.8980307996927e-05
56397,RO,1449,7.614269214075e-05
59189,RO,1351,7.09929448462065e-05
51303,RO,1347,7.07827510790823e-05
58253,RO,1291,6.78400383393431e-05
57350,RO,1129,5.93271907708121e-05
57323,RO,1072,5.63319295892919e-05
56424,RO,843,4.42983364214301e-05
55958,RO,840,4.41406910960869e-05
50843,RO,839,4.40881426543059e-05
50832,RO,802,4.21438503084068e-05
51301,RO,779,4.09352361474425e-05
54996,RO,727,3.82027171748276e-05
58738,RO,685,3.59956826200233e-05
56888,RO,639,3.35784542980947e-05
55961,RO,614,3.22647432535683e-05
56887,RO,611,3.21070979282251e-05
55933,RO,501,2.6326769332309e-05
55484,RO,452,2.37518956850373e-05
52695,RO,359,1.88648905993991e-05
55473,RO,353,1.85495999487127e-05
54070,RO,318,1.67104044863758e-05
52707,RO,288,1.51339512329441e-05
57788,RO,281,1.47661121404767e-05
59188,RO,248,1.30320135617019e-05
57787,RO,146,7.67207250003416e-06
50833,RO,134,7.04149119866149e-06
55472,RO,126,6.62110366441304e-06
59204,RO,114,5.99052236304037e-06
50830,RO,66,3.46819715754969e-06
50381,RO,64,3.36310027398758e-06
55937,RO,55,2.89016429795807e-06
58737,RO,33,1.73409857877484e-06
59187,RO,28,1.47135636986956e-06
55959,RO,3,1.57645325343168e-07
57321,RS,487,0.345880681818182
56856,RS,366,0.259943181818182
57322,RS,183,0.129971590909091
56847,RS,99,0.0703125
55918,RS,66,0.046875
55926,RS,47,0.0333806818181818
57789,RS,42,0.0298295454545455
55455,RS,36,0.0255681818181818
54531,RS,35,0.0248579545454545
54530,RS,21,0.0149147727272727
54990,RS,9,0.00639204545454546
57325,RS,9,0.00639204545454546
57324,RS,7,0.00497159090909091
61500,RS,1,0.000710227272727273
29931,SE,938412,0.0913007919833793
29930,SE,694600,0.0675796239942107
36871,SE,595052,0.0578943138741766
33154,SE,400972,0.0390117146446972
33155,SE,225163,0.0219067533507176
30395,SE,205991,0.0200414545438979
29001,SE,204322,0.0198790727522965
30394,SE,165029,0.0160561442098195
35941,SE,139516,0.0135739113463523
31777,SE,138091,0.0134352690137987
29461,SE,121874,0.0118574706229059
32691,SE,116779,0.0113617634759861
31315,SE,115029,0.0111915009623237
29919,SE,114199,0.0111107478844153
36407,SE,103180,0.0100386778055322
30393,SE,100473,0.00977530602011277
27607,SE,99843,0.00971401151519432
24359,SE,94596,0.00920351585280212
29466,SE,94546,0.00919865120955463
32690,SE,93261,0.00907362987809399
35014,SE,90232,0.0087789297901607
33158,SE,82810,0.00805682214650243
31764,SE,82704,0.00804650910281774
32699,SE,81347,0.0079144826850807
21588,SE,74202,0.00721932516501356
34558,SE,73305,0.00713205346515349
35942,SE,71525,0.00695887216554264
35029,SE,65785,0.00640041112073013
18347,SE,63379,0.00616632448766064
33619,SE,60938,0.0059288326043179
29913,SE,60657,0.00590149330926697
35953,SE,58871,0.00572772825246642
35947,SE,57247,0.00556972463978776
34084,SE,57066,0.00555211463123183
29924,SE,53006,0.00515710559953517
29925,SE,52178,0.00507654710735664
22957,SE,51017,0.00496359009114979
31770,SE,50654,0.00492827278117297
30383,SE,49660,0.00483156367341276
35949,SE,47600,0.00463114037161594
35479,SE,47167,0.00458901256109262
36872,SE,45798,0.00445581862897619
27601,SE,44877,0.00436621190035732
29912,SE,44616,0.00434081846260539
32692,SE,43869,0.0042681406924878
34549,SE,43783,0.00425977350610211
29465,SE,43120,0.00419526833664032
31762,SE,42847,0.00416870738450899
36874,SE,40720,0.00396176546076052
29467,SE,38317,0.00372797070628588
18808,SE,35591,0.00346275035643241
36873,SE,35363,0.00344056758322383
28064,SE,35063,0.00341137972373886
32700,SE,33992,0.0033071790653775
33180,SE,33894,0.00329764436461241
32226,SE,33821,0.00329054198547106
29463,SE,33608,0.00326981860523673
31311,SE,33593,0.00326835921226248
32693,SE,33067,0.00321718316529883
29460,SE,32510,0.00316299103952172
29005,SE,32389,0.00315121860286278
21587,SE,31893,0.00310296134184763
29927,SE,31882,0.00310189112033318
36408,SE,31678,0.00308204337588339
22509,SE,30296,0.00294758463652261
33163,SE,29658,0.00288551178868457
36409,SE,29123,0.00283346010593636
35946,SE,28020,0.00272614607589661
29459,SE,27563,0.0026816832366145
30855,SE,27160,0.00264247421203968
31318,SE,26939,0.00262097248888575
27606,SE,25807,0.00251083696576245
36875,SE,24902,0.00242278692298277
32233,SE,24755,0.00240848487183514
34091,SE,24324,0.00236655164704172
31314,SE,23658,0.00230175459898508
33165,SE,23655,0.00230146272039023
31775,SE,23585,0.00229465221984374
33625,SE,23556,0.00229183072676019
29469,SE,23369,0.00227363696101455
19734,SE,23350,0.00227178839658051
31306,SE,23218,0.00225894573840712
29929,SE,22911,0.00222907682886749
36411,SE,22631,0.00220183482668152
17881,SE,22593,0.00219813769781342
31761,SE,22478,0.00218694901834418
25751,SE,22475,0.00218665713974933
28527,SE,21729,0.00211407666249669
30392,SE,21725,0.00211368749103689
31303,SE,21270,0.00206941923748468
29455,SE,21082,0.0020511281788741
34554,SE,21067,0.00204966878589985
33157,SE,21013,0.00204441497119256
30851,SE,20798,0.00202349700522832
35943,SE,20765,0.00202028634068498
29915,SE,20300,0.00197504515848327
33631,SE,19672,0.00191394523929472
33636,SE,19661,0.00191287501778027
26212,SE,19427,0.00189010848738199
29458,SE,18669,0.00181636049574996
29445,SE,18658,0.00181529027423551
31768,SE,18573,0.00180702038071476
32709,SE,18569,0.00180663120925496
34557,SE,18457,0.00179573440838057
31767,SE,18253,0.00177588666393079
28997,SE,18222,0.00177287058511734
27600,SE,17965,0.00174786631882522
28531,SE,17944,0.00174582316866127
32227,SE,17857,0.00173735868941063
29917,SE,17835,0.00173521824638173
31776,SE,17462,0.00169892800775541
32696,SE,17344,0.00168744744969132
33159,SE,17313,0.00168443137087787
33156,SE,16838,0.00163821726002666
23898,SE,16797,0.00163422825256372
32225,SE,16758,0.00163043383083067
35948,SE,16719,0.00162663940909762
32238,SE,16580,0.00161311570086958
20199,SE,16572,0.00161233735794999
30856,SE,16468,0.00160221889999519
27605,SE,16386,0.0015942408850693
29916,SE,16332,0.00158898707036201
26215,SE,15986,0.00155532373908933
26669,SE,15726,0.00153002759420236
27599,SE,15598,0.00151757410748877
31316,SE,15486,0.00150667730661438
33166,SE,15450,0.00150317476347618
35945,SE,15413,0.00149957492747303
29448,SE,15400,0.00149831012022869
29922,SE,15020,0.00146133883154772
28066,SE,14912,0.00145083120213313
32694,SE,14888,0.00144849617337433
33170,SE,14621,0.0014225189784327
35019,SE,14446,0.00140549272706647
28530,SE,14334,0.00139459592619208
34100,SE,14307,0.00139196901883843
29468,SE,14146,0.00137630486758149
15557,SE,13950,0.00135723546605131
33621,SE,13745,0.00133729042873658
31771,SE,13706,0.00133349600700353
29002,SE,13665,0.00132950699954058
35027,SE,13190,0.00128329288868937
35015,SE,13125,0.00127696885246763
20198,SE,13091,0.00127366089505933
29911,SE,12918,0.001256829229423
22050,SE,12874,0.0012525483433652
29920,SE,12724,0.00123795441362271
30389,SE,12645,0.00123026827729167
32230,SE,12623,0.00122812783426277
30832,SE,12599,0.00122579280550397
29464,SE,12346,0.00120117771067165
28537,SE,12337,0.0012003020748871
35481,SE,12229,0.00118979444547251
35485,SE,12115,0.00117870305886822
35026,SE,11976,0.00116517935064018
35483,SE,11862,0.00115408796403589
31780,SE,11793,0.00114737475635434
32234,SE,11777,0.00114581807051514
30373,SE,11465,0.00111546269665077
17887,SE,11237,0.00109327992344219
30374,SE,11077,0.0010777130650502
30854,SE,11055,0.00107557262202131
35944,SE,10926,0.00106302184244277
32695,SE,10826,0.00105329255594778
35480,SE,10635,0.00103470961874234
31300,SE,10497,0.00102128320337925
30382,SE,10436,0.00101534833861731
31766,SE,10198,0.000992192636759229
34563,SE,10163,0.000988787386485982
33164,SE,10124,0.000984992964752935
32229,SE,10022,0.000975069092528044
31778,SE,10008,0.000973706992418745
14163,SE,9897,0.000962907484409305
31296,SE,9882,0.000961448091435056
35490,SE,9877,0.000960961627110307
29923,SE,9787,0.000952205269264814
35482,SE,9768,0.000950356704830766
22958,SE,9735,0.000947146040287419
32698,SE,9691,0.000942865154229622
28065,SE,9638,0.000937708632387277
35022,SE,9572,0.000931287303300583
20189,SE,9515,0.000925741609998438
27135,SE,9500,0.000924282217024189
18346,SE,9405,0.000915039394853947
31307,SE,9311,0.000905893865548655
25283,SE,9307,0.000905504694088855
33627,SE,9299,0.000904726351169256
28983,SE,9076,0.000883030042285425
28073,SE,9069,0.000882348992230776
31772,SE,8986,0.000874273684439933
33620,SE,8974,0.000873106170060534
30384,SE,8950,0.000870771141301736
23434,SE,8892,0.000865128155134641
27604,SE,8795,0.000855690747234499
31774,SE,8761,0.000852382789826202
33181,SE,8734,0.000849755882472554
30387,SE,8707,0.000847128975118907
28539,SE,8637,0.000840318474572412
36410,SE,8615,0.000838178031543514
22968,SE,8488,0.000825821837694875
33629,SE,8462,0.000823292223206178
28075,SE,8394,0.000816676308389583
25287,SE,8389,0.000816189844064834
34088,SE,8376,0.000814925036820485
31769,SE,8246,0.000802276964376996
35025,SE,8159,0.000793812485126353
14164,SE,8087,0.000786807398849959
33160,SE,8024,0.000780677948358115
35489,SE,7922,0.000770754076133224
34550,SE,7901,0.000768710925969275
31304,SE,7895,0.000768127168779576
32228,SE,7888,0.000767446118724927
35487,SE,7869,0.000765597554290878
33644,SE,7760,0.000754992632011337
32231,SE,7736,0.000752657603252539
31312,SE,7619,0.000741274338053399
30380,SE,7580,0.000737479916320353
28998,SE,7512,0.000730864001503759
33634,SE,7473,0.000727069579770712
28541,SE,7422,0.000722107643658266
28528,SE,7419,0.000721815765063417
33173,SE,7381,0.00071811863619532
30846,SE,7375,0.00071753487900562
17891,SE,7374,0.00071743758614067
19735,SE,7368,0.000716853828950971
28521,SE,7345,0.000714616093057123
29451,SE,7280,0.000708292056835378
21586,SE,7241,0.000704497635102332
32702,SE,7234,0.000703816585047682
30386,SE,7117,0.000692433319848542
29000,SE,7025,0.00068348237627315
26210,SE,7000,0.000681050054649402
34562,SE,6801,0.000661688774524369
27602,SE,6732,0.000654975566842825
27133,SE,6675,0.00064942987354068
23896,SE,6550,0.000637268265421941
34093,SE,6495,0.000631917157849695
31765,SE,6335,0.000616350299457709
30843,SE,6289,0.000611874827670013
28519,SE,6141,0.000597475483657426
28980,SE,6133,0.000596697140737826
22510,SE,6070,0.000590567690245982
32241,SE,5995,0.000583270725374738
27593,SE,5953,0.000579184425046842
32239,SE,5929,0.000576849396288044
32708,SE,5782,0.000562547345140406
33624,SE,5602,0.000545034629449422
34556,SE,5531,0.000538126836037978
34551,SE,5499,0.00053501346435958
31313,SE,5478,0.000532970314195632
29918,SE,5443,0.000529565063922385
26214,SE,5420,0.000527327328028537
30385,SE,5408,0.000526159813649138
31763,SE,5397,0.000525089592134689
30388,SE,5284,0.000514095498395349
34560,SE,5283,0.000513998205530399
31305,SE,5267,0.0005124415196912
33623,SE,5239,0.000509717319472603
32243,SE,5202,0.000506117483469456
34089,SE,5077,0.000493955875350716
25285,SE,5032,0.00048957769642797
34094,SE,5006,0.000487048081939273
27143,SE,4986,0.000485102224640274
28538,SE,4971,0.000483642831666026
32705,SE,4959,0.000482475317286627
28989,SE,4907,0.000477416088309231
28985,SE,4895,0.000476248573929832
28532,SE,4892,0.000475956695334982
29462,SE,4892,0.000475956695334982
27598,SE,4812,0.000468173266138989
29907,SE,4803,0.00046729763035444
31298,SE,4800,0.00046700575175959
22492,SE,4765,0.000463600501486343
32245,SE,4765,0.000463600501486343
28535,SE,4749,0.000462043815647145
32237,SE,4746,0.000461751937052295
29449,SE,4686,0.0004559143651553
29003,SE,4664,0.000453773922126402
33626,SE,4651,0.000452509114882053
21569,SE,4644,0.000451828064827403
28067,SE,4625,0.000449979500393355
29921,SE,4616,0.000449103864608806
18335,SE,4605,0.000448033643094357
34559,SE,4597,0.000447255300174757
17885,SE,4555,0.000443168999846861
21589,SE,4548,0.000442487949792212
34108,SE,4522,0.000439958335303514
31317,SE,4515,0.000439277285248864
30391,SE,4511,0.000438888113789065
32232,SE,4505,0.000438304356599365
34096,SE,4503,0.000438109770869465
34099,SE,4490,0.000436844963625117
34095,SE,4466,0.000434509934866319
34090,SE,4456,0.00043353700621682
26211,SE,4420,0.000430034463078623
27141,SE,4394,0.000427504848589925
33630,SE,4394,0.000427504848589925
29926,SE,4371,0.000425267112696077
30371,SE,4313,0.000419624126528982
29004,SE,4293,0.000417678269229983
32242,SE,4214,0.00040999213289894
35017,SE,4192,0.000407851689870042
28994,SE,4190,0.000407657104140142
30834,SE,4187,0.000407365225545292
35484,SE,4163,0.000405030196786495
34087,SE,4143,0.000403084339487496
28999,SE,4051,0.000394133395912104
30845,SE,3994,0.000388587702609959
22487,SE,3940,0.000383333887902664
34085,SE,3907,0.000380123223359316
18343,SE,3905,0.000379928637629417
21585,SE,3878,0.000377301730275769
22048,SE,3877,0.000377204437410819
22973,SE,3875,0.000377009851680919
21126,SE,3862,0.00037574504443657
29447,SE,3857,0.000375258580111821
31297,SE,3848,0.000374382944327271
31779,SE,3770,0.000366794100861178
20181,SE,3769,0.000366696807996228
35488,SE,3767,0.000366502222266328
23897,SE,3717,0.000361637579018833
32236,SE,3677,0.000357745864420836
25282,SE,3643,0.000354437907012539
30853,SE,3610,0.000351227242469192
21121,SE,3580,0.000348308456520694
30836,SE,3573,0.000347627406466045
28071,SE,3542,0.000344611327652598
22508,SE,3538,0.000344222156192798
28995,SE,3512,0.0003416925417041
29452,SE,3490,0.000339552098675202
28993,SE,3489,0.000339454805810252
23420,SE,3442,0.000334882041157606
27134,SE,3411,0.000331865962344159
22967,SE,3398,0.00033060115509981
35486,SE,3377,0.000328558004935862
28996,SE,3364,0.000327293197691513
24812,SE,3357,0.000326612147636863
20197,SE,3340,0.000324958168932715
22494,SE,3326,0.000323596068823416
33633,SE,3295,0.000320579990009969
31308,SE,3261,0.000317272032601672
25750,SE,3250,0.000316201811087222
23889,SE,3225,0.000313769489463475
22491,SE,3224,0.000313672196598525
33169,SE,3218,0.000313088439408825
25747,SE,3193,0.000310656117785077
31299,SE,3151,0.000306569817457181
33622,SE,3126,0.000304137495833433
28526,SE,3083,0.000299953902640587
34555,SE,3033,0.000295089259393091
30852,SE,3021,0.000293921745013692
22511,SE,3013,0.000293143402094093
31309,SE,2989,0.000290808373335295
26667,SE,2987,0.000290613787605395
30835,SE,2978,0.000289738151820846
16482,SE,2968,0.000288765223171347
18342,SE,2936,0.000285651851492949
35024,SE,2926,0.00028467892284345
18807,SE,2907,0.000282830358409402
24824,SE,2905,0.000282635772679502
30847,SE,2886,0.000280787208245454
35020,SE,2864,0.000278646765216555
22488,SE,2836,0.000275922564997958
26677,SE,2814,0.00027378212196906
34086,SE,2804,0.000272809193319561
29928,SE,2776,0.000270084993100963
22972,SE,2773,0.000269793114506113
29454,SE,2759,0.000268431014396814
19255,SE,2753,0.000267847257207115
20663,SE,2730,0.000265609521313267
29446,SE,2725,0.000265123056988517
31781,SE,2722,0.000264831178393668
28534,SE,2717,0.000264344714068918
35021,SE,2716,0.000264247421203968
33628,SE,2710,0.000263663664014269
33645,SE,2699,0.00026259344249982
26668,SE,2684,0.000261134049525571
28072,SE,2667,0.000259480070821422
26213,SE,2655,0.000258312556442023
28990,SE,2631,0.000255977527683225
28529,SE,2625,0.000255393770493526
22969,SE,2600,0.000252961448869778
31310,SE,2585,0.000251502055895529
28536,SE,2584,0.000251404763030579
27596,SE,2554,0.000248485977082082
19728,SE,2548,0.000247902219892382
16958,SE,2542,0.000247318462702683
28062,SE,2541,0.000247221169837733
16961,SE,2533,0.000246442826918134
33172,SE,2532,0.000246345534053184
15568,SE,2523,0.000245469898268635
22956,SE,2519,0.000245080726808835
35023,SE,2507,0.000243913212429436
29914,SE,2492,0.000242453819455187
29456,SE,2489,0.000242161940860337
26679,SE,2476,0.000240897133615989
34561,SE,2475,0.000240799840751039
33161,SE,2436,0.000237005419017992
32235,SE,2389,0.000232432654365346
35018,SE,2361,0.000229708454146748
33167,SE,2352,0.000228832818362199
23435,SE,2350,0.000228638232632299
32703,SE,2349,0.000228540939767349
30379,SE,2320,0.000225719446683802
30381,SE,2295,0.000223287125060054
32701,SE,2269,0.000220757510571356
33632,SE,2247,0.000218617067542458
29442,SE,2235,0.000217449553163059
28068,SE,2227,0.00021667121024346
32697,SE,2217,0.000215698281593961
27595,SE,2215,0.000215503695864061
30390,SE,2204,0.000214433474349612
33635,SE,2203,0.000214336181484662
24355,SE,2189,0.000212974081375363
28518,SE,2185,0.000212584909915563
28991,SE,2175,0.000211611981266064
21112,SE,2165,0.000210639052616565
19732,SE,2150,0.000209179659642316
22964,SE,2150,0.000209179659642316
22507,SE,2099,0.000204217723529871
25286,SE,2097,0.000204023137799971
23895,SE,2091,0.000203439380610271
28074,SE,2089,0.000203244794880372
35016,SE,2081,0.000202466451960772
24357,SE,2078,0.000202174573365923
19272,SE,2061,0.000200520594661774
34092,SE,2036,0.000198088273038026
33168,SE,2025,0.000197018051523577
23423,SE,1996,0.00019419655844003
23433,SE,1986,0.00019322362979053
27138,SE,1972,0.000191861529681232
34553,SE,1963,0.000190985893896682
29444,SE,1933,0.000188067107948185
29443,SE,1900,0.000184856443404838
25748,SE,1887,0.000183591636160489
30850,SE,1853,0.000180283678752192
28520,SE,1849,0.000179894507292392
29910,SE,1841,0.000179116164372793
22486,SE,1831,0.000178143235723294
30844,SE,1828,0.000177851357128444
26671,SE,1811,0.000176197378424295
28070,SE,1784,0.000173570471070648
34552,SE,1783,0.000173473178205698
17402,SE,1771,0.000172305663826299
22049,SE,1764,0.000171624613771649
28981,SE,1757,0.000170943563717
22032,SE,1735,0.000168803120688102
32706,SE,1731,0.000168413949228302
24823,SE,1713,0.000166662677659204
33171,SE,1670,0.000162479084466357
21123,SE,1655,0.000161019691492109
33162,SE,1608,0.000156446926839463
17882,SE,1600,0.000155668583919863
23421,SE,1592,0.000154890241000264
20644,SE,1590,0.000154695655270364
30849,SE,1587,0.000154403776675514
24358,SE,1575,0.000153236262296116
26664,SE,1551,0.000150901233537318
21583,SE,1532,0.000149052669103269
28987,SE,1527,0.00014856620477852
30375,SE,1520,0.00014788515472387
22490,SE,1508,0.000146717640344471
32704,SE,1484,0.000144382611585673
30842,SE,1472,0.000143215097206274
19261,SE,1467,0.000142728632881525
23424,SE,1459,0.000141950289961925
28533,SE,1447,0.000140782775582526
24356,SE,1435,0.000139615261203127
32244,SE,1423,0.000138447746823729
28982,SE,1413,0.000137474818174229
29450,SE,1403,0.00013650188952473
14165,SE,1380,0.000134264153630882
22970,SE,1378,0.000134069567900982
29906,SE,1374,0.000133680396441183
23877,SE,1354,0.000131734539142184
22045,SE,1330,0.000129399510383386
17883,SE,1321,0.000128523874598837
19262,SE,1319,0.000128329288868937
31773,SE,1285,0.00012502133146064
17888,SE,1283,0.00012482674573074
30837,SE,1251,0.000121713374052343
34097,SE,1250,0.000121616081187393
28984,SE,1236,0.000120253981078094
18329,SE,1213,0.000118016245184246
27128,SE,1204,0.000117140609399697
29453,SE,1198,0.000116556852209998
32707,SE,1196,0.000116362266480098
30372,SE,1194,0.000116167680750198
28540,SE,1187,0.000115486630695549
18344,SE,1170,0.0001138326519914
23890,SE,1155,0.000112373259017151
26203,SE,1112,0.000108189665824305
28063,SE,1104,0.000107411322904706
21572,SE,1086,0.000105660051335607
21122,SE,1084,0.000105465465605707
26678,SE,1084,0.000105465465605707
22038,SE,1071,0.000104200658361359
25284,SE,1069,0.000104006072631459
22489,SE,1057,0.00010283855825206
30833,SE,1057,0.00010283855825206
22502,SE,1046,0.000101768336737611
22971,SE,1037,0.000100892700953061
28061,SE,1034,0.000100600822358212
32240,SE,1014,9.86549650592134e-05
24345,SE,1004,9.76820364097143e-05
34098,SE,992,9.65145220303153e-05
30848,SE,991,9.64172291653654e-05
17880,SE,986,9.59307648406158e-05
21124,SE,972,9.4568664731317e-05
22966,SE,965,9.38876146766676e-05
22493,SE,962,9.35957360818179e-05
22036,SE,959,9.33038574869681e-05
19733,SE,938,9.12607073230199e-05
20661,SE,910,8.85365071044223e-05
22961,SE,891,8.66879426703739e-05
28979,SE,889,8.64933569404741e-05
17886,SE,876,8.52285496961252e-05
36404,SE,863,8.39637424517763e-05
22965,SE,855,8.3185399532177e-05
17414,SE,850,8.26989352074274e-05
29457,SE,849,8.26016423424775e-05
18345,SE,839,8.16287136929784e-05
22503,SE,830,8.07530779084291e-05
29909,SE,830,8.07530779084291e-05
28059,SE,829,8.06557850434792e-05
25735,SE,828,8.05584921785293e-05
27132,SE,827,8.04611993135794e-05
25269,SE,817,7.94882706640802e-05
14633,SE,814,7.91963920692305e-05
28988,SE,813,7.90990992042806e-05
17889,SE,805,7.83207562846813e-05
27140,SE,803,7.81261705547814e-05
17890,SE,797,7.7542413365082e-05
20662,SE,792,7.70559490403324e-05
23888,SE,787,7.65694847155828e-05
29908,SE,785,7.6374898985683e-05
23884,SE,781,7.59857275258833e-05
19267,SE,772,7.51100917413341e-05
23894,SE,772,7.51100917413341e-05
23427,SE,771,7.50127988763842e-05
24346,SE,761,7.4039870226885e-05
21107,SE,754,7.33588201722356e-05
16949,SE,752,7.31642344423358e-05
27137,SE,740,7.19967200629368e-05
27136,SE,738,7.1802134333037e-05
31301,SE,733,7.13156700082874e-05
22955,SE,721,7.01481556288884e-05
27590,SE,718,6.98562770340387e-05
28060,SE,708,6.88833483845396e-05
28055,SE,707,6.87860555195896e-05
30368,SE,700,6.81050054649402e-05
24821,SE,695,6.76185411401907e-05
26676,SE,690,6.71320768154411e-05
28054,SE,686,6.67429053556414e-05
28069,SE,676,6.57699767061423e-05
28524,SE,671,6.52835123813927e-05
22029,SE,669,6.50889266514929e-05
22506,SE,656,6.3824119407144e-05
26670,SE,652,6.34349479473443e-05
28056,SE,649,6.31430693524946e-05
16498,SE,641,6.23647264328953e-05
17418,SE,639,6.21701407029954e-05
24822,SE,621,6.0418869133897e-05
27591,SE,614,5.97378190792476e-05
16031,SE,607,5.90567690245982e-05
17426,SE,596,5.79865475101491e-05
24352,SE,593,5.76946689152994e-05
28992,SE,589,5.73054974554997e-05
25275,SE,588,5.72082045905498e-05
20180,SE,583,5.67217402658002e-05
23883,SE,582,5.66244474008503e-05
21584,SE,575,5.59433973462009e-05
26202,SE,573,5.57488116163011e-05
24814,SE,561,5.45812972369021e-05
19731,SE,560,5.44840043719522e-05
23429,SE,557,5.41921257771024e-05
27130,SE,557,5.41921257771024e-05
17877,SE,553,5.38029543173028e-05
15101,SE,552,5.37056614523529e-05
23876,SE,550,5.3511075722453e-05
21120,SE,546,5.31219042626534e-05
34107,SE,546,5.31219042626534e-05
27142,SE,540,5.25381470729539e-05
26209,SE,539,5.2440854208004e-05
15558,SE,534,5.19543898832544e-05
18341,SE,528,5.13706326935549e-05
22046,SE,527,5.1273339828605e-05
23891,SE,523,5.08841683688053e-05
22963,SE,518,5.03977040440558e-05
20660,SE,513,4.99112397193062e-05
22501,SE,496,4.82572610151576e-05
22962,SE,491,4.77707966904081e-05
20657,SE,484,4.70897466357587e-05
31302,SE,479,4.66032823110091e-05
25281,SE,467,4.54357679316101e-05
16025,SE,440,4.28088605779624e-05
18320,SE,435,4.23223962532129e-05
25749,SE,434,4.22251033882629e-05
15565,SE,432,4.20305176583631e-05
23422,SE,427,4.15440533336135e-05
27603,SE,418,4.06684175490643e-05
15095,SE,416,4.04738318191645e-05
30367,SE,414,4.02792460892646e-05
19729,SE,410,3.9890074629465e-05
14631,SE,406,3.95009031696653e-05
21106,SE,406,3.95009031696653e-05
25743,SE,406,3.95009031696653e-05
20171,SE,403,3.92090245748156e-05
17855,SE,397,3.86252673851161e-05
17425,SE,391,3.80415101954166e-05
21125,SE,389,3.78469244655168e-05
27594,SE,387,3.7652338735617e-05
16034,SE,384,3.73604601407672e-05
20188,SE,384,3.73604601407672e-05
23893,SE,382,3.71658744108674e-05
19270,SE,379,3.68739958160176e-05
22047,SE,372,3.61929457613682e-05
24349,SE,371,3.60956528964183e-05
26663,SE,371,3.60956528964183e-05
16018,SE,362,3.52200171118691e-05
22030,SE,359,3.49281385170193e-05
22959,SE,355,3.45389670572197e-05
26666,SE,353,3.43443813273199e-05
21109,SE,335,3.25931097582214e-05
21119,SE,333,3.23985240283216e-05
20653,SE,332,3.23012311633717e-05
18801,SE,331,3.22039382984217e-05
19726,SE,329,3.20093525685219e-05
17421,SE,326,3.17174739736722e-05
22043,SE,326,3.17174739736722e-05
19271,SE,322,3.13283025138725e-05
30370,SE,321,3.12310096489226e-05
20196,SE,319,3.10364239190228e-05
19257,SE,315,3.06472524592231e-05
18319,SE,310,3.01607881344735e-05
20659,SE,308,2.99662024045737e-05
28058,SE,303,2.94797380798241e-05
21568,SE,302,2.93824452148742e-05
22031,SE,302,2.93824452148742e-05
22026,SE,299,2.90905666200245e-05
22495,SE,296,2.87986880251747e-05
20656,SE,290,2.82149308354752e-05
28053,SE,290,2.82149308354752e-05
28522,SE,290,2.82149308354752e-05
30839,SE,290,2.82149308354752e-05
15567,SE,287,2.79230522406255e-05
28517,SE,287,2.79230522406255e-05
13244,SE,285,2.77284665107257e-05
15093,SE,282,2.74365879158759e-05
16957,SE,279,2.71447093210262e-05
17415,SE,276,2.68528307261764e-05
18793,SE,266,2.58799020766773e-05
22037,SE,265,2.57826092117274e-05
24344,SE,263,2.55880234818275e-05
15560,SE,259,2.51988520220279e-05
21582,SE,255,2.48096805622282e-05
23432,SE,253,2.46150948323284e-05
17419,SE,252,2.45178019673785e-05
19717,SE,252,2.45178019673785e-05
20183,SE,252,2.45178019673785e-05
24811,SE,252,2.45178019673785e-05
20182,SE,246,2.3934044777679e-05
20641,SE,241,2.34475804529294e-05
20192,SE,238,2.31557018580797e-05
24818,SE,238,2.31557018580797e-05
26199,SE,238,2.31557018580797e-05
22960,SE,237,2.30584089931298e-05
26662,SE,236,2.29611161281798e-05
19730,SE,235,2.28638232632299e-05
24350,SE,234,2.276653039828e-05
24817,SE,232,2.25719446683802e-05
27589,SE,232,2.25719446683802e-05
20190,SE,231,2.24746518034303e-05
15562,SE,225,2.18908946137308e-05
24813,SE,224,2.17936017487809e-05
18800,SE,223,2.1696308883831e-05
21116,SE,221,2.15017231539311e-05
18794,SE,217,2.11125516941315e-05
18787,SE,217,2.11125516941315e-05
17872,SE,215,2.09179659642316e-05
19725,SE,215,2.09179659642316e-05
27131,SE,214,2.08206730992817e-05
22951,SE,213,2.07233802343318e-05
15561,SE,212,2.06260873693819e-05
21566,SE,212,2.06260873693819e-05
18797,SE,211,2.0528794504432e-05
19723,SE,210,2.04315016394821e-05
21563,SE,207,2.01396230446323e-05
17879,SE,205,1.99450373147325e-05
21118,SE,203,1.97504515848327e-05
23425,SE,201,1.95558658549328e-05
17878,SE,199,1.9361280125033e-05
17859,SE,199,1.9361280125033e-05
24808,SE,199,1.9361280125033e-05
24347,SE,198,1.92639872600831e-05
19719,SE,194,1.88748158002834e-05
23892,SE,194,1.88748158002834e-05
24341,SE,192,1.86802300703836e-05
19253,SE,190,1.84856443404838e-05
27125,SE,190,1.84856443404838e-05
13705,SE,186,1.80964728806841e-05
28523,SE,183,1.78045942858344e-05
14162,SE,178,1.73181299610848e-05
17876,SE,178,1.73181299610848e-05
18336,SE,175,1.70262513662351e-05
13243,SE,173,1.68316656363352e-05
28986,SE,173,1.68316656363352e-05
16024,SE,170,1.65397870414855e-05
22035,SE,170,1.65397870414855e-05
19256,SE,169,1.64424941765356e-05
15104,SE,168,1.63452013115857e-05
19727,SE,168,1.63452013115857e-05
16481,SE,167,1.62479084466357e-05
13230,SE,165,1.60533227167359e-05
22027,SE,163,1.58587369868361e-05
15559,SE,162,1.57614441218862e-05
15569,SE,160,1.55668583919863e-05
19712,SE,159,1.54695655270364e-05
20654,SE,159,1.54695655270364e-05
20643,SE,159,1.54695655270364e-05
27139,SE,156,1.51776869321867e-05
22044,SE,155,1.50803940672368e-05
19246,SE,154,1.49831012022869e-05
21104,SE,153,1.48858083373369e-05
25746,SE,153,1.48858083373369e-05
13246,SE,150,1.45939297424872e-05
22498,SE,150,1.45939297424872e-05
22485,SE,149,1.44966368775373e-05
24351,SE,148,1.43993440125874e-05
22496,SE,146,1.42047582826875e-05
17424,SE,145,1.41074654177376e-05
19266,SE,145,1.41074654177376e-05
15099,SE,144,1.40101725527877e-05
19250,SE,141,1.3718293957938e-05
15105,SE,140,1.3621001092988e-05
18328,SE,140,1.3621001092988e-05
19722,SE,136,1.32318296331884e-05
21570,SE,135,1.31345367682385e-05
22028,SE,135,1.31345367682385e-05
25280,SE,134,1.30372439032886e-05
17422,SE,132,1.28426581733887e-05
23414,SE,131,1.27453653084388e-05
17867,SE,128,1.24534867135891e-05
21108,SE,128,1.24534867135891e-05
16497,SE,127,1.23561938486392e-05
21567,SE,126,1.22589009836892e-05
22034,SE,125,1.21616081187393e-05
26673,SE,124,1.20643152537894e-05
22954,SE,123,1.19670223888395e-05
24804,SE,123,1.19670223888395e-05
16023,SE,122,1.18697295238896e-05
21105,SE,122,1.18697295238896e-05
18804,SE,121,1.17724366589397e-05
20655,SE,121,1.17724366589397e-05
28978,SE,121,1.17724366589397e-05
17423,SE,119,1.15778509290398e-05
18338,SE,118,1.14805580640899e-05
25742,SE,117,1.138326519914e-05
30841,SE,117,1.138326519914e-05
20646,SE,116,1.12859723341901e-05
16033,SE,114,1.10913866042903e-05
18331,SE,114,1.10913866042903e-05
14627,SE,112,1.08968008743904e-05
19714,SE,112,1.08968008743904e-05
24815,SE,112,1.08968008743904e-05
18337,SE,111,1.07995080094405e-05
20642,SE,111,1.07995080094405e-05
20635,SE,111,1.07995080094405e-05
17399,SE,110,1.07022151444906e-05
28525,SE,110,1.07022151444906e-05
21577,SE,109,1.06049222795407e-05
22483,SE,109,1.06049222795407e-05
25268,SE,109,1.06049222795407e-05
15102,SE,108,1.05076294145908e-05
23415,SE,108,1.05076294145908e-05
13706,SE,106,1.03130436846909e-05
19263,SE,106,1.03130436846909e-05
19711,SE,106,1.03130436846909e-05
24348,SE,106,1.03130436846909e-05
26208,SE,106,1.03130436846909e-05
22042,SE,105,1.0215750819741e-05
19265,SE,103,1.00211650898412e-05
14637,SE,102,9.92387222489129e-06
18798,SE,102,9.92387222489129e-06
19269,SE,102,9.92387222489129e-06
21110,SE,102,9.92387222489129e-06
16950,SE,101,9.82657935994138e-06
20658,SE,101,9.82657935994138e-06
21099,SE,101,9.82657935994138e-06
23886,SE,99,9.63199363004155e-06
24810,SE,99,9.63199363004155e-06
15100,SE,96,9.3401150351918e-06
15564,SE,96,9.3401150351918e-06
22497,SE,96,9.3401150351918e-06
24819,SE,95,9.24282217024189e-06
16026,SE,94,9.14552930529197e-06
18786,SE,94,9.14552930529197e-06
19721,SE,94,9.14552930529197e-06
26674,SE,94,9.14552930529197e-06
23887,SE,92,8.95094357539215e-06
19264,SE,91,8.85365071044223e-06
21565,SE,91,8.85365071044223e-06
19254,SE,89,8.6590649805424e-06
22500,SE,89,8.6590649805424e-06
22484,SE,89,8.6590649805424e-06
22023,SE,88,8.56177211559249e-06
22039,SE,87,8.46447925064257e-06
16491,SE,86,8.36718638569266e-06
18789,SE,86,8.36718638569266e-06
20187,SE,85,8.26989352074274e-06
26675,SE,85,8.26989352074274e-06
18785,SE,84,8.17260065579283e-06
20652,SE,84,8.17260065579283e-06
18334,SE,82,7.978014925893e-06
18802,SE,82,7.978014925893e-06
19258,SE,82,7.978014925893e-06
16495,SE,81,7.88072206094308e-06
16494,SE,80,7.78342919599317e-06
18806,SE,80,7.78342919599317e-06
16022,SE,78,7.58884346609334e-06
20178,SE,78,7.58884346609334e-06
14172,SE,77,7.49155060114343e-06
20195,SE,77,7.49155060114343e-06
22505,SE,77,7.49155060114343e-06
24820,SE,77,7.49155060114343e-06
20191,SE,76,7.39425773619351e-06
17866,SE,75,7.2969648712436e-06
22041,SE,75,7.2969648712436e-06
14175,SE,74,7.19967200629368e-06
15097,SE,74,7.19967200629368e-06
19707,SE,74,7.19967200629368e-06
21581,SE,74,7.19967200629368e-06
16959,SE,72,7.00508627639385e-06
17417,SE,72,7.00508627639385e-06
17856,SE,72,7.00508627639385e-06
19260,SE,72,7.00508627639385e-06
20170,SE,72,7.00508627639385e-06
14176,SE,71,6.90779341144394e-06
25270,SE,71,6.90779341144394e-06
19716,SE,70,6.81050054649402e-06
20194,SE,69,6.71320768154411e-06
21576,SE,67,6.51862195164428e-06
16029,SE,66,6.42132908669437e-06
17403,SE,65,6.32403622174445e-06
19715,SE,65,6.32403622174445e-06
21573,SE,65,6.32403622174445e-06
27126,SE,65,6.32403622174445e-06
17854,SE,63,6.12945049184462e-06
18321,SE,63,6.12945049184462e-06
19718,SE,63,6.12945049184462e-06
21564,SE,63,6.12945049184462e-06
21575,SE,62,6.03215762689471e-06
25279,SE,62,6.03215762689471e-06
16030,SE,61,5.93486476194479e-06
16016,SE,61,5.93486476194479e-06
20636,SE,61,5.93486476194479e-06
23875,SE,61,5.93486476194479e-06
16493,SE,60,5.83757189699488e-06
18796,SE,60,5.83757189699488e-06
18790,SE,60,5.83757189699488e-06
20186,SE,60,5.83757189699488e-06
23878,SE,60,5.83757189699488e-06
18330,SE,59,5.74027903204496e-06
26200,SE,59,5.74027903204496e-06
16486,SE,58,5.64298616709505e-06
17400,SE,58,5.64298616709505e-06
19248,SE,58,5.64298616709505e-06
19724,SE,58,5.64298616709505e-06
22033,SE,58,5.64298616709505e-06
25734,SE,58,5.64298616709505e-06
30378,SE,58,5.64298616709505e-06
19247,SE,57,5.54569330214513e-06
20179,SE,57,5.54569330214513e-06
20176,SE,57,5.54569330214513e-06
23426,SE,56,5.44840043719522e-06
20184,SE,55,5.3511075722453e-06
24354,SE,54,5.25381470729539e-06
18792,SE,53,5.15652184234547e-06
19249,SE,53,5.15652184234547e-06
20177,SE,53,5.15652184234547e-06
21580,SE,53,5.15652184234547e-06
23431,SE,53,5.15652184234547e-06
24807,SE,52,5.05922897739556e-06
27124,SE,51,4.96193611244564e-06
15103,SE,50,4.86464324749573e-06
16945,SE,50,4.86464324749573e-06
18788,SE,50,4.86464324749573e-06
19268,SE,50,4.86464324749573e-06
24342,SE,50,4.86464324749573e-06
17416,SE,49,4.76735038254582e-06
18795,SE,49,4.76735038254582e-06
26672,SE,49,4.76735038254582e-06
19251,SE,48,4.6700575175959e-06
14638,SE,47,4.57276465264599e-06
14634,SE,47,4.57276465264599e-06
16933,SE,47,4.57276465264599e-06
16934,SE,47,4.57276465264599e-06
17865,SE,46,4.47547178769607e-06
18340,SE,45,4.37817892274616e-06
24809,SE,45,4.37817892274616e-06
25744,SE,45,4.37817892274616e-06
25741,SE,45,4.37817892274616e-06
14640,SE,44,4.28088605779624e-06
21113,SE,44,4.28088605779624e-06
21578,SE,44,4.28088605779624e-06
25278,SE,44,4.28088605779624e-06
28057,SE,44,4.28088605779624e-06
14161,SE,43,4.18359319284633e-06
16492,SE,43,4.18359319284633e-06
18333,SE,43,4.18359319284633e-06
22025,SE,43,4.18359319284633e-06
25277,SE,42,4.08630032789641e-06
18318,SE,41,3.9890074629465e-06
21571,SE,41,3.9890074629465e-06
17410,SE,40,3.89171459799658e-06
18803,SE,40,3.89171459799658e-06
20645,SE,40,3.89171459799658e-06
18317,SE,39,3.79442173304667e-06
24343,SE,39,3.79442173304667e-06
14159,SE,38,3.69712886809676e-06
16956,SE,38,3.69712886809676e-06
16935,SE,38,3.69712886809676e-06
25745,SE,38,3.69712886809676e-06
16483,SE,37,3.59983600314684e-06
16951,SE,37,3.59983600314684e-06
13711,SE,36,3.50254313819693e-06
13698,SE,36,3.50254313819693e-06
17861,SE,36,3.50254313819693e-06
22953,SE,36,3.50254313819693e-06
16496,SE,35,3.40525027324701e-06
17401,SE,35,3.40525027324701e-06
18799,SE,35,3.40525027324701e-06
23882,SE,34,3.3079574082971e-06
17860,SE,33,3.21066454334718e-06
22040,SE,33,3.21066454334718e-06
15094,SE,32,3.11337167839727e-06
16960,SE,32,3.11337167839727e-06
21114,SE,32,3.11337167839727e-06
23885,SE,32,3.11337167839727e-06
17420,SE,30,2.91878594849744e-06
18322,SE,30,2.91878594849744e-06
22499,SE,30,2.91878594849744e-06
22021,SE,30,2.91878594849744e-06
25267,SE,30,2.91878594849744e-06
13227,SE,29,2.82149308354752e-06
14166,SE,29,2.82149308354752e-06
15553,SE,29,2.82149308354752e-06
16485,SE,29,2.82149308354752e-06
17863,SE,29,2.82149308354752e-06
19259,SE,29,2.82149308354752e-06
15556,SE,28,2.72420021859761e-06
16032,SE,28,2.72420021859761e-06
21115,SE,28,2.72420021859761e-06
22950,SE,28,2.72420021859761e-06
17411,SE,27,2.62690735364769e-06
22020,SE,27,2.62690735364769e-06
26198,SE,27,2.62690735364769e-06
18805,SE,26,2.52961448869778e-06
21562,SE,26,2.52961448869778e-06
24353,SE,26,2.52961448869778e-06
18784,SE,25,2.43232162374787e-06
20651,SE,25,2.43232162374787e-06
13234,SE,24,2.33502875879795e-06
20650,SE,24,2.33502875879795e-06
20649,SE,24,2.33502875879795e-06
21111,SE,24,2.33502875879795e-06
27597,SE,24,2.33502875879795e-06
13235,SE,23,2.23773589384804e-06
16009,SE,23,2.23773589384804e-06
17427,SE,23,2.23773589384804e-06
23428,SE,23,2.23773589384804e-06
24816,SE,23,2.23773589384804e-06
15106,SE,22,2.14044302889812e-06
16028,SE,22,2.14044302889812e-06
17874,SE,22,2.14044302889812e-06
13229,SE,21,2.04315016394821e-06
14635,SE,21,2.04315016394821e-06
17875,SE,21,2.04315016394821e-06
17871,SE,21,2.04315016394821e-06
18327,SE,21,2.04315016394821e-06
20639,SE,21,2.04315016394821e-06
23880,SE,21,2.04315016394821e-06
27588,SE,21,2.04315016394821e-06
14177,SE,20,1.94585729899829e-06
16011,SE,20,1.94585729899829e-06
13247,SE,19,1.84856443404838e-06
16490,SE,19,1.84856443404838e-06
16948,SE,19,1.84856443404838e-06
20637,SE,19,1.84856443404838e-06
23430,SE,19,1.84856443404838e-06
16468,SE,18,1.75127156909846e-06
16478,SE,17,1.65397870414855e-06
23419,SE,17,1.65397870414855e-06
25271,SE,17,1.65397870414855e-06
28516,SE,17,1.65397870414855e-06
15085,SE,16,1.55668583919863e-06
15563,SE,16,1.55668583919863e-06
20193,SE,16,1.55668583919863e-06
20175,SE,16,1.55668583919863e-06
20173,SE,16,1.55668583919863e-06
22504,SE,16,1.55668583919863e-06
25733,SE,16,1.55668583919863e-06
26206,SE,16,1.55668583919863e-06
16027,SE,15,1.45939297424872e-06
16484,SE,15,1.45939297424872e-06
16946,SE,15,1.45939297424872e-06
17870,SE,15,1.45939297424872e-06
17862,SE,15,1.45939297424872e-06
22022,SE,15,1.45939297424872e-06
23417,SE,15,1.45939297424872e-06
13239,SE,14,1.3621001092988e-06
14160,SE,14,1.3621001092988e-06
17390,SE,14,1.3621001092988e-06
18326,SE,14,1.3621001092988e-06
18783,SE,14,1.3621001092988e-06
20169,SE,14,1.3621001092988e-06
23413,SE,14,1.3621001092988e-06
25276,SE,14,1.3621001092988e-06
14636,SE,13,1.26480724434889e-06
16940,SE,13,1.26480724434889e-06
18332,SE,13,1.26480724434889e-06
18325,SE,13,1.26480724434889e-06
19720,SE,13,1.26480724434889e-06
20185,SE,13,1.26480724434889e-06
23418,SE,13,1.26480724434889e-06
13710,SE,12,1.16751437939898e-06
13697,SE,12,1.16751437939898e-06
16015,SE,12,1.16751437939898e-06
16012,SE,12,1.16751437939898e-06
16487,SE,12,1.16751437939898e-06
17412,SE,12,1.16751437939898e-06
17853,SE,12,1.16751437939898e-06
12776,SE,11,1.07022151444906e-06
13712,SE,11,1.07022151444906e-06
16477,SE,11,1.07022151444906e-06
16955,SE,11,1.07022151444906e-06
16941,SE,11,1.07022151444906e-06
17398,SE,11,1.07022151444906e-06
18339,SE,11,1.07022151444906e-06
18782,SE,11,1.07022151444906e-06
19252,SE,11,1.07022151444906e-06
19713,SE,11,1.07022151444906e-06
20648,SE,11,1.07022151444906e-06
22024,SE,11,1.07022151444906e-06
24805,SE,11,1.07022151444906e-06
25732,SE,11,1.07022151444906e-06
15098,SE,10,9.72928649499146e-07
15570,SE,10,9.72928649499146e-07
16479,SE,10,9.72928649499146e-07
16937,SE,10,9.72928649499146e-07
19710,SE,10,9.72928649499146e-07
20647,SE,10,9.72928649499146e-07
21559,SE,10,9.72928649499146e-07
27592,SE,10,9.72928649499146e-07
13245,SE,9,8.75635784549231e-07
16473,SE,9,8.75635784549231e-07
16952,SE,9,8.75635784549231e-07
17407,SE,9,8.75635784549231e-07
17873,SE,9,8.75635784549231e-07
24806,SE,9,8.75635784549231e-07
25736,SE,9,8.75635784549231e-07
26204,SE,9,8.75635784549231e-07
26201,SE,9,8.75635784549231e-07
26665,SE,9,8.75635784549231e-07
20640,SE,8,7.78342919599317e-07
21117,SE,8,7.78342919599317e-07
15091,SE,7,6.81050054649402e-07
15554,SE,7,6.81050054649402e-07
17413,SE,7,6.81050054649402e-07
17868,SE,7,6.81050054649402e-07
17391,SE,7,6.81050054649402e-07
23879,SE,7,6.81050054649402e-07
14628,SE,6,5.83757189699488e-07
15092,SE,6,5.83757189699488e-07
16936,SE,6,5.83757189699488e-07
16938,SE,6,5.83757189699488e-07
17864,SE,6,5.83757189699488e-07
17857,SE,6,5.83757189699488e-07
20638,SE,6,5.83757189699488e-07
21558,SE,6,5.83757189699488e-07
26205,SE,6,5.83757189699488e-07
26661,SE,6,5.83757189699488e-07
13709,SE,5,4.86464324749573e-07
14630,SE,5,4.86464324749573e-07
17389,SE,5,4.86464324749573e-07
18323,SE,5,4.86464324749573e-07
19708,SE,5,4.86464324749573e-07
20174,SE,5,4.86464324749573e-07
21100,SE,5,4.86464324749573e-07
25273,SE,5,4.86464324749573e-07
26660,SE,5,4.86464324749573e-07
12311,SE,4,3.89171459799658e-07
14626,SE,4,3.89171459799658e-07
16021,SE,4,3.89171459799658e-07
16953,SE,4,3.89171459799658e-07
16939,SE,4,3.89171459799658e-07
17404,SE,4,3.89171459799658e-07
18781,SE,4,3.89171459799658e-07
19245,SE,4,3.89171459799658e-07
25274,SE,4,3.89171459799658e-07
26207,SE,4,3.89171459799658e-07
15087,SE,3,2.91878594849744e-07
17858,SE,3,2.91878594849744e-07
21574,SE,3,2.91878594849744e-07
29441,SE,3,2.91878594849744e-07
12777,SE,2,1.94585729899829e-07
14170,SE,2,1.94585729899829e-07
14167,SE,2,1.94585729899829e-07
14641,SE,2,1.94585729899829e-07
14629,SE,2,1.94585729899829e-07
15086,SE,2,1.94585729899829e-07
15566,SE,2,1.94585729899829e-07
16013,SE,2,1.94585729899829e-07
16954,SE,2,1.94585729899829e-07
16467,SE,2,1.94585729899829e-07
16947,SE,2,1.94585729899829e-07
17405,SE,2,1.94585729899829e-07
17869,SE,2,1.94585729899829e-07
19709,SE,2,1.94585729899829e-07
19706,SE,2,1.94585729899829e-07
21556,SE,2,1.94585729899829e-07
22949,SE,2,1.94585729899829e-07
23416,SE,2,1.94585729899829e-07
24340,SE,2,1.94585729899829e-07
25272,SE,2,1.94585729899829e-07
25739,SE,2,1.94585729899829e-07
27129,SE,2,1.94585729899829e-07
27127,SE,2,1.94585729899829e-07
54509,SI,283673,0.13488204899485
54508,SI,221513,0.105325946843712
53585,SI,148858,0.0707796372910901
55434,SI,94089,0.0447378393709533
54047,SI,85518,0.0406624637027196
54512,SI,70916,0.0337194424091076
54511,SI,64117,0.0304866248652596
54975,SI,63922,0.0303939054328357
54049,SI,63750,0.0303121221385951
53587,SI,61030,0.0290188049273484
54050,SI,58888,0.0280003176234916
54043,SI,56859,0.0270355600420138
54973,SI,53729,0.0255472942805424
54048,SI,52112,0.024778436217827
54969,SI,47699,0.0226801241394329
54044,SI,45505,0.0216369116535964
54972,SI,41203,0.0195913783290437
54510,SI,40939,0.0194658504820697
53586,SI,40272,0.019148702474753
54976,SI,35192,0.0167332423890422
54971,SI,33338,0.0158516945546115
54970,SI,32389,0.0154004599834817
54507,SI,31775,0.0151085126424135
53583,SI,29707,0.0141252111744509
54974,SI,27983,0.0133054762949695
54513,SI,27952,0.0132907362826355
54977,SI,27118,0.0128941824024223
53588,SI,26564,0.0126307641174846
53582,SI,22241,0.0105752456232862
54051,SI,21558,0.010250489867668
55435,SI,20376,0.00968846746189826
54046,SI,19313,0.00918302768412059
55439,SI,18708,0.00889535970147196
54505,SI,18065,0.00858962331660738
55438,SI,16864,0.00801856670972969
53584,SI,12162,0.00578283967764069
54042,SI,12081,0.00574432545186459
53123,SI,11312,0.00537867804912608
55440,SI,9370,0.00445528759903743
54506,SI,9243,0.00439490109689466
55437,SI,8340,0.0039655388021315
55436,SI,7722,0.00367168952398794
54045,SI,6818,0.00324185174495594
55897,SI,6743,0.00320619042479289
54041,SI,4663,0.00221718314560422
55898,SI,2153,0.00102371763081404
55903,SI,1736,0.000825440690707468
54052,SI,1616,0.000768382578446583
53124,SI,1611,0.00076600515710238
54040,SI,982,0.000466925552001575
55904,SI,785,0.000373255151039955
53589,SI,705,0.000335216409532699
55902,SI,385,0.000183061443503672
55900,SI,303,0.000144071733458734
54514,SI,286,0.000135988500888442
54504,SI,220,0.000104606539144956
53122,SI,86,4.08916471203009e-05
55899,SI,49,2.32987291731947e-05
53577,SI,13,6.1812954949292e-06
50807,SK,470574,0.086316042023891
49896,SK,149864,0.0274891246049897
49419,SK,139705,0.0256256883103352
48958,SK,132618,0.0243257401835299
48964,SK,127841,0.0234495087454391
50345,SK,127687,0.0234212609661914
50347,SK,124678,0.0228693287080346
49895,SK,123397,0.0226343585442929
50808,SK,121497,0.0222858469821467
49887,SK,117647,0.0215796525009557
48957,SK,115166,0.0211245697716479
48956,SK,100055,0.0183528022897577
51275,SK,98466,0.0180613365675206
49434,SK,97448,0.0178746077410654
49432,SK,91192,0.0167270875659145
48967,SK,89273,0.0163750908881469
48494,SK,82787,0.0151853824712625
50344,SK,79351,0.0145551268251917
49429,SK,78096,0.0143249257670373
48960,SK,77215,0.0141633264584842
49421,SK,76141,0.0139663257123026
50346,SK,75943,0.0139300071389842
50809,SK,71441,0.0131042181638357
49884,SK,70374,0.0129085014076199
49883,SK,69720,0.0127885400593864
49882,SK,67401,0.01236317252643
50810,SK,65455,0.0120062233159371
49433,SK,63355,0.0116210263261965
50813,SK,60396,0.0110782654249383
49897,SK,60375,0.0110744134550409
49886,SK,56920,0.0104406726933487
50811,SK,56383,0.0103421723202579
50343,SK,55341,0.0101510412424914
48961,SK,55161,0.0101180243576565
48968,SK,54277,0.00995587476768953
50353,SK,53952,0.00989626094784873
48496,SK,52126,0.00956132299391242
49430,SK,49929,0.00915833357178861
49431,SK,48666,0.00892666509653037
48493,SK,48480,0.00889254764886763
49418,SK,47878,0.00878212451180867
48504,SK,44143,0.0080970241514844
51273,SK,42941,0.00787654473164243
50348,SK,42853,0.00786040314350092
49435,SK,41552,0.00762176443699975
50355,SK,41516,0.00761516106003277
49880,SK,41222,0.00756123348146909
49881,SK,39619,0.00726719977930047
50349,SK,39079,0.00716814912479575
49879,SK,37309,0.00684348309058586
51274,SK,37306,0.00684293280917194
48497,SK,37178,0.00681945413551157
49898,SK,36586,0.00671086526983233
50354,SK,35833,0.00657274463493964
48501,SK,35252,0.00646617346777809
49899,SK,34756,0.00637519360734413
50812,SK,34515,0.00633098766709295
49415,SK,34118,0.00625816709331819
48969,SK,33794,0.00619873670061536
49888,SK,33477,0.00614059029787834
49423,SK,33358,0.0061187624684597
51276,SK,32166,0.00590011731999745
48966,SK,32160,0.00589901675716962
49894,SK,31868,0.00584545603288188
49425,SK,31792,0.00583151557039603
51277,SK,30841,0.00565707636218495
49893,SK,29399,0.00539257442922978
50816,SK,27583,0.00505947074667318
48965,SK,27322,0.00501159626366257
49891,SK,27163,0.00498243134872507
49428,SK,25523,0.0046816108424515
49885,SK,25129,0.00460934055009065
49422,SK,24337,0.00446406625681707
48963,SK,23791,0.00436391503948453
50814,SK,22690,0.00416196176057769
50362,SK,22621,0.00414930528805765
49892,SK,22461,0.00411995694598218
49417,SK,21952,0.00402659253275458
50350,SK,21575,0.00395744050173926
48959,SK,21519,0.00394716858201284
50351,SK,19726,0.0036182837236296
49890,SK,19285,0.00353739235578408
48505,SK,19221,0.00352565301895389
49424,SK,19089,0.00350144063674163
50356,SK,18816,0.00345136502807536
50806,SK,17861,0.00327619211131239
50342,SK,17843,0.0032728904228289
48503,SK,15903,0.00291704177516382
49420,SK,15704,0.00288053977470745
48955,SK,15206,0.00278919305999755
50363,SK,13358,0.00245021970902586
48495,SK,13034,0.00239078931632303
49889,SK,12665,0.00232310470241148
48970,SK,12663,0.00232273784813554
49426,SK,12627,0.00231613447116856
48500,SK,12356,0.00226642571677823
49427,SK,11990,0.00219929138428059
50815,SK,11503,0.00210996236808837
48962,SK,10656,0.00195459958222635
50818,SK,9865,0.00180950871609074
48506,SK,8900,0.00163250152794806
48502,SK,8545,0.00156738489396811
49878,SK,7239,0.00132782905177708
51272,SK,6241,0.00114476876808133
50361,SK,6239,0.00114440191380539
49436,SK,5806,0.00106497796306364
48032,SK,5685,0.00104278327936907
49416,SK,5213,0.000956205670246431
50352,SK,5030,0.000922638503997611
48971,SK,5010,0.000918969961238177
48492,SK,4659,0.000854587035810113
48030,SK,4146,0.000760488914030635
51278,SK,3280,0.00060164101254715
48498,SK,2317,0.000425000678680411
50819,SK,1821,0.000334020818246451
49900,SK,1818,0.000333470536832536
48033,SK,1732,0.000317695802966971
50817,SK,1717,0.000314944395897395
48972,SK,1004,0.000184160846523579
51739,SK,921,0.000168936394071928
51740,SK,903,0.000165634705588438
51738,SK,576,0.000105654031471695
48499,SK,505,9.26307046757045e-05
48973,SK,251,4.60402116308947e-05
48491,SK,168,3.08157591792443e-05
48954,SK,73,1.33901810719335e-05
48507,SK,16,2.93483420754707e-06
39107,UK,170,0.159325210871603
39573,UK,136,0.127460168697282
39576,UK,126,0.118088097469541
38643,UK,114,0.106841611996251
38181,UK,103,0.0965323336457357
39577,UK,89,0.0834114339268978
39574,UK,75,0.07029053420806
37717,UK,70,0.0656044985941893
39111,UK,50,0.0468603561387067
39110,UK,37,0.0346766635426429
38644,UK,35,0.0328022492970947
39575,UK,25,0.0234301780693533
39106,UK,22,0.0206185567010309
39572,UK,15,0.014058106841612
