country_id,eurostat_geo,country_name,fuel,year,energy_ktoe,ln_energy,population,ln_population,ln_energy_pc,price,ln_price,hdd_octmar,hdd_calendar,cdd_jja
AUT,AT,Austria,Electricity,1990,1021.324,6.92885510376942,7644818,15.8495385906525,-8.92068348688309,,,2558.73,3461.89,73.66
AUT,AT,Austria,Electricity,1991,1083.663,6.98810224805579,7710882,15.8581431358838,-8.87004088782806,,,2829.77,3834.29,61.38
AUT,AT,Austria,Electricity,1992,1098.194,7.00142229134414,7798899,15.8694931278505,-8.86807083650638,,,2821.47,3456.48,134.67
AUT,AT,Austria,Electricity,1993,1129.923,7.02990476779172,7882519,15.8801580808012,-8.85025331300952,,,2873.32,3654.86,74.05
AUT,AT,Austria,Electricity,1994,1115.993,7.01749987052015,7928746,15.886005447437,-8.86850557691682,,,2655.48,3252.32,131.22
AUT,AT,Austria,Electricity,1995,1168.616,7.06357542162339,7943489,15.8878631573612,-8.82428773573786,,,2667.7,3625.48,83.09
AUT,AT,Austria,Electricity,1996,1220.894,7.10733865625533,7953067,15.8890681983977,-8.78172954214236,0.1272,-2.06199462807612,3119.44,4010.55,48.36
AUT,AT,Austria,Electricity,1997,1193.809,7.08490431465738,7964966,15.8905632326417,-8.80565891798434,0.1258,-2.0730619347158,2779.3,3605.97,49.35
AUT,AT,Austria,Electricity,1998,1199.14,7.08935991218111,7971116,15.8913350660579,-8.8019751538768,0.12495,-2.07984162170118,2656.19,3499.23,97.85
AUT,AT,Austria,Electricity,1999,1257.61,7.13696837329727,7982461,15.8927573178717,-8.75578894457443,0.1262,-2.06988732887502,2861.59,3472.29,54.82
AUT,AT,Austria,Electricity,2000,1286.5,7.1596806317218,8002186,15.8952253123181,-8.73554468059633,0.12745,-2.06003114816001,2800.67,3239.04,98.56
AUT,AT,Austria,Electricity,2001,1393.723,7.23973386282348,8020946,15.8975669279988,-8.65783306517528,0.1324,-2.02192763547923,2500.15,3539.45,87.67
AUT,AT,Austria,Electricity,2002,1438.521,7.27137078142519,8063640,15.9028756254396,-8.63150484401443,0.1348,-2.00396308050393,2635.65,3280.56,95
AUT,AT,Austria,Electricity,2003,1485.383,7.30342793044101,8100273,15.9074083227784,-8.6039803923374,0.13475,-2.00433406919303,2839.78,3563.93,169.76
AUT,AT,Austria,Electricity,2004,1471.969,7.29435623928445,8142573,15.9126167813978,-8.61826054211338,0.1422,-1.950520761613,2895.34,3610.44,69
AUT,AT,Austria,Electricity,2005,1411.666,7.25252584616292,8201359,15.9198104302098,-8.6672845840469,0.1402,-1.96468530438165,2855.56,3720.69,64.87
AUT,AT,Austria,Electricity,2006,1413.728,7.25398546585921,8254298,15.9262445923502,-8.67225912649103,0.13895,-1.97364112279362,3071.64,3532.79,106.97
AUT,AT,Austria,Electricity,2007,1417.359,7.25655055975488,8282984,15.9297138479113,-8.67316328815639,0.174,-1.74869997976761,2274.92,3258.29,113.6
AUT,AT,Austria,Electricity,2008,1428.793,7.26458531089411,8307989,15.9327281399522,-8.66814282905812,0.17755,-1.72850301959304,2738.88,3318.02,80.93
AUT,AT,Austria,Electricity,2009,1481.794,7.30100879484492,8335003,15.935974434095,-8.63496563925006,0.1909,-1.65600554825044,2794.24,3435.05,81.78
AUT,AT,Austria,Electricity,2010,1518.271,7.32532746639617,8351643,15.9379688439381,-8.61264137754195,0.19485,-1.63552524719742,2869.82,3788.73,101.53
AUT,AT,Austria,Electricity,2011,1485.266,7.30334915977503,8375164,15.9407812175732,-8.6374320577982,0.19755,-1.62176356212474,2863.06,3341.99,88.26
AUT,AT,Austria,Electricity,2012,1508.282,7.31872653373761,8408121,15.9447085824915,-8.62598204875391,0.19995,-1.60968794368931,2761.12,3451.8,125.92
AUT,AT,Austria,Electricity,2013,1517.555,7.32485576609894,8451860,15.9498970934541,-8.62504132735513,0.205,-1.58474529984373,2856.18,3539.15,134.66
AUT,AT,Austria,Electricity,2014,1445.877,7.27647133686005,8507786,15.9564923021886,-8.68002096532851,0.2004,-1.60743990977143,2432.84,3019.47,72.96
AUT,AT,Austria,Electricity,2015,1480.249,7.2999655958501,8584926,15.9655184325911,-8.66555283674097,0.1996,-1.61143991510477,2460.88,3186.5,177.49
AUT,AT,Austria,Electricity,2016,1533.864,7.33554532089132,8700471,15.9788877200904,-8.64334239919912,0.2022,-1.59849797239577,2460.22,3317.31,90.43
AUT,AT,Austria,Electricity,2017,1547.568,7.34443994543502,8772865,15.9871739928695,-8.64273404743446,0.1964,-1.62760188306177,2736.91,3380.67,147.1
AUT,AT,Austria,Electricity,2018,1542.786,7.34134515188274,8822267,15.992789424435,-8.65144427255228,0.1989,-1.61495309312221,2738.72,3117.51,144.4
AUT,AT,Austria,Electricity,2019,1586.985,7.3695912686859,8858775,15.9969190511712,-8.6273277824853,0.2054,-1.58279598148768,2468.04,3120.6,160.09
AUT,AT,Austria,Electricity,2020,1757.162,7.4714552865548,8901064,16.0016813781186,-8.53022609156377,0.2139,-1.54224666289378,2409.27,3186.92,95.4
AUT,AT,Austria,Electricity,2021,1894.03,7.54646211311372,8932664,16.0052252286328,-8.45876311551908,0.22505,-1.4914326792432,2642.91,3492.03,116.86
AUT,AT,Austria,Electricity,2022,1818.532,7.50578486119276,8978929,16.0103911681323,-8.50460630693958,0.23095,-1.46555404210552,2586.15,3107.25,143.23
AUT,AT,Austria,Electricity,2023,1929.29,7.56490733856842,9104772,16.0243092296442,-8.45940189107573,0.27005,-1.30914815194324,2386.98,3036.44,132.65
AUT,AT,Austria,Electricity,2024,1878.914,7.53844922933995,9158750,16.0302202644563,-8.49177103511636,0.2584,-1.35324650707369,2233.99,2897.6,172.85
AUT,AT,Austria,Natural gas,1990,796.26,6.67992576567721,7644818,15.8495385906525,-9.16961282497529,,,2558.73,3461.89,73.66
AUT,AT,Austria,Natural gas,1991,951.01,6.85752457773721,7710882,15.8581431358838,-9.00061855814663,,,2829.77,3834.29,61.38
AUT,AT,Austria,Natural gas,1992,926.44,6.83134928377951,7798899,15.8694931278505,-9.03814384407101,,,2821.47,3456.48,134.67
AUT,AT,Austria,Natural gas,1993,1011.93,6.91961467749458,7882519,15.8801580808012,-8.96054340330666,,,2873.32,3654.86,74.05
AUT,AT,Austria,Natural gas,1994,959.566,6.86648109890807,7928746,15.886005447437,-9.01952434852891,,,2655.48,3252.32,131.22
AUT,AT,Austria,Natural gas,1995,1031.449,6.9387198887296,7943489,15.8878631573612,-8.94914326863164,,,2667.7,3625.48,83.09
AUT,AT,Austria,Natural gas,1996,1160.275,7.05641232496952,7953067,15.8890681983977,-8.83265587342817,,,3119.44,4010.55,48.36
AUT,AT,Austria,Natural gas,1997,1158.813,7.05515148433417,7964966,15.8905632326417,-8.83541174830755,,,2779.3,3605.97,49.35
AUT,AT,Austria,Natural gas,1998,1226.913,7.11225653755158,7971116,15.8913350660579,-8.77907852850632,,,2656.19,3499.23,97.85
AUT,AT,Austria,Natural gas,1999,1215.972,7.10329903594521,7982461,15.8927573178717,-8.78945828192649,,,2861.59,3472.29,54.82
AUT,AT,Austria,Natural gas,2000,1134.308,7.03377805234803,8002186,15.8952253123181,-8.8614472599701,,,2800.67,3239.04,98.56
AUT,AT,Austria,Natural gas,2001,1268.422,7.14552888719999,8020946,15.8975669279988,-8.75203804079877,,,2500.15,3539.45,87.67
AUT,AT,Austria,Natural gas,2002,1185.942,7.07829267448325,8063640,15.9028756254396,-8.82458295095637,,,2635.65,3280.56,95
AUT,AT,Austria,Natural gas,2003,1252.837,7.13316585864461,8100273,15.9074083227784,-8.7742424641338,,,2839.78,3563.93,169.76
AUT,AT,Austria,Natural gas,2004,1222.764,7.10886914895523,8142573,15.9126167813978,-8.8037476324426,17.14,2.84141491316963,2895.34,3610.44,69
AUT,AT,Austria,Natural gas,2005,1569.523,7.35852703052315,8201359,15.9198104302098,-8.56128339968666,17.32,2.85186190313429,2855.56,3720.69,64.87
AUT,AT,Austria,Natural gas,2006,1516.431,7.32411482658806,8254298,15.9262445923502,-8.60212976576217,19.49,2.96990151351947,3071.64,3532.79,106.97
AUT,AT,Austria,Natural gas,2007,1375.61,7.22665254808679,8282984,15.9297138479113,-8.70306129982447,16.95,2.83026783382646,2274.92,3258.29,113.6
AUT,AT,Austria,Natural gas,2008,1413,7.25347038268453,8307989,15.9327281399522,-8.6792577572677,16.69,2.81480973767374,2738.88,3318.02,80.93
AUT,AT,Austria,Natural gas,2009,1442.274,7.27397631366417,8335003,15.935974434095,-8.66199812043081,17.63,2.86960199640978,2794.24,3435.05,81.78
AUT,AT,Austria,Natural gas,2010,1563.7,7.35481008684947,8351643,15.9379688439381,-8.58315875708866,17,2.83321334405622,2869.82,3788.73,101.53
AUT,AT,Austria,Natural gas,2011,1389.56,7.23674242925065,8375164,15.9407812175732,-8.70403878832259,19.66,2.97858611471902,2863.06,3341.99,88.26
AUT,AT,Austria,Natural gas,2012,1414.45,7.25449604193729,8408121,15.9447085824915,-8.69021254055422,21.125,3.05045717324324,2761.12,3451.8,125.92
AUT,AT,Austria,Natural gas,2013,1429.039,7.26475746936991,8451860,15.9498970934541,-8.68513962408416,21.14,3.05116698044209,2856.18,3539.15,134.66
AUT,AT,Austria,Natural gas,2014,1251.537,7.13212767495738,8507786,15.9564923021886,-8.82436462723118,20.53,3.02188723103084,2432.84,3019.47,72.96
AUT,AT,Austria,Natural gas,2015,1357.578,7.21345750872095,8584926,15.9655184325911,-8.75206092387012,20.015,2.99648199244454,2460.88,3186.5,177.49
AUT,AT,Austria,Natural gas,2016,1500.408,7.31349235010501,8700471,15.9788877200904,-8.66539536998543,18.94,2.94127608775793,2460.22,3317.31,90.43
AUT,AT,Austria,Natural gas,2017,1468.812,7.29220918976749,8772865,15.9871739928695,-8.69496480310198,19.0555,2.94735577381363,2736.91,3380.67,147.1
AUT,AT,Austria,Natural gas,2018,1344.24,7.20358407656969,8822267,15.992789424435,-8.78920534786533,19.03085,2.94606134662689,2738.72,3117.51,144.4
AUT,AT,Austria,Natural gas,2019,1426.372,7.26288943651891,8858775,15.9969190511712,-8.73402961465229,18.53335,2.9195718118686,2468.04,3120.6,160.09
AUT,AT,Austria,Natural gas,2020,1439.275,7.27189479356313,8901064,16.0016813781186,-8.72978658455544,18.1081,2.89635935197949,2409.27,3186.92,95.4
AUT,AT,Austria,Natural gas,2021,1562.29,7.35390797257807,8932664,16.0052252286328,-8.65131725605473,18.4845,2.91693254306415,2642.91,3492.03,116.86
AUT,AT,Austria,Natural gas,2022,1298.999,7.16934924684736,8978929,16.0103911681323,-8.84104192128497,27.8021,3.32511155741197,2586.15,3107.25,143.23
AUT,AT,Austria,Natural gas,2023,1180.186,7.07342733215651,9104772,16.0243092296442,-8.95088189748764,42.18085,3.74196632657826,2386.98,3036.44,132.65
AUT,AT,Austria,Natural gas,2024,1088.842,6.99287002517079,9158750,16.0302202644563,-9.03735023928552,36.3404,3.5929300700621,2233.99,2897.6,172.85
AUT,AT,Austria,Total,1990,5881.122,8.67950283901608,7644818,15.8495385906525,-7.17003575163642,,,2558.73,3461.89,73.66
AUT,AT,Austria,Total,1991,6531.442,8.78438302484432,7710882,15.8581431358838,-7.07376011103953,,,2829.77,3834.29,61.38
AUT,AT,Austria,Total,1992,6164.417,8.72654884502784,7798899,15.8694931278505,-7.14294428282268,,,2821.47,3456.48,134.67
AUT,AT,Austria,Total,1993,6274.606,8.74426597318406,7882519,15.8801580808012,-7.13589210761718,,,2873.32,3654.86,74.05
AUT,AT,Austria,Total,1994,5917.381,8.68564923134225,7928746,15.886005447437,-7.20035621609473,,,2655.48,3252.32,131.22
AUT,AT,Austria,Total,1995,6322.048,8.75179848528075,7943489,15.8878631573612,-7.1360646720805,,,2667.7,3625.48,83.09
AUT,AT,Austria,Total,1996,6961.087,8.84809091929485,7953067,15.8890681983977,-7.04097727910284,,,3119.44,4010.55,48.36
AUT,AT,Austria,Total,1997,6272.585,8.74394382936439,7964966,15.8905632326417,-7.14661940327733,,,2779.3,3605.97,49.35
AUT,AT,Austria,Total,1998,6379.629,8.76086522417781,7971116,15.8913350660579,-7.13046984188009,,,2656.19,3499.23,97.85
AUT,AT,Austria,Total,1999,6547.373,8.78681917947744,7982461,15.8927573178717,-7.10593813839425,,,2861.59,3472.29,54.82
AUT,AT,Austria,Total,2000,6348.279,8.75593903153115,8002186,15.8952253123181,-7.13928628078698,,,2800.67,3239.04,98.56
AUT,AT,Austria,Total,2001,6692.112,8.80868479836834,8020946,15.8975669279988,-7.08888212963042,,,2500.15,3539.45,87.67
AUT,AT,Austria,Total,2002,6435.814,8.76963360775681,8063640,15.9028756254396,-7.13324201768281,,,2635.65,3280.56,95
AUT,AT,Austria,Total,2003,6562.525,8.78913071641643,8100273,15.9074083227784,-7.11827760636198,,,2839.78,3563.93,169.76
AUT,AT,Austria,Total,2004,6431.332,8.76893694974403,8142573,15.9126167813978,-7.1436798316538,,,2895.34,3610.44,69
AUT,AT,Austria,Total,2005,6579.722,8.79174777418672,8201359,15.9198104302098,-7.1280626560231,,,2855.56,3720.69,64.87
AUT,AT,Austria,Total,2006,6513.102,8.78157111940949,8254298,15.9262445923502,-7.14467347294075,,,3071.64,3532.79,106.97
AUT,AT,Austria,Total,2007,6266.402,8.7429576252155,8282984,15.9297138479113,-7.18675622269577,,,2274.92,3258.29,113.6
AUT,AT,Austria,Total,2008,6391.879,8.76278355735455,8307989,15.9327281399522,-7.16994458259768,,,2738.88,3318.02,80.93
AUT,AT,Austria,Total,2009,6482.555,8.77687000175785,8335003,15.935974434095,-7.15910443233713,,,2794.24,3435.05,81.78
AUT,AT,Austria,Total,2010,7058.518,8.86199039343788,8351643,15.9379688439381,-7.07597845050024,,,2869.82,3788.73,101.53
AUT,AT,Austria,Total,2011,6551.505,8.78745007322835,8375164,15.9407812175732,-7.15333114434488,,,2863.06,3341.99,88.26
AUT,AT,Austria,Total,2012,6677.819,8.80654671621295,8408121,15.9447085824915,-7.13816186627856,,,2761.12,3451.8,125.92
AUT,AT,Austria,Total,2013,6911.132,8.84088872389452,8451860,15.9498970934541,-7.10900836955954,,,2856.18,3539.15,134.66
AUT,AT,Austria,Total,2014,6239.87,8.73871462781312,8507786,15.9564923021886,-7.21777767437544,,,2432.84,3019.47,72.96
AUT,AT,Austria,Total,2015,6631.937,8.79965219737315,8584926,15.9655184325911,-7.16586623521792,,,2460.88,3186.5,177.49
AUT,AT,Austria,Total,2016,6919.098,8.84204069329502,8700471,15.9788877200904,-7.13684702679542,,,2460.22,3317.31,90.43
AUT,AT,Austria,Total,2017,6955.601,8.84730251327695,8772865,15.9871739928695,-7.13987147959252,,,2736.91,3380.67,147.1
AUT,AT,Austria,Total,2018,6531.091,8.78432928335328,8822267,15.992789424435,-7.20846014108173,,,2738.72,3117.51,144.4
AUT,AT,Austria,Total,2019,6687.86,8.80804922153109,8858775,15.9969190511712,-7.18886982964011,,,2468.04,3120.6,160.09
AUT,AT,Austria,Total,2020,7033.251,8.85840432456639,8901064,16.0016813781186,-7.14327705355217,,,2409.27,3186.92,95.4
AUT,AT,Austria,Total,2021,7811.649,8.96337136011157,8932664,16.0052252286328,-7.04185386852122,,,2642.91,3492.03,116.86
AUT,AT,Austria,Total,2022,7108.457,8.86904048096131,8978929,16.0103911681323,-7.14135068717103,,,2586.15,3107.25,143.23
AUT,AT,Austria,Total,2023,7270.904,8.89163590942715,9104772,16.0243092296442,-7.132673320217,,,2386.98,3036.44,132.65
AUT,AT,Austria,Total,2024,6932.267,8.84394216711624,9158750,16.0302202644563,-7.18627809734007,,,2233.99,2897.6,172.85
BEL,BE,Belgium,Electricity,1990,1583.319,7.36727855568802,9947782,16.1128601697128,-8.74558161402474,0.1264,-2.06830379726938,1966.82,2817.52,67.85
BEL,BE,Belgium,Electricity,1991,1710.834,7.44473624989855,9986975,16.1167923019679,-8.67205605206936,0.1266,-2.06672276927206,2271.31,3205.16,39.47
BEL,BE,Belgium,Electricity,1992,1740.757,7.46207535506978,10021997,16.1202929351603,-8.65821758009054,0.13,-2.04022082852655,2310.16,2956.76,39.73
BEL,BE,Belgium,Electricity,1993,1813.414,7.50296653548656,10068319,16.1249043192805,-8.62193778379394,0.1392,-1.97184353108182,2299.35,3060.16,21.86
BEL,BE,Belgium,Electricity,1994,1836.457,7.5155934508827,10100631,16.1281084551075,-8.61251500422482,0.14295,-1.94526036021382,2320.5,2794.6,88.01
BEL,BE,Belgium,Electricity,1995,1901.032,7.55015217559241,10130574,16.1310685379957,-8.58091636240325,0.15095,-1.89080662282929,2035.05,2904.33,106.72
BEL,BE,Belgium,Electricity,1996,1997.334,7.59956857030726,10143047,16.132299004085,-8.53273043377769,0.1504,-1.8944568674664,2483.19,3456.1,41.09
BEL,BE,Belgium,Electricity,1997,1971.883,7.58674420277365,10170226,16.1349749900001,-8.54823078722641,0.1455,-1.92757919237059,2348.43,2937.09,63.97
BEL,BE,Belgium,Electricity,1998,2011.006,7.60639037335846,10192264,16.1371395591274,-8.53074918576892,0.1457,-1.92620556578098,2114.99,2928.15,32.81
BEL,BE,Belgium,Electricity,1999,2019.089,7.61040169856962,10213752,16.1392456054955,-8.52884390692588,0.1443,-1.93586081320231,2256.27,2668.06,49.95
BEL,BE,Belgium,Electricity,2000,2041.101,7.62124464713178,10239085,16.1417228181145,-8.52047817098267,0.1431,-1.94421159241973,2147.97,2681.58,28.7
BEL,BE,Belgium,Electricity,2001,2097.678,7.64858629767277,10263414,16.1440960908964,-8.49550979322363,0.14505,-1.93067676841472,2105.73,2891.37,61.57
BEL,BE,Belgium,Electricity,2002,2228.805,7.70922084638268,10309725,16.1485981825045,-8.43937733612185,0.13775,-1.98231483094911,2009.96,2659.22,44.05
BEL,BE,Belgium,Electricity,2003,2237.833,7.71326326589104,10355844,16.1530615560089,-8.4397982901179,0.13775,-1.98231483094911,2199.78,2891.52,100.41
BEL,BE,Belgium,Electricity,2004,1659.991,7.41456745964914,10396421,16.1569721702683,-8.74240471061917,0.1431,-1.94421159241973,2252.33,2828.23,48.16
BEL,BE,Belgium,Electricity,2005,1635.125,7.39947453300839,10445852,16.1617155197754,-8.762240986767,0.1455,-1.92757919237059,2195.43,2744.97,61.54
BEL,BE,Belgium,Electricity,2006,1662.27,7.41593941709468,10511382,16.167969228024,-8.75202981092932,0.1455,-1.92757919237059,2271.81,2685.36,103.71
BEL,BE,Belgium,Electricity,2007,1651.255,7.40929088384104,10584534,16.1749044370189,-8.7656135531779,0.1683,-1.78200717778538,1730.15,2505.16,25.14
BEL,BE,Belgium,Electricity,2008,1677.868,7.42527921885542,10666866,16.1826528594213,-8.75737364056586,0.2062,-1.57890870739928,2113.43,2847.64,30.07
BEL,BE,Belgium,Electricity,2009,1678.917,7.42590422166862,10753080,16.1907027831292,-8.76479856146062,0.189,-1.66600826392249,2411.54,2855.4,55.55
BEL,BE,Belgium,Electricity,2010,1701.66,7.43935952419526,10839905,16.1987447900997,-8.75938526590447,0.19665,-1.62632978010432,2332.34,3308.72,66.36
BEL,BE,Belgium,Electricity,2011,1630.894,7.39688360970583,11000638,16.2134638290807,-8.81658021937488,0.21275,-1.54763751152865,2338.14,2572.21,27.47
BEL,BE,Belgium,Electricity,2012,1650.301,7.40871297449977,11075889,16.2202811415543,-8.81156816705453,0.2275,-1.48060504059113,2095.44,2949.65,44.62
BEL,BE,Belgium,Electricity,2013,1654.136,7.41103409711266,11137974,16.2258709087782,-8.81483681166549,0.2194,-1.51685873114101,2411.55,3157.15,66.02
BEL,BE,Belgium,Electricity,2014,1572.227,7.36024836459981,11180840,16.229712157037,-8.86946379243715,0.207,-1.57503648571677,1929.76,2480.8,41.64
BEL,BE,Belgium,Electricity,2015,1561.281,7.35326191712737,11237274,16.2347468463251,-8.8814849291977,0.2239,-1.49655575537743,2092.01,2725.75,85.29
BEL,BE,Belgium,Electricity,2016,1549.175,7.34547781014917,11311117,16.241296605373,-8.89581879522386,0.26445,-1.33010308147015,1941.82,2837.88,54.95
BEL,BE,Belgium,Electricity,2017,1516.311,7.32403569028167,11351727,16.2448804489071,-8.92084475862538,0.2867,-1.24931890609281,2181.86,2714.69,70.96
BEL,BE,Belgium,Electricity,2018,1498.34,7.31211310761592,11398589,16.2490001337745,-8.9368870261586,0.288,-1.24479479884619,2169.83,2681.85,125.92
BEL,BE,Belgium,Electricity,2019,1480.782,7.30032560559384,11455519,16.2539821805693,-8.95365657497542,0.28495,-1.25544155270113,2007.42,2688.08,105.51
BEL,BE,Belgium,Electricity,2020,1505.537,7.31690492417243,11522440,16.2598069963599,-8.94290207218752,0.2747,-1.29207568588091,1948.98,2495.31,97.82
BEL,BE,Belgium,Electricity,2021,1510.499,7.32019533879407,11554767,16.2626086370563,-8.94241329826226,0.2848,-1.25596809944432,2029.44,2876.44,49.76
BEL,BE,Belgium,Electricity,2022,1392.657,7.23896871230416,11617623,16.268033727361,-9.02906501505686,0.3963,-0.925583778785748,2005.83,2537.86,129.35
BEL,BE,Belgium,Electricity,2023,1364.832,7.2187866231214,11742796,16.2787505041449,-9.05996388102349,0.4064,-0.900417382717865,1919.31,2482.96,91.34
BEL,BE,Belgium,Electricity,2024,1402.855,7.24626472479712,11817096,16.2850578544775,-9.03879312968034,0.33335,-1.09856228991807,1823.73,2475.98,75.57
BEL,BE,Belgium,Natural gas,1990,2483.32,7.81735165356357,9947782,16.1128601697128,-8.2955085161492,,,1966.82,2817.52,67.85
BEL,BE,Belgium,Natural gas,1991,2919.838,7.97928341427123,9986975,16.1167923019679,-8.13750888769668,,,2271.31,3205.16,39.47
BEL,BE,Belgium,Natural gas,1992,2878.265,7.96494296104024,10021997,16.1202929351603,-8.15534997412008,,,2310.16,2956.76,39.73
BEL,BE,Belgium,Natural gas,1993,3035.164,8.01802073827752,10068319,16.1249043192805,-8.10688358100298,,,2299.35,3060.16,21.86
BEL,BE,Belgium,Natural gas,1994,2930.134,7.98280343475375,10100631,16.1281084551075,-8.14530502035376,,,2320.5,2794.6,88.01
BEL,BE,Belgium,Natural gas,1995,3126.723,8.04774077022742,10130574,16.1310685379957,-8.08332776776824,,,2035.05,2904.33,106.72
BEL,BE,Belgium,Natural gas,1996,3665.455,8.20670775395481,10143047,16.132299004085,-7.92559125013014,,,2483.19,3456.1,41.09
BEL,BE,Belgium,Natural gas,1997,3195.83,8.06960211398209,10170226,16.1349749900001,-8.06537287601797,,,2348.43,2937.09,63.97
BEL,BE,Belgium,Natural gas,1998,3376.741,8.12466632215265,10192264,16.1371395591274,-8.01247323697472,,,2114.99,2928.15,32.81
BEL,BE,Belgium,Natural gas,1999,3273.72,8.09368223197696,10213752,16.1392456054955,-8.04556337351854,,,2256.27,2668.06,49.95
BEL,BE,Belgium,Natural gas,2000,3292.586,8.09942855324594,10239085,16.1417228181145,-8.04229426486851,,,2147.97,2681.58,28.7
BEL,BE,Belgium,Natural gas,2001,3621.97,8.19477335569233,10263414,16.1440960908964,-7.94932273520407,,,2105.73,2891.37,61.57
BEL,BE,Belgium,Natural gas,2002,3456.44,8.14799443663492,10309725,16.1485981825045,-8.00060374586961,,,2009.96,2659.22,44.05
BEL,BE,Belgium,Natural gas,2003,3598.699,8.18832767023861,10355844,16.1530615560089,-7.96473388577033,,,2199.78,2891.52,100.41
BEL,BE,Belgium,Natural gas,2004,3552.896,8.17551832455406,10396421,16.1569721702683,-7.98145384571425,,,2252.33,2828.23,48.16
BEL,BE,Belgium,Natural gas,2005,3493.804,8.1587463929557,10445852,16.1617155197754,-8.00296912681969,17.62,2.86903462050803,2195.43,2744.97,61.54
BEL,BE,Belgium,Natural gas,2006,3487.293,8.15688106952934,10511382,16.167969228024,-8.01108815849465,19.135,2.95151911887767,2271.81,2685.36,103.71
BEL,BE,Belgium,Natural gas,2007,3264.498,8.09086127797525,10584534,16.1749044370189,-8.08404315904368,13.89,2.63116915676625,1730.15,2505.16,25.14
BEL,BE,Belgium,Natural gas,2008,3480.735,8.15499875736404,10666866,16.1826528594213,-8.02765410205725,18.25,2.9041650800285,2113.43,2847.64,30.07
BEL,BE,Belgium,Natural gas,2009,3493.405,8.15863218426367,10753080,16.1907027831292,-8.03207059886557,15.575,2.74566706467352,2411.54,2855.4,55.55
BEL,BE,Belgium,Natural gas,2010,3985.656,8.2904571949913,10839905,16.1987447900997,-7.90828759510843,15.74,2.75620524298926,2332.34,3308.72,66.36
BEL,BE,Belgium,Natural gas,2011,3113.432,8.04348093370143,11000638,16.2134638290807,-8.16998289537928,18.955,2.9420677489683,2338.14,2572.21,27.47
BEL,BE,Belgium,Natural gas,2012,3469.626,8.15180208615229,11075889,16.2202811415543,-8.06847905540201,19.76,2.98365969231972,2095.44,2949.65,44.62
BEL,BE,Belgium,Natural gas,2013,3738.559,8.22645552204608,11137974,16.2258709087782,-7.99941538673208,18.435,2.91425103168611,2411.55,3157.15,66.02
BEL,BE,Belgium,Natural gas,2014,2914.752,7.97754001797836,11180840,16.229712157037,-8.25217213905859,18.165,2.89949666567317,1929.76,2480.8,41.64
BEL,BE,Belgium,Natural gas,2015,3211.42,8.07446848590961,11237274,16.2347468463251,-8.16027836041547,16.735,2.81750233466329,2092.01,2725.75,85.29
BEL,BE,Belgium,Natural gas,2016,3394.755,8.12998687244033,11311117,16.241296605373,-8.1113097329327,15.01,2.70871664564537,1941.82,2837.88,54.95
BEL,BE,Belgium,Natural gas,2017,3325.523,8.10938223395375,11351727,16.2448804489071,-8.1354982149533,14.91775,2.70255177911396,2181.86,2714.69,70.96
BEL,BE,Belgium,Natural gas,2018,3324.986,8.10922074255477,11398589,16.2490001337745,-8.13977939121975,16.1215,2.78015378485858,2169.83,2681.85,125.92
BEL,BE,Belgium,Natural gas,2019,3308.226,8.10416737303605,11455519,16.2539821805693,-8.1498148075332,15.64665,2.7502568365646,2007.42,2688.08,105.51
BEL,BE,Belgium,Natural gas,2020,3124.269,8.04695561480695,11522440,16.2598069963599,-8.21285138155299,13.80355,2.6249258054578,1948.98,2495.31,97.82
BEL,BE,Belgium,Natural gas,2021,3659.629,8.2051170551373,11554767,16.2626086370563,-8.05749158191903,15.8915,2.7657843750864,2029.44,2876.44,49.76
BEL,BE,Belgium,Natural gas,2022,2908.734,7.97547321395677,11617623,16.268033727361,-8.29256051340425,32.0167,3.46625764167033,2005.83,2537.86,129.35
BEL,BE,Belgium,Natural gas,2023,2855.854,7.9571262017046,11742796,16.2787505041449,-8.32162430244029,29.7144,3.39163177679245,1919.31,2482.96,91.34
BEL,BE,Belgium,Natural gas,2024,2918.972,7.97898677848197,11817096,16.2850578544775,-8.3060710759955,23.6688,3.16415772515583,1823.73,2475.98,75.57
BEL,BE,Belgium,Total,1990,8289.251,9.02271489422849,9947782,16.1128601697128,-7.09014527548427,,,1966.82,2817.52,67.85
BEL,BE,Belgium,Total,1991,9151.751,9.12170050608163,9986975,16.1167923019679,-6.99509179588628,,,2271.31,3205.16,39.47
BEL,BE,Belgium,Total,1992,9147.798,9.12126847356962,10021997,16.1202929351603,-6.99902446159069,,,2310.16,2956.76,39.73
BEL,BE,Belgium,Total,1993,9091.449,9.11508958040834,10068319,16.1249043192805,-7.00981473887215,,,2299.35,3060.16,21.86
BEL,BE,Belgium,Total,1994,8937.893,9.09805515806349,10100631,16.1281084551075,-7.03005329704402,,,2320.5,2794.6,88.01
BEL,BE,Belgium,Total,1995,9320.715,9.13999462147525,10130574,16.1310685379957,-6.99107391652041,,,2035.05,2904.33,106.72
BEL,BE,Belgium,Total,1996,10619.932,9.27048789176225,10143047,16.132299004085,-6.8618111123227,,,2483.19,3456.1,41.09
BEL,BE,Belgium,Total,1997,9883.169,9.19858848830081,10170226,16.1349749900001,-6.93638650169925,,,2348.43,2937.09,63.97
BEL,BE,Belgium,Total,1998,9911.078,9.20140840041913,10192264,16.1371395591274,-6.93573115870825,,,2114.99,2928.15,32.81
BEL,BE,Belgium,Total,1999,9509.609,9.16005804007801,10213752,16.1392456054955,-6.97918756541749,,,2256.27,2668.06,49.95
BEL,BE,Belgium,Total,2000,9495.102,9.15853136568474,10239085,16.1417228181145,-6.98319145242971,,,2147.97,2681.58,28.7
BEL,BE,Belgium,Total,2001,9894.429,9.19972715045954,10263414,16.1440960908964,-6.94436894043685,,,2105.73,2891.37,61.57
BEL,BE,Belgium,Total,2002,9336.629,9.14170054530443,10309725,16.1485981825045,-7.0068976372001,,,2009.96,2659.22,44.05
BEL,BE,Belgium,Total,2003,9871.061,9.19736262411716,10355844,16.1530615560089,-6.95569893189178,,,2199.78,2891.52,100.41
BEL,BE,Belgium,Total,2004,9192.162,9.12610644339418,10396421,16.1569721702683,-7.03086572687413,,,2252.33,2828.23,48.16
BEL,BE,Belgium,Total,2005,9139.623,9.12037441633273,10445852,16.1617155197754,-7.04134110344266,,,2195.43,2744.97,61.54
BEL,BE,Belgium,Total,2006,8721.525,9.07354938693347,10511382,16.167969228024,-7.09441984109052,,,2271.81,2685.36,103.71
BEL,BE,Belgium,Total,2007,8076.445,8.99670707945011,10584534,16.1749044370189,-7.17819735756882,,,1730.15,2505.16,25.14
BEL,BE,Belgium,Total,2008,9129.436,9.11925919731069,10666866,16.1826528594213,-7.06339366211059,,,2113.43,2847.64,30.07
BEL,BE,Belgium,Total,2009,8663.25,9.0668452198369,10753080,16.1907027831292,-7.12385756329234,,,2411.54,2855.4,55.55
BEL,BE,Belgium,Total,2010,9609.273,9.1704838487385,10839905,16.1987447900997,-7.02826094136123,,,2332.34,3308.72,66.36
BEL,BE,Belgium,Total,2011,8001.234,8.98735105876667,11000638,16.2134638290807,-7.22611277031404,,,2338.14,2572.21,27.47
BEL,BE,Belgium,Total,2012,8463.703,9.04354206369036,11075889,16.2202811415543,-7.17673907786394,,,2095.44,2949.65,44.62
BEL,BE,Belgium,Total,2013,9085.395,9.11442345814599,11137974,16.2258709087782,-7.11144745063217,,,2411.55,3157.15,66.02
BEL,BE,Belgium,Total,2014,7442.63,8.91497955998629,11180840,16.229712157037,-7.31473259705066,,,1929.76,2480.8,41.64
BEL,BE,Belgium,Total,2015,8229.602,9.01549293284197,11237274,16.2347468463251,-7.2192539134831,,,2092.01,2725.75,85.29
BEL,BE,Belgium,Total,2016,8255.911,9.01868470762448,11311117,16.241296605373,-7.22261189774855,,,1941.82,2837.88,54.95
BEL,BE,Belgium,Total,2017,8131.16,9.00345887379064,11351727,16.2448804489071,-7.24142157511641,,,2181.86,2714.69,70.96
BEL,BE,Belgium,Total,2018,8039.139,8.99207726688628,11398589,16.2490001337745,-7.25692286688824,,,2169.83,2681.85,125.92
BEL,BE,Belgium,Total,2019,7503.961,8.92318629344441,11455519,16.2539821805693,-7.33079588712484,,,2007.42,2688.08,105.51
BEL,BE,Belgium,Total,2020,7581.389,8.93345170723162,11522440,16.2598069963599,-7.32635528912833,,,1948.98,2495.31,97.82
BEL,BE,Belgium,Total,2021,8228.015,9.01530007381445,11554767,16.2626086370563,-7.24730856324188,,,2029.44,2876.44,49.76
BEL,BE,Belgium,Total,2022,7036.456,8.85885991330828,11617623,16.268033727361,-7.40917381405273,,,2005.83,2537.86,129.35
BEL,BE,Belgium,Total,2023,6947.24,8.84609973738274,11742796,16.2787505041449,-7.43265076676215,,,1919.31,2482.96,91.34
BEL,BE,Belgium,Total,2024,7099.329,8.86775555152108,11817096,16.2850578544775,-7.41730230295638,,,1823.73,2475.98,75.57
BGR,BG,Bulgaria,Electricity,1990,900.602,6.80306342860673,8767308,15.9865403616977,-9.18347693309093,,,2506,2929.7,169.86
BGR,BG,Bulgaria,Electricity,1991,894.669,6.79645381746775,8669269,15.9752950314766,-9.17884121400888,,,2538.69,3370.86,126.63
BGR,BG,Bulgaria,Electricity,1992,859.673,6.75655208438269,8595465,15.9667452965573,-9.21019321217462,,,2699.19,3143.7,163.25
BGR,BG,Bulgaria,Electricity,1993,861.651,6.75885031629095,8484863,15.9537943103799,-9.19494399408892,,,2664.16,3217.69,196.55
BGR,BG,Bulgaria,Electricity,1994,843.164,6.73716148237851,8459763,15.9508317170056,-9.2136702346271,,,2396.78,2816.32,190.29
BGR,BG,Bulgaria,Electricity,1995,942.046,6.84805410565587,8427418,15.9470009959926,-9.09894689033672,,,2484.29,3185.82,133.3
BGR,BG,Bulgaria,Electricity,1996,987.618,6.89529598330736,8384715,15.9419209633953,-9.04662498008789,,,2972.71,3348.59,185.61
BGR,BG,Bulgaria,Electricity,1997,849.699,6.74488216912284,8340936,15.9366859982534,-9.19180382913057,,,2507.61,3348.66,117.68
BGR,BG,Bulgaria,Electricity,1998,906.277,6.80934499882853,8283200,15.9297399251298,-9.12039492630125,,,2587.73,3093.52,211.81
BGR,BG,Bulgaria,Electricity,1999,869.733,6.76818626799452,8230371,15.9233416506166,-9.15515538262205,,,2634.21,2881.16,186.43
BGR,BG,Bulgaria,Electricity,2000,847.635,6.74245011860437,8190876,15.9185314098164,-9.17608129121206,,,2583.43,2928.13,254.56
BGR,BG,Bulgaria,Electricity,2001,838.435,6.73153705887864,8149468,15.9134632070129,-9.18192614813421,,,2162.07,2985.77,207.34
BGR,BG,Bulgaria,Electricity,2002,800.172,6.68482670455874,7868815,15.8784180372649,-9.19359133270616,,,2526.6,2908.28,167.33
BGR,BG,Bulgaria,Electricity,2003,800.602,6.68536394468176,7805506,15.8703399400673,-9.18497599538555,,,2723.99,3249.71,234.87
BGR,BG,Bulgaria,Electricity,2004,754.084,6.62550376763833,7745147,15.8625770116401,-9.23707324400175,0.05985,-2.81591384697816,2583.21,2993.53,133.64
BGR,BG,Bulgaria,Electricity,2005,777.816,6.6564899923509,7688573,15.8552457585927,-9.19875576624178,0.0649,-2.73490765527209,2469.39,3144.09,122.46
BGR,BG,Bulgaria,Electricity,2006,800.086,6.68471922189022,7629371,15.8475159621167,-9.1627967402265,0.0647,-2.73799407747528,2673.91,3099.65,173.79
BGR,BG,Bulgaria,Electricity,2007,806.191,6.69232068713775,7572673,15.8400566674463,-9.14773598030852,0.0721,-2.62970123469123,2190.74,2814.91,289.35
BGR,BG,Bulgaria,Electricity,2008,862.167,6.75944898739824,7518002,15.8328109691344,-9.07336198173619,0.0767,-2.56785357060893,2568.15,2880.93,224.17
BGR,BG,Bulgaria,Electricity,2009,885.813,6.7865058673805,7467119,15.8260198066794,-9.03951393929888,0.08205,-2.50042646144604,2423.19,2869,193.54
BGR,BG,Bulgaria,Electricity,2010,907.911,6.81114635617611,7421766,15.8199275922156,-9.0087812360395,0.08215,-2.49920843449886,2407.33,2902.13,202.29
BGR,BG,Bulgaria,Electricity,2011,938.263,6.84403029350134,7369431,15.8128510563004,-8.96882076279906,0.085,-2.46510402249182,2465.93,3182.41,185.71
BGR,BG,Bulgaria,Electricity,2012,931.9,6.83722551279161,7327224,15.8071072845323,-8.96988177174069,0.09005,-2.40739020736017,2821.15,3013.65,311.21
BGR,BG,Bulgaria,Electricity,2013,906.019,6.80906027712551,7202556,15.7899465209887,-8.98088624386318,0.0903,-2.4046178185592,2339.27,2802.44,203.25
BGR,BG,Bulgaria,Electricity,2014,910.576,6.81407736630472,7117453,15.7780604946703,-8.96398312836558,0.08635,-2.44934647438945,2203.17,2730.1,154.12
BGR,BG,Bulgaria,Electricity,2015,915.219,6.81916338089955,7029690,15.7656531660863,-8.9464897851867,0.09495,-2.35440484172384,2412.99,2751.61,221.57
BGR,BG,Bulgaria,Electricity,2016,922.872,6.82749054666295,6938759,15.7526334980493,-8.92514295138631,0.0947,-2.3570412787901,2161.17,2807.65,228.7
BGR,BG,Bulgaria,Electricity,2017,957.656,6.86448863206607,6849518,15.7396888427992,-8.87520021073311,0.0969,-2.33407576008542,2578.13,2911.31,250.45
BGR,BG,Bulgaria,Electricity,2018,942.65,6.84869505785259,6757418,15.7261514223939,-8.87745636454133,0.0992,-2.31061726469131,2339.41,2707.79,177.28
BGR,BG,Bulgaria,Electricity,2019,932.407,6.83776941464093,6664177,15.7122570231003,-8.87448760845941,0.09775,-2.32534208011666,2325.32,2549.22,226.13
BGR,BG,Bulgaria,Electricity,2020,976.456,6.88392969041778,6569275,15.6979140342957,-8.81398434387789,0.09895,-2.31314060693356,2043.33,2623.93,204.42
BGR,BG,Bulgaria,Electricity,2021,1027.798,6.93517392865236,6532117,15.6922416447308,-8.75706771607845,0.10575,-2.24667746105575,2223.33,2868.7,254.74
BGR,BG,Bulgaria,Electricity,2022,1029.208,6.93654485340497,6482484,15.6846143282083,-8.74806947480337,0.112,-2.18925640768704,2411.37,2649.92,246.55
BGR,BG,Bulgaria,Electricity,2023,1058.619,6.96472050749634,6447710,15.6792355869711,-8.71451507947475,0.1165,-2.14986400597638,1976.91,2418.49,268.73
BGR,BG,Bulgaria,Electricity,2024,1109.891,7.01201709128642,6445481,15.6788898230679,-8.6668727317815,0.1202,-2.11859825688103,1874.25,2317.94,366.98
BGR,BG,Bulgaria,Natural gas,2000,0.193,-1.64506509007725,8190876,15.9185314098164,-17.5635964998937,,,2583.43,2928.13,254.56
BGR,BG,Bulgaria,Natural gas,2001,0.795,-0.229413164327805,8149468,15.9134632070129,-16.1428763713407,,,2162.07,2985.77,207.34
BGR,BG,Bulgaria,Natural gas,2002,1.268,0.237440856015034,7868815,15.8784180372649,-15.6409771812499,,,2526.6,2908.28,167.33
BGR,BG,Bulgaria,Natural gas,2003,3.095,1.12978790613656,7805506,15.8703399400673,-14.7405520339308,,,2723.99,3249.71,234.87
BGR,BG,Bulgaria,Natural gas,2004,5.761,1.75111107075025,7745147,15.8625770116401,-14.1114659408898,6.29555,1.839843034609,2583.21,2993.53,133.64
BGR,BG,Bulgaria,Natural gas,2005,14.08,2.6447553507299,7688573,15.8552457585927,-13.2104904078628,6.91155,1.93319392521572,2469.39,3144.09,122.46
BGR,BG,Bulgaria,Natural gas,2006,24.463,3.19716177196145,7629371,15.8475159621167,-12.6503541901553,7.3402,1.99336609021161,2673.91,3099.65,173.79
BGR,BG,Bulgaria,Natural gas,2007,32.76,3.48920825898487,7572673,15.8400566674463,-12.3508484084614,8.9784,2.19482169271991,2190.74,2814.91,289.35
BGR,BG,Bulgaria,Natural gas,2008,38.908,3.66119988500719,7518002,15.8328109691344,-12.1716110841272,10.3538,2.33735360208685,2568.15,2880.93,224.17
BGR,BG,Bulgaria,Natural gas,2009,50.795,3.92779792454351,7467119,15.8260198066794,-11.8982218821359,11.40455,2.43401239857915,2423.19,2869,193.54
BGR,BG,Bulgaria,Natural gas,2010,49.334,3.89861349851821,7421766,15.8199275922156,-11.9213140936974,11.0944,2.40644047650857,2407.33,2902.13,202.29
BGR,BG,Bulgaria,Natural gas,2011,55.954,4.02452992460641,7369431,15.8128510563004,-11.788321131694,12.5243,2.52767075718557,2465.93,3182.41,185.71
BGR,BG,Bulgaria,Natural gas,2012,53.44,3.97855952922839,7327224,15.8071072845323,-11.8285477553039,14.5823,2.67980846448217,2821.15,3013.65,311.21
BGR,BG,Bulgaria,Natural gas,2013,44.949,3.80552851372912,7202556,15.7899465209887,-11.9844180072596,14.3164,2.66140573327902,2339.27,2802.44,203.25
BGR,BG,Bulgaria,Natural gas,2014,45.186,3.81078730434727,7117453,15.7780604946703,-11.967273190323,13.5341,2.60521242658132,2203.17,2730.1,154.12
BGR,BG,Bulgaria,Natural gas,2015,51.763,3.94667560832757,7029690,15.7656531660863,-11.8189775577587,12.059,2.48981126912146,2412.99,2751.61,221.57
BGR,BG,Bulgaria,Natural gas,2016,58.899,4.07582411258472,6938759,15.7526334980493,-11.6768093854645,9.4386,2.24480766407438,2161.17,2807.65,228.7
BGR,BG,Bulgaria,Natural gas,2017,68.064,4.22044843901783,6849518,15.7396888427992,-11.5192404037813,9.7994,2.28232115931243,2578.13,2911.31,250.45
BGR,BG,Bulgaria,Natural gas,2018,77.28,4.34743518990426,6757418,15.7261514223939,-11.3787162324897,11.3409,2.42841566022973,2339.41,2707.79,177.28
BGR,BG,Bulgaria,Natural gas,2019,78.685,4.36545254005283,6664177,15.7122570231003,-11.3468044830475,12.36715,2.51504376373949,2325.32,2549.22,226.13
BGR,BG,Bulgaria,Natural gas,2020,96.069,4.56506668329076,6569275,15.6979140342957,-11.1328473510049,10.3384,2.33586511822884,2043.33,2623.93,204.42
BGR,BG,Bulgaria,Natural gas,2021,113.423,4.73112419259757,6532117,15.6922416447308,-10.9611174521333,14.93515,2.70371749513957,2223.33,2868.7,254.74
BGR,BG,Bulgaria,Natural gas,2022,86.989,4.46578167387917,6482484,15.6846143282083,-11.2188326543292,26.89925,3.29209840517822,2411.37,2649.92,246.55
BGR,BG,Bulgaria,Natural gas,2023,71.096,4.26403107643617,6447710,15.6792355869711,-11.4152045105349,21.9684,3.08960505716283,1976.91,2418.49,268.73
BGR,BG,Bulgaria,Natural gas,2024,81.161,4.39643483622227,6445481,15.6788898230679,-11.2824549868457,17.6123,2.868597521589,1874.25,2317.94,366.98
BGR,BG,Bulgaria,Total,1990,2336.07,7.75622530925258,8767308,15.9865403616977,-8.23031505244508,,,2506,2929.7,169.86
BGR,BG,Bulgaria,Total,1991,2479.321,7.81574001134904,8669269,15.9752950314766,-8.1595550201276,,,2538.69,3370.86,126.63
BGR,BG,Bulgaria,Total,1992,2626.804,7.873523177081,8595465,15.9667452965573,-8.09322211947631,,,2699.19,3143.7,163.25
BGR,BG,Bulgaria,Total,1993,2829.252,7.94776764474692,8484863,15.9537943103799,-8.00602666563294,,,2664.16,3217.69,196.55
BGR,BG,Bulgaria,Total,1994,2443.498,7.80118589821182,8459763,15.9508317170056,-8.14964581879379,,,2396.78,2816.32,190.29
BGR,BG,Bulgaria,Total,1995,2447.466,7.80280848258192,8427418,15.9470009959926,-8.14419251341066,,,2484.29,3185.82,133.3
BGR,BG,Bulgaria,Total,1996,2685.13,7.89548442290311,8384715,15.9419209633953,-8.04643654049214,,,2972.71,3348.59,185.61
BGR,BG,Bulgaria,Total,1997,2213.172,7.70218205957939,8340936,15.9366859982534,-8.23450393867403,,,2507.61,3348.66,117.68
BGR,BG,Bulgaria,Total,1998,2424.369,7.79332656332651,8283200,15.9297399251298,-8.13641336180326,,,2587.73,3093.52,211.81
BGR,BG,Bulgaria,Total,1999,2174.123,7.68438064381759,8230371,15.9233416506166,-8.23896100679898,,,2634.21,2881.16,186.43
BGR,BG,Bulgaria,Total,2000,2101.596,7.65045233505776,8190876,15.9185314098164,-8.26807907475867,,,2583.43,2928.13,254.56
BGR,BG,Bulgaria,Total,2001,1975.063,7.58835557556065,8149468,15.9134632070129,-8.32510763145221,,,2162.07,2985.77,207.34
BGR,BG,Bulgaria,Total,2002,2116.749,7.65763670009993,7868815,15.8784180372649,-8.22078133716497,,,2526.6,2908.28,167.33
BGR,BG,Bulgaria,Total,2003,2231.753,7.71054265429515,7805506,15.8703399400673,-8.15979728577216,,,2723.99,3249.71,234.87
BGR,BG,Bulgaria,Total,2004,2084.563,7.64231451993922,7745147,15.8625770116401,-8.22026249170086,,,2583.21,2993.53,133.64
BGR,BG,Bulgaria,Total,2005,2089.666,7.64475952357566,7688573,15.8552457585927,-8.21048623501703,,,2469.39,3144.09,122.46
BGR,BG,Bulgaria,Total,2006,2158.268,7.67706132717121,7629371,15.8475159621167,-8.17045463494552,,,2673.91,3099.65,173.79
BGR,BG,Bulgaria,Total,2007,2061.67,7.63127161297205,7572673,15.8400566674463,-8.20878505447423,,,2190.74,2814.91,289.35
BGR,BG,Bulgaria,Total,2008,2113.463,7.65608311334781,7518002,15.8328109691344,-8.17672785578662,,,2568.15,2880.93,224.17
BGR,BG,Bulgaria,Total,2009,2114.011,7.65634236982251,7467119,15.8260198066794,-8.16967743685687,,,2423.19,2869,193.54
BGR,BG,Bulgaria,Total,2010,2243.337,7.71571976844184,7421766,15.8199275922156,-8.10420782377377,,,2407.33,2902.13,202.29
BGR,BG,Bulgaria,Total,2011,2374.281,7.77244993379259,7369431,15.8128510563004,-8.04040112250781,,,2465.93,3182.41,185.71
BGR,BG,Bulgaria,Total,2012,2352.559,7.76325895084749,7327224,15.8071072845323,-8.04384833368482,,,2821.15,3013.65,311.21
BGR,BG,Bulgaria,Total,2013,2241.036,7.71469353792893,7202556,15.7899465209887,-8.07525298305977,,,2339.27,2802.44,203.25
BGR,BG,Bulgaria,Total,2014,2164.991,7.68017148338407,7117453,15.7780604946703,-8.09788901128624,,,2203.17,2730.1,154.12
BGR,BG,Bulgaria,Total,2015,2192.912,7.69298561993377,7029690,15.7656531660863,-8.07266754615248,,,2412.99,2751.61,221.57
BGR,BG,Bulgaria,Total,2016,2252.111,7.71962327756532,6938759,15.7526334980493,-8.03301022048394,,,2161.17,2807.65,228.7
BGR,BG,Bulgaria,Total,2017,2318.715,7.7487684319022,6849518,15.7396888427992,-7.99092041089697,,,2578.13,2911.31,250.45
BGR,BG,Bulgaria,Total,2018,2229.672,7.70960976843428,6757418,15.7261514223939,-8.01654165395965,,,2339.41,2707.79,177.28
BGR,BG,Bulgaria,Total,2019,2162.252,7.67890555014862,6664177,15.7122570231003,-8.03335147295172,,,2325.32,2549.22,226.13
BGR,BG,Bulgaria,Total,2020,2382.245,7.77579859936997,6569275,15.6979140342957,-7.9221154349257,,,2043.33,2623.93,204.42
BGR,BG,Bulgaria,Total,2021,2403.893,7.78484478551312,6532117,15.6922416447308,-7.9073968592177,,,2223.33,2868.7,254.74
BGR,BG,Bulgaria,Total,2022,2137.397,7.66734401251538,6482484,15.6846143282083,-8.01727031569296,,,2411.37,2649.92,246.55
BGR,BG,Bulgaria,Total,2023,2046.582,7.62392636353922,6447710,15.6792355869711,-8.05530922343186,,,1976.91,2418.49,268.73
BGR,BG,Bulgaria,Total,2024,1961.546,7.58148821681485,6445481,15.6788898230679,-8.09740160625307,,,1874.25,2317.94,366.98
CYP,CY,Cyprus,Electricity,1990,38.607,3.65343360717964,572655,13.2580387201245,-9.60460511294487,,,1092.25,1173.55,405.21
CYP,CY,Cyprus,Electricity,1991,40.585,3.70339854021314,587141,13.2830202743951,-9.57962173418193,,,923.7,1187.62,376.58
CYP,CY,Cyprus,Electricity,1992,50.473,3.92143853983784,603069,13.3097868970237,-9.38834835718581,,,1361.93,1570.6,361.56
CYP,CY,Cyprus,Electricity,1993,55.976,4.0249230274436,619231,13.3362336646039,-9.31131063716035,,,1273.21,1300.24,431.64
CYP,CY,Cyprus,Electricity,1994,58.04,4.06113242801599,632944,13.3581372295983,-9.2970048015823,,,911.82,1121.92,431.68
CYP,CY,Cyprus,Electricity,1995,65.262,4.17840993733977,645399,13.3776240091721,-9.19921407183232,,,1037.75,1228.54,446.9
CYP,CY,Cyprus,Electricity,1996,70.851,4.26057908036312,656333,13.394423561081,-9.13384448071788,,,1132.3,1108.67,461.29
CYP,CY,Cyprus,Electricity,1997,71.711,4.27264415285373,666313,13.4095148090912,-9.13687065623747,,,998.84,1216.64,409.79
CYP,CY,Cyprus,Electricity,1998,77.73,4.35324128324213,675215,13.4227864376569,-9.0695451544148,,,1013.77,1075.74,511.13
CYP,CY,Cyprus,Electricity,1999,81.857,4.40497382245721,682862,13.4340480683577,-9.02907424590054,0.0596,-2.82009970491083,851.73,940.4,461.99
CYP,CY,Cyprus,Electricity,2000,90.714,4.50771170022612,690497,13.4451669071443,-8.93745520691816,0.0914,-2.39250980052203,1028.39,1189.34,526.08
CYP,CY,Cyprus,Electricity,2001,89.596,4.49531067612722,697549,13.4553280411062,-8.96001736497902,0.109,-2.21640739675299,853.37,982.83,484.63
CYP,CY,Cyprus,Electricity,2002,99.484,4.59999682721409,705539,13.4667173286904,-8.86672050147634,0.0968,-2.33510828469961,975.9,1081.4,491.79
CYP,CY,Cyprus,Electricity,2003,111.35,4.71267839370338,713720,13.4782460075454,-8.76556761384199,0.106,-2.24431618487007,1041.53,1150.92,470.23
CYP,CY,Cyprus,Electricity,2004,113.156,4.72876739762904,722893,13.4910164957211,-8.76224909809211,0.10685,-2.23632929721698,978.02,1118.24,447.05
CYP,CY,Cyprus,Electricity,2005,123.216,4.81393891279689,733067,13.5049923818758,-8.69105346907887,0.11385,-2.17287348647239,981.03,1117.99,431.18
CYP,CY,Cyprus,Electricity,2006,128.977,4.85963409389166,744013,13.5198137867809,-8.66017969288919,0.14285,-1.94596015030536,1001.15,1133.48,461.56
CYP,CY,Cyprus,Electricity,2007,138.263,4.92915766853139,757916,13.5383278405418,-8.60917017201041,0.1573,-1.8496004689179,989.19,989.35,586.41
CYP,CY,Cyprus,Electricity,2008,144.712,4.97474556039933,776333,13.5623368308295,-8.58759127043011,0.191,-1.65548185093551,879.7,938.41,608.32
CYP,CY,Cyprus,Electricity,2009,148.065,4.99765136653796,796930,13.588522124555,-8.59087075801707,0.16,-1.83258146374831,819.49,903.17,569.63
CYP,CY,Cyprus,Electricity,2010,149.441,5.00690166610697,819140,13.6160102883975,-8.60910862229057,0.19395,-1.64015488509616,684.75,711.7,575.14
CYP,CY,Cyprus,Electricity,2011,148.151,4.99823202391242,839751,13.6408606983044,-8.64262867439201,0.22315,-1.49991108790686,712.05,999.29,541.68
CYP,CY,Cyprus,Electricity,2012,143.852,4.96878499327247,862011,13.6670233105853,-8.69823831731282,0.2845,-1.25702202541575,1027.89,970.89,654.46
CYP,CY,Cyprus,Electricity,2013,123.56,4.81672686805038,862854,13.6680007784649,-8.85127391041456,0.26205,-1.33921995373396,697.61,846.24,564.36
CYP,CY,Cyprus,Electricity,2014,122.528,4.80833957529488,860032,13.6647248768398,-8.85638530154488,0.23235,-1.45951042345115,638.03,566.34,515.44
CYP,CY,Cyprus,Electricity,2015,130.267,4.86958619035088,860846,13.6656709056236,-8.7960847152727,0.18975,-1.6620478627064,664.67,761.76,508.46
CYP,CY,Cyprus,Electricity,2016,136.285,4.91474828128909,863764,13.6690548623263,-8.7543065810372,0.1574,-1.84896494299883,668.77,817.37,544.49
CYP,CY,Cyprus,Electricity,2017,143.119,4.9636764520324,869878,13.6761082509126,-8.71243179888018,0.18445,-1.69037685493945,854.78,766.81,579.9
CYP,CY,Cyprus,Electricity,2018,145.166,4.9778779151914,878601,13.6860861486975,-8.70820823350614,0.2038,-1.59061615819351,507.04,568.33,524.03
CYP,CY,Cyprus,Electricity,2019,152.338,5.02610173633017,890194,13.6991946954828,-8.67309295915259,0.22195,-1.50530314770209,699.38,737.31,551.01
CYP,CY,Cyprus,Electricity,2020,155.274,5.04519129823786,902429,13.7128452957344,-8.66765399749653,0.19155,-1.65260640783548,659.76,644.99,530.82
CYP,CY,Cyprus,Electricity,2021,156.269,5.05157888122383,914476,13.7261065026196,-8.67452762139575,0.214,-1.54177926396029,459.99,556.48,657.09
CYP,CY,Cyprus,Electricity,2022,152.905,5.02981681351219,929764,13.7426860694852,-8.712869255973,0.2934,-1.22621841327326,691.33,670,624.8
CYP,CY,Cyprus,Electricity,2023,145.615,4.98096615243421,949084,13.7632525879004,-8.7822864354662,0.35955,-1.02290202943363,447.11,484.44,647.09
CYP,CY,Cyprus,Electricity,2024,161.337,5.08349534506299,966365,13.7812968886194,-8.69780154355643,0.3246,-1.12516162390165,349.22,442.97,713.46
CYP,CY,Cyprus,Total,1990,106.518,4.66831398495272,572655,13.2580387201245,-8.5897247351718,,,1092.25,1173.55,405.21
CYP,CY,Cyprus,Total,1991,108.496,4.68671330594149,587141,13.2830202743951,-8.59630696845358,,,923.7,1187.62,376.58
CYP,CY,Cyprus,Total,1992,130.393,4.87055296707008,603069,13.3097868970237,-8.43923392995357,,,1361.93,1570.6,361.56
CYP,CY,Cyprus,Total,1993,130.331,4.8700773683437,619231,13.3362336646039,-8.46615629626025,,,1273.21,1300.24,431.64
CYP,CY,Cyprus,Total,1994,136.539,4.91661028810218,632944,13.3581372295983,-8.44152694149611,,,911.82,1121.92,431.68
CYP,CY,Cyprus,Total,1995,140.664,4.94637406784224,645399,13.3776240091721,-8.43124994132985,,,1037.75,1228.54,446.9
CYP,CY,Cyprus,Total,1996,147.299,4.99246453457928,656333,13.394423561081,-8.40195902650173,,,1132.3,1108.67,461.29
CYP,CY,Cyprus,Total,1997,151.381,5.01979983775166,666313,13.4095148090912,-8.38971497133954,,,998.84,1216.64,409.79
CYP,CY,Cyprus,Total,1998,156.186,5.05104760470752,675215,13.4227864376569,-8.37173883294942,,,1013.77,1075.74,511.13
CYP,CY,Cyprus,Total,1999,158.137,5.0634617459304,682862,13.4340480683577,-8.37058632242734,,,851.73,940.4,461.99
CYP,CY,Cyprus,Total,2000,175.697,5.16876092048837,690497,13.4451669071443,-8.2764059866559,,,1028.39,1189.34,526.08
CYP,CY,Cyprus,Total,2001,174.58,5.1623830893072,697549,13.4553280411062,-8.29294495179903,,,853.37,982.83,484.63
CYP,CY,Cyprus,Total,2002,192.921,5.26228077868309,705539,13.4667173286904,-8.20443655000734,,,975.9,1081.4,491.79
CYP,CY,Cyprus,Total,2003,209.305,5.34379251832094,713720,13.4782460075454,-8.13445348922443,,,1041.53,1150.92,470.23
CYP,CY,Cyprus,Total,2004,201.529,5.3059332916267,722893,13.4910164957211,-8.18508320409445,,,978.02,1118.24,447.05
CYP,CY,Cyprus,Total,2005,317.142,5.75934962310466,733067,13.5049923818758,-7.74564275877111,,,981.03,1117.99,431.18
CYP,CY,Cyprus,Total,2006,328.301,5.79393087049743,744013,13.5198137867809,-7.72588291628343,,,1001.15,1133.48,461.56
CYP,CY,Cyprus,Total,2007,339.644,5.82789801023765,757916,13.5383278405418,-7.71042983030415,,,989.19,989.35,586.41
CYP,CY,Cyprus,Total,2008,335.736,5.81632513684224,776333,13.5623368308295,-7.74601169398721,,,879.7,938.41,608.32
CYP,CY,Cyprus,Total,2009,356.632,5.8767044378023,796930,13.588522124555,-7.71181768675273,,,819.49,903.17,569.63
CYP,CY,Cyprus,Total,2010,335.536,5.81572925318876,819140,13.6160102883975,-7.80028103520878,,,684.75,711.7,575.14
CYP,CY,Cyprus,Total,2011,355.125,5.87246984017435,839751,13.6408606983044,-7.76839085813008,,,712.05,999.29,541.68
CYP,CY,Cyprus,Total,2012,349.996,5.85792172584672,862011,13.6670233105853,-7.80910158473857,,,1027.89,970.89,654.46
CYP,CY,Cyprus,Total,2013,304.971,5.72021669011962,862854,13.6680007784649,-7.94778408834532,,,697.61,846.24,564.36
CYP,CY,Cyprus,Total,2014,292.183,5.67738031829489,860032,13.6647248768398,-7.98734455854488,,,638.03,566.34,515.44
CYP,CY,Cyprus,Total,2015,323.916,5.78048422291958,860846,13.6656709056236,-7.885186682704,,,664.67,761.76,508.46
CYP,CY,Cyprus,Total,2016,333.642,5.81006856184052,863764,13.6690548623263,-7.85898630048578,,,668.77,817.37,544.49
CYP,CY,Cyprus,Total,2017,342.362,5.8358686568003,869878,13.6761082509126,-7.84023959411228,,,854.78,766.81,579.9
CYP,CY,Cyprus,Total,2018,334.957,5.81400216537749,878601,13.6860861486975,-7.87208398332005,,,507.04,568.33,524.03
CYP,CY,Cyprus,Total,2019,359.703,5.88527869095037,890194,13.6991946954828,-7.8139160045324,,,699.38,737.31,551.01
CYP,CY,Cyprus,Total,2020,363.552,5.89592234038749,902429,13.7128452957344,-7.81692295534689,,,659.76,644.99,530.82
CYP,CY,Cyprus,Total,2021,355.143,5.87252052526788,914476,13.7261065026196,-7.85358597735171,,,459.99,556.48,657.09
CYP,CY,Cyprus,Total,2022,360.543,5.88761122839133,929764,13.7426860694852,-7.85507484109386,,,691.33,670,624.8
CYP,CY,Cyprus,Total,2023,336.459,5.8184762991651,949084,13.7632525879004,-7.94477628873532,,,447.11,484.44,647.09
CYP,CY,Cyprus,Total,2024,347.807,5.85164772822714,966365,13.7812968886194,-7.92964916039229,,,349.22,442.97,713.46
CZE,CZ,Czechia,Electricity,1990,827.429,6.71832330296591,10362102,16.1536656699679,-9.43534236700204,,,2605.59,3487.3,80.94
CZE,CZ,Czechia,Electricity,1991,848.925,6.74397084318659,10304607,16.1481016347527,-9.40413079156609,,,2853.6,3901.96,61.81
CZE,CZ,Czechia,Electricity,1992,889.338,6.79047736572995,10312548,16.1488719641597,-9.35839459842975,,,2874.94,3560.29,138.35
CZE,CZ,Czechia,Electricity,1993,980.138,6.88769337807746,10325697,16.1501462005862,-9.26245282250875,,,3003.14,3785.51,64.54
CZE,CZ,Czechia,Electricity,1994,1133.62,7.03317133112839,10334013,16.1509512458118,-9.11777991468345,,,2742.22,3420.08,152.01
CZE,CZ,Czechia,Electricity,1995,1276.612,7.15196497274645,10333161,16.1508687962229,-8.99890382347644,,,2744.96,3722.69,99.42
CZE,CZ,Czechia,Electricity,1996,1376.698,7.22744315731851,10321344,16.1497245420963,-8.92228138477779,,,3300.92,4242.11,53.52
CZE,CZ,Czechia,Electricity,1997,1333.018,7.19520082346338,10309137,16.148541147349,-8.95334032388565,,,2954.16,3820.94,63.29
CZE,CZ,Czechia,Electricity,1998,1247.291,7.12872927851997,10299125,16.147569498135,-9.01884021961501,,,2754.85,3600.14,88.13
CZE,CZ,Czechia,Electricity,1999,1207.911,7.0966477002839,10289621,16.1466462752563,-9.04999857497242,,,2928.59,3514.7,62.95
CZE,CZ,Czechia,Electricity,2000,1188.478,7.08042877590112,10278098,16.1455257814178,-9.06509700551672,0.0581,-2.84558961512427,2826.06,3307.99,93.17
CZE,CZ,Czechia,Electricity,2001,1224.334,7.11015230166543,10232027,16.1410332610176,-9.0308809593522,0.0664,-2.71205822249975,2621.99,3708.06,71.98
CZE,CZ,Czechia,Electricity,2002,1214.187,7.1018299960009,10201182,16.1380141538936,-9.0361841578927,0.0814,-2.50838000597364,2736.22,3466.84,93.89
CZE,CZ,Czechia,Electricity,2003,1247.463,7.12886716786719,10192649,16.1371773321608,-9.00831016429361,0.07925,-2.53514786622475,3032.73,3693.64,155.57
CZE,CZ,Czechia,Electricity,2004,1248.925,7.13003846028419,10195347,16.1374419977038,-9.00740353741958,0.0806,-2.51825662946955,2965.83,3693.09,73.31
CZE,CZ,Czechia,Electricity,2005,1265.606,7.14330633783654,10198855,16.1377860170515,-8.99447967921495,0.08695,-2.44242203818185,2908.05,3748.06,66.88
CZE,CZ,Czechia,Electricity,2006,1306.793,7.1753313231163,10223577,16.1402070815041,-8.96487575838782,0.099,-2.31263542884755,3163.4,3629.5,126.36
CZE,CZ,Czechia,Electricity,2007,1259.329,7.13833431841337,10254233,16.1432011539075,-9.00486683549413,0.116,-2.15416508787577,2315.91,3328.92,109.2
CZE,CZ,Czechia,Electricity,2008,1264.23,7.14221852017904,10343422,16.1518613200691,-9.00964279989001,0.14145,-1.95580898123456,2775.16,3385.24,86.88
CZE,CZ,Czechia,Electricity,2009,1262.855,7.14113030974236,10425783,16.1597924307424,-9.01866212099999,0.1494,-1.90112800628342,2827.12,3512.24,75.86
CZE,CZ,Czechia,Electricity,2010,1292.175,7.16408212408658,10462088,16.1632686142709,-8.99918649018435,0.15225,-1.88223137239213,2961.88,3947.86,111.73
CZE,CZ,Czechia,Electricity,2011,1220.98,7.10740909396017,10486731,16.1656213016818,-9.05821220772162,0.1643,-1.80606125393891,2986.02,3459.53,71.29
CZE,CZ,Czechia,Electricity,2012,1253.74,7.13388636317255,10505445,16.1674042521446,-9.03351788897207,0.1666,-1.79215954924939,2830.71,3590.25,108.66
CZE,CZ,Czechia,Electricity,2013,1265.348,7.14310246214311,10516125,16.1684203514102,-9.02531788926707,0.1663,-1.79396189278326,2985.1,3686.41,120.1
CZE,CZ,Czechia,Electricity,2014,1214.531,7.10211327302384,10512419,16.1680678781207,-9.06595460509685,0.13835,-1.9779685727492,2477.02,3087.66,85.78
CZE,CZ,Czechia,Electricity,2015,1236.629,7.12014440824849,10538275,16.1705244254443,-9.05038001719579,0.13965,-1.96861598659095,2483.16,3227.29,187.64
CZE,CZ,Czechia,Electricity,2016,1284.179,7.15787488263319,10553843,16.1720006169607,-9.01412573432747,0.14205,-1.95157617068194,2526.51,3437.51,86.39
CZE,CZ,Czechia,Electricity,2017,1307.934,7.17620407202846,10578820,16.1743644469834,-8.99816037495497,0.1463,-1.92209597095606,2848.8,3460.04,125.32
CZE,CZ,Czechia,Electricity,2018,1294.027,7.16551434037639,10610055,16.1773126943656,-9.01179835398921,0.15795,-1.84547675173404,2761.49,3189.56,168.79
CZE,CZ,Czechia,Electricity,2019,1311.852,7.17919515826304,10649800,16.1810516706007,-9.00185651233762,0.1759,-1.73783962723862,2533.24,3140.44,157.45
CZE,CZ,Czechia,Electricity,2020,1373.386,7.2250345024547,10693939,16.1851876903414,-8.96015318788669,0.1818,-1.70484809723876,2415.02,3242.61,88.23
CZE,CZ,Czechia,Electricity,2021,1484.089,7.30255639497484,10494836,16.166393884626,-8.86383748965114,0.18425,-1.69146174791269,2716.12,3624.82,91.37
CZE,CZ,Czechia,Electricity,2022,1350.146,7.20796801373303,10516707,16.1684756934583,-8.96050767972525,0.2083,-1.56877593071521,2610.92,3250.32,134.3
CZE,CZ,Czechia,Electricity,2023,1330.754,7.19350097787213,10827529,16.1976024304326,-9.00410145256047,0.31705,-1.1486957888361,2482.35,3102.79,128.81
CZE,CZ,Czechia,Electricity,2024,1344.332,7.20365251438726,10900555,16.2043242633343,-9.00067174894706,0.33415,-1.09616528502506,2302.14,2965.45,147.97
CZE,CZ,Czechia,Natural gas,1990,918.293,6.8225165118092,10362102,16.1536656699679,-9.33114915815875,,,2605.59,3487.3,80.94
CZE,CZ,Czechia,Natural gas,1991,983.018,6.89062743127148,10304607,16.1481016347527,-9.25747420348121,,,2853.6,3901.96,61.81
CZE,CZ,Czechia,Natural gas,1992,1000.666,6.90842105730256,10312548,16.1488719641597,-9.24045090685714,,,2874.94,3560.29,138.35
CZE,CZ,Czechia,Natural gas,1993,1190.198,7.08187495881949,10325697,16.1501462005862,-9.06827124176672,,,3003.14,3785.51,64.54
CZE,CZ,Czechia,Natural gas,1994,1370.4,7.22285794700991,10334013,16.1509512458118,-8.92809329880192,,,2742.22,3420.08,152.01
CZE,CZ,Czechia,Natural gas,1995,1565.843,7.356179616097,10333161,16.1508687962229,-8.79468918012589,,,2744.96,3722.69,99.42
CZE,CZ,Czechia,Natural gas,1996,2114.703,7.65666965608788,10321344,16.1497245420963,-8.49305488600843,,,3300.92,4242.11,53.52
CZE,CZ,Czechia,Natural gas,1997,2021.668,7.61167819223167,10309137,16.148541147349,-8.53686295511736,,,2954.16,3820.94,63.29
CZE,CZ,Czechia,Natural gas,1998,2076.849,7.63860712022219,10299125,16.147569498135,-8.50896237791278,,,2754.85,3600.14,88.13
CZE,CZ,Czechia,Natural gas,1999,2069.347,7.63498837755458,10289621,16.1466462752563,-8.51165789770174,,,2928.59,3514.7,62.95
CZE,CZ,Czechia,Natural gas,2000,2049.312,7.6252594060468,10278098,16.1455257814178,-8.52026637537103,5.5559,1.71486042617001,2826.06,3307.99,93.17
CZE,CZ,Czechia,Natural gas,2001,2377.042,7.77361213653518,10232027,16.1410332610176,-8.36742112448245,7.3805,1.99884138699491,2621.99,3708.06,71.98
CZE,CZ,Czechia,Natural gas,2002,2229.579,7.70956805739357,10201182,16.1380141538936,-8.42844609650004,8.66625,2.15943617127456,2736.22,3466.84,93.89
CZE,CZ,Czechia,Natural gas,2003,2401.978,7.78404784356385,10192649,16.1371773321608,-8.35312948859695,8.23555,2.10846014949895,3032.73,3693.64,155.57
CZE,CZ,Czechia,Natural gas,2004,2351.075,7.76262794934982,10195347,16.1374419977038,-8.37481404835395,8.69535,2.16278840001509,2965.83,3693.09,73.31
CZE,CZ,Czechia,Natural gas,2005,2310.555,7.74524303439835,10198855,16.1377860170515,-8.39254298265314,9.9154,2.29408910407278,2908.05,3748.06,66.88
CZE,CZ,Czechia,Natural gas,2006,2275.473,7.72994322186224,10223577,16.1402070815041,-8.41026385964188,11.67315,2.45729133275502,3163.4,3629.5,126.36
CZE,CZ,Czechia,Natural gas,2007,2036.071,7.61877724936101,10254233,16.1432011539075,-8.52442390454648,10.0601,2.30857710498004,2315.91,3328.92,109.2
CZE,CZ,Czechia,Natural gas,2008,2047.42,7.62433574292482,10343422,16.1518613200691,-8.52752557714423,13.4442,2.59854778627705,2775.16,3385.24,86.88
CZE,CZ,Czechia,Natural gas,2009,2059.265,7.63010440200024,10425783,16.1597924307424,-8.52968802874211,13.43085,2.59755429967159,2827.12,3512.24,75.86
CZE,CZ,Czechia,Natural gas,2010,2382.373,7.77585232875606,10462088,16.1632686142709,-8.38741628551488,13.69575,2.61708556572812,2961.88,3947.86,111.73
CZE,CZ,Czechia,Natural gas,2011,2002.408,7.60210573531534,10486731,16.1656213016818,-8.56351556636646,15.82725,2.7617331380184,2986.02,3459.53,71.29
CZE,CZ,Czechia,Natural gas,2012,2023.345,7.61250736143141,10505445,16.1674042521446,-8.55489689071321,18.33325,2.90871635109949,2830.71,3590.25,108.66
CZE,CZ,Czechia,Natural gas,2013,2029.944,7.61576348544843,10516125,16.1684203514102,-8.55265686596175,16.89235,2.82686085672444,2985.1,3686.41,120.1
CZE,CZ,Czechia,Natural gas,2014,1645.013,7.40550356590381,10512419,16.1680678781207,-8.76256431221689,15.42835,2.73620672611407,2477.02,3087.66,85.78
CZE,CZ,Czechia,Natural gas,2015,1789.402,7.48963676480595,10538275,16.1705244254443,-8.68088766063832,16.0776,2.77742699888003,2483.16,3227.29,187.64
CZE,CZ,Czechia,Natural gas,2016,1993.686,7.59774046570445,10553843,16.1720006169607,-8.57426015125621,15.91815,2.76745996763364,2526.51,3437.51,86.39
CZE,CZ,Czechia,Natural gas,2017,2004.471,7.60313546452967,10578820,16.1743644469834,-8.57122898245377,15.5009,2.74089808675565,2848.8,3460.04,125.32
CZE,CZ,Czechia,Natural gas,2018,1878.843,7.53841144084005,10610055,16.1773126943656,-8.63890125352555,15.88125,2.76513916808634,2761.49,3189.56,168.79
CZE,CZ,Czechia,Natural gas,2019,1795.387,7.49297587657007,10649800,16.1810516706007,-8.68807579403058,16.29435,2.79081842195725,2533.24,3140.44,157.45
CZE,CZ,Czechia,Natural gas,2020,1855.994,7.5261756805823,10693939,16.1851876903414,-8.65901200975909,15.70965,2.75427517321604,2415.02,3242.61,88.23
CZE,CZ,Czechia,Natural gas,2021,2081.591,7.64088778415166,10494836,16.166393884626,-8.52550610047431,15.50245,2.74099807595045,2716.12,3624.82,91.37
CZE,CZ,Czechia,Natural gas,2022,1662.033,7.41579683081394,10516707,16.1684756934583,-8.75267886264434,24.47315,3.19757659822569,2610.92,3250.32,134.3
CZE,CZ,Czechia,Natural gas,2023,1486.08,7.30389705962942,10827529,16.1976024304326,-8.89370537080319,31.4408,3.4481064125299,2482.35,3102.79,128.81
CZE,CZ,Czechia,Natural gas,2024,1460.038,7.28621774176094,10900555,16.2043242633343,-8.91810652157338,29.35465,3.37945096643366,2302.14,2965.45,147.97
CZE,CZ,Czechia,Total,1990,7343.44,8.90156267666963,10362102,16.1536656699679,-7.25210299329832,,,2605.59,3487.3,80.94
CZE,CZ,Czechia,Total,1991,7027.503,8.85758672967494,10304607,16.1481016347527,-7.29051490507775,,,2853.6,3901.96,61.81
CZE,CZ,Czechia,Total,1992,6493.784,8.77860069063749,10312548,16.1488719641597,-7.37027127352221,,,2874.94,3560.29,138.35
CZE,CZ,Czechia,Total,1993,6392.034,8.7628078065809,10325697,16.1501462005862,-7.38733839400531,,,3003.14,3785.51,64.54
CZE,CZ,Czechia,Total,1994,6410.515,8.7656948899011,10334013,16.1509512458118,-7.38525635591073,,,2742.22,3420.08,152.01
CZE,CZ,Czechia,Total,1995,6584.005,8.79239850177339,10333161,16.1508687962229,-7.3584702944495,,,2744.96,3722.69,99.42
CZE,CZ,Czechia,Total,1996,7341.635,8.90131684884661,10321344,16.1497245420963,-7.2484076932497,,,3300.92,4242.11,53.52
CZE,CZ,Czechia,Total,1997,6989.25,8.85212853333388,10309137,16.148541147349,-7.29641261401516,,,2954.16,3820.94,63.29
CZE,CZ,Czechia,Total,1998,6575.111,8.79104673903274,10299125,16.147569498135,-7.35652275910223,,,2754.85,3600.14,88.13
CZE,CZ,Czechia,Total,1999,6529.019,8.78401198127583,10289621,16.1466462752563,-7.36263429398049,,,2928.59,3514.7,62.95
CZE,CZ,Czechia,Total,2000,6437.123,8.76983698015031,10278098,16.1455257814178,-7.37568880126752,,,2826.06,3307.99,93.17
CZE,CZ,Czechia,Total,2001,7007.797,8.8547786653017,10232027,16.1410332610176,-7.28625459571593,,,2621.99,3708.06,71.98
CZE,CZ,Czechia,Total,2002,6719.303,8.81273970789978,10201182,16.1380141538936,-7.32527444599382,,,2736.22,3466.84,93.89
CZE,CZ,Czechia,Total,2003,6933.364,8.84410040008844,10192649,16.1371773321608,-7.29307693207236,,,3032.73,3693.64,155.57
CZE,CZ,Czechia,Total,2004,6828.858,8.82891273507086,10195347,16.1374419977038,-7.30852926263291,,,2965.83,3693.09,73.31
CZE,CZ,Czechia,Total,2005,6665.539,8.80470609956054,10198855,16.1377860170515,-7.33307991749094,,,2908.05,3748.06,66.88
CZE,CZ,Czechia,Total,2006,6786.785,8.82273261799366,10223577,16.1402070815041,-7.31747446351046,,,3163.4,3629.5,126.36
CZE,CZ,Czechia,Total,2007,6414.496,8.76631570810202,10254233,16.1432011539075,-7.37688544580548,,,2315.91,3328.92,109.2
CZE,CZ,Czechia,Total,2008,6512.139,8.78142325266342,10343422,16.1518613200691,-7.37043806740563,,,2775.16,3385.24,86.88
CZE,CZ,Czechia,Total,2009,6656.571,8.80335976608114,10425783,16.1597924307424,-7.35643266466121,,,2827.12,3512.24,75.86
CZE,CZ,Czechia,Total,2010,7440.711,8.91472168777727,10462088,16.1632686142709,-7.24854692649366,,,2961.88,3947.86,111.73
CZE,CZ,Czechia,Total,2011,6863.723,8.83400528487564,10486731,16.1656213016818,-7.33161601680616,,,2986.02,3459.53,71.29
CZE,CZ,Czechia,Total,2012,7115.57,8.87004061975363,10505445,16.1674042521446,-7.29736363239099,,,2830.71,3590.25,108.66
CZE,CZ,Czechia,Total,2013,7269.133,8.8913923061944,10516125,16.1684203514102,-7.27702804521578,,,2985.1,3686.41,120.1
CZE,CZ,Czechia,Total,2014,6554.173,8.78785722500438,10512419,16.1680678781207,-7.38021065311632,,,2477.02,3087.66,85.78
CZE,CZ,Czechia,Total,2015,6769.51,8.82018398514805,10538275,16.1705244254443,-7.35034044029623,,,2483.16,3227.29,187.64
CZE,CZ,Czechia,Total,2016,7090.172,8.86646487875237,10553843,16.1720006169607,-7.30553573820829,,,2526.51,3437.51,86.39
CZE,CZ,Czechia,Total,2017,7202.965,8.88224802579107,10578820,16.1743644469834,-7.29211642119237,,,2848.8,3460.04,125.32
CZE,CZ,Czechia,Total,2018,7042.708,8.85974803428065,10610055,16.1773126943656,-7.31756466008495,,,2761.49,3189.56,168.79
CZE,CZ,Czechia,Total,2019,6963.387,8.84842127288966,10649800,16.1810516706007,-7.33263039771099,,,2533.24,3140.44,157.45
CZE,CZ,Czechia,Total,2020,7148.052,8.87459515101503,10693939,16.1851876903414,-7.31059253932636,,,2415.02,3242.61,88.23
CZE,CZ,Czechia,Total,2021,7864.166,8.97007177045467,10494836,16.166393884626,-7.1963221141713,,,2716.12,3624.82,91.37
CZE,CZ,Czechia,Total,2022,7157.766,8.87595320009589,10516707,16.1684756934583,-7.29252249336239,,,2610.92,3250.32,134.3
CZE,CZ,Czechia,Total,2023,6416.158,8.7665747751783,10827529,16.1976024304326,-7.43102765525431,,,2482.35,3102.79,128.81
CZE,CZ,Czechia,Total,2024,6229.411,8.73703706477596,10900555,16.2043242633343,-7.46728719855836,,,2302.14,2965.45,147.97
DEU,DE,Germany,Electricity,1990,11784.523,9.37454233937077,79112831,18.1863856319723,-8.81184329260148,,,2256.45,3086.94,69.48
DEU,DE,Germany,Electricity,1991,10503.353,9.25944981850291,79753227,18.1944477627604,-8.93499794425752,0.1394,-1.97040778065571,2535.33,3493.49,69.56
DEU,DE,Germany,Electricity,1992,10559.157,9.26474872452825,80274564,18.2009633665953,-8.93621464206705,0.1425,-1.94841327927343,2563.28,3224.82,91.85
DEU,DE,Germany,Electricity,1993,10842.046,9.29118700257092,80974632,18.2096464783988,-8.91845947582788,0.1502,-1.8957875396521,2609.15,3413.54,41.52
DEU,DE,Germany,Electricity,1994,10707.911,9.27873809306293,81338093,18.2141250133689,-8.93538692030598,0.1553,-1.8623965488275,2546.49,3064.72,124.35
DEU,DE,Germany,Electricity,1995,10935.168,9.29973929650451,81538603,18.216587122513,-8.91684782600849,0.16005,-1.83226901256627,2380.73,3339.16,105.14
DEU,DE,Germany,Electricity,1996,11534.91,9.35313336823671,81817499,18.2200017028998,-8.86686833466312,0.1509,-1.89113791320833,2899.99,3881.26,46.06
DEU,DE,Germany,Electricity,1997,11247.807,9.32792845529726,82012162,18.2223781113038,-8.89444965600655,0.1461,-1.92346396022548,2630.14,3328.65,70.38
DEU,DE,Germany,Electricity,1998,11218.917,9.32535665035377,82057379,18.2229293044244,-8.89757265407058,0.1462,-1.92277973166646,2410.61,3227.04,57.67
DEU,DE,Germany,Electricity,1999,11288.134,9.33150736447566,82037011,18.2226810570576,-8.89117369258199,0.15615,-1.85693819525305,2572.92,3099.23,63.77
DEU,DE,Germany,Electricity,2000,11220.98,9.32554051929094,82163475,18.2242214182111,-8.89868089892014,0.15335,-1.87503238842188,2449.44,2964.32,55.98
DEU,DE,Germany,Electricity,2001,11521.926,9.35200710777561,82259540,18.2253899287256,-8.87338282095002,0.1603,-1.83070821936663,2348.26,3257.62,78.11
DEU,DE,Germany,Electricity,2002,11736.887,9.37049189638061,82440309,18.22758506216,-8.8570931657794,0.16635,-1.79366127651765,2341.56,3067.19,67.24
DEU,DE,Germany,Electricity,2003,11960.447,9.38936040138815,82536680,18.2287533585575,-8.83939295716938,0.17,-1.77195684193188,2607.54,3270.13,155.14
DEU,DE,Germany,Electricity,2004,12072.227,9.3986628041145,82531671,18.2286926685467,-8.83002986443224,0.1709,-1.76667668886059,2581.88,3295.29,59.98
DEU,DE,Germany,Electricity,2005,12149.613,9.40505259640956,82500849,18.2283191421611,-8.82326654575149,0.1793,-1.71869489837105,2569.02,3265.83,64.86
DEU,DE,Germany,Electricity,2006,12166.81,9.406467031655,82437995,18.2275569929727,-8.82108996131768,0.18525,-1.68604901480594,2719.83,3151.91,119.22
DEU,DE,Germany,Electricity,2007,12046.432,9.3965237954876,82314906,18.2260627671089,-8.82953897162132,0.2065,-1.57745486658105,2008.6,2971.53,55
DEU,DE,Germany,Electricity,2008,11994.841,9.39223191966281,82217837,18.2248828316202,-8.83265091195738,0.21715,-1.52716692000131,2443.07,3157.15,63.84
DEU,DE,Germany,Electricity,2009,11969.046,9.39007909612774,82002356,18.2222585365231,-8.83217944039535,0.2288,-1.47490701947649,2658.62,3233.27,64.74
DEU,DE,Germany,Electricity,2010,12184.007,9.4078794690988,81802257,18.2198153928794,-8.81193592378057,0.24065,-1.42441168323302,2685.2,3715.69,96.35
DEU,DE,Germany,Electricity,2011,11745.486,9.37122427554726,80222065,18.2003091596852,-8.82908488413791,0.25295,-1.37456343824419,2684.29,3048.52,50.38
DEU,DE,Germany,Electricity,2012,11779.88,9.37414827039648,80327900,18.2016275656447,-8.82747929524823,0.26355,-1.33351217568092,2458.11,3276.48,63.76
DEU,DE,Germany,Electricity,2013,11693.895,9.36682218973173,80523746,18.2040626802568,-8.83724049052507,0.292,-1.23100147671386,2722.09,3422.81,89.92
DEU,DE,Germany,Electricity,2014,11143.594,9.31862008263517,80767463,18.2070847567481,-8.88846467411295,0.29775,-1.21150107074673,2201.11,2797.47,64.82
DEU,DE,Germany,Electricity,2015,11066.208,9.31165141959444,81197537,18.2123954721596,-8.90074405256511,0.29485,-1.22128852653562,2303.68,3002.87,127.2
DEU,DE,Germany,Electricity,2016,11023.216,9.30775887316278,82175684,18.2243700011793,-8.91661112801656,0.2973,-1.21301354897809,2261.31,3169.79,72.43
DEU,DE,Germany,Electricity,2017,11257.438,9.32878434472108,82521653,18.2285712774742,-8.89978693275313,0.3048,-1.18809945516965,2508.22,3098.38,75.88
DEU,DE,Germany,Electricity,2018,10995.701,9.30525965720936,82792351,18.2318462358612,-8.92658657865185,0.29935,-1.20614182161078,2467.98,2947.8,149.13
DEU,DE,Germany,Electricity,2019,10880.396,9.2947179168064,83019213,18.2345826209008,-8.93986470409437,0.2983,-1.20965558746143,2263.28,2956.04,138.86
DEU,DE,Germany,Electricity,2020,10956.664,9.3017031346071,83166711,18.2363577175537,-8.93465458294662,0.30245,-1.19583930442921,2187.64,2858.95,101.49
DEU,DE,Germany,Electricity,2021,11306.965,9.33317418650284,83155031,18.2362172668841,-8.90304308038125,0.32135,-1.13522440716484,2370.85,3246.75,65.15
DEU,DE,Germany,Electricity,2022,11533.62,9.35302152756014,83237124,18.237204008196,-8.8841824806359,0.3318,-1.10322290122579,2300.32,2856.23,144.39
DEU,DE,Germany,Electricity,2023,11303.009,9.3328242524392,83118501,18.2357778704252,-8.90295361798596,0.40725,-0.898328031499983,2168.01,2795.23,102.01
DEU,DE,Germany,Electricity,2024,11387.618,9.34028190375382,83456045,18.2398306440346,-8.89954874028073,0.3947,-0.929629296313336,2080.98,2730.5,95.14
DEU,DE,Germany,Natural gas,1990,13409.544,9.50372197122329,79112831,18.1863856319723,-8.68266366074897,12.1635,2.49843966407058,2256.45,3086.94,69.48
DEU,DE,Germany,Natural gas,1991,15919.11,9.67527555331304,79753227,18.1944477627604,-8.51917220944739,11.6615,2.45629281758826,2535.33,3493.49,69.56
DEU,DE,Germany,Natural gas,1992,16386.93,9.70423934485833,80274564,18.2009633665953,-8.49672402173697,11.7808,2.46647108763232,2563.28,3224.82,91.85
DEU,DE,Germany,Natural gas,1993,18535.361,9.82743559206093,80974632,18.2096464783988,-8.38221088633787,14.1368,2.64878132651171,2609.15,3413.54,41.52
DEU,DE,Germany,Natural gas,1994,18611.887,9.83155574159429,81338093,18.2141250133689,-8.38256927177462,14.55545,2.67796549393024,2546.49,3064.72,124.35
DEU,DE,Germany,Natural gas,1995,20950.946,9.94993907946209,81538603,18.216587122513,-8.26664804305092,14.07945,2.64471628746694,2380.73,3339.16,105.14
DEU,DE,Germany,Natural gas,1996,24755.89,10.1168187194821,81817499,18.2200017028998,-8.10318298341772,13.3075,2.58832778606478,2899.99,3881.26,46.06
DEU,DE,Germany,Natural gas,1997,22797.85,10.0344215122506,82012162,18.2223781113038,-8.18795659905325,13.77465,2.62282994636772,2630.14,3328.65,70.38
DEU,DE,Germany,Natural gas,1998,23048.839,10.0453706783927,82057379,18.2229293044244,-8.17755862603166,13.4768,2.60096968857896,2410.61,3227.04,57.67
DEU,DE,Germany,Natural gas,1999,22699.914,10.0301164149161,82037011,18.2226810570576,-8.19256464214158,13.3089,2.58843298436367,2572.92,3099.23,63.77
DEU,DE,Germany,Natural gas,2000,23430.782,10.0618059069585,82163475,18.2242214182111,-8.16241551125255,14.70985,2.68851733741656,2449.44,2964.32,55.98
DEU,DE,Germany,Natural gas,2001,24720.55,10.1153901605151,82259540,18.2253899287256,-8.10999976821057,17.4274,2.85804368030429,2348.26,3257.62,78.11
DEU,DE,Germany,Natural gas,2002,24720.55,10.1153901605151,82440309,18.22758506216,-8.11219490164495,17.13,2.84083131233603,2341.56,3067.19,67.24
DEU,DE,Germany,Natural gas,2003,24788.79,10.118146813834,82536680,18.2287533585575,-8.11060654472357,17.685,2.87271682265744,2607.54,3270.13,155.14
DEU,DE,Germany,Natural gas,2004,24070.161,10.088728219579,82531671,18.2286926685467,-8.13996444896773,17.8035,2.87939506718253,2581.88,3295.29,59.98
DEU,DE,Germany,Natural gas,2005,23290.696,10.0558092465023,82500849,18.2283191421611,-8.17250989565877,19.56,2.97348666460667,2569.02,3265.83,64.86
DEU,DE,Germany,Natural gas,2006,22668.372,10.0287259279542,82437995,18.2275569929727,-8.19883106501846,22.375,3.10794426416092,2719.83,3151.91,119.22
DEU,DE,Germany,Natural gas,2007,21071.647,9.95568367175466,82314906,18.2260627671089,-8.27037909535426,17.04,2.83556352140117,2008.6,2971.53,55
DEU,DE,Germany,Natural gas,2008,22165.563,10.0062951472626,82217837,18.2248828316202,-8.21858768435757,19.49,2.96990151351947,2443.07,3157.15,63.84
DEU,DE,Germany,Natural gas,2009,21849.46,9.99193148625953,82002356,18.2222585365231,-8.23032705026357,17.175,2.84345483810841,2658.62,3233.27,64.74
DEU,DE,Germany,Natural gas,2010,23906.985,10.0819259546344,81802257,18.2198153928794,-8.13788943824501,15.78,2.75874331541773,2685.2,3715.69,96.35
DEU,DE,Germany,Natural gas,2011,19757.918,9.89130960137817,80222065,18.2003091596852,-8.30899955830699,17.055,2.83644341587061,2684.29,3048.52,50.38
DEU,DE,Germany,Natural gas,2012,21618.703,9.98131409864438,80327900,18.2016275656447,-8.22031346700033,17.855,2.88228358104641,2458.11,3276.48,63.76
DEU,DE,Germany,Natural gas,2013,22509.462,10.0216910331265,80523746,18.2040626802568,-8.18237164713032,18.74,2.93066027681028,2722.09,3422.81,89.92
DEU,DE,Germany,Natural gas,2014,18298.055,9.81455004902795,80767463,18.2070847567481,-8.39253470772018,18.885,2.93836795616442,2201.11,2797.47,64.82
DEU,DE,Germany,Natural gas,2015,19738.844,9.89034374997583,81197537,18.2123954721596,-8.32205172218372,18.855,2.93677813071032,2303.68,3002.87,127.2
DEU,DE,Germany,Natural gas,2016,22092.35,10.0029866737346,82175684,18.2243700011793,-8.22138332744472,18.095,2.89563565701571,2261.31,3169.79,72.43
DEU,DE,Germany,Natural gas,2017,21598.464,9.98037748003263,82521653,18.2285712774742,-8.24819379744158,16.9545,2.83053328531676,2508.22,3098.38,75.88
DEU,DE,Germany,Natural gas,2018,22264.75,10.0107599893074,82792351,18.2318462358612,-8.22108624655381,16.88935,2.82668324576893,2467.98,2947.8,149.13
DEU,DE,Germany,Natural gas,2019,22379.522,10.0159016232821,83019213,18.2345826209008,-8.21868099761863,16.93795,2.82955666655267,2263.28,2956.04,138.86
DEU,DE,Germany,Natural gas,2020,21745.669,9.98716989025175,83166711,18.2363577175537,-8.24918782730198,16.8944,2.82698220607011,2187.64,2858.95,101.49
DEU,DE,Germany,Natural gas,2021,25128.124,10.1317429759405,83155031,18.2362172668841,-8.10447429094363,18.5968,2.92298952290731,2370.85,3246.75,65.15
DEU,DE,Germany,Natural gas,2022,21370.549,9.96976903820314,83237124,18.237204008196,-8.2674349699929,24.2696,3.18922453835012,2300.32,2856.23,144.39
DEU,DE,Germany,Natural gas,2023,19369.614,9.8714608284792,83118501,18.2357778704252,-8.36431704194596,32.97915,3.49587554360344,2168.01,2795.23,102.01
DEU,DE,Germany,Natural gas,2024,19264.67,9.86602812740407,83456045,18.2398306440346,-8.37380251663048,33.8307,3.52136867427231,2080.98,2730.5,95.14
DEU,DE,Germany,Total,1990,63146.022,11.0532051329204,79112831,18.1863856319723,-7.13318049905186,,,2256.45,3086.94,69.48
DEU,DE,Germany,Total,1991,65038.309,11.0827317444987,79753227,18.1944477627604,-7.11171601826172,,,2535.33,3493.49,69.56
DEU,DE,Germany,Total,1992,62291.711,11.0395836461644,80274564,18.2009633665953,-7.16137972043089,,,2563.28,3224.82,91.85
DEU,DE,Germany,Total,1993,66393.555,11.1033552675006,80974632,18.2096464783988,-7.10629121089824,,,2609.15,3413.54,41.52
DEU,DE,Germany,Total,1994,63846.118,11.0642310608653,81338093,18.2141250133689,-7.14989395250361,,,2546.49,3064.72,124.35
DEU,DE,Germany,Total,1995,66361.722,11.1028756933348,81538603,18.216587122513,-7.11371142917822,,,2380.73,3339.16,105.14
DEU,DE,Germany,Total,1996,72456.181,11.1907372581195,81817499,18.2200017028998,-7.02926444478038,,,2899.99,3881.26,46.06
DEU,DE,Germany,Total,1997,71390.388,11.1759185174166,82012162,18.2223781113038,-7.04645959388721,,,2630.14,3328.65,70.38
DEU,DE,Germany,Total,1998,70377.801,11.1616331657157,82057379,18.2229293044244,-7.06129613870868,,,2410.61,3227.04,57.67
DEU,DE,Germany,Total,1999,66084.386,11.0986877800842,82037011,18.2226810570576,-7.12399327697344,,,2572.92,3099.23,63.77
DEU,DE,Germany,Total,2000,65318.005,11.0870230046707,82163475,18.2242214182111,-7.13719841354043,,,2449.44,2964.32,55.98
DEU,DE,Germany,Total,2001,69841.678,11.1539862165708,82259540,18.2253899287256,-7.07140371215484,,,2348.26,3257.62,78.11
DEU,DE,Germany,Total,2002,67261.931,11.1163496943677,82440309,18.22758506216,-7.11123536779227,,,2341.56,3067.19,67.24
DEU,DE,Germany,Total,2003,66762.514,11.1088970343466,82536680,18.2287533585575,-7.11985632421096,,,2607.54,3270.13,155.14
DEU,DE,Germany,Total,2004,64783.736,11.0788098631834,82531671,18.2286926685467,-7.14988280536337,,,2581.88,3295.29,59.98
DEU,DE,Germany,Total,2005,63683.413,11.0616794151876,82500849,18.2283191421611,-7.16663972697348,,,2569.02,3265.83,64.86
DEU,DE,Germany,Total,2006,64673.494,11.0771067211241,82437995,18.2275569929727,-7.15045027184863,,,2719.83,3151.91,119.22
DEU,DE,Germany,Total,2007,55653.719,10.9269041828625,82314906,18.2260627671089,-7.29915858424641,,,2008.6,2971.53,55
DEU,DE,Germany,Total,2008,62663.086,11.0455278132136,82217837,18.2248828316202,-7.17935501840654,,,2443.07,3157.15,63.84
DEU,DE,Germany,Total,2009,59464.701,10.9931381549809,82002356,18.2222585365231,-7.22912038154222,,,2658.62,3233.27,64.74
DEU,DE,Germany,Total,2010,63839.122,11.0641214788963,81802257,18.2198153928794,-7.15569391398309,,,2685.2,3715.69,96.35
DEU,DE,Germany,Total,2011,56020.249,10.9334684936454,80222065,18.2003091596852,-7.26684066603982,,,2684.29,3048.52,50.38
DEU,DE,Germany,Total,2012,59188.124,10.9884761926395,80327900,18.2016275656447,-7.21315137300522,,,2458.11,3276.48,63.76
DEU,DE,Germany,Total,2013,62517.628,11.0432038439564,80523746,18.2040626802568,-7.16085883630037,,,2722.09,3422.81,89.92
DEU,DE,Germany,Total,2014,53648.149,10.8902022460657,80767463,18.2070847567481,-7.31688251068242,,,2201.11,2797.47,64.82
DEU,DE,Germany,Total,2015,54959.824,10.9143577245621,81197537,18.2123954721596,-7.29803774759741,,,2303.68,3002.87,127.2
DEU,DE,Germany,Total,2016,56963.58,10.9501673952344,82175684,18.2243700011793,-7.27420260594493,,,2261.31,3169.79,72.43
DEU,DE,Germany,Total,2017,56777.115,10.9468886185917,82521653,18.2285712774742,-7.28168265888254,,,2508.22,3098.38,75.88
DEU,DE,Germany,Total,2018,55822.36,10.9299297849497,82792351,18.2318462358612,-7.30191645091149,,,2467.98,2947.8,149.13
DEU,DE,Germany,Total,2019,57743.03,10.9637579284594,83019213,18.2345826209008,-7.27082469244137,,,2263.28,2956.04,138.86
DEU,DE,Germany,Total,2020,57979.779,10.9678495908092,83166711,18.2363577175537,-7.26850812674454,,,2187.64,2858.95,101.49
DEU,DE,Germany,Total,2021,57672.167,10.9625299617662,83155031,18.2362172668841,-7.27368730511792,,,2370.85,3246.75,65.15
DEU,DE,Germany,Total,2022,57434.806,10.9584057748425,83237124,18.237204008196,-7.27879823335359,,,2300.32,2856.23,144.39
DEU,DE,Germany,Total,2023,52434.691,10.8673236932407,83118501,18.2357778704252,-7.36845417718441,,,2168.01,2795.23,102.01
DEU,DE,Germany,Total,2024,52455.834,10.8677268373815,83456045,18.2398306440346,-7.37210380665307,,,2080.98,2730.5,95.14
DNK,DK,Denmark,Electricity,1990,831.47,6.72319521860748,5135409,15.4516700476374,-8.72847482902992,0.135,-2.00248050054371,2210.96,3011.03,10.47
DNK,DK,Denmark,Electricity,1991,871.453,6.77016193350006,5146469,15.4538214064195,-8.68365947291942,0.1323,-2.02268320786123,2513.36,3432.27,15.16
DNK,DK,Denmark,Electricity,1992,877.816,6.77743700447467,5162126,15.4568590681065,-8.67942206363188,0.1407,-1.96112531486179,2387.43,3240.04,21.91
DNK,DK,Denmark,Electricity,1993,888.392,6.789413087027,5180614,15.4604341400297,-8.67102105300274,0.1409,-1.9597048600775,2576.17,3573.4,1.03
DNK,DK,Denmark,Electricity,1994,896.647,6.79866225060174,5196642,15.4635232057221,-8.66486095512039,0.14415,-1.93690085489773,2704.46,3342.59,48.68
DNK,DK,Denmark,Electricity,1995,885.211,6.78582603466995,5215718,15.4671873167099,-8.68136128203996,0.15,-1.89711998488588,2452.62,3521.04,35.8
DNK,DK,Denmark,Electricity,1996,911.092,6.81464388008638,5251027,15.4739342344845,-8.65929035439814,0.1604,-1.83008458354972,2996.82,3989.06,14.15
DNK,DK,Denmark,Electricity,1997,887.102,6.78795997006126,5275121,15.4785121754519,-8.69055220539069,0.1644,-1.80545279636006,2656.97,3497.61,40.7
DNK,DK,Denmark,Electricity,1998,882.459,6.78271232880469,5294860,15.4822470966303,-8.69953476782564,0.1795,-1.7175800710538,2478.4,3462.02,1.95
DNK,DK,Denmark,Electricity,1999,884.265,6.78475679147013,5313577,15.4857758010797,-8.70101900960962,0.1881,-1.67078154267515,2697.3,3296.38,16.57
DNK,DK,Denmark,Electricity,2000,878.332,6.77802465427964,5330020,15.4888655484802,-8.71084089420057,0.1963,-1.62811117769972,2435.91,3087.06,6.31
DNK,DK,Denmark,Electricity,2001,873.517,6.77252759131948,5349212,15.4924598183044,-8.71993222698489,0.20885,-1.56613898803895,2457.45,3449.95,14.84
DNK,DK,Denmark,Electricity,2002,876.182,6.77557383191382,5368354,15.496031901808,-8.7204580698942,0.21885,-1.51936871534523,2341.89,3196.96,28.19
DNK,DK,Denmark,Electricity,2003,882.373,6.78261486910307,5383507,15.4988505785064,-8.71623570940334,0.22545,-1.48965687411504,2804.45,3348.78,24.58
DNK,DK,Denmark,Electricity,2004,888.392,6.789413087027,5397640,15.5014723789689,-8.71205929194194,0.2258,-1.48810562726658,2574.82,3305.34,13.48
DNK,DK,Denmark,Electricity,2005,898.452,6.80067328242597,5411405,15.5040193213567,-8.70334603893077,0.2299,-1.470110847213,2501.9,3256.15,11.46
DNK,DK,Denmark,Electricity,2006,909.114,6.81247049885524,5427459,15.5069816265835,-8.69451112772829,0.2409,-1.42337336936131,2640.67,3106.99,38.6
DNK,DK,Denmark,Electricity,2007,889.854,6.79105740432552,5447084,15.5105909775797,-8.71953357325423,0.2401,-1.42669977575493,1984.61,2981.06,13.16
DNK,DK,Denmark,Electricity,2008,883.921,6.78436769212838,5475791,15.5158472981172,-8.73147960598881,0.271,-1.30563645810244,2340.83,3061.32,20.21
DNK,DK,Denmark,Electricity,2009,868.1,6.76630691539776,5511451,15.5223384858443,-8.75603157044655,0.2627,-1.33674258229064,2486.39,3225.93,17.09
DNK,DK,Denmark,Electricity,2010,893.293,6.7949146345638,5534738,15.5265547878645,-8.73164015330071,0.2689,-1.31341571570732,2796.18,3895.4,21.09
DNK,DK,Denmark,Electricity,2011,869.39,6.76779181630313,5560628,15.5312216094887,-8.7634297931856,0.2942,-1.2234954708148,2902.96,3287.88,4.7
DNK,DK,Denmark,Electricity,2012,858.899,6.75565133649161,5580516,15.5347918032004,-8.77914046670879,0.29845,-1.20915286436748,2422.64,3559.9,10.55
DNK,DK,Denmark,Electricity,2013,886.242,6.78699005100729,5602628,15.5387463313396,-8.75175628033227,0.2968,-1.21469676768891,2833.87,3526.16,18.99
DNK,DK,Denmark,Electricity,2014,868.788,6.76709913692959,5627235,15.5431287604721,-8.77602962354252,0.30385,-1.19122112040077,2247.14,2976.2,39.46
DNK,DK,Denmark,Electricity,2015,875.035,6.77426388555764,5659715,15.5488840955547,-8.77462020999707,0.3055,-1.18580550037049,2268.86,3222.73,10.02
DNK,DK,Denmark,Electricity,2016,883.099,6.78343731209953,5707251,15.5572480296276,-8.77381071752805,0.3086,-1.17570933905308,2372.78,3328.35,16.32
DNK,DK,Denmark,Electricity,2017,845.793,6.74027464881592,5748769,15.5644963028971,-8.82422165408121,0.30295,-1.19418750359114,2492.56,3287.23,1.16
DNK,DK,Denmark,Electricity,2018,837.647,6.73059677068503,5781190,15.5701201018106,-8.83952333112561,0.31245,-1.16331082260705,2573.03,3231.44,67.86
DNK,DK,Denmark,Electricity,2019,880.624,6.78063074709517,5806081,15.5744163745545,-8.79378562745931,0.2954,-1.21942490888486,2296.53,3150.4,30.35
DNK,DK,Denmark,Electricity,2020,887.07,6.78792389689586,5822763,15.5772854493212,-8.78936155242535,0.2826,-1.26372280873171,2226.89,3015.73,36.05
DNK,DK,Denmark,Electricity,2021,939.659,6.84551704349112,5840045,15.5802490602542,-8.73473201676306,0.3174,-1.14759247088983,2431.97,3418.67,22.55
DNK,DK,Denmark,Electricity,2022,833.966,6.72619263414164,5873420,15.5859476456545,-8.85975501151282,0.5215,-0.65104600454131,2321.75,3144.08,35.16
DNK,DK,Denmark,Electricity,2023,831.93,6.72374830266631,5932654,15.5959822256572,-8.87223392299089,0.36825,-0.998993223639397,2299.75,3189.9,10.77
DNK,DK,Denmark,Electricity,2024,885.075,6.78567238717992,5961249,15.6007905808445,-8.81511819366458,0.37355,-0.984703414560327,2431.77,3054.45,11.38
DNK,DK,Denmark,Natural gas,1990,384.071,5.95082743132993,5135409,15.4516700476374,-9.50084261630747,,,2210.96,3011.03,10.47
DNK,DK,Denmark,Natural gas,1991,456.32,6.12319431778588,5146469,15.4538214064195,-9.33062708863361,,,2513.36,3432.27,15.16
DNK,DK,Denmark,Natural gas,1992,482.76,6.1795196357497,5162126,15.4568590681065,-9.27733943235684,,,2387.43,3240.04,21.91
DNK,DK,Denmark,Natural gas,1993,565.821,6.33827777376725,5180614,15.4604341400297,-9.12215636626249,,,2576.17,3573.4,1.03
DNK,DK,Denmark,Natural gas,1994,565.563,6.33782169518655,5196642,15.4635232057221,-9.12570151053558,,,2704.46,3342.59,48.68
DNK,DK,Denmark,Natural gas,1995,619.583,6.42904667111015,5215718,15.4671873167099,-9.03814064559977,,,2452.62,3521.04,35.8
DNK,DK,Denmark,Natural gas,1996,703.805,6.55650132915324,5251027,15.4739342344845,-8.91743290533128,,,2996.82,3989.06,14.15
DNK,DK,Denmark,Natural gas,1997,658.448,6.48988555071521,5275121,15.4785121754519,-8.98862662473674,,,2656.97,3497.61,40.7
DNK,DK,Denmark,Natural gas,1998,680.417,6.52270584551234,5294860,15.4822470966303,-8.95954125111799,,,2478.4,3462.02,1.95
DNK,DK,Denmark,Natural gas,1999,677.709,6.51871799226637,5313577,15.4857758010797,-8.96705780881337,14.4564,2.67113722307867,2697.3,3296.38,16.57
DNK,DK,Denmark,Natural gas,2000,658.468,6.48991592471022,5330020,15.4888655484802,-8.99894962376999,18.57795,2.92197539360634,2435.91,3087.06,6.31
DNK,DK,Denmark,Natural gas,2001,698.927,6.5495463018731,5349212,15.4924598183044,-8.94291351643127,20.8525,3.03747384513363,2457.45,3449.95,14.84
DNK,DK,Denmark,Natural gas,2002,670.731,6.50836816240434,5368354,15.496031901808,-8.98766373940368,18.3147,2.90770401608024,2341.89,3196.96,28.19
DNK,DK,Denmark,Natural gas,2003,717.086,6.57519577761888,5383507,15.4988505785064,-8.92365480088752,18.56975,2.92153391269995,2804.45,3348.78,24.58
DNK,DK,Denmark,Natural gas,2004,713.132,6.56966653651908,5397640,15.5014723789689,-8.93180584244986,21.95275,3.08889241641174,2574.82,3305.34,13.48
DNK,DK,Denmark,Natural gas,2005,705.167,6.55843465419339,5411405,15.5040193213567,-8.94558466716335,27.83495,3.32629242533424,2501.9,3256.15,11.46
DNK,DK,Denmark,Natural gas,2006,682.776,6.52616684091765,5427459,15.5069816265835,-8.98081478566588,33.20735,3.50277123696245,2640.67,3106.99,38.6
DNK,DK,Denmark,Natural gas,2007,634.673,6.45310990562501,5447084,15.5105909775797,-9.05748107195474,23.6174,3.16198372850378,1984.61,2981.06,13.16
DNK,DK,Denmark,Natural gas,2008,633.433,6.45115423252636,5475791,15.5158472981172,-9.06469306559083,26.91755,3.29277849023364,2340.83,3061.32,20.21
DNK,DK,Denmark,Natural gas,2009,637.602,6.45771426423395,5511451,15.5223384858443,-9.06462422161036,22.9695,3.13416724894124,2486.39,3225.93,17.09
DNK,DK,Denmark,Natural gas,2010,751.231,6.62171319434823,5534738,15.5265547878645,-8.90484159351629,26.6563,3.2830255204229,2796.18,3895.4,21.09
DNK,DK,Denmark,Natural gas,2011,649.342,6.47595954246789,5560628,15.5312216094887,-9.05526206702084,28.6155,3.35394852906154,2902.96,3287.88,4.7
DNK,DK,Denmark,Natural gas,2012,649.88,6.47678773046155,5580516,15.5347918032004,-9.05800407273885,26.8736,3.29114439206768,2422.64,3559.9,10.55
DNK,DK,Denmark,Natural gas,2013,649.907,6.47682927573013,5602628,15.5387463313396,-9.06191705560943,27.36285,3.30918625399605,2833.87,3526.16,18.99
DNK,DK,Denmark,Natural gas,2014,565.667,6.33800556584114,5627235,15.5431287604721,-9.20512319463097,24.8019,3.21092026313954,2247.14,2976.2,39.46
DNK,DK,Denmark,Natural gas,2015,598.165,6.39386663562422,5659715,15.5488840955547,-9.15501745993048,25.02065,3.21970148391794,2268.86,3222.73,10.02
DNK,DK,Denmark,Natural gas,2016,639.619,6.46087268658487,5707251,15.5572480296276,-9.0963753430427,23.48895,3.15653009779947,2372.78,3328.35,16.32
DNK,DK,Denmark,Natural gas,2017,619.369,6.42870121785267,5748769,15.5644963028971,-9.13579508504446,24.48455,3.19804230638625,2492.56,3287.23,1.16
DNK,DK,Denmark,Natural gas,2018,612.337,6.41728278455304,5781190,15.5701201018106,-9.1528373172576,24.78865,3.21038588712172,2573.03,3231.44,67.86
DNK,DK,Denmark,Natural gas,2019,613.079,6.41849380202088,5806081,15.5744163745545,-9.1559225725336,22.576,3.11688739511046,2296.53,3150.4,30.35
DNK,DK,Denmark,Natural gas,2020,589.666,6.37955627490879,5822763,15.5772854493212,-9.19772917441242,20.7854,3.03425081716701,2226.89,3015.73,36.05
DNK,DK,Denmark,Natural gas,2021,576.617,6.35717826794693,5840045,15.5802490602542,-9.22307079230725,29.74465,3.39264928388717,2431.97,3418.67,22.55
DNK,DK,Denmark,Natural gas,2022,471.76,6.15647038169225,5873420,15.5859476456545,-9.42947726396222,49.8992,3.91000497056483,2321.75,3144.08,35.16
DNK,DK,Denmark,Natural gas,2023,443.166,6.0939444176889,5932654,15.5959822256572,-9.5020378079683,39.9383,3.68733576323603,2299.75,3189.9,10.77
DNK,DK,Denmark,Natural gas,2024,425.614,6.05353283222326,5961249,15.6007905808445,-9.54725774862125,35.22795,3.56183980161667,2431.77,3054.45,11.38
DNK,DK,Denmark,Total,1990,4043.774,8.30493369331661,5135409,15.4516700476374,-7.1467363543208,,,2210.96,3011.03,10.47
DNK,DK,Denmark,Total,1991,4391.519,8.38743045988772,5146469,15.4538214064195,-7.06639094653177,,,2513.36,3432.27,15.16
DNK,DK,Denmark,Total,1992,4226.278,8.34907697925895,5162126,15.4568590681065,-7.10778208884759,,,2387.43,3240.04,21.91
DNK,DK,Denmark,Total,1993,4586.545,8.43088229630461,5180614,15.4604341400297,-7.02955184372513,,,2576.17,3573.4,1.03
DNK,DK,Denmark,Total,1994,4423.659,8.39472246066539,5196642,15.4635232057221,-7.06880074505674,,,2704.46,3342.59,48.68
DNK,DK,Denmark,Total,1995,4524.092,8.41717217301509,5215718,15.4671873167099,-7.05001514369482,,,2452.62,3521.04,35.8
DNK,DK,Denmark,Total,1996,4831.97,8.48300953098611,5251027,15.4739342344845,-6.99092470349841,,,2996.82,3989.06,14.15
DNK,DK,Denmark,Total,1997,4521.943,8.41669704771645,5275121,15.4785121754519,-7.06181512773549,,,2656.97,3497.61,40.7
DNK,DK,Denmark,Total,1998,4505.559,8.41306724669533,5294860,15.4822470966303,-7.06917984993499,,,2478.4,3462.02,1.95
DNK,DK,Denmark,Total,1999,4389.114,8.38688266337689,5313577,15.4857758010797,-7.09889313770285,,,2697.3,3296.38,16.57
DNK,DK,Denmark,Total,2000,4217.606,8.34702294747714,5330020,15.4888655484802,-7.14184260100307,,,2435.91,3087.06,6.31
DNK,DK,Denmark,Total,2001,4467.002,8.4044727690798,5349212,15.4924598183044,-7.08798704922457,,,2457.45,3449.95,14.84
DNK,DK,Denmark,Total,2002,4360.863,8.3804252525362,5368354,15.496031901808,-7.11560664927183,,,2341.89,3196.96,28.19
DNK,DK,Denmark,Total,2003,4470.77,8.40531593228048,5383507,15.4988505785064,-7.09353464622593,,,2804.45,3348.78,24.58
DNK,DK,Denmark,Total,2004,4459.735,8.40284462620849,5397640,15.5014723789689,-7.09862775276046,,,2574.82,3305.34,13.48
DNK,DK,Denmark,Total,2005,4514.564,8.4150638941893,5411405,15.5040193213567,-7.08895542716744,,,2501.9,3256.15,11.46
DNK,DK,Denmark,Total,2006,4514.728,8.41510022040403,5427459,15.5069816265835,-7.0918814061795,,,2640.67,3106.99,38.6
DNK,DK,Denmark,Total,2007,4515.458,8.41526190035206,5447084,15.5105909775797,-7.09532907722769,,,1984.61,2981.06,13.16
DNK,DK,Denmark,Total,2008,4501.163,8.41209108681184,5475791,15.5158472981172,-7.10375621130535,,,2340.83,3061.32,20.21
DNK,DK,Denmark,Total,2009,4510.054,8.41406440581751,5511451,15.5223384858443,-7.1082740800268,,,2486.39,3225.93,17.09
DNK,DK,Denmark,Total,2010,5005.148,8.5182222617417,5534738,15.5265547878645,-7.00833252612282,,,2796.18,3895.4,21.09
DNK,DK,Denmark,Total,2011,4496.279,8.41100544480833,5560628,15.5312216094887,-7.1202161646804,,,2902.96,3287.88,4.7
DNK,DK,Denmark,Total,2012,4444.462,8.39941410575205,5580516,15.5347918032004,-7.13537769744835,,,2422.64,3559.9,10.55
DNK,DK,Denmark,Total,2013,4484.143,8.40830267485214,5602628,15.5387463313396,-7.13044365648742,,,2833.87,3526.16,18.99
DNK,DK,Denmark,Total,2014,4143.762,8.32935934985758,5627235,15.5431287604721,-7.21376941061453,,,2247.14,2976.2,39.46
DNK,DK,Denmark,Total,2015,4445.518,8.39965167659135,5659715,15.5488840955547,-7.14923241896335,,,2268.86,3222.73,10.02
DNK,DK,Denmark,Total,2016,4601.363,8.43410784293555,5707251,15.5572480296276,-7.12314018669203,,,2372.78,3328.35,16.32
DNK,DK,Denmark,Total,2017,4498.219,8.41143681963994,5748769,15.5644963028971,-7.15305948325719,,,2492.56,3287.23,1.16
DNK,DK,Denmark,Total,2018,4450.344,8.40073667554332,5781190,15.5701201018106,-7.16938342626732,,,2573.03,3231.44,67.86
DNK,DK,Denmark,Total,2019,4389.392,8.38694599989454,5806081,15.5744163745545,-7.18747037465995,,,2296.53,3150.4,30.35
DNK,DK,Denmark,Total,2020,4273.399,8.36016480830315,5822763,15.5772854493212,-7.21712064101805,,,2226.89,3015.73,36.05
DNK,DK,Denmark,Total,2021,4519.97,8.41626063563611,5840045,15.5802490602542,-7.16398842461807,,,2431.97,3418.67,22.55
DNK,DK,Denmark,Total,2022,3998.544,8.29368557383795,5873420,15.5859476456545,-7.29226207181652,,,2321.75,3144.08,35.16
DNK,DK,Denmark,Total,2023,4096.01,8.31776860812261,5932654,15.5959822256572,-7.27821361753459,,,2299.75,3189.9,10.77
DNK,DK,Denmark,Total,2024,4135.652,8.32740027338337,5961249,15.6007905808445,-7.27339030746114,,,2431.77,3054.45,11.38
ESP,ES,Spain,Electricity,1990,2597.592,7.86234014101796,38853227,17.4753016943914,-9.61296155337349,,,1069.44,1594.01,301.32
ESP,ES,Spain,Electricity,1991,2656.234,7.88466460912517,38881416,17.4760269566464,-9.59136234752124,0.1304,-2.03714862948958,1462.37,1861.82,310.41
ESP,ES,Spain,Electricity,1992,2700.516,7.90119814484413,39051336,17.4803876462128,-9.57918950136862,0.1355,-1.99878363866238,1507.05,1765.36,231.24
ESP,ES,Spain,Electricity,1993,2782.631,7.93115216200553,39264034,17.4858194924256,-9.55466733042003,0.12845,-2.05221555542624,1395.29,1860.06,246.81
ESP,ES,Spain,Electricity,1994,2989.854,8.0029798357611,39458489,17.4907597658844,-9.48777993012328,0.1222,-2.10209623224464,1387.12,1564.51,337.09
ESP,ES,Spain,Electricity,1995,3094.411,8.03735286006134,39639726,17.4953423551923,-9.45798949513094,0.12385,-2.08868412304677,1186.24,1437.38,274.7
ESP,ES,Spain,Electricity,1996,3225.709,8.07890805002875,39808374,17.4995878501333,-9.42067980010457,0.1258,-2.0730619347158,1207.93,1652.93,250.03
ESP,ES,Spain,Electricity,1997,3448.409,8.14566824423841,39971329,17.5036729800722,-9.35800473583378,0.1206,-2.11527599468905,1195.81,1384.01,217.08
ESP,ES,Spain,Electricity,1998,3585.555,8.18466855276711,40143449,17.5079698219063,-9.32330126913916,0.1154,-2.15935092490814,1136.78,1582.35,297.86
ESP,ES,Spain,Electricity,1999,3907.395,8.27062619053344,40303568,17.511950558978,-9.24132436844454,0.11235,-2.1861362803508,1397.89,1656.24,289.52
ESP,ES,Spain,Electricity,2000,3750.559,8.22966017452179,40470182,17.5160760140003,-9.28641583947853,0.1091,-2.21549038614311,1369.16,1612.62,275.81
ESP,ES,Spain,Electricity,2001,4272.141,8.35987038571333,40665545,17.5208917316818,-9.16102134596848,0.1048,-2.2557015070952,1192.74,1576.52,297.35
ESP,ES,Spain,Electricity,2002,4353.912,8.37883003029029,41035278,17.5299426937275,-9.15111266343723,0.1047,-2.25665616110565,1314.84,1494.48,249.8
ESP,ES,Spain,Electricity,2003,4663.371,8.4474938561568,41827838,17.5490726566894,-9.10157880053259,0.1063,-2.24148999363424,1237.16,1563.95,399.21
ESP,ES,Spain,Electricity,2004,4991.058,8.51540319031974,42547451,17.5661305051963,-9.05072731487654,0.1079,-2.22655040671805,1323.19,1682.42,312.11
ESP,ES,Spain,Electricity,2005,5381.255,8.59067689732776,43296338,17.583578616648,-8.99290171932022,0.1097,-2.21000591170095,1465.37,1755.96,328.9
ESP,ES,Spain,Electricity,2006,5836.801,8.6719381517667,44009971,17.5999267798459,-8.92798862807921,0.1152,-2.16108553072035,1425.8,1510.94,320.42
ESP,ES,Spain,Electricity,2007,5865.348,8.67681709436569,44784666,17.6173763620094,-8.94055926764375,0.14,-1.96611285637283,1187.18,1616.51,251.58
ESP,ES,Spain,Electricity,2008,5970.593,8.694601531437,45668939,17.6369289530104,-8.94232742157343,0.14615,-1.92312178742488,1291.42,1658.47,275.82
ESP,ES,Spain,Electricity,2009,6140.241,8.72261927118523,46239273,17.6493400598865,-8.92672078870123,0.16305,-1.81369837674681,1449.41,1576.71,347.72
ESP,ES,Spain,Electricity,2010,6507.223,8.78066806969306,46486619,17.6546750657049,-8.87400699601182,0.17895,-1.7206488417701,1319.5,1759.43,317.67
ESP,ES,Spain,Electricity,2011,6544.024,8.78630754575752,46667174,17.658551563275,-8.87224401751743,0.20345,-1.59233500453444,1381.2,1459.2,286.5
ESP,ES,Spain,Electricity,2012,6456.406,8.77282809520914,46818219,17.6617829800041,-8.88895488479494,0.22325,-1.49946305922553,1320.57,1681.47,349.16
ESP,ES,Spain,Electricity,2013,6110.06,8.71769187208469,46712650,17.6595255639026,-8.94183369181795,0.22505,-1.4914326792432,1323.19,1700.32,298.34
ESP,ES,Spain,Electricity,2014,6079.966,8.71275438283931,46495744,17.654871339487,-8.94211695664771,0.2266,-1.48456893038823,1269.57,1426.13,264.32
ESP,ES,Spain,Electricity,2015,6024.85,8.70364786178338,46425722,17.6533642170477,-8.94971635526427,0.23395,-1.45264786166991,1280.79,1470.25,374.14
ESP,ES,Spain,Electricity,2016,5988.65,8.69762129008255,46418884,17.6532169171601,-8.95559562707754,0.22345,-1.49856760360268,1144.11,1520.04,344.68
ESP,ES,Spain,Electricity,2017,6138.693,8.7223671320324,46497393,17.6549068044698,-8.93253967243738,0.22365,-1.49767294910328,1224.29,1505.61,371.29
ESP,ES,Spain,Electricity,2018,6449.355,8.77173540478949,46645070,17.6580777990728,-8.88634239428334,0.243,-1.41469383564159,1354.78,1597.44,316.68
ESP,ES,Spain,Electricity,2019,6275.236,8.74436637285452,46918951,17.6639322242959,-8.91956585144136,0.23985,-1.42774155103406,1220.46,1497.19,334.28
ESP,ES,Spain,Electricity,2020,6296.131,8.74769059674228,47318050,17.6724023874341,-8.92471179069187,0.22685,-1.48346627287216,1146.33,1413.43,343.96
ESP,ES,Spain,Electricity,2021,6289.682,8.74666579197768,47400798,17.6741496219666,-8.92748382998895,0.25695,-1.3588737655439,1239.73,1510.01,319.95
ESP,ES,Spain,Electricity,2022,6273.345,8.74406498419323,47486843,17.6759632411625,-8.93189825696929,0.32105,-1.13615840474208,1229.41,1335.65,437.6
ESP,ES,Spain,Electricity,2023,6289.905,8.7467012462418,48085361,17.6884883436393,-8.94178709739748,0.24005,-1.42690804400519,1090.28,1360.06,399.82
ESP,ES,Spain,Electricity,2024,6462.428,8.77376037755539,48619695,17.699539253694,-8.92577887613856,0.2422,-1.41799144786315,1041.21,1291.97,374.19
ESP,ES,Spain,Natural gas,1990,387.721,5.96028600880193,38853227,17.4753016943914,-11.5150156855895,,,1069.44,1594.01,301.32
ESP,ES,Spain,Natural gas,1991,579.658,6.36243827445307,38881416,17.4760269566464,-11.1135886821933,,,1462.37,1861.82,310.41
ESP,ES,Spain,Natural gas,1992,725.017,6.58619510285563,39051336,17.4803876462128,-10.8941925433571,,,1507.05,1765.36,231.24
ESP,ES,Spain,Natural gas,1993,821.548,6.71119036547214,39264034,17.4858194924256,-10.7746291269534,,,1395.29,1860.06,246.81
ESP,ES,Spain,Natural gas,1994,884.165,6.78464369680411,39458489,17.4907597658844,-10.7061160690803,,,1387.12,1564.51,337.09
ESP,ES,Spain,Natural gas,1995,953.456,6.86009327819702,39639726,17.4953423551923,-10.6352490769953,,,1186.24,1437.38,274.7
ESP,ES,Spain,Natural gas,1996,1115.836,7.01735917873753,39808374,17.4995878501333,-10.4822286713958,,,1207.93,1652.93,250.03
ESP,ES,Spain,Natural gas,1997,1218.09,7.10503933716561,39971329,17.5036729800722,-10.3986336429066,,,1195.81,1384.01,217.08
ESP,ES,Spain,Natural gas,1998,1433.167,7.267641959768,40143449,17.5079698219063,-10.2403278621383,,,1136.78,1582.35,297.86
ESP,ES,Spain,Natural gas,1999,1752.329,7.468701039255,40303568,17.511950558978,-10.043249519723,,,1397.89,1656.24,289.52
ESP,ES,Spain,Natural gas,2000,1972.211,7.58691052741031,40470182,17.5160760140003,-9.92916548659002,,,1369.16,1612.62,275.81
ESP,ES,Spain,Natural gas,2001,2238.911,7.71374486592036,40665545,17.5208917316818,-9.80714686576145,,,1192.74,1576.52,297.35
ESP,ES,Spain,Natural gas,2002,2512.253,7.82893523907703,41035278,17.5299426937275,-9.70100745465049,,,1314.84,1494.48,249.8
ESP,ES,Spain,Natural gas,2003,2940.474,7.98632607182725,41827838,17.5490726566894,-9.56274658486213,,,1237.16,1563.95,399.21
ESP,ES,Spain,Natural gas,2004,3010.766,8.00994981041693,42547451,17.5661305051963,-9.55618069477935,,,1323.19,1682.42,312.11
ESP,ES,Spain,Natural gas,2005,3160.786,8.05857600982896,43296338,17.583578616648,-9.52500260681902,15.22845,2.72316538891106,1465.37,1755.96,328.9
ESP,ES,Spain,Natural gas,2006,3637.008,8.19891664459964,44009971,17.5999267798459,-9.40101013524627,16.9965,2.83300744050659,1425.8,1510.94,320.42
ESP,ES,Spain,Natural gas,2007,3754.978,8.23083770532621,44784666,17.6173763620094,-9.38653865668322,16.148,2.78179620299069,1187.18,1616.51,251.58
ESP,ES,Spain,Natural gas,2008,3615.497,8.19298460785391,45668939,17.6369289530104,-9.44394434515652,17.059,2.83667792369838,1291.42,1658.47,275.82
ESP,ES,Spain,Natural gas,2009,3665.672,8.20676695358402,46239273,17.6493400598865,-9.44257310630243,15.92775,2.76806287100838,1449.41,1576.71,347.72
ESP,ES,Spain,Natural gas,2010,4254.868,8.3558190181996,46486619,17.6546750657049,-9.29885604750528,14.91565,2.70241099730542,1319.5,1759.43,317.67
ESP,ES,Spain,Natural gas,2011,3411.93,8.13503339257462,46667174,17.658551563275,-9.52351817070033,14.945,2.7043767957359,1381.2,1459.2,286.5
ESP,ES,Spain,Natural gas,2012,3509.432,8.16320948000328,46818219,17.6617829800041,-9.49857350000081,21.175,3.05282124053812,1320.57,1681.47,349.16
ESP,ES,Spain,Natural gas,2013,3193.569,8.06889437915621,46712650,17.6595255639026,-9.59063118474644,22.56,3.11617842662986,1323.19,1700.32,298.34
ESP,ES,Spain,Natural gas,2014,3094.346,8.0373318542277,46495744,17.654871339487,-9.61753948525932,23.77,3.1684242813721,1269.57,1426.13,264.32
ESP,ES,Spain,Natural gas,2015,3318.02,8.10712349845977,46425722,17.6533642170477,-9.54624071858788,23.445,3.15465725254155,1280.79,1470.25,374.14
ESP,ES,Spain,Natural gas,2016,3335.066,8.11224774825885,46418884,17.6532169171601,-9.54096916890123,21.32,3.05964559929764,1144.11,1520.04,344.68
ESP,ES,Spain,Natural gas,2017,3323.51,8.1087767323533,46497393,17.6549068044698,-9.54613007211649,21.27675,3.0576149272458,1224.29,1505.61,371.29
ESP,ES,Spain,Natural gas,2018,3653.869,8.20354188517323,46645070,17.6580777990728,-9.4545359138996,21.3848,3.06268038928536,1354.78,1597.44,316.68
ESP,ES,Spain,Natural gas,2019,3457.094,8.1481836307582,46918951,17.6639322242959,-9.51574859353767,24.39705,3.19446222335062,1220.46,1497.19,334.28
ESP,ES,Spain,Natural gas,2020,3474.386,8.15317305173978,47318050,17.6724023874341,-9.51922933569437,22.32265,3.10560185806411,1146.33,1413.43,343.96
ESP,ES,Spain,Natural gas,2021,3634.566,8.19824498806646,47400798,17.6741496219666,-9.47590463390017,24.63095,3.20400378223717,1239.73,1510.01,319.95
ESP,ES,Spain,Natural gas,2022,3118.551,8.04512374984881,47486843,17.6759632411625,-9.63083949131371,34.31975,3.53572099021095,1229.41,1335.65,437.6
ESP,ES,Spain,Natural gas,2023,2923.968,7.98069687689734,48085361,17.6884883436393,-9.70779146674194,28.98635,3.36682502952215,1090.28,1360.06,399.82
ESP,ES,Spain,Natural gas,2024,2916.187,7.97803222001614,48619695,17.699539253694,-9.72150703367781,24.4222,3.19549255471478,1041.21,1291.97,374.19
ESP,ES,Spain,Total,1990,9248.008,9.13216345596369,38853227,17.4753016943914,-8.34313823842776,,,1069.44,1594.01,301.32
ESP,ES,Spain,Total,1991,9763.813,9.18643827934256,38881416,17.4760269566464,-8.28958867730386,,,1462.37,1861.82,310.41
ESP,ES,Spain,Total,1992,9840.176,9.19422887606521,39051336,17.4803876462128,-8.28615877014754,,,1507.05,1765.36,231.24
ESP,ES,Spain,Total,1993,9878.886,9.19815503134837,39264034,17.4858194924256,-8.2876644610772,,,1395.29,1860.06,246.81
ESP,ES,Spain,Total,1994,10341.137,9.2438851033324,39458489,17.4907597658844,-8.24687466255198,,,1387.12,1564.51,337.09
ESP,ES,Spain,Total,1995,10079.48,9.2182569529931,39639726,17.4953423551923,-8.27708540219918,,,1186.24,1437.38,274.7
ESP,ES,Spain,Total,1996,10644.52,9.27280048471863,39808374,17.4995878501333,-8.22678736541469,,,1207.93,1652.93,250.03
ESP,ES,Spain,Total,1997,10823.964,9.28951784390274,39971329,17.5036729800722,-8.21415513616945,,,1195.81,1384.01,217.08
ESP,ES,Spain,Total,1998,11170.268,9.32101088461338,40143449,17.5079698219063,-8.18695893729288,,,1136.78,1582.35,297.86
ESP,ES,Spain,Total,1999,11882.808,9.38284792862352,40303568,17.511950558978,-8.12910263035447,,,1397.89,1656.24,289.52
ESP,ES,Spain,Total,2000,12058.766,9.39754714332124,40470182,17.5160760140003,-8.11852887067908,,,1369.16,1612.62,275.81
ESP,ES,Spain,Total,2001,12674.272,9.44732939091244,40665545,17.5208917316818,-8.07356234076937,,,1192.74,1576.52,297.35
ESP,ES,Spain,Total,2002,13007.117,9.47325194817974,41035278,17.5299426937275,-8.05669074554778,,,1314.84,1494.48,249.8
ESP,ES,Spain,Total,2003,13953.314,9.54347232175997,41827838,17.5490726566894,-8.00560033492942,,,1237.16,1563.95,399.21
ESP,ES,Spain,Total,2004,14725.84,9.59735905273314,42547451,17.5661305051963,-7.96877145246313,,,1323.19,1682.42,312.11
ESP,ES,Spain,Total,2005,15183.649,9.62797440414416,43296338,17.583578616648,-7.95560421250381,,,1465.37,1755.96,328.9
ESP,ES,Spain,Total,2006,15625.295,9.65664635442638,44009971,17.5999267798459,-7.94328042541953,,,1425.8,1510.94,320.42
ESP,ES,Spain,Total,2007,15667.133,9.65932035753853,44784666,17.6173763620094,-7.9580560044709,,,1187.18,1616.51,251.58
ESP,ES,Spain,Total,2008,15534.804,9.65083820507553,45668939,17.6369289530104,-7.98609074793491,,,1291.42,1658.47,275.82
ESP,ES,Spain,Total,2009,15957.589,9.6776897944294,46239273,17.6493400598865,-7.97165026545706,,,1449.41,1576.71,347.72
ESP,ES,Spain,Total,2010,16951.831,9.73813113057329,46486619,17.6546750657049,-7.91654393513159,,,1319.5,1759.43,317.67
ESP,ES,Spain,Total,2011,15633.895,9.65719659262621,46667174,17.658551563275,-8.00135497064873,,,1381.2,1459.2,286.5
ESP,ES,Spain,Total,2012,15530.469,9.65055911530038,46818219,17.6617829800041,-8.0112238647037,,,1320.57,1681.47,349.16
ESP,ES,Spain,Total,2013,14888.925,9.60837292696702,46712650,17.6595255639026,-8.05115263693562,,,1323.19,1700.32,298.34
ESP,ES,Spain,Total,2014,14787.31,9.60152465951433,46495744,17.654871339487,-8.0533466799727,,,1269.57,1426.13,264.32
ESP,ES,Spain,Total,2015,15269.842,9.63363505107336,46425722,17.6533642170477,-8.01972916597429,,,1280.79,1470.25,374.14
ESP,ES,Spain,Total,2016,14331.695,9.570228797149,46418884,17.6532169171601,-8.08298812001108,,,1144.11,1520.04,344.68
ESP,ES,Spain,Total,2017,14392.022,9.57442930425622,46497393,17.6549068044698,-8.08047750021357,,,1224.29,1505.61,371.29
ESP,ES,Spain,Total,2018,15178.832,9.62765710464282,46645070,17.6580777990728,-8.03042069443,,,1354.78,1597.44,316.68
ESP,ES,Spain,Total,2019,14445.322,9.57812590410221,46918951,17.6639322242959,-8.08580632019366,,,1220.46,1497.19,334.28
ESP,ES,Spain,Total,2020,14555.763,9.58574227665391,47318050,17.6724023874341,-8.08666011078024,,,1146.33,1413.43,343.96
ESP,ES,Spain,Total,2021,14513.752,9.58285189274157,47400798,17.6741496219666,-8.09129772922506,,,1239.73,1510.01,319.95
ESP,ES,Spain,Total,2022,14016.209,9.54796972459468,47486843,17.6759632411625,-8.12799351656784,,,1229.41,1335.65,437.6
ESP,ES,Spain,Total,2023,13671.209,9.5230473676507,48085361,17.6884883436393,-8.16544097598857,,,1090.28,1360.06,399.82
ESP,ES,Spain,Total,2024,13879.984,9.53820308132238,48619695,17.699539253694,-8.16133617237157,,,1041.21,1291.97,374.19
EST,EE,Estonia,Electricity,1990,75.752,4.3274648466812,1570599,14.2669676332234,-9.93950278654216,,,3064.85,4155.26,6.54
EST,EE,Estonia,Electricity,1991,79.45,4.37512789298273,1567749,14.2651513905483,-9.89002349756554,,,3265.42,4316.37,16.62
EST,EE,Estonia,Electricity,1992,105.761,4.66118183142933,1554878,14.256907643926,-9.59572581249663,,,2964.74,4304.74,27.76
EST,EE,Estonia,Electricity,1993,94.153,4.54492111864225,1511303,14.2284827506022,-9.68356163195998,,,3306.37,4708.26,3.29
EST,EE,Estonia,Electricity,1994,109.2,4.69318106331081,1476952,14.2054910626781,-9.51230999936725,,,3823.75,4717.19,48.91
EST,EE,Estonia,Electricity,1995,91.745,4.51901298953692,1448075,14.1857456461666,-9.66673265662965,,,3192.23,4388.89,20.61
EST,EE,Estonia,Electricity,1996,106.105,4.66442916986301,1425192,14.1698170994508,-9.50538792958779,,,3829.96,4965.1,14.63
EST,EE,Estonia,Electricity,1997,103.611,4.64064350179512,1405996,14.1562565063985,-9.51561300460337,,,3226.4,4551.16,49.27
EST,EE,Estonia,Electricity,1998,115.993,4.75352984445796,1393074,14.1470233741076,-9.39349352964966,,,3428.63,4623.2,6.19
EST,EE,Estonia,Electricity,1999,117.197,4.76385627954567,1379237,14.1370410056779,-9.37318472613222,,,3578.35,4295.26,46.55
EST,EE,Estonia,Electricity,2000,126.053,4.83670245343005,1401250,14.1528752533685,-9.31617279993846,,,3150.86,4059.25,6.02
EST,EE,Estonia,Electricity,2001,136.285,4.91474828128909,1392720,14.1467692275326,-9.23202094624351,,,3111.6,4466.86,36.9
EST,EE,Estonia,Electricity,2002,136.199,4.91411705154455,1383510,14.1401343062278,-9.22601725468326,0.0539,-2.92062480106719,3254.31,4449.89,43.93
EST,EE,Estonia,Electricity,2003,137.059,4.92041149005635,1375190,14.1341024613548,-9.21369097129841,0.0649,-2.73490765527209,3928.47,4592.5,41.83
EST,EE,Estonia,Electricity,2004,139.123,4.93535843393083,1366250,14.1275803184729,-9.19222188454205,0.06635,-2.71281151820392,3393.73,4446.97,14.57
EST,EE,Estonia,Electricity,2005,139.295,4.93659398638708,1358850,14.1221493117655,-9.18555532537847,0.06955,-2.66570936061269,3424.41,4433.08,20.72
EST,EE,Estonia,Electricity,2006,144.024,4.96997995235532,1350700,14.1161335345489,-9.14615358219353,0.07405,-2.60301473826833,3562.25,4279.4,48.91
EST,EE,Estonia,Electricity,2007,152.451,5.02684323294046,1342920,14.1103569056001,-9.08351367265961,0.0786,-2.54338357954698,2992.22,4178.51,29.37
EST,EE,Estonia,Electricity,2008,158.641,5.06664378777211,1338440,14.1070153146397,-9.04037152686761,0.0832,-2.48650793115497,2982.61,3989.15,4.8
EST,EE,Estonia,Electricity,2009,161.995,5.08756547055854,1335740,14.1049960033612,-9.01743053280261,0.0921,-2.38488033572088,3151.52,4427.17,9.39
EST,EE,Estonia,Electricity,2010,173.947,5.15875065511408,1333290,14.1031601298879,-8.94440947477384,0.0987,-2.3156703325427,3833.76,4967.01,84.97
EST,EE,Estonia,Electricity,2011,166.294,5.11375730617338,1329660,14.1004338284189,-8.98667652224557,0.10075,-2.29511307815534,3789.04,4188.77,52.92
EST,EE,Estonia,Electricity,2012,168.186,5.12507050982974,1325217,14.0970867775779,-8.9720162677482,0.11095,-2.19867562960353,3266.22,4688.54,13.84
EST,EE,Estonia,Electricity,2013,160.361,5.07742752372393,1320174,14.0932741040571,-9.01584658033319,0.1359,-1.99583595782504,3645.13,4278.94,31.01
EST,EE,Estonia,Electricity,2014,149.527,5.00747697853085,1315819,14.0899698434143,-9.08249286488341,0.1316,-2.02798826009092,3020.86,4254.09,58.65
EST,EE,Estonia,Electricity,2015,148.581,5.00113026408195,1313271,14.0880315295507,-9.08690126546877,0.12965,-2.04291676699746,3038.87,3922.97,14.64
EST,EE,Estonia,Electricity,2016,164.488,5.1028376192163,1315944,14.0900648367705,-8.9872272175542,0.1223,-2.10127823628901,3153.23,4304.8,14.46
EST,EE,Estonia,Electricity,2017,166.81,5.11685544016596,1315635,14.0898299967741,-8.97297455660815,0.1263,-2.06909524962569,3257.73,4328.76,4.68
EST,EE,Estonia,Electricity,2018,159.931,5.0747424722188,1319133,14.0924852605812,-9.01774278836237,0.1383,-1.97833004031142,3367.54,4202.31,74.86
EST,EE,Estonia,Electricity,2019,177.988,5.18171613228921,1324820,14.0967871591175,-8.91507102682833,0.1384,-1.97760723579857,3138.98,4014.04,33.03
EST,EE,Estonia,Electricity,2020,171.797,5.14631354723238,1328889,14.0998538127626,-8.9535402655302,0.12635,-2.06869944514793,2743.92,3685.34,25.71
EST,EE,Estonia,Electricity,2021,191.66,5.25572296891562,1330068,14.1007406267105,-8.84501765779489,0.16315,-1.81308525594281,3128.68,4390.56,83.32
EST,EE,Estonia,Electricity,2022,169.121,5.13061443506566,1331796,14.1020389652002,-8.97142453013452,0.2353,-1.44689398324882,3162.31,4209.81,68.88
EST,EE,Estonia,Electricity,2023,186.004,5.22576817885831,1365884,14.1273123960341,-8.90154421717579,0.22495,-1.49187712369496,3135.29,4128.73,31.57
EST,EE,Estonia,Electricity,2024,201.634,5.30645417277092,1374687,14.1337366268061,-8.82728245403517,0.2257,-1.48854859515865,3388.01,3850.15,29.64
EST,EE,Estonia,Natural gas,1990,56.9,4.04129534113229,1570599,14.2669676332234,-10.2256722920911,,,3064.85,4155.26,6.54
EST,EE,Estonia,Natural gas,1991,68.444,4.22601589266972,1567749,14.2651513905483,-10.0391354978785,,,3265.42,4316.37,16.62
EST,EE,Estonia,Natural gas,1992,56.191,4.02875660172674,1554878,14.256907643926,-10.2281510421992,,,2964.74,4304.74,27.76
EST,EE,Estonia,Natural gas,1993,61.93,4.12600471494997,1511303,14.2284827506022,-10.1024780356523,,,3306.37,4708.26,3.29
EST,EE,Estonia,Natural gas,1994,65.821,4.18693893635025,1476952,14.2054910626781,-10.0185521263278,,,3823.75,4717.19,48.91
EST,EE,Estonia,Natural gas,1995,47.721,3.86537155258433,1448075,14.1857456461666,-10.3203740935822,,,3192.23,4388.89,20.61
EST,EE,Estonia,Natural gas,1996,36.801,3.60552501871873,1425192,14.1698170994508,-10.5642920807321,,,3829.96,4965.1,14.63
EST,EE,Estonia,Natural gas,1997,36.522,3.59791481873984,1405996,14.1562565063985,-10.5583416876586,,,3226.4,4551.16,49.27
EST,EE,Estonia,Natural gas,1998,43.422,3.77096622511205,1393074,14.1470233741076,-10.3760571489956,,,3428.63,4623.2,6.19
EST,EE,Estonia,Natural gas,1999,41.488,3.72540422879631,1379237,14.1370410056779,-10.4116367768816,,,3578.35,4295.26,46.55
EST,EE,Estonia,Natural gas,2000,41.917,3.7356914725664,1401250,14.1528752533685,-10.4171837808021,,,3150.86,4059.25,6.02
EST,EE,Estonia,Natural gas,2001,41.638,3.72901321185358,1392720,14.1467692275326,-10.417756015679,,,3111.6,4466.86,36.9
EST,EE,Estonia,Natural gas,2002,36.844,3.60669278312599,1383510,14.1401343062278,-10.5334415231018,,,3254.31,4449.89,43.93
EST,EE,Estonia,Natural gas,2003,37.339,3.62003835682298,1375190,14.1341024613548,-10.5140641045318,5.9855,1.78933987770929,3928.47,4592.5,41.83
EST,EE,Estonia,Natural gas,2004,38.586,3.65288951638078,1366250,14.1275803184729,-10.4746908020921,5.99115,1.79028338034469,3393.73,4446.97,14.57
EST,EE,Estonia,Natural gas,2005,44.97,3.80599560078262,1358850,14.1221493117655,-10.3161537109829,5.9911,1.79027503466671,3424.41,4433.08,20.72
EST,EE,Estonia,Natural gas,2006,45.658,3.82117883812742,1350700,14.1161335345489,-10.2949546964214,6.1726,1.82012014299701,3562.25,4279.4,48.91
EST,EE,Estonia,Natural gas,2007,48.861,3.88897953225953,1342920,14.1103569056001,-10.2213773733405,7.304,1.98842214329267,2992.22,4178.51,29.37
EST,EE,Estonia,Natural gas,2008,49.162,3.89512096735279,1338440,14.1070153146397,-10.2118943472869,9.8019,2.28257624443572,2982.61,3989.15,4.8
EST,EE,Estonia,Natural gas,2009,50.666,3.92525507419686,1335740,14.1049960033612,-10.1797409291643,10.5163,2.35292643441812,3151.52,4427.17,9.39
EST,EE,Estonia,Natural gas,2010,54.901,4.00553156328584,1333290,14.1031601298879,-10.0976285666021,10.6033,2.36116527342249,3833.76,4967.01,84.97
EST,EE,Estonia,Natural gas,2011,51.677,3.9450128082538,1329660,14.1004338284189,-10.1554210201651,11.89,2.47569771070269,3789.04,4188.77,52.92
EST,EE,Estonia,Natural gas,2012,55.331,4.01333333012461,1325217,14.0970867775779,-10.0837534474533,14.13,2.64830019669644,3266.22,4688.54,13.84
EST,EE,Estonia,Natural gas,2013,52.279,3.95659476079956,1320174,14.0932741040571,-10.1366793432576,13.89,2.63116915676625,3645.13,4278.94,31.01
EST,EE,Estonia,Natural gas,2014,52.214,3.95535065816332,1315819,14.0899698434143,-10.1346191852509,13.675,2.61556934830805,3020.86,4254.09,58.65
EST,EE,Estonia,Natural gas,2015,49.312,3.89816745913771,1313271,14.0880315295507,-10.189864070413,11.675,2.45744980355496,3038.87,3922.97,14.64
EST,EE,Estonia,Natural gas,2016,57.868,4.05816455476734,1315944,14.0900648367705,-10.0319002820032,9.36,2.2364452904895,3153.23,4304.8,14.46
EST,EE,Estonia,Natural gas,2017,53.814,3.98553365636392,1315635,14.0898299967741,-10.1042963404102,11.5361,2.44548124902097,3257.73,4328.76,4.68
EST,EE,Estonia,Natural gas,2018,54.981,4.00698767100385,1319133,14.0924852605812,-10.0854975895773,11.47135,2.43985262255888,3367.54,4202.31,74.86
EST,EE,Estonia,Natural gas,2019,57.781,4.05666000191498,1324820,14.0967871591175,-10.0401271572026,12.5564,2.53023049575166,3138.98,4014.04,33.03
EST,EE,Estonia,Natural gas,2020,56.208,4.02905909552347,1328889,14.0998538127626,-10.0707947172391,11.84235,2.47168208949109,2743.92,3685.34,25.71
EST,EE,Estonia,Natural gas,2021,60.358,4.10029349882451,1330068,14.1007406267105,-10.000447127886,16.4588,2.80086028858158,3128.68,4390.56,83.32
EST,EE,Estonia,Natural gas,2022,48.706,3.88580222578506,1331796,14.1020389652002,-10.2162367394151,30.4872,3.41730692339522,3162.31,4209.81,68.88
EST,EE,Estonia,Natural gas,2023,55.17,4.01041932728434,1365884,14.1273123960341,-10.1168930687498,26.2472,3.26755931668167,3135.29,4128.73,31.57
EST,EE,Estonia,Natural gas,2024,58.936,4.07645210938051,1374687,14.1337366268061,-10.0572845174256,20.53375,3.02206987387327,3388.01,3850.15,29.64
EST,EE,Estonia,Total,1990,1006.216,6.91395203934204,1570599,14.2669676332234,-7.35301559388132,,,3064.85,4155.26,6.54
EST,EE,Estonia,Total,1991,885.008,6.7855966845151,1567749,14.2651513905483,-7.47955470603317,,,3265.42,4316.37,16.62
EST,EE,Estonia,Total,1992,773.142,6.6504627315873,1554878,14.256907643926,-7.60644491233865,,,2964.74,4304.74,27.76
EST,EE,Estonia,Total,1993,751.733,6.62238120771204,1511303,14.2284827506022,-7.60610154289019,,,3306.37,4708.26,3.29
EST,EE,Estonia,Total,1994,888.218,6.78921720835858,1476952,14.2054910626781,-7.41627385431948,,,3823.75,4717.19,48.91
EST,EE,Estonia,Total,1995,1082.343,6.98688341471607,1448075,14.1857456461666,-7.19886223145049,,,3192.23,4388.89,20.61
EST,EE,Estonia,Total,1996,1147.364,7.04522241639231,1425192,14.1698170994508,-7.12459468305849,,,3829.96,4965.1,14.63
EST,EE,Estonia,Total,1997,1146.558,7.04451968976676,1405996,14.1562565063985,-7.11173681663173,,,3226.4,4551.16,49.27
EST,EE,Estonia,Total,1998,1000.777,6.90853197727391,1393074,14.1470233741076,-7.23849139683371,,,3428.63,4623.2,6.19
EST,EE,Estonia,Total,1999,954.78,6.86148094745015,1379237,14.1370410056779,-7.27556005822775,,,3578.35,4295.26,46.55
EST,EE,Estonia,Total,2000,926.31,6.83120895184027,1401250,14.1528752533685,-7.32166630152824,,,3150.86,4059.25,6.02
EST,EE,Estonia,Total,2001,946.972,6.85326952569511,1392720,14.1467692275326,-7.29349970183749,,,3111.6,4466.86,36.9
EST,EE,Estonia,Total,2002,915.904,6.81991155568841,1383510,14.1401343062278,-7.3202227505394,,,3254.31,4449.89,43.93
EST,EE,Estonia,Total,2003,924.163,6.82888846301022,1375190,14.1341024613548,-7.30521399834454,,,3928.47,4592.5,41.83
EST,EE,Estonia,Total,2004,921.954,6.82649533077184,1366250,14.1275803184729,-7.30108498770105,,,3393.73,4446.97,14.57
EST,EE,Estonia,Total,2005,889.167,6.79028506939058,1358850,14.1221493117655,-7.33186424237497,,,3424.41,4433.08,20.72
EST,EE,Estonia,Total,2006,881.169,6.78124943500843,1350700,14.1161335345489,-7.33488409954043,,,3562.25,4279.4,48.91
EST,EE,Estonia,Total,2007,961.519,6.86851432562402,1342920,14.1103569056001,-7.24184257997605,,,2992.22,4178.51,29.37
EST,EE,Estonia,Total,2008,951.951,6.85851356287847,1338440,14.1070153146397,-7.24850175176125,,,2982.61,3989.15,4.8
EST,EE,Estonia,Total,2009,970.068,6.87736617213311,1335740,14.1049960033612,-7.22762983122804,,,3151.52,4427.17,9.39
EST,EE,Estonia,Total,2010,1026.849,6.93425016893356,1333290,14.1031601298879,-7.16890996095436,,,3833.76,4967.01,84.97
EST,EE,Estonia,Total,2011,935.253,6.84081708092159,1329660,14.1004338284189,-7.25961674749736,,,3789.04,4188.77,52.92
EST,EE,Estonia,Total,2012,970.828,6.87814931562853,1325217,14.0970867775779,-7.21893746194941,,,3266.22,4688.54,13.84
EST,EE,Estonia,Total,2013,933.506,6.8389473903848,1320174,14.0932741040571,-7.25432671367232,,,3645.13,4278.94,31.01
EST,EE,Estonia,Total,2014,888.143,6.7891327660633,1315819,14.0899698434143,-7.30083707735097,,,3020.86,4254.09,58.65
EST,EE,Estonia,Total,2015,857.435,6.75394537441773,1313271,14.0880315295507,-7.334086155133,,,3038.87,3922.97,14.64
EST,EE,Estonia,Total,2016,930.578,6.83580589846917,1315944,14.0900648367705,-7.25425893830133,,,3153.23,4304.8,14.46
EST,EE,Estonia,Total,2017,940.914,6.84685174327284,1315635,14.0898299967741,-7.24297825350128,,,3257.73,4328.76,4.68
EST,EE,Estonia,Total,2018,941.042,6.8469877719581,1319133,14.0924852605812,-7.24549748862308,,,3367.54,4202.31,74.86
EST,EE,Estonia,Total,2019,951.351,6.85788307962371,1324820,14.0967871591175,-7.23890407949382,,,3138.98,4014.04,33.03
EST,EE,Estonia,Total,2020,944.704,6.85087165091453,1328889,14.0998538127626,-7.24898216184805,,,2743.92,3685.34,25.71
EST,EE,Estonia,Total,2021,965.256,6.87239335113124,1330068,14.1007406267105,-7.22834727557926,,,3128.68,4390.56,83.32
EST,EE,Estonia,Total,2022,963.88,6.8709668055343,1331796,14.1020389652002,-7.23107215966587,,,3162.31,4209.81,68.88
EST,EE,Estonia,Total,2023,935.976,6.84158983512321,1365884,14.1273123960341,-7.28572256091088,,,3135.29,4128.73,31.57
EST,EE,Estonia,Total,2024,978.233,6.88574788296866,1374687,14.1337366268061,-7.24798874383743,,,3388.01,3850.15,29.64
FIN,FI,Finland,Electricity,1990,1255.288,7.13512030731062,4974383,15.4198119007832,-8.28469159347258,,,3518.29,4716.78,6.63
FIN,FI,Finland,Electricity,1991,1344.798,7.20399909488331,4998478,15.4246440240593,-8.22064492917598,,,3704.14,4901.65,15.7
FIN,FI,Finland,Electricity,1992,1363.457,7.21777866530138,5029002,15.4307321128474,-8.21295344754603,,,3292.47,4873.57,17.59
FIN,FI,Finland,Electricity,1993,1402.666,7.24612999046415,5054982,15.4358848495995,-8.18975485913536,,,3640.39,5151.51,1.88
FIN,FI,Finland,Electricity,1994,1460.275,7.28638005312997,5077912,15.4404107114393,-8.15403065830929,,,4140.33,5252.56,39.72
FIN,FI,Finland,Electricity,1995,1397.85,7.24269062089977,5098754,15.4445067541196,-8.20181613321983,0.08805,-2.42985044403992,3430.89,4952.55,21.82
FIN,FI,Finland,Electricity,1996,1481.943,7.30110934357791,5116826,15.4480448829097,-8.14693553933177,0.0932,-2.37300755729059,4129.8,5354.78,9.93
FIN,FI,Finland,Electricity,1997,1498.022,7.31190085021765,5132320,15.4510683566319,-8.13916750641423,0.09435,-2.36074400716758,3608.07,5041.29,45.13
FIN,FI,Finland,Electricity,1998,1559.931,7.35239686849614,5147349,15.4539923828254,-8.10159551432921,0.0932,-2.37300755729059,3826.06,5196.8,3.14
FIN,FI,Finland,Electricity,1999,1586.414,7.36923140217925,5159646,15.4563785304532,-8.08714712827392,0.08795,-2.43098680779857,3913.74,4936.96,38.19
FIN,FI,Finland,Electricity,2000,1499.656,7.31299102745606,5171302,15.458635052303,-8.14564402484698,0.0872,-2.4395509480672,3503.24,4520.47,7.43
FIN,FI,Finland,Electricity,2001,1603.439,7.379905976626,5181115,15.4605308420378,-8.08062486541175,0.08805,-2.42985044403992,3450.96,5039.09,22.1
FIN,FI,Finland,Electricity,2002,1641.788,7.40354117083641,5194901,15.4631881255485,-8.0596469547121,0.09395,-2.36499255312266,3637.43,5035.38,33.76
FIN,FI,Finland,Electricity,2003,1712.21,7.44554021273053,5206295,15.4653790283173,-8.01983881558679,0.10255,-2.27740479446375,4297.03,5069,43.45
FIN,FI,Finland,Electricity,2004,1701.29,7.43914206581271,5219732,15.4679566175447,-8.02881455173195,0.10695,-2.23539384345372,3702.84,4916.87,8.77
FIN,FI,Finland,Electricity,2005,1742.992,7.46335845572177,5236611,15.4711850913353,-8.00782663561356,0.10475,-2.25617872017989,3662.29,4749.92,22.3
FIN,FI,Finland,Electricity,2006,1777.816,7.48314092365458,5255580,15.4748009272779,-7.99166000362334,0.10885,-2.21778449130158,3823.81,4780.6,41.41
FIN,FI,Finland,Electricity,2007,1776.956,7.48265706701523,5276955,15.478859784779,-7.99620271776373,0.1149,-2.16369309412743,3412.94,4667.45,21.99
FIN,FI,Finland,Electricity,2008,1753.654,7.4694568900752,5300484,15.4833086951076,-8.01385180503239,0.1248,-2.08104282304681,3252.65,4496.5,7.55
FIN,FI,Finland,Electricity,2009,1835.426,7.51503188613398,5326314,15.4881699996828,-7.97313811354878,0.12925,-2.0460067655936,3462,4947.54,13.54
FIN,FI,Finland,Electricity,2010,1969.39,7.58547912911217,5351427,15.4928738122783,-7.90739468316613,0.13475,-2.00433406919303,4161.48,5510.58,64.89
FIN,FI,Finland,Electricity,2011,1842.304,7.51877224120015,5375276,15.4973204794969,-7.97854823829675,0.15565,-1.86014538209452,4217.21,4593.54,47.94
FIN,FI,Finland,Electricity,2012,1924.506,7.56242459041185,5401267,15.5021441136429,-7.93971952323106,0.1554,-1.86175284104859,3445.68,5090.12,6.44
FIN,FI,Finland,Electricity,2013,1849.527,7.5226852097061,5426674,15.506836981221,-7.9841517715149,0.15685,-1.85246534434545,3863.21,4630.18,24.1
FIN,FI,Finland,Electricity,2014,1828.375,7.51118287320725,5451270,15.5113591670157,-8.00017629380841,0.15505,-1.86400763343568,3274.13,4561.74,57.98
FIN,FI,Finland,Electricity,2015,1798.624,7.49477720710316,5471753,15.5151095983768,-8.02033239127368,0.1541,-1.87015353665607,3273.87,4308.86,7.08
FIN,FI,Finland,Electricity,2016,1936.199,7.56848205181027,5487308,15.517948347143,-7.9494662953327,0.1543,-1.86885651961302,3428.39,4747,8.75
FIN,FI,Finland,Electricity,2017,1935.684,7.56821603137368,5503297,15.5208579251471,-7.95264189377337,0.159,-1.83885107676191,3505.96,4742.41,2.16
FIN,FI,Finland,Electricity,2018,1954.514,7.57789684816463,5513130,15.5226430779214,-7.94474622975678,0.1655,-1.79878408416502,3669.91,4680.85,68.73
FIN,FI,Finland,Electricity,2019,1938.607,7.56972495290518,5517919,15.52351135442,-7.95378640151484,0.17585,-1.73812392006215,3468.64,4630.31,30.13
FIN,FI,Finland,Electricity,2020,1895.099,7.54702635889599,5525292,15.5248466546503,-7.97782029575429,0.17565,-1.7392619002703,3139.31,4098.32,29.5
FIN,FI,Finland,Electricity,2021,2086.071,7.64303767141486,5533793,15.5263840334975,-7.88334636208265,0.18035,-1.71285587163259,3420.05,4922.44,69.64
FIN,FI,Finland,Electricity,2022,1945.486,7.57326709630517,5548241,15.5289914985506,-7.95572440224539,0.2204,-1.51231120170338,3536.82,4648.58,47.29
FIN,FI,Finland,Electricity,2023,1885.211,7.54179502995723,5563970,15.5318224402065,-7.99002741024925,0.248,-1.39432653281715,3427.94,4736.23,27.83
FIN,FI,Finland,Electricity,2024,1894.669,7.54679943207522,5603851,15.5389645979342,-7.99216516585903,0.2404,-1.42545107632108,3918.37,4516.58,27.15
FIN,FI,Finland,Natural gas,1990,27.322,3.3076922384653,4974383,15.4198119007832,-12.1121196623179,,,3518.29,4716.78,6.63
FIN,FI,Finland,Natural gas,1991,35.533,3.57046184215659,4998478,15.4246440240593,-11.8541821819027,,,3704.14,4901.65,15.7
FIN,FI,Finland,Natural gas,1992,33.663,3.51639931135084,5029002,15.4307321128474,-11.9143328014966,,,3292.47,4873.57,17.59
FIN,FI,Finland,Natural gas,1993,36.479,3.59673675254971,5054982,15.4358848495995,-11.8391480970498,,,3640.39,5151.51,1.88
FIN,FI,Finland,Natural gas,1994,40.305,3.69647553073556,5077912,15.4404107114393,-11.7439351807037,,,4140.33,5252.56,39.72
FIN,FI,Finland,Natural gas,1995,17.003,2.83338979907535,5098754,15.4445067541196,-12.6111169550443,,,3430.89,4952.55,21.82
FIN,FI,Finland,Natural gas,1996,18.014,2.89114923336155,5116826,15.4480448829097,-12.5568956495481,,,4129.8,5354.78,9.93
FIN,FI,Finland,Natural gas,1997,18.637,2.92514885209853,5132320,15.4510683566319,-12.5259195045334,,,3608.07,5041.29,45.13
FIN,FI,Finland,Natural gas,1998,19.347,2.96253736869635,5147349,15.4539923828254,-12.491455014129,,,3826.06,5196.8,3.14
FIN,FI,Finland,Natural gas,1999,22.012,3.09158775919751,5159646,15.4563785304532,-12.3647907712557,,,3913.74,4936.96,38.19
FIN,FI,Finland,Natural gas,2000,22.42,3.10995341764401,5171302,15.458635052303,-12.348681634659,,,3503.24,4520.47,7.43
FIN,FI,Finland,Natural gas,2001,26.075,3.26097700088684,5181115,15.4605308420378,-12.1995538411509,,,3450.96,5039.09,22.1
FIN,FI,Finland,Natural gas,2002,28.783,3.35978493508161,5194901,15.4631881255485,-12.1034031904669,,,3637.43,5035.38,33.76
FIN,FI,Finland,Natural gas,2003,28.504,3.35004442830354,5206295,15.4653790283173,-12.1153346000138,,,4297.03,5069,43.45
FIN,FI,Finland,Natural gas,2004,29.579,3.3870646500851,5219732,15.4679566175447,-12.0808919674596,,,3702.84,4916.87,8.77
FIN,FI,Finland,Natural gas,2005,30.288,3.41075159446697,5236611,15.4711850913353,-12.0604334968684,,,3662.29,4749.92,22.3
FIN,FI,Finland,Natural gas,2006,35.877,3.58009642165478,5255580,15.4748009272779,-11.8947045056231,,,3823.81,4780.6,41.41
FIN,FI,Finland,Natural gas,2007,38.908,3.66119988500719,5276955,15.478859784779,-11.8176598997718,,,3412.94,4667.45,21.99
FIN,FI,Finland,Natural gas,2008,38.456,3.64951473059166,5300484,15.4833086951076,-11.8337939645159,,,3252.65,4496.5,7.55
FIN,FI,Finland,Natural gas,2009,41.101,3.71603245210644,5326314,15.4881699996828,-11.7721375475763,,,3462,4947.54,13.54
FIN,FI,Finland,Natural gas,2010,46.044,3.82959746105282,5351427,15.4928738122783,-11.6632763512255,,,4161.48,5510.58,64.89
FIN,FI,Finland,Natural gas,2011,30.933,3.43182357520392,5375276,15.4973204794969,-12.065496904293,,,4217.21,4593.54,47.94
FIN,FI,Finland,Natural gas,2012,33.319,3.50612780484347,5401267,15.5021441136429,-11.9960163087994,,,3445.68,5090.12,6.44
FIN,FI,Finland,Natural gas,2013,29.449,3.3826599536637,5426674,15.506836981221,-12.1241770275573,,,3863.21,4630.18,24.1
FIN,FI,Finland,Natural gas,2014,28.676,3.35606053599063,5451270,15.5113591670157,-12.155298631025,,,3274.13,4561.74,57.98
FIN,FI,Finland,Natural gas,2015,25.365,3.23337027101865,5471753,15.5151095983768,-12.2817393273582,,,3273.87,4308.86,7.08
FIN,FI,Finland,Natural gas,2016,26.226,3.26675128510923,5487308,15.517948347143,-12.2511970620337,,,3428.39,4747,8.75
FIN,FI,Finland,Natural gas,2017,25.9,3.25424296870549,5503297,15.5208579251471,-12.2666149564416,,,3505.96,4742.41,2.16
FIN,FI,Finland,Natural gas,2018,24.508,3.19899959486341,5513130,15.5226430779214,-12.323643483058,,,3669.91,4680.85,68.73
FIN,FI,Finland,Natural gas,2019,26.658,3.28308929318183,5517919,15.52351135442,-12.2404220612382,,,3468.64,4630.31,30.13
FIN,FI,Finland,Natural gas,2020,23.949,3.17592656933177,5525292,15.5248466546503,-12.3489200853185,,,3139.31,4098.32,29.5
FIN,FI,Finland,Natural gas,2021,28.068,3.33463013739004,5533793,15.5263840334975,-12.1917538961075,,,3420.05,4922.44,69.64
FIN,FI,Finland,Natural gas,2022,19.085,2.94890268619719,5548241,15.5289914985506,-12.5800888123534,,,3536.82,4648.58,47.29
FIN,FI,Finland,Natural gas,2023,8.832,2.17838148953474,5563970,15.5318224402065,-13.3534409506717,,,3427.94,4736.23,27.83
FIN,FI,Finland,Natural gas,2024,6.44,1.86252854011626,5603851,15.5389645979342,-13.676436057818,,,3918.37,4516.58,27.15
FIN,FI,Finland,Total,1990,5352.682,8.58535302268819,4974383,15.4198119007832,-6.83445887809501,,,3518.29,4716.78,6.63
FIN,FI,Finland,Total,1991,5578.614,8.6266956374254,4998478,15.4246440240593,-6.79794838663389,,,3704.14,4901.65,15.7
FIN,FI,Finland,Total,1992,5568.079,8.624805390132,5029002,15.4307321128474,-6.80592672271541,,,3292.47,4873.57,17.59
FIN,FI,Finland,Total,1993,5345.188,8.58395199589952,5054982,15.4358848495995,-6.85193285369999,,,3640.39,5151.51,1.88
FIN,FI,Finland,Total,1994,5540.91,8.61991402617994,5077912,15.4404107114393,-6.82049668525931,,,4140.33,5252.56,39.72
FIN,FI,Finland,Total,1995,5448.897,8.60316848185352,5098754,15.4445067541196,-6.84133827226609,,,3430.89,4952.55,21.82
FIN,FI,Finland,Total,1996,5369.206,8.58843531809777,5116826,15.4480448829097,-6.85960956481191,,,4129.8,5354.78,9.93
FIN,FI,Finland,Total,1997,5232.02,8.5625527157597,5132320,15.4510683566319,-6.88851564087219,,,3608.07,5041.29,45.13
FIN,FI,Finland,Total,1998,5402.355,8.59459024859467,5147349,15.4539923828254,-6.85940213423069,,,3826.06,5196.8,3.14
FIN,FI,Finland,Total,1999,5175.026,8.55159964227554,5159646,15.4563785304532,-6.90477888817764,,,3913.74,4936.96,38.19
FIN,FI,Finland,Total,2000,4491.67,8.40997984922384,5171302,15.458635052303,-7.0486552030792,,,3503.24,4520.47,7.43
FIN,FI,Finland,Total,2001,4883.755,8.49366967017219,5181115,15.4605308420378,-6.96686117186557,,,3450.96,5039.09,22.1
FIN,FI,Finland,Total,2002,4969.496,8.51107370549779,5194901,15.4631881255485,-6.95211442005073,,,3637.43,5035.38,33.76
FIN,FI,Finland,Total,2003,5118.348,8.54058700971883,5206295,15.4653790283173,-6.92479201859849,,,4297.03,5069,43.45
FIN,FI,Finland,Total,2004,5035.809,8.52432946751886,5219732,15.4679566175447,-6.9436271500258,,,3702.84,4916.87,8.77
FIN,FI,Finland,Total,2005,5020.097,8.52120453520826,5236611,15.4711850913353,-6.94998055612707,,,3662.29,4749.92,22.3
FIN,FI,Finland,Total,2006,5122.043,8.54130866188237,5255580,15.4748009272779,-6.93349226539555,,,3823.81,4780.6,41.41
FIN,FI,Finland,Total,2007,5124.068,8.54170393381069,5276955,15.478859784779,-6.93715585096827,,,3412.94,4667.45,21.99
FIN,FI,Finland,Total,2008,4991.511,8.51549394852042,5300484,15.4833086951076,-6.96781474658716,,,3252.65,4496.5,7.55
FIN,FI,Finland,Total,2009,5246.749,8.56536392568334,5326314,15.4881699996828,-6.92280607399943,,,3462,4947.54,13.54
FIN,FI,Finland,Total,2010,5811.348,8.66756783670429,5351427,15.4928738122783,-6.82530597557402,,,4161.48,5510.58,64.89
FIN,FI,Finland,Total,2011,5091.152,8.53525941006634,5375276,15.4973204794969,-6.96206106943056,,,4217.21,4593.54,47.94
FIN,FI,Finland,Total,2012,5455.635,8.60440429845849,5401267,15.5021441136429,-6.89773981518441,,,3445.68,5090.12,6.44
FIN,FI,Finland,Total,2013,5172.734,8.55115664784245,5426674,15.506836981221,-6.95568033337855,,,3863.21,4630.18,24.1
FIN,FI,Finland,Total,2014,5126.2,8.5421199229401,5451270,15.5113591670157,-6.96923924407557,,,3274.13,4561.74,57.98
FIN,FI,Finland,Total,2015,4950.975,8.50733980586372,5471753,15.5151095983768,-7.00776979251312,,,3273.87,4308.86,7.08
FIN,FI,Finland,Total,2016,5342.235,8.58339938371693,5487308,15.517948347143,-6.93454896342604,,,3428.39,4747,8.75
FIN,FI,Finland,Total,2017,5761.435,8.65894185460617,5503297,15.5208579251471,-6.86191607054088,,,3505.96,4742.41,2.16
FIN,FI,Finland,Total,2018,5691.11,8.64666058718104,5513130,15.5226430779214,-6.87598249074037,,,3669.91,4680.85,68.73
FIN,FI,Finland,Total,2019,5631.035,8.63604854082756,5517919,15.52351135442,-6.88746281359246,,,3468.64,4630.31,30.13
FIN,FI,Finland,Total,2020,5284.813,8.57259251451845,5525292,15.5248466546503,-6.95225414013182,,,3139.31,4098.32,29.5
FIN,FI,Finland,Total,2021,5962.385,8.69322584779886,5533793,15.5263840334975,-6.83315818569865,,,3420.05,4922.44,69.64
FIN,FI,Finland,Total,2022,5594.322,8.62950743377852,5548241,15.5289914985506,-6.89948406477204,,,3536.82,4648.58,47.29
FIN,FI,Finland,Total,2023,5465.387,8.60619021237607,5563970,15.5318224402065,-6.92563222783041,,,3427.94,4736.23,27.83
FIN,FI,Finland,Total,2024,5362.842,8.58724933742643,5603851,15.5389645979342,-6.95171526050781,,,3918.37,4516.58,27.15
FRA,FR,France,Electricity,1990,8332.588,9.02792937118223,58029398,17.8764603021685,-8.84853093098624,,,1797.66,2472.84,131.55
FRA,FR,France,Electricity,1991,9184.609,9.12528442733648,58313439,17.8813431393361,-8.7560587119996,0.1165,-2.14986400597638,2083.62,2847.36,110.62
FRA,FR,France,Electricity,1992,9423.302,9.15094083693441,58604851,17.886328032691,-8.73538719575659,0.12125,-2.10990074916454,2183.5,2682.75,96.6
FRA,FR,France,Electricity,1993,9584.695,9.16792283442051,58885929,17.8911127236469,-8.72318988922637,0.12795,-2.05611571637634,2052.71,2748.19,75.15
FRA,FR,France,Electricity,1994,9563.285,9.16568656626874,59104320,17.8948145761516,-8.72912800988288,0.12965,-2.04291676699746,2016.59,2400.2,139.65
FRA,FR,France,Electricity,1995,9358.727,9.14406455594871,59315139,17.8983751264953,-8.7543105705466,0.12855,-2.05143734527024,1823.03,2555.23,137.39
FRA,FR,France,Electricity,1996,10361.909,9.24589176524777,59522297,17.9018615398144,-8.65596977456658,0.13395,-2.01028868299152,2077.49,2889.42,89.97
FRA,FR,France,Electricity,1997,10239.381,9.23399644754762,59726386,17.9052844572694,-8.67128800972176,0.12835,-2.05299437166499,2047.55,2497.27,104.35
FRA,FR,France,Electricity,1998,10588.736,9.26754607358694,59934884,17.9087692641914,-8.64122319060448,0.12475,-2.08144354435051,1907.7,2647.82,99.93
FRA,FR,France,Electricity,1999,10914.273,9.29782666117715,60158533,17.9124938523351,-8.61466719115798,0.1192,-2.12695252435089,2063.67,2486.82,96.69
FRA,FR,France,Electricity,2000,11067.928,9.31180683564532,60545022,17.9188978115366,-8.6070909758913,0.11665,-2.1485772805147,2027.03,2439.27,88.15
FRA,FR,France,Electricity,2001,11512.21,9.35116349023543,60979315,17.9260452662701,-8.57488177603465,0.11535,-2.15978429436237,1819.45,2581.93,113.76
FRA,FR,France,Electricity,2002,11435.77,9.34450144131271,61424036,17.9333117823127,-8.58881034099996,0.1165,-2.14986400597638,1911.17,2368.71,83.83
FRA,FR,France,Electricity,2003,12171.453,9.40684857080233,61864088,17.9404504077451,-8.53360183694277,0.1162,-2.15244243456433,1927.42,2536.96,234.42
FRA,FR,France,Electricity,2004,12328.461,9.41966577084979,62292241,17.9473474334655,-8.52768166261571,0.1194,-2.12527607802364,2069.37,2642.03,102.81
FRA,FR,France,Electricity,2005,11907.395,9.38491491466427,62772870,17.9550335317274,-8.5701186170631,0.1194,-2.12527607802364,2098.19,2649.99,124.2
FRA,FR,France,Electricity,2006,12323.904,9.41929607000754,63229635,17.9622836574418,-8.54298758743428,0.11925,-2.12653314921369,2160.07,2481.19,152.64
FRA,FR,France,Electricity,2007,12174.463,9.40709584020188,63645065,17.9688323465761,-8.56173650637424,0.1222,-2.10209623224464,1697.35,2439.78,63.23
FRA,FR,France,Electricity,2008,13125.709,9.48232810504847,64007193,17.9745060256336,-8.49217792058512,0.1208,-2.11361899348142,2018.45,2602.1,82.2
FRA,FR,France,Electricity,2009,12814.445,9.45832832923762,64350226,17.9798510040438,-8.52152267480614,0.12065,-2.1148614869111,2190.63,2549.88,125.91
FRA,FR,France,Electricity,2010,13888.22,9.53879627778849,64658856,17.9846356375594,-8.44583935977093,0.13165,-2.02760839303982,2105.72,2915.47,113.96
FRA,FR,France,Electricity,2011,12728.305,9.45158353264692,64978721,17.9895704050321,-8.53798687238522,0.14025,-1.96432873457933,2099.16,2270.96,79.62
FRA,FR,France,Electricity,2012,13765.106,9.52989211823721,65276983,17.9941500512531,-8.46425793301589,0.14465,-1.93343824755999,1896.69,2592.62,107.83
FRA,FR,France,Electricity,2013,14456.511,9.57890018029148,65600350,17.9990915892659,-8.42019140897446,0.156,-1.8578992717326,2102.65,2746.46,121.89
FRA,FR,France,Electricity,2014,12967.755,9.47022117057819,66165980,18.0076769915358,-8.53745582095762,0.16435,-1.80575697887191,1788.85,2209.5,78.39
FRA,FR,France,Electricity,2015,13525.513,9.51233303275507,66458153,18.012083029352,-8.4997499965969,0.1679,-1.78438671489864,1876.28,2367.38,166.03
FRA,FR,France,Electricity,2016,14024.428,9.54855594524547,66638391,18.0147914108735,-8.46623546562804,0.1698,-1.77313400510489,1779.81,2535.2,121.73
FRA,FR,France,Electricity,2017,13854.075,9.53633469216686,66809816,18.0173605738191,-8.48102588165228,0.173,-1.75446368448436,1985.29,2459.07,150.63
FRA,FR,France,Electricity,2018,13777.804,9.53081417047495,67026224,18.0205945037621,-8.4897803332872,0.17735,-1.72963009776251,1986.41,2337.07,171.73
FRA,FR,France,Electricity,2019,13733.627,9.52760262993603,67290471,18.0245291946942,-8.49692656475814,0.18455,-1.68983484950613,1834.18,2375.81,184.54
FRA,FR,France,Electricity,2020,13886.374,9.5386633505527,67473651,18.0272477240786,-8.48858437352594,0.19255,-1.64739941872122,1733.65,2199.6,151.82
FRA,FR,France,Electricity,2021,14575.679,9.5871095967545,67728568,18.0310186281948,-8.4439090314403,0.1984,-1.61747008413136,1868.19,2542.65,94.39
FRA,FR,France,Electricity,2022,13344.612,9.49886798685619,68091703,18.0363659281612,-8.53749794130502,0.2148,-1.53804791634743,1904.11,2181.98,226.28
FRA,FR,France,Electricity,2023,12960.987,9.46969912441384,68436003,18.0414096037633,-8.57171047934941,0.24455,-1.40833549199677,1720.49,2178.78,157.65
FRA,FR,France,Electricity,2024,12978.485,9.47104826541827,68669303,18.0448128305526,-8.57376456513436,0.28865,-1.24254039747519,1660.46,2227.69,136.82
FRA,FR,France,Natural gas,1990,9579.592,9.16739028133147,58029398,17.8764603021685,-8.709070020837,,,1797.66,2472.84,131.55
FRA,FR,France,Natural gas,1991,11227.879,9.32615516079385,58313439,17.8813431393361,-8.55518797854223,,,2083.62,2847.36,110.62
FRA,FR,France,Natural gas,1992,10975.923,9.30345933463494,58604851,17.886328032691,-8.58286869805606,,,2183.5,2682.75,96.6
FRA,FR,France,Natural gas,1993,11519.277,9.3517771718637,58885929,17.8911127236469,-8.53933555178318,,,2052.71,2748.19,75.15
FRA,FR,France,Natural gas,1994,10819.251,9.28908232634451,59104320,17.8948145761516,-8.6057322498071,,,2016.59,2400.2,139.65
FRA,FR,France,Natural gas,1995,11380.644,9.33966929658881,59315139,17.8983751264953,-8.55870582990651,,,1823.03,2555.23,137.39
FRA,FR,France,Natural gas,1996,12797.224,9.45698355138692,59522297,17.9018615398144,-8.44487798842742,,,2077.49,2889.42,89.97
FRA,FR,France,Natural gas,1997,11663.728,9.36423913436062,59726386,17.9052844572694,-8.54104532290876,,,2047.55,2497.27,104.35
FRA,FR,France,Natural gas,1998,12697.003,9.44912126034605,59934884,17.9087692641914,-8.45964800384537,,,1907.7,2647.82,99.93
FRA,FR,France,Natural gas,1999,12833.865,9.45984265932105,60158533,17.9124938523351,-8.45265119301408,,,2063.67,2486.82,96.69
FRA,FR,France,Natural gas,2000,12641.633,9.44475085239412,60545022,17.9188978115366,-8.47414695914251,,,2027.03,2439.27,88.15
FRA,FR,France,Natural gas,2001,12908.07,9.46560797615064,60979315,17.9260452662701,-8.46043729011944,,,1819.45,2581.93,113.76
FRA,FR,France,Natural gas,2002,13225.566,9.48990705354227,61424036,17.9333117823127,-8.4434047287704,,,1911.17,2368.71,83.83
FRA,FR,France,Natural gas,2003,13154.314,9.48450504464222,61864088,17.9404504077451,-8.45594536310288,,,1927.42,2536.96,234.42
FRA,FR,France,Natural gas,2004,14764.178,9.5999591204305,62292241,17.9473474334655,-8.347388313035,15.31,2.72850620966959,2069.37,2642.03,102.81
FRA,FR,France,Natural gas,2005,14451.926,9.57858297185586,62772870,17.9550335317274,-8.37645055987151,16.3,2.79116510781272,2098.19,2649.99,124.2
FRA,FR,France,Natural gas,2006,14613.957,9.58973230996282,63229635,17.9622836574418,-8.37255134747901,18.425,2.9137084380754,2160.07,2481.19,152.64
FRA,FR,France,Natural gas,2007,12940.356,9.46810607926842,63645065,17.9688323465761,-8.5007262673077,14.32,2.6616571615325,1697.35,2439.78,63.23
FRA,FR,France,Natural gas,2008,14003.018,9.54702815679379,64007193,17.9745060256336,-8.42747786883981,15.2575,2.72507118543651,2018.45,2602.1,82.2
FRA,FR,France,Natural gas,2009,14194.211,9.56058948441054,64350226,17.9798510040438,-8.41926151963322,15.745,2.75652285455299,2190.63,2549.88,125.91
FRA,FR,France,Natural gas,2010,13871.086,9.53756180872965,64658856,17.9846356375594,-8.44707382882977,15.22,2.72261035243354,2105.72,2915.47,113.96
FRA,FR,France,Natural gas,2011,12696.194,9.44905754249278,64978721,17.9895704050321,-8.54051286253936,17.03,2.8349764946746,2099.16,2270.96,79.62
FRA,FR,France,Natural gas,2012,14055.678,9.550781721238,65276983,17.9941500512531,-8.4433683300151,18.29,2.90635446240277,1896.69,2592.62,107.83
FRA,FR,France,Natural gas,2013,14507.507,9.58242151857369,65600350,17.9990915892659,-8.41667007069224,19.535,2.97220772850703,2102.65,2746.46,121.89
FRA,FR,France,Natural gas,2014,10840.899,9.29108120513417,66165980,18.0076769915358,-8.71659578640163,20.315,3.01135952943969,1788.85,2209.5,78.39
FRA,FR,France,Natural gas,2015,11673.43,9.36507059811974,66458153,18.012083029352,-8.64701243123223,19.905,2.99097095645228,1876.28,2367.38,166.03
FRA,FR,France,Natural gas,2016,12630.385,9.44386069785698,66638391,18.0147914108735,-8.57093071301653,18.42,2.91343703082716,1779.81,2535.2,121.73
FRA,FR,France,Natural gas,2017,12270.857,9.41498238041667,66809816,18.0173605738191,-8.60237819340246,18.5254,2.91914276339168,1985.29,2459.07,150.63
FRA,FR,France,Natural gas,2018,11502.73,9.35033967748283,67026224,18.0205945037621,-8.67025482627932,19.8294,2.98716568488787,1986.41,2337.07,171.73
FRA,FR,France,Natural gas,2019,11221.38,9.32557616616587,67290471,18.0245291946942,-8.6989530285283,21.90295,3.08662133094714,1834.18,2375.81,184.54
FRA,FR,France,Natural gas,2020,10994.467,9.30514742523357,67473651,18.0272477240786,-8.72210029884507,20.4294,3.01697503982264,1733.65,2199.6,151.82
FRA,FR,France,Natural gas,2021,11505.062,9.35054239141627,67728568,18.0310186281948,-8.68047623677853,20.53935,3.02234255843006,1868.19,2542.65,94.39
FRA,FR,France,Natural gas,2022,9575.106,9.16692188448365,68091703,18.0363659281612,-8.86944404367756,25.94005,3.2557881064115,1904.11,2181.98,226.28
FRA,FR,France,Natural gas,2023,8760.264,9.07798132046263,68436003,18.0414096037633,-8.96342828330062,30.9029,3.43085003063264,1720.49,2178.78,157.65
FRA,FR,France,Natural gas,2024,8618.978,9.06172179514385,68669303,18.0448128305526,-8.98309103540878,35.1143,3.55860845491136,1660.46,2227.69,136.82
FRA,FR,France,Total,1990,38195.822,10.5504814168854,58029398,17.8764603021685,-7.32597888528308,,,1797.66,2472.84,131.55
FRA,FR,France,Total,1991,43010.343,10.6691959006355,58313439,17.8813431393361,-7.21214723870054,,,2083.62,2847.36,110.62
FRA,FR,France,Total,1992,42050.283,10.6466213954617,58604851,17.886328032691,-7.23970663722932,,,2183.5,2682.75,96.6
FRA,FR,France,Total,1993,41644.949,10.6369353677319,58885929,17.8911127236469,-7.254177355915,,,2052.71,2748.19,75.15
FRA,FR,France,Total,1994,38598.019,10.5609562328924,59104320,17.8948145761516,-7.3338583432592,,,2016.59,2400.2,139.65
FRA,FR,France,Total,1995,39005.727,10.5714637604848,59315139,17.8983751264953,-7.32691136601052,,,1823.03,2555.23,137.39
FRA,FR,France,Total,1996,42903.359,10.6667054002193,59522297,17.9018615398144,-7.2351561395951,,,2077.49,2889.42,89.97
FRA,FR,France,Total,1997,39832.782,10.5924455205856,59726386,17.9052844572694,-7.31283893668376,,,2047.55,2497.27,104.35
FRA,FR,France,Total,1998,42045.498,10.6465075966492,59934884,17.9087692641914,-7.26226166754219,,,1907.7,2647.82,99.93
FRA,FR,France,Total,1999,41923.766,10.643608152746,60158533,17.9124938523351,-7.26888569958912,,,2063.67,2486.82,96.69
FRA,FR,France,Total,2000,40594.423,10.6113859716224,60545022,17.9188978115366,-7.3075118399142,,,2027.03,2439.27,88.15
FRA,FR,France,Total,2001,42483.029,10.6568599575169,60979315,17.9260452662701,-7.26918530875315,,,1819.45,2581.93,113.76
FRA,FR,France,Total,2002,40813.954,10.6167793117242,61424036,17.9333117823127,-7.31653247058852,,,1911.17,2368.71,83.83
FRA,FR,France,Total,2003,42331.548,10.653287902655,61864088,17.9404504077451,-7.28716250509015,,,1927.42,2536.96,234.42
FRA,FR,France,Total,2004,44031.519,10.6926609973598,62292241,17.9473474334655,-7.2546864361057,,,2069.37,2642.03,102.81
FRA,FR,France,Total,2005,43009,10.6691646751006,62772870,17.9550335317274,-7.28586885662676,,,2098.19,2649.99,124.2
FRA,FR,France,Total,2006,42393.288,10.6547453268022,63229635,17.9622836574418,-7.30753833063964,,,2160.07,2481.19,152.64
FRA,FR,France,Total,2007,40421.133,10.6071080212426,63645065,17.9688323465761,-7.36172432533348,,,1697.35,2439.78,63.23
FRA,FR,France,Total,2008,44171.591,10.6958371238649,64007193,17.9745060256336,-7.2786689017687,,,2018.45,2602.1,82.2
FRA,FR,France,Total,2009,43976.87,10.6914190928631,64350226,17.9798510040438,-7.28843191118067,,,2190.63,2549.88,125.91
FRA,FR,France,Total,2010,45407.793,10.7234390212813,64658856,17.9846356375594,-7.26119661627812,,,2105.72,2915.47,113.96
FRA,FR,France,Total,2011,40281.831,10.6036558026018,64978721,17.9895704050321,-7.38591460243038,,,2099.16,2270.96,79.62
FRA,FR,France,Total,2012,44796.251,10.7098797318657,65276983,17.9941500512531,-7.28427031938736,,,1896.69,2592.62,107.83
FRA,FR,France,Total,2013,46934.921,10.7565172615908,65600350,17.9990915892659,-7.24257432767513,,,2102.65,2746.46,121.89
FRA,FR,France,Total,2014,38260.942,10.5521848637053,66165980,18.0076769915358,-7.45549212783054,,,1788.85,2209.5,78.39
FRA,FR,France,Total,2015,40692.404,10.6137967201058,66458153,18.012083029352,-7.39828630924619,,,1876.28,2367.38,166.03
FRA,FR,France,Total,2016,43102.268,10.6713308965171,66638391,18.0147914108735,-7.34346051435641,,,1779.81,2535.2,121.73
FRA,FR,France,Total,2017,42420.967,10.6553980237099,66809816,18.0173605738191,-7.36196255010927,,,1985.29,2459.07,150.63
FRA,FR,France,Total,2018,41029.548,10.622047769046,67026224,18.0205945037621,-7.39854673471611,,,1986.41,2337.07,171.73
FRA,FR,France,Total,2019,40771.075,10.6157281628927,67290471,18.0245291946942,-7.40880103180146,,,1834.18,2375.81,184.54
FRA,FR,France,Total,2020,39984.582,10.5962492087911,67473651,18.0272477240786,-7.43099851528752,,,1733.65,2199.6,151.82
FRA,FR,France,Total,2021,43310.438,10.6761489472954,67728568,18.0310186281948,-7.35486968089942,,,1868.19,2542.65,94.39
FRA,FR,France,Total,2022,37920.921,10.5432582440487,68091703,18.0363659281612,-7.49310768411252,,,1904.11,2181.98,226.28
FRA,FR,France,Total,2023,36640.154,10.508900021836,68436003,18.0414096037633,-7.53250958192725,,,1720.49,2178.78,157.65
FRA,FR,France,Total,2024,36623.464,10.5084444068734,68669303,18.0448128305526,-7.53636842367926,,,1660.46,2227.69,136.82
GBR,UK,United Kingdom,Electricity,1990,8064.746,8.99525749595301,57156972,17.861311935515,-8.86605443956199,,,2126.28,3201.83,2.07
GBR,UK,United Kingdom,Electricity,1991,8434.91,9.04013432509505,57338199,17.8644776087878,-8.8243432836927,0.1019,-2.28376333875346,2296.88,3350.78,0.9
GBR,UK,United Kingdom,Electricity,1992,8553.912,9.05414400114918,57511594,17.8674971202246,-8.81335311907545,0.10545,-2.24951837205735,2173.38,3389.61,0.04
GBR,UK,United Kingdom,Electricity,1993,8637.661,9.06388710755489,57649210,17.869887101203,-8.80599999364808,0.09695,-2.33355989729348,2249.63,3421.73,0
GBR,UK,United Kingdom,Electricity,1994,8719.433,9.07330949185316,57788017,17.8722919938101,-8.79898250195693,0.1012,-2.29065652212877,2364.58,3329.72,0
GBR,UK,United Kingdom,Electricity,1995,8788.478,9.0811968243785,57943472,17.8749784725695,-8.79378164819097,0.098,-2.32278780031157,2126.87,3179.61,18.48
GBR,UK,United Kingdom,Electricity,1996,9244.454,9.13177908312639,58094587,17.8775830505283,-8.74580396740191,0.0959,-2.34444929709274,2229.51,3448.12,0.68
GBR,UK,United Kingdom,Electricity,1997,8981.513,9.10292363262754,58239312,17.8800711485961,-8.77714751596858,0.10985,-2.20863948015152,2185.14,3042.35,0.13
GBR,UK,United Kingdom,Electricity,1998,9407.567,9.14926964441938,58394596,17.8827339092703,-8.73346426485094,0.10835,-2.22238855099977,1968.48,3119.19,0
GBR,UK,United Kingdom,Electricity,1999,9484.781,9.15744379301452,58579685,17.8858985220875,-8.72845472907302,0.10345,-2.26866687479059,2144.31,3133.59,2.49
GBR,UK,United Kingdom,Electricity,2000,9616.681,9.17125447373496,58785246,17.8894014630162,-8.71814698928126,0.109,-2.21640739675299,2131.58,3270.45,0.58
GBR,UK,United Kingdom,Electricity,2001,9917.197,9.20202559986731,58999781,17.8930442899987,-8.69101869013139,0.10725,-2.23259272117401,2370.04,3295.87,0.33
GBR,UK,United Kingdom,Electricity,2002,9848.151,9.19503900080929,59239564,17.8971001874448,-8.70206118663553,0.10535,-2.25046713873194,2025.35,3167.26,0.09
GBR,UK,United Kingdom,Electricity,2003,10576.182,9.26635977071798,59501394,17.9015102988128,-8.63515052809486,0.0974,-2.32892906833365,2204.92,3159.93,3.4
GBR,UK,United Kingdom,Electricity,2004,10679.278,9.27606050723275,59793759,17.906411848926,-8.63035134169326,0.08805,-2.42985044403992,2223.29,3131.69,0.07
GBR,UK,United Kingdom,Electricity,2005,10809.2,9.28815290234429,60182050,17.9128846930592,-8.62473179071495,0.09015,-2.40628032933281,2086.7,3064.72,2.28
GBR,UK,United Kingdom,Electricity,2006,10722.614,9.28011024818343,60620361,17.9201413847065,-8.64003113652309,0.10895,-2.21686621759151,2182.8,3062.59,10.41
GBR,UK,United Kingdom,Electricity,2007,10582.631,9.26696935124594,61073279,17.927584996242,-8.66061564499603,0.1481,-1.90986755770838,2060.32,2980.29,0.84
GBR,UK,United Kingdom,Electricity,2008,10300.946,9.23999101466046,61571647,17.9357120465702,-8.69572103190976,0.15305,-1.87699061359072,2054.29,3284.54,0.08
GBR,UK,United Kingdom,Electricity,2009,10192.691,9.2294261737869,62042343,17.9433276615169,-8.71390148773004,0.14365,-1.94037549355684,2298.07,3248.55,0.55
GBR,UK,United Kingdom,Electricity,2010,10217.713,9.23187806180788,62510197,17.9508402533988,-8.71896219159091,0.14175,-1.95369033637428,2415.34,3627.06,0.05
GBR,UK,United Kingdom,Electricity,2011,9594.669,9.16896291071284,63022532,17.9590028712077,-8.79003996049482,0.15085,-1.89146931337707,2444.8,3078.76,0
GBR,UK,United Kingdom,Electricity,2012,9859.243,9.19616466980147,63497844,17.9665165105306,-8.77035184072914,0.17335,-1.7524426068511,1892.59,3259.82,0.06
GBR,UK,United Kingdom,Electricity,2013,9751.677,9.18519454920159,63924382,17.9732114115156,-8.78801686231401,0.1769,-1.7321706778164,2377.04,3268.7,7.75
GBR,UK,United Kingdom,Electricity,2014,9292.863,9.13700196516954,64378457,17.9802896164772,-8.84328765130767,0.19655,-1.62683842711427,2108.43,3074.45,2.81
GBR,UK,United Kingdom,Electricity,2015,9266.023,9.13410954816648,64852826,17.9876310452638,-8.85352149709729,0.2154,-1.53525851425985,2213.54,3327.55,0.13
GBR,UK,United Kingdom,Electricity,2016,9288.482,9.13653041694941,65346400,17.9952129085293,-8.85868249157994,0.1891,-1.66547930331773,2085.67,3164.33,1.25
GBR,UK,United Kingdom,Electricity,2017,9060.009,9.11162539241401,65785067,18.0019034252508,-8.8902780328368,0.1811,-1.70870591409277,2076.24,3001.26,0.21
GBR,UK,United Kingdom,Electricity,2018,9033.925,9.10874221420975,66125510,18.0070651607784,-8.89832294656865,0.19555,-1.63193917778061,2223.14,3192.68,7.87
GBR,UK,United Kingdom,Electricity,2019,8927.331,9.09687274901779,66457117,18.0120674404734,-8.91519469145564,0.2166,-1.52970294441525,2014.53,3112.52,0.2
GBR,UK,United Kingdom,Natural gas,1990,23246.711,10.0539189386432,57156972,17.861311935515,-7.80739299687183,,,2126.28,3201.83,2.07
GBR,UK,United Kingdom,Natural gas,1991,25844.196,10.1598413286146,57338199,17.8644776087878,-7.70463628017312,9.3429,2.23461669655328,2296.88,3350.78,0.9
GBR,UK,United Kingdom,Natural gas,1992,25545.142,10.1482024405672,57511594,17.8674971202246,-7.71929467965741,9.14325,2.21301590213123,2173.38,3389.61,0.04
GBR,UK,United Kingdom,Natural gas,1993,26323.818,10.1782294357092,57649210,17.869887101203,-7.69165766549374,8.1514,2.09818969164153,2249.63,3421.73,0
GBR,UK,United Kingdom,Natural gas,1994,25514.961,10.1470202649843,57788017,17.8722919938101,-7.72527172882582,8.5536,2.14635224696246,2364.58,3329.72,0
GBR,UK,United Kingdom,Natural gas,1995,25228.633,10.1357348586373,57943472,17.8749784725695,-7.73924361393217,8.59765,2.15148891010434,2126.87,3179.61,18.48
GBR,UK,United Kingdom,Natural gas,1996,29084.867,10.2779732835306,58094587,17.8775830505283,-7.59960976699774,8.37255,2.12495849760031,2229.51,3448.12,0.68
GBR,UK,United Kingdom,Natural gas,1997,26739.359,10.1938918787905,58239312,17.8800711485961,-7.68617926980567,9.8391,2.2863642434665,2185.14,3042.35,0.13
GBR,UK,United Kingdom,Natural gas,1998,27541.316,10.2234425561809,58394596,17.8827339092703,-7.6592913530894,9.7172,2.27389751112979,1968.48,3119.19,0
GBR,UK,United Kingdom,Natural gas,1999,27709.329,10.229524422479,58579685,17.8858985220875,-7.65637409960851,9.23165,2.2226377974353,2144.31,3133.59,2.49
GBR,UK,United Kingdom,Natural gas,2000,28625.795,10.2620635133966,58785246,17.8894014630162,-7.62733794961958,9.99705,2.30229004947299,2131.58,3270.45,0.58
GBR,UK,United Kingdom,Natural gas,2001,29362.296,10.2874666813057,58999781,17.8930442899987,-7.60557760869296,9.92425,2.29498125696731,2370.04,3295.87,0.33
GBR,UK,United Kingdom,Natural gas,2002,29125.946,10.2793846710272,59239564,17.8971001874448,-7.61771551641761,10.10075,2.31260967851601,2025.35,3167.26,0.09
GBR,UK,United Kingdom,Natural gas,2003,29908.641,10.3059027142828,59501394,17.9015102988128,-7.59560758453003,9.58435,2.26013155990495,2204.92,3159.93,3.4
GBR,UK,United Kingdom,Natural gas,2004,30676.677,10.3312579380114,59793759,17.906411848926,-7.57515391091459,8.8127,2.17619386291632,2223.29,3131.69,0.07
GBR,UK,United Kingdom,Natural gas,2005,29552.107,10.2939103231688,60182050,17.9128846930592,-7.61897436989045,8.20305,2.10450603633301,2086.7,3064.72,2.28
GBR,UK,United Kingdom,Natural gas,2006,28395.12,10.2539725783987,60620361,17.9201413847065,-7.66616880630777,10.0439,2.30696548505302,2182.8,3062.59,10.41
GBR,UK,United Kingdom,Natural gas,2007,27307.051,10.2149002262132,61073279,17.927584996242,-7.71268477002875,9.9104,2.29358471079675,2060.32,2980.29,0.84
GBR,UK,United Kingdom,Natural gas,2008,27824.463,10.2336708767661,61571647,17.9357120465702,-7.70204116980408,12.1362,2.49619272180497,2054.29,3284.54,0.08
GBR,UK,United Kingdom,Natural gas,2009,26713.607,10.1929283400415,62042343,17.9433276615169,-7.75039932147539,11.8399,2.47147518347425,2298.07,3248.55,0.55
GBR,UK,United Kingdom,Natural gas,2010,30149.269,10.3139159564219,62510197,17.9508402533988,-7.63692429697685,11.49225,2.44167289514426,2415.34,3627.06,0.05
GBR,UK,United Kingdom,Natural gas,2011,23899.979,10.0816328592581,63022532,17.9590028712077,-7.87737001194953,13.16515,2.57757318673069,2444.8,3078.76,0
GBR,UK,United Kingdom,Natural gas,2012,26557.352,10.1870618998249,63497844,17.9665165105306,-7.77945461070567,15.2727,2.72606692088901,1892.59,3259.82,0.06
GBR,UK,United Kingdom,Natural gas,2013,26659.566,10.1909033145304,63924382,17.9732114115156,-7.78230809698517,15.53315,2.74297644981873,2377.04,3268.7,7.75
GBR,UK,United Kingdom,Natural gas,2014,21953.556,9.9966844099378,64378457,17.9802896164772,-7.9836052065394,17.2993,2.85066603825736,2108.43,3074.45,2.81
GBR,UK,United Kingdom,Natural gas,2015,23033.578,10.0447083433178,64852826,17.9876310452638,-7.94292270194599,18.1044,2.89615500265189,2213.54,3327.55,0.13
GBR,UK,United Kingdom,Natural gas,2016,23616.488,10.0697003911433,65346400,17.9952129085293,-7.925512517386,14.6448,2.68408532364838,2085.67,3164.33,1.25
GBR,UK,United Kingdom,Natural gas,2017,22722.83,10.0311254249373,65785067,18.0019034252508,-7.97077800031351,13.177,2.57847288556312,2076.24,3001.26,0.21
GBR,UK,United Kingdom,Natural gas,2018,24085.369,10.089359839686,66125510,18.0070651607784,-7.91770532109239,13.65655,2.61421926001796,2223.14,3192.68,7.87
GBR,UK,United Kingdom,Natural gas,2019,23984.61,10.0851676536414,66457117,18.0120674404734,-7.92689978683207,13.84815,2.62815164970433,2014.53,3112.52,0.2
GBR,UK,United Kingdom,Total,1990,37317.942,10.5272295087462,57156972,17.861311935515,-7.33408242676877,,,2126.28,3201.83,2.07
GBR,UK,United Kingdom,Total,1991,40815.072,10.6168067039412,57338199,17.8644776087878,-7.24767090484652,,,2296.88,3350.78,0.9
GBR,UK,United Kingdom,Total,1992,40210.237,10.6018768939302,57511594,17.8674971202246,-7.26562022629447,,,2173.38,3389.61,0.04
GBR,UK,United Kingdom,Total,1993,41658.464,10.6372598442361,57649210,17.869887101203,-7.2326272569669,,,2249.63,3421.73,0
GBR,UK,United Kingdom,Total,1994,40309.277,10.6043369199543,57788017,17.8722919938101,-7.26795507385576,,,2364.58,3329.72,0
GBR,UK,United Kingdom,Total,1995,39335.159,10.5798740289568,57943472,17.8749784725695,-7.2951044436127,,,2126.87,3179.61,18.48
GBR,UK,United Kingdom,Total,1996,44132.057,10.6949417134592,58094587,17.8775830505283,-7.18264133706913,,,2229.51,3448.12,0.68
GBR,UK,United Kingdom,Total,1997,41134.181,10.6245947093526,58239312,17.8800711485961,-7.25547643924356,,,2185.14,3042.35,0.13
GBR,UK,United Kingdom,Total,1998,42348.175,10.6536806058813,58394596,17.8827339092703,-7.22905330338903,,,1968.48,3119.19,0
GBR,UK,United Kingdom,Total,1999,42341.941,10.6535333868124,58579685,17.8858985220875,-7.23236513527515,,,2144.31,3133.59,2.49
GBR,UK,United Kingdom,Total,2000,43090.418,10.6710559311894,58785246,17.8894014630162,-7.2183455318268,,,2131.58,3270.45,0.58
GBR,UK,United Kingdom,Total,2001,44339.756,10.6996369802233,58999781,17.8930442899987,-7.19340730977543,,,2370.04,3295.87,0.33
GBR,UK,United Kingdom,Total,2002,43544.334,10.681534870487,59239564,17.8971001874448,-7.21556531695785,,,2025.35,3167.26,0.09
GBR,UK,United Kingdom,Total,2003,44746.489,10.7087682625244,59501394,17.9015102988128,-7.1927420362884,,,2204.92,3159.93,3.4
GBR,UK,United Kingdom,Total,2004,45641.737,10.7285778619722,59793759,17.906411848926,-7.17783398695379,,,2223.29,3131.69,0.07
GBR,UK,United Kingdom,Total,2005,44249.26,10.6975939271324,60182050,17.9128846930592,-7.21529076592684,,,2086.7,3064.72,2.28
GBR,UK,United Kingdom,Total,2006,43129.787,10.6719691510718,60620361,17.9201413847065,-7.24817223363467,,,2182.8,3062.59,10.41
GBR,UK,United Kingdom,Total,2007,41614.951,10.6362147807195,61073279,17.927584996242,-7.29137021552251,,,2060.32,2980.29,0.84
GBR,UK,United Kingdom,Total,2008,42527.44,10.6579047936309,61571647,17.9357120465702,-7.27780725293928,,,2054.29,3284.54,0.08
GBR,UK,United Kingdom,Total,2009,41324.922,10.6292210352101,62042343,17.9433276615169,-7.31410662630681,,,2298.07,3248.55,0.55
GBR,UK,United Kingdom,Total,2010,45512.575,10.7257439403813,62510197,17.9508402533988,-7.22509631301753,,,2415.34,3627.06,0.05
GBR,UK,United Kingdom,Total,2011,37786.091,10.5396963509297,63022532,17.9590028712077,-7.41930652027792,,,2444.8,3078.76,0
GBR,UK,United Kingdom,Total,2012,40957.945,10.6203010875564,63497844,17.9665165105306,-7.34621542297426,,,1892.59,3259.82,0.06
GBR,UK,United Kingdom,Total,2013,41458.259,10.6324423928264,63924382,17.9732114115156,-7.34076901868925,,,2377.04,3268.7,7.75
GBR,UK,United Kingdom,Total,2014,35813.099,10.4860689993207,64378457,17.9802896164772,-7.4942206171565,,,2108.43,3074.45,2.81
GBR,UK,United Kingdom,Total,2015,37257.018,10.5255956087467,64852826,17.9876310452638,-7.46203543651705,,,2213.54,3327.55,0.13
GBR,UK,United Kingdom,Total,2016,37970.686,10.5445697199576,65346400,17.9952129085293,-7.45064318857179,,,2085.67,3164.33,1.25
GBR,UK,United Kingdom,Total,2017,36772.29,10.5124998513879,65785067,18.0019034252508,-7.48940357386293,,,2076.24,3001.26,0.21
GBR,UK,United Kingdom,Total,2018,38307.568,10.5534027535601,66125510,18.0070651607784,-7.45366240721834,,,2223.14,3192.68,7.87
GBR,UK,United Kingdom,Total,2019,38134.984,10.5488873550362,66457117,18.0120674404734,-7.46318008543726,,,2014.53,3112.52,0.2
GRC,EL,Greece,Electricity,1990,780.224,6.65958105794268,10120892,16.1301123602318,-9.4705313022891,,,1437.76,1552.2,339.32
GRC,EL,Greece,Electricity,1991,861.049,6.75815141337749,10272691,16.1449995728986,-9.38684815952107,0.0815,-2.50715225873532,1415.89,1873.15,306.95
GRC,EL,Greece,Electricity,1992,912.468,6.81615301634858,10367163,16.1541539651488,-9.33800094880017,0.08615,-2.4516653160082,1667.67,1798.27,309.92
GRC,EL,Greece,Electricity,1993,901.204,6.80373164707465,10430958,16.1602886731904,-9.35655702611576,0.0791,-2.53704240420853,1557.76,1741.76,364.48
GRC,EL,Greece,Electricity,1994,939.983,6.84586178999413,10489871,16.1659206828707,-9.32005889287662,0.07645,-2.57111834660707,1288.91,1518.44,385.1
GRC,EL,Greece,Electricity,1995,989.51,6.89720987110575,10535973,16.1703059597596,-9.27309608865385,0.07505,-2.58960072090267,1370.89,1662.21,353.02
GRC,EL,Greece,Electricity,1996,1053.568,6.95993777791012,10588332,16.1752631980899,-9.21532542017977,0.0729,-2.61866663996752,1604.21,1753.02,345.92
GRC,EL,Greece,Electricity,1997,1068.186,6.97371716165989,10629267,16.1791217921551,-9.20540463049517,0.0725,-2.62416871712151,1364.9,1753.82,336.93
GRC,EL,Greece,Electricity,1998,1099.398,7.00251803625081,10693250,16.1851232592467,-9.18260522299584,0.07215,-2.62900799376226,1472.88,1651.94,475.59
GRC,EL,Greece,Electricity,1999,1159.415,7.05567084654835,10747768,16.1902086630733,-9.13453781652496,0.06705,-2.70231666925445,1471.51,1521.85,445.34
GRC,EL,Greece,Electricity,2000,1221.582,7.1079020190218,10775627,16.1927973825163,-9.08489536349452,0.06035,-2.8075943314386,1489.36,1649.52,444.27
GRC,EL,Greece,Electricity,2001,1250.731,7.13148345936746,10835989,16.1983834670519,-9.06690000768441,0.06195,-2.78142767090699,1160.29,1574.24,456.9
GRC,EL,Greece,Electricity,2002,1356.406,7.2125938337156,10888274,16.2031969883164,-8.99060315460082,0.063,-2.7646205525906,1524.08,1578.66,400.29
GRC,EL,Greece,Electricity,2003,1413.929,7.25412763303177,10915770,16.2057190905994,-8.95159145756761,0.0654,-2.72723302051898,1523.03,1751.63,468.42
GRC,EL,Greece,Electricity,2004,1449.011,7.27863653373424,10940369,16.2079700838226,-8.92933355008831,0.0671,-2.7015712350045,1470.97,1675.88,346.1
GRC,EL,Greece,Electricity,2005,1450.989,7.28000067187682,10969912,16.2106668103414,-8.93066613846457,0.0691,-2.67220054820851,1449.64,1738.12,311.57
GRC,EL,Greece,Electricity,2006,1519.862,7.32637482024502,11004716,16.2138344661581,-8.88745964591307,0.0701,-2.65783248494159,1578.15,1813,349.74
GRC,EL,Greece,Electricity,2007,1544.024,7.34214727450537,11036008,16.2166739392194,-8.87452666471401,0.0984,-2.31871447492393,1408.69,1609.55,439.5
GRC,EL,Greece,Electricity,2008,1558.555,7.35151438892798,11060937,16.2189302701806,-8.86741588125264,0.1073,-2.23212662934548,1486.19,1601.05,394.27
GRC,EL,Greece,Electricity,2009,1558.985,7.35179024745921,11094745,16.2219821307589,-8.87019188329968,0.1093,-2.21365888379964,1381.66,1535.03,341.84
GRC,EL,Greece,Electricity,2010,1558.899,7.35173508184046,11119289,16.2241919058936,-8.87245682405315,0.1196,-2.12360243746561,1247.68,1421.8,395.67
GRC,EL,Greece,Electricity,2011,1515.735,7.32365574881183,11123392,16.2245608362439,-8.90090508743209,0.1244,-2.08425309867706,1337.71,1818.64,346.29
GRC,EL,Greece,Electricity,2012,1638.693,7.40165425186429,11086406,16.2212302310587,-8.81957597919446,0.14045,-1.96290372543188,1720.26,1689.71,477.65
GRC,EL,Greece,Electricity,2013,1500.086,7.31327771878014,11003615,16.2137344131372,-8.90045669435704,0.163,-1.81400507817538,1258.26,1501.53,354.77
GRC,EL,Greece,Electricity,2014,1474.721,7.29622409833995,10894294,16.2037497238941,-8.90752562555413,0.1776,-1.72822144842407,1267.26,1446.4,334.29
GRC,EL,Greece,Electricity,2015,1507.997,7.318537559176,10818041,16.196725761386,-8.87818820220999,0.1769,-1.7321706778164,1437.66,1668.66,344.95
GRC,EL,Greece,Electricity,2016,1719.433,7.44974986429782,10735415,16.1890586471412,-8.73930878284336,0.17195,-1.76055154210386,1270.09,1551.9,392.05
GRC,EL,Greece,Electricity,2017,1687.691,7.43111660152691,10707527,16.1864575100655,-8.75534090853859,0.16655,-1.79245971434245,1533.03,1674.27,401.61
GRC,EL,Greece,Electricity,2018,1441.325,7.27331810839065,10667336,16.1826969201272,-8.90937881173654,0.1659,-1.79637008178574,1309.96,1431.58,341.4
GRC,EL,Greece,Electricity,2019,1494.199,7.30934555628703,10635213,16.1796810346247,-8.87033547833763,0.1573,-1.8496004689179,1428.8,1523.98,398.57
GRC,EL,Greece,Electricity,2020,1503.543,7.3155796019531,10612591,16.1775516843589,-8.86197208240575,0.16575,-1.79727464991617,1271.4,1564.71,337.89
GRC,EL,Greece,Electricity,2021,1523.556,7.32880235521659,10555344,16.1721428299225,-8.8433404747059,0.1827,-1.69990981559818,1269.88,1586.03,444.59
GRC,EL,Greece,Electricity,2022,1425.755,7.26245677695668,10461627,16.1632245494383,-8.90076777248159,0.22695,-1.48302555007966,1530.49,1613.99,390.58
GRC,EL,Greece,Electricity,2023,1300.883,7.17079854364604,10401868,16.1574959633673,-8.98669741972126,0.2318,-1.46188034807649,1204.78,1415.48,419.24
GRC,EL,Greece,Electricity,2024,1482.674,7.30160249329324,10375764,16.1549832599241,-8.85338076663083,0.22645,-1.48523110897991,1087.64,1296.43,546.79
GRC,EL,Greece,Natural gas,1999,3.891,1.35866619400242,10747768,16.1902086630733,-14.8315424690709,,,1471.51,1521.85,445.34
GRC,EL,Greece,Natural gas,2000,4.858,1.58062683057998,10775627,16.1927973825163,-14.6121705519363,,,1489.36,1649.52,444.27
GRC,EL,Greece,Natural gas,2001,5.224,1.65326339197413,10835989,16.1983834670519,-14.5451200750777,,,1160.29,1574.24,456.9
GRC,EL,Greece,Natural gas,2002,8.556,2.14663279122016,10888274,16.2031969883164,-14.0565641970963,,,1524.08,1578.66,400.29
GRC,EL,Greece,Natural gas,2003,18.702,2.92863047001326,10915770,16.2057190905994,-13.2770886205861,,,1523.03,1751.63,468.42
GRC,EL,Greece,Natural gas,2004,34.652,3.54535544402789,10940369,16.2079700838226,-12.6626146397947,,,1470.97,1675.88,346.1
GRC,EL,Greece,Natural gas,2005,73.217,4.29342763444079,10969912,16.2106668103414,-11.9172391759006,,,1449.64,1738.12,311.57
GRC,EL,Greece,Natural gas,2006,139.296,4.93660116536989,11004716,16.2138344661581,-11.2772333007882,,,1578.15,1813,349.74
GRC,EL,Greece,Natural gas,2007,176.611,5.17394957388578,11036008,16.2166739392194,-11.0427243653336,,,1408.69,1609.55,439.5
GRC,EL,Greece,Natural gas,2008,207.503,5.33514579739757,11060937,16.2189302701806,-10.8837844727831,,,1486.19,1601.05,394.27
GRC,EL,Greece,Natural gas,2009,255.931,5.54490787689949,11094745,16.2219821307589,-10.6770742538594,,,1381.66,1535.03,341.84
GRC,EL,Greece,Natural gas,2010,254.619,5.53976831020453,11119289,16.2241919058936,-10.6844235956891,,,1247.68,1421.8,395.67
GRC,EL,Greece,Natural gas,2011,348.002,5.8522082268844,11123392,16.2245608362439,-10.3723526093595,,,1337.71,1818.64,346.29
GRC,EL,Greece,Natural gas,2012,310.316,5.73759113312855,11086406,16.2212302310587,-10.4836390979302,28.25,3.34109345759245,1720.26,1689.71,477.65
GRC,EL,Greece,Natural gas,2013,232.439,5.44862782501214,11003615,16.2137344131372,-10.765106588125,23.05,3.13766576944266,1258.26,1501.53,354.77
GRC,EL,Greece,Natural gas,2014,231.578,5.44491674982245,10894294,16.2037497238941,-10.7588329740716,21.125,3.05045717324324,1267.26,1446.4,334.29
GRC,EL,Greece,Natural gas,2015,355.694,5.87407081066483,10818041,16.196725761386,-10.3226549507212,19.875,2.9894626605404,1437.66,1668.66,344.95
GRC,EL,Greece,Natural gas,2016,329.084,5.79631303732592,10735415,16.1890586471412,-10.3927456098153,16.9,2.82731362192903,1270.09,1551.9,392.05
GRC,EL,Greece,Natural gas,2017,360.665,5.88794954965555,10707527,16.1864575100655,-10.2985079604099,15.55,2.74406063862524,1533.03,1674.27,401.61
GRC,EL,Greece,Natural gas,2018,331.327,5.80310580311765,10667336,16.1826969201272,-10.3795911170095,16.4848,2.80243874420867,1309.96,1431.58,341.4
GRC,EL,Greece,Natural gas,2019,384.376,5.95162124018341,10635213,16.1796810346247,-10.2280597944412,15.85095,2.76322943543566,1428.8,1523.98,398.57
GRC,EL,Greece,Natural gas,2020,441.991,6.09128951987944,10612591,16.1775516843589,-10.0862621644794,13.893,2.63138511616672,1271.4,1564.71,337.89
GRC,EL,Greece,Natural gas,2021,499.31,6.21322714534526,10555344,16.1721428299225,-9.95891568457722,20.32345,3.01177539176327,1269.88,1586.03,444.59
GRC,EL,Greece,Natural gas,2022,465.659,6.14345360660221,10461627,16.1632245494383,-10.0197709428361,33.6098,3.51481769110937,1530.49,1613.99,390.58
GRC,EL,Greece,Natural gas,2023,364.268,5.89788986046383,10401868,16.1574959633673,-10.2596061029035,29.34595,3.37915454697411,1204.78,1415.48,419.24
GRC,EL,Greece,Natural gas,2024,354.082,5.86952852472782,10375764,16.1549832599241,-10.2854547351963,23.4554,3.15510074556807,1087.64,1296.43,546.79
GRC,EL,Greece,Total,1990,3061.592,8.02669032109528,10120892,16.1301123602318,-8.10342203913651,,,1437.76,1552.2,339.32
GRC,EL,Greece,Total,1991,3148.845,8.05479099791435,10272691,16.1449995728986,-8.09020857498421,,,1415.89,1873.15,306.95
GRC,EL,Greece,Total,1992,3177.848,8.06395951712967,10367163,16.1541539651488,-8.09019444801908,,,1667.67,1798.27,309.92
GRC,EL,Greece,Total,1993,3160.124,8.0583665463174,10430958,16.1602886731904,-8.10192212687301,,,1557.76,1741.76,364.48
GRC,EL,Greece,Total,1994,3210.379,8.07414427769035,10489871,16.1659206828707,-8.0917764051804,,,1288.91,1518.44,385.1
GRC,EL,Greece,Total,1995,3335.906,8.11249958562361,10535973,16.1703059597596,-8.05780637413599,,,1370.89,1662.21,353.02
GRC,EL,Greece,Total,1996,3954.978,8.28273031760727,10588332,16.1752631980899,-7.89253288048263,,,1604.21,1753.02,345.92
GRC,EL,Greece,Total,1997,4119.198,8.32341376320064,10629267,16.1791217921551,-7.85570802895442,,,1364.9,1753.82,336.93
GRC,EL,Greece,Total,1998,4261.447,8.35736405294966,10693250,16.1851232592467,-7.82775920629699,,,1472.88,1651.94,475.59
GRC,EL,Greece,Total,1999,4280.208,8.36175688552583,10747768,16.1902086630733,-7.82845177754748,,,1471.51,1521.85,445.34
GRC,EL,Greece,Total,2000,4557.257,8.4244761864259,10775627,16.1927973825163,-7.76832119609042,,,1489.36,1649.52,444.27
GRC,EL,Greece,Total,2001,4776.463,8.47145559342234,10835989,16.1983834670519,-7.72692787362953,,,1160.29,1574.24,456.9
GRC,EL,Greece,Total,2002,4980.549,8.51329540490647,10888274,16.2031969883164,-7.68990158340995,,,1524.08,1578.66,400.29
GRC,EL,Greece,Total,2003,5580.489,8.62703168594429,10915770,16.2057190905994,-7.5786874046551,,,1523.03,1751.63,468.42
GRC,EL,Greece,Total,2004,5479.218,8.60871766902942,10940369,16.2079700838226,-7.59925241479314,,,1470.97,1675.88,346.1
GRC,EL,Greece,Total,2005,5573.93,8.62585564965661,10969912,16.2106668103414,-7.58481116068478,,,1449.64,1738.12,311.57
GRC,EL,Greece,Total,2006,5573.229,8.62572987769967,11004716,16.2138344661581,-7.58810458845843,,,1578.15,1813,349.74
GRC,EL,Greece,Total,2007,5421.205,8.59807339444646,11036008,16.2166739392194,-7.61860054477292,,,1408.69,1609.55,439.5
GRC,EL,Greece,Total,2008,5270.447,8.56987045767276,11060937,16.2189302701806,-7.64905981250786,,,1486.19,1601.05,394.27
GRC,EL,Greece,Total,2009,4887.508,8.49443784112093,11094745,16.2219821307589,-7.72754428963796,,,1381.66,1535.03,341.84
GRC,EL,Greece,Total,2010,4666.492,8.44816289065739,11119289,16.2241919058936,-7.77602901523622,,,1247.68,1421.8,395.67
GRC,EL,Greece,Total,2011,5526.044,8.61722746781142,11123392,16.2245608362439,-7.60733336843251,,,1337.71,1818.64,346.29
GRC,EL,Greece,Total,2012,5096.015,8.53621414073275,11086406,16.2212302310587,-7.68501609032599,,,1720.26,1689.71,477.65
GRC,EL,Greece,Total,2013,3821.337,8.24835564036491,11003615,16.2137344131372,-7.96537877277227,,,1258.26,1501.53,354.77
GRC,EL,Greece,Total,2014,3844.875,8.25449637165836,10894294,16.2037497238941,-7.94925335223572,,,1267.26,1446.4,334.29
GRC,EL,Greece,Total,2015,4460.625,8.40304416972533,10818041,16.196725761386,-7.79368159166066,,,1437.66,1668.66,344.95
GRC,EL,Greece,Total,2016,4337.452,8.37504235791146,10735415,16.1890586471412,-7.81401628922972,,,1270.09,1551.9,392.05
GRC,EL,Greece,Total,2017,4401.052,8.38959888223777,10707527,16.1864575100655,-7.79685862782773,,,1533.03,1674.27,401.61
GRC,EL,Greece,Total,2018,3903.48,8.2696237419402,10667336,16.1826969201272,-7.91307317818699,,,1309.96,1431.58,341.4
GRC,EL,Greece,Total,2019,4099.875,8.31871176442276,10635213,16.1796810346247,-7.8609692702019,,,1428.8,1523.98,398.57
GRC,EL,Greece,Total,2020,4277.83,8.36120115065735,10612591,16.1775516843589,-7.8163505337015,,,1271.4,1564.71,337.89
GRC,EL,Greece,Total,2021,4278.524,8.36136336928494,10555344,16.1721428299225,-7.81077946063755,,,1269.88,1586.03,444.59
GRC,EL,Greece,Total,2022,4325.475,8.37227723992508,10461627,16.1632245494383,-7.7909473095132,,,1530.49,1613.99,390.58
GRC,EL,Greece,Total,2023,3773.874,8.23585733904366,10401868,16.1574959633673,-7.92163862432365,,,1204.78,1415.48,419.24
GRC,EL,Greece,Total,2024,3862.774,8.25914085720131,10375764,16.1549832599241,-7.89584240272276,,,1087.64,1296.43,546.79
HRV,HR,Croatia,Electricity,1990,383.921,5.95043680225591,4772556,15.3783925684053,-9.42795576614938,,,2065.71,2532.6,150.83
HRV,HR,Croatia,Electricity,1991,383.577,5.94954038292183,4782179,15.3804068583367,-9.43086647541482,,,2251.51,2932.57,159.01
HRV,HR,Croatia,Electricity,1992,348.065,5.85238924394216,4595865,15.3406675441512,-9.48827830020907,,,2333.7,2541.6,212.3
HRV,HR,Croatia,Electricity,1993,356.492,5.87631179920985,4555771,15.331905338897,-9.45559353968717,,,2283.68,2752.49,191.99
HRV,HR,Croatia,Electricity,1994,361.909,5.89139279900875,4645155,15.3513352988875,-9.4599424998788,,,2076.49,2381.1,237.62
HRV,HR,Croatia,Electricity,1995,397.334,5.98477723680813,4658893,15.3542884242334,-9.3695111874253,,,2146.77,2691.45,144.02
HRV,HR,Croatia,Electricity,1996,421.152,6.04299381365191,4581167,15.3374643271269,-9.29447051347501,,,2488.76,2947.27,130.27
HRV,HR,Croatia,Electricity,1997,446.174,6.10070901046653,4533028,15.3269007068287,-9.22619169636216,,,2193.41,2728.85,130.26
HRV,HR,Croatia,Electricity,1998,452.88,6.1156271897284,4536812,15.3277351207146,-9.2121079309862,,,2137.27,2677.64,220.37
HRV,HR,Croatia,Electricity,1999,493.723,6.20197463117583,4527460,15.3256716338028,-9.123697002627,,,2375.5,2593.77,153.25
HRV,HR,Croatia,Electricity,2000,492.605,6.19970763585823,4497735,15.3190844946925,-9.11937685883424,,,2293,2332.81,245.68
HRV,HR,Croatia,Electricity,2001,478.074,6.16976553222484,4295406,15.2730566374545,-9.10329110522965,,,1766.24,2568.36,195.62
HRV,HR,Croatia,Electricity,2002,511.952,6.2382308706447,4305494,15.275402439551,-9.03717156890632,,,2187.33,2372.29,174.36
HRV,HR,Croatia,Electricity,2003,489.596,6.1935805612301,4305384,15.2753768904723,-9.08179632924218,,,2279.01,2754.23,331.6
HRV,HR,Croatia,Electricity,2004,522.098,6.25785530972539,4305725,15.2754560904917,-9.01760078076635,,,2319.16,2723.21,160.51
HRV,HR,Croatia,Electricity,2005,544.54,6.29994140156647,4310861,15.2766482101104,-8.97670680854394,0.0862,-2.45108510131249,2335.7,2895.4,138.84
HRV,HR,Croatia,Electricity,2006,560.619,6.32904153041465,4312487,15.2770253258245,-8.9479837954098,0.093,-2.37515578582888,2410.5,2637.21,200.35
HRV,HR,Croatia,Electricity,2007,549.613,6.30921439419463,4313530,15.2772671523836,-8.96805275818896,0.0954,-2.3496767005279,1760.8,2423.67,241.43
HRV,HR,Croatia,Electricity,2008,577.042,6.35791505415364,4311967,15.2769047384805,-8.91898968432682,0.1087,-2.21916348485497,2250.12,2441.93,208.48
HRV,HR,Croatia,Electricity,2009,556.406,6.32149824360006,4309796,15.2764011291732,-8.95490288557314,0.11575,-2.15632258601579,2168.06,2499.83,204.15
HRV,HR,Croatia,Electricity,2010,573.001,6.35088746191391,4302847,15.2747874546002,-8.92389999268625,0.1152,-2.16108553072035,2231.01,2750.05,201.76
HRV,HR,Croatia,Electricity,2011,562.425,6.33225779185556,4289857,15.2717639570153,-8.93950616515974,0.11415,-2.17024190600633,2256.37,2600.22,220.63
HRV,HR,Croatia,Electricity,2012,557.696,6.32381401105492,4275984,15.2685248093053,-8.94471079825037,0.1296,-2.04330249506396,2326.12,2568.62,317.64
HRV,HR,Croatia,Electricity,2013,536.285,6.28466573617763,4247803,15.261912466064,-8.97724672988635,0.1361,-1.99436536932472,2187.09,2560.8,240.16
HRV,HR,Croatia,Electricity,2014,518.745,6.25141243294424,4217632,15.2547843910749,-9.00337195813066,0.1318,-2.02646965691373,1811.85,2131.95,141.32
HRV,HR,Croatia,Electricity,2015,533.276,6.27903911378122,4180915,15.2460406800675,-8.96700156628624,0.13145,-2.02912872780625,1958.73,2429.2,274.99
HRV,HR,Croatia,Electricity,2016,526.913,6.26703544952428,4131115,15.2340579042872,-8.96702245476296,0.1321,-2.02419606745386,1993.41,2489.85,189
HRV,HR,Croatia,Electricity,2017,538.753,6.28925720984793,4078769,15.2213057851687,-8.93204857532081,0.1216,-2.10701830945007,2260.54,2541.58,304.83
HRV,HR,Croatia,Electricity,2018,533.25,6.27899035735146,4014341,15.2053837573958,-8.92639340004436,0.1316,-2.02798826009092,2170.77,2338.57,224.56
HRV,HR,Croatia,Electricity,2019,533.611,6.27966710908159,3968676,15.19394309578,-8.91427598669843,0.13225,-2.02306120824373,1974.17,2280.68,270.27
HRV,HR,Croatia,Electricity,2020,522.519,6.25866134681419,3933511,15.1850429692392,-8.92638162242501,0.1304,-2.03714862948958,1847.64,2386.64,197.46
HRV,HR,Croatia,Electricity,2021,567.016,6.3403875220245,3893026,15.1746973052243,-8.83430978319979,0.1302,-2.03868354920767,2042.44,2598.18,281.93
HRV,HR,Croatia,Electricity,2022,555.83,6.32046249210219,3862305,15.1667747134768,-8.84631222137463,0.14165,-1.95439605270561,2116.69,2247.23,303.01
HRV,HR,Croatia,Electricity,2023,552.115,6.31375635791205,3850894,15.1638158871001,-8.85005952918806,0.148,-1.91054300521802,1788.14,2099.4,238.29
HRV,HR,Croatia,Electricity,2024,586.244,6.37373608516654,3861967,15.1666871971386,-8.79295111197211,0.14775,-1.91223362269593,1596.34,2021.31,359.24
HRV,HR,Croatia,Natural gas,1990,163.371,5.09602368809455,4772556,15.3783925684053,-10.2823688803107,,,2065.71,2532.6,150.83
HRV,HR,Croatia,Natural gas,1991,228.762,5.4326821617961,4782179,15.3804068583367,-9.94772469654055,,,2251.51,2932.57,159.01
HRV,HR,Croatia,Natural gas,1992,205.03,5.32315630989496,4595865,15.3406675441512,-10.0175112342563,,,2333.7,2541.6,212.3
HRV,HR,Croatia,Natural gas,1993,255.997,5.5451657256609,4555771,15.331905338897,-9.78673961323613,,,2283.68,2752.49,191.99
HRV,HR,Croatia,Natural gas,1994,250.451,5.52326329260859,4645155,15.3513352988875,-9.82807200627895,,,2076.49,2381.1,237.62
HRV,HR,Croatia,Natural gas,1995,311.457,5.74126128696532,4658893,15.3542884242334,-9.6130271372681,,,2146.77,2691.45,144.02
HRV,HR,Croatia,Natural gas,1996,380.653,5.94188819897691,4581167,15.3374643271269,-9.39557612815001,,,2488.76,2947.27,130.27
HRV,HR,Croatia,Natural gas,1997,397.635,5.98553449907718,4533028,15.3269007068287,-9.3413662077515,,,2193.41,2728.85,130.26
HRV,HR,Croatia,Natural gas,1998,414.553,6.0272008312988,4536812,15.3277351207146,-9.30053428941581,,,2137.27,2677.64,220.37
HRV,HR,Croatia,Natural gas,1999,464.961,6.14195353110225,4527460,15.3256716338028,-9.18371810270058,,,2375.5,2593.77,153.25
HRV,HR,Croatia,Natural gas,2000,405.653,6.00549811435175,4497735,15.3190844946925,-9.31358638034072,,,2293,2332.81,245.68
HRV,HR,Croatia,Natural gas,2001,458.663,6.12831573560718,4295406,15.2730566374545,-9.14474090184731,,,1766.24,2568.36,195.62
HRV,HR,Croatia,Natural gas,2002,448.216,6.10527525907861,4305494,15.275402439551,-9.17012718047241,,,2187.33,2372.29,174.36
HRV,HR,Croatia,Natural gas,2003,517.154,6.2483407024937,4305384,15.2753768904723,-9.02703618797858,,,2279.01,2754.23,331.6
HRV,HR,Croatia,Natural gas,2004,513.972,6.24216878926319,4305725,15.2754560904917,-9.03328730122855,,,2319.16,2723.21,160.51
HRV,HR,Croatia,Natural gas,2005,561.817,6.33117617409128,4310861,15.2766482101104,-8.94547203601912,8.1214,2.09450255310514,2335.7,2895.4,138.84
HRV,HR,Croatia,Natural gas,2006,532.352,6.27730492468039,4312487,15.2770253258245,-8.99972040114406,8.24775,2.10994043587702,2410.5,2637.21,200.35
HRV,HR,Croatia,Natural gas,2007,508.491,6.23144751621694,4313530,15.2772671523836,-9.04581963616665,7.90145,2.06704628693458,1760.8,2423.67,241.43
HRV,HR,Croatia,Natural gas,2008,548.861,6.30784522183829,4311967,15.2769047384805,-8.96905951664217,7.64775,2.03441148693031,2250.12,2441.93,208.48
HRV,HR,Croatia,Natural gas,2009,568.057,6.34222176579889,4309796,15.2764011291732,-8.93417936337431,8.9806,2.19506669522684,2168.06,2499.83,204.15
HRV,HR,Croatia,Natural gas,2010,595.163,6.38883531760813,4302847,15.2747874546002,-8.88595213699203,10.58865,2.35978267273367,2231.01,2750.05,201.76
HRV,HR,Croatia,Natural gas,2011,544.261,6.29942891121037,4289857,15.2717639570153,-8.97233504580493,10.37175,2.33908576403074,2256.37,2600.22,220.63
HRV,HR,Croatia,Natural gas,2012,511.758,6.23785185705233,4275984,15.2685248093053,-9.03067295225296,11.87695,2.47459954696595,2326.12,2568.62,317.64
HRV,HR,Croatia,Natural gas,2013,488.306,6.19094225852028,4247803,15.261912466064,-9.07097020754369,12.95975,2.56184840061462,2187.09,2560.8,240.16
HRV,HR,Croatia,Natural gas,2014,433.126,6.07102867874381,4217632,15.2547843910749,-9.18375571233109,13.0475,2.56859654453543,1811.85,2131.95,141.32
HRV,HR,Croatia,Natural gas,2015,446.26,6.10090174180636,4180915,15.2460406800675,-9.14513893826111,12.9444,2.56066326218725,1958.73,2429.2,274.99
HRV,HR,Croatia,Natural gas,2016,466.082,6.14436158431074,4131115,15.2340579042872,-9.0896963199765,11.0923,2.4062511739078,1993.41,2489.85,189
HRV,HR,Croatia,Natural gas,2017,479.127,6.17196569796803,4078769,15.2213057851687,-9.0493400872007,10.06335,2.30890011122681,2260.54,2541.58,304.83
HRV,HR,Croatia,Natural gas,2018,467.211,6.1467809757574,4014341,15.2053837573958,-9.05860278163842,10.0998,2.31251562167095,2170.77,2338.57,224.56
HRV,HR,Croatia,Natural gas,2019,459.103,6.1292745857579,3968676,15.19394309578,-9.06466851002212,10.84975,2.38414203824636,1974.17,2280.68,270.27
HRV,HR,Croatia,Natural gas,2020,485.657,6.18550261341686,3933511,15.1850429692392,-8.99954035582234,10.641,2.36471446445959,1847.64,2386.64,197.46
HRV,HR,Croatia,Natural gas,2021,524.147,6.26177217932978,3893026,15.1746973052243,-8.9129251258945,10.7221,2.37230703198002,2042.44,2598.18,281.93
HRV,HR,Croatia,Natural gas,2022,489.182,6.19273460836911,3862305,15.1667747134768,-8.9740401051077,11.97945,2.48319268178366,2116.69,2247.23,303.01
HRV,HR,Croatia,Natural gas,2023,479.689,6.17313797724656,3850894,15.1638158871001,-8.99067790985356,12.5035,2.52600860511557,1788.14,2099.4,238.29
HRV,HR,Croatia,Natural gas,2024,473.397,6.15993435992419,3861967,15.1666871971386,-9.00675283721446,12.54165,2.52905510549639,1596.34,2021.31,359.24
HRV,HR,Croatia,Total,1990,1971.244,7.58642009451865,4772556,15.3783925684053,-7.79197247388664,,,2065.71,2532.6,150.83
HRV,HR,Croatia,Total,1991,2272.567,7.72866530856532,4782179,15.3804068583367,-7.65174154977134,,,2251.51,2932.57,159.01
HRV,HR,Croatia,Total,1992,1974.941,7.58829380347128,4595865,15.3406675441512,-7.75237374067995,,,2333.7,2541.6,212.3
HRV,HR,Croatia,Total,1993,2058.863,7.62990916766014,4555771,15.331905338897,-7.70199617123689,,,2283.68,2752.49,191.99
HRV,HR,Croatia,Total,1994,1978.224,7.58995475147358,4645155,15.3513352988875,-7.76138054741397,,,2076.49,2381.1,237.62
HRV,HR,Croatia,Total,1995,2166.831,7.68102101049329,4658893,15.3542884242334,-7.67326741374013,,,2146.77,2691.45,144.02
HRV,HR,Croatia,Total,1996,2426.658,7.79427028108767,4581167,15.3374643271269,-7.54319404603925,,,2488.76,2947.27,130.27
HRV,HR,Croatia,Total,1997,2363.492,7.7678954654169,4533028,15.3269007068287,-7.55900524141178,,,2193.41,2728.85,130.26
HRV,HR,Croatia,Total,1998,2368.9,7.77018099136408,4536812,15.3277351207146,-7.55755412935053,,,2137.27,2677.64,220.37
HRV,HR,Croatia,Total,1999,2484.067,7.81765241531441,4527460,15.3256716338028,-7.50801921848842,,,2375.5,2593.77,153.25
HRV,HR,Croatia,Total,2000,2294.89,7.73844019106273,4497735,15.3190844946925,-7.58064430362974,,,2293,2332.81,245.68
HRV,HR,Croatia,Total,2001,2469.763,7.81187747360139,4295406,15.2730566374545,-7.4611791638531,,,1766.24,2568.36,195.62
HRV,HR,Croatia,Total,2002,2483.313,7.81734883475251,4305494,15.275402439551,-7.45805360479851,,,2187.33,2372.29,174.36
HRV,HR,Croatia,Total,2003,2706.366,7.90336205457352,4305384,15.2753768904723,-7.37201483589876,,,2279.01,2754.23,331.6
HRV,HR,Croatia,Total,2004,2701.991,7.90174418764857,4305725,15.2754560904917,-7.37371190284317,,,2319.16,2723.21,160.51
HRV,HR,Croatia,Total,2005,2826.121,7.94666037902992,4310861,15.2766482101104,-7.32998783108049,,,2335.7,2895.4,138.84
HRV,HR,Croatia,Total,2006,2658.936,7.88568132175441,4312487,15.2770253258245,-7.39134400407005,,,2410.5,2637.21,200.35
HRV,HR,Croatia,Total,2007,2530.131,7.83602635903722,4313530,15.2772671523836,-7.44124079334637,,,1760.8,2423.67,241.43
HRV,HR,Croatia,Total,2008,2589.92,7.85938226618565,4311967,15.2769047384805,-7.41752247229481,,,2250.12,2441.93,208.48
HRV,HR,Croatia,Total,2009,2645.608,7.88065618555173,4309796,15.2764011291732,-7.39574494362147,,,2168.06,2499.83,204.15
HRV,HR,Croatia,Total,2010,2770.882,7.92692096005153,4302847,15.2747874546002,-7.34786649454863,,,2231.01,2750.05,201.76
HRV,HR,Croatia,Total,2011,2643.5,7.87985907567551,4289857,15.2717639570153,-7.39190488133979,,,2256.37,2600.22,220.63
HRV,HR,Croatia,Total,2012,2561.304,7.8482717827862,4275984,15.2685248093053,-7.42025302651909,,,2326.12,2568.62,317.64
HRV,HR,Croatia,Total,2013,2493.453,7.82142377580111,4247803,15.261912466064,-7.44048869026286,,,2187.09,2560.8,240.16
HRV,HR,Croatia,Total,2014,2228.532,7.70909835171811,4217632,15.2547843910749,-7.54568603935679,,,1811.85,2131.95,141.32
HRV,HR,Croatia,Total,2015,2429.916,7.79561196783588,4180915,15.2460406800675,-7.45042871223159,,,1958.73,2429.2,274.99
HRV,HR,Croatia,Total,2016,2409.158,7.78703258784477,4131115,15.2340579042872,-7.44702531644247,,,1993.41,2489.85,189
HRV,HR,Croatia,Total,2017,2392.72,7.78018607312259,4078769,15.2213057851687,-7.44111971204615,,,2260.54,2541.58,304.83
HRV,HR,Croatia,Total,2018,2298.895,7.74018385168886,4014341,15.2053837573958,-7.46519990570695,,,2170.77,2338.57,224.56
HRV,HR,Croatia,Total,2019,2238.586,7.71359969552692,3968676,15.19394309578,-7.4803434002531,,,1974.17,2280.68,270.27
HRV,HR,Croatia,Total,2020,2277.143,7.73067686602415,3933511,15.1850429692392,-7.45436610321505,,,1847.64,2386.64,197.46
HRV,HR,Croatia,Total,2021,2441.87,7.80051941820038,3893026,15.1746973052243,-7.37417788702391,,,2042.44,2598.18,281.93
HRV,HR,Croatia,Total,2022,2286.359,7.73471587489446,3862305,15.1667747134768,-7.43205883858236,,,2116.69,2247.23,303.01
HRV,HR,Croatia,Total,2023,2224.526,7.70729913819757,3850894,15.1638158871001,-7.45651674890255,,,1788.14,2099.4,238.29
HRV,HR,Croatia,Total,2024,2213.975,7.70254482142525,3861967,15.1666871971386,-7.4641423757134,,,1596.34,2021.31,359.24
HUN,HU,Hungary,Electricity,1990,790.112,6.67217470756424,10374823,16.1548925636945,-9.4827178561303,,,2321.74,2838.79,147.78
HUN,HU,Hungary,Electricity,1991,839.897,6.73327926527141,10373153,16.1547315841365,-9.42145231886507,,,2590.24,3254.82,143.06
HUN,HU,Hungary,Electricity,1992,904.041,6.80687471334602,10373647,16.1547792059384,-9.34790449259239,0.03225,-3.43423723574036,2619.76,2948.68,248.16
HUN,HU,Hungary,Electricity,1993,835.942,6.72855923268751,10365035,16.153948680595,-9.42538944790748,0.03975,-3.2251454378818,2720.21,3156.47,164.68
HUN,HU,Hungary,Electricity,1994,846.346,6.74092825944682,10350010,16.1524980438588,-9.41156978441193,0.035,-3.35240721749272,2387.49,2772.93,233.33
HUN,HU,Hungary,Electricity,1995,841.531,6.73522285193034,10336700,16.1512112271695,-9.41598837523919,0.04625,-3.0736938150237,2477.83,3055.24,175.5
HUN,HU,Hungary,Electricity,1996,864.402,6.76203793837369,10321229,16.1497134000744,-9.38767546170074,0.0405,-3.20645330486964,2910.99,3289.49,126.23
HUN,HU,Hungary,Electricity,1997,840.929,6.73450723310351,10301247,16.1477755138329,-9.41326828072938,0.05765,-2.85336503226707,2542.4,3113.29,129.9
HUN,HU,Hungary,Electricity,1998,857.782,6.75434998795028,10279724,16.1456839693818,-9.39133398143156,0.06005,-2.81257773045614,2387.31,2984.88,191.98
HUN,HU,Hungary,Electricity,1999,845.486,6.73991160995199,10253416,16.1431214763198,-9.40320986636784,0.06645,-2.71130549382288,2697.88,2943.44,126.09
HUN,HU,Hungary,Electricity,2000,841.96,6.73573250717564,10221644,16.1400179908598,-9.40428548368419,0.069,-2.67364877438488,2615.5,2697.57,218.15
HUN,HU,Hungary,Electricity,2001,871.023,6.76966838293325,10200298,16.137927493514,-9.36825911058075,0.0733,-2.61319467008953,2166.81,2988.78,166.38
HUN,HU,Hungary,Electricity,2002,897.678,6.79981142938871,10174853,16.1354298420141,-9.33561841262541,0.08045,-2.52011940554375,2543.49,2863.7,196.41
HUN,HU,Hungary,Electricity,2003,951.247,6.85777375542585,10142362,16.1322314678573,-9.27445771243143,0.08185,-2.50286697516499,2847.59,3305.38,266.97
HUN,HU,Hungary,Electricity,2004,948.581,6.8549671837257,10116742,16.1297022332319,-9.27473504950623,0.1021,-2.28180255381152,2717.34,3149.96,133.85
HUN,HU,Hungary,Electricity,2005,955.718,6.86246289045702,10097549,16.1278032790942,-9.26534038863722,0.11055,-2.20228737167868,2698.67,3276.11,117.21
HUN,HU,Hungary,Electricity,2006,984.609,6.89224460805015,10076581,16.1257245765628,-9.23347996851266,0.1023,-2.27984560602456,2821.85,3081.54,176.74
HUN,HU,Hungary,Electricity,2007,967.326,6.87453556376865,10066158,16.124689662599,-9.25015409883034,0.1296,-2.04330249506396,2099.7,2776.12,255.75
HUN,HU,Hungary,Electricity,2008,985.383,6.89303039808364,10045401,16.1226254757928,-9.22959507770912,0.15505,-1.86400763343568,2556.5,2790.99,175.3
HUN,HU,Hungary,Electricity,2009,966.036,6.87320110059886,10030975,16.1211883635886,-9.2479872629897,0.15725,-1.84991838340159,2490.32,2911.31,187.45
HUN,HU,Hungary,Electricity,2010,963.199,6.87026003634804,10014324,16.119527026052,-9.249266989704,0.16375,-1.80941440446678,2568.12,3182.23,176.1
HUN,HU,Hungary,Electricity,2011,972.657,6.88003150205132,9985722,16.1166668306806,-9.23663532862929,0.16175,-1.82170334560113,2679.91,3064.73,182.59
HUN,HU,Hungary,Electricity,2012,913.156,6.81690673127846,9931925,16.1112648742325,-9.29435814295405,0.15835,-1.84294750599749,2687.87,2997.13,277.43
HUN,HU,Hungary,Electricity,2013,909.716,6.81313246288924,9895250,16.1075654019851,-9.2944329390959,0.13615,-1.99399805986237,2573.72,2947.62,235.18
HUN,HU,Hungary,Electricity,2014,896.217,6.79818257115227,9850217,16.1030040433625,-9.30482147221019,0.1174,-2.14216837158814,2151.36,2534.78,150.83
HUN,HU,Hungary,Electricity,2015,931.986,6.83731779311354,9815858,16.0995097990906,-9.26219200597704,0.1136,-2.17507177269509,2279.69,2797.44,273.46
HUN,HU,Hungary,Electricity,2016,941.874,6.84787150766819,9779652,16.0958144585558,-9.24794295088765,0.11195,-2.18970293593737,2354.64,2932.71,173.59
HUN,HU,Hungary,Electricity,2017,967.24,6.8744466549384,9739857,16.0917369937861,-9.2172903388477,0.11295,-2.18081003606812,2688.8,2974.98,258.67
HUN,HU,Hungary,Electricity,2018,977.644,6.8851455955878,9713655,16.0890431855067,-9.20389758991887,0.11205,-2.1888100787352,2495.84,2707.26,230.14
HUN,HU,Hungary,Electricity,2019,998.968,6.90672274610349,9700272,16.0876644843176,-9.18094173821409,0.11085,-2.19957734291982,2291.16,2602.07,255.36
HUN,HU,Hungary,Electricity,2020,1055.46,6.96173196983887,9689376,16.0865405855086,-9.12480861566972,0.102,-2.28278246569787,2198.11,2748.26,182.77
HUN,HU,Hungary,Electricity,2021,1072.657,6.97789402703504,9651461,16.0826198608192,-9.1047258337842,0.10065,-2.29610612689634,2363.53,3032.13,262.03
HUN,HU,Hungary,Electricity,2022,1061.737,6.96766152518153,9610403,16.0783567155511,-9.11069519036955,0.1016,-2.28671174383776,2444.82,2728.96,302.53
HUN,HU,Hungary,Electricity,2023,1077.558,6.98245264883548,9599744,16.0772469894158,-9.09479434058036,0.11445,-2.16761723258356,2156.55,2543.63,221.72
HUN,HU,Hungary,Electricity,2024,1107.137,7.00953268295551,9584627,16.0756710187334,-9.06613833577786,0.1063,-2.24148999363424,2004.19,2443.59,338.34
HUN,HU,Hungary,Natural gas,1990,1643.315,7.40447082211978,10374823,16.1548925636945,-8.75042174157476,,,2321.74,2838.79,147.78
HUN,HU,Hungary,Natural gas,1991,2042.218,7.62179175110669,10373153,16.1547315841365,-8.5329398330298,,,2590.24,3254.82,143.06
HUN,HU,Hungary,Natural gas,1992,2053.074,7.6270934611818,10373647,16.1547792059384,-8.5276857447566,2.14245,0.76195003399461,2619.76,2948.68,248.16
HUN,HU,Hungary,Natural gas,1993,2448.861,7.80337829748103,10365035,16.153948680595,-8.35057038311396,2.37375,0.864470983144359,2720.21,3156.47,164.68
HUN,HU,Hungary,Natural gas,1994,2568.981,7.85126460120865,10350010,16.1524980438588,-8.30123344265011,2.21845,0.796808753832116,2387.49,2772.93,233.33
HUN,HU,Hungary,Natural gas,1995,2890.219,7.96908755678214,10336700,16.1512112271695,-8.18212367038738,2.6764,0.984472607926525,2477.83,3055.24,175.5
HUN,HU,Hungary,Natural gas,1996,3169.325,8.06127391044377,10321229,16.1497134000744,-8.08843948963066,2.66875,0.981610197994798,2910.99,3289.49,126.23
HUN,HU,Hungary,Natural gas,1997,3039.574,8.01947265300197,10301247,16.1477755138329,-8.12830286083092,3.49945,1.25260581328999,2542.4,3113.29,129.9
HUN,HU,Hungary,Natural gas,1998,2903.525,7.97368079507295,10279724,16.1456839693818,-8.1720031743089,3.62965,1.28913622489539,2387.31,2984.88,191.98
HUN,HU,Hungary,Natural gas,1999,3098.366,8.03863015473471,10253416,16.1431214763198,-8.10449132158512,3.5387,1.26375942806121,2697.88,2943.44,126.09
HUN,HU,Hungary,Natural gas,2000,3025.344,8.01478008300769,10221644,16.1400179908598,-8.12523790785214,3.8412,1.34578481778168,2615.5,2697.57,218.15
HUN,HU,Hungary,Natural gas,2001,3303.547,8.10275201870338,10200298,16.137927493514,-8.03517547481063,4.32115,1.4635215705338,2166.81,2988.78,166.38
HUN,HU,Hungary,Natural gas,2002,3413.328,8.13544304742417,10174853,16.1354298420141,-7.99998679458996,4.76635,1.56158081282451,2543.49,2863.7,196.41
HUN,HU,Hungary,Natural gas,2003,3946.862,8.28067611178838,10142362,16.1322314678573,-7.8515553560689,4.9131,1.59190510714179,2847.59,3305.38,266.97
HUN,HU,Hungary,Natural gas,2004,3568.379,8.17986671003184,10116742,16.1297022332319,-7.9498355232001,5.3724,1.68127473605278,2717.34,3149.96,133.85
HUN,HU,Hungary,Natural gas,2005,3928.246,8.27594829480459,10097549,16.1278032790942,-7.85185498428965,5.7358,1.74672723518595,2698.67,3276.11,117.21
HUN,HU,Hungary,Natural gas,2006,3643.981,8.20083204431576,10076581,16.1257245765628,-7.92489253224704,5.48795,1.70255477959491,2821.85,3081.54,176.74
HUN,HU,Hungary,Natural gas,2007,3174.355,8.06285974108282,10066158,16.124689662599,-8.06182992151617,10.6186,2.36260718038189,2099.7,2776.12,255.75
HUN,HU,Hungary,Natural gas,2008,3294.368,8.09996962277322,10045401,16.1226254757928,-8.02265585301955,12.0821,2.49172501845767,2556.5,2790.99,175.3
HUN,HU,Hungary,Natural gas,2009,3181.642,8.06515269471156,10030975,16.1211883635886,-8.05603566887701,13.3045,2.58810232386632,2490.32,2911.31,187.45
HUN,HU,Hungary,Natural gas,2010,3259.759,8.0894085452477,10014324,16.119527026052,-8.03011848080434,15.1237,2.71626304980973,2568.12,3182.23,176.1
HUN,HU,Hungary,Natural gas,2011,2966.38,7.99509763316974,9985722,16.1166668306806,-8.12156919751088,15.69695,2.75346642596596,2679.91,3064.73,182.59
HUN,HU,Hungary,Natural gas,2012,2704.02,7.90249483358521,9931925,16.1112648742325,-8.2087700406473,13.89455,2.63149667691977,2687.87,2997.13,277.43
HUN,HU,Hungary,Natural gas,2013,2513.07,7.82926039230885,9895250,16.1075654019851,-8.27830500967629,11.839,2.4713991664295,2573.72,2947.62,235.18
HUN,HU,Hungary,Natural gas,2014,2320.679,7.74961509425393,9850217,16.1030040433625,-8.35338894910852,9.94205,2.29677323682902,2151.36,2534.78,150.83
HUN,HU,Hungary,Natural gas,2015,2625.838,7.87315536217532,9815858,16.0995097990906,-8.22635443691526,9.78985,2.28134613466814,2279.69,2797.44,273.46
HUN,HU,Hungary,Natural gas,2016,2813.435,7.94216143570971,9779652,16.0958144585558,-8.15365302284612,9.7773,2.28006337231176,2354.64,2932.71,173.59
HUN,HU,Hungary,Natural gas,2017,2971.711,7.99689316019424,9739857,16.0917369937861,-8.09484383359186,9.9558,2.29815529591466,2688.8,2974.98,258.67
HUN,HU,Hungary,Natural gas,2018,2830.568,7.94823267721217,9713655,16.0890431855067,-8.1408105082945,9.79515,2.28188736521493,2495.84,2707.26,230.14
HUN,HU,Hungary,Natural gas,2019,2792.906,7.93483790981133,9700272,16.0876644843176,-8.15282657450625,9.4453,2.24551726328652,2291.16,2602.07,255.36
HUN,HU,Hungary,Natural gas,2020,3026.655,8.01521332829425,9689376,16.0865405855086,-8.07132725721434,8.70875,2.16432826736219,2198.11,2748.26,182.77
HUN,HU,Hungary,Natural gas,2021,3329.364,8.1105365737424,9651461,16.0826198608192,-7.97208328707684,8.49375,2.13933059891732,2363.53,3032.13,262.03
HUN,HU,Hungary,Natural gas,2022,2861.715,7.95917637444512,9610403,16.0783567155511,-8.11918034110596,8.89115,2.18505639998983,2444.82,2728.96,302.53
HUN,HU,Hungary,Natural gas,2023,2492.111,7.82088542145147,9599744,16.0772469894158,-8.25636156796437,9.3244,2.23263462029623,2156.55,2543.63,221.72
HUN,HU,Hungary,Natural gas,2024,2467.863,7.81110787294967,9584627,16.0756710187334,-8.2645631457837,8.19585,2.10362792859864,2004.19,2443.59,338.34
HUN,HU,Hungary,Total,1990,6720.543,8.81292423382419,10374823,16.1548925636945,-7.34196832987036,,,2321.74,2838.79,147.78
HUN,HU,Hungary,Total,1991,6968.345,8.84913302936177,10373153,16.1547315841365,-7.30559855477472,,,2590.24,3254.82,143.06
HUN,HU,Hungary,Total,1992,6366.602,8.75882116824697,10373647,16.1547792059384,-7.39595803769144,,,2619.76,2948.68,248.16
HUN,HU,Hungary,Total,1993,6323.553,8.75203651271924,10365035,16.153948680595,-7.40191216787575,,,2720.21,3156.47,164.68
HUN,HU,Hungary,Total,1994,6202.577,8.73272012983795,10350010,16.1524980438588,-7.41977791402081,,,2387.49,2772.93,233.33
HUN,HU,Hungary,Total,1995,6200.435,8.73237472986232,10336700,16.1512112271695,-7.41883649730721,,,2477.83,3055.24,175.5
HUN,HU,Hungary,Total,1996,6235.352,8.73799031201377,10321229,16.1497134000744,-7.41172308806066,,,2910.99,3289.49,126.23
HUN,HU,Hungary,Total,1997,5833.068,8.6712983844947,10301247,16.1477755138329,-7.47647712933819,,,2542.4,3113.29,129.9
HUN,HU,Hungary,Total,1998,5634.655,8.63669120010979,10279724,16.1456839693818,-7.50899276927206,,,2387.31,2984.88,191.98
HUN,HU,Hungary,Total,1999,5779.695,8.66210619210805,10253416,16.1431214763198,-7.48101528421179,,,2697.88,2943.44,126.09
HUN,HU,Hungary,Total,2000,5601.853,8.63085271484742,10221644,16.1400179908598,-7.50916527601242,,,2615.5,2697.57,218.15
HUN,HU,Hungary,Total,2001,6009.595,8.70111263757141,10200298,16.137927493514,-7.43681485594259,,,2166.81,2988.78,166.38
HUN,HU,Hungary,Total,2002,6016.637,8.70228374433284,10174853,16.1354298420141,-7.43314609768128,,,2543.49,2863.7,196.41
HUN,HU,Hungary,Total,2003,6603.918,8.79541838824579,10142362,16.1322314678573,-7.3368130796115,,,2847.59,3305.38,266.97
HUN,HU,Hungary,Total,2004,6091.489,8.71464782999787,10116742,16.1297022332319,-7.41505440323407,,,2717.34,3149.96,133.85
HUN,HU,Hungary,Total,2005,6969.275,8.84926648112776,10097549,16.1278032790942,-7.27853679796648,,,2698.67,3276.11,117.21
HUN,HU,Hungary,Total,2006,6713.445,8.81186751103115,10076581,16.1257245765628,-7.31385706553165,,,2821.85,3081.54,176.74
HUN,HU,Hungary,Total,2007,6117.605,8.71892595904366,10066158,16.124689662599,-7.40576370355533,,,2099.7,2776.12,255.75
HUN,HU,Hungary,Total,2008,6017.799,8.70247685683161,10045401,16.1226254757928,-7.42014861896116,,,2556.5,2790.99,175.3
HUN,HU,Hungary,Total,2009,6311.473,8.75012436727836,10030975,16.1211883635886,-7.37106399631021,,,2490.32,2911.31,187.45
HUN,HU,Hungary,Total,2010,6648.743,8.80218309322649,10014324,16.119527026052,-7.31734393282555,,,2568.12,3182.23,176.1
HUN,HU,Hungary,Total,2011,6569.577,8.7902047258443,9985722,16.1166668306806,-7.32646210483631,,,2679.91,3064.73,182.59
HUN,HU,Hungary,Total,2012,6375.847,8.76027222394625,9931925,16.1112648742325,-7.35099265028626,,,2687.87,2997.13,277.43
HUN,HU,Hungary,Total,2013,6209.747,8.73387543335686,9895250,16.1075654019851,-7.37368996862828,,,2573.72,2947.62,235.18
HUN,HU,Hungary,Total,2014,5487.452,8.61021931019255,9850217,16.1030040433625,-7.49278473316991,,,2151.36,2534.78,150.83
HUN,HU,Hungary,Total,2015,5969.813,8.69447088261298,9815858,16.0995097990906,-7.4050389164776,,,2279.69,2797.44,273.46
HUN,HU,Hungary,Total,2016,6156.505,8.72526452538236,9779652,16.0958144585558,-7.37054993317348,,,2354.64,2932.71,173.59
HUN,HU,Hungary,Total,2017,6294.138,8.74737400302746,9739857,16.0917369937861,-7.34436299075864,,,2688.8,2974.98,258.67
HUN,HU,Hungary,Total,2018,5818.115,8.66873160510249,9713655,16.0890431855067,-7.42031158040417,,,2495.84,2707.26,230.14
HUN,HU,Hungary,Total,2019,5676.869,8.6441551273364,9700272,16.0876644843176,-7.44350935698118,,,2291.16,2602.07,255.36
HUN,HU,Hungary,Total,2020,5980.487,8.69625728175586,9689376,16.0865405855086,-7.39028330375273,,,2198.11,2748.26,182.77
HUN,HU,Hungary,Total,2021,6374.4,8.76004524795022,9651461,16.0826198608192,-7.32257461286901,,,2363.53,3032.13,262.03
HUN,HU,Hungary,Total,2022,5821.192,8.66926033075114,9610403,16.0783567155511,-7.40909638479994,,,2444.82,2728.96,302.53
HUN,HU,Hungary,Total,2023,5367.117,8.58804617182742,9599744,16.0772469894158,-7.48920081758842,,,2156.55,2543.63,221.72
HUN,HU,Hungary,Total,2024,5327.465,8.5806307942656,9584627,16.0756710187334,-7.49504022446777,,,2004.19,2443.59,338.34
IRL,IE,Ireland,Electricity,1990,356.148,5.8753463747972,3506970,15.0702629747658,-9.1949165999686,,,1897.99,2844.01,5.21
IRL,IE,Ireland,Electricity,1991,374.119,5.92457392862361,3520977,15.0742490658807,-9.14967513725708,0.08475,-2.46804953272158,2119.88,3025.81,1.99
IRL,IE,Ireland,Electricity,1992,396.045,5.98152784116199,3547492,15.0817514329046,-9.10022359174257,0.08585,-2.45515369163865,2004.45,3038.73,0.16
IRL,IE,Ireland,Electricity,1993,402.923,5.99874547669354,3569367,15.08789882711,-9.08915335041647,0.08515,-2.46334087187344,2072.57,3085.22,0.04
IRL,IE,Ireland,Electricity,1994,415.305,6.02901319005376,3583154,15.0917539761058,-9.06274078605208,0.08335,-2.48470666978533,2152.72,2978.89,0
IRL,IE,Ireland,Electricity,1995,426.483,6.05557250681728,3597617,15.0957822397999,-9.04020973298266,0.08135,-2.50899444531709,1936.77,2839.1,21.86
IRL,IE,Ireland,Electricity,1996,448.753,6.10647262501691,3620065,15.1020025394419,-8.99552991442494,0.08345,-2.48350762887429,2052.15,3133.91,1.36
IRL,IE,Ireland,Electricity,1997,457.868,6.12658093296683,3654955,15.1115943391887,-8.98501340622189,0.0936,-2.36872489549859,2021.31,2711.92,1
IRL,IE,Ireland,Electricity,1998,473.861,6.16091402974405,3693386,15.1220542104414,-8.96114018069738,0.08965,-2.411842078931,1794.52,2768.67,0.37
IRL,IE,Ireland,Electricity,1999,516.681,6.24742566279587,3732006,15.1324564486651,-8.88503078586926,0.0894,-2.41463459680267,1935.99,2789.53,2.45
IRL,IE,Ireland,Electricity,2000,548.151,6.30655079643705,3777565,15.1445901801286,-8.83803938369153,0.0894,-2.41463459680267,1978.25,2965.45,0.94
IRL,IE,Ireland,Electricity,2001,578.504,6.36044546104371,3832783,15.1591017291415,-8.7986562680978,0.0894,-2.41463459680267,2179.22,2959.31,1.56
IRL,IE,Ireland,Electricity,2002,565.692,6.33804976047786,3899702,15.1764106979241,-8.83836093744619,0.0994,-2.30860316531961,1830.19,2781.96,0.05
IRL,IE,Ireland,Electricity,2003,598.968,6.39520817431781,3964191,15.1928123569241,-8.79760418260629,0.1179,-2.13791847143881,1956.79,2795.41,5.7
IRL,IE,Ireland,Electricity,2004,631.642,6.44832277795402,4028851,15.2089917816083,-8.76066900365426,0.1256,-2.07465302494804,2017.26,2830.92,0.76
IRL,IE,Ireland,Electricity,2005,645.881,6.47061527628744,4111672,15.2293403163987,-8.75872504011121,0.1436,-1.94072362236801,1926.12,2761.36,3.43
IRL,IE,Ireland,Electricity,2006,694.989,6.54389601810141,4208156,15.2525351049559,-8.70863908685446,0.149,-1.90380897303668,2006.92,2757.62,8.45
IRL,IE,Ireland,Electricity,2007,693.288,6.5414454972742,4340118,15.2834120946471,-8.74196659737287,0.1918,-1.6513021165328,1874.37,2682.8,0.35
IRL,IE,Ireland,Electricity,2008,733.074,6.59724665177058,4457765,15.3101580773169,-8.71291142554631,0.1901,-1.66020502948775,1881.24,2969.16,0.04
IRL,IE,Ireland,Electricity,2009,698.467,6.54888793348649,4521322,15.3243149869212,-8.77542705343471,0.19425,-1.63860928973438,2127.07,2959.45,0.96
IRL,IE,Ireland,Electricity,2010,734.821,6.59962693213782,4549428,15.3305120687387,-8.7308851366009,0.18395,-1.69309129743135,2263.89,3328.61,0.03
IRL,IE,Ireland,Electricity,2011,712.229,6.56839948891387,4570881,15.3352165232843,-8.76681703437047,0.19935,-1.61269320515477,2234.13,2789.59,0.01
IRL,IE,Ireland,Electricity,2012,698.234,6.54855429013382,4589287,15.3392352322799,-8.79068094214613,0.2222,-1.50417740177661,1720.13,2950.23,0.11
IRL,IE,Ireland,Electricity,2013,683.383,6.5270554637499,4609779,15.3436904745612,-8.81663501081134,0.235,-1.44816976483798,2206.18,2997.6,10.11
IRL,IE,Ireland,Electricity,2014,662.407,6.49588017064806,4637852,15.3497618859823,-8.85388171533424,0.24715,-1.39775983922917,1950.02,2781.25,2.61
IRL,IE,Ireland,Electricity,2015,677.623,6.51859108609118,4677627,15.3583014880178,-8.83971040192663,0.244,-1.41058705368894,2061.2,2975.12,0.3
IRL,IE,Ireland,Electricity,2016,676.934,6.51757377923821,4726286,15.3686502511908,-8.8510764719526,0.2329,-1.45714610209184,1903.77,2894.05,1.96
IRL,IE,Ireland,Electricity,2017,683.822,6.5276976498377,4799157,15.3839508354542,-8.85625318561654,0.233,-1.45671682541644,1934.56,2776.68,2.15
IRL,IE,Ireland,Electricity,2018,701.938,6.55384508103713,4855733,15.3956706266843,-8.84182554564715,0.2454,-1.40486574670533,2117.41,2895.34,13.35
IRL,IE,Ireland,Electricity,2019,696.991,6.54677249819509,4940311,15.4129388426481,-8.86616634445299,0.24845,-1.39251366093381,1850.94,2839.62,0.66
IRL,IE,Ireland,Electricity,2020,746.591,6.61551751176009,5012600,15.4274653005227,-8.81194778876256,0.25125,-1.38130681960885,2054.24,2872.74,0.81
IRL,IE,Ireland,Electricity,2021,751.653,6.6222747812852,5066893,15.4382383672033,-8.81596358591811,0.27645,-1.2857253061982,2045.78,2807.94,11.74
IRL,IE,Ireland,Electricity,2022,705.707,6.55920013718672,5154277,15.4553374134146,-8.89613727622787,0.27745,-1.28211454221023,1829.32,2684.61,13.14
IRL,IE,Ireland,Electricity,2023,696.799,6.54649699040523,5271395,15.4778055913715,-8.93130860096625,0.32645,-1.11947848134949,1876.47,2567.71,1.53
IRL,IE,Ireland,Electricity,2024,719.776,6.57894005249389,5351681,15.4929212751274,-8.91398122263353,0.2818,-1.26655767951756,1875.43,2719.24,0.26
IRL,IE,Ireland,Natural gas,1990,117.025,4.76238758718614,3506970,15.0702629747658,-10.3078753875797,,,1897.99,2844.01,5.21
IRL,IE,Ireland,Natural gas,1991,160.619,5.0790351008662,3520977,15.0742490658807,-9.99521396501449,,,2119.88,3025.81,1.99
IRL,IE,Ireland,Natural gas,1992,186.436,5.22808801665092,3547492,15.0817514329046,-9.85366341625365,,,2004.45,3038.73,0.16
IRL,IE,Ireland,Natural gas,1993,216.294,5.37663859332323,3569367,15.08789882711,-9.71126023378678,,,2072.57,3085.22,0.04
IRL,IE,Ireland,Natural gas,1994,238.048,5.47247233400893,3583154,15.0917539761058,-9.61928164209691,,,2152.72,2978.89,0
IRL,IE,Ireland,Natural gas,1995,251.118,5.52592294818214,3597617,15.0957822397999,-9.56985929161781,,,1936.77,2839.1,21.86
IRL,IE,Ireland,Natural gas,1996,302.107,5.71078125925957,3620065,15.1020025394419,-9.39122128018229,,,2052.15,3133.91,1.36
IRL,IE,Ireland,Natural gas,1997,285.254,5.6533800114309,3654955,15.1115943391887,-9.45821432775782,,,2021.31,2711.92,1
IRL,IE,Ireland,Natural gas,1998,337.876,5.82267896426667,3693386,15.1220542104414,-9.29937524617476,,,1794.52,2768.67,0.37
IRL,IE,Ireland,Natural gas,1999,386.049,5.95596430441343,3732006,15.1324564486651,-9.17649214425169,,,1935.99,2789.53,2.45
IRL,IE,Ireland,Natural gas,2000,437.769,6.08169137399332,3777565,15.1445901801286,-9.06289880613526,,,1978.25,2965.45,0.94
IRL,IE,Ireland,Natural gas,2001,480.804,6.17545970265395,3832783,15.1591017291415,-8.98364202648756,,,2179.22,2959.31,1.56
IRL,IE,Ireland,Natural gas,2002,474.57,6.1624091308786,3899702,15.1764106979241,-9.01400156704545,,,1830.19,2781.96,0.05
IRL,IE,Ireland,Natural gas,2003,537.855,6.287589007107,3964191,15.1928123569241,-8.9052233498171,,,1956.79,2795.41,5.7
IRL,IE,Ireland,Natural gas,2004,599.914,6.39678631160961,4028851,15.2089917816083,-8.81220546999867,17.8184,2.88023163125514,2017.26,2830.92,0.76
IRL,IE,Ireland,Natural gas,2005,605.568,6.40616686056863,4111672,15.2293403163987,-8.82317345583003,19.76,2.98365969231972,1926.12,2761.36,3.43
IRL,IE,Ireland,Natural gas,2006,630.804,6.44699519622287,4208156,15.2525351049559,-8.805539908733,24.75,3.2088254890147,2006.92,2757.62,8.45
IRL,IE,Ireland,Natural gas,2007,591.724,6.38304030995522,4340118,15.2834120946471,-8.90037178469185,16.85,2.82435065679837,1874.37,2682.8,0.35
IRL,IE,Ireland,Natural gas,2008,667.476,6.50350343457183,4457765,15.3101580773169,-8.80665464274506,16.57,2.80759383143847,1881.24,2969.16,0.04
IRL,IE,Ireland,Natural gas,2009,623.441,6.43525413353761,4521322,15.3243149869212,-8.88906085338359,16.59,2.80880010420235,2127.07,2959.45,0.96
IRL,IE,Ireland,Natural gas,2010,708.291,6.56285502619854,4549428,15.3305120687387,-8.76765704254017,14.21,2.65394594210901,2263.89,3328.61,0.03
IRL,IE,Ireland,Natural gas,2011,568.121,6.34233442420289,4570881,15.3352165232843,-8.99288209908145,15.66,2.75110969056266,2234.13,2789.59,0.01
IRL,IE,Ireland,Natural gas,2012,599.278,6.39572559729592,4589287,15.3392352322799,-8.94350963498403,17.87,2.88312332917134,1720.13,2950.23,0.11
IRL,IE,Ireland,Natural gas,2013,604.987,6.40520697019667,4609779,15.3436904745612,-8.93848350436456,19.11,2.95021175825218,2206.18,2997.6,10.11
IRL,IE,Ireland,Natural gas,2014,534.59,6.28150009795561,4637852,15.3497618859823,-9.0682617880267,19.81,2.98618686071046,1950.02,2781.25,2.61
IRL,IE,Ireland,Natural gas,2015,553.989,6.31714483095449,4677627,15.3583014880178,-9.04115665706331,19.405,2.96553076482087,2061.2,2975.12,0.3
IRL,IE,Ireland,Natural gas,2016,561.849,6.33123313051785,4726286,15.3686502511908,-9.03741712067295,18.475,2.91641846683427,1903.77,2894.05,1.96
IRL,IE,Ireland,Natural gas,2017,554.373,6.31783774539105,4799157,15.3839508354542,-9.0661130900632,17.7989,2.87913665763567,1934.56,2776.68,2.15
IRL,IE,Ireland,Natural gas,2018,602.87,6.40170158476155,4855733,15.3956706266843,-8.99396904192274,19.3507,2.96272859453206,2117.41,2895.34,13.35
IRL,IE,Ireland,Natural gas,2019,590.159,6.38039199211887,4940311,15.4129388426481,-9.03254685052921,20.09605,3.00052327834002,1850.94,2839.62,0.66
IRL,IE,Ireland,Natural gas,2020,588.564,6.37768567184939,5012600,15.4274653005227,-9.04977962867326,19.03475,2.94626625604714,2054.24,2872.74,0.81
IRL,IE,Ireland,Natural gas,2021,593.79,6.38652572150075,5066893,15.4382383672033,-9.05171264570255,19.48265,2.96952432592319,2045.78,2807.94,11.74
IRL,IE,Ireland,Natural gas,2022,538.699,6.28915697336399,5154277,15.4553374134146,-9.1661804400506,33.2035,3.50265529205271,1829.32,2684.61,13.14
IRL,IE,Ireland,Natural gas,2023,463.879,6.13962374235625,5271395,15.4778055913715,-9.33818184901523,43.0996,3.76351371632418,1876.47,2567.71,1.53
IRL,IE,Ireland,Natural gas,2024,478.996,6.17169224664536,5351681,15.4929212751274,-9.32122902848206,36.35905,3.59344314135519,1875.43,2719.24,0.26
IRL,IE,Ireland,Total,1990,2332.399,7.75465263060498,3506970,15.0702629747658,-7.31561034416081,,,1897.99,2844.01,5.21
IRL,IE,Ireland,Total,1991,2318.697,7.74876066895166,3520977,15.0742490658807,-7.32548839692904,,,2119.88,3025.81,1.99
IRL,IE,Ireland,Total,1992,2166.834,7.68102239500271,3547492,15.0817514329046,-7.40072903790185,,,2004.45,3038.73,0.16
IRL,IE,Ireland,Total,1993,2199.713,7.69608217629102,3569367,15.08789882711,-7.39181665081899,,,2072.57,3085.22,0.04
IRL,IE,Ireland,Total,1994,2250.996,7.71912806391715,3583154,15.0917539761058,-7.37262591218869,,,2152.72,2978.89,0
IRL,IE,Ireland,Total,1995,2257.317,7.72193221888242,3597617,15.0957822397999,-7.37385002091752,,,1936.77,2839.1,21.86
IRL,IE,Ireland,Total,1996,2404.681,7.78517253340971,3620065,15.1020025394419,-7.31683000603214,,,2052.15,3133.91,1.36
IRL,IE,Ireland,Total,1997,2376.018,7.77318125621142,3654955,15.1115943391887,-7.3384130829773,,,2021.31,2711.92,1
IRL,IE,Ireland,Total,1998,2574.291,7.85332943537905,3693386,15.1220542104414,-7.26872477506238,,,1794.52,2768.67,0.37
IRL,IE,Ireland,Total,1999,2648.199,7.8816350652906,3732006,15.1324564486651,-7.25082138337452,,,1935.99,2789.53,2.45
IRL,IE,Ireland,Total,2000,2713.224,7.90589287467632,3777565,15.1445901801286,-7.23869730545225,,,1978.25,2965.45,0.94
IRL,IE,Ireland,Total,2001,2887.85,7.96826755960567,3832783,15.1591017291415,-7.19083416953584,,,2179.22,2959.31,1.56
IRL,IE,Ireland,Total,2002,2880.413,7.96568896562657,3899702,15.1764106979241,-7.21072173229748,,,1830.19,2781.96,0.05
IRL,IE,Ireland,Total,2003,3031.057,8.01666668255567,3964191,15.1928123569241,-7.17614567436842,,,1956.79,2795.41,5.7
IRL,IE,Ireland,Total,2004,3141.282,8.05238627583337,4028851,15.2089917816083,-7.15660550577491,,,2017.26,2830.92,0.76
IRL,IE,Ireland,Total,2005,3301.403,8.10210280861843,4111672,15.2293403163987,-7.12723750778023,,,1926.12,2761.36,3.43
IRL,IE,Ireland,Total,2006,3319.511,8.1075727619058,4208156,15.2525351049559,-7.14496234305008,,,2006.92,2757.62,8.45
IRL,IE,Ireland,Total,2007,3274.797,8.0940111614154,4340118,15.2834120946471,-7.18940093323167,,,1874.37,2682.8,0.35
IRL,IE,Ireland,Total,2008,3579.199,8.18289431134378,4457765,15.3101580773169,-7.1272637659731,,,1881.24,2969.16,0.04
IRL,IE,Ireland,Total,2009,3478.347,8.15431245992028,4521322,15.3243149869212,-7.17000252700092,,,2127.07,2959.45,0.96
IRL,IE,Ireland,Total,2010,3596.268,8.187651920067,4549428,15.3305120687387,-7.14286014867172,,,2263.89,3328.61,0.03
IRL,IE,Ireland,Total,2011,3159.709,8.05823521373295,4570881,15.3352165232843,-7.2769813095514,,,2234.13,2789.59,0.01
IRL,IE,Ireland,Total,2012,3005.499,8.00819888975582,4589287,15.3392352322799,-7.33103634252413,,,1720.13,2950.23,0.11
IRL,IE,Ireland,Total,2013,2920.575,7.97953579368478,4609779,15.3436904745612,-7.36415468087646,,,2206.18,2997.6,10.11
IRL,IE,Ireland,Total,2014,2671.878,7.89053687493151,4637852,15.3497618859823,-7.45922501105079,,,1950.02,2781.25,2.61
IRL,IE,Ireland,Total,2015,2829.165,7.94773689409705,4677627,15.3583014880178,-7.41056459392076,,,2061.2,2975.12,0.3
IRL,IE,Ireland,Total,2016,2918.087,7.97868354358002,4726286,15.3686502511908,-7.38996670761079,,,1903.77,2894.05,1.96
IRL,IE,Ireland,Total,2017,2768.312,7.92599302714851,4799157,15.3839508354542,-7.45795780830573,,,1934.56,2776.68,2.15
IRL,IE,Ireland,Total,2018,2950.805,7.98983329346445,4855733,15.3956706266843,-7.40583733321983,,,2117.41,2895.34,13.35
IRL,IE,Ireland,Total,2019,2868.37,7.96149920316137,4940311,15.4129388426481,-7.45143963948671,,,1850.94,2839.62,0.66
IRL,IE,Ireland,Total,2020,3132.847,8.04969745477728,5012600,15.4274653005227,-7.37776784574537,,,2054.24,2872.74,0.81
IRL,IE,Ireland,Total,2021,2983.656,8.00090467317689,5066893,15.4382383672033,-7.43733369402642,,,2045.78,2807.94,11.74
IRL,IE,Ireland,Total,2022,2615.339,7.86914900480819,5154277,15.4553374134146,-7.5861884086064,,,1829.32,2684.61,13.14
IRL,IE,Ireland,Total,2023,2497.658,7.82310877178494,5271395,15.4778055913715,-7.65469681958654,,,1876.47,2567.71,1.53
IRL,IE,Ireland,Total,2024,2627.755,7.87388514847018,5351681,15.4929212751274,-7.61903612665724,,,1875.43,2719.24,0.26
ITA,IT,Italy,Electricity,1990,4533.964,8.41935189102713,56694360,17.853185292851,-9.43383340182382,,,1670.1,1992.42,222.77
ITA,IT,Italy,Electricity,1991,4701.548,8.45564709517262,56744119,17.8540625789999,-9.39841548382726,0.2111,-1.55542332412786,1778.31,2312.37,248.04
ITA,IT,Italy,Electricity,1992,4792.691,8.4748473280641,56772923,17.8545700622836,-9.37972273421954,0.24025,-1.42607523113174,1915.3,2089.43,222.15
ITA,IT,Italy,Electricity,1993,4850.559,8.48684923502183,56821250,17.8554209334444,-9.36857169842253,0.2091,-1.56494267254755,1811.73,2177.68,243.08
ITA,IT,Italy,Electricity,1994,4903.181,8.49763945714362,56842392,17.8557929433478,-9.3581534862042,0.2082,-1.56925612280127,1659.75,1915.16,302.81
ITA,IT,Italy,Electricity,1995,4922.098,8.50149014135823,56844408,17.8558284092067,-9.35433826784843,0.19325,-1.64377059151461,1712.33,2161.44,210.07
ITA,IT,Italy,Electricity,1996,4986.844,8.51455852372539,56844197,17.8558246973131,-9.34126617358771,0.2074,-1.57310598318671,1812.44,2157.87,203.54
ITA,IT,Italy,Electricity,1997,5028.805,8.5229376603158,56876364,17.8563904173654,-9.3334527570496,0.22195,-1.50530314770209,1627.99,1989.16,219.83
ITA,IT,Italy,Electricity,1998,5096.733,8.53635502521282,56904379,17.8568828557135,-9.32052783050071,0.22335,-1.49901523118401,1670.47,2088.96,311.64
ITA,IT,Italy,Electricity,1999,5220.722,8.56039098548841,56909109,17.8569659741573,-9.29657498866892,0.2101,-1.56017167113118,1863.51,2031.73,251.38
ITA,IT,Italy,Electricity,2000,5254.686,8.56687552890924,56923524,17.8572192407242,-9.29034371181493,0.20475,-1.58596555624896,1770.98,1889.34,272.82
ITA,IT,Italy,Electricity,2001,5292.605,8.57406584220759,56960692,17.8578719738706,-9.28380613166301,0.19905,-1.61419922953581,1474.66,1948.78,269.15
ITA,IT,Italy,Electricity,2002,5413.328,8.5966193398254,56993270,17.8584437486526,-9.26182440882716,0.19275,-1.6463612665387,1678.86,1824.9,241.47
ITA,IT,Italy,Electricity,2003,5590.37,8.62880075358304,57186378,17.8618262811354,-9.23302552755238,0.1981,-1.61898332527763,1637.34,1975.82,435.11
ITA,IT,Italy,Electricity,2004,5725.881,8.65275170304602,57611990,17.8692412637261,-9.2164895606801,0.19385,-1.6406706148652,1727.01,1994.25,247.36
ITA,IT,Italy,Electricity,2005,5757.524,8.65826280016205,58044368,17.8767182415909,-9.21845544142889,0.199,-1.61445045425764,1711.22,2148.94,242.33
ITA,IT,Italy,Electricity,2006,5815.563,8.66829287883881,58288996,17.8809238856497,-9.21263100681088,0.2108,-1.55684546231493,1834.99,1956.76,278.33
ITA,IT,Italy,Electricity,2007,5779.88,8.66213820020523,58510725,17.8847206287319,-9.22258242852669,,,1402.59,1826.23,277.14
ITA,IT,Italy,Electricity,2008,5880.396,8.67937938556375,59001769,17.8930779844714,-9.21369859890761,0.2129,-1.5469327070827,1694.2,1924.04,265.37
ITA,IT,Italy,Electricity,2009,5926.397,8.68717171880217,59420592,17.9001513909245,-9.21297967212236,0.20475,-1.58596555624896,1704.54,1978.72,284.47
ITA,IT,Italy,Electricity,2010,5980.224,8.69621330443712,59690316,17.9046803541499,-9.2084670497128,0.19425,-1.63860928973438,1761.58,2127.5,251.87
ITA,IT,Italy,Electricity,2011,6030.954,8.70466048616274,59948497,17.9089963682311,-9.20433588206837,0.2026,-1.59652168716755,1758.06,1926.18,246.59
ITA,IT,Italy,Electricity,2012,5972.227,8.69487516865337,60105185,17.9116066686627,-9.21673150000931,0.22145,-1.50755844861293,1747.87,2030.04,347.15
ITA,IT,Italy,Electricity,2013,5759.501,8.65860611799273,60277309,17.9144662890539,-9.25586017106117,0.23075,-1.46642040559918,1740.54,2006.43,269.16
ITA,IT,Italy,Electricity,2014,5524.936,8.61702694260845,60345917,17.9156038478753,-9.29857690526681,0.2392,-1.43045525690566,1471.99,1683.12,193.49
ITA,IT,Italy,Electricity,2015,5691.058,8.64665145008168,60295497,17.9147679822921,-9.26811653221039,0.2439,-1.41099697376026,1519.9,1895.41,339.19
ITA,IT,Italy,Electricity,2016,5529.149,8.61778919479016,60163712,17.91257993783,-9.29479074303986,0.23015,-1.46902400871889,1581.08,1916.49,245.36
ITA,IT,Italy,Electricity,2017,5631.186,8.63607535614223,60066734,17.9109667354465,-9.27489137930423,0.2106,-1.55779467928226,1682.11,2024.73,357.31
ITA,IT,Italy,Electricity,2018,5600.842,8.6306722225636,59937769,17.9088173986062,-9.27814517604261,0.2114,-1.554003205546,1772.48,1864.76,273.9
ITA,IT,Italy,Electricity,2019,5639.553,8.63756008603209,59816673,17.9067949927689,-9.26923490673676,0.2321,-1.46058696570175,1614.5,1889.64,342.19
ITA,IT,Italy,Electricity,2020,5693.177,8.64702371928105,59641488,17.9038619972478,-9.25683827796671,0.21895,-1.51891188573473,1489.81,1875.44,261.42
ITA,IT,Italy,Electricity,2021,5771.254,8.66064466691171,59236213,17.8970436189194,-9.2363989520077,0.23095,-1.46555404210552,1658.43,2029.02,313.08
ITA,IT,Italy,Electricity,2022,5558.042,8.62300116694896,59030133,17.893558600306,-9.27055743335702,0.3378,-1.08530127460844,1717.43,1866.7,372.87
ITA,IT,Italy,Electricity,2023,5452.535,8.603835917129,58997201,17.8930005600667,-9.28916464293768,0.35645,-1.0315613014185,1481.34,1783.02,302.26
ITA,IT,Italy,Electricity,2024,5659.687,8.64112386931475,58971230,17.8925602558226,-9.25143638650783,0.31925,-1.14178078406949,1389.8,1738.35,349.87
ITA,IT,Italy,Natural gas,1990,11313.371,9.3337405795194,56694360,17.853185292851,-8.51944471333156,,,1670.1,1992.42,222.77
ITA,IT,Italy,Natural gas,1991,13130.696,9.48270797426971,56744119,17.8540625789999,-8.37135460473018,,,1778.31,2312.37,248.04
ITA,IT,Italy,Natural gas,1992,12639.037,9.44454547808963,56772923,17.8545700622836,-8.41002458419401,,,1915.3,2089.43,222.15
ITA,IT,Italy,Natural gas,1993,13225.946,9.48993578535919,56821250,17.8554209334444,-8.36548514808517,,,1811.73,2177.68,243.08
ITA,IT,Italy,Natural gas,1994,12218.659,9.41071948856971,56842392,17.8557929433478,-8.44507345477811,,,1659.75,1915.16,302.81
ITA,IT,Italy,Natural gas,1995,13484.523,9.50929786231194,56844408,17.8558284092067,-8.34653054689472,,,1712.33,2161.44,210.07
ITA,IT,Italy,Natural gas,1996,14135.619,9.55645306117451,56844197,17.8558246973131,-8.2993716361386,,,1812.44,2157.87,203.54
ITA,IT,Italy,Natural gas,1997,13849.57,9.53600946420211,56876364,17.8563904173654,-8.32038095316329,,,1627.99,1989.16,219.83
ITA,IT,Italy,Natural gas,1998,14920.464,9.61048897246989,56904379,17.8568828557135,-8.24639388324364,,,1670.47,2088.96,311.64
ITA,IT,Italy,Natural gas,1999,15591.337,9.65447071847727,56909109,17.8569659741573,-8.20249525568006,,,1863.51,2031.73,251.38
ITA,IT,Italy,Natural gas,2000,14970.529,9.61383881413067,56923524,17.8572192407242,-8.24338042659349,,,1770.98,1889.34,272.82
ITA,IT,Italy,Natural gas,2001,15746.389,9.66436634812616,56960692,17.8578719738706,-8.19350562574444,,,1474.66,1948.78,269.15
ITA,IT,Italy,Natural gas,2002,15300.881,9.63566568742211,56993270,17.8584437486526,-8.22277806123044,,,1678.86,1824.9,241.47
ITA,IT,Italy,Natural gas,2003,17272.807,9.75688869412307,57186378,17.8618262811354,-8.10493758701234,,,1637.34,1975.82,435.11
ITA,IT,Italy,Natural gas,2004,17936.887,9.794614597702,57611990,17.8692412637261,-8.07462666602412,15.892,2.76581583795235,1727.01,1994.25,247.36
ITA,IT,Italy,Natural gas,2005,18745.787,9.8387243128179,58044368,17.8767182415909,-8.03799392877304,16.3785,2.79596949914009,1711.22,2148.94,242.33
ITA,IT,Italy,Natural gas,2006,17016.917,9.74196324588408,58288996,17.8809238856497,-8.13896063976561,18.72,2.92959247104945,1834.99,1956.76,278.33
ITA,IT,Italy,Natural gas,2007,15942.068,9.67671668044107,58510725,17.8847206287319,-8.20800394829085,17.6665,2.87167019087725,1402.59,1826.23,277.14
ITA,IT,Italy,Natural gas,2008,16014.746,9.68126520178636,59001769,17.8930779844714,-8.211812782685,18.729,2.93007312474772,1694.2,1924.04,265.37
ITA,IT,Italy,Natural gas,2009,16820.701,9.730365609234,59420592,17.9001513909245,-8.16978578169053,17.941,2.88708859643725,1704.54,1978.72,284.47
ITA,IT,Italy,Natural gas,2010,18697.592,9.83615002449763,59690316,17.9046803541499,-8.06853032965229,19.504,2.97061957273892,1761.58,2127.5,251.87
ITA,IT,Italy,Natural gas,2011,17989.639,9.79755126003952,59948497,17.9089963682311,-8.11144510819159,21.795,3.08168058569036,1758.06,1926.18,246.59
ITA,IT,Italy,Natural gas,2012,18116.552,9.80458127451439,60105185,17.9116066686627,-8.10702539414829,24.125,3.18324864722505,1747.87,2030.04,347.15
ITA,IT,Italy,Natural gas,2013,18073.087,9.80217920463471,60277309,17.9144662890539,-8.11228708441919,24.73,3.20801708153333,1740.54,2006.43,269.16
ITA,IT,Italy,Natural gas,2014,15150.838,9.62581112293913,60345917,17.9156038478753,-8.28979272493613,24.275,3.18944701417739,1471.99,1683.12,193.49
ITA,IT,Italy,Natural gas,2015,16985.555,9.74011855595133,60295497,17.9147679822921,-8.17464942634073,23.2,3.14415227867226,1519.9,1895.41,339.19
ITA,IT,Italy,Natural gas,2016,17097.463,9.74668536891084,60163712,17.91257993783,-8.16589456891918,21.805,3.08213930129473,1581.08,1916.49,245.36
ITA,IT,Italy,Natural gas,2017,17260.611,9.75618236377911,60066734,17.9109667354465,-8.15478437166735,21.9176,3.08728996703436,1682.11,2024.73,357.31
ITA,IT,Italy,Natural gas,2018,16499.391,9.71107875011661,59937769,17.9088173986062,-8.1977386484896,23.13605,3.14139200710818,1772.48,1864.76,273.9
ITA,IT,Italy,Natural gas,2019,16126.645,9.68822815196462,59816673,17.9067949927689,-8.21856684080423,23.66135,3.16384291524877,1614.5,1889.64,342.19
ITA,IT,Italy,Natural gas,2020,15932.597,9.67612241535445,59641488,17.9038619972478,-8.22773958189332,22.5726,3.11673678135914,1489.81,1875.44,261.42
ITA,IT,Italy,Natural gas,2021,17405.244,9.76452681910734,59236213,17.8970436189194,-8.13251679981207,23.72065,3.16634597678948,1658.43,2029.02,313.08
ITA,IT,Italy,Natural gas,2022,14974.079,9.61407591858812,59030133,17.893558600306,-8.27948268171786,31.8892,3.46226739447337,1717.43,1866.7,372.87
ITA,IT,Italy,Natural gas,2023,12882.563,9.46362997054555,58997201,17.8930005600667,-8.42937058952113,32.32935,3.47597548636975,1481.34,1783.02,302.26
ITA,IT,Italy,Natural gas,2024,13186.455,9.48694544537247,58971230,17.8925602558226,-8.40561481045011,37.87015,3.63416320282479,1389.8,1738.35,349.87
ITA,IT,Italy,Total,1990,26061.205,10.1682030890573,56694360,17.853185292851,-7.6849822037937,,,1670.1,1992.42,222.77
ITA,IT,Italy,Total,1991,28245.244,10.2486803684192,56744119,17.8540625789999,-7.60538221058072,,,1778.31,2312.37,248.04
ITA,IT,Italy,Total,1992,26944.544,10.201536106862,56772923,17.8545700622836,-7.65303395542165,,,1915.3,2089.43,222.15
ITA,IT,Italy,Total,1993,26801.449,10.1962112322016,56821250,17.8554209334444,-7.65920970124281,,,1811.73,2177.68,243.08
ITA,IT,Italy,Total,1994,24261.338,10.0966393334916,56842392,17.8557929433478,-7.7591536098562,,,1659.75,1915.16,302.81
ITA,IT,Italy,Total,1995,26323.974,10.1782353618837,56844408,17.8558284092067,-7.67759304732298,,,1712.33,2161.44,210.07
ITA,IT,Italy,Total,1996,26913.124,10.2003693276556,56844197,17.8558246973131,-7.65545536965754,,,1812.44,2157.87,203.54
ITA,IT,Italy,Total,1997,26187.613,10.173041791691,56876364,17.8563904173654,-7.68334862567441,,,1627.99,1989.16,219.83
ITA,IT,Italy,Total,1998,27513.968,10.222449081976,56904379,17.8568828557135,-7.63443377373753,,,1670.47,2088.96,311.64
ITA,IT,Italy,Total,1999,28622.413,10.2619453612266,56909109,17.8569659741573,-7.59502061293075,,,1863.51,2031.73,251.38
ITA,IT,Italy,Total,2000,27591.928,10.2252785451613,56923524,17.8572192407242,-7.63194069556291,,,1770.98,1889.34,272.82
ITA,IT,Italy,Total,2001,28907.182,10.2718453553372,56960692,17.8578719738706,-7.58602661853337,,,1474.66,1948.78,269.15
ITA,IT,Italy,Total,2002,28741.609,10.2661011427563,56993270,17.8584437486526,-7.5923426058963,,,1678.86,1824.9,241.47
ITA,IT,Italy,Total,2003,31590.238,10.3606034277975,57186378,17.8618262811354,-7.50122285333791,,,1637.34,1975.82,435.11
ITA,IT,Italy,Total,2004,31425.185,10.3553649204737,57611990,17.8692412637261,-7.51387634325238,,,1727.01,1994.25,247.36
ITA,IT,Italy,Total,2005,33921.569,10.4318063447323,58044368,17.8767182415909,-7.44491189685865,,,1711.22,2148.94,242.33
ITA,IT,Italy,Total,2006,32423.683,10.3866443915517,58288996,17.8809238856497,-7.49427949409795,,,1834.99,1956.76,278.33
ITA,IT,Italy,Total,2007,32339.575,10.3840469914245,58510725,17.8847206287319,-7.50067363730745,,,1402.59,1826.23,277.14
ITA,IT,Italy,Total,2008,33611.748,10.4226309276976,59001769,17.8930779844714,-7.47044705677374,,,1694.2,1924.04,265.37
ITA,IT,Italy,Total,2009,34040.636,10.4353102664141,59420592,17.9001513909245,-7.46484112451047,,,1704.54,1978.72,284.47
ITA,IT,Italy,Total,2010,35392.911,10.474266824831,59690316,17.9046803541499,-7.4304135293189,,,1761.58,2127.5,251.87
ITA,IT,Italy,Total,2011,32378.063,10.3852364045652,59948497,17.9089963682311,-7.52375996366591,,,1758.06,1926.18,246.59
ITA,IT,Italy,Total,2012,34348.336,10.4443088539735,60105185,17.9116066686627,-7.4672978146892,,,1747.87,2030.04,347.15
ITA,IT,Italy,Total,2013,34230.62,10.4408758441268,60277309,17.9144662890539,-7.47359044492713,,,1740.54,2006.43,269.16
ITA,IT,Italy,Total,2014,29545.98,10.2937029729707,60345917,17.9156038478753,-7.62190087490452,,,1471.99,1683.12,193.49
ITA,IT,Italy,Total,2015,32494.483,10.3888256000619,60295497,17.9147679822921,-7.5259423822302,,,1519.9,1895.41,339.19
ITA,IT,Italy,Total,2016,32185.101,10.3792589225896,60163712,17.91257993783,-7.53332101524041,,,1581.08,1916.49,245.36
ITA,IT,Italy,Total,2017,32898.639,10.4011865681166,60066734,17.9109667354465,-7.50978016732983,,,1682.11,2024.73,357.31
ITA,IT,Italy,Total,2018,31905.559,10.3705355369137,59937769,17.9088173986062,-7.53828186169247,,,1772.48,1864.76,273.9
ITA,IT,Italy,Total,2019,31138.335,10.3461949757504,59816673,17.9067949927689,-7.56060001701843,,,1614.5,1889.64,342.19
ITA,IT,Italy,Total,2020,30655.992,10.3305834198102,59641488,17.9038619972478,-7.57327857743754,,,1489.81,1875.44,261.42
ITA,IT,Italy,Total,2021,33244.961,10.4116584857271,59236213,17.8970436189194,-7.48538513319228,,,1658.43,2029.02,313.08
ITA,IT,Italy,Total,2022,29426.979,10.2896671856018,59030133,17.893558600306,-7.60389141470415,,,1717.43,1866.7,372.87
ITA,IT,Italy,Total,2023,26546.617,10.1866575985891,58997201,17.8930005600667,-7.70634296147755,,,1481.34,1783.02,302.26
ITA,IT,Italy,Total,2024,26782.433,10.1955014665001,58971230,17.8925602558226,-7.69705878932253,,,1389.8,1738.35,349.87
LTU,LT,Lithuania,Electricity,1990,151.505,5.02061862770516,3693708,15.1221413895135,-10.1015227618084,,,2819.52,3710.98,11.25
LTU,LT,Lithuania,Electricity,1991,157.868,5.06175924081197,3701968,15.124375128102,-10.06261588729,,,3103.53,4070.58,39.51
LTU,LT,Lithuania,Electricity,1992,154.428,5.03972796829953,3706299,15.1255443625514,-10.0858163942519,,,2980.66,4037.83,74.7
LTU,LT,Lithuania,Electricity,1993,133.878,4.89692893748042,3693929,15.1222012191993,-10.2252722817189,,,3243.38,4351.5,6.42
LTU,LT,Lithuania,Electricity,1994,132.502,4.88659773965198,3671296,15.1160552912088,-10.2294575515568,,,3451.1,4232.29,90.29
LTU,LT,Lithuania,Electricity,1995,132.76,4.88854298685177,3642991,15.1083156054963,-10.2197726186445,,,3130.85,4185.98,48.4
LTU,LT,Lithuania,Electricity,1996,138.091,4.92791288812503,3615212,15.1006610563921,-10.1727481682671,,,3852.78,4728.49,34.42
LTU,LT,Lithuania,Electricity,1997,147.893,4.99648903932015,3588013,15.0931091253427,-10.0966200860225,,,3226.53,4295.49,56.77
LTU,LT,Lithuania,Electricity,1998,149.871,5.0097749240841,3562261,15.0859060135893,-10.0761310895052,,,3165.85,4226.27,23.09
LTU,LT,Lithuania,Electricity,1999,162.167,5.0886266684543,3536401,15.0786201012872,-9.98999343283289,,,3448.16,3967.12,82.74
LTU,LT,Lithuania,Electricity,2000,151.935,5.02345279780687,3512074,15.0717173041302,-10.0482645063233,,,3066.51,3703.36,12.63
LTU,LT,Lithuania,Electricity,2001,156.32,5.05190518829447,3486998,15.0645517520987,-10.0126465638042,,,2916,4110.14,57.23
LTU,LT,Lithuania,Electricity,2002,155.718,5.0480466790944,3454637,15.0552279445412,-10.0071812654468,,,3047.16,3986.56,103.25
LTU,LT,Lithuania,Electricity,2003,164.918,5.10544838067324,3431497,15.0485071670772,-9.94305878640396,,,3642.62,4207.06,51.48
LTU,LT,Lithuania,Electricity,2004,179.708,5.19133331144077,3398929,15.0389709399635,-9.8476376285227,0.0632,-2.76145097782933,3285.13,4179.24,22.72
LTU,LT,Lithuania,Electricity,2005,185.899,5.22520351547678,3355220,15.0260279000085,-9.80082438453176,0.0718,-2.63387080292796,3240.07,4163.65,39.19
LTU,LT,Lithuania,Electricity,2006,204.127,5.31874234916057,3289835,15.0063479695082,-9.68760562034764,0.0718,-2.63387080292796,3510.44,4022.66,82.05
LTU,LT,Lithuania,Electricity,2007,214.015,5.36604610602336,3249983,14.994160323523,-9.62811421749965,0.087,-2.44184716032755,2731.06,3839.34,50.57
LTU,LT,Lithuania,Electricity,2008,234.738,5.45846999857093,3212605,14.9825926924764,-9.52412269390545,0.08625,-2.45050522307067,2929.33,3700.57,29.45
LTU,LT,Lithuania,Electricity,2009,234.308,5.45663648919035,3183856,14.973603598793,-9.51696710960268,0.09385,-2.36605751594962,3091.44,4081.94,24.7
LTU,LT,Lithuania,Electricity,2010,222.7,5.40582557426332,3141976,14.9603624593217,-9.55453688505836,0.1186,-2.13199879241851,3563.68,4505.46,110.61
LTU,LT,Lithuania,Electricity,2011,225.107,5.41657584471927,3052588,14.9315003133803,-9.51492446866101,0.12175,-2.10578551701944,3579.64,3945.56,56.25
LTU,LT,Lithuania,Electricity,2012,227.171,5.42570303785514,3003641,14.915335777401,-9.48963273954588,0.1264,-2.06830379726938,3233,4255.83,47.02
LTU,LT,Lithuania,Electricity,2013,222.786,5.40621166945405,2974637,14.9056325727105,-9.49942090325644,0.13805,-1.98013934060597,3484.37,4080.43,61.45
LTU,LT,Lithuania,Electricity,2014,228.375,5.43098901469817,2947862,14.8965907197981,-9.46560170509995,0.13245,-2.02155006326406,2865.09,3894.55,81.73
LTU,LT,Lithuania,Electricity,2015,228.719,5.4324941758464,2926644,14.8893669320385,-9.45687275619208,0.12495,-2.07984162170118,2935.42,3707.86,71.24
LTU,LT,Lithuania,Electricity,2016,238.607,5.47481784703733,2895573,14.8786935768653,-9.40387572982799,0.1201,-2.1194305498962,3040.58,4004.9,53.57
LTU,LT,Lithuania,Electricity,2017,243.99,5.49712724084679,2859077,14.8660094034357,-9.36888216258886,0.11115,-2.19687463857193,3159.05,3951.69,25.95
LTU,LT,Lithuania,Electricity,2018,256.621,5.54760028827169,2826200,14.8544436111308,-9.30684332285909,0.1097,-2.21000591170095,3220.7,3888.07,108.37
LTU,LT,Lithuania,Electricity,2019,250.447,5.52324732129307,2812200,14.8494776531389,-9.32623033184578,0.12545,-2.07584800616971,3003.08,3611.9,89.08
LTU,LT,Lithuania,Electricity,2020,261.754,5.56740513139128,2809977,14.8486868562231,-9.28128172483177,0.13735,-1.98522286644085,2555.06,3456.73,71.53
LTU,LT,Lithuania,Electricity,2021,293.216,5.6809095387828,2810761,14.8489658231506,-9.16805628436775,0.14125,-1.95722390895559,3046.34,4172.16,113.98
LTU,LT,Lithuania,Electricity,2022,282.812,5.64478236593688,2805998,14.8472698268859,-9.20248746094903,0.1963,-1.62811117769972,2982.9,3915.59,98.02
LTU,LT,Lithuania,Electricity,2023,270.619,5.60071192761028,2857279,14.8653803313277,-9.26466840371744,0.25215,-1.3777311304594,2919.52,3652.13,68.71
LTU,LT,Lithuania,Electricity,2024,280.241,5.63564994725283,2885891,14.8753442490649,-9.2396943018121,0.22295,-1.50080774790865,2936.19,3437.11,91.58
LTU,LT,Lithuania,Natural gas,1990,220.615,5.39641910088128,3693708,15.1221413895135,-9.72572228863224,,,2819.52,3710.98,11.25
LTU,LT,Lithuania,Natural gas,1991,338.929,5.82579064591691,3701968,15.124375128102,-9.29858448218508,,,3103.53,4070.58,39.51
LTU,LT,Lithuania,Natural gas,1992,274.312,5.61426614470813,3706299,15.1255443625514,-9.51127821784327,,,2980.66,4037.83,74.7
LTU,LT,Lithuania,Natural gas,1993,269.411,5.59623809462004,3693929,15.1222012191993,-9.52596312457923,,,3243.38,4351.5,6.42
LTU,LT,Lithuania,Natural gas,1994,207.18,5.33358798062996,3671296,15.1160552912088,-9.78246731057882,,,3451.1,4232.29,90.29
LTU,LT,Lithuania,Natural gas,1995,183.813,5.21391893647372,3642991,15.1083156054963,-9.89439666902257,,,3130.85,4185.98,48.4
LTU,LT,Lithuania,Natural gas,1996,182.072,5.20440221324161,3615212,15.1006610563921,-9.89625884315052,,,3852.78,4728.49,34.42
LTU,LT,Lithuania,Natural gas,1997,147.936,4.99677974780582,3588013,15.0931091253427,-10.0963293775369,,,3226.53,4295.49,56.77
LTU,LT,Lithuania,Natural gas,1998,123.538,4.81654880104815,3562261,15.0859060135893,-10.2693572125411,,,3165.85,4226.27,23.09
LTU,LT,Lithuania,Natural gas,1999,108.534,4.68706348794755,3536401,15.0786201012872,-10.3915566133396,,,3448.16,3967.12,82.74
LTU,LT,Lithuania,Natural gas,2000,104.041,4.64478505222207,3512074,15.0717173041302,-10.4269322519081,,,3066.51,3703.36,12.63
LTU,LT,Lithuania,Natural gas,2001,107.481,4.67731408776058,3486998,15.0645517520987,-10.3872376643381,,,2916,4110.14,57.23
LTU,LT,Lithuania,Natural gas,2002,110.146,4.70180675847187,3454637,15.0552279445412,-10.3534211860693,,,3047.16,3986.56,103.25
LTU,LT,Lithuania,Natural gas,2003,117.498,4.76642131216276,3431497,15.0485071670772,-10.2820858549144,,,3642.62,4207.06,51.48
LTU,LT,Lithuania,Natural gas,2004,127.021,4.84435242711978,3398929,15.0389709399635,-10.1946185128437,7.91495,2.06875337619363,3285.13,4179.24,22.72
LTU,LT,Lithuania,Natural gas,2005,134.458,4.9012518826182,3355220,15.0260279000085,-10.1247760173903,7.47655,2.01177145564061,3240.07,4163.65,39.19
LTU,LT,Lithuania,Natural gas,2006,140.047,4.94197808055559,3289835,15.0063479695082,-10.0643698889526,8.6581,2.15849529896464,3510.44,4022.66,82.05
LTU,LT,Lithuania,Natural gas,2007,147.206,4.99183296633364,3249983,14.994160323523,-10.0023273571894,6.5189,1.87470565004871,2731.06,3839.34,50.57
LTU,LT,Lithuania,Natural gas,2008,145.808,4.98229068775377,3212605,14.9825926924764,-10.0003020047226,9.8864,2.29116007532458,2929.33,3700.57,29.45
LTU,LT,Lithuania,Natural gas,2009,145.099,4.97741626806763,3183856,14.973603598793,-9.99618733072539,11.54185,2.44597956018977,3091.44,4081.94,24.7
LTU,LT,Lithuania,Natural gas,2010,158.383,5.06501615038845,3141976,14.9603624593217,-9.89534630893323,11.5086,2.44309458197356,3563.68,4505.46,110.61
LTU,LT,Lithuania,Natural gas,2011,144.776,4.9751877203579,3052588,14.9315003133803,-9.95631259302238,13.53105,2.60498704449307,3579.64,3945.56,56.25
LTU,LT,Lithuania,Natural gas,2012,135.426,4.90842536567767,3003641,14.915335777401,-10.0069104117234,15.5685,2.74524964209132,3233,4255.83,47.02
LTU,LT,Lithuania,Natural gas,2013,123.173,4.81358987123711,2974637,14.9056325727105,-10.0920427014734,16.8964,2.82710058148605,3484.37,4080.43,61.45
LTU,LT,Lithuania,Natural gas,2014,119.991,4.78741673996941,2947862,14.8965907197981,-10.1091739798287,14.70255,2.68802094812837,2865.09,3894.55,81.73
LTU,LT,Lithuania,Natural gas,2015,122.678,4.80956303653736,2926644,14.8893669320385,-10.0798038955011,11.935,2.47947525979079,2935.42,3707.86,71.24
LTU,LT,Lithuania,Natural gas,2016,145.464,4.97992863331709,2895573,14.8786935768653,-9.89876494354822,11.115,2.40829554741616,3040.58,4004.9,53.57
LTU,LT,Lithuania,Natural gas,2017,153.785,5.03555552305648,2859077,14.8660094034357,-9.83045388037918,10.55965,2.35704013378945,3159.05,3951.69,25.95
LTU,LT,Lithuania,Natural gas,2018,164.724,5.10427134605752,2826200,14.8544436111308,-9.75017226507326,11.16745,2.4130032969563,3220.7,3888.07,108.37
LTU,LT,Lithuania,Natural gas,2019,160.859,5.08052820487075,2812200,14.8494776531389,-9.7689494482681,11.8897,2.47567247909758,3003.08,3611.9,89.08
LTU,LT,Lithuania,Natural gas,2020,174.375,5.16120815257563,2809977,14.8486868562231,-9.68747870364742,9.12205,2.2106945595286,2555.06,3456.73,71.53
LTU,LT,Lithuania,Natural gas,2021,219.905,5.39319563491022,2810761,14.8489658231506,-9.45577018824033,9.56045,2.25763479708521,3046.34,4172.16,113.98
LTU,LT,Lithuania,Natural gas,2022,197.53,5.28589047153991,2805998,14.8472698268859,-9.56137935534601,26.0429,3.25974517826701,2982.9,3915.59,98.02
LTU,LT,Lithuania,Natural gas,2023,181.773,5.20275865586247,2857279,14.8653803313277,-9.66262167546526,45.86355,3.82567068394099,2919.52,3652.13,68.71
LTU,LT,Lithuania,Natural gas,2024,180.126,5.19365660600448,2885891,14.8753442490649,-9.68168764306045,18.54,2.91993056013771,2936.19,3437.11,91.58
LTU,LT,Lithuania,Total,1990,1842.68,7.51897631264323,3693708,15.1221413895135,-7.60316507687029,,,2819.52,3710.98,11.25
LTU,LT,Lithuania,Total,1991,2007.139,7.60446560399655,3701968,15.124375128102,-7.51990952410545,,,3103.53,4070.58,39.51
LTU,LT,Lithuania,Total,1992,1628.92,7.39567249751275,3706299,15.1255443625514,-7.72987186503865,,,2980.66,4037.83,74.7
LTU,LT,Lithuania,Total,1993,1713.853,7.44649933118571,3693929,15.1222012191993,-7.67570188801356,,,3243.38,4351.5,6.42
LTU,LT,Lithuania,Total,1994,1748.729,7.46664451733003,3671296,15.1160552912088,-7.64941077387874,,,3451.1,4232.29,90.29
LTU,LT,Lithuania,Total,1995,1640.071,7.40249481256407,3642991,15.1083156054963,-7.70582079293223,,,3130.85,4185.98,48.4
LTU,LT,Lithuania,Total,1996,1549.527,7.34570500205179,3615212,15.1006610563921,-7.75495605434034,,,3852.78,4728.49,34.42
LTU,LT,Lithuania,Total,1997,1497.468,7.31153096081304,3588013,15.0931091253427,-7.78157816452963,,,3226.53,4295.49,56.77
LTU,LT,Lithuania,Total,1998,1450.236,7.27948158079156,3562261,15.0859060135893,-7.8064244327977,,,3165.85,4226.27,23.09
LTU,LT,Lithuania,Total,1999,1401.67,7.2454196618574,3536401,15.0786201012872,-7.83320043942979,,,3448.16,3967.12,82.74
LTU,LT,Lithuania,Total,2000,1366.002,7.21964350425851,3512074,15.0717173041302,-7.85207379987169,,,3066.51,3703.36,12.63
LTU,LT,Lithuania,Total,2001,1417.803,7.25686376937297,3486998,15.0645517520987,-7.80768798272572,,,2916,4110.14,57.23
LTU,LT,Lithuania,Total,2002,1440.644,7.27284551481822,3454637,15.0552279445412,-7.78238242972295,,,3047.16,3986.56,103.25
LTU,LT,Lithuania,Total,2003,1465.121,7.28969311189714,3431497,15.0485071670772,-7.75881405518006,,,3642.62,4207.06,51.48
LTU,LT,Lithuania,Total,2004,1478.962,7.29909576934489,3398929,15.0389709399635,-7.73987517061858,,,3285.13,4179.24,22.72
LTU,LT,Lithuania,Total,2005,1506.591,7.3176047616581,3355220,15.0260279000085,-7.70842313835045,,,3240.07,4163.65,39.19
LTU,LT,Lithuania,Total,2006,1568.999,7.3581931153842,3289835,15.0063479695082,-7.64815485412402,,,3510.44,4022.66,82.05
LTU,LT,Lithuania,Total,2007,1503.571,7.3155982244596,3249983,14.994160323523,-7.67856209906341,,,2731.06,3839.34,50.57
LTU,LT,Lithuania,Total,2008,1551.803,7.3471727596968,3212605,14.9825926924764,-7.63541993277958,,,2929.33,3700.57,29.45
LTU,LT,Lithuania,Total,2009,1568.648,7.35796938084589,3183856,14.973603598793,-7.61563421794714,,,3091.44,4081.94,24.7
LTU,LT,Lithuania,Total,2010,1593.216,7.37350989393846,3141976,14.9603624593217,-7.58685256538322,,,3563.68,4505.46,110.61
LTU,LT,Lithuania,Total,2011,1532.207,7.33446445866646,3052588,14.9315003133803,-7.59703585471382,,,3579.64,3945.56,56.25
LTU,LT,Lithuania,Total,2012,1534.798,7.33615405527057,3003641,14.915335777401,-7.57918172213046,,,3233,4255.83,47.02
LTU,LT,Lithuania,Total,2013,1467.198,7.2911097383606,2974637,14.9056325727105,-7.61452283434989,,,3484.37,4080.43,61.45
LTU,LT,Lithuania,Total,2014,1400.9,7.24487016620207,2947862,14.8965907197981,-7.65172055359605,,,2865.09,3894.55,81.73
LTU,LT,Lithuania,Total,2015,1359.131,7.21460080391315,2926644,14.8893669320385,-7.67476612812533,,,2935.42,3707.86,71.24
LTU,LT,Lithuania,Total,2016,1433.211,7.26767266053392,2895573,14.8786935768653,-7.6110209163314,,,3040.58,4004.9,53.57
LTU,LT,Lithuania,Total,2017,1455.374,7.28301819124881,2859077,14.8660094034357,-7.58299121218684,,,3159.05,3951.69,25.95
LTU,LT,Lithuania,Total,2018,1511.606,7.32092794077151,2826200,14.8544436111308,-7.53351567035928,,,3220.7,3888.07,108.37
LTU,LT,Lithuania,Total,2019,1447.177,7.27737004119636,2812200,14.8494776531389,-7.57210761194249,,,3003.08,3611.9,89.08
LTU,LT,Lithuania,Total,2020,1433.361,7.26777731515284,2809977,14.8486868562231,-7.58090954107021,,,2555.06,3456.73,71.53
LTU,LT,Lithuania,Total,2021,1629.694,7.39614754611597,2810761,14.8489658231506,-7.45281827703459,,,3046.34,4172.16,113.98
LTU,LT,Lithuania,Total,2022,1558.114,7.35123139448555,2805998,14.8472698268859,-7.49603843240036,,,2982.9,3915.59,98.02
LTU,LT,Lithuania,Total,2023,1530.945,7.33364047077987,2857279,14.8653803313277,-7.53173986054786,,,2919.52,3652.13,68.71
LTU,LT,Lithuania,Total,2024,1616.951,7.38829755608766,2885891,14.8753442490649,-7.48704669297728,,,2936.19,3437.11,91.58
LUX,LU,Luxembourg,Electricity,1990,49.441,3.9007800394821,379300,12.846082727677,-8.94530268819489,0.1015,-2.2876964805003,2247.05,3133.56,77.4
LUX,LU,Luxembourg,Electricity,1991,51.677,3.9450128082538,384400,12.8594389560783,-8.91442614782447,0.0992,-2.31061726469131,2499.65,3468.28,70.83
LUX,LU,Luxembourg,Electricity,1992,52.88,3.96802519554343,389600,12.8728758507505,-8.90485065520709,0.10105,-2.29213983513251,2542.38,3221.97,67.4
LUX,LU,Luxembourg,Electricity,1993,55.546,4.01721150629228,394750,12.8860079321179,-8.86879642582561,0.10765,-2.22887005517177,2531.95,3348.46,41.85
LUX,LU,Luxembourg,Electricity,1994,55.804,4.02184555140586,400200,12.8997197011318,-8.87787414972591,0.11025,-2.20500476465518,2483.05,3011.74,118.02
LUX,LU,Luxembourg,Electricity,1995,56.836,4.04016992777583,405650,12.9132459978232,-8.87307607004738,0.1144,-2.16805420003644,2265.24,3189.12,112.33
LUX,LU,Luxembourg,Electricity,1996,56.836,4.04016992777583,411600,12.927807282942,-8.8876373551662,0.1153,-2.16021785170712,2673.89,3739.53,46.59
LUX,LU,Luxembourg,Electricity,1997,54.514,3.99845754941494,416850,12.9404817238388,-8.94202417442382,0.11265,-2.18346961210388,2570.83,3211.41,71.57
LUX,LU,Luxembourg,Electricity,1998,56.664,4.03713908845132,422050,12.9528790694119,-8.91573998096055,0.11245,-2.18524660057681,2361.15,3283.6,56.66
LUX,LU,Luxembourg,Electricity,1999,56.664,4.03713908845132,427350,12.9653586285942,-8.92821954014284,0.11385,-2.17287348647239,2542.17,3102.5,57.98
LUX,LU,Luxembourg,Electricity,2000,68.128,4.22138828871107,433600,12.9798777291076,-8.7584894403965,0.1115,-2.19373068808196,2454.64,2939.48,48.33
LUX,LU,Luxembourg,Electricity,2001,68.895,4.23258360644587,439000,12.9922546920573,-8.75967108561144,0.12505,-2.07904162165851,2196.52,3092.61,88.84
LUX,LU,Luxembourg,Electricity,2002,69.515,4.24154255662151,444050,13.0036924476867,-8.76214989106514,0.1293,-2.04561999320433,2250.33,2857.09,67.81
LUX,LU,Luxembourg,Electricity,2003,70.712,4.25861528975865,448300,13.0132179301435,-8.75460264038489,0.1335,-2.01365380114183,2334.44,3090.1,256.85
LUX,LU,Luxembourg,Electricity,2004,72.121,4.27834526401824,454960,13.0279647819807,-8.74961951796244,0.1366,-1.99069833184545,2484.78,3182.15,98.15
LUX,LU,Luxembourg,Electricity,2005,72.664,4.28584607619991,461230,13.0416521129632,-8.75580603676327,0.149,-1.90380897303668,2483.37,3104.7,95
LUX,LU,Luxembourg,Electricity,2006,71.452,4.26902589558664,469086,13.0585413994883,-8.7895155039017,0.1603,-1.83070821936663,2511.49,3002.1,132.12
LUX,LU,Luxembourg,Electricity,2007,72.534,4.28405541744791,476187,13.0735659132083,-8.78951049576034,0.16645,-1.7930603149611,1983.33,2850.67,53.11
LUX,LU,Luxembourg,Electricity,2008,66.761,4.20111907771081,483799,13.0894248101861,-8.8883057324753,0.1627,-1.81584726475714,2352.48,3073.35,63.98
LUX,LU,Luxembourg,Electricity,2009,77.768,4.35373003551877,493500,13.1092781378557,-8.75554810233691,0.1882,-1.67025005183086,2573.78,3065.44,85.42
LUX,LU,Luxembourg,Electricity,2010,70.09,4.24978013051223,502066,13.1264868641355,-8.87670673362326,0.17365,-1.75071349979205,2503.53,3511.6,101.23
LUX,LU,Luxembourg,Electricity,2011,73.225,4.2935368927138,511840,13.1457673551833,-8.85223046246955,0.167,-1.78976146656538,2489.35,2831.07,51.34
LUX,LU,Luxembourg,Electricity,2012,78.8,4.36691299686383,524853,13.1708735023664,-8.80396050550261,0.1701,-1.77136877958032,2324.55,3264.72,51.41
LUX,LU,Luxembourg,Electricity,2013,84.195,4.43313553706227,537039,13.1938259965522,-8.76069045948994,0.16555,-1.79848201498888,2639.03,3464.56,88.14
LUX,LU,Luxembourg,Electricity,2014,86.922,4.46501116478757,549680,13.217091569705,-8.75208040491739,0.1738,-1.74985006615085,2203.62,2842.73,58.95
LUX,LU,Luxembourg,Electricity,2015,85.063,4.44339215842527,562958,13.2409603039838,-8.79756814555857,0.1767,-1.73330189965649,2341.62,3076.31,139.42
LUX,LU,Luxembourg,Electricity,2016,83.902,4.42964945109131,576249,13.2642951379336,-8.83464568684227,0.1698,-1.77313400510489,2254.85,3276.39,68.03
LUX,LU,Luxembourg,Electricity,2017,83.355,4.42310859539999,590667,13.289007685813,-8.86589909041298,0.16165,-1.82232177481069,2513.79,3196.95,85
LUX,LU,Luxembourg,Electricity,2018,79.821,4.37978662773053,602005,13.3080210299043,-8.92823440217377,0.1681,-1.78319623856757,2481.42,3064.14,138.72
LUX,LU,Luxembourg,Electricity,2019,78.192,4.3591673405278,613894,13.3275775537891,-8.96841021326127,0.17985,-1.7156321088405,2331.75,3136.85,130.14
LUX,LU,Luxembourg,Electricity,2020,81.67,4.40268673737018,626108,13.3472781591634,-8.94459142179317,0.19855,-1.61671432140488,2244.38,2935.68,107.87
LUX,LU,Luxembourg,Electricity,2021,80.873,4.39288002299442,634730,13.3609549906026,-8.9680749676082,0.19885,-1.61520450732844,2343.99,3314.05,49.1
LUX,LU,Luxembourg,Electricity,2022,80.314,4.38594395195793,645397,13.3776209103091,-8.99167695835113,0.20295,-1.59479563569723,2361.6,2983.66,135.7
LUX,LU,Luxembourg,Electricity,2023,78.575,4.36405358268363,660809,13.4012201209509,-9.03716653826725,0.20115,-1.60370438058634,2214.29,2954.42,77.61
LUX,LU,Luxembourg,Electricity,2024,75.774,4.32775522589209,672050,13.4180880214993,-9.09033279560721,0.20265,-1.59627492590782,2146.21,2861.52,78.71
LUX,LU,Luxembourg,Natural gas,1990,140.671,4.94642383058062,379300,12.846082727677,-7.89965889709637,,,2247.05,3133.56,77.4
LUX,LU,Luxembourg,Natural gas,1991,158.19,5.06379684221049,384400,12.8594389560783,-7.79564211386779,,,2499.65,3468.28,70.83
LUX,LU,Luxembourg,Natural gas,1992,160.039,5.07541753553162,389600,12.8728758507505,-7.7974583152189,,,2542.38,3221.97,67.4
LUX,LU,Luxembourg,Natural gas,1993,170.228,5.13713871494703,394750,12.8860079321179,-7.74886921717086,,,2531.95,3348.46,41.85
LUX,LU,Luxembourg,Natural gas,1994,167.648,5.12186654322581,400200,12.8997197011318,-7.77785315790596,,,2483.05,3011.74,118.02
LUX,LU,Luxembourg,Natural gas,1995,183.083,5.20993960193041,405650,12.9132459978232,-7.7033063958928,,,2265.24,3189.12,112.33
LUX,LU,Luxembourg,Natural gas,1996,214.961,5.3704566163247,411600,12.927807282942,-7.55735066661733,,,2673.89,3739.53,46.59
LUX,LU,Luxembourg,Natural gas,1997,200.838,5.30249861294126,416850,12.9404817238388,-7.6379831108975,,,2570.83,3211.41,71.57
LUX,LU,Luxembourg,Natural gas,1998,216.23,5.3763426559858,422050,12.9528790694119,-7.57653641342606,,,2361.15,3283.6,56.66
LUX,LU,Luxembourg,Natural gas,1999,213.005,5.36131563961231,427350,12.9653586285942,-7.60404298898185,,,2542.17,3102.5,57.98
LUX,LU,Luxembourg,Natural gas,2000,156.635,5.05391825794587,433600,12.9798777291076,-7.9259594711617,,,2454.64,2939.48,48.33
LUX,LU,Luxembourg,Natural gas,2001,173.337,5.15523767652978,439000,12.9922546920573,-7.83701701552753,,,2196.52,3092.61,88.84
LUX,LU,Luxembourg,Natural gas,2002,175.117,5.16545432195777,444050,13.0036924476867,-7.83823812572888,,,2250.33,2857.09,67.81
LUX,LU,Luxembourg,Natural gas,2003,187.988,5.23637813100551,448300,13.0132179301435,-7.77683979913802,,,2334.44,3090.1,256.85
LUX,LU,Luxembourg,Natural gas,2004,203.614,5.31622604459133,454960,13.0279647819807,-7.71173873738935,,,2484.78,3182.15,98.15
LUX,LU,Luxembourg,Natural gas,2005,203.9,5.31762967758041,461230,13.0416521129632,-7.72402243538277,13.66595,2.61490733763683,2483.37,3104.7,95
LUX,LU,Luxembourg,Natural gas,2006,188.678,5.24004185840228,469086,13.0585413994883,-7.81849954108606,15.76065,2.75751632723406,2511.49,3002.1,132.12
LUX,LU,Luxembourg,Natural gas,2007,187.752,5.23512194305089,476187,13.0735659132083,-7.83844397015736,10.12,2.31451366385932,1983.33,2850.67,53.11
LUX,LU,Luxembourg,Natural gas,2008,200.796,5.30228946730044,483799,13.0894248101861,-7.78713534288567,14.88,2.70001802940495,2352.48,3073.35,63.98
LUX,LU,Luxembourg,Natural gas,2009,196.422,5.28026540594029,493500,13.1092781378557,-7.82901273191539,13.25,2.58399755243223,2573.78,3065.44,85.42
LUX,LU,Luxembourg,Natural gas,2010,229.309,5.43507043898458,502066,13.1264868641355,-7.69141642515092,12.6,2.53369681395743,2503.53,3511.6,101.23
LUX,LU,Luxembourg,Natural gas,2011,215.773,5.37422692914839,511840,13.1457673551833,-7.77154042603496,15.14,2.7173402480093,2489.35,2831.07,51.34
LUX,LU,Luxembourg,Natural gas,2012,199.806,5.29734689579359,524853,13.1708735023664,-7.87352660657285,16.275,2.78963018809463,2324.55,3264.72,51.41
LUX,LU,Luxembourg,Natural gas,2013,211.339,5.35346347928976,537039,13.1938259965522,-7.84036251726245,16.525,2.80487438573775,2639.03,3464.56,88.14
LUX,LU,Luxembourg,Natural gas,2014,203.107,5.31373293377281,549680,13.217091569705,-7.90335863593215,14.525,2.67587130273798,2203.62,2842.73,58.95
LUX,LU,Luxembourg,Natural gas,2015,221.364,5.39980840542744,562958,13.2409603039838,-7.8411518985564,13.585,2.60896624287831,2341.62,3076.31,139.42
LUX,LU,Luxembourg,Natural gas,2016,235.478,5.46161749083369,576249,13.2642951379336,-7.80267764709988,12.12,2.49485698064117,2254.85,3276.39,68.03
LUX,LU,Luxembourg,Natural gas,2017,267.553,5.58931767755186,590667,13.289007685813,-7.69969000826112,11.3312,2.42755998293545,2513.79,3196.95,85
LUX,LU,Luxembourg,Natural gas,2018,244.532,5.49934617969658,602005,13.3080210299043,-7.80867485020773,11.65905,2.45608270247442,2481.42,3064.14,138.72
LUX,LU,Luxembourg,Natural gas,2019,246.392,5.50692376359982,613894,13.3275775537891,-7.82065379018925,11.96405,2.48190631996325,2331.75,3136.85,130.14
LUX,LU,Luxembourg,Natural gas,2020,258.198,5.55372673244916,626108,13.3472781591634,-7.79355142671419,10.80635,2.38013392431064,2244.38,2935.68,107.87
LUX,LU,Luxembourg,Natural gas,2021,240.596,5.48311917829847,634730,13.3609549906026,-7.87783581230415,14.96495,2.70571080016978,2343.99,3314.05,49.1
LUX,LU,Luxembourg,Natural gas,2022,214.21,5.36695684226473,645397,13.3776209103091,-8.01066406804434,24.25785,3.18874027634049,2361.6,2983.66,135.7
LUX,LU,Luxembourg,Natural gas,2023,189.598,5.24490604124208,660809,13.4012201209509,-8.1563140797088,23.96055,3.17640872790866,2214.29,2954.42,77.61
LUX,LU,Luxembourg,Natural gas,2024,203.703,5.31666305066481,672050,13.4180880214993,-8.10142497083448,22.43165,3.11047290802004,2146.21,2861.52,78.71
LUX,LU,Luxembourg,Total,1990,498.828,6.21226134695372,379300,12.846082727677,-6.63382138072327,,,2247.05,3133.56,77.4
LUX,LU,Luxembourg,Total,1991,590.894,6.38163664429771,384400,12.8594389560783,-6.47780231178057,,,2499.65,3468.28,70.83
LUX,LU,Luxembourg,Total,1992,568.884,6.34367654691041,389600,12.8728758507505,-6.52919930384011,,,2542.38,3221.97,67.4
LUX,LU,Luxembourg,Total,1993,566.949,6.34026935259232,394750,12.8860079321179,-6.54573857952557,,,2531.95,3348.46,41.85
LUX,LU,Luxembourg,Total,1994,549.807,6.30956730755261,400200,12.8997197011318,-6.59015239357917,,,2483.05,3011.74,118.02
LUX,LU,Luxembourg,Total,1995,557.095,6.32273578193713,405650,12.9132459978232,-6.59051021588608,,,2265.24,3189.12,112.33
LUX,LU,Luxembourg,Total,1996,618,6.42648845745769,411600,12.927807282942,-6.50131882548434,,,2673.89,3739.53,46.59
LUX,LU,Luxembourg,Total,1997,598.828,6.39497441163929,416850,12.9404817238388,-6.54550731219947,,,2570.83,3211.41,71.57
LUX,LU,Luxembourg,Total,1998,625.986,6.43932800663276,422050,12.9528790694119,-6.5135510627791,,,2361.15,3283.6,56.66
LUX,LU,Luxembourg,Total,1999,571.243,6.34781468830401,427350,12.9653586285942,-6.61754394029015,,,2542.17,3102.5,57.98
LUX,LU,Luxembourg,Total,2000,467.871,6.14819261689604,433600,12.9798777291076,-6.83168511221154,,,2454.64,2939.48,48.33
LUX,LU,Luxembourg,Total,2001,503.996,6.22256833153194,439000,12.9922546920573,-6.76968636052537,,,2196.52,3092.61,88.84
LUX,LU,Luxembourg,Total,2002,483.444,6.18093548605515,444050,13.0036924476867,-6.8227569616315,,,2250.33,2857.09,67.81
LUX,LU,Luxembourg,Total,2003,501.304,6.21721270349156,448300,13.0132179301435,-6.79600522665197,,,2334.44,3090.1,256.85
LUX,LU,Luxembourg,Total,2004,533.414,6.27929785812264,454960,13.0279647819807,-6.74866692385805,,,2484.78,3182.15,98.15
LUX,LU,Luxembourg,Total,2005,525.415,6.26418842652034,461230,13.0416521129632,-6.77746368644284,,,2483.37,3104.7,95
LUX,LU,Luxembourg,Total,2006,516.305,6.24669767613079,469086,13.0585413994883,-6.81184372335755,,,2511.49,3002.1,132.12
LUX,LU,Luxembourg,Total,2007,502.124,6.21884710114149,476187,13.0735659132083,-6.85471881206676,,,1983.33,2850.67,53.11
LUX,LU,Luxembourg,Total,2008,511.807,6.23794760084982,483799,13.0894248101861,-6.85147720933629,,,2352.48,3073.35,63.98
LUX,LU,Luxembourg,Total,2009,517.987,6.24995014541946,493500,13.1092781378557,-6.85932799243621,,,2573.78,3065.44,85.42
LUX,LU,Luxembourg,Total,2010,512.414,6.2391328920537,502066,13.1264868641355,-6.88735397208179,,,2503.53,3511.6,101.23
LUX,LU,Luxembourg,Total,2011,477.528,6.16862279694506,511840,13.1457673551833,-6.97714455823829,,,2489.35,2831.07,51.34
LUX,LU,Luxembourg,Total,2012,490.129,6.19466862176257,524853,13.1708735023664,-6.97620488060388,,,2324.55,3264.72,51.41
LUX,LU,Luxembourg,Total,2013,498.056,6.21071252050185,537039,13.1938259965522,-6.98311347605036,,,2639.03,3464.56,88.14
LUX,LU,Luxembourg,Total,2014,468.025,6.14852171329433,549680,13.217091569705,-7.06856985641063,,,2203.62,2842.73,58.95
LUX,LU,Luxembourg,Total,2015,508.946,6.23234192054926,562958,13.2409603039838,-7.00861838343458,,,2341.62,3076.31,139.42
LUX,LU,Luxembourg,Total,2016,525.178,6.26373725274702,576249,13.2642951379336,-7.00055788518656,,,2254.85,3276.39,68.03
LUX,LU,Luxembourg,Total,2017,535.579,6.2833484046839,590667,13.289007685813,-7.00565928112908,,,2513.79,3196.95,85
LUX,LU,Luxembourg,Total,2018,500.518,6.21564356214455,602005,13.3080210299043,-7.09237746775976,,,2481.42,3064.14,138.72
LUX,LU,Luxembourg,Total,2019,463.194,6.13814597280701,613894,13.3275775537891,-7.18943158098205,,,2331.75,3136.85,130.14
LUX,LU,Luxembourg,Total,2020,497.737,6.21007182507436,626108,13.3472781591634,-7.13720633408899,,,2244.38,2935.68,107.87
LUX,LU,Luxembourg,Total,2021,479.175,6.17206587515652,634730,13.3609549906026,-7.18888911544611,,,2343.99,3314.05,49.1
LUX,LU,Luxembourg,Total,2022,454.444,6.11907469370504,645397,13.3776209103091,-7.25854621660402,,,2361.6,2983.66,135.7
LUX,LU,Luxembourg,Total,2023,438.685,6.08378161565691,660809,13.4012201209509,-7.31743850529397,,,2214.29,2954.42,77.61
LUX,LU,Luxembourg,Total,2024,443.037,6.09365328800211,672050,13.4180880214993,-7.32443473349719,,,2146.21,2861.52,78.71
LVA,LV,Latvia,Electricity,1990,110.576,4.70570306734904,2668140,14.7968921584041,-10.091189091055,,,2843.67,3757.76,9.54
LVA,LV,Latvia,Electricity,1991,111.694,4.71576298932357,2658161,14.7931450882795,-10.0773820989559,,,3076.3,4062.55,27.36
LVA,LV,Latvia,Electricity,1992,101.806,4.62306904147585,2643000,14.7874251935864,-10.1643561521106,,,2886.76,4057.11,52.43
LVA,LV,Latvia,Electricity,1993,74.205,4.30683153334778,2585675,14.7654971536952,-10.4586656203474,,,3218.58,4421.03,5.49
LVA,LV,Latvia,Electricity,1994,81.685,4.40287038647847,2540904,14.7480304811872,-10.3451600947087,,,3581.97,4377.86,64.72
LVA,LV,Latvia,Electricity,1995,99.828,4.60344870508975,2500580,14.7320332629306,-10.1285845578408,,,3113.26,4195.44,31.79
LVA,LV,Latvia,Electricity,1996,93.981,4.54309263417988,2469531,14.7195388120324,-10.1764461778526,,,3815.36,4761.18,25.27
LVA,LV,Latvia,Electricity,1997,93.035,4.53297576643961,2444912,14.7095196884233,-10.1765439219837,,,3168.95,4320.15,66.71
LVA,LV,Latvia,Electricity,1998,95.529,4.55942986631129,2420789,14.6996040780535,-10.1401742117422,,,3215.08,4301.33,16.7
LVA,LV,Latvia,Electricity,1999,98.624,4.59131463969765,2399248,14.6906659128857,-10.099351273188,,,3481.93,4010.82,65.42
LVA,LV,Latvia,Electricity,2000,102.236,4.6272838662332,2381715,14.6833313743839,-10.0560475081507,,,3047.21,3758.64,10.22
LVA,LV,Latvia,Electricity,2001,106.535,4.66847356965733,2353384,14.6713648503146,-10.0028912806573,,,2939.4,4186.47,51.67
LVA,LV,Latvia,Electricity,2002,113.242,4.72952712169141,2320956,14.6574897277309,-9.9279626060395,,,3097.83,4154.53,82.2
LVA,LV,Latvia,Electricity,2003,122.184,4.80552810526814,2299390,14.6481544283317,-9.84262632306358,,,3704.71,4284.41,55.57
LVA,LV,Latvia,Electricity,2004,126.139,4.8373844735047,2276520,14.6381585191346,-9.80077404562989,0.06285,-2.76700434394588,3277.39,4257.73,20.92
LVA,LV,Latvia,Electricity,2005,135.168,4.90651844920369,2249724,14.6263180999898,-9.71979965078608,0.08285,-2.49072353510957,3321.96,4284.44,33.11
LVA,LV,Latvia,Electricity,2006,148.581,5.00113026408195,2227874,14.6165583254678,-9.61542806138588,0.07595,-2.57768004994036,3518.05,4064.87,71.41
LVA,LV,Latvia,Electricity,2007,154.256,5.03861355992203,2208840,14.6079780488148,-9.56936448889274,0.0729,-2.61866663996752,2801.27,4003.56,39.27
LVA,LV,Latvia,Electricity,2008,174.635,5.16269808150659,2191810,14.6002382444611,-9.43754016295451,0.09225,-2.3832529960615,2923.11,3750.99,19.78
LVA,LV,Latvia,Electricity,2009,171.969,5.14731422801147,2162834,14.5869299567289,-9.43961572871744,0.1053,-2.25094185984221,3073.26,4137.61,22.25
LVA,LV,Latvia,Electricity,2010,166.638,5.11582379496039,2120504,14.5671643542426,-9.45134055928218,0.10485,-2.25522452163421,3607.61,4554.32,109.37
LVA,LV,Latvia,Electricity,2011,152.365,5.02627895808428,2074605,14.5452813320801,-9.51900237399584,0.1255,-2.0754495204103,3561.18,3886.28,65.32
LVA,LV,Latvia,Electricity,2012,152.709,5.02853414958401,2044813,14.5308169007351,-9.50228275115111,0.13755,-1.98376779161155,3149.19,4245.26,32.38
LVA,LV,Latvia,Electricity,2013,153.31,5.03246201532236,2023825,14.5204998432008,-9.48803782787845,0.1368,-1.98923527379369,3473.82,4062.49,51.12
LVA,LV,Latvia,Electricity,2014,150.215,5.01206760118788,2001468,14.509391469278,-9.49732386809008,0.1333,-2.01515305179747,2863.43,3928.97,74.58
LVA,LV,Latvia,Electricity,2015,151.247,5.0189142620035,1986096,14.5016814607876,-9.48276719878408,0.16425,-1.80636562161742,2921,3692.73,38.56
LVA,LV,Latvia,Electricity,2016,154.17,5.03805588967225,1968957,14.4930145188861,-9.45495862921385,0.1626,-1.81646208186843,3020.43,3996.96,39.19
LVA,LV,Latvia,Electricity,2017,142.431,4.95885767191462,1950116,14.4833994159501,-9.52454174403551,0.1584,-1.84263179960181,3134.29,3992.52,15.23
LVA,LV,Latvia,Electricity,2018,143.601,4.96703862037818,1934379,14.4752969027043,-9.50825828232615,0.1521,-1.88321707971689,3213.96,3887.14,93.59
LVA,LV,Latvia,Electricity,2019,141.821,4.95456569904264,1919968,14.4678190771984,-9.51325337815576,0.16345,-1.81124814581192,2969.76,3623.81,57.07
LVA,LV,Latvia,Electricity,2020,150.56,5.01436167583707,1907675,14.4613957810519,-9.4470341052148,0.1426,-1.94771177100194,2540.95,3398.41,49.81
LVA,LV,Latvia,Electricity,2021,154.427,5.03972149276894,1893223,14.4537912256833,-9.41406973291436,0.16445,-1.80514870634707,2979.29,4119.84,103.42
LVA,LV,Latvia,Electricity,2022,144.894,4.97600244060181,1875757,14.4445228692416,-9.4685204286398,0.23755,-1.43737715134921,2989.4,3927.51,85.94
LVA,LV,Latvia,Electricity,2023,141.858,4.95482655726768,1895239,14.4548555099181,-9.50002895265039,0.2914,-1.23305838522103,2968.19,3713.88,46.28
LVA,LV,Latvia,Electricity,2024,149.643,5.00825245739446,1878575,14.4460240686716,-9.43777161127715,0.2477,-1.39553694248682,3052.14,3483.11,55.24
LVA,LV,Latvia,Natural gas,1990,95.636,4.56054931821069,2668140,14.7968921584041,-10.2363428401934,,,2843.67,3757.76,9.54
LVA,LV,Latvia,Natural gas,1991,102.107,4.62602128305554,2658161,14.7931450882795,-10.1671238052239,,,3076.3,4062.55,27.36
LVA,LV,Latvia,Natural gas,1992,117.154,4.7634893086304,2643000,14.7874251935864,-10.023935884956,,,2886.76,4057.11,52.43
LVA,LV,Latvia,Natural gas,1993,121.539,4.80023519892941,2585675,14.7654971536952,-9.96526195476575,,,3218.58,4421.03,5.49
LVA,LV,Latvia,Natural gas,1994,104.106,4.64540961084759,2540904,14.7480304811872,-10.1026208703396,,,3581.97,4377.86,64.72
LVA,LV,Latvia,Natural gas,1995,99.85,4.60366905986182,2500580,14.7320332629306,-10.1283642030688,,,3113.26,4195.44,31.79
LVA,LV,Latvia,Natural gas,1996,89.854,4.49818613088082,2469531,14.7195388120324,-10.2213526811516,,,3815.36,4761.18,25.27
LVA,LV,Latvia,Natural gas,1997,73.151,4.29252579791268,2444912,14.7095196884233,-10.4169938905107,,,3168.95,4320.15,66.71
LVA,LV,Latvia,Natural gas,1998,69.175,4.23663952567299,2420789,14.6996040780535,-10.4629645523805,,,3215.08,4301.33,16.7
LVA,LV,Latvia,Natural gas,1999,67.562,4.213045694817,2399248,14.6906659128857,-10.4776202180687,,,3481.93,4010.82,65.42
LVA,LV,Latvia,Natural gas,2000,63.5,4.15103990589865,2381715,14.6833313743839,-10.5322914684853,,,3047.21,3758.64,10.22
LVA,LV,Latvia,Natural gas,2001,71.668,4.27204434393765,2353384,14.6713648503146,-10.3993205063769,,,2939.4,4186.47,51.67
LVA,LV,Latvia,Natural gas,2002,78.654,4.36505848644373,2320956,14.6574897277309,-10.2924312412872,,,3097.83,4154.53,82.2
LVA,LV,Latvia,Natural gas,2003,87.575,4.47249556908355,2299390,14.6481544283317,-10.1756588592482,,,3704.71,4284.41,55.57
LVA,LV,Latvia,Natural gas,2004,94.54,4.54902302536509,2276520,14.6381585191346,-10.0891354937695,6.4288,1.86078789563848,3277.39,4257.73,20.92
LVA,LV,Latvia,Natural gas,2005,100.15,4.60666906211183,2249724,14.6263180999898,-10.0196490378779,5.5731,1.71795145208333,3321.96,4284.44,33.11
LVA,LV,Latvia,Natural gas,2006,103.332,4.63794710550203,2227874,14.6165583254678,-9.97861121996581,6.6523,1.89496265953202,3518.05,4064.87,71.41
LVA,LV,Latvia,Natural gas,2007,109.566,4.69652710740795,2208840,14.6079780488148,-9.91145094140682,8.6472,2.15723556911986,2801.27,4003.56,39.27
LVA,LV,Latvia,Natural gas,2008,112.102,4.71940917113216,2191810,14.6002382444611,-9.88082907332894,11.2924,2.42412993307239,2923.11,3750.99,19.78
LVA,LV,Latvia,Natural gas,2009,102.794,4.63272698555896,2162834,14.5869299567289,-9.95420297116995,12.5316,2.52825345429137,3073.26,4137.61,22.25
LVA,LV,Latvia,Natural gas,2010,124.441,4.82383170799843,2120504,14.5671643542426,-9.74333264624413,10.003,2.30288504800304,3607.61,4554.32,109.37
LVA,LV,Latvia,Natural gas,2011,106.836,4.67129494837954,2074605,14.5452813320801,-9.87398638370058,11.71745,2.46107918368379,3561.18,3886.28,65.32
LVA,LV,Latvia,Natural gas,2012,106.814,4.67108900407738,2044813,14.5308169007351,-9.85972789665775,14.9013,2.70144845746765,3149.19,4245.26,32.38
LVA,LV,Latvia,Natural gas,2013,101.698,4.62200763717776,2023825,14.5204998432008,-9.89849220602305,14.0225,2.64066318240036,3473.82,4062.49,51.12
LVA,LV,Latvia,Natural gas,2014,101.333,4.61841212325902,2001468,14.509391469278,-9.89097934601894,13.505,2.60305998724458,2863.43,3928.97,74.58
LVA,LV,Latvia,Natural gas,2015,98.087,4.58585483995111,1986096,14.5016814607876,-9.91582662083646,13.62,2.61153930072137,2921,3692.73,38.56
LVA,LV,Latvia,Natural gas,2016,106.362,4.6668483702597,1968957,14.4930145188861,-9.8261661486264,11.535,2.44538589162572,3020.43,3996.96,39.19
LVA,LV,Latvia,Natural gas,2017,111.346,4.71264247029209,1950116,14.4833994159501,-9.77075694565804,10.69835,2.37008952396948,3134.29,3992.52,15.23
LVA,LV,Latvia,Natural gas,2018,119.182,4.78065173651718,1934379,14.4752969027043,-9.69464516618715,11.60015,2.4510180290632,3213.96,3887.14,93.59
LVA,LV,Latvia,Natural gas,2019,110.732,4.7071128674994,1919968,14.4678190771984,-9.76070620969901,11.06225,2.40353841120863,2969.76,3623.81,57.07
LVA,LV,Latvia,Natural gas,2020,109.571,4.6965727409614,1907675,14.4613957810519,-9.76482304009047,8.25925,2.11133378437893,2540.95,3398.41,49.81
LVA,LV,Latvia,Natural gas,2021,115.401,4.74841301954772,1893223,14.4537912256833,-9.70537820613558,10.13715,2.31620689356809,2979.29,4119.84,103.42
LVA,LV,Latvia,Natural gas,2022,104.631,4.65043987483558,1875757,14.4445228692416,-9.79408299440603,21.844,3.08392628428991,2989.4,3927.51,85.94
LVA,LV,Latvia,Natural gas,2023,85.104,4.44387403799996,1895239,14.4548555099181,-10.0109814719181,27.85435,3.32698914807217,2968.19,3713.88,46.28
LVA,LV,Latvia,Natural gas,2024,89.638,4.49577933721573,1878575,14.4460240686716,-9.95024473145589,25.0344,3.22025087904773,3052.14,3483.11,55.24
LVA,LV,Latvia,Total,1990,1582.861,7.3669892480661,2668140,14.7968921584041,-7.42990291033797,,,2843.67,3757.76,9.54
LVA,LV,Latvia,Total,1991,1762.827,7.4746740493924,2658161,14.7931450882795,-7.31847103888707,,,3076.3,4062.55,27.36
LVA,LV,Latvia,Total,1992,1686.439,7.4303744842656,2643000,14.7874251935864,-7.35705070932083,,,2886.76,4057.11,52.43
LVA,LV,Latvia,Total,1993,1738.233,7.4606243589802,2585675,14.7654971536952,-7.30487279471495,,,3218.58,4421.03,5.49
LVA,LV,Latvia,Total,1994,1667.221,7.41891344744901,2540904,14.7480304811872,-7.32911703373818,,,3581.97,4377.86,64.72
LVA,LV,Latvia,Total,1995,1600.616,7.37814383413439,2500580,14.7320332629306,-7.3538894287962,,,3113.26,4195.44,31.79
LVA,LV,Latvia,Total,1996,1691.821,7.43356074260763,2469531,14.7195388120324,-7.28597806942481,,,3815.36,4761.18,25.27
LVA,LV,Latvia,Total,1997,1540.61,7.33993372087534,2444912,14.7095196884233,-7.36958596754801,,,3168.95,4320.15,66.71
LVA,LV,Latvia,Total,1998,1499.284,7.31274293979715,2420789,14.6996040780535,-7.38686113825635,,,3215.08,4301.33,16.7
LVA,LV,Latvia,Total,1999,1410.043,7.25137547936111,2399248,14.6906659128857,-7.43929043352459,,,3481.93,4010.82,65.42
LVA,LV,Latvia,Total,2000,1326.642,7.1904062164727,2381715,14.6833313743839,-7.4929251579112,,,3047.21,3758.64,10.22
LVA,LV,Latvia,Total,2001,1442.273,7.2739756203144,2353384,14.6713648503146,-7.3973892300002,,,2939.4,4186.47,51.67
LVA,LV,Latvia,Total,2002,1431.035,7.26615323767803,2320956,14.6574897277309,-7.39133649005288,,,3097.83,4154.53,82.2
LVA,LV,Latvia,Total,2003,1498.75,7.31238670634172,2299390,14.6481544283317,-7.33576772199,,,3704.71,4284.41,55.57
LVA,LV,Latvia,Total,2004,1472.758,7.29489211240198,2276520,14.6381585191346,-7.34326640673261,,,3277.39,4257.73,20.92
LVA,LV,Latvia,Total,2005,1503.944,7.31584626977403,2249724,14.6263180999898,-7.31047183021574,,,3321.96,4284.44,33.11
LVA,LV,Latvia,Total,2006,1480.648,7.30023510877298,2227874,14.6165583254678,-7.31632321669485,,,3518.05,4064.87,71.41
LVA,LV,Latvia,Total,2007,1457.706,7.28461924614476,2208840,14.6079780488148,-7.32335880267001,,,2801.27,4003.56,39.27
LVA,LV,Latvia,Total,2008,1451.54,7.28038034078391,2191810,14.6002382444611,-7.31985790367719,,,2923.11,3750.99,19.78
LVA,LV,Latvia,Total,2009,1534.586,7.33601591680348,2162834,14.5869299567289,-7.25091403992544,,,3073.26,4137.61,22.25
LVA,LV,Latvia,Total,2010,1388.905,7.23627094588689,2120504,14.5671643542426,-7.33089340835567,,,3607.61,4554.32,109.37
LVA,LV,Latvia,Total,2011,1327.389,7.19096913380089,2074605,14.5452813320801,-7.35431219827922,,,3561.18,3886.28,65.32
LVA,LV,Latvia,Total,2012,1376.24,7.22711042188878,2044813,14.5308169007351,-7.30370647884634,,,3149.19,4245.26,32.38
LVA,LV,Latvia,Total,2013,1267.242,7.14459816445031,2023825,14.5204998432008,-7.3759016787505,,,3473.82,4062.49,51.12
LVA,LV,Latvia,Total,2014,1238.471,7.12163283323339,2001468,14.509391469278,-7.38775863604458,,,2863.43,3928.97,74.58
LVA,LV,Latvia,Total,2015,1105.582,7.00812717212834,1986096,14.5016814607876,-7.49355428865923,,,2921,3692.73,38.56
LVA,LV,Latvia,Total,2016,1143.483,7.04183414671481,1968957,14.4930145188861,-7.45118037217129,,,3020.43,3996.96,39.19
LVA,LV,Latvia,Total,2017,1195.604,7.08640677600472,1950116,14.4833994159501,-7.3969926399454,,,3134.29,3992.52,15.23
LVA,LV,Latvia,Total,2018,1231.009,7.11558943728689,1934379,14.4752969027043,-7.35970746541744,,,3213.96,3887.14,93.59
LVA,LV,Latvia,Total,2019,1187.967,7.079998721759,1919968,14.4678190771984,-7.3878203554394,,,2969.76,3623.81,57.07
LVA,LV,Latvia,Total,2020,1115.366,7.01693788115268,1907675,14.4613957810519,-7.44445789989919,,,2540.95,3398.41,49.81
LVA,LV,Latvia,Total,2021,1202.993,7.09256789717138,1893223,14.4537912256833,-7.36122332851192,,,2979.29,4119.84,103.42
LVA,LV,Latvia,Total,2022,1115.069,7.01667156538759,1875757,14.4445228692416,-7.42785130385402,,,2989.4,3927.51,85.94
LVA,LV,Latvia,Total,2023,1079.133,6.98391321994185,1895239,14.4548555099181,-7.47094228997621,,,2968.19,3713.88,46.28
LVA,LV,Latvia,Total,2024,1099.341,7.00246618835071,1878575,14.4460240686716,-7.44355788032091,,,3052.14,3483.11,55.24
MLT,MT,Malta,Electricity,1990,22.528,3.11475897997563,352430,12.7726072999542,-9.65784831997862,,,762.67,946.93,400.48
MLT,MT,Malta,Electricity,1991,23.216,3.14484169614183,361908,12.7991453148615,-9.6543036187197,0.0548,-2.90406508502817,912.85,1167.35,391.71
MLT,MT,Malta,Electricity,1992,24.076,3.18121549368552,365781,12.8097900726386,-9.62857457895306,0.0537,-2.92434227746732,1139.4,1099.24,320.77
MLT,MT,Malta,Electricity,1993,24.334,3.19187454936526,369455,12.8197842257563,-9.62790967639103,0.049,-3.01593498087151,997.76,1140.82,412.12
MLT,MT,Malta,Electricity,1994,32.846,3.49182997191537,373161,12.8297652408869,-9.33793526897157,0.04915,-3.01287843238896,835.33,918.57,465.92
MLT,MT,Malta,Electricity,1995,34.394,3.53788213056201,376433,12.838495355539,-9.30061322497696,0.0478,-3.04072963948473,882.18,1067.05,411.23
MLT,MT,Malta,Electricity,1996,37.231,3.61714174758299,378404,12.8437176869285,-9.22657593934552,0.04775,-3.0417762120554,931.44,1067.85,411.08
MLT,MT,Malta,Electricity,1997,39.725,3.68198071242278,381405,12.8516170816588,-9.16963636923597,0.0499,-2.99773427622466,889,1015.7,460.07
MLT,MT,Malta,Electricity,1998,42.992,3.76101405187314,384176,12.8588560599006,-9.09784200802742,0.0586,-2.83702058239917,912.63,1098.54,549.88
MLT,MT,Malta,Electricity,1999,46.518,3.83983933446488,386397,12.8646206173152,-9.02478128285033,0.0586,-2.83702058239917,1026.62,928.84,454.96
MLT,MT,Malta,Electricity,2000,48.065,3.87255426151778,388759,12.870714893333,-8.99816063181522,0.06145,-2.78953144297009,833.35,886,438.76
MLT,MT,Malta,Electricity,2001,46.432,3.83798887670178,391415,12.877523657175,-9.03953478047324,0.0627,-2.76939383134326,629.86,886.05,347.94
MLT,MT,Malta,Electricity,2002,49.011,3.89204476271248,394641,12.8857317698594,-8.99368700714692,0.06605,-2.7173432480138,821.21,833.49,389.66
MLT,MT,Malta,Electricity,2003,54.084,3.99053839349651,397296,12.8924368737933,-8.90189848029678,0.06785,-2.69045589270126,883.33,973.27,529.94
MLT,MT,Malta,Electricity,2004,52.88,3.96802519554343,399867,12.8988872707997,-8.93086207525631,0.0671,-2.7015712350045,829.27,994.96,321.57
MLT,MT,Malta,Electricity,2005,53.568,3.98095187486701,402668,12.9058676800616,-8.92491580519457,0.07665,-2.56850567366431,935.7,1172.37,287.68
MLT,MT,Malta,Electricity,2006,56.664,4.03713908845132,404999,12.9116398769498,-8.87450078849851,0.09915,-2.31112142401633,947.59,930.58,343.47
MLT,MT,Malta,Electricity,2007,56.578,4.03562021706909,405616,12.9131621782128,-8.87754196114373,0.0918,-2.38814298135569,632.34,902.82,341.91
MLT,MT,Malta,Electricity,2008,55.46,4.01566204018763,407832,12.9186106038821,-8.90294856369442,0.12645,-2.06790830586616,883.32,908.6,275.62
MLT,MT,Malta,Electricity,2009,49.011,3.89204476271248,410926,12.9261684286059,-9.03412366589338,0.16105,-1.82604040320493,841.79,987.2,363.44
MLT,MT,Malta,Electricity,2010,50.645,3.92484050913876,414027,12.9336864680722,-9.00884595893343,0.165,-1.80180980508156,772.26,863.81,306.07
MLT,MT,Malta,Electricity,2011,51.075,3.93329514070369,414989,12.9360072928374,-9.00271215213376,0.16585,-1.79667151358908,870.03,1010.47,286.22
MLT,MT,Malta,Electricity,2012,52.794,3.96639754789148,417546,12.9421499968444,-8.97575244895296,0.16755,-1.78647346479882,940.66,1029.98,423.07
MLT,MT,Malta,Electricity,2013,52.365,3.95823842922511,421464,12.9514896435238,-8.99325121429869,0.16765,-1.7858768060699,815.53,900.04,331.53
MLT,MT,Malta,Electricity,2014,52.88,3.96802519554343,428156,12.9672428941364,-8.99921769859293,0.1361,-1.99436536932472,716.07,,308.88
MLT,MT,Malta,Electricity,2015,56.406,4.03257553582447,438805,12.9918104020311,-8.95923486620668,0.1263,-2.06909524962569,,887.49,419.2
MLT,MT,Malta,Electricity,2016,57.261,4.04761976371587,449635,13.0161914215068,-8.96857165779093,0.12655,-2.067117791991,,,297.75
MLT,MT,Malta,Electricity,2017,62.59,4.13660552093661,459375,13.0376221489492,-8.90101662801263,0.1313,-2.03027049767339,847.27,971.67,437.3
MLT,MT,Malta,Electricity,2018,67.849,4.21728464777875,474837,13.0707268662299,-8.85344221845115,0.1296,-2.04330249506396,808.67,836.12,300.39
MLT,MT,Malta,Electricity,2019,73.532,4.29772068562063,492968,13.1081995421961,-8.81047885657543,0.1297,-2.04253118765974,918.67,1079.82,415.66
MLT,MT,Malta,Electricity,2020,76.416,4.33619209833008,514855,13.1516405866042,-8.81544848827413,0.12925,-2.0460067655936,816.27,887.05,337.09
MLT,MT,Malta,Electricity,2021,81.498,4.40057848006841,516125,13.1541042631884,-8.75352578311998,0.13015,-2.03906764754156,754.27,947.28,483.18
MLT,MT,Malta,Electricity,2022,88.708,4.48535007690578,520174,13.161918649971,-8.6765685730652,0.1291,-2.04716798112954,932.15,1012.41,358.68
MLT,MT,Malta,Electricity,2023,87.659,4.47345428721398,542051,13.203115371936,-8.72966108472201,0.127,-2.06356819252355,794.88,1021.02,261.14
MLT,MT,Malta,Electricity,2024,93.408,4.5369769946717,563443,13.2418214538407,-8.70484445916902,0.12875,-2.04988273943829,834.49,1075.17,351.18
MLT,MT,Malta,Total,1990,56.212,4.0291302572385,352430,12.7726072999542,-8.74347704271575,,,762.67,946.93,400.48
MLT,MT,Malta,Total,1991,58.03,4.06096011820252,361908,12.7991453148615,-8.73818519665901,,,912.85,1167.35,391.71
MLT,MT,Malta,Total,1992,61.149,4.1133135087697,365781,12.8097900726386,-8.69647656386888,,,1139.4,1099.24,320.77
MLT,MT,Malta,Total,1993,61.407,4.11752383516951,369455,12.8197842257563,-8.70226039058678,,,997.76,1140.82,412.12
MLT,MT,Malta,Total,1994,69.92,4.24735173134728,373161,12.8297652408869,-8.58241350953966,,,835.33,918.57,465.92
MLT,MT,Malta,Total,1995,73.56,4.29810139973612,376433,12.838495355539,-8.54039395580285,,,882.18,1067.05,411.23
MLT,MT,Malta,Total,1996,76.314,4.3348564076974,378404,12.8437176869285,-8.50886127923111,,,931.44,1067.85,411.08
MLT,MT,Malta,Total,1997,74.539,4.31132247834535,381405,12.8516170816588,-8.54029460331341,,,889,1015.7,460.07
MLT,MT,Malta,Total,1998,66.382,4.19542593539504,384176,12.8588560599006,-8.66343012450552,,,912.63,1098.54,549.88
MLT,MT,Malta,Total,1999,75.139,4.31933973156645,386397,12.8646206173152,-8.54528088574876,,,1026.62,928.84,454.96
MLT,MT,Malta,Total,2000,76.603,4.3386362404705,388759,12.870714893333,-8.5320786528625,,,833.35,886,438.76
MLT,MT,Malta,Total,2001,74.969,4.31707469475721,391415,12.877523657175,-8.56044896241781,,,629.86,886.05,347.94
MLT,MT,Malta,Total,2002,80.771,4.39161799021203,394641,12.8857317698594,-8.49411377964738,,,821.21,833.49,389.66
MLT,MT,Malta,Total,2003,88.982,4.48843410208641,397296,12.8924368737933,-8.40400277170688,,,883.33,973.27,529.94
MLT,MT,Malta,Total,2004,88.824,4.48665688375197,399867,12.8988872707997,-8.41223038704777,,,829.27,994.96,321.57
MLT,MT,Malta,Total,2005,72.088,4.27788759493274,402668,12.9058676800616,-8.62798008512885,,,935.7,1172.37,287.68
MLT,MT,Malta,Total,2006,73.039,4.29099354506484,404999,12.9116398769498,-8.62064633188499,,,947.59,930.58,343.47
MLT,MT,Malta,Total,2007,70.808,4.25997198866658,405616,12.9131621782128,-8.65319018954625,,,632.34,902.82,341.91
MLT,MT,Malta,Total,2008,70.789,4.2597036213973,407832,12.9186106038821,-8.65890698248476,,,883.32,908.6,275.62
MLT,MT,Malta,Total,2009,64.393,4.16500493155033,410926,12.9261684286059,-8.76116349705553,,,841.79,987.2,363.44
MLT,MT,Malta,Total,2010,69.245,4.23765094029468,414027,12.9336864680722,-8.69603552777751,,,772.26,863.81,306.07
MLT,MT,Malta,Total,2011,68.76,4.23062218051465,414989,12.9360072928374,-8.7053851123228,,,870.03,1010.47,286.22
MLT,MT,Malta,Total,2012,72.178,4.27913529032424,417546,12.9421499968444,-8.66301470652019,,,940.66,1029.98,423.07
MLT,MT,Malta,Total,2013,73.999,4.30405157959935,421464,12.9514896435238,-8.64743806392445,,,815.53,900.04,331.53
MLT,MT,Malta,Total,2014,73.904,4.30276695368825,428156,12.9672428941364,-8.66447594044811,,,716.07,,308.88
MLT,MT,Malta,Total,2015,79.865,4.38033770924192,438805,12.9918104020311,-8.61147269278922,,,,887.49,419.2
MLT,MT,Malta,Total,2016,77.575,4.35124521033444,449635,13.0161914215068,-8.66494621117235,,,,,297.75
MLT,MT,Malta,Total,2017,91.096,4.5119138955083,459375,13.0376221489492,-8.52570825344093,,,847.27,971.67,437.3
MLT,MT,Malta,Total,2018,93.033,4.53295426892257,474837,13.0707268662299,-8.53777259730733,,,808.67,836.12,300.39
MLT,MT,Malta,Total,2019,101.528,4.62033462250786,492968,13.1081995421961,-8.48786491968819,,,918.67,1079.82,415.66
MLT,MT,Malta,Total,2020,105.933,4.66280681879645,514855,13.1516405866042,-8.48883376780776,,,816.27,887.05,337.09
MLT,MT,Malta,Total,2021,110.244,4.70269609107733,516125,13.1541042631884,-8.45140817211106,,,754.27,947.28,483.18
MLT,MT,Malta,Total,2022,117.719,4.76830042859593,520174,13.161918649971,-8.39361822137506,,,932.15,1012.41,358.68
MLT,MT,Malta,Total,2023,116.023,4.75378844731437,542051,13.203115371936,-8.44932692462163,,,794.88,1021.02,261.14
MLT,MT,Malta,Total,2024,121.621,4.80090965199001,563443,13.2418214538407,-8.44091180185071,,,834.49,1075.17,351.18
NLD,NL,Netherlands,Electricity,1990,1347.721,7.20617029675656,14892574,16.5163732574167,-9.31020296066018,,,1936.69,2752.24,48.16
NLD,NL,Netherlands,Electricity,1991,1396.733,7.24189121715368,15010445,16.5242568500723,-9.28236563291857,0.09315,-2.37354418193454,2261.47,3216.86,41.95
NLD,NL,Netherlands,Electricity,1992,1429.407,7.26501495193354,15129150,16.5321339044111,-9.26711895247758,0.09135,-2.39305699615812,2254.62,2897.49,38.75
NLD,NL,Netherlands,Electricity,1993,1462.081,7.28761604233178,15239182,16.5393804322416,-9.25176438990979,0.0954,-2.3496767005279,2279.55,3107.93,13.97
NLD,NL,Netherlands,Electricity,1994,1511.092,7.32058784724913,15341553,16.546075587371,-9.2254877401219,0.09705,-2.33252896936712,2337.62,2837.51,79.28
NLD,NL,Netherlands,Electricity,1995,1555.03,7.34925011703174,15424122,16.5514432055522,-9.20219308852048,0.10255,-2.27740479446375,2045.83,2960.86,90.33
NLD,NL,Netherlands,Electricity,1996,1578.762,7.36439627458593,15493889,16.5559562460848,-9.19155997149888,0.10105,-2.29213983513251,2618.83,3553.04,34.89
NLD,NL,Netherlands,Electricity,1997,1610.404,7.38424035817744,15567107,16.5606707205089,-9.17643036233141,0.1145,-2.16718045598784,2370.67,2991.82,59.08
NLD,NL,Netherlands,Electricity,1998,1642.046,7.40369830423629,15654192,16.5662492985074,-9.16255099427113,0.1142,-2.16980398176023,2079.25,2866.44,22.03
NLD,NL,Netherlands,Electricity,1999,1685.641,7.42990118587713,15760225,16.5729999189418,-9.14309873306472,0.12025,-2.11818236999627,2245.13,2732.36,45.12
NLD,NL,Netherlands,Electricity,2000,1721.324,7.45084904113035,15863950,16.5795597973866,-9.12871075625623,0.152,-1.88387475813586,2103.64,2707.48,24.51
NLD,NL,Netherlands,Electricity,2001,1745.4,7.46473903472921,15987075,16.5872911412477,-9.1225521065185,0.1649,-1.80241604941658,2167.6,2896.31,50.19
NLD,NL,Netherlands,Electricity,2002,1800.946,7.49606736138386,16105285,16.5946580369584,-9.09859067557459,0.16955,-1.77460741041049,1966.74,2752.69,40.14
NLD,NL,Netherlands,Electricity,2003,1841.617,7.5183992690284,16192572,16.6000631765323,-9.08166390750393,0.17695,-1.73188807219066,2301.06,2968.28,81.15
NLD,NL,Netherlands,Electricity,2004,1850.215,7.52305712753601,16258032,16.6040976215485,-9.08104049401249,0.1832,-1.69717682674211,2260.29,2902.35,41.05
NLD,NL,Netherlands,Electricity,2005,1874.119,7.53589396131591,16305526,16.6070146267281,-9.07112066541223,0.19575,-1.63091694411122,2206.83,2813.04,41.25
NLD,NL,Netherlands,Electricity,2006,1898.624,7.54888469226109,16334210,16.6087722394358,-9.05988754717472,0.21085,-1.55660829878957,2290.99,2740.91,95.55
NLD,NL,Netherlands,Electricity,2007,1914.703,7.55731779820302,16357992,16.6102271432196,-9.05290934501657,0.175,-1.74296930505862,1731.43,2588.43,20.21
NLD,NL,Netherlands,Electricity,2008,1934.738,7.56772719577961,16405399,16.6131210459347,-9.04539385015505,0.17835,-1.72400736717724,2128.64,2848.82,31.12
NLD,NL,Netherlands,Electricity,2009,1966.638,7.58408076484828,16485787,16.6180091737185,-9.03392840887019,0.19425,-1.63860928973438,2382.36,2873.36,46.2
NLD,NL,Netherlands,Electricity,2010,1977.128,7.58940056563725,16574989,16.6234054303859,-9.03400486474866,0.1778,-1.72709595590233,2375.54,3404.06,58.22
NLD,NL,Netherlands,Electricity,2011,1981.341,7.59152916717018,16655799,16.6282690020407,-9.03673983487054,0.18015,-1.71396544178803,2402.04,2690.6,19.03
NLD,NL,Netherlands,Electricity,2012,2008.885,7.60533512076737,16730348,16.632734873703,-9.02739975293567,0.1857,-1.68362281062348,2117.28,2948.5,37.41
NLD,NL,Netherlands,Electricity,2013,2008.681,7.60523356674178,16779575,16.6356729309114,-9.03043936416964,0.19015,-1.65994204460787,2424.82,3140.87,52.2
NLD,NL,Netherlands,Electricity,2014,1962.967,7.58221238313159,16829289,16.6386313192853,-9.05641893615371,0.1821,-1.70319929224857,1900.13,2445.89,40.52
NLD,NL,Netherlands,Electricity,2015,1907.304,7.55344600558566,16900726,16.6428671375505,-9.08942113196483,0.1916,-1.65234541344538,2056.45,2719.43,57.54
NLD,NL,Netherlands,Electricity,2016,1890.683,7.54469341843461,16979120,16.6474949118272,-9.10280149339261,0.1606,-1.82883847746948,1947.78,2839.28,39.48
NLD,NL,Netherlands,Electricity,2017,1875.405,7.53657991507987,17081507,16.6535069742826,-9.11692705920274,0.1595,-1.83571135675724,2204.77,2717.88,40.03
NLD,NL,Netherlands,Electricity,2018,1856.495,7.52644558037354,17181084,16.6593195691539,-9.13287398878032,0.18,-1.71479842809193,2168.36,2703.53,98.91
NLD,NL,Netherlands,Electricity,2019,1856.737,7.52657592504381,17282163,16.6651854871177,-9.13860956207392,0.2065,-1.57745486658105,1994.2,2677.28,89.43
NLD,NL,Netherlands,Electricity,2020,1888.682,7.54363451029159,17407585,16.6724165887397,-9.12878207844808,0.13965,-1.96861598659095,1953.71,2523.97,83.22
NLD,NL,Netherlands,Electricity,2021,1932.055,7.56633948227616,17475415,16.6763055940139,-9.10996611173773,0.1365,-1.99143066435712,2068.74,2870.78,29.93
NLD,NL,Netherlands,Electricity,2022,1872.894,7.53524010714266,17590672,16.6828793195087,-9.14763921236608,0.08785,-2.43212446434903,1948.56,2540.08,86.3
NLD,NL,Netherlands,Electricity,2023,1808.062,7.50001083239956,17811291,16.6953431400054,-9.19533230760585,0.3031,-1.19369249491838,1923.07,2472.82,63.07
NLD,NL,Netherlands,Electricity,2024,1860.323,7.52850540754478,17942942,16.7027073922312,-9.17420198468646,0.23345,-1.45478735756519,1817.71,2437.41,50.61
NLD,NL,Netherlands,Natural gas,1990,8366.954,9.03204517849155,14892574,16.5163732574167,-7.48432807892518,,,1936.69,2752.24,48.16
NLD,NL,Netherlands,Natural gas,1991,9678.085,9.17761933012106,15010445,16.5242568500723,-7.34663751995119,,,2261.47,3216.86,41.95
NLD,NL,Netherlands,Natural gas,1992,8893.822,9.09311215737813,15129150,16.5321339044111,-7.43902174703299,,,2254.62,2897.49,38.75
NLD,NL,Netherlands,Natural gas,1993,9348.765,9.14299952799717,15239182,16.5393804322416,-7.39638090424439,,,2279.55,3107.93,13.97
NLD,NL,Netherlands,Natural gas,1994,8760.568,9.07801602201105,15341553,16.546075587371,-7.46805956535997,,,2337.62,2837.51,79.28
NLD,NL,Netherlands,Natural gas,1995,9611.705,9.17073690558222,15424122,16.5514432055522,-7.38070629996999,,,2045.83,2960.86,90.33
NLD,NL,Netherlands,Natural gas,1996,11255.874,9.32864540470172,15493889,16.5559562460848,-7.22731084138309,,,2618.83,3553.04,34.89
NLD,NL,Netherlands,Natural gas,1997,9443.068,9.15303620633849,15567107,16.5606707205089,-7.40763451417036,,,2370.67,2991.82,59.08
NLD,NL,Netherlands,Natural gas,1998,8979.291,9.10267620494988,15654192,16.5662492985074,-7.46357309355755,,,2079.25,2866.44,22.03
NLD,NL,Netherlands,Natural gas,1999,8517.19,9.04984175321678,15760225,16.5729999189418,-7.52315816572506,,,2245.13,2732.36,45.12
NLD,NL,Netherlands,Natural gas,2000,8508.592,9.04883175546973,15863950,16.5795597973866,-7.53072804191686,,,2103.64,2707.48,24.51
NLD,NL,Netherlands,Natural gas,2001,9043.242,9.10977301741304,15987075,16.5872911412477,-7.47751812383467,,,2167.6,2896.31,50.19
NLD,NL,Netherlands,Natural gas,2002,8726.476,9.0741169018176,16105285,16.5946580369584,-7.52054113514085,,,1966.74,2752.69,40.14
NLD,NL,Netherlands,Natural gas,2003,8937.18,9.09797538216547,16192572,16.6000631765323,-7.50208779436686,,,2301.06,2968.28,81.15
NLD,NL,Netherlands,Natural gas,2004,8543.114,9.05288085732104,16258032,16.6040976215485,-7.55121676422746,12.55675,2.53025836959465,2260.29,2902.35,41.05
NLD,NL,Netherlands,Natural gas,2005,8214.633,9.0136723550973,16305526,16.6070146267281,-7.59334227163085,17.33,2.85243910372751,2206.83,2813.04,41.25
NLD,NL,Netherlands,Natural gas,2006,8279.981,9.02159595269068,16334210,16.6087722394358,-7.58717628674513,19.305,2.9603641297162,2290.99,2740.91,95.55
NLD,NL,Netherlands,Natural gas,2007,7393.892,8.90840953295225,16357992,16.6102271432196,-7.70181761026735,19.865,2.98895938926656,1731.43,2588.43,20.21
NLD,NL,Netherlands,Natural gas,2008,8377.272,9.03327760348462,16405399,16.6131210459347,-7.57984344245004,20.205,3.00593009853044,2128.64,2848.82,31.12
NLD,NL,Netherlands,Natural gas,2009,8342.277,9.02909147967192,16485787,16.6180091737185,-7.58891769404655,20.61,3.02577639490237,2382.36,2873.36,46.2
NLD,NL,Netherlands,Natural gas,2010,9714.843,9.18141020110453,16574989,16.6234054303859,-7.44199522928138,19.44,2.96733279903229,2375.54,3404.06,58.22
NLD,NL,Netherlands,Natural gas,2011,7547.03,8.92890938736641,16655799,16.6282690020407,-7.69935961467432,20.495,3.0201809539563,2402.04,2690.6,19.03
NLD,NL,Netherlands,Natural gas,2012,8070.76,8.99600293279007,16730348,16.632734873703,-7.63673194091297,22.01,3.09149689553837,2117.28,2948.5,37.41
NLD,NL,Netherlands,Natural gas,2013,8573.746,9.05646002227311,16779575,16.6356729309114,-7.57921290863832,22.965,3.13397131777776,2424.82,3140.87,52.2
NLD,NL,Netherlands,Natural gas,2014,6393.981,8.76311235807956,16829289,16.6386313192853,-7.87551896120574,22.35,3.10682632105958,1900.13,2445.89,40.52
NLD,NL,Netherlands,Natural gas,2015,6813.968,8.82672990199621,16900726,16.6428671375505,-7.81613723555428,21.65,3.0750054544485,2056.45,2719.43,57.54
NLD,NL,Netherlands,Natural gas,2016,7099.801,8.8678220344676,16979120,16.6474949118272,-7.77967287735962,22.05,3.09331260189285,1947.78,2839.28,39.48
NLD,NL,Netherlands,Natural gas,2017,6885.799,8.83721645381226,17081507,16.6535069742826,-7.81629052047035,23.6565,3.16363791861359,2204.77,2717.88,40.03
NLD,NL,Netherlands,Natural gas,2018,6840.195,8.83057151898216,17181084,16.6593195691539,-7.8287480501717,25.3341,3.2321513143182,2168.36,2703.53,98.91
NLD,NL,Netherlands,Natural gas,2019,6605.151,8.79560507816369,17282163,16.6651854871177,-7.86958040895404,27.7936,3.32480577836552,1994.2,2677.28,89.43
NLD,NL,Netherlands,Natural gas,2020,6323.064,8.75195917978503,17407585,16.6724165887397,-7.92045740895464,29.491,3.38408513205219,1953.71,2523.97,83.22
NLD,NL,Netherlands,Natural gas,2021,7175.828,8.87847343466654,17475415,16.6763055940139,-7.79783215934736,30.17325,3.40695577027282,2068.74,2870.78,29.93
NLD,NL,Netherlands,Natural gas,2022,5347.99,8.5844760683622,17590672,16.6828793195087,-8.09840325114654,44.58035,3.79729317898119,1948.56,2540.08,86.3
NLD,NL,Netherlands,Natural gas,2023,4793.51,8.47501819867322,17811291,16.6953431400054,-8.22032494133219,48.62845,3.88420875057851,1923.07,2472.82,63.07
NLD,NL,Netherlands,Natural gas,2024,4687.379,8.45262885661216,17942942,16.7027073922312,-8.25007853561908,46.4636,3.83866921034985,1817.71,2437.41,50.61
NLD,NL,Netherlands,Total,1990,10395.016,9.24908173949247,14892574,16.5163732574167,-7.26729151792427,,,1936.69,2752.24,48.16
NLD,NL,Netherlands,Total,1991,11741.451,9.37088068029346,15010445,16.5242568500723,-7.15337616977879,,,2261.47,3216.86,41.95
NLD,NL,Netherlands,Total,1992,11003.077,9.30593023993686,15129150,16.5321339044111,-7.22620366447426,,,2254.62,2897.49,38.75
NLD,NL,Netherlands,Total,1993,11522.604,9.35206595037298,15239182,16.5393804322416,-7.18731448186858,,,2279.55,3107.93,13.97
NLD,NL,Netherlands,Total,1994,10955.96,9.3016388794088,15341553,16.546075587371,-7.24443670796222,,,2337.62,2837.51,79.28
NLD,NL,Netherlands,Total,1995,11780.033,9.37416125855989,15424122,16.5514432055522,-7.17728194699233,,,2045.83,2960.86,90.33
NLD,NL,Netherlands,Total,1996,13483.907,9.50925217926698,15493889,16.5559562460848,-7.04670406681784,,,2618.83,3553.04,34.89
NLD,NL,Netherlands,Total,1997,11654.651,9.36346060679158,15567107,16.5606707205089,-7.19721011371727,,,2370.67,2991.82,59.08
NLD,NL,Netherlands,Total,1998,11219.918,9.32544587067208,15654192,16.5662492985074,-7.24080342783534,,,2079.25,2866.44,22.03
NLD,NL,Netherlands,Total,1999,10797.65,9.28708379684302,15760225,16.5729999189418,-7.28591612209883,,,2245.13,2732.36,45.12
NLD,NL,Netherlands,Total,2000,10823.18,9.28944540940512,15863950,16.5795597973866,-7.29011438798147,,,2103.64,2707.48,24.51
NLD,NL,Netherlands,Total,2001,11402.096,9.3415524771316,15987075,16.5872911412477,-7.24573866411612,,,2167.6,2896.31,50.19
NLD,NL,Netherlands,Total,2002,11130.709,9.31746314394782,16105285,16.5946580369584,-7.27719489301063,,,1966.74,2752.69,40.14
NLD,NL,Netherlands,Total,2003,11403.216,9.34165069986154,16192572,16.6000631765323,-7.2584124766708,,,2301.06,2968.28,81.15
NLD,NL,Netherlands,Total,2004,11035.364,9.3088603041006,16258032,16.6040976215485,-7.2952373174479,,,2260.29,2902.35,41.05
NLD,NL,Netherlands,Total,2005,10737.765,9.28152224584827,16305526,16.6070146267281,-7.32549238087987,,,2206.83,2813.04,41.25
NLD,NL,Netherlands,Total,2006,10844.837,9.2914443931803,16334210,16.6087722394358,-7.31732784625551,,,2290.99,2740.91,95.55
NLD,NL,Netherlands,Total,2007,9972.12,9.20754847826539,16357992,16.6102271432196,-7.40267866495421,,,1731.43,2588.43,20.21
NLD,NL,Netherlands,Total,2008,11019.502,9.30742189112317,16405399,16.6131210459347,-7.30569915481149,,,2128.64,2848.82,31.12
NLD,NL,Netherlands,Total,2009,11027.901,9.30818379495432,16485787,16.6180091737185,-7.30982537876415,,,2382.36,2873.36,46.2
NLD,NL,Netherlands,Total,2010,12480.144,9.43189418031839,16574989,16.6234054303859,-7.19151125006752,,,2375.54,3404.06,58.22
NLD,NL,Netherlands,Total,2011,10280.98,9.23805086520477,16655799,16.6282690020407,-7.39021813683596,,,2402.04,2690.6,19.03
NLD,NL,Netherlands,Total,2012,10866.787,9.29346635224501,16730348,16.632734873703,-7.33926852145803,,,2117.28,2948.5,37.41
NLD,NL,Netherlands,Total,2013,11412.549,9.34246881843179,16779575,16.6356729309114,-7.29320411247963,,,2424.82,3140.87,52.2
NLD,NL,Netherlands,Total,2014,9116.954,9.11789103605281,16829289,16.6386313192853,-7.52074028323248,,,1900.13,2445.89,40.52
NLD,NL,Netherlands,Total,2015,9534.29,9.1626500527555,16900726,16.6428671375505,-7.48021708479499,,,2056.45,2719.43,57.54
NLD,NL,Netherlands,Total,2016,9812.913,9.19145445037691,16979120,16.6474949118272,-7.4560404614503,,,1947.78,2839.28,39.48
NLD,NL,Netherlands,Total,2017,9584.967,9.16795121259432,17081507,16.6535069742826,-7.48555576168829,,,2204.77,2717.88,40.03
NLD,NL,Netherlands,Total,2018,9551.684,9.16447275300811,17181084,16.6593195691539,-7.49484681614575,,,2168.36,2703.53,98.91
NLD,NL,Netherlands,Total,2019,9330.173,9.14100883600603,17282163,16.6651854871177,-7.5241766511117,,,1994.2,2677.28,89.43
NLD,NL,Netherlands,Total,2020,9110.154,9.11714489461167,17407585,16.6724165887397,-7.555271694128,,,1953.71,2523.97,83.22
NLD,NL,Netherlands,Total,2021,10087.558,9.21905806225189,17475415,16.6763055940139,-7.45724753176201,,,2068.74,2870.78,29.93
NLD,NL,Netherlands,Total,2022,8201.73,9.01210038660988,17590672,16.6828793195087,-7.67077893289886,,,1948.56,2540.08,86.3
NLD,NL,Netherlands,Total,2023,7673.371,8.94551130237069,17811291,16.6953431400054,-7.74983183763472,,,1923.07,2472.82,63.07
NLD,NL,Netherlands,Total,2024,7689.932,8.9476672198078,17942942,16.7027073922312,-7.75504017242344,,,1817.71,2437.41,50.61
NOR,NO,Norway,Electricity,1990,2605.245,7.86528199966908,4233116,15.2584489228602,-7.39316692319108,,,2924.05,4240.6,4.63
NOR,NO,Norway,Electricity,1991,2804.299,7.93890887585043,4249830,15.2623895401006,-7.32348066425015,,,3245.33,4604.03,12.01
NOR,NO,Norway,Electricity,1992,2807.395,7.9400122860913,4273634,15.267975077128,-7.32796279103667,,,2992.29,4509.58,10.2
NOR,NO,Norway,Electricity,1993,2819.175,7.94419956793864,4299167,15.2739318409672,-7.3297322730286,,,3227.87,4820.56,0.41
NOR,NO,Norway,Electricity,1994,2924.764,7.98096907265016,4324815,15.2798799228668,-7.29891085021662,,,3638.32,4809.63,23.63
NOR,NO,Norway,Electricity,1995,2977.386,7.99880101334283,4348410,15.2853208190058,-7.28651980566295,0.08865,-2.42305924646192,3165.38,4776.98,13.11
NOR,NO,Norway,Electricity,1996,3034.222,8.01771032796334,4369957,15.2902637272064,-7.27255339924309,0.09,-2.40794560865187,3591.89,5071.28,5.01
NOR,NO,Norway,Electricity,1997,2921.582,7.979880529374,4392714,15.2954578172647,-7.31557728789072,0.1008,-2.29461692334487,3305.71,4519.58,24.18
NOR,NO,Norway,Electricity,1998,3013.586,8.01088601076046,4417599,15.3011068937907,-7.29022088303029,0.1104,-2.20364514513914,3188.3,4660.51,0.23
NOR,NO,Norway,Electricity,1999,3013.414,8.01082893427131,4445329,15.3073644399391,-7.29653550566783,0.09825,-2.32024002823277,3329.66,4502.14,7.59
NOR,NO,Norway,Electricity,2000,2978.59,7.99920531316419,4478497,15.31479805703,-7.31559274386583,0.0977,-2.3258537199334,3105.19,4277.51,0.89
NOR,NO,Norway,Electricity,2001,3084.781,8.03423594516489,4503436,15.3203512189359,-7.28611527377097,0.1206,-2.11527599468905,3187.07,4770.75,7.03
NOR,NO,Norway,Electricity,2002,2979.106,7.99937853449045,4524066,15.3249217049711,-7.3255431704807,0.1276,-2.05885490807145,3116.8,4516.98,18.4
NOR,NO,Norway,Electricity,2003,2753.482,7.92062157154661,4552252,15.3311326135372,-7.41051104199056,0.17195,-1.76055154210386,3548.71,4483.09,15.4
NOR,NO,Norway,Electricity,2004,2786.328,7.93247987892466,4577457,15.3366541617128,-7.40417428278813,0.1384,-1.97760723579857,3256.42,4475.54,13.1
NOR,NO,Norway,Electricity,2005,2923.99,7.98070440089118,4606363,15.3429491665049,-7.36224476561373,0.1602,-1.83133224434788,3112.96,4378.35,10.82
NOR,NO,Norway,Electricity,2006,2893.035,7.97006140307095,4640219,15.3502721213645,-7.38021071829355,0.1588,-1.8401097301691,3265.94,4264.19,18.7
NOR,NO,Norway,Electricity,2007,3004.987,8.00802852083682,4681134,15.3590509462344,-7.35102242539755,0.1498,-1.89845420789902,2885.28,4404.33,12.03
NOR,NO,Norway,Electricity,2008,2999.914,8.00633890057268,4737171,15.3709506800511,-7.36461177947837,0.16695,-1.79006091259247,3063.3,4354.39,26.16
NOR,NO,Norway,Electricity,2009,3122.356,8.0463431240428,4799252,15.3839706304015,-7.33762750635871,0.1564,-1.85533845087093,3263.79,4569.97,19.17
NOR,NO,Norway,Electricity,2010,3416.27,8.13630459159763,4858199,15.3961783510647,-7.25987375946706,0.1967,-1.62607555358712,3680.24,5332,1.34
NOR,NO,Norway,Electricity,2011,3100.314,8.0392586756663,4920305,15.408881078417,-7.36962240275069,0.20015,-1.60868819354355,3741.81,4329.75,4.9
NOR,NO,Norway,Electricity,2012,3288.621,8.09822360695578,4985870,15.4221184697213,-7.32389486276554,0.1828,-1.69936261996209,2980.45,4748.16,0.79
NOR,NO,Norway,Electricity,2013,3344.971,8.11521330286854,5051275,15.4351512446326,-7.31993794176401,0.18435,-1.69091915430198,3610.66,4670.31,6.11
NOR,NO,Norway,Electricity,2014,3170.349,8.06159695544858,5109056,15.446525209302,-7.38492825385341,0.1657,-1.79757635454962,2938.29,4126.23,28
NOR,NO,Norway,Electricity,2015,3316.415,8.10663965920856,5165802,15.4575709243773,-7.35093126516872,0.1524,-1.88124663572959,2953.2,4314.08,3.98
NOR,NO,Norway,Electricity,2016,3425.891,8.13911686284963,5213985,15.4668549966015,-7.32773813375185,0.1573,-1.8496004689179,3137.78,4496.09,6.3
NOR,NO,Norway,Electricity,2017,3450.786,8.14635731016394,5258317,15.475321571538,-7.32896426137401,0.16235,-1.81800078043328,3124.93,4530.85,2.18
NOR,NO,Norway,Electricity,2018,3474.166,8.15310972919428,5295619,15.4823904329235,-7.3292807037292,0.1829,-1.69881572358532,3470.63,4604.64,45.76
NOR,NO,Norway,Electricity,2019,3440.037,8.14323750612356,5328212,15.4885262802006,-7.34528877407701,0.18055,-1.71174753125867,3137.96,4527.51,16.95
NOR,NO,Norway,Electricity,2020,3429.407,8.14014263891605,5367580,15.4958877131419,-7.35574507422588,0.13385,-2.01103550901578,3030.7,4109.84,22.9
NOR,NO,Norway,Electricity,2021,3575.041,8.18173192359381,5391369,15.5003098995037,-7.31857797590993,0.2016,-1.60146974278492,3142.79,4617.12,15.65
NOR,NO,Norway,Electricity,2022,3125.336,8.04729707639064,5425270,15.5065782257376,-7.45928114934694,0.2148,-1.53804791634743,3081.14,4370.64,10.53
NOR,NO,Norway,Electricity,2023,3340.09,8.11375303171549,5488984,15.518253732607,-7.40450070089154,0.18925,-1.66468638666458,3163.57,4628.71,12.78
NOR,NO,Norway,Electricity,2024,3358.047,8.11911483396598,5550203,15.5293450616303,-7.41023022766431,0.19475,-1.63603859423128,3506.23,4320.81,5.51
NOR,NO,Norway,Natural gas,2000,0.107,-2.23492644452023,4478497,15.31479805703,-17.5497245015503,,,3105.19,4277.51,0.89
NOR,NO,Norway,Natural gas,2001,2.042,0.713929719742474,4503436,15.3203512189359,-14.6064214991934,,,3187.07,4770.75,7.03
NOR,NO,Norway,Natural gas,2002,1.956,0.670901571612626,4524066,15.3249217049711,-14.6540201333585,,,3116.8,4516.98,18.4
NOR,NO,Norway,Natural gas,2003,2.021,0.703592438421484,4552252,15.3311326135372,-14.6275401751157,,,3548.71,4483.09,15.4
NOR,NO,Norway,Natural gas,2004,2.859,1.05047191334017,4577457,15.3366541617128,-14.2861822483726,,,3256.42,4475.54,13.1
NOR,NO,Norway,Natural gas,2005,5.181,1.64499808783265,4606363,15.3429491665049,-13.6979510786723,,,3112.96,4378.35,10.82
NOR,NO,Norway,Natural gas,2006,3.332,1.2035727243046,4640219,15.3502721213645,-14.1466993970599,,,3265.94,4264.19,18.7
NOR,NO,Norway,Natural gas,2007,3.568,1.27200521471776,4681134,15.3590509462344,-14.0870457315166,,,2885.28,4404.33,12.03
NOR,NO,Norway,Natural gas,2008,3.074,1.1229796451164,4737171,15.3709506800511,-14.2479710349346,,,3063.3,4354.39,26.16
NOR,NO,Norway,Natural gas,2009,3.482,1.247606841346,4799252,15.3839706304015,-14.1363637890555,,,3263.79,4569.97,19.17
NOR,NO,Norway,Natural gas,2010,3.964,1.37725361646774,4858199,15.3961783510647,-14.0189247345969,,,3680.24,5332,1.34
NOR,NO,Norway,Natural gas,2011,3.308,1.19634377716145,4920305,15.408881078417,-14.2125373012555,,,3741.81,4329.75,4.9
NOR,NO,Norway,Natural gas,2012,3.549,1.26666587366436,4985870,15.4221184697213,-14.155452596057,,,2980.45,4748.16,0.79
NOR,NO,Norway,Natural gas,2013,3.716,1.31264782095159,5051275,15.4351512446326,-14.122503423681,,,3610.66,4670.31,6.11
NOR,NO,Norway,Natural gas,2014,3.801,1.33526419000711,5109056,15.446525209302,-14.1112610192949,,,2938.29,4126.23,28
NOR,NO,Norway,Natural gas,2015,3.36,1.21194097397511,5165802,15.4575709243773,-14.2456299504022,,,2953.2,4314.08,3.98
NOR,NO,Norway,Natural gas,2016,3.608,1.28315360220038,5213985,15.4668549966015,-14.1837013944011,,,3137.78,4496.09,6.3
NOR,NO,Norway,Natural gas,2017,3.216,1.16813835131672,5258317,15.475321571538,-14.3071832202212,,,3124.93,4530.85,2.18
NOR,NO,Norway,Natural gas,2018,3.211,1.16658241510738,5295619,15.4823904329235,-14.3158080178161,,,3470.63,4604.64,45.76
NOR,NO,Norway,Natural gas,2019,1.554,0.440832251945456,5328212,15.4885262802006,-15.0476940282551,,,3137.96,4527.51,16.95
NOR,NO,Norway,Natural gas,2020,1.566,0.448524597568611,5367580,15.4958877131419,-15.0473631155733,,,3030.7,4109.84,22.9
NOR,NO,Norway,Natural gas,2021,1.536,0.42918163472548,5391369,15.5003098995037,-15.0711282647783,,,3142.79,4617.12,15.65
NOR,NO,Norway,Natural gas,2022,1.235,0.211070970079941,5425270,15.5065782257376,-15.2955072556576,,,3081.14,4370.64,10.53
NOR,NO,Norway,Natural gas,2023,1.838,0.608678023933495,5488984,15.518253732607,-14.9095757086735,,,3163.57,4628.71,12.78
NOR,NO,Norway,Natural gas,2024,1.169,0.156148682489931,5550203,15.5293450616303,-15.3731963791404,,,3506.23,4320.81,5.51
NOR,NO,Norway,Total,1990,3606.532,8.1905019247728,4233116,15.2584489228602,-7.06794699808737,,,2924.05,4240.6,4.63
NOR,NO,Norway,Total,1991,3668.635,8.20757493725888,4249830,15.2623895401006,-7.0548146028417,,,3245.33,4604.03,12.01
NOR,NO,Norway,Total,1992,3618.78,8.19389223144238,4273634,15.267975077128,-7.07408284568559,,,2992.29,4509.58,10.2
NOR,NO,Norway,Total,1993,3674.295,8.20911655650922,4299167,15.2739318409672,-7.06481528445801,,,3227.87,4820.56,0.41
NOR,NO,Norway,Total,1994,3825.139,8.24935008546964,4324815,15.2798799228668,-7.03052983739715,,,3638.32,4809.63,23.63
NOR,NO,Norway,Total,1995,3865.549,8.25985899491871,4348410,15.2853208190058,-7.02546182408707,,,3165.38,4776.98,13.11
NOR,NO,Norway,Total,1996,3965.107,8.28528811983346,4369957,15.2902637272064,-7.00497560737297,,,3591.89,5071.28,5.01
NOR,NO,Norway,Total,1997,3835.588,8.2520780266898,4392714,15.2954578172647,-7.04337979057492,,,3305.71,4519.58,24.18
NOR,NO,Norway,Total,1998,3956.353,8.28307792030872,4417599,15.3011068937907,-7.01802897348202,,,3188.3,4660.51,0.23
NOR,NO,Norway,Total,1999,3934.516,8.27754315455719,4445329,15.3073644399391,-7.02982128538196,,,3329.66,4502.14,7.59
NOR,NO,Norway,Total,2000,3825.853,8.24953672793432,4478497,15.31479805703,-7.0652613290957,,,3105.19,4277.51,0.89
NOR,NO,Norway,Total,2001,3985.602,8.29044364631429,4503436,15.3203512189359,-7.02990757262157,,,3187.07,4770.75,7.03
NOR,NO,Norway,Total,2002,3979.689,8.28895895452182,4524066,15.3249217049711,-7.03596275044933,,,3116.8,4516.98,18.4
NOR,NO,Norway,Total,2003,3813.922,8.24641333498113,4552252,15.3311326135372,-7.08471927855605,,,3548.71,4483.09,15.4
NOR,NO,Norway,Total,2004,3807.715,8.24478455067345,4577457,15.3366541617128,-7.09186961103934,,,3256.42,4475.54,13.1
NOR,NO,Norway,Total,2005,3958.436,8.28360427674048,4606363,15.3429491665049,-7.05934488976442,,,3112.96,4378.35,10.82
NOR,NO,Norway,Total,2006,3935.101,8.27769182761233,4640219,15.3502721213645,-7.07258029375217,,,3265.94,4264.19,18.7
NOR,NO,Norway,Total,2007,3993.462,8.29241380284955,4681134,15.3590509462344,-7.06663714338482,,,2885.28,4404.33,12.03
NOR,NO,Norway,Total,2008,4030.316,8.30160006377735,4737171,15.3709506800511,-7.0693506162737,,,3063.3,4354.39,26.16
NOR,NO,Norway,Total,2009,4227.72,8.34941811963158,4799252,15.3839706304015,-7.03455251076993,,,3263.79,4569.97,19.17
NOR,NO,Norway,Total,2010,4679.717,8.45099291699783,4858199,15.3961783510647,-6.94518543406685,,,3680.24,5332,1.34
NOR,NO,Norway,Total,2011,4230.383,8.35004781167671,4920305,15.408881078417,-7.05883326674028,,,3741.81,4329.75,4.9
NOR,NO,Norway,Total,2012,4479.023,8.40716022126891,4985870,15.4221184697213,-7.01495824845241,,,2980.45,4748.16,0.79
NOR,NO,Norway,Total,2013,4451.032,8.40089125838565,5051275,15.4351512446326,-7.0342599862469,,,3610.66,4670.31,6.11
NOR,NO,Norway,Total,2014,4188.006,8.33998000465416,5109056,15.446525209302,-7.10654520464783,,,2938.29,4126.23,28
NOR,NO,Norway,Total,2015,4352.562,8.37851991622785,5165802,15.4575709243773,-7.07905100814942,,,2953.2,4314.08,3.98
NOR,NO,Norway,Total,2016,4485.674,8.40864404190898,5213985,15.4668549966015,-7.0582109546925,,,3137.78,4496.09,6.3
NOR,NO,Norway,Total,2017,4549.023,8.4226677636135,5258317,15.475321571538,-7.05265380792445,,,3124.93,4530.85,2.18
NOR,NO,Norway,Total,2018,4573.027,8.42793062786105,5295619,15.4823904329235,-7.05445980506243,,,3470.63,4604.64,45.76
NOR,NO,Norway,Total,2019,4499.666,8.41175845078158,5328212,15.4885262802006,-7.07676782941898,,,3137.96,4527.51,16.95
NOR,NO,Norway,Total,2020,4527.554,8.41793711679853,5367580,15.4958877131419,-7.0779505963434,,,3030.7,4109.84,22.9
NOR,NO,Norway,Total,2021,4774.72,8.47109061245206,5391369,15.5003098995037,-7.02921928705169,,,3142.79,4617.12,15.65
NOR,NO,Norway,Total,2022,4390.55,8.38720978295978,5425270,15.5065782257376,-7.11936844277781,,,3081.14,4370.64,10.53
NOR,NO,Norway,Total,2023,4635.938,8.44159383077229,5488984,15.518253732607,-7.07665990183474,,,3163.57,4628.71,12.78
NOR,NO,Norway,Total,2024,4664.267,8.44768597339007,5550203,15.5293450616303,-7.08165908824022,,,3506.23,4320.81,5.51
POL,PL,Poland,Electricity,1990,1738.263,7.4606416177373,38038403,17.4541068126361,-9.99346519489881,,,2491.1,3377.33,48.34
POL,PL,Poland,Electricity,1991,1737.403,7.46014674854241,38183160,17.457905138683,-9.99775839014055,,,2855.77,3849.84,53.98
POL,PL,Poland,Electricity,1992,1629.149,7.39581307157695,38309226,17.4612013128705,-10.0653882412936,,,2869.98,3665.32,133.95
POL,PL,Poland,Electricity,1993,1565.434,7.35591838082313,38418108,17.4640394689073,-10.1081210880842,,,3000.96,3863.3,40.46
POL,PL,Poland,Electricity,1994,1565.434,7.35591838082313,38504707,17.4662910515252,-10.110372670702,,,2884.56,3552.41,131.21
POL,PL,Poland,Electricity,1995,1554.17,7.34869692005378,38580597,17.4682600396612,-10.1195631196074,,,2784.36,3806.32,91.55
POL,PL,Poland,Electricity,1996,1652.966,7.41032652894645,38609399,17.4690063022037,-10.0586797732573,,,3509.22,4339.34,45.6
POL,PL,Poland,Electricity,1997,1700,7.43838353004431,38639341,17.4697815122977,-10.0313979822534,,,3005.26,3889.65,47.25
POL,PL,Poland,Electricity,1998,1746.69,7.46547784733638,38659979,17.4703154885472,-10.0048376412108,,,2815.27,3720.46,53.62
POL,PL,Poland,Electricity,1999,1788.478,7.48912025781268,38666983,17.4704966414035,-9.98137638359086,,,3028.91,3535.74,65.88
POL,PL,Poland,Electricity,2000,1808.598,7.50030723847806,38263303,17.4600018486213,-9.95969461014322,0.081,-2.5133061243097,2839.42,3313.6,59.41
POL,PL,Poland,Electricity,2001,1838.005,7.51643602326014,38253955,17.4597575115844,-9.94332148832422,0.08905,-2.41855726924647,2633.56,3741.24,65.28
POL,PL,Poland,Electricity,2002,1862.339,7.52958850356429,38242197,17.459450097426,-9.9298615938617,0.10015,-2.30108621687031,2752.13,3530.05,101.31
POL,PL,Poland,Electricity,2003,2136.887,7.6671053760549,38218531,17.4588310606636,-9.7917256846087,0.09825,-2.32024002823277,3247.89,3812.13,93.1
POL,PL,Poland,Electricity,2004,2190.542,7.69190428077477,38190608,17.458100179473,-9.76619589869821,0.0929,-2.37623163316234,2994.87,3709.82,49.72
POL,PL,Poland,Electricity,2005,2171.367,7.68311220211388,38173835,17.457660891249,-9.77454868913514,0.10615,-2.24290209083287,2890.69,3782.4,62.78
POL,PL,Poland,Electricity,2006,2275.752,7.73006582621617,38157055,17.4572212265138,-9.72715540029764,0.11635,-2.15115238923384,3263.59,3692.92,124.27
POL,PL,Poland,Electricity,2007,2267.326,7.72635644255096,38125479,17.4563933567474,-9.73003691419639,0.138,-1.98050159382493,2374.19,3407.53,85.89
POL,PL,Poland,Electricity,2008,2331.47,7.75425424891275,38115641,17.456135280789,-9.70188103187625,0.1277,-2.05807151594364,2776.02,3378.1,74.11
POL,PL,Poland,Electricity,2009,2367.498,7.76958898028691,38135876,17.4566660243406,-9.68707704405373,0.1211,-2.11113862842309,2844.93,3658.57,62.48
POL,PL,Poland,Electricity,2010,2460.447,7.80809831973671,38022869,17.4536983524616,-9.64560003272492,0.13615,-1.99399805986237,3128.12,4067.42,113.36
POL,PL,Poland,Electricity,2011,2429.751,7.79554406194847,38062718,17.45474583084,-9.65920176889152,0.1411,-1.95828642012337,3133.77,3549.14,60.11
POL,PL,Poland,Electricity,2012,2434.91,7.79766507384799,38063792,17.4547740470291,-9.65710897318108,0.14735,-1.91494456979843,2946.96,3744.55,93.37
POL,PL,Poland,Electricity,2013,2445.572,7.80203432137795,38062535,17.4547410229742,-9.65270670159625,0.14585,-1.92517658266841,3119.38,3707.73,93.25
POL,PL,Poland,Electricity,2014,2414.703,7.78933157715739,38017856,17.4535665020615,-9.66423492490416,0.14145,-1.95580898123456,2543.55,3285.87,87.39
POL,PL,Poland,Electricity,2015,2431.642,7.79632202830312,38005614,17.4532444436208,-9.65692241531763,0.1431,-1.94421159241973,2588.91,3292.14,142.76
POL,PL,Poland,Electricity,2016,2485.727,7.81832045107676,37967209,17.4522334241073,-9.63391297303058,0.1342,-2.00842405444456,2641.02,3483.81,78.25
POL,PL,Poland,Electricity,2017,2509.114,7.82768498176308,37972964,17.4523849907889,-9.62470000902586,0.14485,-1.93205655476678,2881.33,3491.84,76.72
POL,PL,Poland,Electricity,2018,2517.971,7.83120869746093,37976687,17.4524830294225,-9.6212743319616,0.1403,-1.96397229187372,2829.59,3327.4,125.87
POL,PL,Poland,Electricity,2019,2527.367,7.83493332834292,37972812,17.452380987933,-9.61744765959008,0.13595,-1.99546810790366,2592.85,3144.39,143.9
POL,PL,Poland,Electricity,2020,2580.053,7.85556522034033,37958138,17.4519944788696,-9.59642925852931,0.14925,-1.90213252670943,2388.97,3186.53,85.17
POL,PL,Poland,Electricity,2021,2630.267,7.87484064093146,37073357,17.4284091294298,-9.55356848849831,0.1561,-1.85725845146075,2731.43,3657.83,101.05
POL,PL,Poland,Electricity,2022,2481.513,7.81662373378065,36889761,17.4234445908314,-9.6068208570507,0.1534,-1.87470639004898,2664.35,3362.06,125.25
POL,PL,Poland,Electricity,2023,2476.956,7.81478566590809,36753736,17.4197504383201,-9.60496477241196,0.19655,-1.62683842711427,2531.63,3159.68,103.78
POL,PL,Poland,Electricity,2024,2796.531,7.93613499948538,36620970,17.4161315851176,-9.47999658563224,0.22835,-1.47687573935113,2414.36,2939.54,125.48
POL,PL,Poland,Natural gas,1990,2918.788,7.97892374060441,38038403,17.4541068126361,-9.4751830720317,,,2491.1,3377.33,48.34
POL,PL,Poland,Natural gas,1991,3192.756,8.0686397726323,38183160,17.457905138683,-9.38926536605067,,,2855.77,3849.84,53.98
POL,PL,Poland,Natural gas,1992,3372.786,8.12349438804449,38309226,17.4612013128705,-9.33770692482606,,,2869.98,3665.32,133.95
POL,PL,Poland,Natural gas,1993,3381.814,8.12616753090296,38418108,17.4640394689073,-9.33787193800434,,,3000.96,3863.3,40.46
POL,PL,Poland,Natural gas,1994,3622.592,8.19494507069774,38504707,17.4662910515252,-9.27134598082742,,,2884.56,3552.41,131.21
POL,PL,Poland,Natural gas,1995,3811.006,8.24564847526255,38580597,17.4682600396612,-9.22261156439862,,,2784.36,3806.32,91.55
POL,PL,Poland,Natural gas,1996,3416.853,8.13647523099674,38609399,17.4690063022037,-9.33253107120696,,,3509.22,4339.34,45.6
POL,PL,Poland,Natural gas,1997,3583.212,8.1840148838493,38639341,17.4697815122977,-9.28576662844843,,,3005.26,3889.65,47.25
POL,PL,Poland,Natural gas,1998,3302.472,8.1024265579351,38659979,17.4703154885472,-9.3678889306121,,,2815.27,3720.46,53.62
POL,PL,Poland,Natural gas,1999,3248.194,8.0858544285619,38666983,17.4704966414035,-9.38464221284165,,,3028.91,3535.74,65.88
POL,PL,Poland,Natural gas,2000,3047.936,8.02221991921076,38263303,17.4600018486213,-9.43778192941051,6.5066,1.87281704636271,2839.42,3313.6,59.41
POL,PL,Poland,Natural gas,2001,3194.261,8.06911104115338,38253955,17.4597575115844,-9.39064647043097,7.7004,2.04127227556233,2633.56,3741.24,65.28
POL,PL,Poland,Natural gas,2002,3035.555,8.01814955333239,38242197,17.459450097426,-9.4413005440936,8.4229,2.13095418700821,2752.13,3530.05,101.31
POL,PL,Poland,Natural gas,2003,3048.366,8.02236098833782,38218531,17.4588310606636,-9.43647007232578,8.2547,2.11078273510057,3247.89,3812.13,93.1
POL,PL,Poland,Natural gas,2004,3018.444,8.01249674580333,38190608,17.458100179473,-9.44560343366965,7.6413,2.03356774577142,2994.87,3709.82,49.72
POL,PL,Poland,Natural gas,2005,3227.064,8.07932802451721,38173835,17.457660891249,-9.3783328667318,9.0323,2.20080704153047,2890.69,3782.4,62.78
POL,PL,Poland,Natural gas,2006,3312.446,8.10544216827481,38157055,17.4572212265138,-9.35177905823899,11.26195,2.42142978711382,3263.59,3692.92,124.27
POL,PL,Poland,Natural gas,2007,3167.627,8.06073800610344,38125479,17.4563933567474,-9.39565535064391,11.146,2.41108068914734,2374.19,3407.53,85.89
POL,PL,Poland,Natural gas,2008,3139.639,8.05186310414009,38115641,17.456135280789,-9.40427217664892,12.93005,2.55955405975231,2776.02,3378.1,74.11
POL,PL,Poland,Natural gas,2009,3221.002,8.07744777025619,38135876,17.4566660243406,-9.37921825408445,11.79055,2.46729836316435,2844.93,3658.57,62.48
POL,PL,Poland,Natural gas,2010,3545.218,8.17335493213895,38022869,17.4536983524616,-9.28034342032268,12.92375,2.55906670391877,3128.12,4067.42,113.36
POL,PL,Poland,Natural gas,2011,3235.507,8.08194091799367,38062718,17.45474583084,-9.37280491284633,13.38535,2.59416082530433,3133.77,3549.14,60.11
POL,PL,Poland,Natural gas,2012,3377.31,8.1248348136258,38063792,17.4547740470291,-9.32993923340327,14.508,2.67470022142066,2946.96,3744.55,93.37
POL,PL,Poland,Natural gas,2013,3419.933,8.13737623922148,38062535,17.4547410229742,-9.31736478375272,13.59605,2.60977930937933,3119.38,3707.73,93.25
POL,PL,Poland,Natural gas,2014,3143.1,8.05296485302703,38017856,17.4535665020615,-9.40060164903451,13.7431,2.62053687997788,2543.55,3285.87,87.39
POL,PL,Poland,Natural gas,2015,3157.719,8.05760521048928,38005614,17.4532444436208,-9.39563923313148,13.87535,2.63011388453957,2588.91,3292.14,142.76
POL,PL,Poland,Natural gas,2016,3466.693,8.15095639258635,37967209,17.4522334241073,-9.30127703152098,11.57215,2.44860134935273,2641.02,3483.81,78.25
POL,PL,Poland,Natural gas,2017,3629.954,8.1969752550023,37972964,17.4523849907889,-9.25540973578664,11.9216,2.47835188081733,2881.33,3491.84,76.72
POL,PL,Poland,Natural gas,2018,3561.458,8.17792529056493,37976687,17.4524830294225,-9.27455773885759,12.12865,2.49557042245066,2829.59,3327.4,125.87
POL,PL,Poland,Natural gas,2019,3638.773,8.1994018158918,37972812,17.452380987933,-9.25297917204121,13.01845,2.56636758207465,2592.85,3144.39,143.9
POL,PL,Poland,Natural gas,2020,3841.427,8.25359919113351,37958138,17.4519944788696,-9.19839528773612,11.72575,2.46178727817147,2388.97,3186.53,85.17
POL,PL,Poland,Natural gas,2021,4566.035,8.42640049241297,37073357,17.4284091294298,-9.0020086370168,11.78935,2.46719658156214,2731.43,3657.83,101.05
POL,PL,Poland,Natural gas,2022,4338.762,8.37534433294572,36889761,17.4234445908314,-9.04810025788563,15.3074,2.72833637160325,2664.35,3362.06,125.25
POL,PL,Poland,Natural gas,2023,4205.247,8.34408831027767,36753736,17.4197504383201,-9.07566212804239,19.62155,2.97662845203617,2531.63,3159.68,103.78
POL,PL,Poland,Natural gas,2024,4234.061,8.350916858771,36620970,17.4161315851176,-9.06521472634662,,,2414.36,2939.54,125.48
POL,PL,Poland,Total,1990,17829.287,9.78859772127466,38038403,17.4541068126361,-7.66550909136145,,,2491.1,3377.33,48.34
POL,PL,Poland,Total,1991,20471.602,9.92679393646268,38183160,17.457905138683,-7.53111120222029,,,2855.77,3849.84,53.98
POL,PL,Poland,Total,1992,20843.784,9.94481105328111,38309226,17.4612013128705,-7.51639025958943,,,2869.98,3665.32,133.95
POL,PL,Poland,Total,1993,24414.075,10.1029150892329,38418108,17.4640394689073,-7.36112437967441,,,3000.96,3863.3,40.46
POL,PL,Poland,Total,1994,23091.131,10.0472038833923,38504707,17.4662910515252,-7.41908716813282,,,2884.56,3552.41,131.21
POL,PL,Poland,Total,1995,22656.785,10.0282146445514,38580597,17.4682600396612,-7.44004539510978,,,2784.36,3806.32,91.55
POL,PL,Poland,Total,1996,23023,10.0442489952444,38609399,17.4690063022037,-7.42475730695933,,,3509.22,4339.34,45.6
POL,PL,Poland,Total,1997,21706.328,9.985359109921,38639341,17.4697815122977,-7.48442240237674,,,3005.26,3889.65,47.25
POL,PL,Poland,Total,1998,19533.173,9.87986947867218,38659979,17.4703154885472,-7.59044600987503,,,2815.27,3720.46,53.62
POL,PL,Poland,Total,1999,19438.526,9.87501225209445,38666983,17.4704966414035,-7.5954843893091,,,3028.91,3535.74,65.88
POL,PL,Poland,Total,2000,17207.79,9.75311746724688,38263303,17.4600018486213,-7.70688438137439,,,2839.42,3313.6,59.41
POL,PL,Poland,Total,2001,18812.527,9.84227825670615,38253955,17.4597575115844,-7.61747925487821,,,2633.56,3741.24,65.28
POL,PL,Poland,Total,2002,18694.218,9.8359695571702,38242197,17.459450097426,-7.62348054025579,,,2752.13,3530.05,101.31
POL,PL,Poland,Total,2003,18795.905,9.84139430594307,38218531,17.4588310606636,-7.61743675472053,,,3247.89,3812.13,93.1
POL,PL,Poland,Total,2004,18831.675,9.84329557149218,38190608,17.458100179473,-7.61480460798081,,,2994.87,3709.82,49.72
POL,PL,Poland,Total,2005,19469.163,9.87658710822801,38173835,17.457660891249,-7.58107378302101,,,2890.69,3782.4,62.78
POL,PL,Poland,Total,2006,20469.408,9.92668675786586,38157055,17.4572212265138,-7.53053446864795,,,3263.59,3692.92,124.27
POL,PL,Poland,Total,2007,19366.034,9.87127598582417,38125479,17.4563933567474,-7.58511737092318,,,2374.19,3407.53,85.89
POL,PL,Poland,Total,2008,19668.123,9.88675448232558,38115641,17.456135280789,-7.56938079846343,,,2776.02,3378.1,74.11
POL,PL,Poland,Total,2009,19991.704,9.90307266648281,38135876,17.4566660243406,-7.55359335785783,,,2844.93,3658.57,62.48
POL,PL,Poland,Total,2010,22003.32,9.99894863004573,38022869,17.4536983524616,-7.4547497224159,,,3128.12,4067.42,113.36
POL,PL,Poland,Total,2011,20130.182,9.90997555982496,38062718,17.45474583084,-7.54477027101504,,,3133.77,3549.14,60.11
POL,PL,Poland,Total,2012,20812.928,9.94332961107592,38063792,17.4547740470291,-7.51144443595316,,,2946.96,3744.55,93.37
POL,PL,Poland,Total,2013,20492.305,9.92780472880544,38062535,17.4547410229742,-7.52693629416875,,,3119.38,3707.73,93.25
POL,PL,Poland,Total,2014,19034.846,9.85402657842401,38017856,17.4535665020615,-7.59953992363753,,,2543.55,3285.87,87.39
POL,PL,Poland,Total,2015,19032.461,9.85390127405177,38005614,17.4532444436208,-7.59934316956898,,,2588.91,3292.14,142.76
POL,PL,Poland,Total,2016,19886.302,9.89778643198812,37967209,17.4522334241073,-7.55444699211921,,,2641.02,3483.81,78.25
POL,PL,Poland,Total,2017,20063.177,9.90664142385132,37972964,17.4523849907889,-7.54574356693761,,,2881.33,3491.84,76.72
POL,PL,Poland,Total,2018,22557.493,10.0238225735505,37976687,17.4524830294225,-7.428660455872,,,2829.59,3327.4,125.87
POL,PL,Poland,Total,2019,20993.899,9.95198715068582,37972812,17.452380987933,-7.50039383724719,,,2592.85,3144.39,143.9
POL,PL,Poland,Total,2020,21101.347,9.9570921562891,37958138,17.4519944788696,-7.49490232258053,,,2388.97,3186.53,85.17
POL,PL,Poland,Total,2021,22130.789,10.0047250853693,37073357,17.4284091294298,-7.42368404406044,,,2731.43,3657.83,101.05
POL,PL,Poland,Total,2022,20492.124,9.92779589618269,36889761,17.4234445908314,-7.49564869464866,,,2664.35,3362.06,125.25
POL,PL,Poland,Total,2023,19916.392,9.89929839023557,36753736,17.4197504383201,-7.52045204808448,,,2531.63,3159.68,103.78
POL,PL,Poland,Total,2024,19636.596,9.88515024713125,36620970,17.4161315851176,-7.53098133798636,,,2414.36,2939.54,125.48
PRT,PT,Portugal,Electricity,1990,509.028,6.23250302486072,9995995,16.1176950707368,-9.88519204587605,,,854.55,1325.18,200.39
PRT,PT,Portugal,Electricity,1991,567.412,6.34108567125228,9970441,16.1151353736579,-9.7740497024056,0.12005,-2.11984695631487,1218.67,1503.39,202.7
PRT,PT,Portugal,Electricity,1992,584.437,6.37064899067183,9950029,16.1130860237034,-9.74243703303157,0.133,-2.01740615076038,1171.43,1441.2,147.67
PRT,PT,Portugal,Electricity,1993,611.866,6.41651330428998,9954958,16.1135812764861,-9.69706797219612,0.13745,-1.98449506437088,1079.45,1517.51,162.19
PRT,PT,Portugal,Electricity,1994,636.285,6.45564657617493,9974391,16.1155314662448,-9.6598848900699,0.1318,-2.02646965691373,1137.15,1339.75,127.41
PRT,PT,Portugal,Electricity,1995,676.182,6.5164622705761,10008659,16.1189611762832,-9.60249890570709,0.13215,-2.02381763793184,923.82,1112.64,183.36
PRT,PT,Portugal,Electricity,1996,725.709,6.58714910802612,10043693,16.1224554332807,-9.53530632525461,0.13215,-2.02381763793184,962.03,1375.43,162.31
PRT,PT,Portugal,Electricity,1997,724.248,6.58513387516826,10084196,16.1264800038325,-9.54134612866426,0.13265,-2.02004119839839,937.34,1041.65,114.79
PRT,PT,Portugal,Electricity,1998,755.288,6.62709913346646,10133758,16.131382784725,-9.50428365125851,0.1316,-2.02798826009092,803.45,1237.61,183.63
PRT,PT,Portugal,Electricity,1999,818.831,6.70787771335379,10186634,16.1365870267831,-9.42870931342926,0.1263,-2.06909524962569,1127.94,1386.75,150.5
PRT,PT,Portugal,Electricity,2000,864.66,6.76233636607833,10249022,16.1426928443623,-9.38035647828395,0.1256,-2.07465302494804,1097.04,1378.49,161.12
PRT,PT,Portugal,Electricity,2001,913.586,6.81737751479134,10330774,16.1506377656848,-9.3332602508935,0.1262,-2.06988732887502,975.92,1346.04,137.41
PRT,PT,Portugal,Electricity,2002,978.676,6.88620063780556,10394669,16.1568036365354,-9.27060299872987,0.1286,-2.05104846717862,1068.03,1243.26,131.8
PRT,PT,Portugal,Electricity,2003,1017.627,6.92522872525273,10444592,16.1615948904578,-9.23636616520511,0.1322,-2.02343935156455,982.79,1315.18,208.84
PRT,PT,Portugal,Electricity,2004,1068.96,6.97444149217717,10473050,16.1643158489251,-9.18987435674795,0.135,-2.00248050054371,1077.42,1395.7,184.79
PRT,PT,Portugal,Electricity,2005,1138.607,7.03756086439902,10494672,16.1663782577709,-9.12881739337186,0.13805,-1.98013934060597,1212.98,1432.95,228.18
PRT,PT,Portugal,Electricity,2006,1152.709,7.04987010333219,10511988,16.1680268781534,-9.11815677482118,0.141,-1.95899538860397,1170.69,1284.77,227.05
PRT,PT,Portugal,Electricity,2007,1192.003,7.08339036440065,10532588,16.1699846278918,-9.08659426349114,0.1562,-1.85661804157655,978.27,1382.8,122.7
PRT,PT,Portugal,Electricity,2008,1155.976,7.05270028777113,10553339,16.171952860704,-9.1192525729329,0.15035,-1.8947893695476,988.88,1353.19,136.66
PRT,PT,Portugal,Electricity,2009,1220.12,7.10670449354595,10563014,16.1728692121855,-9.06616471863952,0.1551,-1.86368520879964,1171.42,1314.06,169.39
PRT,PT,Portugal,Electricity,2010,1248.667,7.1298318612873,10573479,16.1738594427649,-9.04402758147758,0.1625,-1.81707727721235,1041.38,1353.03,249.92
PRT,PT,Portugal,Electricity,2011,1182.459,7.07535144746055,10572721,16.1737877513971,-9.09843630393659,0.17675,-1.73301897420546,1078.85,1153.11,187.75
PRT,PT,Portugal,Electricity,2012,1109.028,7.01123923500279,10558950,16.1724843994805,-9.16124516447775,0.2028,-1.59553500726511,1035.23,1340.35,190.79
PRT,PT,Portugal,Electricity,2013,1058.813,6.9649037483282,10503889,16.167256127506,-9.20235237917785,0.2106,-1.55779467928226,1112.6,1463.11,241.12
PRT,PT,Portugal,Electricity,2014,1024.506,6.93196582417718,10444092,16.1615470176478,-9.22958119347066,0.2203,-1.51276502517384,1074.11,1262.74,146.51
PRT,PT,Portugal,Electricity,2015,1029.579,6.93690525980351,10395121,16.1568471194181,-9.21994185961463,0.2282,-1.47753284155416,1118.99,1259.14,216.69
PRT,PT,Portugal,Electricity,2016,1115.45,7.01701318991866,10368554,16.1542881297886,-9.13727493986998,0.2324,-1.45929525400438,946.38,1339.97,274.88
PRT,PT,Portugal,Electricity,2017,1082.517,6.98704416414132,10344478,16.1519634087297,-9.16491924458834,0.2257,-1.48854859515865,1044.26,1256.73,245.07
PRT,PT,Portugal,Electricity,2018,1136.073,7.03533285777986,10335770,16.151121252435,-9.11578839465509,0.22695,-1.48302555007966,1113.33,1389.95,198.1
PRT,PT,Portugal,Electricity,2019,1137.004,7.03615201177425,10333496,16.1509012155929,-9.11474920381864,0.21655,-1.5299338113215,1012.5,1273.82,150.45
PRT,PT,Portugal,Electricity,2020,1174.204,7.06834575019897,10375395,16.1549476956455,-9.08660194544649,0.21265,-1.54810765728249,910.03,1165.57,249.85
PRT,PT,Portugal,Electricity,2021,1227.68,7.11288148842936,10394297,16.1567678483197,-9.04388635989034,0.21295,-1.54669788261291,1047.02,1364.79,167.64
PRT,PT,Portugal,Electricity,2022,1195.532,7.08634655358323,10421117,16.159344786241,-9.07299823265774,0.22105,-1.50936635870988,1036.04,1180.3,260.95
PRT,PT,Portugal,Electricity,2023,1253.779,7.13391746961681,10467366,16.163772975265,-9.02985550564814,0.2185,-1.52096926444649,931.45,1241.33,264.69
PRT,PT,Portugal,Electricity,2024,1269.77,7.14659106068942,10639726,16.1801052896665,-9.03351422897707,0.2526,-1.37594806906575,920.09,1184.21,218.62
PRT,PT,Portugal,Natural gas,1997,0.838,-0.176737178500054,10084196,16.1264800038325,-16.3032171823326,,,937.34,1041.65,114.79
PRT,PT,Portugal,Natural gas,1998,7.696,2.04070071336341,10133758,16.131382784725,-14.0906820713616,,,803.45,1237.61,183.63
PRT,PT,Portugal,Natural gas,1999,36.135,3.58726192473494,10186634,16.1365870267831,-12.5493251020481,,,1127.94,1386.75,150.5
PRT,PT,Portugal,Natural gas,2000,73.173,4.29282650046545,10249022,16.1426928443623,-11.8498663438968,,,1097.04,1378.49,161.12
PRT,PT,Portugal,Natural gas,2001,117.111,4.76312220299803,10330774,16.1506377656848,-11.3875155626868,,,975.92,1346.04,137.41
PRT,PT,Portugal,Natural gas,2002,146.518,4.9871482878038,10394669,16.1568036365354,-11.1696553487316,16.22,2.78624504868727,1068.03,1243.26,131.8
PRT,PT,Portugal,Natural gas,2003,158.018,5.06270895058875,10444592,16.1615948904578,-11.0988859398691,16.845,2.82405387685852,982.79,1315.18,208.84
PRT,PT,Portugal,Natural gas,2004,181.255,5.19990487956119,10473050,16.1643158489251,-10.9644109693639,17.21,2.84549061022345,1077.42,1395.7,184.79
PRT,PT,Portugal,Natural gas,2005,199.936,5.29799731533711,10494672,16.1663782577709,-10.8683809424338,18.167,2.89960676145661,1212.98,1432.95,228.18
PRT,PT,Portugal,Natural gas,2006,202.601,5.31123852763656,10511988,16.1680268781534,-10.8567883505168,19.39,2.96475746925456,1170.69,1284.77,227.05
PRT,PT,Portugal,Natural gas,2007,220.206,5.39456347187376,10532588,16.1699846278918,-10.775421156018,18.1295,2.89754044578746,978.27,1382.8,122.7
PRT,PT,Portugal,Natural gas,2008,229.901,5.43764878147694,10553339,16.171952860704,-10.7343040792271,17.4215,2.85770507563921,988.88,1353.19,136.66
PRT,PT,Portugal,Natural gas,2009,264.166,5.57657769342084,10563014,16.1728692121855,-10.5962915187646,16.6486,2.8123261288071,1171.42,1314.06,169.39
PRT,PT,Portugal,Natural gas,2010,299.011,5.70048036201164,10573479,16.1738594427649,-10.4733790807533,16.9925,2.83277207023866,1041.38,1353.03,249.92
PRT,PT,Portugal,Natural gas,2011,257.975,5.55286268100178,10572721,16.1737877513971,-10.6209250703954,18.73,2.930126516456,1078.85,1153.11,187.75
PRT,PT,Portugal,Natural gas,2012,257.803,5.55219572736523,10558950,16.1724843994805,-10.6202886721153,22.105,3.09580382727821,1035.23,1340.35,190.79
PRT,PT,Portugal,Natural gas,2013,244.733,5.500167820367,10503889,16.167256127506,-10.667088307139,24.58,3.20193310413789,1112.6,1463.11,241.12
PRT,PT,Portugal,Natural gas,2014,258.147,5.55352919010764,10444092,16.1615470176478,-10.6080178275402,27.415,3.31109030885601,1074.11,1262.74,146.51
PRT,PT,Portugal,Natural gas,2015,262.889,5.57173188985629,10395121,16.1568471194181,-10.5851152295619,27.195,3.30303313287492,1118.99,1259.14,216.69
PRT,PT,Portugal,Natural gas,2016,243.84,5.49651227249828,10368554,16.1542881297886,-10.6577758572904,23.99,3.1776370768516,946.38,1339.97,274.88
PRT,PT,Portugal,Natural gas,2017,250.733,5.52438862793358,10344478,16.1519634087297,-10.6275747807961,21.82775,3.083182096079,1044.26,1256.73,245.07
PRT,PT,Portugal,Natural gas,2018,274.225,5.6139489372974,10335770,16.151121252435,-10.5371723151376,21.42055,3.0643507416274,1113.33,1389.95,198.1
PRT,PT,Portugal,Natural gas,2019,285.267,5.65342558381124,10333496,16.1509012155929,-10.4974756317817,21.34175,3.06066524813457,1012.5,1273.82,150.45
PRT,PT,Portugal,Natural gas,2020,295.747,5.6895043591046,10375395,16.1549476956455,-10.4654433365409,21.77425,3.08072807897662,910.03,1165.57,249.85
PRT,PT,Portugal,Natural gas,2021,287.759,5.66212332426318,10394297,16.1567678483197,-10.4946445240565,21.31525,3.05942277897785,1047.02,1364.79,167.64
PRT,PT,Portugal,Natural gas,2022,267.919,5.59068469602153,10421117,16.159344786241,-10.5686600902194,29.3568,3.37952420598066,1036.04,1180.3,260.95
PRT,PT,Portugal,Natural gas,2023,251.654,5.52805512818843,10467366,16.163772975265,-10.6357178470765,38.61615,3.6536705827509,931.45,1241.33,264.69
PRT,PT,Portugal,Natural gas,2024,254.926,5.54097330696497,10639726,16.1801052896665,-10.6391319827015,35.5307,3.57039711149943,920.09,1184.21,218.62
PRT,PT,Portugal,Total,1990,2301.618,7.74136763285326,9995995,16.1176950707368,-8.37632743788351,,,854.55,1325.18,200.39
PRT,PT,Portugal,Total,1991,2375.064,7.77277966347409,9970441,16.1151353736579,-8.34235571018379,,,1218.67,1503.39,202.7
PRT,PT,Portugal,Total,1992,2439.288,7.7994614724257,9950029,16.1130860237034,-8.3136245512777,,,1171.43,1441.2,147.67
PRT,PT,Portugal,Total,1993,2506.58,7.82667455320998,9954958,16.1135812764861,-8.28690672327612,,,1079.45,1517.51,162.19
PRT,PT,Portugal,Total,1994,2556.751,7.84649259080759,9974391,16.1155314662448,-8.26903887543725,,,1137.15,1339.75,127.41
PRT,PT,Portugal,Total,1995,2583.388,7.85685699474571,10008659,16.1189611762832,-8.26210418153748,,,923.82,1112.64,183.36
PRT,PT,Portugal,Total,1996,2685.421,7.89559279167208,10043693,16.1224554332807,-8.22686264160865,,,962.03,1375.43,162.31
PRT,PT,Portugal,Total,1997,2684.243,7.89515403050606,10084196,16.1264800038325,-8.23132597332646,,,937.34,1041.65,114.79
PRT,PT,Portugal,Total,1998,2680.978,7.89393693230897,10133758,16.131382784725,-8.237445852416,,,803.45,1237.61,183.63
PRT,PT,Portugal,Total,1999,2798.03,7.93667087711219,10186634,16.1365870267831,-8.19991614967087,,,1127.94,1386.75,150.5
PRT,PT,Portugal,Total,2000,2820.899,7.94481090745429,10249022,16.1426928443623,-8.19788193690799,,,1097.04,1378.49,161.12
PRT,PT,Portugal,Total,2001,2873.966,7.96344823636718,10330774,16.1506377656848,-8.18718952931766,,,975.92,1346.04,137.41
PRT,PT,Portugal,Total,2002,3000.227,8.00644323145434,10394669,16.1568036365354,-8.1503604050811,,,1068.03,1243.26,131.8
PRT,PT,Portugal,Total,2003,3130.847,8.04905885395548,10444592,16.1615948904578,-8.11253603650236,,,982.79,1315.18,208.84
PRT,PT,Portugal,Total,2004,3209.759,8.07395113542396,10473050,16.1643158489251,-8.09036471350116,,,1077.42,1395.7,184.79
PRT,PT,Portugal,Total,2005,3218.989,8.07682261408266,10494672,16.1663782577709,-8.08955564368822,,,1212.98,1432.95,228.18
PRT,PT,Portugal,Total,2006,3213.935,8.07525132207304,10511988,16.1680268781534,-8.09277555608033,,,1170.69,1284.77,227.05
PRT,PT,Portugal,Total,2007,3220.727,8.07736238945232,10532588,16.1699846278918,-8.09262223843948,,,978.27,1382.8,122.7
PRT,PT,Portugal,Total,2008,3117.719,8.04485692368351,10553339,16.171952860704,-8.12709593702053,,,988.88,1353.19,136.66
PRT,PT,Portugal,Total,2009,3197.832,8.07022835918098,10563014,16.1728692121855,-8.10264085300449,,,1171.42,1314.06,169.39
PRT,PT,Portugal,Total,2010,2970.645,7.99653437993555,10573479,16.1738594427649,-8.17732506282933,,,1041.38,1353.03,249.92
PRT,PT,Portugal,Total,2011,2777.129,7.92917293923473,10572721,16.1737877513971,-8.24461481216241,,,1078.85,1153.11,187.75
PRT,PT,Portugal,Total,2012,2694.958,7.89913789880608,10558950,16.1724843994805,-8.27334650067446,,,1035.23,1340.35,190.79
PRT,PT,Portugal,Total,2013,2634.808,7.87656559304552,10503889,16.167256127506,-8.29069053446052,,,1112.6,1463.11,241.12
PRT,PT,Portugal,Total,2014,2776.692,7.92901557010062,10444092,16.1615470176478,-8.23253144754723,,,1074.11,1262.74,146.51
PRT,PT,Portugal,Total,2015,2751.749,7.91999198849833,10395121,16.1568471194181,-8.23685513091982,,,1118.99,1259.14,216.69
PRT,PT,Portugal,Total,2016,2819.484,7.94430916846611,10368554,16.1542881297886,-8.20997896132254,,,946.38,1339.97,274.88
PRT,PT,Portugal,Total,2017,2801.785,7.93801199304649,10344478,16.1519634087297,-8.21395141568317,,,1044.26,1256.73,245.07
PRT,PT,Portugal,Total,2018,2877.758,7.96476679774092,10335770,16.151121252435,-8.18635445469403,,,1113.33,1389.95,198.1
PRT,PT,Portugal,Total,2019,2891.348,7.96947810834519,10333496,16.1509012155929,-8.18142310724771,,,1012.5,1273.82,150.45
PRT,PT,Portugal,Total,2020,3014.19,8.01108641635019,10375395,16.1549476956455,-8.14386127929527,,,910.03,1165.57,249.85
PRT,PT,Portugal,Total,2021,3022.524,8.01384752290407,10394297,16.1567678483197,-8.14292032541563,,,1047.02,1364.79,167.64
PRT,PT,Portugal,Total,2022,2965.934,7.99494727025879,10421117,16.159344786241,-8.16439751598218,,,1036.04,1180.3,260.95
PRT,PT,Portugal,Total,2023,3019.665,8.01290117706373,10467366,16.163772975265,-8.15087179820123,,,931.45,1241.33,264.69
PRT,PT,Portugal,Total,2024,2939.639,7.98604206367788,10639726,16.1801052896665,-8.19406322598861,,,920.09,1184.21,218.62
ROU,RO,Romania,Electricity,1990,460.361,6.13201096431098,23211395,16.9601538798482,-10.8281429155372,,,2604.7,3156.36,158.46
ROU,RO,Romania,Electricity,1991,580.138,6.36326600627385,23192274,16.9593297639326,-10.5960637576588,,,2745.99,3596.56,120.74
ROU,RO,Romania,Electricity,1992,653.138,6.48178843926131,22810035,16.9427111286741,-10.4609226894128,,,2936.51,3458.27,193.66
ROU,RO,Romania,Electricity,1993,603.869,6.40335728699412,22778533,16.9413291153144,-10.5379718283203,,,2965.57,3633.03,160.01
ROU,RO,Romania,Electricity,1994,571.453,6.34818224013296,22748027,16.9399889743257,-10.5918067341927,,,2647.5,3079.51,186.78
ROU,RO,Romania,Electricity,1995,611.866,6.41651330428998,22712394,16.9384213246421,-10.5219080203521,,,2711.37,3472.68,158.4
ROU,RO,Romania,Electricity,1996,698.366,6.54874332063703,22656145,16.9359416755257,-10.3871983548887,,,3308.82,3705.11,156.93
ROU,RO,Romania,Electricity,1997,683.233,6.52683594341558,22581862,16.932657575642,-10.4058216322264,,,2790.74,3629.88,101.67
ROU,RO,Romania,Electricity,1998,680.739,6.52317897277477,22526093,16.9301848841438,-10.407005911369,,,2783.45,3474.88,194.83
ROU,RO,Romania,Electricity,1999,677.816,6.51887586467776,22488595,16.9285188497742,-10.4096429850964,,,2940.6,3248.34,186.22
ROU,RO,Romania,Electricity,2000,657.954,6.48913502006699,22455485,16.9270454630238,-10.4379104429568,,,2879.34,3198.16,239.96
ROU,RO,Romania,Electricity,2001,664.144,6.49849899343396,22430457,16.9259302807873,-10.4274312873533,,,2426.96,3325.14,188.71
ROU,RO,Romania,Electricity,2002,668.186,6.50456657789233,21833483,16.8989552668757,-10.3943886889834,,,2744.45,3199.59,182.68
ROU,RO,Romania,Electricity,2003,708.77,6.56353107333871,21627509,16.8894766271734,-10.3259455538347,,,3095.44,3593.6,221.42
ROU,RO,Romania,Electricity,2004,691.574,6.5389701591175,21521142,16.8845463587644,-10.3455761996469,,,2882.27,3342.17,132.05
ROU,RO,Romania,Electricity,2005,793.981,6.67705953148979,21382354,16.8780765604002,-10.2010170289104,0.0863,-2.44992568089276,2785.8,3473.71,119.03
ROU,RO,Romania,Electricity,2006,859.759,6.75665211741693,21257016,16.8721975635482,-10.1155454461313,0.09525,-2.35125026497533,2984.46,3413.38,166.43
ROU,RO,Romania,Electricity,2007,893.293,6.7949146345638,21130503,16.8662281943255,-10.0713135597617,0.1141,-2.17068002211411,2346.64,3049.15,279.86
ROU,RO,Romania,Electricity,2008,894.239,6.79597307725274,20635460,16.8425215131423,-10.0465484358896,0.1082,-2.22377391256976,2775.17,3117.56,207.54
ROU,RO,Romania,Electricity,2009,947.635,6.85396940701832,20440290,16.8330185110661,-9.97904910404774,0.09775,-2.32534208011666,2629.24,3118.45,196.25
ROU,RO,Romania,Electricity,2010,974.119,6.88153347277096,20294683,16.8258694885224,-9.94433601575145,0.10415,-2.26192311127516,2740.24,3310.32,210.89
ROU,RO,Romania,Electricity,2011,995.443,6.9031878642055,20199059,16.8211465771279,-9.91795871292244,0.10835,-2.22238855099977,2849.75,3453.06,187.65
ROU,RO,Romania,Electricity,2012,1034.824,6.94198664293044,20095996,16.8160311492055,-9.87404450627502,0.10625,-2.24196047117761,3047.31,3357.52,323.66
ROU,RO,Romania,Electricity,2013,1022.872,6.93036963593355,20020074,16.8122460281482,-9.88187639221466,0.1301,-2.03945189346368,2716.6,3141.46,201.85
ROU,RO,Romania,Electricity,2014,1024.076,6.93154602159538,19947311,16.8086049052482,-9.87705888365277,0.1269,-2.0643559042618,2468.03,3042.16,159.35
ROU,RO,Romania,Electricity,2015,1039.983,6.94695964584797,19870647,16.8047541756486,-9.85779452980064,0.1311,-2.03179488821248,2627.81,3034.53,254.15
ROU,RO,Romania,Electricity,2016,1037.575,6.94464153864875,19760585,16.7991998551089,-9.85455831646018,0.12465,-2.08224546901257,2474.01,3168.02,212.63
ROU,RO,Romania,Electricity,2017,1083.119,6.9876001209277,19643949,16.7932799099253,-9.80567978899762,0.12435,-2.08465510873272,2859.57,3189.02,239.07
ROU,RO,Romania,Electricity,2018,1098.872,7.00203947810278,19533481,16.7876405255775,-9.78560104747474,0.1325,-2.02117263355586,2642.86,3055.09,194.36
ROU,RO,Romania,Electricity,2019,1116.448,7.01790749608007,19414458,16.7815286041989,-9.7636211081188,0.13895,-1.97364112279362,2568.63,2841.84,231.34
ROU,RO,Romania,Electricity,2020,1171.091,7.06569107193616,19328838,16.7771087355649,-9.71141766362872,0.1454,-1.92826671388272,2291.41,2894.65,207.23
ROU,RO,Romania,Electricity,2021,1224.782,7.11051814795854,19201662,16.7705073957517,-9.65998924779315,0.1569,-1.85214661924315,2491.94,3222.42,228.61
ROU,RO,Romania,Electricity,2022,1160.562,7.05665964953515,19043098,16.7622152841757,-9.70555563464053,0.28865,-1.24254039747519,2597.71,2973.64,265.6
ROU,RO,Romania,Electricity,2023,1125.709,7.02616833835412,19055228,16.7628520575819,-9.73668371922782,0.1901,-1.66020502948775,2270.78,2716.42,255.21
ROU,RO,Romania,Electricity,2024,1195.815,7.08658324027179,19067576,16.7634998588524,-9.67691661858057,0.1873,-1.67504366953209,2162.71,2687.03,357.6
ROU,RO,Romania,Natural gas,1990,2258.083,7.72227150222713,23211395,16.9601538798482,-9.23788237762106,,,2604.7,3156.36,158.46
ROU,RO,Romania,Natural gas,1991,2736.371,7.91438786896488,23192274,16.9593297639326,-9.04494189496773,,,2745.99,3596.56,120.74
ROU,RO,Romania,Natural gas,1992,1545.894,7.34335766276052,22810035,16.9427111286741,-9.5993534659136,,,2936.51,3458.27,193.66
ROU,RO,Romania,Natural gas,1993,1648.001,7.40731831726535,22778533,16.9413291153144,-9.53401079804902,,,2965.57,3633.03,160.01
ROU,RO,Romania,Natural gas,1994,1693.874,7.43477349228037,22748027,16.9399889743257,-9.50521548204529,,,2647.5,3079.51,186.78
ROU,RO,Romania,Natural gas,1995,1790.219,7.49009323771981,22712394,16.9384213246421,-9.44832808692229,,,2711.37,3472.68,158.4
ROU,RO,Romania,Natural gas,1996,1711.758,7.44527619156992,22656145,16.9359416755257,-9.49066548395581,,,3308.82,3705.11,156.93
ROU,RO,Romania,Natural gas,1997,2057.61,7.6293003940626,22581862,16.932657575642,-9.30335718157943,,,2790.74,3629.88,101.67
ROU,RO,Romania,Natural gas,1998,2230.46,7.70996312120868,22526093,16.9301848841438,-9.22022176293512,,,2783.45,3474.88,194.83
ROU,RO,Romania,Natural gas,1999,2032.158,7.61685356158105,22488595,16.9285188497742,-9.31166528819311,,,2940.6,3248.34,186.22
ROU,RO,Romania,Natural gas,2000,2216.874,7.70385337444236,22455485,16.9270454630238,-9.22319208858143,,,2879.34,3198.16,239.96
ROU,RO,Romania,Natural gas,2001,1994.819,7.598308598391,22430457,16.9259302807873,-9.32762168239628,,,2426.96,3325.14,188.71
ROU,RO,Romania,Natural gas,2002,2351.827,7.76294775189149,21833483,16.8989552668757,-9.13600751498422,,,2744.45,3199.59,182.68
ROU,RO,Romania,Natural gas,2003,2561.178,7.84822258788419,21627509,16.8894766271734,-9.04125403928926,,,3095.44,3593.6,221.42
ROU,RO,Romania,Natural gas,2004,2543.508,7.84129950953014,21521142,16.8845463587644,-9.04324684923422,,,2882.27,3342.17,132.05
ROU,RO,Romania,Natural gas,2005,2300.666,7.74095392521872,21382354,16.8780765604002,-9.13712263518148,5.7996,1.7577889496569,2785.8,3473.71,119.03
ROU,RO,Romania,Natural gas,2006,2547.592,7.84290387828189,21257016,16.8721975635482,-9.02929368526632,7.94955,2.0731153232906,2984.46,3413.38,166.43
ROU,RO,Romania,Natural gas,2007,2067.39,7.63404222112936,21130503,16.8662281943255,-9.23218597319611,9.5053,2.25184953777793,2346.64,3049.15,279.86
ROU,RO,Romania,Natural gas,2008,2188.586,7.69101095218055,20635460,16.8425215131423,-9.15151056096175,9.2699,2.22677259203306,2775.17,3117.56,207.54
ROU,RO,Romania,Natural gas,2009,2146.819,7.67174249064547,20440290,16.8330185110661,-9.16127602042058,7.78395,2.05206392143039,2629.24,3118.45,196.25
ROU,RO,Romania,Natural gas,2010,2205.696,7.69879838433365,20294683,16.8258694885224,-9.12707110418876,7.68345,2.03906866504105,2740.24,3310.32,210.89
ROU,RO,Romania,Natural gas,2011,2331.965,7.75446653878142,20199059,16.8211465771279,-9.06668003834652,7.7884,2.05263544725933,2849.75,3453.06,187.65
ROU,RO,Romania,Natural gas,2012,2543.659,7.84135887459523,20095996,16.8160311492055,-8.97467227461023,7.56225,2.0231687649593,3047.31,3357.52,323.66
ROU,RO,Romania,Natural gas,2013,2444.669,7.80166501442139,20020074,16.8122460281482,-9.01058101372682,8.21365,2.10579740444878,2716.6,3141.46,201.85
ROU,RO,Romania,Natural gas,2014,2173.259,7.68398316321368,19947311,16.8086049052482,-9.12462174203447,8.71565,2.16512026024122,2468.03,3042.16,159.35
ROU,RO,Romania,Natural gas,2015,2242.82,7.71548928163441,19870647,16.8047541756486,-9.08926489401421,9.0509,2.20286420028107,2627.81,3034.53,254.15
ROU,RO,Romania,Natural gas,2016,2287.661,7.73528517718661,19760585,16.7991998551089,-9.06391467792232,9.1033,2.20863698514841,2474.01,3168.02,212.63
ROU,RO,Romania,Natural gas,2017,2473.938,7.81356649200785,19643949,16.7932799099253,-8.97971341791746,8.4817,2.13791090141016,2859.57,3189.02,239.07
ROU,RO,Romania,Natural gas,2018,2539.206,7.83960671271831,19533481,16.7876405255775,-8.94803381285921,9.36775,2.23727293934667,2642.86,3055.09,194.36
ROU,RO,Romania,Natural gas,2019,2530.106,7.8360164780771,19414458,16.7815286041989,-8.94551212612177,9.43415,2.24433608467207,2568.63,2841.84,231.34
ROU,RO,Romania,Natural gas,2020,2745.97,7.91788966128645,19328838,16.7771087355649,-8.85921907427843,8.94785,2.1914132799648,2291.41,2894.65,207.23
ROU,RO,Romania,Natural gas,2021,3238.374,8.08282663096474,19201662,16.7705073957517,-8.68768076478696,10.99475,2.39741788614022,2491.94,3222.42,228.61
ROU,RO,Romania,Natural gas,2022,2709.262,7.90443155206339,19043098,16.7622152841757,-8.85778373211229,26.05365,3.26015787354731,2597.71,2973.64,265.6
ROU,RO,Romania,Natural gas,2023,2619.486,7.87073339430259,19055228,16.7628520575819,-8.89211866327934,15.37325,2.73262898607625,2270.78,2716.42,255.21
ROU,RO,Romania,Natural gas,2024,2628.647,7.87422454412849,19067576,16.7634998588524,-8.88927531472388,15.5786,2.74589817761173,2162.71,2687.03,357.6
ROU,RO,Romania,Total,1990,10478.499,9.25708072242649,23211395,16.9601538798482,-7.7030731574217,,,2604.7,3156.36,158.46
ROU,RO,Romania,Total,1991,7194.435,8.88106308948339,23192274,16.9593297639326,-8.07826667444921,,,2745.99,3596.56,120.74
ROU,RO,Romania,Total,1992,6259.509,8.74185702651321,22810035,16.9427111286741,-8.20085410216092,,,2936.51,3458.27,193.66
ROU,RO,Romania,Total,1993,6606.767,8.79584970578067,22778533,16.9413291153144,-8.1454794095337,,,2965.57,3633.03,160.01
ROU,RO,Romania,Total,1994,6398.178,8.76376854131658,22748027,16.9399889743257,-8.17622043300907,,,2647.5,3079.51,186.78
ROU,RO,Romania,Total,1995,6335.814,8.75397357700276,22712394,16.9384213246421,-8.18444774763934,,,2711.37,3472.68,158.4
ROU,RO,Romania,Total,1996,8110.644,9.0009325520949,22656145,16.9359416755257,-7.93500912343083,,,3308.82,3705.11,156.93
ROU,RO,Romania,Total,1997,9656.902,9.17542817183631,22581862,16.932657575642,-7.75722940380571,,,2790.74,3629.88,101.67
ROU,RO,Romania,Total,1998,9506.591,9.15974062650166,22526093,16.9301848841438,-7.77044425764215,,,2783.45,3474.88,194.83
ROU,RO,Romania,Total,1999,8749.417,9.07674234856045,22488595,16.9285188497742,-7.85177650121371,,,2940.6,3248.34,186.22
ROU,RO,Romania,Total,2000,8417.586,9.03807836779326,22455485,16.9270454630238,-7.88896709523053,,,2879.34,3198.16,239.96
ROU,RO,Romania,Total,2001,7286.854,8.89382718178959,22430457,16.9259302807873,-8.03210309899769,,,2426.96,3325.14,188.71
ROU,RO,Romania,Total,2002,7226.183,8.88546623660141,21833483,16.8989552668757,-8.0134890302743,,,2744.45,3199.59,182.68
ROU,RO,Romania,Total,2003,7829.947,8.96571102012414,21627509,16.8894766271734,-7.92376560704931,,,3095.44,3593.6,221.42
ROU,RO,Romania,Total,2004,7972.437,8.9837454966893,21521142,16.8845463587644,-7.90080086207506,,,2882.27,3342.17,132.05
ROU,RO,Romania,Total,2005,7991.34,8.98611373433568,21382354,16.8780765604002,-7.89196282606452,,,2785.8,3473.71,119.03
ROU,RO,Romania,Total,2006,7854.717,8.96886952203306,21257016,16.8721975635482,-7.90332804151515,,,2984.46,3413.38,166.43
ROU,RO,Romania,Total,2007,7519.256,8.92522247587917,21130503,16.8662281943255,-7.9410057184463,,,2346.64,3049.15,279.86
ROU,RO,Romania,Total,2008,8070.214,8.99593527888018,20635460,16.8425215131423,-7.84658623426213,,,2775.17,3117.56,207.54
ROU,RO,Romania,Total,2009,8015.179,8.98909239791966,20440290,16.8330185110661,-7.8439261131464,,,2629.24,3118.45,196.25
ROU,RO,Romania,Total,2010,8102.009,8.99986733459885,20294683,16.8258694885224,-7.82600215392356,,,2740.24,3310.32,210.89
ROU,RO,Romania,Total,2011,7859.678,8.96950091766297,20199059,16.8211465771279,-7.85164565946498,,,2849.75,3453.06,187.65
ROU,RO,Romania,Total,2012,8060.582,8.9947410413305,20095996,16.8160311492055,-7.82129010787496,,,3047.31,3357.52,323.66
ROU,RO,Romania,Total,2013,7721.97,8.95182479181275,20020074,16.8122460281482,-7.86042123633546,,,2716.6,3141.46,201.85
ROU,RO,Romania,Total,2014,7409.681,8.91054266743093,19947311,16.8086049052482,-7.89806223781722,,,2468.03,3042.16,159.35
ROU,RO,Romania,Total,2015,7375.183,8.90587599445949,19870647,16.8047541756486,-7.89887818118912,,,2627.81,3034.53,254.15
ROU,RO,Romania,Total,2016,7414.92,8.9112494655725,19760585,16.7991998551089,-7.88795038953643,,,2474.01,3168.02,212.63
ROU,RO,Romania,Total,2017,7732.038,8.9531277549566,19643949,16.7932799099253,-7.84015215496872,,,2859.57,3189.02,239.07
ROU,RO,Romania,Total,2018,7775.08,8.95867902638357,19533481,16.7876405255775,-7.82896149919395,,,2642.86,3055.09,194.36
ROU,RO,Romania,Total,2019,7753.283,8.955871645552,19414458,16.7815286041989,-7.82565695864687,,,2568.63,2841.84,231.34
ROU,RO,Romania,Total,2020,8007.426,8.98812464010437,19328838,16.7771087355649,-7.78898409546052,,,2291.41,2894.65,207.23
ROU,RO,Romania,Total,2021,8764.871,9.0785070796201,19201662,16.7705073957517,-7.69200031613159,,,2491.94,3222.42,228.61
ROU,RO,Romania,Total,2022,7894.699,8.97394680056713,19043098,16.7622152841757,-7.78826848360855,,,2597.71,2973.64,265.6
ROU,RO,Romania,Total,2023,7552.174,8.92959074781415,19055228,16.7628520575819,-7.83326130976778,,,2270.78,2716.42,255.21
ROU,RO,Romania,Total,2024,7434.117,8.91383508923214,19067576,16.7634998588524,-7.84966476962023,,,2162.71,2687.03,357.6
SVK,SK,Slovakia,Electricity,1990,316.251,5.75653620209207,5287663,15.4808869292847,-9.72435072719262,,,2737.26,3612.82,85.34
SVK,SK,Slovakia,Electricity,1991,326.913,5.78969408045246,5310711,15.4852362825596,-9.69554220210717,,,2940.63,3954.27,82.77
SVK,SK,Slovakia,Electricity,1992,318.229,5.76277124940018,5295877,15.4824391512537,-9.71966790185357,,,3003.28,3697.09,160.63
SVK,SK,Slovakia,Electricity,1993,355.718,5.87413828211599,5314155,15.4858845731114,-9.61174629099537,,,3108.54,3852.45,89.45
SVK,SK,Slovakia,Electricity,1994,385.985,5.95579850860613,5336455,15.4900721328074,-9.53427362420127,,,2735.05,3459.95,150.33
SVK,SK,Slovakia,Electricity,1995,429.751,6.06320597119452,5356207,15.4937666332913,-9.43056066209682,,,2850.98,3768,98.55
SVK,SK,Slovakia,Electricity,1996,468.702,6.14996717204138,5367790,15.4959268361531,-9.34595966411169,,,3292.06,4081.15,63.85
SVK,SK,Slovakia,Electricity,1997,473.517,6.16018781483275,5378932,15.4980003994205,-9.33781258458775,,,2985.3,3891.61,64.66
SVK,SK,Slovakia,Electricity,1998,480.997,6.17586103308007,5387650,15.4996198552339,-9.32375882215386,,,2804.17,3684.67,112.33
SVK,SK,Slovakia,Electricity,1999,487.704,6.18970866444575,5393382,15.5006832043716,-9.31097453992583,,,3047.97,3597.8,68.73
SVK,SK,Slovakia,Electricity,2000,465.95,6.14407833223167,5398657,15.5016607768989,-9.35758244466724,,,3008.2,3391.66,119.79
SVK,SK,Slovakia,Electricity,2001,449.011,6.10704738632858,5378783,15.4979726983706,-9.39092531204202,,,2539.03,3705.57,96.31
SVK,SK,Slovakia,Electricity,2002,443.422,6.09452191255036,5378951,15.498003931714,-9.40348201916363,,,2898.8,3499.33,116.78
SVK,SK,Slovakia,Electricity,2003,433.276,6.07137493833578,5374873,15.4972455037919,-9.4258705654561,,,3112.48,3792.42,153.92
SVK,SK,Slovakia,Electricity,2004,414.187,6.02631756266498,5371875,15.4966875675534,-9.47037000488837,0.12305,-2.09516450214507,3036.22,3760.07,69.19
SVK,SK,Slovakia,Electricity,2005,404.213,6.00194196674822,5372685,15.4968383415267,-9.49489637477848,0.1334,-2.01440314550061,3005.82,3867.49,70.92
SVK,SK,Slovakia,Electricity,2006,393.551,5.97521066555842,5372928,15.4968835692862,-9.52167290372774,0.1434,-1.94211735081662,3208.41,3695.57,122.43
SVK,SK,Slovakia,Electricity,2007,395.701,5.98065887555523,5373180,15.4969304699873,-9.51627159443211,0.137,-1.98777435315401,2394.27,3392.75,147.14
SVK,SK,Slovakia,Electricity,2008,389.596,5.96511030477522,5376064,15.4974670658762,-9.53235676110094,0.14735,-1.91494456979843,2874.9,3343.9,95.04
SVK,SK,Slovakia,Electricity,2009,380.739,5.94211410100994,5382401,15.4986451151114,-9.55653101410148,0.155,-1.86433016206289,2790.26,3514.77,105.59
SVK,SK,Slovakia,Electricity,2010,375.752,5.92892935130688,5390410,15.5001320067826,-9.57120265547572,0.15785,-1.84611006397814,2926.84,3783.66,115.15
SVK,SK,Slovakia,Electricity,2011,387.188,5.95891036318663,5392446,15.5005096432871,-9.54159928010047,0.1696,-1.77431255562433,2984,3575.28,94.44
SVK,SK,Slovakia,Electricity,2012,407.051,6.00893848471762,5404322,15.5027095617793,-9.49377107706169,0.1719,-1.76084236659333,3002.3,3590.45,160.96
SVK,SK,Slovakia,Electricity,2013,423.904,6.04950701450185,5410836,15.503914167535,-9.45440715303314,0.1688,-1.77904069682028,2940.19,3561.52,151.87
SVK,SK,Slovakia,Electricity,2014,422.786,6.04686614086507,5415949,15.5048586769863,-9.45799253612127,0.1515,-1.88716965403271,2423.8,3040.12,89.67
SVK,SK,Slovakia,Electricity,2015,432.932,6.0705806717899,5421349,15.505855235436,-9.43527456364614,0.15115,-1.88948255775667,2569.96,3326.64,198.01
SVK,SK,Slovakia,Electricity,2016,438.263,6.08281918679551,5426252,15.5067592141745,-9.42394002737903,0.148,-1.91054300521802,2630.47,3476.96,105.83
SVK,SK,Slovakia,Electricity,2017,422.7,6.04666270757274,5435343,15.5084331860217,-9.461770478449,0.14385,-1.93898418898458,2972.18,3556.52,159.7
SVK,SK,Slovakia,Electricity,2018,438.091,6.08242665135387,5443120,15.5098629838388,-9.42743633248488,0.1514,-1.88782993797879,2846.72,3220.59,149.29
SVK,SK,Slovakia,Electricity,2019,468.874,6.15033407563518,5450421,15.5112034113624,-9.36086933572722,0.1581,-1.84452753476671,2617.03,3174.41,166.56
SVK,SK,Slovakia,Electricity,2020,505.073,6.22470297328382,5457873,15.5125697113831,-9.28786673809933,0.1705,-1.76901998225857,2486.28,3300.01,106.49
SVK,SK,Slovakia,Electricity,2021,513.156,6.24057989251094,5459781,15.5129192370266,-9.27233934451561,0.1646,-1.80423699073917,2703.74,3617.56,140.91
SVK,SK,Slovakia,Electricity,2022,506.535,6.22759342297951,5434712,15.508317087253,-9.28072366427352,0.184,-1.69281952137315,2722.74,3269.08,168.92
SVK,SK,Slovakia,Electricity,2023,502.837,6.22026606191635,5428792,15.5072271993889,-9.2869611374725,0.19175,-1.65156283873477,2465.77,3095.97,124.58
SVK,SK,Slovakia,Electricity,2024,495.615,6.2057994156408,5424687,15.5064707598738,-9.300671344233,0.1788,-1.72148741624272,2300.22,2893.72,191.88
SVK,SK,Slovakia,Natural gas,1990,1090.993,6.9948435696805,5287663,15.4808869292847,-8.48604335960419,,,2737.26,3612.82,85.34
SVK,SK,Slovakia,Natural gas,1991,855.374,6.75153880019409,5310711,15.4852362825596,-8.73369748236554,,,2940.63,3954.27,82.77
SVK,SK,Slovakia,Natural gas,1992,854.471,6.75048256400432,5295877,15.4824391512537,-8.73195658724943,,,3003.28,3697.09,160.63
SVK,SK,Slovakia,Natural gas,1993,838.457,6.73156329789701,5314155,15.4858845731114,-8.75432127521435,,,3108.54,3852.45,89.45
SVK,SK,Slovakia,Natural gas,1994,898.99,6.80127191093923,5336455,15.4900721328074,-8.68880022186817,,,2735.05,3459.95,150.33
SVK,SK,Slovakia,Natural gas,1995,1020.765,6.92830762516886,5356207,15.4937666332913,-8.56545900812247,,,2850.98,3768,98.55
SVK,SK,Slovakia,Natural gas,1996,1225.301,7.11094180708173,5367790,15.4959268361531,-8.38498502907134,,,3292.06,4081.15,63.85
SVK,SK,Slovakia,Natural gas,1997,1359.759,7.21506275714493,5378932,15.4980003994205,-8.28293764227557,,,2985.3,3891.61,64.66
SVK,SK,Slovakia,Natural gas,1998,1451.44,7.28031144606191,5387650,15.4996198552339,-8.21930840917202,,,2804.17,3684.67,112.33
SVK,SK,Slovakia,Natural gas,1999,1560.533,7.35278270855549,5393382,15.5006832043716,-8.1479004958161,,,3047.97,3597.8,68.73
SVK,SK,Slovakia,Natural gas,2000,1642.218,7.40380304612072,5398657,15.5016607768989,-8.09785773077818,,,3008.2,3391.66,119.79
SVK,SK,Slovakia,Natural gas,2001,1656.814,7.41265176006982,5378783,15.4979726983706,-8.08532093830078,,,2539.03,3705.57,96.31
SVK,SK,Slovakia,Natural gas,2002,1603.181,7.37974505952291,5378951,15.498003931714,-8.11825887219107,,,2898.8,3499.33,116.78
SVK,SK,Slovakia,Natural gas,2003,1609.286,7.38354588135207,5374873,15.4972455037919,-8.11369962243981,,,3112.48,3792.42,153.92
SVK,SK,Slovakia,Natural gas,2004,1487.446,7.30481583423982,5371875,15.4966875675534,-8.19187173331353,8.9554,2.19225670229846,3036.22,3760.07,69.19
SVK,SK,Slovakia,Natural gas,2005,1417.519,7.25666343939215,5372685,15.4968383415267,-8.24017490213455,11.408,2.43431486367194,3005.82,3867.49,70.92
SVK,SK,Slovakia,Natural gas,2006,1283.276,7.15717146229107,5372928,15.4968835692862,-8.33971210699509,10.5271,2.35395288460661,3208.41,3695.57,122.43
SVK,SK,Slovakia,Natural gas,2007,1110.254,7.01234409695789,5373180,15.4969304699873,-8.48458637302945,11.5132,2.44349420320745,2394.27,3392.75,147.14
SVK,SK,Slovakia,Natural gas,2008,1182.201,7.07513323427047,5376064,15.4974670658762,-8.42233383160569,12.40305,2.51794241010782,2874.9,3343.9,95.04
SVK,SK,Slovakia,Natural gas,2009,1205.89,7.09497316251359,5382401,15.4986451151114,-8.40367195259783,13.0205,2.56652503850083,2790.26,3514.77,105.59
SVK,SK,Slovakia,Natural gas,2010,1332.18,7.19457197710554,5390410,15.5001320067826,-8.30556002967706,12.2505,2.5055667524843,2926.84,3783.66,115.15
SVK,SK,Slovakia,Natural gas,2011,1172.743,7.06710072831418,5392446,15.5005096432871,-8.43340891497292,13.57,2.60786147384678,2984,3575.28,94.44
SVK,SK,Slovakia,Natural gas,2012,1083.813,6.98824065789307,5404322,15.5027095617793,-8.51446890388624,14.305,2.66060912650207,3002.3,3590.45,160.96
SVK,SK,Slovakia,Natural gas,2013,1144.69,7.04288913697293,5410836,15.503914167535,-8.46102503056206,14.12,2.6475922320651,2940.19,3561.52,151.87
SVK,SK,Slovakia,Natural gas,2014,1037.059,6.94414410150018,5415949,15.5048586769863,-8.56071457548616,14.26,2.65745841498615,2423.8,3040.12,89.67
SVK,SK,Slovakia,Natural gas,2015,1050.537,6.95705674098798,5421349,15.505855235436,-8.54879849444806,13.76,2.6217658325052,2569.96,3326.64,198.01
SVK,SK,Slovakia,Natural gas,2016,1067.949,6.97349526557095,5426252,15.5067592141745,-8.53326394860359,12.575,2.5317107159858,2630.47,3476.96,105.83
SVK,SK,Slovakia,Natural gas,2017,1150.021,7.04753548206013,5435343,15.5084331860217,-8.46089770396162,12.0291,2.48732871422038,2972.18,3556.52,159.7
SVK,SK,Slovakia,Natural gas,2018,1118.851,7.02005754484374,5443120,15.5098629838388,-8.48980543899501,12.312,2.51057439653658,2846.72,3220.59,149.29
SVK,SK,Slovakia,Natural gas,2019,1120.001,7.02108485714588,5450421,15.5112034113624,-8.49011855421652,12.911,2.55807966119258,2617.03,3174.41,166.56
SVK,SK,Slovakia,Natural gas,2020,1143.392,7.04175456212882,5457873,15.5125697113831,-8.47081514925433,13.015,2.56610253844653,2486.28,3300.01,106.49
SVK,SK,Slovakia,Natural gas,2021,1228.432,7.1134938383739,5459781,15.5129192370266,-8.39942539865266,11.581,2.44936582420224,2703.74,3617.56,140.91
SVK,SK,Slovakia,Natural gas,2022,1107.692,7.01003385032474,5434712,15.508317087253,-8.49828323692829,13.7025,2.61757829793813,2722.74,3269.08,168.92
SVK,SK,Slovakia,Natural gas,2023,1049.699,6.95625873538816,5428792,15.5072271993889,-8.5509684640007,16.406,2.79764712158056,2465.77,3095.97,124.58
SVK,SK,Slovakia,Natural gas,2024,994.72,6.90246129052103,5424687,15.5064707598738,-8.60400946935276,16.4595,2.80090281811683,2300.22,2893.72,191.88
SVK,SK,Slovakia,Total,1990,2246.498,7.71712783823606,5287663,15.4808869292847,-7.76375909104862,,,2737.26,3612.82,85.34
SVK,SK,Slovakia,Total,1991,1888.877,7.54373775156468,5310711,15.4852362825596,-7.94149853099495,,,2940.63,3954.27,82.77
SVK,SK,Slovakia,Total,1992,1767.102,7.47709619561123,5295877,15.4824391512537,-8.00534295564252,,,3003.28,3697.09,160.63
SVK,SK,Slovakia,Total,1993,1720.807,7.45054864582065,5314155,15.4858845731114,-8.03533592729071,,,3108.54,3852.45,89.45
SVK,SK,Slovakia,Total,1994,1771.655,7.47966941694985,5336455,15.4900721328074,-8.01040271585755,,,2735.05,3459.95,150.33
SVK,SK,Slovakia,Total,1995,1976.756,7.58921239623162,5356207,15.4937666332913,-7.90455423705971,,,2850.98,3768,98.55
SVK,SK,Slovakia,Total,1996,2232.746,7.71098749704968,5367790,15.4959268361531,-7.78493933910339,,,3292.06,4081.15,63.85
SVK,SK,Slovakia,Total,1997,2362.268,7.76737745348766,5378932,15.4980003994205,-7.73062294593284,,,2985.3,3891.61,64.66
SVK,SK,Slovakia,Total,1998,2448.105,7.80306953486924,5387650,15.4996198552339,-7.69655032036469,,,2804.17,3684.67,112.33
SVK,SK,Slovakia,Total,1999,2568.717,7.8511618314467,5393382,15.5006832043716,-7.64952137292489,,,3047.97,3597.8,68.73
SVK,SK,Slovakia,Total,2000,2586.241,7.8579607491117,5398657,15.5016607768989,-7.64370002778721,,,3008.2,3391.66,119.79
SVK,SK,Slovakia,Total,2001,3082.644,8.03354294927584,5378783,15.4979726983706,-7.46442974909476,,,2539.03,3705.57,96.31
SVK,SK,Slovakia,Total,2002,2997.922,8.00567466097919,5378951,15.498003931714,-7.49232927073479,,,2898.8,3499.33,116.78
SVK,SK,Slovakia,Total,2003,2839.583,7.95141248938861,5374873,15.4972455037919,-7.54583301440327,,,3112.48,3792.42,153.92
SVK,SK,Slovakia,Total,2004,2666.506,7.88852428017876,5371875,15.4966875675534,-7.60816328737459,,,3036.22,3760.07,69.19
SVK,SK,Slovakia,Total,2005,2540.462,7.84010123323643,5372685,15.4968383415267,-7.65673710829027,,,3005.82,3867.49,70.92
SVK,SK,Slovakia,Total,2006,2310.145,7.74506557210862,5372928,15.4968835692862,-7.75181799717755,,,3208.41,3695.57,122.43
SVK,SK,Slovakia,Total,2007,2080.702,7.64046061575505,5373180,15.4969304699873,-7.85646985423229,,,2394.27,3392.75,147.14
SVK,SK,Slovakia,Total,2008,2130.687,7.66419974191144,5376064,15.4974670658762,-7.83326732396473,,,2874.9,3343.9,95.04
SVK,SK,Slovakia,Total,2009,2147.493,7.67205639424891,5382401,15.4986451151114,-7.82658872086251,,,2790.26,3514.77,105.59
SVK,SK,Slovakia,Total,2010,3028.239,8.01573654142932,5390410,15.5001320067826,-7.48439546535328,,,2926.84,3783.66,115.15
SVK,SK,Slovakia,Total,2011,2790.822,7.9340914550783,5392446,15.5005096432871,-7.5664181882088,,,2984,3575.28,94.44
SVK,SK,Slovakia,Total,2012,2820.587,7.94470029829907,5404322,15.5027095617793,-7.55800926348024,,,3002.3,3590.45,160.96
SVK,SK,Slovakia,Total,2013,2842.735,7.95252189591014,5410836,15.503914167535,-7.55139227162485,,,2940.19,3561.52,151.87
SVK,SK,Slovakia,Total,2014,2325.037,7.75149123187333,5415949,15.5048586769863,-7.75336744511301,,,2423.8,3040.12,89.67
SVK,SK,Slovakia,Total,2015,2573.288,7.85293973761523,5421349,15.505855235436,-7.65291549782081,,,2569.96,3326.64,198.01
SVK,SK,Slovakia,Total,2016,2688.692,7.89681010898712,5426252,15.5067592141745,-7.60994910518742,,,2630.47,3476.96,105.83
SVK,SK,Slovakia,Total,2017,2744.162,7.91723102500398,5435343,15.5084331860217,-7.59120216101777,,,2972.18,3556.52,159.7
SVK,SK,Slovakia,Total,2018,2546.007,7.84228152852441,5443120,15.5098629838388,-7.66758145531434,,,2846.72,3220.59,149.29
SVK,SK,Slovakia,Total,2019,2637.679,7.87765464278002,5450421,15.5112034113624,-7.63354876858238,,,2617.03,3174.41,166.56
SVK,SK,Slovakia,Total,2020,2744.571,7.91738005757699,5457873,15.5125697113831,-7.59518965380616,,,2486.28,3300.01,106.49
SVK,SK,Slovakia,Total,2021,2966.314,7.99507538358127,5459781,15.5129192370266,-7.51784385344529,,,2703.74,3617.56,140.91
SVK,SK,Slovakia,Total,2022,2686.513,7.89599934916703,5434712,15.508317087253,-7.612317738086,,,2722.74,3269.08,168.92
SVK,SK,Slovakia,Total,2023,2425.468,7.79377977444219,5428792,15.5072271993889,-7.71344742494666,,,2465.77,3095.97,124.58
SVK,SK,Slovakia,Total,2024,2299.882,7.7406130962533,5424687,15.5064707598738,-7.76585766362049,,,2300.22,2893.72,191.88
SVN,SI,Slovenia,Electricity,1990,192.003,5.25751099690571,1996377,14.5068445957739,-9.24933359886819,,,2491.56,3276.47,71.63
SVN,SI,Slovenia,Electricity,1991,208.684,5.34082114607476,1999945,14.5086302381461,-9.16780909207133,,,2728.1,3636.52,83.55
SVN,SI,Slovenia,Electricity,1992,206.707,5.33130233161986,1998912,14.5081135905025,-9.17681125888267,0.06255,-2.77178904206922,2761.88,3252.07,127.47
SVN,SI,Slovenia,Electricity,1993,214.101,5.36644786629935,1994084,14.5056953549958,-9.13924748869642,0.06255,-2.77178904206922,2706.69,3402.34,101.87
SVN,SI,Slovenia,Electricity,1994,222.27,5.40389285909668,1989408,14.5033476650053,-9.09945480590865,0.06695,-2.70380920684496,2492.26,3023.41,125.61
SVN,SI,Slovenia,Electricity,1995,219.518,5.39143423370885,1989477,14.5033823480887,-9.11194811437981,0.0803,-2.52198565802942,2590.42,3390.88,70.56
SVN,SI,Slovenia,Electricity,1996,226.053,5.42076948505268,1990266,14.5037788561096,-9.08300937105689,0.07875,-2.54147700127639,2921.76,3697.46,54.8
SVN,SI,Slovenia,Electricity,1997,230.782,5.44147354199121,1986989,14.5021309855347,-9.06065744354352,0.0861,-2.45224586754845,2635.65,3390.23,48.49
SVN,SI,Slovenia,Electricity,1998,231.298,5.44370692242094,1984923,14.5010906804191,-9.05738375799812,0.09555,-2.34810560829586,2545.71,3323.77,114.71
SVN,SI,Slovenia,Electricity,1999,205.159,5.3237852882647,1978334,14.4977656343417,-9.17398034607704,0.1004,-2.29859307172451,2787.25,3259.32,63.21
SVN,SI,Slovenia,Electricity,2000,223.646,5.41006444463061,1987755,14.5025164191674,-9.09245197453683,0.0988,-2.31465767422832,2719.39,2965.05,123.24
SVN,SI,Slovenia,Electricity,2001,230.009,5.4381184385924,1990094,14.503692431766,-9.06557399317358,0.0986,-2.31668401737355,2206.63,3218.34,114.49
SVN,SI,Slovenia,Electricity,2002,232.502,5.44889882714095,1994026,14.5056662685363,-9.05676744139532,0.10135,-2.28917540608413,2565.75,2990.62,93.72
SVN,SI,Slovenia,Electricity,2003,258.641,5.55544099978768,1995033,14.5061711495227,-8.950730149735,0.1011,-2.29164515295571,2644.05,3347.19,220.99
SVN,SI,Slovenia,Electricity,2004,258.985,5.55677014496448,1996433,14.5068726461945,-8.95010250123005,0.10215,-2.28131295771851,2749.29,3431.59,81.51
SVN,SI,Slovenia,Electricity,2005,253.74,5.53631012071245,1997590,14.507452011928,-8.97114189121551,0.1041,-2.26240330336121,2721.65,3521.87,73.76
SVN,SI,Slovenia,Electricity,2006,262.683,5.57094798199762,2003358,14.5103353305795,-8.93938734858184,0.10485,-2.25522452163421,2885.64,3274.23,129.61
SVN,SI,Slovenia,Electricity,2007,259.759,5.55975427807976,2010377,14.5138328246367,-8.95407854655697,0.1116,-2.19283422903493,2142.51,3028.46,125.7
SVN,SI,Slovenia,Electricity,2008,273.603,5.61167815060056,2010269,14.5137791019265,-8.90210095132592,0.11515,-2.16151965271544,2620.31,3102.7,105.15
SVN,SI,Slovenia,Electricity,2009,269.733,5.59743258083628,2032362,14.5247092214201,-8.92727664058377,0.13435,-2.00730694392064,2620.37,3148.54,107.25
SVN,SI,Slovenia,Electricity,2010,276.784,5.62323741860462,2046976,14.5318741400999,-8.90863672149523,0.14135,-1.95651619484254,2694.33,3454.31,121.98
SVN,SI,Slovenia,Electricity,2011,276.096,5.62074863132664,2050189,14.5334425419868,-8.9126939106602,0.14665,-1.91970648355868,2674.74,3186.69,116.72
SVN,SI,Slovenia,Electricity,2012,273.345,5.61073473360613,2055496,14.5360277393196,-8.92529300571351,0.1542,-1.86950481785291,2693.15,3161.54,176.65
SVN,SI,Slovenia,Electricity,2013,277.644,5.62633971751355,2058821,14.5376440468253,-8.91130432931174,0.16335,-1.81186014093506,2658.76,3238.32,169.98
SVN,SI,Slovenia,Electricity,2014,268.702,5.593602958839,2061085,14.5387431011376,-8.94514014229864,0.1631,-1.81339176935517,2221.81,2744.03,74.18
SVN,SI,Slovenia,Electricity,2015,275.58,5.61887796756576,2062874,14.5396107140854,-8.92073274651965,0.161,-1.82635091399767,2335.23,3019.96,174.38
SVN,SI,Slovenia,Electricity,2016,280.31,5.63589613359573,2064188,14.5402474867069,-8.90435135311117,0.16235,-1.81800078043328,2422.58,3107.09,109.61
SVN,SI,Slovenia,Electricity,2017,286.072,5.65624352738833,2065895,14.5410741045241,-8.88483057713579,0.1611,-1.82572998879921,2616.75,3162.8,179.9
SVN,SI,Slovenia,Electricity,2018,289.58,5.66843159735328,2066880,14.5415507818262,-8.87311918447297,0.16255,-1.81676963223222,2638.42,2953.58,132.28
SVN,SI,Slovenia,Electricity,2019,293.969,5.68347431960239,2080908,14.5483148948838,-8.86484057528145,0.165,-1.80180980508156,2364.59,2915.72,165.03
SVN,SI,Slovenia,Electricity,2020,312.477,5.74453086646784,2095861,14.5554750054301,-8.81094413896228,0.1571,-1.85087273372056,2267.13,3014.77,105.08
SVN,SI,Slovenia,Electricity,2021,326.962,5.78984395619352,2108977,14.561713553759,-8.77186959756545,0.16865,-1.77992971747448,2509.81,3299.8,156.84
SVN,SI,Slovenia,Electricity,2022,320.811,5.7708521646813,2107180,14.5608611186581,-8.79000895397677,0.1673,-1.78796667098936,2591.28,2918.14,187.93
SVN,SI,Slovenia,Electricity,2023,350.706,5.85994826563965,2116972,14.565497323766,-8.70554905812631,0.2015,-1.6019658975954,2257.52,2789.78,133.24
SVN,SI,Slovenia,Electricity,2024,365.387,5.90095706586164,2123949,14.5687876497563,-8.66783058389461,0.2045,-1.58718730349928,2044.39,2625.26,211.41
SVN,SI,Slovenia,Natural gas,1990,26.956,3.29420590708397,1996377,14.5068445957739,-11.2126386886899,,,2491.56,3276.47,71.63
SVN,SI,Slovenia,Natural gas,1991,34.63,3.54472035841433,1999945,14.5086302381461,-10.9639098797318,,,2728.1,3636.52,83.55
SVN,SI,Slovenia,Natural gas,1992,39.123,3.66671052934287,1998912,14.5081135905025,-10.8414030611597,,,2761.88,3252.07,127.47
SVN,SI,Slovenia,Natural gas,1993,40.757,3.70762760407563,1994084,14.5056953549958,-10.7980677509201,,,2706.69,3402.34,101.87
SVN,SI,Slovenia,Natural gas,1994,36.629,3.60084027639077,1989408,14.5033476650053,-10.9025073886146,,,2492.26,3023.41,125.61
SVN,SI,Slovenia,Natural gas,1995,54.622,4.00043673199913,1989477,14.5033823480887,-10.5029456160895,14.22595,2.65506776161374,2590.42,3390.88,70.56
SVN,SI,Slovenia,Natural gas,1996,45.507,3.81786616027765,1990266,14.5037788561096,-10.6859126958319,13.1423,2.57583603579084,2921.76,3697.46,54.8
SVN,SI,Slovenia,Natural gas,1997,45.507,3.81786616027765,1986989,14.5021309855347,-10.6842648252571,12.7805,2.54792057181475,2635.65,3390.23,48.49
SVN,SI,Slovenia,Natural gas,1998,49.828,3.90857707502385,1984923,14.5010906804191,-10.5925136053952,14.40065,2.66727334445211,2545.71,3323.77,114.71
SVN,SI,Slovenia,Natural gas,1999,67.691,4.2149532316423,1978334,14.4977656343417,-10.2828124026994,13.2188,2.58164005874531,2787.25,3259.32,63.21
SVN,SI,Slovenia,Natural gas,2000,58.598,4.0707005663077,1987755,14.5025164191674,-10.4318158528597,16.30635,2.79155460250196,2719.39,2965.05,123.24
SVN,SI,Slovenia,Natural gas,2001,61.866,4.12497075576386,1990094,14.503692431766,-10.3787216760021,14.2894,2.6595180036565,2206.63,3218.34,114.49
SVN,SI,Slovenia,Natural gas,2002,68.358,4.22475860094403,1994026,14.5056662685363,-10.2809076675922,12.1973,2.5012146157708,2565.75,2990.62,93.72
SVN,SI,Slovenia,Natural gas,2003,86.264,4.45741236157977,1995033,14.5061711495227,-10.0487587879429,10.98995,2.39698121881464,2644.05,3347.19,220.99
SVN,SI,Slovenia,Natural gas,2004,98.022,4.58519194327243,1996433,14.5068726461945,-9.92168070292211,10.73495,2.37350477365804,2749.29,3431.59,81.51
SVN,SI,Slovenia,Natural gas,2005,98.474,4.58979255394377,1997590,14.507452011928,-9.91765945798419,11.93145,2.47917777105441,2721.65,3521.87,73.76
SVN,SI,Slovenia,Natural gas,2006,93.422,4.53712686353673,2003358,14.5103353305795,-9.97320846704273,14.66385,2.68538528135252,2885.64,3274.23,129.61
SVN,SI,Slovenia,Natural gas,2007,85.297,4.44613928389088,2010377,14.5138328246367,-10.0676935407458,14.14,2.64900766046843,2142.51,3028.46,125.7
SVN,SI,Slovenia,Natural gas,2008,102.279,4.62770437329267,2010269,14.5137791019265,-9.88607472863381,17.64,2.87016905057865,2620.31,3102.7,105.15
SVN,SI,Slovenia,Natural gas,2009,106.062,4.6640238287818,2032362,14.5247092214201,-9.86068539263825,16.62,2.8106067894273,2620.37,3148.54,107.25
SVN,SI,Slovenia,Natural gas,2010,113.715,4.73369531817638,2046976,14.5318741400999,-9.79817882192348,17.4307,2.85823301936808,2694.33,3454.31,121.98
SVN,SI,Slovenia,Natural gas,2011,113.242,4.72952712169141,2050189,14.5334425419868,-9.80391542029543,20.285,3.00988169665841,2674.74,3186.69,116.72
SVN,SI,Slovenia,Natural gas,2012,117.197,4.76385627954567,2055496,14.5360277393196,-9.77217145977396,21.22,3.05494413318584,2693.15,3161.54,176.65
SVN,SI,Slovenia,Natural gas,2013,114.402,4.73971856131036,2058821,14.5376440468253,-9.79792548551493,19.14,2.95178038602481,2658.76,3238.32,169.98
SVN,SI,Slovenia,Natural gas,2014,88.564,4.48372545449872,2061085,14.5387431011376,-10.0550176466389,18.075,2.89452976804483,2221.81,2744.03,74.18
SVN,SI,Slovenia,Natural gas,2015,103.482,4.63939768453732,2062874,14.5396107140854,-9.90021302954809,17.195,2.84461864388423,2335.23,3019.96,174.38
SVN,SI,Slovenia,Natural gas,2016,114.961,4.74459294041074,2064188,14.5402474867069,-9.79565454629616,16.145,2.78161040421024,2422.58,3107.09,109.61
SVN,SI,Slovenia,Natural gas,2017,119.054,4.77957717169644,2065895,14.5410741045241,-9.76149693282768,15.05715,2.71185296143514,2616.75,3162.8,179.9
SVN,SI,Slovenia,Natural gas,2018,110.945,4.70903458301838,2066880,14.5415507818262,-9.83251619880787,15.59985,2.74726129882465,2638.42,2953.58,132.28
SVN,SI,Slovenia,Natural gas,2019,105.76,4.66117237610338,2080908,14.5483148948838,-9.88714251878047,15.7382,2.7560908781271,2364.59,2915.72,165.03
SVN,SI,Slovenia,Natural gas,2020,105.605,4.65970571863611,2095861,14.5554750054301,-9.89576928679402,15.7696,2.7580840360369,2267.13,3014.77,105.08
SVN,SI,Slovenia,Natural gas,2021,112.452,4.72252646392969,2108977,14.561713553759,-9.83918708982927,15.7493,2.75679591983951,2509.81,3299.8,156.84
SVN,SI,Slovenia,Natural gas,2022,100.254,4.60770696564006,2107180,14.5608611186581,-9.95315415301802,22.6727,3.12116155755991,2591.28,2918.14,187.93
SVN,SI,Slovenia,Natural gas,2023,84.09,4.43188765384481,2116972,14.565497323766,-10.1336096699211,28.858,3.36238725087506,2257.52,2789.78,133.24
SVN,SI,Slovenia,Natural gas,2024,76.827,4.34155614087001,2123949,14.5687876497563,-10.2272315088862,26.1329,3.26319505691812,2044.39,2625.26,211.41
SVN,SI,Slovenia,Total,1990,953.347,6.85997895070737,1996377,14.5068445957739,-7.64686564506653,,,2491.56,3276.47,71.63
SVN,SI,Slovenia,Total,1991,1134.819,7.03422844583295,1999945,14.5086302381461,-7.47440179231313,,,2728.1,3636.52,83.55
SVN,SI,Slovenia,Total,1992,1011.722,6.91940910855217,1998912,14.5081135905025,-7.58870448195037,,,2761.88,3252.07,127.47
SVN,SI,Slovenia,Total,1993,1101.065,7.00403317221892,1994084,14.5056953549958,-7.50166218277684,,,2706.69,3402.34,101.87
SVN,SI,Slovenia,Total,1994,1093.883,6.99748903027914,1989408,14.5033476650053,-7.50585863472618,,,2492.26,3023.41,125.61
SVN,SI,Slovenia,Total,1995,1163.921,7.05954975657234,1989477,14.5033823480887,-7.44383259151631,,,2590.42,3390.88,70.56
SVN,SI,Slovenia,Total,1996,1033.136,6.94035411582653,1990266,14.5037788561096,-7.56342474028304,,,2921.76,3697.46,54.8
SVN,SI,Slovenia,Total,1997,1070.152,6.97555597344171,1986989,14.5021309855347,-7.52657501209303,,,2635.65,3390.23,48.49
SVN,SI,Slovenia,Total,1998,1030.235,6.93754221054002,1984923,14.5010906804191,-7.56354846987903,,,2545.71,3323.77,114.71
SVN,SI,Slovenia,Total,1999,1054.162,6.9605014174804,1978334,14.4977656343417,-7.53726421686134,,,2787.25,3259.32,63.21
SVN,SI,Slovenia,Total,2000,1242.439,7.1248316621982,1987755,14.5025164191674,-7.37768475696923,,,2719.39,2965.05,123.24
SVN,SI,Slovenia,Total,2001,1329.405,7.19248675269564,1990094,14.503692431766,-7.31120567907035,,,2206.63,3218.34,114.49
SVN,SI,Slovenia,Total,2002,1287.778,7.16067353156012,1994026,14.5056662685363,-7.34499273697615,,,2565.75,2990.62,93.72
SVN,SI,Slovenia,Total,2003,1407.539,7.24959806833334,1995033,14.5061711495227,-7.25657308118934,,,2644.05,3347.19,220.99
SVN,SI,Slovenia,Total,2004,1381.173,7.23068841710583,1996433,14.5068726461945,-7.2761842290887,,,2749.29,3431.59,81.51
SVN,SI,Slovenia,Total,2005,1428.841,7.26461890511926,1997590,14.507452011928,-7.2428331068087,,,2721.65,3521.87,73.76
SVN,SI,Slovenia,Total,2006,1334.128,7.19603317389646,2003358,14.5103353305795,-7.314302156683,,,2885.64,3274.23,129.61
SVN,SI,Slovenia,Total,2007,1301.505,7.17127656614833,2010377,14.5138328246367,-7.34255625848839,,,2142.51,3028.46,125.7
SVN,SI,Slovenia,Total,2008,1354.045,7.21085168777963,2010269,14.5137791019265,-7.30292741414685,,,2620.31,3102.7,105.15
SVN,SI,Slovenia,Total,2009,1320.196,7.18553548940612,2032362,14.5247092214201,-7.33917373201394,,,2620.37,3148.54,107.25
SVN,SI,Slovenia,Total,2010,1363.866,7.21807859310829,2046976,14.5318741400999,-7.31379554699157,,,2694.33,3454.31,121.98
SVN,SI,Slovenia,Total,2011,1299.105,7.16943084481269,2050189,14.5334425419868,-7.36401169717414,,,2674.74,3186.69,116.72
SVN,SI,Slovenia,Total,2012,1251.763,7.13230823661648,2055496,14.5360277393196,-7.40371950270315,,,2693.15,3161.54,176.65
SVN,SI,Slovenia,Total,2013,1238.44,7.12160780205544,2058821,14.5376440468253,-7.41603624476985,,,2658.76,3238.32,169.98
SVN,SI,Slovenia,Total,2014,1060.348,6.96635243511363,2061085,14.5387431011376,-7.57239066602401,,,2221.81,2744.03,74.18
SVN,SI,Slovenia,Total,2015,1172.476,7.06687303102778,2062874,14.5396107140854,-7.47273768305762,,,2335.23,3019.96,174.38
SVN,SI,Slovenia,Total,2016,1196.324,7.08700880083302,2064188,14.5402474867069,-7.45323868587388,,,2422.58,3107.09,109.61
SVN,SI,Slovenia,Total,2017,1171.381,7.06593867361634,2065895,14.5410741045241,-7.47513543090778,,,2616.75,3162.8,179.9
SVN,SI,Slovenia,Total,2018,1101.397,7.00433465301861,2066880,14.5415507818262,-7.53721612880764,,,2638.42,2953.58,132.28
SVN,SI,Slovenia,Total,2019,1076.85,6.9817953916906,2080908,14.5483148948838,-7.56651950319325,,,2364.59,2915.72,165.03
SVN,SI,Slovenia,Total,2020,1091.333,6.99515516382615,2095861,14.5554750054301,-7.56031984160397,,,2267.13,3014.77,105.08
SVN,SI,Slovenia,Total,2021,1162.089,7.05797452656145,2108977,14.561713553759,-7.50373902719751,,,2509.81,3299.8,156.84
SVN,SI,Slovenia,Total,2022,1052.349,6.95878008733054,2107180,14.5608611186581,-7.60208103132754,,,2591.28,2918.14,187.93
SVN,SI,Slovenia,Total,2023,1040.915,6.9478554130238,2116972,14.565497323766,-7.61764191074216,,,2257.52,2789.78,133.24
SVN,SI,Slovenia,Total,2024,1033.167,6.9403841211065,2123949,14.5687876497563,-7.62840352864976,,,2044.39,2625.26,211.41
SWE,SE,Sweden,Electricity,1990,3275.58,8.09425023162578,8527039,15.9587527314208,-7.864502499795,,,2768.17,3776.42,9.25
SWE,SE,Sweden,Electricity,1991,3541.96,8.17243552522424,8590630,15.9661826323654,-7.79374710714117,,,3053.81,4165.25,23.65
SWE,SE,Sweden,Electricity,1992,3457.438,8.14828313134632,8644120,15.9723898789744,-7.82410674762806,,,2840.32,4030.5,25.54
SWE,SE,Sweden,Electricity,1993,3597.248,8.18792438766311,8692013,15.9779151159855,-7.78999072832239,,,3083.48,4319.14,2.16
SWE,SE,Sweden,Electricity,1994,3655.632,8.2040242710527,8745109,15.9840051306225,-7.77998085956976,,,3348.53,4255.19,64.04
SWE,SE,Sweden,Electricity,1995,3644.712,8.20103262897544,8816381,15.9921220263194,-7.79108939734397,,,2969.8,4326.29,36.29
SWE,SE,Sweden,Electricity,1996,3724.936,8.22280494945801,8837496,15.9945141365702,-7.77170918711217,0.0963,-2.34028696017806,3538.96,4676.96,16.1
SWE,SE,Sweden,Electricity,1997,3660.791,8.20543452326338,8844499,15.9953062418011,-7.7898717185377,0.10145,-2.28818921271031,3118,4211.89,52.06
SWE,SE,Sweden,Electricity,1998,3653.998,8.20357718959243,8847625,15.9956596193868,-7.79208242979435,0.1037,-2.26625316374666,3071.88,4305.9,1.31
SWE,SE,Sweden,Electricity,1999,3453.396,8.14711337369886,8854322,15.9964162593563,-7.84930288565747,0.09715,-2.33149910315869,3248.87,4066.04,31.14
SWE,SE,Sweden,Electricity,2000,3613.07,8.192313105441,8861426,15.9972182577118,-7.80490515227078,0.10315,-2.27157103946488,2966.14,3782.84,5.03
SWE,SE,Sweden,Electricity,2001,3626.827,8.19611344032343,8882792,15.9996264799649,-7.80351303964148,0.10575,-2.24667746105575,2916.66,4240.74,28.51
SWE,SE,Sweden,Electricity,2002,3566.036,8.17920989371705,8909128,16.0025869270931,-7.82337703337606,0.11245,-2.18524660057681,2922.73,4097.82,48.76
SWE,SE,Sweden,Electricity,2003,3611.178,8.19178931388698,8940788,16.006134286442,-7.81434497255507,0.136,-1.99510039324609,3451.54,4175.54,34.87
SWE,SE,Sweden,Electricity,2004,3557.61,8.17684425007628,8975670,16.0100281413629,-7.83318389128662,0.14025,-1.96432873457933,3165.92,4172.31,17.13
SWE,SE,Sweden,Electricity,2005,3668.358,8.20749942948611,9011392,16.0140001126569,-7.80650068317083,0.1365,-1.99143066435712,3097.94,4062.63,24.21
SWE,SE,Sweden,Electricity,2006,3567.498,8.17961978873416,9047752,16.0180268870302,-7.83840709829606,0.1498,-1.89845420789902,3260.95,3960.32,56.98
SWE,SE,Sweden,Electricity,2007,3408.255,8.1339557090937,9113257,16.025240724551,-7.89128501545734,0.15855,-1.84168527799778,2667.23,3900.17,21.63
SWE,SE,Sweden,Electricity,2008,3347.291,8.11590664096348,9182927,16.0328565570922,-7.91694991612874,0.1722,-1.75909868698851,2844.09,3850.59,32.31
SWE,SE,Sweden,Electricity,2009,3520.722,8.16642136119558,9256347,16.0408200363491,-7.87439867515357,0.1624,-1.81769285125456,3082.16,4138.37,26.08
SWE,SE,Sweden,Electricity,2010,3953.74,8.28241724537227,9340682,16.0498898268112,-7.76747258143892,0.18985,-1.66152099230433,3494.46,4832.46,35.24
SWE,SE,Sweden,Electricity,2011,3641.788,8.20023004881845,9415570,16.0578752599296,-7.85764521111116,0.2068,-1.57600313634786,3567.37,3872.43,22.31
SWE,SE,Sweden,Electricity,2012,3775.494,8.23628651404873,9482855,16.0649959892291,-7.82870947518035,0.2055,-1.58230924504585,2873.19,4258.28,5.58
SWE,SE,Sweden,Electricity,2013,3740.671,8.22702028608092,9555893,16.0726685902115,-7.84564830413061,0.20735,-1.57334709228975,3386.65,4133.56,18.73
SWE,SE,Sweden,Electricity,2014,3551.161,8.17502987125632,9644864,16.0819361036523,-7.90690623239599,0.1917,-1.65182362893054,2720.86,3705.79,51.35
SWE,SE,Sweden,Electricity,2015,3696.217,8.2150651431593,9747355,16.0925065241191,-7.87744138095982,0.1873,-1.67504366953209,2736.41,3756.63,13.93
SWE,SE,Sweden,Electricity,2016,3827.945,8.25008338465354,9851017,16.1030852565495,-7.85300187189592,0.19385,-1.6406706148652,2917.76,3984.2,19.55
SWE,SE,Sweden,Electricity,2017,3880.653,8.26375871742571,9995153,16.1176108334533,-7.85385211602759,0.1984,-1.61747008413136,2941.92,3961.46,3.11
SWE,SE,Sweden,Electricity,2018,3875.15,8.26233965071567,10120242,16.1300481345812,-7.86770848386549,0.19795,-1.61974080543,3137.12,3921.01,89.44
SWE,SE,Sweden,Electricity,2019,3771.195,8.23514720634306,10230185,16.1408532218308,-7.90570601548771,0.20425,-1.58841054524202,2875.8,3831.77,37.36
SWE,SE,Sweden,Electricity,2020,3660.619,8.20538753777834,10327589,16.150329415984,-7.94494187820568,0.19655,-1.62683842711427,2677.33,3471.56,43.69
SWE,SE,Sweden,Electricity,2021,3972.485,8.28714712244402,10379295,16.1553235143203,-7.86817639187625,0.2359,-1.44434729256851,2816.47,4069.46,42.96
SWE,SE,Sweden,Electricity,2022,3494.067,8.15882166623997,10452326,16.1623350953391,-8.00351342909909,0.2509,-1.38270082560976,2879.22,3792.62,44.7
SWE,SE,Sweden,Electricity,2023,3400.688,8.13173304307484,10521556,16.1689366630817,-8.03720362000683,0.24215,-1.4181979101329,2869.18,3974.92,21.51
SWE,SE,Sweden,Electricity,2024,3419.776,8.1373303308356,10551707,16.1717982057459,-8.03446787491025,0.23925,-1.43024624864907,3158.38,3780,18.53
SWE,SE,Sweden,Natural gas,1990,34.05,3.52783003259552,8527039,15.9587527314208,-12.4309226988253,,,2768.17,3776.42,9.25
SWE,SE,Sweden,Natural gas,1991,46.496,3.83936628738787,8590630,15.9661826323654,-12.1268163449775,,,3053.81,4165.25,23.65
SWE,SE,Sweden,Natural gas,1992,48.689,3.88545313188553,8644120,15.9723898789744,-12.0869367470888,,,2840.32,4030.5,25.54
SWE,SE,Sweden,Natural gas,1993,55.116,4.00944005513166,8692013,15.9779151159855,-11.9684750608538,,,3083.48,4319.14,2.16
SWE,SE,Sweden,Natural gas,1994,63.22,4.14662070678747,8745109,15.9840051306225,-11.837384423835,,,3348.53,4255.19,64.04
SWE,SE,Sweden,Natural gas,1995,62.532,4.13567842571508,8816381,15.9921220263194,-11.8564436006043,,,2969.8,4326.29,36.29
SWE,SE,Sweden,Natural gas,1996,60.146,4.09677493979381,8837496,15.9945141365702,-11.8977391967764,15.9688,2.77063681851454,3538.96,4676.96,16.1
SWE,SE,Sweden,Natural gas,1997,56.04,4.02606572146881,8844499,15.9953062418011,-11.9692405203323,15.69035,2.75304587369818,3118,4211.89,52.06
SWE,SE,Sweden,Natural gas,1998,77.966,4.35627283422279,8847625,15.9956596193868,-11.639386785164,15.44245,2.73712021076496,3071.88,4305.9,1.31
SWE,SE,Sweden,Natural gas,1999,86.651,4.46188855677592,8854322,15.9964162593563,-11.5345277025804,15.15085,2.71805663599208,3248.87,4066.04,31.14
SWE,SE,Sweden,Natural gas,2000,75.795,4.32803232741198,8861426,15.9972182577118,-11.6691859302998,15.88075,2.76510768392287,2966.14,3782.84,5.03
SWE,SE,Sweden,Natural gas,2001,90.606,4.50652043602171,8882792,15.9996264799649,-11.4931060439432,18.8318,2.93554693024063,2916.66,4240.74,28.51
SWE,SE,Sweden,Natural gas,2002,47.163,3.85360968687749,8909128,16.0025869270931,-12.1489772402156,19.7012,2.98067954759436,2922.73,4097.82,48.76
SWE,SE,Sweden,Natural gas,2003,38.994,3.66340778814027,8940788,16.006134286442,-12.3427264983018,20.4477,3.017870406726,3451.54,4175.54,34.87
SWE,SE,Sweden,Natural gas,2004,42.67,3.75349609719991,8975670,16.0100281413629,-12.256532044163,21.42605,3.06460747145101,3165.92,4172.31,17.13
SWE,SE,Sweden,Natural gas,2005,45.722,3.82257958250178,9011392,16.0140001126569,-12.1914205301552,22.33975,3.10636760288909,3097.94,4062.63,24.21
SWE,SE,Sweden,Natural gas,2006,32.782,3.48987958426717,9047752,16.0180268870302,-12.528147302763,30.0068,3.40142402264381,3260.95,3960.32,56.98
SWE,SE,Sweden,Natural gas,2007,40.606,3.70391583894005,9113257,16.025240724551,-12.321324885611,25.33635,3.23224012347625,2667.23,3900.17,21.63
SWE,SE,Sweden,Natural gas,2008,41.896,3.73519035697719,9182927,16.0328565570922,-12.297666200115,27.00735,3.29610905118081,2844.09,3850.59,32.31
SWE,SE,Sweden,Natural gas,2009,66.079,4.1908509959263,9256347,16.0408200363491,-11.8499690404228,25.1944,3.22662174760014,3082.16,4138.37,26.08
SWE,SE,Sweden,Natural gas,2010,76.053,4.33143046565902,9340682,16.0498898268112,-11.7184593611522,28.6824,3.35628369423864,3494.46,4832.46,35.24
SWE,SE,Sweden,Natural gas,2011,69.475,4.24096697562857,9415570,16.0578752599296,-11.816908284301,32.65515,3.48600257682133,3567.37,3872.43,22.31
SWE,SE,Sweden,Natural gas,2012,45.12,3.8093256071898,9482855,16.0649959892291,-12.2556703820393,33.9136,3.52381611387625,2873.19,4258.28,5.58
SWE,SE,Sweden,Natural gas,2013,33.405,3.50870558937744,9555893,16.0726685902115,-12.5639630008341,34.04835,3.52778157327161,3386.65,4133.56,18.73
SWE,SE,Sweden,Natural gas,2014,29.127,3.37166557905612,9644864,16.0819361036523,-12.7102705245962,32.2628,3.47391486372293,2720.86,3705.79,51.35
SWE,SE,Sweden,Natural gas,2015,27.365,3.30926482459588,9747355,16.0925065241191,-12.7832416995232,32.00795,3.46598430944424,2736.41,3756.63,13.93
SWE,SE,Sweden,Natural gas,2016,30.224,3.40863631075915,9851017,16.1030852565495,-12.6944489457903,31.54325,3.45135961998021,2917.76,3984.2,19.55
SWE,SE,Sweden,Natural gas,2017,26.074,3.26093864924059,9995153,16.1176108334533,-12.8566721842127,32.46775,3.48024728898016,2941.92,3961.46,3.11
SWE,SE,Sweden,Natural gas,2018,32.696,3.48725274626198,10120242,16.1300481345812,-12.6427953883192,32.99505,3.49635755021536,3137.12,3921.01,89.44
SWE,SE,Sweden,Natural gas,2019,19.903,2.99087047413708,10230185,16.1408532218308,-13.1499827476937,31.7713,3.45856336655034,2875.8,3831.77,37.36
SWE,SE,Sweden,Natural gas,2020,19.017,2.94533331597014,10327589,16.150329415984,-13.2049961000139,37.8136,3.63266882627702,2677.33,3471.56,43.69
SWE,SE,Sweden,Natural gas,2021,29.841,3.39588328683839,10379295,16.1553235143203,-12.7594402274819,48.56585,3.88292060901761,2816.47,4069.46,42.96
SWE,SE,Sweden,Natural gas,2022,25.716,3.24711336627944,10452326,16.1623350953391,-12.9152217290596,68.9806,4.23382530564425,2879.22,3792.62,44.7
SWE,SE,Sweden,Natural gas,2023,23.224,3.14518622672233,10521556,16.1689366630817,-13.0237504363593,59.15645,4.0801856292808,2869.18,3974.92,21.51
SWE,SE,Sweden,Natural gas,2024,21.251,3.05640395308672,10551707,16.1717982057459,-13.1153942526591,50.7335,3.9265864419052,3158.38,3780,18.53
SWE,SE,Sweden,Total,1990,6556.181,8.78816354778036,8527039,15.9587527314208,-7.17058918364042,,,2768.17,3776.42,9.25
SWE,SE,Sweden,Total,1991,7171.756,8.87790581295276,8590630,15.9661826323654,-7.08827681941265,,,3053.81,4165.25,23.65
SWE,SE,Sweden,Total,1992,7838.246,8.9667703638246,8644120,15.9723898789744,-7.00561951514978,,,2840.32,4030.5,25.54
SWE,SE,Sweden,Total,1993,7939.297,8.97958001127855,8692013,15.9779151159855,-6.99833510470696,,,3083.48,4319.14,2.16
SWE,SE,Sweden,Total,1994,8046.69,8.99301610573066,8745109,15.9840051306225,-6.9909890248918,,,3348.53,4255.19,64.04
SWE,SE,Sweden,Total,1995,7747.975,8.95518679788255,8816381,15.9921220263194,-7.03693522843686,,,2969.8,4326.29,36.29
SWE,SE,Sweden,Total,1996,8201.81,9.012110140602,8837496,15.9945141365702,-6.98240399596817,,,3538.96,4676.96,16.1
SWE,SE,Sweden,Total,1997,7930.794,8.97850843572001,8844499,15.9953062418011,-7.01679780608106,,,3118,4211.89,52.06
SWE,SE,Sweden,Total,1998,7874.047,8.97132744049781,8847625,15.9956596193868,-7.02433217888897,,,3071.88,4305.9,1.31
SWE,SE,Sweden,Total,1999,7449.759,8.91593696185708,8854322,15.9964162593563,-7.08047929749925,,,3248.87,4066.04,31.14
SWE,SE,Sweden,Total,2000,7302.169,8.89592670629177,8861426,15.9972182577118,-7.10129155142001,,,2966.14,3782.84,5.03
SWE,SE,Sweden,Total,2001,7513.896,8.92450938520768,8882792,15.9996264799649,-7.07511709475723,,,2916.66,4240.74,28.51
SWE,SE,Sweden,Total,2002,7338.144,8.9008412285984,8909128,16.0025869270931,-7.10174569849472,,,2922.73,4097.82,48.76
SWE,SE,Sweden,Total,2003,7384.499,8.90713835244757,8940788,16.006134286442,-7.09899593399448,,,3451.54,4175.54,34.87
SWE,SE,Sweden,Total,2004,7148.405,8.87464453387962,8975670,16.0100281413629,-7.13538360748328,,,3165.92,4172.31,17.13
SWE,SE,Sweden,Total,2005,7640.433,8.94120955594725,9011392,16.0140001126569,-7.0727905567097,,,3097.94,4062.63,24.21
SWE,SE,Sweden,Total,2006,7316.724,8.8979179657954,9047752,16.0180268870302,-7.12010892123482,,,3260.95,3960.32,56.98
SWE,SE,Sweden,Total,2007,7052.974,8.86120465082679,9113257,16.025240724551,-7.16403607372424,,,2667.23,3900.17,21.63
SWE,SE,Sweden,Total,2008,6947.482,8.84613457075328,9182927,16.0328565570922,-7.18672198633893,,,2844.09,3850.59,32.31
SWE,SE,Sweden,Total,2009,7232.548,8.88634667353757,9256347,16.0408200363491,-7.15447336281158,,,3082.16,4138.37,26.08
SWE,SE,Sweden,Total,2010,8282.685,9.02192247017573,9340682,16.0498898268112,-7.02796735663546,,,3494.46,4832.46,35.24
SWE,SE,Sweden,Total,2011,7681.81,8.94661047545757,9415570,16.0578752599296,-7.11126478447204,,,3567.37,3872.43,22.31
SWE,SE,Sweden,Total,2012,8053.653,8.99388105630148,9482855,16.0649959892291,-7.07111493292761,,,2873.19,4258.28,5.58
SWE,SE,Sweden,Total,2013,7694.262,8.94823013524091,9555893,16.0726685902115,-7.12443845497061,,,3386.65,4133.56,18.73
SWE,SE,Sweden,Total,2014,7229.333,8.88590205640194,9644864,16.0819361036523,-7.19603404725037,,,2720.86,3705.79,51.35
SWE,SE,Sweden,Total,2015,7411.176,8.91074441015135,9747355,16.0925065241191,-7.18176211396776,,,2736.41,3756.63,13.93
SWE,SE,Sweden,Total,2016,7659.147,8.94365589883156,9851017,16.1030852565495,-7.15942935771789,,,2917.76,3984.2,19.55
SWE,SE,Sweden,Total,2017,7696.829,8.94856370483956,9995153,16.1176108334533,-7.16904712861374,,,2941.92,3961.46,3.11
SWE,SE,Sweden,Total,2018,7490.34,8.92136946933947,10120242,16.1300481345812,-7.20867866524169,,,3137.12,3921.01,89.44
SWE,SE,Sweden,Total,2019,7363.914,8.90434686384914,10230185,16.1408532218308,-7.23650635798163,,,2875.8,3831.77,37.36
SWE,SE,Sweden,Total,2020,7182.148,8.87935378164695,10327589,16.150329415984,-7.27097563433707,,,2677.33,3471.56,43.69
SWE,SE,Sweden,Total,2021,7878.771,8.9719272062212,10379295,16.1553235143203,-7.18339630809907,,,2816.47,4069.46,42.96
SWE,SE,Sweden,Total,2022,7062.293,8.86252506529064,10452326,16.1623350953391,-7.29981003004842,,,2879.22,3792.62,44.7
SWE,SE,Sweden,Total,2023,7050.024,8.86078630005584,10521556,16.1689366630817,-7.30815036302583,,,2869.18,3974.92,21.51
SWE,SE,Sweden,Total,2024,6995.723,8.85305424130088,10551707,16.1717982057459,-7.31874396444497,,,3158.38,3780,18.53
