model,bin_id,delta_sv,n_years,cntr,crop,component,dln
EC-Earth3,-9.5,-9.1554,4,CZ,Soft wheat,gdd,-0.000797714939234568
EC-Earth3,-8.5,-8.4726,15,CZ,Soft wheat,gdd,-0.000633741109676514
EC-Earth3,-7.5,-7.5562,20,CZ,Soft wheat,gdd,-0.000464498002582692
EC-Earth3,-6.5,-6.4767,21,CZ,Soft wheat,gdd,-0.000332300046098366
EC-Earth3,-5.5,-5.3342,8,CZ,Soft wheat,gdd,-0.00030825983119302
EC-Earth3,-4.5,-4.5495,8,CZ,Soft wheat,gdd,-0.000100252869709359
EC-Earth3,-3.5,-3.3459,9,CZ,Soft wheat,gdd,-0.000100438057613335
EC-Earth3,-2.5,-2.4493,5,CZ,Soft wheat,gdd,-0.00017948665908117
EC-Earth3,-1.5,-1.3807,6,CZ,Soft wheat,gdd,-0.00010811158182388
EC-Earth3,-0.5,-0.6596,3,CZ,Soft wheat,gdd,0.000326440005226238
HadGEM3-GC3-1LL,-8.5,-8.3848,12,CZ,Soft wheat,gdd,-0.000602916004431334
HadGEM3-GC3-1LL,-7.5,-7.5599,19,CZ,Soft wheat,gdd,-0.000337930106276394
HadGEM3-GC3-1LL,-6.5,-6.5442,24,CZ,Soft wheat,gdd,-0.000349418767341355
HadGEM3-GC3-1LL,-5.5,-5.5797,10,CZ,Soft wheat,gdd,-0.000142380988154927
HadGEM3-GC3-1LL,-4.5,-4.5263,6,CZ,Soft wheat,gdd,-0.000490150115772454
HadGEM3-GC3-1LL,-3.5,-3.7835,7,CZ,Soft wheat,gdd,-0.000383491114663894
HadGEM3-GC3-1LL,-2.5,-2.4504,6,CZ,Soft wheat,gdd,-0.000264371075224618
HadGEM3-GC3-1LL,-1.5,-1.3098,8,CZ,Soft wheat,gdd,6.55105592783069e-05
HadGEM3-GC3-1LL,-0.5,-0.331,6,CZ,Soft wheat,gdd,-4.79897708237188e-05
HadGEM3-GC3-1MM,-14.5,-14.3032,4,CZ,Soft wheat,gdd,0.000441428579110275
HadGEM3-GC3-1MM,-13.5,-13.3931,8,CZ,Soft wheat,gdd,0.00238141721651458
HadGEM3-GC3-1MM,-12.5,-12.588,13,CZ,Soft wheat,gdd,0.00102189744492215
HadGEM3-GC3-1MM,-11.5,-11.5321,21,CZ,Soft wheat,gdd,5.81187071847885e-05
HadGEM3-GC3-1MM,-10.5,-10.4803,10,CZ,Soft wheat,gdd,0.00140469776699094
HadGEM3-GC3-1MM,-9.5,-9.6161,7,CZ,Soft wheat,gdd,-0.000364179349696813
HadGEM3-GC3-1MM,-8.5,-8.6582,7,CZ,Soft wheat,gdd,-0.000704842978866954
HadGEM3-GC3-1MM,-7.5,-7.6345,8,CZ,Soft wheat,gdd,-0.000871447358455061
HadGEM3-GC3-1MM,-6.5,-6.4299,4,CZ,Soft wheat,gdd,-0.000366160986001971
HadGEM3-GC3-1MM,-5.5,-5.3528,4,CZ,Soft wheat,gdd,-0.000150652732706208
HadGEM3-GC3-1MM,-4.5,-4.3969,4,CZ,Soft wheat,gdd,-0.000237110113054248
IPSL-CM6A-LR,-9.5,-9.3401,5,CZ,Soft wheat,gdd,-0.000823958771964588
IPSL-CM6A-LR,-8.5,-8.4598,8,CZ,Soft wheat,gdd,-0.000795876238288651
IPSL-CM6A-LR,-7.5,-7.5255,19,CZ,Soft wheat,gdd,-0.000754599569361363
IPSL-CM6A-LR,-6.5,-6.5577,11,CZ,Soft wheat,gdd,-0.000529124227425172
IPSL-CM6A-LR,-5.5,-5.5623,13,CZ,Soft wheat,gdd,-0.000323970554194281
IPSL-CM6A-LR,-4.5,-4.3507,11,CZ,Soft wheat,gdd,-0.000135105483103485
IPSL-CM6A-LR,-3.5,-3.4644,8,CZ,Soft wheat,gdd,-0.000142575702638622
IPSL-CM6A-LR,-2.5,-2.5669,9,CZ,Soft wheat,gdd,-0.000290945852626796
IPSL-CM6A-LR,-1.5,-1.2909,6,CZ,Soft wheat,gdd,-0.000257663912765871
IPSL-CM6A-LR,-0.5,-0.6347,8,CZ,Soft wheat,gdd,-5.09839048106724e-05
EC-Earth3,-9.5,-9.1554,4,DE,Soft wheat,gdd,-0.000806138511499433
EC-Earth3,-8.5,-8.4726,15,DE,Soft wheat,gdd,-0.00105728476967266
EC-Earth3,-7.5,-7.5562,20,DE,Soft wheat,gdd,-0.000663274945191706
EC-Earth3,-6.5,-6.4767,21,DE,Soft wheat,gdd,-0.000420237149089102
EC-Earth3,-5.5,-5.3342,8,DE,Soft wheat,gdd,-0.000349077967143118
EC-Earth3,-4.5,-4.5495,8,DE,Soft wheat,gdd,-0.000554352808023925
EC-Earth3,-3.5,-3.3459,9,DE,Soft wheat,gdd,-0.000302770928987853
EC-Earth3,-2.5,-2.4493,5,DE,Soft wheat,gdd,-0.000416185673970651
EC-Earth3,-1.5,-1.3807,6,DE,Soft wheat,gdd,-0.000132036472552861
EC-Earth3,-0.5,-0.6596,3,DE,Soft wheat,gdd,5.98006257228416e-05
HadGEM3-GC3-1LL,-8.5,-8.3848,12,DE,Soft wheat,gdd,-0.000795251374612752
HadGEM3-GC3-1LL,-7.5,-7.5599,19,DE,Soft wheat,gdd,-0.000560129997234894
HadGEM3-GC3-1LL,-6.5,-6.5442,24,DE,Soft wheat,gdd,-0.000517464579581454
HadGEM3-GC3-1LL,-5.5,-5.5797,10,DE,Soft wheat,gdd,-0.000390555922833534
HadGEM3-GC3-1LL,-4.5,-4.5263,6,DE,Soft wheat,gdd,-0.00044116376490882
HadGEM3-GC3-1LL,-3.5,-3.7835,7,DE,Soft wheat,gdd,-0.000620588618443888
HadGEM3-GC3-1LL,-2.5,-2.4504,6,DE,Soft wheat,gdd,-0.000257903263593021
HadGEM3-GC3-1LL,-1.5,-1.3098,8,DE,Soft wheat,gdd,-7.88644971883415e-05
HadGEM3-GC3-1LL,-0.5,-0.331,6,DE,Soft wheat,gdd,-0.000203383990143004
HadGEM3-GC3-1MM,-14.5,-14.3032,4,DE,Soft wheat,gdd,0.0190010048484053
HadGEM3-GC3-1MM,-13.5,-13.3931,8,DE,Soft wheat,gdd,0.0276680267306038
HadGEM3-GC3-1MM,-12.5,-12.588,13,DE,Soft wheat,gdd,0.0182122563785948
HadGEM3-GC3-1MM,-11.5,-11.5321,21,DE,Soft wheat,gdd,0.010689569182878
HadGEM3-GC3-1MM,-10.5,-10.4803,10,DE,Soft wheat,gdd,0.00656236999145227
HadGEM3-GC3-1MM,-9.5,-9.6161,7,DE,Soft wheat,gdd,-0.000691252966839633
HadGEM3-GC3-1MM,-8.5,-8.6582,7,DE,Soft wheat,gdd,-0.000778630737244275
HadGEM3-GC3-1MM,-7.5,-7.6345,8,DE,Soft wheat,gdd,-0.000919700835247549
HadGEM3-GC3-1MM,-6.5,-6.4299,4,DE,Soft wheat,gdd,-0.000420403153307821
HadGEM3-GC3-1MM,-5.5,-5.3528,4,DE,Soft wheat,gdd,-0.000438316886496708
HadGEM3-GC3-1MM,-4.5,-4.3969,4,DE,Soft wheat,gdd,-0.000415432754364264
IPSL-CM6A-LR,-9.5,-9.3401,5,DE,Soft wheat,gdd,-0.000716236684616053
IPSL-CM6A-LR,-8.5,-8.4598,8,DE,Soft wheat,gdd,0.00016614818459888
IPSL-CM6A-LR,-7.5,-7.5255,19,DE,Soft wheat,gdd,-0.000855355966078803
IPSL-CM6A-LR,-6.5,-6.5577,11,DE,Soft wheat,gdd,-0.000717073924426001
IPSL-CM6A-LR,-5.5,-5.5623,13,DE,Soft wheat,gdd,-0.000538291101431217
IPSL-CM6A-LR,-4.5,-4.3507,11,DE,Soft wheat,gdd,-0.000442583664672402
IPSL-CM6A-LR,-3.5,-3.4644,8,DE,Soft wheat,gdd,-0.000581674336682188
IPSL-CM6A-LR,-2.5,-2.5669,9,DE,Soft wheat,gdd,-0.00026551194791576
IPSL-CM6A-LR,-1.5,-1.2909,6,DE,Soft wheat,gdd,-0.000429980162457349
IPSL-CM6A-LR,-0.5,-0.6347,8,DE,Soft wheat,gdd,-6.67843777224063e-05
EC-Earth3,-9.5,-9.1554,4,DK,Soft wheat,gdd,-0.000689682416258704
EC-Earth3,-8.5,-8.4726,15,DK,Soft wheat,gdd,-0.0010798460715524
EC-Earth3,-7.5,-7.5562,20,DK,Soft wheat,gdd,-0.000843980526255668
EC-Earth3,-6.5,-6.4767,21,DK,Soft wheat,gdd,-0.000595638940685367
EC-Earth3,-5.5,-5.3342,8,DK,Soft wheat,gdd,-0.000325317839802595
EC-Earth3,-4.5,-4.5495,8,DK,Soft wheat,gdd,-0.00086347140593297
EC-Earth3,-3.5,-3.3459,9,DK,Soft wheat,gdd,-0.000450888485814813
EC-Earth3,-2.5,-2.4493,5,DK,Soft wheat,gdd,-0.000503188090929398
EC-Earth3,-1.5,-1.3807,6,DK,Soft wheat,gdd,-0.000290171985706209
EC-Earth3,-0.5,-0.6596,3,DK,Soft wheat,gdd,3.88061340766932e-05
HadGEM3-GC3-1LL,-8.5,-8.3848,12,DK,Soft wheat,gdd,-0.000936572777018142
HadGEM3-GC3-1LL,-7.5,-7.5599,19,DK,Soft wheat,gdd,-0.00078146214626244
HadGEM3-GC3-1LL,-6.5,-6.5442,24,DK,Soft wheat,gdd,-0.00072081542520971
HadGEM3-GC3-1LL,-5.5,-5.5797,10,DK,Soft wheat,gdd,-0.000592068184526625
HadGEM3-GC3-1LL,-4.5,-4.5263,6,DK,Soft wheat,gdd,-0.00041099499335443
HadGEM3-GC3-1LL,-3.5,-3.7835,7,DK,Soft wheat,gdd,-0.000899005043895152
HadGEM3-GC3-1LL,-2.5,-2.4504,6,DK,Soft wheat,gdd,-0.000382958374244097
HadGEM3-GC3-1LL,-1.5,-1.3098,8,DK,Soft wheat,gdd,2.69133238939126e-05
HadGEM3-GC3-1LL,-0.5,-0.331,6,DK,Soft wheat,gdd,-2.96782045531358e-05
HadGEM3-GC3-1MM,-14.5,-14.3032,4,DK,Soft wheat,gdd,0.0757819837273424
HadGEM3-GC3-1MM,-13.5,-13.3931,8,DK,Soft wheat,gdd,0.0843080903251002
HadGEM3-GC3-1MM,-12.5,-12.588,13,DK,Soft wheat,gdd,0.0885475633152979
HadGEM3-GC3-1MM,-11.5,-11.5321,21,DK,Soft wheat,gdd,0.0639239993279974
HadGEM3-GC3-1MM,-10.5,-10.4803,10,DK,Soft wheat,gdd,0.0427337020745836
HadGEM3-GC3-1MM,-9.5,-9.6161,7,DK,Soft wheat,gdd,0.00229677525565921
HadGEM3-GC3-1MM,-8.5,-8.6582,7,DK,Soft wheat,gdd,0.00142662621803908
HadGEM3-GC3-1MM,-7.5,-7.6345,8,DK,Soft wheat,gdd,-0.000653440113325197
HadGEM3-GC3-1MM,-6.5,-6.4299,4,DK,Soft wheat,gdd,-0.000190072213454947
HadGEM3-GC3-1MM,-5.5,-5.3528,4,DK,Soft wheat,gdd,-0.000533734149979242
HadGEM3-GC3-1MM,-4.5,-4.3969,4,DK,Soft wheat,gdd,-0.000392396744614618
IPSL-CM6A-LR,-9.5,-9.3401,5,DK,Soft wheat,gdd,0.00405565960755563
IPSL-CM6A-LR,-8.5,-8.4598,8,DK,Soft wheat,gdd,0.012871088097815
IPSL-CM6A-LR,-7.5,-7.5255,19,DK,Soft wheat,gdd,0.00131040597830992
IPSL-CM6A-LR,-6.5,-6.5577,11,DK,Soft wheat,gdd,0.00469438780989331
IPSL-CM6A-LR,-5.5,-5.5623,13,DK,Soft wheat,gdd,-0.000948444114526304
IPSL-CM6A-LR,-4.5,-4.3507,11,DK,Soft wheat,gdd,-0.000744730533394527
IPSL-CM6A-LR,-3.5,-3.4644,8,DK,Soft wheat,gdd,-0.000803503618740068
IPSL-CM6A-LR,-2.5,-2.5669,9,DK,Soft wheat,gdd,-0.000441532702411048
IPSL-CM6A-LR,-1.5,-1.2909,6,DK,Soft wheat,gdd,-0.000473723129874791
IPSL-CM6A-LR,-0.5,-0.6347,8,DK,Soft wheat,gdd,-0.000129747191538286
EC-Earth3,-9.5,-9.1554,4,EE,Soft wheat,gdd,-0.000700992075602859
EC-Earth3,-8.5,-8.4726,15,EE,Soft wheat,gdd,-0.000549469878229944
EC-Earth3,-7.5,-7.5562,20,EE,Soft wheat,gdd,-0.000614823289003388
EC-Earth3,-6.5,-6.4767,21,EE,Soft wheat,gdd,-0.000400794055415628
EC-Earth3,-5.5,-5.3342,8,EE,Soft wheat,gdd,-7.77593197006088e-05
EC-Earth3,-4.5,-4.5495,8,EE,Soft wheat,gdd,-0.000489353370388482
EC-Earth3,-3.5,-3.3459,9,EE,Soft wheat,gdd,-0.000473863829125752
EC-Earth3,-2.5,-2.4493,5,EE,Soft wheat,gdd,-0.000334754523090729
EC-Earth3,-1.5,-1.3807,6,EE,Soft wheat,gdd,2.28532721588203e-05
EC-Earth3,-0.5,-0.6596,3,EE,Soft wheat,gdd,0.000207701613288143
HadGEM3-GC3-1LL,-8.5,-8.3848,12,EE,Soft wheat,gdd,-0.000685373745850239
HadGEM3-GC3-1LL,-7.5,-7.5599,19,EE,Soft wheat,gdd,-0.00053917694008723
HadGEM3-GC3-1LL,-6.5,-6.5442,24,EE,Soft wheat,gdd,-0.000613069255378149
HadGEM3-GC3-1LL,-5.5,-5.5797,10,EE,Soft wheat,gdd,-0.000534386570666674
HadGEM3-GC3-1LL,-4.5,-4.5263,6,EE,Soft wheat,gdd,-0.000494213140453481
HadGEM3-GC3-1LL,-3.5,-3.7835,7,EE,Soft wheat,gdd,-0.000422116388490959
HadGEM3-GC3-1LL,-2.5,-2.4504,6,EE,Soft wheat,gdd,-0.000712610296986682
HadGEM3-GC3-1LL,-1.5,-1.3098,8,EE,Soft wheat,gdd,-2.35694435137529e-05
HadGEM3-GC3-1LL,-0.5,-0.331,6,EE,Soft wheat,gdd,-0.000215243659399642
HadGEM3-GC3-1MM,-14.5,-14.3032,4,EE,Soft wheat,gdd,0.0261526129782274
HadGEM3-GC3-1MM,-13.5,-13.3931,8,EE,Soft wheat,gdd,0.0469590069122752
HadGEM3-GC3-1MM,-12.5,-12.588,13,EE,Soft wheat,gdd,0.0556315569992292
HadGEM3-GC3-1MM,-11.5,-11.5321,21,EE,Soft wheat,gdd,0.0337655574197744
HadGEM3-GC3-1MM,-10.5,-10.4803,10,EE,Soft wheat,gdd,0.0395755504251669
HadGEM3-GC3-1MM,-9.5,-9.6161,7,EE,Soft wheat,gdd,0.00675853397733155
HadGEM3-GC3-1MM,-8.5,-8.6582,7,EE,Soft wheat,gdd,0.00386583638382746
HadGEM3-GC3-1MM,-7.5,-7.6345,8,EE,Soft wheat,gdd,0.00257734031807169
HadGEM3-GC3-1MM,-6.5,-6.4299,4,EE,Soft wheat,gdd,-0.000692245440700256
HadGEM3-GC3-1MM,-5.5,-5.3528,4,EE,Soft wheat,gdd,-0.000685785294748521
HadGEM3-GC3-1MM,-4.5,-4.3969,4,EE,Soft wheat,gdd,-0.000493297634708335
IPSL-CM6A-LR,-9.5,-9.3401,5,EE,Soft wheat,gdd,0.00457745395107975
IPSL-CM6A-LR,-8.5,-8.4598,8,EE,Soft wheat,gdd,0.010485277538635
IPSL-CM6A-LR,-7.5,-7.5255,19,EE,Soft wheat,gdd,0.00266663836247647
IPSL-CM6A-LR,-6.5,-6.5577,11,EE,Soft wheat,gdd,0.00393876812266773
IPSL-CM6A-LR,-5.5,-5.5623,13,EE,Soft wheat,gdd,-0.000469083981719164
IPSL-CM6A-LR,-4.5,-4.3507,11,EE,Soft wheat,gdd,-0.000576532792317016
IPSL-CM6A-LR,-3.5,-3.4644,8,EE,Soft wheat,gdd,-0.000419930879540031
IPSL-CM6A-LR,-2.5,-2.5669,9,EE,Soft wheat,gdd,-0.000462060859086091
IPSL-CM6A-LR,-1.5,-1.2909,6,EE,Soft wheat,gdd,-0.000324530094137662
IPSL-CM6A-LR,-0.5,-0.6347,8,EE,Soft wheat,gdd,-0.000204072163413232
EC-Earth3,-9.5,-9.1554,4,EL,Soft wheat,gdd,-0.000382352656020862
EC-Earth3,-8.5,-8.4726,15,EL,Soft wheat,gdd,-0.000223301747015396
EC-Earth3,-7.5,-7.5562,20,EL,Soft wheat,gdd,-0.000485417958907242
EC-Earth3,-6.5,-6.4767,21,EL,Soft wheat,gdd,-0.000416002670964561
EC-Earth3,-5.5,-5.3342,8,EL,Soft wheat,gdd,-0.000249973860706896
EC-Earth3,-4.5,-4.5495,8,EL,Soft wheat,gdd,-0.000294438113780829
EC-Earth3,-3.5,-3.3459,9,EL,Soft wheat,gdd,-0.000413295392757616
EC-Earth3,-2.5,-2.4493,5,EL,Soft wheat,gdd,-0.000414511572206578
EC-Earth3,-1.5,-1.3807,6,EL,Soft wheat,gdd,-0.000357474660890323
EC-Earth3,-0.5,-0.6596,3,EL,Soft wheat,gdd,3.97736558699015e-05
HadGEM3-GC3-1LL,-8.5,-8.3848,12,EL,Soft wheat,gdd,-0.000518701960475141
HadGEM3-GC3-1LL,-7.5,-7.5599,19,EL,Soft wheat,gdd,-0.000140384406386888
HadGEM3-GC3-1LL,-6.5,-6.5442,24,EL,Soft wheat,gdd,-0.000301984975971472
HadGEM3-GC3-1LL,-5.5,-5.5797,10,EL,Soft wheat,gdd,-0.000278187909502319
HadGEM3-GC3-1LL,-4.5,-4.5263,6,EL,Soft wheat,gdd,-0.000269146415799148
HadGEM3-GC3-1LL,-3.5,-3.7835,7,EL,Soft wheat,gdd,-0.00031312632247125
HadGEM3-GC3-1LL,-2.5,-2.4504,6,EL,Soft wheat,gdd,-0.00034236683451766
HadGEM3-GC3-1LL,-1.5,-1.3098,8,EL,Soft wheat,gdd,-0.000260142552838029
HadGEM3-GC3-1LL,-0.5,-0.331,6,EL,Soft wheat,gdd,1.86674100318524e-05
HadGEM3-GC3-1MM,-14.5,-14.3032,4,EL,Soft wheat,gdd,-0.000776986128091007
HadGEM3-GC3-1MM,-13.5,-13.3931,8,EL,Soft wheat,gdd,-0.000591352978404283
HadGEM3-GC3-1MM,-12.5,-12.588,13,EL,Soft wheat,gdd,-0.000757366638046379
HadGEM3-GC3-1MM,-11.5,-11.5321,21,EL,Soft wheat,gdd,-0.000723466864271639
HadGEM3-GC3-1MM,-10.5,-10.4803,10,EL,Soft wheat,gdd,-0.000612774099142005
HadGEM3-GC3-1MM,-9.5,-9.6161,7,EL,Soft wheat,gdd,-0.00041829428421145
HadGEM3-GC3-1MM,-8.5,-8.6582,7,EL,Soft wheat,gdd,-0.000325172077345418
HadGEM3-GC3-1MM,-7.5,-7.6345,8,EL,Soft wheat,gdd,-0.000387923694846448
HadGEM3-GC3-1MM,-6.5,-6.4299,4,EL,Soft wheat,gdd,-0.000605771073195363
HadGEM3-GC3-1MM,-5.5,-5.3528,4,EL,Soft wheat,gdd,-0.000105483976074912
HadGEM3-GC3-1MM,-4.5,-4.3969,4,EL,Soft wheat,gdd,-0.000414224523712245
IPSL-CM6A-LR,-9.5,-9.3401,5,EL,Soft wheat,gdd,-0.000498033871001304
IPSL-CM6A-LR,-8.5,-8.4598,8,EL,Soft wheat,gdd,-0.000600781984312859
IPSL-CM6A-LR,-7.5,-7.5255,19,EL,Soft wheat,gdd,-0.000322010846750825
IPSL-CM6A-LR,-6.5,-6.5577,11,EL,Soft wheat,gdd,-0.000361289275310016
IPSL-CM6A-LR,-5.5,-5.5623,13,EL,Soft wheat,gdd,-0.000359629005194429
IPSL-CM6A-LR,-4.5,-4.3507,11,EL,Soft wheat,gdd,-0.000284299611876032
IPSL-CM6A-LR,-3.5,-3.4644,8,EL,Soft wheat,gdd,-0.00029235968271459
IPSL-CM6A-LR,-2.5,-2.5669,9,EL,Soft wheat,gdd,-0.000243622429722997
IPSL-CM6A-LR,-1.5,-1.2909,6,EL,Soft wheat,gdd,-0.000290146780383702
IPSL-CM6A-LR,-0.5,-0.6347,8,EL,Soft wheat,gdd,-2.26302645085935e-05
EC-Earth3,-9.5,-9.1554,4,ES,Soft wheat,gdd,-0.000386995917885736
EC-Earth3,-8.5,-8.4726,15,ES,Soft wheat,gdd,-0.000462476411851691
EC-Earth3,-7.5,-7.5562,20,ES,Soft wheat,gdd,-0.000359137413914084
EC-Earth3,-6.5,-6.4767,21,ES,Soft wheat,gdd,-0.000162240242054723
EC-Earth3,-5.5,-5.3342,8,ES,Soft wheat,gdd,-0.00051389593136955
EC-Earth3,-4.5,-4.5495,8,ES,Soft wheat,gdd,-0.000410746832400358
EC-Earth3,-3.5,-3.3459,9,ES,Soft wheat,gdd,-0.000310902819251097
EC-Earth3,-2.5,-2.4493,5,ES,Soft wheat,gdd,-0.000326422509578169
EC-Earth3,-1.5,-1.3807,6,ES,Soft wheat,gdd,-0.0002540821974578
EC-Earth3,-0.5,-0.6596,3,ES,Soft wheat,gdd,5.50960656246682e-05
HadGEM3-GC3-1LL,-8.5,-8.3848,12,ES,Soft wheat,gdd,-0.000353401685071643
HadGEM3-GC3-1LL,-7.5,-7.5599,19,ES,Soft wheat,gdd,-0.00034487881306688
HadGEM3-GC3-1LL,-6.5,-6.5442,24,ES,Soft wheat,gdd,-0.00015896222447503
HadGEM3-GC3-1LL,-5.5,-5.5797,10,ES,Soft wheat,gdd,-0.000285896092569431
HadGEM3-GC3-1LL,-4.5,-4.5263,6,ES,Soft wheat,gdd,-0.000258135889585195
HadGEM3-GC3-1LL,-3.5,-3.7835,7,ES,Soft wheat,gdd,-0.00046129791828641
HadGEM3-GC3-1LL,-2.5,-2.4504,6,ES,Soft wheat,gdd,-0.000129829233202978
HadGEM3-GC3-1LL,-1.5,-1.3098,8,ES,Soft wheat,gdd,-7.47215291877137e-05
HadGEM3-GC3-1LL,-0.5,-0.331,6,ES,Soft wheat,gdd,-4.69000642163416e-05
HadGEM3-GC3-1MM,-14.5,-14.3032,4,ES,Soft wheat,gdd,-8.44208603112116e-05
HadGEM3-GC3-1MM,-13.5,-13.3931,8,ES,Soft wheat,gdd,0.000214873365235613
HadGEM3-GC3-1MM,-12.5,-12.588,13,ES,Soft wheat,gdd,-0.000778266702221446
HadGEM3-GC3-1MM,-11.5,-11.5321,21,ES,Soft wheat,gdd,-0.000862002958038418
HadGEM3-GC3-1MM,-10.5,-10.4803,10,ES,Soft wheat,gdd,-0.000527787099149369
HadGEM3-GC3-1MM,-9.5,-9.6161,7,ES,Soft wheat,gdd,-0.000475310735802307
HadGEM3-GC3-1MM,-8.5,-8.6582,7,ES,Soft wheat,gdd,-0.000701861173211538
HadGEM3-GC3-1MM,-7.5,-7.6345,8,ES,Soft wheat,gdd,-0.000480769252271411
HadGEM3-GC3-1MM,-6.5,-6.4299,4,ES,Soft wheat,gdd,-0.000286189764482924
HadGEM3-GC3-1MM,-5.5,-5.3528,4,ES,Soft wheat,gdd,-0.000204903194309024
HadGEM3-GC3-1MM,-4.5,-4.3969,4,ES,Soft wheat,gdd,-0.000281482030377343
IPSL-CM6A-LR,-9.5,-9.3401,5,ES,Soft wheat,gdd,-0.000569370406332808
IPSL-CM6A-LR,-8.5,-8.4598,8,ES,Soft wheat,gdd,-0.000501149029965163
IPSL-CM6A-LR,-7.5,-7.5255,19,ES,Soft wheat,gdd,-0.000362931611972789
IPSL-CM6A-LR,-6.5,-6.5577,11,ES,Soft wheat,gdd,-0.000418741949532775
IPSL-CM6A-LR,-5.5,-5.5623,13,ES,Soft wheat,gdd,-0.000310557222659311
IPSL-CM6A-LR,-4.5,-4.3507,11,ES,Soft wheat,gdd,-0.000138026050778738
IPSL-CM6A-LR,-3.5,-3.4644,8,ES,Soft wheat,gdd,-0.000213520504017704
IPSL-CM6A-LR,-2.5,-2.5669,9,ES,Soft wheat,gdd,-0.00030514969869708
IPSL-CM6A-LR,-1.5,-1.2909,6,ES,Soft wheat,gdd,-0.000249038207747667
IPSL-CM6A-LR,-0.5,-0.6347,8,ES,Soft wheat,gdd,1.19528383250685e-05
EC-Earth3,-9.5,-9.1554,4,FI,Soft wheat,gdd,-0.000390498472155033
EC-Earth3,-8.5,-8.4726,15,FI,Soft wheat,gdd,-0.000468657211517672
EC-Earth3,-7.5,-7.5562,20,FI,Soft wheat,gdd,-0.0004411646991123
EC-Earth3,-6.5,-6.4767,21,FI,Soft wheat,gdd,-0.000148232823957217
EC-Earth3,-5.5,-5.3342,8,FI,Soft wheat,gdd,0.000151696485461235
EC-Earth3,-4.5,-4.5495,8,FI,Soft wheat,gdd,-0.000193248955848948
EC-Earth3,-3.5,-3.3459,9,FI,Soft wheat,gdd,-0.000122458836457396
EC-Earth3,-2.5,-2.4493,5,FI,Soft wheat,gdd,-0.000167595220757106
EC-Earth3,-1.5,-1.3807,6,FI,Soft wheat,gdd,0.000222827506853481
EC-Earth3,-0.5,-0.6596,3,FI,Soft wheat,gdd,0.000212068747427373
HadGEM3-GC3-1LL,-8.5,-8.3848,12,FI,Soft wheat,gdd,-0.000300112512971962
HadGEM3-GC3-1LL,-7.5,-7.5599,19,FI,Soft wheat,gdd,-0.00025009408951677
HadGEM3-GC3-1LL,-6.5,-6.5442,24,FI,Soft wheat,gdd,-0.000247001716876765
HadGEM3-GC3-1LL,-5.5,-5.5797,10,FI,Soft wheat,gdd,2.63380321952592e-05
HadGEM3-GC3-1LL,-4.5,-4.5263,6,FI,Soft wheat,gdd,4.39480546891544e-05
HadGEM3-GC3-1LL,-3.5,-3.7835,7,FI,Soft wheat,gdd,-0.000242992036655344
HadGEM3-GC3-1LL,-2.5,-2.4504,6,FI,Soft wheat,gdd,-0.000200925642815538
HadGEM3-GC3-1LL,-1.5,-1.3098,8,FI,Soft wheat,gdd,0.000129499206984945
HadGEM3-GC3-1LL,-0.5,-0.331,6,FI,Soft wheat,gdd,0.000202443162159671
HadGEM3-GC3-1MM,-14.5,-14.3032,4,FI,Soft wheat,gdd,0.0547978963249673
HadGEM3-GC3-1MM,-13.5,-13.3931,8,FI,Soft wheat,gdd,0.067238368221925
HadGEM3-GC3-1MM,-12.5,-12.588,13,FI,Soft wheat,gdd,0.0750125315231451
HadGEM3-GC3-1MM,-11.5,-11.5321,21,FI,Soft wheat,gdd,0.0619330606024159
HadGEM3-GC3-1MM,-10.5,-10.4803,10,FI,Soft wheat,gdd,0.0586019082530021
HadGEM3-GC3-1MM,-9.5,-9.6161,7,FI,Soft wheat,gdd,0.0179717310917097
HadGEM3-GC3-1MM,-8.5,-8.6582,7,FI,Soft wheat,gdd,0.0147630605521682
HadGEM3-GC3-1MM,-7.5,-7.6345,8,FI,Soft wheat,gdd,0.00781686379912287
HadGEM3-GC3-1MM,-6.5,-6.4299,4,FI,Soft wheat,gdd,-0.000494506107721599
HadGEM3-GC3-1MM,-5.5,-5.3528,4,FI,Soft wheat,gdd,-0.000452642825625463
HadGEM3-GC3-1MM,-4.5,-4.3969,4,FI,Soft wheat,gdd,-7.04293569562945e-05
IPSL-CM6A-LR,-9.5,-9.3401,5,FI,Soft wheat,gdd,0.00648147369480662
IPSL-CM6A-LR,-8.5,-8.4598,8,FI,Soft wheat,gdd,0.0176931282510018
IPSL-CM6A-LR,-7.5,-7.5255,19,FI,Soft wheat,gdd,0.00760665541214481
IPSL-CM6A-LR,-6.5,-6.5577,11,FI,Soft wheat,gdd,0.00706287134563395
IPSL-CM6A-LR,-5.5,-5.5623,13,FI,Soft wheat,gdd,-0.000277770877663253
IPSL-CM6A-LR,-4.5,-4.3507,11,FI,Soft wheat,gdd,-0.000301042560845168
IPSL-CM6A-LR,-3.5,-3.4644,8,FI,Soft wheat,gdd,-0.000260759071110204
IPSL-CM6A-LR,-2.5,-2.5669,9,FI,Soft wheat,gdd,-0.000120486530745231
IPSL-CM6A-LR,-1.5,-1.2909,6,FI,Soft wheat,gdd,-2.5805265982291e-05
IPSL-CM6A-LR,-0.5,-0.6347,8,FI,Soft wheat,gdd,3.85995469162147e-05
EC-Earth3,-9.5,-9.1554,4,FR,Soft wheat,gdd,-0.000539543751575288
EC-Earth3,-8.5,-8.4726,15,FR,Soft wheat,gdd,-0.00101428357909789
EC-Earth3,-7.5,-7.5562,20,FR,Soft wheat,gdd,-0.000563734579424598
EC-Earth3,-6.5,-6.4767,21,FR,Soft wheat,gdd,-0.000473808730448107
EC-Earth3,-5.5,-5.3342,8,FR,Soft wheat,gdd,-0.000479338784928591
EC-Earth3,-4.5,-4.5495,8,FR,Soft wheat,gdd,-0.000511920357128538
EC-Earth3,-3.5,-3.3459,9,FR,Soft wheat,gdd,-0.000264142231808402
EC-Earth3,-2.5,-2.4493,5,FR,Soft wheat,gdd,-0.000414035601038461
EC-Earth3,-1.5,-1.3807,6,FR,Soft wheat,gdd,-0.000269341250839848
EC-Earth3,-0.5,-0.6596,3,FR,Soft wheat,gdd,-0.000111152501897815
HadGEM3-GC3-1LL,-8.5,-8.3848,12,FR,Soft wheat,gdd,-0.000655608599315491
HadGEM3-GC3-1LL,-7.5,-7.5599,19,FR,Soft wheat,gdd,-0.00060662896175583
HadGEM3-GC3-1LL,-6.5,-6.5442,24,FR,Soft wheat,gdd,-0.000449857657637574
HadGEM3-GC3-1LL,-5.5,-5.5797,10,FR,Soft wheat,gdd,-0.000432375018265905
HadGEM3-GC3-1LL,-4.5,-4.5263,6,FR,Soft wheat,gdd,-0.000374196515275416
HadGEM3-GC3-1LL,-3.5,-3.7835,7,FR,Soft wheat,gdd,-0.000553669367309918
HadGEM3-GC3-1LL,-2.5,-2.4504,6,FR,Soft wheat,gdd,-0.000125125037115769
HadGEM3-GC3-1LL,-1.5,-1.3098,8,FR,Soft wheat,gdd,-0.000139414676191522
HadGEM3-GC3-1LL,-0.5,-0.331,6,FR,Soft wheat,gdd,-0.0001933022296703
HadGEM3-GC3-1MM,-14.5,-14.3032,4,FR,Soft wheat,gdd,0.0313823204000004
HadGEM3-GC3-1MM,-13.5,-13.3931,8,FR,Soft wheat,gdd,0.029803024606695
HadGEM3-GC3-1MM,-12.5,-12.588,13,FR,Soft wheat,gdd,0.0135985257423075
HadGEM3-GC3-1MM,-11.5,-11.5321,21,FR,Soft wheat,gdd,0.0105112016065067
HadGEM3-GC3-1MM,-10.5,-10.4803,10,FR,Soft wheat,gdd,7.24737362193833e-05
HadGEM3-GC3-1MM,-9.5,-9.6161,7,FR,Soft wheat,gdd,-0.000820756536768028
HadGEM3-GC3-1MM,-8.5,-8.6582,7,FR,Soft wheat,gdd,-0.000793428979245263
HadGEM3-GC3-1MM,-7.5,-7.6345,8,FR,Soft wheat,gdd,-0.000832802872598454
HadGEM3-GC3-1MM,-6.5,-6.4299,4,FR,Soft wheat,gdd,-0.000403324413469806
HadGEM3-GC3-1MM,-5.5,-5.3528,4,FR,Soft wheat,gdd,-0.000243249365335023
HadGEM3-GC3-1MM,-4.5,-4.3969,4,FR,Soft wheat,gdd,-0.00019868304155772
IPSL-CM6A-LR,-9.5,-9.3401,5,FR,Soft wheat,gdd,-0.000958648222682917
IPSL-CM6A-LR,-8.5,-8.4598,8,FR,Soft wheat,gdd,-0.000132701583073398
IPSL-CM6A-LR,-7.5,-7.5255,19,FR,Soft wheat,gdd,-0.000732400355861096
IPSL-CM6A-LR,-6.5,-6.5577,11,FR,Soft wheat,gdd,-0.000922392287153438
IPSL-CM6A-LR,-5.5,-5.5623,13,FR,Soft wheat,gdd,-0.000385597619366362
IPSL-CM6A-LR,-4.5,-4.3507,11,FR,Soft wheat,gdd,-0.000334383735203083
IPSL-CM6A-LR,-3.5,-3.4644,8,FR,Soft wheat,gdd,-0.000490299541899456
IPSL-CM6A-LR,-2.5,-2.5669,9,FR,Soft wheat,gdd,-0.000239543275552648
IPSL-CM6A-LR,-1.5,-1.2909,6,FR,Soft wheat,gdd,-0.00017643344769004
IPSL-CM6A-LR,-0.5,-0.6347,8,FR,Soft wheat,gdd,-0.000132737370635791
EC-Earth3,-9.5,-9.1554,4,HU,Soft wheat,gdd,-0.000539222097116625
EC-Earth3,-8.5,-8.4726,15,HU,Soft wheat,gdd,-0.000550158256499489
EC-Earth3,-7.5,-7.5562,20,HU,Soft wheat,gdd,-0.000563647259784364
EC-Earth3,-6.5,-6.4767,21,HU,Soft wheat,gdd,-0.000331159065816502
EC-Earth3,-5.5,-5.3342,8,HU,Soft wheat,gdd,1.40372584998221e-05
EC-Earth3,-4.5,-4.5495,8,HU,Soft wheat,gdd,-0.000156436108246683
EC-Earth3,-3.5,-3.3459,9,HU,Soft wheat,gdd,-0.000174517118961893
EC-Earth3,-2.5,-2.4493,5,HU,Soft wheat,gdd,-0.000206595851321042
EC-Earth3,-1.5,-1.3807,6,HU,Soft wheat,gdd,-0.000280734737404869
EC-Earth3,-0.5,-0.6596,3,HU,Soft wheat,gdd,0.000422362778276047
HadGEM3-GC3-1LL,-8.5,-8.3848,12,HU,Soft wheat,gdd,-0.000516072450658772
HadGEM3-GC3-1LL,-7.5,-7.5599,19,HU,Soft wheat,gdd,-0.000255131540455291
HadGEM3-GC3-1LL,-6.5,-6.5442,24,HU,Soft wheat,gdd,-0.000427889005581496
HadGEM3-GC3-1LL,-5.5,-5.5797,10,HU,Soft wheat,gdd,-0.000242288558060792
HadGEM3-GC3-1LL,-4.5,-4.5263,6,HU,Soft wheat,gdd,-0.000320629620186571
HadGEM3-GC3-1LL,-3.5,-3.7835,7,HU,Soft wheat,gdd,-0.000341855074036495
HadGEM3-GC3-1LL,-2.5,-2.4504,6,HU,Soft wheat,gdd,-9.76831580342949e-05
HadGEM3-GC3-1LL,-1.5,-1.3098,8,HU,Soft wheat,gdd,-0.000156241586995673
HadGEM3-GC3-1LL,-0.5,-0.331,6,HU,Soft wheat,gdd,-0.000325914397374069
HadGEM3-GC3-1MM,-14.5,-14.3032,4,HU,Soft wheat,gdd,-0.000623984150684032
HadGEM3-GC3-1MM,-13.5,-13.3931,8,HU,Soft wheat,gdd,-0.000542331742678766
HadGEM3-GC3-1MM,-12.5,-12.588,13,HU,Soft wheat,gdd,-0.000905520510376495
HadGEM3-GC3-1MM,-11.5,-11.5321,21,HU,Soft wheat,gdd,-0.000491588967399735
HadGEM3-GC3-1MM,-10.5,-10.4803,10,HU,Soft wheat,gdd,-0.000928483728755286
HadGEM3-GC3-1MM,-9.5,-9.6161,7,HU,Soft wheat,gdd,-0.000212863590675003
HadGEM3-GC3-1MM,-8.5,-8.6582,7,HU,Soft wheat,gdd,-0.00038091901263329
HadGEM3-GC3-1MM,-7.5,-7.6345,8,HU,Soft wheat,gdd,-0.00053659248522208
HadGEM3-GC3-1MM,-6.5,-6.4299,4,HU,Soft wheat,gdd,-0.000211377178515081
HadGEM3-GC3-1MM,-5.5,-5.3528,4,HU,Soft wheat,gdd,-0.000226881019163596
HadGEM3-GC3-1MM,-4.5,-4.3969,4,HU,Soft wheat,gdd,-0.000210777545141937
IPSL-CM6A-LR,-9.5,-9.3401,5,HU,Soft wheat,gdd,-0.000435442595094682
IPSL-CM6A-LR,-8.5,-8.4598,8,HU,Soft wheat,gdd,-0.000424653634640931
IPSL-CM6A-LR,-7.5,-7.5255,19,HU,Soft wheat,gdd,-0.000410448746649046
IPSL-CM6A-LR,-6.5,-6.5577,11,HU,Soft wheat,gdd,-0.00037826772096427
IPSL-CM6A-LR,-5.5,-5.5623,13,HU,Soft wheat,gdd,-0.000107143830452716
IPSL-CM6A-LR,-4.5,-4.3507,11,HU,Soft wheat,gdd,-2.25462205629538e-05
IPSL-CM6A-LR,-3.5,-3.4644,8,HU,Soft wheat,gdd,-0.00011239435848452
IPSL-CM6A-LR,-2.5,-2.5669,9,HU,Soft wheat,gdd,-6.86904185167911e-05
IPSL-CM6A-LR,-1.5,-1.2909,6,HU,Soft wheat,gdd,-0.000100694688838387
IPSL-CM6A-LR,-0.5,-0.6347,8,HU,Soft wheat,gdd,-5.25229914558915e-06
EC-Earth3,-9.5,-9.1554,4,IT,Soft wheat,gdd,-0.00048788101151591
EC-Earth3,-8.5,-8.4726,15,IT,Soft wheat,gdd,-0.000461910719845433
EC-Earth3,-7.5,-7.5562,20,IT,Soft wheat,gdd,-0.000426378398561352
EC-Earth3,-6.5,-6.4767,21,IT,Soft wheat,gdd,-0.00048116564706569
EC-Earth3,-5.5,-5.3342,8,IT,Soft wheat,gdd,-0.0003224386714403
EC-Earth3,-4.5,-4.5495,8,IT,Soft wheat,gdd,-0.000352776288951891
EC-Earth3,-3.5,-3.3459,9,IT,Soft wheat,gdd,-0.000299825843939564
EC-Earth3,-2.5,-2.4493,5,IT,Soft wheat,gdd,-0.000203551220609282
EC-Earth3,-1.5,-1.3807,6,IT,Soft wheat,gdd,-0.000294491481561217
EC-Earth3,-0.5,-0.6596,3,IT,Soft wheat,gdd,0.00020038025257328
HadGEM3-GC3-1LL,-8.5,-8.3848,12,IT,Soft wheat,gdd,-0.000612220747035864
HadGEM3-GC3-1LL,-7.5,-7.5599,19,IT,Soft wheat,gdd,-0.000448843875062253
HadGEM3-GC3-1LL,-6.5,-6.5442,24,IT,Soft wheat,gdd,-0.0004676409968503
HadGEM3-GC3-1LL,-5.5,-5.5797,10,IT,Soft wheat,gdd,-0.000245896220001454
HadGEM3-GC3-1LL,-4.5,-4.5263,6,IT,Soft wheat,gdd,-0.000425968546638325
HadGEM3-GC3-1LL,-3.5,-3.7835,7,IT,Soft wheat,gdd,-0.000470346218799576
HadGEM3-GC3-1LL,-2.5,-2.4504,6,IT,Soft wheat,gdd,-0.000213079414464257
HadGEM3-GC3-1LL,-1.5,-1.3098,8,IT,Soft wheat,gdd,-4.97430980718615e-05
HadGEM3-GC3-1LL,-0.5,-0.331,6,IT,Soft wheat,gdd,-0.000128860839603274
HadGEM3-GC3-1MM,-14.5,-14.3032,4,IT,Soft wheat,gdd,-0.000829340169443873
HadGEM3-GC3-1MM,-13.5,-13.3931,8,IT,Soft wheat,gdd,-0.000923139076649112
HadGEM3-GC3-1MM,-12.5,-12.588,13,IT,Soft wheat,gdd,-0.000791736254170658
HadGEM3-GC3-1MM,-11.5,-11.5321,21,IT,Soft wheat,gdd,-0.000814570567256248
HadGEM3-GC3-1MM,-10.5,-10.4803,10,IT,Soft wheat,gdd,-0.000828195309533267
HadGEM3-GC3-1MM,-9.5,-9.6161,7,IT,Soft wheat,gdd,-0.000496587630236929
HadGEM3-GC3-1MM,-8.5,-8.6582,7,IT,Soft wheat,gdd,-0.000487537705356526
HadGEM3-GC3-1MM,-7.5,-7.6345,8,IT,Soft wheat,gdd,-0.000475292487633205
HadGEM3-GC3-1MM,-6.5,-6.4299,4,IT,Soft wheat,gdd,-0.000407633414243322
HadGEM3-GC3-1MM,-5.5,-5.3528,4,IT,Soft wheat,gdd,-0.000285053914736469
HadGEM3-GC3-1MM,-4.5,-4.3969,4,IT,Soft wheat,gdd,-0.000301683176927547
IPSL-CM6A-LR,-9.5,-9.3401,5,IT,Soft wheat,gdd,-0.000591709907815013
IPSL-CM6A-LR,-8.5,-8.4598,8,IT,Soft wheat,gdd,-0.00068291347001886
IPSL-CM6A-LR,-7.5,-7.5255,19,IT,Soft wheat,gdd,-0.000418438998566511
IPSL-CM6A-LR,-6.5,-6.5577,11,IT,Soft wheat,gdd,-0.000586597113918239
IPSL-CM6A-LR,-5.5,-5.5623,13,IT,Soft wheat,gdd,-0.000321354303029398
IPSL-CM6A-LR,-4.5,-4.3507,11,IT,Soft wheat,gdd,-0.000119191605537306
IPSL-CM6A-LR,-3.5,-3.4644,8,IT,Soft wheat,gdd,-0.000246920200247248
IPSL-CM6A-LR,-2.5,-2.5669,9,IT,Soft wheat,gdd,-0.000251354519761081
IPSL-CM6A-LR,-1.5,-1.2909,6,IT,Soft wheat,gdd,-0.000253708281128875
IPSL-CM6A-LR,-0.5,-0.6347,8,IT,Soft wheat,gdd,1.01382742036334e-05
EC-Earth3,-9.5,-9.1554,4,LT,Soft wheat,gdd,-0.000913632934961907
EC-Earth3,-8.5,-8.4726,15,LT,Soft wheat,gdd,-0.000631865374176134
EC-Earth3,-7.5,-7.5562,20,LT,Soft wheat,gdd,-0.00067089525592948
EC-Earth3,-6.5,-6.4767,21,LT,Soft wheat,gdd,-0.00044681037407873
EC-Earth3,-5.5,-5.3342,8,LT,Soft wheat,gdd,-0.00026660990351365
EC-Earth3,-4.5,-4.5495,8,LT,Soft wheat,gdd,-0.000545198302241688
EC-Earth3,-3.5,-3.3459,9,LT,Soft wheat,gdd,-0.000437414769256386
EC-Earth3,-2.5,-2.4493,5,LT,Soft wheat,gdd,-0.000664913943789918
EC-Earth3,-1.5,-1.3807,6,LT,Soft wheat,gdd,-0.000292751059942277
EC-Earth3,-0.5,-0.6596,3,LT,Soft wheat,gdd,0.000206714571369548
HadGEM3-GC3-1LL,-8.5,-8.3848,12,LT,Soft wheat,gdd,-0.000814210434278083
HadGEM3-GC3-1LL,-7.5,-7.5599,19,LT,Soft wheat,gdd,-0.0005650914198679
HadGEM3-GC3-1LL,-6.5,-6.5442,24,LT,Soft wheat,gdd,-0.000631839624949248
HadGEM3-GC3-1LL,-5.5,-5.5797,10,LT,Soft wheat,gdd,-0.000400826865442321
HadGEM3-GC3-1LL,-4.5,-4.5263,6,LT,Soft wheat,gdd,-0.000610042678415741
HadGEM3-GC3-1LL,-3.5,-3.7835,7,LT,Soft wheat,gdd,-0.000782214937066069
HadGEM3-GC3-1LL,-2.5,-2.4504,6,LT,Soft wheat,gdd,-0.00075643685265725
HadGEM3-GC3-1LL,-1.5,-1.3098,8,LT,Soft wheat,gdd,-0.000220581962552915
HadGEM3-GC3-1LL,-0.5,-0.331,6,LT,Soft wheat,gdd,-0.000335282938587473
HadGEM3-GC3-1MM,-14.5,-14.3032,4,LT,Soft wheat,gdd,0.00571151462365759
HadGEM3-GC3-1MM,-13.5,-13.3931,8,LT,Soft wheat,gdd,0.0228173635863993
HadGEM3-GC3-1MM,-12.5,-12.588,13,LT,Soft wheat,gdd,0.0310849772181415
HadGEM3-GC3-1MM,-11.5,-11.5321,21,LT,Soft wheat,gdd,0.0108509052801264
HadGEM3-GC3-1MM,-10.5,-10.4803,10,LT,Soft wheat,gdd,0.0219925099059586
HadGEM3-GC3-1MM,-9.5,-9.6161,7,LT,Soft wheat,gdd,-0.000336326703610406
HadGEM3-GC3-1MM,-8.5,-8.6582,7,LT,Soft wheat,gdd,-0.000614676148668362
HadGEM3-GC3-1MM,-7.5,-7.6345,8,LT,Soft wheat,gdd,-0.00073770305942816
HadGEM3-GC3-1MM,-6.5,-6.4299,4,LT,Soft wheat,gdd,-0.000635239066334358
HadGEM3-GC3-1MM,-5.5,-5.3528,4,LT,Soft wheat,gdd,-0.000604841827308019
HadGEM3-GC3-1MM,-4.5,-4.3969,4,LT,Soft wheat,gdd,-0.000586451781614584
IPSL-CM6A-LR,-9.5,-9.3401,5,LT,Soft wheat,gdd,-0.000621574520532186
IPSL-CM6A-LR,-8.5,-8.4598,8,LT,Soft wheat,gdd,0.000429710713347721
IPSL-CM6A-LR,-7.5,-7.5255,19,LT,Soft wheat,gdd,-0.000968734183970558
IPSL-CM6A-LR,-6.5,-6.5577,11,LT,Soft wheat,gdd,-0.00102257607701296
IPSL-CM6A-LR,-5.5,-5.5623,13,LT,Soft wheat,gdd,-0.000836417465979442
IPSL-CM6A-LR,-4.5,-4.3507,11,LT,Soft wheat,gdd,-0.000564880041414491
IPSL-CM6A-LR,-3.5,-3.4644,8,LT,Soft wheat,gdd,-0.00068587862218848
IPSL-CM6A-LR,-2.5,-2.5669,9,LT,Soft wheat,gdd,-0.00059173829659717
IPSL-CM6A-LR,-1.5,-1.2909,6,LT,Soft wheat,gdd,-0.000695402783579591
IPSL-CM6A-LR,-0.5,-0.6347,8,LT,Soft wheat,gdd,-0.000317205793727654
EC-Earth3,-9.5,-9.1554,4,LV,Soft wheat,gdd,-0.000945536809258652
EC-Earth3,-8.5,-8.4726,15,LV,Soft wheat,gdd,-0.000552910377674131
EC-Earth3,-7.5,-7.5562,20,LV,Soft wheat,gdd,-0.000660269621991399
EC-Earth3,-6.5,-6.4767,21,LV,Soft wheat,gdd,-0.000630871791687139
EC-Earth3,-5.5,-5.3342,8,LV,Soft wheat,gdd,-0.000502128330276601
EC-Earth3,-4.5,-4.5495,8,LV,Soft wheat,gdd,-0.000563025293512271
EC-Earth3,-3.5,-3.3459,9,LV,Soft wheat,gdd,-0.000496053607364373
EC-Earth3,-2.5,-2.4493,5,LV,Soft wheat,gdd,-0.000675777241432072
EC-Earth3,-1.5,-1.3807,6,LV,Soft wheat,gdd,0.000100484094952069
EC-Earth3,-0.5,-0.6596,3,LV,Soft wheat,gdd,0.000394791917049025
HadGEM3-GC3-1LL,-8.5,-8.3848,12,LV,Soft wheat,gdd,-0.000565255813377245
HadGEM3-GC3-1LL,-7.5,-7.5599,19,LV,Soft wheat,gdd,-0.000678452557214632
HadGEM3-GC3-1LL,-6.5,-6.5442,24,LV,Soft wheat,gdd,-0.000754402263567851
HadGEM3-GC3-1LL,-5.5,-5.5797,10,LV,Soft wheat,gdd,-0.000450962277986814
HadGEM3-GC3-1LL,-4.5,-4.5263,6,LV,Soft wheat,gdd,-0.000655211772446666
HadGEM3-GC3-1LL,-3.5,-3.7835,7,LV,Soft wheat,gdd,-0.000386118463901999
HadGEM3-GC3-1LL,-2.5,-2.4504,6,LV,Soft wheat,gdd,-0.000470847368399876
HadGEM3-GC3-1LL,-1.5,-1.3098,8,LV,Soft wheat,gdd,-9.21513888377343e-05
HadGEM3-GC3-1LL,-0.5,-0.331,6,LV,Soft wheat,gdd,-0.000179589941018956
HadGEM3-GC3-1MM,-14.5,-14.3032,4,LV,Soft wheat,gdd,0.0151260382081343
HadGEM3-GC3-1MM,-13.5,-13.3931,8,LV,Soft wheat,gdd,0.0366177750226212
HadGEM3-GC3-1MM,-12.5,-12.588,13,LV,Soft wheat,gdd,0.046660104879546
HadGEM3-GC3-1MM,-11.5,-11.5321,21,LV,Soft wheat,gdd,0.0213852838856613
HadGEM3-GC3-1MM,-10.5,-10.4803,10,LV,Soft wheat,gdd,0.0312046994818878
HadGEM3-GC3-1MM,-9.5,-9.6161,7,LV,Soft wheat,gdd,0.0011236349543805
HadGEM3-GC3-1MM,-8.5,-8.6582,7,LV,Soft wheat,gdd,6.07723414489027e-05
HadGEM3-GC3-1MM,-7.5,-7.6345,8,LV,Soft wheat,gdd,7.41748582903085e-05
HadGEM3-GC3-1MM,-6.5,-6.4299,4,LV,Soft wheat,gdd,-0.000982165617431534
HadGEM3-GC3-1MM,-5.5,-5.3528,4,LV,Soft wheat,gdd,-0.000868602701476282
HadGEM3-GC3-1MM,-4.5,-4.3969,4,LV,Soft wheat,gdd,-0.000379018512203867
IPSL-CM6A-LR,-9.5,-9.3401,5,LV,Soft wheat,gdd,0.000551196339731103
IPSL-CM6A-LR,-8.5,-8.4598,8,LV,Soft wheat,gdd,0.0028196584873158
IPSL-CM6A-LR,-7.5,-7.5255,19,LV,Soft wheat,gdd,-0.000588842645793681
IPSL-CM6A-LR,-6.5,-6.5577,11,LV,Soft wheat,gdd,-4.32980404313714e-05
IPSL-CM6A-LR,-5.5,-5.5623,13,LV,Soft wheat,gdd,-0.000666710031785387
IPSL-CM6A-LR,-4.5,-4.3507,11,LV,Soft wheat,gdd,-0.000572265451319051
IPSL-CM6A-LR,-3.5,-3.4644,8,LV,Soft wheat,gdd,-0.000434903471352367
IPSL-CM6A-LR,-2.5,-2.5669,9,LV,Soft wheat,gdd,-0.000573550803059226
IPSL-CM6A-LR,-1.5,-1.2909,6,LV,Soft wheat,gdd,-0.000616260645887596
IPSL-CM6A-LR,-0.5,-0.6347,8,LV,Soft wheat,gdd,-0.000446477204314481
EC-Earth3,-9.5,-9.1554,4,RO,Soft wheat,gdd,-0.000428192614623187
EC-Earth3,-8.5,-8.4726,15,RO,Soft wheat,gdd,-0.000345986897498639
EC-Earth3,-7.5,-7.5562,20,RO,Soft wheat,gdd,-0.000343178400471491
EC-Earth3,-6.5,-6.4767,21,RO,Soft wheat,gdd,-0.000332834507202728
EC-Earth3,-5.5,-5.3342,8,RO,Soft wheat,gdd,-8.20207869222928e-05
EC-Earth3,-4.5,-4.5495,8,RO,Soft wheat,gdd,-0.000235605474142601
EC-Earth3,-3.5,-3.3459,9,RO,Soft wheat,gdd,-0.000246333151988373
EC-Earth3,-2.5,-2.4493,5,RO,Soft wheat,gdd,-0.000227247620766095
EC-Earth3,-1.5,-1.3807,6,RO,Soft wheat,gdd,-0.000324437205155789
EC-Earth3,-0.5,-0.6596,3,RO,Soft wheat,gdd,0.000292266406098654
HadGEM3-GC3-1LL,-8.5,-8.3848,12,RO,Soft wheat,gdd,-0.000328202189533932
HadGEM3-GC3-1LL,-7.5,-7.5599,19,RO,Soft wheat,gdd,-0.000296754265503081
HadGEM3-GC3-1LL,-6.5,-6.5442,24,RO,Soft wheat,gdd,-0.000324281471242977
HadGEM3-GC3-1LL,-5.5,-5.5797,10,RO,Soft wheat,gdd,-0.000106206811783181
HadGEM3-GC3-1LL,-4.5,-4.5263,6,RO,Soft wheat,gdd,-0.000323878475018425
HadGEM3-GC3-1LL,-3.5,-3.7835,7,RO,Soft wheat,gdd,-0.000450094713549125
HadGEM3-GC3-1LL,-2.5,-2.4504,6,RO,Soft wheat,gdd,-0.000384329332222516
HadGEM3-GC3-1LL,-1.5,-1.3098,8,RO,Soft wheat,gdd,-0.000148957081290426
HadGEM3-GC3-1LL,-0.5,-0.331,6,RO,Soft wheat,gdd,-5.88668192091864e-05
HadGEM3-GC3-1MM,-14.5,-14.3032,4,RO,Soft wheat,gdd,-0.000583142571748186
HadGEM3-GC3-1MM,-13.5,-13.3931,8,RO,Soft wheat,gdd,-0.000510650227563483
HadGEM3-GC3-1MM,-12.5,-12.588,13,RO,Soft wheat,gdd,-0.000787449869851533
HadGEM3-GC3-1MM,-11.5,-11.5321,21,RO,Soft wheat,gdd,-0.000502305877179166
HadGEM3-GC3-1MM,-10.5,-10.4803,10,RO,Soft wheat,gdd,-0.000787975476246426
HadGEM3-GC3-1MM,-9.5,-9.6161,7,RO,Soft wheat,gdd,-0.000153831812162775
HadGEM3-GC3-1MM,-8.5,-8.6582,7,RO,Soft wheat,gdd,-0.000220189161739568
HadGEM3-GC3-1MM,-7.5,-7.6345,8,RO,Soft wheat,gdd,-0.00043176375720628
HadGEM3-GC3-1MM,-6.5,-6.4299,4,RO,Soft wheat,gdd,-0.000463247963440742
HadGEM3-GC3-1MM,-5.5,-5.3528,4,RO,Soft wheat,gdd,-0.000235364991014708
HadGEM3-GC3-1MM,-4.5,-4.3969,4,RO,Soft wheat,gdd,-0.000164870650778999
IPSL-CM6A-LR,-9.5,-9.3401,5,RO,Soft wheat,gdd,-0.000587421222708857
IPSL-CM6A-LR,-8.5,-8.4598,8,RO,Soft wheat,gdd,-0.0002899950600719
IPSL-CM6A-LR,-7.5,-7.5255,19,RO,Soft wheat,gdd,-0.00031774986729445
IPSL-CM6A-LR,-6.5,-6.5577,11,RO,Soft wheat,gdd,-0.000581572919221693
IPSL-CM6A-LR,-5.5,-5.5623,13,RO,Soft wheat,gdd,-0.000290626209235644
IPSL-CM6A-LR,-4.5,-4.3507,11,RO,Soft wheat,gdd,-0.000145553158699119
IPSL-CM6A-LR,-3.5,-3.4644,8,RO,Soft wheat,gdd,-0.000310187844025414
IPSL-CM6A-LR,-2.5,-2.5669,9,RO,Soft wheat,gdd,-0.000328234806108135
IPSL-CM6A-LR,-1.5,-1.2909,6,RO,Soft wheat,gdd,-9.31425772270724e-05
IPSL-CM6A-LR,-0.5,-0.6347,8,RO,Soft wheat,gdd,0.00010606136744793
EC-Earth3,-9.5,-9.1554,4,SE,Soft wheat,gdd,-0.000746771048478754
EC-Earth3,-8.5,-8.4726,15,SE,Soft wheat,gdd,-0.000363736680658267
EC-Earth3,-7.5,-7.5562,20,SE,Soft wheat,gdd,-0.000700707798038831
EC-Earth3,-6.5,-6.4767,21,SE,Soft wheat,gdd,-0.000472937464791172
EC-Earth3,-5.5,-5.3342,8,SE,Soft wheat,gdd,-0.000405532410120263
EC-Earth3,-4.5,-4.5495,8,SE,Soft wheat,gdd,-0.000743362371058687
EC-Earth3,-3.5,-3.3459,9,SE,Soft wheat,gdd,-0.000508297072784431
EC-Earth3,-2.5,-2.4493,5,SE,Soft wheat,gdd,-0.000578570145438382
EC-Earth3,-1.5,-1.3807,6,SE,Soft wheat,gdd,-0.000279128763145409
EC-Earth3,-0.5,-0.6596,3,SE,Soft wheat,gdd,-9.80637192805504e-05
HadGEM3-GC3-1LL,-8.5,-8.3848,12,SE,Soft wheat,gdd,-0.000764153281076976
HadGEM3-GC3-1LL,-7.5,-7.5599,19,SE,Soft wheat,gdd,-0.000634175639225751
HadGEM3-GC3-1LL,-6.5,-6.5442,24,SE,Soft wheat,gdd,-0.000729227943964984
HadGEM3-GC3-1LL,-5.5,-5.5797,10,SE,Soft wheat,gdd,-0.000531854391945921
HadGEM3-GC3-1LL,-4.5,-4.5263,6,SE,Soft wheat,gdd,-0.000343012829908974
HadGEM3-GC3-1LL,-3.5,-3.7835,7,SE,Soft wheat,gdd,-0.000663532222065852
HadGEM3-GC3-1LL,-2.5,-2.4504,6,SE,Soft wheat,gdd,-0.000525208682770277
HadGEM3-GC3-1LL,-1.5,-1.3098,8,SE,Soft wheat,gdd,-0.000219014583275245
HadGEM3-GC3-1LL,-0.5,-0.331,6,SE,Soft wheat,gdd,-0.00020860474341417
HadGEM3-GC3-1MM,-14.5,-14.3032,4,SE,Soft wheat,gdd,0.0630552111223924
HadGEM3-GC3-1MM,-13.5,-13.3931,8,SE,Soft wheat,gdd,0.0684694815312242
HadGEM3-GC3-1MM,-12.5,-12.588,13,SE,Soft wheat,gdd,0.0638426342999517
HadGEM3-GC3-1MM,-11.5,-11.5321,21,SE,Soft wheat,gdd,0.0484844831691005
HadGEM3-GC3-1MM,-10.5,-10.4803,10,SE,Soft wheat,gdd,0.0400762120407518
HadGEM3-GC3-1MM,-9.5,-9.6161,7,SE,Soft wheat,gdd,0.00446714744135452
HadGEM3-GC3-1MM,-8.5,-8.6582,7,SE,Soft wheat,gdd,0.00438922626823382
HadGEM3-GC3-1MM,-7.5,-7.6345,8,SE,Soft wheat,gdd,0.00170068227758376
HadGEM3-GC3-1MM,-6.5,-6.4299,4,SE,Soft wheat,gdd,-0.000409990990626992
HadGEM3-GC3-1MM,-5.5,-5.3528,4,SE,Soft wheat,gdd,-0.000526492747887128
HadGEM3-GC3-1MM,-4.5,-4.3969,4,SE,Soft wheat,gdd,-0.000298733798227487
IPSL-CM6A-LR,-9.5,-9.3401,5,SE,Soft wheat,gdd,0.0037616583179475
IPSL-CM6A-LR,-8.5,-8.4598,8,SE,Soft wheat,gdd,0.0116813036770139
IPSL-CM6A-LR,-7.5,-7.5255,19,SE,Soft wheat,gdd,0.00210063787255379
IPSL-CM6A-LR,-6.5,-6.5577,11,SE,Soft wheat,gdd,0.00372162957222409
IPSL-CM6A-LR,-5.5,-5.5623,13,SE,Soft wheat,gdd,-0.000754837369594586
IPSL-CM6A-LR,-4.5,-4.3507,11,SE,Soft wheat,gdd,-0.000479496426666231
IPSL-CM6A-LR,-3.5,-3.4644,8,SE,Soft wheat,gdd,-0.00078152889500919
IPSL-CM6A-LR,-2.5,-2.5669,9,SE,Soft wheat,gdd,-0.000329846712880258
IPSL-CM6A-LR,-1.5,-1.2909,6,SE,Soft wheat,gdd,-0.000447060236206897
IPSL-CM6A-LR,-0.5,-0.6347,8,SE,Soft wheat,gdd,-0.000174041809165755
EC-Earth3,-9.5,-9.1554,4,SK,Soft wheat,gdd,-0.000469413915429766
EC-Earth3,-8.5,-8.4726,15,SK,Soft wheat,gdd,-0.000308291491871723
EC-Earth3,-7.5,-7.5562,20,SK,Soft wheat,gdd,-0.000449613969214668
EC-Earth3,-6.5,-6.4767,21,SK,Soft wheat,gdd,-4.68787883268644e-06
EC-Earth3,-5.5,-5.3342,8,SK,Soft wheat,gdd,0.000215378316107968
EC-Earth3,-4.5,-4.5495,8,SK,Soft wheat,gdd,0.000114017891537839
EC-Earth3,-3.5,-3.3459,9,SK,Soft wheat,gdd,-6.99584857021981e-05
EC-Earth3,-2.5,-2.4493,5,SK,Soft wheat,gdd,3.57737897334929e-05
EC-Earth3,-1.5,-1.3807,6,SK,Soft wheat,gdd,-5.1580750510467e-05
EC-Earth3,-0.5,-0.6596,3,SK,Soft wheat,gdd,0.000435982728912555
HadGEM3-GC3-1LL,-8.5,-8.3848,12,SK,Soft wheat,gdd,-0.000187848354768445
HadGEM3-GC3-1LL,-7.5,-7.5599,19,SK,Soft wheat,gdd,-3.92927997270286e-06
HadGEM3-GC3-1LL,-6.5,-6.5442,24,SK,Soft wheat,gdd,-0.000118237878488772
HadGEM3-GC3-1LL,-5.5,-5.5797,10,SK,Soft wheat,gdd,-0.000141623231069226
HadGEM3-GC3-1LL,-4.5,-4.5263,6,SK,Soft wheat,gdd,-0.000174407708276972
HadGEM3-GC3-1LL,-3.5,-3.7835,7,SK,Soft wheat,gdd,-2.60117665376577e-05
HadGEM3-GC3-1LL,-2.5,-2.4504,6,SK,Soft wheat,gdd,7.73575793332358e-05
HadGEM3-GC3-1LL,-1.5,-1.3098,8,SK,Soft wheat,gdd,4.01387010289122e-05
HadGEM3-GC3-1LL,-0.5,-0.331,6,SK,Soft wheat,gdd,-6.58337705125115e-05
HadGEM3-GC3-1MM,-14.5,-14.3032,4,SK,Soft wheat,gdd,-0.000402191457016011
HadGEM3-GC3-1MM,-13.5,-13.3931,8,SK,Soft wheat,gdd,-0.000306851560968485
HadGEM3-GC3-1MM,-12.5,-12.588,13,SK,Soft wheat,gdd,-0.000246213915767662
HadGEM3-GC3-1MM,-11.5,-11.5321,21,SK,Soft wheat,gdd,-0.000649157714976739
HadGEM3-GC3-1MM,-10.5,-10.4803,10,SK,Soft wheat,gdd,-7.5690834738428e-06
HadGEM3-GC3-1MM,-9.5,-9.6161,7,SK,Soft wheat,gdd,-0.000224268044766405
HadGEM3-GC3-1MM,-8.5,-8.6582,7,SK,Soft wheat,gdd,-0.000261691193319423
HadGEM3-GC3-1MM,-7.5,-7.6345,8,SK,Soft wheat,gdd,-0.000427545223004528
HadGEM3-GC3-1MM,-6.5,-6.4299,4,SK,Soft wheat,gdd,-5.89000755317021e-05
HadGEM3-GC3-1MM,-5.5,-5.3528,4,SK,Soft wheat,gdd,-6.04370519595868e-05
HadGEM3-GC3-1MM,-4.5,-4.3969,4,SK,Soft wheat,gdd,1.0451186125413e-05
IPSL-CM6A-LR,-9.5,-9.3401,5,SK,Soft wheat,gdd,-0.000319901609697515
IPSL-CM6A-LR,-8.5,-8.4598,8,SK,Soft wheat,gdd,-0.000285782331055
IPSL-CM6A-LR,-7.5,-7.5255,19,SK,Soft wheat,gdd,-4.24535063730287e-05
IPSL-CM6A-LR,-6.5,-6.5577,11,SK,Soft wheat,gdd,-0.000176895077726603
IPSL-CM6A-LR,-5.5,-5.5623,13,SK,Soft wheat,gdd,-6.59347206557618e-05
IPSL-CM6A-LR,-4.5,-4.3507,11,SK,Soft wheat,gdd,-0.000162652759801522
IPSL-CM6A-LR,-3.5,-3.4644,8,SK,Soft wheat,gdd,-4.33460063752035e-05
IPSL-CM6A-LR,-2.5,-2.5669,9,SK,Soft wheat,gdd,0.000248706704856704
IPSL-CM6A-LR,-1.5,-1.2909,6,SK,Soft wheat,gdd,-4.52781562182331e-05
IPSL-CM6A-LR,-0.5,-0.6347,8,SK,Soft wheat,gdd,4.67759410479352e-05
EC-Earth3,-9.5,-9.1554,4,EL,Durum wheat,gdd,-0.000584468096064284
EC-Earth3,-8.5,-8.4726,15,EL,Durum wheat,gdd,-0.000609174442075806
EC-Earth3,-7.5,-7.5562,20,EL,Durum wheat,gdd,-0.00122412384037765
EC-Earth3,-6.5,-6.4767,21,EL,Durum wheat,gdd,-0.000723651015985237
EC-Earth3,-5.5,-5.3342,8,EL,Durum wheat,gdd,-0.000800025011435218
EC-Earth3,-4.5,-4.5495,8,EL,Durum wheat,gdd,-0.00072815125431486
EC-Earth3,-3.5,-3.3459,9,EL,Durum wheat,gdd,-0.000848803033153466
EC-Earth3,-2.5,-2.4493,5,EL,Durum wheat,gdd,-0.00119972366524787
EC-Earth3,-1.5,-1.3807,6,EL,Durum wheat,gdd,-0.00102110929548893
EC-Earth3,-0.5,-0.6596,3,EL,Durum wheat,gdd,7.54840547761286e-05
HadGEM3-GC3-1LL,-8.5,-8.3848,12,EL,Durum wheat,gdd,-0.00145895692757609
HadGEM3-GC3-1LL,-7.5,-7.5599,19,EL,Durum wheat,gdd,-0.000438674458122432
HadGEM3-GC3-1LL,-6.5,-6.5442,24,EL,Durum wheat,gdd,-0.000599167166689234
HadGEM3-GC3-1LL,-5.5,-5.5797,10,EL,Durum wheat,gdd,-0.00102753084426099
HadGEM3-GC3-1LL,-4.5,-4.5263,6,EL,Durum wheat,gdd,-0.000438092669510657
HadGEM3-GC3-1LL,-3.5,-3.7835,7,EL,Durum wheat,gdd,-0.00097093352905653
HadGEM3-GC3-1LL,-2.5,-2.4504,6,EL,Durum wheat,gdd,-0.00109427879985653
HadGEM3-GC3-1LL,-1.5,-1.3098,8,EL,Durum wheat,gdd,-0.000456542411598009
HadGEM3-GC3-1LL,-0.5,-0.331,6,EL,Durum wheat,gdd,-0.000139298854523931
HadGEM3-GC3-1MM,-14.5,-14.3032,4,EL,Durum wheat,gdd,-0.00230584696230524
HadGEM3-GC3-1MM,-13.5,-13.3931,8,EL,Durum wheat,gdd,-0.00161015145769311
HadGEM3-GC3-1MM,-12.5,-12.588,13,EL,Durum wheat,gdd,-0.00233145580915781
HadGEM3-GC3-1MM,-11.5,-11.5321,21,EL,Durum wheat,gdd,-0.00222154078400818
HadGEM3-GC3-1MM,-10.5,-10.4803,10,EL,Durum wheat,gdd,-0.00151315032768738
HadGEM3-GC3-1MM,-9.5,-9.6161,7,EL,Durum wheat,gdd,-0.00121529264011601
HadGEM3-GC3-1MM,-8.5,-8.6582,7,EL,Durum wheat,gdd,-0.000784054353746967
HadGEM3-GC3-1MM,-7.5,-7.6345,8,EL,Durum wheat,gdd,-0.000826698842925353
HadGEM3-GC3-1MM,-6.5,-6.4299,4,EL,Durum wheat,gdd,-0.00157985421643794
HadGEM3-GC3-1MM,-5.5,-5.3528,4,EL,Durum wheat,gdd,-0.000290083343769033
HadGEM3-GC3-1MM,-4.5,-4.3969,4,EL,Durum wheat,gdd,-0.000847760810503558
IPSL-CM6A-LR,-9.5,-9.3401,5,EL,Durum wheat,gdd,-0.00158017213098328
IPSL-CM6A-LR,-8.5,-8.4598,8,EL,Durum wheat,gdd,-0.00151402798469368
IPSL-CM6A-LR,-7.5,-7.5255,19,EL,Durum wheat,gdd,-0.000634282547703158
IPSL-CM6A-LR,-6.5,-6.5577,11,EL,Durum wheat,gdd,-0.00102888546527013
IPSL-CM6A-LR,-5.5,-5.5623,13,EL,Durum wheat,gdd,-0.00122293079490251
IPSL-CM6A-LR,-4.5,-4.3507,11,EL,Durum wheat,gdd,-0.000863604649984157
IPSL-CM6A-LR,-3.5,-3.4644,8,EL,Durum wheat,gdd,-0.000819183991825125
IPSL-CM6A-LR,-2.5,-2.5669,9,EL,Durum wheat,gdd,-0.000413160000279341
IPSL-CM6A-LR,-1.5,-1.2909,6,EL,Durum wheat,gdd,-0.000569458019156096
IPSL-CM6A-LR,-0.5,-0.6347,8,EL,Durum wheat,gdd,-1.82388896467812e-05
EC-Earth3,-9.5,-9.1554,4,ES,Durum wheat,gdd,-0.00181565300425057
EC-Earth3,-8.5,-8.4726,15,ES,Durum wheat,gdd,-0.00121078571749949
EC-Earth3,-7.5,-7.5562,20,ES,Durum wheat,gdd,-0.000804201938804396
EC-Earth3,-6.5,-6.4767,21,ES,Durum wheat,gdd,0.000751260720230429
EC-Earth3,-5.5,-5.3342,8,ES,Durum wheat,gdd,-0.00223456928735258
EC-Earth3,-4.5,-4.5495,8,ES,Durum wheat,gdd,-0.00180676364210231
EC-Earth3,-3.5,-3.3459,9,ES,Durum wheat,gdd,-0.000334145039200076
EC-Earth3,-2.5,-2.4493,5,ES,Durum wheat,gdd,-0.00121499007402139
EC-Earth3,-1.5,-1.3807,6,ES,Durum wheat,gdd,-0.000138396122558947
EC-Earth3,-0.5,-0.6596,3,ES,Durum wheat,gdd,-0.00024669977217329
HadGEM3-GC3-1LL,-8.5,-8.3848,12,ES,Durum wheat,gdd,-0.00103724879857451
HadGEM3-GC3-1LL,-7.5,-7.5599,19,ES,Durum wheat,gdd,-0.000891528901176685
HadGEM3-GC3-1LL,-6.5,-6.5442,24,ES,Durum wheat,gdd,-0.000713826242057503
HadGEM3-GC3-1LL,-5.5,-5.5797,10,ES,Durum wheat,gdd,-0.000966777306212008
HadGEM3-GC3-1LL,-4.5,-4.5263,6,ES,Durum wheat,gdd,-0.00172062942818832
HadGEM3-GC3-1LL,-3.5,-3.7835,7,ES,Durum wheat,gdd,-0.000382451425270509
HadGEM3-GC3-1LL,-2.5,-2.4504,6,ES,Durum wheat,gdd,-0.000393676954580144
HadGEM3-GC3-1LL,-1.5,-1.3098,8,ES,Durum wheat,gdd,-0.000777000624919037
HadGEM3-GC3-1LL,-0.5,-0.331,6,ES,Durum wheat,gdd,0.000304522243986959
HadGEM3-GC3-1MM,-14.5,-14.3032,4,ES,Durum wheat,gdd,-0.00309340107345678
HadGEM3-GC3-1MM,-13.5,-13.3931,8,ES,Durum wheat,gdd,-0.00353337540361725
HadGEM3-GC3-1MM,-12.5,-12.588,13,ES,Durum wheat,gdd,-0.00388390418272223
HadGEM3-GC3-1MM,-11.5,-11.5321,21,ES,Durum wheat,gdd,-0.00265123165223178
HadGEM3-GC3-1MM,-10.5,-10.4803,10,ES,Durum wheat,gdd,-0.00287530804477021
HadGEM3-GC3-1MM,-9.5,-9.6161,7,ES,Durum wheat,gdd,-0.000698412403800155
HadGEM3-GC3-1MM,-8.5,-8.6582,7,ES,Durum wheat,gdd,-0.00239823421182658
HadGEM3-GC3-1MM,-7.5,-7.6345,8,ES,Durum wheat,gdd,-0.00167253359710935
HadGEM3-GC3-1MM,-6.5,-6.4299,4,ES,Durum wheat,gdd,-0.000997552898686526
HadGEM3-GC3-1MM,-5.5,-5.3528,4,ES,Durum wheat,gdd,-0.00116376160245057
HadGEM3-GC3-1MM,-4.5,-4.3969,4,ES,Durum wheat,gdd,-0.00146610378005497
IPSL-CM6A-LR,-9.5,-9.3401,5,ES,Durum wheat,gdd,-0.00337745952738344
IPSL-CM6A-LR,-8.5,-8.4598,8,ES,Durum wheat,gdd,-0.00170841506445534
IPSL-CM6A-LR,-7.5,-7.5255,19,ES,Durum wheat,gdd,-0.00154427414070925
IPSL-CM6A-LR,-6.5,-6.5577,11,ES,Durum wheat,gdd,-0.00176806447554836
IPSL-CM6A-LR,-5.5,-5.5623,13,ES,Durum wheat,gdd,-0.00134058580089438
IPSL-CM6A-LR,-4.5,-4.3507,11,ES,Durum wheat,gdd,-0.000958969131378179
IPSL-CM6A-LR,-3.5,-3.4644,8,ES,Durum wheat,gdd,-0.000820148870126527
IPSL-CM6A-LR,-2.5,-2.5669,9,ES,Durum wheat,gdd,-0.00134441510853612
IPSL-CM6A-LR,-1.5,-1.2909,6,ES,Durum wheat,gdd,-4.45997009906927e-05
IPSL-CM6A-LR,-0.5,-0.6347,8,ES,Durum wheat,gdd,-0.000721118627336863
EC-Earth3,-9.5,-9.1554,4,FR,Durum wheat,gdd,-0.000798219331253197
EC-Earth3,-8.5,-8.4726,15,FR,Durum wheat,gdd,-0.00196967139576049
EC-Earth3,-7.5,-7.5562,20,FR,Durum wheat,gdd,-0.00135286891002714
EC-Earth3,-6.5,-6.4767,21,FR,Durum wheat,gdd,-0.00094254782910005
EC-Earth3,-5.5,-5.3342,8,FR,Durum wheat,gdd,-0.00107633024250496
EC-Earth3,-4.5,-4.5495,8,FR,Durum wheat,gdd,-0.00105693821705291
EC-Earth3,-3.5,-3.3459,9,FR,Durum wheat,gdd,-0.000307336587014065
EC-Earth3,-2.5,-2.4493,5,FR,Durum wheat,gdd,-0.00121698172662099
EC-Earth3,-1.5,-1.3807,6,FR,Durum wheat,gdd,-0.000880566098234442
EC-Earth3,-0.5,-0.6596,3,FR,Durum wheat,gdd,0.000828680831709146
HadGEM3-GC3-1LL,-8.5,-8.3848,12,FR,Durum wheat,gdd,-0.00143614658273022
HadGEM3-GC3-1LL,-7.5,-7.5599,19,FR,Durum wheat,gdd,-0.00145288276053175
HadGEM3-GC3-1LL,-6.5,-6.5442,24,FR,Durum wheat,gdd,-0.00100244622307944
HadGEM3-GC3-1LL,-5.5,-5.5797,10,FR,Durum wheat,gdd,-0.000553961854366465
HadGEM3-GC3-1LL,-4.5,-4.5263,6,FR,Durum wheat,gdd,-0.000673984154782747
HadGEM3-GC3-1LL,-3.5,-3.7835,7,FR,Durum wheat,gdd,-0.00112150915999165
HadGEM3-GC3-1LL,-2.5,-2.4504,6,FR,Durum wheat,gdd,1.68035458078519e-05
HadGEM3-GC3-1LL,-1.5,-1.3098,8,FR,Durum wheat,gdd,-1.8955285329052e-05
HadGEM3-GC3-1LL,-0.5,-0.331,6,FR,Durum wheat,gdd,-0.000580580004541089
HadGEM3-GC3-1MM,-14.5,-14.3032,4,FR,Durum wheat,gdd,0.0312763268162338
HadGEM3-GC3-1MM,-13.5,-13.3931,8,FR,Durum wheat,gdd,0.0301959452067343
HadGEM3-GC3-1MM,-12.5,-12.588,13,FR,Durum wheat,gdd,0.00632165386339245
HadGEM3-GC3-1MM,-11.5,-11.5321,21,FR,Durum wheat,gdd,0.00335029973409587
HadGEM3-GC3-1MM,-10.5,-10.4803,10,FR,Durum wheat,gdd,-0.00260767638661343
HadGEM3-GC3-1MM,-9.5,-9.6161,7,FR,Durum wheat,gdd,-0.0023843451693763
HadGEM3-GC3-1MM,-8.5,-8.6582,7,FR,Durum wheat,gdd,-0.00229272375630332
HadGEM3-GC3-1MM,-7.5,-7.6345,8,FR,Durum wheat,gdd,-0.00190743156319759
HadGEM3-GC3-1MM,-6.5,-6.4299,4,FR,Durum wheat,gdd,-0.000757143239653117
HadGEM3-GC3-1MM,-5.5,-5.3528,4,FR,Durum wheat,gdd,-0.000872171906083208
HadGEM3-GC3-1MM,-4.5,-4.3969,4,FR,Durum wheat,gdd,-0.000549201330145404
IPSL-CM6A-LR,-9.5,-9.3401,5,FR,Durum wheat,gdd,-0.00303193569064187
IPSL-CM6A-LR,-8.5,-8.4598,8,FR,Durum wheat,gdd,-0.00255052325899279
IPSL-CM6A-LR,-7.5,-7.5255,19,FR,Durum wheat,gdd,-0.0015217374999367
IPSL-CM6A-LR,-6.5,-6.5577,11,FR,Durum wheat,gdd,-0.00182872631961175
IPSL-CM6A-LR,-5.5,-5.5623,13,FR,Durum wheat,gdd,-0.000667869133115482
IPSL-CM6A-LR,-4.5,-4.3507,11,FR,Durum wheat,gdd,-0.000491956440080933
IPSL-CM6A-LR,-3.5,-3.4644,8,FR,Durum wheat,gdd,-0.00155189499274154
IPSL-CM6A-LR,-2.5,-2.5669,9,FR,Durum wheat,gdd,-0.000450196833236894
IPSL-CM6A-LR,-1.5,-1.2909,6,FR,Durum wheat,gdd,6.50271058293322e-05
IPSL-CM6A-LR,-0.5,-0.6347,8,FR,Durum wheat,gdd,0.000107963538235965
EC-Earth3,-9.5,-9.1554,4,HU,Durum wheat,gdd,-0.00155703028074935
EC-Earth3,-8.5,-8.4726,15,HU,Durum wheat,gdd,-0.00146587898264911
EC-Earth3,-7.5,-7.5562,20,HU,Durum wheat,gdd,-0.00167499657725742
EC-Earth3,-6.5,-6.4767,21,HU,Durum wheat,gdd,-0.000571806033021996
EC-Earth3,-5.5,-5.3342,8,HU,Durum wheat,gdd,0.000395323031544279
EC-Earth3,-4.5,-4.5495,8,HU,Durum wheat,gdd,-0.000479451792479366
EC-Earth3,-3.5,-3.3459,9,HU,Durum wheat,gdd,-8.10849888482051e-05
EC-Earth3,-2.5,-2.4493,5,HU,Durum wheat,gdd,-0.000483079192510915
EC-Earth3,-1.5,-1.3807,6,HU,Durum wheat,gdd,-0.000682637703201501
EC-Earth3,-0.5,-0.6596,3,HU,Durum wheat,gdd,0.00186298874302897
HadGEM3-GC3-1LL,-8.5,-8.3848,12,HU,Durum wheat,gdd,-0.00146286033940418
HadGEM3-GC3-1LL,-7.5,-7.5599,19,HU,Durum wheat,gdd,-0.000602979209434695
HadGEM3-GC3-1LL,-6.5,-6.5442,24,HU,Durum wheat,gdd,-0.00110656216523211
HadGEM3-GC3-1LL,-5.5,-5.5797,10,HU,Durum wheat,gdd,-0.000495485546596239
HadGEM3-GC3-1LL,-4.5,-4.5263,6,HU,Durum wheat,gdd,-0.000631669645898537
HadGEM3-GC3-1LL,-3.5,-3.7835,7,HU,Durum wheat,gdd,-0.000899652805851894
HadGEM3-GC3-1LL,-2.5,-2.4504,6,HU,Durum wheat,gdd,-1.65852376375019e-05
HadGEM3-GC3-1LL,-1.5,-1.3098,8,HU,Durum wheat,gdd,-0.000799727863531131
HadGEM3-GC3-1LL,-0.5,-0.331,6,HU,Durum wheat,gdd,-0.00109159516990349
HadGEM3-GC3-1MM,-14.5,-14.3032,4,HU,Durum wheat,gdd,-0.00184439856049097
HadGEM3-GC3-1MM,-13.5,-13.3931,8,HU,Durum wheat,gdd,-0.00152593571484885
HadGEM3-GC3-1MM,-12.5,-12.588,13,HU,Durum wheat,gdd,-0.00283809571894366
HadGEM3-GC3-1MM,-11.5,-11.5321,21,HU,Durum wheat,gdd,-0.0014893089960383
HadGEM3-GC3-1MM,-10.5,-10.4803,10,HU,Durum wheat,gdd,-0.00278181440333284
HadGEM3-GC3-1MM,-9.5,-9.6161,7,HU,Durum wheat,gdd,-0.000890140013326752
HadGEM3-GC3-1MM,-8.5,-8.6582,7,HU,Durum wheat,gdd,-0.00117824710260707
HadGEM3-GC3-1MM,-7.5,-7.6345,8,HU,Durum wheat,gdd,-0.00126692637192467
HadGEM3-GC3-1MM,-6.5,-6.4299,4,HU,Durum wheat,gdd,-0.00021538623630801
HadGEM3-GC3-1MM,-5.5,-5.3528,4,HU,Durum wheat,gdd,-0.000405017052301969
HadGEM3-GC3-1MM,-4.5,-4.3969,4,HU,Durum wheat,gdd,-0.000590779608605319
IPSL-CM6A-LR,-9.5,-9.3401,5,HU,Durum wheat,gdd,-0.000888589161154016
IPSL-CM6A-LR,-8.5,-8.4598,8,HU,Durum wheat,gdd,-0.00123663880598681
IPSL-CM6A-LR,-7.5,-7.5255,19,HU,Durum wheat,gdd,-0.00105724553967194
IPSL-CM6A-LR,-6.5,-6.5577,11,HU,Durum wheat,gdd,-0.000848523538722919
IPSL-CM6A-LR,-5.5,-5.5623,13,HU,Durum wheat,gdd,-0.000204888273674752
IPSL-CM6A-LR,-4.5,-4.3507,11,HU,Durum wheat,gdd,0.000262675149579997
IPSL-CM6A-LR,-3.5,-3.4644,8,HU,Durum wheat,gdd,-0.000547214019741361
IPSL-CM6A-LR,-2.5,-2.5669,9,HU,Durum wheat,gdd,-0.000208923007517199
IPSL-CM6A-LR,-1.5,-1.2909,6,HU,Durum wheat,gdd,-5.49202538978673e-05
IPSL-CM6A-LR,-0.5,-0.6347,8,HU,Durum wheat,gdd,0.000327723860094805
EC-Earth3,-9.5,-9.1554,4,IT,Durum wheat,gdd,-0.000683222577127572
EC-Earth3,-8.5,-8.4726,15,IT,Durum wheat,gdd,-0.000488033896091392
EC-Earth3,-7.5,-7.5562,20,IT,Durum wheat,gdd,-0.0010915718288704
EC-Earth3,-6.5,-6.4767,21,IT,Durum wheat,gdd,-0.000587763062118853
EC-Earth3,-5.5,-5.3342,8,IT,Durum wheat,gdd,0.00022572046077833
EC-Earth3,-4.5,-4.5495,8,IT,Durum wheat,gdd,-0.00074308306406522
EC-Earth3,-3.5,-3.3459,9,IT,Durum wheat,gdd,-0.000155555791671539
EC-Earth3,-2.5,-2.4493,5,IT,Durum wheat,gdd,1.77053668493601e-05
EC-Earth3,-1.5,-1.3807,6,IT,Durum wheat,gdd,-3.06572333674534e-05
EC-Earth3,-0.5,-0.6596,3,IT,Durum wheat,gdd,0.000880630164829513
HadGEM3-GC3-1LL,-8.5,-8.3848,12,IT,Durum wheat,gdd,-0.00125790853602569
HadGEM3-GC3-1LL,-7.5,-7.5599,19,IT,Durum wheat,gdd,-0.000385806426158661
HadGEM3-GC3-1LL,-6.5,-6.5442,24,IT,Durum wheat,gdd,-0.00069554998033382
HadGEM3-GC3-1LL,-5.5,-5.5797,10,IT,Durum wheat,gdd,-9.96729696451623e-05
HadGEM3-GC3-1LL,-4.5,-4.5263,6,IT,Durum wheat,gdd,-0.000377440009898493
HadGEM3-GC3-1LL,-3.5,-3.7835,7,IT,Durum wheat,gdd,-0.000420839242320117
HadGEM3-GC3-1LL,-2.5,-2.4504,6,IT,Durum wheat,gdd,-2.72394356103877e-05
HadGEM3-GC3-1LL,-1.5,-1.3098,8,IT,Durum wheat,gdd,0.000164015065941944
HadGEM3-GC3-1LL,-0.5,-0.331,6,IT,Durum wheat,gdd,0.000335634296818412
HadGEM3-GC3-1MM,-14.5,-14.3032,4,IT,Durum wheat,gdd,-0.00125395038048818
HadGEM3-GC3-1MM,-13.5,-13.3931,8,IT,Durum wheat,gdd,-0.00153566133823848
HadGEM3-GC3-1MM,-12.5,-12.588,13,IT,Durum wheat,gdd,-0.00173995052724235
HadGEM3-GC3-1MM,-11.5,-11.5321,21,IT,Durum wheat,gdd,-0.00215575230982678
HadGEM3-GC3-1MM,-10.5,-10.4803,10,IT,Durum wheat,gdd,-0.00193615690779754
HadGEM3-GC3-1MM,-9.5,-9.6161,7,IT,Durum wheat,gdd,-0.00100836659962741
HadGEM3-GC3-1MM,-8.5,-8.6582,7,IT,Durum wheat,gdd,-0.000742064056008678
HadGEM3-GC3-1MM,-7.5,-7.6345,8,IT,Durum wheat,gdd,-0.000782181114830457
HadGEM3-GC3-1MM,-6.5,-6.4299,4,IT,Durum wheat,gdd,-0.000193312392941076
HadGEM3-GC3-1MM,-5.5,-5.3528,4,IT,Durum wheat,gdd,-0.00035710061455423
HadGEM3-GC3-1MM,-4.5,-4.3969,4,IT,Durum wheat,gdd,-5.18049754031403e-05
IPSL-CM6A-LR,-9.5,-9.3401,5,IT,Durum wheat,gdd,-0.00121168167418072
IPSL-CM6A-LR,-8.5,-8.4598,8,IT,Durum wheat,gdd,-0.00173570485122879
IPSL-CM6A-LR,-7.5,-7.5255,19,IT,Durum wheat,gdd,-0.000378237035956181
IPSL-CM6A-LR,-6.5,-6.5577,11,IT,Durum wheat,gdd,-0.00123614844221383
IPSL-CM6A-LR,-5.5,-5.5623,13,IT,Durum wheat,gdd,-0.000166922851290081
IPSL-CM6A-LR,-4.5,-4.3507,11,IT,Durum wheat,gdd,0.000538880608550256
IPSL-CM6A-LR,-3.5,-3.4644,8,IT,Durum wheat,gdd,-0.000263594351769272
IPSL-CM6A-LR,-2.5,-2.5669,9,IT,Durum wheat,gdd,8.35700863443642e-05
IPSL-CM6A-LR,-1.5,-1.2909,6,IT,Durum wheat,gdd,3.41639640533956e-05
IPSL-CM6A-LR,-0.5,-0.6347,8,IT,Durum wheat,gdd,0.000479726031612925
EC-Earth3,-9.5,-9.1554,4,RO,Durum wheat,gdd,-0.0014887805061174
EC-Earth3,-8.5,-8.4726,15,RO,Durum wheat,gdd,-0.00110041802105439
EC-Earth3,-7.5,-7.5562,20,RO,Durum wheat,gdd,-0.0012760091849583
EC-Earth3,-6.5,-6.4767,21,RO,Durum wheat,gdd,-0.00112186355661883
EC-Earth3,-5.5,-5.3342,8,RO,Durum wheat,gdd,-0.000424631629150396
EC-Earth3,-4.5,-4.5495,8,RO,Durum wheat,gdd,-0.000530680063793703
EC-Earth3,-3.5,-3.3459,9,RO,Durum wheat,gdd,-0.00104489819264432
EC-Earth3,-2.5,-2.4493,5,RO,Durum wheat,gdd,-0.000755014247791785
EC-Earth3,-1.5,-1.3807,6,RO,Durum wheat,gdd,-0.00109619355719715
EC-Earth3,-0.5,-0.6596,3,RO,Durum wheat,gdd,0.0010158567791944
HadGEM3-GC3-1LL,-8.5,-8.3848,12,RO,Durum wheat,gdd,-0.00139215795996782
HadGEM3-GC3-1LL,-7.5,-7.5599,19,RO,Durum wheat,gdd,-0.000724060321488687
HadGEM3-GC3-1LL,-6.5,-6.5442,24,RO,Durum wheat,gdd,-0.000873139119993902
HadGEM3-GC3-1LL,-5.5,-5.5797,10,RO,Durum wheat,gdd,-0.000355745318593228
HadGEM3-GC3-1LL,-4.5,-4.5263,6,RO,Durum wheat,gdd,-0.00106119277985638
HadGEM3-GC3-1LL,-3.5,-3.7835,7,RO,Durum wheat,gdd,-0.00168315796837691
HadGEM3-GC3-1LL,-2.5,-2.4504,6,RO,Durum wheat,gdd,-0.00126289095269967
HadGEM3-GC3-1LL,-1.5,-1.3098,8,RO,Durum wheat,gdd,-0.000622817410173158
HadGEM3-GC3-1LL,-0.5,-0.331,6,RO,Durum wheat,gdd,-0.000603793101393649
HadGEM3-GC3-1MM,-14.5,-14.3032,4,RO,Durum wheat,gdd,-0.0017920067364109
HadGEM3-GC3-1MM,-13.5,-13.3931,8,RO,Durum wheat,gdd,-0.00169347242474845
HadGEM3-GC3-1MM,-12.5,-12.588,13,RO,Durum wheat,gdd,-0.00270222280582388
HadGEM3-GC3-1MM,-11.5,-11.5321,21,RO,Durum wheat,gdd,-0.00171480645056952
HadGEM3-GC3-1MM,-10.5,-10.4803,10,RO,Durum wheat,gdd,-0.00274094111500343
HadGEM3-GC3-1MM,-9.5,-9.6161,7,RO,Durum wheat,gdd,-0.000563711501107326
HadGEM3-GC3-1MM,-8.5,-8.6582,7,RO,Durum wheat,gdd,-0.00112284093663086
HadGEM3-GC3-1MM,-7.5,-7.6345,8,RO,Durum wheat,gdd,-0.00170086059733795
HadGEM3-GC3-1MM,-6.5,-6.4299,4,RO,Durum wheat,gdd,-0.00150844448238273
HadGEM3-GC3-1MM,-5.5,-5.3528,4,RO,Durum wheat,gdd,-0.000517492853491449
HadGEM3-GC3-1MM,-4.5,-4.3969,4,RO,Durum wheat,gdd,-0.000512806197884134
IPSL-CM6A-LR,-9.5,-9.3401,5,RO,Durum wheat,gdd,-0.00220940674499577
IPSL-CM6A-LR,-8.5,-8.4598,8,RO,Durum wheat,gdd,-0.00132912341610725
IPSL-CM6A-LR,-7.5,-7.5255,19,RO,Durum wheat,gdd,-0.000985548539832166
IPSL-CM6A-LR,-6.5,-6.5577,11,RO,Durum wheat,gdd,-0.00213875839576156
IPSL-CM6A-LR,-5.5,-5.5623,13,RO,Durum wheat,gdd,-0.00127646422410106
IPSL-CM6A-LR,-4.5,-4.3507,11,RO,Durum wheat,gdd,-0.000457899741162089
IPSL-CM6A-LR,-3.5,-3.4644,8,RO,Durum wheat,gdd,-0.000993630881637637
IPSL-CM6A-LR,-2.5,-2.5669,9,RO,Durum wheat,gdd,-0.00104081072032134
IPSL-CM6A-LR,-1.5,-1.2909,6,RO,Durum wheat,gdd,-0.000704283333308536
IPSL-CM6A-LR,-0.5,-0.6347,8,RO,Durum wheat,gdd,0.000520088910328947
EC-Earth3,-9.5,-9.1554,4,SK,Durum wheat,gdd,-0.0011159245181396
EC-Earth3,-8.5,-8.4726,15,SK,Durum wheat,gdd,-0.000926167381720273
EC-Earth3,-7.5,-7.5562,20,SK,Durum wheat,gdd,-0.000893199977707565
EC-Earth3,-6.5,-6.4767,21,SK,Durum wheat,gdd,0.0001916004787438
EC-Earth3,-5.5,-5.3342,8,SK,Durum wheat,gdd,0.000610342422453154
EC-Earth3,-4.5,-4.5495,8,SK,Durum wheat,gdd,0.000808891621537501
EC-Earth3,-3.5,-3.3459,9,SK,Durum wheat,gdd,0.000471349509987758
EC-Earth3,-2.5,-2.4493,5,SK,Durum wheat,gdd,0.000517859876745434
EC-Earth3,-1.5,-1.3807,6,SK,Durum wheat,gdd,5.13389291361623e-06
EC-Earth3,-0.5,-0.6596,3,SK,Durum wheat,gdd,0.00162733376278855
HadGEM3-GC3-1LL,-8.5,-8.3848,12,SK,Durum wheat,gdd,-5.77491877864458e-05
HadGEM3-GC3-1LL,-7.5,-7.5599,19,SK,Durum wheat,gdd,6.91046978308334e-05
HadGEM3-GC3-1LL,-6.5,-6.5442,24,SK,Durum wheat,gdd,-0.000309750232995303
HadGEM3-GC3-1LL,-5.5,-5.5797,10,SK,Durum wheat,gdd,-0.000473046796748988
HadGEM3-GC3-1LL,-4.5,-4.5263,6,SK,Durum wheat,gdd,-0.000299054820541032
HadGEM3-GC3-1LL,-3.5,-3.7835,7,SK,Durum wheat,gdd,-0.000289051763885113
HadGEM3-GC3-1LL,-2.5,-2.4504,6,SK,Durum wheat,gdd,0.000155494837603858
HadGEM3-GC3-1LL,-1.5,-1.3098,8,SK,Durum wheat,gdd,0.000388411244963056
HadGEM3-GC3-1LL,-0.5,-0.331,6,SK,Durum wheat,gdd,1.61749524065141e-05
HadGEM3-GC3-1MM,-14.5,-14.3032,4,SK,Durum wheat,gdd,-0.00116111027352435
HadGEM3-GC3-1MM,-13.5,-13.3931,8,SK,Durum wheat,gdd,-0.00094120335463507
HadGEM3-GC3-1MM,-12.5,-12.588,13,SK,Durum wheat,gdd,-0.00225867207356891
HadGEM3-GC3-1MM,-11.5,-11.5321,21,SK,Durum wheat,gdd,-0.00221157368734473
HadGEM3-GC3-1MM,-10.5,-10.4803,10,SK,Durum wheat,gdd,-0.00213250298502727
HadGEM3-GC3-1MM,-9.5,-9.6161,7,SK,Durum wheat,gdd,-0.000560929583301172
HadGEM3-GC3-1MM,-8.5,-8.6582,7,SK,Durum wheat,gdd,-0.000538417433849112
HadGEM3-GC3-1MM,-7.5,-7.6345,8,SK,Durum wheat,gdd,-0.000852771126378125
HadGEM3-GC3-1MM,-6.5,-6.4299,4,SK,Durum wheat,gdd,0.000638583136319567
HadGEM3-GC3-1MM,-5.5,-5.3528,4,SK,Durum wheat,gdd,-0.000416199104855483
HadGEM3-GC3-1MM,-4.5,-4.3969,4,SK,Durum wheat,gdd,0.000420716793323592
IPSL-CM6A-LR,-9.5,-9.3401,5,SK,Durum wheat,gdd,-0.000978313242439311
IPSL-CM6A-LR,-8.5,-8.4598,8,SK,Durum wheat,gdd,-0.000817507282639802
IPSL-CM6A-LR,-7.5,-7.5255,19,SK,Durum wheat,gdd,0.000584305255400182
IPSL-CM6A-LR,-6.5,-6.5577,11,SK,Durum wheat,gdd,-0.000845731125553334
IPSL-CM6A-LR,-5.5,-5.5623,13,SK,Durum wheat,gdd,0.000420132694577368
IPSL-CM6A-LR,-4.5,-4.3507,11,SK,Durum wheat,gdd,-0.00106515997855853
IPSL-CM6A-LR,-3.5,-3.4644,8,SK,Durum wheat,gdd,0.000133698605092962
IPSL-CM6A-LR,-2.5,-2.5669,9,SK,Durum wheat,gdd,0.00123591511450057
IPSL-CM6A-LR,-1.5,-1.2909,6,SK,Durum wheat,gdd,0.000518669398835591
IPSL-CM6A-LR,-0.5,-0.6347,8,SK,Durum wheat,gdd,0.000517302804066039
EC-Earth3,-9.5,-9.1554,4,CZ,Spring barley,gdd,0.000927664919662399
EC-Earth3,-8.5,-8.4726,15,CZ,Spring barley,gdd,0.000728234137522522
EC-Earth3,-7.5,-7.5562,20,CZ,Spring barley,gdd,0.000553088410115452
EC-Earth3,-6.5,-6.4767,21,CZ,Spring barley,gdd,0.000374587406558328
EC-Earth3,-5.5,-5.3342,8,CZ,Spring barley,gdd,0.000403906271183857
EC-Earth3,-4.5,-4.5495,8,CZ,Spring barley,gdd,9.52702219424928e-05
EC-Earth3,-3.5,-3.3459,9,CZ,Spring barley,gdd,0.000120998314900136
EC-Earth3,-2.5,-2.4493,5,CZ,Spring barley,gdd,0.000236909199897664
EC-Earth3,-1.5,-1.3807,6,CZ,Spring barley,gdd,0.000199526472868473
EC-Earth3,-0.5,-0.6596,3,CZ,Spring barley,gdd,-0.000359165302608137
HadGEM3-GC3-1LL,-8.5,-8.3848,12,CZ,Spring barley,gdd,0.000735902099333219
HadGEM3-GC3-1LL,-7.5,-7.5599,19,CZ,Spring barley,gdd,0.000414900154265716
HadGEM3-GC3-1LL,-6.5,-6.5442,24,CZ,Spring barley,gdd,0.000447602301373384
HadGEM3-GC3-1LL,-5.5,-5.5797,10,CZ,Spring barley,gdd,0.000176934593238593
HadGEM3-GC3-1LL,-4.5,-4.5263,6,CZ,Spring barley,gdd,0.000543797349071332
HadGEM3-GC3-1LL,-3.5,-3.7835,7,CZ,Spring barley,gdd,0.000441971412751324
HadGEM3-GC3-1LL,-2.5,-2.4504,6,CZ,Spring barley,gdd,0.000307595678308844
HadGEM3-GC3-1LL,-1.5,-1.3098,8,CZ,Spring barley,gdd,-4.57804959622554e-05
HadGEM3-GC3-1LL,-0.5,-0.331,6,CZ,Spring barley,gdd,5.15011818981734e-05
HadGEM3-GC3-1MM,-14.5,-14.3032,4,CZ,Spring barley,gdd,-0.0003286437449272
HadGEM3-GC3-1MM,-13.5,-13.3931,8,CZ,Spring barley,gdd,-0.00234383100013115
HadGEM3-GC3-1MM,-12.5,-12.588,13,CZ,Spring barley,gdd,-0.00106309320187754
HadGEM3-GC3-1MM,-11.5,-11.5321,21,CZ,Spring barley,gdd,7.60373047938173e-05
HadGEM3-GC3-1MM,-10.5,-10.4803,10,CZ,Spring barley,gdd,-0.0015877386005096
HadGEM3-GC3-1MM,-9.5,-9.6161,7,CZ,Spring barley,gdd,0.000380000751440274
HadGEM3-GC3-1MM,-8.5,-8.6582,7,CZ,Spring barley,gdd,0.000858677867716233
HadGEM3-GC3-1MM,-7.5,-7.6345,8,CZ,Spring barley,gdd,0.00103458846391485
HadGEM3-GC3-1MM,-6.5,-6.4299,4,CZ,Spring barley,gdd,0.000453408083387521
HadGEM3-GC3-1MM,-5.5,-5.3528,4,CZ,Spring barley,gdd,0.000202297654457072
HadGEM3-GC3-1MM,-4.5,-4.3969,4,CZ,Spring barley,gdd,0.000319247943964861
IPSL-CM6A-LR,-9.5,-9.3401,5,CZ,Spring barley,gdd,0.000977832119795652
IPSL-CM6A-LR,-8.5,-8.4598,8,CZ,Spring barley,gdd,0.000941317226473291
IPSL-CM6A-LR,-7.5,-7.5255,19,CZ,Spring barley,gdd,0.000869368498386569
IPSL-CM6A-LR,-6.5,-6.5577,11,CZ,Spring barley,gdd,0.000622124427394511
IPSL-CM6A-LR,-5.5,-5.5623,13,CZ,Spring barley,gdd,0.000379027421980721
IPSL-CM6A-LR,-4.5,-4.3507,11,CZ,Spring barley,gdd,0.000191231860430621
IPSL-CM6A-LR,-3.5,-3.4644,8,CZ,Spring barley,gdd,0.000147873957111099
IPSL-CM6A-LR,-2.5,-2.5669,9,CZ,Spring barley,gdd,0.000356654077799771
IPSL-CM6A-LR,-1.5,-1.2909,6,CZ,Spring barley,gdd,0.00036126733828173
IPSL-CM6A-LR,-0.5,-0.6347,8,CZ,Spring barley,gdd,0.000109370975828485
EC-Earth3,-9.5,-9.1554,4,DE,Spring barley,gdd,0.000935225822684169
EC-Earth3,-8.5,-8.4726,15,DE,Spring barley,gdd,0.00118273191445697
EC-Earth3,-7.5,-7.5562,20,DE,Spring barley,gdd,0.000764441253075841
EC-Earth3,-6.5,-6.4767,21,DE,Spring barley,gdd,0.000512967421218714
EC-Earth3,-5.5,-5.3342,8,DE,Spring barley,gdd,0.000426739198084688
EC-Earth3,-4.5,-4.5495,8,DE,Spring barley,gdd,0.000568011019960701
EC-Earth3,-3.5,-3.3459,9,DE,Spring barley,gdd,0.000318400193192658
EC-Earth3,-2.5,-2.4493,5,DE,Spring barley,gdd,0.000467083567688701
EC-Earth3,-1.5,-1.3807,6,DE,Spring barley,gdd,0.000117511019620419
EC-Earth3,-0.5,-0.6596,3,DE,Spring barley,gdd,-8.22660532715853e-05
HadGEM3-GC3-1LL,-8.5,-8.3848,12,DE,Spring barley,gdd,0.000874413192079609
HadGEM3-GC3-1LL,-7.5,-7.5599,19,DE,Spring barley,gdd,0.000651883702487977
HadGEM3-GC3-1LL,-6.5,-6.5442,24,DE,Spring barley,gdd,0.000627682607774218
HadGEM3-GC3-1LL,-5.5,-5.5797,10,DE,Spring barley,gdd,0.000466637838207657
HadGEM3-GC3-1LL,-4.5,-4.5263,6,DE,Spring barley,gdd,0.000561905503895616
HadGEM3-GC3-1LL,-3.5,-3.7835,7,DE,Spring barley,gdd,0.000666140157081938
HadGEM3-GC3-1LL,-2.5,-2.4504,6,DE,Spring barley,gdd,0.000270099292432002
HadGEM3-GC3-1LL,-1.5,-1.3098,8,DE,Spring barley,gdd,0.000107915217076993
HadGEM3-GC3-1LL,-0.5,-0.331,6,DE,Spring barley,gdd,0.000240406335732668
HadGEM3-GC3-1MM,-14.5,-14.3032,4,DE,Spring barley,gdd,-0.0184750666626855
HadGEM3-GC3-1MM,-13.5,-13.3931,8,DE,Spring barley,gdd,-0.02667722485653
HadGEM3-GC3-1MM,-12.5,-12.588,13,DE,Spring barley,gdd,-0.0152167932994247
HadGEM3-GC3-1MM,-11.5,-11.5321,21,DE,Spring barley,gdd,-0.00954443561999622
HadGEM3-GC3-1MM,-10.5,-10.4803,10,DE,Spring barley,gdd,-0.0058523005087245
HadGEM3-GC3-1MM,-9.5,-9.6161,7,DE,Spring barley,gdd,0.000730233465932382
HadGEM3-GC3-1MM,-8.5,-8.6582,7,DE,Spring barley,gdd,0.000846403592621313
HadGEM3-GC3-1MM,-7.5,-7.6345,8,DE,Spring barley,gdd,0.000999155069792963
HadGEM3-GC3-1MM,-6.5,-6.4299,4,DE,Spring barley,gdd,0.000518441590831844
HadGEM3-GC3-1MM,-5.5,-5.3528,4,DE,Spring barley,gdd,0.000560123801417863
HadGEM3-GC3-1MM,-4.5,-4.3969,4,DE,Spring barley,gdd,0.000472797953236267
IPSL-CM6A-LR,-9.5,-9.3401,5,DE,Spring barley,gdd,0.000797163040400005
IPSL-CM6A-LR,-8.5,-8.4598,8,DE,Spring barley,gdd,-6.1029555796618e-05
IPSL-CM6A-LR,-7.5,-7.5255,19,DE,Spring barley,gdd,0.000914097458289286
IPSL-CM6A-LR,-6.5,-6.5577,11,DE,Spring barley,gdd,0.000768631168523395
IPSL-CM6A-LR,-5.5,-5.5623,13,DE,Spring barley,gdd,0.000607910834889224
IPSL-CM6A-LR,-4.5,-4.3507,11,DE,Spring barley,gdd,0.000458044866529028
IPSL-CM6A-LR,-3.5,-3.4644,8,DE,Spring barley,gdd,0.00061793730923803
IPSL-CM6A-LR,-2.5,-2.5669,9,DE,Spring barley,gdd,0.000251591610259643
IPSL-CM6A-LR,-1.5,-1.2909,6,DE,Spring barley,gdd,0.000540866446544624
IPSL-CM6A-LR,-0.5,-0.6347,8,DE,Spring barley,gdd,2.51263183962413e-05
EC-Earth3,-9.5,-9.1554,4,DK,Spring barley,gdd,0.000888679623815031
EC-Earth3,-8.5,-8.4726,15,DK,Spring barley,gdd,0.00137709259795433
EC-Earth3,-7.5,-7.5562,20,DK,Spring barley,gdd,0.00104641078298862
EC-Earth3,-6.5,-6.4767,21,DK,Spring barley,gdd,0.000810190229347479
EC-Earth3,-5.5,-5.3342,8,DK,Spring barley,gdd,0.000419157096717001
EC-Earth3,-4.5,-4.5495,8,DK,Spring barley,gdd,0.00114073915594123
EC-Earth3,-3.5,-3.3459,9,DK,Spring barley,gdd,0.000642522024516643
EC-Earth3,-2.5,-2.4493,5,DK,Spring barley,gdd,0.00065397461277071
EC-Earth3,-1.5,-1.3807,6,DK,Spring barley,gdd,0.000443065154385576
EC-Earth3,-0.5,-0.6596,3,DK,Spring barley,gdd,1.80068512570897e-05
HadGEM3-GC3-1LL,-8.5,-8.3848,12,DK,Spring barley,gdd,0.00118022718557971
HadGEM3-GC3-1LL,-7.5,-7.5599,19,DK,Spring barley,gdd,0.00102566763774171
HadGEM3-GC3-1LL,-6.5,-6.5442,24,DK,Spring barley,gdd,0.000918912200265334
HadGEM3-GC3-1LL,-5.5,-5.5797,10,DK,Spring barley,gdd,0.000713461951148924
HadGEM3-GC3-1LL,-4.5,-4.5263,6,DK,Spring barley,gdd,0.000511699041934589
HadGEM3-GC3-1LL,-3.5,-3.7835,7,DK,Spring barley,gdd,0.00116519250665305
HadGEM3-GC3-1LL,-2.5,-2.4504,6,DK,Spring barley,gdd,0.00049567245519804
HadGEM3-GC3-1LL,-1.5,-1.3098,8,DK,Spring barley,gdd,2.89276346717006e-05
HadGEM3-GC3-1LL,-0.5,-0.331,6,DK,Spring barley,gdd,8.66146716193732e-05
HadGEM3-GC3-1MM,-14.5,-14.3032,4,DK,Spring barley,gdd,-0.0908359498039453
HadGEM3-GC3-1MM,-13.5,-13.3931,8,DK,Spring barley,gdd,-0.103291718567998
HadGEM3-GC3-1MM,-12.5,-12.588,13,DK,Spring barley,gdd,-0.106848148994844
HadGEM3-GC3-1MM,-11.5,-11.5321,21,DK,Spring barley,gdd,-0.0776684197718562
HadGEM3-GC3-1MM,-10.5,-10.4803,10,DK,Spring barley,gdd,-0.052717272570451
HadGEM3-GC3-1MM,-9.5,-9.6161,7,DK,Spring barley,gdd,-0.00268843787096234
HadGEM3-GC3-1MM,-8.5,-8.6582,7,DK,Spring barley,gdd,-0.00169976783857036
HadGEM3-GC3-1MM,-7.5,-7.6345,8,DK,Spring barley,gdd,0.00080499780678093
HadGEM3-GC3-1MM,-6.5,-6.4299,4,DK,Spring barley,gdd,0.000318152382714383
HadGEM3-GC3-1MM,-5.5,-5.3528,4,DK,Spring barley,gdd,0.000691746287816308
HadGEM3-GC3-1MM,-4.5,-4.3969,4,DK,Spring barley,gdd,0.000529419415659234
IPSL-CM6A-LR,-9.5,-9.3401,5,DK,Spring barley,gdd,-0.00546435982327715
IPSL-CM6A-LR,-8.5,-8.4598,8,DK,Spring barley,gdd,-0.0174148488509212
IPSL-CM6A-LR,-7.5,-7.5255,19,DK,Spring barley,gdd,-0.00187595632034676
IPSL-CM6A-LR,-6.5,-6.5577,11,DK,Spring barley,gdd,-0.00635710629191928
IPSL-CM6A-LR,-5.5,-5.5623,13,DK,Spring barley,gdd,0.00119120311681631
IPSL-CM6A-LR,-4.5,-4.3507,11,DK,Spring barley,gdd,0.000930972513358686
IPSL-CM6A-LR,-3.5,-3.4644,8,DK,Spring barley,gdd,0.00101974344699522
IPSL-CM6A-LR,-2.5,-2.5669,9,DK,Spring barley,gdd,0.000645913799415744
IPSL-CM6A-LR,-1.5,-1.2909,6,DK,Spring barley,gdd,0.000681507668299121
IPSL-CM6A-LR,-0.5,-0.6347,8,DK,Spring barley,gdd,0.000172856430284561
EC-Earth3,-9.5,-9.1554,4,EE,Spring barley,gdd,0.000840278752745788
EC-Earth3,-8.5,-8.4726,15,EE,Spring barley,gdd,0.00062829005909491
EC-Earth3,-7.5,-7.5562,20,EE,Spring barley,gdd,0.000674399322985014
EC-Earth3,-6.5,-6.4767,21,EE,Spring barley,gdd,0.000471072499905145
EC-Earth3,-5.5,-5.3342,8,EE,Spring barley,gdd,9.97792130696407e-05
EC-Earth3,-4.5,-4.5495,8,EE,Spring barley,gdd,0.000610102555959254
EC-Earth3,-3.5,-3.3459,9,EE,Spring barley,gdd,0.000599009319358008
EC-Earth3,-2.5,-2.4493,5,EE,Spring barley,gdd,0.000436123331226258
EC-Earth3,-1.5,-1.3807,6,EE,Spring barley,gdd,5.36913251795856e-06
EC-Earth3,-0.5,-0.6596,3,EE,Spring barley,gdd,-0.000245085467119987
HadGEM3-GC3-1LL,-8.5,-8.3848,12,EE,Spring barley,gdd,0.00082347992202223
HadGEM3-GC3-1LL,-7.5,-7.5599,19,EE,Spring barley,gdd,0.000629232407306614
HadGEM3-GC3-1LL,-6.5,-6.5442,24,EE,Spring barley,gdd,0.00072415131242478
HadGEM3-GC3-1LL,-5.5,-5.5797,10,EE,Spring barley,gdd,0.000615440891422714
HadGEM3-GC3-1LL,-4.5,-4.5263,6,EE,Spring barley,gdd,0.000539691626813041
HadGEM3-GC3-1LL,-3.5,-3.7835,7,EE,Spring barley,gdd,0.000487250581806877
HadGEM3-GC3-1LL,-2.5,-2.4504,6,EE,Spring barley,gdd,0.000807643258288388
HadGEM3-GC3-1LL,-1.5,-1.3098,8,EE,Spring barley,gdd,7.45161927357256e-06
HadGEM3-GC3-1LL,-0.5,-0.331,6,EE,Spring barley,gdd,0.000246720976571651
HadGEM3-GC3-1MM,-14.5,-14.3032,4,EE,Spring barley,gdd,-0.0317357961526571
HadGEM3-GC3-1MM,-13.5,-13.3931,8,EE,Spring barley,gdd,-0.0564149342995482
HadGEM3-GC3-1MM,-12.5,-12.588,13,EE,Spring barley,gdd,-0.0668957131424314
HadGEM3-GC3-1MM,-11.5,-11.5321,21,EE,Spring barley,gdd,-0.0411007656376083
HadGEM3-GC3-1MM,-10.5,-10.4803,10,EE,Spring barley,gdd,-0.0477563887268461
HadGEM3-GC3-1MM,-9.5,-9.6161,7,EE,Spring barley,gdd,-0.00822671675432619
HadGEM3-GC3-1MM,-8.5,-8.6582,7,EE,Spring barley,gdd,-0.00473275765699798
HadGEM3-GC3-1MM,-7.5,-7.6345,8,EE,Spring barley,gdd,-0.00322859298292709
HadGEM3-GC3-1MM,-6.5,-6.4299,4,EE,Spring barley,gdd,0.000830457346868083
HadGEM3-GC3-1MM,-5.5,-5.3528,4,EE,Spring barley,gdd,0.000837774916383872
HadGEM3-GC3-1MM,-4.5,-4.3969,4,EE,Spring barley,gdd,0.000549712445648999
IPSL-CM6A-LR,-9.5,-9.3401,5,EE,Spring barley,gdd,-0.00581469692679501
IPSL-CM6A-LR,-8.5,-8.4598,8,EE,Spring barley,gdd,-0.0132999541439109
IPSL-CM6A-LR,-7.5,-7.5255,19,EE,Spring barley,gdd,-0.00352508661762647
IPSL-CM6A-LR,-6.5,-6.5577,11,EE,Spring barley,gdd,-0.00520984181888806
IPSL-CM6A-LR,-5.5,-5.5623,13,EE,Spring barley,gdd,0.000581746617681904
IPSL-CM6A-LR,-4.5,-4.3507,11,EE,Spring barley,gdd,0.000680110775707075
IPSL-CM6A-LR,-3.5,-3.4644,8,EE,Spring barley,gdd,0.000474205216781879
IPSL-CM6A-LR,-2.5,-2.5669,9,EE,Spring barley,gdd,0.000553258493088454
IPSL-CM6A-LR,-1.5,-1.2909,6,EE,Spring barley,gdd,0.000382667093424072
IPSL-CM6A-LR,-0.5,-0.6347,8,EE,Spring barley,gdd,0.000226453952894215
EC-Earth3,-9.5,-9.1554,4,ES,Spring barley,gdd,0.000566322838356111
EC-Earth3,-8.5,-8.4726,15,ES,Spring barley,gdd,0.000556670789833577
EC-Earth3,-7.5,-7.5562,20,ES,Spring barley,gdd,0.00062258962753377
EC-Earth3,-6.5,-6.4767,21,ES,Spring barley,gdd,0.000375536471564052
EC-Earth3,-5.5,-5.3342,8,ES,Spring barley,gdd,0.000735799759932297
EC-Earth3,-4.5,-4.5495,8,ES,Spring barley,gdd,0.000611404226844162
EC-Earth3,-3.5,-3.3459,9,ES,Spring barley,gdd,0.000514221439216653
EC-Earth3,-2.5,-2.4493,5,ES,Spring barley,gdd,0.000510824109570078
EC-Earth3,-1.5,-1.3807,6,ES,Spring barley,gdd,0.000471024849086986
EC-Earth3,-0.5,-0.6596,3,ES,Spring barley,gdd,3.7897895283818e-05
HadGEM3-GC3-1LL,-8.5,-8.3848,12,ES,Spring barley,gdd,0.000496390425920151
HadGEM3-GC3-1LL,-7.5,-7.5599,19,ES,Spring barley,gdd,0.000479849947622772
HadGEM3-GC3-1LL,-6.5,-6.5442,24,ES,Spring barley,gdd,0.000221904041530476
HadGEM3-GC3-1LL,-5.5,-5.5797,10,ES,Spring barley,gdd,0.000549071371805758
HadGEM3-GC3-1LL,-4.5,-4.5263,6,ES,Spring barley,gdd,0.000429545028556325
HadGEM3-GC3-1LL,-3.5,-3.7835,7,ES,Spring barley,gdd,0.000683499168988929
HadGEM3-GC3-1LL,-2.5,-2.4504,6,ES,Spring barley,gdd,0.000197952613505302
HadGEM3-GC3-1LL,-1.5,-1.3098,8,ES,Spring barley,gdd,0.000102030030432185
HadGEM3-GC3-1LL,-0.5,-0.331,6,ES,Spring barley,gdd,0.000138870008371866
HadGEM3-GC3-1MM,-14.5,-14.3032,4,ES,Spring barley,gdd,0.000760677202166089
HadGEM3-GC3-1MM,-13.5,-13.3931,8,ES,Spring barley,gdd,0.00053330959987035
HadGEM3-GC3-1MM,-12.5,-12.588,13,ES,Spring barley,gdd,0.00110558131507581
HadGEM3-GC3-1MM,-11.5,-11.5321,21,ES,Spring barley,gdd,0.00114797723128034
HadGEM3-GC3-1MM,-10.5,-10.4803,10,ES,Spring barley,gdd,0.000686663284848067
HadGEM3-GC3-1MM,-9.5,-9.6161,7,ES,Spring barley,gdd,0.000544543352641769
HadGEM3-GC3-1MM,-8.5,-8.6582,7,ES,Spring barley,gdd,0.000899239943269136
HadGEM3-GC3-1MM,-7.5,-7.6345,8,ES,Spring barley,gdd,0.000764617602290484
HadGEM3-GC3-1MM,-6.5,-6.4299,4,ES,Spring barley,gdd,0.000338525355232625
HadGEM3-GC3-1MM,-5.5,-5.3528,4,ES,Spring barley,gdd,0.000359809751883763
HadGEM3-GC3-1MM,-4.5,-4.3969,4,ES,Spring barley,gdd,0.000444407254696805
IPSL-CM6A-LR,-9.5,-9.3401,5,ES,Spring barley,gdd,0.000685343454470137
IPSL-CM6A-LR,-8.5,-8.4598,8,ES,Spring barley,gdd,0.000634120150290484
IPSL-CM6A-LR,-7.5,-7.5255,19,ES,Spring barley,gdd,0.000519739223353611
IPSL-CM6A-LR,-6.5,-6.5577,11,ES,Spring barley,gdd,0.000492227465131855
IPSL-CM6A-LR,-5.5,-5.5623,13,ES,Spring barley,gdd,0.000384652069572874
IPSL-CM6A-LR,-4.5,-4.3507,11,ES,Spring barley,gdd,0.000236852467812553
IPSL-CM6A-LR,-3.5,-3.4644,8,ES,Spring barley,gdd,0.000451814420573875
IPSL-CM6A-LR,-2.5,-2.5669,9,ES,Spring barley,gdd,0.000521750746584687
IPSL-CM6A-LR,-1.5,-1.2909,6,ES,Spring barley,gdd,0.000394507586790478
IPSL-CM6A-LR,-0.5,-0.6347,8,ES,Spring barley,gdd,-3.1025363435492e-05
EC-Earth3,-9.5,-9.1554,4,FI,Spring barley,gdd,0.000306968411109596
EC-Earth3,-8.5,-8.4726,15,FI,Spring barley,gdd,0.000399695697219622
EC-Earth3,-7.5,-7.5562,20,FI,Spring barley,gdd,0.00052909060536365
EC-Earth3,-6.5,-6.4767,21,FI,Spring barley,gdd,0.000280693020232749
EC-Earth3,-5.5,-5.3342,8,FI,Spring barley,gdd,5.68005661644645e-05
EC-Earth3,-4.5,-4.5495,8,FI,Spring barley,gdd,-0.00022802406714531
EC-Earth3,-3.5,-3.3459,9,FI,Spring barley,gdd,-0.000498627086514103
EC-Earth3,-2.5,-2.4493,5,FI,Spring barley,gdd,-0.000216689493649742
EC-Earth3,-1.5,-1.3807,6,FI,Spring barley,gdd,-0.000122728982665144
EC-Earth3,-0.5,-0.6596,3,FI,Spring barley,gdd,-0.000140074266625311
HadGEM3-GC3-1LL,-8.5,-8.3848,12,FI,Spring barley,gdd,0.000445670741593327
HadGEM3-GC3-1LL,-7.5,-7.5599,19,FI,Spring barley,gdd,0.000419112273907981
HadGEM3-GC3-1LL,-6.5,-6.5442,24,FI,Spring barley,gdd,0.000411197727559778
HadGEM3-GC3-1LL,-5.5,-5.5797,10,FI,Spring barley,gdd,0.000196003849448535
HadGEM3-GC3-1LL,-4.5,-4.5263,6,FI,Spring barley,gdd,0.000235378747764135
HadGEM3-GC3-1LL,-3.5,-3.7835,7,FI,Spring barley,gdd,0.000356741062246884
HadGEM3-GC3-1LL,-2.5,-2.4504,6,FI,Spring barley,gdd,0.000407786931808772
HadGEM3-GC3-1LL,-1.5,-1.3098,8,FI,Spring barley,gdd,-0.000104697172191944
HadGEM3-GC3-1LL,-0.5,-0.331,6,FI,Spring barley,gdd,-8.6028895230595e-05
HadGEM3-GC3-1MM,-14.5,-14.3032,4,FI,Spring barley,gdd,-0.0629260632472591
HadGEM3-GC3-1MM,-13.5,-13.3931,8,FI,Spring barley,gdd,-0.0779511044642582
HadGEM3-GC3-1MM,-12.5,-12.588,13,FI,Spring barley,gdd,-0.0842296076679919
HadGEM3-GC3-1MM,-11.5,-11.5321,21,FI,Spring barley,gdd,-0.0712336864009783
HadGEM3-GC3-1MM,-10.5,-10.4803,10,FI,Spring barley,gdd,-0.0682124290336145
HadGEM3-GC3-1MM,-9.5,-9.6161,7,FI,Spring barley,gdd,-0.0248959292102727
HadGEM3-GC3-1MM,-8.5,-8.6582,7,FI,Spring barley,gdd,-0.0233431039226918
HadGEM3-GC3-1MM,-7.5,-7.6345,8,FI,Spring barley,gdd,-0.00812463287946511
HadGEM3-GC3-1MM,-6.5,-6.4299,4,FI,Spring barley,gdd,0.00023924460459114
HadGEM3-GC3-1MM,-5.5,-5.3528,4,FI,Spring barley,gdd,0.000482201861618447
HadGEM3-GC3-1MM,-4.5,-4.3969,4,FI,Spring barley,gdd,0.000256951290696858
IPSL-CM6A-LR,-9.5,-9.3401,5,FI,Spring barley,gdd,-0.00868361683112384
IPSL-CM6A-LR,-8.5,-8.4598,8,FI,Spring barley,gdd,-0.0232330142919015
IPSL-CM6A-LR,-7.5,-7.5255,19,FI,Spring barley,gdd,-0.0114207336312848
IPSL-CM6A-LR,-6.5,-6.5577,11,FI,Spring barley,gdd,-0.00872837146633732
IPSL-CM6A-LR,-5.5,-5.5623,13,FI,Spring barley,gdd,0.000398107669274371
IPSL-CM6A-LR,-4.5,-4.3507,11,FI,Spring barley,gdd,0.000405112420111119
IPSL-CM6A-LR,-3.5,-3.4644,8,FI,Spring barley,gdd,0.00033141465477924
IPSL-CM6A-LR,-2.5,-2.5669,9,FI,Spring barley,gdd,0.000289338085356585
IPSL-CM6A-LR,-1.5,-1.2909,6,FI,Spring barley,gdd,0.000128764281229931
IPSL-CM6A-LR,-0.5,-0.6347,8,FI,Spring barley,gdd,9.51695257388612e-05
EC-Earth3,-9.5,-9.1554,4,FR,Spring barley,gdd,0.000728718614707614
EC-Earth3,-8.5,-8.4726,15,FR,Spring barley,gdd,0.0012985115780602
EC-Earth3,-7.5,-7.5562,20,FR,Spring barley,gdd,0.000804410498778274
EC-Earth3,-6.5,-6.4767,21,FR,Spring barley,gdd,0.000619820512940647
EC-Earth3,-5.5,-5.3342,8,FR,Spring barley,gdd,0.000633274746938984
EC-Earth3,-4.5,-4.5495,8,FR,Spring barley,gdd,0.000636805507284831
EC-Earth3,-3.5,-3.3459,9,FR,Spring barley,gdd,0.000410326518542724
EC-Earth3,-2.5,-2.4493,5,FR,Spring barley,gdd,0.000553677257143065
EC-Earth3,-1.5,-1.3807,6,FR,Spring barley,gdd,0.000405047193374543
EC-Earth3,-0.5,-0.6596,3,FR,Spring barley,gdd,0.000117085443096061
HadGEM3-GC3-1LL,-8.5,-8.3848,12,FR,Spring barley,gdd,0.000965772099691876
HadGEM3-GC3-1LL,-7.5,-7.5599,19,FR,Spring barley,gdd,0.000859077480656439
HadGEM3-GC3-1LL,-6.5,-6.5442,24,FR,Spring barley,gdd,0.000640560367151444
HadGEM3-GC3-1LL,-5.5,-5.5797,10,FR,Spring barley,gdd,0.000568442964872563
HadGEM3-GC3-1LL,-4.5,-4.5263,6,FR,Spring barley,gdd,0.000508276853364236
HadGEM3-GC3-1LL,-3.5,-3.7835,7,FR,Spring barley,gdd,0.000753989913182406
HadGEM3-GC3-1LL,-2.5,-2.4504,6,FR,Spring barley,gdd,0.000187985284834431
HadGEM3-GC3-1LL,-1.5,-1.3098,8,FR,Spring barley,gdd,0.000240683248686588
HadGEM3-GC3-1LL,-0.5,-0.331,6,FR,Spring barley,gdd,0.000368794951227417
HadGEM3-GC3-1MM,-14.5,-14.3032,4,FR,Spring barley,gdd,-0.0227370191256867
HadGEM3-GC3-1MM,-13.5,-13.3931,8,FR,Spring barley,gdd,-0.0225360463029088
HadGEM3-GC3-1MM,-12.5,-12.588,13,FR,Spring barley,gdd,-0.00723001397130978
HadGEM3-GC3-1MM,-11.5,-11.5321,21,FR,Spring barley,gdd,-0.00524581024579702
HadGEM3-GC3-1MM,-10.5,-10.4803,10,FR,Spring barley,gdd,0.000581718300936756
HadGEM3-GC3-1MM,-9.5,-9.6161,7,FR,Spring barley,gdd,0.00110321124396204
HadGEM3-GC3-1MM,-8.5,-8.6582,7,FR,Spring barley,gdd,0.000906150984154375
HadGEM3-GC3-1MM,-7.5,-7.6345,8,FR,Spring barley,gdd,0.00106727013348096
HadGEM3-GC3-1MM,-6.5,-6.4299,4,FR,Spring barley,gdd,0.000631390021421215
HadGEM3-GC3-1MM,-5.5,-5.3528,4,FR,Spring barley,gdd,0.000403900949038292
HadGEM3-GC3-1MM,-4.5,-4.3969,4,FR,Spring barley,gdd,0.000282375799799887
IPSL-CM6A-LR,-9.5,-9.3401,5,FR,Spring barley,gdd,0.00127735407150577
IPSL-CM6A-LR,-8.5,-8.4598,8,FR,Spring barley,gdd,0.000862697675625092
IPSL-CM6A-LR,-7.5,-7.5255,19,FR,Spring barley,gdd,0.000876529556719955
IPSL-CM6A-LR,-6.5,-6.5577,11,FR,Spring barley,gdd,0.00111099097450287
IPSL-CM6A-LR,-5.5,-5.5623,13,FR,Spring barley,gdd,0.00051229832757204
IPSL-CM6A-LR,-4.5,-4.3507,11,FR,Spring barley,gdd,0.000504604223552015
IPSL-CM6A-LR,-3.5,-3.4644,8,FR,Spring barley,gdd,0.000695035378606594
IPSL-CM6A-LR,-2.5,-2.5669,9,FR,Spring barley,gdd,0.000319231447645374
IPSL-CM6A-LR,-1.5,-1.2909,6,FR,Spring barley,gdd,0.000261089073477987
IPSL-CM6A-LR,-0.5,-0.6347,8,FR,Spring barley,gdd,0.000206823704184721
EC-Earth3,-9.5,-9.1554,4,HU,Spring barley,gdd,0.000658652150108739
EC-Earth3,-8.5,-8.4726,15,HU,Spring barley,gdd,0.000631589020276453
EC-Earth3,-7.5,-7.5562,20,HU,Spring barley,gdd,0.000637427471974437
EC-Earth3,-6.5,-6.4767,21,HU,Spring barley,gdd,0.000391998500272429
EC-Earth3,-5.5,-5.3342,8,HU,Spring barley,gdd,3.36389166416599e-05
EC-Earth3,-4.5,-4.5495,8,HU,Spring barley,gdd,5.49057472380257e-05
EC-Earth3,-3.5,-3.3459,9,HU,Spring barley,gdd,0.00010088179885203
EC-Earth3,-2.5,-2.4493,5,HU,Spring barley,gdd,0.000264923707929288
EC-Earth3,-1.5,-1.3807,6,HU,Spring barley,gdd,0.000319796594354047
EC-Earth3,-0.5,-0.6596,3,HU,Spring barley,gdd,-0.000499730699688891
HadGEM3-GC3-1LL,-8.5,-8.3848,12,HU,Spring barley,gdd,0.000577912828948186
HadGEM3-GC3-1LL,-7.5,-7.5599,19,HU,Spring barley,gdd,0.000150960949318625
HadGEM3-GC3-1LL,-6.5,-6.5442,24,HU,Spring barley,gdd,0.000506201843693005
HadGEM3-GC3-1LL,-5.5,-5.5797,10,HU,Spring barley,gdd,0.000273866509059303
HadGEM3-GC3-1LL,-4.5,-4.5263,6,HU,Spring barley,gdd,0.000443906720242895
HadGEM3-GC3-1LL,-3.5,-3.7835,7,HU,Spring barley,gdd,0.000332323655344583
HadGEM3-GC3-1LL,-2.5,-2.4504,6,HU,Spring barley,gdd,0.000154510093894725
HadGEM3-GC3-1LL,-1.5,-1.3098,8,HU,Spring barley,gdd,6.76051183159985e-05
HadGEM3-GC3-1LL,-0.5,-0.331,6,HU,Spring barley,gdd,0.000382626115223639
HadGEM3-GC3-1MM,-14.5,-14.3032,4,HU,Spring barley,gdd,0.000733090393602319
HadGEM3-GC3-1MM,-13.5,-13.3931,8,HU,Spring barley,gdd,0.000664438554724306
HadGEM3-GC3-1MM,-12.5,-12.588,13,HU,Spring barley,gdd,0.00108084096717323
HadGEM3-GC3-1MM,-11.5,-11.5321,21,HU,Spring barley,gdd,0.000663968543315454
HadGEM3-GC3-1MM,-10.5,-10.4803,10,HU,Spring barley,gdd,0.00108049846159096
HadGEM3-GC3-1MM,-9.5,-9.6161,7,HU,Spring barley,gdd,0.000207439781146218
HadGEM3-GC3-1MM,-8.5,-8.6582,7,HU,Spring barley,gdd,0.000457512621744347
HadGEM3-GC3-1MM,-7.5,-7.6345,8,HU,Spring barley,gdd,0.000678325961112791
HadGEM3-GC3-1MM,-6.5,-6.4299,4,HU,Spring barley,gdd,0.000213932489506573
HadGEM3-GC3-1MM,-5.5,-5.3528,4,HU,Spring barley,gdd,0.000308431372936986
HadGEM3-GC3-1MM,-4.5,-4.3969,4,HU,Spring barley,gdd,0.000218126535809099
IPSL-CM6A-LR,-9.5,-9.3401,5,HU,Spring barley,gdd,0.00049597637443434
IPSL-CM6A-LR,-8.5,-8.4598,8,HU,Spring barley,gdd,0.000477392997495329
IPSL-CM6A-LR,-7.5,-7.5255,19,HU,Spring barley,gdd,0.00043681248893124
IPSL-CM6A-LR,-6.5,-6.5577,11,HU,Spring barley,gdd,0.00045293424553504
IPSL-CM6A-LR,-5.5,-5.5623,13,HU,Spring barley,gdd,0.000153282288526529
IPSL-CM6A-LR,-4.5,-4.3507,11,HU,Spring barley,gdd,8.42410197498564e-05
IPSL-CM6A-LR,-3.5,-3.4644,8,HU,Spring barley,gdd,0.000131835377575764
IPSL-CM6A-LR,-2.5,-2.5669,9,HU,Spring barley,gdd,5.51226657828759e-05
IPSL-CM6A-LR,-1.5,-1.2909,6,HU,Spring barley,gdd,0.000136672070590697
IPSL-CM6A-LR,-0.5,-0.6347,8,HU,Spring barley,gdd,-0.000125352041956313
EC-Earth3,-9.5,-9.1554,4,LT,Spring barley,gdd,0.00101236500282073
EC-Earth3,-8.5,-8.4726,15,LT,Spring barley,gdd,0.000717434993021179
EC-Earth3,-7.5,-7.5562,20,LT,Spring barley,gdd,0.000754097493563976
EC-Earth3,-6.5,-6.4767,21,LT,Spring barley,gdd,0.000487190061810683
EC-Earth3,-5.5,-5.3342,8,LT,Spring barley,gdd,0.0002826725384124
EC-Earth3,-4.5,-4.5495,8,LT,Spring barley,gdd,0.000592007927466328
EC-Earth3,-3.5,-3.3459,9,LT,Spring barley,gdd,0.000473855487660518
EC-Earth3,-2.5,-2.4493,5,LT,Spring barley,gdd,0.000743759358915618
EC-Earth3,-1.5,-1.3807,6,LT,Spring barley,gdd,0.000328230628522372
EC-Earth3,-0.5,-0.6596,3,LT,Spring barley,gdd,-0.000227802494715972
HadGEM3-GC3-1LL,-8.5,-8.3848,12,LT,Spring barley,gdd,0.00090162297505439
HadGEM3-GC3-1LL,-7.5,-7.5599,19,LT,Spring barley,gdd,0.000596935017662168
HadGEM3-GC3-1LL,-6.5,-6.5442,24,LT,Spring barley,gdd,0.000731487661697888
HadGEM3-GC3-1LL,-5.5,-5.5797,10,LT,Spring barley,gdd,0.000455443345395912
HadGEM3-GC3-1LL,-4.5,-4.5263,6,LT,Spring barley,gdd,0.000715964781160919
HadGEM3-GC3-1LL,-3.5,-3.7835,7,LT,Spring barley,gdd,0.000849000591844663
HadGEM3-GC3-1LL,-2.5,-2.4504,6,LT,Spring barley,gdd,0.000857036046601835
HadGEM3-GC3-1LL,-1.5,-1.3098,8,LT,Spring barley,gdd,0.000226101446691718
HadGEM3-GC3-1LL,-0.5,-0.331,6,LT,Spring barley,gdd,0.000400091112623882
HadGEM3-GC3-1MM,-14.5,-14.3032,4,LT,Spring barley,gdd,-0.00738517552816213
HadGEM3-GC3-1MM,-13.5,-13.3931,8,LT,Spring barley,gdd,-0.0286115952312408
HadGEM3-GC3-1MM,-12.5,-12.588,13,LT,Spring barley,gdd,-0.0380990028742108
HadGEM3-GC3-1MM,-11.5,-11.5321,21,LT,Spring barley,gdd,-0.0138751301035212
HadGEM3-GC3-1MM,-10.5,-10.4803,10,LT,Spring barley,gdd,-0.0269358035038836
HadGEM3-GC3-1MM,-9.5,-9.6161,7,LT,Spring barley,gdd,0.000297823908410518
HadGEM3-GC3-1MM,-8.5,-8.6582,7,LT,Spring barley,gdd,0.000714422076622287
HadGEM3-GC3-1MM,-7.5,-7.6345,8,LT,Spring barley,gdd,0.000825285126649986
HadGEM3-GC3-1MM,-6.5,-6.4299,4,LT,Spring barley,gdd,0.00072874744048375
HadGEM3-GC3-1MM,-5.5,-5.3528,4,LT,Spring barley,gdd,0.000676056975218616
HadGEM3-GC3-1MM,-4.5,-4.3969,4,LT,Spring barley,gdd,0.000631840792713265
IPSL-CM6A-LR,-9.5,-9.3401,5,LT,Spring barley,gdd,0.000666534770636344
IPSL-CM6A-LR,-8.5,-8.4598,8,LT,Spring barley,gdd,-0.000792610052138623
IPSL-CM6A-LR,-7.5,-7.5255,19,LT,Spring barley,gdd,0.00112744807234285
IPSL-CM6A-LR,-6.5,-6.5577,11,LT,Spring barley,gdd,0.00118794510213386
IPSL-CM6A-LR,-5.5,-5.5623,13,LT,Spring barley,gdd,0.000975766999977829
IPSL-CM6A-LR,-4.5,-4.3507,11,LT,Spring barley,gdd,0.000686682975340171
IPSL-CM6A-LR,-3.5,-3.4644,8,LT,Spring barley,gdd,0.000769849275663895
IPSL-CM6A-LR,-2.5,-2.5669,9,LT,Spring barley,gdd,0.000685043217491529
IPSL-CM6A-LR,-1.5,-1.2909,6,LT,Spring barley,gdd,0.000784588576786126
IPSL-CM6A-LR,-0.5,-0.6347,8,LT,Spring barley,gdd,0.000308490632766481
EC-Earth3,-9.5,-9.1554,4,LV,Spring barley,gdd,0.00103824151069507
EC-Earth3,-8.5,-8.4726,15,LV,Spring barley,gdd,0.000585720287284231
EC-Earth3,-7.5,-7.5562,20,LV,Spring barley,gdd,0.000837566185300159
EC-Earth3,-6.5,-6.4767,21,LV,Spring barley,gdd,0.000761843470058848
EC-Earth3,-5.5,-5.3342,8,LV,Spring barley,gdd,0.000617023041559697
EC-Earth3,-4.5,-4.5495,8,LV,Spring barley,gdd,0.00070168450148082
EC-Earth3,-3.5,-3.3459,9,LV,Spring barley,gdd,0.000630306524751371
EC-Earth3,-2.5,-2.4493,5,LV,Spring barley,gdd,0.000888430149496786
EC-Earth3,-1.5,-1.3807,6,LV,Spring barley,gdd,-1.9285487124562e-06
EC-Earth3,-0.5,-0.6596,3,LV,Spring barley,gdd,-0.000413396375318534
HadGEM3-GC3-1LL,-8.5,-8.3848,12,LV,Spring barley,gdd,0.000725614933613941
HadGEM3-GC3-1LL,-7.5,-7.5599,19,LV,Spring barley,gdd,0.000861831436832023
HadGEM3-GC3-1LL,-6.5,-6.5442,24,LV,Spring barley,gdd,0.0008872383938742
HadGEM3-GC3-1LL,-5.5,-5.5797,10,LV,Spring barley,gdd,0.000552828019380771
HadGEM3-GC3-1LL,-4.5,-4.5263,6,LV,Spring barley,gdd,0.000864595830576907
HadGEM3-GC3-1LL,-3.5,-3.7835,7,LV,Spring barley,gdd,0.000461806507195654
HadGEM3-GC3-1LL,-2.5,-2.4504,6,LV,Spring barley,gdd,0.000594430089495917
HadGEM3-GC3-1LL,-1.5,-1.3098,8,LV,Spring barley,gdd,0.000252149134714447
HadGEM3-GC3-1LL,-0.5,-0.331,6,LV,Spring barley,gdd,0.000297078102745001
HadGEM3-GC3-1MM,-14.5,-14.3032,4,LV,Spring barley,gdd,-0.0184421510446923
HadGEM3-GC3-1MM,-13.5,-13.3931,8,LV,Spring barley,gdd,-0.0437069735269435
HadGEM3-GC3-1MM,-12.5,-12.588,13,LV,Spring barley,gdd,-0.0555888681849713
HadGEM3-GC3-1MM,-11.5,-11.5321,21,LV,Spring barley,gdd,-0.0257717381240614
HadGEM3-GC3-1MM,-10.5,-10.4803,10,LV,Spring barley,gdd,-0.0370664206506945
HadGEM3-GC3-1MM,-9.5,-9.6161,7,LV,Spring barley,gdd,-0.00163090317871734
HadGEM3-GC3-1MM,-8.5,-8.6582,7,LV,Spring barley,gdd,-0.000131607406027384
HadGEM3-GC3-1MM,-7.5,-7.6345,8,LV,Spring barley,gdd,-0.000166899558874137
HadGEM3-GC3-1MM,-6.5,-6.4299,4,LV,Spring barley,gdd,0.00118772101261162
HadGEM3-GC3-1MM,-5.5,-5.3528,4,LV,Spring barley,gdd,0.00104953238462401
HadGEM3-GC3-1MM,-4.5,-4.3969,4,LV,Spring barley,gdd,0.000488194143012501
IPSL-CM6A-LR,-9.5,-9.3401,5,LV,Spring barley,gdd,-0.000776275009298388
IPSL-CM6A-LR,-8.5,-8.4598,8,LV,Spring barley,gdd,-0.00356410787578738
IPSL-CM6A-LR,-7.5,-7.5255,19,LV,Spring barley,gdd,0.00058102709977011
IPSL-CM6A-LR,-6.5,-6.5577,11,LV,Spring barley,gdd,-8.18546592303737e-06
IPSL-CM6A-LR,-5.5,-5.5623,13,LV,Spring barley,gdd,0.000869628444982933
IPSL-CM6A-LR,-4.5,-4.3507,11,LV,Spring barley,gdd,0.000725443284332033
IPSL-CM6A-LR,-3.5,-3.4644,8,LV,Spring barley,gdd,0.000545306066074432
IPSL-CM6A-LR,-2.5,-2.5669,9,LV,Spring barley,gdd,0.000710988404823998
IPSL-CM6A-LR,-1.5,-1.2909,6,LV,Spring barley,gdd,0.000807038866111431
IPSL-CM6A-LR,-0.5,-0.6347,8,LV,Spring barley,gdd,0.000521067900931886
EC-Earth3,-9.5,-9.1554,4,SE,Spring barley,gdd,0.000600259367332595
EC-Earth3,-8.5,-8.4726,15,SE,Spring barley,gdd,-0.000260268791414902
EC-Earth3,-7.5,-7.5562,20,SE,Spring barley,gdd,0.000702885185194735
EC-Earth3,-6.5,-6.4767,21,SE,Spring barley,gdd,0.000529241895734948
EC-Earth3,-5.5,-5.3342,8,SE,Spring barley,gdd,0.000475440899150186
EC-Earth3,-4.5,-4.5495,8,SE,Spring barley,gdd,-3.80232068843411e-06
EC-Earth3,-3.5,-3.3459,9,SE,Spring barley,gdd,0.000286677864891407
EC-Earth3,-2.5,-2.4493,5,SE,Spring barley,gdd,-0.000100173671977931
EC-Earth3,-1.5,-1.3807,6,SE,Spring barley,gdd,0.000284070875180311
EC-Earth3,-0.5,-0.6596,3,SE,Spring barley,gdd,0.000107679832247379
HadGEM3-GC3-1LL,-8.5,-8.3848,12,SE,Spring barley,gdd,0.000663853719149701
HadGEM3-GC3-1LL,-7.5,-7.5599,19,SE,Spring barley,gdd,0.000649535756100075
HadGEM3-GC3-1LL,-6.5,-6.5442,24,SE,Spring barley,gdd,0.000731934267028119
HadGEM3-GC3-1LL,-5.5,-5.5797,10,SE,Spring barley,gdd,0.000559704216512803
HadGEM3-GC3-1LL,-4.5,-4.5263,6,SE,Spring barley,gdd,0.000426851448604571
HadGEM3-GC3-1LL,-3.5,-3.7835,7,SE,Spring barley,gdd,0.000692692555178153
HadGEM3-GC3-1LL,-2.5,-2.4504,6,SE,Spring barley,gdd,0.000596705547485081
HadGEM3-GC3-1LL,-1.5,-1.3098,8,SE,Spring barley,gdd,0.00015878157287297
HadGEM3-GC3-1LL,-0.5,-0.331,6,SE,Spring barley,gdd,0.000280942868286986
HadGEM3-GC3-1MM,-14.5,-14.3032,4,SE,Spring barley,gdd,-0.0756742914537362
HadGEM3-GC3-1MM,-13.5,-13.3931,8,SE,Spring barley,gdd,-0.083014611213913
HadGEM3-GC3-1MM,-12.5,-12.588,13,SE,Spring barley,gdd,-0.0785967231410185
HadGEM3-GC3-1MM,-11.5,-11.5321,21,SE,Spring barley,gdd,-0.0611571680580546
HadGEM3-GC3-1MM,-10.5,-10.4803,10,SE,Spring barley,gdd,-0.05167071938999
HadGEM3-GC3-1MM,-9.5,-9.6161,7,SE,Spring barley,gdd,-0.00849551325971836
HadGEM3-GC3-1MM,-8.5,-8.6582,7,SE,Spring barley,gdd,-0.00898596507527045
HadGEM3-GC3-1MM,-7.5,-7.6345,8,SE,Spring barley,gdd,-0.00372347530766185
HadGEM3-GC3-1MM,-6.5,-6.4299,4,SE,Spring barley,gdd,0.000384618500362676
HadGEM3-GC3-1MM,-5.5,-5.3528,4,SE,Spring barley,gdd,0.000371540699752429
HadGEM3-GC3-1MM,-4.5,-4.3969,4,SE,Spring barley,gdd,0.000360304365152909
IPSL-CM6A-LR,-9.5,-9.3401,5,SE,Spring barley,gdd,-0.00702930516255128
IPSL-CM6A-LR,-8.5,-8.4598,8,SE,Spring barley,gdd,-0.0185792298385042
IPSL-CM6A-LR,-7.5,-7.5255,19,SE,Spring barley,gdd,-0.00612766031030109
IPSL-CM6A-LR,-6.5,-6.5577,11,SE,Spring barley,gdd,-0.00665863706757675
IPSL-CM6A-LR,-5.5,-5.5623,13,SE,Spring barley,gdd,0.000627459720629247
IPSL-CM6A-LR,-4.5,-4.3507,11,SE,Spring barley,gdd,0.000465069452972699
IPSL-CM6A-LR,-3.5,-3.4644,8,SE,Spring barley,gdd,0.000777046231434578
IPSL-CM6A-LR,-2.5,-2.5669,9,SE,Spring barley,gdd,0.000414717690158863
IPSL-CM6A-LR,-1.5,-1.2909,6,SE,Spring barley,gdd,0.000536869312667397
IPSL-CM6A-LR,-0.5,-0.6347,8,SE,Spring barley,gdd,0.000232255766170534
EC-Earth3,-9.5,-9.1554,4,SK,Spring barley,gdd,0.0004982892736161
EC-Earth3,-8.5,-8.4726,15,SK,Spring barley,gdd,0.000354138462522049
EC-Earth3,-7.5,-7.5562,20,SK,Spring barley,gdd,0.000477244881660035
EC-Earth3,-6.5,-6.4767,21,SK,Spring barley,gdd,-6.3816227363299e-05
EC-Earth3,-5.5,-5.3342,8,SK,Spring barley,gdd,-0.000304080323525709
EC-Earth3,-4.5,-4.5495,8,SK,Spring barley,gdd,-0.000246192686148515
EC-Earth3,-3.5,-3.3459,9,SK,Spring barley,gdd,7.43619040313813e-05
EC-Earth3,-2.5,-2.4493,5,SK,Spring barley,gdd,-5.47005938737635e-05
EC-Earth3,-1.5,-1.3807,6,SK,Spring barley,gdd,6.6550956994178e-05
EC-Earth3,-0.5,-0.6596,3,SK,Spring barley,gdd,-0.000601147873659197
HadGEM3-GC3-1LL,-8.5,-8.3848,12,SK,Spring barley,gdd,0.000186017604004379
HadGEM3-GC3-1LL,-7.5,-7.5599,19,SK,Spring barley,gdd,1.62737557597876e-06
HadGEM3-GC3-1LL,-6.5,-6.5442,24,SK,Spring barley,gdd,0.00010589397763319
HadGEM3-GC3-1LL,-5.5,-5.5797,10,SK,Spring barley,gdd,0.000153484161006118
HadGEM3-GC3-1LL,-4.5,-4.5263,6,SK,Spring barley,gdd,0.000211470561725361
HadGEM3-GC3-1LL,-3.5,-3.7835,7,SK,Spring barley,gdd,-4.1705426705371e-05
HadGEM3-GC3-1LL,-2.5,-2.4504,6,SK,Spring barley,gdd,-0.000114129842036035
HadGEM3-GC3-1LL,-1.5,-1.3098,8,SK,Spring barley,gdd,-0.000106540621652115
HadGEM3-GC3-1LL,-0.5,-0.331,6,SK,Spring barley,gdd,7.04969900005151e-05
HadGEM3-GC3-1MM,-14.5,-14.3032,4,SK,Spring barley,gdd,0.000426124215117869
HadGEM3-GC3-1MM,-13.5,-13.3931,8,SK,Spring barley,gdd,0.000332923847575487
HadGEM3-GC3-1MM,-12.5,-12.588,13,SK,Spring barley,gdd,0.000415710096894485
HadGEM3-GC3-1MM,-11.5,-11.5321,21,SK,Spring barley,gdd,0.000782944159868506
HadGEM3-GC3-1MM,-10.5,-10.4803,10,SK,Spring barley,gdd,0.000104424079967077
HadGEM3-GC3-1MM,-9.5,-9.6161,7,SK,Spring barley,gdd,0.000258547796500361
HadGEM3-GC3-1MM,-8.5,-8.6582,7,SK,Spring barley,gdd,0.000309149431497171
HadGEM3-GC3-1MM,-7.5,-7.6345,8,SK,Spring barley,gdd,0.000442836015714678
HadGEM3-GC3-1MM,-6.5,-6.4299,4,SK,Spring barley,gdd,1.89838564766249e-05
HadGEM3-GC3-1MM,-5.5,-5.3528,4,SK,Spring barley,gdd,9.9127404054394e-05
HadGEM3-GC3-1MM,-4.5,-4.3969,4,SK,Spring barley,gdd,-4.60948597804065e-05
IPSL-CM6A-LR,-9.5,-9.3401,5,SK,Spring barley,gdd,0.000353736978941096
IPSL-CM6A-LR,-8.5,-8.4598,8,SK,Spring barley,gdd,0.00027677325476606
IPSL-CM6A-LR,-7.5,-7.5255,19,SK,Spring barley,gdd,-6.39198253010833e-06
IPSL-CM6A-LR,-6.5,-6.5577,11,SK,Spring barley,gdd,0.000254141155617171
IPSL-CM6A-LR,-5.5,-5.5623,13,SK,Spring barley,gdd,2.01224595656843e-05
IPSL-CM6A-LR,-4.5,-4.3507,11,SK,Spring barley,gdd,0.000230418663243099
IPSL-CM6A-LR,-3.5,-3.4644,8,SK,Spring barley,gdd,-9.61289538685468e-06
IPSL-CM6A-LR,-2.5,-2.5669,9,SK,Spring barley,gdd,-0.000374453238449194
IPSL-CM6A-LR,-1.5,-1.2909,6,SK,Spring barley,gdd,-3.83660629489577e-05
IPSL-CM6A-LR,-0.5,-0.6347,8,SK,Spring barley,gdd,-9.95543589964625e-06
EC-Earth3,-9.5,-9.1554,4,CZ,Winter barley,gdd,-0.000252885512980127
EC-Earth3,-8.5,-8.4726,15,CZ,Winter barley,gdd,-0.000228039289208403
EC-Earth3,-7.5,-7.5562,20,CZ,Winter barley,gdd,-0.000145280689544908
EC-Earth3,-6.5,-6.4767,21,CZ,Winter barley,gdd,-0.000102871860253197
EC-Earth3,-5.5,-5.3342,8,CZ,Winter barley,gdd,-8.91387042798901e-05
EC-Earth3,-4.5,-4.5495,8,CZ,Winter barley,gdd,-2.18214811694975e-05
EC-Earth3,-3.5,-3.3459,9,CZ,Winter barley,gdd,-2.41471423932751e-05
EC-Earth3,-2.5,-2.4493,5,CZ,Winter barley,gdd,-4.83711520502687e-05
EC-Earth3,-1.5,-1.3807,6,CZ,Winter barley,gdd,-3.38063525695163e-05
EC-Earth3,-0.5,-0.6596,3,CZ,Winter barley,gdd,0.000105928019734176
HadGEM3-GC3-1LL,-8.5,-8.3848,12,CZ,Winter barley,gdd,-0.000188181671021223
HadGEM3-GC3-1LL,-7.5,-7.5599,19,CZ,Winter barley,gdd,-9.93455858482614e-05
HadGEM3-GC3-1LL,-6.5,-6.5442,24,CZ,Winter barley,gdd,-0.000108029528514707
HadGEM3-GC3-1LL,-5.5,-5.5797,10,CZ,Winter barley,gdd,-5.29863156938439e-05
HadGEM3-GC3-1LL,-4.5,-4.5263,6,CZ,Winter barley,gdd,-0.000175543593647477
HadGEM3-GC3-1LL,-3.5,-3.7835,7,CZ,Winter barley,gdd,-0.000124723952158475
HadGEM3-GC3-1LL,-2.5,-2.4504,6,CZ,Winter barley,gdd,-9.78098592110021e-05
HadGEM3-GC3-1LL,-1.5,-1.3098,8,CZ,Winter barley,gdd,1.75405581247046e-05
HadGEM3-GC3-1LL,-0.5,-0.331,6,CZ,Winter barley,gdd,-7.49804608801497e-06
HadGEM3-GC3-1MM,-14.5,-14.3032,4,CZ,Winter barley,gdd,0.000218495968844743
HadGEM3-GC3-1MM,-13.5,-13.3931,8,CZ,Winter barley,gdd,0.000946677030957867
HadGEM3-GC3-1MM,-12.5,-12.588,13,CZ,Winter barley,gdd,0.000405374660631778
HadGEM3-GC3-1MM,-11.5,-11.5321,21,CZ,Winter barley,gdd,7.98516403940405e-05
HadGEM3-GC3-1MM,-10.5,-10.4803,10,CZ,Winter barley,gdd,0.000573563728423902
HadGEM3-GC3-1MM,-9.5,-9.6161,7,CZ,Winter barley,gdd,-0.000133725645180788
HadGEM3-GC3-1MM,-8.5,-8.6582,7,CZ,Winter barley,gdd,-0.000224379074348706
HadGEM3-GC3-1MM,-7.5,-7.6345,8,CZ,Winter barley,gdd,-0.000282469746042039
HadGEM3-GC3-1MM,-6.5,-6.4299,4,CZ,Winter barley,gdd,-0.000120328036688799
HadGEM3-GC3-1MM,-5.5,-5.3528,4,CZ,Winter barley,gdd,-2.71523190174223e-05
HadGEM3-GC3-1MM,-4.5,-4.3969,4,CZ,Winter barley,gdd,-6.77533422303234e-05
IPSL-CM6A-LR,-9.5,-9.3401,5,CZ,Winter barley,gdd,-0.000244129411846502
IPSL-CM6A-LR,-8.5,-8.4598,8,CZ,Winter barley,gdd,-0.000248164021281492
IPSL-CM6A-LR,-7.5,-7.5255,19,CZ,Winter barley,gdd,-0.000251132711529674
IPSL-CM6A-LR,-6.5,-6.5577,11,CZ,Winter barley,gdd,-0.000179488721327316
IPSL-CM6A-LR,-5.5,-5.5623,13,CZ,Winter barley,gdd,-9.48687849526661e-05
IPSL-CM6A-LR,-4.5,-4.3507,11,CZ,Winter barley,gdd,-2.64093602438807e-05
IPSL-CM6A-LR,-3.5,-3.4644,8,CZ,Winter barley,gdd,-6.56874507977987e-05
IPSL-CM6A-LR,-2.5,-2.5669,9,CZ,Winter barley,gdd,-9.1719938795109e-05
IPSL-CM6A-LR,-1.5,-1.2909,6,CZ,Winter barley,gdd,-5.69792419369864e-05
IPSL-CM6A-LR,-0.5,-0.6347,8,CZ,Winter barley,gdd,4.72139884309112e-06
EC-Earth3,-9.5,-9.1554,4,DE,Winter barley,gdd,-0.000256091736367733
EC-Earth3,-8.5,-8.4726,15,DE,Winter barley,gdd,-0.000341938263941116
EC-Earth3,-7.5,-7.5562,20,DE,Winter barley,gdd,-0.000214098542459891
EC-Earth3,-6.5,-6.4767,21,DE,Winter barley,gdd,-0.000131241741645185
EC-Earth3,-5.5,-5.3342,8,DE,Winter barley,gdd,-0.000112736191663309
EC-Earth3,-4.5,-4.5495,8,DE,Winter barley,gdd,-0.000185696878557262
EC-Earth3,-3.5,-3.3459,9,DE,Winter barley,gdd,-9.44538050705595e-05
EC-Earth3,-2.5,-2.4493,5,DE,Winter barley,gdd,-0.000130607250740114
EC-Earth3,-1.5,-1.3807,6,DE,Winter barley,gdd,-4.17254930277181e-05
EC-Earth3,-0.5,-0.6596,3,DE,Winter barley,gdd,1.92709119261413e-05
HadGEM3-GC3-1LL,-8.5,-8.3848,12,DE,Winter barley,gdd,-0.00025428723501486
HadGEM3-GC3-1LL,-7.5,-7.5599,19,DE,Winter barley,gdd,-0.000184068923704779
HadGEM3-GC3-1LL,-6.5,-6.5442,24,DE,Winter barley,gdd,-0.000171952168051597
HadGEM3-GC3-1LL,-5.5,-5.5797,10,DE,Winter barley,gdd,-0.000126410029071245
HadGEM3-GC3-1LL,-4.5,-4.5263,6,DE,Winter barley,gdd,-0.000146794006900949
HadGEM3-GC3-1LL,-3.5,-3.7835,7,DE,Winter barley,gdd,-0.000202420440697448
HadGEM3-GC3-1LL,-2.5,-2.4504,6,DE,Winter barley,gdd,-8.30572192244882e-05
HadGEM3-GC3-1LL,-1.5,-1.3098,8,DE,Winter barley,gdd,-2.27859006432794e-05
HadGEM3-GC3-1LL,-0.5,-0.331,6,DE,Winter barley,gdd,-6.51920957025573e-05
HadGEM3-GC3-1MM,-14.5,-14.3032,4,DE,Winter barley,gdd,0.00600710108087052
HadGEM3-GC3-1MM,-13.5,-13.3931,8,DE,Winter barley,gdd,0.00872074700509162
HadGEM3-GC3-1MM,-12.5,-12.588,13,DE,Winter barley,gdd,0.00549019888381854
HadGEM3-GC3-1MM,-11.5,-11.5321,21,DE,Winter barley,gdd,0.00323981836911136
HadGEM3-GC3-1MM,-10.5,-10.4803,10,DE,Winter barley,gdd,0.0019276662386814
HadGEM3-GC3-1MM,-9.5,-9.6161,7,DE,Winter barley,gdd,-0.000231004112579192
HadGEM3-GC3-1MM,-8.5,-8.6582,7,DE,Winter barley,gdd,-0.000262245081222298
HadGEM3-GC3-1MM,-7.5,-7.6345,8,DE,Winter barley,gdd,-0.000302175559923217
HadGEM3-GC3-1MM,-6.5,-6.4299,4,DE,Winter barley,gdd,-0.000138405848997206
HadGEM3-GC3-1MM,-5.5,-5.3528,4,DE,Winter barley,gdd,-0.000147322729878213
HadGEM3-GC3-1MM,-4.5,-4.3969,4,DE,Winter barley,gdd,-0.000131362841757497
IPSL-CM6A-LR,-9.5,-9.3401,5,DE,Winter barley,gdd,-0.000254844762513734
IPSL-CM6A-LR,-8.5,-8.4598,8,DE,Winter barley,gdd,1.93529476665005e-05
IPSL-CM6A-LR,-7.5,-7.5255,19,DE,Winter barley,gdd,-0.00027684937785171
IPSL-CM6A-LR,-6.5,-6.5577,11,DE,Winter barley,gdd,-0.000246305126433632
IPSL-CM6A-LR,-5.5,-5.5623,13,DE,Winter barley,gdd,-0.000180667832796204
IPSL-CM6A-LR,-4.5,-4.3507,11,DE,Winter barley,gdd,-0.000145305873745136
IPSL-CM6A-LR,-3.5,-3.4644,8,DE,Winter barley,gdd,-0.000183931100011159
IPSL-CM6A-LR,-2.5,-2.5669,9,DE,Winter barley,gdd,-8.65818674423565e-05
IPSL-CM6A-LR,-1.5,-1.2909,6,DE,Winter barley,gdd,-0.000133838051997809
IPSL-CM6A-LR,-0.5,-0.6347,8,DE,Winter barley,gdd,-2.38532532451318e-05
EC-Earth3,-9.5,-9.1554,4,DK,Winter barley,gdd,-0.000213925584839119
EC-Earth3,-8.5,-8.4726,15,DK,Winter barley,gdd,-0.000325451564993115
EC-Earth3,-7.5,-7.5562,20,DK,Winter barley,gdd,-0.000246665558927312
EC-Earth3,-6.5,-6.4767,21,DK,Winter barley,gdd,-0.000179544945816826
EC-Earth3,-5.5,-5.3342,8,DK,Winter barley,gdd,-8.43100110492358e-05
EC-Earth3,-4.5,-4.5495,8,DK,Winter barley,gdd,-0.000259265714280153
EC-Earth3,-3.5,-3.3459,9,DK,Winter barley,gdd,-0.000129090614730232
EC-Earth3,-2.5,-2.4493,5,DK,Winter barley,gdd,-0.000148372252974991
EC-Earth3,-1.5,-1.3807,6,DK,Winter barley,gdd,-8.10119528379805e-05
EC-Earth3,-0.5,-0.6596,3,DK,Winter barley,gdd,3.14748625066271e-05
HadGEM3-GC3-1LL,-8.5,-8.3848,12,DK,Winter barley,gdd,-0.000302064758915242
HadGEM3-GC3-1LL,-7.5,-7.5599,19,DK,Winter barley,gdd,-0.000235657092614471
HadGEM3-GC3-1LL,-6.5,-6.5442,24,DK,Winter barley,gdd,-0.0002075273384393
HadGEM3-GC3-1LL,-5.5,-5.5797,10,DK,Winter barley,gdd,-0.000169369772887573
HadGEM3-GC3-1LL,-4.5,-4.5263,6,DK,Winter barley,gdd,-0.000102574028621576
HadGEM3-GC3-1LL,-3.5,-3.7835,7,DK,Winter barley,gdd,-0.000274803903154668
HadGEM3-GC3-1LL,-2.5,-2.4504,6,DK,Winter barley,gdd,-0.000112657071721212
HadGEM3-GC3-1LL,-1.5,-1.3098,8,DK,Winter barley,gdd,5.99595478589251e-05
HadGEM3-GC3-1LL,-0.5,-0.331,6,DK,Winter barley,gdd,9.47019793547353e-06
HadGEM3-GC3-1MM,-14.5,-14.3032,4,DK,Winter barley,gdd,0.0250279868721483
HadGEM3-GC3-1MM,-13.5,-13.3931,8,DK,Winter barley,gdd,0.028461482722125
HadGEM3-GC3-1MM,-12.5,-12.588,13,DK,Winter barley,gdd,0.0290463536376273
HadGEM3-GC3-1MM,-11.5,-11.5321,21,DK,Winter barley,gdd,0.0214168227660865
HadGEM3-GC3-1MM,-10.5,-10.4803,10,DK,Winter barley,gdd,0.0146433586018432
HadGEM3-GC3-1MM,-9.5,-9.6161,7,DK,Winter barley,gdd,0.0008311222623873
HadGEM3-GC3-1MM,-8.5,-8.6582,7,DK,Winter barley,gdd,0.000555180978834479
HadGEM3-GC3-1MM,-7.5,-7.6345,8,DK,Winter barley,gdd,-0.000161670588182929
HadGEM3-GC3-1MM,-6.5,-6.4299,4,DK,Winter barley,gdd,-4.41977839168175e-05
HadGEM3-GC3-1MM,-5.5,-5.3528,4,DK,Winter barley,gdd,-0.000155321214150863
HadGEM3-GC3-1MM,-4.5,-4.3969,4,DK,Winter barley,gdd,-9.80628690999666e-05
IPSL-CM6A-LR,-9.5,-9.3401,5,DK,Winter barley,gdd,0.00161040358402799
IPSL-CM6A-LR,-8.5,-8.4598,8,DK,Winter barley,gdd,0.00486686389475149
IPSL-CM6A-LR,-7.5,-7.5255,19,DK,Winter barley,gdd,0.000582046132807202
IPSL-CM6A-LR,-6.5,-6.5577,11,DK,Winter barley,gdd,0.00183735389190155
IPSL-CM6A-LR,-5.5,-5.5623,13,DK,Winter barley,gdd,-0.000294911503362921
IPSL-CM6A-LR,-4.5,-4.3507,11,DK,Winter barley,gdd,-0.000211362024975799
IPSL-CM6A-LR,-3.5,-3.4644,8,DK,Winter barley,gdd,-0.000246667390237772
IPSL-CM6A-LR,-2.5,-2.5669,9,DK,Winter barley,gdd,-0.000128406333179799
IPSL-CM6A-LR,-1.5,-1.2909,6,DK,Winter barley,gdd,-0.000159637591270414
IPSL-CM6A-LR,-0.5,-0.6347,8,DK,Winter barley,gdd,-1.91226974759054e-05
EC-Earth3,-9.5,-9.1554,4,EE,Winter barley,gdd,-0.00023466814594707
EC-Earth3,-8.5,-8.4726,15,EE,Winter barley,gdd,-0.000174877192544857
EC-Earth3,-7.5,-7.5562,20,EE,Winter barley,gdd,-0.000178090743948186
EC-Earth3,-6.5,-6.4767,21,EE,Winter barley,gdd,-0.000134197250812083
EC-Earth3,-5.5,-5.3342,8,EE,Winter barley,gdd,-3.35481410392667e-05
EC-Earth3,-4.5,-4.5495,8,EE,Winter barley,gdd,-0.000179097729823651
EC-Earth3,-3.5,-3.3459,9,EE,Winter barley,gdd,-0.000185198510112119
EC-Earth3,-2.5,-2.4493,5,EE,Winter barley,gdd,-0.000132423220743747
EC-Earth3,-1.5,-1.3807,6,EE,Winter barley,gdd,-8.73419536556513e-06
EC-Earth3,-0.5,-0.6596,3,EE,Winter barley,gdd,6.38473635097144e-05
HadGEM3-GC3-1LL,-8.5,-8.3848,12,EE,Winter barley,gdd,-0.000236038415033453
HadGEM3-GC3-1LL,-7.5,-7.5599,19,EE,Winter barley,gdd,-0.000178693924780709
HadGEM3-GC3-1LL,-6.5,-6.5442,24,EE,Winter barley,gdd,-0.000210445827124273
HadGEM3-GC3-1LL,-5.5,-5.5797,10,EE,Winter barley,gdd,-0.000161425116962522
HadGEM3-GC3-1LL,-4.5,-4.5263,6,EE,Winter barley,gdd,-0.000141365680671999
HadGEM3-GC3-1LL,-3.5,-3.7835,7,EE,Winter barley,gdd,-0.000136155070365419
HadGEM3-GC3-1LL,-2.5,-2.4504,6,EE,Winter barley,gdd,-0.000220794608412946
HadGEM3-GC3-1LL,-1.5,-1.3098,8,EE,Winter barley,gdd,7.01390582225151e-06
HadGEM3-GC3-1LL,-0.5,-0.331,6,EE,Winter barley,gdd,-6.37389670455983e-05
HadGEM3-GC3-1MM,-14.5,-14.3032,4,EE,Winter barley,gdd,0.0089500937777199
HadGEM3-GC3-1MM,-13.5,-13.3931,8,EE,Winter barley,gdd,0.0155743701430657
HadGEM3-GC3-1MM,-12.5,-12.588,13,EE,Winter barley,gdd,0.0184662660961621
HadGEM3-GC3-1MM,-11.5,-11.5321,21,EE,Winter barley,gdd,0.0114985728553884
HadGEM3-GC3-1MM,-10.5,-10.4803,10,EE,Winter barley,gdd,0.0132794579781784
HadGEM3-GC3-1MM,-9.5,-9.6161,7,EE,Winter barley,gdd,0.00237225224579064
HadGEM3-GC3-1MM,-8.5,-8.6582,7,EE,Winter barley,gdd,0.00140296957965645
HadGEM3-GC3-1MM,-7.5,-7.6345,8,EE,Winter barley,gdd,0.000972050125443106
HadGEM3-GC3-1MM,-6.5,-6.4299,4,EE,Winter barley,gdd,-0.000234993967831984
HadGEM3-GC3-1MM,-5.5,-5.3528,4,EE,Winter barley,gdd,-0.000247281024481784
HadGEM3-GC3-1MM,-4.5,-4.3969,4,EE,Winter barley,gdd,-0.000148242133324416
IPSL-CM6A-LR,-9.5,-9.3401,5,EE,Winter barley,gdd,0.00170934836186974
IPSL-CM6A-LR,-8.5,-8.4598,8,EE,Winter barley,gdd,0.00385497987663702
IPSL-CM6A-LR,-7.5,-7.5255,19,EE,Winter barley,gdd,0.0010886943067638
IPSL-CM6A-LR,-6.5,-6.5577,11,EE,Winter barley,gdd,0.00153133644019873
IPSL-CM6A-LR,-5.5,-5.5623,13,EE,Winter barley,gdd,-0.000177984936554811
IPSL-CM6A-LR,-4.5,-4.3507,11,EE,Winter barley,gdd,-0.000186680865079299
IPSL-CM6A-LR,-3.5,-3.4644,8,EE,Winter barley,gdd,-0.00013169107833123
IPSL-CM6A-LR,-2.5,-2.5669,9,EE,Winter barley,gdd,-0.000148504288591103
IPSL-CM6A-LR,-1.5,-1.2909,6,EE,Winter barley,gdd,-0.000107342951740072
IPSL-CM6A-LR,-0.5,-0.6347,8,EE,Winter barley,gdd,-5.77812979766319e-05
EC-Earth3,-9.5,-9.1554,4,EL,Winter barley,gdd,-8.3376376437626e-05
EC-Earth3,-8.5,-8.4726,15,EL,Winter barley,gdd,-9.52144002360084e-05
EC-Earth3,-7.5,-7.5562,20,EL,Winter barley,gdd,-0.000176714748849057
EC-Earth3,-6.5,-6.4767,21,EL,Winter barley,gdd,-0.000104911852065496
EC-Earth3,-5.5,-5.3342,8,EL,Winter barley,gdd,-9.00517681188102e-05
EC-Earth3,-4.5,-4.5495,8,EL,Winter barley,gdd,-0.000102915228850755
EC-Earth3,-3.5,-3.3459,9,EL,Winter barley,gdd,-0.000122074530197824
EC-Earth3,-2.5,-2.4493,5,EL,Winter barley,gdd,-0.000158822424346666
EC-Earth3,-1.5,-1.3807,6,EL,Winter barley,gdd,-0.00013197646833096
EC-Earth3,-0.5,-0.6596,3,EL,Winter barley,gdd,-7.38454259678969e-06
HadGEM3-GC3-1LL,-8.5,-8.3848,12,EL,Winter barley,gdd,-0.000186982935609847
HadGEM3-GC3-1LL,-7.5,-7.5599,19,EL,Winter barley,gdd,-6.07786333986823e-05
HadGEM3-GC3-1LL,-6.5,-6.5442,24,EL,Winter barley,gdd,-0.000108186367794739
HadGEM3-GC3-1LL,-5.5,-5.5797,10,EL,Winter barley,gdd,-0.000119546695283939
HadGEM3-GC3-1LL,-4.5,-4.5263,6,EL,Winter barley,gdd,-0.000114478916341828
HadGEM3-GC3-1LL,-3.5,-3.7835,7,EL,Winter barley,gdd,-0.000119986387209121
HadGEM3-GC3-1LL,-2.5,-2.4504,6,EL,Winter barley,gdd,-0.000109316801333951
HadGEM3-GC3-1LL,-1.5,-1.3098,8,EL,Winter barley,gdd,-7.5048238405165e-05
HadGEM3-GC3-1LL,-0.5,-0.331,6,EL,Winter barley,gdd,-5.04308141776074e-05
HadGEM3-GC3-1MM,-14.5,-14.3032,4,EL,Winter barley,gdd,-0.000285249642301201
HadGEM3-GC3-1MM,-13.5,-13.3931,8,EL,Winter barley,gdd,-0.000204238771405361
HadGEM3-GC3-1MM,-12.5,-12.588,13,EL,Winter barley,gdd,-0.00023179299489269
HadGEM3-GC3-1MM,-11.5,-11.5321,21,EL,Winter barley,gdd,-0.000239995277650636
HadGEM3-GC3-1MM,-10.5,-10.4803,10,EL,Winter barley,gdd,-0.000188292815790206
HadGEM3-GC3-1MM,-9.5,-9.6161,7,EL,Winter barley,gdd,-0.00011282477682909
HadGEM3-GC3-1MM,-8.5,-8.6582,7,EL,Winter barley,gdd,-0.000123282674246575
HadGEM3-GC3-1MM,-7.5,-7.6345,8,EL,Winter barley,gdd,-0.000144881821292904
HadGEM3-GC3-1MM,-6.5,-6.4299,4,EL,Winter barley,gdd,-0.000151820965625904
HadGEM3-GC3-1MM,-5.5,-5.3528,4,EL,Winter barley,gdd,-2.10483823430094e-05
HadGEM3-GC3-1MM,-4.5,-4.3969,4,EL,Winter barley,gdd,-0.000141802167601691
IPSL-CM6A-LR,-9.5,-9.3401,5,EL,Winter barley,gdd,-0.000173505293010575
IPSL-CM6A-LR,-8.5,-8.4598,8,EL,Winter barley,gdd,-0.000207049766814202
IPSL-CM6A-LR,-7.5,-7.5255,19,EL,Winter barley,gdd,-0.000104854560636128
IPSL-CM6A-LR,-6.5,-6.5577,11,EL,Winter barley,gdd,-0.000133419369252752
IPSL-CM6A-LR,-5.5,-5.5623,13,EL,Winter barley,gdd,-0.000162765971564893
IPSL-CM6A-LR,-4.5,-4.3507,11,EL,Winter barley,gdd,-8.88234379302077e-05
IPSL-CM6A-LR,-3.5,-3.4644,8,EL,Winter barley,gdd,-6.55435300902263e-05
IPSL-CM6A-LR,-2.5,-2.5669,9,EL,Winter barley,gdd,-0.000105531626314226
IPSL-CM6A-LR,-1.5,-1.2909,6,EL,Winter barley,gdd,-0.000113761976848536
IPSL-CM6A-LR,-0.5,-0.6347,8,EL,Winter barley,gdd,-1.0771429763855e-05
EC-Earth3,-9.5,-9.1554,4,ES,Winter barley,gdd,-0.000102083562146397
EC-Earth3,-8.5,-8.4726,15,ES,Winter barley,gdd,-0.000187697282218606
EC-Earth3,-7.5,-7.5562,20,ES,Winter barley,gdd,-0.000187936989407296
EC-Earth3,-6.5,-6.4767,21,ES,Winter barley,gdd,-0.000106000203857472
EC-Earth3,-5.5,-5.3342,8,ES,Winter barley,gdd,-0.000194578974693343
EC-Earth3,-4.5,-4.5495,8,ES,Winter barley,gdd,-0.00016780812412957
EC-Earth3,-3.5,-3.3459,9,ES,Winter barley,gdd,-0.000112719932432602
EC-Earth3,-2.5,-2.4493,5,ES,Winter barley,gdd,-0.000135868093768646
EC-Earth3,-1.5,-1.3807,6,ES,Winter barley,gdd,-9.55756013941524e-05
EC-Earth3,-0.5,-0.6596,3,ES,Winter barley,gdd,-2.37398385183518e-05
HadGEM3-GC3-1LL,-8.5,-8.3848,12,ES,Winter barley,gdd,-0.000112704567562967
HadGEM3-GC3-1LL,-7.5,-7.5599,19,ES,Winter barley,gdd,-0.000153121975126171
HadGEM3-GC3-1LL,-6.5,-6.5442,24,ES,Winter barley,gdd,-8.91873583272323e-05
HadGEM3-GC3-1LL,-5.5,-5.5797,10,ES,Winter barley,gdd,-0.000171861122507374
HadGEM3-GC3-1LL,-4.5,-4.5263,6,ES,Winter barley,gdd,-0.000116739966225369
HadGEM3-GC3-1LL,-3.5,-3.7835,7,ES,Winter barley,gdd,-0.00017042446994806
HadGEM3-GC3-1LL,-2.5,-2.4504,6,ES,Winter barley,gdd,-5.14324727850565e-05
HadGEM3-GC3-1LL,-1.5,-1.3098,8,ES,Winter barley,gdd,-5.29060071924135e-05
HadGEM3-GC3-1LL,-0.5,-0.331,6,ES,Winter barley,gdd,-5.39442522278355e-05
HadGEM3-GC3-1MM,-14.5,-14.3032,4,ES,Winter barley,gdd,-0.000223630832895226
HadGEM3-GC3-1MM,-13.5,-13.3931,8,ES,Winter barley,gdd,-0.000195936256609285
HadGEM3-GC3-1MM,-12.5,-12.588,13,ES,Winter barley,gdd,-0.000301504013365513
HadGEM3-GC3-1MM,-11.5,-11.5321,21,ES,Winter barley,gdd,-0.000370308874382469
HadGEM3-GC3-1MM,-10.5,-10.4803,10,ES,Winter barley,gdd,-0.000204252122421084
HadGEM3-GC3-1MM,-9.5,-9.6161,7,ES,Winter barley,gdd,-0.000142190013663833
HadGEM3-GC3-1MM,-8.5,-8.6582,7,ES,Winter barley,gdd,-0.000240308438326486
HadGEM3-GC3-1MM,-7.5,-7.6345,8,ES,Winter barley,gdd,-0.000207617263001418
HadGEM3-GC3-1MM,-6.5,-6.4299,4,ES,Winter barley,gdd,-0.000147285939231687
HadGEM3-GC3-1MM,-5.5,-5.3528,4,ES,Winter barley,gdd,-8.47962332107897e-05
HadGEM3-GC3-1MM,-4.5,-4.3969,4,ES,Winter barley,gdd,-0.000135922229318901
IPSL-CM6A-LR,-9.5,-9.3401,5,ES,Winter barley,gdd,-0.000175025305193729
IPSL-CM6A-LR,-8.5,-8.4598,8,ES,Winter barley,gdd,-0.000196962354251164
IPSL-CM6A-LR,-7.5,-7.5255,19,ES,Winter barley,gdd,-0.000160890964718212
IPSL-CM6A-LR,-6.5,-6.5577,11,ES,Winter barley,gdd,-0.000129968005125555
IPSL-CM6A-LR,-5.5,-5.5623,13,ES,Winter barley,gdd,-0.000106781876379295
IPSL-CM6A-LR,-4.5,-4.3507,11,ES,Winter barley,gdd,-2.13640477038559e-05
IPSL-CM6A-LR,-3.5,-3.4644,8,ES,Winter barley,gdd,-0.00016671829620373
IPSL-CM6A-LR,-2.5,-2.5669,9,ES,Winter barley,gdd,-0.000139874020167421
IPSL-CM6A-LR,-1.5,-1.2909,6,ES,Winter barley,gdd,-8.46688450535049e-05
IPSL-CM6A-LR,-0.5,-0.6347,8,ES,Winter barley,gdd,-3.63172371262208e-05
EC-Earth3,-9.5,-9.1554,4,FR,Winter barley,gdd,-0.000179345593635596
EC-Earth3,-8.5,-8.4726,15,FR,Winter barley,gdd,-0.000312060171607457
EC-Earth3,-7.5,-7.5562,20,FR,Winter barley,gdd,-0.000179997563870331
EC-Earth3,-6.5,-6.4767,21,FR,Winter barley,gdd,-0.000143489203823757
EC-Earth3,-5.5,-5.3342,8,FR,Winter barley,gdd,-0.000154757557775063
EC-Earth3,-4.5,-4.5495,8,FR,Winter barley,gdd,-0.000158965932108677
EC-Earth3,-3.5,-3.3459,9,FR,Winter barley,gdd,-0.000100051879376383
EC-Earth3,-2.5,-2.4493,5,FR,Winter barley,gdd,-0.000135908524121182
EC-Earth3,-1.5,-1.3807,6,FR,Winter barley,gdd,-9.03275704109344e-05
EC-Earth3,-0.5,-0.6596,3,FR,Winter barley,gdd,-2.25415190767037e-05
HadGEM3-GC3-1LL,-8.5,-8.3848,12,FR,Winter barley,gdd,-0.000216457341615221
HadGEM3-GC3-1LL,-7.5,-7.5599,19,FR,Winter barley,gdd,-0.000202698745897765
HadGEM3-GC3-1LL,-6.5,-6.5442,24,FR,Winter barley,gdd,-0.000147714125889893
HadGEM3-GC3-1LL,-5.5,-5.5797,10,FR,Winter barley,gdd,-0.000141239563991577
HadGEM3-GC3-1LL,-4.5,-4.5263,6,FR,Winter barley,gdd,-0.00011921846898179
HadGEM3-GC3-1LL,-3.5,-3.7835,7,FR,Winter barley,gdd,-0.000175517766964022
HadGEM3-GC3-1LL,-2.5,-2.4504,6,FR,Winter barley,gdd,-4.80974959388725e-05
HadGEM3-GC3-1LL,-1.5,-1.3098,8,FR,Winter barley,gdd,-4.17976531403865e-05
HadGEM3-GC3-1LL,-0.5,-0.331,6,FR,Winter barley,gdd,-7.00575610100192e-05
HadGEM3-GC3-1MM,-14.5,-14.3032,4,FR,Winter barley,gdd,0.00865758161028091
HadGEM3-GC3-1MM,-13.5,-13.3931,8,FR,Winter barley,gdd,0.00830676355722585
HadGEM3-GC3-1MM,-12.5,-12.588,13,FR,Winter barley,gdd,0.00386030302820844
HadGEM3-GC3-1MM,-11.5,-11.5321,21,FR,Winter barley,gdd,0.00301196831933587
HadGEM3-GC3-1MM,-10.5,-10.4803,10,FR,Winter barley,gdd,-2.54495559283828e-06
HadGEM3-GC3-1MM,-9.5,-9.6161,7,FR,Winter barley,gdd,-0.000243761627964281
HadGEM3-GC3-1MM,-8.5,-8.6582,7,FR,Winter barley,gdd,-0.000239891498481735
HadGEM3-GC3-1MM,-7.5,-7.6345,8,FR,Winter barley,gdd,-0.00026910492329158
HadGEM3-GC3-1MM,-6.5,-6.4299,4,FR,Winter barley,gdd,-0.000146184358360302
HadGEM3-GC3-1MM,-5.5,-5.3528,4,FR,Winter barley,gdd,-9.21637917399035e-05
HadGEM3-GC3-1MM,-4.5,-4.3969,4,FR,Winter barley,gdd,-6.05439741366088e-05
IPSL-CM6A-LR,-9.5,-9.3401,5,FR,Winter barley,gdd,-0.000298216085902823
IPSL-CM6A-LR,-8.5,-8.4598,8,FR,Winter barley,gdd,-3.76331848537891e-05
IPSL-CM6A-LR,-7.5,-7.5255,19,FR,Winter barley,gdd,-0.000229815781882093
IPSL-CM6A-LR,-6.5,-6.5577,11,FR,Winter barley,gdd,-0.000291282630330658
IPSL-CM6A-LR,-5.5,-5.5623,13,FR,Winter barley,gdd,-0.000127043458585485
IPSL-CM6A-LR,-4.5,-4.3507,11,FR,Winter barley,gdd,-0.000100706187374114
IPSL-CM6A-LR,-3.5,-3.4644,8,FR,Winter barley,gdd,-0.000150778167035578
IPSL-CM6A-LR,-2.5,-2.5669,9,FR,Winter barley,gdd,-8.55910586866381e-05
IPSL-CM6A-LR,-1.5,-1.2909,6,FR,Winter barley,gdd,-6.15162647120723e-05
IPSL-CM6A-LR,-0.5,-0.6347,8,FR,Winter barley,gdd,-4.1802926455843e-05
EC-Earth3,-9.5,-9.1554,4,HU,Winter barley,gdd,-0.000165509373634481
EC-Earth3,-8.5,-8.4726,15,HU,Winter barley,gdd,-0.000165917437221674
EC-Earth3,-7.5,-7.5562,20,HU,Winter barley,gdd,-0.000169770542029849
EC-Earth3,-6.5,-6.4767,21,HU,Winter barley,gdd,-8.10788887578984e-05
EC-Earth3,-5.5,-5.3342,8,HU,Winter barley,gdd,3.44941601709076e-05
EC-Earth3,-4.5,-4.5495,8,HU,Winter barley,gdd,-4.91689095144876e-05
EC-Earth3,-3.5,-3.3459,9,HU,Winter barley,gdd,-3.48587399917337e-05
EC-Earth3,-2.5,-2.4493,5,HU,Winter barley,gdd,-5.37415348657077e-05
EC-Earth3,-1.5,-1.3807,6,HU,Winter barley,gdd,-7.75615358622316e-05
EC-Earth3,-0.5,-0.6596,3,HU,Winter barley,gdd,0.000154292396159735
HadGEM3-GC3-1LL,-8.5,-8.3848,12,HU,Winter barley,gdd,-0.000163394315468771
HadGEM3-GC3-1LL,-7.5,-7.5599,19,HU,Winter barley,gdd,-7.52447751860532e-05
HadGEM3-GC3-1LL,-6.5,-6.5442,24,HU,Winter barley,gdd,-0.000113419718489162
HadGEM3-GC3-1LL,-5.5,-5.5797,10,HU,Winter barley,gdd,-5.30756033148714e-05
HadGEM3-GC3-1LL,-4.5,-4.5263,6,HU,Winter barley,gdd,-7.88916727861725e-05
HadGEM3-GC3-1LL,-3.5,-3.7835,7,HU,Winter barley,gdd,-0.000107488512313907
HadGEM3-GC3-1LL,-2.5,-2.4504,6,HU,Winter barley,gdd,-4.82908669236243e-06
HadGEM3-GC3-1LL,-1.5,-1.3098,8,HU,Winter barley,gdd,-6.06318384838964e-05
HadGEM3-GC3-1LL,-0.5,-0.331,6,HU,Winter barley,gdd,-9.67911780159361e-05
HadGEM3-GC3-1MM,-14.5,-14.3032,4,HU,Winter barley,gdd,-0.000198823932435766
HadGEM3-GC3-1MM,-13.5,-13.3931,8,HU,Winter barley,gdd,-0.000157452003860466
HadGEM3-GC3-1MM,-12.5,-12.588,13,HU,Winter barley,gdd,-0.000291330499240539
HadGEM3-GC3-1MM,-11.5,-11.5321,21,HU,Winter barley,gdd,-0.000151322570352221
HadGEM3-GC3-1MM,-10.5,-10.4803,10,HU,Winter barley,gdd,-0.000291564886381546
HadGEM3-GC3-1MM,-9.5,-9.6161,7,HU,Winter barley,gdd,-8.47683588634859e-05
HadGEM3-GC3-1MM,-8.5,-8.6582,7,HU,Winter barley,gdd,-0.000114706731877614
HadGEM3-GC3-1MM,-7.5,-7.6345,8,HU,Winter barley,gdd,-0.000148243500645994
HadGEM3-GC3-1MM,-6.5,-6.4299,4,HU,Winter barley,gdd,-4.56179503612697e-05
HadGEM3-GC3-1MM,-5.5,-5.3528,4,HU,Winter barley,gdd,-4.86408727715361e-05
HadGEM3-GC3-1MM,-4.5,-4.3969,4,HU,Winter barley,gdd,-5.23847488721414e-05
IPSL-CM6A-LR,-9.5,-9.3401,5,HU,Winter barley,gdd,-0.000113178777701666
IPSL-CM6A-LR,-8.5,-8.4598,8,HU,Winter barley,gdd,-0.000127203132354697
IPSL-CM6A-LR,-7.5,-7.5255,19,HU,Winter barley,gdd,-0.000107199771782464
IPSL-CM6A-LR,-6.5,-6.5577,11,HU,Winter barley,gdd,-0.000104342090451362
IPSL-CM6A-LR,-5.5,-5.5623,13,HU,Winter barley,gdd,-1.99903195844259e-05
IPSL-CM6A-LR,-4.5,-4.3507,11,HU,Winter barley,gdd,6.37702152318099e-06
IPSL-CM6A-LR,-3.5,-3.4644,8,HU,Winter barley,gdd,-3.95130890544791e-05
IPSL-CM6A-LR,-2.5,-2.5669,9,HU,Winter barley,gdd,-1.46812353049475e-05
IPSL-CM6A-LR,-1.5,-1.2909,6,HU,Winter barley,gdd,-1.37297026173531e-05
IPSL-CM6A-LR,-0.5,-0.6347,8,HU,Winter barley,gdd,1.29331714806225e-05
EC-Earth3,-9.5,-9.1554,4,IT,Winter barley,gdd,-0.00012446377437726
EC-Earth3,-8.5,-8.4726,15,IT,Winter barley,gdd,-0.000108235217493483
EC-Earth3,-7.5,-7.5562,20,IT,Winter barley,gdd,-0.000123291589392253
EC-Earth3,-6.5,-6.4767,21,IT,Winter barley,gdd,-0.000107880870057516
EC-Earth3,-5.5,-5.3342,8,IT,Winter barley,gdd,-5.20064983620425e-05
EC-Earth3,-4.5,-4.5495,8,IT,Winter barley,gdd,-9.49604802634341e-05
EC-Earth3,-3.5,-3.3459,9,IT,Winter barley,gdd,-6.81709643563618e-05
EC-Earth3,-2.5,-2.4493,5,IT,Winter barley,gdd,-4.31106374557177e-05
EC-Earth3,-1.5,-1.3807,6,IT,Winter barley,gdd,-5.4358495984585e-05
EC-Earth3,-0.5,-0.6596,3,IT,Winter barley,gdd,6.40472150789076e-05
HadGEM3-GC3-1LL,-8.5,-8.3848,12,IT,Winter barley,gdd,-0.000170741052759539
HadGEM3-GC3-1LL,-7.5,-7.5599,19,IT,Winter barley,gdd,-8.35962506794838e-05
HadGEM3-GC3-1LL,-6.5,-6.5442,24,IT,Winter barley,gdd,-0.000125424233992171
HadGEM3-GC3-1LL,-5.5,-5.5797,10,IT,Winter barley,gdd,-5.49729946273754e-05
HadGEM3-GC3-1LL,-4.5,-4.5263,6,IT,Winter barley,gdd,-0.000100460659548796
HadGEM3-GC3-1LL,-3.5,-3.7835,7,IT,Winter barley,gdd,-0.00010994801834749
HadGEM3-GC3-1LL,-2.5,-2.4504,6,IT,Winter barley,gdd,-3.35209197405531e-05
HadGEM3-GC3-1LL,-1.5,-1.3098,8,IT,Winter barley,gdd,1.30597117657114e-06
HadGEM3-GC3-1LL,-0.5,-0.331,6,IT,Winter barley,gdd,-3.58979849456216e-07
HadGEM3-GC3-1MM,-14.5,-14.3032,4,IT,Winter barley,gdd,-0.000217120187782265
HadGEM3-GC3-1MM,-13.5,-13.3931,8,IT,Winter barley,gdd,-0.000245255782816295
HadGEM3-GC3-1MM,-12.5,-12.588,13,IT,Winter barley,gdd,-0.000221548480706489
HadGEM3-GC3-1MM,-11.5,-11.5321,21,IT,Winter barley,gdd,-0.000239200554597598
HadGEM3-GC3-1MM,-10.5,-10.4803,10,IT,Winter barley,gdd,-0.000243938785634062
HadGEM3-GC3-1MM,-9.5,-9.6161,7,IT,Winter barley,gdd,-0.000146643162817168
HadGEM3-GC3-1MM,-8.5,-8.6582,7,IT,Winter barley,gdd,-0.000132190875016664
HadGEM3-GC3-1MM,-7.5,-7.6345,8,IT,Winter barley,gdd,-0.000121121149533878
HadGEM3-GC3-1MM,-6.5,-6.4299,4,IT,Winter barley,gdd,-8.65367196802855e-05
HadGEM3-GC3-1MM,-5.5,-5.3528,4,IT,Winter barley,gdd,-6.04282520799372e-05
HadGEM3-GC3-1MM,-4.5,-4.3969,4,IT,Winter barley,gdd,-5.59432849044406e-05
IPSL-CM6A-LR,-9.5,-9.3401,5,IT,Winter barley,gdd,-0.000160697278151678
IPSL-CM6A-LR,-8.5,-8.4598,8,IT,Winter barley,gdd,-0.000213468145411944
IPSL-CM6A-LR,-7.5,-7.5255,19,IT,Winter barley,gdd,-0.000108433892603038
IPSL-CM6A-LR,-6.5,-6.5577,11,IT,Winter barley,gdd,-0.000175430596322097
IPSL-CM6A-LR,-5.5,-5.5623,13,IT,Winter barley,gdd,-7.16632109645075e-05
IPSL-CM6A-LR,-4.5,-4.3507,11,IT,Winter barley,gdd,-1.32994536355016e-05
IPSL-CM6A-LR,-3.5,-3.4644,8,IT,Winter barley,gdd,-6.24363720680191e-05
IPSL-CM6A-LR,-2.5,-2.5669,9,IT,Winter barley,gdd,-4.13056773660368e-05
IPSL-CM6A-LR,-1.5,-1.2909,6,IT,Winter barley,gdd,-5.12925500950724e-05
IPSL-CM6A-LR,-0.5,-0.6347,8,IT,Winter barley,gdd,2.38016733253571e-06
EC-Earth3,-9.5,-9.1554,4,LT,Winter barley,gdd,-0.00027556348656306
EC-Earth3,-8.5,-8.4726,15,LT,Winter barley,gdd,-0.000184940155755321
EC-Earth3,-7.5,-7.5562,20,LT,Winter barley,gdd,-0.000221114403380697
EC-Earth3,-6.5,-6.4767,21,LT,Winter barley,gdd,-0.000133595415427919
EC-Earth3,-5.5,-5.3342,8,LT,Winter barley,gdd,-7.49365743332448e-05
EC-Earth3,-4.5,-4.5495,8,LT,Winter barley,gdd,-0.000174896822425488
EC-Earth3,-3.5,-3.3459,9,LT,Winter barley,gdd,-0.000130988639874935
EC-Earth3,-2.5,-2.4493,5,LT,Winter barley,gdd,-0.000203268183826321
EC-Earth3,-1.5,-1.3807,6,LT,Winter barley,gdd,-9.47004937862516e-05
EC-Earth3,-0.5,-0.6596,3,LT,Winter barley,gdd,7.40985185466474e-05
HadGEM3-GC3-1LL,-8.5,-8.3848,12,LT,Winter barley,gdd,-0.000261089518790961
HadGEM3-GC3-1LL,-7.5,-7.5599,19,LT,Winter barley,gdd,-0.000167158850078238
HadGEM3-GC3-1LL,-6.5,-6.5442,24,LT,Winter barley,gdd,-0.000206715508433102
HadGEM3-GC3-1LL,-5.5,-5.5797,10,LT,Winter barley,gdd,-0.000124433250382322
HadGEM3-GC3-1LL,-4.5,-4.5263,6,LT,Winter barley,gdd,-0.000220981276021467
HadGEM3-GC3-1LL,-3.5,-3.7835,7,LT,Winter barley,gdd,-0.000232312918407028
HadGEM3-GC3-1LL,-2.5,-2.4504,6,LT,Winter barley,gdd,-0.000243046706787345
HadGEM3-GC3-1LL,-1.5,-1.3098,8,LT,Winter barley,gdd,-8.05256166670861e-05
HadGEM3-GC3-1LL,-0.5,-0.331,6,LT,Winter barley,gdd,-0.000115115053949701
HadGEM3-GC3-1MM,-14.5,-14.3032,4,LT,Winter barley,gdd,0.00193103392398624
HadGEM3-GC3-1MM,-13.5,-13.3931,8,LT,Winter barley,gdd,0.00754950202949732
HadGEM3-GC3-1MM,-12.5,-12.588,13,LT,Winter barley,gdd,0.0102502888498207
HadGEM3-GC3-1MM,-11.5,-11.5321,21,LT,Winter barley,gdd,0.0036350583737108
HadGEM3-GC3-1MM,-10.5,-10.4803,10,LT,Winter barley,gdd,0.00727345666902779
HadGEM3-GC3-1MM,-9.5,-9.6161,7,LT,Winter barley,gdd,-8.88694965762463e-05
HadGEM3-GC3-1MM,-8.5,-8.6582,7,LT,Winter barley,gdd,-0.000197454215852316
HadGEM3-GC3-1MM,-7.5,-7.6345,8,LT,Winter barley,gdd,-0.00022791685097121
HadGEM3-GC3-1MM,-6.5,-6.4299,4,LT,Winter barley,gdd,-0.000210578684504782
HadGEM3-GC3-1MM,-5.5,-5.3528,4,LT,Winter barley,gdd,-0.000174184319919949
HadGEM3-GC3-1MM,-4.5,-4.3969,4,LT,Winter barley,gdd,-0.000188481483025994
IPSL-CM6A-LR,-9.5,-9.3401,5,LT,Winter barley,gdd,-0.000180642514750981
IPSL-CM6A-LR,-8.5,-8.4598,8,LT,Winter barley,gdd,0.000181061953892775
IPSL-CM6A-LR,-7.5,-7.5255,19,LT,Winter barley,gdd,-0.00031771686466118
IPSL-CM6A-LR,-6.5,-6.5577,11,LT,Winter barley,gdd,-0.00032989704156639
IPSL-CM6A-LR,-5.5,-5.5623,13,LT,Winter barley,gdd,-0.000271506959231943
IPSL-CM6A-LR,-4.5,-4.3507,11,LT,Winter barley,gdd,-0.000191985025523878
IPSL-CM6A-LR,-3.5,-3.4644,8,LT,Winter barley,gdd,-0.000208723693980521
IPSL-CM6A-LR,-2.5,-2.5669,9,LT,Winter barley,gdd,-0.000188539923072644
IPSL-CM6A-LR,-1.5,-1.2909,6,LT,Winter barley,gdd,-0.000212547038673127
IPSL-CM6A-LR,-0.5,-0.6347,8,LT,Winter barley,gdd,-0.000108685529941311
EC-Earth3,-9.5,-9.1554,4,LV,Winter barley,gdd,-0.000307530604850954
EC-Earth3,-8.5,-8.4726,15,LV,Winter barley,gdd,-0.000191476941597863
EC-Earth3,-7.5,-7.5562,20,LV,Winter barley,gdd,-0.000219466291294701
EC-Earth3,-6.5,-6.4767,21,LV,Winter barley,gdd,-0.000195951384322801
EC-Earth3,-5.5,-5.3342,8,LV,Winter barley,gdd,-0.000178394698385017
EC-Earth3,-4.5,-4.5495,8,LV,Winter barley,gdd,-0.000194170569080737
EC-Earth3,-3.5,-3.3459,9,LV,Winter barley,gdd,-0.000189358462456267
EC-Earth3,-2.5,-2.4493,5,LV,Winter barley,gdd,-0.000232412204634765
EC-Earth3,-1.5,-1.3807,6,LV,Winter barley,gdd,-1.15300069374169e-05
EC-Earth3,-0.5,-0.6596,3,LV,Winter barley,gdd,9.55634908073459e-05
HadGEM3-GC3-1LL,-8.5,-8.3848,12,LV,Winter barley,gdd,-0.000204613193043744
HadGEM3-GC3-1LL,-7.5,-7.5599,19,LV,Winter barley,gdd,-0.000231824272949378
HadGEM3-GC3-1LL,-6.5,-6.5442,24,LV,Winter barley,gdd,-0.000251488979352911
HadGEM3-GC3-1LL,-5.5,-5.5797,10,LV,Winter barley,gdd,-0.000164320623250135
HadGEM3-GC3-1LL,-4.5,-4.5263,6,LV,Winter barley,gdd,-0.000222623905007413
HadGEM3-GC3-1LL,-3.5,-3.7835,7,LV,Winter barley,gdd,-0.000150488672646807
HadGEM3-GC3-1LL,-2.5,-2.4504,6,LV,Winter barley,gdd,-0.0001675827334656
HadGEM3-GC3-1LL,-1.5,-1.3098,8,LV,Winter barley,gdd,-3.7876285304421e-05
HadGEM3-GC3-1LL,-0.5,-0.331,6,LV,Winter barley,gdd,-6.75996271485043e-05
HadGEM3-GC3-1MM,-14.5,-14.3032,4,LV,Winter barley,gdd,0.00507711533163098
HadGEM3-GC3-1MM,-13.5,-13.3931,8,LV,Winter barley,gdd,0.0124735027956528
HadGEM3-GC3-1MM,-12.5,-12.588,13,LV,Winter barley,gdd,0.0156981876373215
HadGEM3-GC3-1MM,-11.5,-11.5321,21,LV,Winter barley,gdd,0.0073464032585212
HadGEM3-GC3-1MM,-10.5,-10.4803,10,LV,Winter barley,gdd,0.0104309666555883
HadGEM3-GC3-1MM,-9.5,-9.6161,7,LV,Winter barley,gdd,0.000348534117162474
HadGEM3-GC3-1MM,-8.5,-8.6582,7,LV,Winter barley,gdd,-1.61596258120737e-05
HadGEM3-GC3-1MM,-7.5,-7.6345,8,LV,Winter barley,gdd,-2.23620698603834e-05
HadGEM3-GC3-1MM,-6.5,-6.4299,4,LV,Winter barley,gdd,-0.000336535919467537
HadGEM3-GC3-1MM,-5.5,-5.3528,4,LV,Winter barley,gdd,-0.000291365879737121
HadGEM3-GC3-1MM,-4.5,-4.3969,4,LV,Winter barley,gdd,-0.000138493577809039
IPSL-CM6A-LR,-9.5,-9.3401,5,LV,Winter barley,gdd,0.00015545354062868
IPSL-CM6A-LR,-8.5,-8.4598,8,LV,Winter barley,gdd,0.000951911192138354
IPSL-CM6A-LR,-7.5,-7.5255,19,LV,Winter barley,gdd,-0.000212662387081286
IPSL-CM6A-LR,-6.5,-6.5577,11,LV,Winter barley,gdd,-2.9621595576152e-05
IPSL-CM6A-LR,-5.5,-5.5623,13,LV,Winter barley,gdd,-0.000232231408854033
IPSL-CM6A-LR,-4.5,-4.3507,11,LV,Winter barley,gdd,-0.000204746103027365
IPSL-CM6A-LR,-3.5,-3.4644,8,LV,Winter barley,gdd,-0.000150959709692326
IPSL-CM6A-LR,-2.5,-2.5669,9,LV,Winter barley,gdd,-0.00018459391516587
IPSL-CM6A-LR,-1.5,-1.2909,6,LV,Winter barley,gdd,-0.000219642633348012
IPSL-CM6A-LR,-0.5,-0.6347,8,LV,Winter barley,gdd,-0.000154578420185067
EC-Earth3,-9.5,-9.1554,4,SE,Winter barley,gdd,-0.000287285293563376
EC-Earth3,-8.5,-8.4726,15,SE,Winter barley,gdd,-0.000210538441355865
EC-Earth3,-7.5,-7.5562,20,SE,Winter barley,gdd,-0.00022198536436999
EC-Earth3,-6.5,-6.4767,21,SE,Winter barley,gdd,-0.00012568741932097
EC-Earth3,-5.5,-5.3342,8,SE,Winter barley,gdd,-0.000144541224178812
EC-Earth3,-4.5,-4.5495,8,SE,Winter barley,gdd,-0.00024517707507411
EC-Earth3,-3.5,-3.3459,9,SE,Winter barley,gdd,-0.000167397067518632
EC-Earth3,-2.5,-2.4493,5,SE,Winter barley,gdd,-0.000176251001507603
EC-Earth3,-1.5,-1.3807,6,SE,Winter barley,gdd,-4.34423851798567e-05
EC-Earth3,-0.5,-0.6596,3,SE,Winter barley,gdd,-3.54516904528465e-05
HadGEM3-GC3-1LL,-8.5,-8.3848,12,SE,Winter barley,gdd,-0.000207352546998357
HadGEM3-GC3-1LL,-7.5,-7.5599,19,SE,Winter barley,gdd,-0.000182672693746861
HadGEM3-GC3-1LL,-6.5,-6.5442,24,SE,Winter barley,gdd,-0.000237049184642418
HadGEM3-GC3-1LL,-5.5,-5.5797,10,SE,Winter barley,gdd,-0.000147108618612375
HadGEM3-GC3-1LL,-4.5,-4.5263,6,SE,Winter barley,gdd,-0.000120878891509965
HadGEM3-GC3-1LL,-3.5,-3.7835,7,SE,Winter barley,gdd,-0.000203847052378282
HadGEM3-GC3-1LL,-2.5,-2.4504,6,SE,Winter barley,gdd,-0.000157027901142298
HadGEM3-GC3-1LL,-1.5,-1.3098,8,SE,Winter barley,gdd,-3.71216698051138e-05
HadGEM3-GC3-1LL,-0.5,-0.331,6,SE,Winter barley,gdd,-8.44879148882641e-05
HadGEM3-GC3-1MM,-14.5,-14.3032,4,SE,Winter barley,gdd,0.0211764513210858
HadGEM3-GC3-1MM,-13.5,-13.3931,8,SE,Winter barley,gdd,0.022724427298275
HadGEM3-GC3-1MM,-12.5,-12.588,13,SE,Winter barley,gdd,0.021873756479657
HadGEM3-GC3-1MM,-11.5,-11.5321,21,SE,Winter barley,gdd,0.0154654141769101
HadGEM3-GC3-1MM,-10.5,-10.4803,10,SE,Winter barley,gdd,0.0123516433674314
HadGEM3-GC3-1MM,-9.5,-9.6161,7,SE,Winter barley,gdd,0.0014471839389135
HadGEM3-GC3-1MM,-8.5,-8.6582,7,SE,Winter barley,gdd,0.00123939941264685
HadGEM3-GC3-1MM,-7.5,-7.6345,8,SE,Winter barley,gdd,0.000413710129146401
HadGEM3-GC3-1MM,-6.5,-6.4299,4,SE,Winter barley,gdd,-0.000139553064025874
HadGEM3-GC3-1MM,-5.5,-5.3528,4,SE,Winter barley,gdd,-0.000182771087294375
HadGEM3-GC3-1MM,-4.5,-4.3969,4,SE,Winter barley,gdd,-8.3026365220038e-05
IPSL-CM6A-LR,-9.5,-9.3401,5,SE,Winter barley,gdd,0.000992890843468582
IPSL-CM6A-LR,-8.5,-8.4598,8,SE,Winter barley,gdd,0.00317902177065536
IPSL-CM6A-LR,-7.5,-7.5255,19,SE,Winter barley,gdd,0.000309975827792675
IPSL-CM6A-LR,-6.5,-6.5577,11,SE,Winter barley,gdd,0.00109275887661928
IPSL-CM6A-LR,-5.5,-5.5623,13,SE,Winter barley,gdd,-0.000218867838697604
IPSL-CM6A-LR,-4.5,-4.3507,11,SE,Winter barley,gdd,-0.000153046335517904
IPSL-CM6A-LR,-3.5,-3.4644,8,SE,Winter barley,gdd,-0.000253580466646358
IPSL-CM6A-LR,-2.5,-2.5669,9,SE,Winter barley,gdd,-9.15159929847321e-05
IPSL-CM6A-LR,-1.5,-1.2909,6,SE,Winter barley,gdd,-0.000146040774456023
IPSL-CM6A-LR,-0.5,-0.6347,8,SE,Winter barley,gdd,-4.16757371068887e-05
EC-Earth3,-9.5,-9.1554,4,SK,Winter barley,gdd,-0.000151218586918278
EC-Earth3,-8.5,-8.4726,15,SK,Winter barley,gdd,-0.000105373665558233
EC-Earth3,-7.5,-7.5562,20,SK,Winter barley,gdd,-0.000152439165207481
EC-Earth3,-6.5,-6.4767,21,SK,Winter barley,gdd,-4.7517520392567e-06
EC-Earth3,-5.5,-5.3342,8,SK,Winter barley,gdd,7.3075803054335e-05
EC-Earth3,-4.5,-4.5495,8,SK,Winter barley,gdd,2.55735462412721e-05
EC-Earth3,-3.5,-3.3459,9,SK,Winter barley,gdd,-1.70542282452711e-05
EC-Earth3,-2.5,-2.4493,5,SK,Winter barley,gdd,1.42179731592813e-05
EC-Earth3,-1.5,-1.3807,6,SK,Winter barley,gdd,-1.49276288182104e-05
EC-Earth3,-0.5,-0.6596,3,SK,Winter barley,gdd,0.000135192856655403
HadGEM3-GC3-1LL,-8.5,-8.3848,12,SK,Winter barley,gdd,-5.71264913488468e-05
HadGEM3-GC3-1LL,-7.5,-7.5599,19,SK,Winter barley,gdd,2.7223982016973e-07
HadGEM3-GC3-1LL,-6.5,-6.5442,24,SK,Winter barley,gdd,-4.36692355824834e-05
HadGEM3-GC3-1LL,-5.5,-5.5797,10,SK,Winter barley,gdd,-4.40263792379365e-05
HadGEM3-GC3-1LL,-4.5,-4.5263,6,SK,Winter barley,gdd,-5.31724862551391e-05
HadGEM3-GC3-1LL,-3.5,-3.7835,7,SK,Winter barley,gdd,-7.30953957598769e-06
HadGEM3-GC3-1LL,-2.5,-2.4504,6,SK,Winter barley,gdd,2.97886599140036e-05
HadGEM3-GC3-1LL,-1.5,-1.3098,8,SK,Winter barley,gdd,1.33954994821573e-06
HadGEM3-GC3-1LL,-0.5,-0.331,6,SK,Winter barley,gdd,-2.28966056321765e-05
HadGEM3-GC3-1MM,-14.5,-14.3032,4,SK,Winter barley,gdd,-0.000133062267082383
HadGEM3-GC3-1MM,-13.5,-13.3931,8,SK,Winter barley,gdd,-0.000100766152241855
HadGEM3-GC3-1MM,-12.5,-12.588,13,SK,Winter barley,gdd,-8.98344706748021e-05
HadGEM3-GC3-1MM,-11.5,-11.5321,21,SK,Winter barley,gdd,-0.000214308847655749
HadGEM3-GC3-1MM,-10.5,-10.4803,10,SK,Winter barley,gdd,-1.64214712564246e-05
HadGEM3-GC3-1MM,-9.5,-9.6161,7,SK,Winter barley,gdd,-6.99376545077712e-05
HadGEM3-GC3-1MM,-8.5,-8.6582,7,SK,Winter barley,gdd,-8.84887328757222e-05
HadGEM3-GC3-1MM,-7.5,-7.6345,8,SK,Winter barley,gdd,-0.000146778585485402
HadGEM3-GC3-1MM,-6.5,-6.4299,4,SK,Winter barley,gdd,-2.14075768574692e-05
HadGEM3-GC3-1MM,-5.5,-5.3528,4,SK,Winter barley,gdd,-1.59950955967176e-05
HadGEM3-GC3-1MM,-4.5,-4.3969,4,SK,Winter barley,gdd,1.31174921019248e-06
IPSL-CM6A-LR,-9.5,-9.3401,5,SK,Winter barley,gdd,-0.00010231853817331
IPSL-CM6A-LR,-8.5,-8.4598,8,SK,Winter barley,gdd,-9.39587119364542e-05
IPSL-CM6A-LR,-7.5,-7.5255,19,SK,Winter barley,gdd,-1.2959274462605e-05
IPSL-CM6A-LR,-6.5,-6.5577,11,SK,Winter barley,gdd,-5.71715368635269e-05
IPSL-CM6A-LR,-5.5,-5.5623,13,SK,Winter barley,gdd,-2.04915968660204e-05
IPSL-CM6A-LR,-4.5,-4.3507,11,SK,Winter barley,gdd,-5.47422057327804e-05
IPSL-CM6A-LR,-3.5,-3.4644,8,SK,Winter barley,gdd,-1.61151110291428e-05
IPSL-CM6A-LR,-2.5,-2.5669,9,SK,Winter barley,gdd,7.51102475766948e-05
IPSL-CM6A-LR,-1.5,-1.2909,6,SK,Winter barley,gdd,-2.57331091250633e-05
IPSL-CM6A-LR,-0.5,-0.6347,8,SK,Winter barley,gdd,1.16145617832997e-05
EC-Earth3,-9.5,-9.1554,4,CZ,Soft wheat,heat,0.00814893127394804
EC-Earth3,-8.5,-8.4726,15,CZ,Soft wheat,heat,0.00726438518751981
EC-Earth3,-7.5,-7.5562,20,CZ,Soft wheat,heat,0.00682743103533299
EC-Earth3,-6.5,-6.4767,21,CZ,Soft wheat,heat,0.00076661967703056
EC-Earth3,-5.5,-5.3342,8,CZ,Soft wheat,heat,-0.00272435563921625
EC-Earth3,-4.5,-4.5495,8,CZ,Soft wheat,heat,0.0022454552769461
EC-Earth3,-3.5,-3.3459,9,CZ,Soft wheat,heat,0.00132405080558791
EC-Earth3,-2.5,-2.4493,5,CZ,Soft wheat,heat,0.00302024240279486
EC-Earth3,-1.5,-1.3807,6,CZ,Soft wheat,heat,0.00375853485911541
EC-Earth3,-0.5,-0.6596,3,CZ,Soft wheat,heat,-0.00912710664188782
HadGEM3-GC3-1LL,-8.5,-8.3848,12,CZ,Soft wheat,heat,-0.00176939503918805
HadGEM3-GC3-1LL,-7.5,-7.5599,19,CZ,Soft wheat,heat,-0.00230398950147749
HadGEM3-GC3-1LL,-6.5,-6.5442,24,CZ,Soft wheat,heat,0.00326196245779067
HadGEM3-GC3-1LL,-5.5,-5.5797,10,CZ,Soft wheat,heat,0.000317366975448155
HadGEM3-GC3-1LL,-4.5,-4.5263,6,CZ,Soft wheat,heat,0.00375803897887312
HadGEM3-GC3-1LL,-3.5,-3.7835,7,CZ,Soft wheat,heat,0.00215034432565338
HadGEM3-GC3-1LL,-2.5,-2.4504,6,CZ,Soft wheat,heat,0.00143023373910812
HadGEM3-GC3-1LL,-1.5,-1.3098,8,CZ,Soft wheat,heat,-0.000989992495076606
HadGEM3-GC3-1LL,-0.5,-0.331,6,CZ,Soft wheat,heat,0.00156545380564326
HadGEM3-GC3-1MM,-14.5,-14.3032,4,CZ,Soft wheat,heat,0.0048372003821292
HadGEM3-GC3-1MM,-13.5,-13.3931,8,CZ,Soft wheat,heat,0.00640868715164524
HadGEM3-GC3-1MM,-12.5,-12.588,13,CZ,Soft wheat,heat,0.00273973056706354
HadGEM3-GC3-1MM,-11.5,-11.5321,21,CZ,Soft wheat,heat,0.00752408537085698
HadGEM3-GC3-1MM,-10.5,-10.4803,10,CZ,Soft wheat,heat,0.0109402613038312
HadGEM3-GC3-1MM,-9.5,-9.6161,7,CZ,Soft wheat,heat,-0.0093408027174288
HadGEM3-GC3-1MM,-8.5,-8.6582,7,CZ,Soft wheat,heat,0.00472429758474219
HadGEM3-GC3-1MM,-7.5,-7.6345,8,CZ,Soft wheat,heat,0.00800495161943691
HadGEM3-GC3-1MM,-6.5,-6.4299,4,CZ,Soft wheat,heat,-0.000272430236081743
HadGEM3-GC3-1MM,-5.5,-5.3528,4,CZ,Soft wheat,heat,0.00216560117165187
HadGEM3-GC3-1MM,-4.5,-4.3969,4,CZ,Soft wheat,heat,-0.00114431279884458
IPSL-CM6A-LR,-9.5,-9.3401,5,CZ,Soft wheat,heat,0.0078904096754244
IPSL-CM6A-LR,-8.5,-8.4598,8,CZ,Soft wheat,heat,0.00798708960869224
IPSL-CM6A-LR,-7.5,-7.5255,19,CZ,Soft wheat,heat,0.00557541370528895
IPSL-CM6A-LR,-6.5,-6.5577,11,CZ,Soft wheat,heat,0.00451463717245395
IPSL-CM6A-LR,-5.5,-5.5623,13,CZ,Soft wheat,heat,0.00593739934576639
IPSL-CM6A-LR,-4.5,-4.3507,11,CZ,Soft wheat,heat,0.0021836924837989
IPSL-CM6A-LR,-3.5,-3.4644,8,CZ,Soft wheat,heat,0.0051926659114435
IPSL-CM6A-LR,-2.5,-2.5669,9,CZ,Soft wheat,heat,0.00463548762607448
IPSL-CM6A-LR,-1.5,-1.2909,6,CZ,Soft wheat,heat,0.00219102018883469
IPSL-CM6A-LR,-0.5,-0.6347,8,CZ,Soft wheat,heat,0.0023495111261304
EC-Earth3,-9.5,-9.1554,4,DE,Soft wheat,heat,0.00800727793829986
EC-Earth3,-8.5,-8.4726,15,DE,Soft wheat,heat,0.00633208563363542
EC-Earth3,-7.5,-7.5562,20,DE,Soft wheat,heat,0.00612654259528018
EC-Earth3,-6.5,-6.4767,21,DE,Soft wheat,heat,0.00177693429846711
EC-Earth3,-5.5,-5.3342,8,DE,Soft wheat,heat,-0.000418076647298784
EC-Earth3,-4.5,-4.5495,8,DE,Soft wheat,heat,0.00373450425802499
EC-Earth3,-3.5,-3.3459,9,DE,Soft wheat,heat,1.12982545852773e-05
EC-Earth3,-2.5,-2.4493,5,DE,Soft wheat,heat,0.00397137557406091
EC-Earth3,-1.5,-1.3807,6,DE,Soft wheat,heat,0.00289559975718662
EC-Earth3,-0.5,-0.6596,3,DE,Soft wheat,heat,-0.00413633100896088
HadGEM3-GC3-1LL,-8.5,-8.3848,12,DE,Soft wheat,heat,-0.000435641363385242
HadGEM3-GC3-1LL,-7.5,-7.5599,19,DE,Soft wheat,heat,0.00128513363563292
HadGEM3-GC3-1LL,-6.5,-6.5442,24,DE,Soft wheat,heat,0.00254719853022145
HadGEM3-GC3-1LL,-5.5,-5.5797,10,DE,Soft wheat,heat,0.000115087231649954
HadGEM3-GC3-1LL,-4.5,-4.5263,6,DE,Soft wheat,heat,0.00286139480906647
HadGEM3-GC3-1LL,-3.5,-3.7835,7,DE,Soft wheat,heat,0.00363293134491505
HadGEM3-GC3-1LL,-2.5,-2.4504,6,DE,Soft wheat,heat,0.00124767966443172
HadGEM3-GC3-1LL,-1.5,-1.3098,8,DE,Soft wheat,heat,2.17364315631836e-05
HadGEM3-GC3-1LL,-0.5,-0.331,6,DE,Soft wheat,heat,0.000218508804525949
HadGEM3-GC3-1MM,-14.5,-14.3032,4,DE,Soft wheat,heat,0.00867830822628397
HadGEM3-GC3-1MM,-13.5,-13.3931,8,DE,Soft wheat,heat,0.0103507448627066
HadGEM3-GC3-1MM,-12.5,-12.588,13,DE,Soft wheat,heat,0.00644952076348289
HadGEM3-GC3-1MM,-11.5,-11.5321,21,DE,Soft wheat,heat,0.00905331805675479
HadGEM3-GC3-1MM,-10.5,-10.4803,10,DE,Soft wheat,heat,0.0099399928899788
HadGEM3-GC3-1MM,-9.5,-9.6161,7,DE,Soft wheat,heat,-0.000796621887999993
HadGEM3-GC3-1MM,-8.5,-8.6582,7,DE,Soft wheat,heat,0.00572772476037938
HadGEM3-GC3-1MM,-7.5,-7.6345,8,DE,Soft wheat,heat,0.0080546191213338
HadGEM3-GC3-1MM,-6.5,-6.4299,4,DE,Soft wheat,heat,0.0021357027290161
HadGEM3-GC3-1MM,-5.5,-5.3528,4,DE,Soft wheat,heat,0.00445947654068752
HadGEM3-GC3-1MM,-4.5,-4.3969,4,DE,Soft wheat,heat,0.000342254816470835
IPSL-CM6A-LR,-9.5,-9.3401,5,DE,Soft wheat,heat,0.00693925835195129
IPSL-CM6A-LR,-8.5,-8.4598,8,DE,Soft wheat,heat,0.00749237600733663
IPSL-CM6A-LR,-7.5,-7.5255,19,DE,Soft wheat,heat,0.00470990984520174
IPSL-CM6A-LR,-6.5,-6.5577,11,DE,Soft wheat,heat,0.00446231983947098
IPSL-CM6A-LR,-5.5,-5.5623,13,DE,Soft wheat,heat,0.00477888669850669
IPSL-CM6A-LR,-4.5,-4.3507,11,DE,Soft wheat,heat,0.00299362521189425
IPSL-CM6A-LR,-3.5,-3.4644,8,DE,Soft wheat,heat,0.0056448443299289
IPSL-CM6A-LR,-2.5,-2.5669,9,DE,Soft wheat,heat,0.00295766487125479
IPSL-CM6A-LR,-1.5,-1.2909,6,DE,Soft wheat,heat,0.00310665807369833
IPSL-CM6A-LR,-0.5,-0.6347,8,DE,Soft wheat,heat,0.00165702243796195
EC-Earth3,-9.5,-9.1554,4,DK,Soft wheat,heat,0.000727343185198547
EC-Earth3,-8.5,-8.4726,15,DK,Soft wheat,heat,0.00071662013327386
EC-Earth3,-7.5,-7.5562,20,DK,Soft wheat,heat,0.000709942160753874
EC-Earth3,-6.5,-6.4767,21,DK,Soft wheat,heat,0.000574420427335159
EC-Earth3,-5.5,-5.3342,8,DK,Soft wheat,heat,0.000375412929773256
EC-Earth3,-4.5,-4.5495,8,DK,Soft wheat,heat,0.000674379669286246
EC-Earth3,-3.5,-3.3459,9,DK,Soft wheat,heat,0.00030990489793708
EC-Earth3,-2.5,-2.4493,5,DK,Soft wheat,heat,0.000680500630799187
EC-Earth3,-1.5,-1.3807,6,DK,Soft wheat,heat,0.00028475588255838
EC-Earth3,-0.5,-0.6596,3,DK,Soft wheat,heat,-8.98365598839554e-05
HadGEM3-GC3-1LL,-8.5,-8.3848,12,DK,Soft wheat,heat,0.000518846791563115
HadGEM3-GC3-1LL,-7.5,-7.5599,19,DK,Soft wheat,heat,0.000582138393763769
HadGEM3-GC3-1LL,-6.5,-6.5442,24,DK,Soft wheat,heat,0.000472845352539288
HadGEM3-GC3-1LL,-5.5,-5.5797,10,DK,Soft wheat,heat,0.000373262130985165
HadGEM3-GC3-1LL,-4.5,-4.5263,6,DK,Soft wheat,heat,0.000477147187807031
HadGEM3-GC3-1LL,-3.5,-3.7835,7,DK,Soft wheat,heat,0.00064813023880885
HadGEM3-GC3-1LL,-2.5,-2.4504,6,DK,Soft wheat,heat,0.000317241733412286
HadGEM3-GC3-1LL,-1.5,-1.3098,8,DK,Soft wheat,heat,-6.84789775642316e-05
HadGEM3-GC3-1LL,-0.5,-0.331,6,DK,Soft wheat,heat,-0.000170784685646414
HadGEM3-GC3-1MM,-14.5,-14.3032,4,DK,Soft wheat,heat,0.000788843636903472
HadGEM3-GC3-1MM,-13.5,-13.3931,8,DK,Soft wheat,heat,0.000792249558417185
HadGEM3-GC3-1MM,-12.5,-12.588,13,DK,Soft wheat,heat,0.000795184670566643
HadGEM3-GC3-1MM,-11.5,-11.5321,21,DK,Soft wheat,heat,0.000793892694253773
HadGEM3-GC3-1MM,-10.5,-10.4803,10,DK,Soft wheat,heat,0.000790630994420524
HadGEM3-GC3-1MM,-9.5,-9.6161,7,DK,Soft wheat,heat,0.000649847564026047
HadGEM3-GC3-1MM,-8.5,-8.6582,7,DK,Soft wheat,heat,0.000736142933779353
HadGEM3-GC3-1MM,-7.5,-7.6345,8,DK,Soft wheat,heat,0.000738462759385377
HadGEM3-GC3-1MM,-6.5,-6.4299,4,DK,Soft wheat,heat,1.51831832918119e-05
HadGEM3-GC3-1MM,-5.5,-5.3528,4,DK,Soft wheat,heat,0.00063867112797396
HadGEM3-GC3-1MM,-4.5,-4.3969,4,DK,Soft wheat,heat,0.000137442975775365
IPSL-CM6A-LR,-9.5,-9.3401,5,DK,Soft wheat,heat,0.000746043465725636
IPSL-CM6A-LR,-8.5,-8.4598,8,DK,Soft wheat,heat,0.000772441545569501
IPSL-CM6A-LR,-7.5,-7.5255,19,DK,Soft wheat,heat,0.000728520399640531
IPSL-CM6A-LR,-6.5,-6.5577,11,DK,Soft wheat,heat,0.000707407963578571
IPSL-CM6A-LR,-5.5,-5.5623,13,DK,Soft wheat,heat,0.000612568276985454
IPSL-CM6A-LR,-4.5,-4.3507,11,DK,Soft wheat,heat,0.000611445132853639
IPSL-CM6A-LR,-3.5,-3.4644,8,DK,Soft wheat,heat,0.000666496047220769
IPSL-CM6A-LR,-2.5,-2.5669,9,DK,Soft wheat,heat,0.000451594481792348
IPSL-CM6A-LR,-1.5,-1.2909,6,DK,Soft wheat,heat,0.000558934227841324
IPSL-CM6A-LR,-0.5,-0.6347,8,DK,Soft wheat,heat,0.000354046659020731
EC-Earth3,-9.5,-9.1554,4,EE,Soft wheat,heat,0.000632639963506398
EC-Earth3,-8.5,-8.4726,15,EE,Soft wheat,heat,0.00202782175631226
EC-Earth3,-7.5,-7.5562,20,EE,Soft wheat,heat,0.00232548474793228
EC-Earth3,-6.5,-6.4767,21,EE,Soft wheat,heat,0.0016491770228948
EC-Earth3,-5.5,-5.3342,8,EE,Soft wheat,heat,0.00110100983505258
EC-Earth3,-4.5,-4.5495,8,EE,Soft wheat,heat,0.00267861713413331
EC-Earth3,-3.5,-3.3459,9,EE,Soft wheat,heat,0.00222306934932763
EC-Earth3,-2.5,-2.4493,5,EE,Soft wheat,heat,0.00255589558417431
EC-Earth3,-1.5,-1.3807,6,EE,Soft wheat,heat,0.000655629152994761
EC-Earth3,-0.5,-0.6596,3,EE,Soft wheat,heat,-0.00236736114255384
HadGEM3-GC3-1LL,-8.5,-8.3848,12,EE,Soft wheat,heat,0.0024056337619177
HadGEM3-GC3-1LL,-7.5,-7.5599,19,EE,Soft wheat,heat,0.00237629543000085
HadGEM3-GC3-1LL,-6.5,-6.5442,24,EE,Soft wheat,heat,0.00201394590574021
HadGEM3-GC3-1LL,-5.5,-5.5797,10,EE,Soft wheat,heat,0.00164725803529632
HadGEM3-GC3-1LL,-4.5,-4.5263,6,EE,Soft wheat,heat,0.00194692108006835
HadGEM3-GC3-1LL,-3.5,-3.7835,7,EE,Soft wheat,heat,0.00236439914566083
HadGEM3-GC3-1LL,-2.5,-2.4504,6,EE,Soft wheat,heat,0.00175189724965229
HadGEM3-GC3-1LL,-1.5,-1.3098,8,EE,Soft wheat,heat,5.36264642398649e-05
HadGEM3-GC3-1LL,-0.5,-0.331,6,EE,Soft wheat,heat,0.000219246022691457
HadGEM3-GC3-1MM,-14.5,-14.3032,4,EE,Soft wheat,heat,0.00359565753967093
HadGEM3-GC3-1MM,-13.5,-13.3931,8,EE,Soft wheat,heat,0.00375879925105253
HadGEM3-GC3-1MM,-12.5,-12.588,13,EE,Soft wheat,heat,0.00382415839788841
HadGEM3-GC3-1MM,-11.5,-11.5321,21,EE,Soft wheat,heat,0.00377201068495568
HadGEM3-GC3-1MM,-10.5,-10.4803,10,EE,Soft wheat,heat,0.00389459981538577
HadGEM3-GC3-1MM,-9.5,-9.6161,7,EE,Soft wheat,heat,0.00277565570620267
HadGEM3-GC3-1MM,-8.5,-8.6582,7,EE,Soft wheat,heat,0.00326122612408894
HadGEM3-GC3-1MM,-7.5,-7.6345,8,EE,Soft wheat,heat,0.00317212281264108
HadGEM3-GC3-1MM,-6.5,-6.4299,4,EE,Soft wheat,heat,0.00272572131610226
HadGEM3-GC3-1MM,-5.5,-5.3528,4,EE,Soft wheat,heat,0.00181415303887337
HadGEM3-GC3-1MM,-4.5,-4.3969,4,EE,Soft wheat,heat,0.00149786027438655
IPSL-CM6A-LR,-9.5,-9.3401,5,EE,Soft wheat,heat,0.00337891564891689
IPSL-CM6A-LR,-8.5,-8.4598,8,EE,Soft wheat,heat,0.00321915229951916
IPSL-CM6A-LR,-7.5,-7.5255,19,EE,Soft wheat,heat,0.00313301529945833
IPSL-CM6A-LR,-6.5,-6.5577,11,EE,Soft wheat,heat,0.0028819111143135
IPSL-CM6A-LR,-5.5,-5.5623,13,EE,Soft wheat,heat,0.00245660863642987
IPSL-CM6A-LR,-4.5,-4.3507,11,EE,Soft wheat,heat,0.00285352733904778
IPSL-CM6A-LR,-3.5,-3.4644,8,EE,Soft wheat,heat,0.00209726361441383
IPSL-CM6A-LR,-2.5,-2.5669,9,EE,Soft wheat,heat,0.00219767649726717
IPSL-CM6A-LR,-1.5,-1.2909,6,EE,Soft wheat,heat,0.00229523930679119
IPSL-CM6A-LR,-0.5,-0.6347,8,EE,Soft wheat,heat,0.00059871323067881
EC-Earth3,-9.5,-9.1554,4,EL,Soft wheat,heat,0.0176316660961595
EC-Earth3,-8.5,-8.4726,15,EL,Soft wheat,heat,0.0180002602652108
EC-Earth3,-7.5,-7.5562,20,EL,Soft wheat,heat,0.0193142955213601
EC-Earth3,-6.5,-6.4767,21,EL,Soft wheat,heat,0.0175495673062585
EC-Earth3,-5.5,-5.3342,8,EL,Soft wheat,heat,0.013009600807698
EC-Earth3,-4.5,-4.5495,8,EL,Soft wheat,heat,0.00268108300183683
EC-Earth3,-3.5,-3.3459,9,EL,Soft wheat,heat,0.0183823221958933
EC-Earth3,-2.5,-2.4493,5,EL,Soft wheat,heat,-0.00929890028875758
EC-Earth3,-1.5,-1.3807,6,EL,Soft wheat,heat,0.00973569789162253
EC-Earth3,-0.5,-0.6596,3,EL,Soft wheat,heat,0.00734841461376427
HadGEM3-GC3-1LL,-8.5,-8.3848,12,EL,Soft wheat,heat,0.0133518176728628
HadGEM3-GC3-1LL,-7.5,-7.5599,19,EL,Soft wheat,heat,-0.00266485603397371
HadGEM3-GC3-1LL,-6.5,-6.5442,24,EL,Soft wheat,heat,0.0183520083857928
HadGEM3-GC3-1LL,-5.5,-5.5797,10,EL,Soft wheat,heat,0.00522144365857346
HadGEM3-GC3-1LL,-4.5,-4.5263,6,EL,Soft wheat,heat,0.00769524381492447
HadGEM3-GC3-1LL,-3.5,-3.7835,7,EL,Soft wheat,heat,0.0012770466015427
HadGEM3-GC3-1LL,-2.5,-2.4504,6,EL,Soft wheat,heat,-0.00250048395584751
HadGEM3-GC3-1LL,-1.5,-1.3098,8,EL,Soft wheat,heat,0.0105566701670553
HadGEM3-GC3-1LL,-0.5,-0.331,6,EL,Soft wheat,heat,-0.00217755841085802
HadGEM3-GC3-1MM,-14.5,-14.3032,4,EL,Soft wheat,heat,0.00780020675996348
HadGEM3-GC3-1MM,-13.5,-13.3931,8,EL,Soft wheat,heat,-0.00373105721147254
HadGEM3-GC3-1MM,-12.5,-12.588,13,EL,Soft wheat,heat,0.00819463692238418
HadGEM3-GC3-1MM,-11.5,-11.5321,21,EL,Soft wheat,heat,0.00596925353556185
HadGEM3-GC3-1MM,-10.5,-10.4803,10,EL,Soft wheat,heat,-0.0019972686423463
HadGEM3-GC3-1MM,-9.5,-9.6161,7,EL,Soft wheat,heat,-0.00792527734054186
HadGEM3-GC3-1MM,-8.5,-8.6582,7,EL,Soft wheat,heat,-0.00122409740460869
HadGEM3-GC3-1MM,-7.5,-7.6345,8,EL,Soft wheat,heat,-0.00433762979419273
HadGEM3-GC3-1MM,-6.5,-6.4299,4,EL,Soft wheat,heat,0.00455436685828963
HadGEM3-GC3-1MM,-5.5,-5.3528,4,EL,Soft wheat,heat,-0.0147626569258696
HadGEM3-GC3-1MM,-4.5,-4.3969,4,EL,Soft wheat,heat,-0.00669709463277011
IPSL-CM6A-LR,-9.5,-9.3401,5,EL,Soft wheat,heat,0.0293531641612279
IPSL-CM6A-LR,-8.5,-8.4598,8,EL,Soft wheat,heat,0.0229982138406473
IPSL-CM6A-LR,-7.5,-7.5255,19,EL,Soft wheat,heat,0.0174332936503904
IPSL-CM6A-LR,-6.5,-6.5577,11,EL,Soft wheat,heat,0.0208448850359753
IPSL-CM6A-LR,-5.5,-5.5623,13,EL,Soft wheat,heat,0.0151487547631145
IPSL-CM6A-LR,-4.5,-4.3507,11,EL,Soft wheat,heat,0.00818031728867676
IPSL-CM6A-LR,-3.5,-3.4644,8,EL,Soft wheat,heat,0.00301202376047817
IPSL-CM6A-LR,-2.5,-2.5669,9,EL,Soft wheat,heat,0.0149485151049786
IPSL-CM6A-LR,-1.5,-1.2909,6,EL,Soft wheat,heat,0.00829645155240883
IPSL-CM6A-LR,-0.5,-0.6347,8,EL,Soft wheat,heat,-0.00393563542498644
EC-Earth3,-9.5,-9.1554,4,ES,Soft wheat,heat,0.0110727561502917
EC-Earth3,-8.5,-8.4726,15,ES,Soft wheat,heat,0.00500400838590085
EC-Earth3,-7.5,-7.5562,20,ES,Soft wheat,heat,0.00835884435751366
EC-Earth3,-6.5,-6.4767,21,ES,Soft wheat,heat,-0.00326924515995408
EC-Earth3,-5.5,-5.3342,8,ES,Soft wheat,heat,0.0104819757607242
EC-Earth3,-4.5,-4.5495,8,ES,Soft wheat,heat,0.00267387740252721
EC-Earth3,-3.5,-3.3459,9,ES,Soft wheat,heat,0.00768969272657413
EC-Earth3,-2.5,-2.4493,5,ES,Soft wheat,heat,0.000149209300184249
EC-Earth3,-1.5,-1.3807,6,ES,Soft wheat,heat,0.0104234387772392
EC-Earth3,-0.5,-0.6596,3,ES,Soft wheat,heat,-0.0171905414273734
HadGEM3-GC3-1LL,-8.5,-8.3848,12,ES,Soft wheat,heat,0.000217406995842129
HadGEM3-GC3-1LL,-7.5,-7.5599,19,ES,Soft wheat,heat,0.00604960414573451
HadGEM3-GC3-1LL,-6.5,-6.5442,24,ES,Soft wheat,heat,0.00771947096119767
HadGEM3-GC3-1LL,-5.5,-5.5797,10,ES,Soft wheat,heat,0.00296162620970356
HadGEM3-GC3-1LL,-4.5,-4.5263,6,ES,Soft wheat,heat,0.000180179168208824
HadGEM3-GC3-1LL,-3.5,-3.7835,7,ES,Soft wheat,heat,0.00750959156250752
HadGEM3-GC3-1LL,-2.5,-2.4504,6,ES,Soft wheat,heat,-0.0052349102219655
HadGEM3-GC3-1LL,-1.5,-1.3098,8,ES,Soft wheat,heat,-0.00619515242747383
HadGEM3-GC3-1LL,-0.5,-0.331,6,ES,Soft wheat,heat,-0.013082811479055
HadGEM3-GC3-1MM,-14.5,-14.3032,4,ES,Soft wheat,heat,0.0171591118730571
HadGEM3-GC3-1MM,-13.5,-13.3931,8,ES,Soft wheat,heat,0.0442913052184591
HadGEM3-GC3-1MM,-12.5,-12.588,13,ES,Soft wheat,heat,0.036007047386291
HadGEM3-GC3-1MM,-11.5,-11.5321,21,ES,Soft wheat,heat,0.019532034809927
HadGEM3-GC3-1MM,-10.5,-10.4803,10,ES,Soft wheat,heat,0.0111732683249913
HadGEM3-GC3-1MM,-9.5,-9.6161,7,ES,Soft wheat,heat,-0.00427205772611903
HadGEM3-GC3-1MM,-8.5,-8.6582,7,ES,Soft wheat,heat,0.00531067808741368
HadGEM3-GC3-1MM,-7.5,-7.6345,8,ES,Soft wheat,heat,-0.00576987657244955
HadGEM3-GC3-1MM,-6.5,-6.4299,4,ES,Soft wheat,heat,-0.00160513889864063
HadGEM3-GC3-1MM,-5.5,-5.3528,4,ES,Soft wheat,heat,-0.0214665538388771
HadGEM3-GC3-1MM,-4.5,-4.3969,4,ES,Soft wheat,heat,0.0128172031115644
IPSL-CM6A-LR,-9.5,-9.3401,5,ES,Soft wheat,heat,0.0163208150133194
IPSL-CM6A-LR,-8.5,-8.4598,8,ES,Soft wheat,heat,0.0188870626258543
IPSL-CM6A-LR,-7.5,-7.5255,19,ES,Soft wheat,heat,0.0102482548726965
IPSL-CM6A-LR,-6.5,-6.5577,11,ES,Soft wheat,heat,0.0121805757052468
IPSL-CM6A-LR,-5.5,-5.5623,13,ES,Soft wheat,heat,0.00859478493206935
IPSL-CM6A-LR,-4.5,-4.3507,11,ES,Soft wheat,heat,-0.0172852118471027
IPSL-CM6A-LR,-3.5,-3.4644,8,ES,Soft wheat,heat,-0.0107587497895894
IPSL-CM6A-LR,-2.5,-2.5669,9,ES,Soft wheat,heat,0.00364022411789862
IPSL-CM6A-LR,-1.5,-1.2909,6,ES,Soft wheat,heat,-0.00601686434534976
IPSL-CM6A-LR,-0.5,-0.6347,8,ES,Soft wheat,heat,-0.00235547917047769
EC-Earth3,-9.5,-9.1554,4,FI,Soft wheat,heat,0.00160962422841552
EC-Earth3,-8.5,-8.4726,15,FI,Soft wheat,heat,0.00170656756964111
EC-Earth3,-7.5,-7.5562,20,FI,Soft wheat,heat,0.00156265644207396
EC-Earth3,-6.5,-6.4767,21,FI,Soft wheat,heat,0.00116540068013515
EC-Earth3,-5.5,-5.3342,8,FI,Soft wheat,heat,0.00108842188231037
EC-Earth3,-4.5,-4.5495,8,FI,Soft wheat,heat,0.00196394262820334
EC-Earth3,-3.5,-3.3459,9,FI,Soft wheat,heat,0.00174043876977035
EC-Earth3,-2.5,-2.4493,5,FI,Soft wheat,heat,0.00183619447367515
EC-Earth3,-1.5,-1.3807,6,FI,Soft wheat,heat,0.000844378773724062
EC-Earth3,-0.5,-0.6596,3,FI,Soft wheat,heat,-0.000351628631249226
HadGEM3-GC3-1LL,-8.5,-8.3848,12,FI,Soft wheat,heat,0.00162754819822344
HadGEM3-GC3-1LL,-7.5,-7.5599,19,FI,Soft wheat,heat,0.00154276507151323
HadGEM3-GC3-1LL,-6.5,-6.5442,24,FI,Soft wheat,heat,0.00130318431742921
HadGEM3-GC3-1LL,-5.5,-5.5797,10,FI,Soft wheat,heat,0.00103359652486585
HadGEM3-GC3-1LL,-4.5,-4.5263,6,FI,Soft wheat,heat,0.00123242745973816
HadGEM3-GC3-1LL,-3.5,-3.7835,7,FI,Soft wheat,heat,0.00155751359505594
HadGEM3-GC3-1LL,-2.5,-2.4504,6,FI,Soft wheat,heat,0.00105090115079972
HadGEM3-GC3-1LL,-1.5,-1.3098,8,FI,Soft wheat,heat,0.000170408088142126
HadGEM3-GC3-1LL,-0.5,-0.331,6,FI,Soft wheat,heat,2.16081264761818e-05
HadGEM3-GC3-1MM,-14.5,-14.3032,4,FI,Soft wheat,heat,0.00226631079551727
HadGEM3-GC3-1MM,-13.5,-13.3931,8,FI,Soft wheat,heat,0.00226669127968968
HadGEM3-GC3-1MM,-12.5,-12.588,13,FI,Soft wheat,heat,0.00229416957003098
HadGEM3-GC3-1MM,-11.5,-11.5321,21,FI,Soft wheat,heat,0.00229435299198991
HadGEM3-GC3-1MM,-10.5,-10.4803,10,FI,Soft wheat,heat,0.0023017349039505
HadGEM3-GC3-1MM,-9.5,-9.6161,7,FI,Soft wheat,heat,0.00208884034591459
HadGEM3-GC3-1MM,-8.5,-8.6582,7,FI,Soft wheat,heat,0.00216981361901306
HadGEM3-GC3-1MM,-7.5,-7.6345,8,FI,Soft wheat,heat,0.00203882554785846
HadGEM3-GC3-1MM,-6.5,-6.4299,4,FI,Soft wheat,heat,0.00182336466290501
HadGEM3-GC3-1MM,-5.5,-5.3528,4,FI,Soft wheat,heat,0.00160140609562528
HadGEM3-GC3-1MM,-4.5,-4.3969,4,FI,Soft wheat,heat,0.00122458275912147
IPSL-CM6A-LR,-9.5,-9.3401,5,FI,Soft wheat,heat,0.00186006918804553
IPSL-CM6A-LR,-8.5,-8.4598,8,FI,Soft wheat,heat,0.00202991815005915
IPSL-CM6A-LR,-7.5,-7.5255,19,FI,Soft wheat,heat,0.00197881910697877
IPSL-CM6A-LR,-6.5,-6.5577,11,FI,Soft wheat,heat,0.00183159515835346
IPSL-CM6A-LR,-5.5,-5.5623,13,FI,Soft wheat,heat,0.00144393689037136
IPSL-CM6A-LR,-4.5,-4.3507,11,FI,Soft wheat,heat,0.00176955308522237
IPSL-CM6A-LR,-3.5,-3.4644,8,FI,Soft wheat,heat,0.00131948693923904
IPSL-CM6A-LR,-2.5,-2.5669,9,FI,Soft wheat,heat,0.00125541507549266
IPSL-CM6A-LR,-1.5,-1.2909,6,FI,Soft wheat,heat,0.00159627326415767
IPSL-CM6A-LR,-0.5,-0.6347,8,FI,Soft wheat,heat,0.000539063622937725
EC-Earth3,-9.5,-9.1554,4,FR,Soft wheat,heat,0.00788503872987117
EC-Earth3,-8.5,-8.4726,15,FR,Soft wheat,heat,0.00634782482301114
EC-Earth3,-7.5,-7.5562,20,FR,Soft wheat,heat,0.00787061100590156
EC-Earth3,-6.5,-6.4767,21,FR,Soft wheat,heat,0.00159961130225608
EC-Earth3,-5.5,-5.3342,8,FR,Soft wheat,heat,0.00351634242830174
EC-Earth3,-4.5,-4.5495,8,FR,Soft wheat,heat,0.00258288459657884
EC-Earth3,-3.5,-3.3459,9,FR,Soft wheat,heat,-0.00436310747671237
EC-Earth3,-2.5,-2.4493,5,FR,Soft wheat,heat,0.00508931259993495
EC-Earth3,-1.5,-1.3807,6,FR,Soft wheat,heat,0.00317309826907797
EC-Earth3,-0.5,-0.6596,3,FR,Soft wheat,heat,-0.00455742075145878
HadGEM3-GC3-1LL,-8.5,-8.3848,12,FR,Soft wheat,heat,-0.00452199228715726
HadGEM3-GC3-1LL,-7.5,-7.5599,19,FR,Soft wheat,heat,0.00271632946149863
HadGEM3-GC3-1LL,-6.5,-6.5442,24,FR,Soft wheat,heat,0.0020199305757819
HadGEM3-GC3-1LL,-5.5,-5.5797,10,FR,Soft wheat,heat,0.00108092747962228
HadGEM3-GC3-1LL,-4.5,-4.5263,6,FR,Soft wheat,heat,-0.000951678479661958
HadGEM3-GC3-1LL,-3.5,-3.7835,7,FR,Soft wheat,heat,0.00475368949904891
HadGEM3-GC3-1LL,-2.5,-2.4504,6,FR,Soft wheat,heat,-0.00279335321478881
HadGEM3-GC3-1LL,-1.5,-1.3098,8,FR,Soft wheat,heat,-0.000910599849336157
HadGEM3-GC3-1LL,-0.5,-0.331,6,FR,Soft wheat,heat,-0.00245547944061639
HadGEM3-GC3-1MM,-14.5,-14.3032,4,FR,Soft wheat,heat,0.0118359008258786
HadGEM3-GC3-1MM,-13.5,-13.3931,8,FR,Soft wheat,heat,0.015536312812712
HadGEM3-GC3-1MM,-12.5,-12.588,13,FR,Soft wheat,heat,0.00969654995839461
HadGEM3-GC3-1MM,-11.5,-11.5321,21,FR,Soft wheat,heat,0.0113561148317202
HadGEM3-GC3-1MM,-10.5,-10.4803,10,FR,Soft wheat,heat,0.00833201107426964
HadGEM3-GC3-1MM,-9.5,-9.6161,7,FR,Soft wheat,heat,0.00202064489276288
HadGEM3-GC3-1MM,-8.5,-8.6582,7,FR,Soft wheat,heat,0.0063627791655758
HadGEM3-GC3-1MM,-7.5,-7.6345,8,FR,Soft wheat,heat,0.00863885678411135
HadGEM3-GC3-1MM,-6.5,-6.4299,4,FR,Soft wheat,heat,-0.00306213553706236
HadGEM3-GC3-1MM,-5.5,-5.3528,4,FR,Soft wheat,heat,0.00445078345642979
HadGEM3-GC3-1MM,-4.5,-4.3969,4,FR,Soft wheat,heat,0.00197649407121857
IPSL-CM6A-LR,-9.5,-9.3401,5,FR,Soft wheat,heat,0.00561160505809737
IPSL-CM6A-LR,-8.5,-8.4598,8,FR,Soft wheat,heat,0.00776501688036934
IPSL-CM6A-LR,-7.5,-7.5255,19,FR,Soft wheat,heat,0.00308809229986726
IPSL-CM6A-LR,-6.5,-6.5577,11,FR,Soft wheat,heat,0.00171477793346796
IPSL-CM6A-LR,-5.5,-5.5623,13,FR,Soft wheat,heat,0.00262335095833756
IPSL-CM6A-LR,-4.5,-4.3507,11,FR,Soft wheat,heat,-5.68545800073265e-05
IPSL-CM6A-LR,-3.5,-3.4644,8,FR,Soft wheat,heat,0.00372879099027837
IPSL-CM6A-LR,-2.5,-2.5669,9,FR,Soft wheat,heat,-0.000309623725035335
IPSL-CM6A-LR,-1.5,-1.2909,6,FR,Soft wheat,heat,0.00168417037842675
IPSL-CM6A-LR,-0.5,-0.6347,8,FR,Soft wheat,heat,-0.000848790344436385
EC-Earth3,-9.5,-9.1554,4,HU,Soft wheat,heat,0.0178933003786517
EC-Earth3,-8.5,-8.4726,15,HU,Soft wheat,heat,0.0189585879046261
EC-Earth3,-7.5,-7.5562,20,HU,Soft wheat,heat,0.0181646972657927
EC-Earth3,-6.5,-6.4767,21,HU,Soft wheat,heat,0.00478412139892108
EC-Earth3,-5.5,-5.3342,8,HU,Soft wheat,heat,-0.00777693981647396
EC-Earth3,-4.5,-4.5495,8,HU,Soft wheat,heat,0.00632328115698513
EC-Earth3,-3.5,-3.3459,9,HU,Soft wheat,heat,0.0140379981184011
EC-Earth3,-2.5,-2.4493,5,HU,Soft wheat,heat,-0.00501518425596277
EC-Earth3,-1.5,-1.3807,6,HU,Soft wheat,heat,0.0142484406161602
EC-Earth3,-0.5,-0.6596,3,HU,Soft wheat,heat,-0.0193127715842658
HadGEM3-GC3-1LL,-8.5,-8.3848,12,HU,Soft wheat,heat,0.00046167112295808
HadGEM3-GC3-1LL,-7.5,-7.5599,19,HU,Soft wheat,heat,-0.0109481787685724
HadGEM3-GC3-1LL,-6.5,-6.5442,24,HU,Soft wheat,heat,0.010561140399448
HadGEM3-GC3-1LL,-5.5,-5.5797,10,HU,Soft wheat,heat,-0.00192809640149632
HadGEM3-GC3-1LL,-4.5,-4.5263,6,HU,Soft wheat,heat,0.0137743656324826
HadGEM3-GC3-1LL,-3.5,-3.7835,7,HU,Soft wheat,heat,0.00474888559597355
HadGEM3-GC3-1LL,-2.5,-2.4504,6,HU,Soft wheat,heat,0.00234135174637551
HadGEM3-GC3-1LL,-1.5,-1.3098,8,HU,Soft wheat,heat,0.00429548314600156
HadGEM3-GC3-1LL,-0.5,-0.331,6,HU,Soft wheat,heat,0.00728100721480465
HadGEM3-GC3-1MM,-14.5,-14.3032,4,HU,Soft wheat,heat,-0.000960549105234571
HadGEM3-GC3-1MM,-13.5,-13.3931,8,HU,Soft wheat,heat,0.000305972517590662
HadGEM3-GC3-1MM,-12.5,-12.588,13,HU,Soft wheat,heat,0.00385976836933862
HadGEM3-GC3-1MM,-11.5,-11.5321,21,HU,Soft wheat,heat,0.00688885602780406
HadGEM3-GC3-1MM,-10.5,-10.4803,10,HU,Soft wheat,heat,0.021443579054091
HadGEM3-GC3-1MM,-9.5,-9.6161,7,HU,Soft wheat,heat,-0.0185601112591694
HadGEM3-GC3-1MM,-8.5,-8.6582,7,HU,Soft wheat,heat,-0.00218293101242934
HadGEM3-GC3-1MM,-7.5,-7.6345,8,HU,Soft wheat,heat,0.0143931417488439
HadGEM3-GC3-1MM,-6.5,-6.4299,4,HU,Soft wheat,heat,0.00358289814100266
HadGEM3-GC3-1MM,-5.5,-5.3528,4,HU,Soft wheat,heat,-0.00344973821785278
HadGEM3-GC3-1MM,-4.5,-4.3969,4,HU,Soft wheat,heat,-0.0110423457863247
IPSL-CM6A-LR,-9.5,-9.3401,5,HU,Soft wheat,heat,0.0192357778181383
IPSL-CM6A-LR,-8.5,-8.4598,8,HU,Soft wheat,heat,0.0201458600630623
IPSL-CM6A-LR,-7.5,-7.5255,19,HU,Soft wheat,heat,0.0136393396053607
IPSL-CM6A-LR,-6.5,-6.5577,11,HU,Soft wheat,heat,0.00997045751324353
IPSL-CM6A-LR,-5.5,-5.5623,13,HU,Soft wheat,heat,0.0163149426228704
IPSL-CM6A-LR,-4.5,-4.3507,11,HU,Soft wheat,heat,0.00468876489545424
IPSL-CM6A-LR,-3.5,-3.4644,8,HU,Soft wheat,heat,0.0112824935216283
IPSL-CM6A-LR,-2.5,-2.5669,9,HU,Soft wheat,heat,0.0134638425026297
IPSL-CM6A-LR,-1.5,-1.2909,6,HU,Soft wheat,heat,0.0013199151280595
IPSL-CM6A-LR,-0.5,-0.6347,8,HU,Soft wheat,heat,0.00135680746172331
EC-Earth3,-9.5,-9.1554,4,IT,Soft wheat,heat,0.0243022749577319
EC-Earth3,-8.5,-8.4726,15,IT,Soft wheat,heat,0.0126403016402639
EC-Earth3,-7.5,-7.5562,20,IT,Soft wheat,heat,0.0172512948330562
EC-Earth3,-6.5,-6.4767,21,IT,Soft wheat,heat,0.000285306982789416
EC-Earth3,-5.5,-5.3342,8,IT,Soft wheat,heat,-0.00495302484297318
EC-Earth3,-4.5,-4.5495,8,IT,Soft wheat,heat,-0.0101386943457715
EC-Earth3,-3.5,-3.3459,9,IT,Soft wheat,heat,0.0140712131403241
EC-Earth3,-2.5,-2.4493,5,IT,Soft wheat,heat,-0.00930351808390164
EC-Earth3,-1.5,-1.3807,6,IT,Soft wheat,heat,0.00621855807352481
EC-Earth3,-0.5,-0.6596,3,IT,Soft wheat,heat,-0.014521650088686
HadGEM3-GC3-1LL,-8.5,-8.3848,12,IT,Soft wheat,heat,-0.00530591274629207
HadGEM3-GC3-1LL,-7.5,-7.5599,19,IT,Soft wheat,heat,-0.00874207888574053
HadGEM3-GC3-1LL,-6.5,-6.5442,24,IT,Soft wheat,heat,0.0133006180078391
HadGEM3-GC3-1LL,-5.5,-5.5797,10,IT,Soft wheat,heat,0.00230528399133481
HadGEM3-GC3-1LL,-4.5,-4.5263,6,IT,Soft wheat,heat,0.00869370424541122
HadGEM3-GC3-1LL,-3.5,-3.7835,7,IT,Soft wheat,heat,-0.00492970604624584
HadGEM3-GC3-1LL,-2.5,-2.4504,6,IT,Soft wheat,heat,-0.00678178435180725
HadGEM3-GC3-1LL,-1.5,-1.3098,8,IT,Soft wheat,heat,0.00236752017713726
HadGEM3-GC3-1LL,-0.5,-0.331,6,IT,Soft wheat,heat,-0.00269511411421066
HadGEM3-GC3-1MM,-14.5,-14.3032,4,IT,Soft wheat,heat,0.00894987240600979
HadGEM3-GC3-1MM,-13.5,-13.3931,8,IT,Soft wheat,heat,0.0133253063367348
HadGEM3-GC3-1MM,-12.5,-12.588,13,IT,Soft wheat,heat,0.00477886133136209
HadGEM3-GC3-1MM,-11.5,-11.5321,21,IT,Soft wheat,heat,0.0122065775390691
HadGEM3-GC3-1MM,-10.5,-10.4803,10,IT,Soft wheat,heat,0.0161526805529688
HadGEM3-GC3-1MM,-9.5,-9.6161,7,IT,Soft wheat,heat,-0.0118975724245388
HadGEM3-GC3-1MM,-8.5,-8.6582,7,IT,Soft wheat,heat,-0.00239710826425502
HadGEM3-GC3-1MM,-7.5,-7.6345,8,IT,Soft wheat,heat,0.00137319730691218
HadGEM3-GC3-1MM,-6.5,-6.4299,4,IT,Soft wheat,heat,-0.000394350737607282
HadGEM3-GC3-1MM,-5.5,-5.3528,4,IT,Soft wheat,heat,0.00189778801829975
HadGEM3-GC3-1MM,-4.5,-4.3969,4,IT,Soft wheat,heat,-0.00396007388632147
IPSL-CM6A-LR,-9.5,-9.3401,5,IT,Soft wheat,heat,0.0193298690900816
IPSL-CM6A-LR,-8.5,-8.4598,8,IT,Soft wheat,heat,0.0217995364410135
IPSL-CM6A-LR,-7.5,-7.5255,19,IT,Soft wheat,heat,0.0113516610041073
IPSL-CM6A-LR,-6.5,-6.5577,11,IT,Soft wheat,heat,0.0132592704091612
IPSL-CM6A-LR,-5.5,-5.5623,13,IT,Soft wheat,heat,0.014378617879915
IPSL-CM6A-LR,-4.5,-4.3507,11,IT,Soft wheat,heat,-0.00943209744531542
IPSL-CM6A-LR,-3.5,-3.4644,8,IT,Soft wheat,heat,0.00754170907824092
IPSL-CM6A-LR,-2.5,-2.5669,9,IT,Soft wheat,heat,0.00922707577453286
IPSL-CM6A-LR,-1.5,-1.2909,6,IT,Soft wheat,heat,-0.00181856388450336
IPSL-CM6A-LR,-0.5,-0.6347,8,IT,Soft wheat,heat,-8.40714538622656e-05
EC-Earth3,-9.5,-9.1554,4,LT,Soft wheat,heat,0.00109101662111171
EC-Earth3,-8.5,-8.4726,15,LT,Soft wheat,heat,0.00325113742698359
EC-Earth3,-7.5,-7.5562,20,LT,Soft wheat,heat,0.0035734302041746
EC-Earth3,-6.5,-6.4767,21,LT,Soft wheat,heat,0.00224981838767783
EC-Earth3,-5.5,-5.3342,8,LT,Soft wheat,heat,0.00118098344533995
EC-Earth3,-4.5,-4.5495,8,LT,Soft wheat,heat,0.00296342850754632
EC-Earth3,-3.5,-3.3459,9,LT,Soft wheat,heat,0.00225894611623284
EC-Earth3,-2.5,-2.4493,5,LT,Soft wheat,heat,0.00331000953350791
EC-Earth3,-1.5,-1.3807,6,LT,Soft wheat,heat,0.00119633022834379
EC-Earth3,-0.5,-0.6596,3,LT,Soft wheat,heat,-0.00569162643982393
HadGEM3-GC3-1LL,-8.5,-8.3848,12,LT,Soft wheat,heat,0.00251563337156006
HadGEM3-GC3-1LL,-7.5,-7.5599,19,LT,Soft wheat,heat,0.0022306971173718
HadGEM3-GC3-1LL,-6.5,-6.5442,24,LT,Soft wheat,heat,0.00215867934174564
HadGEM3-GC3-1LL,-5.5,-5.5797,10,LT,Soft wheat,heat,0.000831072145948646
HadGEM3-GC3-1LL,-4.5,-4.5263,6,LT,Soft wheat,heat,0.00271195163110499
HadGEM3-GC3-1LL,-3.5,-3.7835,7,LT,Soft wheat,heat,0.00330388969369328
HadGEM3-GC3-1LL,-2.5,-2.4504,6,LT,Soft wheat,heat,0.00188700285813295
HadGEM3-GC3-1LL,-1.5,-1.3098,8,LT,Soft wheat,heat,-0.00011187827861201
HadGEM3-GC3-1LL,-0.5,-0.331,6,LT,Soft wheat,heat,0.000779447330395847
HadGEM3-GC3-1MM,-14.5,-14.3032,4,LT,Soft wheat,heat,0.00502846430029496
HadGEM3-GC3-1MM,-13.5,-13.3931,8,LT,Soft wheat,heat,0.0055918356141041
HadGEM3-GC3-1MM,-12.5,-12.588,13,LT,Soft wheat,heat,0.006220820225662
HadGEM3-GC3-1MM,-11.5,-11.5321,21,LT,Soft wheat,heat,0.00596515175025127
HadGEM3-GC3-1MM,-10.5,-10.4803,10,LT,Soft wheat,heat,0.00680841357751515
HadGEM3-GC3-1MM,-9.5,-9.6161,7,LT,Soft wheat,heat,0.00132666162921002
HadGEM3-GC3-1MM,-8.5,-8.6582,7,LT,Soft wheat,heat,0.00413147054414659
HadGEM3-GC3-1MM,-7.5,-7.6345,8,LT,Soft wheat,heat,0.00486964998511584
HadGEM3-GC3-1MM,-6.5,-6.4299,4,LT,Soft wheat,heat,0.00339045820337962
HadGEM3-GC3-1MM,-5.5,-5.3528,4,LT,Soft wheat,heat,0.00220405450961094
HadGEM3-GC3-1MM,-4.5,-4.3969,4,LT,Soft wheat,heat,0.0005604937599318
IPSL-CM6A-LR,-9.5,-9.3401,5,LT,Soft wheat,heat,0.00568691713096781
IPSL-CM6A-LR,-8.5,-8.4598,8,LT,Soft wheat,heat,0.00506731453832026
IPSL-CM6A-LR,-7.5,-7.5255,19,LT,Soft wheat,heat,0.00429385897431031
IPSL-CM6A-LR,-6.5,-6.5577,11,LT,Soft wheat,heat,0.00311416683641031
IPSL-CM6A-LR,-5.5,-5.5623,13,LT,Soft wheat,heat,0.00378902589430569
IPSL-CM6A-LR,-4.5,-4.3507,11,LT,Soft wheat,heat,0.00392337045987114
IPSL-CM6A-LR,-3.5,-3.4644,8,LT,Soft wheat,heat,0.00339419060133546
IPSL-CM6A-LR,-2.5,-2.5669,9,LT,Soft wheat,heat,0.00393219785382101
IPSL-CM6A-LR,-1.5,-1.2909,6,LT,Soft wheat,heat,0.00324736761284395
IPSL-CM6A-LR,-0.5,-0.6347,8,LT,Soft wheat,heat,0.00131889898328892
EC-Earth3,-9.5,-9.1554,4,LV,Soft wheat,heat,0.000597256028518822
EC-Earth3,-8.5,-8.4726,15,LV,Soft wheat,heat,0.00242593086748979
EC-Earth3,-7.5,-7.5562,20,LV,Soft wheat,heat,0.0026962575220896
EC-Earth3,-6.5,-6.4767,21,LV,Soft wheat,heat,0.00194833159005948
EC-Earth3,-5.5,-5.3342,8,LV,Soft wheat,heat,0.000970070634804288
EC-Earth3,-4.5,-4.5495,8,LV,Soft wheat,heat,0.00269629022741392
EC-Earth3,-3.5,-3.3459,9,LV,Soft wheat,heat,0.00219409841992932
EC-Earth3,-2.5,-2.4493,5,LV,Soft wheat,heat,0.00262778062885797
EC-Earth3,-1.5,-1.3807,6,LV,Soft wheat,heat,0.000777925036907035
EC-Earth3,-0.5,-0.6596,3,LV,Soft wheat,heat,-0.00420640317867955
HadGEM3-GC3-1LL,-8.5,-8.3848,12,LV,Soft wheat,heat,0.00245527951282356
HadGEM3-GC3-1LL,-7.5,-7.5599,19,LV,Soft wheat,heat,0.0022929532653336
HadGEM3-GC3-1LL,-6.5,-6.5442,24,LV,Soft wheat,heat,0.00195648878749002
HadGEM3-GC3-1LL,-5.5,-5.5797,10,LV,Soft wheat,heat,0.001349296386665
HadGEM3-GC3-1LL,-4.5,-4.5263,6,LV,Soft wheat,heat,0.00231163427423446
HadGEM3-GC3-1LL,-3.5,-3.7835,7,LV,Soft wheat,heat,0.00273012476921013
HadGEM3-GC3-1LL,-2.5,-2.4504,6,LV,Soft wheat,heat,0.00166682760875427
HadGEM3-GC3-1LL,-1.5,-1.3098,8,LV,Soft wheat,heat,-3.92755949024167e-05
HadGEM3-GC3-1LL,-0.5,-0.331,6,LV,Soft wheat,heat,0.000565920117383289
HadGEM3-GC3-1MM,-14.5,-14.3032,4,LV,Soft wheat,heat,0.00427309266350403
HadGEM3-GC3-1MM,-13.5,-13.3931,8,LV,Soft wheat,heat,0.00456131437713556
HadGEM3-GC3-1MM,-12.5,-12.588,13,LV,Soft wheat,heat,0.00490885799922124
HadGEM3-GC3-1MM,-11.5,-11.5321,21,LV,Soft wheat,heat,0.00474362752168873
HadGEM3-GC3-1MM,-10.5,-10.4803,10,LV,Soft wheat,heat,0.00508830393381676
HadGEM3-GC3-1MM,-9.5,-9.6161,7,LV,Soft wheat,heat,0.0022831735648822
HadGEM3-GC3-1MM,-8.5,-8.6582,7,LV,Soft wheat,heat,0.00363619077330645
HadGEM3-GC3-1MM,-7.5,-7.6345,8,LV,Soft wheat,heat,0.00384001281320307
HadGEM3-GC3-1MM,-6.5,-6.4299,4,LV,Soft wheat,heat,0.00299544504531023
HadGEM3-GC3-1MM,-5.5,-5.3528,4,LV,Soft wheat,heat,0.00150398741361191
HadGEM3-GC3-1MM,-4.5,-4.3969,4,LV,Soft wheat,heat,0.0010103085210362
IPSL-CM6A-LR,-9.5,-9.3401,5,LV,Soft wheat,heat,0.00443704641763587
IPSL-CM6A-LR,-8.5,-8.4598,8,LV,Soft wheat,heat,0.00398208510435344
IPSL-CM6A-LR,-7.5,-7.5255,19,LV,Soft wheat,heat,0.0036338147626027
IPSL-CM6A-LR,-6.5,-6.5577,11,LV,Soft wheat,heat,0.00303572773947157
IPSL-CM6A-LR,-5.5,-5.5623,13,LV,Soft wheat,heat,0.00295197446405563
IPSL-CM6A-LR,-4.5,-4.3507,11,LV,Soft wheat,heat,0.00325793629824513
IPSL-CM6A-LR,-3.5,-3.4644,8,LV,Soft wheat,heat,0.00262861738285689
IPSL-CM6A-LR,-2.5,-2.5669,9,LV,Soft wheat,heat,0.00296361124237515
IPSL-CM6A-LR,-1.5,-1.2909,6,LV,Soft wheat,heat,0.00266234863148645
IPSL-CM6A-LR,-0.5,-0.6347,8,LV,Soft wheat,heat,0.00086330636574633
EC-Earth3,-9.5,-9.1554,4,RO,Soft wheat,heat,0.0107319263633456
EC-Earth3,-8.5,-8.4726,15,RO,Soft wheat,heat,0.0135352731224244
EC-Earth3,-7.5,-7.5562,20,RO,Soft wheat,heat,0.016603524143998
EC-Earth3,-6.5,-6.4767,21,RO,Soft wheat,heat,0.00705472061452032
EC-Earth3,-5.5,-5.3342,8,RO,Soft wheat,heat,0.00112893627563914
EC-Earth3,-4.5,-4.5495,8,RO,Soft wheat,heat,0.00492002836565525
EC-Earth3,-3.5,-3.3459,9,RO,Soft wheat,heat,0.0147184472287514
EC-Earth3,-2.5,-2.4493,5,RO,Soft wheat,heat,-0.0158091228844695
EC-Earth3,-1.5,-1.3807,6,RO,Soft wheat,heat,0.00994642537655265
EC-Earth3,-0.5,-0.6596,3,RO,Soft wheat,heat,-0.00673967150493962
HadGEM3-GC3-1LL,-8.5,-8.3848,12,RO,Soft wheat,heat,0.00596441357292926
HadGEM3-GC3-1LL,-7.5,-7.5599,19,RO,Soft wheat,heat,-0.0094930130783319
HadGEM3-GC3-1LL,-6.5,-6.5442,24,RO,Soft wheat,heat,0.0106853548330407
HadGEM3-GC3-1LL,-5.5,-5.5797,10,RO,Soft wheat,heat,-0.00384302952403712
HadGEM3-GC3-1LL,-4.5,-4.5263,6,RO,Soft wheat,heat,0.00894333530020306
HadGEM3-GC3-1LL,-3.5,-3.7835,7,RO,Soft wheat,heat,0.00373608612062078
HadGEM3-GC3-1LL,-2.5,-2.4504,6,RO,Soft wheat,heat,-0.00126111402189434
HadGEM3-GC3-1LL,-1.5,-1.3098,8,RO,Soft wheat,heat,0.0126100284270672
HadGEM3-GC3-1LL,-0.5,-0.331,6,RO,Soft wheat,heat,0.008082492289574
HadGEM3-GC3-1MM,-14.5,-14.3032,4,RO,Soft wheat,heat,-0.011530382684251
HadGEM3-GC3-1MM,-13.5,-13.3931,8,RO,Soft wheat,heat,-0.0146286830576167
HadGEM3-GC3-1MM,-12.5,-12.588,13,RO,Soft wheat,heat,0.00364874414964937
HadGEM3-GC3-1MM,-11.5,-11.5321,21,RO,Soft wheat,heat,-0.0055090137454479
HadGEM3-GC3-1MM,-10.5,-10.4803,10,RO,Soft wheat,heat,0.00952735014699773
HadGEM3-GC3-1MM,-9.5,-9.6161,7,RO,Soft wheat,heat,-0.0169689906895004
HadGEM3-GC3-1MM,-8.5,-8.6582,7,RO,Soft wheat,heat,-0.00826515132024359
HadGEM3-GC3-1MM,-7.5,-7.6345,8,RO,Soft wheat,heat,0.0104237921206651
HadGEM3-GC3-1MM,-6.5,-6.4299,4,RO,Soft wheat,heat,0.00992043091006932
HadGEM3-GC3-1MM,-5.5,-5.3528,4,RO,Soft wheat,heat,-0.0129967402718948
HadGEM3-GC3-1MM,-4.5,-4.3969,4,RO,Soft wheat,heat,-0.0201744953606268
IPSL-CM6A-LR,-9.5,-9.3401,5,RO,Soft wheat,heat,0.0261731303660558
IPSL-CM6A-LR,-8.5,-8.4598,8,RO,Soft wheat,heat,0.0186319133904118
IPSL-CM6A-LR,-7.5,-7.5255,19,RO,Soft wheat,heat,0.0174425467811102
IPSL-CM6A-LR,-6.5,-6.5577,11,RO,Soft wheat,heat,0.01417673662589
IPSL-CM6A-LR,-5.5,-5.5623,13,RO,Soft wheat,heat,0.0161989133530438
IPSL-CM6A-LR,-4.5,-4.3507,11,RO,Soft wheat,heat,0.00815413765343133
IPSL-CM6A-LR,-3.5,-3.4644,8,RO,Soft wheat,heat,0.00769295007340619
IPSL-CM6A-LR,-2.5,-2.5669,9,RO,Soft wheat,heat,0.0150018559541332
IPSL-CM6A-LR,-1.5,-1.2909,6,RO,Soft wheat,heat,0.0056519039710966
IPSL-CM6A-LR,-0.5,-0.6347,8,RO,Soft wheat,heat,-0.00311646089675089
EC-Earth3,-9.5,-9.1554,4,SE,Soft wheat,heat,0.00221269038896594
EC-Earth3,-8.5,-8.4726,15,SE,Soft wheat,heat,0.00206682200279652
EC-Earth3,-7.5,-7.5562,20,SE,Soft wheat,heat,0.00197325330195163
EC-Earth3,-6.5,-6.4767,21,SE,Soft wheat,heat,0.00155312091551774
EC-Earth3,-5.5,-5.3342,8,SE,Soft wheat,heat,0.00112537344685032
EC-Earth3,-4.5,-4.5495,8,SE,Soft wheat,heat,0.00206125427533669
EC-Earth3,-3.5,-3.3459,9,SE,Soft wheat,heat,0.00128016754309084
EC-Earth3,-2.5,-2.4493,5,SE,Soft wheat,heat,0.00206996778389867
EC-Earth3,-1.5,-1.3807,6,SE,Soft wheat,heat,0.00132246027994262
EC-Earth3,-0.5,-0.6596,3,SE,Soft wheat,heat,0.000288166206986171
HadGEM3-GC3-1LL,-8.5,-8.3848,12,SE,Soft wheat,heat,0.00145860815692234
HadGEM3-GC3-1LL,-7.5,-7.5599,19,SE,Soft wheat,heat,0.00155256394782917
HadGEM3-GC3-1LL,-6.5,-6.5442,24,SE,Soft wheat,heat,0.00134278050436043
HadGEM3-GC3-1LL,-5.5,-5.5797,10,SE,Soft wheat,heat,0.000841818215286704
HadGEM3-GC3-1LL,-4.5,-4.5263,6,SE,Soft wheat,heat,0.00134068539851157
HadGEM3-GC3-1LL,-3.5,-3.7835,7,SE,Soft wheat,heat,0.00171251641754596
HadGEM3-GC3-1LL,-2.5,-2.4504,6,SE,Soft wheat,heat,0.00110744006249571
HadGEM3-GC3-1LL,-1.5,-1.3098,8,SE,Soft wheat,heat,-2.09892865907039e-05
HadGEM3-GC3-1LL,-0.5,-0.331,6,SE,Soft wheat,heat,3.86565614001349e-06
HadGEM3-GC3-1MM,-14.5,-14.3032,4,SE,Soft wheat,heat,0.00238161989434735
HadGEM3-GC3-1MM,-13.5,-13.3931,8,SE,Soft wheat,heat,0.00238891811329265
HadGEM3-GC3-1MM,-12.5,-12.588,13,SE,Soft wheat,heat,0.00238382502831221
HadGEM3-GC3-1MM,-11.5,-11.5321,21,SE,Soft wheat,heat,0.00240027194839642
HadGEM3-GC3-1MM,-10.5,-10.4803,10,SE,Soft wheat,heat,0.00239856983399234
HadGEM3-GC3-1MM,-9.5,-9.6161,7,SE,Soft wheat,heat,0.00172633653879959
HadGEM3-GC3-1MM,-8.5,-8.6582,7,SE,Soft wheat,heat,0.00208979968889622
HadGEM3-GC3-1MM,-7.5,-7.6345,8,SE,Soft wheat,heat,0.00211920548967232
HadGEM3-GC3-1MM,-6.5,-6.4299,4,SE,Soft wheat,heat,0.00113268932405065
HadGEM3-GC3-1MM,-5.5,-5.3528,4,SE,Soft wheat,heat,0.00199669698668275
HadGEM3-GC3-1MM,-4.5,-4.3969,4,SE,Soft wheat,heat,0.00103032722064773
IPSL-CM6A-LR,-9.5,-9.3401,5,SE,Soft wheat,heat,0.00206196021962135
IPSL-CM6A-LR,-8.5,-8.4598,8,SE,Soft wheat,heat,0.00221494764297299
IPSL-CM6A-LR,-7.5,-7.5255,19,SE,Soft wheat,heat,0.00195318155563622
IPSL-CM6A-LR,-6.5,-6.5577,11,SE,Soft wheat,heat,0.00174243340406978
IPSL-CM6A-LR,-5.5,-5.5623,13,SE,Soft wheat,heat,0.00162378107581801
IPSL-CM6A-LR,-4.5,-4.3507,11,SE,Soft wheat,heat,0.00186169466124274
IPSL-CM6A-LR,-3.5,-3.4644,8,SE,Soft wheat,heat,0.00175428358831045
IPSL-CM6A-LR,-2.5,-2.5669,9,SE,Soft wheat,heat,0.00113473561132721
IPSL-CM6A-LR,-1.5,-1.2909,6,SE,Soft wheat,heat,0.00158535124923301
IPSL-CM6A-LR,-0.5,-0.6347,8,SE,Soft wheat,heat,0.000728907931870984
EC-Earth3,-9.5,-9.1554,4,SK,Soft wheat,heat,0.0135577132078688
EC-Earth3,-8.5,-8.4726,15,SK,Soft wheat,heat,0.0130326036939251
EC-Earth3,-7.5,-7.5562,20,SK,Soft wheat,heat,0.0128266829407571
EC-Earth3,-6.5,-6.4767,21,SK,Soft wheat,heat,0.00293627519679826
EC-Earth3,-5.5,-5.3342,8,SK,Soft wheat,heat,-0.00596278106767814
EC-Earth3,-4.5,-4.5495,8,SK,Soft wheat,heat,0.00485557340052277
EC-Earth3,-3.5,-3.3459,9,SK,Soft wheat,heat,0.00679299708811064
EC-Earth3,-2.5,-2.4493,5,SK,Soft wheat,heat,0.00204019881274314
EC-Earth3,-1.5,-1.3807,6,SK,Soft wheat,heat,0.00756571662172951
EC-Earth3,-0.5,-0.6596,3,SK,Soft wheat,heat,-0.01642006049885
HadGEM3-GC3-1LL,-8.5,-8.3848,12,SK,Soft wheat,heat,0.000443193439754311
HadGEM3-GC3-1LL,-7.5,-7.5599,19,SK,Soft wheat,heat,-0.00567783138147317
HadGEM3-GC3-1LL,-6.5,-6.5442,24,SK,Soft wheat,heat,0.00729891325669983
HadGEM3-GC3-1LL,-5.5,-5.5797,10,SK,Soft wheat,heat,-0.00143338215088155
HadGEM3-GC3-1LL,-4.5,-4.5263,6,SK,Soft wheat,heat,0.00909246350424307
HadGEM3-GC3-1LL,-3.5,-3.7835,7,SK,Soft wheat,heat,0.00414202148388021
HadGEM3-GC3-1LL,-2.5,-2.4504,6,SK,Soft wheat,heat,0.00210759050376344
HadGEM3-GC3-1LL,-1.5,-1.3098,8,SK,Soft wheat,heat,0.00171345561354663
HadGEM3-GC3-1LL,-0.5,-0.331,6,SK,Soft wheat,heat,0.00718781306127147
HadGEM3-GC3-1MM,-14.5,-14.3032,4,SK,Soft wheat,heat,0.00179467985465279
HadGEM3-GC3-1MM,-13.5,-13.3931,8,SK,Soft wheat,heat,0.00089466300031934
HadGEM3-GC3-1MM,-12.5,-12.588,13,SK,Soft wheat,heat,0.00233422730011018
HadGEM3-GC3-1MM,-11.5,-11.5321,21,SK,Soft wheat,heat,0.0067980694106289
HadGEM3-GC3-1MM,-10.5,-10.4803,10,SK,Soft wheat,heat,0.0154415326394096
HadGEM3-GC3-1MM,-9.5,-9.6161,7,SK,Soft wheat,heat,-0.0184782938850468
HadGEM3-GC3-1MM,-8.5,-8.6582,7,SK,Soft wheat,heat,0.00179910170792828
HadGEM3-GC3-1MM,-7.5,-7.6345,8,SK,Soft wheat,heat,0.0109601179056484
HadGEM3-GC3-1MM,-6.5,-6.4299,4,SK,Soft wheat,heat,0.000765647351262277
HadGEM3-GC3-1MM,-5.5,-5.3528,4,SK,Soft wheat,heat,-0.00207385293858654
HadGEM3-GC3-1MM,-4.5,-4.3969,4,SK,Soft wheat,heat,-0.00766778651578122
IPSL-CM6A-LR,-9.5,-9.3401,5,SK,Soft wheat,heat,0.0125698290278095
IPSL-CM6A-LR,-8.5,-8.4598,8,SK,Soft wheat,heat,0.0140939650570495
IPSL-CM6A-LR,-7.5,-7.5255,19,SK,Soft wheat,heat,0.00956417314999547
IPSL-CM6A-LR,-6.5,-6.5577,11,SK,Soft wheat,heat,0.00603428196319994
IPSL-CM6A-LR,-5.5,-5.5623,13,SK,Soft wheat,heat,0.0110906535792582
IPSL-CM6A-LR,-4.5,-4.3507,11,SK,Soft wheat,heat,0.00413591021777512
IPSL-CM6A-LR,-3.5,-3.4644,8,SK,Soft wheat,heat,0.00845379519215804
IPSL-CM6A-LR,-2.5,-2.5669,9,SK,Soft wheat,heat,0.00925694763480005
IPSL-CM6A-LR,-1.5,-1.2909,6,SK,Soft wheat,heat,0.00209091116490074
IPSL-CM6A-LR,-0.5,-0.6347,8,SK,Soft wheat,heat,0.00293655585895923
EC-Earth3,-9.5,-9.1554,4,EL,Durum wheat,heat,-0.00495397147379863
EC-Earth3,-8.5,-8.4726,15,EL,Durum wheat,heat,-0.00517631906676644
EC-Earth3,-7.5,-7.5562,20,EL,Durum wheat,heat,-0.00562281124675242
EC-Earth3,-6.5,-6.4767,21,EL,Durum wheat,heat,-0.00514283453768119
EC-Earth3,-5.5,-5.3342,8,EL,Durum wheat,heat,-0.00374151117400852
EC-Earth3,-4.5,-4.5495,8,EL,Durum wheat,heat,-0.000991163106710854
EC-Earth3,-3.5,-3.3459,9,EL,Durum wheat,heat,-0.00517699929596504
EC-Earth3,-2.5,-2.4493,5,EL,Durum wheat,heat,0.00242149093369303
EC-Earth3,-1.5,-1.3807,6,EL,Durum wheat,heat,-0.00257427926700179
EC-Earth3,-0.5,-0.6596,3,EL,Durum wheat,heat,-0.00280406142178196
HadGEM3-GC3-1LL,-8.5,-8.3848,12,EL,Durum wheat,heat,-0.00425555000479173
HadGEM3-GC3-1LL,-7.5,-7.5599,19,EL,Durum wheat,heat,0.000395346905014242
HadGEM3-GC3-1LL,-6.5,-6.5442,24,EL,Durum wheat,heat,-0.00545952547759196
HadGEM3-GC3-1LL,-5.5,-5.5797,10,EL,Durum wheat,heat,-0.00187990772377833
HadGEM3-GC3-1LL,-4.5,-4.5263,6,EL,Durum wheat,heat,-0.00239422956859049
HadGEM3-GC3-1LL,-3.5,-3.7835,7,EL,Durum wheat,heat,-0.00062185197399451
HadGEM3-GC3-1LL,-2.5,-2.4504,6,EL,Durum wheat,heat,0.000394760808999
HadGEM3-GC3-1LL,-1.5,-1.3098,8,EL,Durum wheat,heat,-0.0032346607816853
HadGEM3-GC3-1LL,-0.5,-0.331,6,EL,Durum wheat,heat,0.000445596325360076
HadGEM3-GC3-1MM,-14.5,-14.3032,4,EL,Durum wheat,heat,-0.00301372908105615
HadGEM3-GC3-1MM,-13.5,-13.3931,8,EL,Durum wheat,heat,0.000438227551131639
HadGEM3-GC3-1MM,-12.5,-12.588,13,EL,Durum wheat,heat,-0.00346779320291877
HadGEM3-GC3-1MM,-11.5,-11.5321,21,EL,Durum wheat,heat,-0.00243314345736702
HadGEM3-GC3-1MM,-10.5,-10.4803,10,EL,Durum wheat,heat,8.85475976052421e-05
HadGEM3-GC3-1MM,-9.5,-9.6161,7,EL,Durum wheat,heat,0.00133314355120711
HadGEM3-GC3-1MM,-8.5,-8.6582,7,EL,Durum wheat,heat,-0.000463063243569329
HadGEM3-GC3-1MM,-7.5,-7.6345,8,EL,Durum wheat,heat,0.000617994560785638
HadGEM3-GC3-1MM,-6.5,-6.4299,4,EL,Durum wheat,heat,-0.00152478876781038
HadGEM3-GC3-1MM,-5.5,-5.3528,4,EL,Durum wheat,heat,0.00370824542234832
HadGEM3-GC3-1MM,-4.5,-4.3969,4,EL,Durum wheat,heat,0.00164095288274866
IPSL-CM6A-LR,-9.5,-9.3401,5,EL,Durum wheat,heat,-0.00874867312385686
IPSL-CM6A-LR,-8.5,-8.4598,8,EL,Durum wheat,heat,-0.0067357517361173
IPSL-CM6A-LR,-7.5,-7.5255,19,EL,Durum wheat,heat,-0.00515418624063385
IPSL-CM6A-LR,-6.5,-6.5577,11,EL,Durum wheat,heat,-0.00626761913830221
IPSL-CM6A-LR,-5.5,-5.5623,13,EL,Durum wheat,heat,-0.00436884710984217
IPSL-CM6A-LR,-4.5,-4.3507,11,EL,Durum wheat,heat,-0.00257694331707569
IPSL-CM6A-LR,-3.5,-3.4644,8,EL,Durum wheat,heat,-0.00078177098317652
IPSL-CM6A-LR,-2.5,-2.5669,9,EL,Durum wheat,heat,-0.00447991324219786
IPSL-CM6A-LR,-1.5,-1.2909,6,EL,Durum wheat,heat,-0.00234669145229518
IPSL-CM6A-LR,-0.5,-0.6347,8,EL,Durum wheat,heat,0.00116643022641086
EC-Earth3,-9.5,-9.1554,4,ES,Durum wheat,heat,-0.00452176883961302
EC-Earth3,-8.5,-8.4726,15,ES,Durum wheat,heat,0.000192352668779998
EC-Earth3,-7.5,-7.5562,20,ES,Durum wheat,heat,-0.00215986194274416
EC-Earth3,-6.5,-6.4767,21,ES,Durum wheat,heat,0.000730798267468863
EC-Earth3,-5.5,-5.3342,8,ES,Durum wheat,heat,-0.00400934199933288
EC-Earth3,-4.5,-4.5495,8,ES,Durum wheat,heat,-0.000735649228981101
EC-Earth3,-3.5,-3.3459,9,ES,Durum wheat,heat,-0.00290765519894766
EC-Earth3,-2.5,-2.4493,5,ES,Durum wheat,heat,0.0011266042879092
EC-Earth3,-1.5,-1.3807,6,ES,Durum wheat,heat,-0.0033654747642588
EC-Earth3,-0.5,-0.6596,3,ES,Durum wheat,heat,0.00493273993142512
HadGEM3-GC3-1LL,-8.5,-8.3848,12,ES,Durum wheat,heat,0.00132561794189659
HadGEM3-GC3-1LL,-7.5,-7.5599,19,ES,Durum wheat,heat,-0.00191659949702022
HadGEM3-GC3-1LL,-6.5,-6.5442,24,ES,Durum wheat,heat,-0.00174287771154893
HadGEM3-GC3-1LL,-5.5,-5.5797,10,ES,Durum wheat,heat,-0.00155906051193125
HadGEM3-GC3-1LL,-4.5,-4.5263,6,ES,Durum wheat,heat,0.000903485572588118
HadGEM3-GC3-1LL,-3.5,-3.7835,7,ES,Durum wheat,heat,-0.00148726556878722
HadGEM3-GC3-1LL,-2.5,-2.4504,6,ES,Durum wheat,heat,0.00389936949121888
HadGEM3-GC3-1LL,-1.5,-1.3098,8,ES,Durum wheat,heat,0.00217209032326088
HadGEM3-GC3-1LL,-0.5,-0.331,6,ES,Durum wheat,heat,0.00282664988364463
HadGEM3-GC3-1MM,-14.5,-14.3032,4,ES,Durum wheat,heat,-0.00646603578706427
HadGEM3-GC3-1MM,-13.5,-13.3931,8,ES,Durum wheat,heat,-0.0168794709230762
HadGEM3-GC3-1MM,-12.5,-12.588,13,ES,Durum wheat,heat,-0.0138843957319605
HadGEM3-GC3-1MM,-11.5,-11.5321,21,ES,Durum wheat,heat,-0.0064423354031635
HadGEM3-GC3-1MM,-10.5,-10.4803,10,ES,Durum wheat,heat,-0.00318607383336105
HadGEM3-GC3-1MM,-9.5,-9.6161,7,ES,Durum wheat,heat,0.00132003897734181
HadGEM3-GC3-1MM,-8.5,-8.6582,7,ES,Durum wheat,heat,-0.000154266129755964
HadGEM3-GC3-1MM,-7.5,-7.6345,8,ES,Durum wheat,heat,0.00396874298377733
HadGEM3-GC3-1MM,-6.5,-6.4299,4,ES,Durum wheat,heat,-0.00283952199429317
HadGEM3-GC3-1MM,-5.5,-5.3528,4,ES,Durum wheat,heat,0.00635600931662611
HadGEM3-GC3-1MM,-4.5,-4.3969,4,ES,Durum wheat,heat,-0.00487440674730067
IPSL-CM6A-LR,-9.5,-9.3401,5,ES,Durum wheat,heat,-0.00527289564816815
IPSL-CM6A-LR,-8.5,-8.4598,8,ES,Durum wheat,heat,-0.00675720654177632
IPSL-CM6A-LR,-7.5,-7.5255,19,ES,Durum wheat,heat,-0.00256374595668516
IPSL-CM6A-LR,-6.5,-6.5577,11,ES,Durum wheat,heat,-0.00345278582946224
IPSL-CM6A-LR,-5.5,-5.5623,13,ES,Durum wheat,heat,-0.00206096986794547
IPSL-CM6A-LR,-4.5,-4.3507,11,ES,Durum wheat,heat,0.0066236106596231
IPSL-CM6A-LR,-3.5,-3.4644,8,ES,Durum wheat,heat,0.00644023300936146
IPSL-CM6A-LR,-2.5,-2.5669,9,ES,Durum wheat,heat,-0.00160211594698075
IPSL-CM6A-LR,-1.5,-1.2909,6,ES,Durum wheat,heat,0.00262956839525103
IPSL-CM6A-LR,-0.5,-0.6347,8,ES,Durum wheat,heat,0.000765794391621374
EC-Earth3,-9.5,-9.1554,4,FR,Durum wheat,heat,-0.00308262778360841
EC-Earth3,-8.5,-8.4726,15,FR,Durum wheat,heat,-0.00180427509963989
EC-Earth3,-7.5,-7.5562,20,FR,Durum wheat,heat,-0.00303878347855807
EC-Earth3,-6.5,-6.4767,21,FR,Durum wheat,heat,0.0003254599139614
EC-Earth3,-5.5,-5.3342,8,FR,Durum wheat,heat,-0.0016370497362202
EC-Earth3,-4.5,-4.5495,8,FR,Durum wheat,heat,-0.000183810681985956
EC-Earth3,-3.5,-3.3459,9,FR,Durum wheat,heat,0.000739574780974257
EC-Earth3,-2.5,-2.4493,5,FR,Durum wheat,heat,-0.00113646362756418
EC-Earth3,-1.5,-1.3807,6,FR,Durum wheat,heat,-0.00139810976874467
EC-Earth3,-0.5,-0.6596,3,FR,Durum wheat,heat,0.00242931046889505
HadGEM3-GC3-1LL,-8.5,-8.3848,12,FR,Durum wheat,heat,0.00215386069133986
HadGEM3-GC3-1LL,-7.5,-7.5599,19,FR,Durum wheat,heat,-0.000700636252649535
HadGEM3-GC3-1LL,-6.5,-6.5442,24,FR,Durum wheat,heat,-0.00101640586732332
HadGEM3-GC3-1LL,-5.5,-5.5797,10,FR,Durum wheat,heat,3.37277664720485e-05
HadGEM3-GC3-1LL,-4.5,-4.5263,6,FR,Durum wheat,heat,0.000952374419355129
HadGEM3-GC3-1LL,-3.5,-3.7835,7,FR,Durum wheat,heat,-0.00128948708584325
HadGEM3-GC3-1LL,-2.5,-2.4504,6,FR,Durum wheat,heat,0.00122281962943998
HadGEM3-GC3-1LL,-1.5,-1.3098,8,FR,Durum wheat,heat,-0.000102463654225477
HadGEM3-GC3-1LL,-0.5,-0.331,6,FR,Durum wheat,heat,0.00200076454497291
HadGEM3-GC3-1MM,-14.5,-14.3032,4,FR,Durum wheat,heat,-0.00439234866869281
HadGEM3-GC3-1MM,-13.5,-13.3931,8,FR,Durum wheat,heat,-0.00721257256397533
HadGEM3-GC3-1MM,-12.5,-12.588,13,FR,Durum wheat,heat,-0.00441695792735062
HadGEM3-GC3-1MM,-11.5,-11.5321,21,FR,Durum wheat,heat,-0.00477537163422895
HadGEM3-GC3-1MM,-10.5,-10.4803,10,FR,Durum wheat,heat,-0.00310102752329604
HadGEM3-GC3-1MM,-9.5,-9.6161,7,FR,Durum wheat,heat,-0.00041426898194841
HadGEM3-GC3-1MM,-8.5,-8.6582,7,FR,Durum wheat,heat,-0.00221231192147714
HadGEM3-GC3-1MM,-7.5,-7.6345,8,FR,Durum wheat,heat,-0.0031267778309317
HadGEM3-GC3-1MM,-6.5,-6.4299,4,FR,Durum wheat,heat,0.00103617257682139
HadGEM3-GC3-1MM,-5.5,-5.3528,4,FR,Durum wheat,heat,-0.00120468403367847
HadGEM3-GC3-1MM,-4.5,-4.3969,4,FR,Durum wheat,heat,-0.00155059776963659
IPSL-CM6A-LR,-9.5,-9.3401,5,FR,Durum wheat,heat,-0.0022139338339704
IPSL-CM6A-LR,-8.5,-8.4598,8,FR,Durum wheat,heat,-0.00289913416397529
IPSL-CM6A-LR,-7.5,-7.5255,19,FR,Durum wheat,heat,-0.00130893149651576
IPSL-CM6A-LR,-6.5,-6.5577,11,FR,Durum wheat,heat,-0.00115111482872553
IPSL-CM6A-LR,-5.5,-5.5623,13,FR,Durum wheat,heat,-0.00140211456813721
IPSL-CM6A-LR,-4.5,-4.3507,11,FR,Durum wheat,heat,0.00157476687836439
IPSL-CM6A-LR,-3.5,-3.4644,8,FR,Durum wheat,heat,-0.000855835369508318
IPSL-CM6A-LR,-2.5,-2.5669,9,FR,Durum wheat,heat,-0.000323907643080737
IPSL-CM6A-LR,-1.5,-1.2909,6,FR,Durum wheat,heat,-0.000278973056433389
IPSL-CM6A-LR,-0.5,-0.6347,8,FR,Durum wheat,heat,0.000635134088961843
EC-Earth3,-9.5,-9.1554,4,HU,Durum wheat,heat,-0.00497946158268946
EC-Earth3,-8.5,-8.4726,15,HU,Durum wheat,heat,-0.00519584229202066
EC-Earth3,-7.5,-7.5562,20,HU,Durum wheat,heat,-0.00497435037553464
EC-Earth3,-6.5,-6.4767,21,HU,Durum wheat,heat,-0.00127550893476937
EC-Earth3,-5.5,-5.3342,8,HU,Durum wheat,heat,0.00217978920017321
EC-Earth3,-4.5,-4.5495,8,HU,Durum wheat,heat,-0.00174161330244365
EC-Earth3,-3.5,-3.3459,9,HU,Durum wheat,heat,-0.00391275203289586
EC-Earth3,-2.5,-2.4493,5,HU,Durum wheat,heat,0.00147168077196745
EC-Earth3,-1.5,-1.3807,6,HU,Durum wheat,heat,-0.00406379232755633
EC-Earth3,-0.5,-0.6596,3,HU,Durum wheat,heat,0.00495539239012023
HadGEM3-GC3-1LL,-8.5,-8.3848,12,HU,Durum wheat,heat,-0.000104474859610636
HadGEM3-GC3-1LL,-7.5,-7.5599,19,HU,Durum wheat,heat,0.00304473151369135
HadGEM3-GC3-1LL,-6.5,-6.5442,24,HU,Durum wheat,heat,-0.00302575572083545
HadGEM3-GC3-1LL,-5.5,-5.5797,10,HU,Durum wheat,heat,0.000505205708931811
HadGEM3-GC3-1LL,-4.5,-4.5263,6,HU,Durum wheat,heat,-0.00387074156915093
HadGEM3-GC3-1LL,-3.5,-3.7835,7,HU,Durum wheat,heat,-0.0012576060946855
HadGEM3-GC3-1LL,-2.5,-2.4504,6,HU,Durum wheat,heat,-0.000553530306805618
HadGEM3-GC3-1LL,-1.5,-1.3098,8,HU,Durum wheat,heat,-0.00121036900825302
HadGEM3-GC3-1LL,-0.5,-0.331,6,HU,Durum wheat,heat,-0.00196253614762
HadGEM3-GC3-1MM,-14.5,-14.3032,4,HU,Durum wheat,heat,0.000386760482718916
HadGEM3-GC3-1MM,-13.5,-13.3931,8,HU,Durum wheat,heat,-6.87225864519607e-05
HadGEM3-GC3-1MM,-12.5,-12.588,13,HU,Durum wheat,heat,-0.000947061348089364
HadGEM3-GC3-1MM,-11.5,-11.5321,21,HU,Durum wheat,heat,-0.00190308884744602
HadGEM3-GC3-1MM,-10.5,-10.4803,10,HU,Durum wheat,heat,-0.00588214610384351
HadGEM3-GC3-1MM,-9.5,-9.6161,7,HU,Durum wheat,heat,0.00497503728249599
HadGEM3-GC3-1MM,-8.5,-8.6582,7,HU,Durum wheat,heat,0.000714673411801035
HadGEM3-GC3-1MM,-7.5,-7.6345,8,HU,Durum wheat,heat,-0.0039285709108167
HadGEM3-GC3-1MM,-6.5,-6.4299,4,HU,Durum wheat,heat,-0.00100163942134441
HadGEM3-GC3-1MM,-5.5,-5.3528,4,HU,Durum wheat,heat,0.000997693364511708
HadGEM3-GC3-1MM,-4.5,-4.3969,4,HU,Durum wheat,heat,0.00300877615578598
IPSL-CM6A-LR,-9.5,-9.3401,5,HU,Durum wheat,heat,-0.00524303326405124
IPSL-CM6A-LR,-8.5,-8.4598,8,HU,Durum wheat,heat,-0.00553374430660362
IPSL-CM6A-LR,-7.5,-7.5255,19,HU,Durum wheat,heat,-0.00369045408355671
IPSL-CM6A-LR,-6.5,-6.5577,11,HU,Durum wheat,heat,-0.00277255894689353
IPSL-CM6A-LR,-5.5,-5.5623,13,HU,Durum wheat,heat,-0.00443785752293062
IPSL-CM6A-LR,-4.5,-4.3507,11,HU,Durum wheat,heat,-0.00109217969364528
IPSL-CM6A-LR,-3.5,-3.4644,8,HU,Durum wheat,heat,-0.0030617114844128
IPSL-CM6A-LR,-2.5,-2.5669,9,HU,Durum wheat,heat,-0.00363871262632121
IPSL-CM6A-LR,-1.5,-1.2909,6,HU,Durum wheat,heat,-0.000225448564457408
IPSL-CM6A-LR,-0.5,-0.6347,8,HU,Durum wheat,heat,-0.00030961882301983
EC-Earth3,-9.5,-9.1554,4,IT,Durum wheat,heat,-0.00458754342487583
EC-Earth3,-8.5,-8.4726,15,IT,Durum wheat,heat,-0.00269174548746958
EC-Earth3,-7.5,-7.5562,20,IT,Durum wheat,heat,-0.00368041566686589
EC-Earth3,-6.5,-6.4767,21,IT,Durum wheat,heat,-0.000909137875245075
EC-Earth3,-5.5,-5.3342,8,IT,Durum wheat,heat,0.00104058074881104
EC-Earth3,-4.5,-4.5495,8,IT,Durum wheat,heat,0.00202172978625664
EC-Earth3,-3.5,-3.3459,9,IT,Durum wheat,heat,-0.00356292568773415
EC-Earth3,-2.5,-2.4493,5,IT,Durum wheat,heat,0.00159233997115709
EC-Earth3,-1.5,-1.3807,6,IT,Durum wheat,heat,-0.00153223026346987
EC-Earth3,-0.5,-0.6596,3,IT,Durum wheat,heat,0.00140154591407887
HadGEM3-GC3-1LL,-8.5,-8.3848,12,IT,Durum wheat,heat,-9.6318114110043e-06
HadGEM3-GC3-1LL,-7.5,-7.5599,19,IT,Durum wheat,heat,0.00186362219898822
HadGEM3-GC3-1LL,-6.5,-6.5442,24,IT,Durum wheat,heat,-0.00338264343405212
HadGEM3-GC3-1LL,-5.5,-5.5797,10,IT,Durum wheat,heat,-0.00116913892889146
HadGEM3-GC3-1LL,-4.5,-4.5263,6,IT,Durum wheat,heat,-0.00166124426121032
HadGEM3-GC3-1LL,-3.5,-3.7835,7,IT,Durum wheat,heat,0.00172853671116549
HadGEM3-GC3-1LL,-2.5,-2.4504,6,IT,Durum wheat,heat,0.00102466863678819
HadGEM3-GC3-1LL,-1.5,-1.3098,8,IT,Durum wheat,heat,-0.00113657588585951
HadGEM3-GC3-1LL,-0.5,-0.331,6,IT,Durum wheat,heat,0.000611974995363758
HadGEM3-GC3-1MM,-14.5,-14.3032,4,IT,Durum wheat,heat,-0.00191896033394248
HadGEM3-GC3-1MM,-13.5,-13.3931,8,IT,Durum wheat,heat,-0.00154206276913025
HadGEM3-GC3-1MM,-12.5,-12.588,13,IT,Durum wheat,heat,-0.000319243578672271
HadGEM3-GC3-1MM,-11.5,-11.5321,21,IT,Durum wheat,heat,-0.00207695939673256
HadGEM3-GC3-1MM,-10.5,-10.4803,10,IT,Durum wheat,heat,-0.00254739878614347
HadGEM3-GC3-1MM,-9.5,-9.6161,7,IT,Durum wheat,heat,0.00232231652331113
HadGEM3-GC3-1MM,-8.5,-8.6582,7,IT,Durum wheat,heat,0.000706213320081287
HadGEM3-GC3-1MM,-7.5,-7.6345,8,IT,Durum wheat,heat,0.00074998508291098
HadGEM3-GC3-1MM,-6.5,-6.4299,4,IT,Durum wheat,heat,0.00050300306077359
HadGEM3-GC3-1MM,-5.5,-5.3528,4,IT,Durum wheat,heat,0.000378000454688412
HadGEM3-GC3-1MM,-4.5,-4.3969,4,IT,Durum wheat,heat,0.000191746896741048
IPSL-CM6A-LR,-9.5,-9.3401,5,IT,Durum wheat,heat,-0.00465017941374505
IPSL-CM6A-LR,-8.5,-8.4598,8,IT,Durum wheat,heat,-0.0047535173638601
IPSL-CM6A-LR,-7.5,-7.5255,19,IT,Durum wheat,heat,-0.0023182770275315
IPSL-CM6A-LR,-6.5,-6.5577,11,IT,Durum wheat,heat,-0.00303645398429594
IPSL-CM6A-LR,-5.5,-5.5623,13,IT,Durum wheat,heat,-0.00319005299706466
IPSL-CM6A-LR,-4.5,-4.3507,11,IT,Durum wheat,heat,0.00145320828274366
IPSL-CM6A-LR,-3.5,-3.4644,8,IT,Durum wheat,heat,-0.000856611529607412
IPSL-CM6A-LR,-2.5,-2.5669,9,IT,Durum wheat,heat,-0.00245206921848758
IPSL-CM6A-LR,-1.5,-1.2909,6,IT,Durum wheat,heat,5.24559067666296e-05
IPSL-CM6A-LR,-0.5,-0.6347,8,IT,Durum wheat,heat,0.000102684748644347
EC-Earth3,-9.5,-9.1554,4,RO,Durum wheat,heat,-0.00245744948934926
EC-Earth3,-8.5,-8.4726,15,RO,Durum wheat,heat,-0.00340592520782658
EC-Earth3,-7.5,-7.5562,20,RO,Durum wheat,heat,-0.00393516660709126
EC-Earth3,-6.5,-6.4767,21,RO,Durum wheat,heat,-0.001683916606603
EC-Earth3,-5.5,-5.3342,8,RO,Durum wheat,heat,-0.000128899501979516
EC-Earth3,-4.5,-4.5495,8,RO,Durum wheat,heat,-0.000962726075588365
EC-Earth3,-3.5,-3.3459,9,RO,Durum wheat,heat,-0.00345592670084401
EC-Earth3,-2.5,-2.4493,5,RO,Durum wheat,heat,0.00355060107971321
EC-Earth3,-1.5,-1.3807,6,RO,Durum wheat,heat,-0.00231415339713374
EC-Earth3,-0.5,-0.6596,3,RO,Durum wheat,heat,0.00213411910159153
HadGEM3-GC3-1LL,-8.5,-8.3848,12,RO,Durum wheat,heat,-0.00143525756536048
HadGEM3-GC3-1LL,-7.5,-7.5599,19,RO,Durum wheat,heat,0.00211692871370324
HadGEM3-GC3-1LL,-6.5,-6.5442,24,RO,Durum wheat,heat,-0.00250913920901778
HadGEM3-GC3-1LL,-5.5,-5.5797,10,RO,Durum wheat,heat,0.000880448620946205
HadGEM3-GC3-1LL,-4.5,-4.5263,6,RO,Durum wheat,heat,-0.00234823192534978
HadGEM3-GC3-1LL,-3.5,-3.7835,7,RO,Durum wheat,heat,-0.00087791218760314
HadGEM3-GC3-1LL,-2.5,-2.4504,6,RO,Durum wheat,heat,1.37049046035119e-05
HadGEM3-GC3-1LL,-1.5,-1.3098,8,RO,Durum wheat,heat,-0.00275225345719223
HadGEM3-GC3-1LL,-0.5,-0.331,6,RO,Durum wheat,heat,-0.0019786412559307
HadGEM3-GC3-1MM,-14.5,-14.3032,4,RO,Durum wheat,heat,0.00271157381334292
HadGEM3-GC3-1MM,-13.5,-13.3931,8,RO,Durum wheat,heat,0.00308449490522358
HadGEM3-GC3-1MM,-12.5,-12.588,13,RO,Durum wheat,heat,-0.000998074051359039
HadGEM3-GC3-1MM,-11.5,-11.5321,21,RO,Durum wheat,heat,0.000904640830870144
HadGEM3-GC3-1MM,-10.5,-10.4803,10,RO,Durum wheat,heat,-0.00277892845819673
HadGEM3-GC3-1MM,-9.5,-9.6161,7,RO,Durum wheat,heat,0.00389465370134237
HadGEM3-GC3-1MM,-8.5,-8.6582,7,RO,Durum wheat,heat,0.00160189813512597
HadGEM3-GC3-1MM,-7.5,-7.6345,8,RO,Durum wheat,heat,-0.00299262757155665
HadGEM3-GC3-1MM,-6.5,-6.4299,4,RO,Durum wheat,heat,-0.00259192796143344
HadGEM3-GC3-1MM,-5.5,-5.3528,4,RO,Durum wheat,heat,0.00320553817814903
HadGEM3-GC3-1MM,-4.5,-4.3969,4,RO,Durum wheat,heat,0.00491727417191905
IPSL-CM6A-LR,-9.5,-9.3401,5,RO,Durum wheat,heat,-0.00601974497511435
IPSL-CM6A-LR,-8.5,-8.4598,8,RO,Durum wheat,heat,-0.00447178345604982
IPSL-CM6A-LR,-7.5,-7.5255,19,RO,Durum wheat,heat,-0.00418904713047391
IPSL-CM6A-LR,-6.5,-6.5577,11,RO,Durum wheat,heat,-0.00323748032521399
IPSL-CM6A-LR,-5.5,-5.5623,13,RO,Durum wheat,heat,-0.0039331131137276
IPSL-CM6A-LR,-4.5,-4.3507,11,RO,Durum wheat,heat,-0.00207916408031569
IPSL-CM6A-LR,-3.5,-3.4644,8,RO,Durum wheat,heat,-0.00207896813259832
IPSL-CM6A-LR,-2.5,-2.5669,9,RO,Durum wheat,heat,-0.0035992225495409
IPSL-CM6A-LR,-1.5,-1.2909,6,RO,Durum wheat,heat,-0.00149485098805411
IPSL-CM6A-LR,-0.5,-0.6347,8,RO,Durum wheat,heat,0.000565807885218477
EC-Earth3,-9.5,-9.1554,4,SK,Durum wheat,heat,-0.00441559614926001
EC-Earth3,-8.5,-8.4726,15,SK,Durum wheat,heat,-0.00394390757757669
EC-Earth3,-7.5,-7.5562,20,SK,Durum wheat,heat,-0.00394704088703236
EC-Earth3,-6.5,-6.4767,21,SK,Durum wheat,heat,-0.000703658415540717
EC-Earth3,-5.5,-5.3342,8,SK,Durum wheat,heat,0.00209767041256154
EC-Earth3,-4.5,-4.5495,8,SK,Durum wheat,heat,-0.00149679888758022
EC-Earth3,-3.5,-3.3459,9,SK,Durum wheat,heat,-0.00179274924407459
EC-Earth3,-2.5,-2.4493,5,SK,Durum wheat,heat,-0.000831285219996511
EC-Earth3,-1.5,-1.3807,6,SK,Durum wheat,heat,-0.00237950694388701
EC-Earth3,-0.5,-0.6596,3,SK,Durum wheat,heat,0.00490178453742616
HadGEM3-GC3-1LL,-8.5,-8.3848,12,SK,Durum wheat,heat,-1.10585899443208e-05
HadGEM3-GC3-1LL,-7.5,-7.5599,19,SK,Durum wheat,heat,0.00184948576437053
HadGEM3-GC3-1LL,-6.5,-6.5442,24,SK,Durum wheat,heat,-0.00227646187144224
HadGEM3-GC3-1LL,-5.5,-5.5797,10,SK,Durum wheat,heat,0.00045892604853353
HadGEM3-GC3-1LL,-4.5,-4.5263,6,SK,Durum wheat,heat,-0.00279500351457933
HadGEM3-GC3-1LL,-3.5,-3.7835,7,SK,Durum wheat,heat,-0.00118730351267867
HadGEM3-GC3-1LL,-2.5,-2.4504,6,SK,Durum wheat,heat,-0.000604565209513242
HadGEM3-GC3-1LL,-1.5,-1.3098,8,SK,Durum wheat,heat,-0.000368479420195685
HadGEM3-GC3-1LL,-0.5,-0.331,6,SK,Durum wheat,heat,-0.00229284713999416
HadGEM3-GC3-1MM,-14.5,-14.3032,4,SK,Durum wheat,heat,-0.000449167276425117
HadGEM3-GC3-1MM,-13.5,-13.3931,8,SK,Durum wheat,heat,-0.000323610345397314
HadGEM3-GC3-1MM,-12.5,-12.588,13,SK,Durum wheat,heat,-0.000342093333636682
HadGEM3-GC3-1MM,-11.5,-11.5321,21,SK,Durum wheat,heat,-0.00207861959691739
HadGEM3-GC3-1MM,-10.5,-10.4803,10,SK,Durum wheat,heat,-0.00475562845946568
HadGEM3-GC3-1MM,-9.5,-9.6161,7,SK,Durum wheat,heat,0.00578792886201978
HadGEM3-GC3-1MM,-8.5,-8.6582,7,SK,Durum wheat,heat,-0.000590243298619941
HadGEM3-GC3-1MM,-7.5,-7.6345,8,SK,Durum wheat,heat,-0.00340369690193799
HadGEM3-GC3-1MM,-6.5,-6.4299,4,SK,Durum wheat,heat,0.000114462608309254
HadGEM3-GC3-1MM,-5.5,-5.3528,4,SK,Durum wheat,heat,0.000745529124700828
HadGEM3-GC3-1MM,-4.5,-4.3969,4,SK,Durum wheat,heat,0.00254428067856715
IPSL-CM6A-LR,-9.5,-9.3401,5,SK,Durum wheat,heat,-0.00367292956241727
IPSL-CM6A-LR,-8.5,-8.4598,8,SK,Durum wheat,heat,-0.00434986981509332
IPSL-CM6A-LR,-7.5,-7.5255,19,SK,Durum wheat,heat,-0.00281067930355471
IPSL-CM6A-LR,-6.5,-6.5577,11,SK,Durum wheat,heat,-0.00172927788323765
IPSL-CM6A-LR,-5.5,-5.5623,13,SK,Durum wheat,heat,-0.00337118263741697
IPSL-CM6A-LR,-4.5,-4.3507,11,SK,Durum wheat,heat,-0.00104442810612553
IPSL-CM6A-LR,-3.5,-3.4644,8,SK,Durum wheat,heat,-0.00263443276115754
IPSL-CM6A-LR,-2.5,-2.5669,9,SK,Durum wheat,heat,-0.00277194981387963
IPSL-CM6A-LR,-1.5,-1.2909,6,SK,Durum wheat,heat,-0.000531841400356021
IPSL-CM6A-LR,-0.5,-0.6347,8,SK,Durum wheat,heat,-0.000942476396342595
EC-Earth3,-9.5,-9.1554,4,CZ,Spring barley,heat,0.0139811176683734
EC-Earth3,-8.5,-8.4726,15,CZ,Spring barley,heat,0.0125402075407625
EC-Earth3,-7.5,-7.5562,20,CZ,Spring barley,heat,0.0117695586865153
EC-Earth3,-6.5,-6.4767,21,CZ,Spring barley,heat,0.00148413151825774
EC-Earth3,-5.5,-5.3342,8,CZ,Spring barley,heat,-0.00489103297375362
EC-Earth3,-4.5,-4.5495,8,CZ,Spring barley,heat,0.00379070192493939
EC-Earth3,-3.5,-3.3459,9,CZ,Spring barley,heat,0.00247144453361106
EC-Earth3,-2.5,-2.4493,5,CZ,Spring barley,heat,0.00531768580452798
EC-Earth3,-1.5,-1.3807,6,CZ,Spring barley,heat,0.00649516101808797
EC-Earth3,-0.5,-0.6596,3,CZ,Spring barley,heat,-0.0161061470605914
HadGEM3-GC3-1LL,-8.5,-8.3848,12,CZ,Spring barley,heat,-0.00315087636857689
HadGEM3-GC3-1LL,-7.5,-7.5599,19,CZ,Spring barley,heat,-0.00413172159581294
HadGEM3-GC3-1LL,-6.5,-6.5442,24,CZ,Spring barley,heat,0.00564114299578898
HadGEM3-GC3-1LL,-5.5,-5.5797,10,CZ,Spring barley,heat,0.000640403967259054
HadGEM3-GC3-1LL,-4.5,-4.5263,6,CZ,Spring barley,heat,0.00663044305605434
HadGEM3-GC3-1LL,-3.5,-3.7835,7,CZ,Spring barley,heat,0.00373162368243925
HadGEM3-GC3-1LL,-2.5,-2.4504,6,CZ,Spring barley,heat,0.00242975949893736
HadGEM3-GC3-1LL,-1.5,-1.3098,8,CZ,Spring barley,heat,-0.00179811205234894
HadGEM3-GC3-1LL,-0.5,-0.331,6,CZ,Spring barley,heat,0.00280361513540808
HadGEM3-GC3-1MM,-14.5,-14.3032,4,CZ,Spring barley,heat,0.00804834381158072
HadGEM3-GC3-1MM,-13.5,-13.3931,8,CZ,Spring barley,heat,0.0104093439285619
HadGEM3-GC3-1MM,-12.5,-12.588,13,CZ,Spring barley,heat,0.00462556710527843
HadGEM3-GC3-1MM,-11.5,-11.5321,21,CZ,Spring barley,heat,0.012680489761475
HadGEM3-GC3-1MM,-10.5,-10.4803,10,CZ,Spring barley,heat,0.0186982108060704
HadGEM3-GC3-1MM,-9.5,-9.6161,7,CZ,Spring barley,heat,-0.0168117575515709
HadGEM3-GC3-1MM,-8.5,-8.6582,7,CZ,Spring barley,heat,0.00797960310141351
HadGEM3-GC3-1MM,-7.5,-7.6345,8,CZ,Spring barley,heat,0.0137480107252645
HadGEM3-GC3-1MM,-6.5,-6.4299,4,CZ,Spring barley,heat,-0.000564582409939913
HadGEM3-GC3-1MM,-5.5,-5.3528,4,CZ,Spring barley,heat,0.0035536676170611
HadGEM3-GC3-1MM,-4.5,-4.3969,4,CZ,Spring barley,heat,-0.00213477797734656
IPSL-CM6A-LR,-9.5,-9.3401,5,CZ,Spring barley,heat,0.0134990412952685
IPSL-CM6A-LR,-8.5,-8.4598,8,CZ,Spring barley,heat,0.0137658567881162
IPSL-CM6A-LR,-7.5,-7.5255,19,CZ,Spring barley,heat,0.00962822424582453
IPSL-CM6A-LR,-6.5,-6.5577,11,CZ,Spring barley,heat,0.00764070905536896
IPSL-CM6A-LR,-5.5,-5.5623,13,CZ,Spring barley,heat,0.0102891870800827
IPSL-CM6A-LR,-4.5,-4.3507,11,CZ,Spring barley,heat,0.00375548912231536
IPSL-CM6A-LR,-3.5,-3.4644,8,CZ,Spring barley,heat,0.00889594372825343
IPSL-CM6A-LR,-2.5,-2.5669,9,CZ,Spring barley,heat,0.00804526888584282
IPSL-CM6A-LR,-1.5,-1.2909,6,CZ,Spring barley,heat,0.00370362623696683
IPSL-CM6A-LR,-0.5,-0.6347,8,CZ,Spring barley,heat,0.00407717770020422
EC-Earth3,-9.5,-9.1554,4,DE,Spring barley,heat,0.0138866639346893
EC-Earth3,-8.5,-8.4726,15,DE,Spring barley,heat,0.0107076327691933
EC-Earth3,-7.5,-7.5562,20,DE,Spring barley,heat,0.0105423870710864
EC-Earth3,-6.5,-6.4767,21,DE,Spring barley,heat,0.00221466108436689
EC-Earth3,-5.5,-5.3342,8,DE,Spring barley,heat,-0.000695524651443249
EC-Earth3,-4.5,-4.5495,8,DE,Spring barley,heat,0.00587041024356135
EC-Earth3,-3.5,-3.3459,9,DE,Spring barley,heat,-0.000594501174844726
EC-Earth3,-2.5,-2.4493,5,DE,Spring barley,heat,0.00588226945925704
EC-Earth3,-1.5,-1.3807,6,DE,Spring barley,heat,0.00474438904181562
EC-Earth3,-0.5,-0.6596,3,DE,Spring barley,heat,-0.00731373745726971
HadGEM3-GC3-1LL,-8.5,-8.3848,12,DE,Spring barley,heat,-0.00253255607102052
HadGEM3-GC3-1LL,-7.5,-7.5599,19,DE,Spring barley,heat,0.00139129079125549
HadGEM3-GC3-1LL,-6.5,-6.5442,24,DE,Spring barley,heat,0.00414309493293492
HadGEM3-GC3-1LL,-5.5,-5.5797,10,DE,Spring barley,heat,0.00011972832860443
HadGEM3-GC3-1LL,-4.5,-4.5263,6,DE,Spring barley,heat,0.0044875315530735
HadGEM3-GC3-1LL,-3.5,-3.7835,7,DE,Spring barley,heat,0.00550786018355221
HadGEM3-GC3-1LL,-2.5,-2.4504,6,DE,Spring barley,heat,0.00122330297673349
HadGEM3-GC3-1LL,-1.5,-1.3098,8,DE,Spring barley,heat,-0.000663829794050934
HadGEM3-GC3-1LL,-0.5,-0.331,6,DE,Spring barley,heat,-0.000284338769801776
HadGEM3-GC3-1MM,-14.5,-14.3032,4,DE,Spring barley,heat,0.0139872760973683
HadGEM3-GC3-1MM,-13.5,-13.3931,8,DE,Spring barley,heat,0.0173961228987287
HadGEM3-GC3-1MM,-12.5,-12.588,13,DE,Spring barley,heat,0.00983220364588988
HadGEM3-GC3-1MM,-11.5,-11.5321,21,DE,Spring barley,heat,0.0149340790478228
HadGEM3-GC3-1MM,-10.5,-10.4803,10,DE,Spring barley,heat,0.0165061204340532
HadGEM3-GC3-1MM,-9.5,-9.6161,7,DE,Spring barley,heat,-0.00174696614214469
HadGEM3-GC3-1MM,-8.5,-8.6582,7,DE,Spring barley,heat,0.00933277036110889
HadGEM3-GC3-1MM,-7.5,-7.6345,8,DE,Spring barley,heat,0.0135322695415979
HadGEM3-GC3-1MM,-6.5,-6.4299,4,DE,Spring barley,heat,0.00287395471569715
HadGEM3-GC3-1MM,-5.5,-5.3528,4,DE,Spring barley,heat,0.00785914236625168
HadGEM3-GC3-1MM,-4.5,-4.3969,4,DE,Spring barley,heat,0.000866822786780657
IPSL-CM6A-LR,-9.5,-9.3401,5,DE,Spring barley,heat,0.011334983577577
IPSL-CM6A-LR,-8.5,-8.4598,8,DE,Spring barley,heat,0.0125054965496817
IPSL-CM6A-LR,-7.5,-7.5255,19,DE,Spring barley,heat,0.00773743239816885
IPSL-CM6A-LR,-6.5,-6.5577,11,DE,Spring barley,heat,0.00717716315491513
IPSL-CM6A-LR,-5.5,-5.5623,13,DE,Spring barley,heat,0.00797399862039209
IPSL-CM6A-LR,-4.5,-4.3507,11,DE,Spring barley,heat,0.00420212976589673
IPSL-CM6A-LR,-3.5,-3.4644,8,DE,Spring barley,heat,0.0093680193167791
IPSL-CM6A-LR,-2.5,-2.5669,9,DE,Spring barley,heat,0.00470545829088833
IPSL-CM6A-LR,-1.5,-1.2909,6,DE,Spring barley,heat,0.00495645230375488
IPSL-CM6A-LR,-0.5,-0.6347,8,DE,Spring barley,heat,0.0024828701594258
EC-Earth3,-9.5,-9.1554,4,DK,Spring barley,heat,0.0013997448259579
EC-Earth3,-8.5,-8.4726,15,DK,Spring barley,heat,0.00137756493037118
EC-Earth3,-7.5,-7.5562,20,DK,Spring barley,heat,0.00136913540749018
EC-Earth3,-6.5,-6.4767,21,DK,Spring barley,heat,0.00110180749255975
EC-Earth3,-5.5,-5.3342,8,DK,Spring barley,heat,0.000695894369455485
EC-Earth3,-4.5,-4.5495,8,DK,Spring barley,heat,0.00129502097470111
EC-Earth3,-3.5,-3.3459,9,DK,Spring barley,heat,0.000571701531023775
EC-Earth3,-2.5,-2.4493,5,DK,Spring barley,heat,0.00130517596822964
EC-Earth3,-1.5,-1.3807,6,DK,Spring barley,heat,0.000526977556882686
EC-Earth3,-0.5,-0.6596,3,DK,Spring barley,heat,-0.00022111906100236
HadGEM3-GC3-1LL,-8.5,-8.3848,12,DK,Spring barley,heat,0.00099886024996577
HadGEM3-GC3-1LL,-7.5,-7.5599,19,DK,Spring barley,heat,0.00111612661824103
HadGEM3-GC3-1LL,-6.5,-6.5442,24,DK,Spring barley,heat,0.00090257711354635
HadGEM3-GC3-1LL,-5.5,-5.5797,10,DK,Spring barley,heat,0.000712330656258046
HadGEM3-GC3-1LL,-4.5,-4.5263,6,DK,Spring barley,heat,0.000909622092856729
HadGEM3-GC3-1LL,-3.5,-3.7835,7,DK,Spring barley,heat,0.00124087157601565
HadGEM3-GC3-1LL,-2.5,-2.4504,6,DK,Spring barley,heat,0.000594217225036094
HadGEM3-GC3-1LL,-1.5,-1.3098,8,DK,Spring barley,heat,-0.000156750193191202
HadGEM3-GC3-1LL,-0.5,-0.331,6,DK,Spring barley,heat,-0.000350829043437184
HadGEM3-GC3-1MM,-14.5,-14.3032,4,DK,Spring barley,heat,0.00151101077828004
HadGEM3-GC3-1MM,-13.5,-13.3931,8,DK,Spring barley,heat,0.00151699548309405
HadGEM3-GC3-1MM,-12.5,-12.588,13,DK,Spring barley,heat,0.00152328864753566
HadGEM3-GC3-1MM,-11.5,-11.5321,21,DK,Spring barley,heat,0.0015204033184541
HadGEM3-GC3-1MM,-10.5,-10.4803,10,DK,Spring barley,heat,0.00151430329391037
HadGEM3-GC3-1MM,-9.5,-9.6161,7,DK,Spring barley,heat,0.0012385045607006
HadGEM3-GC3-1MM,-8.5,-8.6582,7,DK,Spring barley,heat,0.00141242832746756
HadGEM3-GC3-1MM,-7.5,-7.6345,8,DK,Spring barley,heat,0.00140991335532456
HadGEM3-GC3-1MM,-6.5,-6.4299,4,DK,Spring barley,heat,-1.50697733664421e-06
HadGEM3-GC3-1MM,-5.5,-5.3528,4,DK,Spring barley,heat,0.00122583924348939
HadGEM3-GC3-1MM,-4.5,-4.3969,4,DK,Spring barley,heat,0.000228655706426331
IPSL-CM6A-LR,-9.5,-9.3401,5,DK,Spring barley,heat,0.00142708482022943
IPSL-CM6A-LR,-8.5,-8.4598,8,DK,Spring barley,heat,0.001485293548759
IPSL-CM6A-LR,-7.5,-7.5255,19,DK,Spring barley,heat,0.00140053570021484
IPSL-CM6A-LR,-6.5,-6.5577,11,DK,Spring barley,heat,0.0013636490803148
IPSL-CM6A-LR,-5.5,-5.5623,13,DK,Spring barley,heat,0.00117333751799793
IPSL-CM6A-LR,-4.5,-4.3507,11,DK,Spring barley,heat,0.00115403049814819
IPSL-CM6A-LR,-3.5,-3.4644,8,DK,Spring barley,heat,0.00126926766588904
IPSL-CM6A-LR,-2.5,-2.5669,9,DK,Spring barley,heat,0.000853092335445357
IPSL-CM6A-LR,-1.5,-1.2909,6,DK,Spring barley,heat,0.00105732598666527
IPSL-CM6A-LR,-0.5,-0.6347,8,DK,Spring barley,heat,0.000663409366610793
EC-Earth3,-9.5,-9.1554,4,EE,Spring barley,heat,0.00123880854496331
EC-Earth3,-8.5,-8.4726,15,EE,Spring barley,heat,0.00345981717455822
EC-Earth3,-7.5,-7.5562,20,EE,Spring barley,heat,0.00394473726528953
EC-Earth3,-6.5,-6.4767,21,EE,Spring barley,heat,0.0028063221667877
EC-Earth3,-5.5,-5.3342,8,EE,Spring barley,heat,0.00192159686700277
EC-Earth3,-4.5,-4.5495,8,EE,Spring barley,heat,0.00453622767832916
EC-Earth3,-3.5,-3.3459,9,EE,Spring barley,heat,0.00378073479214379
EC-Earth3,-2.5,-2.4493,5,EE,Spring barley,heat,0.00433296845783602
EC-Earth3,-1.5,-1.3807,6,EE,Spring barley,heat,0.00116442482999706
EC-Earth3,-0.5,-0.6596,3,EE,Spring barley,heat,-0.00385530919568978
HadGEM3-GC3-1LL,-8.5,-8.3848,12,EE,Spring barley,heat,0.00406522037248394
HadGEM3-GC3-1LL,-7.5,-7.5599,19,EE,Spring barley,heat,0.00401059003225072
HadGEM3-GC3-1LL,-6.5,-6.5442,24,EE,Spring barley,heat,0.00342252878593001
HadGEM3-GC3-1LL,-5.5,-5.5797,10,EE,Spring barley,heat,0.00279784865466573
HadGEM3-GC3-1LL,-4.5,-4.5263,6,EE,Spring barley,heat,0.00327981910815087
HadGEM3-GC3-1LL,-3.5,-3.7835,7,EE,Spring barley,heat,0.00397222815368709
HadGEM3-GC3-1LL,-2.5,-2.4504,6,EE,Spring barley,heat,0.00296033576407323
HadGEM3-GC3-1LL,-1.5,-1.3098,8,EE,Spring barley,heat,8.13997915009066e-05
HadGEM3-GC3-1LL,-0.5,-0.331,6,EE,Spring barley,heat,0.000340987094603554
HadGEM3-GC3-1MM,-14.5,-14.3032,4,EE,Spring barley,heat,0.0060473328948977
HadGEM3-GC3-1MM,-13.5,-13.3931,8,EE,Spring barley,heat,0.00630483883820402
HadGEM3-GC3-1MM,-12.5,-12.588,13,EE,Spring barley,heat,0.00641025258448358
HadGEM3-GC3-1MM,-11.5,-11.5321,21,EE,Spring barley,heat,0.00632840253698835
HadGEM3-GC3-1MM,-10.5,-10.4803,10,EE,Spring barley,heat,0.0065206444798008
HadGEM3-GC3-1MM,-9.5,-9.6161,7,EE,Spring barley,heat,0.00467909476707563
HadGEM3-GC3-1MM,-8.5,-8.6582,7,EE,Spring barley,heat,0.00549024534735512
HadGEM3-GC3-1MM,-7.5,-7.6345,8,EE,Spring barley,heat,0.00535112732749465
HadGEM3-GC3-1MM,-6.5,-6.4299,4,EE,Spring barley,heat,0.00460797066132709
HadGEM3-GC3-1MM,-5.5,-5.3528,4,EE,Spring barley,heat,0.00313018588041029
HadGEM3-GC3-1MM,-4.5,-4.3969,4,EE,Spring barley,heat,0.00254950802311496
IPSL-CM6A-LR,-9.5,-9.3401,5,EE,Spring barley,heat,0.00566944498049461
IPSL-CM6A-LR,-8.5,-8.4598,8,EE,Spring barley,heat,0.00545478537029746
IPSL-CM6A-LR,-7.5,-7.5255,19,EE,Spring barley,heat,0.00530134716049368
IPSL-CM6A-LR,-6.5,-6.5577,11,EE,Spring barley,heat,0.00491262877484118
IPSL-CM6A-LR,-5.5,-5.5623,13,EE,Spring barley,heat,0.00411251660201098
IPSL-CM6A-LR,-4.5,-4.3507,11,EE,Spring barley,heat,0.00479962698302587
IPSL-CM6A-LR,-3.5,-3.4644,8,EE,Spring barley,heat,0.00352831984338343
IPSL-CM6A-LR,-2.5,-2.5669,9,EE,Spring barley,heat,0.00369350029897291
IPSL-CM6A-LR,-1.5,-1.2909,6,EE,Spring barley,heat,0.00389889164302568
IPSL-CM6A-LR,-0.5,-0.6347,8,EE,Spring barley,heat,0.00103038867551638
EC-Earth3,-9.5,-9.1554,4,ES,Spring barley,heat,0.0201611749289403
EC-Earth3,-8.5,-8.4726,15,ES,Spring barley,heat,0.0105588042417918
EC-Earth3,-7.5,-7.5562,20,ES,Spring barley,heat,0.016169066263407
EC-Earth3,-6.5,-6.4767,21,ES,Spring barley,heat,-0.00536084820715517
EC-Earth3,-5.5,-5.3342,8,ES,Spring barley,heat,0.0183846527172337
EC-Earth3,-4.5,-4.5495,8,ES,Spring barley,heat,0.00373103048171233
EC-Earth3,-3.5,-3.3459,9,ES,Spring barley,heat,0.0157023503766484
EC-Earth3,-2.5,-2.4493,5,ES,Spring barley,heat,0.000466970835148907
EC-Earth3,-1.5,-1.3807,6,ES,Spring barley,heat,0.0199818367960048
EC-Earth3,-0.5,-0.6596,3,ES,Spring barley,heat,-0.030431354603746
HadGEM3-GC3-1LL,-8.5,-8.3848,12,ES,Spring barley,heat,0.00209932064878631
HadGEM3-GC3-1LL,-7.5,-7.5599,19,ES,Spring barley,heat,0.00980491751714302
HadGEM3-GC3-1LL,-6.5,-6.5442,24,ES,Spring barley,heat,0.015427338743059
HadGEM3-GC3-1LL,-5.5,-5.5797,10,ES,Spring barley,heat,0.00393523768442754
HadGEM3-GC3-1LL,-4.5,-4.5263,6,ES,Spring barley,heat,0.00271575543157
HadGEM3-GC3-1LL,-3.5,-3.7835,7,ES,Spring barley,heat,0.0142454659421281
HadGEM3-GC3-1LL,-2.5,-2.4504,6,ES,Spring barley,heat,-0.00600496261424536
HadGEM3-GC3-1LL,-1.5,-1.3098,8,ES,Spring barley,heat,-0.0106108028184529
HadGEM3-GC3-1LL,-0.5,-0.331,6,ES,Spring barley,heat,-0.026521937051102
HadGEM3-GC3-1MM,-14.5,-14.3032,4,ES,Spring barley,heat,0.0309581477826996
HadGEM3-GC3-1MM,-13.5,-13.3931,8,ES,Spring barley,heat,0.0815091871053354
HadGEM3-GC3-1MM,-12.5,-12.588,13,ES,Spring barley,heat,0.0653543469376463
HadGEM3-GC3-1MM,-11.5,-11.5321,21,ES,Spring barley,heat,0.0361217321025156
HadGEM3-GC3-1MM,-10.5,-10.4803,10,ES,Spring barley,heat,0.0209833092209893
HadGEM3-GC3-1MM,-9.5,-9.6161,7,ES,Spring barley,heat,-0.00916455000761234
HadGEM3-GC3-1MM,-8.5,-8.6582,7,ES,Spring barley,heat,0.00875471963540454
HadGEM3-GC3-1MM,-7.5,-7.6345,8,ES,Spring barley,heat,-0.0103108227979567
HadGEM3-GC3-1MM,-6.5,-6.4299,4,ES,Spring barley,heat,-0.00317346211129181
HadGEM3-GC3-1MM,-5.5,-5.3528,4,ES,Spring barley,heat,-0.0375552639552298
HadGEM3-GC3-1MM,-4.5,-4.3969,4,ES,Spring barley,heat,0.0259688687416828
IPSL-CM6A-LR,-9.5,-9.3401,5,ES,Spring barley,heat,0.0323420148912418
IPSL-CM6A-LR,-8.5,-8.4598,8,ES,Spring barley,heat,0.035029677061417
IPSL-CM6A-LR,-7.5,-7.5255,19,ES,Spring barley,heat,0.0214757322647685
IPSL-CM6A-LR,-6.5,-6.5577,11,ES,Spring barley,heat,0.0238809427524259
IPSL-CM6A-LR,-5.5,-5.5623,13,ES,Spring barley,heat,0.0181217027040344
IPSL-CM6A-LR,-4.5,-4.3507,11,ES,Spring barley,heat,-0.0357455334234961
IPSL-CM6A-LR,-3.5,-3.4644,8,ES,Spring barley,heat,-0.0181806510580791
IPSL-CM6A-LR,-2.5,-2.5669,9,ES,Spring barley,heat,0.00852424590815464
IPSL-CM6A-LR,-1.5,-1.2909,6,ES,Spring barley,heat,-0.0112923035312986
IPSL-CM6A-LR,-0.5,-0.6347,8,ES,Spring barley,heat,-0.00311485690492461
EC-Earth3,-9.5,-9.1554,4,FI,Spring barley,heat,0.0023438215093023
EC-Earth3,-8.5,-8.4726,15,FI,Spring barley,heat,0.00258932795432301
EC-Earth3,-7.5,-7.5562,20,FI,Spring barley,heat,0.00228414278931118
EC-Earth3,-6.5,-6.4767,21,FI,Spring barley,heat,0.00178422809411717
EC-Earth3,-5.5,-5.3342,8,FI,Spring barley,heat,0.0016577133263073
EC-Earth3,-4.5,-4.5495,8,FI,Spring barley,heat,0.0029517435879033
EC-Earth3,-3.5,-3.3459,9,FI,Spring barley,heat,0.00266472491827148
EC-Earth3,-2.5,-2.4493,5,FI,Spring barley,heat,0.0027264759480849
EC-Earth3,-1.5,-1.3807,6,FI,Spring barley,heat,0.00128965088737581
EC-Earth3,-0.5,-0.6596,3,FI,Spring barley,heat,-0.000432725961784263
HadGEM3-GC3-1LL,-8.5,-8.3848,12,FI,Spring barley,heat,0.00257039471723292
HadGEM3-GC3-1LL,-7.5,-7.5599,19,FI,Spring barley,heat,0.00244326424945316
HadGEM3-GC3-1LL,-6.5,-6.5442,24,FI,Spring barley,heat,0.00205867055746577
HadGEM3-GC3-1LL,-5.5,-5.5797,10,FI,Spring barley,heat,0.00165444313828826
HadGEM3-GC3-1LL,-4.5,-4.5263,6,FI,Spring barley,heat,0.00179062252951736
HadGEM3-GC3-1LL,-3.5,-3.7835,7,FI,Spring barley,heat,0.00237252094623174
HadGEM3-GC3-1LL,-2.5,-2.4504,6,FI,Spring barley,heat,0.0016314072878456
HadGEM3-GC3-1LL,-1.5,-1.3098,8,FI,Spring barley,heat,0.000250997242682645
HadGEM3-GC3-1LL,-0.5,-0.331,6,FI,Spring barley,heat,5.26704743936375e-05
HadGEM3-GC3-1MM,-14.5,-14.3032,4,FI,Spring barley,heat,0.00338420661552942
HadGEM3-GC3-1MM,-13.5,-13.3931,8,FI,Spring barley,heat,0.00339938652847859
HadGEM3-GC3-1MM,-12.5,-12.588,13,FI,Spring barley,heat,0.00343762798018503
HadGEM3-GC3-1MM,-11.5,-11.5321,21,FI,Spring barley,heat,0.00343845334686617
HadGEM3-GC3-1MM,-10.5,-10.4803,10,FI,Spring barley,heat,0.00345283791095578
HadGEM3-GC3-1MM,-9.5,-9.6161,7,FI,Spring barley,heat,0.00317475330766209
HadGEM3-GC3-1MM,-8.5,-8.6582,7,FI,Spring barley,heat,0.00328329876104036
HadGEM3-GC3-1MM,-7.5,-7.6345,8,FI,Spring barley,heat,0.00301595793340405
HadGEM3-GC3-1MM,-6.5,-6.4299,4,FI,Spring barley,heat,0.00273521742753336
HadGEM3-GC3-1MM,-5.5,-5.3528,4,FI,Spring barley,heat,0.00221873663615836
HadGEM3-GC3-1MM,-4.5,-4.3969,4,FI,Spring barley,heat,0.00195590554683193
IPSL-CM6A-LR,-9.5,-9.3401,5,FI,Spring barley,heat,0.00280264198198148
IPSL-CM6A-LR,-8.5,-8.4598,8,FI,Spring barley,heat,0.00304589753063271
IPSL-CM6A-LR,-7.5,-7.5255,19,FI,Spring barley,heat,0.00302031123174221
IPSL-CM6A-LR,-6.5,-6.5577,11,FI,Spring barley,heat,0.00278206508506221
IPSL-CM6A-LR,-5.5,-5.5623,13,FI,Spring barley,heat,0.0022407834682009
IPSL-CM6A-LR,-4.5,-4.3507,11,FI,Spring barley,heat,0.00267431347086267
IPSL-CM6A-LR,-3.5,-3.4644,8,FI,Spring barley,heat,0.00203610697323909
IPSL-CM6A-LR,-2.5,-2.5669,9,FI,Spring barley,heat,0.00190198937787677
IPSL-CM6A-LR,-1.5,-1.2909,6,FI,Spring barley,heat,0.00241045639091634
IPSL-CM6A-LR,-0.5,-0.6347,8,FI,Spring barley,heat,0.000806080357229535
EC-Earth3,-9.5,-9.1554,4,FR,Spring barley,heat,0.0160520033860815
EC-Earth3,-8.5,-8.4726,15,FR,Spring barley,heat,0.0120795479235277
EC-Earth3,-7.5,-7.5562,20,FR,Spring barley,heat,0.015244731809631
EC-Earth3,-6.5,-6.4767,21,FR,Spring barley,heat,0.00255905649646657
EC-Earth3,-5.5,-5.3342,8,FR,Spring barley,heat,0.00493608928205093
EC-Earth3,-4.5,-4.5495,8,FR,Spring barley,heat,0.00516736225544998
EC-Earth3,-3.5,-3.3459,9,FR,Spring barley,heat,-0.00824037807952004
EC-Earth3,-2.5,-2.4493,5,FR,Spring barley,heat,0.00922689881049769
EC-Earth3,-1.5,-1.3807,6,FR,Spring barley,heat,0.00558630650797906
EC-Earth3,-0.5,-0.6596,3,FR,Spring barley,heat,-0.00967266695546526
HadGEM3-GC3-1LL,-8.5,-8.3848,12,FR,Spring barley,heat,-0.0098147704367751
HadGEM3-GC3-1LL,-7.5,-7.5599,19,FR,Spring barley,heat,0.00453225730166978
HadGEM3-GC3-1LL,-6.5,-6.5442,24,FR,Spring barley,heat,0.00381773997899212
HadGEM3-GC3-1LL,-5.5,-5.5797,10,FR,Spring barley,heat,0.00197765667539058
HadGEM3-GC3-1LL,-4.5,-4.5263,6,FR,Spring barley,heat,-0.000838278636360587
HadGEM3-GC3-1LL,-3.5,-3.7835,7,FR,Spring barley,heat,0.00925273203653972
HadGEM3-GC3-1LL,-2.5,-2.4504,6,FR,Spring barley,heat,-0.00558142712272983
HadGEM3-GC3-1LL,-1.5,-1.3098,8,FR,Spring barley,heat,-0.00267822119725044
HadGEM3-GC3-1LL,-0.5,-0.331,6,FR,Spring barley,heat,-0.00384797732190662
HadGEM3-GC3-1MM,-14.5,-14.3032,4,FR,Spring barley,heat,0.0217043176339322
HadGEM3-GC3-1MM,-13.5,-13.3931,8,FR,Spring barley,heat,0.0286228389110193
HadGEM3-GC3-1MM,-12.5,-12.588,13,FR,Spring barley,heat,0.0169569227892216
HadGEM3-GC3-1MM,-11.5,-11.5321,21,FR,Spring barley,heat,0.0209178490884557
HadGEM3-GC3-1MM,-10.5,-10.4803,10,FR,Spring barley,heat,0.0163993804425094
HadGEM3-GC3-1MM,-9.5,-9.6161,7,FR,Spring barley,heat,0.00296008160308781
HadGEM3-GC3-1MM,-8.5,-8.6582,7,FR,Spring barley,heat,0.0115586088343282
HadGEM3-GC3-1MM,-7.5,-7.6345,8,FR,Spring barley,heat,0.0170298868487749
HadGEM3-GC3-1MM,-6.5,-6.4299,4,FR,Spring barley,heat,-0.00515650143124444
HadGEM3-GC3-1MM,-5.5,-5.3528,4,FR,Spring barley,heat,0.00913046907066132
HadGEM3-GC3-1MM,-4.5,-4.3969,4,FR,Spring barley,heat,0.00381838185666274
IPSL-CM6A-LR,-9.5,-9.3401,5,FR,Spring barley,heat,0.0102352785064737
IPSL-CM6A-LR,-8.5,-8.4598,8,FR,Spring barley,heat,0.0146985118316127
IPSL-CM6A-LR,-7.5,-7.5255,19,FR,Spring barley,heat,0.00585989060391232
IPSL-CM6A-LR,-6.5,-6.5577,11,FR,Spring barley,heat,0.00309949309872716
IPSL-CM6A-LR,-5.5,-5.5623,13,FR,Spring barley,heat,0.0055479720752621
IPSL-CM6A-LR,-4.5,-4.3507,11,FR,Spring barley,heat,0.000472432788249901
IPSL-CM6A-LR,-3.5,-3.4644,8,FR,Spring barley,heat,0.00763681208884064
IPSL-CM6A-LR,-2.5,-2.5669,9,FR,Spring barley,heat,-0.000547634195094194
IPSL-CM6A-LR,-1.5,-1.2909,6,FR,Spring barley,heat,0.00365163133738662
IPSL-CM6A-LR,-0.5,-0.6347,8,FR,Spring barley,heat,-0.00144127816533453
EC-Earth3,-9.5,-9.1554,4,HU,Spring barley,heat,0.0308575209963609
EC-Earth3,-8.5,-8.4726,15,HU,Spring barley,heat,0.030892550845543
EC-Earth3,-7.5,-7.5562,20,HU,Spring barley,heat,0.0301727723558153
EC-Earth3,-6.5,-6.4767,21,HU,Spring barley,heat,0.00755598018095124
EC-Earth3,-5.5,-5.3342,8,HU,Spring barley,heat,-0.0135384763998551
EC-Earth3,-4.5,-4.5495,8,HU,Spring barley,heat,0.0110850650764352
EC-Earth3,-3.5,-3.3459,9,HU,Spring barley,heat,0.0211367522831503
EC-Earth3,-2.5,-2.4493,5,HU,Spring barley,heat,-0.00530913108555163
EC-Earth3,-1.5,-1.3807,6,HU,Spring barley,heat,0.0224225985208293
EC-Earth3,-0.5,-0.6596,3,HU,Spring barley,heat,-0.0352121121111758
HadGEM3-GC3-1LL,-8.5,-8.3848,12,HU,Spring barley,heat,0.000344145235683516
HadGEM3-GC3-1LL,-7.5,-7.5599,19,HU,Spring barley,heat,-0.0170223511849382
HadGEM3-GC3-1LL,-6.5,-6.5442,24,HU,Spring barley,heat,0.0170391603994111
HadGEM3-GC3-1LL,-5.5,-5.5797,10,HU,Spring barley,heat,-0.00256223197268474
HadGEM3-GC3-1LL,-4.5,-4.5263,6,HU,Spring barley,heat,0.022364860628446
HadGEM3-GC3-1LL,-3.5,-3.7835,7,HU,Spring barley,heat,0.00816660089597123
HadGEM3-GC3-1LL,-2.5,-2.4504,6,HU,Spring barley,heat,0.00426882496016439
HadGEM3-GC3-1LL,-1.5,-1.3098,8,HU,Spring barley,heat,0.00591675405232731
HadGEM3-GC3-1LL,-0.5,-0.331,6,HU,Spring barley,heat,0.0127038222930662
HadGEM3-GC3-1MM,-14.5,-14.3032,4,HU,Spring barley,heat,-0.000120221314154718
HadGEM3-GC3-1MM,-13.5,-13.3931,8,HU,Spring barley,heat,0.00148558624704921
HadGEM3-GC3-1MM,-12.5,-12.588,13,HU,Spring barley,heat,0.0062370443037578
HadGEM3-GC3-1MM,-11.5,-11.5321,21,HU,Spring barley,heat,0.0127918484461472
HadGEM3-GC3-1MM,-10.5,-10.4803,10,HU,Spring barley,heat,0.0357598554354459
HadGEM3-GC3-1MM,-9.5,-9.6161,7,HU,Spring barley,heat,-0.0325439279486526
HadGEM3-GC3-1MM,-8.5,-8.6582,7,HU,Spring barley,heat,-0.00258620759985581
HadGEM3-GC3-1MM,-7.5,-7.6345,8,HU,Spring barley,heat,0.0240871772214494
HadGEM3-GC3-1MM,-6.5,-6.4299,4,HU,Spring barley,heat,0.00376188875732823
HadGEM3-GC3-1MM,-5.5,-5.3528,4,HU,Spring barley,heat,-0.00500624877516029
HadGEM3-GC3-1MM,-4.5,-4.3969,4,HU,Spring barley,heat,-0.0186957618081817
IPSL-CM6A-LR,-9.5,-9.3401,5,HU,Spring barley,heat,0.0308664871760242
IPSL-CM6A-LR,-8.5,-8.4598,8,HU,Spring barley,heat,0.0332146669433115
IPSL-CM6A-LR,-7.5,-7.5255,19,HU,Spring barley,heat,0.0222661914819791
IPSL-CM6A-LR,-6.5,-6.5577,11,HU,Spring barley,heat,0.0160193195716586
IPSL-CM6A-LR,-5.5,-5.5623,13,HU,Spring barley,heat,0.0265939201277814
IPSL-CM6A-LR,-4.5,-4.3507,11,HU,Spring barley,heat,0.00772307235934843
IPSL-CM6A-LR,-3.5,-3.4644,8,HU,Spring barley,heat,0.0188978160456469
IPSL-CM6A-LR,-2.5,-2.5669,9,HU,Spring barley,heat,0.0216413876986466
IPSL-CM6A-LR,-1.5,-1.2909,6,HU,Spring barley,heat,0.00263901919518096
IPSL-CM6A-LR,-0.5,-0.6347,8,HU,Spring barley,heat,0.00326473486877554
EC-Earth3,-9.5,-9.1554,4,LT,Spring barley,heat,0.00201384729619862
EC-Earth3,-8.5,-8.4726,15,LT,Spring barley,heat,0.00559549333426149
EC-Earth3,-7.5,-7.5562,20,LT,Spring barley,heat,0.00614136135659163
EC-Earth3,-6.5,-6.4767,21,LT,Spring barley,heat,0.00394109571707121
EC-Earth3,-5.5,-5.3342,8,LT,Spring barley,heat,0.00205917366117938
EC-Earth3,-4.5,-4.5495,8,LT,Spring barley,heat,0.00514730764055256
EC-Earth3,-3.5,-3.3459,9,LT,Spring barley,heat,0.0039298882418277
EC-Earth3,-2.5,-2.4493,5,LT,Spring barley,heat,0.0057622438423544
EC-Earth3,-1.5,-1.3807,6,LT,Spring barley,heat,0.00209100546247479
EC-Earth3,-0.5,-0.6596,3,LT,Spring barley,heat,-0.00967199517694083
HadGEM3-GC3-1LL,-8.5,-8.3848,12,LT,Spring barley,heat,0.00444550484518866
HadGEM3-GC3-1LL,-7.5,-7.5599,19,LT,Spring barley,heat,0.00393427605005329
HadGEM3-GC3-1LL,-6.5,-6.5442,24,LT,Spring barley,heat,0.00379126674649675
HadGEM3-GC3-1LL,-5.5,-5.5797,10,LT,Spring barley,heat,0.00158520463170977
HadGEM3-GC3-1LL,-4.5,-4.5263,6,LT,Spring barley,heat,0.00475016254587341
HadGEM3-GC3-1LL,-3.5,-3.7835,7,LT,Spring barley,heat,0.00571697276294935
HadGEM3-GC3-1LL,-2.5,-2.4504,6,LT,Spring barley,heat,0.00329113294793956
HadGEM3-GC3-1LL,-1.5,-1.3098,8,LT,Spring barley,heat,-0.00017017995177383
HadGEM3-GC3-1LL,-0.5,-0.331,6,LT,Spring barley,heat,0.00131881208457354
HadGEM3-GC3-1MM,-14.5,-14.3032,4,LT,Spring barley,heat,0.00873190385538639
HadGEM3-GC3-1MM,-13.5,-13.3931,8,LT,Spring barley,heat,0.00966295777255084
HadGEM3-GC3-1MM,-12.5,-12.588,13,LT,Spring barley,heat,0.0106918384961881
HadGEM3-GC3-1MM,-11.5,-11.5321,21,LT,Spring barley,heat,0.0102704576120152
HadGEM3-GC3-1MM,-10.5,-10.4803,10,LT,Spring barley,heat,0.0116292643362962
HadGEM3-GC3-1MM,-9.5,-9.6161,7,LT,Spring barley,heat,0.00243335110683917
HadGEM3-GC3-1MM,-8.5,-8.6582,7,LT,Spring barley,heat,0.00716780652167126
HadGEM3-GC3-1MM,-7.5,-7.6345,8,LT,Spring barley,heat,0.0083759886636814
HadGEM3-GC3-1MM,-6.5,-6.4299,4,LT,Spring barley,heat,0.00588598555840033
HadGEM3-GC3-1MM,-5.5,-5.3528,4,LT,Spring barley,heat,0.00387968340137321
HadGEM3-GC3-1MM,-4.5,-4.3969,4,LT,Spring barley,heat,0.00111668329136301
IPSL-CM6A-LR,-9.5,-9.3401,5,LT,Spring barley,heat,0.009753941163811
IPSL-CM6A-LR,-8.5,-8.4598,8,LT,Spring barley,heat,0.00874992751286352
IPSL-CM6A-LR,-7.5,-7.5255,19,LT,Spring barley,heat,0.0074463635647137
IPSL-CM6A-LR,-6.5,-6.5577,11,LT,Spring barley,heat,0.00551552234520424
IPSL-CM6A-LR,-5.5,-5.5623,13,LT,Spring barley,heat,0.0064953809871093
IPSL-CM6A-LR,-4.5,-4.3507,11,LT,Spring barley,heat,0.00678119879882132
IPSL-CM6A-LR,-3.5,-3.4644,8,LT,Spring barley,heat,0.00583884854316534
IPSL-CM6A-LR,-2.5,-2.5669,9,LT,Spring barley,heat,0.00673078750698094
IPSL-CM6A-LR,-1.5,-1.2909,6,LT,Spring barley,heat,0.00560250909405868
IPSL-CM6A-LR,-0.5,-0.6347,8,LT,Spring barley,heat,0.00227952588110773
EC-Earth3,-9.5,-9.1554,4,LV,Spring barley,heat,0.000737672366467808
EC-Earth3,-8.5,-8.4726,15,LV,Spring barley,heat,0.00407550072319263
EC-Earth3,-7.5,-7.5562,20,LV,Spring barley,heat,0.00454582391881402
EC-Earth3,-6.5,-6.4767,21,LV,Spring barley,heat,0.00326755508216272
EC-Earth3,-5.5,-5.3342,8,LV,Spring barley,heat,0.00162224289129892
EC-Earth3,-4.5,-4.5495,8,LV,Spring barley,heat,0.00459943096405279
EC-Earth3,-3.5,-3.3459,9,LV,Spring barley,heat,0.00373253612931615
EC-Earth3,-2.5,-2.4493,5,LV,Spring barley,heat,0.00448108819911057
EC-Earth3,-1.5,-1.3807,6,LV,Spring barley,heat,0.00122077375705141
EC-Earth3,-0.5,-0.6596,3,LV,Spring barley,heat,-0.00720847891901479
HadGEM3-GC3-1LL,-8.5,-8.3848,12,LV,Spring barley,heat,0.00427809118055889
HadGEM3-GC3-1LL,-7.5,-7.5599,19,LV,Spring barley,heat,0.0040128785430634
HadGEM3-GC3-1LL,-6.5,-6.5442,24,LV,Spring barley,heat,0.0034033018959769
HadGEM3-GC3-1LL,-5.5,-5.5797,10,LV,Spring barley,heat,0.00242459603749658
HadGEM3-GC3-1LL,-4.5,-4.5263,6,LV,Spring barley,heat,0.00396703634226567
HadGEM3-GC3-1LL,-3.5,-3.7835,7,LV,Spring barley,heat,0.00469185655965812
HadGEM3-GC3-1LL,-2.5,-2.4504,6,LV,Spring barley,heat,0.00293633199897232
HadGEM3-GC3-1LL,-1.5,-1.3098,8,LV,Spring barley,heat,2.35833897542619e-05
HadGEM3-GC3-1LL,-0.5,-0.331,6,LV,Spring barley,heat,0.00102848989861302
HadGEM3-GC3-1MM,-14.5,-14.3032,4,LV,Spring barley,heat,0.00725541394875639
HadGEM3-GC3-1MM,-13.5,-13.3931,8,LV,Spring barley,heat,0.00776046097463008
HadGEM3-GC3-1MM,-12.5,-12.588,13,LV,Spring barley,heat,0.00833220812148518
HadGEM3-GC3-1MM,-11.5,-11.5321,21,LV,Spring barley,heat,0.0080523052927718
HadGEM3-GC3-1MM,-10.5,-10.4803,10,LV,Spring barley,heat,0.00862237913580583
HadGEM3-GC3-1MM,-9.5,-9.6161,7,LV,Spring barley,heat,0.0041089944552292
HadGEM3-GC3-1MM,-8.5,-8.6582,7,LV,Spring barley,heat,0.00623095648476079
HadGEM3-GC3-1MM,-7.5,-7.6345,8,LV,Spring barley,heat,0.00653242408764352
HadGEM3-GC3-1MM,-6.5,-6.4299,4,LV,Spring barley,heat,0.00509479587581091
HadGEM3-GC3-1MM,-5.5,-5.3528,4,LV,Spring barley,heat,0.00251584991627561
HadGEM3-GC3-1MM,-4.5,-4.3969,4,LV,Spring barley,heat,0.0018186335929071
IPSL-CM6A-LR,-9.5,-9.3401,5,LV,Spring barley,heat,0.00755414156859655
IPSL-CM6A-LR,-8.5,-8.4598,8,LV,Spring barley,heat,0.00674954441115678
IPSL-CM6A-LR,-7.5,-7.5255,19,LV,Spring barley,heat,0.00622006766629603
IPSL-CM6A-LR,-6.5,-6.5577,11,LV,Spring barley,heat,0.00521968988472339
IPSL-CM6A-LR,-5.5,-5.5623,13,LV,Spring barley,heat,0.0050626269941723
IPSL-CM6A-LR,-4.5,-4.3507,11,LV,Spring barley,heat,0.00557246912421321
IPSL-CM6A-LR,-3.5,-3.4644,8,LV,Spring barley,heat,0.00449884637620301
IPSL-CM6A-LR,-2.5,-2.5669,9,LV,Spring barley,heat,0.00504004672263059
IPSL-CM6A-LR,-1.5,-1.2909,6,LV,Spring barley,heat,0.00453304111235359
IPSL-CM6A-LR,-0.5,-0.6347,8,LV,Spring barley,heat,0.00146025858233934
EC-Earth3,-9.5,-9.1554,4,SE,Spring barley,heat,0.00353141088991209
EC-Earth3,-8.5,-8.4726,15,SE,Spring barley,heat,0.00331172361302671
EC-Earth3,-7.5,-7.5562,20,SE,Spring barley,heat,0.00314576700493795
EC-Earth3,-6.5,-6.4767,21,SE,Spring barley,heat,0.00249424317547064
EC-Earth3,-5.5,-5.3342,8,SE,Spring barley,heat,0.0018133619057305
EC-Earth3,-4.5,-4.5495,8,SE,Spring barley,heat,0.00331293495038781
EC-Earth3,-3.5,-3.3459,9,SE,Spring barley,heat,0.002120147736182
EC-Earth3,-2.5,-2.4493,5,SE,Spring barley,heat,0.00330855715560632
EC-Earth3,-1.5,-1.3807,6,SE,Spring barley,heat,0.00208327472310403
EC-Earth3,-0.5,-0.6596,3,SE,Spring barley,heat,0.000478185822934888
HadGEM3-GC3-1LL,-8.5,-8.3848,12,SE,Spring barley,heat,0.00237549945632749
HadGEM3-GC3-1LL,-7.5,-7.5599,19,SE,Spring barley,heat,0.00251968036851072
HadGEM3-GC3-1LL,-6.5,-6.5442,24,SE,Spring barley,heat,0.00216825761489253
HadGEM3-GC3-1LL,-5.5,-5.5797,10,SE,Spring barley,heat,0.00139762105566297
HadGEM3-GC3-1LL,-4.5,-4.5263,6,SE,Spring barley,heat,0.00213714460413306
HadGEM3-GC3-1LL,-3.5,-3.7835,7,SE,Spring barley,heat,0.00275717771741246
HadGEM3-GC3-1LL,-2.5,-2.4504,6,SE,Spring barley,heat,0.00178346851884183
HadGEM3-GC3-1LL,-1.5,-1.3098,8,SE,Spring barley,heat,-3.58327329558237e-05
HadGEM3-GC3-1LL,-0.5,-0.331,6,SE,Spring barley,heat,-1.03338886139357e-05
HadGEM3-GC3-1MM,-14.5,-14.3032,4,SE,Spring barley,heat,0.00379568108645572
HadGEM3-GC3-1MM,-13.5,-13.3931,8,SE,Spring barley,heat,0.0038086784780012
HadGEM3-GC3-1MM,-12.5,-12.588,13,SE,Spring barley,heat,0.00380417611721916
HadGEM3-GC3-1MM,-11.5,-11.5321,21,SE,Spring barley,heat,0.00382653312195139
HadGEM3-GC3-1MM,-10.5,-10.4803,10,SE,Spring barley,heat,0.00382315109088614
HadGEM3-GC3-1MM,-9.5,-9.6161,7,SE,Spring barley,heat,0.00282851424409631
HadGEM3-GC3-1MM,-8.5,-8.6582,7,SE,Spring barley,heat,0.00337239965791476
HadGEM3-GC3-1MM,-7.5,-7.6345,8,SE,Spring barley,heat,0.00340242181389262
HadGEM3-GC3-1MM,-6.5,-6.4299,4,SE,Spring barley,heat,0.00186543129164241
HadGEM3-GC3-1MM,-5.5,-5.3528,4,SE,Spring barley,heat,0.00320714528631063
HadGEM3-GC3-1MM,-4.5,-4.3969,4,SE,Spring barley,heat,0.00170679024986399
IPSL-CM6A-LR,-9.5,-9.3401,5,SE,Spring barley,heat,0.00332201350449451
IPSL-CM6A-LR,-8.5,-8.4598,8,SE,Spring barley,heat,0.00355990390475201
IPSL-CM6A-LR,-7.5,-7.5255,19,SE,Spring barley,heat,0.00316724129931494
IPSL-CM6A-LR,-6.5,-6.5577,11,SE,Spring barley,heat,0.00281790200061585
IPSL-CM6A-LR,-5.5,-5.5623,13,SE,Spring barley,heat,0.0026199183245637
IPSL-CM6A-LR,-4.5,-4.3507,11,SE,Spring barley,heat,0.00299371933335344
IPSL-CM6A-LR,-3.5,-3.4644,8,SE,Spring barley,heat,0.00281216951701107
IPSL-CM6A-LR,-2.5,-2.5669,9,SE,Spring barley,heat,0.00184193339090739
IPSL-CM6A-LR,-1.5,-1.2909,6,SE,Spring barley,heat,0.0025789683105825
IPSL-CM6A-LR,-0.5,-0.6347,8,SE,Spring barley,heat,0.00120151546373188
EC-Earth3,-9.5,-9.1554,4,SK,Spring barley,heat,0.0256947120465778
EC-Earth3,-8.5,-8.4726,15,SK,Spring barley,heat,0.0240320495001116
EC-Earth3,-7.5,-7.5562,20,SK,Spring barley,heat,0.0237988308332056
EC-Earth3,-6.5,-6.4767,21,SK,Spring barley,heat,0.0050509088813062
EC-Earth3,-5.5,-5.3342,8,SK,Spring barley,heat,-0.0115314987959021
EC-Earth3,-4.5,-4.5495,8,SK,Spring barley,heat,0.00907088839091088
EC-Earth3,-3.5,-3.3459,9,SK,Spring barley,heat,0.0120051335919674
EC-Earth3,-2.5,-2.4493,5,SK,Spring barley,heat,0.00414813191491645
EC-Earth3,-1.5,-1.3807,6,SK,Spring barley,heat,0.0142186532139336
EC-Earth3,-0.5,-0.6596,3,SK,Spring barley,heat,-0.0299562637837611
HadGEM3-GC3-1LL,-8.5,-8.3848,12,SK,Spring barley,heat,0.000660688160779055
HadGEM3-GC3-1LL,-7.5,-7.5599,19,SK,Spring barley,heat,-0.0106889185594739
HadGEM3-GC3-1LL,-6.5,-6.5442,24,SK,Spring barley,heat,0.0137507767037968
HadGEM3-GC3-1LL,-5.5,-5.5797,10,SK,Spring barley,heat,-0.00270847628650077
HadGEM3-GC3-1LL,-4.5,-4.5263,6,SK,Spring barley,heat,0.0169181819029994
HadGEM3-GC3-1LL,-3.5,-3.7835,7,SK,Spring barley,heat,0.00755369031009699
HadGEM3-GC3-1LL,-2.5,-2.4504,6,SK,Spring barley,heat,0.00378022690542694
HadGEM3-GC3-1LL,-1.5,-1.3098,8,SK,Spring barley,heat,0.00291308392689896
HadGEM3-GC3-1LL,-0.5,-0.331,6,SK,Spring barley,heat,0.0136804994669303
HadGEM3-GC3-1MM,-14.5,-14.3032,4,SK,Spring barley,heat,0.00306777888026997
HadGEM3-GC3-1MM,-13.5,-13.3931,8,SK,Spring barley,heat,0.00181992869051103
HadGEM3-GC3-1MM,-12.5,-12.588,13,SK,Spring barley,heat,0.00371304764760988
HadGEM3-GC3-1MM,-11.5,-11.5321,21,SK,Spring barley,heat,0.0126561525387357
HadGEM3-GC3-1MM,-10.5,-10.4803,10,SK,Spring barley,heat,0.0286297092368155
HadGEM3-GC3-1MM,-9.5,-9.6161,7,SK,Spring barley,heat,-0.0344355148229828
HadGEM3-GC3-1MM,-8.5,-8.6582,7,SK,Spring barley,heat,0.00330731583322793
HadGEM3-GC3-1MM,-7.5,-7.6345,8,SK,Spring barley,heat,0.0202227685879784
HadGEM3-GC3-1MM,-6.5,-6.4299,4,SK,Spring barley,heat,0.000675050288251907
HadGEM3-GC3-1MM,-5.5,-5.3528,4,SK,Spring barley,heat,-0.00416947272979432
HadGEM3-GC3-1MM,-4.5,-4.3969,4,SK,Spring barley,heat,-0.0146667991384098
IPSL-CM6A-LR,-9.5,-9.3401,5,SK,Spring barley,heat,0.0228635261767577
IPSL-CM6A-LR,-8.5,-8.4598,8,SK,Spring barley,heat,0.02620065395214
IPSL-CM6A-LR,-7.5,-7.5255,19,SK,Spring barley,heat,0.0174683530084561
IPSL-CM6A-LR,-6.5,-6.5577,11,SK,Spring barley,heat,0.0109358608044877
IPSL-CM6A-LR,-5.5,-5.5623,13,SK,Spring barley,heat,0.0204116375379383
IPSL-CM6A-LR,-4.5,-4.3507,11,SK,Spring barley,heat,0.00719475036771711
IPSL-CM6A-LR,-3.5,-3.4644,8,SK,Spring barley,heat,0.0157944681725437
IPSL-CM6A-LR,-2.5,-2.5669,9,SK,Spring barley,heat,0.0170010753725584
IPSL-CM6A-LR,-1.5,-1.2909,6,SK,Spring barley,heat,0.00361626724749617
IPSL-CM6A-LR,-0.5,-0.6347,8,SK,Spring barley,heat,0.00543454593328652
EC-Earth3,-9.5,-9.1554,4,CZ,Winter barley,heat,-0.00064681080611535
EC-Earth3,-8.5,-8.4726,15,CZ,Winter barley,heat,-0.000565704200790394
EC-Earth3,-7.5,-7.5562,20,CZ,Winter barley,heat,-0.000533012284944493
EC-Earth3,-6.5,-6.4767,21,CZ,Winter barley,heat,-4.73525363523308e-05
EC-Earth3,-5.5,-5.3342,8,CZ,Winter barley,heat,0.000208002537483654
EC-Earth3,-4.5,-4.5495,8,CZ,Winter barley,heat,-0.000178623039341385
EC-Earth3,-3.5,-3.3459,9,CZ,Winter barley,heat,-9.01355738851061e-05
EC-Earth3,-2.5,-2.4493,5,CZ,Winter barley,heat,-0.000219300335939392
EC-Earth3,-1.5,-1.3807,6,CZ,Winter barley,heat,-0.000287122673566945
EC-Earth3,-0.5,-0.6596,3,CZ,Winter barley,heat,0.00070794986140869
HadGEM3-GC3-1LL,-8.5,-8.3848,12,CZ,Winter barley,heat,0.00014961050459046
HadGEM3-GC3-1LL,-7.5,-7.5599,19,CZ,Winter barley,heat,0.000178831623514419
HadGEM3-GC3-1LL,-6.5,-6.5442,24,CZ,Winter barley,heat,-0.000257889772527926
HadGEM3-GC3-1LL,-5.5,-5.5797,10,CZ,Winter barley,heat,-2.54009637336937e-05
HadGEM3-GC3-1LL,-4.5,-4.5263,6,CZ,Winter barley,heat,-0.000285327413886519
HadGEM3-GC3-1LL,-3.5,-3.7835,7,CZ,Winter barley,heat,-0.000165428347811421
HadGEM3-GC3-1LL,-2.5,-2.4504,6,CZ,Winter barley,heat,-0.000113998220128315
HadGEM3-GC3-1LL,-1.5,-1.3098,8,CZ,Winter barley,heat,8.55353667024922e-05
HadGEM3-GC3-1LL,-0.5,-0.331,6,CZ,Winter barley,heat,-0.000100426393578766
HadGEM3-GC3-1MM,-14.5,-14.3032,4,CZ,Winter barley,heat,-0.000402855723646085
HadGEM3-GC3-1MM,-13.5,-13.3931,8,CZ,Winter barley,heat,-0.000553087595291122
HadGEM3-GC3-1MM,-12.5,-12.588,13,CZ,Winter barley,heat,-0.000218796876537185
HadGEM3-GC3-1MM,-11.5,-11.5321,21,CZ,Winter barley,heat,-0.000614120517290181
HadGEM3-GC3-1MM,-10.5,-10.4803,10,CZ,Winter barley,heat,-0.000871102816667544
HadGEM3-GC3-1MM,-9.5,-9.6161,7,CZ,Winter barley,heat,0.000693015138373071
HadGEM3-GC3-1MM,-8.5,-8.6582,7,CZ,Winter barley,heat,-0.000387227712095988
HadGEM3-GC3-1MM,-7.5,-7.6345,8,CZ,Winter barley,heat,-0.000630735102419874
HadGEM3-GC3-1MM,-6.5,-6.4299,4,CZ,Winter barley,heat,1.47474997174931e-05
HadGEM3-GC3-1MM,-5.5,-5.3528,4,CZ,Winter barley,heat,-0.000198420383152954
HadGEM3-GC3-1MM,-4.5,-4.3969,4,CZ,Winter barley,heat,6.81218005787194e-05
IPSL-CM6A-LR,-9.5,-9.3401,5,CZ,Winter barley,heat,-0.000626134490032829
IPSL-CM6A-LR,-8.5,-8.4598,8,CZ,Winter barley,heat,-0.000628842340748735
IPSL-CM6A-LR,-7.5,-7.5255,19,CZ,Winter barley,heat,-0.000439217243902922
IPSL-CM6A-LR,-6.5,-6.5577,11,CZ,Winter barley,heat,-0.000368788026377769
IPSL-CM6A-LR,-5.5,-5.5623,13,CZ,Winter barley,heat,-0.000465772341215087
IPSL-CM6A-LR,-4.5,-4.3507,11,CZ,Winter barley,heat,-0.000169000554597811
IPSL-CM6A-LR,-3.5,-3.4644,8,CZ,Winter barley,heat,-0.000412641330193882
IPSL-CM6A-LR,-2.5,-2.5669,9,CZ,Winter barley,heat,-0.000358429817899508
IPSL-CM6A-LR,-1.5,-1.2909,6,CZ,Winter barley,heat,-0.000182987593648561
IPSL-CM6A-LR,-0.5,-0.6347,8,CZ,Winter barley,heat,-0.000183053731153658
EC-Earth3,-9.5,-9.1554,4,DE,Winter barley,heat,-0.000669982849916093
EC-Earth3,-8.5,-8.4726,15,DE,Winter barley,heat,-0.000530136511701117
EC-Earth3,-7.5,-7.5562,20,DE,Winter barley,heat,-0.000514760266094784
EC-Earth3,-6.5,-6.4767,21,DE,Winter barley,heat,-0.00014379756846882
EC-Earth3,-5.5,-5.3342,8,DE,Winter barley,heat,3.74476804093406e-05
EC-Earth3,-4.5,-4.5495,8,DE,Winter barley,heat,-0.00031211142503375
EC-Earth3,-3.5,-3.3459,9,DE,Winter barley,heat,1.03628646136567e-06
EC-Earth3,-2.5,-2.4493,5,DE,Winter barley,heat,-0.000325884771698496
EC-Earth3,-1.5,-1.3807,6,DE,Winter barley,heat,-0.000240861618379027
EC-Earth3,-0.5,-0.6596,3,DE,Winter barley,heat,0.000356612701623404
HadGEM3-GC3-1LL,-8.5,-8.3848,12,DE,Winter barley,heat,3.8787458710732e-05
HadGEM3-GC3-1LL,-7.5,-7.5599,19,DE,Winter barley,heat,-0.000102739113248411
HadGEM3-GC3-1LL,-6.5,-6.5442,24,DE,Winter barley,heat,-0.000215127722072134
HadGEM3-GC3-1LL,-5.5,-5.5797,10,DE,Winter barley,heat,-7.59929010684703e-06
HadGEM3-GC3-1LL,-4.5,-4.5263,6,DE,Winter barley,heat,-0.000240524534824864
HadGEM3-GC3-1LL,-3.5,-3.7835,7,DE,Winter barley,heat,-0.000302487240916084
HadGEM3-GC3-1LL,-2.5,-2.4504,6,DE,Winter barley,heat,-0.000106720096063482
HadGEM3-GC3-1LL,-1.5,-1.3098,8,DE,Winter barley,heat,-1.91987984224117e-07
HadGEM3-GC3-1LL,-0.5,-0.331,6,DE,Winter barley,heat,-1.65698269336639e-05
HadGEM3-GC3-1MM,-14.5,-14.3032,4,DE,Winter barley,heat,-0.000724405173073057
HadGEM3-GC3-1MM,-13.5,-13.3931,8,DE,Winter barley,heat,-0.000864670013969834
HadGEM3-GC3-1MM,-12.5,-12.588,13,DE,Winter barley,heat,-0.000536091896511349
HadGEM3-GC3-1MM,-11.5,-11.5321,21,DE,Winter barley,heat,-0.000757590096932149
HadGEM3-GC3-1MM,-10.5,-10.4803,10,DE,Winter barley,heat,-0.000836103295646129
HadGEM3-GC3-1MM,-9.5,-9.6161,7,DE,Winter barley,heat,6.81105073423767e-05
HadGEM3-GC3-1MM,-8.5,-8.6582,7,DE,Winter barley,heat,-0.000479846943818768
HadGEM3-GC3-1MM,-7.5,-7.6345,8,DE,Winter barley,heat,-0.000673150543289097
HadGEM3-GC3-1MM,-6.5,-6.4299,4,DE,Winter barley,heat,-0.000174597031788691
HadGEM3-GC3-1MM,-5.5,-5.3528,4,DE,Winter barley,heat,-0.000376077013436525
HadGEM3-GC3-1MM,-4.5,-4.3969,4,DE,Winter barley,heat,-2.17841316660678e-05
IPSL-CM6A-LR,-9.5,-9.3401,5,DE,Winter barley,heat,-0.000584741447197608
IPSL-CM6A-LR,-8.5,-8.4598,8,DE,Winter barley,heat,-0.000631075734026983
IPSL-CM6A-LR,-7.5,-7.5255,19,DE,Winter barley,heat,-0.00039997624264702
IPSL-CM6A-LR,-6.5,-6.5577,11,DE,Winter barley,heat,-0.000378580068325658
IPSL-CM6A-LR,-5.5,-5.5623,13,DE,Winter barley,heat,-0.000403069835653939
IPSL-CM6A-LR,-4.5,-4.3507,11,DE,Winter barley,heat,-0.00025152475479689
IPSL-CM6A-LR,-3.5,-3.4644,8,DE,Winter barley,heat,-0.000474183924420064
IPSL-CM6A-LR,-2.5,-2.5669,9,DE,Winter barley,heat,-0.000248392146305704
IPSL-CM6A-LR,-1.5,-1.2909,6,DE,Winter barley,heat,-0.000261262781424763
IPSL-CM6A-LR,-0.5,-0.6347,8,DE,Winter barley,heat,-0.000140623657146619
EC-Earth3,-9.5,-9.1554,4,DK,Winter barley,heat,-6.959504451327e-05
EC-Earth3,-8.5,-8.4726,15,DK,Winter barley,heat,-6.85737000760225e-05
EC-Earth3,-7.5,-7.5562,20,DK,Winter barley,heat,-6.81765212398911e-05
EC-Earth3,-6.5,-6.4767,21,DK,Winter barley,heat,-5.55776832000024e-05
EC-Earth3,-5.5,-5.3342,8,DK,Winter barley,heat,-3.61011414476131e-05
EC-Earth3,-4.5,-4.5495,8,DK,Winter barley,heat,-6.48457967623878e-05
EC-Earth3,-3.5,-3.3459,9,DK,Winter barley,heat,-2.95584976600528e-05
EC-Earth3,-2.5,-2.4493,5,DK,Winter barley,heat,-6.53958979832244e-05
EC-Earth3,-1.5,-1.3807,6,DK,Winter barley,heat,-2.73526451403186e-05
EC-Earth3,-0.5,-0.6596,3,DK,Winter barley,heat,9.718030273423e-06
HadGEM3-GC3-1LL,-8.5,-8.3848,12,DK,Winter barley,heat,-5.0084163119828e-05
HadGEM3-GC3-1LL,-7.5,-7.5599,19,DK,Winter barley,heat,-5.60273413226136e-05
HadGEM3-GC3-1LL,-6.5,-6.5442,24,DK,Winter barley,heat,-4.55601028368812e-05
HadGEM3-GC3-1LL,-5.5,-5.5797,10,DK,Winter barley,heat,-3.71723866894175e-05
HadGEM3-GC3-1LL,-4.5,-4.5263,6,DK,Winter barley,heat,-4.63237583252672e-05
HadGEM3-GC3-1LL,-3.5,-3.7835,7,DK,Winter barley,heat,-6.19993354925884e-05
HadGEM3-GC3-1LL,-2.5,-2.4504,6,DK,Winter barley,heat,-3.11383594680658e-05
HadGEM3-GC3-1LL,-1.5,-1.3098,8,DK,Winter barley,heat,6.72631874431574e-06
HadGEM3-GC3-1LL,-0.5,-0.331,6,DK,Winter barley,heat,1.60761888160651e-05
HadGEM3-GC3-1MM,-14.5,-14.3032,4,DK,Winter barley,heat,-7.46281195699399e-05
HadGEM3-GC3-1MM,-13.5,-13.3931,8,DK,Winter barley,heat,-7.49683102587843e-05
HadGEM3-GC3-1MM,-12.5,-12.588,13,DK,Winter barley,heat,-7.53235997885746e-05
HadGEM3-GC3-1MM,-11.5,-11.5321,21,DK,Winter barley,heat,-7.51698523329229e-05
HadGEM3-GC3-1MM,-10.5,-10.4803,10,DK,Winter barley,heat,-7.48362700848504e-05
HadGEM3-GC3-1MM,-9.5,-9.6161,7,DK,Winter barley,heat,-6.16199795365563e-05
HadGEM3-GC3-1MM,-8.5,-8.6582,7,DK,Winter barley,heat,-7.0137579666968e-05
HadGEM3-GC3-1MM,-7.5,-7.6345,8,DK,Winter barley,heat,-6.99148101164623e-05
HadGEM3-GC3-1MM,-6.5,-6.4299,4,DK,Winter barley,heat,2.13996087403729e-07
HadGEM3-GC3-1MM,-5.5,-5.3528,4,DK,Winter barley,heat,-6.12411775555578e-05
HadGEM3-GC3-1MM,-4.5,-4.3969,4,DK,Winter barley,heat,-1.28670841307734e-05
IPSL-CM6A-LR,-9.5,-9.3401,5,DK,Winter barley,heat,-7.07980028978586e-05
IPSL-CM6A-LR,-8.5,-8.4598,8,DK,Winter barley,heat,-7.34928365318698e-05
IPSL-CM6A-LR,-7.5,-7.5255,19,DK,Winter barley,heat,-6.95268071871144e-05
IPSL-CM6A-LR,-6.5,-6.5577,11,DK,Winter barley,heat,-6.76823664439263e-05
IPSL-CM6A-LR,-5.5,-5.5623,13,DK,Winter barley,heat,-5.86699097420571e-05
IPSL-CM6A-LR,-4.5,-4.3507,11,DK,Winter barley,heat,-5.83192317719647e-05
IPSL-CM6A-LR,-3.5,-3.4644,8,DK,Winter barley,heat,-6.34378151145846e-05
IPSL-CM6A-LR,-2.5,-2.5669,9,DK,Winter barley,heat,-4.26975709403655e-05
IPSL-CM6A-LR,-1.5,-1.2909,6,DK,Winter barley,heat,-5.36665555591572e-05
IPSL-CM6A-LR,-0.5,-0.6347,8,DK,Winter barley,heat,-3.31579425970122e-05
EC-Earth3,-9.5,-9.1554,4,EE,Winter barley,heat,-6.27106157922675e-05
EC-Earth3,-8.5,-8.4726,15,EE,Winter barley,heat,-0.000158862484746827
EC-Earth3,-7.5,-7.5562,20,EE,Winter barley,heat,-0.000180891219249817
EC-Earth3,-6.5,-6.4767,21,EE,Winter barley,heat,-0.000129062785871612
EC-Earth3,-5.5,-5.3342,8,EE,Winter barley,heat,-9.05923654754847e-05
EC-Earth3,-4.5,-4.5495,8,EE,Winter barley,heat,-0.000208101064143343
EC-Earth3,-3.5,-3.3459,9,EE,Winter barley,heat,-0.000173999922788588
EC-Earth3,-2.5,-2.4493,5,EE,Winter barley,heat,-0.000198495709395311
EC-Earth3,-1.5,-1.3807,6,EE,Winter barley,heat,-5.57974397343167e-05
EC-Earth3,-0.5,-0.6596,3,EE,Winter barley,heat,0.000169750291768593
HadGEM3-GC3-1LL,-8.5,-8.3848,12,EE,Winter barley,heat,-0.000186081816023381
HadGEM3-GC3-1LL,-7.5,-7.5599,19,EE,Winter barley,heat,-0.000183394062044814
HadGEM3-GC3-1LL,-6.5,-6.5442,24,EE,Winter barley,heat,-0.000158031590081514
HadGEM3-GC3-1LL,-5.5,-5.5797,10,EE,Winter barley,heat,-0.000128885600725012
HadGEM3-GC3-1LL,-4.5,-4.5263,6,EE,Winter barley,heat,-0.000149203516569211
HadGEM3-GC3-1LL,-3.5,-3.7835,7,EE,Winter barley,heat,-0.000179893921324146
HadGEM3-GC3-1LL,-2.5,-2.4504,6,EE,Winter barley,heat,-0.000135713368461675
HadGEM3-GC3-1LL,-1.5,-1.3098,8,EE,Winter barley,heat,-2.34759399998068e-06
HadGEM3-GC3-1LL,-0.5,-0.331,6,EE,Winter barley,heat,-1.38697342182857e-05
HadGEM3-GC3-1MM,-14.5,-14.3032,4,EE,Winter barley,heat,-0.000274856683540722
HadGEM3-GC3-1MM,-13.5,-13.3931,8,EE,Winter barley,heat,-0.000285830158986894
HadGEM3-GC3-1MM,-12.5,-12.588,13,EE,Winter barley,heat,-0.000290507820248824
HadGEM3-GC3-1MM,-11.5,-11.5321,21,EE,Winter barley,heat,-0.000286997222189394
HadGEM3-GC3-1MM,-10.5,-10.4803,10,EE,Winter barley,heat,-0.000295114587385026
HadGEM3-GC3-1MM,-9.5,-9.6161,7,EE,Winter barley,heat,-0.000213937287387056
HadGEM3-GC3-1MM,-8.5,-8.6582,7,EE,Winter barley,heat,-0.000250051587028674
HadGEM3-GC3-1MM,-7.5,-7.6345,8,EE,Winter barley,heat,-0.000243886801259977
HadGEM3-GC3-1MM,-6.5,-6.4299,4,EE,Winter barley,heat,-0.000210732014188265
HadGEM3-GC3-1MM,-5.5,-5.3528,4,EE,Winter barley,heat,-0.000146008524024597
HadGEM3-GC3-1MM,-4.5,-4.3969,4,EE,Winter barley,heat,-0.000118854002362919
IPSL-CM6A-LR,-9.5,-9.3401,5,EE,Winter barley,heat,-0.000256643820478631
IPSL-CM6A-LR,-8.5,-8.4598,8,EE,Winter barley,heat,-0.000249654405200948
IPSL-CM6A-LR,-7.5,-7.5255,19,EE,Winter barley,heat,-0.000242625232166079
IPSL-CM6A-LR,-6.5,-6.5577,11,EE,Winter barley,heat,-0.000226484926420677
IPSL-CM6A-LR,-5.5,-5.5623,13,EE,Winter barley,heat,-0.000186310415938721
IPSL-CM6A-LR,-4.5,-4.3507,11,EE,Winter barley,heat,-0.000218372353212533
IPSL-CM6A-LR,-3.5,-3.4644,8,EE,Winter barley,heat,-0.000159930940640537
IPSL-CM6A-LR,-2.5,-2.5669,9,EE,Winter barley,heat,-0.000167255724389543
IPSL-CM6A-LR,-1.5,-1.2909,6,EE,Winter barley,heat,-0.000178801141020497
IPSL-CM6A-LR,-0.5,-0.6347,8,EE,Winter barley,heat,-4.82823305916988e-05
EC-Earth3,-9.5,-9.1554,4,EL,Winter barley,heat,-0.00140908485238359
EC-Earth3,-8.5,-8.4726,15,EL,Winter barley,heat,-0.00145091968694717
EC-Earth3,-7.5,-7.5562,20,EL,Winter barley,heat,-0.00159047344426732
EC-Earth3,-6.5,-6.4767,21,EL,Winter barley,heat,-0.00141304014352448
EC-Earth3,-5.5,-5.3342,8,EL,Winter barley,heat,-0.000990810461793353
EC-Earth3,-4.5,-4.5495,8,EL,Winter barley,heat,-0.000241518026477129
EC-Earth3,-3.5,-3.3459,9,EL,Winter barley,heat,-0.00145985515542042
EC-Earth3,-2.5,-2.4493,5,EL,Winter barley,heat,0.000625652432865359
EC-Earth3,-1.5,-1.3807,6,EL,Winter barley,heat,-0.000740006034981762
EC-Earth3,-0.5,-0.6596,3,EL,Winter barley,heat,-0.000727086394355654
HadGEM3-GC3-1LL,-8.5,-8.3848,12,EL,Winter barley,heat,-0.00124382259367466
HadGEM3-GC3-1LL,-7.5,-7.5599,19,EL,Winter barley,heat,5.28423629410705e-05
HadGEM3-GC3-1LL,-6.5,-6.5442,24,EL,Winter barley,heat,-0.00157065473144154
HadGEM3-GC3-1LL,-5.5,-5.5797,10,EL,Winter barley,heat,-0.0005882157112179
HadGEM3-GC3-1LL,-4.5,-4.5263,6,EL,Winter barley,heat,-0.000737108230360234
HadGEM3-GC3-1LL,-3.5,-3.7835,7,EL,Winter barley,heat,-0.000205760832368774
HadGEM3-GC3-1LL,-2.5,-2.4504,6,EL,Winter barley,heat,8.79773090122976e-05
HadGEM3-GC3-1LL,-1.5,-1.3098,8,EL,Winter barley,heat,-0.000821184790002888
HadGEM3-GC3-1LL,-0.5,-0.331,6,EL,Winter barley,heat,0.000126447215924783
HadGEM3-GC3-1MM,-14.5,-14.3032,4,EL,Winter barley,heat,-0.00118758593281987
HadGEM3-GC3-1MM,-13.5,-13.3931,8,EL,Winter barley,heat,-0.000154393166349769
HadGEM3-GC3-1MM,-12.5,-12.588,13,EL,Winter barley,heat,-0.00120168422562077
HadGEM3-GC3-1MM,-11.5,-11.5321,21,EL,Winter barley,heat,-0.000925570011951219
HadGEM3-GC3-1MM,-10.5,-10.4803,10,EL,Winter barley,heat,-0.000186998621812807
HadGEM3-GC3-1MM,-9.5,-9.6161,7,EL,Winter barley,heat,9.49108268866526e-05
HadGEM3-GC3-1MM,-8.5,-8.6582,7,EL,Winter barley,heat,-0.000225388318684615
HadGEM3-GC3-1MM,-7.5,-7.6345,8,EL,Winter barley,heat,6.4918537502893e-05
HadGEM3-GC3-1MM,-6.5,-6.4299,4,EL,Winter barley,heat,-0.000427109357041675
HadGEM3-GC3-1MM,-5.5,-5.3528,4,EL,Winter barley,heat,0.000968315127217845
HadGEM3-GC3-1MM,-4.5,-4.3969,4,EL,Winter barley,heat,0.000331002565986595
IPSL-CM6A-LR,-9.5,-9.3401,5,EL,Winter barley,heat,-0.00248151350840516
IPSL-CM6A-LR,-8.5,-8.4598,8,EL,Winter barley,heat,-0.00193624713504649
IPSL-CM6A-LR,-7.5,-7.5255,19,EL,Winter barley,heat,-0.00146921207935225
IPSL-CM6A-LR,-6.5,-6.5577,11,EL,Winter barley,heat,-0.00180197365194594
IPSL-CM6A-LR,-5.5,-5.5623,13,EL,Winter barley,heat,-0.00124382288645124
IPSL-CM6A-LR,-4.5,-4.3507,11,EL,Winter barley,heat,-0.000718043565534778
IPSL-CM6A-LR,-3.5,-3.4644,8,EL,Winter barley,heat,-0.000234697413801165
IPSL-CM6A-LR,-2.5,-2.5669,9,EL,Winter barley,heat,-0.00126423565476031
IPSL-CM6A-LR,-1.5,-1.2909,6,EL,Winter barley,heat,-0.000648344708673009
IPSL-CM6A-LR,-0.5,-0.6347,8,EL,Winter barley,heat,0.000364129637033002
EC-Earth3,-9.5,-9.1554,4,ES,Winter barley,heat,-0.00107311801781279
EC-Earth3,-8.5,-8.4726,15,ES,Winter barley,heat,-0.000520120449256641
EC-Earth3,-7.5,-7.5562,20,ES,Winter barley,heat,-0.000798622905510432
EC-Earth3,-6.5,-6.4767,21,ES,Winter barley,heat,0.000141004666022953
EC-Earth3,-5.5,-5.3342,8,ES,Winter barley,heat,-0.000993172140360781
EC-Earth3,-4.5,-4.5495,8,ES,Winter barley,heat,-0.000253132841948313
EC-Earth3,-3.5,-3.3459,9,ES,Winter barley,heat,-0.000908290619945372
EC-Earth3,-2.5,-2.4493,5,ES,Winter barley,heat,-0.000112450824528051
EC-Earth3,-1.5,-1.3807,6,ES,Winter barley,heat,-0.000972735033315083
EC-Earth3,-0.5,-0.6596,3,ES,Winter barley,heat,0.00131118483269034
HadGEM3-GC3-1LL,-8.5,-8.3848,12,ES,Winter barley,heat,-0.00019006040841359
HadGEM3-GC3-1LL,-7.5,-7.5599,19,ES,Winter barley,heat,-0.000510310084890695
HadGEM3-GC3-1LL,-6.5,-6.5442,24,ES,Winter barley,heat,-0.000746569059490703
HadGEM3-GC3-1LL,-5.5,-5.5797,10,ES,Winter barley,heat,-0.000212684845997428
HadGEM3-GC3-1LL,-4.5,-4.5263,6,ES,Winter barley,heat,-5.6181276813282e-05
HadGEM3-GC3-1LL,-3.5,-3.7835,7,ES,Winter barley,heat,-0.000600357044566522
HadGEM3-GC3-1LL,-2.5,-2.4504,6,ES,Winter barley,heat,0.000372823283719464
HadGEM3-GC3-1LL,-1.5,-1.3098,8,ES,Winter barley,heat,0.000651313118365645
HadGEM3-GC3-1LL,-0.5,-0.331,6,ES,Winter barley,heat,0.00122191380660107
HadGEM3-GC3-1MM,-14.5,-14.3032,4,ES,Winter barley,heat,-0.00166314089204905
HadGEM3-GC3-1MM,-13.5,-13.3931,8,ES,Winter barley,heat,-0.00424361234019332
HadGEM3-GC3-1MM,-12.5,-12.588,13,ES,Winter barley,heat,-0.00330155220969748
HadGEM3-GC3-1MM,-11.5,-11.5321,21,ES,Winter barley,heat,-0.00194579259094885
HadGEM3-GC3-1MM,-10.5,-10.4803,10,ES,Winter barley,heat,-0.00114936142994418
HadGEM3-GC3-1MM,-9.5,-9.6161,7,ES,Winter barley,heat,0.000332157123909296
HadGEM3-GC3-1MM,-8.5,-8.6582,7,ES,Winter barley,heat,-0.000363503696694616
HadGEM3-GC3-1MM,-7.5,-7.6345,8,ES,Winter barley,heat,0.000487593644928057
HadGEM3-GC3-1MM,-6.5,-6.4299,4,ES,Winter barley,heat,-0.000165643629810114
HadGEM3-GC3-1MM,-5.5,-5.3528,4,ES,Winter barley,heat,0.00152028189966737
HadGEM3-GC3-1MM,-4.5,-4.3969,4,ES,Winter barley,heat,-0.00127590023892823
IPSL-CM6A-LR,-9.5,-9.3401,5,ES,Winter barley,heat,-0.00168821907251847
IPSL-CM6A-LR,-8.5,-8.4598,8,ES,Winter barley,heat,-0.00175845358469803
IPSL-CM6A-LR,-7.5,-7.5255,19,ES,Winter barley,heat,-0.00109632767454487
IPSL-CM6A-LR,-6.5,-6.5577,11,ES,Winter barley,heat,-0.00113623290252298
IPSL-CM6A-LR,-5.5,-5.5623,13,ES,Winter barley,heat,-0.000955638559882451
IPSL-CM6A-LR,-4.5,-4.3507,11,ES,Winter barley,heat,0.00189408864972104
IPSL-CM6A-LR,-3.5,-3.4644,8,ES,Winter barley,heat,0.00101682211472031
IPSL-CM6A-LR,-2.5,-2.5669,9,ES,Winter barley,heat,-0.000550850744099753
IPSL-CM6A-LR,-1.5,-1.2909,6,ES,Winter barley,heat,0.000604135608415543
IPSL-CM6A-LR,-0.5,-0.6347,8,ES,Winter barley,heat,1.93909551591354e-05
EC-Earth3,-9.5,-9.1554,4,FR,Winter barley,heat,-0.000693107049604526
EC-Earth3,-8.5,-8.4726,15,FR,Winter barley,heat,-0.000514583489246093
EC-Earth3,-7.5,-7.5562,20,FR,Winter barley,heat,-0.000668767674155086
EC-Earth3,-6.5,-6.4767,21,FR,Winter barley,heat,-7.04134571917227e-05
EC-Earth3,-5.5,-5.3342,8,FR,Winter barley,heat,-0.000264074805943905
EC-Earth3,-4.5,-4.5495,8,FR,Winter barley,heat,-0.000195076081622102
EC-Earth3,-3.5,-3.3459,9,FR,Winter barley,heat,0.000362207141030139
EC-Earth3,-2.5,-2.4493,5,FR,Winter barley,heat,-0.000376965699387418
EC-Earth3,-1.5,-1.3807,6,FR,Winter barley,heat,-0.000262564390883101
EC-Earth3,-0.5,-0.6596,3,FR,Winter barley,heat,0.000433299195447776
HadGEM3-GC3-1LL,-8.5,-8.3848,12,FR,Winter barley,heat,0.000451897143444467
HadGEM3-GC3-1LL,-7.5,-7.5599,19,FR,Winter barley,heat,-0.000188126584192665
HadGEM3-GC3-1LL,-6.5,-6.5442,24,FR,Winter barley,heat,-0.000162269955146416
HadGEM3-GC3-1LL,-5.5,-5.5797,10,FR,Winter barley,heat,-5.70771047169266e-05
HadGEM3-GC3-1LL,-4.5,-4.5263,6,FR,Winter barley,heat,9.01905235511824e-05
HadGEM3-GC3-1LL,-3.5,-3.7835,7,FR,Winter barley,heat,-0.000385680728578503
HadGEM3-GC3-1LL,-2.5,-2.4504,6,FR,Winter barley,heat,0.000247835003922439
HadGEM3-GC3-1LL,-1.5,-1.3098,8,FR,Winter barley,heat,9.29412600744437e-05
HadGEM3-GC3-1LL,-0.5,-0.331,6,FR,Winter barley,heat,0.000232771421594821
HadGEM3-GC3-1MM,-14.5,-14.3032,4,FR,Winter barley,heat,-0.000956338511830024
HadGEM3-GC3-1MM,-13.5,-13.3931,8,FR,Winter barley,heat,-0.001314582189325
HadGEM3-GC3-1MM,-12.5,-12.588,13,FR,Winter barley,heat,-0.000783097234954918
HadGEM3-GC3-1MM,-11.5,-11.5321,21,FR,Winter barley,heat,-0.00093935873519185
HadGEM3-GC3-1MM,-10.5,-10.4803,10,FR,Winter barley,heat,-0.000709500440049084
HadGEM3-GC3-1MM,-9.5,-9.6161,7,FR,Winter barley,heat,-0.000136774423835151
HadGEM3-GC3-1MM,-8.5,-8.6582,7,FR,Winter barley,heat,-0.000513302758336168
HadGEM3-GC3-1MM,-7.5,-7.6345,8,FR,Winter barley,heat,-0.000737558439716679
HadGEM3-GC3-1MM,-6.5,-6.4299,4,FR,Winter barley,heat,0.000241614367777026
HadGEM3-GC3-1MM,-5.5,-5.3528,4,FR,Winter barley,heat,-0.000381085468721742
HadGEM3-GC3-1MM,-4.5,-4.3969,4,FR,Winter barley,heat,-0.000175603497585715
IPSL-CM6A-LR,-9.5,-9.3401,5,FR,Winter barley,heat,-0.000477792606891053
IPSL-CM6A-LR,-8.5,-8.4598,8,FR,Winter barley,heat,-0.000651713056808076
IPSL-CM6A-LR,-7.5,-7.5255,19,FR,Winter barley,heat,-0.000270290134633402
IPSL-CM6A-LR,-6.5,-6.5577,11,FR,Winter barley,heat,-0.000165684542821552
IPSL-CM6A-LR,-5.5,-5.5623,13,FR,Winter barley,heat,-0.000246971980092307
IPSL-CM6A-LR,-4.5,-4.3507,11,FR,Winter barley,heat,4.77850040365898e-05
IPSL-CM6A-LR,-3.5,-3.4644,8,FR,Winter barley,heat,-0.00031422985492279
IPSL-CM6A-LR,-2.5,-2.5669,9,FR,Winter barley,heat,1.71495398032611e-05
IPSL-CM6A-LR,-1.5,-1.2909,6,FR,Winter barley,heat,-0.000135533031806078
IPSL-CM6A-LR,-0.5,-0.6347,8,FR,Winter barley,heat,8.03102013534149e-05
EC-Earth3,-9.5,-9.1554,4,HU,Winter barley,heat,-0.00155807860288852
EC-Earth3,-8.5,-8.4726,15,HU,Winter barley,heat,-0.00161845565100957
EC-Earth3,-7.5,-7.5562,20,HU,Winter barley,heat,-0.00155546162799826
EC-Earth3,-6.5,-6.4767,21,HU,Winter barley,heat,-0.000404239684056022
EC-Earth3,-5.5,-5.3342,8,HU,Winter barley,heat,0.000666999284330039
EC-Earth3,-4.5,-4.5495,8,HU,Winter barley,heat,-0.000536792123077699
EC-Earth3,-3.5,-3.3459,9,HU,Winter barley,heat,-0.00121705058324866
EC-Earth3,-2.5,-2.4493,5,HU,Winter barley,heat,0.000449489236834964
EC-Earth3,-1.5,-1.3807,6,HU,Winter barley,heat,-0.0012594350620211
EC-Earth3,-0.5,-0.6596,3,HU,Winter barley,heat,0.00158036853442507
HadGEM3-GC3-1LL,-8.5,-8.3848,12,HU,Winter barley,heat,-2.3907503464099e-05
HadGEM3-GC3-1LL,-7.5,-7.5599,19,HU,Winter barley,heat,0.000951230358876639
HadGEM3-GC3-1LL,-6.5,-6.5442,24,HU,Winter barley,heat,-0.000930580441705046
HadGEM3-GC3-1LL,-5.5,-5.5797,10,HU,Winter barley,heat,0.000153667469889766
HadGEM3-GC3-1LL,-4.5,-4.5263,6,HU,Winter barley,heat,-0.00120095018889366
HadGEM3-GC3-1LL,-3.5,-3.7835,7,HU,Winter barley,heat,-0.000399704153526146
HadGEM3-GC3-1LL,-2.5,-2.4504,6,HU,Winter barley,heat,-0.000190873958958822
HadGEM3-GC3-1LL,-1.5,-1.3098,8,HU,Winter barley,heat,-0.000365012467824881
HadGEM3-GC3-1LL,-0.5,-0.331,6,HU,Winter barley,heat,-0.000600437237196755
HadGEM3-GC3-1MM,-14.5,-14.3032,4,HU,Winter barley,heat,0.000137350108061242
HadGEM3-GC3-1MM,-13.5,-13.3931,8,HU,Winter barley,heat,-1.34705907170948e-05
HadGEM3-GC3-1MM,-12.5,-12.588,13,HU,Winter barley,heat,-0.000286043011660317
HadGEM3-GC3-1MM,-11.5,-11.5321,21,HU,Winter barley,heat,-0.000581964306488385
HadGEM3-GC3-1MM,-10.5,-10.4803,10,HU,Winter barley,heat,-0.00181750280075871
HadGEM3-GC3-1MM,-9.5,-9.6161,7,HU,Winter barley,heat,0.00156415946814118
HadGEM3-GC3-1MM,-8.5,-8.6582,7,HU,Winter barley,heat,0.000226715930387635
HadGEM3-GC3-1MM,-7.5,-7.6345,8,HU,Winter barley,heat,-0.00121576114745575
HadGEM3-GC3-1MM,-6.5,-6.4299,4,HU,Winter barley,heat,-0.000282127181817942
HadGEM3-GC3-1MM,-5.5,-5.3528,4,HU,Winter barley,heat,0.000307486580188455
HadGEM3-GC3-1MM,-4.5,-4.3969,4,HU,Winter barley,heat,0.000955452171954642
IPSL-CM6A-LR,-9.5,-9.3401,5,HU,Winter barley,heat,-0.00162861703157848
IPSL-CM6A-LR,-8.5,-8.4598,8,HU,Winter barley,heat,-0.00172399797328237
IPSL-CM6A-LR,-7.5,-7.5255,19,HU,Winter barley,heat,-0.001154607543147
IPSL-CM6A-LR,-6.5,-6.5577,11,HU,Winter barley,heat,-0.000868372400494482
IPSL-CM6A-LR,-5.5,-5.5623,13,HU,Winter barley,heat,-0.0013846378866502
IPSL-CM6A-LR,-4.5,-4.3507,11,HU,Winter barley,heat,-0.000343458369520024
IPSL-CM6A-LR,-3.5,-3.4644,8,HU,Winter barley,heat,-0.00095731548109147
IPSL-CM6A-LR,-2.5,-2.5669,9,HU,Winter barley,heat,-0.00113065898484689
IPSL-CM6A-LR,-1.5,-1.2909,6,HU,Winter barley,heat,-8.1643257606049e-05
IPSL-CM6A-LR,-0.5,-0.6347,8,HU,Winter barley,heat,-9.42567748689441e-05
EC-Earth3,-9.5,-9.1554,4,IT,Winter barley,heat,-0.0016562880802474
EC-Earth3,-8.5,-8.4726,15,IT,Winter barley,heat,-0.000875849334450789
EC-Earth3,-7.5,-7.5562,20,IT,Winter barley,heat,-0.00121479409349805
EC-Earth3,-6.5,-6.4767,21,IT,Winter barley,heat,-8.4268878798118e-05
EC-Earth3,-5.5,-5.3342,8,IT,Winter barley,heat,0.000360783596471529
EC-Earth3,-4.5,-4.5495,8,IT,Winter barley,heat,0.000741487717613131
EC-Earth3,-3.5,-3.3459,9,IT,Winter barley,heat,-0.00107686053266302
EC-Earth3,-2.5,-2.4493,5,IT,Winter barley,heat,0.000592488797029842
EC-Earth3,-1.5,-1.3807,6,IT,Winter barley,heat,-0.00046948849381586
EC-Earth3,-0.5,-0.6596,3,IT,Winter barley,heat,0.000801831084622181
HadGEM3-GC3-1LL,-8.5,-8.3848,12,IT,Winter barley,heat,0.000258366142848013
HadGEM3-GC3-1LL,-7.5,-7.5599,19,IT,Winter barley,heat,0.000663689013830157
HadGEM3-GC3-1LL,-6.5,-6.5442,24,IT,Winter barley,heat,-0.00103613009025167
HadGEM3-GC3-1LL,-5.5,-5.5797,10,IT,Winter barley,heat,-0.000245900575703853
HadGEM3-GC3-1LL,-4.5,-4.5263,6,IT,Winter barley,heat,-0.0005784762967204
HadGEM3-GC3-1LL,-3.5,-3.7835,7,IT,Winter barley,heat,0.000484842647261475
HadGEM3-GC3-1LL,-2.5,-2.4504,6,IT,Winter barley,heat,0.000431321157947399
HadGEM3-GC3-1LL,-1.5,-1.3098,8,IT,Winter barley,heat,-0.000242618691602991
HadGEM3-GC3-1LL,-0.5,-0.331,6,IT,Winter barley,heat,0.00024145380192198
HadGEM3-GC3-1MM,-14.5,-14.3032,4,IT,Winter barley,heat,-0.000593015786811354
HadGEM3-GC3-1MM,-13.5,-13.3931,8,IT,Winter barley,heat,-0.000781180718169941
HadGEM3-GC3-1MM,-12.5,-12.588,13,IT,Winter barley,heat,-0.000202215452994634
HadGEM3-GC3-1MM,-11.5,-11.5321,21,IT,Winter barley,heat,-0.000786368693436687
HadGEM3-GC3-1MM,-10.5,-10.4803,10,IT,Winter barley,heat,-0.000999738102145322
HadGEM3-GC3-1MM,-9.5,-9.6161,7,IT,Winter barley,heat,0.000860988881051637
HadGEM3-GC3-1MM,-8.5,-8.6582,7,IT,Winter barley,heat,0.000210922072104991
HadGEM3-GC3-1MM,-7.5,-7.6345,8,IT,Winter barley,heat,0.000131428759608013
HadGEM3-GC3-1MM,-6.5,-6.4299,4,IT,Winter barley,heat,0.000107692290894665
HadGEM3-GC3-1MM,-5.5,-5.3528,4,IT,Winter barley,heat,2.53023354013711e-05
HadGEM3-GC3-1MM,-4.5,-4.3969,4,IT,Winter barley,heat,0.000174093118991481
IPSL-CM6A-LR,-9.5,-9.3401,5,IT,Winter barley,heat,-0.00145632557702383
IPSL-CM6A-LR,-8.5,-8.4598,8,IT,Winter barley,heat,-0.00155644974569944
IPSL-CM6A-LR,-7.5,-7.5255,19,IT,Winter barley,heat,-0.000790852934302945
IPSL-CM6A-LR,-6.5,-6.5577,11,IT,Winter barley,heat,-0.000983571066725172
IPSL-CM6A-LR,-5.5,-5.5623,13,IT,Winter barley,heat,-0.00105261188462992
IPSL-CM6A-LR,-4.5,-4.3507,11,IT,Winter barley,heat,0.000613905755683401
IPSL-CM6A-LR,-3.5,-3.4644,8,IT,Winter barley,heat,-0.000420286542946975
IPSL-CM6A-LR,-2.5,-2.5669,9,IT,Winter barley,heat,-0.000725974365550401
IPSL-CM6A-LR,-1.5,-1.2909,6,IT,Winter barley,heat,7.32352255757559e-05
IPSL-CM6A-LR,-0.5,-0.6347,8,IT,Winter barley,heat,2.44955365256428e-05
EC-Earth3,-9.5,-9.1554,4,LT,Winter barley,heat,-9.05396241372759e-05
EC-Earth3,-8.5,-8.4726,15,LT,Winter barley,heat,-0.000268362314007389
EC-Earth3,-7.5,-7.5562,20,LT,Winter barley,heat,-0.000295363464720796
EC-Earth3,-6.5,-6.4767,21,LT,Winter barley,heat,-0.000187552154916326
EC-Earth3,-5.5,-5.3342,8,LT,Winter barley,heat,-9.73803507742407e-05
EC-Earth3,-4.5,-4.5495,8,LT,Winter barley,heat,-0.000244892472355017
EC-Earth3,-3.5,-3.3459,9,LT,Winter barley,heat,-0.0001873239712674
EC-Earth3,-2.5,-2.4493,5,LT,Winter barley,heat,-0.000274622139295594
EC-Earth3,-1.5,-1.3807,6,LT,Winter barley,heat,-0.000100086182980839
EC-Earth3,-0.5,-0.6596,3,LT,Winter barley,heat,0.000469576717876237
HadGEM3-GC3-1LL,-8.5,-8.3848,12,LT,Winter barley,heat,-0.000210745463100164
HadGEM3-GC3-1LL,-7.5,-7.5599,19,LT,Winter barley,heat,-0.00018591068260538
HadGEM3-GC3-1LL,-6.5,-6.5442,24,LT,Winter barley,heat,-0.00017941500589073
HadGEM3-GC3-1LL,-5.5,-5.5797,10,LT,Winter barley,heat,-7.04315257034309e-05
HadGEM3-GC3-1LL,-4.5,-4.5263,6,LT,Winter barley,heat,-0.000225629608408841
HadGEM3-GC3-1LL,-3.5,-3.7835,7,LT,Winter barley,heat,-0.000274081021150207
HadGEM3-GC3-1LL,-2.5,-2.4504,6,LT,Winter barley,heat,-0.000155687943974958
HadGEM3-GC3-1LL,-1.5,-1.3098,8,LT,Winter barley,heat,1.00079388122966e-05
HadGEM3-GC3-1LL,-0.5,-0.331,6,LT,Winter barley,heat,-6.31855488191219e-05
HadGEM3-GC3-1MM,-14.5,-14.3032,4,LT,Winter barley,heat,-0.00041810166416539
HadGEM3-GC3-1MM,-13.5,-13.3931,8,LT,Winter barley,heat,-0.000463080445370506
HadGEM3-GC3-1MM,-12.5,-12.588,13,LT,Winter barley,heat,-0.000516159264252728
HadGEM3-GC3-1MM,-11.5,-11.5321,21,LT,Winter barley,heat,-0.000494442521963977
HadGEM3-GC3-1MM,-10.5,-10.4803,10,LT,Winter barley,heat,-0.000563100463591988
HadGEM3-GC3-1MM,-9.5,-9.6161,7,LT,Winter barley,heat,-0.000111546264145776
HadGEM3-GC3-1MM,-8.5,-8.6582,7,LT,Winter barley,heat,-0.000343555195983823
HadGEM3-GC3-1MM,-7.5,-7.6345,8,LT,Winter barley,heat,-0.000402918375568507
HadGEM3-GC3-1MM,-6.5,-6.4299,4,LT,Winter barley,heat,-0.000282927010350533
HadGEM3-GC3-1MM,-5.5,-5.3528,4,LT,Winter barley,heat,-0.00018381845517727
HadGEM3-GC3-1MM,-4.5,-4.3969,4,LT,Winter barley,heat,-4.80553928401686e-05
IPSL-CM6A-LR,-9.5,-9.3401,5,LT,Winter barley,heat,-0.000470929641842146
IPSL-CM6A-LR,-8.5,-8.4598,8,LT,Winter barley,heat,-0.00041939290064463
IPSL-CM6A-LR,-7.5,-7.5255,19,LT,Winter barley,heat,-0.00035670275920568
IPSL-CM6A-LR,-6.5,-6.5577,11,LT,Winter barley,heat,-0.000260055998595247
IPSL-CM6A-LR,-5.5,-5.5623,13,LT,Winter barley,heat,-0.000313349223934685
IPSL-CM6A-LR,-4.5,-4.3507,11,LT,Winter barley,heat,-0.000325928063560641
IPSL-CM6A-LR,-3.5,-3.4644,8,LT,Winter barley,heat,-0.000281129721763125
IPSL-CM6A-LR,-2.5,-2.5669,9,LT,Winter barley,heat,-0.000325086201318745
IPSL-CM6A-LR,-1.5,-1.2909,6,LT,Winter barley,heat,-0.000268630607122186
IPSL-CM6A-LR,-0.5,-0.6347,8,LT,Winter barley,heat,-0.000111268283647552
EC-Earth3,-9.5,-9.1554,4,LV,Winter barley,heat,-7.00672441256381e-05
EC-Earth3,-8.5,-8.4726,15,LV,Winter barley,heat,-0.000204233054528539
EC-Earth3,-7.5,-7.5562,20,LV,Winter barley,heat,-0.000223461850043287
EC-Earth3,-6.5,-6.4767,21,LV,Winter barley,heat,-0.000163209097307677
EC-Earth3,-5.5,-5.3342,8,LV,Winter barley,heat,-8.64212430945326e-05
EC-Earth3,-4.5,-4.5495,8,LV,Winter barley,heat,-0.000225378845671041
EC-Earth3,-3.5,-3.3459,9,LV,Winter barley,heat,-0.000184866430911397
EC-Earth3,-2.5,-2.4493,5,LV,Winter barley,heat,-0.000219240294680528
EC-Earth3,-1.5,-1.3807,6,LV,Winter barley,heat,-7.00884568758356e-05
EC-Earth3,-0.5,-0.6596,3,LV,Winter barley,heat,0.000327858850386396
HadGEM3-GC3-1LL,-8.5,-8.3848,12,LV,Winter barley,heat,-0.000201095938365744
HadGEM3-GC3-1LL,-7.5,-7.5599,19,LV,Winter barley,heat,-0.000188532253396693
HadGEM3-GC3-1LL,-6.5,-6.5442,24,LV,Winter barley,heat,-0.000160430686181263
HadGEM3-GC3-1LL,-5.5,-5.5797,10,LV,Winter barley,heat,-0.000112892094504023
HadGEM3-GC3-1LL,-4.5,-4.5263,6,LV,Winter barley,heat,-0.000189518429015315
HadGEM3-GC3-1LL,-3.5,-3.7835,7,LV,Winter barley,heat,-0.000222805547858463
HadGEM3-GC3-1LL,-2.5,-2.4504,6,LV,Winter barley,heat,-0.000137568963875255
HadGEM3-GC3-1LL,-1.5,-1.3098,8,LV,Winter barley,heat,4.23731635529754e-06
HadGEM3-GC3-1LL,-0.5,-0.331,6,LV,Winter barley,heat,-4.31881702931264e-05
HadGEM3-GC3-1MM,-14.5,-14.3032,4,LV,Winter barley,heat,-0.000349612337667082
HadGEM3-GC3-1MM,-13.5,-13.3931,8,LV,Winter barley,heat,-0.000372961208121283
HadGEM3-GC3-1MM,-12.5,-12.588,13,LV,Winter barley,heat,-0.000397883235776565
HadGEM3-GC3-1MM,-11.5,-11.5321,21,LV,Winter barley,heat,-0.000385973958202252
HadGEM3-GC3-1MM,-10.5,-10.4803,10,LV,Winter barley,heat,-0.000410938427319568
HadGEM3-GC3-1MM,-9.5,-9.6161,7,LV,Winter barley,heat,-0.00019173813243603
HadGEM3-GC3-1MM,-8.5,-8.6582,7,LV,Winter barley,heat,-0.000298736399414902
HadGEM3-GC3-1MM,-7.5,-7.6345,8,LV,Winter barley,heat,-0.000315435687744766
HadGEM3-GC3-1MM,-6.5,-6.4299,4,LV,Winter barley,heat,-0.000245563163342535
HadGEM3-GC3-1MM,-5.5,-5.3528,4,LV,Winter barley,heat,-0.000133739325956346
HadGEM3-GC3-1MM,-4.5,-4.3969,4,LV,Winter barley,heat,-9.03275733301648e-05
IPSL-CM6A-LR,-9.5,-9.3401,5,LV,Winter barley,heat,-0.000360415680577744
IPSL-CM6A-LR,-8.5,-8.4598,8,LV,Winter barley,heat,-0.000327618466124707
IPSL-CM6A-LR,-7.5,-7.5255,19,LV,Winter barley,heat,-0.000297901170657968
IPSL-CM6A-LR,-6.5,-6.5577,11,LV,Winter barley,heat,-0.000252990371506576
IPSL-CM6A-LR,-5.5,-5.5623,13,LV,Winter barley,heat,-0.000239820327513311
IPSL-CM6A-LR,-4.5,-4.3507,11,LV,Winter barley,heat,-0.000266176205754908
IPSL-CM6A-LR,-3.5,-3.4644,8,LV,Winter barley,heat,-0.000213790532094482
IPSL-CM6A-LR,-2.5,-2.5669,9,LV,Winter barley,heat,-0.000240251005215685
IPSL-CM6A-LR,-1.5,-1.2909,6,LV,Winter barley,heat,-0.000219516813419997
IPSL-CM6A-LR,-0.5,-0.6347,8,LV,Winter barley,heat,-7.09482078686738e-05
EC-Earth3,-9.5,-9.1554,4,SE,Winter barley,heat,-0.000166469788358835
EC-Earth3,-8.5,-8.4726,15,SE,Winter barley,heat,-0.000158137173755106
EC-Earth3,-7.5,-7.5562,20,SE,Winter barley,heat,-0.000150886350586012
EC-Earth3,-6.5,-6.4767,21,SE,Winter barley,heat,-0.000118009104250989
EC-Earth3,-5.5,-5.3342,8,SE,Winter barley,heat,-9.09057737187291e-05
EC-Earth3,-4.5,-4.5495,8,SE,Winter barley,heat,-0.000153817940464878
EC-Earth3,-3.5,-3.3459,9,SE,Winter barley,heat,-9.49709874251865e-05
EC-Earth3,-2.5,-2.4493,5,SE,Winter barley,heat,-0.0001578658067891
EC-Earth3,-1.5,-1.3807,6,SE,Winter barley,heat,-0.000101113269179513
EC-Earth3,-0.5,-0.6596,3,SE,Winter barley,heat,-1.71960727627872e-05
HadGEM3-GC3-1LL,-8.5,-8.3848,12,SE,Winter barley,heat,-0.000106980918220132
HadGEM3-GC3-1LL,-7.5,-7.5599,19,SE,Winter barley,heat,-0.000117632838149186
HadGEM3-GC3-1LL,-6.5,-6.5442,24,SE,Winter barley,heat,-0.000104792933073529
HadGEM3-GC3-1LL,-5.5,-5.5797,10,SE,Winter barley,heat,-6.86111018647958e-05
HadGEM3-GC3-1LL,-4.5,-4.5263,6,SE,Winter barley,heat,-0.00010467599910151
HadGEM3-GC3-1LL,-3.5,-3.7835,7,SE,Winter barley,heat,-0.000131052830813338
HadGEM3-GC3-1LL,-2.5,-2.4504,6,SE,Winter barley,heat,-8.83941271045904e-05
HadGEM3-GC3-1LL,-1.5,-1.3098,8,SE,Winter barley,heat,-2.90476115058304e-06
HadGEM3-GC3-1LL,-0.5,-0.331,6,SE,Winter barley,heat,-9.30484766075788e-06
HadGEM3-GC3-1MM,-14.5,-14.3032,4,SE,Winter barley,heat,-0.000181922802799212
HadGEM3-GC3-1MM,-13.5,-13.3931,8,SE,Winter barley,heat,-0.000183021416502944
HadGEM3-GC3-1MM,-12.5,-12.588,13,SE,Winter barley,heat,-0.000181688990680945
HadGEM3-GC3-1MM,-11.5,-11.5321,21,SE,Winter barley,heat,-0.000183196553830798
HadGEM3-GC3-1MM,-10.5,-10.4803,10,SE,Winter barley,heat,-0.000182958290115693
HadGEM3-GC3-1MM,-9.5,-9.6161,7,SE,Winter barley,heat,-0.000128356803574748
HadGEM3-GC3-1MM,-8.5,-8.6582,7,SE,Winter barley,heat,-0.000158939807584713
HadGEM3-GC3-1MM,-7.5,-7.6345,8,SE,Winter barley,heat,-0.000162618995022098
HadGEM3-GC3-1MM,-6.5,-6.4299,4,SE,Winter barley,heat,-8.15581224256714e-05
HadGEM3-GC3-1MM,-5.5,-5.3528,4,SE,Winter barley,heat,-0.00014991895799396
HadGEM3-GC3-1MM,-4.5,-4.3969,4,SE,Winter barley,heat,-7.49507000573553e-05
IPSL-CM6A-LR,-9.5,-9.3401,5,SE,Winter barley,heat,-0.000157934770742704
IPSL-CM6A-LR,-8.5,-8.4598,8,SE,Winter barley,heat,-0.000167434645330832
IPSL-CM6A-LR,-7.5,-7.5255,19,SE,Winter barley,heat,-0.000146733542756182
IPSL-CM6A-LR,-6.5,-6.5577,11,SE,Winter barley,heat,-0.000134414357638473
IPSL-CM6A-LR,-5.5,-5.5623,13,SE,Winter barley,heat,-0.000127921249339786
IPSL-CM6A-LR,-4.5,-4.3507,11,SE,Winter barley,heat,-0.000140634685515416
IPSL-CM6A-LR,-3.5,-3.4644,8,SE,Winter barley,heat,-0.000137673563333753
IPSL-CM6A-LR,-2.5,-2.5669,9,SE,Winter barley,heat,-8.91077319688436e-05
IPSL-CM6A-LR,-1.5,-1.2909,6,SE,Winter barley,heat,-0.000120537303532491
IPSL-CM6A-LR,-0.5,-0.6347,8,SE,Winter barley,heat,-5.33147432700505e-05
EC-Earth3,-9.5,-9.1554,4,SK,Winter barley,heat,-0.00112283809036709
EC-Earth3,-8.5,-8.4726,15,SK,Winter barley,heat,-0.00107920838749948
EC-Earth3,-7.5,-7.5562,20,SK,Winter barley,heat,-0.00106025845278886
EC-Earth3,-6.5,-6.4767,21,SK,Winter barley,heat,-0.000248854922247984
EC-Earth3,-5.5,-5.3342,8,SK,Winter barley,heat,0.000486208482601799
EC-Earth3,-4.5,-4.5495,8,SK,Winter barley,heat,-0.000403497673802194
EC-Earth3,-3.5,-3.3459,9,SK,Winter barley,heat,-0.000569973601498915
EC-Earth3,-2.5,-2.4493,5,SK,Winter barley,heat,-0.000167211443210598
EC-Earth3,-1.5,-1.3807,6,SK,Winter barley,heat,-0.000626774482550484
EC-Earth3,-0.5,-0.6596,3,SK,Winter barley,heat,0.00136196790200636
HadGEM3-GC3-1LL,-8.5,-8.3848,12,SK,Winter barley,heat,-3.46049080186848e-05
HadGEM3-GC3-1LL,-7.5,-7.5599,19,SK,Winter barley,heat,0.00047290947551757
HadGEM3-GC3-1LL,-6.5,-6.5442,24,SK,Winter barley,heat,-0.00060523605624105
HadGEM3-GC3-1LL,-5.5,-5.5797,10,SK,Winter barley,heat,0.000118857169695151
HadGEM3-GC3-1LL,-4.5,-4.5263,6,SK,Winter barley,heat,-0.000749943477468535
HadGEM3-GC3-1LL,-3.5,-3.7835,7,SK,Winter barley,heat,-0.000341632775307941
HadGEM3-GC3-1LL,-2.5,-2.4504,6,SK,Winter barley,heat,-0.000172893093142572
HadGEM3-GC3-1LL,-1.5,-1.3098,8,SK,Winter barley,heat,-0.000141072694344268
HadGEM3-GC3-1LL,-0.5,-0.331,6,SK,Winter barley,heat,-0.000596054821850447
HadGEM3-GC3-1MM,-14.5,-14.3032,4,SK,Winter barley,heat,-0.000149374840468986
HadGEM3-GC3-1MM,-13.5,-13.3931,8,SK,Winter barley,heat,-7.23764101948273e-05
HadGEM3-GC3-1MM,-12.5,-12.588,13,SK,Winter barley,heat,-0.00019744235975292
HadGEM3-GC3-1MM,-11.5,-11.5321,21,SK,Winter barley,heat,-0.0005616985795333
HadGEM3-GC3-1MM,-10.5,-10.4803,10,SK,Winter barley,heat,-0.00127348766652842
HadGEM3-GC3-1MM,-9.5,-9.6161,7,SK,Winter barley,heat,0.00153421099434055
HadGEM3-GC3-1MM,-8.5,-8.6582,7,SK,Winter barley,heat,-0.000146504568940612
HadGEM3-GC3-1MM,-7.5,-7.6345,8,SK,Winter barley,heat,-0.000902107185163113
HadGEM3-GC3-1MM,-6.5,-6.4299,4,SK,Winter barley,heat,-6.97976668761611e-05
HadGEM3-GC3-1MM,-5.5,-5.3528,4,SK,Winter barley,heat,0.000171556715623288
HadGEM3-GC3-1MM,-4.5,-4.3969,4,SK,Winter barley,heat,0.000634304481131712
IPSL-CM6A-LR,-9.5,-9.3401,5,SK,Winter barley,heat,-0.00104334397709771
IPSL-CM6A-LR,-8.5,-8.4598,8,SK,Winter barley,heat,-0.00116450609653278
IPSL-CM6A-LR,-7.5,-7.5255,19,SK,Winter barley,heat,-0.000793089849306385
IPSL-CM6A-LR,-6.5,-6.5577,11,SK,Winter barley,heat,-0.00050231732983544
IPSL-CM6A-LR,-5.5,-5.5623,13,SK,Winter barley,heat,-0.000917217478537311
IPSL-CM6A-LR,-4.5,-4.3507,11,SK,Winter barley,heat,-0.000345807373472896
IPSL-CM6A-LR,-3.5,-3.4644,8,SK,Winter barley,heat,-0.000696634523751693
IPSL-CM6A-LR,-2.5,-2.5669,9,SK,Winter barley,heat,-0.000765427648858965
IPSL-CM6A-LR,-1.5,-1.2909,6,SK,Winter barley,heat,-0.000173178800664018
IPSL-CM6A-LR,-0.5,-0.6347,8,SK,Winter barley,heat,-0.000243706941612896
EC-Earth3,-9.5,-9.1554,4,CZ,Soft wheat,frost,-0.000567933515533848
EC-Earth3,-8.5,-8.4726,15,CZ,Soft wheat,frost,0.00454117805822152
EC-Earth3,-7.5,-7.5562,20,CZ,Soft wheat,frost,0.000848087884893539
EC-Earth3,-6.5,-6.4767,21,CZ,Soft wheat,frost,0.0015644588453451
EC-Earth3,-5.5,-5.3342,8,CZ,Soft wheat,frost,0.00181576300213651
EC-Earth3,-4.5,-4.5495,8,CZ,Soft wheat,frost,0.000877218438016753
EC-Earth3,-3.5,-3.3459,9,CZ,Soft wheat,frost,0.00165931313450004
EC-Earth3,-2.5,-2.4493,5,CZ,Soft wheat,frost,0.00102142716077936
EC-Earth3,-1.5,-1.3807,6,CZ,Soft wheat,frost,0.00264597286005757
EC-Earth3,-0.5,-0.6596,3,CZ,Soft wheat,frost,-0.00136598438152724
HadGEM3-GC3-1LL,-8.5,-8.3848,12,CZ,Soft wheat,frost,0.00249936895112699
HadGEM3-GC3-1LL,-7.5,-7.5599,19,CZ,Soft wheat,frost,0.000244361632215712
HadGEM3-GC3-1LL,-6.5,-6.5442,24,CZ,Soft wheat,frost,0.00262871828179085
HadGEM3-GC3-1LL,-5.5,-5.5797,10,CZ,Soft wheat,frost,0.0018014462833163
HadGEM3-GC3-1LL,-4.5,-4.5263,6,CZ,Soft wheat,frost,0.00099099912746563
HadGEM3-GC3-1LL,-3.5,-3.7835,7,CZ,Soft wheat,frost,0.0022766616663454
HadGEM3-GC3-1LL,-2.5,-2.4504,6,CZ,Soft wheat,frost,-0.0032567803909027
HadGEM3-GC3-1LL,-1.5,-1.3098,8,CZ,Soft wheat,frost,-0.000879330600276933
HadGEM3-GC3-1LL,-0.5,-0.331,6,CZ,Soft wheat,frost,0.00099106253418787
HadGEM3-GC3-1MM,-14.5,-14.3032,4,CZ,Soft wheat,frost,3.26871011081179e-05
HadGEM3-GC3-1MM,-13.5,-13.3931,8,CZ,Soft wheat,frost,-0.00193335777975857
HadGEM3-GC3-1MM,-12.5,-12.588,13,CZ,Soft wheat,frost,-0.00128900995993703
HadGEM3-GC3-1MM,-11.5,-11.5321,21,CZ,Soft wheat,frost,0.000714215050951751
HadGEM3-GC3-1MM,-10.5,-10.4803,10,CZ,Soft wheat,frost,-0.00124781115483771
HadGEM3-GC3-1MM,-9.5,-9.6161,7,CZ,Soft wheat,frost,0.00249326998187491
HadGEM3-GC3-1MM,-8.5,-8.6582,7,CZ,Soft wheat,frost,0.00137845748446979
HadGEM3-GC3-1MM,-7.5,-7.6345,8,CZ,Soft wheat,frost,-0.000283034101944979
HadGEM3-GC3-1MM,-6.5,-6.4299,4,CZ,Soft wheat,frost,-0.00046302207667279
HadGEM3-GC3-1MM,-5.5,-5.3528,4,CZ,Soft wheat,frost,-0.00240332093762785
HadGEM3-GC3-1MM,-4.5,-4.3969,4,CZ,Soft wheat,frost,0.00156347868707882
IPSL-CM6A-LR,-9.5,-9.3401,5,CZ,Soft wheat,frost,0.00400272903183206
IPSL-CM6A-LR,-8.5,-8.4598,8,CZ,Soft wheat,frost,0.00298497904636542
IPSL-CM6A-LR,-7.5,-7.5255,19,CZ,Soft wheat,frost,0.00322047249959015
IPSL-CM6A-LR,-6.5,-6.5577,11,CZ,Soft wheat,frost,0.00480896378877283
IPSL-CM6A-LR,-5.5,-5.5623,13,CZ,Soft wheat,frost,0.00255222815942155
IPSL-CM6A-LR,-4.5,-4.3507,11,CZ,Soft wheat,frost,-0.000622352846421217
IPSL-CM6A-LR,-3.5,-3.4644,8,CZ,Soft wheat,frost,-0.000199803098325623
IPSL-CM6A-LR,-2.5,-2.5669,9,CZ,Soft wheat,frost,0.00133288047093109
IPSL-CM6A-LR,-1.5,-1.2909,6,CZ,Soft wheat,frost,0.00243578666699324
IPSL-CM6A-LR,-0.5,-0.6347,8,CZ,Soft wheat,frost,-0.000201184651438058
EC-Earth3,-9.5,-9.1554,4,DE,Soft wheat,frost,-0.000516650809036773
EC-Earth3,-8.5,-8.4726,15,DE,Soft wheat,frost,0.00380581879797329
EC-Earth3,-7.5,-7.5562,20,DE,Soft wheat,frost,0.00109129010057203
EC-Earth3,-6.5,-6.4767,21,DE,Soft wheat,frost,0.00109471223086524
EC-Earth3,-5.5,-5.3342,8,DE,Soft wheat,frost,0.00136710766691877
EC-Earth3,-4.5,-4.5495,8,DE,Soft wheat,frost,0.000833302721338512
EC-Earth3,-3.5,-3.3459,9,DE,Soft wheat,frost,0.00187349960280438
EC-Earth3,-2.5,-2.4493,5,DE,Soft wheat,frost,0.0011015162605677
EC-Earth3,-1.5,-1.3807,6,DE,Soft wheat,frost,0.0024065489475514
EC-Earth3,-0.5,-0.6596,3,DE,Soft wheat,frost,-5.47019835482942e-05
HadGEM3-GC3-1LL,-8.5,-8.3848,12,DE,Soft wheat,frost,0.00146435817862329
HadGEM3-GC3-1LL,-7.5,-7.5599,19,DE,Soft wheat,frost,0.000160873491780748
HadGEM3-GC3-1LL,-6.5,-6.5442,24,DE,Soft wheat,frost,0.00179980993924522
HadGEM3-GC3-1LL,-5.5,-5.5797,10,DE,Soft wheat,frost,0.00107084866959895
HadGEM3-GC3-1LL,-4.5,-4.5263,6,DE,Soft wheat,frost,0.000699963529575078
HadGEM3-GC3-1LL,-3.5,-3.7835,7,DE,Soft wheat,frost,0.00147725308236841
HadGEM3-GC3-1LL,-2.5,-2.4504,6,DE,Soft wheat,frost,-0.00356137292161956
HadGEM3-GC3-1LL,-1.5,-1.3098,8,DE,Soft wheat,frost,-0.00157425198063372
HadGEM3-GC3-1LL,-0.5,-0.331,6,DE,Soft wheat,frost,0.000272750629372835
HadGEM3-GC3-1MM,-14.5,-14.3032,4,DE,Soft wheat,frost,-0.00889982282132785
HadGEM3-GC3-1MM,-13.5,-13.3931,8,DE,Soft wheat,frost,-0.0128201443333948
HadGEM3-GC3-1MM,-12.5,-12.588,13,DE,Soft wheat,frost,-0.00885350800069509
HadGEM3-GC3-1MM,-11.5,-11.5321,21,DE,Soft wheat,frost,-0.00508260265940919
HadGEM3-GC3-1MM,-10.5,-10.4803,10,DE,Soft wheat,frost,-0.00373537941583647
HadGEM3-GC3-1MM,-9.5,-9.6161,7,DE,Soft wheat,frost,0.00169470377085838
HadGEM3-GC3-1MM,-8.5,-8.6582,7,DE,Soft wheat,frost,0.00049537365154862
HadGEM3-GC3-1MM,-7.5,-7.6345,8,DE,Soft wheat,frost,-0.000176807604769284
HadGEM3-GC3-1MM,-6.5,-6.4299,4,DE,Soft wheat,frost,-0.000150529365548796
HadGEM3-GC3-1MM,-5.5,-5.3528,4,DE,Soft wheat,frost,-0.00194466543432387
HadGEM3-GC3-1MM,-4.5,-4.3969,4,DE,Soft wheat,frost,0.00125618848434745
IPSL-CM6A-LR,-9.5,-9.3401,5,DE,Soft wheat,frost,0.00312000519793206
IPSL-CM6A-LR,-8.5,-8.4598,8,DE,Soft wheat,frost,0.00222538539084359
IPSL-CM6A-LR,-7.5,-7.5255,19,DE,Soft wheat,frost,0.0026193313066564
IPSL-CM6A-LR,-6.5,-6.5577,11,DE,Soft wheat,frost,0.00373114552245805
IPSL-CM6A-LR,-5.5,-5.5623,13,DE,Soft wheat,frost,0.00239860764488853
IPSL-CM6A-LR,-4.5,-4.3507,11,DE,Soft wheat,frost,-2.0238798766508e-05
IPSL-CM6A-LR,-3.5,-3.4644,8,DE,Soft wheat,frost,0.000555049073925747
IPSL-CM6A-LR,-2.5,-2.5669,9,DE,Soft wheat,frost,0.00166653321847023
IPSL-CM6A-LR,-1.5,-1.2909,6,DE,Soft wheat,frost,0.00180863404760656
IPSL-CM6A-LR,-0.5,-0.6347,8,DE,Soft wheat,frost,-0.00044772785828588
EC-Earth3,-9.5,-9.1554,4,DK,Soft wheat,frost,0.00125976740473138
EC-Earth3,-8.5,-8.4726,15,DK,Soft wheat,frost,0.00252827939773423
EC-Earth3,-7.5,-7.5562,20,DK,Soft wheat,frost,0.00226660069891761
EC-Earth3,-6.5,-6.4767,21,DK,Soft wheat,frost,0.0019232245926466
EC-Earth3,-5.5,-5.3342,8,DK,Soft wheat,frost,0.00195011753158398
EC-Earth3,-4.5,-4.5495,8,DK,Soft wheat,frost,0.00199678852730024
EC-Earth3,-3.5,-3.3459,9,DK,Soft wheat,frost,0.00271372756791664
EC-Earth3,-2.5,-2.4493,5,DK,Soft wheat,frost,0.00160022389795455
EC-Earth3,-1.5,-1.3807,6,DK,Soft wheat,frost,0.00156935432092209
EC-Earth3,-0.5,-0.6596,3,DK,Soft wheat,frost,3.00033053942393e-05
HadGEM3-GC3-1LL,-8.5,-8.3848,12,DK,Soft wheat,frost,0.00199294579931354
HadGEM3-GC3-1LL,-7.5,-7.5599,19,DK,Soft wheat,frost,0.00117140711311945
HadGEM3-GC3-1LL,-6.5,-6.5442,24,DK,Soft wheat,frost,0.00241515764932024
HadGEM3-GC3-1LL,-5.5,-5.5797,10,DK,Soft wheat,frost,0.00185456810095727
HadGEM3-GC3-1LL,-4.5,-4.5263,6,DK,Soft wheat,frost,0.000616608466802084
HadGEM3-GC3-1LL,-3.5,-3.7835,7,DK,Soft wheat,frost,0.0016493354753259
HadGEM3-GC3-1LL,-2.5,-2.4504,6,DK,Soft wheat,frost,-0.00162075208389811
HadGEM3-GC3-1LL,-1.5,-1.3098,8,DK,Soft wheat,frost,-0.0021860590407985
HadGEM3-GC3-1LL,-0.5,-0.331,6,DK,Soft wheat,frost,0.000509994167523788
HadGEM3-GC3-1MM,-14.5,-14.3032,4,DK,Soft wheat,frost,-0.0155809015230535
HadGEM3-GC3-1MM,-13.5,-13.3931,8,DK,Soft wheat,frost,-0.0189798820892644
HadGEM3-GC3-1MM,-12.5,-12.588,13,DK,Soft wheat,frost,-0.0190348074489946
HadGEM3-GC3-1MM,-11.5,-11.5321,21,DK,Soft wheat,frost,-0.0156418338005379
HadGEM3-GC3-1MM,-10.5,-10.4803,10,DK,Soft wheat,frost,-0.013297294075944
HadGEM3-GC3-1MM,-9.5,-9.6161,7,DK,Soft wheat,frost,-0.000240372526888953
HadGEM3-GC3-1MM,-8.5,-8.6582,7,DK,Soft wheat,frost,0.000171275305710877
HadGEM3-GC3-1MM,-7.5,-7.6345,8,DK,Soft wheat,frost,0.000948971513729223
HadGEM3-GC3-1MM,-6.5,-6.4299,4,DK,Soft wheat,frost,0.0014722440507805
HadGEM3-GC3-1MM,-5.5,-5.3528,4,DK,Soft wheat,frost,0.000530564474684993
HadGEM3-GC3-1MM,-4.5,-4.3969,4,DK,Soft wheat,frost,0.00209980099245263
IPSL-CM6A-LR,-9.5,-9.3401,5,DK,Soft wheat,frost,-0.00128099700412536
IPSL-CM6A-LR,-8.5,-8.4598,8,DK,Soft wheat,frost,-0.00447203750487294
IPSL-CM6A-LR,-7.5,-7.5255,19,DK,Soft wheat,frost,0.000983378548310032
IPSL-CM6A-LR,-6.5,-6.5577,11,DK,Soft wheat,frost,-0.00111894884586273
IPSL-CM6A-LR,-5.5,-5.5623,13,DK,Soft wheat,frost,0.00268522625002486
IPSL-CM6A-LR,-4.5,-4.3507,11,DK,Soft wheat,frost,0.002028364557066
IPSL-CM6A-LR,-3.5,-3.4644,8,DK,Soft wheat,frost,0.00218042049590094
IPSL-CM6A-LR,-2.5,-2.5669,9,DK,Soft wheat,frost,0.00228269957733047
IPSL-CM6A-LR,-1.5,-1.2909,6,DK,Soft wheat,frost,0.00252470190707383
IPSL-CM6A-LR,-0.5,-0.6347,8,DK,Soft wheat,frost,-0.000924861872414861
EC-Earth3,-9.5,-9.1554,4,EE,Soft wheat,frost,-0.000833323746704937
EC-Earth3,-8.5,-8.4726,15,EE,Soft wheat,frost,0.0015462474620777
EC-Earth3,-7.5,-7.5562,20,EE,Soft wheat,frost,-0.00104988416536759
EC-Earth3,-6.5,-6.4767,21,EE,Soft wheat,frost,0.00118532718129509
EC-Earth3,-5.5,-5.3342,8,EE,Soft wheat,frost,0.000330399500225995
EC-Earth3,-4.5,-4.5495,8,EE,Soft wheat,frost,-8.52282646165867e-05
EC-Earth3,-3.5,-3.3459,9,EE,Soft wheat,frost,0.0007964563495949
EC-Earth3,-2.5,-2.4493,5,EE,Soft wheat,frost,0.00161384712328825
EC-Earth3,-1.5,-1.3807,6,EE,Soft wheat,frost,0.00361709065132827
EC-Earth3,-0.5,-0.6596,3,EE,Soft wheat,frost,-0.000148897645605271
HadGEM3-GC3-1LL,-8.5,-8.3848,12,EE,Soft wheat,frost,0.0016292699712515
HadGEM3-GC3-1LL,-7.5,-7.5599,19,EE,Soft wheat,frost,-0.000519431037707357
HadGEM3-GC3-1LL,-6.5,-6.5442,24,EE,Soft wheat,frost,0.00177340146577398
HadGEM3-GC3-1LL,-5.5,-5.5797,10,EE,Soft wheat,frost,0.00200011677502223
HadGEM3-GC3-1LL,-4.5,-4.5263,6,EE,Soft wheat,frost,0.00111703788491721
HadGEM3-GC3-1LL,-3.5,-3.7835,7,EE,Soft wheat,frost,-0.00177111985406851
HadGEM3-GC3-1LL,-2.5,-2.4504,6,EE,Soft wheat,frost,-0.00275245728134625
HadGEM3-GC3-1LL,-1.5,-1.3098,8,EE,Soft wheat,frost,-0.00961977070521756
HadGEM3-GC3-1LL,-0.5,-0.331,6,EE,Soft wheat,frost,-0.000272858852141935
HadGEM3-GC3-1MM,-14.5,-14.3032,4,EE,Soft wheat,frost,-0.0174124347819754
HadGEM3-GC3-1MM,-13.5,-13.3931,8,EE,Soft wheat,frost,-0.0255849163776851
HadGEM3-GC3-1MM,-12.5,-12.588,13,EE,Soft wheat,frost,-0.0252000837589769
HadGEM3-GC3-1MM,-11.5,-11.5321,21,EE,Soft wheat,frost,-0.0188939767707124
HadGEM3-GC3-1MM,-10.5,-10.4803,10,EE,Soft wheat,frost,-0.0216808866467149
HadGEM3-GC3-1MM,-9.5,-9.6161,7,EE,Soft wheat,frost,-0.00662351253826409
HadGEM3-GC3-1MM,-8.5,-8.6582,7,EE,Soft wheat,frost,-0.00534436799150222
HadGEM3-GC3-1MM,-7.5,-7.6345,8,EE,Soft wheat,frost,-0.00302450622442786
HadGEM3-GC3-1MM,-6.5,-6.4299,4,EE,Soft wheat,frost,0.000897144840499969
HadGEM3-GC3-1MM,-5.5,-5.3528,4,EE,Soft wheat,frost,0.000191962413280536
HadGEM3-GC3-1MM,-4.5,-4.3969,4,EE,Soft wheat,frost,0.00131474323926188
IPSL-CM6A-LR,-9.5,-9.3401,5,EE,Soft wheat,frost,-0.00515260442100555
IPSL-CM6A-LR,-8.5,-8.4598,8,EE,Soft wheat,frost,-0.00922769696384042
IPSL-CM6A-LR,-7.5,-7.5255,19,EE,Soft wheat,frost,-0.00303216513172713
IPSL-CM6A-LR,-6.5,-6.5577,11,EE,Soft wheat,frost,-0.00224869214985729
IPSL-CM6A-LR,-5.5,-5.5623,13,EE,Soft wheat,frost,0.00155880597902969
IPSL-CM6A-LR,-4.5,-4.3507,11,EE,Soft wheat,frost,0.00173688371871706
IPSL-CM6A-LR,-3.5,-3.4644,8,EE,Soft wheat,frost,0.00178912570931091
IPSL-CM6A-LR,-2.5,-2.5669,9,EE,Soft wheat,frost,0.00235814710104487
IPSL-CM6A-LR,-1.5,-1.2909,6,EE,Soft wheat,frost,0.00258186491868591
IPSL-CM6A-LR,-0.5,-0.6347,8,EE,Soft wheat,frost,0.00102173077681774
EC-Earth3,-9.5,-9.1554,4,EL,Soft wheat,frost,-0.00120527471375454
EC-Earth3,-8.5,-8.4726,15,EL,Soft wheat,frost,0.00114015440993773
EC-Earth3,-7.5,-7.5562,20,EL,Soft wheat,frost,0.000709475995464558
EC-Earth3,-6.5,-6.4767,21,EL,Soft wheat,frost,0.000532059484293327
EC-Earth3,-5.5,-5.3342,8,EL,Soft wheat,frost,-7.03497026651766e-05
EC-Earth3,-4.5,-4.5495,8,EL,Soft wheat,frost,0.000802301850210474
EC-Earth3,-3.5,-3.3459,9,EL,Soft wheat,frost,0.000665469817934384
EC-Earth3,-2.5,-2.4493,5,EL,Soft wheat,frost,0.00161665815688323
EC-Earth3,-1.5,-1.3807,6,EL,Soft wheat,frost,0.00082934131687381
EC-Earth3,-0.5,-0.6596,3,EL,Soft wheat,frost,-0.00225238605092344
HadGEM3-GC3-1LL,-8.5,-8.3848,12,EL,Soft wheat,frost,0.000876712622770909
HadGEM3-GC3-1LL,-7.5,-7.5599,19,EL,Soft wheat,frost,0.000751495289892873
HadGEM3-GC3-1LL,-6.5,-6.5442,24,EL,Soft wheat,frost,0.000109372373041183
HadGEM3-GC3-1LL,-5.5,-5.5797,10,EL,Soft wheat,frost,0.00055367967905669
HadGEM3-GC3-1LL,-4.5,-4.5263,6,EL,Soft wheat,frost,0.00098240305820489
HadGEM3-GC3-1LL,-3.5,-3.7835,7,EL,Soft wheat,frost,0.000827041197052799
HadGEM3-GC3-1LL,-2.5,-2.4504,6,EL,Soft wheat,frost,-0.000161915970540767
HadGEM3-GC3-1LL,-1.5,-1.3098,8,EL,Soft wheat,frost,0.000671452411001729
HadGEM3-GC3-1LL,-0.5,-0.331,6,EL,Soft wheat,frost,0.000204519164211981
HadGEM3-GC3-1MM,-14.5,-14.3032,4,EL,Soft wheat,frost,0.00110833811587669
HadGEM3-GC3-1MM,-13.5,-13.3931,8,EL,Soft wheat,frost,0.000988819830623675
HadGEM3-GC3-1MM,-12.5,-12.588,13,EL,Soft wheat,frost,7.29056756623002e-05
HadGEM3-GC3-1MM,-11.5,-11.5321,21,EL,Soft wheat,frost,0.00115861454140694
HadGEM3-GC3-1MM,-10.5,-10.4803,10,EL,Soft wheat,frost,0.000160684670500868
HadGEM3-GC3-1MM,-9.5,-9.6161,7,EL,Soft wheat,frost,0.00085352359982461
HadGEM3-GC3-1MM,-8.5,-8.6582,7,EL,Soft wheat,frost,0.000329189836878518
HadGEM3-GC3-1MM,-7.5,-7.6345,8,EL,Soft wheat,frost,0.000315026041889509
HadGEM3-GC3-1MM,-6.5,-6.4299,4,EL,Soft wheat,frost,0.000104325046224116
HadGEM3-GC3-1MM,-5.5,-5.3528,4,EL,Soft wheat,frost,-0.00292187304612027
HadGEM3-GC3-1MM,-4.5,-4.3969,4,EL,Soft wheat,frost,0.000622560457855082
IPSL-CM6A-LR,-9.5,-9.3401,5,EL,Soft wheat,frost,-0.000885137291603923
IPSL-CM6A-LR,-8.5,-8.4598,8,EL,Soft wheat,frost,0.000892661347384312
IPSL-CM6A-LR,-7.5,-7.5255,19,EL,Soft wheat,frost,0.000943876880032415
IPSL-CM6A-LR,-6.5,-6.5577,11,EL,Soft wheat,frost,0.00158707020833194
IPSL-CM6A-LR,-5.5,-5.5623,13,EL,Soft wheat,frost,0.00088951778922429
IPSL-CM6A-LR,-4.5,-4.3507,11,EL,Soft wheat,frost,0.000115506041961922
IPSL-CM6A-LR,-3.5,-3.4644,8,EL,Soft wheat,frost,-0.000558091776479879
IPSL-CM6A-LR,-2.5,-2.5669,9,EL,Soft wheat,frost,0.000634495587515873
IPSL-CM6A-LR,-1.5,-1.2909,6,EL,Soft wheat,frost,0.000121442813760706
IPSL-CM6A-LR,-0.5,-0.6347,8,EL,Soft wheat,frost,0.000311196280281983
EC-Earth3,-9.5,-9.1554,4,ES,Soft wheat,frost,0.000678799256753767
EC-Earth3,-8.5,-8.4726,15,ES,Soft wheat,frost,0.00137695978093676
EC-Earth3,-7.5,-7.5562,20,ES,Soft wheat,frost,-0.000445063895394608
EC-Earth3,-6.5,-6.4767,21,ES,Soft wheat,frost,1.38888505051043e-05
EC-Earth3,-5.5,-5.3342,8,ES,Soft wheat,frost,8.72231565818567e-05
EC-Earth3,-4.5,-4.5495,8,ES,Soft wheat,frost,0.000941946052554611
EC-Earth3,-3.5,-3.3459,9,ES,Soft wheat,frost,0.000423584753371482
EC-Earth3,-2.5,-2.4493,5,ES,Soft wheat,frost,-0.000170050997261244
EC-Earth3,-1.5,-1.3807,6,ES,Soft wheat,frost,0.000138150393237379
EC-Earth3,-0.5,-0.6596,3,ES,Soft wheat,frost,-0.000443720674421913
HadGEM3-GC3-1LL,-8.5,-8.3848,12,ES,Soft wheat,frost,0.000142186891313409
HadGEM3-GC3-1LL,-7.5,-7.5599,19,ES,Soft wheat,frost,-0.000824420221997977
HadGEM3-GC3-1LL,-6.5,-6.5442,24,ES,Soft wheat,frost,-0.000262398525029364
HadGEM3-GC3-1LL,-5.5,-5.5797,10,ES,Soft wheat,frost,-0.00135706826553073
HadGEM3-GC3-1LL,-4.5,-4.5263,6,ES,Soft wheat,frost,-0.00101558022061195
HadGEM3-GC3-1LL,-3.5,-3.7835,7,ES,Soft wheat,frost,-3.98895655254573e-06
HadGEM3-GC3-1LL,-2.5,-2.4504,6,ES,Soft wheat,frost,-0.00109406633145139
HadGEM3-GC3-1LL,-1.5,-1.3098,8,ES,Soft wheat,frost,-0.000961081673597262
HadGEM3-GC3-1LL,-0.5,-0.331,6,ES,Soft wheat,frost,-0.000665506636819613
HadGEM3-GC3-1MM,-14.5,-14.3032,4,ES,Soft wheat,frost,-0.00204885458428963
HadGEM3-GC3-1MM,-13.5,-13.3931,8,ES,Soft wheat,frost,-0.000882768593386085
HadGEM3-GC3-1MM,-12.5,-12.588,13,ES,Soft wheat,frost,-0.00174432410918631
HadGEM3-GC3-1MM,-11.5,-11.5321,21,ES,Soft wheat,frost,-0.000922664378196337
HadGEM3-GC3-1MM,-10.5,-10.4803,10,ES,Soft wheat,frost,-0.000879528475989841
HadGEM3-GC3-1MM,-9.5,-9.6161,7,ES,Soft wheat,frost,-0.00034489821281174
HadGEM3-GC3-1MM,-8.5,-8.6582,7,ES,Soft wheat,frost,-0.0011307192837714
HadGEM3-GC3-1MM,-7.5,-7.6345,8,ES,Soft wheat,frost,-0.000759296242120543
HadGEM3-GC3-1MM,-6.5,-6.4299,4,ES,Soft wheat,frost,-0.002122683425548
HadGEM3-GC3-1MM,-5.5,-5.3528,4,ES,Soft wheat,frost,-0.000951914917862833
HadGEM3-GC3-1MM,-4.5,-4.3969,4,ES,Soft wheat,frost,0.000566239077870031
IPSL-CM6A-LR,-9.5,-9.3401,5,ES,Soft wheat,frost,0.000510485161805423
IPSL-CM6A-LR,-8.5,-8.4598,8,ES,Soft wheat,frost,0.00032331101501735
IPSL-CM6A-LR,-7.5,-7.5255,19,ES,Soft wheat,frost,-9.72216863273312e-06
IPSL-CM6A-LR,-6.5,-6.5577,11,ES,Soft wheat,frost,0.000433219239171758
IPSL-CM6A-LR,-5.5,-5.5623,13,ES,Soft wheat,frost,0.000315275158555813
IPSL-CM6A-LR,-4.5,-4.3507,11,ES,Soft wheat,frost,0.000127353181566851
IPSL-CM6A-LR,-3.5,-3.4644,8,ES,Soft wheat,frost,0.000252253561031715
IPSL-CM6A-LR,-2.5,-2.5669,9,ES,Soft wheat,frost,0.000123811951451186
IPSL-CM6A-LR,-1.5,-1.2909,6,ES,Soft wheat,frost,-0.000309518528038831
IPSL-CM6A-LR,-0.5,-0.6347,8,ES,Soft wheat,frost,0.000435514604295127
EC-Earth3,-9.5,-9.1554,4,FI,Soft wheat,frost,-0.00122921739030497
EC-Earth3,-8.5,-8.4726,15,FI,Soft wheat,frost,0.00111309306956051
EC-Earth3,-7.5,-7.5562,20,FI,Soft wheat,frost,0.000793169696476021
EC-Earth3,-6.5,-6.4767,21,FI,Soft wheat,frost,0.00214888013810294
EC-Earth3,-5.5,-5.3342,8,FI,Soft wheat,frost,0.00172937572539689
EC-Earth3,-4.5,-4.5495,8,FI,Soft wheat,frost,2.38246234710651e-05
EC-Earth3,-3.5,-3.3459,9,FI,Soft wheat,frost,0.000534339429531856
EC-Earth3,-2.5,-2.4493,5,FI,Soft wheat,frost,-0.000345965773248387
EC-Earth3,-1.5,-1.3807,6,FI,Soft wheat,frost,0.0033302335430333
EC-Earth3,-0.5,-0.6596,3,FI,Soft wheat,frost,0.000884284282713085
HadGEM3-GC3-1LL,-8.5,-8.3848,12,FI,Soft wheat,frost,0.0016353994949561
HadGEM3-GC3-1LL,-7.5,-7.5599,19,FI,Soft wheat,frost,0.000361213224865239
HadGEM3-GC3-1LL,-6.5,-6.5442,24,FI,Soft wheat,frost,0.00178771949115625
HadGEM3-GC3-1LL,-5.5,-5.5797,10,FI,Soft wheat,frost,0.00178506135974036
HadGEM3-GC3-1LL,-4.5,-4.5263,6,FI,Soft wheat,frost,0.00142394788491467
HadGEM3-GC3-1LL,-3.5,-3.7835,7,FI,Soft wheat,frost,-0.00324509720914994
HadGEM3-GC3-1LL,-2.5,-2.4504,6,FI,Soft wheat,frost,-0.0040684787480285
HadGEM3-GC3-1LL,-1.5,-1.3098,8,FI,Soft wheat,frost,-0.0125439565927627
HadGEM3-GC3-1LL,-0.5,-0.331,6,FI,Soft wheat,frost,0.000295982430189223
HadGEM3-GC3-1MM,-14.5,-14.3032,4,FI,Soft wheat,frost,-0.029297595556158
HadGEM3-GC3-1MM,-13.5,-13.3931,8,FI,Soft wheat,frost,-0.0330522171771434
HadGEM3-GC3-1MM,-12.5,-12.588,13,FI,Soft wheat,frost,-0.0316048410688791
HadGEM3-GC3-1MM,-11.5,-11.5321,21,FI,Soft wheat,frost,-0.02922446983931
HadGEM3-GC3-1MM,-10.5,-10.4803,10,FI,Soft wheat,frost,-0.0285177206248523
HadGEM3-GC3-1MM,-9.5,-9.6161,7,FI,Soft wheat,frost,-0.013821511117532
HadGEM3-GC3-1MM,-8.5,-8.6582,7,FI,Soft wheat,frost,-0.0123212272989863
HadGEM3-GC3-1MM,-7.5,-7.6345,8,FI,Soft wheat,frost,-0.00792787497458225
HadGEM3-GC3-1MM,-6.5,-6.4299,4,FI,Soft wheat,frost,0.000693793160150065
HadGEM3-GC3-1MM,-5.5,-5.3528,4,FI,Soft wheat,frost,0.000612588178042409
HadGEM3-GC3-1MM,-4.5,-4.3969,4,FI,Soft wheat,frost,0.00109947982494279
IPSL-CM6A-LR,-9.5,-9.3401,5,FI,Soft wheat,frost,-0.0080466274180877
IPSL-CM6A-LR,-8.5,-8.4598,8,FI,Soft wheat,frost,-0.0130320078038561
IPSL-CM6A-LR,-7.5,-7.5255,19,FI,Soft wheat,frost,-0.00769849538236978
IPSL-CM6A-LR,-6.5,-6.5577,11,FI,Soft wheat,frost,-0.00649075067189632
IPSL-CM6A-LR,-5.5,-5.5623,13,FI,Soft wheat,frost,0.00151064123007487
IPSL-CM6A-LR,-4.5,-4.3507,11,FI,Soft wheat,frost,0.0018189298950748
IPSL-CM6A-LR,-3.5,-3.4644,8,FI,Soft wheat,frost,0.00264296581128101
IPSL-CM6A-LR,-2.5,-2.5669,9,FI,Soft wheat,frost,0.00271618470448037
IPSL-CM6A-LR,-1.5,-1.2909,6,FI,Soft wheat,frost,0.00295302259326518
IPSL-CM6A-LR,-0.5,-0.6347,8,FI,Soft wheat,frost,0.000561537720312519
EC-Earth3,-9.5,-9.1554,4,FR,Soft wheat,frost,-0.000157892598015076
EC-Earth3,-8.5,-8.4726,15,FR,Soft wheat,frost,0.0020760837017339
EC-Earth3,-7.5,-7.5562,20,FR,Soft wheat,frost,0.000167668548888424
EC-Earth3,-6.5,-6.4767,21,FR,Soft wheat,frost,0.00015110657396115
EC-Earth3,-5.5,-5.3342,8,FR,Soft wheat,frost,0.000356956775162564
EC-Earth3,-4.5,-4.5495,8,FR,Soft wheat,frost,0.000597252836045318
EC-Earth3,-3.5,-3.3459,9,FR,Soft wheat,frost,0.000489981051721571
EC-Earth3,-2.5,-2.4493,5,FR,Soft wheat,frost,0.00040894701775058
EC-Earth3,-1.5,-1.3807,6,FR,Soft wheat,frost,0.000989408899028325
EC-Earth3,-0.5,-0.6596,3,FR,Soft wheat,frost,3.88455087482489e-05
HadGEM3-GC3-1LL,-8.5,-8.3848,12,FR,Soft wheat,frost,0.000348711097722877
HadGEM3-GC3-1LL,-7.5,-7.5599,19,FR,Soft wheat,frost,-0.000366030083535517
HadGEM3-GC3-1LL,-6.5,-6.5442,24,FR,Soft wheat,frost,0.000365072660691696
HadGEM3-GC3-1LL,-5.5,-5.5797,10,FR,Soft wheat,frost,-0.000204027665403802
HadGEM3-GC3-1LL,-4.5,-4.5263,6,FR,Soft wheat,frost,0.000392101831024834
HadGEM3-GC3-1LL,-3.5,-3.7835,7,FR,Soft wheat,frost,0.000457010427105636
HadGEM3-GC3-1LL,-2.5,-2.4504,6,FR,Soft wheat,frost,-0.0024149687300158
HadGEM3-GC3-1LL,-1.5,-1.3098,8,FR,Soft wheat,frost,-0.000897571291478086
HadGEM3-GC3-1LL,-0.5,-0.331,6,FR,Soft wheat,frost,-0.000495671354876899
HadGEM3-GC3-1MM,-14.5,-14.3032,4,FR,Soft wheat,frost,-0.00894099618032478
HadGEM3-GC3-1MM,-13.5,-13.3931,8,FR,Soft wheat,frost,-0.00820740288203423
HadGEM3-GC3-1MM,-12.5,-12.588,13,FR,Soft wheat,frost,-0.00475026765946331
HadGEM3-GC3-1MM,-11.5,-11.5321,21,FR,Soft wheat,frost,-0.00320280981126663
HadGEM3-GC3-1MM,-10.5,-10.4803,10,FR,Soft wheat,frost,-0.000356778232844342
HadGEM3-GC3-1MM,-9.5,-9.6161,7,FR,Soft wheat,frost,0.000683807816051099
HadGEM3-GC3-1MM,-8.5,-8.6582,7,FR,Soft wheat,frost,-0.00103083057754882
HadGEM3-GC3-1MM,-7.5,-7.6345,8,FR,Soft wheat,frost,-0.000223086127506427
HadGEM3-GC3-1MM,-6.5,-6.4299,4,FR,Soft wheat,frost,-0.000280077186168103
HadGEM3-GC3-1MM,-5.5,-5.3528,4,FR,Soft wheat,frost,-0.00190714956502172
HadGEM3-GC3-1MM,-4.5,-4.3969,4,FR,Soft wheat,frost,0.000310516806690585
IPSL-CM6A-LR,-9.5,-9.3401,5,FR,Soft wheat,frost,0.0017489601468341
IPSL-CM6A-LR,-8.5,-8.4598,8,FR,Soft wheat,frost,0.00090848543832538
IPSL-CM6A-LR,-7.5,-7.5255,19,FR,Soft wheat,frost,0.000988502138441187
IPSL-CM6A-LR,-6.5,-6.5577,11,FR,Soft wheat,frost,0.00197923057687625
IPSL-CM6A-LR,-5.5,-5.5623,13,FR,Soft wheat,frost,0.000792014601069079
IPSL-CM6A-LR,-4.5,-4.3507,11,FR,Soft wheat,frost,-3.7760064318194e-05
IPSL-CM6A-LR,-3.5,-3.4644,8,FR,Soft wheat,frost,-1.81226004009545e-06
IPSL-CM6A-LR,-2.5,-2.5669,9,FR,Soft wheat,frost,0.000920054696861614
IPSL-CM6A-LR,-1.5,-1.2909,6,FR,Soft wheat,frost,-0.000413098943218756
IPSL-CM6A-LR,-0.5,-0.6347,8,FR,Soft wheat,frost,-0.000449070979416777
EC-Earth3,-9.5,-9.1554,4,HU,Soft wheat,frost,-0.000703795176695226
EC-Earth3,-8.5,-8.4726,15,HU,Soft wheat,frost,0.00205523523738944
EC-Earth3,-7.5,-7.5562,20,HU,Soft wheat,frost,0.000207966532945193
EC-Earth3,-6.5,-6.4767,21,HU,Soft wheat,frost,0.000455182685017356
EC-Earth3,-5.5,-5.3342,8,HU,Soft wheat,frost,-0.000210025931265641
EC-Earth3,-4.5,-4.5495,8,HU,Soft wheat,frost,0.000444896712116084
EC-Earth3,-3.5,-3.3459,9,HU,Soft wheat,frost,0.00045224246474417
EC-Earth3,-2.5,-2.4493,5,HU,Soft wheat,frost,0.00120932057100622
EC-Earth3,-1.5,-1.3807,6,HU,Soft wheat,frost,0.0011076210138405
EC-Earth3,-0.5,-0.6596,3,HU,Soft wheat,frost,-0.00232836365386832
HadGEM3-GC3-1LL,-8.5,-8.3848,12,HU,Soft wheat,frost,0.00115441784899017
HadGEM3-GC3-1LL,-7.5,-7.5599,19,HU,Soft wheat,frost,0.000389830468372331
HadGEM3-GC3-1LL,-6.5,-6.5442,24,HU,Soft wheat,frost,0.000916749577227161
HadGEM3-GC3-1LL,-5.5,-5.5797,10,HU,Soft wheat,frost,0.00062537569971662
HadGEM3-GC3-1LL,-4.5,-4.5263,6,HU,Soft wheat,frost,0.000738930130239628
HadGEM3-GC3-1LL,-3.5,-3.7835,7,HU,Soft wheat,frost,0.000993690130083723
HadGEM3-GC3-1LL,-2.5,-2.4504,6,HU,Soft wheat,frost,-0.00114092416103494
HadGEM3-GC3-1LL,-1.5,-1.3098,8,HU,Soft wheat,frost,0.000500578778758503
HadGEM3-GC3-1LL,-0.5,-0.331,6,HU,Soft wheat,frost,0.000309626003454841
HadGEM3-GC3-1MM,-14.5,-14.3032,4,HU,Soft wheat,frost,0.00140997030377662
HadGEM3-GC3-1MM,-13.5,-13.3931,8,HU,Soft wheat,frost,0.000974400981718356
HadGEM3-GC3-1MM,-12.5,-12.588,13,HU,Soft wheat,frost,0.000472532631085489
HadGEM3-GC3-1MM,-11.5,-11.5321,21,HU,Soft wheat,frost,0.0015132776169592
HadGEM3-GC3-1MM,-10.5,-10.4803,10,HU,Soft wheat,frost,0.000277565190369477
HadGEM3-GC3-1MM,-9.5,-9.6161,7,HU,Soft wheat,frost,0.000714277184877843
HadGEM3-GC3-1MM,-8.5,-8.6582,7,HU,Soft wheat,frost,0.0010442919127138
HadGEM3-GC3-1MM,-7.5,-7.6345,8,HU,Soft wheat,frost,-0.00109834108953179
HadGEM3-GC3-1MM,-6.5,-6.4299,4,HU,Soft wheat,frost,0.000153928392884168
HadGEM3-GC3-1MM,-5.5,-5.3528,4,HU,Soft wheat,frost,-0.00233442189586908
HadGEM3-GC3-1MM,-4.5,-4.3969,4,HU,Soft wheat,frost,0.000253614589895459
IPSL-CM6A-LR,-9.5,-9.3401,5,HU,Soft wheat,frost,0.000677334260351567
IPSL-CM6A-LR,-8.5,-8.4598,8,HU,Soft wheat,frost,0.0017480300986076
IPSL-CM6A-LR,-7.5,-7.5255,19,HU,Soft wheat,frost,0.00144709228460099
IPSL-CM6A-LR,-6.5,-6.5577,11,HU,Soft wheat,frost,0.00269734079510862
IPSL-CM6A-LR,-5.5,-5.5623,13,HU,Soft wheat,frost,0.00114175525093135
IPSL-CM6A-LR,-4.5,-4.3507,11,HU,Soft wheat,frost,-0.000390280457708562
IPSL-CM6A-LR,-3.5,-3.4644,8,HU,Soft wheat,frost,-0.000505755165501159
IPSL-CM6A-LR,-2.5,-2.5669,9,HU,Soft wheat,frost,0.00100093510710408
IPSL-CM6A-LR,-1.5,-1.2909,6,HU,Soft wheat,frost,0.000880289270531033
IPSL-CM6A-LR,-0.5,-0.6347,8,HU,Soft wheat,frost,0.000222532646240445
EC-Earth3,-9.5,-9.1554,4,IT,Soft wheat,frost,-0.000889263389248722
EC-Earth3,-8.5,-8.4726,15,IT,Soft wheat,frost,0.000334434223112793
EC-Earth3,-7.5,-7.5562,20,IT,Soft wheat,frost,-0.000179719670371481
EC-Earth3,-6.5,-6.4767,21,IT,Soft wheat,frost,9.88245706121256e-05
EC-Earth3,-5.5,-5.3342,8,IT,Soft wheat,frost,-0.000105610872605966
EC-Earth3,-4.5,-4.5495,8,IT,Soft wheat,frost,0.000124085086022003
EC-Earth3,-3.5,-3.3459,9,IT,Soft wheat,frost,3.26845878932749e-05
EC-Earth3,-2.5,-2.4493,5,IT,Soft wheat,frost,0.000332844768896365
EC-Earth3,-1.5,-1.3807,6,IT,Soft wheat,frost,0.000295392194647183
EC-Earth3,-0.5,-0.6596,3,IT,Soft wheat,frost,-0.000568260995217393
HadGEM3-GC3-1LL,-8.5,-8.3848,12,IT,Soft wheat,frost,0.000190174496952081
HadGEM3-GC3-1LL,-7.5,-7.5599,19,IT,Soft wheat,frost,-4.95767245059629e-05
HadGEM3-GC3-1LL,-6.5,-6.5442,24,IT,Soft wheat,frost,4.82739225888323e-05
HadGEM3-GC3-1LL,-5.5,-5.5797,10,IT,Soft wheat,frost,0.000126166424885762
HadGEM3-GC3-1LL,-4.5,-4.5263,6,IT,Soft wheat,frost,0.000198418802884235
HadGEM3-GC3-1LL,-3.5,-3.7835,7,IT,Soft wheat,frost,0.000255581377246342
HadGEM3-GC3-1LL,-2.5,-2.4504,6,IT,Soft wheat,frost,-0.000728796954021986
HadGEM3-GC3-1LL,-1.5,-1.3098,8,IT,Soft wheat,frost,4.77128801109001e-05
HadGEM3-GC3-1LL,-0.5,-0.331,6,IT,Soft wheat,frost,-0.000127154321841326
HadGEM3-GC3-1MM,-14.5,-14.3032,4,IT,Soft wheat,frost,-4.11683341182181e-05
HadGEM3-GC3-1MM,-13.5,-13.3931,8,IT,Soft wheat,frost,-0.000142195238168187
HadGEM3-GC3-1MM,-12.5,-12.588,13,IT,Soft wheat,frost,-0.000469409890860764
HadGEM3-GC3-1MM,-11.5,-11.5321,21,IT,Soft wheat,frost,0.000102031116140711
HadGEM3-GC3-1MM,-10.5,-10.4803,10,IT,Soft wheat,frost,-0.000194948080597519
HadGEM3-GC3-1MM,-9.5,-9.6161,7,IT,Soft wheat,frost,-0.000230525029908314
HadGEM3-GC3-1MM,-8.5,-8.6582,7,IT,Soft wheat,frost,5.02936300224172e-06
HadGEM3-GC3-1MM,-7.5,-7.6345,8,IT,Soft wheat,frost,-0.000639228554630389
HadGEM3-GC3-1MM,-6.5,-6.4299,4,IT,Soft wheat,frost,-0.000260159283897953
HadGEM3-GC3-1MM,-5.5,-5.3528,4,IT,Soft wheat,frost,-0.000464610619175122
HadGEM3-GC3-1MM,-4.5,-4.3969,4,IT,Soft wheat,frost,0.00023640133034501
IPSL-CM6A-LR,-9.5,-9.3401,5,IT,Soft wheat,frost,-0.000415079249572761
IPSL-CM6A-LR,-8.5,-8.4598,8,IT,Soft wheat,frost,0.000208110557529078
IPSL-CM6A-LR,-7.5,-7.5255,19,IT,Soft wheat,frost,3.15912999268969e-05
IPSL-CM6A-LR,-6.5,-6.5577,11,IT,Soft wheat,frost,0.000452836599977846
IPSL-CM6A-LR,-5.5,-5.5623,13,IT,Soft wheat,frost,8.47564567164266e-05
IPSL-CM6A-LR,-4.5,-4.3507,11,IT,Soft wheat,frost,-0.000410977521239403
IPSL-CM6A-LR,-3.5,-3.4644,8,IT,Soft wheat,frost,-3.43490731882226e-05
IPSL-CM6A-LR,-2.5,-2.5669,9,IT,Soft wheat,frost,0.000371223578677249
IPSL-CM6A-LR,-1.5,-1.2909,6,IT,Soft wheat,frost,-0.000196703165756156
IPSL-CM6A-LR,-0.5,-0.6347,8,IT,Soft wheat,frost,5.0243106749042e-05
EC-Earth3,-9.5,-9.1554,4,LT,Soft wheat,frost,-0.00134623547873929
EC-Earth3,-8.5,-8.4726,15,LT,Soft wheat,frost,0.00249342967246225
EC-Earth3,-7.5,-7.5562,20,LT,Soft wheat,frost,-0.000562627573687562
EC-Earth3,-6.5,-6.4767,21,LT,Soft wheat,frost,0.000728599611417117
EC-Earth3,-5.5,-5.3342,8,LT,Soft wheat,frost,0.00038802751591696
EC-Earth3,-4.5,-4.5495,8,LT,Soft wheat,frost,-0.000814995393666803
EC-Earth3,-3.5,-3.3459,9,LT,Soft wheat,frost,0.00209638494826882
EC-Earth3,-2.5,-2.4493,5,LT,Soft wheat,frost,0.00298858625367861
EC-Earth3,-1.5,-1.3807,6,LT,Soft wheat,frost,0.00352837204866763
EC-Earth3,-0.5,-0.6596,3,LT,Soft wheat,frost,0.000141994422659238
HadGEM3-GC3-1LL,-8.5,-8.3848,12,LT,Soft wheat,frost,0.00244516282650344
HadGEM3-GC3-1LL,-7.5,-7.5599,19,LT,Soft wheat,frost,0.000163573749200895
HadGEM3-GC3-1LL,-6.5,-6.5442,24,LT,Soft wheat,frost,0.00289142257172449
HadGEM3-GC3-1LL,-5.5,-5.5797,10,LT,Soft wheat,frost,0.00208320142747371
HadGEM3-GC3-1LL,-4.5,-4.5263,6,LT,Soft wheat,frost,0.000636679217406712
HadGEM3-GC3-1LL,-3.5,-3.7835,7,LT,Soft wheat,frost,0.000725546703312902
HadGEM3-GC3-1LL,-2.5,-2.4504,6,LT,Soft wheat,frost,-0.00454213751019136
HadGEM3-GC3-1LL,-1.5,-1.3098,8,LT,Soft wheat,frost,-0.00481738031972109
HadGEM3-GC3-1LL,-0.5,-0.331,6,LT,Soft wheat,frost,0.00132154253234792
HadGEM3-GC3-1MM,-14.5,-14.3032,4,LT,Soft wheat,frost,-0.00449787774668453
HadGEM3-GC3-1MM,-13.5,-13.3931,8,LT,Soft wheat,frost,-0.0154842805623875
HadGEM3-GC3-1MM,-12.5,-12.588,13,LT,Soft wheat,frost,-0.0178063232246635
HadGEM3-GC3-1MM,-11.5,-11.5321,21,LT,Soft wheat,frost,-0.00837446885600214
HadGEM3-GC3-1MM,-10.5,-10.4803,10,LT,Soft wheat,frost,-0.0145567948927045
HadGEM3-GC3-1MM,-9.5,-9.6161,7,LT,Soft wheat,frost,0.0012553859394018
HadGEM3-GC3-1MM,-8.5,-8.6582,7,LT,Soft wheat,frost,0.000729196021826535
HadGEM3-GC3-1MM,-7.5,-7.6345,8,LT,Soft wheat,frost,0.00124952567660596
HadGEM3-GC3-1MM,-6.5,-6.4299,4,LT,Soft wheat,frost,0.00109020092013256
HadGEM3-GC3-1MM,-5.5,-5.3528,4,LT,Soft wheat,frost,-0.000936934434906702
HadGEM3-GC3-1MM,-4.5,-4.3969,4,LT,Soft wheat,frost,0.00206609713242535
IPSL-CM6A-LR,-9.5,-9.3401,5,LT,Soft wheat,frost,0.00218043245965377
IPSL-CM6A-LR,-8.5,-8.4598,8,LT,Soft wheat,frost,0.000570909992037673
IPSL-CM6A-LR,-7.5,-7.5255,19,LT,Soft wheat,frost,0.00290212716312527
IPSL-CM6A-LR,-6.5,-6.5577,11,LT,Soft wheat,frost,0.00435953786446008
IPSL-CM6A-LR,-5.5,-5.5623,13,LT,Soft wheat,frost,0.00268410315939229
IPSL-CM6A-LR,-4.5,-4.3507,11,LT,Soft wheat,frost,0.00256536331541093
IPSL-CM6A-LR,-3.5,-3.4644,8,LT,Soft wheat,frost,0.00101221229452731
IPSL-CM6A-LR,-2.5,-2.5669,9,LT,Soft wheat,frost,0.00298014515283884
IPSL-CM6A-LR,-1.5,-1.2909,6,LT,Soft wheat,frost,0.00363226774959588
IPSL-CM6A-LR,-0.5,-0.6347,8,LT,Soft wheat,frost,0.0005925424034038
EC-Earth3,-9.5,-9.1554,4,LV,Soft wheat,frost,-0.00108292397018113
EC-Earth3,-8.5,-8.4726,15,LV,Soft wheat,frost,0.00194011684445563
EC-Earth3,-7.5,-7.5562,20,LV,Soft wheat,frost,-0.000980911935233352
EC-Earth3,-6.5,-6.4767,21,LV,Soft wheat,frost,0.000563136103674695
EC-Earth3,-5.5,-5.3342,8,LV,Soft wheat,frost,0.00048380181297941
EC-Earth3,-4.5,-4.5495,8,LV,Soft wheat,frost,-0.000826627861512336
EC-Earth3,-3.5,-3.3459,9,LV,Soft wheat,frost,0.00135368416211509
EC-Earth3,-2.5,-2.4493,5,LV,Soft wheat,frost,0.00225024190618744
EC-Earth3,-1.5,-1.3807,6,LV,Soft wheat,frost,0.00361469124556429
EC-Earth3,-0.5,-0.6596,3,LV,Soft wheat,frost,-0.000323557435496858
HadGEM3-GC3-1LL,-8.5,-8.3848,12,LV,Soft wheat,frost,0.00164043996633749
HadGEM3-GC3-1LL,-7.5,-7.5599,19,LV,Soft wheat,frost,-0.000148528877693696
HadGEM3-GC3-1LL,-6.5,-6.5442,24,LV,Soft wheat,frost,0.00248522848752777
HadGEM3-GC3-1LL,-5.5,-5.5797,10,LV,Soft wheat,frost,0.00181906787147898
HadGEM3-GC3-1LL,-4.5,-4.5263,6,LV,Soft wheat,frost,0.000361508626156961
HadGEM3-GC3-1LL,-3.5,-3.7835,7,LV,Soft wheat,frost,1.52104925065316e-05
HadGEM3-GC3-1LL,-2.5,-2.4504,6,LV,Soft wheat,frost,-0.00396539702022746
HadGEM3-GC3-1LL,-1.5,-1.3098,8,LV,Soft wheat,frost,-0.00655921496551892
HadGEM3-GC3-1LL,-0.5,-0.331,6,LV,Soft wheat,frost,0.00066466946894588
HadGEM3-GC3-1MM,-14.5,-14.3032,4,LV,Soft wheat,frost,-0.0108025348476363
HadGEM3-GC3-1MM,-13.5,-13.3931,8,LV,Soft wheat,frost,-0.0219576762457075
HadGEM3-GC3-1MM,-12.5,-12.588,13,LV,Soft wheat,frost,-0.022666212584241
HadGEM3-GC3-1MM,-11.5,-11.5321,21,LV,Soft wheat,frost,-0.01392700327012
HadGEM3-GC3-1MM,-10.5,-10.4803,10,LV,Soft wheat,frost,-0.0181760883118276
HadGEM3-GC3-1MM,-9.5,-9.6161,7,LV,Soft wheat,frost,-0.00170253307239721
HadGEM3-GC3-1MM,-8.5,-8.6582,7,LV,Soft wheat,frost,-0.00104607068061639
HadGEM3-GC3-1MM,-7.5,-7.6345,8,LV,Soft wheat,frost,-0.000134383184023054
HadGEM3-GC3-1MM,-6.5,-6.4299,4,LV,Soft wheat,frost,0.000899494556758942
HadGEM3-GC3-1MM,-5.5,-5.3528,4,LV,Soft wheat,frost,-0.000548139996091393
HadGEM3-GC3-1MM,-4.5,-4.3969,4,LV,Soft wheat,frost,0.00129835409691502
IPSL-CM6A-LR,-9.5,-9.3401,5,LV,Soft wheat,frost,0.00018335860550427
IPSL-CM6A-LR,-8.5,-8.4598,8,LV,Soft wheat,frost,-0.0026895175434855
IPSL-CM6A-LR,-7.5,-7.5255,19,LV,Soft wheat,frost,0.00101872079254001
IPSL-CM6A-LR,-6.5,-6.5577,11,LV,Soft wheat,frost,0.00207559701345514
IPSL-CM6A-LR,-5.5,-5.5623,13,LV,Soft wheat,frost,0.00204156643107032
IPSL-CM6A-LR,-4.5,-4.3507,11,LV,Soft wheat,frost,0.00208648711899822
IPSL-CM6A-LR,-3.5,-3.4644,8,LV,Soft wheat,frost,0.0012963722124546
IPSL-CM6A-LR,-2.5,-2.5669,9,LV,Soft wheat,frost,0.00246342434329273
IPSL-CM6A-LR,-1.5,-1.2909,6,LV,Soft wheat,frost,0.00307545359499126
IPSL-CM6A-LR,-0.5,-0.6347,8,LV,Soft wheat,frost,0.000543151347851816
EC-Earth3,-9.5,-9.1554,4,RO,Soft wheat,frost,-0.00105039130507593
EC-Earth3,-8.5,-8.4726,15,RO,Soft wheat,frost,0.00175395598141385
EC-Earth3,-7.5,-7.5562,20,RO,Soft wheat,frost,0.000236037988313573
EC-Earth3,-6.5,-6.4767,21,RO,Soft wheat,frost,0.000207870065075361
EC-Earth3,-5.5,-5.3342,8,RO,Soft wheat,frost,-0.000158963539538652
EC-Earth3,-4.5,-4.5495,8,RO,Soft wheat,frost,0.00105508346498964
EC-Earth3,-3.5,-3.3459,9,RO,Soft wheat,frost,0.000312775389667807
EC-Earth3,-2.5,-2.4493,5,RO,Soft wheat,frost,0.00150805052745882
EC-Earth3,-1.5,-1.3807,6,RO,Soft wheat,frost,0.00111174486655735
EC-Earth3,-0.5,-0.6596,3,RO,Soft wheat,frost,-0.00195893844086732
HadGEM3-GC3-1LL,-8.5,-8.3848,12,RO,Soft wheat,frost,0.00114978763208933
HadGEM3-GC3-1LL,-7.5,-7.5599,19,RO,Soft wheat,frost,0.000525651831865921
HadGEM3-GC3-1LL,-6.5,-6.5442,24,RO,Soft wheat,frost,0.00064285913752599
HadGEM3-GC3-1LL,-5.5,-5.5797,10,RO,Soft wheat,frost,0.000755933313188684
HadGEM3-GC3-1LL,-4.5,-4.5263,6,RO,Soft wheat,frost,0.000314662926224715
HadGEM3-GC3-1LL,-3.5,-3.7835,7,RO,Soft wheat,frost,0.000934024634460541
HadGEM3-GC3-1LL,-2.5,-2.4504,6,RO,Soft wheat,frost,-0.000380449264242946
HadGEM3-GC3-1LL,-1.5,-1.3098,8,RO,Soft wheat,frost,0.000403535088097582
HadGEM3-GC3-1LL,-0.5,-0.331,6,RO,Soft wheat,frost,0.000534026297570906
HadGEM3-GC3-1MM,-14.5,-14.3032,4,RO,Soft wheat,frost,0.00158445418497322
HadGEM3-GC3-1MM,-13.5,-13.3931,8,RO,Soft wheat,frost,0.000867846044802608
HadGEM3-GC3-1MM,-12.5,-12.588,13,RO,Soft wheat,frost,0.000486951936170273
HadGEM3-GC3-1MM,-11.5,-11.5321,21,RO,Soft wheat,frost,0.00157952111528302
HadGEM3-GC3-1MM,-10.5,-10.4803,10,RO,Soft wheat,frost,0.000188627343848061
HadGEM3-GC3-1MM,-9.5,-9.6161,7,RO,Soft wheat,frost,0.000421314618604061
HadGEM3-GC3-1MM,-8.5,-8.6582,7,RO,Soft wheat,frost,0.00141964552594134
HadGEM3-GC3-1MM,-7.5,-7.6345,8,RO,Soft wheat,frost,-0.000329056701497317
HadGEM3-GC3-1MM,-6.5,-6.4299,4,RO,Soft wheat,frost,0.000424194570002341
HadGEM3-GC3-1MM,-5.5,-5.3528,4,RO,Soft wheat,frost,-0.00262050591569263
HadGEM3-GC3-1MM,-4.5,-4.3969,4,RO,Soft wheat,frost,0.000970490610504862
IPSL-CM6A-LR,-9.5,-9.3401,5,RO,Soft wheat,frost,-0.000402496956300186
IPSL-CM6A-LR,-8.5,-8.4598,8,RO,Soft wheat,frost,0.00152820677184372
IPSL-CM6A-LR,-7.5,-7.5255,19,RO,Soft wheat,frost,0.00177286698150545
IPSL-CM6A-LR,-6.5,-6.5577,11,RO,Soft wheat,frost,0.00289281895982081
IPSL-CM6A-LR,-5.5,-5.5623,13,RO,Soft wheat,frost,0.0014069459227689
IPSL-CM6A-LR,-4.5,-4.3507,11,RO,Soft wheat,frost,-1.8386788097827e-05
IPSL-CM6A-LR,-3.5,-3.4644,8,RO,Soft wheat,frost,-0.000278946349100329
IPSL-CM6A-LR,-2.5,-2.5669,9,RO,Soft wheat,frost,0.00105638885993128
IPSL-CM6A-LR,-1.5,-1.2909,6,RO,Soft wheat,frost,0.000958179246811425
IPSL-CM6A-LR,-0.5,-0.6347,8,RO,Soft wheat,frost,0.000582853327023907
EC-Earth3,-9.5,-9.1554,4,SE,Soft wheat,frost,-0.000887809550050761
EC-Earth3,-8.5,-8.4726,15,SE,Soft wheat,frost,0.00266147757705442
EC-Earth3,-7.5,-7.5562,20,SE,Soft wheat,frost,0.00328664930827406
EC-Earth3,-6.5,-6.4767,21,SE,Soft wheat,frost,0.00323146294289974
EC-Earth3,-5.5,-5.3342,8,SE,Soft wheat,frost,0.00303123640374888
EC-Earth3,-4.5,-4.5495,8,SE,Soft wheat,frost,0.00198413807448405
EC-Earth3,-3.5,-3.3459,9,SE,Soft wheat,frost,0.00441724831263899
EC-Earth3,-2.5,-2.4493,5,SE,Soft wheat,frost,0.00187899733027002
EC-Earth3,-1.5,-1.3807,6,SE,Soft wheat,frost,0.00372460041741589
EC-Earth3,-0.5,-0.6596,3,SE,Soft wheat,frost,0.000156993628101758
HadGEM3-GC3-1LL,-8.5,-8.3848,12,SE,Soft wheat,frost,0.00308374873374028
HadGEM3-GC3-1LL,-7.5,-7.5599,19,SE,Soft wheat,frost,0.000460356406133402
HadGEM3-GC3-1LL,-6.5,-6.5442,24,SE,Soft wheat,frost,0.00402583789741778
HadGEM3-GC3-1LL,-5.5,-5.5797,10,SE,Soft wheat,frost,0.00361850475211104
HadGEM3-GC3-1LL,-4.5,-4.5263,6,SE,Soft wheat,frost,0.00154225628462063
HadGEM3-GC3-1LL,-3.5,-3.7835,7,SE,Soft wheat,frost,0.00130458854382027
HadGEM3-GC3-1LL,-2.5,-2.4504,6,SE,Soft wheat,frost,-0.0033573982702829
HadGEM3-GC3-1LL,-1.5,-1.3098,8,SE,Soft wheat,frost,-0.00497526278649509
HadGEM3-GC3-1LL,-0.5,-0.331,6,SE,Soft wheat,frost,-0.000669199222552153
HadGEM3-GC3-1MM,-14.5,-14.3032,4,SE,Soft wheat,frost,-0.0228447651671912
HadGEM3-GC3-1MM,-13.5,-13.3931,8,SE,Soft wheat,frost,-0.0248736300203437
HadGEM3-GC3-1MM,-12.5,-12.588,13,SE,Soft wheat,frost,-0.0241309134981593
HadGEM3-GC3-1MM,-11.5,-11.5321,21,SE,Soft wheat,frost,-0.0196980646563997
HadGEM3-GC3-1MM,-10.5,-10.4803,10,SE,Soft wheat,frost,-0.0187592951681641
HadGEM3-GC3-1MM,-9.5,-9.6161,7,SE,Soft wheat,frost,-0.00164244339988512
HadGEM3-GC3-1MM,-8.5,-8.6582,7,SE,Soft wheat,frost,-0.00204363608184351
HadGEM3-GC3-1MM,-7.5,-7.6345,8,SE,Soft wheat,frost,0.000212436021825348
HadGEM3-GC3-1MM,-6.5,-6.4299,4,SE,Soft wheat,frost,0.0017956485570382
HadGEM3-GC3-1MM,-5.5,-5.3528,4,SE,Soft wheat,frost,0.00195233598955654
HadGEM3-GC3-1MM,-4.5,-4.3969,4,SE,Soft wheat,frost,0.0029176472765954
IPSL-CM6A-LR,-9.5,-9.3401,5,SE,Soft wheat,frost,-0.000570028695245337
IPSL-CM6A-LR,-8.5,-8.4598,8,SE,Soft wheat,frost,-0.00513302820315465
IPSL-CM6A-LR,-7.5,-7.5255,19,SE,Soft wheat,frost,0.000525824402218578
IPSL-CM6A-LR,-6.5,-6.5577,11,SE,Soft wheat,frost,-0.000217987531623576
IPSL-CM6A-LR,-5.5,-5.5623,13,SE,Soft wheat,frost,0.00388135969424829
IPSL-CM6A-LR,-4.5,-4.3507,11,SE,Soft wheat,frost,0.00383408523990678
IPSL-CM6A-LR,-3.5,-3.4644,8,SE,Soft wheat,frost,0.00363887505863853
IPSL-CM6A-LR,-2.5,-2.5669,9,SE,Soft wheat,frost,0.00398994400305967
IPSL-CM6A-LR,-1.5,-1.2909,6,SE,Soft wheat,frost,0.00443638031399738
IPSL-CM6A-LR,-0.5,-0.6347,8,SE,Soft wheat,frost,-0.000674614249215638
EC-Earth3,-9.5,-9.1554,4,SK,Soft wheat,frost,-0.00067221173373311
EC-Earth3,-8.5,-8.4726,15,SK,Soft wheat,frost,0.00309679606572263
EC-Earth3,-7.5,-7.5562,20,SK,Soft wheat,frost,0.000659611838201526
EC-Earth3,-6.5,-6.4767,21,SK,Soft wheat,frost,0.00135175073510005
EC-Earth3,-5.5,-5.3342,8,SK,Soft wheat,frost,0.000898941659929213
EC-Earth3,-4.5,-4.5495,8,SK,Soft wheat,frost,0.000725656533955949
EC-Earth3,-3.5,-3.3459,9,SK,Soft wheat,frost,0.000974449272700386
EC-Earth3,-2.5,-2.4493,5,SK,Soft wheat,frost,0.00166848522398511
EC-Earth3,-1.5,-1.3807,6,SK,Soft wheat,frost,0.00218732366307151
EC-Earth3,-0.5,-0.6596,3,SK,Soft wheat,frost,-0.00371643776540277
HadGEM3-GC3-1LL,-8.5,-8.3848,12,SK,Soft wheat,frost,0.00200432385613908
HadGEM3-GC3-1LL,-7.5,-7.5599,19,SK,Soft wheat,frost,0.00138542421455521
HadGEM3-GC3-1LL,-6.5,-6.5442,24,SK,Soft wheat,frost,0.00229476033935899
HadGEM3-GC3-1LL,-5.5,-5.5797,10,SK,Soft wheat,frost,0.00118136879550007
HadGEM3-GC3-1LL,-4.5,-4.5263,6,SK,Soft wheat,frost,0.00116140951288403
HadGEM3-GC3-1LL,-3.5,-3.7835,7,SK,Soft wheat,frost,0.00191940309381685
HadGEM3-GC3-1LL,-2.5,-2.4504,6,SK,Soft wheat,frost,-0.00110057661788166
HadGEM3-GC3-1LL,-1.5,-1.3098,8,SK,Soft wheat,frost,0.000156288833445614
HadGEM3-GC3-1LL,-0.5,-0.331,6,SK,Soft wheat,frost,0.00093977735231453
HadGEM3-GC3-1MM,-14.5,-14.3032,4,SK,Soft wheat,frost,0.00240768412903332
HadGEM3-GC3-1MM,-13.5,-13.3931,8,SK,Soft wheat,frost,0.00157158171984847
HadGEM3-GC3-1MM,-12.5,-12.588,13,SK,Soft wheat,frost,9.05736701932451e-05
HadGEM3-GC3-1MM,-11.5,-11.5321,21,SK,Soft wheat,frost,0.00215127072602056
HadGEM3-GC3-1MM,-10.5,-10.4803,10,SK,Soft wheat,frost,0.00040490202789857
HadGEM3-GC3-1MM,-9.5,-9.6161,7,SK,Soft wheat,frost,0.00188112628675993
HadGEM3-GC3-1MM,-8.5,-8.6582,7,SK,Soft wheat,frost,0.00182863356554923
HadGEM3-GC3-1MM,-7.5,-7.6345,8,SK,Soft wheat,frost,-0.000400405623415083
HadGEM3-GC3-1MM,-6.5,-6.4299,4,SK,Soft wheat,frost,-0.000118441356433349
HadGEM3-GC3-1MM,-5.5,-5.3528,4,SK,Soft wheat,frost,-0.0025308363117324
HadGEM3-GC3-1MM,-4.5,-4.3969,4,SK,Soft wheat,frost,0.000962949783890084
IPSL-CM6A-LR,-9.5,-9.3401,5,SK,Soft wheat,frost,0.00269921077569524
IPSL-CM6A-LR,-8.5,-8.4598,8,SK,Soft wheat,frost,0.0029094781961688
IPSL-CM6A-LR,-7.5,-7.5255,19,SK,Soft wheat,frost,0.00252937743204116
IPSL-CM6A-LR,-6.5,-6.5577,11,SK,Soft wheat,frost,0.00416586331052886
IPSL-CM6A-LR,-5.5,-5.5623,13,SK,Soft wheat,frost,0.0021083708741415
IPSL-CM6A-LR,-4.5,-4.3507,11,SK,Soft wheat,frost,0.000187402787757952
IPSL-CM6A-LR,-3.5,-3.4644,8,SK,Soft wheat,frost,-0.000527806847356721
IPSL-CM6A-LR,-2.5,-2.5669,9,SK,Soft wheat,frost,0.00184041837423693
IPSL-CM6A-LR,-1.5,-1.2909,6,SK,Soft wheat,frost,0.00216158728101505
IPSL-CM6A-LR,-0.5,-0.6347,8,SK,Soft wheat,frost,-0.000356643435698378
EC-Earth3,-9.5,-9.1554,4,EL,Durum wheat,frost,-0.0129986620905885
EC-Earth3,-8.5,-8.4726,15,EL,Durum wheat,frost,0.00891363809535376
EC-Earth3,-7.5,-7.5562,20,EL,Durum wheat,frost,0.00510348385743727
EC-Earth3,-6.5,-6.4767,21,EL,Durum wheat,frost,0.00276830581253737
EC-Earth3,-5.5,-5.3342,8,EL,Durum wheat,frost,-0.00341817726304415
EC-Earth3,-4.5,-4.5495,8,EL,Durum wheat,frost,0.00574525523209362
EC-Earth3,-3.5,-3.3459,9,EL,Durum wheat,frost,0.00460819260808955
EC-Earth3,-2.5,-2.4493,5,EL,Durum wheat,frost,0.0136611993864482
EC-Earth3,-1.5,-1.3807,6,EL,Durum wheat,frost,0.00666038167326691
EC-Earth3,-0.5,-0.6596,3,EL,Durum wheat,frost,-0.0210291197274116
HadGEM3-GC3-1LL,-8.5,-8.3848,12,EL,Durum wheat,frost,0.00725852334318726
HadGEM3-GC3-1LL,-7.5,-7.5599,19,EL,Durum wheat,frost,0.00592243408968554
HadGEM3-GC3-1LL,-6.5,-6.5442,24,EL,Durum wheat,frost,-0.000697734574246486
HadGEM3-GC3-1LL,-5.5,-5.5797,10,EL,Durum wheat,frost,0.00402383116052493
HadGEM3-GC3-1LL,-4.5,-4.5263,6,EL,Durum wheat,frost,0.00744774358495409
HadGEM3-GC3-1LL,-3.5,-3.7835,7,EL,Durum wheat,frost,0.00590480542334773
HadGEM3-GC3-1LL,-2.5,-2.4504,6,EL,Durum wheat,frost,-0.00153595561779896
HadGEM3-GC3-1LL,-1.5,-1.3098,8,EL,Durum wheat,frost,0.00624333349568716
HadGEM3-GC3-1LL,-0.5,-0.331,6,EL,Durum wheat,frost,0.00121125506908095
HadGEM3-GC3-1MM,-14.5,-14.3032,4,EL,Durum wheat,frost,0.0102030242567547
HadGEM3-GC3-1MM,-13.5,-13.3931,8,EL,Durum wheat,frost,0.0091267711752552
HadGEM3-GC3-1MM,-12.5,-12.588,13,EL,Durum wheat,frost,0.00298028122771799
HadGEM3-GC3-1MM,-11.5,-11.5321,21,EL,Durum wheat,frost,0.0104374309571364
HadGEM3-GC3-1MM,-10.5,-10.4803,10,EL,Durum wheat,frost,0.00300729154214417
HadGEM3-GC3-1MM,-9.5,-9.6161,7,EL,Durum wheat,frost,0.00763286984432604
HadGEM3-GC3-1MM,-8.5,-8.6582,7,EL,Durum wheat,frost,0.000360565954113714
HadGEM3-GC3-1MM,-7.5,-7.6345,8,EL,Durum wheat,frost,0.00310602687277593
HadGEM3-GC3-1MM,-6.5,-6.4299,4,EL,Durum wheat,frost,0.000306345373673742
HadGEM3-GC3-1MM,-5.5,-5.3528,4,EL,Durum wheat,frost,-0.0314652752953886
HadGEM3-GC3-1MM,-4.5,-4.3969,4,EL,Durum wheat,frost,0.00457446481629026
IPSL-CM6A-LR,-9.5,-9.3401,5,EL,Durum wheat,frost,-0.00983596490727475
IPSL-CM6A-LR,-8.5,-8.4598,8,EL,Durum wheat,frost,0.00649933403271484
IPSL-CM6A-LR,-7.5,-7.5255,19,EL,Durum wheat,frost,0.0070285206928995
IPSL-CM6A-LR,-6.5,-6.5577,11,EL,Durum wheat,frost,0.0131702686402433
IPSL-CM6A-LR,-5.5,-5.5623,13,EL,Durum wheat,frost,0.00745366642943805
IPSL-CM6A-LR,-4.5,-4.3507,11,EL,Durum wheat,frost,0.000711736279755649
IPSL-CM6A-LR,-3.5,-3.4644,8,EL,Durum wheat,frost,-0.0052340169029069
IPSL-CM6A-LR,-2.5,-2.5669,9,EL,Durum wheat,frost,0.0056937609729792
IPSL-CM6A-LR,-1.5,-1.2909,6,EL,Durum wheat,frost,0.000994761848658881
IPSL-CM6A-LR,-0.5,-0.6347,8,EL,Durum wheat,frost,0.00274757308517271
EC-Earth3,-9.5,-9.1554,4,ES,Durum wheat,frost,-0.000197583428304462
EC-Earth3,-8.5,-8.4726,15,ES,Durum wheat,frost,0.00298960375211594
EC-Earth3,-7.5,-7.5562,20,ES,Durum wheat,frost,-0.00124497004682112
EC-Earth3,-6.5,-6.4767,21,ES,Durum wheat,frost,0.000799124927546388
EC-Earth3,-5.5,-5.3342,8,ES,Durum wheat,frost,0.000452915777732132
EC-Earth3,-4.5,-4.5495,8,ES,Durum wheat,frost,0.00334817117326225
EC-Earth3,-3.5,-3.3459,9,ES,Durum wheat,frost,0.000847894513139526
EC-Earth3,-2.5,-2.4493,5,ES,Durum wheat,frost,0.000454192458286853
EC-Earth3,-1.5,-1.3807,6,ES,Durum wheat,frost,0.00122305852755906
EC-Earth3,-0.5,-0.6596,3,ES,Durum wheat,frost,-0.000664519348092323
HadGEM3-GC3-1LL,-8.5,-8.3848,12,ES,Durum wheat,frost,-0.00175259683378947
HadGEM3-GC3-1LL,-7.5,-7.5599,19,ES,Durum wheat,frost,-0.0024652112383771
HadGEM3-GC3-1LL,-6.5,-6.5442,24,ES,Durum wheat,frost,-0.0021097868042828
HadGEM3-GC3-1LL,-5.5,-5.5797,10,ES,Durum wheat,frost,-0.00461064883003854
HadGEM3-GC3-1LL,-4.5,-4.5263,6,ES,Durum wheat,frost,-0.00306344654343348
HadGEM3-GC3-1LL,-3.5,-3.7835,7,ES,Durum wheat,frost,0.000880559834440828
HadGEM3-GC3-1LL,-2.5,-2.4504,6,ES,Durum wheat,frost,-0.00484321839168663
HadGEM3-GC3-1LL,-1.5,-1.3098,8,ES,Durum wheat,frost,-0.00247209691858143
HadGEM3-GC3-1LL,-0.5,-0.331,6,ES,Durum wheat,frost,-0.00230908400701613
HadGEM3-GC3-1MM,-14.5,-14.3032,4,ES,Durum wheat,frost,-0.00526100611390723
HadGEM3-GC3-1MM,-13.5,-13.3931,8,ES,Durum wheat,frost,-0.00214565056877693
HadGEM3-GC3-1MM,-12.5,-12.588,13,ES,Durum wheat,frost,-0.00684009943720226
HadGEM3-GC3-1MM,-11.5,-11.5321,21,ES,Durum wheat,frost,-0.0036640247313716
HadGEM3-GC3-1MM,-10.5,-10.4803,10,ES,Durum wheat,frost,-0.00416922021864468
HadGEM3-GC3-1MM,-9.5,-9.6161,7,ES,Durum wheat,frost,-0.00303594286345733
HadGEM3-GC3-1MM,-8.5,-8.6582,7,ES,Durum wheat,frost,-0.00255985153895873
HadGEM3-GC3-1MM,-7.5,-7.6345,8,ES,Durum wheat,frost,-0.00315719735139479
HadGEM3-GC3-1MM,-6.5,-6.4299,4,ES,Durum wheat,frost,-0.00742320201462587
HadGEM3-GC3-1MM,-5.5,-5.3528,4,ES,Durum wheat,frost,-0.00200274528938551
HadGEM3-GC3-1MM,-4.5,-4.3969,4,ES,Durum wheat,frost,0.00209918069284885
IPSL-CM6A-LR,-9.5,-9.3401,5,ES,Durum wheat,frost,-4.02526482856031e-05
IPSL-CM6A-LR,-8.5,-8.4598,8,ES,Durum wheat,frost,0.0014699192649401
IPSL-CM6A-LR,-7.5,-7.5255,19,ES,Durum wheat,frost,-0.000204605267810726
IPSL-CM6A-LR,-6.5,-6.5577,11,ES,Durum wheat,frost,0.00117087252794585
IPSL-CM6A-LR,-5.5,-5.5623,13,ES,Durum wheat,frost,-0.00013827488311081
IPSL-CM6A-LR,-4.5,-4.3507,11,ES,Durum wheat,frost,-0.00153927983376623
IPSL-CM6A-LR,-3.5,-3.4644,8,ES,Durum wheat,frost,0.00155282711027498
IPSL-CM6A-LR,-2.5,-2.5669,9,ES,Durum wheat,frost,0.000918553855213225
IPSL-CM6A-LR,-1.5,-1.2909,6,ES,Durum wheat,frost,-0.000324649718851003
IPSL-CM6A-LR,-0.5,-0.6347,8,ES,Durum wheat,frost,0.00205354754134741
EC-Earth3,-9.5,-9.1554,4,FR,Durum wheat,frost,-0.00623635704136275
EC-Earth3,-8.5,-8.4726,15,FR,Durum wheat,frost,0.0152470286898092
EC-Earth3,-7.5,-7.5562,20,FR,Durum wheat,frost,-0.00180610389839053
EC-Earth3,-6.5,-6.4767,21,FR,Durum wheat,frost,0.000595781809496719
EC-Earth3,-5.5,-5.3342,8,FR,Durum wheat,frost,0.00128592301386056
EC-Earth3,-4.5,-4.5495,8,FR,Durum wheat,frost,0.00432190824207288
EC-Earth3,-3.5,-3.3459,9,FR,Durum wheat,frost,0.0025162933535274
EC-Earth3,-2.5,-2.4493,5,FR,Durum wheat,frost,0.00364590847185865
EC-Earth3,-1.5,-1.3807,6,FR,Durum wheat,frost,0.00701355718784623
EC-Earth3,-0.5,-0.6596,3,FR,Durum wheat,frost,-9.20074600850274e-06
HadGEM3-GC3-1LL,-8.5,-8.3848,12,FR,Durum wheat,frost,0.00198455134921227
HadGEM3-GC3-1LL,-7.5,-7.5599,19,FR,Durum wheat,frost,-0.0035415362846256
HadGEM3-GC3-1LL,-6.5,-6.5442,24,FR,Durum wheat,frost,0.00267215287677859
HadGEM3-GC3-1LL,-5.5,-5.5797,10,FR,Durum wheat,frost,-0.00521235117934991
HadGEM3-GC3-1LL,-4.5,-4.5263,6,FR,Durum wheat,frost,0.00219397215286682
HadGEM3-GC3-1LL,-3.5,-3.7835,7,FR,Durum wheat,frost,0.00353742982035886
HadGEM3-GC3-1LL,-2.5,-2.4504,6,FR,Durum wheat,frost,-0.0180141261801872
HadGEM3-GC3-1LL,-1.5,-1.3098,8,FR,Durum wheat,frost,-0.00856404158210828
HadGEM3-GC3-1LL,-0.5,-0.331,6,FR,Durum wheat,frost,-0.00535382724980473
HadGEM3-GC3-1MM,-14.5,-14.3032,4,FR,Durum wheat,frost,-0.0465585674769874
HadGEM3-GC3-1MM,-13.5,-13.3931,8,FR,Durum wheat,frost,-0.0395945353403316
HadGEM3-GC3-1MM,-12.5,-12.588,13,FR,Durum wheat,frost,-0.0219046299105728
HadGEM3-GC3-1MM,-11.5,-11.5321,21,FR,Durum wheat,frost,-0.00870599157188346
HadGEM3-GC3-1MM,-10.5,-10.4803,10,FR,Durum wheat,frost,-0.000682761391841581
HadGEM3-GC3-1MM,-9.5,-9.6161,7,FR,Durum wheat,frost,0.00321821979411002
HadGEM3-GC3-1MM,-8.5,-8.6582,7,FR,Durum wheat,frost,-0.00773990955433057
HadGEM3-GC3-1MM,-7.5,-7.6345,8,FR,Durum wheat,frost,-0.00343889334866158
HadGEM3-GC3-1MM,-6.5,-6.4299,4,FR,Durum wheat,frost,-0.00326270839821556
HadGEM3-GC3-1MM,-5.5,-5.3528,4,FR,Durum wheat,frost,-0.0119626167723346
HadGEM3-GC3-1MM,-4.5,-4.3969,4,FR,Durum wheat,frost,0.00313958377576585
IPSL-CM6A-LR,-9.5,-9.3401,5,FR,Durum wheat,frost,0.0140351486670508
IPSL-CM6A-LR,-8.5,-8.4598,8,FR,Durum wheat,frost,0.00849786106018014
IPSL-CM6A-LR,-7.5,-7.5255,19,FR,Durum wheat,frost,0.00411071921449087
IPSL-CM6A-LR,-6.5,-6.5577,11,FR,Durum wheat,frost,0.0142357483422829
IPSL-CM6A-LR,-5.5,-5.5623,13,FR,Durum wheat,frost,0.00352470852711498
IPSL-CM6A-LR,-4.5,-4.3507,11,FR,Durum wheat,frost,-0.00184250398064255
IPSL-CM6A-LR,-3.5,-3.4644,8,FR,Durum wheat,frost,0.00119336481838919
IPSL-CM6A-LR,-2.5,-2.5669,9,FR,Durum wheat,frost,0.00734133846791917
IPSL-CM6A-LR,-1.5,-1.2909,6,FR,Durum wheat,frost,-0.00331417581909072
IPSL-CM6A-LR,-0.5,-0.6347,8,FR,Durum wheat,frost,-0.000405873407884602
EC-Earth3,-9.5,-9.1554,4,HU,Durum wheat,frost,-0.010069763390534
EC-Earth3,-8.5,-8.4726,15,HU,Durum wheat,frost,0.0237460140384215
EC-Earth3,-7.5,-7.5562,20,HU,Durum wheat,frost,0.00145347770349587
EC-Earth3,-6.5,-6.4767,21,HU,Durum wheat,frost,0.00407417136189721
EC-Earth3,-5.5,-5.3342,8,HU,Durum wheat,frost,-0.00469115124506088
EC-Earth3,-4.5,-4.5495,8,HU,Durum wheat,frost,0.00451243416635253
EC-Earth3,-3.5,-3.3459,9,HU,Durum wheat,frost,0.00503949126229488
EC-Earth3,-2.5,-2.4493,5,HU,Durum wheat,frost,0.0137229771972456
EC-Earth3,-1.5,-1.3807,6,HU,Durum wheat,frost,0.0122915167630605
EC-Earth3,-0.5,-0.6596,3,HU,Durum wheat,frost,-0.0258459449215959
HadGEM3-GC3-1LL,-8.5,-8.3848,12,HU,Durum wheat,frost,0.0121948557256382
HadGEM3-GC3-1LL,-7.5,-7.5599,19,HU,Durum wheat,frost,0.00341129158617963
HadGEM3-GC3-1LL,-6.5,-6.5442,24,HU,Durum wheat,frost,0.00972512851828809
HadGEM3-GC3-1LL,-5.5,-5.5797,10,HU,Durum wheat,frost,0.00641621174605735
HadGEM3-GC3-1LL,-4.5,-4.5263,6,HU,Durum wheat,frost,0.00793156041047408
HadGEM3-GC3-1LL,-3.5,-3.7835,7,HU,Durum wheat,frost,0.0105506948983296
HadGEM3-GC3-1LL,-2.5,-2.4504,6,HU,Durum wheat,frost,-0.0143314813320513
HadGEM3-GC3-1LL,-1.5,-1.3098,8,HU,Durum wheat,frost,0.00578753698759942
HadGEM3-GC3-1LL,-0.5,-0.331,6,HU,Durum wheat,frost,0.00360219365025851
HadGEM3-GC3-1MM,-14.5,-14.3032,4,HU,Durum wheat,frost,0.0152555939127871
HadGEM3-GC3-1MM,-13.5,-13.3931,8,HU,Durum wheat,frost,0.0110486667302117
HadGEM3-GC3-1MM,-12.5,-12.588,13,HU,Durum wheat,frost,0.00510216822348224
HadGEM3-GC3-1MM,-11.5,-11.5321,21,HU,Durum wheat,frost,0.0175115389602767
HadGEM3-GC3-1MM,-10.5,-10.4803,10,HU,Durum wheat,frost,0.00290754411343313
HadGEM3-GC3-1MM,-9.5,-9.6161,7,HU,Durum wheat,frost,0.00733992555085951
HadGEM3-GC3-1MM,-8.5,-8.6582,7,HU,Durum wheat,frost,0.0109182593249186
HadGEM3-GC3-1MM,-7.5,-7.6345,8,HU,Durum wheat,frost,-0.0132283317455215
HadGEM3-GC3-1MM,-6.5,-6.4299,4,HU,Durum wheat,frost,0.00137941631241353
HadGEM3-GC3-1MM,-5.5,-5.3528,4,HU,Durum wheat,frost,-0.0257802319789089
HadGEM3-GC3-1MM,-4.5,-4.3969,4,HU,Durum wheat,frost,0.0026507227092156
IPSL-CM6A-LR,-9.5,-9.3401,5,HU,Durum wheat,frost,0.00716677561530412
IPSL-CM6A-LR,-8.5,-8.4598,8,HU,Durum wheat,frost,0.0196949229983067
IPSL-CM6A-LR,-7.5,-7.5255,19,HU,Durum wheat,frost,0.0156268091902591
IPSL-CM6A-LR,-6.5,-6.5577,11,HU,Durum wheat,frost,0.0305025849414122
IPSL-CM6A-LR,-5.5,-5.5623,13,HU,Durum wheat,frost,0.0124750820402275
IPSL-CM6A-LR,-4.5,-4.3507,11,HU,Durum wheat,frost,-0.0049735802932401
IPSL-CM6A-LR,-3.5,-3.4644,8,HU,Durum wheat,frost,-0.00572219108356821
IPSL-CM6A-LR,-2.5,-2.5669,9,HU,Durum wheat,frost,0.0102713682710868
IPSL-CM6A-LR,-1.5,-1.2909,6,HU,Durum wheat,frost,0.00903416646074105
IPSL-CM6A-LR,-0.5,-0.6347,8,HU,Durum wheat,frost,0.00208465741189716
EC-Earth3,-9.5,-9.1554,4,IT,Durum wheat,frost,-0.0037292642446736
EC-Earth3,-8.5,-8.4726,15,IT,Durum wheat,frost,0.00148714179293325
EC-Earth3,-7.5,-7.5562,20,IT,Durum wheat,frost,-0.000268364142801738
EC-Earth3,-6.5,-6.4767,21,IT,Durum wheat,frost,0.000515029815983474
EC-Earth3,-5.5,-5.3342,8,IT,Durum wheat,frost,-0.00024998042398596
EC-Earth3,-4.5,-4.5495,8,IT,Durum wheat,frost,0.000798576289039966
EC-Earth3,-3.5,-3.3459,9,IT,Durum wheat,frost,0.000613028259110224
EC-Earth3,-2.5,-2.4493,5,IT,Durum wheat,frost,0.00194482819313868
EC-Earth3,-1.5,-1.3807,6,IT,Durum wheat,frost,0.000719096112197684
EC-Earth3,-0.5,-0.6596,3,IT,Durum wheat,frost,-0.00245940838492295
HadGEM3-GC3-1LL,-8.5,-8.3848,12,IT,Durum wheat,frost,0.00133876408692401
HadGEM3-GC3-1LL,-7.5,-7.5599,19,IT,Durum wheat,frost,0.000617141364598587
HadGEM3-GC3-1LL,-6.5,-6.5442,24,IT,Durum wheat,frost,0.000261250809924403
HadGEM3-GC3-1LL,-5.5,-5.5797,10,IT,Durum wheat,frost,0.000847703933999621
HadGEM3-GC3-1LL,-4.5,-4.5263,6,IT,Durum wheat,frost,0.00128551036771765
HadGEM3-GC3-1LL,-3.5,-3.7835,7,IT,Durum wheat,frost,0.00129102524421732
HadGEM3-GC3-1LL,-2.5,-2.4504,6,IT,Durum wheat,frost,-0.00304435556659679
HadGEM3-GC3-1LL,-1.5,-1.3098,8,IT,Durum wheat,frost,0.000949248873757784
HadGEM3-GC3-1LL,-0.5,-0.331,6,IT,Durum wheat,frost,-3.12777696660228e-06
HadGEM3-GC3-1MM,-14.5,-14.3032,4,IT,Durum wheat,frost,0.000504251680495213
HadGEM3-GC3-1MM,-13.5,-13.3931,8,IT,Durum wheat,frost,0.000924750774914755
HadGEM3-GC3-1MM,-12.5,-12.588,13,IT,Durum wheat,frost,-0.00114042863363539
HadGEM3-GC3-1MM,-11.5,-11.5321,21,IT,Durum wheat,frost,0.00146667045362572
HadGEM3-GC3-1MM,-10.5,-10.4803,10,IT,Durum wheat,frost,-0.000488166157959114
HadGEM3-GC3-1MM,-9.5,-9.6161,7,IT,Durum wheat,frost,0.000303688187983276
HadGEM3-GC3-1MM,-8.5,-8.6582,7,IT,Durum wheat,frost,0.000208750081796742
HadGEM3-GC3-1MM,-7.5,-7.6345,8,IT,Durum wheat,frost,-0.0019100766647198
HadGEM3-GC3-1MM,-6.5,-6.4299,4,IT,Durum wheat,frost,-0.00069263394396418
HadGEM3-GC3-1MM,-5.5,-5.3528,4,IT,Durum wheat,frost,-0.00264243836701958
HadGEM3-GC3-1MM,-4.5,-4.3969,4,IT,Durum wheat,frost,0.00111320094969449
IPSL-CM6A-LR,-9.5,-9.3401,5,IT,Durum wheat,frost,-0.00170254125980931
IPSL-CM6A-LR,-8.5,-8.4598,8,IT,Durum wheat,frost,0.00207272606909872
IPSL-CM6A-LR,-7.5,-7.5255,19,IT,Durum wheat,frost,0.00141687786047967
IPSL-CM6A-LR,-6.5,-6.5577,11,IT,Durum wheat,frost,0.00256991610593386
IPSL-CM6A-LR,-5.5,-5.5623,13,IT,Durum wheat,frost,0.00130554979500953
IPSL-CM6A-LR,-4.5,-4.3507,11,IT,Durum wheat,frost,-0.00126540648412907
IPSL-CM6A-LR,-3.5,-3.4644,8,IT,Durum wheat,frost,8.9971330261526e-06
IPSL-CM6A-LR,-2.5,-2.5669,9,IT,Durum wheat,frost,0.00144576790187545
IPSL-CM6A-LR,-1.5,-1.2909,6,IT,Durum wheat,frost,-0.000452315182051988
IPSL-CM6A-LR,-0.5,-0.6347,8,IT,Durum wheat,frost,0.000580080294635716
EC-Earth3,-9.5,-9.1554,4,RO,Durum wheat,frost,-0.00832755792051513
EC-Earth3,-8.5,-8.4726,15,RO,Durum wheat,frost,0.0240926496655374
EC-Earth3,-7.5,-7.5562,20,RO,Durum wheat,frost,0.00512920253479438
EC-Earth3,-6.5,-6.4767,21,RO,Durum wheat,frost,0.00477326529697455
EC-Earth3,-5.5,-5.3342,8,RO,Durum wheat,frost,0.0013438631353014
EC-Earth3,-4.5,-4.5495,8,RO,Durum wheat,frost,0.0136574652072855
EC-Earth3,-3.5,-3.3459,9,RO,Durum wheat,frost,0.0052681101828341
EC-Earth3,-2.5,-2.4493,5,RO,Durum wheat,frost,0.0210962551642656
EC-Earth3,-1.5,-1.3807,6,RO,Durum wheat,frost,0.0153782827292379
EC-Earth3,-0.5,-0.6596,3,RO,Durum wheat,frost,-0.0261847556689331
HadGEM3-GC3-1LL,-8.5,-8.3848,12,RO,Durum wheat,frost,0.0167926671305693
HadGEM3-GC3-1LL,-7.5,-7.5599,19,RO,Durum wheat,frost,0.0085347357301529
HadGEM3-GC3-1LL,-6.5,-6.5442,24,RO,Durum wheat,frost,0.011766846715824
HadGEM3-GC3-1LL,-5.5,-5.5797,10,RO,Durum wheat,frost,0.0100781719091236
HadGEM3-GC3-1LL,-4.5,-4.5263,6,RO,Durum wheat,frost,0.00583443314018643
HadGEM3-GC3-1LL,-3.5,-3.7835,7,RO,Durum wheat,frost,0.014310601780395
HadGEM3-GC3-1LL,-2.5,-2.4504,6,RO,Durum wheat,frost,-0.00490666914043931
HadGEM3-GC3-1LL,-1.5,-1.3098,8,RO,Durum wheat,frost,0.00344245856724358
HadGEM3-GC3-1LL,-0.5,-0.331,6,RO,Durum wheat,frost,0.00762560519480212
HadGEM3-GC3-1MM,-14.5,-14.3032,4,RO,Durum wheat,frost,0.0212945514719834
HadGEM3-GC3-1MM,-13.5,-13.3931,8,RO,Durum wheat,frost,0.0140257744756665
HadGEM3-GC3-1MM,-12.5,-12.588,13,RO,Durum wheat,frost,0.00890380689432612
HadGEM3-GC3-1MM,-11.5,-11.5321,21,RO,Durum wheat,frost,0.0208515866000519
HadGEM3-GC3-1MM,-10.5,-10.4803,10,RO,Durum wheat,frost,0.00457941623017945
HadGEM3-GC3-1MM,-9.5,-9.6161,7,RO,Durum wheat,frost,0.0079891619421327
HadGEM3-GC3-1MM,-8.5,-8.6582,7,RO,Durum wheat,frost,0.0199917739514336
HadGEM3-GC3-1MM,-7.5,-7.6345,8,RO,Durum wheat,frost,-0.00269461571116612
HadGEM3-GC3-1MM,-6.5,-6.4299,4,RO,Durum wheat,frost,0.00605342891101908
HadGEM3-GC3-1MM,-5.5,-5.3528,4,RO,Durum wheat,frost,-0.0287597872394909
HadGEM3-GC3-1MM,-4.5,-4.3969,4,RO,Durum wheat,frost,0.0120292024419417
IPSL-CM6A-LR,-9.5,-9.3401,5,RO,Durum wheat,frost,0.000369685040433985
IPSL-CM6A-LR,-8.5,-8.4598,8,RO,Durum wheat,frost,0.0227167862241403
IPSL-CM6A-LR,-7.5,-7.5255,19,RO,Durum wheat,frost,0.0244595703175673
IPSL-CM6A-LR,-6.5,-6.5577,11,RO,Durum wheat,frost,0.0383563530585137
IPSL-CM6A-LR,-5.5,-5.5623,13,RO,Durum wheat,frost,0.0183422970948679
IPSL-CM6A-LR,-4.5,-4.3507,11,RO,Durum wheat,frost,-0.000126508571858334
IPSL-CM6A-LR,-3.5,-3.4644,8,RO,Durum wheat,frost,-0.00365233823531383
IPSL-CM6A-LR,-2.5,-2.5669,9,RO,Durum wheat,frost,0.0135626477550987
IPSL-CM6A-LR,-1.5,-1.2909,6,RO,Durum wheat,frost,0.0139851414977244
IPSL-CM6A-LR,-0.5,-0.6347,8,RO,Durum wheat,frost,0.00695347135492466
EC-Earth3,-9.5,-9.1554,4,SK,Durum wheat,frost,-0.0108071524001815
EC-Earth3,-8.5,-8.4726,15,SK,Durum wheat,frost,0.0293709488291683
EC-Earth3,-7.5,-7.5562,20,SK,Durum wheat,frost,0.000784205723034057
EC-Earth3,-6.5,-6.4767,21,SK,Durum wheat,frost,0.0098106458611821
EC-Earth3,-5.5,-5.3342,8,SK,Durum wheat,frost,0.00400070383297117
EC-Earth3,-4.5,-4.5495,8,SK,Durum wheat,frost,0.0059096792807848
EC-Earth3,-3.5,-3.3459,9,SK,Durum wheat,frost,0.00724139103593388
EC-Earth3,-2.5,-2.4493,5,SK,Durum wheat,frost,0.012277830667821
EC-Earth3,-1.5,-1.3807,6,SK,Durum wheat,frost,0.0189913431591847
EC-Earth3,-0.5,-0.6596,3,SK,Durum wheat,frost,-0.0404878300281799
HadGEM3-GC3-1LL,-8.5,-8.3848,12,SK,Durum wheat,frost,0.0173773091159076
HadGEM3-GC3-1LL,-7.5,-7.5599,19,SK,Durum wheat,frost,0.00975355734579537
HadGEM3-GC3-1LL,-6.5,-6.5442,24,SK,Durum wheat,frost,0.017773333518875
HadGEM3-GC3-1LL,-5.5,-5.5797,10,SK,Durum wheat,frost,0.00982285841628047
HadGEM3-GC3-1LL,-4.5,-4.5263,6,SK,Durum wheat,frost,0.00769671243482964
HadGEM3-GC3-1LL,-3.5,-3.7835,7,SK,Durum wheat,frost,0.0154329705447355
HadGEM3-GC3-1LL,-2.5,-2.4504,6,SK,Durum wheat,frost,-0.0143637064966566
HadGEM3-GC3-1LL,-1.5,-1.3098,8,SK,Durum wheat,frost,0.00215292007292986
HadGEM3-GC3-1LL,-0.5,-0.331,6,SK,Durum wheat,frost,0.007055888906101
HadGEM3-GC3-1MM,-14.5,-14.3032,4,SK,Durum wheat,frost,0.0229330470318503
HadGEM3-GC3-1MM,-13.5,-13.3931,8,SK,Durum wheat,frost,0.0181090746528642
HadGEM3-GC3-1MM,-12.5,-12.588,13,SK,Durum wheat,frost,0.00605388792790053
HadGEM3-GC3-1MM,-11.5,-11.5321,21,SK,Durum wheat,frost,0.022818071241698
HadGEM3-GC3-1MM,-10.5,-10.4803,10,SK,Durum wheat,frost,0.0110393737042488
HadGEM3-GC3-1MM,-9.5,-9.6161,7,SK,Durum wheat,frost,0.0143131366862496
HadGEM3-GC3-1MM,-8.5,-8.6582,7,SK,Durum wheat,frost,0.0139361584439791
HadGEM3-GC3-1MM,-7.5,-7.6345,8,SK,Durum wheat,frost,-0.0113721612689079
HadGEM3-GC3-1MM,-6.5,-6.4299,4,SK,Durum wheat,frost,-0.00469194216136159
HadGEM3-GC3-1MM,-5.5,-5.3528,4,SK,Durum wheat,frost,-0.0273974144030341
HadGEM3-GC3-1MM,-4.5,-4.3969,4,SK,Durum wheat,frost,0.00802269613630765
IPSL-CM6A-LR,-9.5,-9.3401,5,SK,Durum wheat,frost,0.0248562500727847
IPSL-CM6A-LR,-8.5,-8.4598,8,SK,Durum wheat,frost,0.0275663639465147
IPSL-CM6A-LR,-7.5,-7.5255,19,SK,Durum wheat,frost,0.0221626966308652
IPSL-CM6A-LR,-6.5,-6.5577,11,SK,Durum wheat,frost,0.0406766490795357
IPSL-CM6A-LR,-5.5,-5.5623,13,SK,Durum wheat,frost,0.0194208495653484
IPSL-CM6A-LR,-4.5,-4.3507,11,SK,Durum wheat,frost,-0.000106893851419547
IPSL-CM6A-LR,-3.5,-3.4644,8,SK,Durum wheat,frost,-0.00769253522226027
IPSL-CM6A-LR,-2.5,-2.5669,9,SK,Durum wheat,frost,0.0160568739932892
IPSL-CM6A-LR,-1.5,-1.2909,6,SK,Durum wheat,frost,0.0174800821510556
IPSL-CM6A-LR,-0.5,-0.6347,8,SK,Durum wheat,frost,-0.00639298001629594
EC-Earth3,-9.5,-9.1554,4,CZ,Spring barley,frost,0.00105574077206736
EC-Earth3,-8.5,-8.4726,15,CZ,Spring barley,frost,-0.00779111405164323
EC-Earth3,-7.5,-7.5562,20,CZ,Spring barley,frost,-0.00148422430564171
EC-Earth3,-6.5,-6.4767,21,CZ,Spring barley,frost,-0.00269470384438801
EC-Earth3,-5.5,-5.3342,8,CZ,Spring barley,frost,-0.00313320245994746
EC-Earth3,-4.5,-4.5495,8,CZ,Spring barley,frost,-0.001429130918208
EC-Earth3,-3.5,-3.3459,9,CZ,Spring barley,frost,-0.00285100476309617
EC-Earth3,-2.5,-2.4493,5,CZ,Spring barley,frost,-0.00180519576152782
EC-Earth3,-1.5,-1.3807,6,CZ,Spring barley,frost,-0.00460362625075296
EC-Earth3,-0.5,-0.6596,3,CZ,Spring barley,frost,0.00255390525503316
HadGEM3-GC3-1LL,-8.5,-8.3848,12,CZ,Spring barley,frost,-0.00441020688412695
HadGEM3-GC3-1LL,-7.5,-7.5599,19,CZ,Spring barley,frost,-0.000491691196649412
HadGEM3-GC3-1LL,-6.5,-6.5442,24,CZ,Spring barley,frost,-0.0046371013073854
HadGEM3-GC3-1LL,-5.5,-5.5797,10,CZ,Spring barley,frost,-0.00308668384992667
HadGEM3-GC3-1LL,-4.5,-4.5263,6,CZ,Spring barley,frost,-0.00160558036268116
HadGEM3-GC3-1LL,-3.5,-3.7835,7,CZ,Spring barley,frost,-0.00389243163192445
HadGEM3-GC3-1LL,-2.5,-2.4504,6,CZ,Spring barley,frost,0.00564453389445431
HadGEM3-GC3-1LL,-1.5,-1.3098,8,CZ,Spring barley,frost,0.00151428936607126
HadGEM3-GC3-1LL,-0.5,-0.331,6,CZ,Spring barley,frost,-0.00182200169091399
HadGEM3-GC3-1MM,-14.5,-14.3032,4,CZ,Spring barley,frost,-0.000263840734631458
HadGEM3-GC3-1MM,-13.5,-13.3931,8,CZ,Spring barley,frost,0.00255840785591814
HadGEM3-GC3-1MM,-12.5,-12.588,13,CZ,Spring barley,frost,0.00210695077535237
HadGEM3-GC3-1MM,-11.5,-11.5321,21,CZ,Spring barley,frost,-0.00140210726382282
HadGEM3-GC3-1MM,-10.5,-10.4803,10,CZ,Spring barley,frost,0.00204119184941728
HadGEM3-GC3-1MM,-9.5,-9.6161,7,CZ,Spring barley,frost,-0.0043635029460088
HadGEM3-GC3-1MM,-8.5,-8.6582,7,CZ,Spring barley,frost,-0.00252842508130539
HadGEM3-GC3-1MM,-7.5,-7.6345,8,CZ,Spring barley,frost,0.000481849731605929
HadGEM3-GC3-1MM,-6.5,-6.4299,4,CZ,Spring barley,frost,0.000818904071812969
HadGEM3-GC3-1MM,-5.5,-5.3528,4,CZ,Spring barley,frost,0.00433181016927978
HadGEM3-GC3-1MM,-4.5,-4.3969,4,CZ,Spring barley,frost,-0.0026887458851507
IPSL-CM6A-LR,-9.5,-9.3401,5,CZ,Spring barley,frost,-0.00687974996410305
IPSL-CM6A-LR,-8.5,-8.4598,8,CZ,Spring barley,frost,-0.00517561253475256
IPSL-CM6A-LR,-7.5,-7.5255,19,CZ,Spring barley,frost,-0.00565863410474584
IPSL-CM6A-LR,-6.5,-6.5577,11,CZ,Spring barley,frost,-0.00836745859068789
IPSL-CM6A-LR,-5.5,-5.5623,13,CZ,Spring barley,frost,-0.0043758138712916
IPSL-CM6A-LR,-4.5,-4.3507,11,CZ,Spring barley,frost,0.00111389659810187
IPSL-CM6A-LR,-3.5,-3.4644,8,CZ,Spring barley,frost,0.000378619740458211
IPSL-CM6A-LR,-2.5,-2.5669,9,CZ,Spring barley,frost,-0.00230176562711475
IPSL-CM6A-LR,-1.5,-1.2909,6,CZ,Spring barley,frost,-0.00422971586448723
IPSL-CM6A-LR,-0.5,-0.6347,8,CZ,Spring barley,frost,0.000388639910729616
EC-Earth3,-9.5,-9.1554,4,DE,Spring barley,frost,0.000753095211823331
EC-Earth3,-8.5,-8.4726,15,DE,Spring barley,frost,-0.00712507325866493
EC-Earth3,-7.5,-7.5562,20,DE,Spring barley,frost,-0.00219304446869571
EC-Earth3,-6.5,-6.4767,21,DE,Spring barley,frost,-0.00205126502558189
EC-Earth3,-5.5,-5.3342,8,DE,Spring barley,frost,-0.00260467630076242
EC-Earth3,-4.5,-4.5495,8,DE,Spring barley,frost,-0.0020117987101621
EC-Earth3,-3.5,-3.3459,9,DE,Spring barley,frost,-0.00334244673954046
EC-Earth3,-2.5,-2.4493,5,DE,Spring barley,frost,-0.00179725889553858
EC-Earth3,-1.5,-1.3807,6,DE,Spring barley,frost,-0.00462333259307419
EC-Earth3,-0.5,-0.6596,3,DE,Spring barley,frost,0.000126036487030147
HadGEM3-GC3-1LL,-8.5,-8.3848,12,DE,Spring barley,frost,-0.00276409631886235
HadGEM3-GC3-1LL,-7.5,-7.5599,19,DE,Spring barley,frost,-0.000273425727815651
HadGEM3-GC3-1LL,-6.5,-6.5442,24,DE,Spring barley,frost,-0.00338878545852226
HadGEM3-GC3-1LL,-5.5,-5.5797,10,DE,Spring barley,frost,-0.00204303029740825
HadGEM3-GC3-1LL,-4.5,-4.5263,6,DE,Spring barley,frost,-0.00183174624572445
HadGEM3-GC3-1LL,-3.5,-3.7835,7,DE,Spring barley,frost,-0.00316493465285285
HadGEM3-GC3-1LL,-2.5,-2.4504,6,DE,Spring barley,frost,0.0060470282084625
HadGEM3-GC3-1LL,-1.5,-1.3098,8,DE,Spring barley,frost,0.00276183071633001
HadGEM3-GC3-1LL,-0.5,-0.331,6,DE,Spring barley,frost,-0.000148597437848146
HadGEM3-GC3-1MM,-14.5,-14.3032,4,DE,Spring barley,frost,0.0144144483537126
HadGEM3-GC3-1MM,-13.5,-13.3931,8,DE,Spring barley,frost,0.0201060762615752
HadGEM3-GC3-1MM,-12.5,-12.588,13,DE,Spring barley,frost,0.0115815548810561
HadGEM3-GC3-1MM,-11.5,-11.5321,21,DE,Spring barley,frost,0.00663874104461639
HadGEM3-GC3-1MM,-10.5,-10.4803,10,DE,Spring barley,frost,0.00545044465776241
HadGEM3-GC3-1MM,-9.5,-9.6161,7,DE,Spring barley,frost,-0.00318947711343832
HadGEM3-GC3-1MM,-8.5,-8.6582,7,DE,Spring barley,frost,-0.000266633557840826
HadGEM3-GC3-1MM,-7.5,-7.6345,8,DE,Spring barley,frost,5.69557438311673e-05
HadGEM3-GC3-1MM,-6.5,-6.4299,4,DE,Spring barley,frost,0.00034995927473912
HadGEM3-GC3-1MM,-5.5,-5.3528,4,DE,Spring barley,frost,0.00354622643688764
HadGEM3-GC3-1MM,-4.5,-4.3969,4,DE,Spring barley,frost,-0.00215742485766391
IPSL-CM6A-LR,-9.5,-9.3401,5,DE,Spring barley,frost,-0.00579683091355024
IPSL-CM6A-LR,-8.5,-8.4598,8,DE,Spring barley,frost,-0.00426526330764512
IPSL-CM6A-LR,-7.5,-7.5255,19,DE,Spring barley,frost,-0.00437239583681593
IPSL-CM6A-LR,-6.5,-6.5577,11,DE,Spring barley,frost,-0.00690291041319828
IPSL-CM6A-LR,-5.5,-5.5623,13,DE,Spring barley,frost,-0.00411211346504152
IPSL-CM6A-LR,-4.5,-4.3507,11,DE,Spring barley,frost,0.000391053851087722
IPSL-CM6A-LR,-3.5,-3.4644,8,DE,Spring barley,frost,-0.000745731164435682
IPSL-CM6A-LR,-2.5,-2.5669,9,DE,Spring barley,frost,-0.00288638975527759
IPSL-CM6A-LR,-1.5,-1.2909,6,DE,Spring barley,frost,-0.00296969903225738
IPSL-CM6A-LR,-0.5,-0.6347,8,DE,Spring barley,frost,0.000818860907213536
EC-Earth3,-9.5,-9.1554,4,DK,Spring barley,frost,-0.00243933815674867
EC-Earth3,-8.5,-8.4726,15,DK,Spring barley,frost,-0.00438525033516528
EC-Earth3,-7.5,-7.5562,20,DK,Spring barley,frost,-0.00407562282278727
EC-Earth3,-6.5,-6.4767,21,DK,Spring barley,frost,-0.00346246426873124
EC-Earth3,-5.5,-5.3342,8,DK,Spring barley,frost,-0.0035363321876037
EC-Earth3,-4.5,-4.5495,8,DK,Spring barley,frost,-0.00351585678659509
EC-Earth3,-3.5,-3.3459,9,DK,Spring barley,frost,-0.00471064295089113
EC-Earth3,-2.5,-2.4493,5,DK,Spring barley,frost,-0.00286578875654657
EC-Earth3,-1.5,-1.3807,6,DK,Spring barley,frost,-0.00284238957350583
EC-Earth3,-0.5,-0.6596,3,DK,Spring barley,frost,-0.000133468245905557
HadGEM3-GC3-1LL,-8.5,-8.3848,12,DK,Spring barley,frost,-0.00345693825095427
HadGEM3-GC3-1LL,-7.5,-7.5599,19,DK,Spring barley,frost,-0.00221914635660879
HadGEM3-GC3-1LL,-6.5,-6.5442,24,DK,Spring barley,frost,-0.00426678065222413
HadGEM3-GC3-1LL,-5.5,-5.5797,10,DK,Spring barley,frost,-0.00329012067795612
HadGEM3-GC3-1LL,-4.5,-4.5263,6,DK,Spring barley,frost,-0.00123393790144559
HadGEM3-GC3-1LL,-3.5,-3.7835,7,DK,Spring barley,frost,-0.00292736805971358
HadGEM3-GC3-1LL,-2.5,-2.4504,6,DK,Spring barley,frost,0.0027887163082562
HadGEM3-GC3-1LL,-1.5,-1.3098,8,DK,Spring barley,frost,0.00390825927752971
HadGEM3-GC3-1LL,-0.5,-0.331,6,DK,Spring barley,frost,-0.000964262793534985
HadGEM3-GC3-1MM,-14.5,-14.3032,4,DK,Spring barley,frost,0.0275278291850016
HadGEM3-GC3-1MM,-13.5,-13.3931,8,DK,Spring barley,frost,0.033783823777497
HadGEM3-GC3-1MM,-12.5,-12.588,13,DK,Spring barley,frost,0.0337119355897286
HadGEM3-GC3-1MM,-11.5,-11.5321,21,DK,Spring barley,frost,0.0277315620802922
HadGEM3-GC3-1MM,-10.5,-10.4803,10,DK,Spring barley,frost,0.0237099921295149
HadGEM3-GC3-1MM,-9.5,-9.6161,7,DK,Spring barley,frost,0.000394745930355224
HadGEM3-GC3-1MM,-8.5,-8.6582,7,DK,Spring barley,frost,-0.000319840647589213
HadGEM3-GC3-1MM,-7.5,-7.6345,8,DK,Spring barley,frost,-0.00176027455739602
HadGEM3-GC3-1MM,-6.5,-6.4299,4,DK,Spring barley,frost,-0.0026963065693769
HadGEM3-GC3-1MM,-5.5,-5.3528,4,DK,Spring barley,frost,-0.000915283431353791
HadGEM3-GC3-1MM,-4.5,-4.3969,4,DK,Spring barley,frost,-0.00370100440262772
IPSL-CM6A-LR,-9.5,-9.3401,5,DK,Spring barley,frost,0.00331043838531144
IPSL-CM6A-LR,-8.5,-8.4598,8,DK,Spring barley,frost,0.00900234009753888
IPSL-CM6A-LR,-7.5,-7.5255,19,DK,Spring barley,frost,-0.0013453378401947
IPSL-CM6A-LR,-6.5,-6.5577,11,DK,Spring barley,frost,0.00283087736947738
IPSL-CM6A-LR,-5.5,-5.5623,13,DK,Spring barley,frost,-0.0046957722139751
IPSL-CM6A-LR,-4.5,-4.3507,11,DK,Spring barley,frost,-0.00352627719835791
IPSL-CM6A-LR,-3.5,-3.4644,8,DK,Spring barley,frost,-0.00386237035407353
IPSL-CM6A-LR,-2.5,-2.5669,9,DK,Spring barley,frost,-0.00397952290686338
IPSL-CM6A-LR,-1.5,-1.2909,6,DK,Spring barley,frost,-0.00444034302181822
IPSL-CM6A-LR,-0.5,-0.6347,8,DK,Spring barley,frost,0.00157583850671283
EC-Earth3,-9.5,-9.1554,4,EE,Spring barley,frost,0.00136751499773422
EC-Earth3,-8.5,-8.4726,15,EE,Spring barley,frost,-0.00273821154523101
EC-Earth3,-7.5,-7.5562,20,EE,Spring barley,frost,0.00147674145952789
EC-Earth3,-6.5,-6.4767,21,EE,Spring barley,frost,-0.00215847426426399
EC-Earth3,-5.5,-5.3342,8,EE,Spring barley,frost,-0.000874166968971826
EC-Earth3,-4.5,-4.5495,8,EE,Spring barley,frost,-2.58608301925435e-05
EC-Earth3,-3.5,-3.3459,9,EE,Spring barley,frost,-0.00169520372216615
EC-Earth3,-2.5,-2.4493,5,EE,Spring barley,frost,-0.00291543481340562
EC-Earth3,-1.5,-1.3807,6,EE,Spring barley,frost,-0.00638214581468954
EC-Earth3,-0.5,-0.6596,3,EE,Spring barley,frost,7.10284294294636e-05
HadGEM3-GC3-1LL,-8.5,-8.3848,12,EE,Spring barley,frost,-0.00281730830041101
HadGEM3-GC3-1LL,-7.5,-7.5599,19,EE,Spring barley,frost,0.000820498950441569
HadGEM3-GC3-1LL,-6.5,-6.5442,24,EE,Spring barley,frost,-0.00311507922514403
HadGEM3-GC3-1LL,-5.5,-5.5797,10,EE,Spring barley,frost,-0.00349937496652349
HadGEM3-GC3-1LL,-4.5,-4.5263,6,EE,Spring barley,frost,-0.00210639769819433
HadGEM3-GC3-1LL,-3.5,-3.7835,7,EE,Spring barley,frost,0.00311832732082659
HadGEM3-GC3-1LL,-2.5,-2.4504,6,EE,Spring barley,frost,0.00468944776582679
HadGEM3-GC3-1LL,-1.5,-1.3098,8,EE,Spring barley,frost,0.0168470417569494
HadGEM3-GC3-1LL,-0.5,-0.331,6,EE,Spring barley,frost,0.000451416239240401
HadGEM3-GC3-1MM,-14.5,-14.3032,4,EE,Spring barley,frost,0.0313540911344601
HadGEM3-GC3-1MM,-13.5,-13.3931,8,EE,Spring barley,frost,0.0452838778684153
HadGEM3-GC3-1MM,-12.5,-12.588,13,EE,Spring barley,frost,0.0448211551673414
HadGEM3-GC3-1MM,-11.5,-11.5321,21,EE,Spring barley,frost,0.0337193810036178
HadGEM3-GC3-1MM,-10.5,-10.4803,10,EE,Spring barley,frost,0.0383313949511899
HadGEM3-GC3-1MM,-9.5,-9.6161,7,EE,Spring barley,frost,0.0117435384847863
HadGEM3-GC3-1MM,-8.5,-8.6582,7,EE,Spring barley,frost,0.00961420679533074
HadGEM3-GC3-1MM,-7.5,-7.6345,8,EE,Spring barley,frost,0.00538802465585963
HadGEM3-GC3-1MM,-6.5,-6.4299,4,EE,Spring barley,frost,-0.00176078311367833
HadGEM3-GC3-1MM,-5.5,-5.3528,4,EE,Spring barley,frost,-0.000446951426078082
HadGEM3-GC3-1MM,-4.5,-4.3969,4,EE,Spring barley,frost,-0.00241846961526486
IPSL-CM6A-LR,-9.5,-9.3401,5,EE,Spring barley,frost,0.00962513815356895
IPSL-CM6A-LR,-8.5,-8.4598,8,EE,Spring barley,frost,0.016685560803789
IPSL-CM6A-LR,-7.5,-7.5255,19,EE,Spring barley,frost,0.00605009410679704
IPSL-CM6A-LR,-6.5,-6.5577,11,EE,Spring barley,frost,0.00488167689138184
IPSL-CM6A-LR,-5.5,-5.5623,13,EE,Spring barley,frost,-0.00275595738007767
IPSL-CM6A-LR,-4.5,-4.3507,11,EE,Spring barley,frost,-0.00303040219857447
IPSL-CM6A-LR,-3.5,-3.4644,8,EE,Spring barley,frost,-0.00321418175422946
IPSL-CM6A-LR,-2.5,-2.5669,9,EE,Spring barley,frost,-0.00422706589921234
IPSL-CM6A-LR,-1.5,-1.2909,6,EE,Spring barley,frost,-0.00451829559173989
IPSL-CM6A-LR,-0.5,-0.6347,8,EE,Spring barley,frost,-0.00192776750817805
EC-Earth3,-9.5,-9.1554,4,ES,Spring barley,frost,-0.000980973346279315
EC-Earth3,-8.5,-8.4726,15,ES,Spring barley,frost,-0.00239681342810507
EC-Earth3,-7.5,-7.5562,20,ES,Spring barley,frost,0.000808249877020962
EC-Earth3,-6.5,-6.4767,21,ES,Spring barley,frost,-8.30386797925229e-05
EC-Earth3,-5.5,-5.3342,8,ES,Spring barley,frost,-0.000182758380809248
EC-Earth3,-4.5,-4.5495,8,ES,Spring barley,frost,-0.00177889486652331
EC-Earth3,-3.5,-3.3459,9,ES,Spring barley,frost,-0.00070180263848779
EC-Earth3,-2.5,-2.4493,5,ES,Spring barley,frost,0.000211853031108027
EC-Earth3,-1.5,-1.3807,6,ES,Spring barley,frost,-0.000293490636922563
EC-Earth3,-0.5,-0.6596,3,ES,Spring barley,frost,0.000616269328262574
HadGEM3-GC3-1LL,-8.5,-8.3848,12,ES,Spring barley,frost,-0.000198427497925224
HadGEM3-GC3-1LL,-7.5,-7.5599,19,ES,Spring barley,frost,0.00140367967544483
HadGEM3-GC3-1LL,-6.5,-6.5442,24,ES,Spring barley,frost,0.000570312564489637
HadGEM3-GC3-1LL,-5.5,-5.5797,10,ES,Spring barley,frost,0.00245685977429181
HadGEM3-GC3-1LL,-4.5,-4.5263,6,ES,Spring barley,frost,0.00184885511174602
HadGEM3-GC3-1LL,-3.5,-3.7835,7,ES,Spring barley,frost,-9.2423360254099e-05
HadGEM3-GC3-1LL,-2.5,-2.4504,6,ES,Spring barley,frost,0.00199048857547038
HadGEM3-GC3-1LL,-1.5,-1.3098,8,ES,Spring barley,frost,0.0017053725277833
HadGEM3-GC3-1LL,-0.5,-0.331,6,ES,Spring barley,frost,0.00127571720092608
HadGEM3-GC3-1MM,-14.5,-14.3032,4,ES,Spring barley,frost,0.00293310408460533
HadGEM3-GC3-1MM,-13.5,-13.3931,8,ES,Spring barley,frost,0.000911373972603852
HadGEM3-GC3-1MM,-12.5,-12.588,13,ES,Spring barley,frost,0.00287596891366421
HadGEM3-GC3-1MM,-11.5,-11.5321,21,ES,Spring barley,frost,0.00148282419350877
HadGEM3-GC3-1MM,-10.5,-10.4803,10,ES,Spring barley,frost,0.00156650283481135
HadGEM3-GC3-1MM,-9.5,-9.6161,7,ES,Spring barley,frost,0.000747989866248215
HadGEM3-GC3-1MM,-8.5,-8.6582,7,ES,Spring barley,frost,0.00184617890586973
HadGEM3-GC3-1MM,-7.5,-7.6345,8,ES,Spring barley,frost,0.00139419036723878
HadGEM3-GC3-1MM,-6.5,-6.4299,4,ES,Spring barley,frost,0.00387867211161592
HadGEM3-GC3-1MM,-5.5,-5.3528,4,ES,Spring barley,frost,0.00157024533217018
HadGEM3-GC3-1MM,-4.5,-4.3969,4,ES,Spring barley,frost,-0.00110736871359076
IPSL-CM6A-LR,-9.5,-9.3401,5,ES,Spring barley,frost,-0.000811060161335274
IPSL-CM6A-LR,-8.5,-8.4598,8,ES,Spring barley,frost,-0.000744838890981988
IPSL-CM6A-LR,-7.5,-7.5255,19,ES,Spring barley,frost,-1.78270636607763e-05
IPSL-CM6A-LR,-6.5,-6.5577,11,ES,Spring barley,frost,-0.000750047567372143
IPSL-CM6A-LR,-5.5,-5.5623,13,ES,Spring barley,frost,-0.000586454172513507
IPSL-CM6A-LR,-4.5,-4.3507,11,ES,Spring barley,frost,-0.000104554251005812
IPSL-CM6A-LR,-3.5,-3.4644,8,ES,Spring barley,frost,-0.000570801468933376
IPSL-CM6A-LR,-2.5,-2.5669,9,ES,Spring barley,frost,-0.00023529235876251
IPSL-CM6A-LR,-1.5,-1.2909,6,ES,Spring barley,frost,0.00045466454421308
IPSL-CM6A-LR,-0.5,-0.6347,8,ES,Spring barley,frost,-0.000864758664842851
EC-Earth3,-9.5,-9.1554,4,FI,Spring barley,frost,0.00347372727861669
EC-Earth3,-8.5,-8.4726,15,FI,Spring barley,frost,4.79034416074167e-05
EC-Earth3,-7.5,-7.5562,20,FI,Spring barley,frost,-0.000437877066694848
EC-Earth3,-6.5,-6.4767,21,FI,Spring barley,frost,-0.00317346249219937
EC-Earth3,-5.5,-5.3342,8,FI,Spring barley,frost,-0.0025280440269624
EC-Earth3,-4.5,-4.5495,8,FI,Spring barley,frost,0.00238393384231276
EC-Earth3,-3.5,-3.3459,9,FI,Spring barley,frost,0.0013579489122421
EC-Earth3,-2.5,-2.4493,5,FI,Spring barley,frost,0.00357163043192909
EC-Earth3,-1.5,-1.3807,6,FI,Spring barley,frost,-0.0052615225133291
EC-Earth3,-0.5,-0.6596,3,FI,Spring barley,frost,-0.000917875475628231
HadGEM3-GC3-1LL,-8.5,-8.3848,12,FI,Spring barley,frost,-0.00129257993473092
HadGEM3-GC3-1LL,-7.5,-7.5599,19,FI,Spring barley,frost,0.00018691269990728
HadGEM3-GC3-1LL,-6.5,-6.5442,24,FI,Spring barley,frost,-0.00189058610934654
HadGEM3-GC3-1LL,-5.5,-5.5797,10,FI,Spring barley,frost,-0.00221820306242341
HadGEM3-GC3-1LL,-4.5,-4.5263,6,FI,Spring barley,frost,-0.001832615742138
HadGEM3-GC3-1LL,-3.5,-3.7835,7,FI,Spring barley,frost,0.00555051425955911
HadGEM3-GC3-1LL,-2.5,-2.4504,6,FI,Spring barley,frost,0.00685250890514808
HadGEM3-GC3-1LL,-1.5,-1.3098,8,FI,Spring barley,frost,0.0193754683694333
HadGEM3-GC3-1LL,-0.5,-0.331,6,FI,Spring barley,frost,0.000904454360383923
HadGEM3-GC3-1MM,-14.5,-14.3032,4,FI,Spring barley,frost,0.0539483363371758
HadGEM3-GC3-1MM,-13.5,-13.3931,8,FI,Spring barley,frost,0.0610197210539501
HadGEM3-GC3-1MM,-12.5,-12.588,13,FI,Spring barley,frost,0.0584595549732254
HadGEM3-GC3-1MM,-11.5,-11.5321,21,FI,Spring barley,frost,0.0536216631572098
HadGEM3-GC3-1MM,-10.5,-10.4803,10,FI,Spring barley,frost,0.0522717197088922
HadGEM3-GC3-1MM,-9.5,-9.6161,7,FI,Spring barley,frost,0.0300728056447335
HadGEM3-GC3-1MM,-8.5,-8.6582,7,FI,Spring barley,frost,0.0290943168287572
HadGEM3-GC3-1MM,-7.5,-7.6345,8,FI,Spring barley,frost,0.0143668875098326
HadGEM3-GC3-1MM,-6.5,-6.4299,4,FI,Spring barley,frost,0.00122436553315661
HadGEM3-GC3-1MM,-5.5,-5.3528,4,FI,Spring barley,frost,-0.000233100255563379
HadGEM3-GC3-1MM,-4.5,-4.3969,4,FI,Spring barley,frost,-0.000496774754533928
IPSL-CM6A-LR,-9.5,-9.3401,5,FI,Spring barley,frost,0.0172321317473373
IPSL-CM6A-LR,-8.5,-8.4598,8,FI,Spring barley,frost,0.0276708992417608
IPSL-CM6A-LR,-7.5,-7.5255,19,FI,Spring barley,frost,0.0184312041559884
IPSL-CM6A-LR,-6.5,-6.5577,11,FI,Spring barley,frost,0.0137029882328463
IPSL-CM6A-LR,-5.5,-5.5623,13,FI,Spring barley,frost,-0.000733494035466078
IPSL-CM6A-LR,-4.5,-4.3507,11,FI,Spring barley,frost,-0.0017396885342618
IPSL-CM6A-LR,-3.5,-3.4644,8,FI,Spring barley,frost,-0.00405941250735505
IPSL-CM6A-LR,-2.5,-2.5669,9,FI,Spring barley,frost,-0.00383106918778651
IPSL-CM6A-LR,-1.5,-1.2909,6,FI,Spring barley,frost,-0.00433719938557145
IPSL-CM6A-LR,-0.5,-0.6347,8,FI,Spring barley,frost,0.000616095057655891
EC-Earth3,-9.5,-9.1554,4,FR,Spring barley,frost,0.000326898225334621
EC-Earth3,-8.5,-8.4726,15,FR,Spring barley,frost,-0.00457390202993111
EC-Earth3,-7.5,-7.5562,20,FR,Spring barley,frost,-0.000792896392599272
EC-Earth3,-6.5,-6.4767,21,FR,Spring barley,frost,-0.00063781572655107
EC-Earth3,-5.5,-5.3342,8,FR,Spring barley,frost,-0.00111467983633183
EC-Earth3,-4.5,-4.5495,8,FR,Spring barley,frost,-0.00153154414251165
EC-Earth3,-3.5,-3.3459,9,FR,Spring barley,frost,-0.00149008127293845
EC-Earth3,-2.5,-2.4493,5,FR,Spring barley,frost,-0.00100150600182483
EC-Earth3,-1.5,-1.3807,6,FR,Spring barley,frost,-0.00224941433571832
EC-Earth3,-0.5,-0.6596,3,FR,Spring barley,frost,5.89392870676759e-05
HadGEM3-GC3-1LL,-8.5,-8.3848,12,FR,Spring barley,frost,-0.00107576440374029
HadGEM3-GC3-1LL,-7.5,-7.5599,19,FR,Spring barley,frost,0.000416213891555547
HadGEM3-GC3-1LL,-6.5,-6.5442,24,FR,Spring barley,frost,-0.00106260592734263
HadGEM3-GC3-1LL,-5.5,-5.5797,10,FR,Spring barley,frost,-3.89569629656944e-05
HadGEM3-GC3-1LL,-4.5,-4.5263,6,FR,Spring barley,frost,-0.0011430239578661
HadGEM3-GC3-1LL,-3.5,-3.7835,7,FR,Spring barley,frost,-0.00121994993048852
HadGEM3-GC3-1LL,-2.5,-2.4504,6,FR,Spring barley,frost,0.00452425829028757
HadGEM3-GC3-1LL,-1.5,-1.3098,8,FR,Spring barley,frost,0.00179257052808776
HadGEM3-GC3-1LL,-0.5,-0.331,6,FR,Spring barley,frost,0.00113113249131344
HadGEM3-GC3-1MM,-14.5,-14.3032,4,FR,Spring barley,frost,0.0156349264912511
HadGEM3-GC3-1MM,-13.5,-13.3931,8,FR,Spring barley,frost,0.0139630717462584
HadGEM3-GC3-1MM,-12.5,-12.588,13,FR,Spring barley,frost,0.00598562432391512
HadGEM3-GC3-1MM,-11.5,-11.5321,21,FR,Spring barley,frost,0.00313803717873877
HadGEM3-GC3-1MM,-10.5,-10.4803,10,FR,Spring barley,frost,0.000234472950535449
HadGEM3-GC3-1MM,-9.5,-9.6161,7,FR,Spring barley,frost,-0.00133243526932299
HadGEM3-GC3-1MM,-8.5,-8.6582,7,FR,Spring barley,frost,0.00182369072131159
HadGEM3-GC3-1MM,-7.5,-7.6345,8,FR,Spring barley,frost,0.000219090491238189
HadGEM3-GC3-1MM,-6.5,-6.4299,4,FR,Spring barley,frost,0.000398758324887566
HadGEM3-GC3-1MM,-5.5,-5.3528,4,FR,Spring barley,frost,0.00327219672872299
HadGEM3-GC3-1MM,-4.5,-4.3969,4,FR,Spring barley,frost,-0.000663125182831951
IPSL-CM6A-LR,-9.5,-9.3401,5,FR,Spring barley,frost,-0.003976154431812
IPSL-CM6A-LR,-8.5,-8.4598,8,FR,Spring barley,frost,-0.00276145284976202
IPSL-CM6A-LR,-7.5,-7.5255,19,FR,Spring barley,frost,-0.00194630216358762
IPSL-CM6A-LR,-6.5,-6.5577,11,FR,Spring barley,frost,-0.00429700657043142
IPSL-CM6A-LR,-5.5,-5.5623,13,FR,Spring barley,frost,-0.00163619785253221
IPSL-CM6A-LR,-4.5,-4.3507,11,FR,Spring barley,frost,-6.85337712218218e-05
IPSL-CM6A-LR,-3.5,-3.4644,8,FR,Spring barley,frost,-0.000141773814216178
IPSL-CM6A-LR,-2.5,-2.5669,9,FR,Spring barley,frost,-0.00206274887789218
IPSL-CM6A-LR,-1.5,-1.2909,6,FR,Spring barley,frost,0.000567884261316733
IPSL-CM6A-LR,-0.5,-0.6347,8,FR,Spring barley,frost,0.000935105212193724
EC-Earth3,-9.5,-9.1554,4,HU,Spring barley,frost,0.00121918129188957
EC-Earth3,-8.5,-8.4726,15,HU,Spring barley,frost,-0.00344745315563055
EC-Earth3,-7.5,-7.5562,20,HU,Spring barley,frost,-0.000219195998707738
EC-Earth3,-6.5,-6.4767,21,HU,Spring barley,frost,-0.000938473313382116
EC-Earth3,-5.5,-5.3342,8,HU,Spring barley,frost,0.000133043405574896
EC-Earth3,-4.5,-4.5495,8,HU,Spring barley,frost,-0.000736828573060398
EC-Earth3,-3.5,-3.3459,9,HU,Spring barley,frost,-0.000798281499233727
EC-Earth3,-2.5,-2.4493,5,HU,Spring barley,frost,-0.0019373219452629
EC-Earth3,-1.5,-1.3807,6,HU,Spring barley,frost,-0.00195737550611507
EC-Earth3,-0.5,-0.6596,3,HU,Spring barley,frost,0.00401318670092387
HadGEM3-GC3-1LL,-8.5,-8.3848,12,HU,Spring barley,frost,-0.0020236774192141
HadGEM3-GC3-1LL,-7.5,-7.5599,19,HU,Spring barley,frost,-0.000800709730154879
HadGEM3-GC3-1LL,-6.5,-6.5442,24,HU,Spring barley,frost,-0.00162305778637307
HadGEM3-GC3-1LL,-5.5,-5.5797,10,HU,Spring barley,frost,-0.00110013484042495
HadGEM3-GC3-1LL,-4.5,-4.5263,6,HU,Spring barley,frost,-0.00121769040202083
HadGEM3-GC3-1LL,-3.5,-3.7835,7,HU,Spring barley,frost,-0.00174035673941823
HadGEM3-GC3-1LL,-2.5,-2.4504,6,HU,Spring barley,frost,0.00194374666221644
HadGEM3-GC3-1LL,-1.5,-1.3098,8,HU,Spring barley,frost,-0.000850458688558235
HadGEM3-GC3-1LL,-0.5,-0.331,6,HU,Spring barley,frost,-0.000516726341384638
HadGEM3-GC3-1MM,-14.5,-14.3032,4,HU,Spring barley,frost,-0.00256234214308172
HadGEM3-GC3-1MM,-13.5,-13.3931,8,HU,Spring barley,frost,-0.00162047892425407
HadGEM3-GC3-1MM,-12.5,-12.588,13,HU,Spring barley,frost,-0.000702215566979216
HadGEM3-GC3-1MM,-11.5,-11.5321,21,HU,Spring barley,frost,-0.00253539873948645
HadGEM3-GC3-1MM,-10.5,-10.4803,10,HU,Spring barley,frost,-0.000596499808531665
HadGEM3-GC3-1MM,-9.5,-9.6161,7,HU,Spring barley,frost,-0.00123804386087133
HadGEM3-GC3-1MM,-8.5,-8.6582,7,HU,Spring barley,frost,-0.00172716927904893
HadGEM3-GC3-1MM,-7.5,-7.6345,8,HU,Spring barley,frost,0.00198167951153655
HadGEM3-GC3-1MM,-6.5,-6.4299,4,HU,Spring barley,frost,-0.000271719853719106
HadGEM3-GC3-1MM,-5.5,-5.3528,4,HU,Spring barley,frost,0.00413435234330203
HadGEM3-GC3-1MM,-4.5,-4.3969,4,HU,Spring barley,frost,-0.000418853609033601
IPSL-CM6A-LR,-9.5,-9.3401,5,HU,Spring barley,frost,-0.00139976094042292
IPSL-CM6A-LR,-8.5,-8.4598,8,HU,Spring barley,frost,-0.00299720314916372
IPSL-CM6A-LR,-7.5,-7.5255,19,HU,Spring barley,frost,-0.00253355555763728
IPSL-CM6A-LR,-6.5,-6.5577,11,HU,Spring barley,frost,-0.00477061117581565
IPSL-CM6A-LR,-5.5,-5.5623,13,HU,Spring barley,frost,-0.00202979712005454
IPSL-CM6A-LR,-4.5,-4.3507,11,HU,Spring barley,frost,0.000560102739946108
IPSL-CM6A-LR,-3.5,-3.4644,8,HU,Spring barley,frost,0.000863313082341156
IPSL-CM6A-LR,-2.5,-2.5669,9,HU,Spring barley,frost,-0.0018492670243395
IPSL-CM6A-LR,-1.5,-1.2909,6,HU,Spring barley,frost,-0.00163854491066172
IPSL-CM6A-LR,-0.5,-0.6347,8,HU,Spring barley,frost,-0.000422936649332271
EC-Earth3,-9.5,-9.1554,4,LT,Spring barley,frost,0.00235496430406947
EC-Earth3,-8.5,-8.4726,15,LT,Spring barley,frost,-0.00434074716335016
EC-Earth3,-7.5,-7.5562,20,LT,Spring barley,frost,0.00103070279383313
EC-Earth3,-6.5,-6.4767,21,LT,Spring barley,frost,-0.00135675681863888
EC-Earth3,-5.5,-5.3342,8,LT,Spring barley,frost,-0.000631344112287124
EC-Earth3,-4.5,-4.5495,8,LT,Spring barley,frost,0.00147964929431561
EC-Earth3,-3.5,-3.3459,9,LT,Spring barley,frost,-0.00370190783639705
EC-Earth3,-2.5,-2.4493,5,LT,Spring barley,frost,-0.00520879315109108
EC-Earth3,-1.5,-1.3807,6,LT,Spring barley,frost,-0.0063034677288513
EC-Earth3,-0.5,-0.6596,3,LT,Spring barley,frost,-0.0003853070401305
HadGEM3-GC3-1LL,-8.5,-8.3848,12,LT,Spring barley,frost,-0.0042334948688706
HadGEM3-GC3-1LL,-7.5,-7.5599,19,LT,Spring barley,frost,-0.000235453700976102
HadGEM3-GC3-1LL,-6.5,-6.5442,24,LT,Spring barley,frost,-0.00511324593176793
HadGEM3-GC3-1LL,-5.5,-5.5797,10,LT,Spring barley,frost,-0.00366615293643991
HadGEM3-GC3-1LL,-4.5,-4.5263,6,LT,Spring barley,frost,-0.000925900041233132
HadGEM3-GC3-1LL,-3.5,-3.7835,7,LT,Spring barley,frost,-0.0012210032236322
HadGEM3-GC3-1LL,-2.5,-2.4504,6,LT,Spring barley,frost,0.00769040339384427
HadGEM3-GC3-1LL,-1.5,-1.3098,8,LT,Spring barley,frost,0.00855763772847034
HadGEM3-GC3-1LL,-0.5,-0.331,6,LT,Spring barley,frost,-0.00233211010027993
HadGEM3-GC3-1MM,-14.5,-14.3032,4,LT,Spring barley,frost,0.0087966522857971
HadGEM3-GC3-1MM,-13.5,-13.3931,8,LT,Spring barley,frost,0.0283059295764586
HadGEM3-GC3-1MM,-12.5,-12.588,13,LT,Spring barley,frost,0.031944665359252
HadGEM3-GC3-1MM,-11.5,-11.5321,21,LT,Spring barley,frost,0.0156725496570334
HadGEM3-GC3-1MM,-10.5,-10.4803,10,LT,Spring barley,frost,0.0259812391106644
HadGEM3-GC3-1MM,-9.5,-9.6161,7,LT,Spring barley,frost,-0.00213260840483971
HadGEM3-GC3-1MM,-8.5,-8.6582,7,LT,Spring barley,frost,-0.00102898708170464
HadGEM3-GC3-1MM,-7.5,-7.6345,8,LT,Spring barley,frost,-0.00215361918599152
HadGEM3-GC3-1MM,-6.5,-6.4299,4,LT,Spring barley,frost,-0.00200682244330889
HadGEM3-GC3-1MM,-5.5,-5.3528,4,LT,Spring barley,frost,0.00147455236275173
HadGEM3-GC3-1MM,-4.5,-4.3969,4,LT,Spring barley,frost,-0.00355808043810423
IPSL-CM6A-LR,-9.5,-9.3401,5,LT,Spring barley,frost,-0.0035224444622936
IPSL-CM6A-LR,-8.5,-8.4598,8,LT,Spring barley,frost,-0.000475729568379998
IPSL-CM6A-LR,-7.5,-7.5255,19,LT,Spring barley,frost,-0.00497707385740332
IPSL-CM6A-LR,-6.5,-6.5577,11,LT,Spring barley,frost,-0.00737824147734261
IPSL-CM6A-LR,-5.5,-5.5623,13,LT,Spring barley,frost,-0.00465429126810374
IPSL-CM6A-LR,-4.5,-4.3507,11,LT,Spring barley,frost,-0.0044929770779189
IPSL-CM6A-LR,-3.5,-3.4644,8,LT,Spring barley,frost,-0.00190589375813359
IPSL-CM6A-LR,-2.5,-2.5669,9,LT,Spring barley,frost,-0.0051684480883002
IPSL-CM6A-LR,-1.5,-1.2909,6,LT,Spring barley,frost,-0.00633055210032341
IPSL-CM6A-LR,-0.5,-0.6347,8,LT,Spring barley,frost,-0.00102648411385951
EC-Earth3,-9.5,-9.1554,4,LV,Spring barley,frost,0.00199707998120768
EC-Earth3,-8.5,-8.4726,15,LV,Spring barley,frost,-0.00323728644970725
EC-Earth3,-7.5,-7.5562,20,LV,Spring barley,frost,0.00210825770547372
EC-Earth3,-6.5,-6.4767,21,LV,Spring barley,frost,-0.000891971989940284
EC-Earth3,-5.5,-5.3342,8,LV,Spring barley,frost,-0.000708489999398301
EC-Earth3,-4.5,-4.5495,8,LV,Spring barley,frost,0.00163013169211214
EC-Earth3,-3.5,-3.3459,9,LV,Spring barley,frost,-0.00217053429695091
EC-Earth3,-2.5,-2.4493,5,LV,Spring barley,frost,-0.00376298355168865
EC-Earth3,-1.5,-1.3807,6,LV,Spring barley,frost,-0.00617689580510736
EC-Earth3,-0.5,-0.6596,3,LV,Spring barley,frost,0.000611539141719952
HadGEM3-GC3-1LL,-8.5,-8.3848,12,LV,Spring barley,frost,-0.00273179090709498
HadGEM3-GC3-1LL,-7.5,-7.5599,19,LV,Spring barley,frost,0.000255013352194354
HadGEM3-GC3-1LL,-6.5,-6.5442,24,LV,Spring barley,frost,-0.00426447067984309
HadGEM3-GC3-1LL,-5.5,-5.5797,10,LV,Spring barley,frost,-0.00320299485729708
HadGEM3-GC3-1LL,-4.5,-4.5263,6,LV,Spring barley,frost,-0.000592186556104604
HadGEM3-GC3-1LL,-3.5,-3.7835,7,LV,Spring barley,frost,0.00016248657027883
HadGEM3-GC3-1LL,-2.5,-2.4504,6,LV,Spring barley,frost,0.00651694423658776
HadGEM3-GC3-1LL,-1.5,-1.3098,8,LV,Spring barley,frost,0.0116243429123378
HadGEM3-GC3-1LL,-0.5,-0.331,6,LV,Spring barley,frost,-0.00115547559613205
HadGEM3-GC3-1MM,-14.5,-14.3032,4,LV,Spring barley,frost,0.0197272840871232
HadGEM3-GC3-1MM,-13.5,-13.3931,8,LV,Spring barley,frost,0.0389230710064187
HadGEM3-GC3-1MM,-12.5,-12.588,13,LV,Spring barley,frost,0.0403043031525813
HadGEM3-GC3-1MM,-11.5,-11.5321,21,LV,Spring barley,frost,0.0247824531496632
HadGEM3-GC3-1MM,-10.5,-10.4803,10,LV,Spring barley,frost,0.0321628735990081
HadGEM3-GC3-1MM,-9.5,-9.6161,7,LV,Spring barley,frost,0.00358376277876536
HadGEM3-GC3-1MM,-8.5,-8.6582,7,LV,Spring barley,frost,0.00233237842318378
HadGEM3-GC3-1MM,-7.5,-7.6345,8,LV,Spring barley,frost,0.000581907849393633
HadGEM3-GC3-1MM,-6.5,-6.4299,4,LV,Spring barley,frost,-0.0014990653135772
HadGEM3-GC3-1MM,-5.5,-5.3528,4,LV,Spring barley,frost,0.00102319517608159
HadGEM3-GC3-1MM,-4.5,-4.3969,4,LV,Spring barley,frost,-0.00217043084406315
IPSL-CM6A-LR,-9.5,-9.3401,5,LV,Spring barley,frost,0.000230400980156875
IPSL-CM6A-LR,-8.5,-8.4598,8,LV,Spring barley,frost,0.00521181290487751
IPSL-CM6A-LR,-7.5,-7.5255,19,LV,Spring barley,frost,-0.00137068411881695
IPSL-CM6A-LR,-6.5,-6.5577,11,LV,Spring barley,frost,-0.00327453850591587
IPSL-CM6A-LR,-5.5,-5.5623,13,LV,Spring barley,frost,-0.0034736201887764
IPSL-CM6A-LR,-4.5,-4.3507,11,LV,Spring barley,frost,-0.00360655881397568
IPSL-CM6A-LR,-3.5,-3.4644,8,LV,Spring barley,frost,-0.00232149393167779
IPSL-CM6A-LR,-2.5,-2.5669,9,LV,Spring barley,frost,-0.00411562765830315
IPSL-CM6A-LR,-1.5,-1.2909,6,LV,Spring barley,frost,-0.00524867084186514
IPSL-CM6A-LR,-0.5,-0.6347,8,LV,Spring barley,frost,-0.000816030642812377
EC-Earth3,-9.5,-9.1554,4,SE,Spring barley,frost,0.0020820956569145
EC-Earth3,-8.5,-8.4726,15,SE,Spring barley,frost,-0.00260869974783872
EC-Earth3,-7.5,-7.5562,20,SE,Spring barley,frost,-0.00504812205701529
EC-Earth3,-6.5,-6.4767,21,SE,Spring barley,frost,-0.00567852453728182
EC-Earth3,-5.5,-5.3342,8,SE,Spring barley,frost,-0.0055088387939894
EC-Earth3,-4.5,-4.5495,8,SE,Spring barley,frost,-0.00148762572561903
EC-Earth3,-3.5,-3.3459,9,SE,Spring barley,frost,-0.00667365692619397
EC-Earth3,-2.5,-2.4493,5,SE,Spring barley,frost,-0.00125713466856111
EC-Earth3,-1.5,-1.3807,6,SE,Spring barley,frost,-0.00657603847947549
EC-Earth3,-0.5,-0.6596,3,SE,Spring barley,frost,-0.000793259201778906
HadGEM3-GC3-1LL,-8.5,-8.3848,12,SE,Spring barley,frost,-0.00463069877235463
HadGEM3-GC3-1LL,-7.5,-7.5599,19,SE,Spring barley,frost,-0.000815141851488362
HadGEM3-GC3-1LL,-6.5,-6.5442,24,SE,Spring barley,frost,-0.006759828930038
HadGEM3-GC3-1LL,-5.5,-5.5797,10,SE,Spring barley,frost,-0.00609120847407431
HadGEM3-GC3-1LL,-4.5,-4.5263,6,SE,Spring barley,frost,-0.00286235008505756
HadGEM3-GC3-1LL,-3.5,-3.7835,7,SE,Spring barley,frost,-0.00196187028963958
HadGEM3-GC3-1LL,-2.5,-2.4504,6,SE,Spring barley,frost,0.00613663585325733
HadGEM3-GC3-1LL,-1.5,-1.3098,8,SE,Spring barley,frost,0.00892047319936649
HadGEM3-GC3-1LL,-0.5,-0.331,6,SE,Spring barley,frost,0.00208709141885415
HadGEM3-GC3-1MM,-14.5,-14.3032,4,SE,Spring barley,frost,0.0428962976802643
HadGEM3-GC3-1MM,-13.5,-13.3931,8,SE,Spring barley,frost,0.0466650969145354
HadGEM3-GC3-1MM,-12.5,-12.588,13,SE,Spring barley,frost,0.0453291215628509
HadGEM3-GC3-1MM,-11.5,-11.5321,21,SE,Spring barley,frost,0.0381816036683355
HadGEM3-GC3-1MM,-10.5,-10.4803,10,SE,Spring barley,frost,0.0363728557273779
HadGEM3-GC3-1MM,-9.5,-9.6161,7,SE,Spring barley,frost,0.00738395873850999
HadGEM3-GC3-1MM,-8.5,-8.6582,7,SE,Spring barley,frost,0.00825330646431652
HadGEM3-GC3-1MM,-7.5,-7.6345,8,SE,Spring barley,frost,0.00283713459585589
HadGEM3-GC3-1MM,-6.5,-6.4299,4,SE,Spring barley,frost,-0.00250350849609245
HadGEM3-GC3-1MM,-5.5,-5.3528,4,SE,Spring barley,frost,-0.00264104925379935
HadGEM3-GC3-1MM,-4.5,-4.3969,4,SE,Spring barley,frost,-0.00476556817498447
IPSL-CM6A-LR,-9.5,-9.3401,5,SE,Spring barley,frost,0.00534739307271454
IPSL-CM6A-LR,-8.5,-8.4598,8,SE,Spring barley,frost,0.0142461917573924
IPSL-CM6A-LR,-7.5,-7.5255,19,SE,Spring barley,frost,0.00399508643799218
IPSL-CM6A-LR,-6.5,-6.5577,11,SE,Spring barley,frost,0.00409810476688985
IPSL-CM6A-LR,-5.5,-5.5623,13,SE,Spring barley,frost,-0.00568425674024423
IPSL-CM6A-LR,-4.5,-4.3507,11,SE,Spring barley,frost,-0.006139648843727
IPSL-CM6A-LR,-3.5,-3.4644,8,SE,Spring barley,frost,-0.00602773580357339
IPSL-CM6A-LR,-2.5,-2.5669,9,SE,Spring barley,frost,-0.00710031076702541
IPSL-CM6A-LR,-1.5,-1.2909,6,SE,Spring barley,frost,-0.00782632605103617
IPSL-CM6A-LR,-0.5,-0.6347,8,SE,Spring barley,frost,0.00113185557859571
EC-Earth3,-9.5,-9.1554,4,SK,Spring barley,frost,0.0013710458236937
EC-Earth3,-8.5,-8.4726,15,SK,Spring barley,frost,-0.00527357609327622
EC-Earth3,-7.5,-7.5562,20,SK,Spring barley,frost,-0.000962965504481651
EC-Earth3,-6.5,-6.4767,21,SK,Spring barley,frost,-0.00221515806546516
EC-Earth3,-5.5,-5.3342,8,SK,Spring barley,frost,-0.00132101095098095
EC-Earth3,-4.5,-4.5495,8,SK,Spring barley,frost,-0.00121342534915935
EC-Earth3,-3.5,-3.3459,9,SK,Spring barley,frost,-0.0016425726831826
EC-Earth3,-2.5,-2.4493,5,SK,Spring barley,frost,-0.00268995116744982
EC-Earth3,-1.5,-1.3807,6,SK,Spring barley,frost,-0.0036633142526607
EC-Earth3,-0.5,-0.6596,3,SK,Spring barley,frost,0.00631959049421656
HadGEM3-GC3-1LL,-8.5,-8.3848,12,SK,Spring barley,frost,-0.00333274459439356
HadGEM3-GC3-1LL,-7.5,-7.5599,19,SK,Spring barley,frost,-0.00225807674252108
HadGEM3-GC3-1LL,-6.5,-6.5442,24,SK,Spring barley,frost,-0.00373898182307894
HadGEM3-GC3-1LL,-5.5,-5.5797,10,SK,Spring barley,frost,-0.00194029670263476
HadGEM3-GC3-1LL,-4.5,-4.5263,6,SK,Spring barley,frost,-0.00190307360873874
HadGEM3-GC3-1LL,-3.5,-3.7835,7,SK,Spring barley,frost,-0.00317417392655108
HadGEM3-GC3-1LL,-2.5,-2.4504,6,SK,Spring barley,frost,0.00204374495465272
HadGEM3-GC3-1LL,-1.5,-1.3098,8,SK,Spring barley,frost,-0.000311100522917253
HadGEM3-GC3-1LL,-0.5,-0.331,6,SK,Spring barley,frost,-0.00149674600388766
HadGEM3-GC3-1MM,-14.5,-14.3032,4,SK,Spring barley,frost,-0.00403920934340995
HadGEM3-GC3-1MM,-13.5,-13.3931,8,SK,Spring barley,frost,-0.0028513556360923
HadGEM3-GC3-1MM,-12.5,-12.588,13,SK,Spring barley,frost,-0.000346362936513433
HadGEM3-GC3-1MM,-11.5,-11.5321,21,SK,Spring barley,frost,-0.0037358215557128
HadGEM3-GC3-1MM,-10.5,-10.4803,10,SK,Spring barley,frost,-0.000968693484729585
HadGEM3-GC3-1MM,-9.5,-9.6161,7,SK,Spring barley,frost,-0.00307325499304233
HadGEM3-GC3-1MM,-8.5,-8.6582,7,SK,Spring barley,frost,-0.00299139335450034
HadGEM3-GC3-1MM,-7.5,-7.6345,8,SK,Spring barley,frost,0.00085378925441594
HadGEM3-GC3-1MM,-6.5,-6.4299,4,SK,Spring barley,frost,0.000304847559981805
HadGEM3-GC3-1MM,-5.5,-5.3528,4,SK,Spring barley,frost,0.00433175416390113
HadGEM3-GC3-1MM,-4.5,-4.3969,4,SK,Spring barley,frost,-0.00162437373986945
IPSL-CM6A-LR,-9.5,-9.3401,5,SK,Spring barley,frost,-0.0045601562484987
IPSL-CM6A-LR,-8.5,-8.4598,8,SK,Spring barley,frost,-0.00493276795674365
IPSL-CM6A-LR,-7.5,-7.5255,19,SK,Spring barley,frost,-0.00421401300665731
IPSL-CM6A-LR,-6.5,-6.5577,11,SK,Spring barley,frost,-0.00708203719614699
IPSL-CM6A-LR,-5.5,-5.5623,13,SK,Spring barley,frost,-0.00356993938649302
IPSL-CM6A-LR,-4.5,-4.3507,11,SK,Spring barley,frost,-0.000236415064578036
IPSL-CM6A-LR,-3.5,-3.4644,8,SK,Spring barley,frost,0.000952315823079131
IPSL-CM6A-LR,-2.5,-2.5669,9,SK,Spring barley,frost,-0.00307184663567294
IPSL-CM6A-LR,-1.5,-1.2909,6,SK,Spring barley,frost,-0.00359785683953858
IPSL-CM6A-LR,-0.5,-0.6347,8,SK,Spring barley,frost,0.00068490520046897
EC-Earth3,-9.5,-9.1554,4,CZ,Winter barley,frost,-0.0010247040878372
EC-Earth3,-8.5,-8.4726,15,CZ,Winter barley,frost,0.0120959600676411
EC-Earth3,-7.5,-7.5562,20,CZ,Winter barley,frost,0.0025799310928396
EC-Earth3,-6.5,-6.4767,21,CZ,Winter barley,frost,0.00423403255401409
EC-Earth3,-5.5,-5.3342,8,CZ,Winter barley,frost,0.00492924489185777
EC-Earth3,-4.5,-4.5495,8,CZ,Winter barley,frost,0.00269101703991042
EC-Earth3,-3.5,-3.3459,9,CZ,Winter barley,frost,0.00438593449549743
EC-Earth3,-2.5,-2.4493,5,CZ,Winter barley,frost,0.00261781136812329
EC-Earth3,-1.5,-1.3807,6,CZ,Winter barley,frost,0.00679938340065281
EC-Earth3,-0.5,-0.6596,3,CZ,Winter barley,frost,-0.00314421719794544
HadGEM3-GC3-1LL,-8.5,-8.3848,12,CZ,Winter barley,frost,0.0063684064382807
HadGEM3-GC3-1LL,-7.5,-7.5599,19,CZ,Winter barley,frost,0.000679261940895613
HadGEM3-GC3-1LL,-6.5,-6.5442,24,CZ,Winter barley,frost,0.00704396594906909
HadGEM3-GC3-1LL,-5.5,-5.5797,10,CZ,Winter barley,frost,0.00475919418589645
HadGEM3-GC3-1LL,-4.5,-4.5263,6,CZ,Winter barley,frost,0.00294495564130961
HadGEM3-GC3-1LL,-3.5,-3.7835,7,CZ,Winter barley,frost,0.00610463420807045
HadGEM3-GC3-1LL,-2.5,-2.4504,6,CZ,Winter barley,frost,-0.00817090721399237
HadGEM3-GC3-1LL,-1.5,-1.3098,8,CZ,Winter barley,frost,-0.00254692500902174
HadGEM3-GC3-1LL,-0.5,-0.331,6,CZ,Winter barley,frost,0.00242586029676728
HadGEM3-GC3-1MM,-14.5,-14.3032,4,CZ,Winter barley,frost,-0.000735073539189211
HadGEM3-GC3-1MM,-13.5,-13.3931,8,CZ,Winter barley,frost,-0.00590657303180716
HadGEM3-GC3-1MM,-12.5,-12.588,13,CZ,Winter barley,frost,-0.00324753834658624
HadGEM3-GC3-1MM,-11.5,-11.5321,21,CZ,Winter barley,frost,0.00131358475343139
HadGEM3-GC3-1MM,-10.5,-10.4803,10,CZ,Winter barley,frost,-0.00395564014214864
HadGEM3-GC3-1MM,-9.5,-9.6161,7,CZ,Winter barley,frost,0.00661597395375244
HadGEM3-GC3-1MM,-8.5,-8.6582,7,CZ,Winter barley,frost,0.00342998193472628
HadGEM3-GC3-1MM,-7.5,-7.6345,8,CZ,Winter barley,frost,-0.000237259806280679
HadGEM3-GC3-1MM,-6.5,-6.4299,4,CZ,Winter barley,frost,-0.00106621823092754
HadGEM3-GC3-1MM,-5.5,-5.3528,4,CZ,Winter barley,frost,-0.00583779232384543
HadGEM3-GC3-1MM,-4.5,-4.3969,4,CZ,Winter barley,frost,0.00406678439538848
IPSL-CM6A-LR,-9.5,-9.3401,5,CZ,Winter barley,frost,0.0105944711569187
IPSL-CM6A-LR,-8.5,-8.4598,8,CZ,Winter barley,frost,0.00779738248964355
IPSL-CM6A-LR,-7.5,-7.5255,19,CZ,Winter barley,frost,0.00832387815349808
IPSL-CM6A-LR,-6.5,-6.5577,11,CZ,Winter barley,frost,0.0124464728393343
IPSL-CM6A-LR,-5.5,-5.5623,13,CZ,Winter barley,frost,0.00678076564499599
IPSL-CM6A-LR,-4.5,-4.3507,11,CZ,Winter barley,frost,-0.00172317524815527
IPSL-CM6A-LR,-3.5,-3.4644,8,CZ,Winter barley,frost,-0.000365150011746019
IPSL-CM6A-LR,-2.5,-2.5669,9,CZ,Winter barley,frost,0.00326211388458853
IPSL-CM6A-LR,-1.5,-1.2909,6,CZ,Winter barley,frost,0.00633362107173631
IPSL-CM6A-LR,-0.5,-0.6347,8,CZ,Winter barley,frost,-0.000572706697413121
EC-Earth3,-9.5,-9.1554,4,DE,Winter barley,frost,-0.00120629214528385
EC-Earth3,-8.5,-8.4726,15,DE,Winter barley,frost,0.00959115698975331
EC-Earth3,-7.5,-7.5562,20,DE,Winter barley,frost,0.0027862458392902
EC-Earth3,-6.5,-6.4767,21,DE,Winter barley,frost,0.00273160883250071
EC-Earth3,-5.5,-5.3342,8,DE,Winter barley,frost,0.00347651853349064
EC-Earth3,-4.5,-4.5495,8,DE,Winter barley,frost,0.00217388010404495
EC-Earth3,-3.5,-3.3459,9,DE,Winter barley,frost,0.00466612783733968
EC-Earth3,-2.5,-2.4493,5,DE,Winter barley,frost,0.00263865765881625
EC-Earth3,-1.5,-1.3807,6,DE,Winter barley,frost,0.00607932769054296
EC-Earth3,-0.5,-0.6596,3,DE,Winter barley,frost,-0.000140563687389023
HadGEM3-GC3-1LL,-8.5,-8.3848,12,DE,Winter barley,frost,0.00365075820483207
HadGEM3-GC3-1LL,-7.5,-7.5599,19,DE,Winter barley,frost,0.000397025341153642
HadGEM3-GC3-1LL,-6.5,-6.5442,24,DE,Winter barley,frost,0.00458612412483889
HadGEM3-GC3-1LL,-5.5,-5.5797,10,DE,Winter barley,frost,0.00268446164168766
HadGEM3-GC3-1LL,-4.5,-4.5263,6,DE,Winter barley,frost,0.00190618344571634
HadGEM3-GC3-1LL,-3.5,-3.7835,7,DE,Winter barley,frost,0.00381304867440061
HadGEM3-GC3-1LL,-2.5,-2.4504,6,DE,Winter barley,frost,-0.00883182339758175
HadGEM3-GC3-1LL,-1.5,-1.3098,8,DE,Winter barley,frost,-0.00387941383486792
HadGEM3-GC3-1LL,-0.5,-0.331,6,DE,Winter barley,frost,0.000590428154299454
HadGEM3-GC3-1MM,-14.5,-14.3032,4,DE,Winter barley,frost,-0.0214671639041664
HadGEM3-GC3-1MM,-13.5,-13.3931,8,DE,Winter barley,frost,-0.0310281543789455
HadGEM3-GC3-1MM,-12.5,-12.588,13,DE,Winter barley,frost,-0.0210808093831614
HadGEM3-GC3-1MM,-11.5,-11.5321,21,DE,Winter barley,frost,-0.0120902964229284
HadGEM3-GC3-1MM,-10.5,-10.4803,10,DE,Winter barley,frost,-0.00886882448154996
HadGEM3-GC3-1MM,-9.5,-9.6161,7,DE,Winter barley,frost,0.00436066621782679
HadGEM3-GC3-1MM,-8.5,-8.6582,7,DE,Winter barley,frost,0.00115409782057815
HadGEM3-GC3-1MM,-7.5,-7.6345,8,DE,Winter barley,frost,-0.000250374154907025
HadGEM3-GC3-1MM,-6.5,-6.4299,4,DE,Winter barley,frost,-0.00042574461665672
HadGEM3-GC3-1MM,-5.5,-5.3528,4,DE,Winter barley,frost,-0.00485957792311186
HadGEM3-GC3-1MM,-4.5,-4.3969,4,DE,Winter barley,frost,0.0030530981935162
IPSL-CM6A-LR,-9.5,-9.3401,5,DE,Winter barley,frost,0.00797764004254048
IPSL-CM6A-LR,-8.5,-8.4598,8,DE,Winter barley,frost,0.00569219092924878
IPSL-CM6A-LR,-7.5,-7.5255,19,DE,Winter barley,frost,0.00662299603491263
IPSL-CM6A-LR,-6.5,-6.5577,11,DE,Winter barley,frost,0.00946412210979454
IPSL-CM6A-LR,-5.5,-5.5623,13,DE,Winter barley,frost,0.00593717614001275
IPSL-CM6A-LR,-4.5,-4.3507,11,DE,Winter barley,frost,-0.000109208157853234
IPSL-CM6A-LR,-3.5,-3.4644,8,DE,Winter barley,frost,0.00129415341036681
IPSL-CM6A-LR,-2.5,-2.5669,9,DE,Winter barley,frost,0.00408959842556687
IPSL-CM6A-LR,-1.5,-1.2909,6,DE,Winter barley,frost,0.0044567332975055
IPSL-CM6A-LR,-0.5,-0.6347,8,DE,Winter barley,frost,-0.00109903148880221
EC-Earth3,-9.5,-9.1554,4,DK,Winter barley,frost,0.00346336233588682
EC-Earth3,-8.5,-8.4726,15,DK,Winter barley,frost,0.0065889070816609
EC-Earth3,-7.5,-7.5562,20,DK,Winter barley,frost,0.00603920197103012
EC-Earth3,-6.5,-6.4767,21,DK,Winter barley,frost,0.00517649179466795
EC-Earth3,-5.5,-5.3342,8,DK,Winter barley,frost,0.00518569405156355
EC-Earth3,-4.5,-4.5495,8,DK,Winter barley,frost,0.00521278444124842
EC-Earth3,-3.5,-3.3459,9,DK,Winter barley,frost,0.00705045372424166
EC-Earth3,-2.5,-2.4493,5,DK,Winter barley,frost,0.00403392945354311
EC-Earth3,-1.5,-1.3807,6,DK,Winter barley,frost,0.00434581498116716
EC-Earth3,-0.5,-0.6596,3,DK,Winter barley,frost,0.000166603521233636
HadGEM3-GC3-1LL,-8.5,-8.3848,12,DK,Winter barley,frost,0.00512444974315774
HadGEM3-GC3-1LL,-7.5,-7.5599,19,DK,Winter barley,frost,0.0030924615978793
HadGEM3-GC3-1LL,-6.5,-6.5442,24,DK,Winter barley,frost,0.00635381883370256
HadGEM3-GC3-1LL,-5.5,-5.5797,10,DK,Winter barley,frost,0.004845565940032
HadGEM3-GC3-1LL,-4.5,-4.5263,6,DK,Winter barley,frost,0.00197588173823652
HadGEM3-GC3-1LL,-3.5,-3.7835,7,DK,Winter barley,frost,0.00430700421633971
HadGEM3-GC3-1LL,-2.5,-2.4504,6,DK,Winter barley,frost,-0.00416290229369538
HadGEM3-GC3-1LL,-1.5,-1.3098,8,DK,Winter barley,frost,-0.00560232831404634
HadGEM3-GC3-1LL,-0.5,-0.331,6,DK,Winter barley,frost,0.00149942927172666
HadGEM3-GC3-1MM,-14.5,-14.3032,4,DK,Winter barley,frost,-0.0393160731431937
HadGEM3-GC3-1MM,-13.5,-13.3931,8,DK,Winter barley,frost,-0.0480085788657238
HadGEM3-GC3-1MM,-12.5,-12.588,13,DK,Winter barley,frost,-0.047745897623124
HadGEM3-GC3-1MM,-11.5,-11.5321,21,DK,Winter barley,frost,-0.0395960718362374
HadGEM3-GC3-1MM,-10.5,-10.4803,10,DK,Winter barley,frost,-0.0337270540691641
HadGEM3-GC3-1MM,-9.5,-9.6161,7,DK,Winter barley,frost,-0.000568127070178966
HadGEM3-GC3-1MM,-8.5,-8.6582,7,DK,Winter barley,frost,0.000501147658631593
HadGEM3-GC3-1MM,-7.5,-7.6345,8,DK,Winter barley,frost,0.00234919407275639
HadGEM3-GC3-1MM,-6.5,-6.4299,4,DK,Winter barley,frost,0.0038037656493068
HadGEM3-GC3-1MM,-5.5,-5.3528,4,DK,Winter barley,frost,0.00134330850640611
HadGEM3-GC3-1MM,-4.5,-4.3969,4,DK,Winter barley,frost,0.00546583273109475
IPSL-CM6A-LR,-9.5,-9.3401,5,DK,Winter barley,frost,-0.00399031598233061
IPSL-CM6A-LR,-8.5,-8.4598,8,DK,Winter barley,frost,-0.0131562176223027
IPSL-CM6A-LR,-7.5,-7.5255,19,DK,Winter barley,frost,0.0018230498216097
IPSL-CM6A-LR,-6.5,-6.5577,11,DK,Winter barley,frost,-0.0036487830658905
IPSL-CM6A-LR,-5.5,-5.5623,13,DK,Winter barley,frost,0.00692842821259369
IPSL-CM6A-LR,-4.5,-4.3507,11,DK,Winter barley,frost,0.00528749218876646
IPSL-CM6A-LR,-3.5,-3.4644,8,DK,Winter barley,frost,0.00569823695486083
IPSL-CM6A-LR,-2.5,-2.5669,9,DK,Winter barley,frost,0.00592387929034134
IPSL-CM6A-LR,-1.5,-1.2909,6,DK,Winter barley,frost,0.00650422112561809
IPSL-CM6A-LR,-0.5,-0.6347,8,DK,Winter barley,frost,-0.0026883434001508
EC-Earth3,-9.5,-9.1554,4,EE,Winter barley,frost,-0.00199087586612791
EC-Earth3,-8.5,-8.4726,15,EE,Winter barley,frost,0.00390738904565097
EC-Earth3,-7.5,-7.5562,20,EE,Winter barley,frost,-0.00164503022326944
EC-Earth3,-6.5,-6.4767,21,EE,Winter barley,frost,0.00308751179707645
EC-Earth3,-5.5,-5.3342,8,EE,Winter barley,frost,0.0016844005618884
EC-Earth3,-4.5,-4.5495,8,EE,Winter barley,frost,0.000226247159106014
EC-Earth3,-3.5,-3.3459,9,EE,Winter barley,frost,0.00279568251488903
EC-Earth3,-2.5,-2.4493,5,EE,Winter barley,frost,0.00419686432231084
EC-Earth3,-1.5,-1.3807,6,EE,Winter barley,frost,0.00904600888216869
EC-Earth3,-0.5,-0.6596,3,EE,Winter barley,frost,7.82101370656535e-05
HadGEM3-GC3-1LL,-8.5,-8.3848,12,EE,Winter barley,frost,0.00393930736178329
HadGEM3-GC3-1LL,-7.5,-7.5599,19,EE,Winter barley,frost,-0.00112978929232397
HadGEM3-GC3-1LL,-6.5,-6.5442,24,EE,Winter barley,frost,0.00437002952844755
HadGEM3-GC3-1LL,-5.5,-5.5797,10,EE,Winter barley,frost,0.00489075226974573
HadGEM3-GC3-1LL,-4.5,-4.5263,6,EE,Winter barley,frost,0.00331530406514806
HadGEM3-GC3-1LL,-3.5,-3.7835,7,EE,Winter barley,frost,-0.00440381618880206
HadGEM3-GC3-1LL,-2.5,-2.4504,6,EE,Winter barley,frost,-0.00644982072081632
HadGEM3-GC3-1LL,-1.5,-1.3098,8,EE,Winter barley,frost,-0.0238909616089527
HadGEM3-GC3-1LL,-0.5,-0.331,6,EE,Winter barley,frost,-0.000640746755029257
HadGEM3-GC3-1MM,-14.5,-14.3032,4,EE,Winter barley,frost,-0.0447500737215922
HadGEM3-GC3-1MM,-13.5,-13.3931,8,EE,Winter barley,frost,-0.0637063088522847
HadGEM3-GC3-1MM,-12.5,-12.588,13,EE,Winter barley,frost,-0.0631487415895303
HadGEM3-GC3-1MM,-11.5,-11.5321,21,EE,Winter barley,frost,-0.0476092201386466
HadGEM3-GC3-1MM,-10.5,-10.4803,10,EE,Winter barley,frost,-0.0535890047146175
HadGEM3-GC3-1MM,-9.5,-9.6161,7,EE,Winter barley,frost,-0.0165683651245261
HadGEM3-GC3-1MM,-8.5,-8.6582,7,EE,Winter barley,frost,-0.0140121260339657
HadGEM3-GC3-1MM,-7.5,-7.6345,8,EE,Winter barley,frost,-0.00770395743882187
HadGEM3-GC3-1MM,-6.5,-6.4299,4,EE,Winter barley,frost,0.00260876830237661
HadGEM3-GC3-1MM,-5.5,-5.3528,4,EE,Winter barley,frost,0.000634751613025771
HadGEM3-GC3-1MM,-4.5,-4.3969,4,EE,Winter barley,frost,0.00352677939603513
IPSL-CM6A-LR,-9.5,-9.3401,5,EE,Winter barley,frost,-0.0140994612197769
IPSL-CM6A-LR,-8.5,-8.4598,8,EE,Winter barley,frost,-0.0239361093760595
IPSL-CM6A-LR,-7.5,-7.5255,19,EE,Winter barley,frost,-0.0094947218441347
IPSL-CM6A-LR,-6.5,-6.5577,11,EE,Winter barley,frost,-0.00773253860067623
IPSL-CM6A-LR,-5.5,-5.5623,13,EE,Winter barley,frost,0.00389560133520355
IPSL-CM6A-LR,-4.5,-4.3507,11,EE,Winter barley,frost,0.00423422198664223
IPSL-CM6A-LR,-3.5,-3.4644,8,EE,Winter barley,frost,0.00460663109171158
IPSL-CM6A-LR,-2.5,-2.5669,9,EE,Winter barley,frost,0.00607582984262553
IPSL-CM6A-LR,-1.5,-1.2909,6,EE,Winter barley,frost,0.00635829086420241
IPSL-CM6A-LR,-0.5,-0.6347,8,EE,Winter barley,frost,0.00282293197137549
EC-Earth3,-9.5,-9.1554,4,EL,Winter barley,frost,-0.00231386971988495
EC-Earth3,-8.5,-8.4726,15,EL,Winter barley,frost,0.00217045769240455
EC-Earth3,-7.5,-7.5562,20,EL,Winter barley,frost,0.00128949506359381
EC-Earth3,-6.5,-6.4767,21,EL,Winter barley,frost,0.00100247074442917
EC-Earth3,-5.5,-5.3342,8,EL,Winter barley,frost,-0.000220991503765067
EC-Earth3,-4.5,-4.5495,8,EL,Winter barley,frost,0.00149755609082394
EC-Earth3,-3.5,-3.3459,9,EL,Winter barley,frost,0.00114448517683319
EC-Earth3,-2.5,-2.4493,5,EL,Winter barley,frost,0.00319458480713282
EC-Earth3,-1.5,-1.3807,6,EL,Winter barley,frost,0.0015858537637612
EC-Earth3,-0.5,-0.6596,3,EL,Winter barley,frost,-0.00439870872155852
HadGEM3-GC3-1LL,-8.5,-8.3848,12,EL,Winter barley,frost,0.0017078120692832
HadGEM3-GC3-1LL,-7.5,-7.5599,19,EL,Winter barley,frost,0.00142398359137116
HadGEM3-GC3-1LL,-6.5,-6.5442,24,EL,Winter barley,frost,0.00015004652108461
HadGEM3-GC3-1LL,-5.5,-5.5797,10,EL,Winter barley,frost,0.000998995332420414
HadGEM3-GC3-1LL,-4.5,-4.5263,6,EL,Winter barley,frost,0.00174059006644288
HadGEM3-GC3-1LL,-3.5,-3.7835,7,EL,Winter barley,frost,0.00144790518971742
HadGEM3-GC3-1LL,-2.5,-2.4504,6,EL,Winter barley,frost,-0.00040080621982786
HadGEM3-GC3-1LL,-1.5,-1.3098,8,EL,Winter barley,frost,0.0013193225703451
HadGEM3-GC3-1LL,-0.5,-0.331,6,EL,Winter barley,frost,0.000316560119321313
HadGEM3-GC3-1MM,-14.5,-14.3032,4,EL,Winter barley,frost,0.00232522263946054
HadGEM3-GC3-1MM,-13.5,-13.3931,8,EL,Winter barley,frost,0.00199837519851157
HadGEM3-GC3-1MM,-12.5,-12.588,13,EL,Winter barley,frost,0.000323901577028089
HadGEM3-GC3-1MM,-11.5,-11.5321,21,EL,Winter barley,frost,0.00232192242432279
HadGEM3-GC3-1MM,-10.5,-10.4803,10,EL,Winter barley,frost,0.000483810111088635
HadGEM3-GC3-1MM,-9.5,-9.6161,7,EL,Winter barley,frost,0.0017091655430259
HadGEM3-GC3-1MM,-8.5,-8.6582,7,EL,Winter barley,frost,0.00043083867021533
HadGEM3-GC3-1MM,-7.5,-7.6345,8,EL,Winter barley,frost,0.000728460777250831
HadGEM3-GC3-1MM,-6.5,-6.4299,4,EL,Winter barley,frost,3.62575241880252e-05
HadGEM3-GC3-1MM,-5.5,-5.3528,4,EL,Winter barley,frost,-0.00608148452396376
HadGEM3-GC3-1MM,-4.5,-4.3969,4,EL,Winter barley,frost,0.000951008203663617
IPSL-CM6A-LR,-9.5,-9.3401,5,EL,Winter barley,frost,-0.00187385473263752
IPSL-CM6A-LR,-8.5,-8.4598,8,EL,Winter barley,frost,0.00170660727191352
IPSL-CM6A-LR,-7.5,-7.5255,19,EL,Winter barley,frost,0.00173563098454042
IPSL-CM6A-LR,-6.5,-6.5577,11,EL,Winter barley,frost,0.0031293273617521
IPSL-CM6A-LR,-5.5,-5.5623,13,EL,Winter barley,frost,0.0016835561005425
IPSL-CM6A-LR,-4.5,-4.3507,11,EL,Winter barley,frost,0.000154341399634647
IPSL-CM6A-LR,-3.5,-3.4644,8,EL,Winter barley,frost,-0.0011282477576216
IPSL-CM6A-LR,-2.5,-2.5669,9,EL,Winter barley,frost,0.00124299018071504
IPSL-CM6A-LR,-1.5,-1.2909,6,EL,Winter barley,frost,0.000184506581177707
IPSL-CM6A-LR,-0.5,-0.6347,8,EL,Winter barley,frost,0.000569141494942245
EC-Earth3,-9.5,-9.1554,4,ES,Winter barley,frost,0.000641056885842303
EC-Earth3,-8.5,-8.4726,15,ES,Winter barley,frost,0.00229455833302866
EC-Earth3,-7.5,-7.5562,20,ES,Winter barley,frost,-0.000941931847870605
EC-Earth3,-6.5,-6.4767,21,ES,Winter barley,frost,0.000156092251857476
EC-Earth3,-5.5,-5.3342,8,ES,Winter barley,frost,0.000202293773541809
EC-Earth3,-4.5,-4.5495,8,ES,Winter barley,frost,0.00206890868292963
EC-Earth3,-3.5,-3.3459,9,ES,Winter barley,frost,0.000681671450975305
EC-Earth3,-2.5,-2.4493,5,ES,Winter barley,frost,-0.000229529684869292
EC-Earth3,-1.5,-1.3807,6,ES,Winter barley,frost,0.000279216790720154
EC-Earth3,-0.5,-0.6596,3,ES,Winter barley,frost,-0.000592569898080548
HadGEM3-GC3-1LL,-8.5,-8.3848,12,ES,Winter barley,frost,-0.00017319471531252
HadGEM3-GC3-1LL,-7.5,-7.5599,19,ES,Winter barley,frost,-0.00155040520469928
HadGEM3-GC3-1LL,-6.5,-6.5442,24,ES,Winter barley,frost,-0.000826882662527801
HadGEM3-GC3-1LL,-5.5,-5.5797,10,ES,Winter barley,frost,-0.00280415145459135
HadGEM3-GC3-1LL,-4.5,-4.5263,6,ES,Winter barley,frost,-0.00207201345042762
HadGEM3-GC3-1LL,-3.5,-3.7835,7,ES,Winter barley,frost,0.00011596873371612
HadGEM3-GC3-1LL,-2.5,-2.4504,6,ES,Winter barley,frost,-0.00229469120280078
HadGEM3-GC3-1LL,-1.5,-1.3098,8,ES,Winter barley,frost,-0.00184611875991983
HadGEM3-GC3-1LL,-0.5,-0.331,6,ES,Winter barley,frost,-0.00141253990321204
HadGEM3-GC3-1MM,-14.5,-14.3032,4,ES,Winter barley,frost,-0.00360699212898641
HadGEM3-GC3-1MM,-13.5,-13.3931,8,ES,Winter barley,frost,-0.00116183848651787
HadGEM3-GC3-1MM,-12.5,-12.588,13,ES,Winter barley,frost,-0.00372284810067876
HadGEM3-GC3-1MM,-11.5,-11.5321,21,ES,Winter barley,frost,-0.00190604330223667
HadGEM3-GC3-1MM,-10.5,-10.4803,10,ES,Winter barley,frost,-0.00197118463470611
HadGEM3-GC3-1MM,-9.5,-9.6161,7,ES,Winter barley,frost,-0.001200225907167
HadGEM3-GC3-1MM,-8.5,-8.6582,7,ES,Winter barley,frost,-0.00190738625083681
HadGEM3-GC3-1MM,-7.5,-7.6345,8,ES,Winter barley,frost,-0.00164422238232477
HadGEM3-GC3-1MM,-6.5,-6.4299,4,ES,Winter barley,frost,-0.00446597888619825
HadGEM3-GC3-1MM,-5.5,-5.3528,4,ES,Winter barley,frost,-0.00160264700976787
HadGEM3-GC3-1MM,-4.5,-4.3969,4,ES,Winter barley,frost,0.00126127277350334
IPSL-CM6A-LR,-9.5,-9.3401,5,ES,Winter barley,frost,0.000700640875991073
IPSL-CM6A-LR,-8.5,-8.4598,8,ES,Winter barley,frost,0.000838977263515344
IPSL-CM6A-LR,-7.5,-7.5255,19,ES,Winter barley,frost,-7.6201093590621e-05
IPSL-CM6A-LR,-6.5,-6.5577,11,ES,Winter barley,frost,0.00066778197957846
IPSL-CM6A-LR,-5.5,-5.5623,13,ES,Winter barley,frost,0.000420636437616679
IPSL-CM6A-LR,-4.5,-4.3507,11,ES,Winter barley,frost,-0.000122475106206745
IPSL-CM6A-LR,-3.5,-3.4644,8,ES,Winter barley,frost,0.000711555046063562
IPSL-CM6A-LR,-2.5,-2.5669,9,ES,Winter barley,frost,0.000175677608853826
IPSL-CM6A-LR,-1.5,-1.2909,6,ES,Winter barley,frost,-0.000501716206884818
IPSL-CM6A-LR,-0.5,-0.6347,8,ES,Winter barley,frost,0.000971519459293811
EC-Earth3,-9.5,-9.1554,4,FR,Winter barley,frost,-0.000383235438084841
EC-Earth3,-8.5,-8.4726,15,FR,Winter barley,frost,0.00555582932680585
EC-Earth3,-7.5,-7.5562,20,FR,Winter barley,frost,0.000727155199692894
EC-Earth3,-6.5,-6.4767,21,FR,Winter barley,frost,0.000579865262834057
EC-Earth3,-5.5,-5.3342,8,FR,Winter barley,frost,0.00115846696248493
EC-Earth3,-4.5,-4.5495,8,FR,Winter barley,frost,0.00179743993917499
EC-Earth3,-3.5,-3.3459,9,FR,Winter barley,frost,0.00153349148161159
EC-Earth3,-2.5,-2.4493,5,FR,Winter barley,frost,0.00120782415801298
EC-Earth3,-1.5,-1.3807,6,FR,Winter barley,frost,0.00267304439340739
EC-Earth3,-0.5,-0.6596,3,FR,Winter barley,frost,-8.18423672360093e-05
HadGEM3-GC3-1LL,-8.5,-8.3848,12,FR,Winter barley,frost,0.00122410644568794
HadGEM3-GC3-1LL,-7.5,-7.5599,19,FR,Winter barley,frost,-0.000626389489201081
HadGEM3-GC3-1LL,-6.5,-6.5442,24,FR,Winter barley,frost,0.00125935844217845
HadGEM3-GC3-1LL,-5.5,-5.5797,10,FR,Winter barley,frost,-0.000333364515544227
HadGEM3-GC3-1LL,-4.5,-4.5263,6,FR,Winter barley,frost,0.00135365388905522
HadGEM3-GC3-1LL,-3.5,-3.7835,7,FR,Winter barley,frost,0.00142759589905902
HadGEM3-GC3-1LL,-2.5,-2.4504,6,FR,Winter barley,frost,-0.00582152949297516
HadGEM3-GC3-1LL,-1.5,-1.3098,8,FR,Winter barley,frost,-0.0023813355689418
HadGEM3-GC3-1LL,-0.5,-0.331,6,FR,Winter barley,frost,-0.00144631895986214
HadGEM3-GC3-1MM,-14.5,-14.3032,4,FR,Winter barley,frost,-0.019910108070097
HadGEM3-GC3-1MM,-13.5,-13.3931,8,FR,Winter barley,frost,-0.0182384158784427
HadGEM3-GC3-1MM,-12.5,-12.588,13,FR,Winter barley,frost,-0.00955263357729977
HadGEM3-GC3-1MM,-11.5,-11.5321,21,FR,Winter barley,frost,-0.00604488426868344
HadGEM3-GC3-1MM,-10.5,-10.4803,10,FR,Winter barley,frost,-0.000738491739562265
HadGEM3-GC3-1MM,-9.5,-9.6161,7,FR,Winter barley,frost,0.00170972219039657
HadGEM3-GC3-1MM,-8.5,-8.6582,7,FR,Winter barley,frost,-0.00243459513012598
HadGEM3-GC3-1MM,-7.5,-7.6345,8,FR,Winter barley,frost,-0.000362414656636486
HadGEM3-GC3-1MM,-6.5,-6.4299,4,FR,Winter barley,frost,-0.000615657711984985
HadGEM3-GC3-1MM,-5.5,-5.3528,4,FR,Winter barley,frost,-0.00449707548652662
HadGEM3-GC3-1MM,-4.5,-4.3969,4,FR,Winter barley,frost,0.000852685087875313
IPSL-CM6A-LR,-9.5,-9.3401,5,FR,Winter barley,frost,0.00456726725358149
IPSL-CM6A-LR,-8.5,-8.4598,8,FR,Winter barley,frost,0.00250325321177327
IPSL-CM6A-LR,-7.5,-7.5255,19,FR,Winter barley,frost,0.00232196823507561
IPSL-CM6A-LR,-6.5,-6.5577,11,FR,Winter barley,frost,0.00505364533966902
IPSL-CM6A-LR,-5.5,-5.5623,13,FR,Winter barley,frost,0.00202181571443431
IPSL-CM6A-LR,-4.5,-4.3507,11,FR,Winter barley,frost,-1.70676941368579e-06
IPSL-CM6A-LR,-3.5,-3.4644,8,FR,Winter barley,frost,6.75149820361625e-05
IPSL-CM6A-LR,-2.5,-2.5669,9,FR,Winter barley,frost,0.00248576010374124
IPSL-CM6A-LR,-1.5,-1.2909,6,FR,Winter barley,frost,-0.00087844500907151
IPSL-CM6A-LR,-0.5,-0.6347,8,FR,Winter barley,frost,-0.000982434440265338
EC-Earth3,-9.5,-9.1554,4,HU,Winter barley,frost,-0.00211556942048451
EC-Earth3,-8.5,-8.4726,15,HU,Winter barley,frost,0.00503042923846214
EC-Earth3,-7.5,-7.5562,20,HU,Winter barley,frost,0.000373364910447418
EC-Earth3,-6.5,-6.4767,21,HU,Winter barley,frost,0.000892455466037263
EC-Earth3,-5.5,-5.3342,8,HU,Winter barley,frost,-0.000891247650455681
EC-Earth3,-4.5,-4.5495,8,HU,Winter barley,frost,0.000967360889199233
EC-Earth3,-3.5,-3.3459,9,HU,Winter barley,frost,0.00108163947970246
EC-Earth3,-2.5,-2.4493,5,HU,Winter barley,frost,0.00291487485711387
EC-Earth3,-1.5,-1.3807,6,HU,Winter barley,frost,0.00264758665758972
EC-Earth3,-0.5,-0.6596,3,HU,Winter barley,frost,-0.00531664894776387
HadGEM3-GC3-1LL,-8.5,-8.3848,12,HU,Winter barley,frost,0.00264421408681261
HadGEM3-GC3-1LL,-7.5,-7.5599,19,HU,Winter barley,frost,0.000721563541887696
HadGEM3-GC3-1LL,-6.5,-6.5442,24,HU,Winter barley,frost,0.00210024190205584
HadGEM3-GC3-1LL,-5.5,-5.5797,10,HU,Winter barley,frost,0.00139456465606101
HadGEM3-GC3-1LL,-4.5,-4.5263,6,HU,Winter barley,frost,0.00175534446131155
HadGEM3-GC3-1LL,-3.5,-3.7835,7,HU,Winter barley,frost,0.00226636060452606
HadGEM3-GC3-1LL,-2.5,-2.4504,6,HU,Winter barley,frost,-0.00298035970626508
HadGEM3-GC3-1LL,-1.5,-1.3098,8,HU,Winter barley,frost,0.00123581410163182
HadGEM3-GC3-1LL,-0.5,-0.331,6,HU,Winter barley,frost,0.000761388983840631
HadGEM3-GC3-1MM,-14.5,-14.3032,4,HU,Winter barley,frost,0.00316944853620547
HadGEM3-GC3-1MM,-13.5,-13.3931,8,HU,Winter barley,frost,0.00229814110471257
HadGEM3-GC3-1MM,-12.5,-12.588,13,HU,Winter barley,frost,0.00100708893647681
HadGEM3-GC3-1MM,-11.5,-11.5321,21,HU,Winter barley,frost,0.0036463530619799
HadGEM3-GC3-1MM,-10.5,-10.4803,10,HU,Winter barley,frost,0.000588228768195708
HadGEM3-GC3-1MM,-9.5,-9.6161,7,HU,Winter barley,frost,0.00159826176989767
HadGEM3-GC3-1MM,-8.5,-8.6582,7,HU,Winter barley,frost,0.00236699259639298
HadGEM3-GC3-1MM,-7.5,-7.6345,8,HU,Winter barley,frost,-0.00285340000406952
HadGEM3-GC3-1MM,-6.5,-6.4299,4,HU,Winter barley,frost,0.000316381653624083
HadGEM3-GC3-1MM,-5.5,-5.3528,4,HU,Winter barley,frost,-0.00550849181616442
HadGEM3-GC3-1MM,-4.5,-4.3969,4,HU,Winter barley,frost,0.000589448460000954
IPSL-CM6A-LR,-9.5,-9.3401,5,HU,Winter barley,frost,0.00143293468768761
IPSL-CM6A-LR,-8.5,-8.4598,8,HU,Winter barley,frost,0.00416270093292413
IPSL-CM6A-LR,-7.5,-7.5255,19,HU,Winter barley,frost,0.00333252149426613
IPSL-CM6A-LR,-6.5,-6.5577,11,HU,Winter barley,frost,0.00645379571733303
IPSL-CM6A-LR,-5.5,-5.5623,13,HU,Winter barley,frost,0.00265838238272869
IPSL-CM6A-LR,-4.5,-4.3507,11,HU,Winter barley,frost,-0.00109544260901967
IPSL-CM6A-LR,-3.5,-3.4644,8,HU,Winter barley,frost,-0.00122433426260656
IPSL-CM6A-LR,-2.5,-2.5669,9,HU,Winter barley,frost,0.0022247795060723
IPSL-CM6A-LR,-1.5,-1.2909,6,HU,Winter barley,frost,0.00190448690339036
IPSL-CM6A-LR,-0.5,-0.6347,8,HU,Winter barley,frost,0.000491466918724327
EC-Earth3,-9.5,-9.1554,4,IT,Winter barley,frost,-0.00152850950695318
EC-Earth3,-8.5,-8.4726,15,IT,Winter barley,frost,0.000761316589454135
EC-Earth3,-7.5,-7.5562,20,IT,Winter barley,frost,-0.000221473513732004
EC-Earth3,-6.5,-6.4767,21,IT,Winter barley,frost,0.000224395844940685
EC-Earth3,-5.5,-5.3342,8,IT,Winter barley,frost,-9.31645066156458e-05
EC-Earth3,-4.5,-4.5495,8,IT,Winter barley,frost,0.000281128217356915
EC-Earth3,-3.5,-3.3459,9,IT,Winter barley,frost,0.000165418334434762
EC-Earth3,-2.5,-2.4493,5,IT,Winter barley,frost,0.000752284921678255
EC-Earth3,-1.5,-1.3807,6,IT,Winter barley,frost,0.000614255996759682
EC-Earth3,-0.5,-0.6596,3,IT,Winter barley,frost,-0.00120426321587472
HadGEM3-GC3-1LL,-8.5,-8.3848,12,IT,Winter barley,frost,0.000471522001705394
HadGEM3-GC3-1LL,-7.5,-7.5599,19,IT,Winter barley,frost,4.24222742469609e-05
HadGEM3-GC3-1LL,-6.5,-6.5442,24,IT,Winter barley,frost,0.000169020526589812
HadGEM3-GC3-1LL,-5.5,-5.5797,10,IT,Winter barley,frost,0.000266083934146102
HadGEM3-GC3-1LL,-4.5,-4.5263,6,IT,Winter barley,frost,0.000538346222661672
HadGEM3-GC3-1LL,-3.5,-3.7835,7,IT,Winter barley,frost,0.000506773855501997
HadGEM3-GC3-1LL,-2.5,-2.4504,6,IT,Winter barley,frost,-0.00136265660902375
HadGEM3-GC3-1LL,-1.5,-1.3098,8,IT,Winter barley,frost,0.000151021630338193
HadGEM3-GC3-1LL,-0.5,-0.331,6,IT,Winter barley,frost,-8.93914016491569e-05
HadGEM3-GC3-1MM,-14.5,-14.3032,4,IT,Winter barley,frost,5.36571843874862e-05
HadGEM3-GC3-1MM,-13.5,-13.3931,8,IT,Winter barley,frost,-7.18477125163794e-05
HadGEM3-GC3-1MM,-12.5,-12.588,13,IT,Winter barley,frost,-0.000838867417281373
HadGEM3-GC3-1MM,-11.5,-11.5321,21,IT,Winter barley,frost,0.000383073820390386
HadGEM3-GC3-1MM,-10.5,-10.4803,10,IT,Winter barley,frost,-0.000356153184616935
HadGEM3-GC3-1MM,-9.5,-9.6161,7,IT,Winter barley,frost,-0.000249334550341336
HadGEM3-GC3-1MM,-8.5,-8.6582,7,IT,Winter barley,frost,9.69943231412239e-05
HadGEM3-GC3-1MM,-7.5,-7.6345,8,IT,Winter barley,frost,-0.00103166146557975
HadGEM3-GC3-1MM,-6.5,-6.4299,4,IT,Winter barley,frost,-0.000516465265080909
HadGEM3-GC3-1MM,-5.5,-5.3528,4,IT,Winter barley,frost,-0.000908587827043227
HadGEM3-GC3-1MM,-4.5,-4.3969,4,IT,Winter barley,frost,0.000438236179721331
IPSL-CM6A-LR,-9.5,-9.3401,5,IT,Winter barley,frost,-0.000676839110500208
IPSL-CM6A-LR,-8.5,-8.4598,8,IT,Winter barley,frost,0.000581626743421337
IPSL-CM6A-LR,-7.5,-7.5255,19,IT,Winter barley,frost,0.000271376275098
IPSL-CM6A-LR,-6.5,-6.5577,11,IT,Winter barley,frost,0.00101827447164359
IPSL-CM6A-LR,-5.5,-5.5623,13,IT,Winter barley,frost,0.000310242775635838
IPSL-CM6A-LR,-4.5,-4.3507,11,IT,Winter barley,frost,-0.000631809576876543
IPSL-CM6A-LR,-3.5,-3.4644,8,IT,Winter barley,frost,-8.10333210837825e-05
IPSL-CM6A-LR,-2.5,-2.5669,9,IT,Winter barley,frost,0.000686020540425251
IPSL-CM6A-LR,-1.5,-1.2909,6,IT,Winter barley,frost,-0.000276249817699411
IPSL-CM6A-LR,-0.5,-0.6347,8,IT,Winter barley,frost,0.000107146831283402
EC-Earth3,-9.5,-9.1554,4,LT,Winter barley,frost,-0.00346396305864156
EC-Earth3,-8.5,-8.4726,15,LT,Winter barley,frost,0.00603804082372074
EC-Earth3,-7.5,-7.5562,20,LT,Winter barley,frost,-0.00136086841684129
EC-Earth3,-6.5,-6.4767,21,LT,Winter barley,frost,0.00178997616998597
EC-Earth3,-5.5,-5.3342,8,LT,Winter barley,frost,0.000848546806611507
EC-Earth3,-4.5,-4.5495,8,LT,Winter barley,frost,-0.00206317779813031
EC-Earth3,-3.5,-3.3459,9,LT,Winter barley,frost,0.0051287020583806
EC-Earth3,-2.5,-2.4493,5,LT,Winter barley,frost,0.00731154064072019
EC-Earth3,-1.5,-1.3807,6,LT,Winter barley,frost,0.00867519566538968
EC-Earth3,-0.5,-0.6596,3,LT,Winter barley,frost,0.000350652070352816
HadGEM3-GC3-1LL,-8.5,-8.3848,12,LT,Winter barley,frost,0.00580080693419799
HadGEM3-GC3-1LL,-7.5,-7.5599,19,LT,Winter barley,frost,0.000326434249382088
HadGEM3-GC3-1LL,-6.5,-6.5442,24,LT,Winter barley,frost,0.00713126658092159
HadGEM3-GC3-1LL,-5.5,-5.5797,10,LT,Winter barley,frost,0.00509629138730045
HadGEM3-GC3-1LL,-4.5,-4.5263,6,LT,Winter barley,frost,0.00139507915526764
HadGEM3-GC3-1LL,-3.5,-3.7835,7,LT,Winter barley,frost,0.00176515058307851
HadGEM3-GC3-1LL,-2.5,-2.4504,6,LT,Winter barley,frost,-0.0109820936733116
HadGEM3-GC3-1LL,-1.5,-1.3098,8,LT,Winter barley,frost,-0.0119948532448095
HadGEM3-GC3-1LL,-0.5,-0.331,6,LT,Winter barley,frost,0.00315873949832589
HadGEM3-GC3-1MM,-14.5,-14.3032,4,LT,Winter barley,frost,-0.0118246373081897
HadGEM3-GC3-1MM,-13.5,-13.3931,8,LT,Winter barley,frost,-0.0387570532330697
HadGEM3-GC3-1MM,-12.5,-12.588,13,LT,Winter barley,frost,-0.0442563772572564
HadGEM3-GC3-1MM,-11.5,-11.5321,21,LT,Winter barley,frost,-0.0214608674060079
HadGEM3-GC3-1MM,-10.5,-10.4803,10,LT,Winter barley,frost,-0.0362844111768894
HadGEM3-GC3-1MM,-9.5,-9.6161,7,LT,Winter barley,frost,0.00290675198055217
HadGEM3-GC3-1MM,-8.5,-8.6582,7,LT,Winter barley,frost,0.00148691583415658
HadGEM3-GC3-1MM,-7.5,-7.6345,8,LT,Winter barley,frost,0.00300529941386346
HadGEM3-GC3-1MM,-6.5,-6.4299,4,LT,Winter barley,frost,0.00261401811730104
HadGEM3-GC3-1MM,-5.5,-5.3528,4,LT,Winter barley,frost,-0.00219795764088985
HadGEM3-GC3-1MM,-4.5,-4.3969,4,LT,Winter barley,frost,0.00496964322458276
IPSL-CM6A-LR,-9.5,-9.3401,5,LT,Winter barley,frost,0.00508384108350946
IPSL-CM6A-LR,-8.5,-8.4598,8,LT,Winter barley,frost,0.000926690680742561
IPSL-CM6A-LR,-7.5,-7.5255,19,LT,Winter barley,frost,0.0070185567648262
IPSL-CM6A-LR,-6.5,-6.5577,11,LT,Winter barley,frost,0.0106594532615228
IPSL-CM6A-LR,-5.5,-5.5623,13,LT,Winter barley,frost,0.00649251052733227
IPSL-CM6A-LR,-4.5,-4.3507,11,LT,Winter barley,frost,0.00633066959325715
IPSL-CM6A-LR,-3.5,-3.4644,8,LT,Winter barley,frost,0.0024701307662314
IPSL-CM6A-LR,-2.5,-2.5669,9,LT,Winter barley,frost,0.00724546464683403
IPSL-CM6A-LR,-1.5,-1.2909,6,LT,Winter barley,frost,0.00886190059324843
IPSL-CM6A-LR,-0.5,-0.6347,8,LT,Winter barley,frost,0.00136100907091759
EC-Earth3,-9.5,-9.1554,4,LV,Winter barley,frost,-0.00255308355122818
EC-Earth3,-8.5,-8.4726,15,LV,Winter barley,frost,0.00472241814430315
EC-Earth3,-7.5,-7.5562,20,LV,Winter barley,frost,-0.00237142084434269
EC-Earth3,-6.5,-6.4767,21,LV,Winter barley,frost,0.00135310461399884
EC-Earth3,-5.5,-5.3342,8,LV,Winter barley,frost,0.00117624617456662
EC-Earth3,-4.5,-4.5495,8,LV,Winter barley,frost,-0.0019065453945208
EC-Earth3,-3.5,-3.3459,9,LV,Winter barley,frost,0.00334444645616493
EC-Earth3,-2.5,-2.4493,5,LV,Winter barley,frost,0.00549115576903781
EC-Earth3,-1.5,-1.3807,6,LV,Winter barley,frost,0.0087780325644911
EC-Earth3,-0.5,-0.6596,3,LV,Winter barley,frost,-0.000492423690278678
HadGEM3-GC3-1LL,-8.5,-8.3848,12,LV,Winter barley,frost,0.00393699410569161
HadGEM3-GC3-1LL,-7.5,-7.5599,19,LV,Winter barley,frost,-0.000387825842007092
HadGEM3-GC3-1LL,-6.5,-6.5442,24,LV,Winter barley,frost,0.00602945751205193
HadGEM3-GC3-1LL,-5.5,-5.5797,10,LV,Winter barley,frost,0.00458158282967568
HadGEM3-GC3-1LL,-4.5,-4.5263,6,LV,Winter barley,frost,0.000576721075241273
HadGEM3-GC3-1LL,-3.5,-3.7835,7,LV,Winter barley,frost,-0.000721957590027686
HadGEM3-GC3-1LL,-2.5,-2.4504,6,LV,Winter barley,frost,-0.00977001663280354
HadGEM3-GC3-1LL,-1.5,-1.3098,8,LV,Winter barley,frost,-0.0163027150848435
HadGEM3-GC3-1LL,-0.5,-0.331,6,LV,Winter barley,frost,0.00159406336113131
HadGEM3-GC3-1MM,-14.5,-14.3032,4,LV,Winter barley,frost,-0.0271262250417474
HadGEM3-GC3-1MM,-13.5,-13.3931,8,LV,Winter barley,frost,-0.0552379247394348
HadGEM3-GC3-1MM,-12.5,-12.588,13,LV,Winter barley,frost,-0.0568885328867485
HadGEM3-GC3-1MM,-11.5,-11.5321,21,LV,Winter barley,frost,-0.0353129236585191
HadGEM3-GC3-1MM,-10.5,-10.4803,10,LV,Winter barley,frost,-0.0452062453919045
HadGEM3-GC3-1MM,-9.5,-9.6161,7,LV,Winter barley,frost,-0.00410282713147982
HadGEM3-GC3-1MM,-8.5,-8.6582,7,LV,Winter barley,frost,-0.00280164796135224
HadGEM3-GC3-1MM,-7.5,-7.6345,8,LV,Winter barley,frost,-0.000368761678313527
HadGEM3-GC3-1MM,-6.5,-6.4299,4,LV,Winter barley,frost,0.00217239943445831
HadGEM3-GC3-1MM,-5.5,-5.3528,4,LV,Winter barley,frost,-0.00145467198776959
HadGEM3-GC3-1MM,-4.5,-4.3969,4,LV,Winter barley,frost,0.00294441122514234
IPSL-CM6A-LR,-9.5,-9.3401,5,LV,Winter barley,frost,0.000153345815797654
IPSL-CM6A-LR,-8.5,-8.4598,8,LV,Winter barley,frost,-0.00713621428445869
IPSL-CM6A-LR,-7.5,-7.5255,19,LV,Winter barley,frost,0.00229464089906226
IPSL-CM6A-LR,-6.5,-6.5577,11,LV,Winter barley,frost,0.0046414468032403
IPSL-CM6A-LR,-5.5,-5.5623,13,LV,Winter barley,frost,0.00507894260718279
IPSL-CM6A-LR,-4.5,-4.3507,11,LV,Winter barley,frost,0.00505819348910273
IPSL-CM6A-LR,-3.5,-3.4644,8,LV,Winter barley,frost,0.00332779989667526
IPSL-CM6A-LR,-2.5,-2.5669,9,LV,Winter barley,frost,0.00605359722370235
IPSL-CM6A-LR,-1.5,-1.2909,6,LV,Winter barley,frost,0.00748359520677748
IPSL-CM6A-LR,-0.5,-0.6347,8,LV,Winter barley,frost,0.00118049953478166
EC-Earth3,-9.5,-9.1554,4,SE,Winter barley,frost,-0.000520187605623262
EC-Earth3,-8.5,-8.4726,15,SE,Winter barley,frost,0.00788198658593224
EC-Earth3,-7.5,-7.5562,20,SE,Winter barley,frost,0.00805110028640752
EC-Earth3,-6.5,-6.4767,21,SE,Winter barley,frost,0.0068580436224207
EC-Earth3,-5.5,-5.3342,8,SE,Winter barley,frost,0.0066883088911864
EC-Earth3,-4.5,-4.5495,8,SE,Winter barley,frost,0.00551911761097717
EC-Earth3,-3.5,-3.3459,9,SE,Winter barley,frost,0.0103803266702699
EC-Earth3,-2.5,-2.4493,5,SE,Winter barley,frost,0.00525269820248273
EC-Earth3,-1.5,-1.3807,6,SE,Winter barley,frost,0.00781539659364213
EC-Earth3,-0.5,-0.6596,3,SE,Winter barley,frost,-0.000179539638416182
HadGEM3-GC3-1LL,-8.5,-8.3848,12,SE,Winter barley,frost,0.00776140927482143
HadGEM3-GC3-1LL,-7.5,-7.5599,19,SE,Winter barley,frost,0.00168528224617386
HadGEM3-GC3-1LL,-6.5,-6.5442,24,SE,Winter barley,frost,0.00943629092358883
HadGEM3-GC3-1LL,-5.5,-5.5797,10,SE,Winter barley,frost,0.00841428568457928
HadGEM3-GC3-1LL,-4.5,-4.5263,6,SE,Winter barley,frost,0.00260950624991499
HadGEM3-GC3-1LL,-3.5,-3.7835,7,SE,Winter barley,frost,0.00345725517731352
HadGEM3-GC3-1LL,-2.5,-2.4504,6,SE,Winter barley,frost,-0.00740508098978313
HadGEM3-GC3-1LL,-1.5,-1.3098,8,SE,Winter barley,frost,-0.0107006959160624
HadGEM3-GC3-1LL,-0.5,-0.331,6,SE,Winter barley,frost,-0.000623452442002793
HadGEM3-GC3-1MM,-14.5,-14.3032,4,SE,Winter barley,frost,-0.0529690723960767
HadGEM3-GC3-1MM,-13.5,-13.3931,8,SE,Winter barley,frost,-0.0587201810519554
HadGEM3-GC3-1MM,-12.5,-12.588,13,SE,Winter barley,frost,-0.0573811179301062
HadGEM3-GC3-1MM,-11.5,-11.5321,21,SE,Winter barley,frost,-0.0458432074429869
HadGEM3-GC3-1MM,-10.5,-10.4803,10,SE,Winter barley,frost,-0.0436163837706409
HadGEM3-GC3-1MM,-9.5,-9.6161,7,SE,Winter barley,frost,-0.00339903170751092
HadGEM3-GC3-1MM,-8.5,-8.6582,7,SE,Winter barley,frost,-0.00305357904992734
HadGEM3-GC3-1MM,-7.5,-7.6345,8,SE,Winter barley,frost,0.00168452909369562
HadGEM3-GC3-1MM,-6.5,-6.4299,4,SE,Winter barley,frost,0.00456306467754563
HadGEM3-GC3-1MM,-5.5,-5.3528,4,SE,Winter barley,frost,0.00439152179805768
HadGEM3-GC3-1MM,-4.5,-4.3969,4,SE,Winter barley,frost,0.00789313686331547
IPSL-CM6A-LR,-9.5,-9.3401,5,SE,Winter barley,frost,-0.00017247852868294
IPSL-CM6A-LR,-8.5,-8.4598,8,SE,Winter barley,frost,-0.0099446566023136
IPSL-CM6A-LR,-7.5,-7.5255,19,SE,Winter barley,frost,0.00360679277063095
IPSL-CM6A-LR,-6.5,-6.5577,11,SE,Winter barley,frost,-2.28112676241202e-05
IPSL-CM6A-LR,-5.5,-5.5623,13,SE,Winter barley,frost,0.00938338538747414
IPSL-CM6A-LR,-4.5,-4.3507,11,SE,Winter barley,frost,0.00887325243053443
IPSL-CM6A-LR,-3.5,-3.4644,8,SE,Winter barley,frost,0.00857752557549711
IPSL-CM6A-LR,-2.5,-2.5669,9,SE,Winter barley,frost,0.00940603978143689
IPSL-CM6A-LR,-1.5,-1.2909,6,SE,Winter barley,frost,0.0104201907295249
IPSL-CM6A-LR,-0.5,-0.6347,8,SE,Winter barley,frost,-0.00202342106374678
EC-Earth3,-9.5,-9.1554,4,SK,Winter barley,frost,-0.00153474048221747
EC-Earth3,-8.5,-8.4726,15,SK,Winter barley,frost,0.00769796349345446
EC-Earth3,-7.5,-7.5562,20,SK,Winter barley,frost,0.00167295676490633
EC-Earth3,-6.5,-6.4767,21,SK,Winter barley,frost,0.00342178769287311
EC-Earth3,-5.5,-5.3342,8,SK,Winter barley,frost,0.00232793695222846
EC-Earth3,-4.5,-4.5495,8,SK,Winter barley,frost,0.00181886512048779
EC-Earth3,-3.5,-3.3459,9,SK,Winter barley,frost,0.00243098409387311
EC-Earth3,-2.5,-2.4493,5,SK,Winter barley,frost,0.00413669156576362
EC-Earth3,-1.5,-1.3807,6,SK,Winter barley,frost,0.00542864213724769
EC-Earth3,-0.5,-0.6596,3,SK,Winter barley,frost,-0.00936353211034137
HadGEM3-GC3-1LL,-8.5,-8.3848,12,SK,Winter barley,frost,0.00502964000062227
HadGEM3-GC3-1LL,-7.5,-7.5599,19,SK,Winter barley,frost,0.00344174959055641
HadGEM3-GC3-1LL,-6.5,-6.5442,24,SK,Winter barley,frost,0.00568122848042194
HadGEM3-GC3-1LL,-5.5,-5.5797,10,SK,Winter barley,frost,0.00300108579617814
HadGEM3-GC3-1LL,-4.5,-4.5263,6,SK,Winter barley,frost,0.00287223189778325
HadGEM3-GC3-1LL,-3.5,-3.7835,7,SK,Winter barley,frost,0.00474971812779182
HadGEM3-GC3-1LL,-2.5,-2.4504,6,SK,Winter barley,frost,-0.002628703771642
HadGEM3-GC3-1LL,-1.5,-1.3098,8,SK,Winter barley,frost,0.000310368594435673
HadGEM3-GC3-1LL,-0.5,-0.331,6,SK,Winter barley,frost,0.002418872927864
HadGEM3-GC3-1MM,-14.5,-14.3032,4,SK,Winter barley,frost,0.00602516638446443
HadGEM3-GC3-1MM,-13.5,-13.3931,8,SK,Winter barley,frost,0.00390472282482878
HadGEM3-GC3-1MM,-12.5,-12.588,13,SK,Winter barley,frost,0.000255265290954491
HadGEM3-GC3-1MM,-11.5,-11.5321,21,SK,Winter barley,frost,0.00538575172565638
HadGEM3-GC3-1MM,-10.5,-10.4803,10,SK,Winter barley,frost,0.00106941152332545
HadGEM3-GC3-1MM,-9.5,-9.6161,7,SK,Winter barley,frost,0.00462434841570542
HadGEM3-GC3-1MM,-8.5,-8.6582,7,SK,Winter barley,frost,0.00447564836383139
HadGEM3-GC3-1MM,-7.5,-7.6345,8,SK,Winter barley,frost,-0.00101062502575585
HadGEM3-GC3-1MM,-6.5,-6.4299,4,SK,Winter barley,frost,-0.000309657626120658
HadGEM3-GC3-1MM,-5.5,-5.3528,4,SK,Winter barley,frost,-0.00618750626840222
HadGEM3-GC3-1MM,-4.5,-4.3969,4,SK,Winter barley,frost,0.00235467218178645
IPSL-CM6A-LR,-9.5,-9.3401,5,SK,Winter barley,frost,0.00673237550590248
IPSL-CM6A-LR,-8.5,-8.4598,8,SK,Winter barley,frost,0.00724161485922896
IPSL-CM6A-LR,-7.5,-7.5255,19,SK,Winter barley,frost,0.00627403520701606
IPSL-CM6A-LR,-6.5,-6.5577,11,SK,Winter barley,frost,0.0103002396260908
IPSL-CM6A-LR,-5.5,-5.5623,13,SK,Winter barley,frost,0.00521456722482278
IPSL-CM6A-LR,-4.5,-4.3507,11,SK,Winter barley,frost,0.000536503206246159
IPSL-CM6A-LR,-3.5,-3.4644,8,SK,Winter barley,frost,-0.00129811613879703
IPSL-CM6A-LR,-2.5,-2.5669,9,SK,Winter barley,frost,0.00457284956242254
IPSL-CM6A-LR,-1.5,-1.2909,6,SK,Winter barley,frost,0.00536074313938774
IPSL-CM6A-LR,-0.5,-0.6347,8,SK,Winter barley,frost,-0.00101945683901663
EC-Earth3,-9.5,-9.1554,4,CZ,Soft wheat,precip,0.0439695165764208
EC-Earth3,-8.5,-8.4726,15,CZ,Soft wheat,precip,-0.00869599104957042
EC-Earth3,-7.5,-7.5562,20,CZ,Soft wheat,precip,-0.00743031293130568
EC-Earth3,-6.5,-6.4767,21,CZ,Soft wheat,precip,-0.0443816522663213
EC-Earth3,-5.5,-5.3342,8,CZ,Soft wheat,precip,-0.0152968540487754
EC-Earth3,-4.5,-4.5495,8,CZ,Soft wheat,precip,-0.0176233509980964
EC-Earth3,-3.5,-3.3459,9,CZ,Soft wheat,precip,-0.0622610249417988
EC-Earth3,-2.5,-2.4493,5,CZ,Soft wheat,precip,-0.00486927222376638
EC-Earth3,-1.5,-1.3807,6,CZ,Soft wheat,precip,-0.00714706567129541
EC-Earth3,-0.5,-0.6596,3,CZ,Soft wheat,precip,-0.0307743502822157
HadGEM3-GC3-1LL,-8.5,-8.3848,12,CZ,Soft wheat,precip,-0.0390473249330389
HadGEM3-GC3-1LL,-7.5,-7.5599,19,CZ,Soft wheat,precip,-0.0352506149799659
HadGEM3-GC3-1LL,-6.5,-6.5442,24,CZ,Soft wheat,precip,-0.00349817555599366
HadGEM3-GC3-1LL,-5.5,-5.5797,10,CZ,Soft wheat,precip,-0.0159992018814517
HadGEM3-GC3-1LL,-4.5,-4.5263,6,CZ,Soft wheat,precip,-0.0173312413294182
HadGEM3-GC3-1LL,-3.5,-3.7835,7,CZ,Soft wheat,precip,-0.0107805044466393
HadGEM3-GC3-1LL,-2.5,-2.4504,6,CZ,Soft wheat,precip,0.00536245761383278
HadGEM3-GC3-1LL,-1.5,-1.3098,8,CZ,Soft wheat,precip,0.0102272928219648
HadGEM3-GC3-1LL,-0.5,-0.331,6,CZ,Soft wheat,precip,0.0414397473555521
HadGEM3-GC3-1MM,-14.5,-14.3032,4,CZ,Soft wheat,precip,-0.0167678108670768
HadGEM3-GC3-1MM,-13.5,-13.3931,8,CZ,Soft wheat,precip,-0.0313334124380958
HadGEM3-GC3-1MM,-12.5,-12.588,13,CZ,Soft wheat,precip,-0.0370867082371378
HadGEM3-GC3-1MM,-11.5,-11.5321,21,CZ,Soft wheat,precip,-0.005941629420344
HadGEM3-GC3-1MM,-10.5,-10.4803,10,CZ,Soft wheat,precip,7.95423811739201e-05
HadGEM3-GC3-1MM,-9.5,-9.6161,7,CZ,Soft wheat,precip,-0.0788260650823596
HadGEM3-GC3-1MM,-8.5,-8.6582,7,CZ,Soft wheat,precip,-0.0131737635115046
HadGEM3-GC3-1MM,-7.5,-7.6345,8,CZ,Soft wheat,precip,-0.0140802344860391
HadGEM3-GC3-1MM,-6.5,-6.4299,4,CZ,Soft wheat,precip,-0.0525388446155401
HadGEM3-GC3-1MM,-5.5,-5.3528,4,CZ,Soft wheat,precip,-0.0422762601890572
HadGEM3-GC3-1MM,-4.5,-4.3969,4,CZ,Soft wheat,precip,-0.0423921782901489
IPSL-CM6A-LR,-9.5,-9.3401,5,CZ,Soft wheat,precip,-0.0153517441824383
IPSL-CM6A-LR,-8.5,-8.4598,8,CZ,Soft wheat,precip,-0.024841508884855
IPSL-CM6A-LR,-7.5,-7.5255,19,CZ,Soft wheat,precip,-0.0305671222436273
IPSL-CM6A-LR,-6.5,-6.5577,11,CZ,Soft wheat,precip,-0.0515552852726763
IPSL-CM6A-LR,-5.5,-5.5623,13,CZ,Soft wheat,precip,-0.0286696792692735
IPSL-CM6A-LR,-4.5,-4.3507,11,CZ,Soft wheat,precip,-0.0120420161695932
IPSL-CM6A-LR,-3.5,-3.4644,8,CZ,Soft wheat,precip,0.0275203120433514
IPSL-CM6A-LR,-2.5,-2.5669,9,CZ,Soft wheat,precip,-0.0302410534666018
IPSL-CM6A-LR,-1.5,-1.2909,6,CZ,Soft wheat,precip,-0.0482759932995831
IPSL-CM6A-LR,-0.5,-0.6347,8,CZ,Soft wheat,precip,0.0164159795093817
EC-Earth3,-9.5,-9.1554,4,DE,Soft wheat,precip,0.020600660820944
EC-Earth3,-8.5,-8.4726,15,DE,Soft wheat,precip,-0.0462444730035021
EC-Earth3,-7.5,-7.5562,20,DE,Soft wheat,precip,-0.0386829750608306
EC-Earth3,-6.5,-6.4767,21,DE,Soft wheat,precip,-0.060845010694188
EC-Earth3,-5.5,-5.3342,8,DE,Soft wheat,precip,-0.0331014036135142
EC-Earth3,-4.5,-4.5495,8,DE,Soft wheat,precip,-0.0433913214041593
EC-Earth3,-3.5,-3.3459,9,DE,Soft wheat,precip,-0.0725296258992285
EC-Earth3,-2.5,-2.4493,5,DE,Soft wheat,precip,-0.0446644770270012
EC-Earth3,-1.5,-1.3807,6,DE,Soft wheat,precip,-0.0342809035333909
EC-Earth3,-0.5,-0.6596,3,DE,Soft wheat,precip,-0.00227218535536256
HadGEM3-GC3-1LL,-8.5,-8.3848,12,DE,Soft wheat,precip,-0.0479361838176814
HadGEM3-GC3-1LL,-7.5,-7.5599,19,DE,Soft wheat,precip,-0.0231197529868891
HadGEM3-GC3-1LL,-6.5,-6.5442,24,DE,Soft wheat,precip,-0.0407447804408279
HadGEM3-GC3-1LL,-5.5,-5.5797,10,DE,Soft wheat,precip,-0.0356930560745261
HadGEM3-GC3-1LL,-4.5,-4.5263,6,DE,Soft wheat,precip,-0.049096018548589
HadGEM3-GC3-1LL,-3.5,-3.7835,7,DE,Soft wheat,precip,-0.0170346266572114
HadGEM3-GC3-1LL,-2.5,-2.4504,6,DE,Soft wheat,precip,-0.0140235672395665
HadGEM3-GC3-1LL,-1.5,-1.3098,8,DE,Soft wheat,precip,0.0337863517263714
HadGEM3-GC3-1LL,-0.5,-0.331,6,DE,Soft wheat,precip,-0.00387534855585147
HadGEM3-GC3-1MM,-14.5,-14.3032,4,DE,Soft wheat,precip,0.0634621595932139
HadGEM3-GC3-1MM,-13.5,-13.3931,8,DE,Soft wheat,precip,0.0673898912813076
HadGEM3-GC3-1MM,-12.5,-12.588,13,DE,Soft wheat,precip,0.0360132688580516
HadGEM3-GC3-1MM,-11.5,-11.5321,21,DE,Soft wheat,precip,0.0242730111050753
HadGEM3-GC3-1MM,-10.5,-10.4803,10,DE,Soft wheat,precip,0.0138124874611495
HadGEM3-GC3-1MM,-9.5,-9.6161,7,DE,Soft wheat,precip,-0.0550735064395161
HadGEM3-GC3-1MM,-8.5,-8.6582,7,DE,Soft wheat,precip,-0.0213571350790699
HadGEM3-GC3-1MM,-7.5,-7.6345,8,DE,Soft wheat,precip,0.0126635978043218
HadGEM3-GC3-1MM,-6.5,-6.4299,4,DE,Soft wheat,precip,-0.0119791961346145
HadGEM3-GC3-1MM,-5.5,-5.3528,4,DE,Soft wheat,precip,-0.00831092214170659
HadGEM3-GC3-1MM,-4.5,-4.3969,4,DE,Soft wheat,precip,-0.0573008708667404
IPSL-CM6A-LR,-9.5,-9.3401,5,DE,Soft wheat,precip,-0.0278586029529858
IPSL-CM6A-LR,-8.5,-8.4598,8,DE,Soft wheat,precip,-0.026210453956428
IPSL-CM6A-LR,-7.5,-7.5255,19,DE,Soft wheat,precip,-0.0409067931401969
IPSL-CM6A-LR,-6.5,-6.5577,11,DE,Soft wheat,precip,-0.0612102036635053
IPSL-CM6A-LR,-5.5,-5.5623,13,DE,Soft wheat,precip,-0.0583324611980635
IPSL-CM6A-LR,-4.5,-4.3507,11,DE,Soft wheat,precip,-0.0174651541554215
IPSL-CM6A-LR,-3.5,-3.4644,8,DE,Soft wheat,precip,0.00280828220902584
IPSL-CM6A-LR,-2.5,-2.5669,9,DE,Soft wheat,precip,-0.0510274100619866
IPSL-CM6A-LR,-1.5,-1.2909,6,DE,Soft wheat,precip,-0.0253940809241301
IPSL-CM6A-LR,-0.5,-0.6347,8,DE,Soft wheat,precip,0.010274489900742
EC-Earth3,-9.5,-9.1554,4,DK,Soft wheat,precip,-0.00965972329813277
EC-Earth3,-8.5,-8.4726,15,DK,Soft wheat,precip,-0.0296099387934049
EC-Earth3,-7.5,-7.5562,20,DK,Soft wheat,precip,-0.0382780620192429
EC-Earth3,-6.5,-6.4767,21,DK,Soft wheat,precip,-0.0473050924671263
EC-Earth3,-5.5,-5.3342,8,DK,Soft wheat,precip,-0.0393049450616032
EC-Earth3,-4.5,-4.5495,8,DK,Soft wheat,precip,-0.0464278398565192
EC-Earth3,-3.5,-3.3459,9,DK,Soft wheat,precip,-0.0761140899246511
EC-Earth3,-2.5,-2.4493,5,DK,Soft wheat,precip,-0.0278457813534076
EC-Earth3,-1.5,-1.3807,6,DK,Soft wheat,precip,-0.0308328211674945
EC-Earth3,-0.5,-0.6596,3,DK,Soft wheat,precip,0.0494855442746868
HadGEM3-GC3-1LL,-8.5,-8.3848,12,DK,Soft wheat,precip,-0.0497719965154846
HadGEM3-GC3-1LL,-7.5,-7.5599,19,DK,Soft wheat,precip,-0.0239588196257781
HadGEM3-GC3-1LL,-6.5,-6.5442,24,DK,Soft wheat,precip,-0.0484511622455503
HadGEM3-GC3-1LL,-5.5,-5.5797,10,DK,Soft wheat,precip,-0.0362589950273019
HadGEM3-GC3-1LL,-4.5,-4.5263,6,DK,Soft wheat,precip,-0.0368827987638262
HadGEM3-GC3-1LL,-3.5,-3.7835,7,DK,Soft wheat,precip,-0.00563262660213263
HadGEM3-GC3-1LL,-2.5,-2.4504,6,DK,Soft wheat,precip,-0.00233692726459811
HadGEM3-GC3-1LL,-1.5,-1.3098,8,DK,Soft wheat,precip,0.054726255715256
HadGEM3-GC3-1LL,-0.5,-0.331,6,DK,Soft wheat,precip,-0.0202742040505291
HadGEM3-GC3-1MM,-14.5,-14.3032,4,DK,Soft wheat,precip,0.172261279857628
HadGEM3-GC3-1MM,-13.5,-13.3931,8,DK,Soft wheat,precip,0.124462687679834
HadGEM3-GC3-1MM,-12.5,-12.588,13,DK,Soft wheat,precip,0.138438608644687
HadGEM3-GC3-1MM,-11.5,-11.5321,21,DK,Soft wheat,precip,0.146709396487398
HadGEM3-GC3-1MM,-10.5,-10.4803,10,DK,Soft wheat,precip,0.127178895705115
HadGEM3-GC3-1MM,-9.5,-9.6161,7,DK,Soft wheat,precip,0.0225383731621397
HadGEM3-GC3-1MM,-8.5,-8.6582,7,DK,Soft wheat,precip,0.00589322273663436
HadGEM3-GC3-1MM,-7.5,-7.6345,8,DK,Soft wheat,precip,0.0412222316666161
HadGEM3-GC3-1MM,-6.5,-6.4299,4,DK,Soft wheat,precip,-0.0610430854064853
HadGEM3-GC3-1MM,-5.5,-5.3528,4,DK,Soft wheat,precip,-0.00935582680213027
HadGEM3-GC3-1MM,-4.5,-4.3969,4,DK,Soft wheat,precip,-0.0755038144161192
IPSL-CM6A-LR,-9.5,-9.3401,5,DK,Soft wheat,precip,0.0573890699173083
IPSL-CM6A-LR,-8.5,-8.4598,8,DK,Soft wheat,precip,0.0888282327973887
IPSL-CM6A-LR,-7.5,-7.5255,19,DK,Soft wheat,precip,-0.00938346981859677
IPSL-CM6A-LR,-6.5,-6.5577,11,DK,Soft wheat,precip,0.0463254418206029
IPSL-CM6A-LR,-5.5,-5.5623,13,DK,Soft wheat,precip,-0.0308430598422951
IPSL-CM6A-LR,-4.5,-4.3507,11,DK,Soft wheat,precip,0.00251677560144233
IPSL-CM6A-LR,-3.5,-3.4644,8,DK,Soft wheat,precip,0.0229445438885489
IPSL-CM6A-LR,-2.5,-2.5669,9,DK,Soft wheat,precip,-0.0509210047767407
IPSL-CM6A-LR,-1.5,-1.2909,6,DK,Soft wheat,precip,-0.0354082456006694
IPSL-CM6A-LR,-0.5,-0.6347,8,DK,Soft wheat,precip,0.058609865613382
EC-Earth3,-9.5,-9.1554,4,EE,Soft wheat,precip,-0.0214062387434414
EC-Earth3,-8.5,-8.4726,15,EE,Soft wheat,precip,-0.0286126782128045
EC-Earth3,-7.5,-7.5562,20,EE,Soft wheat,precip,0.00116233927266343
EC-Earth3,-6.5,-6.4767,21,EE,Soft wheat,precip,-0.0157693801267023
EC-Earth3,-5.5,-5.3342,8,EE,Soft wheat,precip,-0.0323381112392338
EC-Earth3,-4.5,-4.5495,8,EE,Soft wheat,precip,0.0113508154593526
EC-Earth3,-3.5,-3.3459,9,EE,Soft wheat,precip,-0.00795737718171558
EC-Earth3,-2.5,-2.4493,5,EE,Soft wheat,precip,0.0126539532120275
EC-Earth3,-1.5,-1.3807,6,EE,Soft wheat,precip,-0.0268439540211553
EC-Earth3,-0.5,-0.6596,3,EE,Soft wheat,precip,-0.0252868830423006
HadGEM3-GC3-1LL,-8.5,-8.3848,12,EE,Soft wheat,precip,-0.0200827383422103
HadGEM3-GC3-1LL,-7.5,-7.5599,19,EE,Soft wheat,precip,0.00305851065498997
HadGEM3-GC3-1LL,-6.5,-6.5442,24,EE,Soft wheat,precip,-0.0216775953876532
HadGEM3-GC3-1LL,-5.5,-5.5797,10,EE,Soft wheat,precip,-0.0273178257548056
HadGEM3-GC3-1LL,-4.5,-4.5263,6,EE,Soft wheat,precip,-0.0180261840083506
HadGEM3-GC3-1LL,-3.5,-3.7835,7,EE,Soft wheat,precip,0.0161824820713699
HadGEM3-GC3-1LL,-2.5,-2.4504,6,EE,Soft wheat,precip,0.0522449824156891
HadGEM3-GC3-1LL,-1.5,-1.3098,8,EE,Soft wheat,precip,0.0798122206885849
HadGEM3-GC3-1LL,-0.5,-0.331,6,EE,Soft wheat,precip,0.00961249758585807
HadGEM3-GC3-1MM,-14.5,-14.3032,4,EE,Soft wheat,precip,0.120468381075
HadGEM3-GC3-1MM,-13.5,-13.3931,8,EE,Soft wheat,precip,0.130283869821684
HadGEM3-GC3-1MM,-12.5,-12.588,13,EE,Soft wheat,precip,0.150195031690148
HadGEM3-GC3-1MM,-11.5,-11.5321,21,EE,Soft wheat,precip,0.123761324596312
HadGEM3-GC3-1MM,-10.5,-10.4803,10,EE,Soft wheat,precip,0.173711156846482
HadGEM3-GC3-1MM,-9.5,-9.6161,7,EE,Soft wheat,precip,0.0323300883194981
HadGEM3-GC3-1MM,-8.5,-8.6582,7,EE,Soft wheat,precip,0.0564015377935313
HadGEM3-GC3-1MM,-7.5,-7.6345,8,EE,Soft wheat,precip,0.0833620667706165
HadGEM3-GC3-1MM,-6.5,-6.4299,4,EE,Soft wheat,precip,-0.00736180150068032
HadGEM3-GC3-1MM,-5.5,-5.3528,4,EE,Soft wheat,precip,0.014064959882455
HadGEM3-GC3-1MM,-4.5,-4.3969,4,EE,Soft wheat,precip,0.000441111264867622
IPSL-CM6A-LR,-9.5,-9.3401,5,EE,Soft wheat,precip,0.0872172077619251
IPSL-CM6A-LR,-8.5,-8.4598,8,EE,Soft wheat,precip,0.0829220384902984
IPSL-CM6A-LR,-7.5,-7.5255,19,EE,Soft wheat,precip,0.0382842877643628
IPSL-CM6A-LR,-6.5,-6.5577,11,EE,Soft wheat,precip,0.00637392098364762
IPSL-CM6A-LR,-5.5,-5.5623,13,EE,Soft wheat,precip,0.0186392975040672
IPSL-CM6A-LR,-4.5,-4.3507,11,EE,Soft wheat,precip,0.0259693491191551
IPSL-CM6A-LR,-3.5,-3.4644,8,EE,Soft wheat,precip,-0.00462670214031697
IPSL-CM6A-LR,-2.5,-2.5669,9,EE,Soft wheat,precip,0.000639459196952984
IPSL-CM6A-LR,-1.5,-1.2909,6,EE,Soft wheat,precip,-0.034150376000124
IPSL-CM6A-LR,-0.5,-0.6347,8,EE,Soft wheat,precip,-0.00404315743956716
EC-Earth3,-9.5,-9.1554,4,EL,Soft wheat,precip,-0.0157177408488442
EC-Earth3,-8.5,-8.4726,15,EL,Soft wheat,precip,-0.026437583218249
EC-Earth3,-7.5,-7.5562,20,EL,Soft wheat,precip,-0.0216690494577364
EC-Earth3,-6.5,-6.4767,21,EL,Soft wheat,precip,-0.00632669050818481
EC-Earth3,-5.5,-5.3342,8,EL,Soft wheat,precip,-0.0161960792628881
EC-Earth3,-4.5,-4.5495,8,EL,Soft wheat,precip,-0.0119817673608035
EC-Earth3,-3.5,-3.3459,9,EL,Soft wheat,precip,-0.0177350996556575
EC-Earth3,-2.5,-2.4493,5,EL,Soft wheat,precip,-0.0389136867431342
EC-Earth3,-1.5,-1.3807,6,EL,Soft wheat,precip,-0.00676815192313812
EC-Earth3,-0.5,-0.6596,3,EL,Soft wheat,precip,-0.00179740447324819
HadGEM3-GC3-1LL,-8.5,-8.3848,12,EL,Soft wheat,precip,-0.0152443862943195
HadGEM3-GC3-1LL,-7.5,-7.5599,19,EL,Soft wheat,precip,-0.0254847726665852
HadGEM3-GC3-1LL,-6.5,-6.5442,24,EL,Soft wheat,precip,-0.00963777346483844
HadGEM3-GC3-1LL,-5.5,-5.5797,10,EL,Soft wheat,precip,-0.0185107257272872
HadGEM3-GC3-1LL,-4.5,-4.5263,6,EL,Soft wheat,precip,-0.0304835634599575
HadGEM3-GC3-1LL,-3.5,-3.7835,7,EL,Soft wheat,precip,-0.0214713997753881
HadGEM3-GC3-1LL,-2.5,-2.4504,6,EL,Soft wheat,precip,-0.0106150151032153
HadGEM3-GC3-1LL,-1.5,-1.3098,8,EL,Soft wheat,precip,-0.00673409583154061
HadGEM3-GC3-1LL,-0.5,-0.331,6,EL,Soft wheat,precip,-0.0148936578603519
HadGEM3-GC3-1MM,-14.5,-14.3032,4,EL,Soft wheat,precip,-0.0445052057614299
HadGEM3-GC3-1MM,-13.5,-13.3931,8,EL,Soft wheat,precip,-0.0653473984748378
HadGEM3-GC3-1MM,-12.5,-12.588,13,EL,Soft wheat,precip,-0.0415981029525694
HadGEM3-GC3-1MM,-11.5,-11.5321,21,EL,Soft wheat,precip,-0.0580201709434509
HadGEM3-GC3-1MM,-10.5,-10.4803,10,EL,Soft wheat,precip,-0.0639396049596451
HadGEM3-GC3-1MM,-9.5,-9.6161,7,EL,Soft wheat,precip,-0.073591341161362
HadGEM3-GC3-1MM,-8.5,-8.6582,7,EL,Soft wheat,precip,-0.0456385018867715
HadGEM3-GC3-1MM,-7.5,-7.6345,8,EL,Soft wheat,precip,-0.0465610891391322
HadGEM3-GC3-1MM,-6.5,-6.4299,4,EL,Soft wheat,precip,-0.0133801484332241
HadGEM3-GC3-1MM,-5.5,-5.3528,4,EL,Soft wheat,precip,-0.0219333710712925
HadGEM3-GC3-1MM,-4.5,-4.3969,4,EL,Soft wheat,precip,-0.011780103243911
IPSL-CM6A-LR,-9.5,-9.3401,5,EL,Soft wheat,precip,-0.0202451705740119
IPSL-CM6A-LR,-8.5,-8.4598,8,EL,Soft wheat,precip,-0.0481056749696906
IPSL-CM6A-LR,-7.5,-7.5255,19,EL,Soft wheat,precip,-0.0435486812241741
IPSL-CM6A-LR,-6.5,-6.5577,11,EL,Soft wheat,precip,-0.0409285602243855
IPSL-CM6A-LR,-5.5,-5.5623,13,EL,Soft wheat,precip,-0.0303730746682983
IPSL-CM6A-LR,-4.5,-4.3507,11,EL,Soft wheat,precip,-0.00492182834033501
IPSL-CM6A-LR,-3.5,-3.4644,8,EL,Soft wheat,precip,-0.0255744786214503
IPSL-CM6A-LR,-2.5,-2.5669,9,EL,Soft wheat,precip,-0.0303182779128846
IPSL-CM6A-LR,-1.5,-1.2909,6,EL,Soft wheat,precip,0.000638141374362142
IPSL-CM6A-LR,-0.5,-0.6347,8,EL,Soft wheat,precip,-0.0407830756181011
EC-Earth3,-9.5,-9.1554,4,ES,Soft wheat,precip,-0.0576375762304795
EC-Earth3,-8.5,-8.4726,15,ES,Soft wheat,precip,-0.0580968465660013
EC-Earth3,-7.5,-7.5562,20,ES,Soft wheat,precip,-0.0414921276767746
EC-Earth3,-6.5,-6.4767,21,ES,Soft wheat,precip,-0.0584454397259517
EC-Earth3,-5.5,-5.3342,8,ES,Soft wheat,precip,-0.0622001850716403
EC-Earth3,-4.5,-4.5495,8,ES,Soft wheat,precip,-0.0696345382912055
EC-Earth3,-3.5,-3.3459,9,ES,Soft wheat,precip,-0.0206250723650862
EC-Earth3,-2.5,-2.4493,5,ES,Soft wheat,precip,-0.0432207048229339
EC-Earth3,-1.5,-1.3807,6,ES,Soft wheat,precip,-0.0133022663410361
EC-Earth3,-0.5,-0.6596,3,ES,Soft wheat,precip,-0.0392127652307709
HadGEM3-GC3-1LL,-8.5,-8.3848,12,ES,Soft wheat,precip,-0.0574201988481632
HadGEM3-GC3-1LL,-7.5,-7.5599,19,ES,Soft wheat,precip,-0.041733583742922
HadGEM3-GC3-1LL,-6.5,-6.5442,24,ES,Soft wheat,precip,-0.0412025692502807
HadGEM3-GC3-1LL,-5.5,-5.5797,10,ES,Soft wheat,precip,-0.0242991250447752
HadGEM3-GC3-1LL,-4.5,-4.5263,6,ES,Soft wheat,precip,-0.0624907025475039
HadGEM3-GC3-1LL,-3.5,-3.7835,7,ES,Soft wheat,precip,-0.0397906966747604
HadGEM3-GC3-1LL,-2.5,-2.4504,6,ES,Soft wheat,precip,-0.0500441884656483
HadGEM3-GC3-1LL,-1.5,-1.3098,8,ES,Soft wheat,precip,-0.0171845326562151
HadGEM3-GC3-1LL,-0.5,-0.331,6,ES,Soft wheat,precip,-0.0278599599781569
HadGEM3-GC3-1MM,-14.5,-14.3032,4,ES,Soft wheat,precip,-0.0598332995553171
HadGEM3-GC3-1MM,-13.5,-13.3931,8,ES,Soft wheat,precip,-0.0383955704850058
HadGEM3-GC3-1MM,-12.5,-12.588,13,ES,Soft wheat,precip,-0.0510030208914682
HadGEM3-GC3-1MM,-11.5,-11.5321,21,ES,Soft wheat,precip,-0.0711879258002721
HadGEM3-GC3-1MM,-10.5,-10.4803,10,ES,Soft wheat,precip,-0.0771959672831646
HadGEM3-GC3-1MM,-9.5,-9.6161,7,ES,Soft wheat,precip,-0.0601661692019274
HadGEM3-GC3-1MM,-8.5,-8.6582,7,ES,Soft wheat,precip,-0.0394743293320178
HadGEM3-GC3-1MM,-7.5,-7.6345,8,ES,Soft wheat,precip,-0.0750477426672772
HadGEM3-GC3-1MM,-6.5,-6.4299,4,ES,Soft wheat,precip,-0.0520198291487414
HadGEM3-GC3-1MM,-5.5,-5.3528,4,ES,Soft wheat,precip,-0.0341823185284634
HadGEM3-GC3-1MM,-4.5,-4.3969,4,ES,Soft wheat,precip,0.0290357284316502
IPSL-CM6A-LR,-9.5,-9.3401,5,ES,Soft wheat,precip,-0.0597686257067026
IPSL-CM6A-LR,-8.5,-8.4598,8,ES,Soft wheat,precip,-0.0701095812900566
IPSL-CM6A-LR,-7.5,-7.5255,19,ES,Soft wheat,precip,-0.0624866751847286
IPSL-CM6A-LR,-6.5,-6.5577,11,ES,Soft wheat,precip,-0.0611435665988345
IPSL-CM6A-LR,-5.5,-5.5623,13,ES,Soft wheat,precip,-0.0611817902699274
IPSL-CM6A-LR,-4.5,-4.3507,11,ES,Soft wheat,precip,-0.0570978464162655
IPSL-CM6A-LR,-3.5,-3.4644,8,ES,Soft wheat,precip,-0.0630496944673776
IPSL-CM6A-LR,-2.5,-2.5669,9,ES,Soft wheat,precip,-0.00606298385883358
IPSL-CM6A-LR,-1.5,-1.2909,6,ES,Soft wheat,precip,-0.0343137413697138
IPSL-CM6A-LR,-0.5,-0.6347,8,ES,Soft wheat,precip,-0.0315788003873842
EC-Earth3,-9.5,-9.1554,4,FI,Soft wheat,precip,0.00460007250633077
EC-Earth3,-8.5,-8.4726,15,FI,Soft wheat,precip,-0.00270359335522232
EC-Earth3,-7.5,-7.5562,20,FI,Soft wheat,precip,-0.0056796697452335
EC-Earth3,-6.5,-6.4767,21,FI,Soft wheat,precip,-0.0140569304975455
EC-Earth3,-5.5,-5.3342,8,FI,Soft wheat,precip,-0.0222506752140352
EC-Earth3,-4.5,-4.5495,8,FI,Soft wheat,precip,0.0105663262991603
EC-Earth3,-3.5,-3.3459,9,FI,Soft wheat,precip,-0.00814665651476846
EC-Earth3,-2.5,-2.4493,5,FI,Soft wheat,precip,0.0439674366859486
EC-Earth3,-1.5,-1.3807,6,FI,Soft wheat,precip,-0.0141020899031769
EC-Earth3,-0.5,-0.6596,3,FI,Soft wheat,precip,-0.0240983174572432
HadGEM3-GC3-1LL,-8.5,-8.3848,12,FI,Soft wheat,precip,-0.0147939051429547
HadGEM3-GC3-1LL,-7.5,-7.5599,19,FI,Soft wheat,precip,-0.0149720897199133
HadGEM3-GC3-1LL,-6.5,-6.5442,24,FI,Soft wheat,precip,-0.0191458976802892
HadGEM3-GC3-1LL,-5.5,-5.5797,10,FI,Soft wheat,precip,-0.0359801166407206
HadGEM3-GC3-1LL,-4.5,-4.5263,6,FI,Soft wheat,precip,-0.00399704660533745
HadGEM3-GC3-1LL,-3.5,-3.7835,7,FI,Soft wheat,precip,0.0262040794315904
HadGEM3-GC3-1LL,-2.5,-2.4504,6,FI,Soft wheat,precip,0.0293582350155432
HadGEM3-GC3-1LL,-1.5,-1.3098,8,FI,Soft wheat,precip,0.082931802395806
HadGEM3-GC3-1LL,-0.5,-0.331,6,FI,Soft wheat,precip,0.00419650480555825
HadGEM3-GC3-1MM,-14.5,-14.3032,4,FI,Soft wheat,precip,0.172266439445209
HadGEM3-GC3-1MM,-13.5,-13.3931,8,FI,Soft wheat,precip,0.126157599046595
HadGEM3-GC3-1MM,-12.5,-12.588,13,FI,Soft wheat,precip,0.157645390857858
HadGEM3-GC3-1MM,-11.5,-11.5321,21,FI,Soft wheat,precip,0.153851174719376
HadGEM3-GC3-1MM,-10.5,-10.4803,10,FI,Soft wheat,precip,0.147023338647593
HadGEM3-GC3-1MM,-9.5,-9.6161,7,FI,Soft wheat,precip,0.0786946882403302
HadGEM3-GC3-1MM,-8.5,-8.6582,7,FI,Soft wheat,precip,0.104413055961039
HadGEM3-GC3-1MM,-7.5,-7.6345,8,FI,Soft wheat,precip,0.0990880447631923
HadGEM3-GC3-1MM,-6.5,-6.4299,4,FI,Soft wheat,precip,-0.00999759425863845
HadGEM3-GC3-1MM,-5.5,-5.3528,4,FI,Soft wheat,precip,0.015485547168619
HadGEM3-GC3-1MM,-4.5,-4.3969,4,FI,Soft wheat,precip,-0.013612380314335
IPSL-CM6A-LR,-9.5,-9.3401,5,FI,Soft wheat,precip,0.0733953281414335
IPSL-CM6A-LR,-8.5,-8.4598,8,FI,Soft wheat,precip,0.106132757711844
IPSL-CM6A-LR,-7.5,-7.5255,19,FI,Soft wheat,precip,0.0731124939117328
IPSL-CM6A-LR,-6.5,-6.5577,11,FI,Soft wheat,precip,0.0504418672277615
IPSL-CM6A-LR,-5.5,-5.5623,13,FI,Soft wheat,precip,0.00254002624854657
IPSL-CM6A-LR,-4.5,-4.3507,11,FI,Soft wheat,precip,0.00685239897955007
IPSL-CM6A-LR,-3.5,-3.4644,8,FI,Soft wheat,precip,-0.00719973044349923
IPSL-CM6A-LR,-2.5,-2.5669,9,FI,Soft wheat,precip,-0.0208047338506595
IPSL-CM6A-LR,-1.5,-1.2909,6,FI,Soft wheat,precip,-0.0104575842608956
IPSL-CM6A-LR,-0.5,-0.6347,8,FI,Soft wheat,precip,0.0162014017779653
EC-Earth3,-9.5,-9.1554,4,FR,Soft wheat,precip,-0.00699088032311095
EC-Earth3,-8.5,-8.4726,15,FR,Soft wheat,precip,-0.0723278535893762
EC-Earth3,-7.5,-7.5562,20,FR,Soft wheat,precip,-0.0325136922623491
EC-Earth3,-6.5,-6.4767,21,FR,Soft wheat,precip,-0.0615446675107705
EC-Earth3,-5.5,-5.3342,8,FR,Soft wheat,precip,-0.0115740701681912
EC-Earth3,-4.5,-4.5495,8,FR,Soft wheat,precip,-0.0759477825432924
EC-Earth3,-3.5,-3.3459,9,FR,Soft wheat,precip,-0.0498078765503689
EC-Earth3,-2.5,-2.4493,5,FR,Soft wheat,precip,-0.0476562075211691
EC-Earth3,-1.5,-1.3807,6,FR,Soft wheat,precip,-0.0357071453129079
EC-Earth3,-0.5,-0.6596,3,FR,Soft wheat,precip,0.00454594070452854
HadGEM3-GC3-1LL,-8.5,-8.3848,12,FR,Soft wheat,precip,-0.0502163548233929
HadGEM3-GC3-1LL,-7.5,-7.5599,19,FR,Soft wheat,precip,-0.0266064586373664
HadGEM3-GC3-1LL,-6.5,-6.5442,24,FR,Soft wheat,precip,-0.0517321054128277
HadGEM3-GC3-1LL,-5.5,-5.5797,10,FR,Soft wheat,precip,-0.00558726983653123
HadGEM3-GC3-1LL,-4.5,-4.5263,6,FR,Soft wheat,precip,-0.0817138549629265
HadGEM3-GC3-1LL,-3.5,-3.7835,7,FR,Soft wheat,precip,-0.0223003370692416
HadGEM3-GC3-1LL,-2.5,-2.4504,6,FR,Soft wheat,precip,-0.0642510125458388
HadGEM3-GC3-1LL,-1.5,-1.3098,8,FR,Soft wheat,precip,0.0207794153839931
HadGEM3-GC3-1LL,-0.5,-0.331,6,FR,Soft wheat,precip,-0.0197043532214151
HadGEM3-GC3-1MM,-14.5,-14.3032,4,FR,Soft wheat,precip,0.0723002726841735
HadGEM3-GC3-1MM,-13.5,-13.3931,8,FR,Soft wheat,precip,0.079384650163436
HadGEM3-GC3-1MM,-12.5,-12.588,13,FR,Soft wheat,precip,0.0644158592675581
HadGEM3-GC3-1MM,-11.5,-11.5321,21,FR,Soft wheat,precip,0.0224903092367973
HadGEM3-GC3-1MM,-10.5,-10.4803,10,FR,Soft wheat,precip,-0.0403455050867487
HadGEM3-GC3-1MM,-9.5,-9.6161,7,FR,Soft wheat,precip,-0.0400348266031539
HadGEM3-GC3-1MM,-8.5,-8.6582,7,FR,Soft wheat,precip,-0.0320514262126679
HadGEM3-GC3-1MM,-7.5,-7.6345,8,FR,Soft wheat,precip,-0.0319711106672025
HadGEM3-GC3-1MM,-6.5,-6.4299,4,FR,Soft wheat,precip,-0.0443739233731452
HadGEM3-GC3-1MM,-5.5,-5.3528,4,FR,Soft wheat,precip,0.0152875132986734
HadGEM3-GC3-1MM,-4.5,-4.3969,4,FR,Soft wheat,precip,-0.00596735648310998
IPSL-CM6A-LR,-9.5,-9.3401,5,FR,Soft wheat,precip,-0.0544715697408752
IPSL-CM6A-LR,-8.5,-8.4598,8,FR,Soft wheat,precip,-0.0356520680157148
IPSL-CM6A-LR,-7.5,-7.5255,19,FR,Soft wheat,precip,-0.0646015758515916
IPSL-CM6A-LR,-6.5,-6.5577,11,FR,Soft wheat,precip,-0.0850362377124201
IPSL-CM6A-LR,-5.5,-5.5623,13,FR,Soft wheat,precip,-0.0680092323928453
IPSL-CM6A-LR,-4.5,-4.3507,11,FR,Soft wheat,precip,-0.0374573255972016
IPSL-CM6A-LR,-3.5,-3.4644,8,FR,Soft wheat,precip,-0.0473348281704309
IPSL-CM6A-LR,-2.5,-2.5669,9,FR,Soft wheat,precip,-0.0570300143907094
IPSL-CM6A-LR,-1.5,-1.2909,6,FR,Soft wheat,precip,-0.00142866439515652
IPSL-CM6A-LR,-0.5,-0.6347,8,FR,Soft wheat,precip,0.00848227625314835
EC-Earth3,-9.5,-9.1554,4,HU,Soft wheat,precip,0.0226729260464647
EC-Earth3,-8.5,-8.4726,15,HU,Soft wheat,precip,0.021874529726818
EC-Earth3,-7.5,-7.5562,20,HU,Soft wheat,precip,0.00719642004590463
EC-Earth3,-6.5,-6.4767,21,HU,Soft wheat,precip,-0.0221805093692114
EC-Earth3,-5.5,-5.3342,8,HU,Soft wheat,precip,-0.0438109739276895
EC-Earth3,-4.5,-4.5495,8,HU,Soft wheat,precip,-0.00269594546141807
EC-Earth3,-3.5,-3.3459,9,HU,Soft wheat,precip,0.0141410435323299
EC-Earth3,-2.5,-2.4493,5,HU,Soft wheat,precip,-0.0673402762997584
EC-Earth3,-1.5,-1.3807,6,HU,Soft wheat,precip,0.0453647788367986
EC-Earth3,-0.5,-0.6596,3,HU,Soft wheat,precip,-0.0338861728192558
HadGEM3-GC3-1LL,-8.5,-8.3848,12,HU,Soft wheat,precip,-0.0274079185479275
HadGEM3-GC3-1LL,-7.5,-7.5599,19,HU,Soft wheat,precip,-0.0330975834909138
HadGEM3-GC3-1LL,-6.5,-6.5442,24,HU,Soft wheat,precip,0.00410076005606533
HadGEM3-GC3-1LL,-5.5,-5.5797,10,HU,Soft wheat,precip,-0.0218911190454219
HadGEM3-GC3-1LL,-4.5,-4.5263,6,HU,Soft wheat,precip,0.0273755329533502
HadGEM3-GC3-1LL,-3.5,-3.7835,7,HU,Soft wheat,precip,-0.00140811608872988
HadGEM3-GC3-1LL,-2.5,-2.4504,6,HU,Soft wheat,precip,-0.0211162474862456
HadGEM3-GC3-1LL,-1.5,-1.3098,8,HU,Soft wheat,precip,-0.00999951244065017
HadGEM3-GC3-1LL,-0.5,-0.331,6,HU,Soft wheat,precip,0.0204419588126232
HadGEM3-GC3-1MM,-14.5,-14.3032,4,HU,Soft wheat,precip,-0.0799602487364108
HadGEM3-GC3-1MM,-13.5,-13.3931,8,HU,Soft wheat,precip,-0.0544054912509599
HadGEM3-GC3-1MM,-12.5,-12.588,13,HU,Soft wheat,precip,-0.0414670968320531
HadGEM3-GC3-1MM,-11.5,-11.5321,21,HU,Soft wheat,precip,-0.0406817674220487
HadGEM3-GC3-1MM,-10.5,-10.4803,10,HU,Soft wheat,precip,-0.0320690253551084
HadGEM3-GC3-1MM,-9.5,-9.6161,7,HU,Soft wheat,precip,-0.0574425504740565
HadGEM3-GC3-1MM,-8.5,-8.6582,7,HU,Soft wheat,precip,-0.0418417317594813
HadGEM3-GC3-1MM,-7.5,-7.6345,8,HU,Soft wheat,precip,-0.000490443063934061
HadGEM3-GC3-1MM,-6.5,-6.4299,4,HU,Soft wheat,precip,-0.0168752077685728
HadGEM3-GC3-1MM,-5.5,-5.3528,4,HU,Soft wheat,precip,-0.0318703930867586
HadGEM3-GC3-1MM,-4.5,-4.3969,4,HU,Soft wheat,precip,0.00055076517137171
IPSL-CM6A-LR,-9.5,-9.3401,5,HU,Soft wheat,precip,-0.0287086056842548
IPSL-CM6A-LR,-8.5,-8.4598,8,HU,Soft wheat,precip,-0.0325857744506927
IPSL-CM6A-LR,-7.5,-7.5255,19,HU,Soft wheat,precip,-0.0314570807511909
IPSL-CM6A-LR,-6.5,-6.5577,11,HU,Soft wheat,precip,-0.0442653435357477
IPSL-CM6A-LR,-5.5,-5.5623,13,HU,Soft wheat,precip,-0.027913831722257
IPSL-CM6A-LR,-4.5,-4.3507,11,HU,Soft wheat,precip,-0.017743372909725
IPSL-CM6A-LR,-3.5,-3.4644,8,HU,Soft wheat,precip,0.00598922723325176
IPSL-CM6A-LR,-2.5,-2.5669,9,HU,Soft wheat,precip,-0.0298457076435956
IPSL-CM6A-LR,-1.5,-1.2909,6,HU,Soft wheat,precip,-0.0291002125957344
IPSL-CM6A-LR,-0.5,-0.6347,8,HU,Soft wheat,precip,-0.0280295602947536
EC-Earth3,-9.5,-9.1554,4,IT,Soft wheat,precip,-0.0291003126832185
EC-Earth3,-8.5,-8.4726,15,IT,Soft wheat,precip,-0.0597035481195654
EC-Earth3,-7.5,-7.5562,20,IT,Soft wheat,precip,-0.029862969662639
EC-Earth3,-6.5,-6.4767,21,IT,Soft wheat,precip,-0.0453809115415785
EC-Earth3,-5.5,-5.3342,8,IT,Soft wheat,precip,-0.0624474369552884
EC-Earth3,-4.5,-4.5495,8,IT,Soft wheat,precip,-0.0811597081882051
EC-Earth3,-3.5,-3.3459,9,IT,Soft wheat,precip,-0.00732380427117139
EC-Earth3,-2.5,-2.4493,5,IT,Soft wheat,precip,-0.0888527501256781
EC-Earth3,-1.5,-1.3807,6,IT,Soft wheat,precip,-0.0441344151663348
EC-Earth3,-0.5,-0.6596,3,IT,Soft wheat,precip,-0.0547313284784524
HadGEM3-GC3-1LL,-8.5,-8.3848,12,IT,Soft wheat,precip,-0.0471007122391099
HadGEM3-GC3-1LL,-7.5,-7.5599,19,IT,Soft wheat,precip,-0.056242789925173
HadGEM3-GC3-1LL,-6.5,-6.5442,24,IT,Soft wheat,precip,-0.0238909134982724
HadGEM3-GC3-1LL,-5.5,-5.5797,10,IT,Soft wheat,precip,-0.0375416825502032
HadGEM3-GC3-1LL,-4.5,-4.5263,6,IT,Soft wheat,precip,-0.0584406126512421
HadGEM3-GC3-1LL,-3.5,-3.7835,7,IT,Soft wheat,precip,-0.0405532081805211
HadGEM3-GC3-1LL,-2.5,-2.4504,6,IT,Soft wheat,precip,-0.0658942627913647
HadGEM3-GC3-1LL,-1.5,-1.3098,8,IT,Soft wheat,precip,-0.00787315988897464
HadGEM3-GC3-1LL,-0.5,-0.331,6,IT,Soft wheat,precip,-0.0129218113657039
HadGEM3-GC3-1MM,-14.5,-14.3032,4,IT,Soft wheat,precip,-0.0950865476146254
HadGEM3-GC3-1MM,-13.5,-13.3931,8,IT,Soft wheat,precip,-0.104020518460472
HadGEM3-GC3-1MM,-12.5,-12.588,13,IT,Soft wheat,precip,-0.088848380417374
HadGEM3-GC3-1MM,-11.5,-11.5321,21,IT,Soft wheat,precip,-0.0958706244118565
HadGEM3-GC3-1MM,-10.5,-10.4803,10,IT,Soft wheat,precip,-0.101845832201116
HadGEM3-GC3-1MM,-9.5,-9.6161,7,IT,Soft wheat,precip,-0.0840832478290082
HadGEM3-GC3-1MM,-8.5,-8.6582,7,IT,Soft wheat,precip,-0.0965413279706012
HadGEM3-GC3-1MM,-7.5,-7.6345,8,IT,Soft wheat,precip,-0.0976712495807624
HadGEM3-GC3-1MM,-6.5,-6.4299,4,IT,Soft wheat,precip,-0.0535950178012971
HadGEM3-GC3-1MM,-5.5,-5.3528,4,IT,Soft wheat,precip,-0.0714543771971513
HadGEM3-GC3-1MM,-4.5,-4.3969,4,IT,Soft wheat,precip,-0.0182059850937314
IPSL-CM6A-LR,-9.5,-9.3401,5,IT,Soft wheat,precip,-0.0546215293777983
IPSL-CM6A-LR,-8.5,-8.4598,8,IT,Soft wheat,precip,-0.0689934616438503
IPSL-CM6A-LR,-7.5,-7.5255,19,IT,Soft wheat,precip,-0.0751627273599386
IPSL-CM6A-LR,-6.5,-6.5577,11,IT,Soft wheat,precip,-0.0975151353143973
IPSL-CM6A-LR,-5.5,-5.5623,13,IT,Soft wheat,precip,-0.0694715572132578
IPSL-CM6A-LR,-4.5,-4.3507,11,IT,Soft wheat,precip,-0.0591475540658989
IPSL-CM6A-LR,-3.5,-3.4644,8,IT,Soft wheat,precip,-0.0452552755234966
IPSL-CM6A-LR,-2.5,-2.5669,9,IT,Soft wheat,precip,-0.0252583417159848
IPSL-CM6A-LR,-1.5,-1.2909,6,IT,Soft wheat,precip,-0.0420902068849894
IPSL-CM6A-LR,-0.5,-0.6347,8,IT,Soft wheat,precip,-0.0409855688196974
EC-Earth3,-9.5,-9.1554,4,LT,Soft wheat,precip,-0.00978690924861885
EC-Earth3,-8.5,-8.4726,15,LT,Soft wheat,precip,-0.0454050251962674
EC-Earth3,-7.5,-7.5562,20,LT,Soft wheat,precip,-0.0298101120322243
EC-Earth3,-6.5,-6.4767,21,LT,Soft wheat,precip,-0.0314179322806669
EC-Earth3,-5.5,-5.3342,8,LT,Soft wheat,precip,-0.0265814819650336
EC-Earth3,-4.5,-4.5495,8,LT,Soft wheat,precip,-0.00232331266613606
EC-Earth3,-3.5,-3.3459,9,LT,Soft wheat,precip,-0.0477335767330028
EC-Earth3,-2.5,-2.4493,5,LT,Soft wheat,precip,-0.0193963030080265
EC-Earth3,-1.5,-1.3807,6,LT,Soft wheat,precip,-0.0518723691127176
EC-Earth3,-0.5,-0.6596,3,LT,Soft wheat,precip,-0.0524582762682034
HadGEM3-GC3-1LL,-8.5,-8.3848,12,LT,Soft wheat,precip,-0.0458267296102244
HadGEM3-GC3-1LL,-7.5,-7.5599,19,LT,Soft wheat,precip,-0.0312942054095007
HadGEM3-GC3-1LL,-6.5,-6.5442,24,LT,Soft wheat,precip,-0.0381521393781967
HadGEM3-GC3-1LL,-5.5,-5.5797,10,LT,Soft wheat,precip,-0.055699489341505
HadGEM3-GC3-1LL,-4.5,-4.5263,6,LT,Soft wheat,precip,-0.0186823026118494
HadGEM3-GC3-1LL,-3.5,-3.7835,7,LT,Soft wheat,precip,-0.00872824375801137
HadGEM3-GC3-1LL,-2.5,-2.4504,6,LT,Soft wheat,precip,0.0286742152777632
HadGEM3-GC3-1LL,-1.5,-1.3098,8,LT,Soft wheat,precip,0.0506319191966308
HadGEM3-GC3-1LL,-0.5,-0.331,6,LT,Soft wheat,precip,0.00163897764370172
HadGEM3-GC3-1MM,-14.5,-14.3032,4,LT,Soft wheat,precip,0.00964802850039461
HadGEM3-GC3-1MM,-13.5,-13.3931,8,LT,Soft wheat,precip,0.0752569067843581
HadGEM3-GC3-1MM,-12.5,-12.588,13,LT,Soft wheat,precip,0.0707677150255163
HadGEM3-GC3-1MM,-11.5,-11.5321,21,LT,Soft wheat,precip,0.0410290999140827
HadGEM3-GC3-1MM,-10.5,-10.4803,10,LT,Soft wheat,precip,0.105591786347341
HadGEM3-GC3-1MM,-9.5,-9.6161,7,LT,Soft wheat,precip,-0.0421425240257948
HadGEM3-GC3-1MM,-8.5,-8.6582,7,LT,Soft wheat,precip,-0.000520650969796506
HadGEM3-GC3-1MM,-7.5,-7.6345,8,LT,Soft wheat,precip,0.0174712737339407
HadGEM3-GC3-1MM,-6.5,-6.4299,4,LT,Soft wheat,precip,-0.0240688927739416
HadGEM3-GC3-1MM,-5.5,-5.3528,4,LT,Soft wheat,precip,0.00229869730115049
HadGEM3-GC3-1MM,-4.5,-4.3969,4,LT,Soft wheat,precip,-0.0182488507219256
IPSL-CM6A-LR,-9.5,-9.3401,5,LT,Soft wheat,precip,-0.000645963784658767
IPSL-CM6A-LR,-8.5,-8.4598,8,LT,Soft wheat,precip,0.00781154001987477
IPSL-CM6A-LR,-7.5,-7.5255,19,LT,Soft wheat,precip,-0.0371595468137953
IPSL-CM6A-LR,-6.5,-6.5577,11,LT,Soft wheat,precip,-0.0661671436281404
IPSL-CM6A-LR,-5.5,-5.5623,13,LT,Soft wheat,precip,-0.0221975247797326
IPSL-CM6A-LR,-4.5,-4.3507,11,LT,Soft wheat,precip,-0.019891475818695
IPSL-CM6A-LR,-3.5,-3.4644,8,LT,Soft wheat,precip,0.0134855240181011
IPSL-CM6A-LR,-2.5,-2.5669,9,LT,Soft wheat,precip,9.77908733440094e-05
IPSL-CM6A-LR,-1.5,-1.2909,6,LT,Soft wheat,precip,-0.0380761440100272
IPSL-CM6A-LR,-0.5,-0.6347,8,LT,Soft wheat,precip,-0.00372669170628592
EC-Earth3,-9.5,-9.1554,4,LV,Soft wheat,precip,-0.00810985599946548
EC-Earth3,-8.5,-8.4726,15,LV,Soft wheat,precip,-0.0367222524151218
EC-Earth3,-7.5,-7.5562,20,LV,Soft wheat,precip,-0.0172099843838234
EC-Earth3,-6.5,-6.4767,21,LV,Soft wheat,precip,-0.0218739188460983
EC-Earth3,-5.5,-5.3342,8,LV,Soft wheat,precip,-0.0313898350659299
EC-Earth3,-4.5,-4.5495,8,LV,Soft wheat,precip,0.00187236557376507
EC-Earth3,-3.5,-3.3459,9,LV,Soft wheat,precip,-0.0279985173271768
EC-Earth3,-2.5,-2.4493,5,LV,Soft wheat,precip,-0.00867050906655981
EC-Earth3,-1.5,-1.3807,6,LV,Soft wheat,precip,-0.0429838953500372
EC-Earth3,-0.5,-0.6596,3,LV,Soft wheat,precip,-0.0379140510496838
HadGEM3-GC3-1LL,-8.5,-8.3848,12,LV,Soft wheat,precip,-0.0356508609907451
HadGEM3-GC3-1LL,-7.5,-7.5599,19,LV,Soft wheat,precip,-0.0147994612442572
HadGEM3-GC3-1LL,-6.5,-6.5442,24,LV,Soft wheat,precip,-0.0262208124502238
HadGEM3-GC3-1LL,-5.5,-5.5797,10,LV,Soft wheat,precip,-0.0386568122928424
HadGEM3-GC3-1LL,-4.5,-4.5263,6,LV,Soft wheat,precip,-0.0185597326959689
HadGEM3-GC3-1LL,-3.5,-3.7835,7,LV,Soft wheat,precip,0.00630607756945654
HadGEM3-GC3-1LL,-2.5,-2.4504,6,LV,Soft wheat,precip,0.0429392099820361
HadGEM3-GC3-1LL,-1.5,-1.3098,8,LV,Soft wheat,precip,0.0676476620724915
HadGEM3-GC3-1LL,-0.5,-0.331,6,LV,Soft wheat,precip,0.00364421758871888
HadGEM3-GC3-1MM,-14.5,-14.3032,4,LV,Soft wheat,precip,0.059562915390146
HadGEM3-GC3-1MM,-13.5,-13.3931,8,LV,Soft wheat,precip,0.114104467258716
HadGEM3-GC3-1MM,-12.5,-12.588,13,LV,Soft wheat,precip,0.117212949366803
HadGEM3-GC3-1MM,-11.5,-11.5321,21,LV,Soft wheat,precip,0.0891931700415436
HadGEM3-GC3-1MM,-10.5,-10.4803,10,LV,Soft wheat,precip,0.143277024771226
HadGEM3-GC3-1MM,-9.5,-9.6161,7,LV,Soft wheat,precip,-0.00911004676090746
HadGEM3-GC3-1MM,-8.5,-8.6582,7,LV,Soft wheat,precip,0.0201083730197749
HadGEM3-GC3-1MM,-7.5,-7.6345,8,LV,Soft wheat,precip,0.0397961448443054
HadGEM3-GC3-1MM,-6.5,-6.4299,4,LV,Soft wheat,precip,-0.0130702137255861
HadGEM3-GC3-1MM,-5.5,-5.3528,4,LV,Soft wheat,precip,0.00428850422847496
HadGEM3-GC3-1MM,-4.5,-4.3969,4,LV,Soft wheat,precip,-0.00529039721511036
IPSL-CM6A-LR,-9.5,-9.3401,5,LV,Soft wheat,precip,0.042782132902064
IPSL-CM6A-LR,-8.5,-8.4598,8,LV,Soft wheat,precip,0.050222232722514
IPSL-CM6A-LR,-7.5,-7.5255,19,LV,Soft wheat,precip,-0.00487698946528241
IPSL-CM6A-LR,-6.5,-6.5577,11,LV,Soft wheat,precip,-0.0311342055673903
IPSL-CM6A-LR,-5.5,-5.5623,13,LV,Soft wheat,precip,-0.00254252625630106
IPSL-CM6A-LR,-4.5,-4.3507,11,LV,Soft wheat,precip,0.00261544587708423
IPSL-CM6A-LR,-3.5,-3.4644,8,LV,Soft wheat,precip,0.006438034405155
IPSL-CM6A-LR,-2.5,-2.5669,9,LV,Soft wheat,precip,0.0134624071958118
IPSL-CM6A-LR,-1.5,-1.2909,6,LV,Soft wheat,precip,-0.0287604518651456
IPSL-CM6A-LR,-0.5,-0.6347,8,LV,Soft wheat,precip,0.00628650025291798
EC-Earth3,-9.5,-9.1554,4,RO,Soft wheat,precip,0.0114666082725142
EC-Earth3,-8.5,-8.4726,15,RO,Soft wheat,precip,-0.00924002486442391
EC-Earth3,-7.5,-7.5562,20,RO,Soft wheat,precip,-0.00167884925503386
EC-Earth3,-6.5,-6.4767,21,RO,Soft wheat,precip,-0.0231306952767299
EC-Earth3,-5.5,-5.3342,8,RO,Soft wheat,precip,-0.0132323301430004
EC-Earth3,-4.5,-4.5495,8,RO,Soft wheat,precip,0.018405793993985
EC-Earth3,-3.5,-3.3459,9,RO,Soft wheat,precip,0.00972236422332034
EC-Earth3,-2.5,-2.4493,5,RO,Soft wheat,precip,-0.0752257413300735
EC-Earth3,-1.5,-1.3807,6,RO,Soft wheat,precip,0.0406854015044764
EC-Earth3,-0.5,-0.6596,3,RO,Soft wheat,precip,-0.0219176262726609
HadGEM3-GC3-1LL,-8.5,-8.3848,12,RO,Soft wheat,precip,-0.0255905661820726
HadGEM3-GC3-1LL,-7.5,-7.5599,19,RO,Soft wheat,precip,-0.0378343214308105
HadGEM3-GC3-1LL,-6.5,-6.5442,24,RO,Soft wheat,precip,0.00385906621704919
HadGEM3-GC3-1LL,-5.5,-5.5797,10,RO,Soft wheat,precip,-0.0350220544331726
HadGEM3-GC3-1LL,-4.5,-4.5263,6,RO,Soft wheat,precip,0.00978475423278767
HadGEM3-GC3-1LL,-3.5,-3.7835,7,RO,Soft wheat,precip,-0.00665692268861125
HadGEM3-GC3-1LL,-2.5,-2.4504,6,RO,Soft wheat,precip,-0.0168882524459086
HadGEM3-GC3-1LL,-1.5,-1.3098,8,RO,Soft wheat,precip,0.00405699980745374
HadGEM3-GC3-1LL,-0.5,-0.331,6,RO,Soft wheat,precip,0.0324508450851871
HadGEM3-GC3-1MM,-14.5,-14.3032,4,RO,Soft wheat,precip,-0.0768232192107014
HadGEM3-GC3-1MM,-13.5,-13.3931,8,RO,Soft wheat,precip,-0.0702488185073447
HadGEM3-GC3-1MM,-12.5,-12.588,13,RO,Soft wheat,precip,-0.05227795486772
HadGEM3-GC3-1MM,-11.5,-11.5321,21,RO,Soft wheat,precip,-0.0733386164703336
HadGEM3-GC3-1MM,-10.5,-10.4803,10,RO,Soft wheat,precip,-0.0414813229512906
HadGEM3-GC3-1MM,-9.5,-9.6161,7,RO,Soft wheat,precip,-0.0841496107277441
HadGEM3-GC3-1MM,-8.5,-8.6582,7,RO,Soft wheat,precip,-0.0577888005795806
HadGEM3-GC3-1MM,-7.5,-7.6345,8,RO,Soft wheat,precip,-0.00452252433336719
HadGEM3-GC3-1MM,-6.5,-6.4299,4,RO,Soft wheat,precip,0.00477994665180506
HadGEM3-GC3-1MM,-5.5,-5.3528,4,RO,Soft wheat,precip,0.00152476965743766
HadGEM3-GC3-1MM,-4.5,-4.3969,4,RO,Soft wheat,precip,-0.0271926362829068
IPSL-CM6A-LR,-9.5,-9.3401,5,RO,Soft wheat,precip,-0.0110759510336409
IPSL-CM6A-LR,-8.5,-8.4598,8,RO,Soft wheat,precip,-0.0351736940849383
IPSL-CM6A-LR,-7.5,-7.5255,19,RO,Soft wheat,precip,-0.0358037605321075
IPSL-CM6A-LR,-6.5,-6.5577,11,RO,Soft wheat,precip,-0.0525347750592703
IPSL-CM6A-LR,-5.5,-5.5623,13,RO,Soft wheat,precip,-0.0251136226255536
IPSL-CM6A-LR,-4.5,-4.3507,11,RO,Soft wheat,precip,-0.0124315846387227
IPSL-CM6A-LR,-3.5,-3.4644,8,RO,Soft wheat,precip,-0.0178480699104895
IPSL-CM6A-LR,-2.5,-2.5669,9,RO,Soft wheat,precip,-0.0343775737021267
IPSL-CM6A-LR,-1.5,-1.2909,6,RO,Soft wheat,precip,-0.0248439677236016
IPSL-CM6A-LR,-0.5,-0.6347,8,RO,Soft wheat,precip,-0.0343497537673956
EC-Earth3,-9.5,-9.1554,4,SE,Soft wheat,precip,0.0582225514996885
EC-Earth3,-8.5,-8.4726,15,SE,Soft wheat,precip,0.000319905267452445
EC-Earth3,-7.5,-7.5562,20,SE,Soft wheat,precip,-0.0161565269031772
EC-Earth3,-6.5,-6.4767,21,SE,Soft wheat,precip,-0.0340837264444545
EC-Earth3,-5.5,-5.3342,8,SE,Soft wheat,precip,-0.0103642816600499
EC-Earth3,-4.5,-4.5495,8,SE,Soft wheat,precip,-0.0103806451679608
EC-Earth3,-3.5,-3.3459,9,SE,Soft wheat,precip,-0.0603899173364836
EC-Earth3,-2.5,-2.4493,5,SE,Soft wheat,precip,0.0161334229445441
EC-Earth3,-1.5,-1.3807,6,SE,Soft wheat,precip,-0.0222748529674142
EC-Earth3,-0.5,-0.6596,3,SE,Soft wheat,precip,0.0404371886374362
HadGEM3-GC3-1LL,-8.5,-8.3848,12,SE,Soft wheat,precip,-0.0482491205846387
HadGEM3-GC3-1LL,-7.5,-7.5599,19,SE,Soft wheat,precip,-0.0203843433018113
HadGEM3-GC3-1LL,-6.5,-6.5442,24,SE,Soft wheat,precip,-0.0412522544825001
HadGEM3-GC3-1LL,-5.5,-5.5797,10,SE,Soft wheat,precip,-0.0532582284664337
HadGEM3-GC3-1LL,-4.5,-4.5263,6,SE,Soft wheat,precip,-0.0181171034829359
HadGEM3-GC3-1LL,-3.5,-3.7835,7,SE,Soft wheat,precip,-0.015863506519596
HadGEM3-GC3-1LL,-2.5,-2.4504,6,SE,Soft wheat,precip,0.0158397464475088
HadGEM3-GC3-1LL,-1.5,-1.3098,8,SE,Soft wheat,precip,0.0435262364218109
HadGEM3-GC3-1LL,-0.5,-0.331,6,SE,Soft wheat,precip,0.0189109347847776
HadGEM3-GC3-1MM,-14.5,-14.3032,4,SE,Soft wheat,precip,0.170201901922253
HadGEM3-GC3-1MM,-13.5,-13.3931,8,SE,Soft wheat,precip,0.113147581199357
HadGEM3-GC3-1MM,-12.5,-12.588,13,SE,Soft wheat,precip,0.114157195500008
HadGEM3-GC3-1MM,-11.5,-11.5321,21,SE,Soft wheat,precip,0.140394642611038
HadGEM3-GC3-1MM,-10.5,-10.4803,10,SE,Soft wheat,precip,0.12636107152078
HadGEM3-GC3-1MM,-9.5,-9.6161,7,SE,Soft wheat,precip,0.01220079506728
HadGEM3-GC3-1MM,-8.5,-8.6582,7,SE,Soft wheat,precip,0.0367074721634742
HadGEM3-GC3-1MM,-7.5,-7.6345,8,SE,Soft wheat,precip,0.0630825644610003
HadGEM3-GC3-1MM,-6.5,-6.4299,4,SE,Soft wheat,precip,-0.0503652825086749
HadGEM3-GC3-1MM,-5.5,-5.3528,4,SE,Soft wheat,precip,-0.00327428943035982
HadGEM3-GC3-1MM,-4.5,-4.3969,4,SE,Soft wheat,precip,-0.0375499936495806
IPSL-CM6A-LR,-9.5,-9.3401,5,SE,Soft wheat,precip,0.0486857135507466
IPSL-CM6A-LR,-8.5,-8.4598,8,SE,Soft wheat,precip,0.0631036895371888
IPSL-CM6A-LR,-7.5,-7.5255,19,SE,Soft wheat,precip,0.00768718091392789
IPSL-CM6A-LR,-6.5,-6.5577,11,SE,Soft wheat,precip,0.0176109871952497
IPSL-CM6A-LR,-5.5,-5.5623,13,SE,Soft wheat,precip,-0.0081104013749531
IPSL-CM6A-LR,-4.5,-4.3507,11,SE,Soft wheat,precip,-0.00498650132473899
IPSL-CM6A-LR,-3.5,-3.4644,8,SE,Soft wheat,precip,0.0218301570060598
IPSL-CM6A-LR,-2.5,-2.5669,9,SE,Soft wheat,precip,-0.0348748663737905
IPSL-CM6A-LR,-1.5,-1.2909,6,SE,Soft wheat,precip,-0.0279642823666789
IPSL-CM6A-LR,-0.5,-0.6347,8,SE,Soft wheat,precip,0.0474558383845109
EC-Earth3,-9.5,-9.1554,4,SK,Soft wheat,precip,0.0652054800583562
EC-Earth3,-8.5,-8.4726,15,SK,Soft wheat,precip,0.0150641568236972
EC-Earth3,-7.5,-7.5562,20,SK,Soft wheat,precip,0.00945967979586796
EC-Earth3,-6.5,-6.4767,21,SK,Soft wheat,precip,-0.0367662591718793
EC-Earth3,-5.5,-5.3342,8,SK,Soft wheat,precip,-0.0548483079600241
EC-Earth3,-4.5,-4.5495,8,SK,Soft wheat,precip,0.00320656353905838
EC-Earth3,-3.5,-3.3459,9,SK,Soft wheat,precip,-0.0209747975255393
EC-Earth3,-2.5,-2.4493,5,SK,Soft wheat,precip,-0.0447799913086266
EC-Earth3,-1.5,-1.3807,6,SK,Soft wheat,precip,0.0243275075781224
EC-Earth3,-0.5,-0.6596,3,SK,Soft wheat,precip,-0.0477665832284252
HadGEM3-GC3-1LL,-8.5,-8.3848,12,SK,Soft wheat,precip,-0.0514417169306842
HadGEM3-GC3-1LL,-7.5,-7.5599,19,SK,Soft wheat,precip,-0.0350792330584503
HadGEM3-GC3-1LL,-6.5,-6.5442,24,SK,Soft wheat,precip,0.00493318730526601
HadGEM3-GC3-1LL,-5.5,-5.5797,10,SK,Soft wheat,precip,-0.0242536452588129
HadGEM3-GC3-1LL,-4.5,-4.5263,6,SK,Soft wheat,precip,0.0194117351677723
HadGEM3-GC3-1LL,-3.5,-3.7835,7,SK,Soft wheat,precip,-0.0157987601283065
HadGEM3-GC3-1LL,-2.5,-2.4504,6,SK,Soft wheat,precip,-0.0253640472384202
HadGEM3-GC3-1LL,-1.5,-1.3098,8,SK,Soft wheat,precip,0.00735965773360962
HadGEM3-GC3-1LL,-0.5,-0.331,6,SK,Soft wheat,precip,0.0494703348468985
HadGEM3-GC3-1MM,-14.5,-14.3032,4,SK,Soft wheat,precip,-0.0716759355205122
HadGEM3-GC3-1MM,-13.5,-13.3931,8,SK,Soft wheat,precip,-0.067814086135032
HadGEM3-GC3-1MM,-12.5,-12.588,13,SK,Soft wheat,precip,-0.0516054656861184
HadGEM3-GC3-1MM,-11.5,-11.5321,21,SK,Soft wheat,precip,-0.044866610161772
HadGEM3-GC3-1MM,-10.5,-10.4803,10,SK,Soft wheat,precip,-0.0362218296099151
HadGEM3-GC3-1MM,-9.5,-9.6161,7,SK,Soft wheat,precip,-0.0992720190760271
HadGEM3-GC3-1MM,-8.5,-8.6582,7,SK,Soft wheat,precip,-0.0466067761707968
HadGEM3-GC3-1MM,-7.5,-7.6345,8,SK,Soft wheat,precip,-0.0154314059693061
HadGEM3-GC3-1MM,-6.5,-6.4299,4,SK,Soft wheat,precip,-0.0423892534883739
HadGEM3-GC3-1MM,-5.5,-5.3528,4,SK,Soft wheat,precip,-0.0399140819116619
HadGEM3-GC3-1MM,-4.5,-4.3969,4,SK,Soft wheat,precip,-0.0238788889850635
IPSL-CM6A-LR,-9.5,-9.3401,5,SK,Soft wheat,precip,-0.0308136067972903
IPSL-CM6A-LR,-8.5,-8.4598,8,SK,Soft wheat,precip,-0.0283299293984945
IPSL-CM6A-LR,-7.5,-7.5255,19,SK,Soft wheat,precip,-0.0328859949157835
IPSL-CM6A-LR,-6.5,-6.5577,11,SK,Soft wheat,precip,-0.0530333676515513
IPSL-CM6A-LR,-5.5,-5.5623,13,SK,Soft wheat,precip,-0.0299828687597194
IPSL-CM6A-LR,-4.5,-4.3507,11,SK,Soft wheat,precip,-0.00679903792655125
IPSL-CM6A-LR,-3.5,-3.4644,8,SK,Soft wheat,precip,0.0168948049903324
IPSL-CM6A-LR,-2.5,-2.5669,9,SK,Soft wheat,precip,-0.0306328344106841
IPSL-CM6A-LR,-1.5,-1.2909,6,SK,Soft wheat,precip,-0.0476319312295385
IPSL-CM6A-LR,-0.5,-0.6347,8,SK,Soft wheat,precip,-0.00547898905690065
EC-Earth3,-9.5,-9.1554,4,EL,Durum wheat,precip,-0.0160541333501747
EC-Earth3,-8.5,-8.4726,15,EL,Durum wheat,precip,-0.0242128493856173
EC-Earth3,-7.5,-7.5562,20,EL,Durum wheat,precip,-0.0206088874989341
EC-Earth3,-6.5,-6.4767,21,EL,Durum wheat,precip,-0.00651731236086196
EC-Earth3,-5.5,-5.3342,8,EL,Durum wheat,precip,-0.013057019762528
EC-Earth3,-4.5,-4.5495,8,EL,Durum wheat,precip,-0.00909644674269195
EC-Earth3,-3.5,-3.3459,9,EL,Durum wheat,precip,-0.016797631162586
EC-Earth3,-2.5,-2.4493,5,EL,Durum wheat,precip,-0.0342627678846972
EC-Earth3,-1.5,-1.3807,6,EL,Durum wheat,precip,-0.00527817072508381
EC-Earth3,-0.5,-0.6596,3,EL,Durum wheat,precip,0.00144169245030295
HadGEM3-GC3-1LL,-8.5,-8.3848,12,EL,Durum wheat,precip,-0.0176894837957026
HadGEM3-GC3-1LL,-7.5,-7.5599,19,EL,Durum wheat,precip,-0.0259293976497623
HadGEM3-GC3-1LL,-6.5,-6.5442,24,EL,Durum wheat,precip,-0.0104910879391709
HadGEM3-GC3-1LL,-5.5,-5.5797,10,EL,Durum wheat,precip,-0.0169251186291122
HadGEM3-GC3-1LL,-4.5,-4.5263,6,EL,Durum wheat,precip,-0.0238261914665964
HadGEM3-GC3-1LL,-3.5,-3.7835,7,EL,Durum wheat,precip,-0.018303362577251
HadGEM3-GC3-1LL,-2.5,-2.4504,6,EL,Durum wheat,precip,-0.0076223540731817
HadGEM3-GC3-1LL,-1.5,-1.3098,8,EL,Durum wheat,precip,-0.00721456058952071
HadGEM3-GC3-1LL,-0.5,-0.331,6,EL,Durum wheat,precip,-0.0115593235094117
HadGEM3-GC3-1MM,-14.5,-14.3032,4,EL,Durum wheat,precip,-0.0416625218090539
HadGEM3-GC3-1MM,-13.5,-13.3931,8,EL,Durum wheat,precip,-0.059421557864606
HadGEM3-GC3-1MM,-12.5,-12.588,13,EL,Durum wheat,precip,-0.0394813376846554
HadGEM3-GC3-1MM,-11.5,-11.5321,21,EL,Durum wheat,precip,-0.0526788562672138
HadGEM3-GC3-1MM,-10.5,-10.4803,10,EL,Durum wheat,precip,-0.0571873586500808
HadGEM3-GC3-1MM,-9.5,-9.6161,7,EL,Durum wheat,precip,-0.0670417926132994
HadGEM3-GC3-1MM,-8.5,-8.6582,7,EL,Durum wheat,precip,-0.0392804814569191
HadGEM3-GC3-1MM,-7.5,-7.6345,8,EL,Durum wheat,precip,-0.0402820259347187
HadGEM3-GC3-1MM,-6.5,-6.4299,4,EL,Durum wheat,precip,-0.0102672754036715
HadGEM3-GC3-1MM,-5.5,-5.3528,4,EL,Durum wheat,precip,-0.0178331058189053
HadGEM3-GC3-1MM,-4.5,-4.3969,4,EL,Durum wheat,precip,-0.0101302912844364
IPSL-CM6A-LR,-9.5,-9.3401,5,EL,Durum wheat,precip,-0.0169868982555369
IPSL-CM6A-LR,-8.5,-8.4598,8,EL,Durum wheat,precip,-0.0438439802691132
IPSL-CM6A-LR,-7.5,-7.5255,19,EL,Durum wheat,precip,-0.0396889005325437
IPSL-CM6A-LR,-6.5,-6.5577,11,EL,Durum wheat,precip,-0.0359767106095404
IPSL-CM6A-LR,-5.5,-5.5623,13,EL,Durum wheat,precip,-0.0276208175782619
IPSL-CM6A-LR,-4.5,-4.3507,11,EL,Durum wheat,precip,-0.00631011545222849
IPSL-CM6A-LR,-3.5,-3.4644,8,EL,Durum wheat,precip,-0.0208385320323552
IPSL-CM6A-LR,-2.5,-2.5669,9,EL,Durum wheat,precip,-0.0261364884466194
IPSL-CM6A-LR,-1.5,-1.2909,6,EL,Durum wheat,precip,-0.00132822325495317
IPSL-CM6A-LR,-0.5,-0.6347,8,EL,Durum wheat,precip,-0.034400575363816
EC-Earth3,-9.5,-9.1554,4,ES,Durum wheat,precip,-0.0582408299886857
EC-Earth3,-8.5,-8.4726,15,ES,Durum wheat,precip,-0.0511197605266215
EC-Earth3,-7.5,-7.5562,20,ES,Durum wheat,precip,-0.0391595739239665
EC-Earth3,-6.5,-6.4767,21,ES,Durum wheat,precip,-0.0513931459483464
EC-Earth3,-5.5,-5.3342,8,ES,Durum wheat,precip,-0.0660908352924068
EC-Earth3,-4.5,-4.5495,8,ES,Durum wheat,precip,-0.0721232404571846
EC-Earth3,-3.5,-3.3459,9,ES,Durum wheat,precip,-0.0189854181883815
EC-Earth3,-2.5,-2.4493,5,ES,Durum wheat,precip,-0.0420701491383813
EC-Earth3,-1.5,-1.3807,6,ES,Durum wheat,precip,-0.0148862818511463
EC-Earth3,-0.5,-0.6596,3,ES,Durum wheat,precip,-0.035354738593951
HadGEM3-GC3-1LL,-8.5,-8.3848,12,ES,Durum wheat,precip,-0.0648458873426022
HadGEM3-GC3-1LL,-7.5,-7.5599,19,ES,Durum wheat,precip,-0.0473601434209057
HadGEM3-GC3-1LL,-6.5,-6.5442,24,ES,Durum wheat,precip,-0.0449675039247095
HadGEM3-GC3-1LL,-5.5,-5.5797,10,ES,Durum wheat,precip,-0.0335102254317475
HadGEM3-GC3-1LL,-4.5,-4.5263,6,ES,Durum wheat,precip,-0.0587891778327762
HadGEM3-GC3-1LL,-3.5,-3.7835,7,ES,Durum wheat,precip,-0.0312620558043933
HadGEM3-GC3-1LL,-2.5,-2.4504,6,ES,Durum wheat,precip,-0.0584635779362592
HadGEM3-GC3-1LL,-1.5,-1.3098,8,ES,Durum wheat,precip,-0.0298723392259828
HadGEM3-GC3-1LL,-0.5,-0.331,6,ES,Durum wheat,precip,-0.0119220843486713
HadGEM3-GC3-1MM,-14.5,-14.3032,4,ES,Durum wheat,precip,-0.0654994997182695
HadGEM3-GC3-1MM,-13.5,-13.3931,8,ES,Durum wheat,precip,-0.0561362828796813
HadGEM3-GC3-1MM,-12.5,-12.588,13,ES,Durum wheat,precip,-0.0597789013363134
HadGEM3-GC3-1MM,-11.5,-11.5321,21,ES,Durum wheat,precip,-0.0753556246587724
HadGEM3-GC3-1MM,-10.5,-10.4803,10,ES,Durum wheat,precip,-0.0747705109689626
HadGEM3-GC3-1MM,-9.5,-9.6161,7,ES,Durum wheat,precip,-0.0615469362262175
HadGEM3-GC3-1MM,-8.5,-8.6582,7,ES,Durum wheat,precip,-0.0385241626859309
HadGEM3-GC3-1MM,-7.5,-7.6345,8,ES,Durum wheat,precip,-0.0697227813560596
HadGEM3-GC3-1MM,-6.5,-6.4299,4,ES,Durum wheat,precip,-0.049699695439604
HadGEM3-GC3-1MM,-5.5,-5.3528,4,ES,Durum wheat,precip,-0.0250495071962629
HadGEM3-GC3-1MM,-4.5,-4.3969,4,ES,Durum wheat,precip,0.0516921039700234
IPSL-CM6A-LR,-9.5,-9.3401,5,ES,Durum wheat,precip,-0.056552167618213
IPSL-CM6A-LR,-8.5,-8.4598,8,ES,Durum wheat,precip,-0.074438146005891
IPSL-CM6A-LR,-7.5,-7.5255,19,ES,Durum wheat,precip,-0.0593457086294221
IPSL-CM6A-LR,-6.5,-6.5577,11,ES,Durum wheat,precip,-0.0612472742994993
IPSL-CM6A-LR,-5.5,-5.5623,13,ES,Durum wheat,precip,-0.0570058203545138
IPSL-CM6A-LR,-4.5,-4.3507,11,ES,Durum wheat,precip,-0.0413104357498877
IPSL-CM6A-LR,-3.5,-3.4644,8,ES,Durum wheat,precip,-0.0624887555567323
IPSL-CM6A-LR,-2.5,-2.5669,9,ES,Durum wheat,precip,-0.00702079694409063
IPSL-CM6A-LR,-1.5,-1.2909,6,ES,Durum wheat,precip,-0.0301234339245654
IPSL-CM6A-LR,-0.5,-0.6347,8,ES,Durum wheat,precip,-0.0282866461580603
EC-Earth3,-9.5,-9.1554,4,FR,Durum wheat,precip,-0.0250608053220441
EC-Earth3,-8.5,-8.4726,15,FR,Durum wheat,precip,-0.0792929417514555
EC-Earth3,-7.5,-7.5562,20,FR,Durum wheat,precip,-0.028783773131581
EC-Earth3,-6.5,-6.4767,21,FR,Durum wheat,precip,-0.0616591963212776
EC-Earth3,-5.5,-5.3342,8,FR,Durum wheat,precip,-0.022747170561296
EC-Earth3,-4.5,-4.5495,8,FR,Durum wheat,precip,-0.0787254660389973
EC-Earth3,-3.5,-3.3459,9,FR,Durum wheat,precip,-0.0260512328814007
EC-Earth3,-2.5,-2.4493,5,FR,Durum wheat,precip,-0.0544688829787093
EC-Earth3,-1.5,-1.3807,6,FR,Durum wheat,precip,-0.0257562733127987
EC-Earth3,-0.5,-0.6596,3,FR,Durum wheat,precip,-0.0224338765077494
HadGEM3-GC3-1LL,-8.5,-8.3848,12,FR,Durum wheat,precip,-0.0469817709951615
HadGEM3-GC3-1LL,-7.5,-7.5599,19,FR,Durum wheat,precip,-0.0268481166294115
HadGEM3-GC3-1LL,-6.5,-6.5442,24,FR,Durum wheat,precip,-0.04678777753051
HadGEM3-GC3-1LL,-5.5,-5.5797,10,FR,Durum wheat,precip,-0.00775125213919197
HadGEM3-GC3-1LL,-4.5,-4.5263,6,FR,Durum wheat,precip,-0.0737910790143148
HadGEM3-GC3-1LL,-3.5,-3.7835,7,FR,Durum wheat,precip,-0.0335382054713471
HadGEM3-GC3-1LL,-2.5,-2.4504,6,FR,Durum wheat,precip,-0.0648264249195267
HadGEM3-GC3-1LL,-1.5,-1.3098,8,FR,Durum wheat,precip,0.0162005753537771
HadGEM3-GC3-1LL,-0.5,-0.331,6,FR,Durum wheat,precip,-0.0189729223509881
HadGEM3-GC3-1MM,-14.5,-14.3032,4,FR,Durum wheat,precip,0.00130448895369389
HadGEM3-GC3-1MM,-13.5,-13.3931,8,FR,Durum wheat,precip,0.0132530869275486
HadGEM3-GC3-1MM,-12.5,-12.588,13,FR,Durum wheat,precip,-0.000629028629318121
HadGEM3-GC3-1MM,-11.5,-11.5321,21,FR,Durum wheat,precip,-0.0320064813004703
HadGEM3-GC3-1MM,-10.5,-10.4803,10,FR,Durum wheat,precip,-0.0767615795195979
HadGEM3-GC3-1MM,-9.5,-9.6161,7,FR,Durum wheat,precip,-0.0485849557122801
HadGEM3-GC3-1MM,-8.5,-8.6582,7,FR,Durum wheat,precip,-0.0491456367006311
HadGEM3-GC3-1MM,-7.5,-7.6345,8,FR,Durum wheat,precip,-0.0564702137696585
HadGEM3-GC3-1MM,-6.5,-6.4299,4,FR,Durum wheat,precip,-0.0437969944744234
HadGEM3-GC3-1MM,-5.5,-5.3528,4,FR,Durum wheat,precip,-0.00690293875116985
HadGEM3-GC3-1MM,-4.5,-4.3969,4,FR,Durum wheat,precip,0.0116186998582484
IPSL-CM6A-LR,-9.5,-9.3401,5,FR,Durum wheat,precip,-0.0592135425352931
IPSL-CM6A-LR,-8.5,-8.4598,8,FR,Durum wheat,precip,-0.0499466085376189
IPSL-CM6A-LR,-7.5,-7.5255,19,FR,Durum wheat,precip,-0.0605069268736953
IPSL-CM6A-LR,-6.5,-6.5577,11,FR,Durum wheat,precip,-0.0751416547243071
IPSL-CM6A-LR,-5.5,-5.5623,13,FR,Durum wheat,precip,-0.0508983530188847
IPSL-CM6A-LR,-4.5,-4.3507,11,FR,Durum wheat,precip,-0.051735667708127
IPSL-CM6A-LR,-3.5,-3.4644,8,FR,Durum wheat,precip,-0.0485311007874173
IPSL-CM6A-LR,-2.5,-2.5669,9,FR,Durum wheat,precip,-0.0265218713150843
IPSL-CM6A-LR,-1.5,-1.2909,6,FR,Durum wheat,precip,0.00283989507288997
IPSL-CM6A-LR,-0.5,-0.6347,8,FR,Durum wheat,precip,-0.022482744032751
EC-Earth3,-9.5,-9.1554,4,HU,Durum wheat,precip,0.0197506092796123
EC-Earth3,-8.5,-8.4726,15,HU,Durum wheat,precip,0.0201707822033558
EC-Earth3,-7.5,-7.5562,20,HU,Durum wheat,precip,0.00546934782096402
EC-Earth3,-6.5,-6.4767,21,HU,Durum wheat,precip,-0.0212913934726636
EC-Earth3,-5.5,-5.3342,8,HU,Durum wheat,precip,-0.0444825240123501
EC-Earth3,-4.5,-4.5495,8,HU,Durum wheat,precip,-0.00396567649193536
EC-Earth3,-3.5,-3.3459,9,HU,Durum wheat,precip,0.0128868976212232
EC-Earth3,-2.5,-2.4493,5,HU,Durum wheat,precip,-0.0681969843762482
EC-Earth3,-1.5,-1.3807,6,HU,Durum wheat,precip,0.0454450074569145
EC-Earth3,-0.5,-0.6596,3,HU,Durum wheat,precip,-0.0262630035824875
HadGEM3-GC3-1LL,-8.5,-8.3848,12,HU,Durum wheat,precip,-0.0230815786383304
HadGEM3-GC3-1LL,-7.5,-7.5599,19,HU,Durum wheat,precip,-0.0293891639617142
HadGEM3-GC3-1LL,-6.5,-6.5442,24,HU,Durum wheat,precip,0.00663381780246433
HadGEM3-GC3-1LL,-5.5,-5.5797,10,HU,Durum wheat,precip,-0.0205645657208453
HadGEM3-GC3-1LL,-4.5,-4.5263,6,HU,Durum wheat,precip,0.0278764419211689
HadGEM3-GC3-1LL,-3.5,-3.7835,7,HU,Durum wheat,precip,0.00019724638998692
HadGEM3-GC3-1LL,-2.5,-2.4504,6,HU,Durum wheat,precip,-0.0196768329223248
HadGEM3-GC3-1LL,-1.5,-1.3098,8,HU,Durum wheat,precip,-0.00924561179149113
HadGEM3-GC3-1LL,-0.5,-0.331,6,HU,Durum wheat,precip,0.02109456802578
HadGEM3-GC3-1MM,-14.5,-14.3032,4,HU,Durum wheat,precip,-0.0797481629993356
HadGEM3-GC3-1MM,-13.5,-13.3931,8,HU,Durum wheat,precip,-0.0548062636113828
HadGEM3-GC3-1MM,-12.5,-12.588,13,HU,Durum wheat,precip,-0.0376988523825273
HadGEM3-GC3-1MM,-11.5,-11.5321,21,HU,Durum wheat,precip,-0.0377595466416591
HadGEM3-GC3-1MM,-10.5,-10.4803,10,HU,Durum wheat,precip,-0.0304634306198254
HadGEM3-GC3-1MM,-9.5,-9.6161,7,HU,Durum wheat,precip,-0.0540491749565992
HadGEM3-GC3-1MM,-8.5,-8.6582,7,HU,Durum wheat,precip,-0.0419960065281406
HadGEM3-GC3-1MM,-7.5,-7.6345,8,HU,Durum wheat,precip,-0.000707104196317663
HadGEM3-GC3-1MM,-6.5,-6.4299,4,HU,Durum wheat,precip,-0.0156934190637135
HadGEM3-GC3-1MM,-5.5,-5.3528,4,HU,Durum wheat,precip,-0.0330189475573702
HadGEM3-GC3-1MM,-4.5,-4.3969,4,HU,Durum wheat,precip,-0.00195359438085679
IPSL-CM6A-LR,-9.5,-9.3401,5,HU,Durum wheat,precip,-0.0319550395068339
IPSL-CM6A-LR,-8.5,-8.4598,8,HU,Durum wheat,precip,-0.0316985793411358
IPSL-CM6A-LR,-7.5,-7.5255,19,HU,Durum wheat,precip,-0.0313319649352937
IPSL-CM6A-LR,-6.5,-6.5577,11,HU,Durum wheat,precip,-0.0428168750064738
IPSL-CM6A-LR,-5.5,-5.5623,13,HU,Durum wheat,precip,-0.0278881213006417
IPSL-CM6A-LR,-4.5,-4.3507,11,HU,Durum wheat,precip,-0.0207954077835245
IPSL-CM6A-LR,-3.5,-3.4644,8,HU,Durum wheat,precip,0.00393057167073715
IPSL-CM6A-LR,-2.5,-2.5669,9,HU,Durum wheat,precip,-0.0289163101871561
IPSL-CM6A-LR,-1.5,-1.2909,6,HU,Durum wheat,precip,-0.0278011546755476
IPSL-CM6A-LR,-0.5,-0.6347,8,HU,Durum wheat,precip,-0.0287076288982785
EC-Earth3,-9.5,-9.1554,4,IT,Durum wheat,precip,-0.0296350833991794
EC-Earth3,-8.5,-8.4726,15,IT,Durum wheat,precip,-0.0486243548998544
EC-Earth3,-7.5,-7.5562,20,IT,Durum wheat,precip,-0.0380615903914125
EC-Earth3,-6.5,-6.4767,21,IT,Durum wheat,precip,-0.0331574467785116
EC-Earth3,-5.5,-5.3342,8,IT,Durum wheat,precip,-0.0632981220060091
EC-Earth3,-4.5,-4.5495,8,IT,Durum wheat,precip,-0.0523595695750866
EC-Earth3,-3.5,-3.3459,9,IT,Durum wheat,precip,-0.0260733768245751
EC-Earth3,-2.5,-2.4493,5,IT,Durum wheat,precip,-0.0607924914864093
EC-Earth3,-1.5,-1.3807,6,IT,Durum wheat,precip,-0.0146796450527655
EC-Earth3,-0.5,-0.6596,3,IT,Durum wheat,precip,-0.0483491902226363
HadGEM3-GC3-1LL,-8.5,-8.3848,12,IT,Durum wheat,precip,-0.0480309263170625
HadGEM3-GC3-1LL,-7.5,-7.5599,19,IT,Durum wheat,precip,-0.054722795943833
HadGEM3-GC3-1LL,-6.5,-6.5442,24,IT,Durum wheat,precip,-0.0272128957941912
HadGEM3-GC3-1LL,-5.5,-5.5797,10,IT,Durum wheat,precip,-0.0391062068254586
HadGEM3-GC3-1LL,-4.5,-4.5263,6,IT,Durum wheat,precip,-0.0500204880350314
HadGEM3-GC3-1LL,-3.5,-3.7835,7,IT,Durum wheat,precip,-0.0553145032809923
HadGEM3-GC3-1LL,-2.5,-2.4504,6,IT,Durum wheat,precip,-0.0290798783720175
HadGEM3-GC3-1LL,-1.5,-1.3098,8,IT,Durum wheat,precip,-0.0202565024064203
HadGEM3-GC3-1LL,-0.5,-0.331,6,IT,Durum wheat,precip,-0.0289532598273644
HadGEM3-GC3-1MM,-14.5,-14.3032,4,IT,Durum wheat,precip,-0.102040596422202
HadGEM3-GC3-1MM,-13.5,-13.3931,8,IT,Durum wheat,precip,-0.0859320356559413
HadGEM3-GC3-1MM,-12.5,-12.588,13,IT,Durum wheat,precip,-0.078041531045865
HadGEM3-GC3-1MM,-11.5,-11.5321,21,IT,Durum wheat,precip,-0.0889473678982192
HadGEM3-GC3-1MM,-10.5,-10.4803,10,IT,Durum wheat,precip,-0.0828581858616456
HadGEM3-GC3-1MM,-9.5,-9.6161,7,IT,Durum wheat,precip,-0.0824206325006636
HadGEM3-GC3-1MM,-8.5,-8.6582,7,IT,Durum wheat,precip,-0.082246873712392
HadGEM3-GC3-1MM,-7.5,-7.6345,8,IT,Durum wheat,precip,-0.0850035157447089
HadGEM3-GC3-1MM,-6.5,-6.4299,4,IT,Durum wheat,precip,-0.0422733714250016
HadGEM3-GC3-1MM,-5.5,-5.3528,4,IT,Durum wheat,precip,-0.0542668246807012
HadGEM3-GC3-1MM,-4.5,-4.3969,4,IT,Durum wheat,precip,-0.0204072867170774
IPSL-CM6A-LR,-9.5,-9.3401,5,IT,Durum wheat,precip,-0.0424373284782358
IPSL-CM6A-LR,-8.5,-8.4598,8,IT,Durum wheat,precip,-0.0631081474811084
IPSL-CM6A-LR,-7.5,-7.5255,19,IT,Durum wheat,precip,-0.0673269174704283
IPSL-CM6A-LR,-6.5,-6.5577,11,IT,Durum wheat,precip,-0.0808042854065597
IPSL-CM6A-LR,-5.5,-5.5623,13,IT,Durum wheat,precip,-0.0576791608021778
IPSL-CM6A-LR,-4.5,-4.3507,11,IT,Durum wheat,precip,-0.0293452886156728
IPSL-CM6A-LR,-3.5,-3.4644,8,IT,Durum wheat,precip,-0.0394276868370076
IPSL-CM6A-LR,-2.5,-2.5669,9,IT,Durum wheat,precip,-0.031470306722319
IPSL-CM6A-LR,-1.5,-1.2909,6,IT,Durum wheat,precip,-0.0268596836826141
IPSL-CM6A-LR,-0.5,-0.6347,8,IT,Durum wheat,precip,-0.0333952551300635
EC-Earth3,-9.5,-9.1554,4,RO,Durum wheat,precip,0.0101041391704623
EC-Earth3,-8.5,-8.4726,15,RO,Durum wheat,precip,-0.00726909222194758
EC-Earth3,-7.5,-7.5562,20,RO,Durum wheat,precip,-0.00399731248156332
EC-Earth3,-6.5,-6.4767,21,RO,Durum wheat,precip,-0.0245497188571546
EC-Earth3,-5.5,-5.3342,8,RO,Durum wheat,precip,-0.0189687070028514
EC-Earth3,-4.5,-4.5495,8,RO,Durum wheat,precip,0.0129604254382846
EC-Earth3,-3.5,-3.3459,9,RO,Durum wheat,precip,0.0080727636574204
EC-Earth3,-2.5,-2.4493,5,RO,Durum wheat,precip,-0.0702955995350913
EC-Earth3,-1.5,-1.3807,6,RO,Durum wheat,precip,0.0401413222775932
EC-Earth3,-0.5,-0.6596,3,RO,Durum wheat,precip,-0.0176316120126825
HadGEM3-GC3-1LL,-8.5,-8.3848,12,RO,Durum wheat,precip,-0.0257987113925986
HadGEM3-GC3-1LL,-7.5,-7.5599,19,RO,Durum wheat,precip,-0.0417054426287939
HadGEM3-GC3-1LL,-6.5,-6.5442,24,RO,Durum wheat,precip,0.00242688809264463
HadGEM3-GC3-1LL,-5.5,-5.5797,10,RO,Durum wheat,precip,-0.0362280306217263
HadGEM3-GC3-1LL,-4.5,-4.5263,6,RO,Durum wheat,precip,0.013175044866622
HadGEM3-GC3-1LL,-3.5,-3.7835,7,RO,Durum wheat,precip,-0.0108785575722526
HadGEM3-GC3-1LL,-2.5,-2.4504,6,RO,Durum wheat,precip,-0.0163475200682392
HadGEM3-GC3-1LL,-1.5,-1.3098,8,RO,Durum wheat,precip,0.00193061900376375
HadGEM3-GC3-1LL,-0.5,-0.331,6,RO,Durum wheat,precip,0.0308248038888862
HadGEM3-GC3-1MM,-14.5,-14.3032,4,RO,Durum wheat,precip,-0.0786851517516703
HadGEM3-GC3-1MM,-13.5,-13.3931,8,RO,Durum wheat,precip,-0.0668036556672864
HadGEM3-GC3-1MM,-12.5,-12.588,13,RO,Durum wheat,precip,-0.0523757131257899
HadGEM3-GC3-1MM,-11.5,-11.5321,21,RO,Durum wheat,precip,-0.0701421300671856
HadGEM3-GC3-1MM,-10.5,-10.4803,10,RO,Durum wheat,precip,-0.0396924964615649
HadGEM3-GC3-1MM,-9.5,-9.6161,7,RO,Durum wheat,precip,-0.0804073559529618
HadGEM3-GC3-1MM,-8.5,-8.6582,7,RO,Durum wheat,precip,-0.0564138859633962
HadGEM3-GC3-1MM,-7.5,-7.6345,8,RO,Durum wheat,precip,0.00456052714855034
HadGEM3-GC3-1MM,-6.5,-6.4299,4,RO,Durum wheat,precip,0.00975187702506402
HadGEM3-GC3-1MM,-5.5,-5.3528,4,RO,Durum wheat,precip,-0.00739546393254249
HadGEM3-GC3-1MM,-4.5,-4.3969,4,RO,Durum wheat,precip,-0.0255363406464958
IPSL-CM6A-LR,-9.5,-9.3401,5,RO,Durum wheat,precip,-0.0105309093895948
IPSL-CM6A-LR,-8.5,-8.4598,8,RO,Durum wheat,precip,-0.0335022513249372
IPSL-CM6A-LR,-7.5,-7.5255,19,RO,Durum wheat,precip,-0.0335346794599134
IPSL-CM6A-LR,-6.5,-6.5577,11,RO,Durum wheat,precip,-0.0519618193204163
IPSL-CM6A-LR,-5.5,-5.5623,13,RO,Durum wheat,precip,-0.0218272400823751
IPSL-CM6A-LR,-4.5,-4.3507,11,RO,Durum wheat,precip,-0.0101081008800686
IPSL-CM6A-LR,-3.5,-3.4644,8,RO,Durum wheat,precip,-0.0129798302453015
IPSL-CM6A-LR,-2.5,-2.5669,9,RO,Durum wheat,precip,-0.0312423701588335
IPSL-CM6A-LR,-1.5,-1.2909,6,RO,Durum wheat,precip,-0.0237926612911303
IPSL-CM6A-LR,-0.5,-0.6347,8,RO,Durum wheat,precip,-0.0318539918918835
EC-Earth3,-9.5,-9.1554,4,SK,Durum wheat,precip,0.0563987291570674
EC-Earth3,-8.5,-8.4726,15,SK,Durum wheat,precip,0.0124658898853417
EC-Earth3,-7.5,-7.5562,20,SK,Durum wheat,precip,0.0153020146311804
EC-Earth3,-6.5,-6.4767,21,SK,Durum wheat,precip,-0.0287259671477249
EC-Earth3,-5.5,-5.3342,8,SK,Durum wheat,precip,-0.0462144989770072
EC-Earth3,-4.5,-4.5495,8,SK,Durum wheat,precip,0.00477540097771137
EC-Earth3,-3.5,-3.3459,9,SK,Durum wheat,precip,-0.0265347350020294
EC-Earth3,-2.5,-2.4493,5,SK,Durum wheat,precip,-0.0303919277839085
EC-Earth3,-1.5,-1.3807,6,SK,Durum wheat,precip,0.026626723581658
EC-Earth3,-0.5,-0.6596,3,SK,Durum wheat,precip,-0.0394084750667587
HadGEM3-GC3-1LL,-8.5,-8.3848,12,SK,Durum wheat,precip,-0.0344648856270105
HadGEM3-GC3-1LL,-7.5,-7.5599,19,SK,Durum wheat,precip,-0.0250101625734714
HadGEM3-GC3-1LL,-6.5,-6.5442,24,SK,Durum wheat,precip,0.00825813459186458
HadGEM3-GC3-1LL,-5.5,-5.5797,10,SK,Durum wheat,precip,-0.0180999348137696
HadGEM3-GC3-1LL,-4.5,-4.5263,6,SK,Durum wheat,precip,0.0190048180839927
HadGEM3-GC3-1LL,-3.5,-3.7835,7,SK,Durum wheat,precip,-0.0119629979518958
HadGEM3-GC3-1LL,-2.5,-2.4504,6,SK,Durum wheat,precip,-0.01662446442126
HadGEM3-GC3-1LL,-1.5,-1.3098,8,SK,Durum wheat,precip,0.00281946115722174
HadGEM3-GC3-1LL,-0.5,-0.331,6,SK,Durum wheat,precip,0.054436037248158
HadGEM3-GC3-1MM,-14.5,-14.3032,4,SK,Durum wheat,precip,-0.0707133001220442
HadGEM3-GC3-1MM,-13.5,-13.3931,8,SK,Durum wheat,precip,-0.0671004161256905
HadGEM3-GC3-1MM,-12.5,-12.588,13,SK,Durum wheat,precip,-0.0441459135188862
HadGEM3-GC3-1MM,-11.5,-11.5321,21,SK,Durum wheat,precip,-0.0418128751148214
HadGEM3-GC3-1MM,-10.5,-10.4803,10,SK,Durum wheat,precip,-0.0437838216784762
HadGEM3-GC3-1MM,-9.5,-9.6161,7,SK,Durum wheat,precip,-0.0865073832473562
HadGEM3-GC3-1MM,-8.5,-8.6582,7,SK,Durum wheat,precip,-0.0399506776897641
HadGEM3-GC3-1MM,-7.5,-7.6345,8,SK,Durum wheat,precip,-0.022165572988329
HadGEM3-GC3-1MM,-6.5,-6.4299,4,SK,Durum wheat,precip,-0.0404631405642427
HadGEM3-GC3-1MM,-5.5,-5.3528,4,SK,Durum wheat,precip,-0.0408733847762319
HadGEM3-GC3-1MM,-4.5,-4.3969,4,SK,Durum wheat,precip,-0.0371604073885459
IPSL-CM6A-LR,-9.5,-9.3401,5,SK,Durum wheat,precip,-0.0400677441845682
IPSL-CM6A-LR,-8.5,-8.4598,8,SK,Durum wheat,precip,-0.022677249145755
IPSL-CM6A-LR,-7.5,-7.5255,19,SK,Durum wheat,precip,-0.0306235654422016
IPSL-CM6A-LR,-6.5,-6.5577,11,SK,Durum wheat,precip,-0.0456731420698136
IPSL-CM6A-LR,-5.5,-5.5623,13,SK,Durum wheat,precip,-0.0294075099725646
IPSL-CM6A-LR,-4.5,-4.3507,11,SK,Durum wheat,precip,-0.00822054799491057
IPSL-CM6A-LR,-3.5,-3.4644,8,SK,Durum wheat,precip,0.0132481145027475
IPSL-CM6A-LR,-2.5,-2.5669,9,SK,Durum wheat,precip,-0.0272132137504603
IPSL-CM6A-LR,-1.5,-1.2909,6,SK,Durum wheat,precip,-0.0423592210709502
IPSL-CM6A-LR,-0.5,-0.6347,8,SK,Durum wheat,precip,-0.00503214383797521
EC-Earth3,-9.5,-9.1554,4,CZ,Spring barley,precip,0.0690642899396962
EC-Earth3,-8.5,-8.4726,15,CZ,Spring barley,precip,-0.00875162610165289
EC-Earth3,-7.5,-7.5562,20,CZ,Spring barley,precip,-0.0101144603021279
EC-Earth3,-6.5,-6.4767,21,CZ,Spring barley,precip,-0.0640421436771212
EC-Earth3,-5.5,-5.3342,8,CZ,Spring barley,precip,-0.0243498792280822
EC-Earth3,-4.5,-4.5495,8,CZ,Spring barley,precip,-0.0239317905046121
EC-Earth3,-3.5,-3.3459,9,CZ,Spring barley,precip,-0.0922261466507451
EC-Earth3,-2.5,-2.4493,5,CZ,Spring barley,precip,-0.00230187115195576
EC-Earth3,-1.5,-1.3807,6,CZ,Spring barley,precip,-0.0091821716845736
EC-Earth3,-0.5,-0.6596,3,CZ,Spring barley,precip,-0.0455639144797559
HadGEM3-GC3-1LL,-8.5,-8.3848,12,CZ,Spring barley,precip,-0.0572081106540664
HadGEM3-GC3-1LL,-7.5,-7.5599,19,CZ,Spring barley,precip,-0.0516714171633459
HadGEM3-GC3-1LL,-6.5,-6.5442,24,CZ,Spring barley,precip,-0.00316985088904397
HadGEM3-GC3-1LL,-5.5,-5.5797,10,CZ,Spring barley,precip,-0.0209956871670527
HadGEM3-GC3-1LL,-4.5,-4.5263,6,CZ,Spring barley,precip,-0.0221413216233947
HadGEM3-GC3-1LL,-3.5,-3.7835,7,CZ,Spring barley,precip,-0.014722590341596
HadGEM3-GC3-1LL,-2.5,-2.4504,6,CZ,Spring barley,precip,0.00885372025822616
HadGEM3-GC3-1LL,-1.5,-1.3098,8,CZ,Spring barley,precip,0.0151064621518248
HadGEM3-GC3-1LL,-0.5,-0.331,6,CZ,Spring barley,precip,0.0648429343749066
HadGEM3-GC3-1MM,-14.5,-14.3032,4,CZ,Spring barley,precip,-0.0233961282158322
HadGEM3-GC3-1MM,-13.5,-13.3931,8,CZ,Spring barley,precip,-0.053529077887432
HadGEM3-GC3-1MM,-12.5,-12.588,13,CZ,Spring barley,precip,-0.0540182612724814
HadGEM3-GC3-1MM,-11.5,-11.5321,21,CZ,Spring barley,precip,-0.00912941792473835
HadGEM3-GC3-1MM,-10.5,-10.4803,10,CZ,Spring barley,precip,0.000203004287572948
HadGEM3-GC3-1MM,-9.5,-9.6161,7,CZ,Spring barley,precip,-0.120513825656548
HadGEM3-GC3-1MM,-8.5,-8.6582,7,CZ,Spring barley,precip,-0.018857320195924
HadGEM3-GC3-1MM,-7.5,-7.6345,8,CZ,Spring barley,precip,-0.0192021845307989
HadGEM3-GC3-1MM,-6.5,-6.4299,4,CZ,Spring barley,precip,-0.0785774326956934
HadGEM3-GC3-1MM,-5.5,-5.3528,4,CZ,Spring barley,precip,-0.0618300547396527
HadGEM3-GC3-1MM,-4.5,-4.3969,4,CZ,Spring barley,precip,-0.0585003110722096
IPSL-CM6A-LR,-9.5,-9.3401,5,CZ,Spring barley,precip,-0.0210009655578806
IPSL-CM6A-LR,-8.5,-8.4598,8,CZ,Spring barley,precip,-0.035029785460798
IPSL-CM6A-LR,-7.5,-7.5255,19,CZ,Spring barley,precip,-0.0439456813294314
IPSL-CM6A-LR,-6.5,-6.5577,11,CZ,Spring barley,precip,-0.0753240350509959
IPSL-CM6A-LR,-5.5,-5.5623,13,CZ,Spring barley,precip,-0.0406239988136536
IPSL-CM6A-LR,-4.5,-4.3507,11,CZ,Spring barley,precip,-0.0168059735479948
IPSL-CM6A-LR,-3.5,-3.4644,8,CZ,Spring barley,precip,0.0417200760385113
IPSL-CM6A-LR,-2.5,-2.5669,9,CZ,Spring barley,precip,-0.043012413690527
IPSL-CM6A-LR,-1.5,-1.2909,6,CZ,Spring barley,precip,-0.0720257616780765
IPSL-CM6A-LR,-0.5,-0.6347,8,CZ,Spring barley,precip,0.0262656787073988
EC-Earth3,-9.5,-9.1554,4,DE,Spring barley,precip,0.0289872243800103
EC-Earth3,-8.5,-8.4726,15,DE,Spring barley,precip,-0.0743620095072646
EC-Earth3,-7.5,-7.5562,20,DE,Spring barley,precip,-0.059839006948414
EC-Earth3,-6.5,-6.4767,21,DE,Spring barley,precip,-0.100428582579353
EC-Earth3,-5.5,-5.3342,8,DE,Spring barley,precip,-0.0435847993739973
EC-Earth3,-4.5,-4.5495,8,DE,Spring barley,precip,-0.0723061167109835
EC-Earth3,-3.5,-3.3459,9,DE,Spring barley,precip,-0.113092854898033
EC-Earth3,-2.5,-2.4493,5,DE,Spring barley,precip,-0.0790526015763448
EC-Earth3,-1.5,-1.3807,6,DE,Spring barley,precip,-0.05596522184392
EC-Earth3,-0.5,-0.6596,3,DE,Spring barley,precip,-0.00497526420505984
HadGEM3-GC3-1LL,-8.5,-8.3848,12,DE,Spring barley,precip,-0.0751501132067592
HadGEM3-GC3-1LL,-7.5,-7.5599,19,DE,Spring barley,precip,-0.0418435161627136
HadGEM3-GC3-1LL,-6.5,-6.5442,24,DE,Spring barley,precip,-0.0615055741518872
HadGEM3-GC3-1LL,-5.5,-5.5797,10,DE,Spring barley,precip,-0.0512690290295629
HadGEM3-GC3-1LL,-4.5,-4.5263,6,DE,Spring barley,precip,-0.0814904486724741
HadGEM3-GC3-1LL,-3.5,-3.7835,7,DE,Spring barley,precip,-0.0320660395175572
HadGEM3-GC3-1LL,-2.5,-2.4504,6,DE,Spring barley,precip,-0.0326689824135223
HadGEM3-GC3-1LL,-1.5,-1.3098,8,DE,Spring barley,precip,0.0458980512044274
HadGEM3-GC3-1LL,-0.5,-0.331,6,DE,Spring barley,precip,-0.00778198328110312
HadGEM3-GC3-1MM,-14.5,-14.3032,4,DE,Spring barley,precip,0.0766074550461417
HadGEM3-GC3-1MM,-13.5,-13.3931,8,DE,Spring barley,precip,0.0994806698914878
HadGEM3-GC3-1MM,-12.5,-12.588,13,DE,Spring barley,precip,0.0310643349225785
HadGEM3-GC3-1MM,-11.5,-11.5321,21,DE,Spring barley,precip,0.0268611250539578
HadGEM3-GC3-1MM,-10.5,-10.4803,10,DE,Spring barley,precip,0.00821756170500861
HadGEM3-GC3-1MM,-9.5,-9.6161,7,DE,Spring barley,precip,-0.0856696044859479
HadGEM3-GC3-1MM,-8.5,-8.6582,7,DE,Spring barley,precip,-0.0323798028971678
HadGEM3-GC3-1MM,-7.5,-7.6345,8,DE,Spring barley,precip,0.00493172018691901
HadGEM3-GC3-1MM,-6.5,-6.4299,4,DE,Spring barley,precip,-0.0265715034687488
HadGEM3-GC3-1MM,-5.5,-5.3528,4,DE,Spring barley,precip,-0.00853897473964949
HadGEM3-GC3-1MM,-4.5,-4.3969,4,DE,Spring barley,precip,-0.0807601534398703
IPSL-CM6A-LR,-9.5,-9.3401,5,DE,Spring barley,precip,-0.0523993878918386
IPSL-CM6A-LR,-8.5,-8.4598,8,DE,Spring barley,precip,-0.0490373678444226
IPSL-CM6A-LR,-7.5,-7.5255,19,DE,Spring barley,precip,-0.0604321041291615
IPSL-CM6A-LR,-6.5,-6.5577,11,DE,Spring barley,precip,-0.100182786061317
IPSL-CM6A-LR,-5.5,-5.5623,13,DE,Spring barley,precip,-0.0911068452731016
IPSL-CM6A-LR,-4.5,-4.3507,11,DE,Spring barley,precip,-0.0325151617804353
IPSL-CM6A-LR,-3.5,-3.4644,8,DE,Spring barley,precip,0.00246953581668111
IPSL-CM6A-LR,-2.5,-2.5669,9,DE,Spring barley,precip,-0.0767315076590148
IPSL-CM6A-LR,-1.5,-1.2909,6,DE,Spring barley,precip,-0.0447096699607982
IPSL-CM6A-LR,-0.5,-0.6347,8,DE,Spring barley,precip,0.0117494145812162
EC-Earth3,-9.5,-9.1554,4,DK,Spring barley,precip,-0.0247453328021802
EC-Earth3,-8.5,-8.4726,15,DK,Spring barley,precip,-0.046561003782976
EC-Earth3,-7.5,-7.5562,20,DK,Spring barley,precip,-0.0619054142861277
EC-Earth3,-6.5,-6.4767,21,DK,Spring barley,precip,-0.0768417953697311
EC-Earth3,-5.5,-5.3342,8,DK,Spring barley,precip,-0.0652723225712696
EC-Earth3,-4.5,-4.5495,8,DK,Spring barley,precip,-0.0733890589413501
EC-Earth3,-3.5,-3.3459,9,DK,Spring barley,precip,-0.119748298421883
EC-Earth3,-2.5,-2.4493,5,DK,Spring barley,precip,-0.0422543452848313
EC-Earth3,-1.5,-1.3807,6,DK,Spring barley,precip,-0.0504470754947348
EC-Earth3,-0.5,-0.6596,3,DK,Spring barley,precip,0.073033327844914
HadGEM3-GC3-1LL,-8.5,-8.3848,12,DK,Spring barley,precip,-0.0752522362556037
HadGEM3-GC3-1LL,-7.5,-7.5599,19,DK,Spring barley,precip,-0.0386832215005149
HadGEM3-GC3-1LL,-6.5,-6.5442,24,DK,Spring barley,precip,-0.0765372617136623
HadGEM3-GC3-1LL,-5.5,-5.5797,10,DK,Spring barley,precip,-0.0558804189609552
HadGEM3-GC3-1LL,-4.5,-4.5263,6,DK,Spring barley,precip,-0.0592791799341726
HadGEM3-GC3-1LL,-3.5,-3.7835,7,DK,Spring barley,precip,-0.00917580495547407
HadGEM3-GC3-1LL,-2.5,-2.4504,6,DK,Spring barley,precip,-0.00428151086695442
HadGEM3-GC3-1LL,-1.5,-1.3098,8,DK,Spring barley,precip,0.0841867278636049
HadGEM3-GC3-1LL,-0.5,-0.331,6,DK,Spring barley,precip,-0.0336135818574165
HadGEM3-GC3-1MM,-14.5,-14.3032,4,DK,Spring barley,precip,0.273822729410127
HadGEM3-GC3-1MM,-13.5,-13.3931,8,DK,Spring barley,precip,0.202198841540796
HadGEM3-GC3-1MM,-12.5,-12.588,13,DK,Spring barley,precip,0.226436900218924
HadGEM3-GC3-1MM,-11.5,-11.5321,21,DK,Spring barley,precip,0.236513143026641
HadGEM3-GC3-1MM,-10.5,-10.4803,10,DK,Spring barley,precip,0.202910013693509
HadGEM3-GC3-1MM,-9.5,-9.6161,7,DK,Spring barley,precip,0.0374567540165304
HadGEM3-GC3-1MM,-8.5,-8.6582,7,DK,Spring barley,precip,0.0106257753321647
HadGEM3-GC3-1MM,-7.5,-7.6345,8,DK,Spring barley,precip,0.0588234083502992
HadGEM3-GC3-1MM,-6.5,-6.4299,4,DK,Spring barley,precip,-0.0970240422393039
HadGEM3-GC3-1MM,-5.5,-5.3528,4,DK,Spring barley,precip,-0.0206797831782921
HadGEM3-GC3-1MM,-4.5,-4.3969,4,DK,Spring barley,precip,-0.11873562648709
IPSL-CM6A-LR,-9.5,-9.3401,5,DK,Spring barley,precip,0.0990246368309182
IPSL-CM6A-LR,-8.5,-8.4598,8,DK,Spring barley,precip,0.151192164319553
IPSL-CM6A-LR,-7.5,-7.5255,19,DK,Spring barley,precip,-0.00866706432030055
IPSL-CM6A-LR,-6.5,-6.5577,11,DK,Spring barley,precip,0.0847303288785027
IPSL-CM6A-LR,-5.5,-5.5623,13,DK,Spring barley,precip,-0.0491959404229353
IPSL-CM6A-LR,-4.5,-4.3507,11,DK,Spring barley,precip,0.00080661417235459
IPSL-CM6A-LR,-3.5,-3.4644,8,DK,Spring barley,precip,0.0318599285691307
IPSL-CM6A-LR,-2.5,-2.5669,9,DK,Spring barley,precip,-0.0826046320067164
IPSL-CM6A-LR,-1.5,-1.2909,6,DK,Spring barley,precip,-0.0558151629094578
IPSL-CM6A-LR,-0.5,-0.6347,8,DK,Spring barley,precip,0.0933877154725341
EC-Earth3,-9.5,-9.1554,4,EE,Spring barley,precip,-0.0287943210073614
EC-Earth3,-8.5,-8.4726,15,EE,Spring barley,precip,-0.041199372067567
EC-Earth3,-7.5,-7.5562,20,EE,Spring barley,precip,0.00118197910766681
EC-Earth3,-6.5,-6.4767,21,EE,Spring barley,precip,-0.0232261384827308
EC-Earth3,-5.5,-5.3342,8,EE,Spring barley,precip,-0.0485549077970088
EC-Earth3,-4.5,-4.5495,8,EE,Spring barley,precip,0.0167857641547209
EC-Earth3,-3.5,-3.3459,9,EE,Spring barley,precip,-0.0133726148130908
EC-Earth3,-2.5,-2.4493,5,EE,Spring barley,precip,0.0193584804998411
EC-Earth3,-1.5,-1.3807,6,EE,Spring barley,precip,-0.038894416926976
EC-Earth3,-0.5,-0.6596,3,EE,Spring barley,precip,-0.0369368961781871
HadGEM3-GC3-1LL,-8.5,-8.3848,12,EE,Spring barley,precip,-0.0285917818738111
HadGEM3-GC3-1LL,-7.5,-7.5599,19,EE,Spring barley,precip,0.00567870680412223
HadGEM3-GC3-1LL,-6.5,-6.5442,24,EE,Spring barley,precip,-0.0314058063096581
HadGEM3-GC3-1LL,-5.5,-5.5797,10,EE,Spring barley,precip,-0.0398627851482401
HadGEM3-GC3-1LL,-4.5,-4.5263,6,EE,Spring barley,precip,-0.0258058738098055
HadGEM3-GC3-1LL,-3.5,-3.7835,7,EE,Spring barley,precip,0.024594143126491
HadGEM3-GC3-1LL,-2.5,-2.4504,6,EE,Spring barley,precip,0.078187556765232
HadGEM3-GC3-1LL,-1.5,-1.3098,8,EE,Spring barley,precip,0.119055835589673
HadGEM3-GC3-1LL,-0.5,-0.331,6,EE,Spring barley,precip,0.0144253938744352
HadGEM3-GC3-1MM,-14.5,-14.3032,4,EE,Spring barley,precip,0.187549906647026
HadGEM3-GC3-1MM,-13.5,-13.3931,8,EE,Spring barley,precip,0.196424760683975
HadGEM3-GC3-1MM,-12.5,-12.588,13,EE,Spring barley,precip,0.228495971007383
HadGEM3-GC3-1MM,-11.5,-11.5321,21,EE,Spring barley,precip,0.188449165861555
HadGEM3-GC3-1MM,-10.5,-10.4803,10,EE,Spring barley,precip,0.259353874570224
HadGEM3-GC3-1MM,-9.5,-9.6161,7,EE,Spring barley,precip,0.0508597306934947
HadGEM3-GC3-1MM,-8.5,-8.6582,7,EE,Spring barley,precip,0.0864396728219275
HadGEM3-GC3-1MM,-7.5,-7.6345,8,EE,Spring barley,precip,0.126607919916749
HadGEM3-GC3-1MM,-6.5,-6.4299,4,EE,Spring barley,precip,-0.0125215682083446
HadGEM3-GC3-1MM,-5.5,-5.3528,4,EE,Spring barley,precip,0.0215408131005997
HadGEM3-GC3-1MM,-4.5,-4.3969,4,EE,Spring barley,precip,-0.00125188571220047
IPSL-CM6A-LR,-9.5,-9.3401,5,EE,Spring barley,precip,0.136689353362619
IPSL-CM6A-LR,-8.5,-8.4598,8,EE,Spring barley,precip,0.130523911904051
IPSL-CM6A-LR,-7.5,-7.5255,19,EE,Spring barley,precip,0.0656014488919794
IPSL-CM6A-LR,-6.5,-6.5577,11,EE,Spring barley,precip,0.0208078144648146
IPSL-CM6A-LR,-5.5,-5.5623,13,EE,Spring barley,precip,0.0302606346943845
IPSL-CM6A-LR,-4.5,-4.3507,11,EE,Spring barley,precip,0.042085860865201
IPSL-CM6A-LR,-3.5,-3.4644,8,EE,Spring barley,precip,-0.00673138858962948
IPSL-CM6A-LR,-2.5,-2.5669,9,EE,Spring barley,precip,-0.00118522542508082
IPSL-CM6A-LR,-1.5,-1.2909,6,EE,Spring barley,precip,-0.0494134545373573
IPSL-CM6A-LR,-0.5,-0.6347,8,EE,Spring barley,precip,-0.00407567284721073
EC-Earth3,-9.5,-9.1554,4,ES,Spring barley,precip,-0.0782606358673149
EC-Earth3,-8.5,-8.4726,15,ES,Spring barley,precip,-0.077208445995818
EC-Earth3,-7.5,-7.5562,20,ES,Spring barley,precip,-0.0502604153960855
EC-Earth3,-6.5,-6.4767,21,ES,Spring barley,precip,-0.0776300935522159
EC-Earth3,-5.5,-5.3342,8,ES,Spring barley,precip,-0.08284622668729
EC-Earth3,-4.5,-4.5495,8,ES,Spring barley,precip,-0.0976666631760032
EC-Earth3,-3.5,-3.3459,9,ES,Spring barley,precip,-0.0249551981669769
EC-Earth3,-2.5,-2.4493,5,ES,Spring barley,precip,-0.0576920408174496
EC-Earth3,-1.5,-1.3807,6,ES,Spring barley,precip,-0.0144508578513334
EC-Earth3,-0.5,-0.6596,3,ES,Spring barley,precip,-0.0573432438561866
HadGEM3-GC3-1LL,-8.5,-8.3848,12,ES,Spring barley,precip,-0.0776941286913991
HadGEM3-GC3-1LL,-7.5,-7.5599,19,ES,Spring barley,precip,-0.0531923089317106
HadGEM3-GC3-1LL,-6.5,-6.5442,24,ES,Spring barley,precip,-0.0515062252746109
HadGEM3-GC3-1LL,-5.5,-5.5797,10,ES,Spring barley,precip,-0.0363609825217889
HadGEM3-GC3-1LL,-4.5,-4.5263,6,ES,Spring barley,precip,-0.0813400874041067
HadGEM3-GC3-1LL,-3.5,-3.7835,7,ES,Spring barley,precip,-0.057870285312924
HadGEM3-GC3-1LL,-2.5,-2.4504,6,ES,Spring barley,precip,-0.0600278795804315
HadGEM3-GC3-1LL,-1.5,-1.3098,8,ES,Spring barley,precip,-0.0269611554093173
HadGEM3-GC3-1LL,-0.5,-0.331,6,ES,Spring barley,precip,-0.0403901611820814
HadGEM3-GC3-1MM,-14.5,-14.3032,4,ES,Spring barley,precip,-0.0907142068407156
HadGEM3-GC3-1MM,-13.5,-13.3931,8,ES,Spring barley,precip,-0.0569711875390979
HadGEM3-GC3-1MM,-12.5,-12.588,13,ES,Spring barley,precip,-0.0706753563642819
HadGEM3-GC3-1MM,-11.5,-11.5321,21,ES,Spring barley,precip,-0.0995218983081802
HadGEM3-GC3-1MM,-10.5,-10.4803,10,ES,Spring barley,precip,-0.10545311747971
HadGEM3-GC3-1MM,-9.5,-9.6161,7,ES,Spring barley,precip,-0.0828932859219163
HadGEM3-GC3-1MM,-8.5,-8.6582,7,ES,Spring barley,precip,-0.054757167117762
HadGEM3-GC3-1MM,-7.5,-7.6345,8,ES,Spring barley,precip,-0.102493788696156
HadGEM3-GC3-1MM,-6.5,-6.4299,4,ES,Spring barley,precip,-0.0699684297025192
HadGEM3-GC3-1MM,-5.5,-5.3528,4,ES,Spring barley,precip,-0.0480805155508467
HadGEM3-GC3-1MM,-4.5,-4.3969,4,ES,Spring barley,precip,0.0466343771844004
IPSL-CM6A-LR,-9.5,-9.3401,5,ES,Spring barley,precip,-0.0775414014355815
IPSL-CM6A-LR,-8.5,-8.4598,8,ES,Spring barley,precip,-0.0962659204178609
IPSL-CM6A-LR,-7.5,-7.5255,19,ES,Spring barley,precip,-0.082076420229583
IPSL-CM6A-LR,-6.5,-6.5577,11,ES,Spring barley,precip,-0.0799278473885284
IPSL-CM6A-LR,-5.5,-5.5623,13,ES,Spring barley,precip,-0.0797696317881894
IPSL-CM6A-LR,-4.5,-4.3507,11,ES,Spring barley,precip,-0.0771927365239236
IPSL-CM6A-LR,-3.5,-3.4644,8,ES,Spring barley,precip,-0.0838896443500147
IPSL-CM6A-LR,-2.5,-2.5669,9,ES,Spring barley,precip,0.00109147857267818
IPSL-CM6A-LR,-1.5,-1.2909,6,ES,Spring barley,precip,-0.0444186373813231
IPSL-CM6A-LR,-0.5,-0.6347,8,ES,Spring barley,precip,-0.0435427233622039
EC-Earth3,-9.5,-9.1554,4,FI,Spring barley,precip,0.020333906315046
EC-Earth3,-8.5,-8.4726,15,FI,Spring barley,precip,0.00658604546930437
EC-Earth3,-7.5,-7.5562,20,FI,Spring barley,precip,-0.00696371536122011
EC-Earth3,-6.5,-6.4767,21,FI,Spring barley,precip,-0.0114073876902027
EC-Earth3,-5.5,-5.3342,8,FI,Spring barley,precip,-0.0335075119842063
EC-Earth3,-4.5,-4.5495,8,FI,Spring barley,precip,0.0240633705052672
EC-Earth3,-3.5,-3.3459,9,FI,Spring barley,precip,0.00795289755887448
EC-Earth3,-2.5,-2.4493,5,FI,Spring barley,precip,0.0928010181990582
EC-Earth3,-1.5,-1.3807,6,FI,Spring barley,precip,-0.00950871506151876
EC-Earth3,-0.5,-0.6596,3,FI,Spring barley,precip,-0.00422082266132688
HadGEM3-GC3-1LL,-8.5,-8.3848,12,FI,Spring barley,precip,-0.00379966787075165
HadGEM3-GC3-1LL,-7.5,-7.5599,19,FI,Spring barley,precip,-0.0105369461091676
HadGEM3-GC3-1LL,-6.5,-6.5442,24,FI,Spring barley,precip,-0.0147125679257354
HadGEM3-GC3-1LL,-5.5,-5.5797,10,FI,Spring barley,precip,-0.0405158743583031
HadGEM3-GC3-1LL,-4.5,-4.5263,6,FI,Spring barley,precip,-0.00509331498386261
HadGEM3-GC3-1LL,-3.5,-3.7835,7,FI,Spring barley,precip,0.043231239970504
HadGEM3-GC3-1LL,-2.5,-2.4504,6,FI,Spring barley,precip,0.0428491193458536
HadGEM3-GC3-1LL,-1.5,-1.3098,8,FI,Spring barley,precip,0.0978855582394194
HadGEM3-GC3-1LL,-0.5,-0.331,6,FI,Spring barley,precip,0.00190404640037835
HadGEM3-GC3-1MM,-14.5,-14.3032,4,FI,Spring barley,precip,0.216494168253933
HadGEM3-GC3-1MM,-13.5,-13.3931,8,FI,Spring barley,precip,0.177159381340881
HadGEM3-GC3-1MM,-12.5,-12.588,13,FI,Spring barley,precip,0.208830494251651
HadGEM3-GC3-1MM,-11.5,-11.5321,21,FI,Spring barley,precip,0.211303925552207
HadGEM3-GC3-1MM,-10.5,-10.4803,10,FI,Spring barley,precip,0.203514408765256
HadGEM3-GC3-1MM,-9.5,-9.6161,7,FI,Spring barley,precip,0.133843106722859
HadGEM3-GC3-1MM,-8.5,-8.6582,7,FI,Spring barley,precip,0.166765774551167
HadGEM3-GC3-1MM,-7.5,-7.6345,8,FI,Spring barley,precip,0.127100209740972
HadGEM3-GC3-1MM,-6.5,-6.4299,4,FI,Spring barley,precip,0.0186765587223968
HadGEM3-GC3-1MM,-5.5,-5.3528,4,FI,Spring barley,precip,0.035395810905344
HadGEM3-GC3-1MM,-4.5,-4.3969,4,FI,Spring barley,precip,-0.00871112687143712
IPSL-CM6A-LR,-9.5,-9.3401,5,FI,Spring barley,precip,0.0979997127932089
IPSL-CM6A-LR,-8.5,-8.4598,8,FI,Spring barley,precip,0.166044902363317
IPSL-CM6A-LR,-7.5,-7.5255,19,FI,Spring barley,precip,0.11350350394658
IPSL-CM6A-LR,-6.5,-6.5577,11,FI,Spring barley,precip,0.0631581191466235
IPSL-CM6A-LR,-5.5,-5.5623,13,FI,Spring barley,precip,0.00751386790324611
IPSL-CM6A-LR,-4.5,-4.3507,11,FI,Spring barley,precip,0.0187938557690465
IPSL-CM6A-LR,-3.5,-3.4644,8,FI,Spring barley,precip,-0.00372553889371317
IPSL-CM6A-LR,-2.5,-2.5669,9,FI,Spring barley,precip,-0.0188614667685862
IPSL-CM6A-LR,-1.5,-1.2909,6,FI,Spring barley,precip,-0.00396600894864593
IPSL-CM6A-LR,-0.5,-0.6347,8,FI,Spring barley,precip,0.0313659543698584
EC-Earth3,-9.5,-9.1554,4,FR,Spring barley,precip,0.00811940501680215
EC-Earth3,-8.5,-8.4726,15,FR,Spring barley,precip,-0.109965706503908
EC-Earth3,-7.5,-7.5562,20,FR,Spring barley,precip,-0.0420445545061037
EC-Earth3,-6.5,-6.4767,21,FR,Spring barley,precip,-0.0980867569668213
EC-Earth3,-5.5,-5.3342,8,FR,Spring barley,precip,-0.0205521465477885
EC-Earth3,-4.5,-4.5495,8,FR,Spring barley,precip,-0.107812227742488
EC-Earth3,-3.5,-3.3459,9,FR,Spring barley,precip,-0.0870330769189365
EC-Earth3,-2.5,-2.4493,5,FR,Spring barley,precip,-0.0788656736453835
EC-Earth3,-1.5,-1.3807,6,FR,Spring barley,precip,-0.0581074622719213
EC-Earth3,-0.5,-0.6596,3,FR,Spring barley,precip,0.0118714105558908
HadGEM3-GC3-1LL,-8.5,-8.3848,12,FR,Spring barley,precip,-0.0802793304350222
HadGEM3-GC3-1LL,-7.5,-7.5599,19,FR,Spring barley,precip,-0.0391781907277452
HadGEM3-GC3-1LL,-6.5,-6.5442,24,FR,Spring barley,precip,-0.0812589011672374
HadGEM3-GC3-1LL,-5.5,-5.5797,10,FR,Spring barley,precip,-0.0038772107280965
HadGEM3-GC3-1LL,-4.5,-4.5263,6,FR,Spring barley,precip,-0.126789452779985
HadGEM3-GC3-1LL,-3.5,-3.7835,7,FR,Spring barley,precip,-0.0262587087277927
HadGEM3-GC3-1LL,-2.5,-2.4504,6,FR,Spring barley,precip,-0.0951144476029272
HadGEM3-GC3-1LL,-1.5,-1.3098,8,FR,Spring barley,precip,0.0337013932120216
HadGEM3-GC3-1LL,-0.5,-0.331,6,FR,Spring barley,precip,-0.0280381156974163
HadGEM3-GC3-1MM,-14.5,-14.3032,4,FR,Spring barley,precip,0.0760991799425817
HadGEM3-GC3-1MM,-13.5,-13.3931,8,FR,Spring barley,precip,0.0980754735519568
HadGEM3-GC3-1MM,-12.5,-12.588,13,FR,Spring barley,precip,0.0505206041114757
HadGEM3-GC3-1MM,-11.5,-11.5321,21,FR,Spring barley,precip,-0.00621382464118278
HadGEM3-GC3-1MM,-10.5,-10.4803,10,FR,Spring barley,precip,-0.0729977622266191
HadGEM3-GC3-1MM,-9.5,-9.6161,7,FR,Spring barley,precip,-0.061320041067632
HadGEM3-GC3-1MM,-8.5,-8.6582,7,FR,Spring barley,precip,-0.0601679713096004
HadGEM3-GC3-1MM,-7.5,-7.6345,8,FR,Spring barley,precip,-0.0421634067493986
HadGEM3-GC3-1MM,-6.5,-6.4299,4,FR,Spring barley,precip,-0.0568031619445201
HadGEM3-GC3-1MM,-5.5,-5.3528,4,FR,Spring barley,precip,0.0245660647882044
HadGEM3-GC3-1MM,-4.5,-4.3969,4,FR,Spring barley,precip,-0.0038601064648375
IPSL-CM6A-LR,-9.5,-9.3401,5,FR,Spring barley,precip,-0.0849596592907516
IPSL-CM6A-LR,-8.5,-8.4598,8,FR,Spring barley,precip,-0.0682595608363786
IPSL-CM6A-LR,-7.5,-7.5255,19,FR,Spring barley,precip,-0.0890611809506094
IPSL-CM6A-LR,-6.5,-6.5577,11,FR,Spring barley,precip,-0.124867206648711
IPSL-CM6A-LR,-5.5,-5.5623,13,FR,Spring barley,precip,-0.0932968578187765
IPSL-CM6A-LR,-4.5,-4.3507,11,FR,Spring barley,precip,-0.0518195957048699
IPSL-CM6A-LR,-3.5,-3.4644,8,FR,Spring barley,precip,-0.0660292701365881
IPSL-CM6A-LR,-2.5,-2.5669,9,FR,Spring barley,precip,-0.0909543593901776
IPSL-CM6A-LR,-1.5,-1.2909,6,FR,Spring barley,precip,0.00423634167530478
IPSL-CM6A-LR,-0.5,-0.6347,8,FR,Spring barley,precip,0.0166297329512779
EC-Earth3,-9.5,-9.1554,4,HU,Spring barley,precip,0.0499933851138104
EC-Earth3,-8.5,-8.4726,15,HU,Spring barley,precip,0.0356516854170336
EC-Earth3,-7.5,-7.5562,20,HU,Spring barley,precip,0.021965191285005
EC-Earth3,-6.5,-6.4767,21,HU,Spring barley,precip,-0.031941971903265
EC-Earth3,-5.5,-5.3342,8,HU,Spring barley,precip,-0.0619797387281906
EC-Earth3,-4.5,-4.5495,8,HU,Spring barley,precip,0.00453692135141779
EC-Earth3,-3.5,-3.3459,9,HU,Spring barley,precip,0.012654929539527
EC-Earth3,-2.5,-2.4493,5,HU,Spring barley,precip,-0.0892781105255508
EC-Earth3,-1.5,-1.3807,6,HU,Spring barley,precip,0.0685077030987358
EC-Earth3,-0.5,-0.6596,3,HU,Spring barley,precip,-0.0649483252504212
HadGEM3-GC3-1LL,-8.5,-8.3848,12,HU,Spring barley,precip,-0.0399078945240088
HadGEM3-GC3-1LL,-7.5,-7.5599,19,HU,Spring barley,precip,-0.0470217587431948
HadGEM3-GC3-1LL,-6.5,-6.5442,24,HU,Spring barley,precip,0.00915749635123792
HadGEM3-GC3-1LL,-5.5,-5.5797,10,HU,Spring barley,precip,-0.0261205610610415
HadGEM3-GC3-1LL,-4.5,-4.5263,6,HU,Spring barley,precip,0.0443410787675538
HadGEM3-GC3-1LL,-3.5,-3.7835,7,HU,Spring barley,precip,-0.00180830042283319
HadGEM3-GC3-1LL,-2.5,-2.4504,6,HU,Spring barley,precip,-0.0291042125225809
HadGEM3-GC3-1LL,-1.5,-1.3098,8,HU,Spring barley,precip,-0.0162722901767837
HadGEM3-GC3-1LL,-0.5,-0.331,6,HU,Spring barley,precip,0.0380027484567692
HadGEM3-GC3-1MM,-14.5,-14.3032,4,HU,Spring barley,precip,-0.115804597636601
HadGEM3-GC3-1MM,-13.5,-13.3931,8,HU,Spring barley,precip,-0.0823782405353049
HadGEM3-GC3-1MM,-12.5,-12.588,13,HU,Spring barley,precip,-0.0612402488920605
HadGEM3-GC3-1MM,-11.5,-11.5321,21,HU,Spring barley,precip,-0.0573057203629203
HadGEM3-GC3-1MM,-10.5,-10.4803,10,HU,Spring barley,precip,-0.0464519461408029
HadGEM3-GC3-1MM,-9.5,-9.6161,7,HU,Spring barley,precip,-0.0908194199862063
HadGEM3-GC3-1MM,-8.5,-8.6582,7,HU,Spring barley,precip,-0.0624417974739202
HadGEM3-GC3-1MM,-7.5,-7.6345,8,HU,Spring barley,precip,-0.000931739528318935
HadGEM3-GC3-1MM,-6.5,-6.4299,4,HU,Spring barley,precip,-0.0308096604195347
HadGEM3-GC3-1MM,-5.5,-5.3528,4,HU,Spring barley,precip,-0.0499408652683434
HadGEM3-GC3-1MM,-4.5,-4.3969,4,HU,Spring barley,precip,-0.00495491934640477
IPSL-CM6A-LR,-9.5,-9.3401,5,HU,Spring barley,precip,-0.0408944067957419
IPSL-CM6A-LR,-8.5,-8.4598,8,HU,Spring barley,precip,-0.0436148025119334
IPSL-CM6A-LR,-7.5,-7.5255,19,HU,Spring barley,precip,-0.0427025033817643
IPSL-CM6A-LR,-6.5,-6.5577,11,HU,Spring barley,precip,-0.0623014464417657
IPSL-CM6A-LR,-5.5,-5.5623,13,HU,Spring barley,precip,-0.0414601295136319
IPSL-CM6A-LR,-4.5,-4.3507,11,HU,Spring barley,precip,-0.0221209805412042
IPSL-CM6A-LR,-3.5,-3.4644,8,HU,Spring barley,precip,0.0118600977792951
IPSL-CM6A-LR,-2.5,-2.5669,9,HU,Spring barley,precip,-0.0435895494561511
IPSL-CM6A-LR,-1.5,-1.2909,6,HU,Spring barley,precip,-0.0456171042616216
IPSL-CM6A-LR,-0.5,-0.6347,8,HU,Spring barley,precip,-0.040421724764212
EC-Earth3,-9.5,-9.1554,4,LT,Spring barley,precip,-0.013637897577334
EC-Earth3,-8.5,-8.4726,15,LT,Spring barley,precip,-0.0678965558198207
EC-Earth3,-7.5,-7.5562,20,LT,Spring barley,precip,-0.0447024865374968
EC-Earth3,-6.5,-6.4767,21,LT,Spring barley,precip,-0.046307081634359
EC-Earth3,-5.5,-5.3342,8,LT,Spring barley,precip,-0.040627001799073
EC-Earth3,-4.5,-4.5495,8,LT,Spring barley,precip,-0.00413835526509636
EC-Earth3,-3.5,-3.3459,9,LT,Spring barley,precip,-0.0723666791761762
EC-Earth3,-2.5,-2.4493,5,LT,Spring barley,precip,-0.0293017779718918
EC-Earth3,-1.5,-1.3807,6,LT,Spring barley,precip,-0.0772260821606224
EC-Earth3,-0.5,-0.6596,3,LT,Spring barley,precip,-0.0786482669284157
HadGEM3-GC3-1LL,-8.5,-8.3848,12,LT,Spring barley,precip,-0.067338111406059
HadGEM3-GC3-1LL,-7.5,-7.5599,19,LT,Spring barley,precip,-0.0453984073835496
HadGEM3-GC3-1LL,-6.5,-6.5442,24,LT,Spring barley,precip,-0.0563672596117512
HadGEM3-GC3-1LL,-5.5,-5.5797,10,LT,Spring barley,precip,-0.0814379611208087
HadGEM3-GC3-1LL,-4.5,-4.5263,6,LT,Spring barley,precip,-0.0255836879364229
HadGEM3-GC3-1LL,-3.5,-3.7835,7,LT,Spring barley,precip,-0.0137330326956534
HadGEM3-GC3-1LL,-2.5,-2.4504,6,LT,Spring barley,precip,0.0433846713597773
HadGEM3-GC3-1LL,-1.5,-1.3098,8,LT,Spring barley,precip,0.0770476253192955
HadGEM3-GC3-1LL,-0.5,-0.331,6,LT,Spring barley,precip,0.00347579147097948
HadGEM3-GC3-1MM,-14.5,-14.3032,4,LT,Spring barley,precip,0.0239236718182297
HadGEM3-GC3-1MM,-13.5,-13.3931,8,LT,Spring barley,precip,0.119443650039982
HadGEM3-GC3-1MM,-12.5,-12.588,13,LT,Spring barley,precip,0.114378579686468
HadGEM3-GC3-1MM,-11.5,-11.5321,21,LT,Spring barley,precip,0.0687501864304028
HadGEM3-GC3-1MM,-10.5,-10.4803,10,LT,Spring barley,precip,0.163433145291416
HadGEM3-GC3-1MM,-9.5,-9.6161,7,LT,Spring barley,precip,-0.0611119644264256
HadGEM3-GC3-1MM,-8.5,-8.6582,7,LT,Spring barley,precip,0.00112179318252231
HadGEM3-GC3-1MM,-7.5,-7.6345,8,LT,Spring barley,precip,0.0284662751212471
HadGEM3-GC3-1MM,-6.5,-6.4299,4,LT,Spring barley,precip,-0.0357740857970628
HadGEM3-GC3-1MM,-5.5,-5.3528,4,LT,Spring barley,precip,0.000267536308407995
HadGEM3-GC3-1MM,-4.5,-4.3969,4,LT,Spring barley,precip,-0.0266531120539292
IPSL-CM6A-LR,-9.5,-9.3401,5,LT,Spring barley,precip,0.00342588946461858
IPSL-CM6A-LR,-8.5,-8.4598,8,LT,Spring barley,precip,0.0186379322057273
IPSL-CM6A-LR,-7.5,-7.5255,19,LT,Spring barley,precip,-0.0531861865686157
IPSL-CM6A-LR,-6.5,-6.5577,11,LT,Spring barley,precip,-0.0951821146775925
IPSL-CM6A-LR,-5.5,-5.5623,13,LT,Spring barley,precip,-0.0324760059542324
IPSL-CM6A-LR,-4.5,-4.3507,11,LT,Spring barley,precip,-0.0267897432849633
IPSL-CM6A-LR,-3.5,-3.4644,8,LT,Spring barley,precip,0.0173734996637769
IPSL-CM6A-LR,-2.5,-2.5669,9,LT,Spring barley,precip,0.00133728023509197
IPSL-CM6A-LR,-1.5,-1.2909,6,LT,Spring barley,precip,-0.056402208844842
IPSL-CM6A-LR,-0.5,-0.6347,8,LT,Spring barley,precip,-0.00350359743759282
EC-Earth3,-9.5,-9.1554,4,LV,Spring barley,precip,-0.0150024296266529
EC-Earth3,-8.5,-8.4726,15,LV,Spring barley,precip,-0.0541762539552602
EC-Earth3,-7.5,-7.5562,20,LV,Spring barley,precip,-0.0220551283317195
EC-Earth3,-6.5,-6.4767,21,LV,Spring barley,precip,-0.0311623708738413
EC-Earth3,-5.5,-5.3342,8,LV,Spring barley,precip,-0.0465808151345521
EC-Earth3,-4.5,-4.5495,8,LV,Spring barley,precip,0.00486944360874545
EC-Earth3,-3.5,-3.3459,9,LV,Spring barley,precip,-0.0387972165740266
EC-Earth3,-2.5,-2.4493,5,LV,Spring barley,precip,-0.00932404138745724
EC-Earth3,-1.5,-1.3807,6,LV,Spring barley,precip,-0.0616556053253307
EC-Earth3,-0.5,-0.6596,3,LV,Spring barley,precip,-0.0547276449602995
HadGEM3-GC3-1LL,-8.5,-8.3848,12,LV,Spring barley,precip,-0.0522771460500149
HadGEM3-GC3-1LL,-7.5,-7.5599,19,LV,Spring barley,precip,-0.0212413248279858
HadGEM3-GC3-1LL,-6.5,-6.5442,24,LV,Spring barley,precip,-0.0382983914009399
HadGEM3-GC3-1LL,-5.5,-5.5797,10,LV,Spring barley,precip,-0.0566395820102419
HadGEM3-GC3-1LL,-4.5,-4.5263,6,LV,Spring barley,precip,-0.0289118819287473
HadGEM3-GC3-1LL,-3.5,-3.7835,7,LV,Spring barley,precip,0.0106890704681087
HadGEM3-GC3-1LL,-2.5,-2.4504,6,LV,Spring barley,precip,0.0627892167461639
HadGEM3-GC3-1LL,-1.5,-1.3098,8,LV,Spring barley,precip,0.100082872206976
HadGEM3-GC3-1LL,-0.5,-0.331,6,LV,Spring barley,precip,0.00549397145792792
HadGEM3-GC3-1MM,-14.5,-14.3032,4,LV,Spring barley,precip,0.0910746048201856
HadGEM3-GC3-1MM,-13.5,-13.3931,8,LV,Spring barley,precip,0.172537171262851
HadGEM3-GC3-1MM,-12.5,-12.588,13,LV,Spring barley,precip,0.180551018112851
HadGEM3-GC3-1MM,-11.5,-11.5321,21,LV,Spring barley,precip,0.134917208187568
HadGEM3-GC3-1MM,-10.5,-10.4803,10,LV,Spring barley,precip,0.215376365048518
HadGEM3-GC3-1MM,-9.5,-9.6161,7,LV,Spring barley,precip,-0.00964595302840178
HadGEM3-GC3-1MM,-8.5,-8.6582,7,LV,Spring barley,precip,0.0319014405975133
HadGEM3-GC3-1MM,-7.5,-7.6345,8,LV,Spring barley,precip,0.0622999705209545
HadGEM3-GC3-1MM,-6.5,-6.4299,4,LV,Spring barley,precip,-0.0181765932396861
HadGEM3-GC3-1MM,-5.5,-5.3528,4,LV,Spring barley,precip,0.00827115262670259
HadGEM3-GC3-1MM,-4.5,-4.3969,4,LV,Spring barley,precip,-0.00425684291299279
IPSL-CM6A-LR,-9.5,-9.3401,5,LV,Spring barley,precip,0.0685588881218162
IPSL-CM6A-LR,-8.5,-8.4598,8,LV,Spring barley,precip,0.0774769690247779
IPSL-CM6A-LR,-7.5,-7.5255,19,LV,Spring barley,precip,-0.00304243190094331
IPSL-CM6A-LR,-6.5,-6.5577,11,LV,Spring barley,precip,-0.0437707784509155
IPSL-CM6A-LR,-5.5,-5.5623,13,LV,Spring barley,precip,-0.00195267055042192
IPSL-CM6A-LR,-4.5,-4.3507,11,LV,Spring barley,precip,0.00363500313383555
IPSL-CM6A-LR,-3.5,-3.4644,8,LV,Spring barley,precip,0.0102199850659439
IPSL-CM6A-LR,-2.5,-2.5669,9,LV,Spring barley,precip,0.0217361879455633
IPSL-CM6A-LR,-1.5,-1.2909,6,LV,Spring barley,precip,-0.0411243796899701
IPSL-CM6A-LR,-0.5,-0.6347,8,LV,Spring barley,precip,0.00794866108597027
EC-Earth3,-9.5,-9.1554,4,SE,Spring barley,precip,0.0835413365130749
EC-Earth3,-8.5,-8.4726,15,SE,Spring barley,precip,0.0138358560200538
EC-Earth3,-7.5,-7.5562,20,SE,Spring barley,precip,-0.0173835783502705
EC-Earth3,-6.5,-6.4767,21,SE,Spring barley,precip,-0.0450123064720121
EC-Earth3,-5.5,-5.3342,8,SE,Spring barley,precip,-0.0156020033581267
EC-Earth3,-4.5,-4.5495,8,SE,Spring barley,precip,-0.00162888476454566
EC-Earth3,-3.5,-3.3459,9,SE,Spring barley,precip,-0.0786406790050227
EC-Earth3,-2.5,-2.4493,5,SE,Spring barley,precip,0.0410101069857693
EC-Earth3,-1.5,-1.3807,6,SE,Spring barley,precip,-0.0326772333064795
EC-Earth3,-0.5,-0.6596,3,SE,Spring barley,precip,0.0563635650606143
HadGEM3-GC3-1LL,-8.5,-8.3848,12,SE,Spring barley,precip,-0.0581783257259148
HadGEM3-GC3-1LL,-7.5,-7.5599,19,SE,Spring barley,precip,-0.0257729693804513
HadGEM3-GC3-1LL,-6.5,-6.5442,24,SE,Spring barley,precip,-0.0541690060999672
HadGEM3-GC3-1LL,-5.5,-5.5797,10,SE,Spring barley,precip,-0.0692952874183637
HadGEM3-GC3-1LL,-4.5,-4.5263,6,SE,Spring barley,precip,-0.0283928431062085
HadGEM3-GC3-1LL,-3.5,-3.7835,7,SE,Spring barley,precip,-0.0153840869607676
HadGEM3-GC3-1LL,-2.5,-2.4504,6,SE,Spring barley,precip,0.0243316118745489
HadGEM3-GC3-1LL,-1.5,-1.3098,8,SE,Spring barley,precip,0.0633299314656442
HadGEM3-GC3-1LL,-0.5,-0.331,6,SE,Spring barley,precip,0.0291836647673155
HadGEM3-GC3-1MM,-14.5,-14.3032,4,SE,Spring barley,precip,0.255202466874141
HadGEM3-GC3-1MM,-13.5,-13.3931,8,SE,Spring barley,precip,0.172747033327453
HadGEM3-GC3-1MM,-12.5,-12.588,13,SE,Spring barley,precip,0.178044133599701
HadGEM3-GC3-1MM,-11.5,-11.5321,21,SE,Spring barley,precip,0.221169346854456
HadGEM3-GC3-1MM,-10.5,-10.4803,10,SE,Spring barley,precip,0.193394215546216
HadGEM3-GC3-1MM,-9.5,-9.6161,7,SE,Spring barley,precip,0.0430491919775453
HadGEM3-GC3-1MM,-8.5,-8.6582,7,SE,Spring barley,precip,0.0801315570443441
HadGEM3-GC3-1MM,-7.5,-7.6345,8,SE,Spring barley,precip,0.113003998470627
HadGEM3-GC3-1MM,-6.5,-6.4299,4,SE,Spring barley,precip,-0.0659990360133071
HadGEM3-GC3-1MM,-5.5,-5.3528,4,SE,Spring barley,precip,0.0122118907448969
HadGEM3-GC3-1MM,-4.5,-4.3969,4,SE,Spring barley,precip,-0.0487817376611328
IPSL-CM6A-LR,-9.5,-9.3401,5,SE,Spring barley,precip,0.0956999310576201
IPSL-CM6A-LR,-8.5,-8.4598,8,SE,Spring barley,precip,0.119867393920659
IPSL-CM6A-LR,-7.5,-7.5255,19,SE,Spring barley,precip,0.0407456752461856
IPSL-CM6A-LR,-6.5,-6.5577,11,SE,Spring barley,precip,0.0442620210470338
IPSL-CM6A-LR,-5.5,-5.5623,13,SE,Spring barley,precip,-0.00188825222156342
IPSL-CM6A-LR,-4.5,-4.3507,11,SE,Spring barley,precip,-0.00154772666736758
IPSL-CM6A-LR,-3.5,-3.4644,8,SE,Spring barley,precip,0.0385284419423027
IPSL-CM6A-LR,-2.5,-2.5669,9,SE,Spring barley,precip,-0.045999016976136
IPSL-CM6A-LR,-1.5,-1.2909,6,SE,Spring barley,precip,-0.0314686309531265
IPSL-CM6A-LR,-0.5,-0.6347,8,SE,Spring barley,precip,0.0724783931154115
EC-Earth3,-9.5,-9.1554,4,SK,Spring barley,precip,0.0926227519021375
EC-Earth3,-8.5,-8.4726,15,SK,Spring barley,precip,0.0191322997826953
EC-Earth3,-7.5,-7.5562,20,SK,Spring barley,precip,0.0152442889522731
EC-Earth3,-6.5,-6.4767,21,SK,Spring barley,precip,-0.0525964780174252
EC-Earth3,-5.5,-5.3342,8,SK,Spring barley,precip,-0.0796434735383563
EC-Earth3,-4.5,-4.5495,8,SK,Spring barley,precip,0.00430440279629526
EC-Earth3,-3.5,-3.3459,9,SK,Spring barley,precip,-0.0369668594563765
EC-Earth3,-2.5,-2.4493,5,SK,Spring barley,precip,-0.0629953739445296
EC-Earth3,-1.5,-1.3807,6,SK,Spring barley,precip,0.036085383065127
EC-Earth3,-0.5,-0.6596,3,SK,Spring barley,precip,-0.0677067148026606
HadGEM3-GC3-1LL,-8.5,-8.3848,12,SK,Spring barley,precip,-0.0707994291316682
HadGEM3-GC3-1LL,-7.5,-7.5599,19,SK,Spring barley,precip,-0.0482915480119583
HadGEM3-GC3-1LL,-6.5,-6.5442,24,SK,Spring barley,precip,0.00861076297192775
HadGEM3-GC3-1LL,-5.5,-5.5797,10,SK,Spring barley,precip,-0.0339284043102037
HadGEM3-GC3-1LL,-4.5,-4.5263,6,SK,Spring barley,precip,0.0280372792529866
HadGEM3-GC3-1LL,-3.5,-3.7835,7,SK,Spring barley,precip,-0.0228990706124145
HadGEM3-GC3-1LL,-2.5,-2.4504,6,SK,Spring barley,precip,-0.0338712369007458
HadGEM3-GC3-1LL,-1.5,-1.3098,8,SK,Spring barley,precip,0.00986227657073485
HadGEM3-GC3-1LL,-0.5,-0.331,6,SK,Spring barley,precip,0.0782794401606723
HadGEM3-GC3-1MM,-14.5,-14.3032,4,SK,Spring barley,precip,-0.109606544543551
HadGEM3-GC3-1MM,-13.5,-13.3931,8,SK,Spring barley,precip,-0.103381414966836
HadGEM3-GC3-1MM,-12.5,-12.588,13,SK,Spring barley,precip,-0.0728986004594357
HadGEM3-GC3-1MM,-11.5,-11.5321,21,SK,Spring barley,precip,-0.0659937267594506
HadGEM3-GC3-1MM,-10.5,-10.4803,10,SK,Spring barley,precip,-0.0580795857240732
HadGEM3-GC3-1MM,-9.5,-9.6161,7,SK,Spring barley,precip,-0.1456999116653
HadGEM3-GC3-1MM,-8.5,-8.6582,7,SK,Spring barley,precip,-0.0672620572601926
HadGEM3-GC3-1MM,-7.5,-7.6345,8,SK,Spring barley,precip,-0.0278990325641096
HadGEM3-GC3-1MM,-6.5,-6.4299,4,SK,Spring barley,precip,-0.0653488785962514
HadGEM3-GC3-1MM,-5.5,-5.3528,4,SK,Spring barley,precip,-0.0604927195146377
HadGEM3-GC3-1MM,-4.5,-4.3969,4,SK,Spring barley,precip,-0.045706249880352
IPSL-CM6A-LR,-9.5,-9.3401,5,SK,Spring barley,precip,-0.0514805298403627
IPSL-CM6A-LR,-8.5,-8.4598,8,SK,Spring barley,precip,-0.0399392661224344
IPSL-CM6A-LR,-7.5,-7.5255,19,SK,Spring barley,precip,-0.0494559844141724
IPSL-CM6A-LR,-6.5,-6.5577,11,SK,Spring barley,precip,-0.0775624583534704
IPSL-CM6A-LR,-5.5,-5.5623,13,SK,Spring barley,precip,-0.0452904164721911
IPSL-CM6A-LR,-4.5,-4.3507,11,SK,Spring barley,precip,-0.0120268056548025
IPSL-CM6A-LR,-3.5,-3.4644,8,SK,Spring barley,precip,0.0232702680955851
IPSL-CM6A-LR,-2.5,-2.5669,9,SK,Spring barley,precip,-0.0454307304085532
IPSL-CM6A-LR,-1.5,-1.2909,6,SK,Spring barley,precip,-0.0706102724680656
IPSL-CM6A-LR,-0.5,-0.6347,8,SK,Spring barley,precip,-0.00782063402761288
EC-Earth3,-9.5,-9.1554,4,CZ,Winter barley,precip,0.0459879543427797
EC-Earth3,-8.5,-8.4726,15,CZ,Winter barley,precip,-0.0138798650106348
EC-Earth3,-7.5,-7.5562,20,CZ,Winter barley,precip,-0.0102945807010091
EC-Earth3,-6.5,-6.4767,21,CZ,Winter barley,precip,-0.0497634558926341
EC-Earth3,-5.5,-5.3342,8,CZ,Winter barley,precip,-0.0160822262305711
EC-Earth3,-4.5,-4.5495,8,CZ,Winter barley,precip,-0.0212641574706255
EC-Earth3,-3.5,-3.3459,9,CZ,Winter barley,precip,-0.0686374172815594
EC-Earth3,-2.5,-2.4493,5,CZ,Winter barley,precip,-0.0107869626224398
EC-Earth3,-1.5,-1.3807,6,CZ,Winter barley,precip,-0.0119875531945318
EC-Earth3,-0.5,-0.6596,3,CZ,Winter barley,precip,-0.0332442289522521
HadGEM3-GC3-1LL,-8.5,-8.3848,12,CZ,Winter barley,precip,-0.0426837749659062
HadGEM3-GC3-1LL,-7.5,-7.5599,19,CZ,Winter barley,precip,-0.0382828526000275
HadGEM3-GC3-1LL,-6.5,-6.5442,24,CZ,Winter barley,precip,-0.00528023044626848
HadGEM3-GC3-1LL,-5.5,-5.5797,10,CZ,Winter barley,precip,-0.0169593340485319
HadGEM3-GC3-1LL,-4.5,-4.5263,6,CZ,Winter barley,precip,-0.0202005941476921
HadGEM3-GC3-1LL,-3.5,-3.7835,7,CZ,Winter barley,precip,-0.0126272810502842
HadGEM3-GC3-1LL,-2.5,-2.4504,6,CZ,Winter barley,precip,0.00771076048757207
HadGEM3-GC3-1LL,-1.5,-1.3098,8,CZ,Winter barley,precip,0.0109998739131539
HadGEM3-GC3-1LL,-0.5,-0.331,6,CZ,Winter barley,precip,0.040237903477334
HadGEM3-GC3-1MM,-14.5,-14.3032,4,CZ,Winter barley,precip,-0.0164776564924183
HadGEM3-GC3-1MM,-13.5,-13.3931,8,CZ,Winter barley,precip,-0.0277159641196134
HadGEM3-GC3-1MM,-12.5,-12.588,13,CZ,Winter barley,precip,-0.0413271349890411
HadGEM3-GC3-1MM,-11.5,-11.5321,21,CZ,Winter barley,precip,-0.00375139734874716
HadGEM3-GC3-1MM,-10.5,-10.4803,10,CZ,Winter barley,precip,0.00295211771872022
HadGEM3-GC3-1MM,-9.5,-9.6161,7,CZ,Winter barley,precip,-0.0790827039732957
HadGEM3-GC3-1MM,-8.5,-8.6582,7,CZ,Winter barley,precip,-0.0134294684149051
HadGEM3-GC3-1MM,-7.5,-7.6345,8,CZ,Winter barley,precip,-0.0169475626919565
HadGEM3-GC3-1MM,-6.5,-6.4299,4,CZ,Winter barley,precip,-0.0550391983566102
HadGEM3-GC3-1MM,-5.5,-5.3528,4,CZ,Winter barley,precip,-0.0446361142075372
HadGEM3-GC3-1MM,-4.5,-4.3969,4,CZ,Winter barley,precip,-0.0460746634356256
IPSL-CM6A-LR,-9.5,-9.3401,5,CZ,Winter barley,precip,-0.0180249955802756
IPSL-CM6A-LR,-8.5,-8.4598,8,CZ,Winter barley,precip,-0.0296936014171476
IPSL-CM6A-LR,-7.5,-7.5255,19,CZ,Winter barley,precip,-0.0346909989797222
IPSL-CM6A-LR,-6.5,-6.5577,11,CZ,Winter barley,precip,-0.0564715177535318
IPSL-CM6A-LR,-5.5,-5.5623,13,CZ,Winter barley,precip,-0.0330933296318768
IPSL-CM6A-LR,-4.5,-4.3507,11,CZ,Winter barley,precip,-0.0135105813257144
IPSL-CM6A-LR,-3.5,-3.4644,8,CZ,Winter barley,precip,0.0278293033807029
IPSL-CM6A-LR,-2.5,-2.5669,9,CZ,Winter barley,precip,-0.0333300306359072
IPSL-CM6A-LR,-1.5,-1.2909,6,CZ,Winter barley,precip,-0.0510721506060176
IPSL-CM6A-LR,-0.5,-0.6347,8,CZ,Winter barley,precip,0.0172133142066901
EC-Earth3,-9.5,-9.1554,4,DE,Winter barley,precip,0.0202574555165493
EC-Earth3,-8.5,-8.4726,15,DE,Winter barley,precip,-0.0491529078213197
EC-Earth3,-7.5,-7.5562,20,DE,Winter barley,precip,-0.0409974627314208
EC-Earth3,-6.5,-6.4767,21,DE,Winter barley,precip,-0.0657821175692127
EC-Earth3,-5.5,-5.3342,8,DE,Winter barley,precip,-0.0352631097435446
EC-Earth3,-4.5,-4.5495,8,DE,Winter barley,precip,-0.0456609595502953
EC-Earth3,-3.5,-3.3459,9,DE,Winter barley,precip,-0.0773685177690498
EC-Earth3,-2.5,-2.4493,5,DE,Winter barley,precip,-0.0490209253532873
EC-Earth3,-1.5,-1.3807,6,DE,Winter barley,precip,-0.0375040153717629
EC-Earth3,-0.5,-0.6596,3,DE,Winter barley,precip,-0.00344059203722204
HadGEM3-GC3-1LL,-8.5,-8.3848,12,DE,Winter barley,precip,-0.0513129675879384
HadGEM3-GC3-1LL,-7.5,-7.5599,19,DE,Winter barley,precip,-0.0260701640592434
HadGEM3-GC3-1LL,-6.5,-6.5442,24,DE,Winter barley,precip,-0.0431008712702315
HadGEM3-GC3-1LL,-5.5,-5.5797,10,DE,Winter barley,precip,-0.0382632745943098
HadGEM3-GC3-1LL,-4.5,-4.5263,6,DE,Winter barley,precip,-0.052357940135581
HadGEM3-GC3-1LL,-3.5,-3.7835,7,DE,Winter barley,precip,-0.0189399908892602
HadGEM3-GC3-1LL,-2.5,-2.4504,6,DE,Winter barley,precip,-0.0144959171320086
HadGEM3-GC3-1LL,-1.5,-1.3098,8,DE,Winter barley,precip,0.0357823953468773
HadGEM3-GC3-1LL,-0.5,-0.331,6,DE,Winter barley,precip,-0.00374178431259662
HadGEM3-GC3-1MM,-14.5,-14.3032,4,DE,Winter barley,precip,0.0622740187022326
HadGEM3-GC3-1MM,-13.5,-13.3931,8,DE,Winter barley,precip,0.0702578268342871
HadGEM3-GC3-1MM,-12.5,-12.588,13,DE,Winter barley,precip,0.0351250320937932
HadGEM3-GC3-1MM,-11.5,-11.5321,21,DE,Winter barley,precip,0.0244399804277278
HadGEM3-GC3-1MM,-10.5,-10.4803,10,DE,Winter barley,precip,0.0132488469798386
HadGEM3-GC3-1MM,-9.5,-9.6161,7,DE,Winter barley,precip,-0.0591403670365302
HadGEM3-GC3-1MM,-8.5,-8.6582,7,DE,Winter barley,precip,-0.0231482887966125
HadGEM3-GC3-1MM,-7.5,-7.6345,8,DE,Winter barley,precip,0.0103301398799718
HadGEM3-GC3-1MM,-6.5,-6.4299,4,DE,Winter barley,precip,-0.0138982994916785
HadGEM3-GC3-1MM,-5.5,-5.3528,4,DE,Winter barley,precip,-0.00852875575612629
HadGEM3-GC3-1MM,-4.5,-4.3969,4,DE,Winter barley,precip,-0.0617047995965731
IPSL-CM6A-LR,-9.5,-9.3401,5,DE,Winter barley,precip,-0.0323017868673766
IPSL-CM6A-LR,-8.5,-8.4598,8,DE,Winter barley,precip,-0.0300417104198411
IPSL-CM6A-LR,-7.5,-7.5255,19,DE,Winter barley,precip,-0.0449780769037282
IPSL-CM6A-LR,-6.5,-6.5577,11,DE,Winter barley,precip,-0.0668443758666802
IPSL-CM6A-LR,-5.5,-5.5623,13,DE,Winter barley,precip,-0.0625172486969812
IPSL-CM6A-LR,-4.5,-4.3507,11,DE,Winter barley,precip,-0.0201092467028543
IPSL-CM6A-LR,-3.5,-3.4644,8,DE,Winter barley,precip,0.00217056509951003
IPSL-CM6A-LR,-2.5,-2.5669,9,DE,Winter barley,precip,-0.0538408748730516
IPSL-CM6A-LR,-1.5,-1.2909,6,DE,Winter barley,precip,-0.0285443084338589
IPSL-CM6A-LR,-0.5,-0.6347,8,DE,Winter barley,precip,0.00996850542505945
EC-Earth3,-9.5,-9.1554,4,DK,Winter barley,precip,-0.0199820345667484
EC-Earth3,-8.5,-8.4726,15,DK,Winter barley,precip,-0.0348491946712998
EC-Earth3,-7.5,-7.5562,20,DK,Winter barley,precip,-0.0440488432628603
EC-Earth3,-6.5,-6.4767,21,DK,Winter barley,precip,-0.0553327127690026
EC-Earth3,-5.5,-5.3342,8,DK,Winter barley,precip,-0.046689034169952
EC-Earth3,-4.5,-4.5495,8,DK,Winter barley,precip,-0.0522180186565386
EC-Earth3,-3.5,-3.3459,9,DK,Winter barley,precip,-0.0862658786976238
EC-Earth3,-2.5,-2.4493,5,DK,Winter barley,precip,-0.0300754333791523
EC-Earth3,-1.5,-1.3807,6,DK,Winter barley,precip,-0.0370827920047208
EC-Earth3,-0.5,-0.6596,3,DK,Winter barley,precip,0.0539320136126525
HadGEM3-GC3-1LL,-8.5,-8.3848,12,DK,Winter barley,precip,-0.055049806614716
HadGEM3-GC3-1LL,-7.5,-7.5599,19,DK,Winter barley,precip,-0.0274800736490554
HadGEM3-GC3-1LL,-6.5,-6.5442,24,DK,Winter barley,precip,-0.0543261058062872
HadGEM3-GC3-1LL,-5.5,-5.5797,10,DK,Winter barley,precip,-0.0386296706136592
HadGEM3-GC3-1LL,-4.5,-4.5263,6,DK,Winter barley,precip,-0.0417580260511972
HadGEM3-GC3-1LL,-3.5,-3.7835,7,DK,Winter barley,precip,-0.00589462632666607
HadGEM3-GC3-1LL,-2.5,-2.4504,6,DK,Winter barley,precip,-0.00138784071300402
HadGEM3-GC3-1LL,-1.5,-1.3098,8,DK,Winter barley,precip,0.0596777419648994
HadGEM3-GC3-1LL,-0.5,-0.331,6,DK,Winter barley,precip,-0.024180819233345
HadGEM3-GC3-1MM,-14.5,-14.3032,4,DK,Winter barley,precip,0.196059989757779
HadGEM3-GC3-1MM,-13.5,-13.3931,8,DK,Winter barley,precip,0.144561971131627
HadGEM3-GC3-1MM,-12.5,-12.588,13,DK,Winter barley,precip,0.16005826562885
HadGEM3-GC3-1MM,-11.5,-11.5321,21,DK,Winter barley,precip,0.167701407374049
HadGEM3-GC3-1MM,-10.5,-10.4803,10,DK,Winter barley,precip,0.143439425745081
HadGEM3-GC3-1MM,-9.5,-9.6161,7,DK,Winter barley,precip,0.0261735423899762
HadGEM3-GC3-1MM,-8.5,-8.6582,7,DK,Winter barley,precip,0.00731013481361596
HadGEM3-GC3-1MM,-7.5,-7.6345,8,DK,Winter barley,precip,0.042542763732965
HadGEM3-GC3-1MM,-6.5,-6.4299,4,DK,Winter barley,precip,-0.0705557805111497
HadGEM3-GC3-1MM,-5.5,-5.3528,4,DK,Winter barley,precip,-0.0144024318310935
HadGEM3-GC3-1MM,-4.5,-4.3969,4,DK,Winter barley,precip,-0.0837971638528491
IPSL-CM6A-LR,-9.5,-9.3401,5,DK,Winter barley,precip,0.0667789755071932
IPSL-CM6A-LR,-8.5,-8.4598,8,DK,Winter barley,precip,0.107381264373619
IPSL-CM6A-LR,-7.5,-7.5255,19,DK,Winter barley,precip,-0.00595395947895213
IPSL-CM6A-LR,-6.5,-6.5577,11,DK,Winter barley,precip,0.0561725595982786
IPSL-CM6A-LR,-5.5,-5.5623,13,DK,Winter barley,precip,-0.035945067313971
IPSL-CM6A-LR,-4.5,-4.3507,11,DK,Winter barley,precip,0.000512103900119948
IPSL-CM6A-LR,-3.5,-3.4644,8,DK,Winter barley,precip,0.0211679984602032
IPSL-CM6A-LR,-2.5,-2.5669,9,DK,Winter barley,precip,-0.0597451283823942
IPSL-CM6A-LR,-1.5,-1.2909,6,DK,Winter barley,precip,-0.0419149134953661
IPSL-CM6A-LR,-0.5,-0.6347,8,DK,Winter barley,precip,0.0672976545019221
EC-Earth3,-9.5,-9.1554,4,EE,Winter barley,precip,-0.0187304118077933
EC-Earth3,-8.5,-8.4726,15,EE,Winter barley,precip,-0.0279379539621626
EC-Earth3,-7.5,-7.5562,20,EE,Winter barley,precip,0.00191710300949895
EC-Earth3,-6.5,-6.4767,21,EE,Winter barley,precip,-0.0160708777540403
EC-Earth3,-5.5,-5.3342,8,EE,Winter barley,precip,-0.0340432837553563
EC-Earth3,-4.5,-4.5495,8,EE,Winter barley,precip,0.0125462135691461
EC-Earth3,-3.5,-3.3459,9,EE,Winter barley,precip,-0.00921989236666272
EC-Earth3,-2.5,-2.4493,5,EE,Winter barley,precip,0.0148588971755309
EC-Earth3,-1.5,-1.3807,6,EE,Winter barley,precip,-0.0266493768522504
EC-Earth3,-0.5,-0.6596,3,EE,Winter barley,precip,-0.024926399447039
HadGEM3-GC3-1LL,-8.5,-8.3848,12,EE,Winter barley,precip,-0.0186818232779233
HadGEM3-GC3-1LL,-7.5,-7.5599,19,EE,Winter barley,precip,0.00504989308320695
HadGEM3-GC3-1LL,-6.5,-6.5442,24,EE,Winter barley,precip,-0.0216818518199968
HadGEM3-GC3-1LL,-5.5,-5.5797,10,EE,Winter barley,precip,-0.0276429408534639
HadGEM3-GC3-1LL,-4.5,-4.5263,6,EE,Winter barley,precip,-0.0183736780888469
HadGEM3-GC3-1LL,-3.5,-3.7835,7,EE,Winter barley,precip,0.0181540410379658
HadGEM3-GC3-1LL,-2.5,-2.4504,6,EE,Winter barley,precip,0.0566558872407216
HadGEM3-GC3-1LL,-1.5,-1.3098,8,EE,Winter barley,precip,0.0835991148423175
HadGEM3-GC3-1LL,-0.5,-0.331,6,EE,Winter barley,precip,0.00957978546554032
HadGEM3-GC3-1MM,-14.5,-14.3032,4,EE,Winter barley,precip,0.137084941414924
HadGEM3-GC3-1MM,-13.5,-13.3931,8,EE,Winter barley,precip,0.139204728158349
HadGEM3-GC3-1MM,-12.5,-12.588,13,EE,Winter barley,precip,0.163000048601731
HadGEM3-GC3-1MM,-11.5,-11.5321,21,EE,Winter barley,precip,0.134514531711114
HadGEM3-GC3-1MM,-10.5,-10.4803,10,EE,Winter barley,precip,0.183063728834694
HadGEM3-GC3-1MM,-9.5,-9.6161,7,EE,Winter barley,precip,0.0376306327951723
HadGEM3-GC3-1MM,-8.5,-8.6582,7,EE,Winter barley,precip,0.0630537019434963
HadGEM3-GC3-1MM,-7.5,-7.6345,8,EE,Winter barley,precip,0.0923065415726186
HadGEM3-GC3-1MM,-6.5,-6.4299,4,EE,Winter barley,precip,-0.00945712900025954
HadGEM3-GC3-1MM,-5.5,-5.3528,4,EE,Winter barley,precip,0.0160572199975701
HadGEM3-GC3-1MM,-4.5,-4.3969,4,EE,Winter barley,precip,-0.00169081593530953
IPSL-CM6A-LR,-9.5,-9.3401,5,EE,Winter barley,precip,0.102094158883004
IPSL-CM6A-LR,-8.5,-8.4598,8,EE,Winter barley,precip,0.0966171222372483
IPSL-CM6A-LR,-7.5,-7.5255,19,EE,Winter barley,precip,0.0529240672926056
IPSL-CM6A-LR,-6.5,-6.5577,11,EE,Winter barley,precip,0.0206084256801986
IPSL-CM6A-LR,-5.5,-5.5623,13,EE,Winter barley,precip,0.0240141101131241
IPSL-CM6A-LR,-4.5,-4.3507,11,EE,Winter barley,precip,0.0336151073783848
IPSL-CM6A-LR,-3.5,-3.4644,8,EE,Winter barley,precip,-0.00433368214800261
IPSL-CM6A-LR,-2.5,-2.5669,9,EE,Winter barley,precip,-0.00289507011131407
IPSL-CM6A-LR,-1.5,-1.2909,6,EE,Winter barley,precip,-0.0346714591253475
IPSL-CM6A-LR,-0.5,-0.6347,8,EE,Winter barley,precip,-0.00178100306586324
EC-Earth3,-9.5,-9.1554,4,EL,Winter barley,precip,-0.0193415828233748
EC-Earth3,-8.5,-8.4726,15,EL,Winter barley,precip,-0.0298224056662844
EC-Earth3,-7.5,-7.5562,20,EL,Winter barley,precip,-0.0248319383747415
EC-Earth3,-6.5,-6.4767,21,EL,Winter barley,precip,-0.00973975478240953
EC-Earth3,-5.5,-5.3342,8,EL,Winter barley,precip,-0.01988803217489
EC-Earth3,-4.5,-4.5495,8,EL,Winter barley,precip,-0.0134605506495996
EC-Earth3,-3.5,-3.3459,9,EL,Winter barley,precip,-0.0190784903453812
EC-Earth3,-2.5,-2.4493,5,EL,Winter barley,precip,-0.0370541072849191
EC-Earth3,-1.5,-1.3807,6,EL,Winter barley,precip,-0.00568805042722684
EC-Earth3,-0.5,-0.6596,3,EL,Winter barley,precip,0.00251016553979853
HadGEM3-GC3-1LL,-8.5,-8.3848,12,EL,Winter barley,precip,-0.0205441838370668
HadGEM3-GC3-1LL,-7.5,-7.5599,19,EL,Winter barley,precip,-0.0299334863453712
HadGEM3-GC3-1LL,-6.5,-6.5442,24,EL,Winter barley,precip,-0.0139583504245428
HadGEM3-GC3-1LL,-5.5,-5.5797,10,EL,Winter barley,precip,-0.0206812672166609
HadGEM3-GC3-1LL,-4.5,-4.5263,6,EL,Winter barley,precip,-0.0274722419892346
HadGEM3-GC3-1LL,-3.5,-3.7835,7,EL,Winter barley,precip,-0.0232670926023159
HadGEM3-GC3-1LL,-2.5,-2.4504,6,EL,Winter barley,precip,-0.0102493316056767
HadGEM3-GC3-1LL,-1.5,-1.3098,8,EL,Winter barley,precip,-0.011970699041676
HadGEM3-GC3-1LL,-0.5,-0.331,6,EL,Winter barley,precip,-0.0161602333701927
HadGEM3-GC3-1MM,-14.5,-14.3032,4,EL,Winter barley,precip,-0.0472413421558925
HadGEM3-GC3-1MM,-13.5,-13.3931,8,EL,Winter barley,precip,-0.0674736749544446
HadGEM3-GC3-1MM,-12.5,-12.588,13,EL,Winter barley,precip,-0.044548379679527
HadGEM3-GC3-1MM,-11.5,-11.5321,21,EL,Winter barley,precip,-0.0594190099433132
HadGEM3-GC3-1MM,-10.5,-10.4803,10,EL,Winter barley,precip,-0.063544202668667
HadGEM3-GC3-1MM,-9.5,-9.6161,7,EL,Winter barley,precip,-0.0737008766196988
HadGEM3-GC3-1MM,-8.5,-8.6582,7,EL,Winter barley,precip,-0.0459010080371172
HadGEM3-GC3-1MM,-7.5,-7.6345,8,EL,Winter barley,precip,-0.0472275874402282
HadGEM3-GC3-1MM,-6.5,-6.4299,4,EL,Winter barley,precip,-0.0126353775766102
HadGEM3-GC3-1MM,-5.5,-5.3528,4,EL,Winter barley,precip,-0.0209867838853853
HadGEM3-GC3-1MM,-4.5,-4.3969,4,EL,Winter barley,precip,-0.011663654796479
IPSL-CM6A-LR,-9.5,-9.3401,5,EL,Winter barley,precip,-0.0238001428954548
IPSL-CM6A-LR,-8.5,-8.4598,8,EL,Winter barley,precip,-0.0509713216900084
IPSL-CM6A-LR,-7.5,-7.5255,19,EL,Winter barley,precip,-0.0439470457938899
IPSL-CM6A-LR,-6.5,-6.5577,11,EL,Winter barley,precip,-0.0416552873549944
IPSL-CM6A-LR,-5.5,-5.5623,13,EL,Winter barley,precip,-0.031208916443167
IPSL-CM6A-LR,-4.5,-4.3507,11,EL,Winter barley,precip,-0.00840455305109347
IPSL-CM6A-LR,-3.5,-3.4644,8,EL,Winter barley,precip,-0.0230059837881977
IPSL-CM6A-LR,-2.5,-2.5669,9,EL,Winter barley,precip,-0.0291075518510635
IPSL-CM6A-LR,-1.5,-1.2909,6,EL,Winter barley,precip,0.00150065211308984
IPSL-CM6A-LR,-0.5,-0.6347,8,EL,Winter barley,precip,-0.037727867812861
EC-Earth3,-9.5,-9.1554,4,ES,Winter barley,precip,-0.0591327002646138
EC-Earth3,-8.5,-8.4726,15,ES,Winter barley,precip,-0.0588066007539067
EC-Earth3,-7.5,-7.5562,20,ES,Winter barley,precip,-0.0351255654414798
EC-Earth3,-6.5,-6.4767,21,ES,Winter barley,precip,-0.0565285987497886
EC-Earth3,-5.5,-5.3342,8,ES,Winter barley,precip,-0.0564767080296223
EC-Earth3,-4.5,-4.5495,8,ES,Winter barley,precip,-0.0732622166322567
EC-Earth3,-3.5,-3.3459,9,ES,Winter barley,precip,-0.019196472574951
EC-Earth3,-2.5,-2.4493,5,ES,Winter barley,precip,-0.0373497742715746
EC-Earth3,-1.5,-1.3807,6,ES,Winter barley,precip,-0.00954246827169606
EC-Earth3,-0.5,-0.6596,3,ES,Winter barley,precip,-0.0440766812164482
HadGEM3-GC3-1LL,-8.5,-8.3848,12,ES,Winter barley,precip,-0.0585404859699513
HadGEM3-GC3-1LL,-7.5,-7.5599,19,ES,Winter barley,precip,-0.0405773062765134
HadGEM3-GC3-1LL,-6.5,-6.5442,24,ES,Winter barley,precip,-0.039377334979805
HadGEM3-GC3-1LL,-5.5,-5.5797,10,ES,Winter barley,precip,-0.0274032170382766
HadGEM3-GC3-1LL,-4.5,-4.5263,6,ES,Winter barley,precip,-0.0602072520049481
HadGEM3-GC3-1LL,-3.5,-3.7835,7,ES,Winter barley,precip,-0.0403798158340557
HadGEM3-GC3-1LL,-2.5,-2.4504,6,ES,Winter barley,precip,-0.0439116157035143
HadGEM3-GC3-1LL,-1.5,-1.3098,8,ES,Winter barley,precip,-0.0250588745684876
HadGEM3-GC3-1LL,-0.5,-0.331,6,ES,Winter barley,precip,-0.0269103173364792
HadGEM3-GC3-1MM,-14.5,-14.3032,4,ES,Winter barley,precip,-0.0653315111429399
HadGEM3-GC3-1MM,-13.5,-13.3931,8,ES,Winter barley,precip,-0.0450378173946449
HadGEM3-GC3-1MM,-12.5,-12.588,13,ES,Winter barley,precip,-0.0555527469021733
HadGEM3-GC3-1MM,-11.5,-11.5321,21,ES,Winter barley,precip,-0.074391596389403
HadGEM3-GC3-1MM,-10.5,-10.4803,10,ES,Winter barley,precip,-0.0790003985076754
HadGEM3-GC3-1MM,-9.5,-9.6161,7,ES,Winter barley,precip,-0.0664678040850721
HadGEM3-GC3-1MM,-8.5,-8.6582,7,ES,Winter barley,precip,-0.0456202693688588
HadGEM3-GC3-1MM,-7.5,-7.6345,8,ES,Winter barley,precip,-0.0731484998605958
HadGEM3-GC3-1MM,-6.5,-6.4299,4,ES,Winter barley,precip,-0.0542251657512082
HadGEM3-GC3-1MM,-5.5,-5.3528,4,ES,Winter barley,precip,-0.0281280124103521
HadGEM3-GC3-1MM,-4.5,-4.3969,4,ES,Winter barley,precip,0.0304454750479039
IPSL-CM6A-LR,-9.5,-9.3401,5,ES,Winter barley,precip,-0.0583706306582049
IPSL-CM6A-LR,-8.5,-8.4598,8,ES,Winter barley,precip,-0.0720562199602836
IPSL-CM6A-LR,-7.5,-7.5255,19,ES,Winter barley,precip,-0.0594184643454494
IPSL-CM6A-LR,-6.5,-6.5577,11,ES,Winter barley,precip,-0.0579030225795777
IPSL-CM6A-LR,-5.5,-5.5623,13,ES,Winter barley,precip,-0.0557414066106136
IPSL-CM6A-LR,-4.5,-4.3507,11,ES,Winter barley,precip,-0.0519330057043814
IPSL-CM6A-LR,-3.5,-3.4644,8,ES,Winter barley,precip,-0.0625398069158148
IPSL-CM6A-LR,-2.5,-2.5669,9,ES,Winter barley,precip,0.00274894564237867
IPSL-CM6A-LR,-1.5,-1.2909,6,ES,Winter barley,precip,-0.0329493978704319
IPSL-CM6A-LR,-0.5,-0.6347,8,ES,Winter barley,precip,-0.0326893314405399
EC-Earth3,-9.5,-9.1554,4,FR,Winter barley,precip,-0.00686270483327748
EC-Earth3,-8.5,-8.4726,15,FR,Winter barley,precip,-0.0802766571032117
EC-Earth3,-7.5,-7.5562,20,FR,Winter barley,precip,-0.0357389219109843
EC-Earth3,-6.5,-6.4767,21,FR,Winter barley,precip,-0.0709929147953392
EC-Earth3,-5.5,-5.3342,8,FR,Winter barley,precip,-0.0151718623318011
EC-Earth3,-4.5,-4.5495,8,FR,Winter barley,precip,-0.0825304001986959
EC-Earth3,-3.5,-3.3459,9,FR,Winter barley,precip,-0.0567557233600331
EC-Earth3,-2.5,-2.4493,5,FR,Winter barley,precip,-0.056334175290542
EC-Earth3,-1.5,-1.3807,6,FR,Winter barley,precip,-0.0372112629046575
EC-Earth3,-0.5,-0.6596,3,FR,Winter barley,precip,0.00582656829503477
HadGEM3-GC3-1LL,-8.5,-8.3848,12,FR,Winter barley,precip,-0.0584791041140087
HadGEM3-GC3-1LL,-7.5,-7.5599,19,FR,Winter barley,precip,-0.031785798628242
HadGEM3-GC3-1LL,-6.5,-6.5442,24,FR,Winter barley,precip,-0.0596395168528571
HadGEM3-GC3-1LL,-5.5,-5.5797,10,FR,Winter barley,precip,-0.00905049003514823
HadGEM3-GC3-1LL,-4.5,-4.5263,6,FR,Winter barley,precip,-0.089979422851104
HadGEM3-GC3-1LL,-3.5,-3.7835,7,FR,Winter barley,precip,-0.0251489427669091
HadGEM3-GC3-1LL,-2.5,-2.4504,6,FR,Winter barley,precip,-0.0711637242287415
HadGEM3-GC3-1LL,-1.5,-1.3098,8,FR,Winter barley,precip,0.0238332125403786
HadGEM3-GC3-1LL,-0.5,-0.331,6,FR,Winter barley,precip,-0.0220009327057363
HadGEM3-GC3-1MM,-14.5,-14.3032,4,FR,Winter barley,precip,0.0628240492999327
HadGEM3-GC3-1MM,-13.5,-13.3931,8,FR,Winter barley,precip,0.0726756640491666
HadGEM3-GC3-1MM,-12.5,-12.588,13,FR,Winter barley,precip,0.0485312931187221
HadGEM3-GC3-1MM,-11.5,-11.5321,21,FR,Winter barley,precip,0.0109971245592382
HadGEM3-GC3-1MM,-10.5,-10.4803,10,FR,Winter barley,precip,-0.048376659065803
HadGEM3-GC3-1MM,-9.5,-9.6161,7,FR,Winter barley,precip,-0.0435318911145755
HadGEM3-GC3-1MM,-8.5,-8.6582,7,FR,Winter barley,precip,-0.0388096196374228
HadGEM3-GC3-1MM,-7.5,-7.6345,8,FR,Winter barley,precip,-0.0381637279470129
HadGEM3-GC3-1MM,-6.5,-6.4299,4,FR,Winter barley,precip,-0.0465788884555479
HadGEM3-GC3-1MM,-5.5,-5.3528,4,FR,Winter barley,precip,0.0153369718425929
HadGEM3-GC3-1MM,-4.5,-4.3969,4,FR,Winter barley,precip,-0.00549981440139448
IPSL-CM6A-LR,-9.5,-9.3401,5,FR,Winter barley,precip,-0.0597646444582488
IPSL-CM6A-LR,-8.5,-8.4598,8,FR,Winter barley,precip,-0.0423717396063848
IPSL-CM6A-LR,-7.5,-7.5255,19,FR,Winter barley,precip,-0.0680751498898429
IPSL-CM6A-LR,-6.5,-6.5577,11,FR,Winter barley,precip,-0.0894240074495738
IPSL-CM6A-LR,-5.5,-5.5623,13,FR,Winter barley,precip,-0.0718558158593008
IPSL-CM6A-LR,-4.5,-4.3507,11,FR,Winter barley,precip,-0.0447683897127443
IPSL-CM6A-LR,-3.5,-3.4644,8,FR,Winter barley,precip,-0.0508239731795997
IPSL-CM6A-LR,-2.5,-2.5669,9,FR,Winter barley,precip,-0.0605680225963837
IPSL-CM6A-LR,-1.5,-1.2909,6,FR,Winter barley,precip,-0.00194345855812382
IPSL-CM6A-LR,-0.5,-0.6347,8,FR,Winter barley,precip,0.00709043836791487
EC-Earth3,-9.5,-9.1554,4,HU,Winter barley,precip,0.0222307926740117
EC-Earth3,-8.5,-8.4726,15,HU,Winter barley,precip,0.0218203915581457
EC-Earth3,-7.5,-7.5562,20,HU,Winter barley,precip,0.0069960963413214
EC-Earth3,-6.5,-6.4767,21,HU,Winter barley,precip,-0.0228233137502533
EC-Earth3,-5.5,-5.3342,8,HU,Winter barley,precip,-0.0469375344153331
EC-Earth3,-4.5,-4.5495,8,HU,Winter barley,precip,-0.00461373053162784
EC-Earth3,-3.5,-3.3459,9,HU,Winter barley,precip,0.0137869259048381
EC-Earth3,-2.5,-2.4493,5,HU,Winter barley,precip,-0.0729381492941962
EC-Earth3,-1.5,-1.3807,6,HU,Winter barley,precip,0.0489140898013425
EC-Earth3,-0.5,-0.6596,3,HU,Winter barley,precip,-0.0321549838324736
HadGEM3-GC3-1LL,-8.5,-8.3848,12,HU,Winter barley,precip,-0.0260298106822337
HadGEM3-GC3-1LL,-7.5,-7.5599,19,HU,Winter barley,precip,-0.0329192455257197
HadGEM3-GC3-1LL,-6.5,-6.5442,24,HU,Winter barley,precip,0.00631344602713652
HadGEM3-GC3-1LL,-5.5,-5.5797,10,HU,Winter barley,precip,-0.0218525626585316
HadGEM3-GC3-1LL,-4.5,-4.5263,6,HU,Winter barley,precip,0.0294593088517364
HadGEM3-GC3-1LL,-3.5,-3.7835,7,HU,Winter barley,precip,0.000721198767171177
HadGEM3-GC3-1LL,-2.5,-2.4504,6,HU,Winter barley,precip,-0.0209267889141173
HadGEM3-GC3-1LL,-1.5,-1.3098,8,HU,Winter barley,precip,-0.0113321755246027
HadGEM3-GC3-1LL,-0.5,-0.331,6,HU,Winter barley,precip,0.0215267573412378
HadGEM3-GC3-1MM,-14.5,-14.3032,4,HU,Winter barley,precip,-0.087943739210209
HadGEM3-GC3-1MM,-13.5,-13.3931,8,HU,Winter barley,precip,-0.0608688316431656
HadGEM3-GC3-1MM,-12.5,-12.588,13,HU,Winter barley,precip,-0.0423598483233636
HadGEM3-GC3-1MM,-11.5,-11.5321,21,HU,Winter barley,precip,-0.0421979645993859
HadGEM3-GC3-1MM,-10.5,-10.4803,10,HU,Winter barley,precip,-0.0337415368248538
HadGEM3-GC3-1MM,-9.5,-9.6161,7,HU,Winter barley,precip,-0.0591338692068501
HadGEM3-GC3-1MM,-8.5,-8.6582,7,HU,Winter barley,precip,-0.0466472997746943
HadGEM3-GC3-1MM,-7.5,-7.6345,8,HU,Winter barley,precip,-4.24973368900224e-05
HadGEM3-GC3-1MM,-6.5,-6.4299,4,HU,Winter barley,precip,-0.0195978195288856
HadGEM3-GC3-1MM,-5.5,-5.3528,4,HU,Winter barley,precip,-0.0354332640374086
HadGEM3-GC3-1MM,-4.5,-4.3969,4,HU,Winter barley,precip,-0.00334567273835879
IPSL-CM6A-LR,-9.5,-9.3401,5,HU,Winter barley,precip,-0.0335910070748686
IPSL-CM6A-LR,-8.5,-8.4598,8,HU,Winter barley,precip,-0.0343904903350245
IPSL-CM6A-LR,-7.5,-7.5255,19,HU,Winter barley,precip,-0.0339863944847554
IPSL-CM6A-LR,-6.5,-6.5577,11,HU,Winter barley,precip,-0.0461777287466695
IPSL-CM6A-LR,-5.5,-5.5623,13,HU,Winter barley,precip,-0.0301974101913434
IPSL-CM6A-LR,-4.5,-4.3507,11,HU,Winter barley,precip,-0.0219042387561867
IPSL-CM6A-LR,-3.5,-3.4644,8,HU,Winter barley,precip,0.00441094403873805
IPSL-CM6A-LR,-2.5,-2.5669,9,HU,Winter barley,precip,-0.0322522954816122
IPSL-CM6A-LR,-1.5,-1.2909,6,HU,Winter barley,precip,-0.0304002942239267
IPSL-CM6A-LR,-0.5,-0.6347,8,HU,Winter barley,precip,-0.0320826317354013
EC-Earth3,-9.5,-9.1554,4,IT,Winter barley,precip,-0.0326638146050234
EC-Earth3,-8.5,-8.4726,15,IT,Winter barley,precip,-0.0631864199057281
EC-Earth3,-7.5,-7.5562,20,IT,Winter barley,precip,-0.038957058105695
EC-Earth3,-6.5,-6.4767,21,IT,Winter barley,precip,-0.0452543060621046
EC-Earth3,-5.5,-5.3342,8,IT,Winter barley,precip,-0.0724505417979229
EC-Earth3,-4.5,-4.5495,8,IT,Winter barley,precip,-0.0765181242639822
EC-Earth3,-3.5,-3.3459,9,IT,Winter barley,precip,-0.0187138187524054
EC-Earth3,-2.5,-2.4493,5,IT,Winter barley,precip,-0.0836866789518047
EC-Earth3,-1.5,-1.3807,6,IT,Winter barley,precip,-0.0332130276074879
EC-Earth3,-0.5,-0.6596,3,IT,Winter barley,precip,-0.0574449780445809
HadGEM3-GC3-1LL,-8.5,-8.3848,12,IT,Winter barley,precip,-0.0554692012328469
HadGEM3-GC3-1LL,-7.5,-7.5599,19,IT,Winter barley,precip,-0.0632560417482296
HadGEM3-GC3-1LL,-6.5,-6.5442,24,IT,Winter barley,precip,-0.0287427184405144
HadGEM3-GC3-1LL,-5.5,-5.5797,10,IT,Winter barley,precip,-0.0436458205352673
HadGEM3-GC3-1LL,-4.5,-4.5263,6,IT,Winter barley,precip,-0.0608719573714133
HadGEM3-GC3-1LL,-3.5,-3.7835,7,IT,Winter barley,precip,-0.0511068335506801
HadGEM3-GC3-1LL,-2.5,-2.4504,6,IT,Winter barley,precip,-0.0523909776111157
HadGEM3-GC3-1LL,-1.5,-1.3098,8,IT,Winter barley,precip,-0.0148371957013233
HadGEM3-GC3-1LL,-0.5,-0.331,6,IT,Winter barley,precip,-0.026723948565088
HadGEM3-GC3-1MM,-14.5,-14.3032,4,IT,Winter barley,precip,-0.110723215782243
HadGEM3-GC3-1MM,-13.5,-13.3931,8,IT,Winter barley,precip,-0.10555164661354
HadGEM3-GC3-1MM,-12.5,-12.588,13,IT,Winter barley,precip,-0.0916893147305093
HadGEM3-GC3-1MM,-11.5,-11.5321,21,IT,Winter barley,precip,-0.100741925698359
HadGEM3-GC3-1MM,-10.5,-10.4803,10,IT,Winter barley,precip,-0.099969849770654
HadGEM3-GC3-1MM,-9.5,-9.6161,7,IT,Winter barley,precip,-0.0924833711878735
HadGEM3-GC3-1MM,-8.5,-8.6582,7,IT,Winter barley,precip,-0.0955382872345595
HadGEM3-GC3-1MM,-7.5,-7.6345,8,IT,Winter barley,precip,-0.103447559179427
HadGEM3-GC3-1MM,-6.5,-6.4299,4,IT,Winter barley,precip,-0.0529049414326634
HadGEM3-GC3-1MM,-5.5,-5.3528,4,IT,Winter barley,precip,-0.0662190810558729
HadGEM3-GC3-1MM,-4.5,-4.3969,4,IT,Winter barley,precip,-0.0230676068569262
IPSL-CM6A-LR,-9.5,-9.3401,5,IT,Winter barley,precip,-0.0567725888746475
IPSL-CM6A-LR,-8.5,-8.4598,8,IT,Winter barley,precip,-0.0727872306572941
IPSL-CM6A-LR,-7.5,-7.5255,19,IT,Winter barley,precip,-0.0809078095632943
IPSL-CM6A-LR,-6.5,-6.5577,11,IT,Winter barley,precip,-0.100461538271083
IPSL-CM6A-LR,-5.5,-5.5623,13,IT,Winter barley,precip,-0.0706060385256793
IPSL-CM6A-LR,-4.5,-4.3507,11,IT,Winter barley,precip,-0.0519597912456687
IPSL-CM6A-LR,-3.5,-3.4644,8,IT,Winter barley,precip,-0.0482905419140377
IPSL-CM6A-LR,-2.5,-2.5669,9,IT,Winter barley,precip,-0.0335383180593346
IPSL-CM6A-LR,-1.5,-1.2909,6,IT,Winter barley,precip,-0.0386773498698765
IPSL-CM6A-LR,-0.5,-0.6347,8,IT,Winter barley,precip,-0.0431593046815552
EC-Earth3,-9.5,-9.1554,4,LT,Winter barley,precip,-0.00959495804307641
EC-Earth3,-8.5,-8.4726,15,LT,Winter barley,precip,-0.0472942864211537
EC-Earth3,-7.5,-7.5562,20,LT,Winter barley,precip,-0.0315891321256304
EC-Earth3,-6.5,-6.4767,21,LT,Winter barley,precip,-0.0326388448845657
EC-Earth3,-5.5,-5.3342,8,LT,Winter barley,precip,-0.0279707478056619
EC-Earth3,-4.5,-4.5495,8,LT,Winter barley,precip,-0.00261117456381399
EC-Earth3,-3.5,-3.3459,9,LT,Winter barley,precip,-0.0501724799880605
EC-Earth3,-2.5,-2.4493,5,LT,Winter barley,precip,-0.020918311946335
EC-Earth3,-1.5,-1.3807,6,LT,Winter barley,precip,-0.0538679075071483
EC-Earth3,-0.5,-0.6596,3,LT,Winter barley,precip,-0.0544188833720832
HadGEM3-GC3-1LL,-8.5,-8.3848,12,LT,Winter barley,precip,-0.0472455537450985
HadGEM3-GC3-1LL,-7.5,-7.5599,19,LT,Winter barley,precip,-0.0325145731263031
HadGEM3-GC3-1LL,-6.5,-6.5442,24,LT,Winter barley,precip,-0.0397093096012776
HadGEM3-GC3-1LL,-5.5,-5.5797,10,LT,Winter barley,precip,-0.0580254430283352
HadGEM3-GC3-1LL,-4.5,-4.5263,6,LT,Winter barley,precip,-0.0180278995301335
HadGEM3-GC3-1LL,-3.5,-3.7835,7,LT,Winter barley,precip,-0.00999648470097311
HadGEM3-GC3-1LL,-2.5,-2.4504,6,LT,Winter barley,precip,0.0296356715545746
HadGEM3-GC3-1LL,-1.5,-1.3098,8,LT,Winter barley,precip,0.0533816486422981
HadGEM3-GC3-1LL,-0.5,-0.331,6,LT,Winter barley,precip,0.00156510771336654
HadGEM3-GC3-1MM,-14.5,-14.3032,4,LT,Winter barley,precip,0.0134025857060025
HadGEM3-GC3-1MM,-13.5,-13.3931,8,LT,Winter barley,precip,0.079183331651816
HadGEM3-GC3-1MM,-12.5,-12.588,13,LT,Winter barley,precip,0.0760522912571569
HadGEM3-GC3-1MM,-11.5,-11.5321,21,LT,Winter barley,precip,0.0451548485333556
HadGEM3-GC3-1MM,-10.5,-10.4803,10,LT,Winter barley,precip,0.113294841279714
HadGEM3-GC3-1MM,-9.5,-9.6161,7,LT,Winter barley,precip,-0.0442428220205291
HadGEM3-GC3-1MM,-8.5,-8.6582,7,LT,Winter barley,precip,0.000629583564275167
HadGEM3-GC3-1MM,-7.5,-7.6345,8,LT,Winter barley,precip,0.0193567884533189
HadGEM3-GC3-1MM,-6.5,-6.4299,4,LT,Winter barley,precip,-0.025198958196249
HadGEM3-GC3-1MM,-5.5,-5.3528,4,LT,Winter barley,precip,0.00146547610148952
HadGEM3-GC3-1MM,-4.5,-4.3969,4,LT,Winter barley,precip,-0.0195150773950966
IPSL-CM6A-LR,-9.5,-9.3401,5,LT,Winter barley,precip,0.00111173463899799
IPSL-CM6A-LR,-8.5,-8.4598,8,LT,Winter barley,precip,0.00978694475095945
IPSL-CM6A-LR,-7.5,-7.5255,19,LT,Winter barley,precip,-0.0386723648246912
IPSL-CM6A-LR,-6.5,-6.5577,11,LT,Winter barley,precip,-0.0685122176374551
IPSL-CM6A-LR,-5.5,-5.5623,13,LT,Winter barley,precip,-0.0231342982475274
IPSL-CM6A-LR,-4.5,-4.3507,11,LT,Winter barley,precip,-0.0198198214680193
IPSL-CM6A-LR,-3.5,-3.4644,8,LT,Winter barley,precip,0.0129411739779581
IPSL-CM6A-LR,-2.5,-2.5669,9,LT,Winter barley,precip,0.000467986659596498
IPSL-CM6A-LR,-1.5,-1.2909,6,LT,Winter barley,precip,-0.0409805853461905
IPSL-CM6A-LR,-0.5,-0.6347,8,LT,Winter barley,precip,-0.00314556978578904
EC-Earth3,-9.5,-9.1554,4,LV,Winter barley,precip,-0.00702374558166617
EC-Earth3,-8.5,-8.4726,15,LV,Winter barley,precip,-0.038272219675889
EC-Earth3,-7.5,-7.5562,20,LV,Winter barley,precip,-0.0186961874064647
EC-Earth3,-6.5,-6.4767,21,LV,Winter barley,precip,-0.0226737813686153
EC-Earth3,-5.5,-5.3342,8,LV,Winter barley,precip,-0.0337656580689024
EC-Earth3,-4.5,-4.5495,8,LV,Winter barley,precip,0.00109951666275583
EC-Earth3,-3.5,-3.3459,9,LV,Winter barley,precip,-0.0305304572704497
EC-Earth3,-2.5,-2.4493,5,LV,Winter barley,precip,-0.00968463275394436
EC-Earth3,-1.5,-1.3807,6,LV,Winter barley,precip,-0.0437408986604306
EC-Earth3,-0.5,-0.6596,3,LV,Winter barley,precip,-0.0405554621605258
HadGEM3-GC3-1LL,-8.5,-8.3848,12,LV,Winter barley,precip,-0.0379237179155599
HadGEM3-GC3-1LL,-7.5,-7.5599,19,LV,Winter barley,precip,-0.0148538223020579
HadGEM3-GC3-1LL,-6.5,-6.5442,24,LV,Winter barley,precip,-0.0274531104556483
HadGEM3-GC3-1LL,-5.5,-5.5797,10,LV,Winter barley,precip,-0.0406357247351195
HadGEM3-GC3-1LL,-4.5,-4.5263,6,LV,Winter barley,precip,-0.0184701484691088
HadGEM3-GC3-1LL,-3.5,-3.7835,7,LV,Winter barley,precip,0.00750223177289215
HadGEM3-GC3-1LL,-2.5,-2.4504,6,LV,Winter barley,precip,0.0458717880094839
HadGEM3-GC3-1LL,-1.5,-1.3098,8,LV,Winter barley,precip,0.0731749394607382
HadGEM3-GC3-1LL,-0.5,-0.331,6,LV,Winter barley,precip,0.00525478539708124
HadGEM3-GC3-1MM,-14.5,-14.3032,4,LV,Winter barley,precip,0.0682900711874229
HadGEM3-GC3-1MM,-13.5,-13.3931,8,LV,Winter barley,precip,0.126318353930565
HadGEM3-GC3-1MM,-12.5,-12.588,13,LV,Winter barley,precip,0.131500500331308
HadGEM3-GC3-1MM,-11.5,-11.5321,21,LV,Winter barley,precip,0.0998327869826443
HadGEM3-GC3-1MM,-10.5,-10.4803,10,LV,Winter barley,precip,0.15605713356118
HadGEM3-GC3-1MM,-9.5,-9.6161,7,LV,Winter barley,precip,-0.00917572106673743
HadGEM3-GC3-1MM,-8.5,-8.6582,7,LV,Winter barley,precip,0.0224859104424095
HadGEM3-GC3-1MM,-7.5,-7.6345,8,LV,Winter barley,precip,0.0418563404710736
HadGEM3-GC3-1MM,-6.5,-6.4299,4,LV,Winter barley,precip,-0.0127454772678135
HadGEM3-GC3-1MM,-5.5,-5.3528,4,LV,Winter barley,precip,0.00666940715086592
HadGEM3-GC3-1MM,-4.5,-4.3969,4,LV,Winter barley,precip,-0.00349579191002338
IPSL-CM6A-LR,-9.5,-9.3401,5,LV,Winter barley,precip,0.0467524971240715
IPSL-CM6A-LR,-8.5,-8.4598,8,LV,Winter barley,precip,0.0567235334278995
IPSL-CM6A-LR,-7.5,-7.5255,19,LV,Winter barley,precip,-0.00457645822118486
IPSL-CM6A-LR,-6.5,-6.5577,11,LV,Winter barley,precip,-0.0303833099593649
IPSL-CM6A-LR,-5.5,-5.5623,13,LV,Winter barley,precip,-0.00311367987776856
IPSL-CM6A-LR,-4.5,-4.3507,11,LV,Winter barley,precip,0.00567106931764467
IPSL-CM6A-LR,-3.5,-3.4644,8,LV,Winter barley,precip,0.00509358009931802
IPSL-CM6A-LR,-2.5,-2.5669,9,LV,Winter barley,precip,0.0135454223737762
IPSL-CM6A-LR,-1.5,-1.2909,6,LV,Winter barley,precip,-0.0300910300704265
IPSL-CM6A-LR,-0.5,-0.6347,8,LV,Winter barley,precip,0.00930634955004586
EC-Earth3,-9.5,-9.1554,4,SE,Winter barley,precip,0.0540353538112509
EC-Earth3,-8.5,-8.4726,15,SE,Winter barley,precip,-0.00790600376871113
EC-Earth3,-7.5,-7.5562,20,SE,Winter barley,precip,-0.0238439110505437
EC-Earth3,-6.5,-6.4767,21,SE,Winter barley,precip,-0.038591938658998
EC-Earth3,-5.5,-5.3342,8,SE,Winter barley,precip,-0.0108405036914796
EC-Earth3,-4.5,-4.5495,8,SE,Winter barley,precip,-0.0226124625104642
EC-Earth3,-3.5,-3.3459,9,SE,Winter barley,precip,-0.0636762257978521
EC-Earth3,-2.5,-2.4493,5,SE,Winter barley,precip,0.0073832479872459
EC-Earth3,-1.5,-1.3807,6,SE,Winter barley,precip,-0.0244116801290179
EC-Earth3,-0.5,-0.6596,3,SE,Winter barley,precip,0.0310452192691571
HadGEM3-GC3-1LL,-8.5,-8.3848,12,SE,Winter barley,precip,-0.0594394991151328
HadGEM3-GC3-1LL,-7.5,-7.5599,19,SE,Winter barley,precip,-0.0235045884474921
HadGEM3-GC3-1LL,-6.5,-6.5442,24,SE,Winter barley,precip,-0.0441428353787229
HadGEM3-GC3-1LL,-5.5,-5.5797,10,SE,Winter barley,precip,-0.0567162542694381
HadGEM3-GC3-1LL,-4.5,-4.5263,6,SE,Winter barley,precip,-0.0149655876816217
HadGEM3-GC3-1LL,-3.5,-3.7835,7,SE,Winter barley,precip,-0.016786654684569
HadGEM3-GC3-1LL,-2.5,-2.4504,6,SE,Winter barley,precip,0.0149958262972065
HadGEM3-GC3-1LL,-1.5,-1.3098,8,SE,Winter barley,precip,0.0533072891779963
HadGEM3-GC3-1LL,-0.5,-0.331,6,SE,Winter barley,precip,0.0246957315658239
HadGEM3-GC3-1MM,-14.5,-14.3032,4,SE,Winter barley,precip,0.192420949752734
HadGEM3-GC3-1MM,-13.5,-13.3931,8,SE,Winter barley,precip,0.129065145124517
HadGEM3-GC3-1MM,-12.5,-12.588,13,SE,Winter barley,precip,0.125875709228555
HadGEM3-GC3-1MM,-11.5,-11.5321,21,SE,Winter barley,precip,0.155248234834137
HadGEM3-GC3-1MM,-10.5,-10.4803,10,SE,Winter barley,precip,0.132263242773082
HadGEM3-GC3-1MM,-9.5,-9.6161,7,SE,Winter barley,precip,0.00986859894428891
HadGEM3-GC3-1MM,-8.5,-8.6582,7,SE,Winter barley,precip,0.0336376055723247
HadGEM3-GC3-1MM,-7.5,-7.6345,8,SE,Winter barley,precip,0.0612857181981035
HadGEM3-GC3-1MM,-6.5,-6.4299,4,SE,Winter barley,precip,-0.0538278085449368
HadGEM3-GC3-1MM,-5.5,-5.3528,4,SE,Winter barley,precip,-0.00967071502013522
HadGEM3-GC3-1MM,-4.5,-4.3969,4,SE,Winter barley,precip,-0.0410334285507604
IPSL-CM6A-LR,-9.5,-9.3401,5,SE,Winter barley,precip,0.0462952035969793
IPSL-CM6A-LR,-8.5,-8.4598,8,SE,Winter barley,precip,0.0617044124693354
IPSL-CM6A-LR,-7.5,-7.5255,19,SE,Winter barley,precip,0.000540190290539294
IPSL-CM6A-LR,-6.5,-6.5577,11,SE,Winter barley,precip,0.026998143796696
IPSL-CM6A-LR,-5.5,-5.5623,13,SE,Winter barley,precip,-0.00660375217963157
IPSL-CM6A-LR,-4.5,-4.3507,11,SE,Winter barley,precip,-0.00260871391093739
IPSL-CM6A-LR,-3.5,-3.4644,8,SE,Winter barley,precip,0.0273392335742543
IPSL-CM6A-LR,-2.5,-2.5669,9,SE,Winter barley,precip,-0.0338370496029282
IPSL-CM6A-LR,-1.5,-1.2909,6,SE,Winter barley,precip,-0.0260483740883215
IPSL-CM6A-LR,-0.5,-0.6347,8,SE,Winter barley,precip,0.0483470753413356
EC-Earth3,-9.5,-9.1554,4,SK,Winter barley,precip,0.0690340317774865
EC-Earth3,-8.5,-8.4726,15,SK,Winter barley,precip,0.0157121604426915
EC-Earth3,-7.5,-7.5562,20,SK,Winter barley,precip,0.00999957211083182
EC-Earth3,-6.5,-6.4767,21,SK,Winter barley,precip,-0.0394341398629767
EC-Earth3,-5.5,-5.3342,8,SK,Winter barley,precip,-0.0578067962429538
EC-Earth3,-4.5,-4.5495,8,SK,Winter barley,precip,0.00361974505771012
EC-Earth3,-3.5,-3.3459,9,SK,Winter barley,precip,-0.0211956558212934
EC-Earth3,-2.5,-2.4493,5,SK,Winter barley,precip,-0.047064409882374
EC-Earth3,-1.5,-1.3807,6,SK,Winter barley,precip,0.0258751167224388
EC-Earth3,-0.5,-0.6596,3,SK,Winter barley,precip,-0.0500873331070981
HadGEM3-GC3-1LL,-8.5,-8.3848,12,SK,Winter barley,precip,-0.0544658552927161
HadGEM3-GC3-1LL,-7.5,-7.5599,19,SK,Winter barley,precip,-0.0371235758158839
HadGEM3-GC3-1LL,-6.5,-6.5442,24,SK,Winter barley,precip,0.0051306049751271
HadGEM3-GC3-1LL,-5.5,-5.5797,10,SK,Winter barley,precip,-0.0257770969773465
HadGEM3-GC3-1LL,-4.5,-4.5263,6,SK,Winter barley,precip,0.0197072600064702
HadGEM3-GC3-1LL,-3.5,-3.7835,7,SK,Winter barley,precip,-0.0175000993743121
HadGEM3-GC3-1LL,-2.5,-2.4504,6,SK,Winter barley,precip,-0.0278211115056004
HadGEM3-GC3-1LL,-1.5,-1.3098,8,SK,Winter barley,precip,0.00746189735751348
HadGEM3-GC3-1LL,-0.5,-0.331,6,SK,Winter barley,precip,0.0522093338020084
HadGEM3-GC3-1MM,-14.5,-14.3032,4,SK,Winter barley,precip,-0.0752296832165688
HadGEM3-GC3-1MM,-13.5,-13.3931,8,SK,Winter barley,precip,-0.0710175225734625
HadGEM3-GC3-1MM,-12.5,-12.588,13,SK,Winter barley,precip,-0.0549719187755736
HadGEM3-GC3-1MM,-11.5,-11.5321,21,SK,Winter barley,precip,-0.0471892032045172
HadGEM3-GC3-1MM,-10.5,-10.4803,10,SK,Winter barley,precip,-0.0381882306904081
HadGEM3-GC3-1MM,-9.5,-9.6161,7,SK,Winter barley,precip,-0.105264185221803
HadGEM3-GC3-1MM,-8.5,-8.6582,7,SK,Winter barley,precip,-0.0496311283443236
HadGEM3-GC3-1MM,-7.5,-7.6345,8,SK,Winter barley,precip,-0.0169878828091526
HadGEM3-GC3-1MM,-6.5,-6.4299,4,SK,Winter barley,precip,-0.0449470172156649
HadGEM3-GC3-1MM,-5.5,-5.3528,4,SK,Winter barley,precip,-0.0428429714984382
HadGEM3-GC3-1MM,-4.5,-4.3969,4,SK,Winter barley,precip,-0.0244335977253135
IPSL-CM6A-LR,-9.5,-9.3401,5,SK,Winter barley,precip,-0.0334447327238147
IPSL-CM6A-LR,-8.5,-8.4598,8,SK,Winter barley,precip,-0.0305117396265888
IPSL-CM6A-LR,-7.5,-7.5255,19,SK,Winter barley,precip,-0.0347079792448761
IPSL-CM6A-LR,-6.5,-6.5577,11,SK,Winter barley,precip,-0.0558911347675092
IPSL-CM6A-LR,-5.5,-5.5623,13,SK,Winter barley,precip,-0.032397424455925
IPSL-CM6A-LR,-4.5,-4.3507,11,SK,Winter barley,precip,-0.00705532982359208
IPSL-CM6A-LR,-3.5,-3.4644,8,SK,Winter barley,precip,0.0181091289986429
IPSL-CM6A-LR,-2.5,-2.5669,9,SK,Winter barley,precip,-0.0324159505974825
IPSL-CM6A-LR,-1.5,-1.2909,6,SK,Winter barley,precip,-0.0506717214375519
IPSL-CM6A-LR,-0.5,-0.6347,8,SK,Winter barley,precip,-0.00516043094978868
EC-Earth3,-9.5,-9.1554,4,CZ,Soft wheat,precip2,-0.0423459232039694
EC-Earth3,-8.5,-8.4726,15,CZ,Soft wheat,precip2,0.00392980710689894
EC-Earth3,-7.5,-7.5562,20,CZ,Soft wheat,precip2,0.00496236506815259
EC-Earth3,-6.5,-6.4767,21,CZ,Soft wheat,precip2,0.0336362976343195
EC-Earth3,-5.5,-5.3342,8,CZ,Soft wheat,precip2,0.0118014244632783
EC-Earth3,-4.5,-4.5495,8,CZ,Soft wheat,precip2,0.0137015248523645
EC-Earth3,-3.5,-3.3459,9,CZ,Soft wheat,precip2,0.0458088856162361
EC-Earth3,-2.5,-2.4493,5,CZ,Soft wheat,precip2,0.00281733412390186
EC-Earth3,-1.5,-1.3807,6,CZ,Soft wheat,precip2,0.00431712016673107
EC-Earth3,-0.5,-0.6596,3,CZ,Soft wheat,precip2,0.0253513739926188
HadGEM3-GC3-1LL,-8.5,-8.3848,12,CZ,Soft wheat,precip2,0.0293034535509277
HadGEM3-GC3-1LL,-7.5,-7.5599,19,CZ,Soft wheat,precip2,0.0268840392438672
HadGEM3-GC3-1LL,-6.5,-6.5442,24,CZ,Soft wheat,precip2,0.00173229377992885
HadGEM3-GC3-1LL,-5.5,-5.5797,10,CZ,Soft wheat,precip2,0.0121360865789669
HadGEM3-GC3-1LL,-4.5,-4.5263,6,CZ,Soft wheat,precip2,0.012583032438507
HadGEM3-GC3-1LL,-3.5,-3.7835,7,CZ,Soft wheat,precip2,0.00858623346232424
HadGEM3-GC3-1LL,-2.5,-2.4504,6,CZ,Soft wheat,precip2,-0.0041614160266723
HadGEM3-GC3-1LL,-1.5,-1.3098,8,CZ,Soft wheat,precip2,-0.00829819459171531
HadGEM3-GC3-1LL,-0.5,-0.331,6,CZ,Soft wheat,precip2,-0.0381939825201422
HadGEM3-GC3-1MM,-14.5,-14.3032,4,CZ,Soft wheat,precip2,0.00913795467639923
HadGEM3-GC3-1MM,-13.5,-13.3931,8,CZ,Soft wheat,precip2,0.0196277125248822
HadGEM3-GC3-1MM,-12.5,-12.588,13,CZ,Soft wheat,precip2,0.0236144899296413
HadGEM3-GC3-1MM,-11.5,-11.5321,21,CZ,Soft wheat,precip2,0.00126504236705022
HadGEM3-GC3-1MM,-10.5,-10.4803,10,CZ,Soft wheat,precip2,-0.00557840695184522
HadGEM3-GC3-1MM,-9.5,-9.6161,7,CZ,Soft wheat,precip2,0.055767640669048
HadGEM3-GC3-1MM,-8.5,-8.6582,7,CZ,Soft wheat,precip2,0.00977490374455605
HadGEM3-GC3-1MM,-7.5,-7.6345,8,CZ,Soft wheat,precip2,0.008674314048427
HadGEM3-GC3-1MM,-6.5,-6.4299,4,CZ,Soft wheat,precip2,0.0402489978813888
HadGEM3-GC3-1MM,-5.5,-5.3528,4,CZ,Soft wheat,precip2,0.0313441519028321
HadGEM3-GC3-1MM,-4.5,-4.3969,4,CZ,Soft wheat,precip2,0.0300040337491664
IPSL-CM6A-LR,-9.5,-9.3401,5,CZ,Soft wheat,precip2,0.0107372045742161
IPSL-CM6A-LR,-8.5,-8.4598,8,CZ,Soft wheat,precip2,0.0182662147677699
IPSL-CM6A-LR,-7.5,-7.5255,19,CZ,Soft wheat,precip2,0.0229121980784244
IPSL-CM6A-LR,-6.5,-6.5577,11,CZ,Soft wheat,precip2,0.0378548283994042
IPSL-CM6A-LR,-5.5,-5.5623,13,CZ,Soft wheat,precip2,0.0222690744926214
IPSL-CM6A-LR,-4.5,-4.3507,11,CZ,Soft wheat,precip2,0.00954632269439989
IPSL-CM6A-LR,-3.5,-3.4644,8,CZ,Soft wheat,precip2,-0.0249739307562455
IPSL-CM6A-LR,-2.5,-2.5669,9,CZ,Soft wheat,precip2,0.0234745372719539
IPSL-CM6A-LR,-1.5,-1.2909,6,CZ,Soft wheat,precip2,0.0369395108830181
IPSL-CM6A-LR,-0.5,-0.6347,8,CZ,Soft wheat,precip2,-0.01341522226043
EC-Earth3,-9.5,-9.1554,4,DE,Soft wheat,precip2,-0.0215519468468069
EC-Earth3,-8.5,-8.4726,15,DE,Soft wheat,precip2,0.0345769484815714
EC-Earth3,-7.5,-7.5562,20,DE,Soft wheat,precip2,0.0282108675555276
EC-Earth3,-6.5,-6.4767,21,DE,Soft wheat,precip2,0.0458900075874624
EC-Earth3,-5.5,-5.3342,8,DE,Soft wheat,precip2,0.0235814502424562
EC-Earth3,-4.5,-4.5495,8,DE,Soft wheat,precip2,0.0324483112085101
EC-Earth3,-3.5,-3.3459,9,DE,Soft wheat,precip2,0.0536785757110902
EC-Earth3,-2.5,-2.4493,5,DE,Soft wheat,precip2,0.0344990917563087
EC-Earth3,-1.5,-1.3807,6,DE,Soft wheat,precip2,0.0264597622111515
EC-Earth3,-0.5,-0.6596,3,DE,Soft wheat,precip2,0.00200849475144722
HadGEM3-GC3-1LL,-8.5,-8.3848,12,DE,Soft wheat,precip2,0.0368220270816687
HadGEM3-GC3-1LL,-7.5,-7.5599,19,DE,Soft wheat,precip2,0.0175017974789831
HadGEM3-GC3-1LL,-6.5,-6.5442,24,DE,Soft wheat,precip2,0.0295968687479944
HadGEM3-GC3-1LL,-5.5,-5.5797,10,DE,Soft wheat,precip2,0.0244989021234261
HadGEM3-GC3-1LL,-4.5,-4.5263,6,DE,Soft wheat,precip2,0.0365207496811106
HadGEM3-GC3-1LL,-3.5,-3.7835,7,DE,Soft wheat,precip2,0.0113789838468241
HadGEM3-GC3-1LL,-2.5,-2.4504,6,DE,Soft wheat,precip2,0.0112936805253894
HadGEM3-GC3-1LL,-1.5,-1.3098,8,DE,Soft wheat,precip2,-0.0293350745654496
HadGEM3-GC3-1LL,-0.5,-0.331,6,DE,Soft wheat,precip2,0.0026297383951977
HadGEM3-GC3-1MM,-14.5,-14.3032,4,DE,Soft wheat,precip2,-0.064921177638963
HadGEM3-GC3-1MM,-13.5,-13.3931,8,DE,Soft wheat,precip2,-0.0682210774280744
HadGEM3-GC3-1MM,-12.5,-12.588,13,DE,Soft wheat,precip2,-0.0427678320503457
HadGEM3-GC3-1MM,-11.5,-11.5321,21,DE,Soft wheat,precip2,-0.0290988141388689
HadGEM3-GC3-1MM,-10.5,-10.4803,10,DE,Soft wheat,precip2,-0.0199490175079603
HadGEM3-GC3-1MM,-9.5,-9.6161,7,DE,Soft wheat,precip2,0.0410108075034251
HadGEM3-GC3-1MM,-8.5,-8.6582,7,DE,Soft wheat,precip2,0.0158149511773355
HadGEM3-GC3-1MM,-7.5,-7.6345,8,DE,Soft wheat,precip2,-0.0129989182938195
HadGEM3-GC3-1MM,-6.5,-6.4299,4,DE,Soft wheat,precip2,0.0114640112295708
HadGEM3-GC3-1MM,-5.5,-5.3528,4,DE,Soft wheat,precip2,0.00488068409086624
HadGEM3-GC3-1MM,-4.5,-4.3969,4,DE,Soft wheat,precip2,0.0429058340930997
IPSL-CM6A-LR,-9.5,-9.3401,5,DE,Soft wheat,precip2,0.0181911827198454
IPSL-CM6A-LR,-8.5,-8.4598,8,DE,Soft wheat,precip2,0.017256195942458
IPSL-CM6A-LR,-7.5,-7.5255,19,DE,Soft wheat,precip2,0.0298971390345298
IPSL-CM6A-LR,-6.5,-6.5577,11,DE,Soft wheat,precip2,0.0436169706254616
IPSL-CM6A-LR,-5.5,-5.5623,13,DE,Soft wheat,precip2,0.0435961143700947
IPSL-CM6A-LR,-4.5,-4.3507,11,DE,Soft wheat,precip2,0.0107998265152649
IPSL-CM6A-LR,-3.5,-3.4644,8,DE,Soft wheat,precip2,-0.00478337389684406
IPSL-CM6A-LR,-2.5,-2.5669,9,DE,Soft wheat,precip2,0.0386827993557628
IPSL-CM6A-LR,-1.5,-1.2909,6,DE,Soft wheat,precip2,0.0198011313631664
IPSL-CM6A-LR,-0.5,-0.6347,8,DE,Soft wheat,precip2,-0.0082547744241418
EC-Earth3,-9.5,-9.1554,4,DK,Soft wheat,precip2,0.00790978035474858
EC-Earth3,-8.5,-8.4726,15,DK,Soft wheat,precip2,0.0216992272263754
EC-Earth3,-7.5,-7.5562,20,DK,Soft wheat,precip2,0.0270220200138634
EC-Earth3,-6.5,-6.4767,21,DK,Soft wheat,precip2,0.0318086212582948
EC-Earth3,-5.5,-5.3342,8,DK,Soft wheat,precip2,0.027857710922746
EC-Earth3,-4.5,-4.5495,8,DK,Soft wheat,precip2,0.0311551108273557
EC-Earth3,-3.5,-3.3459,9,DK,Soft wheat,precip2,0.0484190011928137
EC-Earth3,-2.5,-2.4493,5,DK,Soft wheat,precip2,0.0192794803122639
EC-Earth3,-1.5,-1.3807,6,DK,Soft wheat,precip2,0.0213651596008571
EC-Earth3,-0.5,-0.6596,3,DK,Soft wheat,precip2,-0.0400409120510481
HadGEM3-GC3-1LL,-8.5,-8.3848,12,DK,Soft wheat,precip2,0.033793060831445
HadGEM3-GC3-1LL,-7.5,-7.5599,19,DK,Soft wheat,precip2,0.0173919337897472
HadGEM3-GC3-1LL,-6.5,-6.5442,24,DK,Soft wheat,precip2,0.0330988449366225
HadGEM3-GC3-1LL,-5.5,-5.5797,10,DK,Soft wheat,precip2,0.0248268392256885
HadGEM3-GC3-1LL,-4.5,-4.5263,6,DK,Soft wheat,precip2,0.0249144773808164
HadGEM3-GC3-1LL,-3.5,-3.7835,7,DK,Soft wheat,precip2,0.00517780271816473
HadGEM3-GC3-1LL,-2.5,-2.4504,6,DK,Soft wheat,precip2,-0.000658242965705462
HadGEM3-GC3-1LL,-1.5,-1.3098,8,DK,Soft wheat,precip2,-0.0450266314077159
HadGEM3-GC3-1LL,-0.5,-0.331,6,DK,Soft wheat,precip2,0.0139157797126737
HadGEM3-GC3-1MM,-14.5,-14.3032,4,DK,Soft wheat,precip2,-0.157734687671475
HadGEM3-GC3-1MM,-13.5,-13.3931,8,DK,Soft wheat,precip2,-0.1044780551911
HadGEM3-GC3-1MM,-12.5,-12.588,13,DK,Soft wheat,precip2,-0.120334534434113
HadGEM3-GC3-1MM,-11.5,-11.5321,21,DK,Soft wheat,precip2,-0.129208222874744
HadGEM3-GC3-1MM,-10.5,-10.4803,10,DK,Soft wheat,precip2,-0.109326396126015
HadGEM3-GC3-1MM,-9.5,-9.6161,7,DK,Soft wheat,precip2,-0.0268587082191127
HadGEM3-GC3-1MM,-8.5,-8.6582,7,DK,Soft wheat,precip2,-0.00896160445974978
HadGEM3-GC3-1MM,-7.5,-7.6345,8,DK,Soft wheat,precip2,-0.0328427253062324
HadGEM3-GC3-1MM,-6.5,-6.4299,4,DK,Soft wheat,precip2,0.0401528862673599
HadGEM3-GC3-1MM,-5.5,-5.3528,4,DK,Soft wheat,precip2,0.0076672241574615
HadGEM3-GC3-1MM,-4.5,-4.3969,4,DK,Soft wheat,precip2,0.0475859569839623
IPSL-CM6A-LR,-9.5,-9.3401,5,DK,Soft wheat,precip2,-0.0511685708275943
IPSL-CM6A-LR,-8.5,-8.4598,8,DK,Soft wheat,precip2,-0.0825876560435473
IPSL-CM6A-LR,-7.5,-7.5255,19,DK,Soft wheat,precip2,0.00173577227550751
IPSL-CM6A-LR,-6.5,-6.5577,11,DK,Soft wheat,precip2,-0.0454278191365348
IPSL-CM6A-LR,-5.5,-5.5623,13,DK,Soft wheat,precip2,0.0234830278386376
IPSL-CM6A-LR,-4.5,-4.3507,11,DK,Soft wheat,precip2,-0.00126298572071555
IPSL-CM6A-LR,-3.5,-3.4644,8,DK,Soft wheat,precip2,-0.0145965767610255
IPSL-CM6A-LR,-2.5,-2.5669,9,DK,Soft wheat,precip2,0.0335674324228686
IPSL-CM6A-LR,-1.5,-1.2909,6,DK,Soft wheat,precip2,0.0258465613127317
IPSL-CM6A-LR,-0.5,-0.6347,8,DK,Soft wheat,precip2,-0.047891919666842
EC-Earth3,-9.5,-9.1554,4,EE,Soft wheat,precip2,0.0125529166874677
EC-Earth3,-8.5,-8.4726,15,EE,Soft wheat,precip2,0.017203973453515
EC-Earth3,-7.5,-7.5562,20,EE,Soft wheat,precip2,-0.00232338909035918
EC-Earth3,-6.5,-6.4767,21,EE,Soft wheat,precip2,0.0103788156201984
EC-Earth3,-5.5,-5.3342,8,EE,Soft wheat,precip2,0.020024640351846
EC-Earth3,-4.5,-4.5495,8,EE,Soft wheat,precip2,-0.0077633941955148
EC-Earth3,-3.5,-3.3459,9,EE,Soft wheat,precip2,0.00472225384766429
EC-Earth3,-2.5,-2.4493,5,EE,Soft wheat,precip2,-0.00937150218255607
EC-Earth3,-1.5,-1.3807,6,EE,Soft wheat,precip2,0.0170844710008924
EC-Earth3,-0.5,-0.6596,3,EE,Soft wheat,precip2,0.0152576220127871
HadGEM3-GC3-1LL,-8.5,-8.3848,12,EE,Soft wheat,precip2,0.0128509275723121
HadGEM3-GC3-1LL,-7.5,-7.5599,19,EE,Soft wheat,precip2,-0.00242813142094649
HadGEM3-GC3-1LL,-6.5,-6.5442,24,EE,Soft wheat,precip2,0.013517443440134
HadGEM3-GC3-1LL,-5.5,-5.5797,10,EE,Soft wheat,precip2,0.0178451493922229
HadGEM3-GC3-1LL,-4.5,-4.5263,6,EE,Soft wheat,precip2,0.0121034453381631
HadGEM3-GC3-1LL,-3.5,-3.7835,7,EE,Soft wheat,precip2,-0.011224626084673
HadGEM3-GC3-1LL,-2.5,-2.4504,6,EE,Soft wheat,precip2,-0.0380844339584435
HadGEM3-GC3-1LL,-1.5,-1.3098,8,EE,Soft wheat,precip2,-0.0604220964139424
HadGEM3-GC3-1LL,-0.5,-0.331,6,EE,Soft wheat,precip2,-0.00578922071029806
HadGEM3-GC3-1MM,-14.5,-14.3032,4,EE,Soft wheat,precip2,-0.108975796622152
HadGEM3-GC3-1MM,-13.5,-13.3931,8,EE,Soft wheat,precip2,-0.106002892442531
HadGEM3-GC3-1MM,-12.5,-12.588,13,EE,Soft wheat,precip2,-0.125327884489216
HadGEM3-GC3-1MM,-11.5,-11.5321,21,EE,Soft wheat,precip2,-0.105588293600926
HadGEM3-GC3-1MM,-10.5,-10.4803,10,EE,Soft wheat,precip2,-0.155251942117669
HadGEM3-GC3-1MM,-9.5,-9.6161,7,EE,Soft wheat,precip2,-0.0355675705410475
HadGEM3-GC3-1MM,-8.5,-8.6582,7,EE,Soft wheat,precip2,-0.0526396723845264
HadGEM3-GC3-1MM,-7.5,-7.6345,8,EE,Soft wheat,precip2,-0.0751531979098639
HadGEM3-GC3-1MM,-6.5,-6.4299,4,EE,Soft wheat,precip2,0.00541901018995246
HadGEM3-GC3-1MM,-5.5,-5.3528,4,EE,Soft wheat,precip2,-0.0115165245303082
HadGEM3-GC3-1MM,-4.5,-4.3969,4,EE,Soft wheat,precip2,0.000316054639229509
IPSL-CM6A-LR,-9.5,-9.3401,5,EE,Soft wheat,precip2,-0.0815345573723174
IPSL-CM6A-LR,-8.5,-8.4598,8,EE,Soft wheat,precip2,-0.0769451094474789
IPSL-CM6A-LR,-7.5,-7.5255,19,EE,Soft wheat,precip2,-0.0380365799866386
IPSL-CM6A-LR,-6.5,-6.5577,11,EE,Soft wheat,precip2,-0.0157347458694319
IPSL-CM6A-LR,-5.5,-5.5623,13,EE,Soft wheat,precip2,-0.012253625653796
IPSL-CM6A-LR,-4.5,-4.3507,11,EE,Soft wheat,precip2,-0.0176826648251161
IPSL-CM6A-LR,-3.5,-3.4644,8,EE,Soft wheat,precip2,0.00222591490863826
IPSL-CM6A-LR,-2.5,-2.5669,9,EE,Soft wheat,precip2,-0.000210443310361734
IPSL-CM6A-LR,-1.5,-1.2909,6,EE,Soft wheat,precip2,0.0211391615852288
IPSL-CM6A-LR,-0.5,-0.6347,8,EE,Soft wheat,precip2,0.00340460509757884
EC-Earth3,-9.5,-9.1554,4,EL,Soft wheat,precip2,0.00561507493893461
EC-Earth3,-8.5,-8.4726,15,EL,Soft wheat,precip2,0.0115111050375038
EC-Earth3,-7.5,-7.5562,20,EL,Soft wheat,precip2,0.00956304575787672
EC-Earth3,-6.5,-6.4767,21,EL,Soft wheat,precip2,0.00286309361303465
EC-Earth3,-5.5,-5.3342,8,EL,Soft wheat,precip2,0.00598752858536247
EC-Earth3,-4.5,-4.5495,8,EL,Soft wheat,precip2,0.0056046498815598
EC-Earth3,-3.5,-3.3459,9,EL,Soft wheat,precip2,0.00808063912084556
EC-Earth3,-2.5,-2.4493,5,EL,Soft wheat,precip2,0.0175262671756717
EC-Earth3,-1.5,-1.3807,6,EL,Soft wheat,precip2,0.00350797063361092
EC-Earth3,-0.5,-0.6596,3,EL,Soft wheat,precip2,-0.00111220231482143
HadGEM3-GC3-1LL,-8.5,-8.3848,12,EL,Soft wheat,precip2,0.00680188111653388
HadGEM3-GC3-1LL,-7.5,-7.5599,19,EL,Soft wheat,precip2,0.011644161231439
HadGEM3-GC3-1LL,-6.5,-6.5442,24,EL,Soft wheat,precip2,0.00359214004775091
HadGEM3-GC3-1LL,-5.5,-5.5797,10,EL,Soft wheat,precip2,0.00850422376559093
HadGEM3-GC3-1LL,-4.5,-4.5263,6,EL,Soft wheat,precip2,0.0137064201689882
HadGEM3-GC3-1LL,-3.5,-3.7835,7,EL,Soft wheat,precip2,0.0102804263902644
HadGEM3-GC3-1LL,-2.5,-2.4504,6,EL,Soft wheat,precip2,0.00562351752772256
HadGEM3-GC3-1LL,-1.5,-1.3098,8,EL,Soft wheat,precip2,0.0036684271111489
HadGEM3-GC3-1LL,-0.5,-0.331,6,EL,Soft wheat,precip2,0.00608950645819396
HadGEM3-GC3-1MM,-14.5,-14.3032,4,EL,Soft wheat,precip2,0.018996911854373
HadGEM3-GC3-1MM,-13.5,-13.3931,8,EL,Soft wheat,precip2,0.0268404262415002
HadGEM3-GC3-1MM,-12.5,-12.588,13,EL,Soft wheat,precip2,0.0182243526883863
HadGEM3-GC3-1MM,-11.5,-11.5321,21,EL,Soft wheat,precip2,0.0247253400234596
HadGEM3-GC3-1MM,-10.5,-10.4803,10,EL,Soft wheat,precip2,0.0264046019828478
HadGEM3-GC3-1MM,-9.5,-9.6161,7,EL,Soft wheat,precip2,0.02931966061109
HadGEM3-GC3-1MM,-8.5,-8.6582,7,EL,Soft wheat,precip2,0.0200286205335405
HadGEM3-GC3-1MM,-7.5,-7.6345,8,EL,Soft wheat,precip2,0.0201811842520967
HadGEM3-GC3-1MM,-6.5,-6.4299,4,EL,Soft wheat,precip2,0.00691578503857012
HadGEM3-GC3-1MM,-5.5,-5.3528,4,EL,Soft wheat,precip2,0.00831877378070973
HadGEM3-GC3-1MM,-4.5,-4.3969,4,EL,Soft wheat,precip2,0.00479638168045107
IPSL-CM6A-LR,-9.5,-9.3401,5,EL,Soft wheat,precip2,0.00821820236449574
IPSL-CM6A-LR,-8.5,-8.4598,8,EL,Soft wheat,precip2,0.0207467448689356
IPSL-CM6A-LR,-7.5,-7.5255,19,EL,Soft wheat,precip2,0.01937700270169
IPSL-CM6A-LR,-6.5,-6.5577,11,EL,Soft wheat,precip2,0.0181449511488703
IPSL-CM6A-LR,-5.5,-5.5623,13,EL,Soft wheat,precip2,0.0140071926500634
IPSL-CM6A-LR,-4.5,-4.3507,11,EL,Soft wheat,precip2,0.00220677238914496
IPSL-CM6A-LR,-3.5,-3.4644,8,EL,Soft wheat,precip2,0.012520081530722
IPSL-CM6A-LR,-2.5,-2.5669,9,EL,Soft wheat,precip2,0.0143803886319075
IPSL-CM6A-LR,-1.5,-1.2909,6,EL,Soft wheat,precip2,2.49076292368973e-06
IPSL-CM6A-LR,-0.5,-0.6347,8,EL,Soft wheat,precip2,0.0187479907468874
EC-Earth3,-9.5,-9.1554,4,ES,Soft wheat,precip2,0.0305793603560638
EC-Earth3,-8.5,-8.4726,15,ES,Soft wheat,precip2,0.03149622267741
EC-Earth3,-7.5,-7.5562,20,ES,Soft wheat,precip2,0.0233599613202952
EC-Earth3,-6.5,-6.4767,21,ES,Soft wheat,precip2,0.0319147766619184
EC-Earth3,-5.5,-5.3342,8,ES,Soft wheat,precip2,0.0319049976710963
EC-Earth3,-4.5,-4.5495,8,ES,Soft wheat,precip2,0.0355311705619385
EC-Earth3,-3.5,-3.3459,9,ES,Soft wheat,precip2,0.0124246157819335
EC-Earth3,-2.5,-2.4493,5,ES,Soft wheat,precip2,0.02459327213795
EC-Earth3,-1.5,-1.3807,6,ES,Soft wheat,precip2,0.00847923330797113
EC-Earth3,-0.5,-0.6596,3,ES,Soft wheat,precip2,0.021905755526937
HadGEM3-GC3-1LL,-8.5,-8.3848,12,ES,Soft wheat,precip2,0.0296287798951088
HadGEM3-GC3-1LL,-7.5,-7.5599,19,ES,Soft wheat,precip2,0.0227313394757282
HadGEM3-GC3-1LL,-6.5,-6.5442,24,ES,Soft wheat,precip2,0.0229960096565233
HadGEM3-GC3-1LL,-5.5,-5.5797,10,ES,Soft wheat,precip2,0.0131154705731996
HadGEM3-GC3-1LL,-4.5,-4.5263,6,ES,Soft wheat,precip2,0.0334612115714682
HadGEM3-GC3-1LL,-3.5,-3.7835,7,ES,Soft wheat,precip2,0.0224188871226712
HadGEM3-GC3-1LL,-2.5,-2.4504,6,ES,Soft wheat,precip2,0.0265171134854414
HadGEM3-GC3-1LL,-1.5,-1.3098,8,ES,Soft wheat,precip2,0.00720682330820558
HadGEM3-GC3-1LL,-0.5,-0.331,6,ES,Soft wheat,precip2,0.0163372213037096
HadGEM3-GC3-1MM,-14.5,-14.3032,4,ES,Soft wheat,precip2,0.0248947682532619
HadGEM3-GC3-1MM,-13.5,-13.3931,8,ES,Soft wheat,precip2,0.0138035447410166
HadGEM3-GC3-1MM,-12.5,-12.588,13,ES,Soft wheat,precip2,0.0229090627270645
HadGEM3-GC3-1MM,-11.5,-11.5321,21,ES,Soft wheat,precip2,0.0333590494222851
HadGEM3-GC3-1MM,-10.5,-10.4803,10,ES,Soft wheat,precip2,0.0391344440723907
HadGEM3-GC3-1MM,-9.5,-9.6161,7,ES,Soft wheat,precip2,0.0302163823795411
HadGEM3-GC3-1MM,-8.5,-8.6582,7,ES,Soft wheat,precip2,0.0220857940064406
HadGEM3-GC3-1MM,-7.5,-7.6345,8,ES,Soft wheat,precip2,0.0379642520491975
HadGEM3-GC3-1MM,-6.5,-6.4299,4,ES,Soft wheat,precip2,0.0283348896246036
HadGEM3-GC3-1MM,-5.5,-5.3528,4,ES,Soft wheat,precip2,0.0193449680074547
HadGEM3-GC3-1MM,-4.5,-4.3969,4,ES,Soft wheat,precip2,-0.0196016225365562
IPSL-CM6A-LR,-9.5,-9.3401,5,ES,Soft wheat,precip2,0.0318190643599418
IPSL-CM6A-LR,-8.5,-8.4598,8,ES,Soft wheat,precip2,0.0357628546076785
IPSL-CM6A-LR,-7.5,-7.5255,19,ES,Soft wheat,precip2,0.0328296330972987
IPSL-CM6A-LR,-6.5,-6.5577,11,ES,Soft wheat,precip2,0.032810241874014
IPSL-CM6A-LR,-5.5,-5.5623,13,ES,Soft wheat,precip2,0.0320132564850069
IPSL-CM6A-LR,-4.5,-4.3507,11,ES,Soft wheat,precip2,0.0310150577916489
IPSL-CM6A-LR,-3.5,-3.4644,8,ES,Soft wheat,precip2,0.0329156755925476
IPSL-CM6A-LR,-2.5,-2.5669,9,ES,Soft wheat,precip2,0.00422444468975623
IPSL-CM6A-LR,-1.5,-1.2909,6,ES,Soft wheat,precip2,0.0190460665013633
IPSL-CM6A-LR,-0.5,-0.6347,8,ES,Soft wheat,precip2,0.0186903762921008
EC-Earth3,-9.5,-9.1554,4,FI,Soft wheat,precip2,-0.00270399449235397
EC-Earth3,-8.5,-8.4726,15,FI,Soft wheat,precip2,0.00184754236231439
EC-Earth3,-7.5,-7.5562,20,FI,Soft wheat,precip2,0.00249590464124384
EC-Earth3,-6.5,-6.4767,21,FI,Soft wheat,precip2,0.00845866451329535
EC-Earth3,-5.5,-5.3342,8,FI,Soft wheat,precip2,0.0130036555127318
EC-Earth3,-4.5,-4.5495,8,FI,Soft wheat,precip2,-0.00666802826198447
EC-Earth3,-3.5,-3.3459,9,FI,Soft wheat,precip2,0.00314826051194507
EC-Earth3,-2.5,-2.4493,5,FI,Soft wheat,precip2,-0.0308141017587428
EC-Earth3,-1.5,-1.3807,6,FI,Soft wheat,precip2,0.0089933401940409
EC-Earth3,-0.5,-0.6596,3,FI,Soft wheat,precip2,0.0131208454118419
HadGEM3-GC3-1LL,-8.5,-8.3848,12,FI,Soft wheat,precip2,0.00916995105159216
HadGEM3-GC3-1LL,-7.5,-7.5599,19,FI,Soft wheat,precip2,0.00817089171788052
HadGEM3-GC3-1LL,-6.5,-6.5442,24,FI,Soft wheat,precip2,0.0114498275590859
HadGEM3-GC3-1LL,-5.5,-5.5797,10,FI,Soft wheat,precip2,0.0201316263369503
HadGEM3-GC3-1LL,-4.5,-4.5263,6,FI,Soft wheat,precip2,0.00361895490743708
HadGEM3-GC3-1LL,-3.5,-3.7835,7,FI,Soft wheat,precip2,-0.0159641649691516
HadGEM3-GC3-1LL,-2.5,-2.4504,6,FI,Soft wheat,precip2,-0.0175308780003911
HadGEM3-GC3-1LL,-1.5,-1.3098,8,FI,Soft wheat,precip2,-0.0574537071311723
HadGEM3-GC3-1LL,-0.5,-0.331,6,FI,Soft wheat,precip2,-0.00199130943427986
HadGEM3-GC3-1MM,-14.5,-14.3032,4,FI,Soft wheat,precip2,-0.135809852109547
HadGEM3-GC3-1MM,-13.5,-13.3931,8,FI,Soft wheat,precip2,-0.0870333042104369
HadGEM3-GC3-1MM,-12.5,-12.588,13,FI,Soft wheat,precip2,-0.117772658982202
HadGEM3-GC3-1MM,-11.5,-11.5321,21,FI,Soft wheat,precip2,-0.115078484297342
HadGEM3-GC3-1MM,-10.5,-10.4803,10,FI,Soft wheat,precip2,-0.108130040797919
HadGEM3-GC3-1MM,-9.5,-9.6161,7,FI,Soft wheat,precip2,-0.064617261898103
HadGEM3-GC3-1MM,-8.5,-8.6582,7,FI,Soft wheat,precip2,-0.0866407487935815
HadGEM3-GC3-1MM,-7.5,-7.6345,8,FI,Soft wheat,precip2,-0.0840235834424638
HadGEM3-GC3-1MM,-6.5,-6.4299,4,FI,Soft wheat,precip2,0.00644102940115543
HadGEM3-GC3-1MM,-5.5,-5.3528,4,FI,Soft wheat,precip2,-0.00966745384157974
HadGEM3-GC3-1MM,-4.5,-4.3969,4,FI,Soft wheat,precip2,0.00848810231607592
IPSL-CM6A-LR,-9.5,-9.3401,5,FI,Soft wheat,precip2,-0.065578505660361
IPSL-CM6A-LR,-8.5,-8.4598,8,FI,Soft wheat,precip2,-0.0911813420468418
IPSL-CM6A-LR,-7.5,-7.5255,19,FI,Soft wheat,precip2,-0.0662239602934637
IPSL-CM6A-LR,-6.5,-6.5577,11,FI,Soft wheat,precip2,-0.0492550646938906
IPSL-CM6A-LR,-5.5,-5.5623,13,FI,Soft wheat,precip2,-0.000764437491208
IPSL-CM6A-LR,-4.5,-4.3507,11,FI,Soft wheat,precip2,-0.00311316705201195
IPSL-CM6A-LR,-3.5,-3.4644,8,FI,Soft wheat,precip2,0.00463297324734107
IPSL-CM6A-LR,-2.5,-2.5669,9,FI,Soft wheat,precip2,0.0127514665363229
IPSL-CM6A-LR,-1.5,-1.2909,6,FI,Soft wheat,precip2,0.00679452918698316
IPSL-CM6A-LR,-0.5,-0.6347,8,FI,Soft wheat,precip2,-0.00813263815266047
EC-Earth3,-9.5,-9.1554,4,FR,Soft wheat,precip2,0.00659871319387243
EC-Earth3,-8.5,-8.4726,15,FR,Soft wheat,precip2,0.0555655702439924
EC-Earth3,-7.5,-7.5562,20,FR,Soft wheat,precip2,0.0277025246763928
EC-Earth3,-6.5,-6.4767,21,FR,Soft wheat,precip2,0.0490938736083926
EC-Earth3,-5.5,-5.3342,8,FR,Soft wheat,precip2,0.0109933940837195
EC-Earth3,-4.5,-4.5495,8,FR,Soft wheat,precip2,0.0577321067057166
EC-Earth3,-3.5,-3.3459,9,FR,Soft wheat,precip2,0.0397930472905053
EC-Earth3,-2.5,-2.4493,5,FR,Soft wheat,precip2,0.0388473218132914
EC-Earth3,-1.5,-1.3807,6,FR,Soft wheat,precip2,0.0283064085075558
EC-Earth3,-0.5,-0.6596,3,FR,Soft wheat,precip2,-0.00340799987133195
HadGEM3-GC3-1LL,-8.5,-8.3848,12,FR,Soft wheat,precip2,0.0411061566929549
HadGEM3-GC3-1LL,-7.5,-7.5599,19,FR,Soft wheat,precip2,0.0232644038452145
HadGEM3-GC3-1LL,-6.5,-6.5442,24,FR,Soft wheat,precip2,0.042005663296847
HadGEM3-GC3-1LL,-5.5,-5.5797,10,FR,Soft wheat,precip2,0.00630638397840028
HadGEM3-GC3-1LL,-4.5,-4.5263,6,FR,Soft wheat,precip2,0.061885982117971
HadGEM3-GC3-1LL,-3.5,-3.7835,7,FR,Soft wheat,precip2,0.0195902899370287
HadGEM3-GC3-1LL,-2.5,-2.4504,6,FR,Soft wheat,precip2,0.0489561255003327
HadGEM3-GC3-1LL,-1.5,-1.3098,8,FR,Soft wheat,precip2,-0.0196422016289111
HadGEM3-GC3-1LL,-0.5,-0.331,6,FR,Soft wheat,precip2,0.0163393216659338
HadGEM3-GC3-1MM,-14.5,-14.3032,4,FR,Soft wheat,precip2,-0.0761914173006603
HadGEM3-GC3-1MM,-13.5,-13.3931,8,FR,Soft wheat,precip2,-0.0833923334580729
HadGEM3-GC3-1MM,-12.5,-12.588,13,FR,Soft wheat,precip2,-0.075352483456316
HadGEM3-GC3-1MM,-11.5,-11.5321,21,FR,Soft wheat,precip2,-0.0313267732346046
HadGEM3-GC3-1MM,-10.5,-10.4803,10,FR,Soft wheat,precip2,0.0277015175607927
HadGEM3-GC3-1MM,-9.5,-9.6161,7,FR,Soft wheat,precip2,0.0318667265205226
HadGEM3-GC3-1MM,-8.5,-8.6582,7,FR,Soft wheat,precip2,0.0265924254380271
HadGEM3-GC3-1MM,-7.5,-7.6345,8,FR,Soft wheat,precip2,0.0271649043073516
HadGEM3-GC3-1MM,-6.5,-6.4299,4,FR,Soft wheat,precip2,0.0351330378755837
HadGEM3-GC3-1MM,-5.5,-5.3528,4,FR,Soft wheat,precip2,-0.0120447074241025
HadGEM3-GC3-1MM,-4.5,-4.3969,4,FR,Soft wheat,precip2,0.00477618356541014
IPSL-CM6A-LR,-9.5,-9.3401,5,FR,Soft wheat,precip2,0.0415186861932721
IPSL-CM6A-LR,-8.5,-8.4598,8,FR,Soft wheat,precip2,0.0253075343729963
IPSL-CM6A-LR,-7.5,-7.5255,19,FR,Soft wheat,precip2,0.0496130282717467
IPSL-CM6A-LR,-6.5,-6.5577,11,FR,Soft wheat,precip2,0.0619162866162311
IPSL-CM6A-LR,-5.5,-5.5623,13,FR,Soft wheat,precip2,0.0517176786291796
IPSL-CM6A-LR,-4.5,-4.3507,11,FR,Soft wheat,precip2,0.0304820008277632
IPSL-CM6A-LR,-3.5,-3.4644,8,FR,Soft wheat,precip2,0.0374359731055428
IPSL-CM6A-LR,-2.5,-2.5669,9,FR,Soft wheat,precip2,0.0441523650206271
IPSL-CM6A-LR,-1.5,-1.2909,6,FR,Soft wheat,precip2,0.00147455230589325
IPSL-CM6A-LR,-0.5,-0.6347,8,FR,Soft wheat,precip2,-0.0076944084719629
EC-Earth3,-9.5,-9.1554,4,HU,Soft wheat,precip2,-0.0197239307264437
EC-Earth3,-8.5,-8.4726,15,HU,Soft wheat,precip2,-0.0210676634203782
EC-Earth3,-7.5,-7.5562,20,HU,Soft wheat,precip2,-0.00854307310259422
EC-Earth3,-6.5,-6.4767,21,HU,Soft wheat,precip2,0.0138931695316224
EC-Earth3,-5.5,-5.3342,8,HU,Soft wheat,precip2,0.026938268879362
EC-Earth3,-4.5,-4.5495,8,HU,Soft wheat,precip2,0.000764244761873655
EC-Earth3,-3.5,-3.3459,9,HU,Soft wheat,precip2,-0.01267182854174
EC-Earth3,-2.5,-2.4493,5,HU,Soft wheat,precip2,0.0406954306586189
EC-Earth3,-1.5,-1.3807,6,HU,Soft wheat,precip2,-0.0365261101723528
EC-Earth3,-0.5,-0.6596,3,HU,Soft wheat,precip2,0.0222721306127865
HadGEM3-GC3-1LL,-8.5,-8.3848,12,HU,Soft wheat,precip2,0.0163744309151297
HadGEM3-GC3-1LL,-7.5,-7.5599,19,HU,Soft wheat,precip2,0.0212902246347842
HadGEM3-GC3-1LL,-6.5,-6.5442,24,HU,Soft wheat,precip2,-0.00504597451205077
HadGEM3-GC3-1LL,-5.5,-5.5797,10,HU,Soft wheat,precip2,0.0147063582561085
HadGEM3-GC3-1LL,-4.5,-4.5263,6,HU,Soft wheat,precip2,-0.0227817214134771
HadGEM3-GC3-1LL,-3.5,-3.7835,7,HU,Soft wheat,precip2,-9.81782961168035e-05
HadGEM3-GC3-1LL,-2.5,-2.4504,6,HU,Soft wheat,precip2,0.0138235804349553
HadGEM3-GC3-1LL,-1.5,-1.3098,8,HU,Soft wheat,precip2,0.00740080326895921
HadGEM3-GC3-1LL,-0.5,-0.331,6,HU,Soft wheat,precip2,-0.0158252602017889
HadGEM3-GC3-1MM,-14.5,-14.3032,4,HU,Soft wheat,precip2,0.0470515834963402
HadGEM3-GC3-1MM,-13.5,-13.3931,8,HU,Soft wheat,precip2,0.0333451411450945
HadGEM3-GC3-1MM,-12.5,-12.588,13,HU,Soft wheat,precip2,0.0253792714549356
HadGEM3-GC3-1MM,-11.5,-11.5321,21,HU,Soft wheat,precip2,0.0249080140230463
HadGEM3-GC3-1MM,-10.5,-10.4803,10,HU,Soft wheat,precip2,0.0198157170092714
HadGEM3-GC3-1MM,-9.5,-9.6161,7,HU,Soft wheat,precip2,0.0355945815369737
HadGEM3-GC3-1MM,-8.5,-8.6582,7,HU,Soft wheat,precip2,0.0261309157664744
HadGEM3-GC3-1MM,-7.5,-7.6345,8,HU,Soft wheat,precip2,-0.00209432003708765
HadGEM3-GC3-1MM,-6.5,-6.4299,4,HU,Soft wheat,precip2,0.0106157569797426
HadGEM3-GC3-1MM,-5.5,-5.3528,4,HU,Soft wheat,precip2,0.0214560698135536
HadGEM3-GC3-1MM,-4.5,-4.3969,4,HU,Soft wheat,precip2,-0.00178574071056159
IPSL-CM6A-LR,-9.5,-9.3401,5,HU,Soft wheat,precip2,0.016057857109453
IPSL-CM6A-LR,-8.5,-8.4598,8,HU,Soft wheat,precip2,0.020643736197819
IPSL-CM6A-LR,-7.5,-7.5255,19,HU,Soft wheat,precip2,0.0199834771053015
IPSL-CM6A-LR,-6.5,-6.5577,11,HU,Soft wheat,precip2,0.0272201239137679
IPSL-CM6A-LR,-5.5,-5.5623,13,HU,Soft wheat,precip2,0.018542162353094
IPSL-CM6A-LR,-4.5,-4.3507,11,HU,Soft wheat,precip2,0.0117645630558347
IPSL-CM6A-LR,-3.5,-3.4644,8,HU,Soft wheat,precip2,-0.00407069179284052
IPSL-CM6A-LR,-2.5,-2.5669,9,HU,Soft wheat,precip2,0.020272922685702
IPSL-CM6A-LR,-1.5,-1.2909,6,HU,Soft wheat,precip2,0.0191906800220702
IPSL-CM6A-LR,-0.5,-0.6347,8,HU,Soft wheat,precip2,0.0190868567029746
EC-Earth3,-9.5,-9.1554,4,IT,Soft wheat,precip2,0.0229763424937603
EC-Earth3,-8.5,-8.4726,15,IT,Soft wheat,precip2,0.0497446815910299
EC-Earth3,-7.5,-7.5562,20,IT,Soft wheat,precip2,0.0264185647233908
EC-Earth3,-6.5,-6.4767,21,IT,Soft wheat,precip2,0.0398400154983866
EC-Earth3,-5.5,-5.3342,8,IT,Soft wheat,precip2,0.0504945878507794
EC-Earth3,-4.5,-4.5495,8,IT,Soft wheat,precip2,0.0652374874146681
EC-Earth3,-3.5,-3.3459,9,IT,Soft wheat,precip2,0.00641275700232191
EC-Earth3,-2.5,-2.4493,5,IT,Soft wheat,precip2,0.0715044334145701
EC-Earth3,-1.5,-1.3807,6,IT,Soft wheat,precip2,0.0358004510671643
EC-Earth3,-0.5,-0.6596,3,IT,Soft wheat,precip2,0.0407871618595451
HadGEM3-GC3-1LL,-8.5,-8.3848,12,IT,Soft wheat,precip2,0.0401738906500792
HadGEM3-GC3-1LL,-7.5,-7.5599,19,IT,Soft wheat,precip2,0.0471408254634133
HadGEM3-GC3-1LL,-6.5,-6.5442,24,IT,Soft wheat,precip2,0.022274518306077
HadGEM3-GC3-1LL,-5.5,-5.5797,10,IT,Soft wheat,precip2,0.031975924086588
HadGEM3-GC3-1LL,-4.5,-4.5263,6,IT,Soft wheat,precip2,0.0484116894204544
HadGEM3-GC3-1LL,-3.5,-3.7835,7,IT,Soft wheat,precip2,0.0337827240410977
HadGEM3-GC3-1LL,-2.5,-2.4504,6,IT,Soft wheat,precip2,0.0534585248770471
HadGEM3-GC3-1LL,-1.5,-1.3098,8,IT,Soft wheat,precip2,0.0056995115695399
HadGEM3-GC3-1LL,-0.5,-0.331,6,IT,Soft wheat,precip2,0.0107638509944966
HadGEM3-GC3-1MM,-14.5,-14.3032,4,IT,Soft wheat,precip2,0.068175639996209
HadGEM3-GC3-1MM,-13.5,-13.3931,8,IT,Soft wheat,precip2,0.0776886368463405
HadGEM3-GC3-1MM,-12.5,-12.588,13,IT,Soft wheat,precip2,0.0702621950884184
HadGEM3-GC3-1MM,-11.5,-11.5321,21,IT,Soft wheat,precip2,0.0731398532256931
HadGEM3-GC3-1MM,-10.5,-10.4803,10,IT,Soft wheat,precip2,0.0772893505742713
HadGEM3-GC3-1MM,-9.5,-9.6161,7,IT,Soft wheat,precip2,0.0661274652520483
HadGEM3-GC3-1MM,-8.5,-8.6582,7,IT,Soft wheat,precip2,0.0746820754175435
HadGEM3-GC3-1MM,-7.5,-7.6345,8,IT,Soft wheat,precip2,0.0735580089438781
HadGEM3-GC3-1MM,-6.5,-6.4299,4,IT,Soft wheat,precip2,0.0440786094019666
HadGEM3-GC3-1MM,-5.5,-5.3528,4,IT,Soft wheat,precip2,0.0574227728927566
HadGEM3-GC3-1MM,-4.5,-4.3969,4,IT,Soft wheat,precip2,0.0132351686877287
IPSL-CM6A-LR,-9.5,-9.3401,5,IT,Soft wheat,precip2,0.0456975717786617
IPSL-CM6A-LR,-8.5,-8.4598,8,IT,Soft wheat,precip2,0.057141517824003
IPSL-CM6A-LR,-7.5,-7.5255,19,IT,Soft wheat,precip2,0.0617726389819556
IPSL-CM6A-LR,-6.5,-6.5577,11,IT,Soft wheat,precip2,0.0758970551021653
IPSL-CM6A-LR,-5.5,-5.5623,13,IT,Soft wheat,precip2,0.0576975451861697
IPSL-CM6A-LR,-4.5,-4.3507,11,IT,Soft wheat,precip2,0.0494112236433794
IPSL-CM6A-LR,-3.5,-3.4644,8,IT,Soft wheat,precip2,0.0388569887771859
IPSL-CM6A-LR,-2.5,-2.5669,9,IT,Soft wheat,precip2,0.0230791387201136
IPSL-CM6A-LR,-1.5,-1.2909,6,IT,Soft wheat,precip2,0.037118472751749
IPSL-CM6A-LR,-0.5,-0.6347,8,IT,Soft wheat,precip2,0.0334825996547989
EC-Earth3,-9.5,-9.1554,4,LT,Soft wheat,precip2,0.00510754178415028
EC-Earth3,-8.5,-8.4726,15,LT,Soft wheat,precip2,0.0294642265026926
EC-Earth3,-7.5,-7.5562,20,LT,Soft wheat,precip2,0.0177379972624796
EC-Earth3,-6.5,-6.4767,21,LT,Soft wheat,precip2,0.0190039049518698
EC-Earth3,-5.5,-5.3342,8,LT,Soft wheat,precip2,0.01643448100637
EC-Earth3,-4.5,-4.5495,8,LT,Soft wheat,precip2,0.00100741644263012
EC-Earth3,-3.5,-3.3459,9,LT,Soft wheat,precip2,0.0302030103795802
EC-Earth3,-2.5,-2.4493,5,LT,Soft wheat,precip2,0.0137535432280063
EC-Earth3,-1.5,-1.3807,6,LT,Soft wheat,precip2,0.0313835902131958
EC-Earth3,-0.5,-0.6596,3,LT,Soft wheat,precip2,0.0322718624844764
HadGEM3-GC3-1LL,-8.5,-8.3848,12,LT,Soft wheat,precip2,0.0290644954252979
HadGEM3-GC3-1LL,-7.5,-7.5599,19,LT,Soft wheat,precip2,0.0189631421266911
HadGEM3-GC3-1LL,-6.5,-6.5442,24,LT,Soft wheat,precip2,0.0254831232959197
HadGEM3-GC3-1LL,-5.5,-5.5797,10,LT,Soft wheat,precip2,0.0342723542304429
HadGEM3-GC3-1LL,-4.5,-4.5263,6,LT,Soft wheat,precip2,0.0119937470514093
HadGEM3-GC3-1LL,-3.5,-3.7835,7,LT,Soft wheat,precip2,0.00516523788657968
HadGEM3-GC3-1LL,-2.5,-2.4504,6,LT,Soft wheat,precip2,-0.0226709486488299
HadGEM3-GC3-1LL,-1.5,-1.3098,8,LT,Soft wheat,precip2,-0.0397162140895915
HadGEM3-GC3-1LL,-0.5,-0.331,6,LT,Soft wheat,precip2,-0.0014464274688866
HadGEM3-GC3-1MM,-14.5,-14.3032,4,LT,Soft wheat,precip2,-0.012311916281889
HadGEM3-GC3-1MM,-13.5,-13.3931,8,LT,Soft wheat,precip2,-0.0635877490689483
HadGEM3-GC3-1MM,-12.5,-12.588,13,LT,Soft wheat,precip2,-0.0604219632304488
HadGEM3-GC3-1MM,-11.5,-11.5321,21,LT,Soft wheat,precip2,-0.0369572229486704
HadGEM3-GC3-1MM,-10.5,-10.4803,10,LT,Soft wheat,precip2,-0.0920467981953328
HadGEM3-GC3-1MM,-9.5,-9.6161,7,LT,Soft wheat,precip2,0.023927569349293
HadGEM3-GC3-1MM,-8.5,-8.6582,7,LT,Soft wheat,precip2,-0.000372163333790989
HadGEM3-GC3-1MM,-7.5,-7.6345,8,LT,Soft wheat,precip2,-0.0131215936155179
HadGEM3-GC3-1MM,-6.5,-6.4299,4,LT,Soft wheat,precip2,0.0167599502114927
HadGEM3-GC3-1MM,-5.5,-5.3528,4,LT,Soft wheat,precip2,-0.002774566624022
HadGEM3-GC3-1MM,-4.5,-4.3969,4,LT,Soft wheat,precip2,0.0138430966874056
IPSL-CM6A-LR,-9.5,-9.3401,5,LT,Soft wheat,precip2,-0.00325413609137871
IPSL-CM6A-LR,-8.5,-8.4598,8,LT,Soft wheat,precip2,-0.0113755643452225
IPSL-CM6A-LR,-7.5,-7.5255,19,LT,Soft wheat,precip2,0.023142308904153
IPSL-CM6A-LR,-6.5,-6.5577,11,LT,Soft wheat,precip2,0.0389263530113941
IPSL-CM6A-LR,-5.5,-5.5623,13,LT,Soft wheat,precip2,0.0164307607321481
IPSL-CM6A-LR,-4.5,-4.3507,11,LT,Soft wheat,precip2,0.0148656344745335
IPSL-CM6A-LR,-3.5,-3.4644,8,LT,Soft wheat,precip2,-0.0110000308907613
IPSL-CM6A-LR,-2.5,-2.5669,9,LT,Soft wheat,precip2,0.00042196942719957
IPSL-CM6A-LR,-1.5,-1.2909,6,LT,Soft wheat,precip2,0.0245555329813635
IPSL-CM6A-LR,-0.5,-0.6347,8,LT,Soft wheat,precip2,0.0023565032804168
EC-Earth3,-9.5,-9.1554,4,LV,Soft wheat,precip2,0.00492395407251384
EC-Earth3,-8.5,-8.4726,15,LV,Soft wheat,precip2,0.0226585455552283
EC-Earth3,-7.5,-7.5562,20,LV,Soft wheat,precip2,0.00968473129247513
EC-Earth3,-6.5,-6.4767,21,LV,Soft wheat,precip2,0.0128372235451202
EC-Earth3,-5.5,-5.3342,8,LV,Soft wheat,precip2,0.0188302166268278
EC-Earth3,-4.5,-4.5495,8,LV,Soft wheat,precip2,-0.0016010902082411
EC-Earth3,-3.5,-3.3459,9,LV,Soft wheat,precip2,0.0172399583617563
EC-Earth3,-2.5,-2.4493,5,LV,Soft wheat,precip2,0.00549043079066142
EC-Earth3,-1.5,-1.3807,6,LV,Soft wheat,precip2,0.0254841475832395
EC-Earth3,-0.5,-0.6596,3,LV,Soft wheat,precip2,0.022474994074391
HadGEM3-GC3-1LL,-8.5,-8.3848,12,LV,Soft wheat,precip2,0.0215451829974808
HadGEM3-GC3-1LL,-7.5,-7.5599,19,LV,Soft wheat,precip2,0.00904311799168374
HadGEM3-GC3-1LL,-6.5,-6.5442,24,LV,Soft wheat,precip2,0.016805250711504
HadGEM3-GC3-1LL,-5.5,-5.5797,10,LV,Soft wheat,precip2,0.0240083168691862
HadGEM3-GC3-1LL,-4.5,-4.5263,6,LV,Soft wheat,precip2,0.0119679555140726
HadGEM3-GC3-1LL,-3.5,-3.7835,7,LV,Soft wheat,precip2,-0.00474770204815005
HadGEM3-GC3-1LL,-2.5,-2.4504,6,LV,Soft wheat,precip2,-0.0315316905445839
HadGEM3-GC3-1LL,-1.5,-1.3098,8,LV,Soft wheat,precip2,-0.0526018258039691
HadGEM3-GC3-1LL,-0.5,-0.331,6,LV,Soft wheat,precip2,-0.00182829511087396
HadGEM3-GC3-1MM,-14.5,-14.3032,4,LV,Soft wheat,precip2,-0.0524949383191365
HadGEM3-GC3-1MM,-13.5,-13.3931,8,LV,Soft wheat,precip2,-0.0939173664867483
HadGEM3-GC3-1MM,-12.5,-12.588,13,LV,Soft wheat,precip2,-0.0963478943337853
HadGEM3-GC3-1MM,-11.5,-11.5321,21,LV,Soft wheat,precip2,-0.0763280988179317
HadGEM3-GC3-1MM,-10.5,-10.4803,10,LV,Soft wheat,precip2,-0.127184237109161
HadGEM3-GC3-1MM,-9.5,-9.6161,7,LV,Soft wheat,precip2,-0.00169229395311665
HadGEM3-GC3-1MM,-8.5,-8.6582,7,LV,Soft wheat,precip2,-0.0185112689926928
HadGEM3-GC3-1MM,-7.5,-7.6345,8,LV,Soft wheat,precip2,-0.0330743785568917
HadGEM3-GC3-1MM,-6.5,-6.4299,4,LV,Soft wheat,precip2,0.00930976729235612
HadGEM3-GC3-1MM,-5.5,-5.3528,4,LV,Soft wheat,precip2,-0.00363094041967143
HadGEM3-GC3-1MM,-4.5,-4.3969,4,LV,Soft wheat,precip2,0.00456636990228879
IPSL-CM6A-LR,-9.5,-9.3401,5,LV,Soft wheat,precip2,-0.0382579089220364
IPSL-CM6A-LR,-8.5,-8.4598,8,LV,Soft wheat,precip2,-0.0485498738575146
IPSL-CM6A-LR,-7.5,-7.5255,19,LV,Soft wheat,precip2,-0.00104944575095891
IPSL-CM6A-LR,-6.5,-6.5577,11,LV,Soft wheat,precip2,0.0136205393663366
IPSL-CM6A-LR,-5.5,-5.5623,13,LV,Soft wheat,precip2,0.00231321090637853
IPSL-CM6A-LR,-4.5,-4.3507,11,LV,Soft wheat,precip2,-0.000370153729761479
IPSL-CM6A-LR,-3.5,-3.4644,8,LV,Soft wheat,precip2,-0.00469626023691073
IPSL-CM6A-LR,-2.5,-2.5669,9,LV,Soft wheat,precip2,-0.00902044065774286
IPSL-CM6A-LR,-1.5,-1.2909,6,LV,Soft wheat,precip2,0.0182182738249763
IPSL-CM6A-LR,-0.5,-0.6347,8,LV,Soft wheat,precip2,-0.00405798298308159
EC-Earth3,-9.5,-9.1554,4,RO,Soft wheat,precip2,-0.0111767553045695
EC-Earth3,-8.5,-8.4726,15,RO,Soft wheat,precip2,0.00468134211850609
EC-Earth3,-7.5,-7.5562,20,RO,Soft wheat,precip2,-0.000224070539227371
EC-Earth3,-6.5,-6.4767,21,RO,Soft wheat,precip2,0.0156750779245068
EC-Earth3,-5.5,-5.3342,8,RO,Soft wheat,precip2,0.0091318532505535
EC-Earth3,-4.5,-4.5495,8,RO,Soft wheat,precip2,-0.0142813993119432
EC-Earth3,-3.5,-3.3459,9,RO,Soft wheat,precip2,-0.00867285929664092
EC-Earth3,-2.5,-2.4493,5,RO,Soft wheat,precip2,0.0463197174494483
EC-Earth3,-1.5,-1.3807,6,RO,Soft wheat,precip2,-0.0335992794319404
EC-Earth3,-0.5,-0.6596,3,RO,Soft wheat,precip2,0.0158350019340333
HadGEM3-GC3-1LL,-8.5,-8.3848,12,RO,Soft wheat,precip2,0.016379535474653
HadGEM3-GC3-1LL,-7.5,-7.5599,19,RO,Soft wheat,precip2,0.0252859403383713
HadGEM3-GC3-1LL,-6.5,-6.5442,24,RO,Soft wheat,precip2,-0.00466496808101977
HadGEM3-GC3-1LL,-5.5,-5.5797,10,RO,Soft wheat,precip2,0.0237108732264276
HadGEM3-GC3-1LL,-4.5,-4.5263,6,RO,Soft wheat,precip2,-0.00892167812251769
HadGEM3-GC3-1LL,-3.5,-3.7835,7,RO,Soft wheat,precip2,0.00322307065177456
HadGEM3-GC3-1LL,-2.5,-2.4504,6,RO,Soft wheat,precip2,0.0104557064468081
HadGEM3-GC3-1LL,-1.5,-1.3098,8,RO,Soft wheat,precip2,-0.00404152451095164
HadGEM3-GC3-1LL,-0.5,-0.331,6,RO,Soft wheat,precip2,-0.0257936407730049
HadGEM3-GC3-1MM,-14.5,-14.3032,4,RO,Soft wheat,precip2,0.0453936941618658
HadGEM3-GC3-1MM,-13.5,-13.3931,8,RO,Soft wheat,precip2,0.0424248794591464
HadGEM3-GC3-1MM,-12.5,-12.588,13,RO,Soft wheat,precip2,0.0334506487664011
HadGEM3-GC3-1MM,-11.5,-11.5321,21,RO,Soft wheat,precip2,0.0443760749979418
HadGEM3-GC3-1MM,-10.5,-10.4803,10,RO,Soft wheat,precip2,0.0261380004825757
HadGEM3-GC3-1MM,-9.5,-9.6161,7,RO,Soft wheat,precip2,0.0497586993836776
HadGEM3-GC3-1MM,-8.5,-8.6582,7,RO,Soft wheat,precip2,0.0367858311176378
HadGEM3-GC3-1MM,-7.5,-7.6345,8,RO,Soft wheat,precip2,-0.00104689921720091
HadGEM3-GC3-1MM,-6.5,-6.4299,4,RO,Soft wheat,precip2,-0.00515599986803742
HadGEM3-GC3-1MM,-5.5,-5.3528,4,RO,Soft wheat,precip2,-0.00245552031646485
HadGEM3-GC3-1MM,-4.5,-4.3969,4,RO,Soft wheat,precip2,0.015671502393098
IPSL-CM6A-LR,-9.5,-9.3401,5,RO,Soft wheat,precip2,0.00564250836310852
IPSL-CM6A-LR,-8.5,-8.4598,8,RO,Soft wheat,precip2,0.0222306444932297
IPSL-CM6A-LR,-7.5,-7.5255,19,RO,Soft wheat,precip2,0.0231036021760136
IPSL-CM6A-LR,-6.5,-6.5577,11,RO,Soft wheat,precip2,0.0328462315196546
IPSL-CM6A-LR,-5.5,-5.5623,13,RO,Soft wheat,precip2,0.0166849524302583
IPSL-CM6A-LR,-4.5,-4.3507,11,RO,Soft wheat,precip2,0.00912596066492246
IPSL-CM6A-LR,-3.5,-3.4644,8,RO,Soft wheat,precip2,0.0112895634045153
IPSL-CM6A-LR,-2.5,-2.5669,9,RO,Soft wheat,precip2,0.0228225610441948
IPSL-CM6A-LR,-1.5,-1.2909,6,RO,Soft wheat,precip2,0.0164734810479864
IPSL-CM6A-LR,-0.5,-0.6347,8,RO,Soft wheat,precip2,0.022961786583934
EC-Earth3,-9.5,-9.1554,4,SE,Soft wheat,precip2,-0.0462527745905504
EC-Earth3,-8.5,-8.4726,15,SE,Soft wheat,precip2,0.000224222767107883
EC-Earth3,-7.5,-7.5562,20,SE,Soft wheat,precip2,0.0124831730294487
EC-Earth3,-6.5,-6.4767,21,SE,Soft wheat,precip2,0.0256255341550479
EC-Earth3,-5.5,-5.3342,8,SE,Soft wheat,precip2,0.0104122815369062
EC-Earth3,-4.5,-4.5495,8,SE,Soft wheat,precip2,0.00797556158470784
EC-Earth3,-3.5,-3.3459,9,SE,Soft wheat,precip2,0.041209983948067
EC-Earth3,-2.5,-2.4493,5,SE,Soft wheat,precip2,-0.0119257351946688
EC-Earth3,-1.5,-1.3807,6,SE,Soft wheat,precip2,0.0168610638489695
EC-Earth3,-0.5,-0.6596,3,SE,Soft wheat,precip2,-0.0350853493511021
HadGEM3-GC3-1LL,-8.5,-8.3848,12,SE,Soft wheat,precip2,0.034637339450631
HadGEM3-GC3-1LL,-7.5,-7.5599,19,SE,Soft wheat,precip2,0.0150001870197442
HadGEM3-GC3-1LL,-6.5,-6.5442,24,SE,Soft wheat,precip2,0.030588731561395
HadGEM3-GC3-1LL,-5.5,-5.5797,10,SE,Soft wheat,precip2,0.0375892715477171
HadGEM3-GC3-1LL,-4.5,-4.5263,6,SE,Soft wheat,precip2,0.0143911880888212
HadGEM3-GC3-1LL,-3.5,-3.7835,7,SE,Soft wheat,precip2,0.0119539660382076
HadGEM3-GC3-1LL,-2.5,-2.4504,6,SE,Soft wheat,precip2,-0.0144432042884779
HadGEM3-GC3-1LL,-1.5,-1.3098,8,SE,Soft wheat,precip2,-0.0390811207305248
HadGEM3-GC3-1LL,-0.5,-0.331,6,SE,Soft wheat,precip2,-0.0150907292948824
HadGEM3-GC3-1MM,-14.5,-14.3032,4,SE,Soft wheat,precip2,-0.156667673342514
HadGEM3-GC3-1MM,-13.5,-13.3931,8,SE,Soft wheat,precip2,-0.0928985167233514
HadGEM3-GC3-1MM,-12.5,-12.588,13,SE,Soft wheat,precip2,-0.0958203365346311
HadGEM3-GC3-1MM,-11.5,-11.5321,21,SE,Soft wheat,precip2,-0.124402444389323
HadGEM3-GC3-1MM,-10.5,-10.4803,10,SE,Soft wheat,precip2,-0.109970244690026
HadGEM3-GC3-1MM,-9.5,-9.6161,7,SE,Soft wheat,precip2,-0.0205816619771179
HadGEM3-GC3-1MM,-8.5,-8.6582,7,SE,Soft wheat,precip2,-0.0372306671264793
HadGEM3-GC3-1MM,-7.5,-7.6345,8,SE,Soft wheat,precip2,-0.054921861083035
HadGEM3-GC3-1MM,-6.5,-6.4299,4,SE,Soft wheat,precip2,0.0359867216811616
HadGEM3-GC3-1MM,-5.5,-5.3528,4,SE,Soft wheat,precip2,0.00382794649756143
HadGEM3-GC3-1MM,-4.5,-4.3969,4,SE,Soft wheat,precip2,0.0282709088460538
IPSL-CM6A-LR,-9.5,-9.3401,5,SE,Soft wheat,precip2,-0.04659766945343
IPSL-CM6A-LR,-8.5,-8.4598,8,SE,Soft wheat,precip2,-0.0584260616556881
IPSL-CM6A-LR,-7.5,-7.5255,19,SE,Soft wheat,precip2,-0.0109182097422279
IPSL-CM6A-LR,-6.5,-6.5577,11,SE,Soft wheat,precip2,-0.0237303207706982
IPSL-CM6A-LR,-5.5,-5.5623,13,SE,Soft wheat,precip2,0.00798775837616598
IPSL-CM6A-LR,-4.5,-4.3507,11,SE,Soft wheat,precip2,0.00609997244843925
IPSL-CM6A-LR,-3.5,-3.4644,8,SE,Soft wheat,precip2,-0.0154192186901061
IPSL-CM6A-LR,-2.5,-2.5669,9,SE,Soft wheat,precip2,0.0267410340730787
IPSL-CM6A-LR,-1.5,-1.2909,6,SE,Soft wheat,precip2,0.0215260651852943
IPSL-CM6A-LR,-0.5,-0.6347,8,SE,Soft wheat,precip2,-0.0405963001561454
EC-Earth3,-9.5,-9.1554,4,SK,Soft wheat,precip2,-0.0665051825850576
EC-Earth3,-8.5,-8.4726,15,SK,Soft wheat,precip2,-0.0174239959921003
EC-Earth3,-7.5,-7.5562,20,SK,Soft wheat,precip2,-0.00889645466655675
EC-Earth3,-6.5,-6.4767,21,SK,Soft wheat,precip2,0.0298712661847971
EC-Earth3,-5.5,-5.3342,8,SK,Soft wheat,precip2,0.0424312713789768
EC-Earth3,-4.5,-4.5495,8,SK,Soft wheat,precip2,-0.00246938321676856
EC-Earth3,-3.5,-3.3459,9,SK,Soft wheat,precip2,0.0151065041797247
EC-Earth3,-2.5,-2.4493,5,SK,Soft wheat,precip2,0.0362130478810497
EC-Earth3,-1.5,-1.3807,6,SK,Soft wheat,precip2,-0.0205795654602651
EC-Earth3,-0.5,-0.6596,3,SK,Soft wheat,precip2,0.0390031129009685
HadGEM3-GC3-1LL,-8.5,-8.3848,12,SK,Soft wheat,precip2,0.041998730485058
HadGEM3-GC3-1LL,-7.5,-7.5599,19,SK,Soft wheat,precip2,0.029445279117064
HadGEM3-GC3-1LL,-6.5,-6.5442,24,SK,Soft wheat,precip2,-0.00511244477258161
HadGEM3-GC3-1LL,-5.5,-5.5797,10,SK,Soft wheat,precip2,0.020664933974414
HadGEM3-GC3-1LL,-4.5,-4.5263,6,SK,Soft wheat,precip2,-0.0178038451438602
HadGEM3-GC3-1LL,-3.5,-3.7835,7,SK,Soft wheat,precip2,0.0128553851747968
HadGEM3-GC3-1LL,-2.5,-2.4504,6,SK,Soft wheat,precip2,0.0217310479167972
HadGEM3-GC3-1LL,-1.5,-1.3098,8,SK,Soft wheat,precip2,-0.00728204386763617
HadGEM3-GC3-1LL,-0.5,-0.331,6,SK,Soft wheat,precip2,-0.0442555317560611
HadGEM3-GC3-1MM,-14.5,-14.3032,4,SK,Soft wheat,precip2,0.0508578714802857
HadGEM3-GC3-1MM,-13.5,-13.3931,8,SK,Soft wheat,precip2,0.0487761823551755
HadGEM3-GC3-1MM,-12.5,-12.588,13,SK,Soft wheat,precip2,0.0377553708959028
HadGEM3-GC3-1MM,-11.5,-11.5321,21,SK,Soft wheat,precip2,0.0340561057980033
HadGEM3-GC3-1MM,-10.5,-10.4803,10,SK,Soft wheat,precip2,0.0214440616800211
HadGEM3-GC3-1MM,-9.5,-9.6161,7,SK,Soft wheat,precip2,0.072204767663443
HadGEM3-GC3-1MM,-8.5,-8.6582,7,SK,Soft wheat,precip2,0.0368852682334256
HadGEM3-GC3-1MM,-7.5,-7.6345,8,SK,Soft wheat,precip2,0.0075153163775819
HadGEM3-GC3-1MM,-6.5,-6.4299,4,SK,Soft wheat,precip2,0.0336392522715508
HadGEM3-GC3-1MM,-5.5,-5.3528,4,SK,Soft wheat,precip2,0.0294508221418642
HadGEM3-GC3-1MM,-4.5,-4.3969,4,SK,Soft wheat,precip2,0.0137883852365263
IPSL-CM6A-LR,-9.5,-9.3401,5,SK,Soft wheat,precip2,0.0179190836648675
IPSL-CM6A-LR,-8.5,-8.4598,8,SK,Soft wheat,precip2,0.0215907328810346
IPSL-CM6A-LR,-7.5,-7.5255,19,SK,Soft wheat,precip2,0.0249289450310411
IPSL-CM6A-LR,-6.5,-6.5577,11,SK,Soft wheat,precip2,0.0409757129342679
IPSL-CM6A-LR,-5.5,-5.5623,13,SK,Soft wheat,precip2,0.0234791555253864
IPSL-CM6A-LR,-4.5,-4.3507,11,SK,Soft wheat,precip2,0.00446682659725272
IPSL-CM6A-LR,-3.5,-3.4644,8,SK,Soft wheat,precip2,-0.0153070518283555
IPSL-CM6A-LR,-2.5,-2.5669,9,SK,Soft wheat,precip2,0.0254643939583837
IPSL-CM6A-LR,-1.5,-1.2909,6,SK,Soft wheat,precip2,0.0374645088778845
IPSL-CM6A-LR,-0.5,-0.6347,8,SK,Soft wheat,precip2,0.00433567053449169
EC-Earth3,-9.5,-9.1554,4,EL,Durum wheat,precip2,0.00468554572094693
EC-Earth3,-8.5,-8.4726,15,EL,Durum wheat,precip2,0.00835157016035891
EC-Earth3,-7.5,-7.5562,20,EL,Durum wheat,precip2,0.00742588745055131
EC-Earth3,-6.5,-6.4767,21,EL,Durum wheat,precip2,0.0022748084782392
EC-Earth3,-5.5,-5.3342,8,EL,Durum wheat,precip2,0.00352535277644129
EC-Earth3,-4.5,-4.5495,8,EL,Durum wheat,precip2,0.00339002743315703
EC-Earth3,-3.5,-3.3459,9,EL,Durum wheat,precip2,0.00636443763026246
EC-Earth3,-2.5,-2.4493,5,EL,Durum wheat,precip2,0.0130188084885007
EC-Earth3,-1.5,-1.3807,6,EL,Durum wheat,precip2,0.00244622596234231
EC-Earth3,-0.5,-0.6596,3,EL,Durum wheat,precip2,-0.00192201968991944
HadGEM3-GC3-1LL,-8.5,-8.3848,12,EL,Durum wheat,precip2,0.00658017792711819
HadGEM3-GC3-1LL,-7.5,-7.5599,19,EL,Durum wheat,precip2,0.00987697995367654
HadGEM3-GC3-1LL,-6.5,-6.5442,24,EL,Durum wheat,precip2,0.00316548198828095
HadGEM3-GC3-1LL,-5.5,-5.5797,10,EL,Durum wheat,precip2,0.0065414781558439
HadGEM3-GC3-1LL,-4.5,-4.5263,6,EL,Durum wheat,precip2,0.0092144879097712
HadGEM3-GC3-1LL,-3.5,-3.7835,7,EL,Durum wheat,precip2,0.00743645142719244
HadGEM3-GC3-1LL,-2.5,-2.4504,6,EL,Durum wheat,precip2,0.00356050090166447
HadGEM3-GC3-1LL,-1.5,-1.3098,8,EL,Durum wheat,precip2,0.00289363326387458
HadGEM3-GC3-1LL,-0.5,-0.331,6,EL,Durum wheat,precip2,0.00347806956742953
HadGEM3-GC3-1MM,-14.5,-14.3032,4,EL,Durum wheat,precip2,0.0151050724022729
HadGEM3-GC3-1MM,-13.5,-13.3931,8,EL,Durum wheat,precip2,0.0202753606009347
HadGEM3-GC3-1MM,-12.5,-12.588,13,EL,Durum wheat,precip2,0.0145216305519854
HadGEM3-GC3-1MM,-11.5,-11.5321,21,EL,Durum wheat,precip2,0.018907405619586
HadGEM3-GC3-1MM,-10.5,-10.4803,10,EL,Durum wheat,precip2,0.0199097103196876
HadGEM3-GC3-1MM,-9.5,-9.6161,7,EL,Durum wheat,precip2,0.0223644151967668
HadGEM3-GC3-1MM,-8.5,-8.6582,7,EL,Durum wheat,precip2,0.0145327334936178
HadGEM3-GC3-1MM,-7.5,-7.6345,8,EL,Durum wheat,precip2,0.0146309454830652
HadGEM3-GC3-1MM,-6.5,-6.4299,4,EL,Durum wheat,precip2,0.00441206476609438
HadGEM3-GC3-1MM,-5.5,-5.3528,4,EL,Durum wheat,precip2,0.00531515554791079
HadGEM3-GC3-1MM,-4.5,-4.3969,4,EL,Durum wheat,precip2,0.00331294153104028
IPSL-CM6A-LR,-9.5,-9.3401,5,EL,Durum wheat,precip2,0.00520875460025303
IPSL-CM6A-LR,-8.5,-8.4598,8,EL,Durum wheat,precip2,0.0157013440608249
IPSL-CM6A-LR,-7.5,-7.5255,19,EL,Durum wheat,precip2,0.0148624118868829
IPSL-CM6A-LR,-6.5,-6.5577,11,EL,Durum wheat,precip2,0.0133761299067563
IPSL-CM6A-LR,-5.5,-5.5623,13,EL,Durum wheat,precip2,0.010837246152289
IPSL-CM6A-LR,-4.5,-4.3507,11,EL,Durum wheat,precip2,0.002282148426452
IPSL-CM6A-LR,-3.5,-3.4644,8,EL,Durum wheat,precip2,0.00886483546532587
IPSL-CM6A-LR,-2.5,-2.5669,9,EL,Durum wheat,precip2,0.0106270330663945
IPSL-CM6A-LR,-1.5,-1.2909,6,EL,Durum wheat,precip2,0.000981601490461824
IPSL-CM6A-LR,-0.5,-0.6347,8,EL,Durum wheat,precip2,0.0136905897285553
EC-Earth3,-9.5,-9.1554,4,ES,Durum wheat,precip2,0.0227037501904088
EC-Earth3,-8.5,-8.4726,15,ES,Durum wheat,precip2,0.0203824750888843
EC-Earth3,-7.5,-7.5562,20,ES,Durum wheat,precip2,0.0165030446582425
EC-Earth3,-6.5,-6.4767,21,ES,Durum wheat,precip2,0.0211709955437346
EC-Earth3,-5.5,-5.3342,8,ES,Durum wheat,precip2,0.0242577899496243
EC-Earth3,-4.5,-4.5495,8,ES,Durum wheat,precip2,0.0264612388470639
EC-Earth3,-3.5,-3.3459,9,ES,Durum wheat,precip2,0.00807230639308584
EC-Earth3,-2.5,-2.4493,5,ES,Durum wheat,precip2,0.0178100657216781
EC-Earth3,-1.5,-1.3807,6,ES,Durum wheat,precip2,0.00718011428142797
EC-Earth3,-0.5,-0.6596,3,ES,Durum wheat,precip2,0.0157121605478584
HadGEM3-GC3-1LL,-8.5,-8.3848,12,ES,Durum wheat,precip2,0.0237178052017147
HadGEM3-GC3-1LL,-7.5,-7.5599,19,ES,Durum wheat,precip2,0.0187173622491473
HadGEM3-GC3-1LL,-6.5,-6.5442,24,ES,Durum wheat,precip2,0.0181316515355381
HadGEM3-GC3-1LL,-5.5,-5.5797,10,ES,Durum wheat,precip2,0.0140192599403962
HadGEM3-GC3-1LL,-4.5,-4.5263,6,ES,Durum wheat,precip2,0.0228404396027557
HadGEM3-GC3-1LL,-3.5,-3.7835,7,ES,Durum wheat,precip2,0.0135409097545441
HadGEM3-GC3-1LL,-2.5,-2.4504,6,ES,Durum wheat,precip2,0.0215816555458005
HadGEM3-GC3-1LL,-1.5,-1.3098,8,ES,Durum wheat,precip2,0.0118898997300541
HadGEM3-GC3-1LL,-0.5,-0.331,6,ES,Durum wheat,precip2,0.00589724559972558
HadGEM3-GC3-1MM,-14.5,-14.3032,4,ES,Durum wheat,precip2,0.0242425496484767
HadGEM3-GC3-1MM,-13.5,-13.3931,8,ES,Durum wheat,precip2,0.0207011089999715
HadGEM3-GC3-1MM,-12.5,-12.588,13,ES,Durum wheat,precip2,0.0226945731363536
HadGEM3-GC3-1MM,-11.5,-11.5321,21,ES,Durum wheat,precip2,0.0271224697957929
HadGEM3-GC3-1MM,-10.5,-10.4803,10,ES,Durum wheat,precip2,0.0275247882293451
HadGEM3-GC3-1MM,-9.5,-9.6161,7,ES,Durum wheat,precip2,0.0231845784654367
HadGEM3-GC3-1MM,-8.5,-8.6582,7,ES,Durum wheat,precip2,0.0165010302179699
HadGEM3-GC3-1MM,-7.5,-7.6345,8,ES,Durum wheat,precip2,0.0262366907148259
HadGEM3-GC3-1MM,-6.5,-6.4299,4,ES,Durum wheat,precip2,0.0203959053336611
HadGEM3-GC3-1MM,-5.5,-5.3528,4,ES,Durum wheat,precip2,0.0115976493417323
HadGEM3-GC3-1MM,-4.5,-4.3969,4,ES,Durum wheat,precip2,-0.0300764348634351
IPSL-CM6A-LR,-9.5,-9.3401,5,ES,Durum wheat,precip2,0.0218877571948545
IPSL-CM6A-LR,-8.5,-8.4598,8,ES,Durum wheat,precip2,0.026856089576131
IPSL-CM6A-LR,-7.5,-7.5255,19,ES,Durum wheat,precip2,0.0230025381046956
IPSL-CM6A-LR,-6.5,-6.5577,11,ES,Durum wheat,precip2,0.0236445485587919
IPSL-CM6A-LR,-5.5,-5.5623,13,ES,Durum wheat,precip2,0.0221254427869634
IPSL-CM6A-LR,-4.5,-4.3507,11,ES,Durum wheat,precip2,0.0178420790489894
IPSL-CM6A-LR,-3.5,-3.4644,8,ES,Durum wheat,precip2,0.0237381943733855
IPSL-CM6A-LR,-2.5,-2.5669,9,ES,Durum wheat,precip2,0.00331679335701003
IPSL-CM6A-LR,-1.5,-1.2909,6,ES,Durum wheat,precip2,0.013273717659239
IPSL-CM6A-LR,-0.5,-0.6347,8,ES,Durum wheat,precip2,0.0130547010326077
EC-Earth3,-9.5,-9.1554,4,FR,Durum wheat,precip2,0.020374886280358
EC-Earth3,-8.5,-8.4726,15,FR,Durum wheat,precip2,0.0562278670082949
EC-Earth3,-7.5,-7.5562,20,FR,Durum wheat,precip2,0.0229854554159873
EC-Earth3,-6.5,-6.4767,21,FR,Durum wheat,precip2,0.0456658054252418
EC-Earth3,-5.5,-5.3342,8,FR,Durum wheat,precip2,0.0172454788498844
EC-Earth3,-4.5,-4.5495,8,FR,Durum wheat,precip2,0.0551209279994916
EC-Earth3,-3.5,-3.3459,9,FR,Durum wheat,precip2,0.0208368021356422
EC-Earth3,-2.5,-2.4493,5,FR,Durum wheat,precip2,0.0407683091365406
EC-Earth3,-1.5,-1.3807,6,FR,Durum wheat,precip2,0.0194737549949034
EC-Earth3,-0.5,-0.6596,3,FR,Durum wheat,precip2,0.0184211074462301
HadGEM3-GC3-1LL,-8.5,-8.3848,12,FR,Durum wheat,precip2,0.0356413647919938
HadGEM3-GC3-1LL,-7.5,-7.5599,19,FR,Durum wheat,precip2,0.0219049186773943
HadGEM3-GC3-1LL,-6.5,-6.5442,24,FR,Durum wheat,precip2,0.0357509644005576
HadGEM3-GC3-1LL,-5.5,-5.5797,10,FR,Durum wheat,precip2,0.00651932285186264
HadGEM3-GC3-1LL,-4.5,-4.5263,6,FR,Durum wheat,precip2,0.0528578079200841
HadGEM3-GC3-1LL,-3.5,-3.7835,7,FR,Durum wheat,precip2,0.0261631919201609
HadGEM3-GC3-1LL,-2.5,-2.4504,6,FR,Durum wheat,precip2,0.0462174829713873
HadGEM3-GC3-1LL,-1.5,-1.3098,8,FR,Durum wheat,precip2,-0.015405671010902
HadGEM3-GC3-1LL,-0.5,-0.331,6,FR,Durum wheat,precip2,0.0152271861403425
HadGEM3-GC3-1MM,-14.5,-14.3032,4,FR,Durum wheat,precip2,-0.0137134861069298
HadGEM3-GC3-1MM,-13.5,-13.3931,8,FR,Durum wheat,precip2,-0.0258076796618539
HadGEM3-GC3-1MM,-12.5,-12.588,13,FR,Durum wheat,precip2,-0.0109929925071022
HadGEM3-GC3-1MM,-11.5,-11.5321,21,FR,Durum wheat,precip2,0.0170457181754598
HadGEM3-GC3-1MM,-10.5,-10.4803,10,FR,Durum wheat,precip2,0.0541067358111455
HadGEM3-GC3-1MM,-9.5,-9.6161,7,FR,Durum wheat,precip2,0.036995712157416
HadGEM3-GC3-1MM,-8.5,-8.6582,7,FR,Durum wheat,precip2,0.0374828817234287
HadGEM3-GC3-1MM,-7.5,-7.6345,8,FR,Durum wheat,precip2,0.0423606110598212
HadGEM3-GC3-1MM,-6.5,-6.4299,4,FR,Durum wheat,precip2,0.0326013587681161
HadGEM3-GC3-1MM,-5.5,-5.3528,4,FR,Durum wheat,precip2,0.00544205640352791
HadGEM3-GC3-1MM,-4.5,-4.3969,4,FR,Durum wheat,precip2,-0.0102413750002465
IPSL-CM6A-LR,-9.5,-9.3401,5,FR,Durum wheat,precip2,0.042982901465768
IPSL-CM6A-LR,-8.5,-8.4598,8,FR,Durum wheat,precip2,0.0377599468171477
IPSL-CM6A-LR,-7.5,-7.5255,19,FR,Durum wheat,precip2,0.0449625348828569
IPSL-CM6A-LR,-6.5,-6.5577,11,FR,Durum wheat,precip2,0.0529572480422552
IPSL-CM6A-LR,-5.5,-5.5623,13,FR,Durum wheat,precip2,0.0377947177565453
IPSL-CM6A-LR,-4.5,-4.3507,11,FR,Durum wheat,precip2,0.0389622125217458
IPSL-CM6A-LR,-3.5,-3.4644,8,FR,Durum wheat,precip2,0.0367191636419625
IPSL-CM6A-LR,-2.5,-2.5669,9,FR,Durum wheat,precip2,0.0203408607686507
IPSL-CM6A-LR,-1.5,-1.2909,6,FR,Durum wheat,precip2,-0.001370484217554
IPSL-CM6A-LR,-0.5,-0.6347,8,FR,Durum wheat,precip2,0.017620659488379
EC-Earth3,-9.5,-9.1554,4,HU,Durum wheat,precip2,-0.0165170816484659
EC-Earth3,-8.5,-8.4726,15,HU,Durum wheat,precip2,-0.0190309809043519
EC-Earth3,-7.5,-7.5562,20,HU,Durum wheat,precip2,-0.00674408404605316
EC-Earth3,-6.5,-6.4767,21,HU,Durum wheat,precip2,0.0129588791072966
EC-Earth3,-5.5,-5.3342,8,HU,Durum wheat,precip2,0.0264370834592616
EC-Earth3,-4.5,-4.5495,8,HU,Durum wheat,precip2,0.0016390784954807
EC-Earth3,-3.5,-3.3459,9,HU,Durum wheat,precip2,-0.0117113011543251
EC-Earth3,-2.5,-2.4493,5,HU,Durum wheat,precip2,0.0397420255193641
EC-Earth3,-1.5,-1.3807,6,HU,Durum wheat,precip2,-0.0357695003753928
EC-Earth3,-0.5,-0.6596,3,HU,Durum wheat,precip2,0.0167274740116814
HadGEM3-GC3-1LL,-8.5,-8.3848,12,HU,Durum wheat,precip2,0.0130795661637472
HadGEM3-GC3-1LL,-7.5,-7.5599,19,HU,Durum wheat,precip2,0.018369467407389
HadGEM3-GC3-1LL,-6.5,-6.5442,24,HU,Durum wheat,precip2,-0.0067422890546646
HadGEM3-GC3-1LL,-5.5,-5.5797,10,HU,Durum wheat,precip2,0.0134146605477789
HadGEM3-GC3-1LL,-4.5,-4.5263,6,HU,Durum wheat,precip2,-0.0227332257975666
HadGEM3-GC3-1LL,-3.5,-3.7835,7,HU,Durum wheat,precip2,-0.00120056292938053
HadGEM3-GC3-1LL,-2.5,-2.4504,6,HU,Durum wheat,precip2,0.0124994238408454
HadGEM3-GC3-1LL,-1.5,-1.3098,8,HU,Durum wheat,precip2,0.00668061953453244
HadGEM3-GC3-1LL,-0.5,-0.331,6,HU,Durum wheat,precip2,-0.0160241626704459
HadGEM3-GC3-1MM,-14.5,-14.3032,4,HU,Durum wheat,precip2,0.0452991850552791
HadGEM3-GC3-1MM,-13.5,-13.3931,8,HU,Durum wheat,precip2,0.0325127586668709
HadGEM3-GC3-1MM,-12.5,-12.588,13,HU,Durum wheat,precip2,0.0223308189149916
HadGEM3-GC3-1MM,-11.5,-11.5321,21,HU,Durum wheat,precip2,0.0224823999243237
HadGEM3-GC3-1MM,-10.5,-10.4803,10,HU,Durum wheat,precip2,0.0182129512280254
HadGEM3-GC3-1MM,-9.5,-9.6161,7,HU,Durum wheat,precip2,0.0324755773429876
HadGEM3-GC3-1MM,-8.5,-8.6582,7,HU,Durum wheat,precip2,0.0254404262601017
HadGEM3-GC3-1MM,-7.5,-7.6345,8,HU,Durum wheat,precip2,-0.00175556300839315
HadGEM3-GC3-1MM,-6.5,-6.4299,4,HU,Durum wheat,precip2,0.00943329358266246
HadGEM3-GC3-1MM,-5.5,-5.3528,4,HU,Durum wheat,precip2,0.0214935642130603
HadGEM3-GC3-1MM,-4.5,-4.3969,4,HU,Durum wheat,precip2,0.000158891111551598
IPSL-CM6A-LR,-9.5,-9.3401,5,HU,Durum wheat,precip2,0.0179146473083755
IPSL-CM6A-LR,-8.5,-8.4598,8,HU,Durum wheat,precip2,0.0194231892589214
IPSL-CM6A-LR,-7.5,-7.5255,19,HU,Durum wheat,precip2,0.0192593079060651
IPSL-CM6A-LR,-6.5,-6.5577,11,HU,Durum wheat,precip2,0.0254418278933898
IPSL-CM6A-LR,-5.5,-5.5623,13,HU,Durum wheat,precip2,0.0179201366697564
IPSL-CM6A-LR,-4.5,-4.3507,11,HU,Durum wheat,precip2,0.0134504295031707
IPSL-CM6A-LR,-3.5,-3.4644,8,HU,Durum wheat,precip2,-0.00252888399772721
IPSL-CM6A-LR,-2.5,-2.5669,9,HU,Durum wheat,precip2,0.0190542505178051
IPSL-CM6A-LR,-1.5,-1.2909,6,HU,Durum wheat,precip2,0.0177552658364884
IPSL-CM6A-LR,-0.5,-0.6347,8,HU,Durum wheat,precip2,0.0189362966395428
EC-Earth3,-9.5,-9.1554,4,IT,Durum wheat,precip2,0.0183047459436588
EC-Earth3,-8.5,-8.4726,15,IT,Durum wheat,precip2,0.0293155224362129
EC-Earth3,-7.5,-7.5562,20,IT,Durum wheat,precip2,0.0234823994890227
EC-Earth3,-6.5,-6.4767,21,IT,Durum wheat,precip2,0.0212450201366502
EC-Earth3,-5.5,-5.3342,8,IT,Durum wheat,precip2,0.0356601378878548
EC-Earth3,-4.5,-4.5495,8,IT,Durum wheat,precip2,0.0321615477449713
EC-Earth3,-3.5,-3.3459,9,IT,Durum wheat,precip2,0.0164301918323956
EC-Earth3,-2.5,-2.4493,5,IT,Durum wheat,precip2,0.0379559185996036
EC-Earth3,-1.5,-1.3807,6,IT,Durum wheat,precip2,0.00894470526102658
EC-Earth3,-0.5,-0.6596,3,IT,Durum wheat,precip2,0.0297261079632888
HadGEM3-GC3-1LL,-8.5,-8.3848,12,IT,Durum wheat,precip2,0.0294907101710889
HadGEM3-GC3-1LL,-7.5,-7.5599,19,IT,Durum wheat,precip2,0.033486551129867
HadGEM3-GC3-1LL,-6.5,-6.5442,24,IT,Durum wheat,precip2,0.0167530872918156
HadGEM3-GC3-1LL,-5.5,-5.5797,10,IT,Durum wheat,precip2,0.0225339221326836
HadGEM3-GC3-1LL,-4.5,-4.5263,6,IT,Durum wheat,precip2,0.0292832776724719
HadGEM3-GC3-1LL,-3.5,-3.7835,7,IT,Durum wheat,precip2,0.0321539015147778
HadGEM3-GC3-1LL,-2.5,-2.4504,6,IT,Durum wheat,precip2,0.0186357149263512
HadGEM3-GC3-1LL,-1.5,-1.3098,8,IT,Durum wheat,precip2,0.0120903922511684
HadGEM3-GC3-1LL,-0.5,-0.331,6,IT,Durum wheat,precip2,0.0186052629317737
HadGEM3-GC3-1MM,-14.5,-14.3032,4,IT,Durum wheat,precip2,0.0523621376871488
HadGEM3-GC3-1MM,-13.5,-13.3931,8,IT,Durum wheat,precip2,0.0468300889221041
HadGEM3-GC3-1MM,-12.5,-12.588,13,IT,Durum wheat,precip2,0.0440670603652876
HadGEM3-GC3-1MM,-11.5,-11.5321,21,IT,Durum wheat,precip2,0.0482931905672461
HadGEM3-GC3-1MM,-10.5,-10.4803,10,IT,Durum wheat,precip2,0.0456450846095741
HadGEM3-GC3-1MM,-9.5,-9.6161,7,IT,Durum wheat,precip2,0.0462782401808867
HadGEM3-GC3-1MM,-8.5,-8.6582,7,IT,Durum wheat,precip2,0.0465416660969681
HadGEM3-GC3-1MM,-7.5,-7.6345,8,IT,Durum wheat,precip2,0.0466525125124095
HadGEM3-GC3-1MM,-6.5,-6.4299,4,IT,Durum wheat,precip2,0.0275835886589324
HadGEM3-GC3-1MM,-5.5,-5.3528,4,IT,Durum wheat,precip2,0.0341456285700538
HadGEM3-GC3-1MM,-4.5,-4.3969,4,IT,Durum wheat,precip2,0.0124512524108597
IPSL-CM6A-LR,-9.5,-9.3401,5,IT,Durum wheat,precip2,0.0257867073426404
IPSL-CM6A-LR,-8.5,-8.4598,8,IT,Durum wheat,precip2,0.0358206802495598
IPSL-CM6A-LR,-7.5,-7.5255,19,IT,Durum wheat,precip2,0.0397302026814981
IPSL-CM6A-LR,-6.5,-6.5577,11,IT,Durum wheat,precip2,0.0452654200335085
IPSL-CM6A-LR,-5.5,-5.5623,13,IT,Durum wheat,precip2,0.0340219249456313
IPSL-CM6A-LR,-4.5,-4.3507,11,IT,Durum wheat,precip2,0.0194560568550212
IPSL-CM6A-LR,-3.5,-3.4644,8,IT,Durum wheat,precip2,0.0249093234532477
IPSL-CM6A-LR,-2.5,-2.5669,9,IT,Durum wheat,precip2,0.0206348112206004
IPSL-CM6A-LR,-1.5,-1.2909,6,IT,Durum wheat,precip2,0.0185661544599635
IPSL-CM6A-LR,-0.5,-0.6347,8,IT,Durum wheat,precip2,0.0193973783797556
EC-Earth3,-9.5,-9.1554,4,RO,Durum wheat,precip2,-0.0105336452625203
EC-Earth3,-8.5,-8.4726,15,RO,Durum wheat,precip2,0.00326322305870778
EC-Earth3,-7.5,-7.5562,20,RO,Durum wheat,precip2,0.00157102859320153
EC-Earth3,-6.5,-6.4767,21,RO,Durum wheat,precip2,0.0169037580820392
EC-Earth3,-5.5,-5.3342,8,RO,Durum wheat,precip2,0.0130893514374258
EC-Earth3,-4.5,-4.5495,8,RO,Durum wheat,precip2,-0.00996200336644058
EC-Earth3,-3.5,-3.3459,9,RO,Durum wheat,precip2,-0.00745055709022387
EC-Earth3,-2.5,-2.4493,5,RO,Durum wheat,precip2,0.0445184490602446
EC-Earth3,-1.5,-1.3807,6,RO,Durum wheat,precip2,-0.033872373507438
EC-Earth3,-0.5,-0.6596,3,RO,Durum wheat,precip2,0.0137051300237341
HadGEM3-GC3-1LL,-8.5,-8.3848,12,RO,Durum wheat,precip2,0.0168413090415256
HadGEM3-GC3-1LL,-7.5,-7.5599,19,RO,Durum wheat,precip2,0.028067463260881
HadGEM3-GC3-1LL,-6.5,-6.5442,24,RO,Durum wheat,precip2,-0.00384048473154386
HadGEM3-GC3-1LL,-5.5,-5.5797,10,RO,Durum wheat,precip2,0.024926669396151
HadGEM3-GC3-1LL,-4.5,-4.5263,6,RO,Durum wheat,precip2,-0.0115743740576797
HadGEM3-GC3-1LL,-3.5,-3.7835,7,RO,Durum wheat,precip2,0.00648877340420409
HadGEM3-GC3-1LL,-2.5,-2.4504,6,RO,Durum wheat,precip2,0.00994885674096542
HadGEM3-GC3-1LL,-1.5,-1.3098,8,RO,Durum wheat,precip2,-0.00219598770424641
HadGEM3-GC3-1LL,-0.5,-0.331,6,RO,Durum wheat,precip2,-0.0245944144789824
HadGEM3-GC3-1MM,-14.5,-14.3032,4,RO,Durum wheat,precip2,0.0473533268957786
HadGEM3-GC3-1MM,-13.5,-13.3931,8,RO,Durum wheat,precip2,0.0412680510965195
HadGEM3-GC3-1MM,-12.5,-12.588,13,RO,Durum wheat,precip2,0.0339493505193961
HadGEM3-GC3-1MM,-11.5,-11.5321,21,RO,Durum wheat,precip2,0.0432784268903108
HadGEM3-GC3-1MM,-10.5,-10.4803,10,RO,Durum wheat,precip2,0.0255484667683704
HadGEM3-GC3-1MM,-9.5,-9.6161,7,RO,Durum wheat,precip2,0.0484116826185593
HadGEM3-GC3-1MM,-8.5,-8.6582,7,RO,Durum wheat,precip2,0.0361185360412588
HadGEM3-GC3-1MM,-7.5,-7.6345,8,RO,Durum wheat,precip2,-0.00790336798906034
HadGEM3-GC3-1MM,-6.5,-6.4299,4,RO,Durum wheat,precip2,-0.00912952764460394
HadGEM3-GC3-1MM,-5.5,-5.3528,4,RO,Durum wheat,precip2,0.00399957771794587
HadGEM3-GC3-1MM,-4.5,-4.3969,4,RO,Durum wheat,precip2,0.0144952609009883
IPSL-CM6A-LR,-9.5,-9.3401,5,RO,Durum wheat,precip2,0.00549462042020952
IPSL-CM6A-LR,-8.5,-8.4598,8,RO,Durum wheat,precip2,0.021797676993661
IPSL-CM6A-LR,-7.5,-7.5255,19,RO,Durum wheat,precip2,0.0219706407729664
IPSL-CM6A-LR,-6.5,-6.5577,11,RO,Durum wheat,precip2,0.0330617349735323
IPSL-CM6A-LR,-5.5,-5.5623,13,RO,Durum wheat,precip2,0.0145219489744757
IPSL-CM6A-LR,-4.5,-4.3507,11,RO,Durum wheat,precip2,0.00760242254825697
IPSL-CM6A-LR,-3.5,-3.4644,8,RO,Durum wheat,precip2,0.00808488729382327
IPSL-CM6A-LR,-2.5,-2.5669,9,RO,Durum wheat,precip2,0.0209145376384028
IPSL-CM6A-LR,-1.5,-1.2909,6,RO,Durum wheat,precip2,0.0155943719653784
IPSL-CM6A-LR,-0.5,-0.6347,8,RO,Durum wheat,precip2,0.0216510549761717
EC-Earth3,-9.5,-9.1554,4,SK,Durum wheat,precip2,-0.0483327733896883
EC-Earth3,-8.5,-8.4726,15,SK,Durum wheat,precip2,-0.0128242740103631
EC-Earth3,-7.5,-7.5562,20,SK,Durum wheat,precip2,-0.0129412459943371
EC-Earth3,-6.5,-6.4767,21,SK,Durum wheat,precip2,0.0193650687175163
EC-Earth3,-5.5,-5.3342,8,SK,Durum wheat,precip2,0.0298305929874153
EC-Earth3,-4.5,-4.5495,8,SK,Durum wheat,precip2,-0.00383595969087168
EC-Earth3,-3.5,-3.3459,9,SK,Durum wheat,precip2,0.0160025694329289
EC-Earth3,-2.5,-2.4493,5,SK,Durum wheat,precip2,0.0210413486245546
EC-Earth3,-1.5,-1.3807,6,SK,Durum wheat,precip2,-0.0205327650280482
EC-Earth3,-0.5,-0.6596,3,SK,Durum wheat,precip2,0.0270631120642579
HadGEM3-GC3-1LL,-8.5,-8.3848,12,SK,Durum wheat,precip2,0.0231085159166437
HadGEM3-GC3-1LL,-7.5,-7.5599,19,SK,Durum wheat,precip2,0.0175266654775644
HadGEM3-GC3-1LL,-6.5,-6.5442,24,SK,Durum wheat,precip2,-0.00702248689461958
HadGEM3-GC3-1LL,-5.5,-5.5797,10,SK,Durum wheat,precip2,0.0132823737311495
HadGEM3-GC3-1LL,-4.5,-4.5263,6,SK,Durum wheat,precip2,-0.0152465747130274
HadGEM3-GC3-1LL,-3.5,-3.7835,7,SK,Durum wheat,precip2,0.00841677948784031
HadGEM3-GC3-1LL,-2.5,-2.4504,6,SK,Durum wheat,precip2,0.0123862610780035
HadGEM3-GC3-1LL,-1.5,-1.3098,8,SK,Durum wheat,precip2,-0.00204902458483614
HadGEM3-GC3-1LL,-0.5,-0.331,6,SK,Durum wheat,precip2,-0.0430154927623025
HadGEM3-GC3-1MM,-14.5,-14.3032,4,SK,Durum wheat,precip2,0.0429813038201959
HadGEM3-GC3-1MM,-13.5,-13.3931,8,SK,Durum wheat,precip2,0.040555654057635
HadGEM3-GC3-1MM,-12.5,-12.588,13,SK,Durum wheat,precip2,0.0280669431690903
HadGEM3-GC3-1MM,-11.5,-11.5321,21,SK,Durum wheat,precip2,0.0268048957931399
HadGEM3-GC3-1MM,-10.5,-10.4803,10,SK,Durum wheat,precip2,0.0263596102796696
HadGEM3-GC3-1MM,-9.5,-9.6161,7,SK,Durum wheat,precip2,0.0524016729762448
HadGEM3-GC3-1MM,-8.5,-8.6582,7,SK,Durum wheat,precip2,0.0263493921586067
HadGEM3-GC3-1MM,-7.5,-7.6345,8,SK,Durum wheat,precip2,0.0129540324744991
HadGEM3-GC3-1MM,-6.5,-6.4299,4,SK,Durum wheat,precip2,0.0269933332897152
HadGEM3-GC3-1MM,-5.5,-5.3528,4,SK,Durum wheat,precip2,0.0266030936287295
HadGEM3-GC3-1MM,-4.5,-4.3969,4,SK,Durum wheat,precip2,0.0218148751639081
IPSL-CM6A-LR,-9.5,-9.3401,5,SK,Durum wheat,precip2,0.0230238807253817
IPSL-CM6A-LR,-8.5,-8.4598,8,SK,Durum wheat,precip2,0.0148776351499797
IPSL-CM6A-LR,-7.5,-7.5255,19,SK,Durum wheat,precip2,0.0197179333725665
IPSL-CM6A-LR,-6.5,-6.5577,11,SK,Durum wheat,precip2,0.0293766657209153
IPSL-CM6A-LR,-5.5,-5.5623,13,SK,Durum wheat,precip2,0.0199305204518266
IPSL-CM6A-LR,-4.5,-4.3507,11,SK,Durum wheat,precip2,0.00490810056094137
IPSL-CM6A-LR,-3.5,-3.4644,8,SK,Durum wheat,precip2,-0.00980156266455664
IPSL-CM6A-LR,-2.5,-2.5669,9,SK,Durum wheat,precip2,0.0191919928139097
IPSL-CM6A-LR,-1.5,-1.2909,6,SK,Durum wheat,precip2,0.0278346972789514
IPSL-CM6A-LR,-0.5,-0.6347,8,SK,Durum wheat,precip2,0.0036540023233097
EC-Earth3,-9.5,-9.1554,4,CZ,Spring barley,precip2,-0.0637013729364557
EC-Earth3,-8.5,-8.4726,15,CZ,Spring barley,precip2,0.00246270244943923
EC-Earth3,-7.5,-7.5562,20,CZ,Spring barley,precip2,0.00659083691703535
EC-Earth3,-6.5,-6.4767,21,CZ,Spring barley,precip2,0.0468100342326195
EC-Earth3,-5.5,-5.3342,8,CZ,Spring barley,precip2,0.0180974467764056
EC-Earth3,-4.5,-4.5495,8,CZ,Spring barley,precip2,0.0180072810722743
EC-Earth3,-3.5,-3.3459,9,CZ,Spring barley,precip2,0.0653809908562764
EC-Earth3,-2.5,-2.4493,5,CZ,Spring barley,precip2,5.78725922426014e-05
EC-Earth3,-1.5,-1.3807,6,CZ,Spring barley,precip2,0.00478317437554346
EC-Earth3,-0.5,-0.6596,3,CZ,Spring barley,precip2,0.0362196640452592
HadGEM3-GC3-1LL,-8.5,-8.3848,12,CZ,Spring barley,precip2,0.0413946823815133
HadGEM3-GC3-1LL,-7.5,-7.5599,19,CZ,Spring barley,precip2,0.0380695900911026
HadGEM3-GC3-1LL,-6.5,-6.5442,24,CZ,Spring barley,precip2,0.000848407946795918
HadGEM3-GC3-1LL,-5.5,-5.5797,10,CZ,Spring barley,precip2,0.0153887540527998
HadGEM3-GC3-1LL,-4.5,-4.5263,6,CZ,Spring barley,precip2,0.0153845676375959
HadGEM3-GC3-1LL,-3.5,-3.7835,7,CZ,Spring barley,precip2,0.0113586275070034
HadGEM3-GC3-1LL,-2.5,-2.4504,6,CZ,Spring barley,precip2,-0.00644507036189326
HadGEM3-GC3-1LL,-1.5,-1.3098,8,CZ,Spring barley,precip2,-0.0116657433702679
HadGEM3-GC3-1LL,-0.5,-0.331,6,CZ,Spring barley,precip2,-0.0577352544022477
HadGEM3-GC3-1MM,-14.5,-14.3032,4,CZ,Spring barley,precip2,0.0120768982689404
HadGEM3-GC3-1MM,-13.5,-13.3931,8,CZ,Spring barley,precip2,0.0336591172060765
HadGEM3-GC3-1MM,-12.5,-12.588,13,CZ,Spring barley,precip2,0.0334210939778464
HadGEM3-GC3-1MM,-11.5,-11.5321,21,CZ,Spring barley,precip2,0.00219858953462728
HadGEM3-GC3-1MM,-10.5,-10.4803,10,CZ,Spring barley,precip2,-0.00774883872656916
HadGEM3-GC3-1MM,-9.5,-9.6161,7,CZ,Spring barley,precip2,0.0818382524816924
HadGEM3-GC3-1MM,-8.5,-8.6582,7,CZ,Spring barley,precip2,0.013566289306463
HadGEM3-GC3-1MM,-7.5,-7.6345,8,CZ,Spring barley,precip2,0.0110726644965858
HadGEM3-GC3-1MM,-6.5,-6.4299,4,CZ,Spring barley,precip2,0.0578303264908989
HadGEM3-GC3-1MM,-5.5,-5.3528,4,CZ,Spring barley,precip2,0.0443109634771621
HadGEM3-GC3-1MM,-4.5,-4.3969,4,CZ,Spring barley,precip2,0.0394424525329397
IPSL-CM6A-LR,-9.5,-9.3401,5,CZ,Spring barley,precip2,0.0140614587001033
IPSL-CM6A-LR,-8.5,-8.4598,8,CZ,Spring barley,precip2,0.0249442835487939
IPSL-CM6A-LR,-7.5,-7.5255,19,CZ,Spring barley,precip2,0.0317375276335461
IPSL-CM6A-LR,-6.5,-6.5577,11,CZ,Spring barley,precip2,0.0532659784766054
IPSL-CM6A-LR,-5.5,-5.5623,13,CZ,Spring barley,precip2,0.0303891346468007
IPSL-CM6A-LR,-4.5,-4.3507,11,CZ,Spring barley,precip2,0.0130368870456618
IPSL-CM6A-LR,-3.5,-3.4644,8,CZ,Spring barley,precip2,-0.0362864927972926
IPSL-CM6A-LR,-2.5,-2.5669,9,CZ,Spring barley,precip2,0.0321430077233315
IPSL-CM6A-LR,-1.5,-1.2909,6,CZ,Spring barley,precip2,0.0531513588819231
IPSL-CM6A-LR,-0.5,-0.6347,8,CZ,Spring barley,precip2,-0.0206010637989572
EC-Earth3,-9.5,-9.1554,4,DE,Spring barley,precip2,-0.0294217254837802
EC-Earth3,-8.5,-8.4726,15,DE,Spring barley,precip2,0.0553231699218303
EC-Earth3,-7.5,-7.5562,20,DE,Spring barley,precip2,0.0451230491765477
EC-Earth3,-6.5,-6.4767,21,DE,Spring barley,precip2,0.0765151341769568
EC-Earth3,-5.5,-5.3342,8,DE,Spring barley,precip2,0.0318301857022829
EC-Earth3,-4.5,-4.5495,8,DE,Spring barley,precip2,0.0557026995379636
EC-Earth3,-3.5,-3.3459,9,DE,Spring barley,precip2,0.084498247369274
EC-Earth3,-2.5,-2.4493,5,DE,Spring barley,precip2,0.0609399236147775
EC-Earth3,-1.5,-1.3807,6,DE,Spring barley,precip2,0.0434587908024979
EC-Earth3,-0.5,-0.6596,3,DE,Spring barley,precip2,0.00468524174056534
HadGEM3-GC3-1LL,-8.5,-8.3848,12,DE,Spring barley,precip2,0.0584599388265359
HadGEM3-GC3-1LL,-7.5,-7.5599,19,DE,Spring barley,precip2,0.0326661534979361
HadGEM3-GC3-1LL,-6.5,-6.5442,24,DE,Spring barley,precip2,0.0461212336959905
HadGEM3-GC3-1LL,-5.5,-5.5797,10,DE,Spring barley,precip2,0.0369197253137678
HadGEM3-GC3-1LL,-4.5,-4.5263,6,DE,Spring barley,precip2,0.0619596797397912
HadGEM3-GC3-1LL,-3.5,-3.7835,7,DE,Spring barley,precip2,0.0236702703230294
HadGEM3-GC3-1LL,-2.5,-2.4504,6,DE,Spring barley,precip2,0.0261464769103907
HadGEM3-GC3-1LL,-1.5,-1.3098,8,DE,Spring barley,precip2,-0.0400131618835781
HadGEM3-GC3-1LL,-0.5,-0.331,6,DE,Spring barley,precip2,0.00524006415512663
HadGEM3-GC3-1MM,-14.5,-14.3032,4,DE,Spring barley,precip2,-0.0806311090969562
HadGEM3-GC3-1MM,-13.5,-13.3931,8,DE,Spring barley,precip2,-0.102984221393021
HadGEM3-GC3-1MM,-12.5,-12.588,13,DE,Spring barley,precip2,-0.0444737978119536
HadGEM3-GC3-1MM,-11.5,-11.5321,21,DE,Spring barley,precip2,-0.0354816106190246
HadGEM3-GC3-1MM,-10.5,-10.4803,10,DE,Spring barley,precip2,-0.0196619825434466
HadGEM3-GC3-1MM,-9.5,-9.6161,7,DE,Spring barley,precip2,0.0656710184211995
HadGEM3-GC3-1MM,-8.5,-8.6582,7,DE,Spring barley,precip2,0.0235897942240451
HadGEM3-GC3-1MM,-7.5,-7.6345,8,DE,Spring barley,precip2,-0.00616946708700874
HadGEM3-GC3-1MM,-6.5,-6.4299,4,DE,Spring barley,precip2,0.0239729424437663
HadGEM3-GC3-1MM,-5.5,-5.3528,4,DE,Spring barley,precip2,0.00425223038252737
HadGEM3-GC3-1MM,-4.5,-4.3969,4,DE,Spring barley,precip2,0.0615583402699723
IPSL-CM6A-LR,-9.5,-9.3401,5,DE,Spring barley,precip2,0.036087017589541
IPSL-CM6A-LR,-8.5,-8.4598,8,DE,Spring barley,precip2,0.0343815318273694
IPSL-CM6A-LR,-7.5,-7.5255,19,DE,Spring barley,precip2,0.0449196268385046
IPSL-CM6A-LR,-6.5,-6.5577,11,DE,Spring barley,precip2,0.0723988005353303
IPSL-CM6A-LR,-5.5,-5.5623,13,DE,Spring barley,precip2,0.0688837977782599
IPSL-CM6A-LR,-4.5,-4.3507,11,DE,Spring barley,precip2,0.0225307152287607
IPSL-CM6A-LR,-3.5,-3.4644,8,DE,Spring barley,precip2,-0.0046429760516674
IPSL-CM6A-LR,-2.5,-2.5669,9,DE,Spring barley,precip2,0.0588247709902927
IPSL-CM6A-LR,-1.5,-1.2909,6,DE,Spring barley,precip2,0.0354621529181139
IPSL-CM6A-LR,-0.5,-0.6347,8,DE,Spring barley,precip2,-0.00939944476582277
EC-Earth3,-9.5,-9.1554,4,DK,Spring barley,precip2,0.0195226475872352
EC-Earth3,-8.5,-8.4726,15,DK,Spring barley,precip2,0.0342263919224961
EC-Earth3,-7.5,-7.5562,20,DK,Spring barley,precip2,0.043917246873894
EC-Earth3,-6.5,-6.4767,21,DK,Spring barley,precip2,0.0516785568069739
EC-Earth3,-5.5,-5.3342,8,DK,Spring barley,precip2,0.0461820225649354
EC-Earth3,-4.5,-4.5495,8,DK,Spring barley,precip2,0.0492080992384805
EC-Earth3,-3.5,-3.3459,9,DK,Spring barley,precip2,0.075597210009909
EC-Earth3,-2.5,-2.4493,5,DK,Spring barley,precip2,0.0297922421396714
EC-Earth3,-1.5,-1.3807,6,DK,Spring barley,precip2,0.0348240503434273
EC-Earth3,-0.5,-0.6596,3,DK,Spring barley,precip2,-0.0574233001185929
HadGEM3-GC3-1LL,-8.5,-8.3848,12,DK,Spring barley,precip2,0.0513063370182022
HadGEM3-GC3-1LL,-7.5,-7.5599,19,DK,Spring barley,precip2,0.0287380831253636
HadGEM3-GC3-1LL,-6.5,-6.5442,24,DK,Spring barley,precip2,0.0524158962741153
HadGEM3-GC3-1LL,-5.5,-5.5797,10,DK,Spring barley,precip2,0.0387414755946314
HadGEM3-GC3-1LL,-4.5,-4.5263,6,DK,Spring barley,precip2,0.0399840771861126
HadGEM3-GC3-1LL,-3.5,-3.7835,7,DK,Spring barley,precip2,0.00939188662383398
HadGEM3-GC3-1LL,-2.5,-2.4504,6,DK,Spring barley,precip2,-0.000344092057617646
HadGEM3-GC3-1LL,-1.5,-1.3098,8,DK,Spring barley,precip2,-0.068575925285429
HadGEM3-GC3-1LL,-0.5,-0.331,6,DK,Spring barley,precip2,0.0229646317673417
HadGEM3-GC3-1MM,-14.5,-14.3032,4,DK,Spring barley,precip2,-0.249066893607751
HadGEM3-GC3-1MM,-13.5,-13.3931,8,DK,Spring barley,precip2,-0.168949200860985
HadGEM3-GC3-1MM,-12.5,-12.588,13,DK,Spring barley,precip2,-0.196730207909815
HadGEM3-GC3-1MM,-11.5,-11.5321,21,DK,Spring barley,precip2,-0.207724122810006
HadGEM3-GC3-1MM,-10.5,-10.4803,10,DK,Spring barley,precip2,-0.172519804320409
HadGEM3-GC3-1MM,-9.5,-9.6161,7,DK,Spring barley,precip2,-0.0423701711350897
HadGEM3-GC3-1MM,-8.5,-8.6582,7,DK,Spring barley,precip2,-0.0145753550237521
HadGEM3-GC3-1MM,-7.5,-7.6345,8,DK,Spring barley,precip2,-0.04531834416456
HadGEM3-GC3-1MM,-6.5,-6.4299,4,DK,Spring barley,precip2,0.0631896638056156
HadGEM3-GC3-1MM,-5.5,-5.3528,4,DK,Spring barley,precip2,0.0167046032731498
HadGEM3-GC3-1MM,-4.5,-4.3969,4,DK,Spring barley,precip2,0.0741991070150185
IPSL-CM6A-LR,-9.5,-9.3401,5,DK,Spring barley,precip2,-0.0870263099331768
IPSL-CM6A-LR,-8.5,-8.4598,8,DK,Spring barley,precip2,-0.13835683612406
IPSL-CM6A-LR,-7.5,-7.5255,19,DK,Spring barley,precip2,-0.00066494049326079
IPSL-CM6A-LR,-6.5,-6.5577,11,DK,Spring barley,precip2,-0.0807312426917283
IPSL-CM6A-LR,-5.5,-5.5623,13,DK,Spring barley,precip2,0.0378387203433641
IPSL-CM6A-LR,-4.5,-4.3507,11,DK,Spring barley,precip2,0.00126473033810176
IPSL-CM6A-LR,-3.5,-3.4644,8,DK,Spring barley,precip2,-0.0181558013294677
IPSL-CM6A-LR,-2.5,-2.5669,9,DK,Spring barley,precip2,0.0539605413492359
IPSL-CM6A-LR,-1.5,-1.2909,6,DK,Spring barley,precip2,0.0410525220420915
IPSL-CM6A-LR,-0.5,-0.6347,8,DK,Spring barley,precip2,-0.0758454003206422
EC-Earth3,-9.5,-9.1554,4,EE,Spring barley,precip2,0.0160076677581524
EC-Earth3,-8.5,-8.4726,15,EE,Spring barley,precip2,0.0236429153664691
EC-Earth3,-7.5,-7.5562,20,EE,Spring barley,precip2,-0.00294115119610286
EC-Earth3,-6.5,-6.4767,21,EE,Spring barley,precip2,0.0145813414492872
EC-Earth3,-5.5,-5.3342,8,EE,Spring barley,precip2,0.0287186319635117
EC-Earth3,-4.5,-4.5495,8,EE,Spring barley,precip2,-0.0109966867751545
EC-Earth3,-3.5,-3.3459,9,EE,Spring barley,precip2,0.00751322379186227
EC-Earth3,-2.5,-2.4493,5,EE,Spring barley,precip2,-0.0136818833411577
EC-Earth3,-1.5,-1.3807,6,EE,Spring barley,precip2,0.0238394540214725
EC-Earth3,-0.5,-0.6596,3,EE,Spring barley,precip2,0.0213534150458194
HadGEM3-GC3-1LL,-8.5,-8.3848,12,EE,Spring barley,precip2,0.0176112524843529
HadGEM3-GC3-1LL,-7.5,-7.5599,19,EE,Spring barley,precip2,-0.00421384961953276
HadGEM3-GC3-1LL,-6.5,-6.5442,24,EE,Spring barley,precip2,0.0187762552688468
HadGEM3-GC3-1LL,-5.5,-5.5797,10,EE,Spring barley,precip2,0.0249117699554458
HadGEM3-GC3-1LL,-4.5,-4.5263,6,EE,Spring barley,precip2,0.0166168334016053
HadGEM3-GC3-1LL,-3.5,-3.7835,7,EE,Spring barley,precip2,-0.0163371379238261
HadGEM3-GC3-1LL,-2.5,-2.4504,6,EE,Spring barley,precip2,-0.0546298440237576
HadGEM3-GC3-1LL,-1.5,-1.3098,8,EE,Spring barley,precip2,-0.0862300392319299
HadGEM3-GC3-1LL,-0.5,-0.331,6,EE,Spring barley,precip2,-0.00837629245122296
HadGEM3-GC3-1MM,-14.5,-14.3032,4,EE,Spring barley,precip2,-0.162636665493104
HadGEM3-GC3-1MM,-13.5,-13.3931,8,EE,Spring barley,precip2,-0.152808622260763
HadGEM3-GC3-1MM,-12.5,-12.588,13,EE,Spring barley,precip2,-0.182612997196634
HadGEM3-GC3-1MM,-11.5,-11.5321,21,EE,Spring barley,precip2,-0.154005851367542
HadGEM3-GC3-1MM,-10.5,-10.4803,10,EE,Spring barley,precip2,-0.22142840035168
HadGEM3-GC3-1MM,-9.5,-9.6161,7,EE,Spring barley,precip2,-0.0532782276390563
HadGEM3-GC3-1MM,-8.5,-8.6582,7,EE,Spring barley,precip2,-0.0772761787361916
HadGEM3-GC3-1MM,-7.5,-7.6345,8,EE,Spring barley,precip2,-0.109419602181444
HadGEM3-GC3-1MM,-6.5,-6.4299,4,EE,Spring barley,precip2,0.00860585878907178
HadGEM3-GC3-1MM,-5.5,-5.3528,4,EE,Spring barley,precip2,-0.0168553948551348
HadGEM3-GC3-1MM,-4.5,-4.3969,4,EE,Spring barley,precip2,0.00155845837185315
IPSL-CM6A-LR,-9.5,-9.3401,5,EE,Spring barley,precip2,-0.122704640627891
IPSL-CM6A-LR,-8.5,-8.4598,8,EE,Spring barley,precip2,-0.11562001440368
IPSL-CM6A-LR,-7.5,-7.5255,19,EE,Spring barley,precip2,-0.0615462842811801
IPSL-CM6A-LR,-6.5,-6.5577,11,EE,Spring barley,precip2,-0.0309193998406958
IPSL-CM6A-LR,-5.5,-5.5623,13,EE,Spring barley,precip2,-0.0192780836241679
IPSL-CM6A-LR,-4.5,-4.3507,11,EE,Spring barley,precip2,-0.0276196022723476
IPSL-CM6A-LR,-3.5,-3.4644,8,EE,Spring barley,precip2,0.0029020482478965
IPSL-CM6A-LR,-2.5,-2.5669,9,EE,Spring barley,precip2,0.000975343111816485
IPSL-CM6A-LR,-1.5,-1.2909,6,EE,Spring barley,precip2,0.0292951324298814
IPSL-CM6A-LR,-0.5,-0.6347,8,EE,Spring barley,precip2,0.00369672161157692
EC-Earth3,-9.5,-9.1554,4,ES,Spring barley,precip2,0.0382451085009067
EC-Earth3,-8.5,-8.4726,15,ES,Spring barley,precip2,0.0385759773898013
EC-Earth3,-7.5,-7.5562,20,ES,Spring barley,precip2,0.0260208014024698
EC-Earth3,-6.5,-6.4767,21,ES,Spring barley,precip2,0.0390795813733291
EC-Earth3,-5.5,-5.3342,8,ES,Spring barley,precip2,0.0394795583421172
EC-Earth3,-4.5,-4.5495,8,ES,Spring barley,precip2,0.0457664571901896
EC-Earth3,-3.5,-3.3459,9,ES,Spring barley,precip2,0.0138309935000457
EC-Earth3,-2.5,-2.4493,5,ES,Spring barley,precip2,0.0303797012280539
EC-Earth3,-1.5,-1.3807,6,ES,Spring barley,precip2,0.0081122589509068
EC-Earth3,-0.5,-0.6596,3,ES,Spring barley,precip2,0.0294727720967036
HadGEM3-GC3-1LL,-8.5,-8.3848,12,ES,Spring barley,precip2,0.0370873445719518
HadGEM3-GC3-1LL,-7.5,-7.5599,19,ES,Spring barley,precip2,0.0268964163902325
HadGEM3-GC3-1LL,-6.5,-6.5442,24,ES,Spring barley,precip2,0.0268001730586407
HadGEM3-GC3-1LL,-5.5,-5.5797,10,ES,Spring barley,precip2,0.0182179753598714
HadGEM3-GC3-1LL,-4.5,-4.5263,6,ES,Spring barley,precip2,0.0401566143033771
HadGEM3-GC3-1LL,-3.5,-3.7835,7,ES,Spring barley,precip2,0.0300012763212373
HadGEM3-GC3-1LL,-2.5,-2.4504,6,ES,Spring barley,precip2,0.0300964020549819
HadGEM3-GC3-1LL,-1.5,-1.3098,8,ES,Spring barley,precip2,0.010849283291835
HadGEM3-GC3-1LL,-0.5,-0.331,6,ES,Spring barley,precip2,0.0214890130767034
HadGEM3-GC3-1MM,-14.5,-14.3032,4,ES,Spring barley,precip2,0.0380778192633496
HadGEM3-GC3-1MM,-13.5,-13.3931,8,ES,Spring barley,precip2,0.022269316801783
HadGEM3-GC3-1MM,-12.5,-12.588,13,ES,Spring barley,precip2,0.0317679634045899
HadGEM3-GC3-1MM,-11.5,-11.5321,21,ES,Spring barley,precip2,0.0443816240643272
HadGEM3-GC3-1MM,-10.5,-10.4803,10,ES,Spring barley,precip2,0.0491911778153444
HadGEM3-GC3-1MM,-9.5,-9.6161,7,ES,Spring barley,precip2,0.0381444815894786
HadGEM3-GC3-1MM,-8.5,-8.6582,7,ES,Spring barley,precip2,0.0279053244819515
HadGEM3-GC3-1MM,-7.5,-7.6345,8,ES,Spring barley,precip2,0.0477347615258204
HadGEM3-GC3-1MM,-6.5,-6.4299,4,ES,Spring barley,precip2,0.0348226373259374
HadGEM3-GC3-1MM,-5.5,-5.3528,4,ES,Spring barley,precip2,0.024362238765267
HadGEM3-GC3-1MM,-4.5,-4.3969,4,ES,Spring barley,precip2,-0.030780779984917
IPSL-CM6A-LR,-9.5,-9.3401,5,ES,Spring barley,precip2,0.0378455471246814
IPSL-CM6A-LR,-8.5,-8.4598,8,ES,Spring barley,precip2,0.0452861075495087
IPSL-CM6A-LR,-7.5,-7.5255,19,ES,Spring barley,precip2,0.0398463161631167
IPSL-CM6A-LR,-6.5,-6.5577,11,ES,Spring barley,precip2,0.0397822550586086
IPSL-CM6A-LR,-5.5,-5.5623,13,ES,Spring barley,precip2,0.038399684011429
IPSL-CM6A-LR,-4.5,-4.3507,11,ES,Spring barley,precip2,0.0385564147926318
IPSL-CM6A-LR,-3.5,-3.4644,8,ES,Spring barley,precip2,0.0403808174329178
IPSL-CM6A-LR,-2.5,-2.5669,9,ES,Spring barley,precip2,-0.000659632657689088
IPSL-CM6A-LR,-1.5,-1.2909,6,ES,Spring barley,precip2,0.0220334352396372
IPSL-CM6A-LR,-0.5,-0.6347,8,ES,Spring barley,precip2,0.023786874503946
EC-Earth3,-9.5,-9.1554,4,FI,Spring barley,precip2,-0.0131243575470736
EC-Earth3,-8.5,-8.4726,15,FI,Spring barley,precip2,-0.00529353131156806
EC-Earth3,-7.5,-7.5562,20,FI,Spring barley,precip2,0.00183435579283449
EC-Earth3,-6.5,-6.4767,21,FI,Spring barley,precip2,0.00645237583185948
EC-Earth3,-5.5,-5.3342,8,FI,Spring barley,precip2,0.0181844437660469
EC-Earth3,-4.5,-4.5495,8,FI,Spring barley,precip2,-0.0179513205387468
EC-Earth3,-3.5,-3.3459,9,FI,Spring barley,precip2,-0.0110363886445589
EC-Earth3,-2.5,-2.4493,5,FI,Spring barley,precip2,-0.0678363095034803
EC-Earth3,-1.5,-1.3807,6,FI,Spring barley,precip2,0.00597458271881844
EC-Earth3,-0.5,-0.6596,3,FI,Spring barley,precip2,0.00164939811148612
HadGEM3-GC3-1LL,-8.5,-8.3848,12,FI,Spring barley,precip2,0.00122439669172584
HadGEM3-GC3-1LL,-7.5,-7.5599,19,FI,Spring barley,precip2,0.0045666965900144
HadGEM3-GC3-1LL,-6.5,-6.5442,24,FI,Spring barley,precip2,0.00758012165004164
HadGEM3-GC3-1LL,-5.5,-5.5797,10,FI,Spring barley,precip2,0.0212478284864286
HadGEM3-GC3-1LL,-4.5,-4.5263,6,FI,Spring barley,precip2,0.00312604910432303
HadGEM3-GC3-1LL,-3.5,-3.7835,7,FI,Spring barley,precip2,-0.0259059521723642
HadGEM3-GC3-1LL,-2.5,-2.4504,6,FI,Spring barley,precip2,-0.0254314468093697
HadGEM3-GC3-1LL,-1.5,-1.3098,8,FI,Spring barley,precip2,-0.0654579658484734
HadGEM3-GC3-1LL,-0.5,-0.331,6,FI,Spring barley,precip2,-0.00104220904684866
HadGEM3-GC3-1MM,-14.5,-14.3032,4,FI,Spring barley,precip2,-0.15859718205744
HadGEM3-GC3-1MM,-13.5,-13.3931,8,FI,Spring barley,precip2,-0.117730018622842
HadGEM3-GC3-1MM,-12.5,-12.588,13,FI,Spring barley,precip2,-0.146975346060655
HadGEM3-GC3-1MM,-11.5,-11.5321,21,FI,Spring barley,precip2,-0.150699958068583
HadGEM3-GC3-1MM,-10.5,-10.4803,10,FI,Spring barley,precip2,-0.143050051308128
HadGEM3-GC3-1MM,-9.5,-9.6161,7,FI,Spring barley,precip2,-0.103102470984623
HadGEM3-GC3-1MM,-8.5,-8.6582,7,FI,Spring barley,precip2,-0.13048330912688
HadGEM3-GC3-1MM,-7.5,-7.6345,8,FI,Spring barley,precip2,-0.103214138448681
HadGEM3-GC3-1MM,-6.5,-6.4299,4,FI,Spring barley,precip2,-0.0132600411213973
HadGEM3-GC3-1MM,-5.5,-5.3528,4,FI,Spring barley,precip2,-0.0235377979929696
HadGEM3-GC3-1MM,-4.5,-4.3969,4,FI,Spring barley,precip2,0.00497700194806967
IPSL-CM6A-LR,-9.5,-9.3401,5,FI,Spring barley,precip2,-0.08507528166528
IPSL-CM6A-LR,-8.5,-8.4598,8,FI,Spring barley,precip2,-0.135933591050597
IPSL-CM6A-LR,-7.5,-7.5255,19,FI,Spring barley,precip2,-0.0970980470263537
IPSL-CM6A-LR,-6.5,-6.5577,11,FI,Spring barley,precip2,-0.0596530063761088
IPSL-CM6A-LR,-5.5,-5.5623,13,FI,Spring barley,precip2,-0.00601029920930089
IPSL-CM6A-LR,-4.5,-4.3507,11,FI,Spring barley,precip2,-0.0120830984235394
IPSL-CM6A-LR,-3.5,-3.4644,8,FI,Spring barley,precip2,0.00213922175570102
IPSL-CM6A-LR,-2.5,-2.5669,9,FI,Spring barley,precip2,0.010774412877174
IPSL-CM6A-LR,-1.5,-1.2909,6,FI,Spring barley,precip2,0.0025275098552619
IPSL-CM6A-LR,-0.5,-0.6347,8,FI,Spring barley,precip2,-0.0171503659560211
EC-Earth3,-9.5,-9.1554,4,FR,Spring barley,precip2,-0.00398080680063481
EC-Earth3,-8.5,-8.4726,15,FR,Spring barley,precip2,0.0840923357128071
EC-Earth3,-7.5,-7.5562,20,FR,Spring barley,precip2,0.0375170352736152
EC-Earth3,-6.5,-6.4767,21,FR,Spring barley,precip2,0.0766681149729918
EC-Earth3,-5.5,-5.3342,8,FR,Spring barley,precip2,0.0199444057497305
EC-Earth3,-4.5,-4.5495,8,FR,Spring barley,precip2,0.0822930665987934
EC-Earth3,-3.5,-3.3459,9,FR,Spring barley,precip2,0.0677625278119275
EC-Earth3,-2.5,-2.4493,5,FR,Spring barley,precip2,0.0624205985059624
EC-Earth3,-1.5,-1.3807,6,FR,Spring barley,precip2,0.0458845855379997
EC-Earth3,-0.5,-0.6596,3,FR,Spring barley,precip2,-0.00980219270852315
HadGEM3-GC3-1LL,-8.5,-8.3848,12,FR,Spring barley,precip2,0.0648033534321034
HadGEM3-GC3-1LL,-7.5,-7.5599,19,FR,Spring barley,precip2,0.0345325712258635
HadGEM3-GC3-1LL,-6.5,-6.5442,24,FR,Spring barley,precip2,0.0650481443002338
HadGEM3-GC3-1LL,-5.5,-5.5797,10,FR,Spring barley,precip2,0.00694538843040055
HadGEM3-GC3-1LL,-4.5,-4.5263,6,FR,Spring barley,precip2,0.0944133450667429
HadGEM3-GC3-1LL,-3.5,-3.7835,7,FR,Spring barley,precip2,0.024825124018704
HadGEM3-GC3-1LL,-2.5,-2.4504,6,FR,Spring barley,precip2,0.0719005622366596
HadGEM3-GC3-1LL,-1.5,-1.3098,8,FR,Spring barley,precip2,-0.0307177595061218
HadGEM3-GC3-1LL,-0.5,-0.331,6,FR,Spring barley,precip2,0.0228644891235075
HadGEM3-GC3-1MM,-14.5,-14.3032,4,FR,Spring barley,precip2,-0.080828112881643
HadGEM3-GC3-1MM,-13.5,-13.3931,8,FR,Spring barley,precip2,-0.102850054874547
HadGEM3-GC3-1MM,-12.5,-12.588,13,FR,Spring barley,precip2,-0.0612142220056944
HadGEM3-GC3-1MM,-11.5,-11.5321,21,FR,Spring barley,precip2,-0.00632457118620317
HadGEM3-GC3-1MM,-10.5,-10.4803,10,FR,Spring barley,precip2,0.0541328691458236
HadGEM3-GC3-1MM,-9.5,-9.6161,7,FR,Spring barley,precip2,0.050144441563036
HadGEM3-GC3-1MM,-8.5,-8.6582,7,FR,Spring barley,precip2,0.049881169391365
HadGEM3-GC3-1MM,-7.5,-7.6345,8,FR,Spring barley,precip2,0.036527739545064
HadGEM3-GC3-1MM,-6.5,-6.4299,4,FR,Spring barley,precip2,0.0463352574399012
HadGEM3-GC3-1MM,-5.5,-5.3528,4,FR,Spring barley,precip2,-0.0187759778232513
HadGEM3-GC3-1MM,-4.5,-4.3969,4,FR,Spring barley,precip2,0.00385974768894296
IPSL-CM6A-LR,-9.5,-9.3401,5,FR,Spring barley,precip2,0.0656451304418337
IPSL-CM6A-LR,-8.5,-8.4598,8,FR,Spring barley,precip2,0.0524345482888337
IPSL-CM6A-LR,-7.5,-7.5255,19,FR,Spring barley,precip2,0.0691889228568318
IPSL-CM6A-LR,-6.5,-6.5577,11,FR,Spring barley,precip2,0.09115097565354
IPSL-CM6A-LR,-5.5,-5.5623,13,FR,Spring barley,precip2,0.0721595905449886
IPSL-CM6A-LR,-4.5,-4.3507,11,FR,Spring barley,precip2,0.0422344882829591
IPSL-CM6A-LR,-3.5,-3.4644,8,FR,Spring barley,precip2,0.0527255161210911
IPSL-CM6A-LR,-2.5,-2.5669,9,FR,Spring barley,precip2,0.0691262678813655
IPSL-CM6A-LR,-1.5,-1.2909,6,FR,Spring barley,precip2,-0.00204708293222094
IPSL-CM6A-LR,-0.5,-0.6347,8,FR,Spring barley,precip2,-0.0149010230458586
EC-Earth3,-9.5,-9.1554,4,HU,Spring barley,precip2,-0.0418807950159763
EC-Earth3,-8.5,-8.4726,15,HU,Spring barley,precip2,-0.0331236705192792
EC-Earth3,-7.5,-7.5562,20,HU,Spring barley,precip2,-0.0209393660867571
EC-Earth3,-6.5,-6.4767,21,HU,Spring barley,precip2,0.0195027430447484
EC-Earth3,-5.5,-5.3342,8,HU,Spring barley,precip2,0.0373769678845651
EC-Earth3,-4.5,-4.5495,8,HU,Spring barley,precip2,-0.00511521148565392
EC-Earth3,-3.5,-3.3459,9,HU,Spring barley,precip2,-0.0123215543418373
EC-Earth3,-2.5,-2.4493,5,HU,Spring barley,precip2,0.0535919541473593
EC-Earth3,-1.5,-1.3807,6,HU,Spring barley,precip2,-0.0536073619577392
EC-Earth3,-0.5,-0.6596,3,HU,Spring barley,precip2,0.0410991189290123
HadGEM3-GC3-1LL,-8.5,-8.3848,12,HU,Spring barley,precip2,0.023496805082705
HadGEM3-GC3-1LL,-7.5,-7.5599,19,HU,Spring barley,precip2,0.0295447743826761
HadGEM3-GC3-1LL,-6.5,-6.5442,24,HU,Spring barley,precip2,-0.0093279706480177
HadGEM3-GC3-1LL,-5.5,-5.5797,10,HU,Spring barley,precip2,0.0171004988239732
HadGEM3-GC3-1LL,-4.5,-4.5263,6,HU,Spring barley,precip2,-0.0356604255715998
HadGEM3-GC3-1LL,-3.5,-3.7835,7,HU,Spring barley,precip2,-0.000285594952268718
HadGEM3-GC3-1LL,-2.5,-2.4504,6,HU,Spring barley,precip2,0.018436278216422
HadGEM3-GC3-1LL,-1.5,-1.3098,8,HU,Spring barley,precip2,0.0117319933641199
HadGEM3-GC3-1LL,-0.5,-0.331,6,HU,Spring barley,precip2,-0.028798206188014
HadGEM3-GC3-1MM,-14.5,-14.3032,4,HU,Spring barley,precip2,0.0670469711923352
HadGEM3-GC3-1MM,-13.5,-13.3931,8,HU,Spring barley,precip2,0.0493484524694837
HadGEM3-GC3-1MM,-12.5,-12.588,13,HU,Spring barley,precip2,0.0368875678553291
HadGEM3-GC3-1MM,-11.5,-11.5321,21,HU,Spring barley,precip2,0.0345336432201695
HadGEM3-GC3-1MM,-10.5,-10.4803,10,HU,Spring barley,precip2,0.0281227186168597
HadGEM3-GC3-1MM,-9.5,-9.6161,7,HU,Spring barley,precip2,0.0549175530151529
HadGEM3-GC3-1MM,-8.5,-8.6582,7,HU,Spring barley,precip2,0.0383074370525092
HadGEM3-GC3-1MM,-7.5,-7.6345,8,HU,Spring barley,precip2,-0.00286810983371609
HadGEM3-GC3-1MM,-6.5,-6.4299,4,HU,Spring barley,precip2,0.0193517076413632
HadGEM3-GC3-1MM,-5.5,-5.3528,4,HU,Spring barley,precip2,0.0326091450471301
HadGEM3-GC3-1MM,-4.5,-4.3969,4,HU,Spring barley,precip2,0.000239480384808683
IPSL-CM6A-LR,-9.5,-9.3401,5,HU,Spring barley,precip2,0.0217378103930048
IPSL-CM6A-LR,-8.5,-8.4598,8,HU,Spring barley,precip2,0.0270278594865957
IPSL-CM6A-LR,-7.5,-7.5255,19,HU,Spring barley,precip2,0.0265559539163608
IPSL-CM6A-LR,-6.5,-6.5577,11,HU,Spring barley,precip2,0.0377327410398013
IPSL-CM6A-LR,-5.5,-5.5623,13,HU,Spring barley,precip2,0.0267686492031162
IPSL-CM6A-LR,-4.5,-4.3507,11,HU,Spring barley,precip2,0.0139368136406216
IPSL-CM6A-LR,-3.5,-3.4644,8,HU,Spring barley,precip2,-0.0080838676852955
IPSL-CM6A-LR,-2.5,-2.5669,9,HU,Spring barley,precip2,0.0290849505925898
IPSL-CM6A-LR,-1.5,-1.2909,6,HU,Spring barley,precip2,0.029366113843839
IPSL-CM6A-LR,-0.5,-0.6347,8,HU,Spring barley,precip2,0.0268011789283152
EC-Earth3,-9.5,-9.1554,4,LT,Spring barley,precip2,0.00650159434711218
EC-Earth3,-8.5,-8.4726,15,LT,Spring barley,precip2,0.042106638676139
EC-Earth3,-7.5,-7.5562,20,LT,Spring barley,precip2,0.0253629121372385
EC-Earth3,-6.5,-6.4767,21,LT,Spring barley,precip2,0.0268208543012349
EC-Earth3,-5.5,-5.3342,8,LT,Spring barley,precip2,0.0240387484853072
EC-Earth3,-4.5,-4.5495,8,LT,Spring barley,precip2,0.00176007063967432
EC-Earth3,-3.5,-3.3459,9,LT,Spring barley,precip2,0.0437373680753989
EC-Earth3,-2.5,-2.4493,5,LT,Spring barley,precip2,0.0197944347499977
EC-Earth3,-1.5,-1.3807,6,LT,Spring barley,precip2,0.0446354505831714
EC-Earth3,-0.5,-0.6596,3,LT,Spring barley,precip2,0.0462299172393144
HadGEM3-GC3-1LL,-8.5,-8.3848,12,LT,Spring barley,precip2,0.0408423056091047
HadGEM3-GC3-1LL,-7.5,-7.5599,19,LT,Spring barley,precip2,0.026370240274708
HadGEM3-GC3-1LL,-6.5,-6.5442,24,LT,Spring barley,precip2,0.0361010292995055
HadGEM3-GC3-1LL,-5.5,-5.5797,10,LT,Spring barley,precip2,0.0481621692672938
HadGEM3-GC3-1LL,-4.5,-4.5263,6,LT,Spring barley,precip2,0.0158652932092526
HadGEM3-GC3-1LL,-3.5,-3.7835,7,LT,Spring barley,precip2,0.00781989066366833
HadGEM3-GC3-1LL,-2.5,-2.4504,6,LT,Spring barley,precip2,-0.0331490119813785
HadGEM3-GC3-1LL,-1.5,-1.3098,8,LT,Spring barley,precip2,-0.0582910044191781
HadGEM3-GC3-1LL,-0.5,-0.331,6,LT,Spring barley,precip2,-0.00268221213966594
HadGEM3-GC3-1MM,-14.5,-14.3032,4,LT,Spring barley,precip2,-0.0251566240795272
HadGEM3-GC3-1MM,-13.5,-13.3931,8,LT,Spring barley,precip2,-0.0975010665013253
HadGEM3-GC3-1MM,-12.5,-12.588,13,LT,Spring barley,precip2,-0.0943272311124113
HadGEM3-GC3-1MM,-11.5,-11.5321,21,LT,Spring barley,precip2,-0.0592442853126753
HadGEM3-GC3-1MM,-10.5,-10.4803,10,LT,Spring barley,precip2,-0.137802948061677
HadGEM3-GC3-1MM,-9.5,-9.6161,7,LT,Spring barley,precip2,0.0327560176029467
HadGEM3-GC3-1MM,-8.5,-8.6582,7,LT,Spring barley,precip2,-0.00223253300041846
HadGEM3-GC3-1MM,-7.5,-7.6345,8,LT,Spring barley,precip2,-0.0206370342414831
HadGEM3-GC3-1MM,-6.5,-6.4299,4,LT,Spring barley,precip2,0.0238492290309123
HadGEM3-GC3-1MM,-5.5,-5.3528,4,LT,Spring barley,precip2,-0.00196129884923868
HadGEM3-GC3-1MM,-4.5,-4.3969,4,LT,Spring barley,precip2,0.0194376742690687
IPSL-CM6A-LR,-9.5,-9.3401,5,LT,Spring barley,precip2,-0.00834983989252958
IPSL-CM6A-LR,-8.5,-8.4598,8,LT,Spring barley,precip2,-0.0226064860410821
IPSL-CM6A-LR,-7.5,-7.5255,19,LT,Spring barley,precip2,0.0317304058205212
IPSL-CM6A-LR,-6.5,-6.5577,11,LT,Spring barley,precip2,0.0533320095646273
IPSL-CM6A-LR,-5.5,-5.5623,13,LT,Spring barley,precip2,0.0230186805774099
IPSL-CM6A-LR,-4.5,-4.3507,11,LT,Spring barley,precip2,0.0195536293393539
IPSL-CM6A-LR,-3.5,-3.4644,8,LT,Spring barley,precip2,-0.0139212422351847
IPSL-CM6A-LR,-2.5,-2.5669,9,LT,Spring barley,precip2,-0.000258851470860492
IPSL-CM6A-LR,-1.5,-1.2909,6,LT,Spring barley,precip2,0.0348457649126062
IPSL-CM6A-LR,-0.5,-0.6347,8,LT,Spring barley,precip2,0.00201410513406116
EC-Earth3,-9.5,-9.1554,4,LV,Spring barley,precip2,0.00901733462149487
EC-Earth3,-8.5,-8.4726,15,LV,Spring barley,precip2,0.0322196970230154
EC-Earth3,-7.5,-7.5562,20,LV,Spring barley,precip2,0.0116422685747482
EC-Earth3,-6.5,-6.4767,21,LV,Spring barley,precip2,0.0176787448638879
EC-Earth3,-5.5,-5.3342,8,LV,Spring barley,precip2,0.0270838245394405
EC-Earth3,-4.5,-4.5495,8,LV,Spring barley,precip2,-0.00382936334455912
EC-Earth3,-3.5,-3.3459,9,LV,Spring barley,precip2,0.0229257292186561
EC-Earth3,-2.5,-2.4493,5,LV,Spring barley,precip2,0.00543948103061665
EC-Earth3,-1.5,-1.3807,6,LV,Spring barley,precip2,0.0355051234319091
EC-Earth3,-0.5,-0.6596,3,LV,Spring barley,precip2,0.0313716531410949
HadGEM3-GC3-1LL,-8.5,-8.3848,12,LV,Spring barley,precip2,0.0304888642697662
HadGEM3-GC3-1LL,-7.5,-7.5599,19,LV,Spring barley,precip2,0.0126039451493224
HadGEM3-GC3-1LL,-6.5,-6.5442,24,LV,Spring barley,precip2,0.0235634224361691
HadGEM3-GC3-1LL,-5.5,-5.5797,10,LV,Spring barley,precip2,0.0341737639971887
HadGEM3-GC3-1LL,-4.5,-4.5263,6,LV,Spring barley,precip2,0.0180400443790481
HadGEM3-GC3-1LL,-3.5,-3.7835,7,LV,Spring barley,precip2,-0.00786001631523789
HadGEM3-GC3-1LL,-2.5,-2.4504,6,LV,Spring barley,precip2,-0.0443675525692021
HadGEM3-GC3-1LL,-1.5,-1.3098,8,LV,Spring barley,precip2,-0.0751369400159006
HadGEM3-GC3-1LL,-0.5,-0.331,6,LV,Spring barley,precip2,-0.0025608329811932
HadGEM3-GC3-1MM,-14.5,-14.3032,4,LV,Spring barley,precip2,-0.0779525660871786
HadGEM3-GC3-1MM,-13.5,-13.3931,8,LV,Spring barley,precip2,-0.137684882161368
HadGEM3-GC3-1MM,-12.5,-12.588,13,LV,Spring barley,precip2,-0.143905945827171
HadGEM3-GC3-1MM,-11.5,-11.5321,21,LV,Spring barley,precip2,-0.112221876496442
HadGEM3-GC3-1MM,-10.5,-10.4803,10,LV,Spring barley,precip2,-0.185201373568215
HadGEM3-GC3-1MM,-9.5,-9.6161,7,LV,Spring barley,precip2,-0.00614902095487051
HadGEM3-GC3-1MM,-8.5,-8.6582,7,LV,Spring barley,precip2,-0.0288719841014838
HadGEM3-GC3-1MM,-7.5,-7.6345,8,LV,Spring barley,precip2,-0.051013243015012
HadGEM3-GC3-1MM,-6.5,-6.4299,4,LV,Spring barley,precip2,0.0127110132751668
HadGEM3-GC3-1MM,-5.5,-5.3528,4,LV,Spring barley,precip2,-0.00654506997546645
HadGEM3-GC3-1MM,-4.5,-4.3969,4,LV,Spring barley,precip2,0.0042591505888929
IPSL-CM6A-LR,-9.5,-9.3401,5,LV,Spring barley,precip2,-0.059820209693446
IPSL-CM6A-LR,-8.5,-8.4598,8,LV,Spring barley,precip2,-0.0726343058195162
IPSL-CM6A-LR,-7.5,-7.5255,19,LV,Spring barley,precip2,-0.00457376751457886
IPSL-CM6A-LR,-6.5,-6.5577,11,LV,Spring barley,precip2,0.0178053434532726
IPSL-CM6A-LR,-5.5,-5.5623,13,LV,Spring barley,precip2,0.00189137323833704
IPSL-CM6A-LR,-4.5,-4.3507,11,LV,Spring barley,precip2,-0.000376611507563412
IPSL-CM6A-LR,-3.5,-3.4644,8,LV,Spring barley,precip2,-0.00709089963423788
IPSL-CM6A-LR,-2.5,-2.5669,9,LV,Spring barley,precip2,-0.0141927246689584
IPSL-CM6A-LR,-1.5,-1.2909,6,LV,Spring barley,precip2,0.0253217758520469
IPSL-CM6A-LR,-0.5,-0.6347,8,LV,Spring barley,precip2,-0.00477164881027815
EC-Earth3,-9.5,-9.1554,4,SE,Spring barley,precip2,-0.0650087208238603
EC-Earth3,-8.5,-8.4726,15,SE,Spring barley,precip2,-0.0118599696050097
EC-Earth3,-7.5,-7.5562,20,SE,Spring barley,precip2,0.0117954740365985
EC-Earth3,-6.5,-6.4767,21,SE,Spring barley,precip2,0.0327760899462747
EC-Earth3,-5.5,-5.3342,8,SE,Spring barley,precip2,0.0145080449700489
EC-Earth3,-4.5,-4.5495,8,SE,Spring barley,precip2,-0.000873075577921924
EC-Earth3,-3.5,-3.3459,9,SE,Spring barley,precip2,0.050984067610187
EC-Earth3,-2.5,-2.4493,5,SE,Spring barley,precip2,-0.0343920593401747
EC-Earth3,-1.5,-1.3807,6,SE,Spring barley,precip2,0.0238848245050525
EC-Earth3,-0.5,-0.6596,3,SE,Spring barley,precip2,-0.0475738851732973
HadGEM3-GC3-1LL,-8.5,-8.3848,12,SE,Spring barley,precip2,0.0396899420715718
HadGEM3-GC3-1LL,-7.5,-7.5599,19,SE,Spring barley,precip2,0.0175898963146151
HadGEM3-GC3-1LL,-6.5,-6.5442,24,SE,Spring barley,precip2,0.0387564254302458
HadGEM3-GC3-1LL,-5.5,-5.5797,10,SE,Spring barley,precip2,0.0472266182138557
HadGEM3-GC3-1LL,-4.5,-4.5263,6,SE,Spring barley,precip2,0.0210814735512132
HadGEM3-GC3-1LL,-3.5,-3.7835,7,SE,Spring barley,precip2,0.0108183574494138
HadGEM3-GC3-1LL,-2.5,-2.4504,6,SE,Spring barley,precip2,-0.0216306599043802
HadGEM3-GC3-1LL,-1.5,-1.3098,8,SE,Spring barley,precip2,-0.0555689295186234
HadGEM3-GC3-1LL,-0.5,-0.331,6,SE,Spring barley,precip2,-0.0225452749833994
HadGEM3-GC3-1MM,-14.5,-14.3032,4,SE,Spring barley,precip2,-0.22808680360972
HadGEM3-GC3-1MM,-13.5,-13.3931,8,SE,Spring barley,precip2,-0.137442418409727
HadGEM3-GC3-1MM,-12.5,-12.588,13,SE,Spring barley,precip2,-0.145126810721901
HadGEM3-GC3-1MM,-11.5,-11.5321,21,SE,Spring barley,precip2,-0.190614176764036
HadGEM3-GC3-1MM,-10.5,-10.4803,10,SE,Spring barley,precip2,-0.162228470252571
HadGEM3-GC3-1MM,-9.5,-9.6161,7,SE,Spring barley,precip2,-0.0498417261993624
HadGEM3-GC3-1MM,-8.5,-8.6582,7,SE,Spring barley,precip2,-0.0749046105224038
HadGEM3-GC3-1MM,-7.5,-7.6345,8,SE,Spring barley,precip2,-0.0981261066703331
HadGEM3-GC3-1MM,-6.5,-6.4299,4,SE,Spring barley,precip2,0.0451147585630341
HadGEM3-GC3-1MM,-5.5,-5.3528,4,SE,Spring barley,precip2,-0.00952390647535528
HadGEM3-GC3-1MM,-4.5,-4.3969,4,SE,Spring barley,precip2,0.0359209348491581
IPSL-CM6A-LR,-9.5,-9.3401,5,SE,Spring barley,precip2,-0.0887099763604101
IPSL-CM6A-LR,-8.5,-8.4598,8,SE,Spring barley,precip2,-0.105966003669565
IPSL-CM6A-LR,-7.5,-7.5255,19,SE,Spring barley,precip2,-0.0397613911401486
IPSL-CM6A-LR,-6.5,-6.5577,11,SE,Spring barley,precip2,-0.0480261120497253
IPSL-CM6A-LR,-5.5,-5.5623,13,SE,Spring barley,precip2,0.00261020390674658
IPSL-CM6A-LR,-4.5,-4.3507,11,SE,Spring barley,precip2,0.00309039605376998
IPSL-CM6A-LR,-3.5,-3.4644,8,SE,Spring barley,precip2,-0.0285611081687707
IPSL-CM6A-LR,-2.5,-2.5669,9,SE,Spring barley,precip2,0.0346563306444808
IPSL-CM6A-LR,-1.5,-1.2909,6,SE,Spring barley,precip2,0.0239660984953567
IPSL-CM6A-LR,-0.5,-0.6347,8,SE,Spring barley,precip2,-0.0603697068653723
EC-Earth3,-9.5,-9.1554,4,SK,Spring barley,precip2,-0.0884269151504768
EC-Earth3,-8.5,-8.4726,15,SK,Spring barley,precip2,-0.0214450118298445
EC-Earth3,-7.5,-7.5562,20,SK,Spring barley,precip2,-0.0132048119112247
EC-Earth3,-6.5,-6.4767,21,SK,Spring barley,precip2,0.0398158975689149
EC-Earth3,-5.5,-5.3342,8,SK,Spring barley,precip2,0.0574274595164812
EC-Earth3,-4.5,-4.5495,8,SK,Spring barley,precip2,-0.00311514912650835
EC-Earth3,-3.5,-3.3459,9,SK,Spring barley,precip2,0.0253586238859273
EC-Earth3,-2.5,-2.4493,5,SK,Spring barley,precip2,0.0477246871775399
EC-Earth3,-1.5,-1.3807,6,SK,Spring barley,precip2,-0.0281854896257286
EC-Earth3,-0.5,-0.6596,3,SK,Spring barley,precip2,0.0518189179968354
HadGEM3-GC3-1LL,-8.5,-8.3848,12,SK,Spring barley,precip2,0.0543379770047825
HadGEM3-GC3-1LL,-7.5,-7.5599,19,SK,Spring barley,precip2,0.0380312586487291
HadGEM3-GC3-1LL,-6.5,-6.5442,24,SK,Spring barley,precip2,-0.00821830521219241
HadGEM3-GC3-1LL,-5.5,-5.5797,10,SK,Spring barley,precip2,0.0270611345883189
HadGEM3-GC3-1LL,-4.5,-4.5263,6,SK,Spring barley,precip2,-0.024186711818004
HadGEM3-GC3-1LL,-3.5,-3.7835,7,SK,Spring barley,precip2,0.0172352154659725
HadGEM3-GC3-1LL,-2.5,-2.4504,6,SK,Spring barley,precip2,0.0272212838463294
HadGEM3-GC3-1LL,-1.5,-1.3098,8,SK,Spring barley,precip2,-0.00939135716971158
HadGEM3-GC3-1LL,-0.5,-0.331,6,SK,Spring barley,precip2,-0.0657044359219306
HadGEM3-GC3-1MM,-14.5,-14.3032,4,SK,Spring barley,precip2,0.0722129535701386
HadGEM3-GC3-1MM,-13.5,-13.3931,8,SK,Spring barley,precip2,0.0691811842563375
HadGEM3-GC3-1MM,-12.5,-12.588,13,SK,Spring barley,precip2,0.0498597632397835
HadGEM3-GC3-1MM,-11.5,-11.5321,21,SK,Spring barley,precip2,0.0466356196391864
HadGEM3-GC3-1MM,-10.5,-10.4803,10,SK,Spring barley,precip2,0.0326236679660229
HadGEM3-GC3-1MM,-9.5,-9.6161,7,SK,Spring barley,precip2,0.0986068842033098
HadGEM3-GC3-1MM,-8.5,-8.6582,7,SK,Spring barley,precip2,0.0496087732247294
HadGEM3-GC3-1MM,-7.5,-7.6345,8,SK,Spring barley,precip2,0.0139082638226706
HadGEM3-GC3-1MM,-6.5,-6.4299,4,SK,Spring barley,precip2,0.0481496233929792
HadGEM3-GC3-1MM,-5.5,-5.3528,4,SK,Spring barley,precip2,0.0413498383357828
HadGEM3-GC3-1MM,-4.5,-4.3969,4,SK,Spring barley,precip2,0.0269207034941138
IPSL-CM6A-LR,-9.5,-9.3401,5,SK,Spring barley,precip2,0.0285815367324593
IPSL-CM6A-LR,-8.5,-8.4598,8,SK,Spring barley,precip2,0.0283049608843883
IPSL-CM6A-LR,-7.5,-7.5255,19,SK,Spring barley,precip2,0.0347250383642948
IPSL-CM6A-LR,-6.5,-6.5577,11,SK,Spring barley,precip2,0.0557827398305249
IPSL-CM6A-LR,-5.5,-5.5623,13,SK,Spring barley,precip2,0.0327418166310099
IPSL-CM6A-LR,-4.5,-4.3507,11,SK,Spring barley,precip2,0.00754254026521652
IPSL-CM6A-LR,-3.5,-3.4644,8,SK,Spring barley,precip2,-0.019768721912315
IPSL-CM6A-LR,-2.5,-2.5669,9,SK,Spring barley,precip2,0.0352172759036996
IPSL-CM6A-LR,-1.5,-1.2909,6,SK,Spring barley,precip2,0.0516703295889283
IPSL-CM6A-LR,-0.5,-0.6347,8,SK,Spring barley,precip2,0.00576910854988704
EC-Earth3,-9.5,-9.1554,4,CZ,Winter barley,precip2,-0.0445331969130718
EC-Earth3,-8.5,-8.4726,15,CZ,Winter barley,precip2,0.0075170092206823
EC-Earth3,-7.5,-7.5562,20,CZ,Winter barley,precip2,0.0068234145235114
EC-Earth3,-6.5,-6.4767,21,CZ,Winter barley,precip2,0.0372208142193685
EC-Earth3,-5.5,-5.3342,8,CZ,Winter barley,precip2,0.0122984503047934
EC-Earth3,-4.5,-4.5495,8,CZ,Winter barley,precip2,0.0161730244273204
EC-Earth3,-3.5,-3.3459,9,CZ,Winter barley,precip2,0.0499033550244303
EC-Earth3,-2.5,-2.4493,5,CZ,Winter barley,precip2,0.00726572214430031
EC-Earth3,-1.5,-1.3807,6,CZ,Winter barley,precip2,0.00825884527385503
EC-Earth3,-0.5,-0.6596,3,CZ,Winter barley,precip2,0.0269535305526411
HadGEM3-GC3-1LL,-8.5,-8.3848,12,CZ,Winter barley,precip2,0.031513874614733
HadGEM3-GC3-1LL,-7.5,-7.5599,19,CZ,Winter barley,precip2,0.0286992599496691
HadGEM3-GC3-1LL,-6.5,-6.5442,24,CZ,Winter barley,precip2,0.00301227347127568
HadGEM3-GC3-1LL,-5.5,-5.5797,10,CZ,Winter barley,precip2,0.0125336526614972
HadGEM3-GC3-1LL,-4.5,-4.5263,6,CZ,Winter barley,precip2,0.0144237047305943
HadGEM3-GC3-1LL,-3.5,-3.7835,7,CZ,Winter barley,precip2,0.00968798775689611
HadGEM3-GC3-1LL,-2.5,-2.4504,6,CZ,Winter barley,precip2,-0.0062382455344223
HadGEM3-GC3-1LL,-1.5,-1.3098,8,CZ,Winter barley,precip2,-0.00877276775795278
HadGEM3-GC3-1LL,-0.5,-0.331,6,CZ,Winter barley,precip2,-0.0366483013481839
HadGEM3-GC3-1MM,-14.5,-14.3032,4,CZ,Winter barley,precip2,0.0083661566629943
HadGEM3-GC3-1MM,-13.5,-13.3931,8,CZ,Winter barley,precip2,0.0163015359695964
HadGEM3-GC3-1MM,-12.5,-12.588,13,CZ,Winter barley,precip2,0.0260601206682822
HadGEM3-GC3-1MM,-11.5,-11.5321,21,CZ,Winter barley,precip2,-0.000833843399823628
HadGEM3-GC3-1MM,-10.5,-10.4803,10,CZ,Winter barley,precip2,-0.00839694187138111
HadGEM3-GC3-1MM,-9.5,-9.6161,7,CZ,Winter barley,precip2,0.0559011159395235
HadGEM3-GC3-1MM,-8.5,-8.6582,7,CZ,Winter barley,precip2,0.00960397597837504
HadGEM3-GC3-1MM,-7.5,-7.6345,8,CZ,Winter barley,precip2,0.0104835550886954
HadGEM3-GC3-1MM,-6.5,-6.4299,4,CZ,Winter barley,precip2,0.0418201478609255
HadGEM3-GC3-1MM,-5.5,-5.3528,4,CZ,Winter barley,precip2,0.0325548049478379
HadGEM3-GC3-1MM,-4.5,-4.3969,4,CZ,Winter barley,precip2,0.0326160028575474
IPSL-CM6A-LR,-9.5,-9.3401,5,CZ,Winter barley,precip2,0.0124242239703321
IPSL-CM6A-LR,-8.5,-8.4598,8,CZ,Winter barley,precip2,0.0214913729288167
IPSL-CM6A-LR,-7.5,-7.5255,19,CZ,Winter barley,precip2,0.0256779393497809
IPSL-CM6A-LR,-6.5,-6.5577,11,CZ,Winter barley,precip2,0.0409645845747452
IPSL-CM6A-LR,-5.5,-5.5623,13,CZ,Winter barley,precip2,0.0253113562999787
IPSL-CM6A-LR,-4.5,-4.3507,11,CZ,Winter barley,precip2,0.0103141696123735
IPSL-CM6A-LR,-3.5,-3.4644,8,CZ,Winter barley,precip2,-0.0252089334596338
IPSL-CM6A-LR,-2.5,-2.5669,9,CZ,Winter barley,precip2,0.0255689955754038
IPSL-CM6A-LR,-1.5,-1.2909,6,CZ,Winter barley,precip2,0.038589298770541
IPSL-CM6A-LR,-0.5,-0.6347,8,CZ,Winter barley,precip2,-0.0139493118647224
EC-Earth3,-9.5,-9.1554,4,DE,Winter barley,precip2,-0.0207776160342596
EC-Earth3,-8.5,-8.4726,15,DE,Winter barley,precip2,0.0359016626668104
EC-Earth3,-7.5,-7.5562,20,DE,Winter barley,precip2,0.0293649594332209
EC-Earth3,-6.5,-6.4767,21,DE,Winter barley,precip2,0.0486642071875178
EC-Earth3,-5.5,-5.3342,8,DE,Winter barley,precip2,0.0248742067859862
EC-Earth3,-4.5,-4.5495,8,DE,Winter barley,precip2,0.0336380128196061
EC-Earth3,-3.5,-3.3459,9,DE,Winter barley,precip2,0.0560734835090796
EC-Earth3,-2.5,-2.4493,5,DE,Winter barley,precip2,0.0372469121573485
EC-Earth3,-1.5,-1.3807,6,DE,Winter barley,precip2,0.0284762097923549
EC-Earth3,-0.5,-0.6596,3,DE,Winter barley,precip2,0.00292253286078894
HadGEM3-GC3-1LL,-8.5,-8.3848,12,DE,Winter barley,precip2,0.0385521767822368
HadGEM3-GC3-1LL,-7.5,-7.5599,19,DE,Winter barley,precip2,0.0194372196247593
HadGEM3-GC3-1LL,-6.5,-6.5442,24,DE,Winter barley,precip2,0.0309063746201326
HadGEM3-GC3-1LL,-5.5,-5.5797,10,DE,Winter barley,precip2,0.0260235455433558
HadGEM3-GC3-1LL,-4.5,-4.5263,6,DE,Winter barley,precip2,0.0383538867282377
HadGEM3-GC3-1LL,-3.5,-3.7835,7,DE,Winter barley,precip2,0.0129040650817137
HadGEM3-GC3-1LL,-2.5,-2.4504,6,DE,Winter barley,precip2,0.0115648427472372
HadGEM3-GC3-1LL,-1.5,-1.3098,8,DE,Winter barley,precip2,-0.0305994361108336
HadGEM3-GC3-1LL,-0.5,-0.331,6,DE,Winter barley,precip2,0.00253112999186243
HadGEM3-GC3-1MM,-14.5,-14.3032,4,DE,Winter barley,precip2,-0.0625981635478518
HadGEM3-GC3-1MM,-13.5,-13.3931,8,DE,Winter barley,precip2,-0.0704321859748371
HadGEM3-GC3-1MM,-12.5,-12.588,13,DE,Winter barley,precip2,-0.0419342582923447
HadGEM3-GC3-1MM,-11.5,-11.5321,21,DE,Winter barley,precip2,-0.0291896231243266
HadGEM3-GC3-1MM,-10.5,-10.4803,10,DE,Winter barley,precip2,-0.0193173673292631
HadGEM3-GC3-1MM,-9.5,-9.6161,7,DE,Winter barley,precip2,0.0433681888430583
HadGEM3-GC3-1MM,-8.5,-8.6582,7,DE,Winter barley,precip2,0.0166651694691861
HadGEM3-GC3-1MM,-7.5,-7.6345,8,DE,Winter barley,precip2,-0.0108049897679589
HadGEM3-GC3-1MM,-6.5,-6.4299,4,DE,Winter barley,precip2,0.0128620031358681
HadGEM3-GC3-1MM,-5.5,-5.3528,4,DE,Winter barley,precip2,0.00489034195964422
HadGEM3-GC3-1MM,-4.5,-4.3969,4,DE,Winter barley,precip2,0.0452602122465515
IPSL-CM6A-LR,-9.5,-9.3401,5,DE,Winter barley,precip2,0.0214667977101434
IPSL-CM6A-LR,-8.5,-8.4598,8,DE,Winter barley,precip2,0.0197686186307273
IPSL-CM6A-LR,-7.5,-7.5255,19,DE,Winter barley,precip2,0.0322878919092181
IPSL-CM6A-LR,-6.5,-6.5577,11,DE,Winter barley,precip2,0.0469302052513956
IPSL-CM6A-LR,-5.5,-5.5623,13,DE,Winter barley,precip2,0.0459472361965286
IPSL-CM6A-LR,-4.5,-4.3507,11,DE,Winter barley,precip2,0.0126436552626236
IPSL-CM6A-LR,-3.5,-3.4644,8,DE,Winter barley,precip2,-0.004161541695998
IPSL-CM6A-LR,-2.5,-2.5669,9,DE,Winter barley,precip2,0.0400332397247282
IPSL-CM6A-LR,-1.5,-1.2909,6,DE,Winter barley,precip2,0.0216152683811365
IPSL-CM6A-LR,-0.5,-0.6347,8,DE,Winter barley,precip2,-0.00778289833688332
EC-Earth3,-9.5,-9.1554,4,DK,Winter barley,precip2,0.0155956932620067
EC-Earth3,-8.5,-8.4726,15,DK,Winter barley,precip2,0.0258285546810478
EC-Earth3,-7.5,-7.5562,20,DK,Winter barley,precip2,0.0317349483417245
EC-Earth3,-6.5,-6.4767,21,DK,Winter barley,precip2,0.037626327538617
EC-Earth3,-5.5,-5.3342,8,DK,Winter barley,precip2,0.033461602046489
EC-Earth3,-4.5,-4.5495,8,DK,Winter barley,precip2,0.0355844778569723
EC-Earth3,-3.5,-3.3459,9,DK,Winter barley,precip2,0.0550509670842031
EC-Earth3,-2.5,-2.4493,5,DK,Winter barley,precip2,0.0214562335632389
EC-Earth3,-1.5,-1.3807,6,DK,Winter barley,precip2,0.0258267783875789
EC-Earth3,-0.5,-0.6596,3,DK,Winter barley,precip2,-0.043582811895093
HadGEM3-GC3-1LL,-8.5,-8.3848,12,DK,Winter barley,precip2,0.0380375261517277
HadGEM3-GC3-1LL,-7.5,-7.5599,19,DK,Winter barley,precip2,0.0206053737430135
HadGEM3-GC3-1LL,-6.5,-6.5442,24,DK,Winter barley,precip2,0.037818875071055
HadGEM3-GC3-1LL,-5.5,-5.5797,10,DK,Winter barley,precip2,0.0273351640153778
HadGEM3-GC3-1LL,-4.5,-4.5263,6,DK,Winter barley,precip2,0.0286647507145801
HadGEM3-GC3-1LL,-3.5,-3.7835,7,DK,Winter barley,precip2,0.00633030660477507
HadGEM3-GC3-1LL,-2.5,-2.4504,6,DK,Winter barley,precip2,-0.00134040378477104
HadGEM3-GC3-1LL,-1.5,-1.3098,8,DK,Winter barley,precip2,-0.049651786131937
HadGEM3-GC3-1LL,-0.5,-0.331,6,DK,Winter barley,precip2,0.0166926366445601
HadGEM3-GC3-1MM,-14.5,-14.3032,4,DK,Winter barley,precip2,-0.181239434625004
HadGEM3-GC3-1MM,-13.5,-13.3931,8,DK,Winter barley,precip2,-0.122493047568585
HadGEM3-GC3-1MM,-12.5,-12.588,13,DK,Winter barley,precip2,-0.141017397260049
HadGEM3-GC3-1MM,-11.5,-11.5321,21,DK,Winter barley,precip2,-0.149242614847529
HadGEM3-GC3-1MM,-10.5,-10.4803,10,DK,Winter barley,precip2,-0.124141845252512
HadGEM3-GC3-1MM,-9.5,-9.6161,7,DK,Winter barley,precip2,-0.0303417294565
HadGEM3-GC3-1MM,-8.5,-8.6582,7,DK,Winter barley,precip2,-0.0103854246594515
HadGEM3-GC3-1MM,-7.5,-7.6345,8,DK,Winter barley,precip2,-0.0337240220149829
HadGEM3-GC3-1MM,-6.5,-6.4299,4,DK,Winter barley,precip2,0.0462738653923408
HadGEM3-GC3-1MM,-5.5,-5.3528,4,DK,Winter barley,precip2,0.0117692019177723
HadGEM3-GC3-1MM,-4.5,-4.3969,4,DK,Winter barley,precip2,0.053418210376301
IPSL-CM6A-LR,-9.5,-9.3401,5,DK,Winter barley,precip2,-0.0591020790224934
IPSL-CM6A-LR,-8.5,-8.4598,8,DK,Winter barley,precip2,-0.0995184272827847
IPSL-CM6A-LR,-7.5,-7.5255,19,DK,Winter barley,precip2,-0.00124621795337996
IPSL-CM6A-LR,-6.5,-6.5577,11,DK,Winter barley,precip2,-0.0543802791926208
IPSL-CM6A-LR,-5.5,-5.5623,13,DK,Winter barley,precip2,0.0276847795049134
IPSL-CM6A-LR,-4.5,-4.3507,11,DK,Winter barley,precip2,0.000966087762156587
IPSL-CM6A-LR,-3.5,-3.4644,8,DK,Winter barley,precip2,-0.0121908267628174
IPSL-CM6A-LR,-2.5,-2.5669,9,DK,Winter barley,precip2,0.0396153947329734
IPSL-CM6A-LR,-1.5,-1.2909,6,DK,Winter barley,precip2,0.0307899990146869
IPSL-CM6A-LR,-0.5,-0.6347,8,DK,Winter barley,precip2,-0.0554217329797924
EC-Earth3,-9.5,-9.1554,4,EE,Winter barley,precip2,0.0103247803212933
EC-Earth3,-8.5,-8.4726,15,EE,Winter barley,precip2,0.0160871229262904
EC-Earth3,-7.5,-7.5562,20,EE,Winter barley,precip2,-0.00282522271765335
EC-Earth3,-6.5,-6.4767,21,EE,Winter barley,precip2,0.0101890038673443
EC-Earth3,-5.5,-5.3342,8,EE,Winter barley,precip2,0.0203804867419982
EC-Earth3,-4.5,-4.5495,8,EE,Winter barley,precip2,-0.00835897700354244
EC-Earth3,-3.5,-3.3459,9,EE,Winter barley,precip2,0.00506250649187509
EC-Earth3,-2.5,-2.4493,5,EE,Winter barley,precip2,-0.0106777288320976
EC-Earth3,-1.5,-1.3807,6,EE,Winter barley,precip2,0.0166601988373061
EC-Earth3,-0.5,-0.6596,3,EE,Winter barley,precip2,0.0146665140096447
HadGEM3-GC3-1LL,-8.5,-8.3848,12,EE,Winter barley,precip2,0.0116789226203959
HadGEM3-GC3-1LL,-7.5,-7.5599,19,EE,Winter barley,precip2,-0.00378023984567979
HadGEM3-GC3-1LL,-6.5,-6.5442,24,EE,Winter barley,precip2,0.0130264757985975
HadGEM3-GC3-1LL,-5.5,-5.5797,10,EE,Winter barley,precip2,0.0174180467997802
HadGEM3-GC3-1LL,-4.5,-4.5263,6,EE,Winter barley,precip2,0.0118955517082863
HadGEM3-GC3-1LL,-3.5,-3.7835,7,EE,Winter barley,precip2,-0.0121997020496465
HadGEM3-GC3-1LL,-2.5,-2.4504,6,EE,Winter barley,precip2,-0.0402389339233432
HadGEM3-GC3-1LL,-1.5,-1.3098,8,EE,Winter barley,precip2,-0.0609207305140063
HadGEM3-GC3-1LL,-0.5,-0.331,6,EE,Winter barley,precip2,-0.00567336515460736
HadGEM3-GC3-1MM,-14.5,-14.3032,4,EE,Winter barley,precip2,-0.120643765022284
HadGEM3-GC3-1MM,-13.5,-13.3931,8,EE,Winter barley,precip2,-0.109439343122166
HadGEM3-GC3-1MM,-12.5,-12.588,13,EE,Winter barley,precip2,-0.131868476234473
HadGEM3-GC3-1MM,-11.5,-11.5321,21,EE,Winter barley,precip2,-0.111446150111949
HadGEM3-GC3-1MM,-10.5,-10.4803,10,EE,Winter barley,precip2,-0.157949660756819
HadGEM3-GC3-1MM,-9.5,-9.6161,7,EE,Winter barley,precip2,-0.039821979475776
HadGEM3-GC3-1MM,-8.5,-8.6582,7,EE,Winter barley,precip2,-0.0572671834446733
HadGEM3-GC3-1MM,-7.5,-7.6345,8,EE,Winter barley,precip2,-0.0810328001337975
HadGEM3-GC3-1MM,-6.5,-6.4299,4,EE,Winter barley,precip2,0.00649197263348067
HadGEM3-GC3-1MM,-5.5,-5.3528,4,EE,Winter barley,precip2,-0.012860949058767
HadGEM3-GC3-1MM,-4.5,-4.3969,4,EE,Winter barley,precip2,0.00150940207199557
IPSL-CM6A-LR,-9.5,-9.3401,5,EE,Winter barley,precip2,-0.0932305952744429
IPSL-CM6A-LR,-8.5,-8.4598,8,EE,Winter barley,precip2,-0.0868147886379774
IPSL-CM6A-LR,-7.5,-7.5255,19,EE,Winter barley,precip2,-0.0499761911103004
IPSL-CM6A-LR,-6.5,-6.5577,11,EE,Winter barley,precip2,-0.026904613299181
IPSL-CM6A-LR,-5.5,-5.5623,13,EE,Winter barley,precip2,-0.0157918033157785
IPSL-CM6A-LR,-4.5,-4.3507,11,EE,Winter barley,precip2,-0.0227803488853212
IPSL-CM6A-LR,-3.5,-3.4644,8,EE,Winter barley,precip2,0.00158024773973957
IPSL-CM6A-LR,-2.5,-2.5669,9,EE,Winter barley,precip2,0.00190254871651578
IPSL-CM6A-LR,-1.5,-1.2909,6,EE,Winter barley,precip2,0.0206828782628801
IPSL-CM6A-LR,-0.5,-0.6347,8,EE,Winter barley,precip2,0.00195398297589526
EC-Earth3,-9.5,-9.1554,4,EL,Winter barley,precip2,0.00567030603597875
EC-Earth3,-8.5,-8.4726,15,EL,Winter barley,precip2,0.0102768806929576
EC-Earth3,-7.5,-7.5562,20,EL,Winter barley,precip2,0.00874123125738739
EC-Earth3,-6.5,-6.4767,21,EL,Winter barley,precip2,0.00318838237630172
EC-Earth3,-5.5,-5.3342,8,EL,Winter barley,precip2,0.00625367789994612
EC-Earth3,-4.5,-4.5495,8,EL,Winter barley,precip2,0.00502689181397372
EC-Earth3,-3.5,-3.3459,9,EL,Winter barley,precip2,0.00693434115558598
EC-Earth3,-2.5,-2.4493,5,EL,Winter barley,precip2,0.0139999314339079
EC-Earth3,-1.5,-1.3807,6,EL,Winter barley,precip2,0.00214435803863337
EC-Earth3,-0.5,-0.6596,3,EL,Winter barley,precip2,-0.002295675375948
HadGEM3-GC3-1LL,-8.5,-8.3848,12,EL,Winter barley,precip2,0.00674640054497855
HadGEM3-GC3-1LL,-7.5,-7.5599,19,EL,Winter barley,precip2,0.0105797031994751
HadGEM3-GC3-1LL,-6.5,-6.5442,24,EL,Winter barley,precip2,0.00429330315013516
HadGEM3-GC3-1LL,-5.5,-5.5797,10,EL,Winter barley,precip2,0.00769085631483438
HadGEM3-GC3-1LL,-4.5,-4.5263,6,EL,Winter barley,precip2,0.0106546486373808
HadGEM3-GC3-1LL,-3.5,-3.7835,7,EL,Winter barley,precip2,0.00900560495610931
HadGEM3-GC3-1LL,-2.5,-2.4504,6,EL,Winter barley,precip2,0.00423151913115034
HadGEM3-GC3-1LL,-1.5,-1.3098,8,EL,Winter barley,precip2,0.00459835857142389
HadGEM3-GC3-1LL,-0.5,-0.331,6,EL,Winter barley,precip2,0.00583210028617957
HadGEM3-GC3-1MM,-14.5,-14.3032,4,EL,Winter barley,precip2,0.0161244711681833
HadGEM3-GC3-1MM,-13.5,-13.3931,8,EL,Winter barley,precip2,0.0223968219485178
HadGEM3-GC3-1MM,-12.5,-12.588,13,EL,Winter barley,precip2,0.0155015980665826
HadGEM3-GC3-1MM,-11.5,-11.5321,21,EL,Winter barley,precip2,0.0204322180390024
HadGEM3-GC3-1MM,-10.5,-10.4803,10,EL,Winter barley,precip2,0.0216207669200621
HadGEM3-GC3-1MM,-9.5,-9.6161,7,EL,Winter barley,precip2,0.0241501086332176
HadGEM3-GC3-1MM,-8.5,-8.6582,7,EL,Winter barley,precip2,0.0166577016645402
HadGEM3-GC3-1MM,-7.5,-7.6345,8,EL,Winter barley,precip2,0.0166812767642911
HadGEM3-GC3-1MM,-6.5,-6.4299,4,EL,Winter barley,precip2,0.00496247180202555
HadGEM3-GC3-1MM,-5.5,-5.3528,4,EL,Winter barley,precip2,0.0070335548799669
HadGEM3-GC3-1MM,-4.5,-4.3969,4,EL,Winter barley,precip2,0.00394941061365231
IPSL-CM6A-LR,-9.5,-9.3401,5,EL,Winter barley,precip2,0.00802246597729414
IPSL-CM6A-LR,-8.5,-8.4598,8,EL,Winter barley,precip2,0.0177975789884812
IPSL-CM6A-LR,-7.5,-7.5255,19,EL,Winter barley,precip2,0.016036284506166
IPSL-CM6A-LR,-6.5,-6.5577,11,EL,Winter barley,precip2,0.0151703522787867
IPSL-CM6A-LR,-5.5,-5.5623,13,EL,Winter barley,precip2,0.0117976175539666
IPSL-CM6A-LR,-4.5,-4.3507,11,EL,Winter barley,precip2,0.00278320381634554
IPSL-CM6A-LR,-3.5,-3.4644,8,EL,Winter barley,precip2,0.00982978903382389
IPSL-CM6A-LR,-2.5,-2.5669,9,EL,Winter barley,precip2,0.0117843524386673
IPSL-CM6A-LR,-1.5,-1.2909,6,EL,Winter barley,precip2,-0.000742307481090409
IPSL-CM6A-LR,-0.5,-0.6347,8,EL,Winter barley,precip2,0.0150521543044237
EC-Earth3,-9.5,-9.1554,4,ES,Winter barley,precip2,0.0292780392510528
EC-Earth3,-8.5,-8.4726,15,ES,Winter barley,precip2,0.031025641830745
EC-Earth3,-7.5,-7.5562,20,ES,Winter barley,precip2,0.0194077940770083
EC-Earth3,-6.5,-6.4767,21,ES,Winter barley,precip2,0.0296342393692079
EC-Earth3,-5.5,-5.3342,8,ES,Winter barley,precip2,0.027331002031129
EC-Earth3,-4.5,-4.5495,8,ES,Winter barley,precip2,0.0346382914136944
EC-Earth3,-3.5,-3.3459,9,ES,Winter barley,precip2,0.0108432529284523
EC-Earth3,-2.5,-2.4493,5,ES,Winter barley,precip2,0.0210690661316416
EC-Earth3,-1.5,-1.3807,6,ES,Winter barley,precip2,0.00642486640323914
EC-Earth3,-0.5,-0.6596,3,ES,Winter barley,precip2,0.0237603857372835
HadGEM3-GC3-1LL,-8.5,-8.3848,12,ES,Winter barley,precip2,0.0275487095326036
HadGEM3-GC3-1LL,-7.5,-7.5599,19,ES,Winter barley,precip2,0.0207882508180116
HadGEM3-GC3-1LL,-6.5,-6.5442,24,ES,Winter barley,precip2,0.0210315713763286
HadGEM3-GC3-1LL,-5.5,-5.5797,10,ES,Winter barley,precip2,0.0125739669965345
HadGEM3-GC3-1LL,-4.5,-4.5263,6,ES,Winter barley,precip2,0.031183726636224
HadGEM3-GC3-1LL,-3.5,-3.7835,7,ES,Winter barley,precip2,0.0204567354134692
HadGEM3-GC3-1LL,-2.5,-2.4504,6,ES,Winter barley,precip2,0.0232384286169188
HadGEM3-GC3-1LL,-1.5,-1.3098,8,ES,Winter barley,precip2,0.00837371216859957
HadGEM3-GC3-1LL,-0.5,-0.331,6,ES,Winter barley,precip2,0.0158133051594693
HadGEM3-GC3-1MM,-14.5,-14.3032,4,ES,Winter barley,precip2,0.0273595039261498
HadGEM3-GC3-1MM,-13.5,-13.3931,8,ES,Winter barley,precip2,0.0184422060541879
HadGEM3-GC3-1MM,-12.5,-12.588,13,ES,Winter barley,precip2,0.0258148057914435
HadGEM3-GC3-1MM,-11.5,-11.5321,21,ES,Winter barley,precip2,0.0348497614203549
HadGEM3-GC3-1MM,-10.5,-10.4803,10,ES,Winter barley,precip2,0.038845002992099
HadGEM3-GC3-1MM,-9.5,-9.6161,7,ES,Winter barley,precip2,0.0314162404179184
HadGEM3-GC3-1MM,-8.5,-8.6582,7,ES,Winter barley,precip2,0.0245384630396953
HadGEM3-GC3-1MM,-7.5,-7.6345,8,ES,Winter barley,precip2,0.0359301302337482
HadGEM3-GC3-1MM,-6.5,-6.4299,4,ES,Winter barley,precip2,0.0283647794702083
HadGEM3-GC3-1MM,-5.5,-5.3528,4,ES,Winter barley,precip2,0.0159130800628771
HadGEM3-GC3-1MM,-4.5,-4.3969,4,ES,Winter barley,precip2,-0.0218654721026204
IPSL-CM6A-LR,-9.5,-9.3401,5,ES,Winter barley,precip2,0.0298201274025323
IPSL-CM6A-LR,-8.5,-8.4598,8,ES,Winter barley,precip2,0.0345411588859989
IPSL-CM6A-LR,-7.5,-7.5255,19,ES,Winter barley,precip2,0.0296903876582938
IPSL-CM6A-LR,-6.5,-6.5577,11,ES,Winter barley,precip2,0.0301796178269384
IPSL-CM6A-LR,-5.5,-5.5623,13,ES,Winter barley,precip2,0.0283781601281536
IPSL-CM6A-LR,-4.5,-4.3507,11,ES,Winter barley,precip2,0.0276637892073572
IPSL-CM6A-LR,-3.5,-3.4644,8,ES,Winter barley,precip2,0.0306949960482555
IPSL-CM6A-LR,-2.5,-2.5669,9,ES,Winter barley,precip2,-0.000482311166514251
IPSL-CM6A-LR,-1.5,-1.2909,6,ES,Winter barley,precip2,0.0174965463262195
IPSL-CM6A-LR,-0.5,-0.6347,8,ES,Winter barley,precip2,0.018547058458097
EC-Earth3,-9.5,-9.1554,4,FR,Winter barley,precip2,0.00675831410238445
EC-Earth3,-8.5,-8.4726,15,FR,Winter barley,precip2,0.0628017185583107
EC-Earth3,-7.5,-7.5562,20,FR,Winter barley,precip2,0.0313450169732178
EC-Earth3,-6.5,-6.4767,21,FR,Winter barley,precip2,0.0573818602331961
EC-Earth3,-5.5,-5.3342,8,FR,Winter barley,precip2,0.0143854407438877
EC-Earth3,-4.5,-4.5495,8,FR,Winter barley,precip2,0.0641107085309555
EC-Earth3,-3.5,-3.3459,9,FR,Winter barley,precip2,0.0459732966441266
EC-Earth3,-2.5,-2.4493,5,FR,Winter barley,precip2,0.0465969166885233
EC-Earth3,-1.5,-1.3807,6,FR,Winter barley,precip2,0.030325764724215
EC-Earth3,-0.5,-0.6596,3,FR,Winter barley,precip2,-0.00481712906472063
HadGEM3-GC3-1LL,-8.5,-8.3848,12,FR,Winter barley,precip2,0.0486048307353189
HadGEM3-GC3-1LL,-7.5,-7.5599,19,FR,Winter barley,precip2,0.0282511617347803
HadGEM3-GC3-1LL,-6.5,-6.5442,24,FR,Winter barley,precip2,0.0491306262872601
HadGEM3-GC3-1LL,-5.5,-5.5797,10,FR,Winter barley,precip2,0.0097197001895366
HadGEM3-GC3-1LL,-4.5,-4.5263,6,FR,Winter barley,precip2,0.0695020301393555
HadGEM3-GC3-1LL,-3.5,-3.7835,7,FR,Winter barley,precip2,0.0227793833626579
HadGEM3-GC3-1LL,-2.5,-2.4504,6,FR,Winter barley,precip2,0.0552087163992691
HadGEM3-GC3-1LL,-1.5,-1.3098,8,FR,Winter barley,precip2,-0.0228568630194893
HadGEM3-GC3-1LL,-0.5,-0.331,6,FR,Winter barley,precip2,0.0185219139573315
HadGEM3-GC3-1MM,-14.5,-14.3032,4,FR,Winter barley,precip2,-0.0680129292861262
HadGEM3-GC3-1MM,-13.5,-13.3931,8,FR,Winter barley,precip2,-0.0780462420419018
HadGEM3-GC3-1MM,-12.5,-12.588,13,FR,Winter barley,precip2,-0.0590749913730634
HadGEM3-GC3-1MM,-11.5,-11.5321,21,FR,Winter barley,precip2,-0.0209405579422204
HadGEM3-GC3-1MM,-10.5,-10.4803,10,FR,Winter barley,precip2,0.0348751607866138
HadGEM3-GC3-1MM,-9.5,-9.6161,7,FR,Winter barley,precip2,0.0353156100637568
HadGEM3-GC3-1MM,-8.5,-8.6582,7,FR,Winter barley,precip2,0.0327679738787166
HadGEM3-GC3-1MM,-7.5,-7.6345,8,FR,Winter barley,precip2,0.0329111010410087
HadGEM3-GC3-1MM,-6.5,-6.4299,4,FR,Winter barley,precip2,0.0378690449615669
HadGEM3-GC3-1MM,-5.5,-5.3528,4,FR,Winter barley,precip2,-0.0118272997505167
HadGEM3-GC3-1MM,-4.5,-4.3969,4,FR,Winter barley,precip2,0.00443399901806887
IPSL-CM6A-LR,-9.5,-9.3401,5,FR,Winter barley,precip2,0.0468420783568442
IPSL-CM6A-LR,-8.5,-8.4598,8,FR,Winter barley,precip2,0.0319811349521658
IPSL-CM6A-LR,-7.5,-7.5255,19,FR,Winter barley,precip2,0.0536164801190279
IPSL-CM6A-LR,-6.5,-6.5577,11,FR,Winter barley,precip2,0.0668396967039223
IPSL-CM6A-LR,-5.5,-5.5623,13,FR,Winter barley,precip2,0.0559885430240098
IPSL-CM6A-LR,-4.5,-4.3507,11,FR,Winter barley,precip2,0.0370332233845117
IPSL-CM6A-LR,-3.5,-3.4644,8,FR,Winter barley,precip2,0.041013092519345
IPSL-CM6A-LR,-2.5,-2.5669,9,FR,Winter barley,precip2,0.0479449021677451
IPSL-CM6A-LR,-1.5,-1.2909,6,FR,Winter barley,precip2,0.00222527545002243
IPSL-CM6A-LR,-0.5,-0.6347,8,FR,Winter barley,precip2,-0.00655040959733449
EC-Earth3,-9.5,-9.1554,4,HU,Winter barley,precip2,-0.0187729725235119
EC-Earth3,-8.5,-8.4726,15,HU,Winter barley,precip2,-0.0205578959119806
EC-Earth3,-7.5,-7.5562,20,HU,Winter barley,precip2,-0.00828738662673066
EC-Earth3,-6.5,-6.4767,21,HU,Winter barley,precip2,0.0138089811321017
EC-Earth3,-5.5,-5.3342,8,HU,Winter barley,precip2,0.0279894381953153
EC-Earth3,-4.5,-4.5495,8,HU,Winter barley,precip2,0.00194371809086093
EC-Earth3,-3.5,-3.3459,9,HU,Winter barley,precip2,-0.0122851594889616
EC-Earth3,-2.5,-2.4493,5,HU,Winter barley,precip2,0.0426286481897056
EC-Earth3,-1.5,-1.3807,6,HU,Winter barley,precip2,-0.0384376638141311
EC-Earth3,-0.5,-0.6596,3,HU,Winter barley,precip2,0.0205171620983068
HadGEM3-GC3-1LL,-8.5,-8.3848,12,HU,Winter barley,precip2,0.0147915620026424
HadGEM3-GC3-1LL,-7.5,-7.5599,19,HU,Winter barley,precip2,0.0205882679876347
HadGEM3-GC3-1LL,-6.5,-6.5442,24,HU,Winter barley,precip2,-0.0067496629299478
HadGEM3-GC3-1LL,-5.5,-5.5797,10,HU,Winter barley,precip2,0.0142095874403257
HadGEM3-GC3-1LL,-4.5,-4.5263,6,HU,Winter barley,precip2,-0.0239819319612569
HadGEM3-GC3-1LL,-3.5,-3.7835,7,HU,Winter barley,precip2,-0.00174044685931701
HadGEM3-GC3-1LL,-2.5,-2.4504,6,HU,Winter barley,precip2,0.0132342057223179
HadGEM3-GC3-1LL,-1.5,-1.3098,8,HU,Winter barley,precip2,0.00817044663699429
HadGEM3-GC3-1LL,-0.5,-0.331,6,HU,Winter barley,precip2,-0.0163014927089205
HadGEM3-GC3-1MM,-14.5,-14.3032,4,HU,Winter barley,precip2,0.0500487133155874
HadGEM3-GC3-1MM,-13.5,-13.3931,8,HU,Winter barley,precip2,0.0362556651073737
HadGEM3-GC3-1MM,-12.5,-12.588,13,HU,Winter barley,precip2,0.0250821241184346
HadGEM3-GC3-1MM,-11.5,-11.5321,21,HU,Winter barley,precip2,0.0251250663567093
HadGEM3-GC3-1MM,-10.5,-10.4803,10,HU,Winter barley,precip2,0.0201309896748052
HadGEM3-GC3-1MM,-9.5,-9.6161,7,HU,Winter barley,precip2,0.0355662899920211
HadGEM3-GC3-1MM,-8.5,-8.6582,7,HU,Winter barley,precip2,0.0282831519413508
HadGEM3-GC3-1MM,-7.5,-7.6345,8,HU,Winter barley,precip2,-0.00241126253363977
HadGEM3-GC3-1MM,-6.5,-6.4299,4,HU,Winter barley,precip2,0.0120177499433709
HadGEM3-GC3-1MM,-5.5,-5.3528,4,HU,Winter barley,precip2,0.0231750343182296
HadGEM3-GC3-1MM,-4.5,-4.3969,4,HU,Winter barley,precip2,0.00122432804891104
IPSL-CM6A-LR,-9.5,-9.3401,5,HU,Winter barley,precip2,0.0188239693267488
IPSL-CM6A-LR,-8.5,-8.4598,8,HU,Winter barley,precip2,0.021137322144299
IPSL-CM6A-LR,-7.5,-7.5255,19,HU,Winter barley,precip2,0.0209269365691213
IPSL-CM6A-LR,-6.5,-6.5577,11,HU,Winter barley,precip2,0.0275059531322486
IPSL-CM6A-LR,-5.5,-5.5623,13,HU,Winter barley,precip2,0.0194946185767348
IPSL-CM6A-LR,-4.5,-4.3507,11,HU,Winter barley,precip2,0.0142376403876761
IPSL-CM6A-LR,-3.5,-3.4644,8,HU,Winter barley,precip2,-0.00282749550947402
IPSL-CM6A-LR,-2.5,-2.5669,9,HU,Winter barley,precip2,0.0213057858620364
IPSL-CM6A-LR,-1.5,-1.2909,6,HU,Winter barley,precip2,0.0194759670304999
IPSL-CM6A-LR,-0.5,-0.6347,8,HU,Winter barley,precip2,0.0212491188322243
EC-Earth3,-9.5,-9.1554,4,IT,Winter barley,precip2,0.0219136097840386
EC-Earth3,-8.5,-8.4726,15,IT,Winter barley,precip2,0.0473228070009816
EC-Earth3,-7.5,-7.5562,20,IT,Winter barley,precip2,0.0294494697954566
EC-Earth3,-6.5,-6.4767,21,IT,Winter barley,precip2,0.0362598672457761
EC-Earth3,-5.5,-5.3342,8,IT,Winter barley,precip2,0.0512856566570245
EC-Earth3,-4.5,-4.5495,8,IT,Winter barley,precip2,0.0568559805879068
EC-Earth3,-3.5,-3.3459,9,IT,Winter barley,precip2,0.0139569887955561
EC-Earth3,-2.5,-2.4493,5,IT,Winter barley,precip2,0.0635699392071293
EC-Earth3,-1.5,-1.3807,6,IT,Winter barley,precip2,0.0256790979250503
EC-Earth3,-0.5,-0.6596,3,IT,Winter barley,precip2,0.0392693466964146
HadGEM3-GC3-1LL,-8.5,-8.3848,12,IT,Winter barley,precip2,0.0419469476463016
HadGEM3-GC3-1LL,-7.5,-7.5599,19,IT,Winter barley,precip2,0.0473019010274963
HadGEM3-GC3-1LL,-6.5,-6.5442,24,IT,Winter barley,precip2,0.0228025819615792
HadGEM3-GC3-1LL,-5.5,-5.5797,10,IT,Winter barley,precip2,0.0317564037388593
HadGEM3-GC3-1LL,-4.5,-4.5263,6,IT,Winter barley,precip2,0.0455628939746839
HadGEM3-GC3-1LL,-3.5,-3.7835,7,IT,Winter barley,precip2,0.0358563106950184
HadGEM3-GC3-1LL,-2.5,-2.4504,6,IT,Winter barley,precip2,0.0408809983687466
HadGEM3-GC3-1LL,-1.5,-1.3098,8,IT,Winter barley,precip2,0.00979521662876829
HadGEM3-GC3-1LL,-0.5,-0.331,6,IT,Winter barley,precip2,0.0196290437673128
HadGEM3-GC3-1MM,-14.5,-14.3032,4,IT,Winter barley,precip2,0.0693759596144958
HadGEM3-GC3-1MM,-13.5,-13.3931,8,IT,Winter barley,precip2,0.0714803922253673
HadGEM3-GC3-1MM,-12.5,-12.588,13,IT,Winter barley,precip2,0.0655424122645319
HadGEM3-GC3-1MM,-11.5,-11.5321,21,IT,Winter barley,precip2,0.0684975653015639
HadGEM3-GC3-1MM,-10.5,-10.4803,10,IT,Winter barley,precip2,0.0684971016058411
HadGEM3-GC3-1MM,-9.5,-9.6161,7,IT,Winter barley,precip2,0.0646862745739713
HadGEM3-GC3-1MM,-8.5,-8.6582,7,IT,Winter barley,precip2,0.067077799359859
HadGEM3-GC3-1MM,-7.5,-7.6345,8,IT,Winter barley,precip2,0.0694030868026598
HadGEM3-GC3-1MM,-6.5,-6.4299,4,IT,Winter barley,precip2,0.0405547625802557
HadGEM3-GC3-1MM,-5.5,-5.3528,4,IT,Winter barley,precip2,0.0497871245888195
HadGEM3-GC3-1MM,-4.5,-4.3969,4,IT,Winter barley,precip2,0.0157903341690461
IPSL-CM6A-LR,-9.5,-9.3401,5,IT,Winter barley,precip2,0.0426186879444052
IPSL-CM6A-LR,-8.5,-8.4598,8,IT,Winter barley,precip2,0.053572944408406
IPSL-CM6A-LR,-7.5,-7.5255,19,IT,Winter barley,precip2,0.059795030517617
IPSL-CM6A-LR,-6.5,-6.5577,11,IT,Winter barley,precip2,0.0710238625448792
IPSL-CM6A-LR,-5.5,-5.5623,13,IT,Winter barley,precip2,0.0532133212452265
IPSL-CM6A-LR,-4.5,-4.3507,11,IT,Winter barley,precip2,0.0414409189369888
IPSL-CM6A-LR,-3.5,-3.4644,8,IT,Winter barley,precip2,0.0376668778282698
IPSL-CM6A-LR,-2.5,-2.5669,9,IT,Winter barley,precip2,0.0276629989906625
IPSL-CM6A-LR,-1.5,-1.2909,6,IT,Winter barley,precip2,0.0330613205500604
IPSL-CM6A-LR,-0.5,-0.6347,8,IT,Winter barley,precip2,0.0317577168429598
EC-Earth3,-9.5,-9.1554,4,LT,Winter barley,precip2,0.00465175737884551
EC-Earth3,-8.5,-8.4726,15,LT,Winter barley,precip2,0.0297169069784549
EC-Earth3,-7.5,-7.5562,20,LT,Winter barley,precip2,0.0181597779030907
EC-Earth3,-6.5,-6.4767,21,LT,Winter barley,precip2,0.0191212458398988
EC-Earth3,-5.5,-5.3342,8,LT,Winter barley,precip2,0.0166950522535185
EC-Earth3,-4.5,-4.5495,8,LT,Winter barley,precip2,0.00109784971967864
EC-Earth3,-3.5,-3.3459,9,LT,Winter barley,precip2,0.0306523486019995
EC-Earth3,-2.5,-2.4493,5,LT,Winter barley,precip2,0.0143289228877365
EC-Earth3,-1.5,-1.3807,6,LT,Winter barley,precip2,0.031574191870792
EC-Earth3,-0.5,-0.6596,3,LT,Winter barley,precip2,0.0324922519020501
HadGEM3-GC3-1LL,-8.5,-8.3848,12,LT,Winter barley,precip2,0.0289440281699286
HadGEM3-GC3-1LL,-7.5,-7.5599,19,LT,Winter barley,precip2,0.0190883033402275
HadGEM3-GC3-1LL,-6.5,-6.5442,24,LT,Winter barley,precip2,0.0257378568766115
HadGEM3-GC3-1LL,-5.5,-5.5797,10,LT,Winter barley,precip2,0.0346628511076834
HadGEM3-GC3-1LL,-4.5,-4.5263,6,LT,Winter barley,precip2,0.0112953435834501
HadGEM3-GC3-1LL,-3.5,-3.7835,7,LT,Winter barley,precip2,0.00580180755420832
HadGEM3-GC3-1LL,-2.5,-2.4504,6,LT,Winter barley,precip2,-0.0228668076800293
HadGEM3-GC3-1LL,-1.5,-1.3098,8,LT,Winter barley,precip2,-0.0407605154211248
HadGEM3-GC3-1LL,-0.5,-0.331,6,LT,Winter barley,precip2,-0.00125489384409653
HadGEM3-GC3-1MM,-14.5,-14.3032,4,LT,Winter barley,precip2,-0.0149141324822499
HadGEM3-GC3-1MM,-13.5,-13.3931,8,LT,Winter barley,precip2,-0.0648991502056742
HadGEM3-GC3-1MM,-12.5,-12.588,13,LT,Winter barley,precip2,-0.0627734193366708
HadGEM3-GC3-1MM,-11.5,-11.5321,21,LT,Winter barley,precip2,-0.0391370527705799
HadGEM3-GC3-1MM,-10.5,-10.4803,10,LT,Winter barley,precip2,-0.0961910577727101
HadGEM3-GC3-1MM,-9.5,-9.6161,7,LT,Winter barley,precip2,0.0240083195675423
HadGEM3-GC3-1MM,-8.5,-8.6582,7,LT,Winter barley,precip2,-0.00152532605306509
HadGEM3-GC3-1MM,-7.5,-7.6345,8,LT,Winter barley,precip2,-0.0143944358389996
HadGEM3-GC3-1MM,-6.5,-6.4299,4,LT,Winter barley,precip2,0.01698970840476
HadGEM3-GC3-1MM,-5.5,-5.3528,4,LT,Winter barley,precip2,-0.00230785099201728
HadGEM3-GC3-1MM,-4.5,-4.3969,4,LT,Winter barley,precip2,0.0143031264111832
IPSL-CM6A-LR,-9.5,-9.3401,5,LT,Winter barley,precip2,-0.00463078454128348
IPSL-CM6A-LR,-8.5,-8.4598,8,LT,Winter barley,precip2,-0.0130970207330603
IPSL-CM6A-LR,-7.5,-7.5255,19,LT,Winter barley,precip2,0.0233267729310169
IPSL-CM6A-LR,-6.5,-6.5577,11,LT,Winter barley,precip2,0.0390759006740943
IPSL-CM6A-LR,-5.5,-5.5623,13,LT,Winter barley,precip2,0.0165557033025285
IPSL-CM6A-LR,-4.5,-4.3507,11,LT,Winter barley,precip2,0.0145091666808182
IPSL-CM6A-LR,-3.5,-3.4644,8,LT,Winter barley,precip2,-0.0103850411269455
IPSL-CM6A-LR,-2.5,-2.5669,9,LT,Winter barley,precip2,0.000188941142163525
IPSL-CM6A-LR,-1.5,-1.2909,6,LT,Winter barley,precip2,0.0255568594070749
IPSL-CM6A-LR,-0.5,-0.6347,8,LT,Winter barley,precip2,0.00195744101880233
EC-Earth3,-9.5,-9.1554,4,LV,Winter barley,precip2,0.00422543488543241
EC-Earth3,-8.5,-8.4726,15,LV,Winter barley,precip2,0.0229582942024972
EC-Earth3,-7.5,-7.5562,20,LV,Winter barley,precip2,0.0103757260916491
EC-Earth3,-6.5,-6.4767,21,LV,Winter barley,precip2,0.0129548641211777
EC-Earth3,-5.5,-5.3342,8,LV,Winter barley,precip2,0.0196351574615521
EC-Earth3,-4.5,-4.5495,8,LV,Winter barley,precip2,-0.000807044700179957
EC-Earth3,-3.5,-3.3459,9,LV,Winter barley,precip2,0.0182680303069765
EC-Earth3,-2.5,-2.4493,5,LV,Winter barley,precip2,0.00614444772057225
EC-Earth3,-1.5,-1.3807,6,LV,Winter barley,precip2,0.0252022098513454
EC-Earth3,-0.5,-0.6596,3,LV,Winter barley,precip2,0.0232216648129231
HadGEM3-GC3-1LL,-8.5,-8.3848,12,LV,Winter barley,precip2,0.022262519553187
HadGEM3-GC3-1LL,-7.5,-7.5599,19,LV,Winter barley,precip2,0.00894357688052553
HadGEM3-GC3-1LL,-6.5,-6.5442,24,LV,Winter barley,precip2,0.0172295362910259
HadGEM3-GC3-1LL,-5.5,-5.5797,10,LV,Winter barley,precip2,0.0245638730557076
HadGEM3-GC3-1LL,-4.5,-4.5263,6,LV,Winter barley,precip2,0.0116716577488285
HadGEM3-GC3-1LL,-3.5,-3.7835,7,LV,Winter barley,precip2,-0.00516252329995146
HadGEM3-GC3-1LL,-2.5,-2.4504,6,LV,Winter barley,precip2,-0.0325234923635122
HadGEM3-GC3-1LL,-1.5,-1.3098,8,LV,Winter barley,precip2,-0.055223068693183
HadGEM3-GC3-1LL,-0.5,-0.331,6,LV,Winter barley,precip2,-0.00274625608379481
HadGEM3-GC3-1MM,-14.5,-14.3032,4,LV,Winter barley,precip2,-0.0579804193348785
HadGEM3-GC3-1MM,-13.5,-13.3931,8,LV,Winter barley,precip2,-0.100865218649168
HadGEM3-GC3-1MM,-12.5,-12.588,13,LV,Winter barley,precip2,-0.104933575833084
HadGEM3-GC3-1MM,-11.5,-11.5321,21,LV,Winter barley,precip2,-0.0831683900832839
HadGEM3-GC3-1MM,-10.5,-10.4803,10,LV,Winter barley,precip2,-0.134730121626849
HadGEM3-GC3-1MM,-9.5,-9.6161,7,LV,Winter barley,precip2,-0.00194639511972494
HadGEM3-GC3-1MM,-8.5,-8.6582,7,LV,Winter barley,precip2,-0.0197527823050737
HadGEM3-GC3-1MM,-7.5,-7.6345,8,LV,Winter barley,precip2,-0.0334611433970047
HadGEM3-GC3-1MM,-6.5,-6.4299,4,LV,Winter barley,precip2,0.00897982552581932
HadGEM3-GC3-1MM,-5.5,-5.3528,4,LV,Winter barley,precip2,-0.00492027589155017
HadGEM3-GC3-1MM,-4.5,-4.3969,4,LV,Winter barley,precip2,0.00352934197796541
IPSL-CM6A-LR,-9.5,-9.3401,5,LV,Winter barley,precip2,-0.0402622844827403
IPSL-CM6A-LR,-8.5,-8.4598,8,LV,Winter barley,precip2,-0.052718677115742
IPSL-CM6A-LR,-7.5,-7.5255,19,LV,Winter barley,precip2,-0.00132235290146666
IPSL-CM6A-LR,-6.5,-6.5577,11,LV,Winter barley,precip2,0.0122237117383434
IPSL-CM6A-LR,-5.5,-5.5623,13,LV,Winter barley,precip2,0.00282502509939095
IPSL-CM6A-LR,-4.5,-4.3507,11,LV,Winter barley,precip2,-0.00216829574931114
IPSL-CM6A-LR,-3.5,-3.4644,8,LV,Winter barley,precip2,-0.00332452578533575
IPSL-CM6A-LR,-2.5,-2.5669,9,LV,Winter barley,precip2,-0.00855979314322705
IPSL-CM6A-LR,-1.5,-1.2909,6,LV,Winter barley,precip2,0.0185470361041945
IPSL-CM6A-LR,-0.5,-0.6347,8,LV,Winter barley,precip2,-0.00591993842396491
EC-Earth3,-9.5,-9.1554,4,SE,Winter barley,precip2,-0.0404355492149036
EC-Earth3,-8.5,-8.4726,15,SE,Winter barley,precip2,0.00685418323003986
EC-Earth3,-7.5,-7.5562,20,SE,Winter barley,precip2,0.0171143127850151
EC-Earth3,-6.5,-6.4767,21,SE,Winter barley,precip2,0.0278127396529785
EC-Earth3,-5.5,-5.3342,8,SE,Winter barley,precip2,0.0108467338046314
EC-Earth3,-4.5,-4.5495,8,SE,Winter barley,precip2,0.0159801927789159
EC-Earth3,-3.5,-3.3459,9,SE,Winter barley,precip2,0.0427381340681227
EC-Earth3,-2.5,-2.4493,5,SE,Winter barley,precip2,-0.00429781050429452
EC-Earth3,-1.5,-1.3807,6,SE,Winter barley,precip2,0.0177551749245683
EC-Earth3,-0.5,-0.6596,3,SE,Winter barley,precip2,-0.0291564404395826
HadGEM3-GC3-1LL,-8.5,-8.3848,12,SE,Winter barley,precip2,0.040070156198009
HadGEM3-GC3-1LL,-7.5,-7.5599,19,SE,Winter barley,precip2,0.016816603761671
HadGEM3-GC3-1LL,-6.5,-6.5442,24,SE,Winter barley,precip2,0.0320737887943126
HadGEM3-GC3-1LL,-5.5,-5.5797,10,SE,Winter barley,precip2,0.0391413621928544
HadGEM3-GC3-1LL,-4.5,-4.5263,6,SE,Winter barley,precip2,0.0125077694370178
HadGEM3-GC3-1LL,-3.5,-3.7835,7,SE,Winter barley,precip2,0.0124464408814728
HadGEM3-GC3-1LL,-2.5,-2.4504,6,SE,Winter barley,precip2,-0.0140032688198751
HadGEM3-GC3-1LL,-1.5,-1.3098,8,SE,Winter barley,precip2,-0.0458858033305597
HadGEM3-GC3-1LL,-0.5,-0.331,6,SE,Winter barley,precip2,-0.0181910826243849
HadGEM3-GC3-1MM,-14.5,-14.3032,4,SE,Winter barley,precip2,-0.173289352956384
HadGEM3-GC3-1MM,-13.5,-13.3931,8,SE,Winter barley,precip2,-0.103529506174665
HadGEM3-GC3-1MM,-12.5,-12.588,13,SE,Winter barley,precip2,-0.102687182231011
HadGEM3-GC3-1MM,-11.5,-11.5321,21,SE,Winter barley,precip2,-0.134142086190392
HadGEM3-GC3-1MM,-10.5,-10.4803,10,SE,Winter barley,precip2,-0.111871446160995
HadGEM3-GC3-1MM,-9.5,-9.6161,7,SE,Winter barley,precip2,-0.0183221471305526
HadGEM3-GC3-1MM,-8.5,-8.6582,7,SE,Winter barley,precip2,-0.0332690806424115
HadGEM3-GC3-1MM,-7.5,-7.6345,8,SE,Winter barley,precip2,-0.05137915009394
HadGEM3-GC3-1MM,-6.5,-6.4299,4,SE,Winter barley,precip2,0.0374453317352147
HadGEM3-GC3-1MM,-5.5,-5.3528,4,SE,Winter barley,precip2,0.0086861390542433
HadGEM3-GC3-1MM,-4.5,-4.3969,4,SE,Winter barley,precip2,0.030323970984372
IPSL-CM6A-LR,-9.5,-9.3401,5,SE,Winter barley,precip2,-0.043641040569009
IPSL-CM6A-LR,-8.5,-8.4598,8,SE,Winter barley,precip2,-0.0561485589286008
IPSL-CM6A-LR,-7.5,-7.5255,19,SE,Winter barley,precip2,-0.00397829083710514
IPSL-CM6A-LR,-6.5,-6.5577,11,SE,Winter barley,precip2,-0.0296623196946346
IPSL-CM6A-LR,-5.5,-5.5623,13,SE,Winter barley,precip2,0.00771712505582869
IPSL-CM6A-LR,-4.5,-4.3507,11,SE,Winter barley,precip2,0.00467599155852704
IPSL-CM6A-LR,-3.5,-3.4644,8,SE,Winter barley,precip2,-0.0191386504277606
IPSL-CM6A-LR,-2.5,-2.5669,9,SE,Winter barley,precip2,0.0262487130654874
IPSL-CM6A-LR,-1.5,-1.2909,6,SE,Winter barley,precip2,0.0202907261163297
IPSL-CM6A-LR,-0.5,-0.6347,8,SE,Winter barley,precip2,-0.0413903505079191
EC-Earth3,-9.5,-9.1554,4,SK,Winter barley,precip2,-0.0683501891079083
EC-Earth3,-8.5,-8.4726,15,SK,Winter barley,precip2,-0.0176559415575227
EC-Earth3,-7.5,-7.5562,20,SK,Winter barley,precip2,-0.00928829397968321
EC-Earth3,-6.5,-6.4767,21,SK,Winter barley,precip2,0.0312200855302365
EC-Earth3,-5.5,-5.3342,8,SK,Winter barley,precip2,0.0435226433225368
EC-Earth3,-4.5,-4.5495,8,SK,Winter barley,precip2,-0.00277688955623647
EC-Earth3,-3.5,-3.3459,9,SK,Winter barley,precip2,0.0148629093503289
EC-Earth3,-2.5,-2.4493,5,SK,Winter barley,precip2,0.036890324858306
EC-Earth3,-1.5,-1.3807,6,SK,Winter barley,precip2,-0.0215865030009958
EC-Earth3,-0.5,-0.6596,3,SK,Winter barley,precip2,0.0397745307226465
HadGEM3-GC3-1LL,-8.5,-8.3848,12,SK,Winter barley,precip2,0.0429835785572629
HadGEM3-GC3-1LL,-7.5,-7.5599,19,SK,Winter barley,precip2,0.0302258511698616
HadGEM3-GC3-1LL,-6.5,-6.5442,24,SK,Winter barley,precip2,-0.00514387563586316
HadGEM3-GC3-1LL,-5.5,-5.5797,10,SK,Winter barley,precip2,0.021349732113891
HadGEM3-GC3-1LL,-4.5,-4.5263,6,SK,Winter barley,precip2,-0.0174473279574836
HadGEM3-GC3-1LL,-3.5,-3.7835,7,SK,Winter barley,precip2,0.0140418057289103
HadGEM3-GC3-1LL,-2.5,-2.4504,6,SK,Winter barley,precip2,0.023183815602474
HadGEM3-GC3-1LL,-1.5,-1.3098,8,SK,Winter barley,precip2,-0.0069763473640153
HadGEM3-GC3-1LL,-0.5,-0.331,6,SK,Winter barley,precip2,-0.0457364871958583
HadGEM3-GC3-1MM,-14.5,-14.3032,4,SK,Winter barley,precip2,0.0522275046927307
HadGEM3-GC3-1MM,-13.5,-13.3931,8,SK,Winter barley,precip2,0.0498453212658216
HadGEM3-GC3-1MM,-12.5,-12.588,13,SK,Winter barley,precip2,0.0392910908196669
HadGEM3-GC3-1MM,-11.5,-11.5321,21,SK,Winter barley,precip2,0.0349306962710599
HadGEM3-GC3-1MM,-10.5,-10.4803,10,SK,Winter barley,precip2,0.0226732265246152
HadGEM3-GC3-1MM,-9.5,-9.6161,7,SK,Winter barley,precip2,0.0744227063447114
HadGEM3-GC3-1MM,-8.5,-8.6582,7,SK,Winter barley,precip2,0.038278747640187
HadGEM3-GC3-1MM,-7.5,-7.6345,8,SK,Winter barley,precip2,0.00885976354768912
HadGEM3-GC3-1MM,-6.5,-6.4299,4,SK,Winter barley,precip2,0.0348809865131951
HadGEM3-GC3-1MM,-5.5,-5.3528,4,SK,Winter barley,precip2,0.0312163807317408
HadGEM3-GC3-1MM,-4.5,-4.3969,4,SK,Winter barley,precip2,0.0140395390718385
IPSL-CM6A-LR,-9.5,-9.3401,5,SK,Winter barley,precip2,0.0199328931635511
IPSL-CM6A-LR,-8.5,-8.4598,8,SK,Winter barley,precip2,0.0227179946642756
IPSL-CM6A-LR,-7.5,-7.5255,19,SK,Winter barley,precip2,0.0257984563030409
IPSL-CM6A-LR,-6.5,-6.5577,11,SK,Winter barley,precip2,0.0420167020504856
IPSL-CM6A-LR,-5.5,-5.5623,13,SK,Winter barley,precip2,0.0250056165998582
IPSL-CM6A-LR,-4.5,-4.3507,11,SK,Winter barley,precip2,0.00467112709755678
IPSL-CM6A-LR,-3.5,-3.4644,8,SK,Winter barley,precip2,-0.0158271920204011
IPSL-CM6A-LR,-2.5,-2.5669,9,SK,Winter barley,precip2,0.0262805621156145
IPSL-CM6A-LR,-1.5,-1.2909,6,SK,Winter barley,precip2,0.0388843532136307
IPSL-CM6A-LR,-0.5,-0.6347,8,SK,Winter barley,precip2,0.00392063449570383
EC-Earth3,-9.5,-9.1554,4,CZ,Soft wheat,n_day,0.0060172125748599
EC-Earth3,-8.5,-8.4726,15,CZ,Soft wheat,n_day,-0.0147085111645547
EC-Earth3,-7.5,-7.5562,20,CZ,Soft wheat,n_day,-0.00403344835902752
EC-Earth3,-6.5,-6.4767,21,CZ,Soft wheat,n_day,-0.0117482163414814
EC-Earth3,-5.5,-5.3342,8,CZ,Soft wheat,n_day,-0.0110933314708763
EC-Earth3,-4.5,-4.5495,8,CZ,Soft wheat,n_day,-0.00525444363351342
EC-Earth3,-3.5,-3.3459,9,CZ,Soft wheat,n_day,-0.0114089437230058
EC-Earth3,-2.5,-2.4493,5,CZ,Soft wheat,n_day,-0.00580717408542547
EC-Earth3,-1.5,-1.3807,6,CZ,Soft wheat,n_day,-0.00937681112249787
EC-Earth3,-0.5,-0.6596,3,CZ,Soft wheat,n_day,0.00176407590351093
HadGEM3-GC3-1LL,-8.5,-8.3848,12,CZ,Soft wheat,n_day,-0.00937200877920937
HadGEM3-GC3-1LL,-7.5,-7.5599,19,CZ,Soft wheat,n_day,-0.00434180699249844
HadGEM3-GC3-1LL,-6.5,-6.5442,24,CZ,Soft wheat,n_day,-0.0113552863637268
HadGEM3-GC3-1LL,-5.5,-5.5797,10,CZ,Soft wheat,n_day,-0.00899073656602811
HadGEM3-GC3-1LL,-4.5,-4.5263,6,CZ,Soft wheat,n_day,-0.00515238655637171
HadGEM3-GC3-1LL,-3.5,-3.7835,7,CZ,Soft wheat,n_day,-0.00809457308715695
HadGEM3-GC3-1LL,-2.5,-2.4504,6,CZ,Soft wheat,n_day,0.00988416619158757
HadGEM3-GC3-1LL,-1.5,-1.3098,8,CZ,Soft wheat,n_day,0.00768980152204432
HadGEM3-GC3-1LL,-0.5,-0.331,6,CZ,Soft wheat,n_day,8.44511919608724e-05
HadGEM3-GC3-1MM,-14.5,-14.3032,4,CZ,Soft wheat,n_day,0.00631910385335558
HadGEM3-GC3-1MM,-13.5,-13.3931,8,CZ,Soft wheat,n_day,0.0127453143550064
HadGEM3-GC3-1MM,-12.5,-12.588,13,CZ,Soft wheat,n_day,0.00697077708186004
HadGEM3-GC3-1MM,-11.5,-11.5321,21,CZ,Soft wheat,n_day,0.00529657657203129
HadGEM3-GC3-1MM,-10.5,-10.4803,10,CZ,Soft wheat,n_day,0.0168459775076949
HadGEM3-GC3-1MM,-9.5,-9.6161,7,CZ,Soft wheat,n_day,-0.0130331048496454
HadGEM3-GC3-1MM,-8.5,-8.6582,7,CZ,Soft wheat,n_day,-0.00390183533300759
HadGEM3-GC3-1MM,-7.5,-7.6345,8,CZ,Soft wheat,n_day,0.00582716132479336
HadGEM3-GC3-1MM,-6.5,-6.4299,4,CZ,Soft wheat,n_day,0.0022274438970701
HadGEM3-GC3-1MM,-5.5,-5.3528,4,CZ,Soft wheat,n_day,0.0055465931618388
HadGEM3-GC3-1MM,-4.5,-4.3969,4,CZ,Soft wheat,n_day,-0.00823703854872236
IPSL-CM6A-LR,-9.5,-9.3401,5,CZ,Soft wheat,n_day,-0.00966282462977602
IPSL-CM6A-LR,-8.5,-8.4598,8,CZ,Soft wheat,n_day,-0.00516175885355805
IPSL-CM6A-LR,-7.5,-7.5255,19,CZ,Soft wheat,n_day,-0.00864553438842816
IPSL-CM6A-LR,-6.5,-6.5577,11,CZ,Soft wheat,n_day,-0.0166940201342905
IPSL-CM6A-LR,-5.5,-5.5623,13,CZ,Soft wheat,n_day,-0.00805374816566659
IPSL-CM6A-LR,-4.5,-4.3507,11,CZ,Soft wheat,n_day,-0.000389262635972736
IPSL-CM6A-LR,-3.5,-3.4644,8,CZ,Soft wheat,n_day,0.00131238260755269
IPSL-CM6A-LR,-2.5,-2.5669,9,CZ,Soft wheat,n_day,-0.00321953537078801
IPSL-CM6A-LR,-1.5,-1.2909,6,CZ,Soft wheat,n_day,-0.0125012543063438
IPSL-CM6A-LR,-0.5,-0.6347,8,CZ,Soft wheat,n_day,0.00427912695521173
EC-Earth3,-9.5,-9.1554,4,DE,Soft wheat,n_day,0.00482892154976816
EC-Earth3,-8.5,-8.4726,15,DE,Soft wheat,n_day,-0.0161326880198103
EC-Earth3,-7.5,-7.5562,20,DE,Soft wheat,n_day,-0.0069366063708633
EC-Earth3,-6.5,-6.4767,21,DE,Soft wheat,n_day,-0.0116091260849439
EC-Earth3,-5.5,-5.3342,8,DE,Soft wheat,n_day,-0.0112209668432421
EC-Earth3,-4.5,-4.5495,8,DE,Soft wheat,n_day,-0.00776576877355149
EC-Earth3,-3.5,-3.3459,9,DE,Soft wheat,n_day,-0.0169093021153821
EC-Earth3,-2.5,-2.4493,5,DE,Soft wheat,n_day,-0.00497449607143293
EC-Earth3,-1.5,-1.3807,6,DE,Soft wheat,n_day,-0.00993151860113337
EC-Earth3,-0.5,-0.6596,3,DE,Soft wheat,n_day,-0.000626446053640396
HadGEM3-GC3-1LL,-8.5,-8.3848,12,DE,Soft wheat,n_day,-0.00767749918772315
HadGEM3-GC3-1LL,-7.5,-7.5599,19,DE,Soft wheat,n_day,-0.00285862192980733
HadGEM3-GC3-1LL,-6.5,-6.5442,24,DE,Soft wheat,n_day,-0.011904948373333
HadGEM3-GC3-1LL,-5.5,-5.5797,10,DE,Soft wheat,n_day,-0.00835901115552239
HadGEM3-GC3-1LL,-4.5,-4.5263,6,DE,Soft wheat,n_day,-0.00529741298124186
HadGEM3-GC3-1LL,-3.5,-3.7835,7,DE,Soft wheat,n_day,-0.00612899105086119
HadGEM3-GC3-1LL,-2.5,-2.4504,6,DE,Soft wheat,n_day,0.0129987711270634
HadGEM3-GC3-1LL,-1.5,-1.3098,8,DE,Soft wheat,n_day,0.0118284344279528
HadGEM3-GC3-1LL,-0.5,-0.331,6,DE,Soft wheat,n_day,0.000793903871039597
HadGEM3-GC3-1MM,-14.5,-14.3032,4,DE,Soft wheat,n_day,0.0436681441156258
HadGEM3-GC3-1MM,-13.5,-13.3931,8,DE,Soft wheat,n_day,0.0509720758853742
HadGEM3-GC3-1MM,-12.5,-12.588,13,DE,Soft wheat,n_day,0.0337403167311686
HadGEM3-GC3-1MM,-11.5,-11.5321,21,DE,Soft wheat,n_day,0.029022584745967
HadGEM3-GC3-1MM,-10.5,-10.4803,10,DE,Soft wheat,n_day,0.0292528739864316
HadGEM3-GC3-1MM,-9.5,-9.6161,7,DE,Soft wheat,n_day,-0.00993571608045614
HadGEM3-GC3-1MM,-8.5,-8.6582,7,DE,Soft wheat,n_day,-0.000103260622224893
HadGEM3-GC3-1MM,-7.5,-7.6345,8,DE,Soft wheat,n_day,0.00839109684333725
HadGEM3-GC3-1MM,-6.5,-6.4299,4,DE,Soft wheat,n_day,0.00315215478210572
HadGEM3-GC3-1MM,-5.5,-5.3528,4,DE,Soft wheat,n_day,0.00754763744722074
HadGEM3-GC3-1MM,-4.5,-4.3969,4,DE,Soft wheat,n_day,-0.0108850476579862
IPSL-CM6A-LR,-9.5,-9.3401,5,DE,Soft wheat,n_day,-0.00780484379250549
IPSL-CM6A-LR,-8.5,-8.4598,8,DE,Soft wheat,n_day,-0.0032000447943984
IPSL-CM6A-LR,-7.5,-7.5255,19,DE,Soft wheat,n_day,-0.0108775169923204
IPSL-CM6A-LR,-6.5,-6.5577,11,DE,Soft wheat,n_day,-0.015755809718567
IPSL-CM6A-LR,-5.5,-5.5623,13,DE,Soft wheat,n_day,-0.0119669569564916
IPSL-CM6A-LR,-4.5,-4.3507,11,DE,Soft wheat,n_day,-0.00355560005420092
IPSL-CM6A-LR,-3.5,-3.4644,8,DE,Soft wheat,n_day,-0.00312214600414397
IPSL-CM6A-LR,-2.5,-2.5669,9,DE,Soft wheat,n_day,-0.00804708281488165
IPSL-CM6A-LR,-1.5,-1.2909,6,DE,Soft wheat,n_day,-0.0128757507780758
IPSL-CM6A-LR,-0.5,-0.6347,8,DE,Soft wheat,n_day,0.00563205753347021
EC-Earth3,-9.5,-9.1554,4,DK,Soft wheat,n_day,-0.0046790327541603
EC-Earth3,-8.5,-8.4726,15,DK,Soft wheat,n_day,-0.0111791363941698
EC-Earth3,-7.5,-7.5562,20,DK,Soft wheat,n_day,-0.0123594007917397
EC-Earth3,-6.5,-6.4767,21,DK,Soft wheat,n_day,-0.0147988793010021
EC-Earth3,-5.5,-5.3342,8,DK,Soft wheat,n_day,-0.0143837600332172
EC-Earth3,-4.5,-4.5495,8,DK,Soft wheat,n_day,-0.011839542177327
EC-Earth3,-3.5,-3.3459,9,DK,Soft wheat,n_day,-0.0242281399723896
EC-Earth3,-2.5,-2.4493,5,DK,Soft wheat,n_day,-0.00854472036516948
EC-Earth3,-1.5,-1.3807,6,DK,Soft wheat,n_day,-0.00988736567684121
EC-Earth3,-0.5,-0.6596,3,DK,Soft wheat,n_day,-0.00281877351010774
HadGEM3-GC3-1LL,-8.5,-8.3848,12,DK,Soft wheat,n_day,-0.00983882279210737
HadGEM3-GC3-1LL,-7.5,-7.5599,19,DK,Soft wheat,n_day,-0.00581088821631385
HadGEM3-GC3-1LL,-6.5,-6.5442,24,DK,Soft wheat,n_day,-0.0167565978475559
HadGEM3-GC3-1LL,-5.5,-5.5797,10,DK,Soft wheat,n_day,-0.0129467135336713
HadGEM3-GC3-1LL,-4.5,-4.5263,6,DK,Soft wheat,n_day,-0.00515082939758518
HadGEM3-GC3-1LL,-3.5,-3.7835,7,DK,Soft wheat,n_day,-0.0066226780843487
HadGEM3-GC3-1LL,-2.5,-2.4504,6,DK,Soft wheat,n_day,0.0128577331989971
HadGEM3-GC3-1LL,-1.5,-1.3098,8,DK,Soft wheat,n_day,0.0156779689567137
HadGEM3-GC3-1LL,-0.5,-0.331,6,DK,Soft wheat,n_day,-0.00516850693115173
HadGEM3-GC3-1MM,-14.5,-14.3032,4,DK,Soft wheat,n_day,0.0634058153024928
HadGEM3-GC3-1MM,-13.5,-13.3931,8,DK,Soft wheat,n_day,0.0649088209682541
HadGEM3-GC3-1MM,-12.5,-12.588,13,DK,Soft wheat,n_day,0.0605197267937421
HadGEM3-GC3-1MM,-11.5,-11.5321,21,DK,Soft wheat,n_day,0.0624131645071458
HadGEM3-GC3-1MM,-10.5,-10.4803,10,DK,Soft wheat,n_day,0.0641698801545543
HadGEM3-GC3-1MM,-9.5,-9.6161,7,DK,Soft wheat,n_day,0.00675561927288524
HadGEM3-GC3-1MM,-8.5,-8.6582,7,DK,Soft wheat,n_day,0.00743442861853144
HadGEM3-GC3-1MM,-7.5,-7.6345,8,DK,Soft wheat,n_day,0.00545500605531247
HadGEM3-GC3-1MM,-6.5,-6.4299,4,DK,Soft wheat,n_day,-0.00883465194636562
HadGEM3-GC3-1MM,-5.5,-5.3528,4,DK,Soft wheat,n_day,-0.00164288224555252
HadGEM3-GC3-1MM,-4.5,-4.3969,4,DK,Soft wheat,n_day,-0.0193614847106851
IPSL-CM6A-LR,-9.5,-9.3401,5,DK,Soft wheat,n_day,0.0109442721751329
IPSL-CM6A-LR,-8.5,-8.4598,8,DK,Soft wheat,n_day,0.0249394939326093
IPSL-CM6A-LR,-7.5,-7.5255,19,DK,Soft wheat,n_day,-0.00240117810331305
IPSL-CM6A-LR,-6.5,-6.5577,11,DK,Soft wheat,n_day,0.00953002806653879
IPSL-CM6A-LR,-5.5,-5.5623,13,DK,Soft wheat,n_day,-0.0146465547007005
IPSL-CM6A-LR,-4.5,-4.3507,11,DK,Soft wheat,n_day,-0.0113254190473422
IPSL-CM6A-LR,-3.5,-3.4644,8,DK,Soft wheat,n_day,-0.0105547234852233
IPSL-CM6A-LR,-2.5,-2.5669,9,DK,Soft wheat,n_day,-0.0154123603704357
IPSL-CM6A-LR,-1.5,-1.2909,6,DK,Soft wheat,n_day,-0.0187244639429164
IPSL-CM6A-LR,-0.5,-0.6347,8,DK,Soft wheat,n_day,0.0100077208970627
EC-Earth3,-9.5,-9.1554,4,EE,Soft wheat,n_day,-0.000268799250428885
EC-Earth3,-8.5,-8.4726,15,EE,Soft wheat,n_day,-0.00469180257866412
EC-Earth3,-7.5,-7.5562,20,EE,Soft wheat,n_day,0.00237876949315245
EC-Earth3,-6.5,-6.4767,21,EE,Soft wheat,n_day,-0.00606195678922339
EC-Earth3,-5.5,-5.3342,8,EE,Soft wheat,n_day,-0.00433612271140073
EC-Earth3,-4.5,-4.5495,8,EE,Soft wheat,n_day,0.00270970832564557
EC-Earth3,-3.5,-3.3459,9,EE,Soft wheat,n_day,-0.00390752669370801
EC-Earth3,-2.5,-2.4493,5,EE,Soft wheat,n_day,-0.00270997494466978
EC-Earth3,-1.5,-1.3807,6,EE,Soft wheat,n_day,-0.0091780931722536
EC-Earth3,-0.5,-0.6596,3,EE,Soft wheat,n_day,-0.00585768957575021
HadGEM3-GC3-1LL,-8.5,-8.3848,12,EE,Soft wheat,n_day,-0.00239050104549791
HadGEM3-GC3-1LL,-7.5,-7.5599,19,EE,Soft wheat,n_day,0.00299589201383285
HadGEM3-GC3-1LL,-6.5,-6.5442,24,EE,Soft wheat,n_day,-0.00499995439350744
HadGEM3-GC3-1LL,-5.5,-5.5797,10,EE,Soft wheat,n_day,-0.00574224747476742
HadGEM3-GC3-1LL,-4.5,-4.5263,6,EE,Soft wheat,n_day,-0.00286309596719914
HadGEM3-GC3-1LL,-3.5,-3.7835,7,EE,Soft wheat,n_day,0.00563780922320248
HadGEM3-GC3-1LL,-2.5,-2.4504,6,EE,Soft wheat,n_day,0.0116960453988018
HadGEM3-GC3-1LL,-1.5,-1.3098,8,EE,Soft wheat,n_day,0.0347260653635761
HadGEM3-GC3-1LL,-0.5,-0.331,6,EE,Soft wheat,n_day,-0.000801903313733422
HadGEM3-GC3-1MM,-14.5,-14.3032,4,EE,Soft wheat,n_day,0.0580411188470375
HadGEM3-GC3-1MM,-13.5,-13.3931,8,EE,Soft wheat,n_day,0.0777758315619508
HadGEM3-GC3-1MM,-12.5,-12.588,13,EE,Soft wheat,n_day,0.0776445177830525
HadGEM3-GC3-1MM,-11.5,-11.5321,21,EE,Soft wheat,n_day,0.0652341352237934
HadGEM3-GC3-1MM,-10.5,-10.4803,10,EE,Soft wheat,n_day,0.0764179934063596
HadGEM3-GC3-1MM,-9.5,-9.6161,7,EE,Soft wheat,n_day,0.0276757724529259
HadGEM3-GC3-1MM,-8.5,-8.6582,7,EE,Soft wheat,n_day,0.0240426133458955
HadGEM3-GC3-1MM,-7.5,-7.6345,8,EE,Soft wheat,n_day,0.0181925533638512
HadGEM3-GC3-1MM,-6.5,-6.4299,4,EE,Soft wheat,n_day,-0.00114346763227951
HadGEM3-GC3-1MM,-5.5,-5.3528,4,EE,Soft wheat,n_day,-0.00331830533414898
HadGEM3-GC3-1MM,-4.5,-4.3969,4,EE,Soft wheat,n_day,-0.00725440747441785
IPSL-CM6A-LR,-9.5,-9.3401,5,EE,Soft wheat,n_day,0.0255048831772057
IPSL-CM6A-LR,-8.5,-8.4598,8,EE,Soft wheat,n_day,0.0404254829125562
IPSL-CM6A-LR,-7.5,-7.5255,19,EE,Soft wheat,n_day,0.0193801908090772
IPSL-CM6A-LR,-6.5,-6.5577,11,EE,Soft wheat,n_day,0.015509493095318
IPSL-CM6A-LR,-5.5,-5.5623,13,EE,Soft wheat,n_day,-0.000250895978427052
IPSL-CM6A-LR,-4.5,-4.3507,11,EE,Soft wheat,n_day,-0.00180867887281312
IPSL-CM6A-LR,-3.5,-3.4644,8,EE,Soft wheat,n_day,-0.00548305846283681
IPSL-CM6A-LR,-2.5,-2.5669,9,EE,Soft wheat,n_day,-0.00691859814705668
IPSL-CM6A-LR,-1.5,-1.2909,6,EE,Soft wheat,n_day,-0.00796224629385249
IPSL-CM6A-LR,-0.5,-0.6347,8,EE,Soft wheat,n_day,-0.00413963089525274
EC-Earth3,-9.5,-9.1554,4,EL,Soft wheat,n_day,0.00212678492387557
EC-Earth3,-8.5,-8.4726,15,EL,Soft wheat,n_day,-0.0090438233232211
EC-Earth3,-7.5,-7.5562,20,EL,Soft wheat,n_day,-0.00389162358182523
EC-Earth3,-6.5,-6.4767,21,EL,Soft wheat,n_day,-0.0025754434413075
EC-Earth3,-5.5,-5.3342,8,EL,Soft wheat,n_day,-0.0044699055070024
EC-Earth3,-4.5,-4.5495,8,EL,Soft wheat,n_day,-0.00395928590767712
EC-Earth3,-3.5,-3.3459,9,EL,Soft wheat,n_day,-0.00329958644433041
EC-Earth3,-2.5,-2.4493,5,EL,Soft wheat,n_day,-0.0120227122047832
EC-Earth3,-1.5,-1.3807,6,EL,Soft wheat,n_day,-0.003294585112699
EC-Earth3,-0.5,-0.6596,3,EL,Soft wheat,n_day,0.0101307595350557
HadGEM3-GC3-1LL,-8.5,-8.3848,12,EL,Soft wheat,n_day,-0.00442697179022572
HadGEM3-GC3-1LL,-7.5,-7.5599,19,EL,Soft wheat,n_day,-0.00596474816068354
HadGEM3-GC3-1LL,-6.5,-6.5442,24,EL,Soft wheat,n_day,-0.00132915041797571
HadGEM3-GC3-1LL,-5.5,-5.5797,10,EL,Soft wheat,n_day,-0.00418066542606424
HadGEM3-GC3-1LL,-4.5,-4.5263,6,EL,Soft wheat,n_day,-0.00833231919489115
HadGEM3-GC3-1LL,-3.5,-3.7835,7,EL,Soft wheat,n_day,-0.00674437410461923
HadGEM3-GC3-1LL,-2.5,-2.4504,6,EL,Soft wheat,n_day,-0.00304295790678491
HadGEM3-GC3-1LL,-1.5,-1.3098,8,EL,Soft wheat,n_day,-0.000606589406016543
HadGEM3-GC3-1LL,-0.5,-0.331,6,EL,Soft wheat,n_day,-0.00341202378483502
HadGEM3-GC3-1MM,-14.5,-14.3032,4,EL,Soft wheat,n_day,-0.0146039444251041
HadGEM3-GC3-1MM,-13.5,-13.3931,8,EL,Soft wheat,n_day,-0.0127243716381599
HadGEM3-GC3-1MM,-12.5,-12.588,13,EL,Soft wheat,n_day,-0.00357361737596313
HadGEM3-GC3-1MM,-11.5,-11.5321,21,EL,Soft wheat,n_day,-0.0110209119483728
HadGEM3-GC3-1MM,-10.5,-10.4803,10,EL,Soft wheat,n_day,-0.00816512900446813
HadGEM3-GC3-1MM,-9.5,-9.6161,7,EL,Soft wheat,n_day,-0.0105005795966927
HadGEM3-GC3-1MM,-8.5,-8.6582,7,EL,Soft wheat,n_day,-0.00716898031786831
HadGEM3-GC3-1MM,-7.5,-7.6345,8,EL,Soft wheat,n_day,-0.00652602608496383
HadGEM3-GC3-1MM,-6.5,-6.4299,4,EL,Soft wheat,n_day,-0.00138834694447306
HadGEM3-GC3-1MM,-5.5,-5.3528,4,EL,Soft wheat,n_day,0.00263756994348979
HadGEM3-GC3-1MM,-4.5,-4.3969,4,EL,Soft wheat,n_day,-0.00663527144311498
IPSL-CM6A-LR,-9.5,-9.3401,5,EL,Soft wheat,n_day,0.00448901991919185
IPSL-CM6A-LR,-8.5,-8.4598,8,EL,Soft wheat,n_day,-0.00373613417950435
IPSL-CM6A-LR,-7.5,-7.5255,19,EL,Soft wheat,n_day,-0.00554205204662785
IPSL-CM6A-LR,-6.5,-6.5577,11,EL,Soft wheat,n_day,-0.0103420435483024
IPSL-CM6A-LR,-5.5,-5.5623,13,EL,Soft wheat,n_day,-0.00427964580054844
IPSL-CM6A-LR,-4.5,-4.3507,11,EL,Soft wheat,n_day,0.000265395944395568
IPSL-CM6A-LR,-3.5,-3.4644,8,EL,Soft wheat,n_day,0.00388446030928709
IPSL-CM6A-LR,-2.5,-2.5669,9,EL,Soft wheat,n_day,-0.000491516285428183
IPSL-CM6A-LR,-1.5,-1.2909,6,EL,Soft wheat,n_day,-0.00131074431480748
IPSL-CM6A-LR,-0.5,-0.6347,8,EL,Soft wheat,n_day,-0.00124535271343164
EC-Earth3,-9.5,-9.1554,4,ES,Soft wheat,n_day,-0.00314320001401012
EC-Earth3,-8.5,-8.4726,15,ES,Soft wheat,n_day,-0.00911502235447483
EC-Earth3,-7.5,-7.5562,20,ES,Soft wheat,n_day,0.000887499708245784
EC-Earth3,-6.5,-6.4767,21,ES,Soft wheat,n_day,-0.00243288492158279
EC-Earth3,-5.5,-5.3342,8,ES,Soft wheat,n_day,-0.00103723657718067
EC-Earth3,-4.5,-4.5495,8,ES,Soft wheat,n_day,-0.00754939771946524
EC-Earth3,-3.5,-3.3459,9,ES,Soft wheat,n_day,-0.00400122563416833
EC-Earth3,-2.5,-2.4493,5,ES,Soft wheat,n_day,-0.00123570562051201
EC-Earth3,-1.5,-1.3807,6,ES,Soft wheat,n_day,0.00241150918577327
EC-Earth3,-0.5,-0.6596,3,ES,Soft wheat,n_day,-0.00171162142787128
HadGEM3-GC3-1LL,-8.5,-8.3848,12,ES,Soft wheat,n_day,-0.00877201106987036
HadGEM3-GC3-1LL,-7.5,-7.5599,19,ES,Soft wheat,n_day,-0.00106146661730057
HadGEM3-GC3-1LL,-6.5,-6.5442,24,ES,Soft wheat,n_day,-0.00458344631830949
HadGEM3-GC3-1LL,-5.5,-5.5797,10,ES,Soft wheat,n_day,-0.000205648729756536
HadGEM3-GC3-1LL,-4.5,-4.5263,6,ES,Soft wheat,n_day,-0.00396586415303589
HadGEM3-GC3-1LL,-3.5,-3.7835,7,ES,Soft wheat,n_day,-0.00183025197627004
HadGEM3-GC3-1LL,-2.5,-2.4504,6,ES,Soft wheat,n_day,-0.00475550254833377
HadGEM3-GC3-1LL,-1.5,-1.3098,8,ES,Soft wheat,n_day,0.00307625266048357
HadGEM3-GC3-1LL,-0.5,-0.331,6,ES,Soft wheat,n_day,0.000593852355660856
HadGEM3-GC3-1MM,-14.5,-14.3032,4,ES,Soft wheat,n_day,0.00448988503549327
HadGEM3-GC3-1MM,-13.5,-13.3931,8,ES,Soft wheat,n_day,0.00646218930454976
HadGEM3-GC3-1MM,-12.5,-12.588,13,ES,Soft wheat,n_day,0.00421284429419194
HadGEM3-GC3-1MM,-11.5,-11.5321,21,ES,Soft wheat,n_day,-0.00172321255049928
HadGEM3-GC3-1MM,-10.5,-10.4803,10,ES,Soft wheat,n_day,-0.00269114111902657
HadGEM3-GC3-1MM,-9.5,-9.6161,7,ES,Soft wheat,n_day,-0.00620764719626265
HadGEM3-GC3-1MM,-8.5,-8.6582,7,ES,Soft wheat,n_day,0.00207367192490216
HadGEM3-GC3-1MM,-7.5,-7.6345,8,ES,Soft wheat,n_day,-0.00349000870930347
HadGEM3-GC3-1MM,-6.5,-6.4299,4,ES,Soft wheat,n_day,-3.26334472376809e-05
HadGEM3-GC3-1MM,-5.5,-5.3528,4,ES,Soft wheat,n_day,0.00156820180614974
HadGEM3-GC3-1MM,-4.5,-4.3969,4,ES,Soft wheat,n_day,-0.00101304183159743
IPSL-CM6A-LR,-9.5,-9.3401,5,ES,Soft wheat,n_day,-0.00389601103148573
IPSL-CM6A-LR,-8.5,-8.4598,8,ES,Soft wheat,n_day,-0.00174544921079971
IPSL-CM6A-LR,-7.5,-7.5255,19,ES,Soft wheat,n_day,-0.0029994273907223
IPSL-CM6A-LR,-6.5,-6.5577,11,ES,Soft wheat,n_day,-0.00459533951318914
IPSL-CM6A-LR,-5.5,-5.5623,13,ES,Soft wheat,n_day,-0.00496820649253049
IPSL-CM6A-LR,-4.5,-4.3507,11,ES,Soft wheat,n_day,-0.00820799387895795
IPSL-CM6A-LR,-3.5,-3.4644,8,ES,Soft wheat,n_day,-0.00636545604850089
IPSL-CM6A-LR,-2.5,-2.5669,9,ES,Soft wheat,n_day,-0.00176175096327769
IPSL-CM6A-LR,-1.5,-1.2909,6,ES,Soft wheat,n_day,-0.0021576728039212
IPSL-CM6A-LR,-0.5,-0.6347,8,ES,Soft wheat,n_day,-0.0028079846244703
EC-Earth3,-9.5,-9.1554,4,FI,Soft wheat,n_day,0.00603811005685253
EC-Earth3,-8.5,-8.4726,15,FI,Soft wheat,n_day,0.000678873007696692
EC-Earth3,-7.5,-7.5562,20,FI,Soft wheat,n_day,-0.000702406156341089
EC-Earth3,-6.5,-6.4767,21,FI,Soft wheat,n_day,-0.00636205028855183
EC-Earth3,-5.5,-5.3342,8,FI,Soft wheat,n_day,-0.00553150394025629
EC-Earth3,-4.5,-4.5495,8,FI,Soft wheat,n_day,0.00617510657154385
EC-Earth3,-3.5,-3.3459,9,FI,Soft wheat,n_day,0.00127212563575313
EC-Earth3,-2.5,-2.4493,5,FI,Soft wheat,n_day,0.00598906663128761
EC-Earth3,-1.5,-1.3807,6,FI,Soft wheat,n_day,-0.00608509964362512
EC-Earth3,-0.5,-0.6596,3,FI,Soft wheat,n_day,-0.0060535273426862
HadGEM3-GC3-1LL,-8.5,-8.3848,12,FI,Soft wheat,n_day,-0.000858088697645662
HadGEM3-GC3-1LL,-7.5,-7.5599,19,FI,Soft wheat,n_day,0.00168060667406761
HadGEM3-GC3-1LL,-6.5,-6.5442,24,FI,Soft wheat,n_day,-0.00357854853292908
HadGEM3-GC3-1LL,-5.5,-5.5797,10,FI,Soft wheat,n_day,-0.00451452977773024
HadGEM3-GC3-1LL,-4.5,-4.5263,6,FI,Soft wheat,n_day,-0.00179844063267045
HadGEM3-GC3-1LL,-3.5,-3.7835,7,FI,Soft wheat,n_day,0.0114996141077578
HadGEM3-GC3-1LL,-2.5,-2.4504,6,FI,Soft wheat,n_day,0.0176265265858195
HadGEM3-GC3-1LL,-1.5,-1.3098,8,FI,Soft wheat,n_day,0.0379687961482899
HadGEM3-GC3-1LL,-0.5,-0.331,6,FI,Soft wheat,n_day,-0.00043007681886804
HadGEM3-GC3-1MM,-14.5,-14.3032,4,FI,Soft wheat,n_day,0.0854283405112879
HadGEM3-GC3-1MM,-13.5,-13.3931,8,FI,Soft wheat,n_day,0.092836394976259
HadGEM3-GC3-1MM,-12.5,-12.588,13,FI,Soft wheat,n_day,0.0884880959577233
HadGEM3-GC3-1MM,-11.5,-11.5321,21,FI,Soft wheat,n_day,0.0877517627863968
HadGEM3-GC3-1MM,-10.5,-10.4803,10,FI,Soft wheat,n_day,0.0909058961071869
HadGEM3-GC3-1MM,-9.5,-9.6161,7,FI,Soft wheat,n_day,0.0487992068795504
HadGEM3-GC3-1MM,-8.5,-8.6582,7,FI,Soft wheat,n_day,0.0454348315423389
HadGEM3-GC3-1MM,-7.5,-7.6345,8,FI,Soft wheat,n_day,0.0341957894198825
HadGEM3-GC3-1MM,-6.5,-6.4299,4,FI,Soft wheat,n_day,0.00324878880701432
HadGEM3-GC3-1MM,-5.5,-5.3528,4,FI,Soft wheat,n_day,0.00119969897757561
HadGEM3-GC3-1MM,-4.5,-4.3969,4,FI,Soft wheat,n_day,-0.00403831809338612
IPSL-CM6A-LR,-9.5,-9.3401,5,FI,Soft wheat,n_day,0.0308321123871877
IPSL-CM6A-LR,-8.5,-8.4598,8,FI,Soft wheat,n_day,0.0496797429234491
IPSL-CM6A-LR,-7.5,-7.5255,19,FI,Soft wheat,n_day,0.0330231804401162
IPSL-CM6A-LR,-6.5,-6.5577,11,FI,Soft wheat,n_day,0.0285499582166463
IPSL-CM6A-LR,-5.5,-5.5623,13,FI,Soft wheat,n_day,0.00045760257659521
IPSL-CM6A-LR,-4.5,-4.3507,11,FI,Soft wheat,n_day,-0.00120128294286882
IPSL-CM6A-LR,-3.5,-3.4644,8,FI,Soft wheat,n_day,-0.00701790319848062
IPSL-CM6A-LR,-2.5,-2.5669,9,FI,Soft wheat,n_day,-0.00666950841432858
IPSL-CM6A-LR,-1.5,-1.2909,6,FI,Soft wheat,n_day,-0.00635342745373307
IPSL-CM6A-LR,-0.5,-0.6347,8,FI,Soft wheat,n_day,-0.00192645175679956
EC-Earth3,-9.5,-9.1554,4,FR,Soft wheat,n_day,0.00102671293901174
EC-Earth3,-8.5,-8.4726,15,FR,Soft wheat,n_day,-0.0127847745590898
EC-Earth3,-7.5,-7.5562,20,FR,Soft wheat,n_day,-0.00247913682553017
EC-Earth3,-6.5,-6.4767,21,FR,Soft wheat,n_day,-0.00624105344816951
EC-Earth3,-5.5,-5.3342,8,FR,Soft wheat,n_day,-0.00351409296844232
EC-Earth3,-4.5,-4.5495,8,FR,Soft wheat,n_day,-0.0096601829304387
EC-Earth3,-3.5,-3.3459,9,FR,Soft wheat,n_day,-0.0121244715938909
EC-Earth3,-2.5,-2.4493,5,FR,Soft wheat,n_day,-0.00241304495748335
EC-Earth3,-1.5,-1.3807,6,FR,Soft wheat,n_day,-0.00558778057374526
EC-Earth3,-0.5,-0.6596,3,FR,Soft wheat,n_day,0.000439102701303925
HadGEM3-GC3-1LL,-8.5,-8.3848,12,FR,Soft wheat,n_day,-0.00677180330450038
HadGEM3-GC3-1LL,-7.5,-7.5599,19,FR,Soft wheat,n_day,-0.000321391449073067
HadGEM3-GC3-1LL,-6.5,-6.5442,24,FR,Soft wheat,n_day,-0.00811923319908071
HadGEM3-GC3-1LL,-5.5,-5.5797,10,FR,Soft wheat,n_day,-0.00284981005941668
HadGEM3-GC3-1LL,-4.5,-4.5263,6,FR,Soft wheat,n_day,-0.00706383433774145
HadGEM3-GC3-1LL,-3.5,-3.7835,7,FR,Soft wheat,n_day,-0.0026705915749127
HadGEM3-GC3-1LL,-2.5,-2.4504,6,FR,Soft wheat,n_day,0.00541206815091749
HadGEM3-GC3-1LL,-1.5,-1.3098,8,FR,Soft wheat,n_day,0.00810130652818324
HadGEM3-GC3-1LL,-0.5,-0.331,6,FR,Soft wheat,n_day,0.00344341683089714
HadGEM3-GC3-1MM,-14.5,-14.3032,4,FR,Soft wheat,n_day,0.0488029663930375
HadGEM3-GC3-1MM,-13.5,-13.3931,8,FR,Soft wheat,n_day,0.0458731801188129
HadGEM3-GC3-1MM,-12.5,-12.588,13,FR,Soft wheat,n_day,0.0269183578926957
HadGEM3-GC3-1MM,-11.5,-11.5321,21,FR,Soft wheat,n_day,0.0255541284718244
HadGEM3-GC3-1MM,-10.5,-10.4803,10,FR,Soft wheat,n_day,0.0108182356090615
HadGEM3-GC3-1MM,-9.5,-9.6161,7,FR,Soft wheat,n_day,-0.00493791001475496
HadGEM3-GC3-1MM,-8.5,-8.6582,7,FR,Soft wheat,n_day,0.00764325898606078
HadGEM3-GC3-1MM,-7.5,-7.6345,8,FR,Soft wheat,n_day,0.00633152924380621
HadGEM3-GC3-1MM,-6.5,-6.4299,4,FR,Soft wheat,n_day,0.00349576625265101
HadGEM3-GC3-1MM,-5.5,-5.3528,4,FR,Soft wheat,n_day,0.0116088924522488
HadGEM3-GC3-1MM,-4.5,-4.3969,4,FR,Soft wheat,n_day,-0.00613902267872771
IPSL-CM6A-LR,-9.5,-9.3401,5,FR,Soft wheat,n_day,-0.00936844396391756
IPSL-CM6A-LR,-8.5,-8.4598,8,FR,Soft wheat,n_day,-0.000476019628113396
IPSL-CM6A-LR,-7.5,-7.5255,19,FR,Soft wheat,n_day,-0.009996740291526
IPSL-CM6A-LR,-6.5,-6.5577,11,FR,Soft wheat,n_day,-0.0167678148958524
IPSL-CM6A-LR,-5.5,-5.5623,13,FR,Soft wheat,n_day,-0.0107507882354645
IPSL-CM6A-LR,-4.5,-4.3507,11,FR,Soft wheat,n_day,-0.00722399328097007
IPSL-CM6A-LR,-3.5,-3.4644,8,FR,Soft wheat,n_day,-0.00423309175746133
IPSL-CM6A-LR,-2.5,-2.5669,9,FR,Soft wheat,n_day,-0.00976092960829456
IPSL-CM6A-LR,-1.5,-1.2909,6,FR,Soft wheat,n_day,-0.00229489314795553
IPSL-CM6A-LR,-0.5,-0.6347,8,FR,Soft wheat,n_day,0.00456431763717482
EC-Earth3,-9.5,-9.1554,4,HU,Soft wheat,n_day,0.00410291752851696
EC-Earth3,-8.5,-8.4726,15,HU,Soft wheat,n_day,-0.00992009565192985
EC-Earth3,-7.5,-7.5562,20,HU,Soft wheat,n_day,-0.0013259005465811
EC-Earth3,-6.5,-6.4767,21,HU,Soft wheat,n_day,-0.00693240784555989
EC-Earth3,-5.5,-5.3342,8,HU,Soft wheat,n_day,-0.00606806221197546
EC-Earth3,-4.5,-4.5495,8,HU,Soft wheat,n_day,-0.00188218711705403
EC-Earth3,-3.5,-3.3459,9,HU,Soft wheat,n_day,-0.004120007238821
EC-Earth3,-2.5,-2.4493,5,HU,Soft wheat,n_day,-0.0109222628953869
EC-Earth3,-1.5,-1.3807,6,HU,Soft wheat,n_day,-0.00526185914174553
EC-Earth3,-0.5,-0.6596,3,HU,Soft wheat,n_day,0.00714727387899985
HadGEM3-GC3-1LL,-8.5,-8.3848,12,HU,Soft wheat,n_day,-0.00595957156719615
HadGEM3-GC3-1LL,-7.5,-7.5599,19,HU,Soft wheat,n_day,-0.00519773575834732
HadGEM3-GC3-1LL,-6.5,-6.5442,24,HU,Soft wheat,n_day,-0.00626246547674846
HadGEM3-GC3-1LL,-5.5,-5.5797,10,HU,Soft wheat,n_day,-0.00587725163488564
HadGEM3-GC3-1LL,-4.5,-4.5263,6,HU,Soft wheat,n_day,-0.00472964784080194
HadGEM3-GC3-1LL,-3.5,-3.7835,7,HU,Soft wheat,n_day,-0.00576736459243375
HadGEM3-GC3-1LL,-2.5,-2.4504,6,HU,Soft wheat,n_day,0.0018379203846011
HadGEM3-GC3-1LL,-1.5,-1.3098,8,HU,Soft wheat,n_day,0.00215060282397937
HadGEM3-GC3-1LL,-0.5,-0.331,6,HU,Soft wheat,n_day,-0.00238940870975817
HadGEM3-GC3-1MM,-14.5,-14.3032,4,HU,Soft wheat,n_day,-0.00927077906442203
HadGEM3-GC3-1MM,-13.5,-13.3931,8,HU,Soft wheat,n_day,-0.00613781894475301
HadGEM3-GC3-1MM,-12.5,-12.588,13,HU,Soft wheat,n_day,-0.00112460577799276
HadGEM3-GC3-1MM,-11.5,-11.5321,21,HU,Soft wheat,n_day,-0.00621974444147154
HadGEM3-GC3-1MM,-10.5,-10.4803,10,HU,Soft wheat,n_day,0.00158006496599778
HadGEM3-GC3-1MM,-9.5,-9.6161,7,HU,Soft wheat,n_day,-0.00805505856785688
HadGEM3-GC3-1MM,-8.5,-8.6582,7,HU,Soft wheat,n_day,-0.00690579750097836
HadGEM3-GC3-1MM,-7.5,-7.6345,8,HU,Soft wheat,n_day,0.00469849555817446
HadGEM3-GC3-1MM,-6.5,-6.4299,4,HU,Soft wheat,n_day,0.00148313650245956
HadGEM3-GC3-1MM,-5.5,-5.3528,4,HU,Soft wheat,n_day,0.00553893837275351
HadGEM3-GC3-1MM,-4.5,-4.3969,4,HU,Soft wheat,n_day,-0.00517565773410447
IPSL-CM6A-LR,-9.5,-9.3401,5,HU,Soft wheat,n_day,-0.00494446876177898
IPSL-CM6A-LR,-8.5,-8.4598,8,HU,Soft wheat,n_day,-0.00635421467777758
IPSL-CM6A-LR,-7.5,-7.5255,19,HU,Soft wheat,n_day,-0.00647444877294766
IPSL-CM6A-LR,-6.5,-6.5577,11,HU,Soft wheat,n_day,-0.0153206290097319
IPSL-CM6A-LR,-5.5,-5.5623,13,HU,Soft wheat,n_day,-0.00493918092738905
IPSL-CM6A-LR,-4.5,-4.3507,11,HU,Soft wheat,n_day,0.000522540604257896
IPSL-CM6A-LR,-3.5,-3.4644,8,HU,Soft wheat,n_day,0.00516463406360403
IPSL-CM6A-LR,-2.5,-2.5669,9,HU,Soft wheat,n_day,-0.00188289614392416
IPSL-CM6A-LR,-1.5,-1.2909,6,HU,Soft wheat,n_day,-0.00865780114143117
IPSL-CM6A-LR,-0.5,-0.6347,8,HU,Soft wheat,n_day,0.000541651310978134
EC-Earth3,-9.5,-9.1554,4,IT,Soft wheat,n_day,0.00689241316541132
EC-Earth3,-8.5,-8.4726,15,IT,Soft wheat,n_day,-0.00677389864426288
EC-Earth3,-7.5,-7.5562,20,IT,Soft wheat,n_day,0.000749587510203884
EC-Earth3,-6.5,-6.4767,21,IT,Soft wheat,n_day,-0.00333968466953961
EC-Earth3,-5.5,-5.3342,8,IT,Soft wheat,n_day,-0.00371812224668231
EC-Earth3,-4.5,-4.5495,8,IT,Soft wheat,n_day,-0.00279620673622235
EC-Earth3,-3.5,-3.3459,9,IT,Soft wheat,n_day,-0.00110029748941677
EC-Earth3,-2.5,-2.4493,5,IT,Soft wheat,n_day,-0.00671203934399997
EC-Earth3,-1.5,-1.3807,6,IT,Soft wheat,n_day,-0.00249469845093706
EC-Earth3,-0.5,-0.6596,3,IT,Soft wheat,n_day,0.00222199912513235
HadGEM3-GC3-1LL,-8.5,-8.3848,12,IT,Soft wheat,n_day,-0.00542577461328888
HadGEM3-GC3-1LL,-7.5,-7.5599,19,IT,Soft wheat,n_day,-0.0030515369590549
HadGEM3-GC3-1LL,-6.5,-6.5442,24,IT,Soft wheat,n_day,-0.00345087384443212
HadGEM3-GC3-1LL,-5.5,-5.5797,10,IT,Soft wheat,n_day,-0.00255052812273762
HadGEM3-GC3-1LL,-4.5,-4.5263,6,IT,Soft wheat,n_day,-0.00696185939285422
HadGEM3-GC3-1LL,-3.5,-3.7835,7,IT,Soft wheat,n_day,-0.00475402980509811
HadGEM3-GC3-1LL,-2.5,-2.4504,6,IT,Soft wheat,n_day,-0.000776980159717521
HadGEM3-GC3-1LL,-1.5,-1.3098,8,IT,Soft wheat,n_day,0.00189474688184712
HadGEM3-GC3-1LL,-0.5,-0.331,6,IT,Soft wheat,n_day,0.000130309190639377
HadGEM3-GC3-1MM,-14.5,-14.3032,4,IT,Soft wheat,n_day,-0.00384392760928309
HadGEM3-GC3-1MM,-13.5,-13.3931,8,IT,Soft wheat,n_day,-0.00115071405086282
HadGEM3-GC3-1MM,-12.5,-12.588,13,IT,Soft wheat,n_day,-0.00122086593914201
HadGEM3-GC3-1MM,-11.5,-11.5321,21,IT,Soft wheat,n_day,-0.0040695768259226
HadGEM3-GC3-1MM,-10.5,-10.4803,10,IT,Soft wheat,n_day,-0.00143573587561934
HadGEM3-GC3-1MM,-9.5,-9.6161,7,IT,Soft wheat,n_day,-0.00446402532057472
HadGEM3-GC3-1MM,-8.5,-8.6582,7,IT,Soft wheat,n_day,-0.00171418981194313
HadGEM3-GC3-1MM,-7.5,-7.6345,8,IT,Soft wheat,n_day,0.00176824214539169
HadGEM3-GC3-1MM,-6.5,-6.4299,4,IT,Soft wheat,n_day,0.00221737477908261
HadGEM3-GC3-1MM,-5.5,-5.3528,4,IT,Soft wheat,n_day,0.00272268769229913
HadGEM3-GC3-1MM,-4.5,-4.3969,4,IT,Soft wheat,n_day,-0.00319521526330458
IPSL-CM6A-LR,-9.5,-9.3401,5,IT,Soft wheat,n_day,-0.000736206553740883
IPSL-CM6A-LR,-8.5,-8.4598,8,IT,Soft wheat,n_day,-0.0011576006369494
IPSL-CM6A-LR,-7.5,-7.5255,19,IT,Soft wheat,n_day,-0.00241282301840545
IPSL-CM6A-LR,-6.5,-6.5577,11,IT,Soft wheat,n_day,-0.00760018842706422
IPSL-CM6A-LR,-5.5,-5.5623,13,IT,Soft wheat,n_day,-0.00278510482002855
IPSL-CM6A-LR,-4.5,-4.3507,11,IT,Soft wheat,n_day,-0.00293880652233007
IPSL-CM6A-LR,-3.5,-3.4644,8,IT,Soft wheat,n_day,0.00011106850748852
IPSL-CM6A-LR,-2.5,-2.5669,9,IT,Soft wheat,n_day,-0.00139557700503952
IPSL-CM6A-LR,-1.5,-1.2909,6,IT,Soft wheat,n_day,-0.00307999755835907
IPSL-CM6A-LR,-0.5,-0.6347,8,IT,Soft wheat,n_day,0.000563933969379603
EC-Earth3,-9.5,-9.1554,4,LT,Soft wheat,n_day,-9.04638906891926e-05
EC-Earth3,-8.5,-8.4726,15,LT,Soft wheat,n_day,-0.00996363671172774
EC-Earth3,-7.5,-7.5562,20,LT,Soft wheat,n_day,-0.00131950528587802
EC-Earth3,-6.5,-6.4767,21,LT,Soft wheat,n_day,-0.00709728044603315
EC-Earth3,-5.5,-5.3342,8,LT,Soft wheat,n_day,-0.00614023458472617
EC-Earth3,-4.5,-4.5495,8,LT,Soft wheat,n_day,0.00239232320569402
EC-Earth3,-3.5,-3.3459,9,LT,Soft wheat,n_day,-0.0116306344147036
EC-Earth3,-2.5,-2.4493,5,LT,Soft wheat,n_day,-0.00893320328479191
EC-Earth3,-1.5,-1.3807,6,LT,Soft wheat,n_day,-0.012285631391135
EC-Earth3,-0.5,-0.6596,3,LT,Soft wheat,n_day,-0.00574694277921537
HadGEM3-GC3-1LL,-8.5,-8.3848,12,LT,Soft wheat,n_day,-0.00603682680250899
HadGEM3-GC3-1LL,-7.5,-7.5599,19,LT,Soft wheat,n_day,-0.000632089039930016
HadGEM3-GC3-1LL,-6.5,-6.5442,24,LT,Soft wheat,n_day,-0.00992967022325132
HadGEM3-GC3-1LL,-5.5,-5.5797,10,LT,Soft wheat,n_day,-0.0087809951703188
HadGEM3-GC3-1LL,-4.5,-4.5263,6,LT,Soft wheat,n_day,-0.00284758178300768
HadGEM3-GC3-1LL,-3.5,-3.7835,7,LT,Soft wheat,n_day,-0.00119223550636634
HadGEM3-GC3-1LL,-2.5,-2.4504,6,LT,Soft wheat,n_day,0.0188327858282007
HadGEM3-GC3-1LL,-1.5,-1.3098,8,LT,Soft wheat,n_day,0.0211203730660869
HadGEM3-GC3-1LL,-0.5,-0.331,6,LT,Soft wheat,n_day,-0.00461778157126736
HadGEM3-GC3-1MM,-14.5,-14.3032,4,LT,Soft wheat,n_day,0.0233866516551941
HadGEM3-GC3-1MM,-13.5,-13.3931,8,LT,Soft wheat,n_day,0.0542888205392523
HadGEM3-GC3-1MM,-12.5,-12.588,13,LT,Soft wheat,n_day,0.0618994259185659
HadGEM3-GC3-1MM,-11.5,-11.5321,21,LT,Soft wheat,n_day,0.0373512976015367
HadGEM3-GC3-1MM,-10.5,-10.4803,10,LT,Soft wheat,n_day,0.0589578843738191
HadGEM3-GC3-1MM,-9.5,-9.6161,7,LT,Soft wheat,n_day,-0.00133545194948781
HadGEM3-GC3-1MM,-8.5,-8.6582,7,LT,Soft wheat,n_day,0.00285894373092678
HadGEM3-GC3-1MM,-7.5,-7.6345,8,LT,Soft wheat,n_day,0.00259268438773161
HadGEM3-GC3-1MM,-6.5,-6.4299,4,LT,Soft wheat,n_day,-0.00223800349764906
HadGEM3-GC3-1MM,-5.5,-5.3528,4,LT,Soft wheat,n_day,-0.00147129086576767
HadGEM3-GC3-1MM,-4.5,-4.3969,4,LT,Soft wheat,n_day,-0.0107499393577145
IPSL-CM6A-LR,-9.5,-9.3401,5,LT,Soft wheat,n_day,0.00191032044234894
IPSL-CM6A-LR,-8.5,-8.4598,8,LT,Soft wheat,n_day,0.00841631237843723
IPSL-CM6A-LR,-7.5,-7.5255,19,LT,Soft wheat,n_day,-0.00520590104707511
IPSL-CM6A-LR,-6.5,-6.5577,11,LT,Soft wheat,n_day,-0.0116061849172873
IPSL-CM6A-LR,-5.5,-5.5623,13,LT,Soft wheat,n_day,-0.00511642790227814
IPSL-CM6A-LR,-4.5,-4.3507,11,LT,Soft wheat,n_day,-0.00577726701819818
IPSL-CM6A-LR,-3.5,-3.4644,8,LT,Soft wheat,n_day,-0.00320831375481793
IPSL-CM6A-LR,-2.5,-2.5669,9,LT,Soft wheat,n_day,-0.00738024991844727
IPSL-CM6A-LR,-1.5,-1.2909,6,LT,Soft wheat,n_day,-0.013022535818297
IPSL-CM6A-LR,-0.5,-0.6347,8,LT,Soft wheat,n_day,-0.00082605866415368
EC-Earth3,-9.5,-9.1554,4,LV,Soft wheat,n_day,-0.000445963178879642
EC-Earth3,-8.5,-8.4726,15,LV,Soft wheat,n_day,-0.00784046715841183
EC-Earth3,-7.5,-7.5562,20,LV,Soft wheat,n_day,0.000432951323939317
EC-Earth3,-6.5,-6.4767,21,LV,Soft wheat,n_day,-0.00579879094264645
EC-Earth3,-5.5,-5.3342,8,LV,Soft wheat,n_day,-0.0059335221478624
EC-Earth3,-4.5,-4.5495,8,LV,Soft wheat,n_day,0.00296271075829134
EC-Earth3,-3.5,-3.3459,9,LV,Soft wheat,n_day,-0.00780168260725019
EC-Earth3,-2.5,-2.4493,5,LV,Soft wheat,n_day,-0.00664145763441348
EC-Earth3,-1.5,-1.3807,6,LV,Soft wheat,n_day,-0.0113097263129439
EC-Earth3,-0.5,-0.6596,3,LV,Soft wheat,n_day,-0.00469989716154632
HadGEM3-GC3-1LL,-8.5,-8.3848,12,LV,Soft wheat,n_day,-0.00344562443826759
HadGEM3-GC3-1LL,-7.5,-7.5599,19,LV,Soft wheat,n_day,0.000999645275458169
HadGEM3-GC3-1LL,-6.5,-6.5442,24,LV,Soft wheat,n_day,-0.00850836328294456
HadGEM3-GC3-1LL,-5.5,-5.5797,10,LV,Soft wheat,n_day,-0.00755737062463683
HadGEM3-GC3-1LL,-4.5,-4.5263,6,LV,Soft wheat,n_day,-0.00166079959823543
HadGEM3-GC3-1LL,-3.5,-3.7835,7,LV,Soft wheat,n_day,0.000785521790342122
HadGEM3-GC3-1LL,-2.5,-2.4504,6,LV,Soft wheat,n_day,0.0175508518060448
HadGEM3-GC3-1LL,-1.5,-1.3098,8,LV,Soft wheat,n_day,0.0264496846115067
HadGEM3-GC3-1LL,-0.5,-0.331,6,LV,Soft wheat,n_day,-0.00228954873219192
HadGEM3-GC3-1MM,-14.5,-14.3032,4,LV,Soft wheat,n_day,0.0420783784195899
HadGEM3-GC3-1MM,-13.5,-13.3931,8,LV,Soft wheat,n_day,0.0702750283338159
HadGEM3-GC3-1MM,-12.5,-12.588,13,LV,Soft wheat,n_day,0.0734148360788009
HadGEM3-GC3-1MM,-11.5,-11.5321,21,LV,Soft wheat,n_day,0.0527548790209301
HadGEM3-GC3-1MM,-10.5,-10.4803,10,LV,Soft wheat,n_day,0.0676914291786283
HadGEM3-GC3-1MM,-9.5,-9.6161,7,LV,Soft wheat,n_day,0.010843006542305
HadGEM3-GC3-1MM,-8.5,-8.6582,7,LV,Soft wheat,n_day,0.00980890858927788
HadGEM3-GC3-1MM,-7.5,-7.6345,8,LV,Soft wheat,n_day,0.00783362256193792
HadGEM3-GC3-1MM,-6.5,-6.4299,4,LV,Soft wheat,n_day,-0.0014467397715558
HadGEM3-GC3-1MM,-5.5,-5.3528,4,LV,Soft wheat,n_day,-0.00263386680189082
HadGEM3-GC3-1MM,-4.5,-4.3969,4,LV,Soft wheat,n_day,-0.00836371115611332
IPSL-CM6A-LR,-9.5,-9.3401,5,LV,Soft wheat,n_day,0.00973454104496196
IPSL-CM6A-LR,-8.5,-8.4598,8,LV,Soft wheat,n_day,0.0209015532745809
IPSL-CM6A-LR,-7.5,-7.5255,19,LV,Soft wheat,n_day,0.00256560905376908
IPSL-CM6A-LR,-6.5,-6.5577,11,LV,Soft wheat,n_day,-0.00093239796885743
IPSL-CM6A-LR,-5.5,-5.5623,13,LV,Soft wheat,n_day,-0.00318255863419076
IPSL-CM6A-LR,-4.5,-4.3507,11,LV,Soft wheat,n_day,-0.00433284674984269
IPSL-CM6A-LR,-3.5,-3.4644,8,LV,Soft wheat,n_day,-0.00456505704704247
IPSL-CM6A-LR,-2.5,-2.5669,9,LV,Soft wheat,n_day,-0.00658479890681597
IPSL-CM6A-LR,-1.5,-1.2909,6,LV,Soft wheat,n_day,-0.0110490347456146
IPSL-CM6A-LR,-0.5,-0.6347,8,LV,Soft wheat,n_day,-0.00164803075140122
EC-Earth3,-9.5,-9.1554,4,RO,Soft wheat,n_day,0.00241850767998301
EC-Earth3,-8.5,-8.4726,15,RO,Soft wheat,n_day,-0.00872986033803253
EC-Earth3,-7.5,-7.5562,20,RO,Soft wheat,n_day,-0.000899722435479552
EC-Earth3,-6.5,-6.4767,21,RO,Soft wheat,n_day,-0.00403356899122063
EC-Earth3,-5.5,-5.3342,8,RO,Soft wheat,n_day,-0.00374120020513258
EC-Earth3,-4.5,-4.5495,8,RO,Soft wheat,n_day,-0.00223572420744976
EC-Earth3,-3.5,-3.3459,9,RO,Soft wheat,n_day,-0.001923349620147
EC-Earth3,-2.5,-2.4493,5,RO,Soft wheat,n_day,-0.0110217759766104
EC-Earth3,-1.5,-1.3807,6,RO,Soft wheat,n_day,-0.00448446856387772
EC-Earth3,-0.5,-0.6596,3,RO,Soft wheat,n_day,0.00698094188868783
HadGEM3-GC3-1LL,-8.5,-8.3848,12,RO,Soft wheat,n_day,-0.00420155655091696
HadGEM3-GC3-1LL,-7.5,-7.5599,19,RO,Soft wheat,n_day,-0.00427446566436047
HadGEM3-GC3-1LL,-6.5,-6.5442,24,RO,Soft wheat,n_day,-0.00333088280478766
HadGEM3-GC3-1LL,-5.5,-5.5797,10,RO,Soft wheat,n_day,-0.00514693701428675
HadGEM3-GC3-1LL,-4.5,-4.5263,6,RO,Soft wheat,n_day,-0.00231048673899592
HadGEM3-GC3-1LL,-3.5,-3.7835,7,RO,Soft wheat,n_day,-0.00556809738177587
HadGEM3-GC3-1LL,-2.5,-2.4504,6,RO,Soft wheat,n_day,0.000300472859263788
HadGEM3-GC3-1LL,-1.5,-1.3098,8,RO,Soft wheat,n_day,0.00307478283453513
HadGEM3-GC3-1LL,-0.5,-0.331,6,RO,Soft wheat,n_day,-0.00387323108842489
HadGEM3-GC3-1MM,-14.5,-14.3032,4,RO,Soft wheat,n_day,-0.0129419081505797
HadGEM3-GC3-1MM,-13.5,-13.3931,8,RO,Soft wheat,n_day,-0.0089445084238127
HadGEM3-GC3-1MM,-12.5,-12.588,13,RO,Soft wheat,n_day,-0.0017841392631438
HadGEM3-GC3-1MM,-11.5,-11.5321,21,RO,Soft wheat,n_day,-0.0100453754111943
HadGEM3-GC3-1MM,-10.5,-10.4803,10,RO,Soft wheat,n_day,-0.00240229098682255
HadGEM3-GC3-1MM,-9.5,-9.6161,7,RO,Soft wheat,n_day,-0.00544763366803722
HadGEM3-GC3-1MM,-8.5,-8.6582,7,RO,Soft wheat,n_day,-0.00886821129175595
HadGEM3-GC3-1MM,-7.5,-7.6345,8,RO,Soft wheat,n_day,0.000326476081033315
HadGEM3-GC3-1MM,-6.5,-6.4299,4,RO,Soft wheat,n_day,0.000982764805597045
HadGEM3-GC3-1MM,-5.5,-5.3528,4,RO,Soft wheat,n_day,0.00244125420575371
HadGEM3-GC3-1MM,-4.5,-4.3969,4,RO,Soft wheat,n_day,-0.00784978687381824
IPSL-CM6A-LR,-9.5,-9.3401,5,RO,Soft wheat,n_day,0.00062850119742573
IPSL-CM6A-LR,-8.5,-8.4598,8,RO,Soft wheat,n_day,-0.00514025851659616
IPSL-CM6A-LR,-7.5,-7.5255,19,RO,Soft wheat,n_day,-0.00686664999737021
IPSL-CM6A-LR,-6.5,-6.5577,11,RO,Soft wheat,n_day,-0.0145440344004906
IPSL-CM6A-LR,-5.5,-5.5623,13,RO,Soft wheat,n_day,-0.00286846976436109
IPSL-CM6A-LR,-4.5,-4.3507,11,RO,Soft wheat,n_day,0.00186394425124002
IPSL-CM6A-LR,-3.5,-3.4644,8,RO,Soft wheat,n_day,0.00402120332273393
IPSL-CM6A-LR,-2.5,-2.5669,9,RO,Soft wheat,n_day,-0.000404272429311805
IPSL-CM6A-LR,-1.5,-1.2909,6,RO,Soft wheat,n_day,-0.00562388735085516
IPSL-CM6A-LR,-0.5,-0.6347,8,RO,Soft wheat,n_day,-0.00160317447502717
EC-Earth3,-9.5,-9.1554,4,SE,Soft wheat,n_day,0.00820657617274693
EC-Earth3,-8.5,-8.4726,15,SE,Soft wheat,n_day,-0.00461582717145522
EC-Earth3,-7.5,-7.5562,20,SE,Soft wheat,n_day,-0.00963891431413108
EC-Earth3,-6.5,-6.4767,21,SE,Soft wheat,n_day,-0.0130315680612304
EC-Earth3,-5.5,-5.3342,8,SE,Soft wheat,n_day,-0.0120600981853779
EC-Earth3,-4.5,-4.5495,8,SE,Soft wheat,n_day,-0.00394719438094958
EC-Earth3,-3.5,-3.3459,9,SE,Soft wheat,n_day,-0.0207878964096809
EC-Earth3,-2.5,-2.4493,5,SE,Soft wheat,n_day,-0.0025511066645878
EC-Earth3,-1.5,-1.3807,6,SE,Soft wheat,n_day,-0.011297203811451
EC-Earth3,-0.5,-0.6596,3,SE,Soft wheat,n_day,-0.00398953747236871
HadGEM3-GC3-1LL,-8.5,-8.3848,12,SE,Soft wheat,n_day,-0.00968638586210896
HadGEM3-GC3-1LL,-7.5,-7.5599,19,SE,Soft wheat,n_day,-0.000446806330880145
HadGEM3-GC3-1LL,-6.5,-6.5442,24,SE,Soft wheat,n_day,-0.0155311341692297
HadGEM3-GC3-1LL,-5.5,-5.5797,10,SE,Soft wheat,n_day,-0.0134530608001372
HadGEM3-GC3-1LL,-4.5,-4.5263,6,SE,Soft wheat,n_day,-0.00543218096135524
HadGEM3-GC3-1LL,-3.5,-3.7835,7,SE,Soft wheat,n_day,-0.00280228978996947
HadGEM3-GC3-1LL,-2.5,-2.4504,6,SE,Soft wheat,n_day,0.0153785378725285
HadGEM3-GC3-1LL,-1.5,-1.3098,8,SE,Soft wheat,n_day,0.0209691431550833
HadGEM3-GC3-1LL,-0.5,-0.331,6,SE,Soft wheat,n_day,0.00098953140988549
HadGEM3-GC3-1MM,-14.5,-14.3032,4,SE,Soft wheat,n_day,0.0723617606514571
HadGEM3-GC3-1MM,-13.5,-13.3931,8,SE,Soft wheat,n_day,0.0751265825272589
HadGEM3-GC3-1MM,-12.5,-12.588,13,SE,Soft wheat,n_day,0.0694655949238319
HadGEM3-GC3-1MM,-11.5,-11.5321,21,SE,Soft wheat,n_day,0.0684975651225791
HadGEM3-GC3-1MM,-10.5,-10.4803,10,SE,Soft wheat,n_day,0.0697514634450531
HadGEM3-GC3-1MM,-9.5,-9.6161,7,SE,Soft wheat,n_day,0.0118086087392199
HadGEM3-GC3-1MM,-8.5,-8.6582,7,SE,Soft wheat,n_day,0.0147579112779431
HadGEM3-GC3-1MM,-7.5,-7.6345,8,SE,Soft wheat,n_day,0.00962056110413077
HadGEM3-GC3-1MM,-6.5,-6.4299,4,SE,Soft wheat,n_day,-0.00741982570133031
HadGEM3-GC3-1MM,-5.5,-5.3528,4,SE,Soft wheat,n_day,-0.00543256291631269
HadGEM3-GC3-1MM,-4.5,-4.3969,4,SE,Soft wheat,n_day,-0.0147516199761177
IPSL-CM6A-LR,-9.5,-9.3401,5,SE,Soft wheat,n_day,0.0102052741949282
IPSL-CM6A-LR,-8.5,-8.4598,8,SE,Soft wheat,n_day,0.0272669811645068
IPSL-CM6A-LR,-7.5,-7.5255,19,SE,Soft wheat,n_day,0.00325659602063706
IPSL-CM6A-LR,-6.5,-6.5577,11,SE,Soft wheat,n_day,0.00807483751200013
IPSL-CM6A-LR,-5.5,-5.5623,13,SE,Soft wheat,n_day,-0.0111214789688475
IPSL-CM6A-LR,-4.5,-4.3507,11,SE,Soft wheat,n_day,-0.0114074659911667
IPSL-CM6A-LR,-3.5,-3.4644,8,SE,Soft wheat,n_day,-0.0104338650928612
IPSL-CM6A-LR,-2.5,-2.5669,9,SE,Soft wheat,n_day,-0.0150554826110999
IPSL-CM6A-LR,-1.5,-1.2909,6,SE,Soft wheat,n_day,-0.0171367989186162
IPSL-CM6A-LR,-0.5,-0.6347,8,SE,Soft wheat,n_day,0.00357948811686628
EC-Earth3,-9.5,-9.1554,4,SK,Soft wheat,n_day,0.00534879199112241
EC-Earth3,-8.5,-8.4726,15,SK,Soft wheat,n_day,-0.0100878602627834
EC-Earth3,-7.5,-7.5562,20,SK,Soft wheat,n_day,-0.00142483297640703
EC-Earth3,-6.5,-6.4767,21,SK,Soft wheat,n_day,-0.00909059779237753
EC-Earth3,-5.5,-5.3342,8,SK,Soft wheat,n_day,-0.00882718527225718
EC-Earth3,-4.5,-4.5495,8,SK,Soft wheat,n_day,-0.00192461884152072
EC-Earth3,-3.5,-3.3459,9,SK,Soft wheat,n_day,-0.00568272896110623
EC-Earth3,-2.5,-2.4493,5,SK,Soft wheat,n_day,-0.00894488064748913
EC-Earth3,-1.5,-1.3807,6,SK,Soft wheat,n_day,-0.00754307472950732
EC-Earth3,-0.5,-0.6596,3,SK,Soft wheat,n_day,0.00855060126562427
HadGEM3-GC3-1LL,-8.5,-8.3848,12,SK,Soft wheat,n_day,-0.0070980086158054
HadGEM3-GC3-1LL,-7.5,-7.5599,19,SK,Soft wheat,n_day,-0.00720080799626509
HadGEM3-GC3-1LL,-6.5,-6.5442,24,SK,Soft wheat,n_day,-0.00907104428325794
HadGEM3-GC3-1LL,-5.5,-5.5797,10,SK,Soft wheat,n_day,-0.00665419096882564
HadGEM3-GC3-1LL,-4.5,-4.5263,6,SK,Soft wheat,n_day,-0.00485319554059151
HadGEM3-GC3-1LL,-3.5,-3.7835,7,SK,Soft wheat,n_day,-0.00675109007212961
HadGEM3-GC3-1LL,-2.5,-2.4504,6,SK,Soft wheat,n_day,0.00222342631099788
HadGEM3-GC3-1LL,-1.5,-1.3098,8,SK,Soft wheat,n_day,0.00473580595524379
HadGEM3-GC3-1LL,-0.5,-0.331,6,SK,Soft wheat,n_day,-0.00217999911785961
HadGEM3-GC3-1MM,-14.5,-14.3032,4,SK,Soft wheat,n_day,-0.008462532439664
HadGEM3-GC3-1MM,-13.5,-13.3931,8,SK,Soft wheat,n_day,-0.00599104395130918
HadGEM3-GC3-1MM,-12.5,-12.588,13,SK,Soft wheat,n_day,0.000981035599337791
HadGEM3-GC3-1MM,-11.5,-11.5321,21,SK,Soft wheat,n_day,-0.00509047685703223
HadGEM3-GC3-1MM,-10.5,-10.4803,10,SK,Soft wheat,n_day,0.0047794245561207
HadGEM3-GC3-1MM,-9.5,-9.6161,7,SK,Soft wheat,n_day,-0.0110987615343583
HadGEM3-GC3-1MM,-8.5,-8.6582,7,SK,Soft wheat,n_day,-0.00681107291288569
HadGEM3-GC3-1MM,-7.5,-7.6345,8,SK,Soft wheat,n_day,0.00373750243757441
HadGEM3-GC3-1MM,-6.5,-6.4299,4,SK,Soft wheat,n_day,0.00171923092930221
HadGEM3-GC3-1MM,-5.5,-5.3528,4,SK,Soft wheat,n_day,0.0034272917393719
HadGEM3-GC3-1MM,-4.5,-4.3969,4,SK,Soft wheat,n_day,-0.00687321609325623
IPSL-CM6A-LR,-9.5,-9.3401,5,SK,Soft wheat,n_day,-0.00829734102501281
IPSL-CM6A-LR,-8.5,-8.4598,8,SK,Soft wheat,n_day,-0.00617945335523635
IPSL-CM6A-LR,-7.5,-7.5255,19,SK,Soft wheat,n_day,-0.0073182868369539
IPSL-CM6A-LR,-6.5,-6.5577,11,SK,Soft wheat,n_day,-0.016118937542712
IPSL-CM6A-LR,-5.5,-5.5623,13,SK,Soft wheat,n_day,-0.00567628240569553
IPSL-CM6A-LR,-4.5,-4.3507,11,SK,Soft wheat,n_day,-0.00111193780232337
IPSL-CM6A-LR,-3.5,-3.4644,8,SK,Soft wheat,n_day,0.00447668686280317
IPSL-CM6A-LR,-2.5,-2.5669,9,SK,Soft wheat,n_day,-0.00359058234047853
IPSL-CM6A-LR,-1.5,-1.2909,6,SK,Soft wheat,n_day,-0.0112886964099389
IPSL-CM6A-LR,-0.5,-0.6347,8,SK,Soft wheat,n_day,0.00370513094973055
EC-Earth3,-9.5,-9.1554,4,EL,Durum wheat,n_day,0.00647544168363164
EC-Earth3,-8.5,-8.4726,15,EL,Durum wheat,n_day,-0.0304711700107984
EC-Earth3,-7.5,-7.5562,20,EL,Durum wheat,n_day,-0.0127254868490039
EC-Earth3,-6.5,-6.4767,21,EL,Durum wheat,n_day,-0.00788482339219565
EC-Earth3,-5.5,-5.3342,8,EL,Durum wheat,n_day,-0.0136962333046607
EC-Earth3,-4.5,-4.5495,8,EL,Durum wheat,n_day,-0.0141607225593719
EC-Earth3,-3.5,-3.3459,9,EL,Durum wheat,n_day,-0.0111260356763756
EC-Earth3,-2.5,-2.4493,5,EL,Durum wheat,n_day,-0.0417677636190694
EC-Earth3,-1.5,-1.3807,6,EL,Durum wheat,n_day,-0.0113653346062786
EC-Earth3,-0.5,-0.6596,3,EL,Durum wheat,n_day,0.0348756054980964
HadGEM3-GC3-1LL,-8.5,-8.3848,12,EL,Durum wheat,n_day,-0.0160831795242152
HadGEM3-GC3-1LL,-7.5,-7.5599,19,EL,Durum wheat,n_day,-0.0206769774763045
HadGEM3-GC3-1LL,-6.5,-6.5442,24,EL,Durum wheat,n_day,-0.00345982094137127
HadGEM3-GC3-1LL,-5.5,-5.5797,10,EL,Durum wheat,n_day,-0.0132773237648182
HadGEM3-GC3-1LL,-4.5,-4.5263,6,EL,Durum wheat,n_day,-0.0268561852459593
HadGEM3-GC3-1LL,-3.5,-3.7835,7,EL,Durum wheat,n_day,-0.0217889731859946
HadGEM3-GC3-1LL,-2.5,-2.4504,6,EL,Durum wheat,n_day,-0.00887857402727446
HadGEM3-GC3-1LL,-1.5,-1.3098,8,EL,Durum wheat,n_day,-0.00350958827717819
HadGEM3-GC3-1LL,-0.5,-0.331,6,EL,Durum wheat,n_day,-0.0110742285427214
HadGEM3-GC3-1MM,-14.5,-14.3032,4,EL,Durum wheat,n_day,-0.0528611293828846
HadGEM3-GC3-1MM,-13.5,-13.3931,8,EL,Durum wheat,n_day,-0.0458116002225659
HadGEM3-GC3-1MM,-12.5,-12.588,13,EL,Durum wheat,n_day,-0.0144261077033271
HadGEM3-GC3-1MM,-11.5,-11.5321,21,EL,Durum wheat,n_day,-0.0393648757490622
HadGEM3-GC3-1MM,-10.5,-10.4803,10,EL,Durum wheat,n_day,-0.0300218911643864
HadGEM3-GC3-1MM,-9.5,-9.6161,7,EL,Durum wheat,n_day,-0.0360143650136719
HadGEM3-GC3-1MM,-8.5,-8.6582,7,EL,Durum wheat,n_day,-0.0229436631622232
HadGEM3-GC3-1MM,-7.5,-7.6345,8,EL,Durum wheat,n_day,-0.0222949765467715
HadGEM3-GC3-1MM,-6.5,-6.4299,4,EL,Durum wheat,n_day,-0.00565452602220235
HadGEM3-GC3-1MM,-5.5,-5.3528,4,EL,Durum wheat,n_day,0.0142069626126
HadGEM3-GC3-1MM,-4.5,-4.3969,4,EL,Durum wheat,n_day,-0.022476583286736
IPSL-CM6A-LR,-9.5,-9.3401,5,EL,Durum wheat,n_day,0.0170126266693051
IPSL-CM6A-LR,-8.5,-8.4598,8,EL,Durum wheat,n_day,-0.0134250980568538
IPSL-CM6A-LR,-7.5,-7.5255,19,EL,Durum wheat,n_day,-0.0196221194030269
IPSL-CM6A-LR,-6.5,-6.5577,11,EL,Durum wheat,n_day,-0.0373411823943008
IPSL-CM6A-LR,-5.5,-5.5623,13,EL,Durum wheat,n_day,-0.015482901841386
IPSL-CM6A-LR,-4.5,-4.3507,11,EL,Durum wheat,n_day,0.00156858201316223
IPSL-CM6A-LR,-3.5,-3.4644,8,EL,Durum wheat,n_day,0.0145121907353577
IPSL-CM6A-LR,-2.5,-2.5669,9,EL,Durum wheat,n_day,-0.0024150546775264
IPSL-CM6A-LR,-1.5,-1.2909,6,EL,Durum wheat,n_day,-0.00497739301528991
IPSL-CM6A-LR,-0.5,-0.6347,8,EL,Durum wheat,n_day,-0.00447252962572017
EC-Earth3,-9.5,-9.1554,4,ES,Durum wheat,n_day,0.00490693122346688
EC-Earth3,-8.5,-8.4726,15,ES,Durum wheat,n_day,-0.0145014387360798
EC-Earth3,-7.5,-7.5562,20,ES,Durum wheat,n_day,0.0068944801118166
EC-Earth3,-6.5,-6.4767,21,ES,Durum wheat,n_day,-0.00504345201773959
EC-Earth3,-5.5,-5.3342,8,ES,Durum wheat,n_day,0.000120740321760124
EC-Earth3,-4.5,-4.5495,8,ES,Durum wheat,n_day,-0.022095450366666
EC-Earth3,-3.5,-3.3459,9,ES,Durum wheat,n_day,0.00131492513301965
EC-Earth3,-2.5,-2.4493,5,ES,Durum wheat,n_day,-0.0035921670475519
EC-Earth3,-1.5,-1.3807,6,ES,Durum wheat,n_day,0.0081064950518718
EC-Earth3,-0.5,-0.6596,3,ES,Durum wheat,n_day,-0.00558470996978756
HadGEM3-GC3-1LL,-8.5,-8.3848,12,ES,Durum wheat,n_day,-0.0152901940356022
HadGEM3-GC3-1LL,-7.5,-7.5599,19,ES,Durum wheat,n_day,0.00093670744798669
HadGEM3-GC3-1LL,-6.5,-6.5442,24,ES,Durum wheat,n_day,-0.00508801204338618
HadGEM3-GC3-1LL,-5.5,-5.5797,10,ES,Durum wheat,n_day,0.00396719190164252
HadGEM3-GC3-1LL,-4.5,-4.5263,6,ES,Durum wheat,n_day,-0.0116618510659015
HadGEM3-GC3-1LL,-3.5,-3.7835,7,ES,Durum wheat,n_day,-0.00451692346303657
HadGEM3-GC3-1LL,-2.5,-2.4504,6,ES,Durum wheat,n_day,-0.0125684256093116
HadGEM3-GC3-1LL,-1.5,-1.3098,8,ES,Durum wheat,n_day,0.00643824597157537
HadGEM3-GC3-1LL,-0.5,-0.331,6,ES,Durum wheat,n_day,0.00224537625524812
HadGEM3-GC3-1MM,-14.5,-14.3032,4,ES,Durum wheat,n_day,0.0124429503646307
HadGEM3-GC3-1MM,-13.5,-13.3931,8,ES,Durum wheat,n_day,0.0218217954115007
HadGEM3-GC3-1MM,-12.5,-12.588,13,ES,Durum wheat,n_day,0.0209237320780732
HadGEM3-GC3-1MM,-11.5,-11.5321,21,ES,Durum wheat,n_day,-0.000931479727610644
HadGEM3-GC3-1MM,-10.5,-10.4803,10,ES,Durum wheat,n_day,-0.00161300580427607
HadGEM3-GC3-1MM,-9.5,-9.6161,7,ES,Durum wheat,n_day,-0.00756625920849297
HadGEM3-GC3-1MM,-8.5,-8.6582,7,ES,Durum wheat,n_day,0.00726764974212795
HadGEM3-GC3-1MM,-7.5,-7.6345,8,ES,Durum wheat,n_day,-0.00726555889969014
HadGEM3-GC3-1MM,-6.5,-6.4299,4,ES,Durum wheat,n_day,-0.000765346834630169
HadGEM3-GC3-1MM,-5.5,-5.3528,4,ES,Durum wheat,n_day,0.00170866625509267
HadGEM3-GC3-1MM,-4.5,-4.3969,4,ES,Durum wheat,n_day,0.000926601397868997
IPSL-CM6A-LR,-9.5,-9.3401,5,ES,Durum wheat,n_day,-0.00154773804740833
IPSL-CM6A-LR,-8.5,-8.4598,8,ES,Durum wheat,n_day,-8.31386568187477e-05
IPSL-CM6A-LR,-7.5,-7.5255,19,ES,Durum wheat,n_day,-0.00328179423517087
IPSL-CM6A-LR,-6.5,-6.5577,11,ES,Durum wheat,n_day,-0.00679680860842266
IPSL-CM6A-LR,-5.5,-5.5623,13,ES,Durum wheat,n_day,-0.00776875977539286
IPSL-CM6A-LR,-4.5,-4.3507,11,ES,Durum wheat,n_day,-0.0139842818058356
IPSL-CM6A-LR,-3.5,-3.4644,8,ES,Durum wheat,n_day,-0.0197715164954512
IPSL-CM6A-LR,-2.5,-2.5669,9,ES,Durum wheat,n_day,0.00188716051398506
IPSL-CM6A-LR,-1.5,-1.2909,6,ES,Durum wheat,n_day,-0.00255095165952561
IPSL-CM6A-LR,-0.5,-0.6347,8,ES,Durum wheat,n_day,-0.0095095268625158
EC-Earth3,-9.5,-9.1554,4,FR,Durum wheat,n_day,0.0124940284085205
EC-Earth3,-8.5,-8.4726,15,FR,Durum wheat,n_day,-0.04269906053912
EC-Earth3,-7.5,-7.5562,20,FR,Durum wheat,n_day,0.00160040030860484
EC-Earth3,-6.5,-6.4767,21,FR,Durum wheat,n_day,-0.0135772576457583
EC-Earth3,-5.5,-5.3342,8,FR,Durum wheat,n_day,-0.00238800679023729
EC-Earth3,-4.5,-4.5495,8,FR,Durum wheat,n_day,-0.0244939503458686
EC-Earth3,-3.5,-3.3459,9,FR,Durum wheat,n_day,-0.0249448968108253
EC-Earth3,-2.5,-2.4493,5,FR,Durum wheat,n_day,-0.0120067721182776
EC-Earth3,-1.5,-1.3807,6,FR,Durum wheat,n_day,-0.00955720211465146
EC-Earth3,-0.5,-0.6596,3,FR,Durum wheat,n_day,-0.00232977931375714
HadGEM3-GC3-1LL,-8.5,-8.3848,12,FR,Durum wheat,n_day,-0.0230284650826009
HadGEM3-GC3-1LL,-7.5,-7.5599,19,FR,Durum wheat,n_day,-0.00037921095088564
HadGEM3-GC3-1LL,-6.5,-6.5442,24,FR,Durum wheat,n_day,-0.0223598767681267
HadGEM3-GC3-1LL,-5.5,-5.5797,10,FR,Durum wheat,n_day,-0.00214767814615208
HadGEM3-GC3-1LL,-4.5,-4.5263,6,FR,Durum wheat,n_day,-0.0240860024322108
HadGEM3-GC3-1LL,-3.5,-3.7835,7,FR,Durum wheat,n_day,-0.00694430552418997
HadGEM3-GC3-1LL,-2.5,-2.4504,6,FR,Durum wheat,n_day,0.00359330693157264
HadGEM3-GC3-1LL,-1.5,-1.3098,8,FR,Durum wheat,n_day,0.0244768582279964
HadGEM3-GC3-1LL,-0.5,-0.331,6,FR,Durum wheat,n_day,0.012156666706766
HadGEM3-GC3-1MM,-14.5,-14.3032,4,FR,Durum wheat,n_day,0.0969443085526873
HadGEM3-GC3-1MM,-13.5,-13.3931,8,FR,Durum wheat,n_day,0.0969610468349481
HadGEM3-GC3-1MM,-12.5,-12.588,13,FR,Durum wheat,n_day,0.0484766304982628
HadGEM3-GC3-1MM,-11.5,-11.5321,21,FR,Durum wheat,n_day,0.0371526746999613
HadGEM3-GC3-1MM,-10.5,-10.4803,10,FR,Durum wheat,n_day,0.0110122937387764
HadGEM3-GC3-1MM,-9.5,-9.6161,7,FR,Durum wheat,n_day,-0.0154051691764577
HadGEM3-GC3-1MM,-8.5,-8.6582,7,FR,Durum wheat,n_day,0.0224919246501296
HadGEM3-GC3-1MM,-7.5,-7.6345,8,FR,Durum wheat,n_day,0.0161620958838131
HadGEM3-GC3-1MM,-6.5,-6.4299,4,FR,Durum wheat,n_day,0.00748693412642053
HadGEM3-GC3-1MM,-5.5,-5.3528,4,FR,Durum wheat,n_day,0.0310530755848815
HadGEM3-GC3-1MM,-4.5,-4.3969,4,FR,Durum wheat,n_day,-0.0105777818039103
IPSL-CM6A-LR,-9.5,-9.3401,5,FR,Durum wheat,n_day,-0.0303000368200558
IPSL-CM6A-LR,-8.5,-8.4598,8,FR,Durum wheat,n_day,-0.00713384219663549
IPSL-CM6A-LR,-7.5,-7.5255,19,FR,Durum wheat,n_day,-0.0188336678836707
IPSL-CM6A-LR,-6.5,-6.5577,11,FR,Durum wheat,n_day,-0.0447724028612851
IPSL-CM6A-LR,-5.5,-5.5623,13,FR,Durum wheat,n_day,-0.0222131675534341
IPSL-CM6A-LR,-4.5,-4.3507,11,FR,Durum wheat,n_day,-0.0225885602495793
IPSL-CM6A-LR,-3.5,-3.4644,8,FR,Durum wheat,n_day,-0.0132451498889634
IPSL-CM6A-LR,-2.5,-2.5669,9,FR,Durum wheat,n_day,-0.0219660308191516
IPSL-CM6A-LR,-1.5,-1.2909,6,FR,Durum wheat,n_day,-0.00529293444225655
IPSL-CM6A-LR,-0.5,-0.6347,8,FR,Durum wheat,n_day,0.0025389822226102
EC-Earth3,-9.5,-9.1554,4,HU,Durum wheat,n_day,0.017222513178536
EC-Earth3,-8.5,-8.4726,15,HU,Durum wheat,n_day,-0.035867415979728
EC-Earth3,-7.5,-7.5562,20,HU,Durum wheat,n_day,-0.0036157026055945
EC-Earth3,-6.5,-6.4767,21,HU,Durum wheat,n_day,-0.0234213113211005
EC-Earth3,-5.5,-5.3342,8,HU,Durum wheat,n_day,-0.0190706571772995
EC-Earth3,-4.5,-4.5495,8,HU,Durum wheat,n_day,-0.00653555640751534
EC-Earth3,-3.5,-3.3459,9,HU,Durum wheat,n_day,-0.0147822199793377
EC-Earth3,-2.5,-2.4493,5,HU,Durum wheat,n_day,-0.0395557874530218
EC-Earth3,-1.5,-1.3807,6,HU,Durum wheat,n_day,-0.0176890132562657
EC-Earth3,-0.5,-0.6596,3,HU,Durum wheat,n_day,0.0253959646968541
HadGEM3-GC3-1LL,-8.5,-8.3848,12,HU,Durum wheat,n_day,-0.0202273970591537
HadGEM3-GC3-1LL,-7.5,-7.5599,19,HU,Durum wheat,n_day,-0.0170061426043277
HadGEM3-GC3-1LL,-6.5,-6.5442,24,HU,Durum wheat,n_day,-0.020637387835739
HadGEM3-GC3-1LL,-5.5,-5.5797,10,HU,Durum wheat,n_day,-0.0199092124395414
HadGEM3-GC3-1LL,-4.5,-4.5263,6,HU,Durum wheat,n_day,-0.0159023264917615
HadGEM3-GC3-1LL,-3.5,-3.7835,7,HU,Durum wheat,n_day,-0.019051280442185
HadGEM3-GC3-1LL,-2.5,-2.4504,6,HU,Durum wheat,n_day,0.00772579440554853
HadGEM3-GC3-1LL,-1.5,-1.3098,8,HU,Durum wheat,n_day,0.00769125507977586
HadGEM3-GC3-1LL,-0.5,-0.331,6,HU,Durum wheat,n_day,-0.00822747131572385
HadGEM3-GC3-1MM,-14.5,-14.3032,4,HU,Durum wheat,n_day,-0.0328640972339868
HadGEM3-GC3-1MM,-13.5,-13.3931,8,HU,Durum wheat,n_day,-0.0217832341046036
HadGEM3-GC3-1MM,-12.5,-12.588,13,HU,Durum wheat,n_day,-0.00429756525425485
HadGEM3-GC3-1MM,-11.5,-11.5321,21,HU,Durum wheat,n_day,-0.0224673577978835
HadGEM3-GC3-1MM,-10.5,-10.4803,10,HU,Durum wheat,n_day,0.00564777580445357
HadGEM3-GC3-1MM,-9.5,-9.6161,7,HU,Durum wheat,n_day,-0.0280312014839965
HadGEM3-GC3-1MM,-8.5,-8.6582,7,HU,Durum wheat,n_day,-0.0239587319033279
HadGEM3-GC3-1MM,-7.5,-7.6345,8,HU,Durum wheat,n_day,0.0175393504808577
HadGEM3-GC3-1MM,-6.5,-6.4299,4,HU,Durum wheat,n_day,0.00607604947918511
HadGEM3-GC3-1MM,-5.5,-5.3528,4,HU,Durum wheat,n_day,0.0196198815608172
HadGEM3-GC3-1MM,-4.5,-4.3969,4,HU,Durum wheat,n_day,-0.018625311578633
IPSL-CM6A-LR,-9.5,-9.3401,5,HU,Durum wheat,n_day,-0.0174904732923129
IPSL-CM6A-LR,-8.5,-8.4598,8,HU,Durum wheat,n_day,-0.0228413161289513
IPSL-CM6A-LR,-7.5,-7.5255,19,HU,Durum wheat,n_day,-0.0227188630250882
IPSL-CM6A-LR,-6.5,-6.5577,11,HU,Durum wheat,n_day,-0.0549062570391007
IPSL-CM6A-LR,-5.5,-5.5623,13,HU,Durum wheat,n_day,-0.0178011725681963
IPSL-CM6A-LR,-4.5,-4.3507,11,HU,Durum wheat,n_day,0.00167358513995644
IPSL-CM6A-LR,-3.5,-3.4644,8,HU,Durum wheat,n_day,0.0184225884884629
IPSL-CM6A-LR,-2.5,-2.5669,9,HU,Durum wheat,n_day,-0.00572089788247595
IPSL-CM6A-LR,-1.5,-1.2909,6,HU,Durum wheat,n_day,-0.0302035656821753
IPSL-CM6A-LR,-0.5,-0.6347,8,HU,Durum wheat,n_day,0.00225043458671508
EC-Earth3,-9.5,-9.1554,4,IT,Durum wheat,n_day,0.0133809978508931
EC-Earth3,-8.5,-8.4726,15,IT,Durum wheat,n_day,-0.0211273362551429
EC-Earth3,-7.5,-7.5562,20,IT,Durum wheat,n_day,-0.000861116332320348
EC-Earth3,-6.5,-6.4767,21,IT,Durum wheat,n_day,-0.00768656619648433
EC-Earth3,-5.5,-5.3342,8,IT,Durum wheat,n_day,-0.019106696281694
EC-Earth3,-4.5,-4.5495,8,IT,Durum wheat,n_day,-0.00934783241548988
EC-Earth3,-3.5,-3.3459,9,IT,Durum wheat,n_day,-0.00378808265342923
EC-Earth3,-2.5,-2.4493,5,IT,Durum wheat,n_day,-0.0241648244071962
EC-Earth3,-1.5,-1.3807,6,IT,Durum wheat,n_day,-0.000972458642904533
EC-Earth3,-0.5,-0.6596,3,IT,Durum wheat,n_day,0.00381233636527528
HadGEM3-GC3-1LL,-8.5,-8.3848,12,IT,Durum wheat,n_day,-0.0184521255480889
HadGEM3-GC3-1LL,-7.5,-7.5599,19,IT,Durum wheat,n_day,-0.0142720533781282
HadGEM3-GC3-1LL,-6.5,-6.5442,24,IT,Durum wheat,n_day,-0.00770015825477804
HadGEM3-GC3-1LL,-5.5,-5.5797,10,IT,Durum wheat,n_day,-0.00860910624411872
HadGEM3-GC3-1LL,-4.5,-4.5263,6,IT,Durum wheat,n_day,-0.0238747567998293
HadGEM3-GC3-1LL,-3.5,-3.7835,7,IT,Durum wheat,n_day,-0.0162374461022766
HadGEM3-GC3-1LL,-2.5,-2.4504,6,IT,Durum wheat,n_day,-0.00267086931162932
HadGEM3-GC3-1LL,-1.5,-1.3098,8,IT,Durum wheat,n_day,0.00516918625328231
HadGEM3-GC3-1LL,-0.5,-0.331,6,IT,Durum wheat,n_day,-0.00163933567992811
HadGEM3-GC3-1MM,-14.5,-14.3032,4,IT,Durum wheat,n_day,-0.0268684593508807
HadGEM3-GC3-1MM,-13.5,-13.3931,8,IT,Durum wheat,n_day,-0.0222723071726734
HadGEM3-GC3-1MM,-12.5,-12.588,13,IT,Durum wheat,n_day,-0.0129061139687913
HadGEM3-GC3-1MM,-11.5,-11.5321,21,IT,Durum wheat,n_day,-0.0264663951012103
HadGEM3-GC3-1MM,-10.5,-10.4803,10,IT,Durum wheat,n_day,-0.0160816755090453
HadGEM3-GC3-1MM,-9.5,-9.6161,7,IT,Durum wheat,n_day,-0.0283307976458589
HadGEM3-GC3-1MM,-8.5,-8.6582,7,IT,Durum wheat,n_day,-0.00771946401876032
HadGEM3-GC3-1MM,-7.5,-7.6345,8,IT,Durum wheat,n_day,-0.00412880666628695
HadGEM3-GC3-1MM,-6.5,-6.4299,4,IT,Durum wheat,n_day,-0.000473924505940382
HadGEM3-GC3-1MM,-5.5,-5.3528,4,IT,Durum wheat,n_day,0.00255936667184431
HadGEM3-GC3-1MM,-4.5,-4.3969,4,IT,Durum wheat,n_day,-0.0106435643454516
IPSL-CM6A-LR,-9.5,-9.3401,5,IT,Durum wheat,n_day,0.000211838473698085
IPSL-CM6A-LR,-8.5,-8.4598,8,IT,Durum wheat,n_day,-0.0149623422197063
IPSL-CM6A-LR,-7.5,-7.5255,19,IT,Durum wheat,n_day,-0.0150719333303434
IPSL-CM6A-LR,-6.5,-6.5577,11,IT,Durum wheat,n_day,-0.0301596562698176
IPSL-CM6A-LR,-5.5,-5.5623,13,IT,Durum wheat,n_day,-0.0141627752658002
IPSL-CM6A-LR,-4.5,-4.3507,11,IT,Durum wheat,n_day,-0.00762059562268883
IPSL-CM6A-LR,-3.5,-3.4644,8,IT,Durum wheat,n_day,0.000143561300773026
IPSL-CM6A-LR,-2.5,-2.5669,9,IT,Durum wheat,n_day,-0.00297940807130314
IPSL-CM6A-LR,-1.5,-1.2909,6,IT,Durum wheat,n_day,-0.00713993556103135
IPSL-CM6A-LR,-0.5,-0.6347,8,IT,Durum wheat,n_day,-0.00299627379028827
EC-Earth3,-9.5,-9.1554,4,RO,Durum wheat,n_day,0.00488805926525235
EC-Earth3,-8.5,-8.4726,15,RO,Durum wheat,n_day,-0.0342019193739257
EC-Earth3,-7.5,-7.5562,20,RO,Durum wheat,n_day,-0.00566613871586406
EC-Earth3,-6.5,-6.4767,21,RO,Durum wheat,n_day,-0.0179635271612804
EC-Earth3,-5.5,-5.3342,8,RO,Durum wheat,n_day,-0.0171028368149852
EC-Earth3,-4.5,-4.5495,8,RO,Durum wheat,n_day,-0.0101348738104509
EC-Earth3,-3.5,-3.3459,9,RO,Durum wheat,n_day,-0.00881449825546154
EC-Earth3,-2.5,-2.4493,5,RO,Durum wheat,n_day,-0.0426270687999385
EC-Earth3,-1.5,-1.3807,6,RO,Durum wheat,n_day,-0.0189596213821596
EC-Earth3,-0.5,-0.6596,3,RO,Durum wheat,n_day,0.0279856004932695
HadGEM3-GC3-1LL,-8.5,-8.3848,12,RO,Durum wheat,n_day,-0.0180732289363136
HadGEM3-GC3-1LL,-7.5,-7.5599,19,RO,Durum wheat,n_day,-0.0176322344723155
HadGEM3-GC3-1LL,-6.5,-6.5442,24,RO,Durum wheat,n_day,-0.0164131773228279
HadGEM3-GC3-1LL,-5.5,-5.5797,10,RO,Durum wheat,n_day,-0.0203241551758921
HadGEM3-GC3-1LL,-4.5,-4.5263,6,RO,Durum wheat,n_day,-0.00988839741186917
HadGEM3-GC3-1LL,-3.5,-3.7835,7,RO,Durum wheat,n_day,-0.0228132109773163
HadGEM3-GC3-1LL,-2.5,-2.4504,6,RO,Durum wheat,n_day,0.00286452544183806
HadGEM3-GC3-1LL,-1.5,-1.3098,8,RO,Durum wheat,n_day,0.0124567566139528
HadGEM3-GC3-1LL,-0.5,-0.331,6,RO,Durum wheat,n_day,-0.0146032856190565
HadGEM3-GC3-1MM,-14.5,-14.3032,4,RO,Durum wheat,n_day,-0.0480385900749235
HadGEM3-GC3-1MM,-13.5,-13.3931,8,RO,Durum wheat,n_day,-0.0355228164690753
HadGEM3-GC3-1MM,-12.5,-12.588,13,RO,Durum wheat,n_day,-0.00832868005718072
HadGEM3-GC3-1MM,-11.5,-11.5321,21,RO,Durum wheat,n_day,-0.0372660749085065
HadGEM3-GC3-1MM,-10.5,-10.4803,10,RO,Durum wheat,n_day,-0.00912933505657455
HadGEM3-GC3-1MM,-9.5,-9.6161,7,RO,Durum wheat,n_day,-0.0234182785051746
HadGEM3-GC3-1MM,-8.5,-8.6582,7,RO,Durum wheat,n_day,-0.0339992567527469
HadGEM3-GC3-1MM,-7.5,-7.6345,8,RO,Durum wheat,n_day,0.00147475263594641
HadGEM3-GC3-1MM,-6.5,-6.4299,4,RO,Durum wheat,n_day,0.00289316063778064
HadGEM3-GC3-1MM,-5.5,-5.3528,4,RO,Durum wheat,n_day,0.00739533071019704
HadGEM3-GC3-1MM,-4.5,-4.3969,4,RO,Durum wheat,n_day,-0.0284820653264279
IPSL-CM6A-LR,-9.5,-9.3401,5,RO,Durum wheat,n_day,-0.00215576910028918
IPSL-CM6A-LR,-8.5,-8.4598,8,RO,Durum wheat,n_day,-0.0217302330144711
IPSL-CM6A-LR,-7.5,-7.5255,19,RO,Durum wheat,n_day,-0.0264308927879619
IPSL-CM6A-LR,-6.5,-6.5577,11,RO,Durum wheat,n_day,-0.0549715656940635
IPSL-CM6A-LR,-5.5,-5.5623,13,RO,Durum wheat,n_day,-0.0115478480064197
IPSL-CM6A-LR,-4.5,-4.3507,11,RO,Durum wheat,n_day,0.00725967703267116
IPSL-CM6A-LR,-3.5,-3.4644,8,RO,Durum wheat,n_day,0.0155260209732683
IPSL-CM6A-LR,-2.5,-2.5669,9,RO,Durum wheat,n_day,-0.00195944262595535
IPSL-CM6A-LR,-1.5,-1.2909,6,RO,Durum wheat,n_day,-0.0228225843799981
IPSL-CM6A-LR,-0.5,-0.6347,8,RO,Durum wheat,n_day,-0.00533315567777154
EC-Earth3,-9.5,-9.1554,4,SK,Durum wheat,n_day,0.0231170525108475
EC-Earth3,-8.5,-8.4726,15,SK,Durum wheat,n_day,-0.0352367274661089
EC-Earth3,-7.5,-7.5562,20,SK,Durum wheat,n_day,-0.00054793777322365
EC-Earth3,-6.5,-6.4767,21,SK,Durum wheat,n_day,-0.0290953747035125
EC-Earth3,-5.5,-5.3342,8,SK,Durum wheat,n_day,-0.0271444201864448
EC-Earth3,-4.5,-4.5495,8,SK,Durum wheat,n_day,-0.00588817737799104
EC-Earth3,-3.5,-3.3459,9,SK,Durum wheat,n_day,-0.0204759600645953
EC-Earth3,-2.5,-2.4493,5,SK,Durum wheat,n_day,-0.0260075807391513
EC-Earth3,-1.5,-1.3807,6,SK,Durum wheat,n_day,-0.0233269568035976
EC-Earth3,-0.5,-0.6596,3,SK,Durum wheat,n_day,0.0311525376679627
HadGEM3-GC3-1LL,-8.5,-8.3848,12,SK,Durum wheat,n_day,-0.023196933733735
HadGEM3-GC3-1LL,-7.5,-7.5599,19,SK,Durum wheat,n_day,-0.0212438033403442
HadGEM3-GC3-1LL,-6.5,-6.5442,24,SK,Durum wheat,n_day,-0.0269030990026681
HadGEM3-GC3-1LL,-5.5,-5.5797,10,SK,Durum wheat,n_day,-0.0214193580552657
HadGEM3-GC3-1LL,-4.5,-4.5263,6,SK,Durum wheat,n_day,-0.0134400373694833
HadGEM3-GC3-1LL,-3.5,-3.7835,7,SK,Durum wheat,n_day,-0.0197133353568246
HadGEM3-GC3-1LL,-2.5,-2.4504,6,SK,Durum wheat,n_day,0.00932220175394388
HadGEM3-GC3-1LL,-1.5,-1.3098,8,SK,Durum wheat,n_day,0.0169590113088261
HadGEM3-GC3-1LL,-0.5,-0.331,6,SK,Durum wheat,n_day,-0.00434060021946482
HadGEM3-GC3-1MM,-14.5,-14.3032,4,SK,Durum wheat,n_day,-0.0280663737858221
HadGEM3-GC3-1MM,-13.5,-13.3931,8,SK,Durum wheat,n_day,-0.0224467842494793
HadGEM3-GC3-1MM,-12.5,-12.588,13,SK,Durum wheat,n_day,-0.00388239408455979
HadGEM3-GC3-1MM,-11.5,-11.5321,21,SK,Durum wheat,n_day,-0.0180703531250555
HadGEM3-GC3-1MM,-10.5,-10.4803,10,SK,Durum wheat,n_day,0.00812426591867823
HadGEM3-GC3-1MM,-9.5,-9.6161,7,SK,Durum wheat,n_day,-0.0348787467437254
HadGEM3-GC3-1MM,-8.5,-8.6582,7,SK,Durum wheat,n_day,-0.0193215742277769
HadGEM3-GC3-1MM,-7.5,-7.6345,8,SK,Durum wheat,n_day,0.0185568567318599
HadGEM3-GC3-1MM,-6.5,-6.4299,4,SK,Durum wheat,n_day,0.00939110179449408
HadGEM3-GC3-1MM,-5.5,-5.3528,4,SK,Durum wheat,n_day,0.0146757778525551
HadGEM3-GC3-1MM,-4.5,-4.3969,4,SK,Durum wheat,n_day,-0.0222864694000642
IPSL-CM6A-LR,-9.5,-9.3401,5,SK,Durum wheat,n_day,-0.0298964317619879
IPSL-CM6A-LR,-8.5,-8.4598,8,SK,Durum wheat,n_day,-0.0203237643071751
IPSL-CM6A-LR,-7.5,-7.5255,19,SK,Durum wheat,n_day,-0.0237336304000212
IPSL-CM6A-LR,-6.5,-6.5577,11,SK,Durum wheat,n_day,-0.0557326206509664
IPSL-CM6A-LR,-5.5,-5.5623,13,SK,Durum wheat,n_day,-0.019935159670445
IPSL-CM6A-LR,-4.5,-4.3507,11,SK,Durum wheat,n_day,-0.00406466716713618
IPSL-CM6A-LR,-3.5,-3.4644,8,SK,Durum wheat,n_day,0.0171211387514584
IPSL-CM6A-LR,-2.5,-2.5669,9,SK,Durum wheat,n_day,-0.0115623496830833
IPSL-CM6A-LR,-1.5,-1.2909,6,SK,Durum wheat,n_day,-0.0363156199061267
IPSL-CM6A-LR,-0.5,-0.6347,8,SK,Durum wheat,n_day,0.016176731561377
EC-Earth3,-9.5,-9.1554,4,CZ,Spring barley,n_day,-0.00114120507980416
EC-Earth3,-8.5,-8.4726,15,CZ,Spring barley,n_day,0.00268815145414667
EC-Earth3,-7.5,-7.5562,20,CZ,Spring barley,n_day,0.000747286347645377
EC-Earth3,-6.5,-6.4767,21,CZ,Spring barley,n_day,0.00217296997342931
EC-Earth3,-5.5,-5.3342,8,CZ,Spring barley,n_day,0.00206478751429573
EC-Earth3,-4.5,-4.5495,8,CZ,Spring barley,n_day,0.000921735816068163
EC-Earth3,-3.5,-3.3459,9,CZ,Spring barley,n_day,0.00209522840415626
EC-Earth3,-2.5,-2.4493,5,CZ,Spring barley,n_day,0.00108886425033711
EC-Earth3,-1.5,-1.3807,6,CZ,Spring barley,n_day,0.00173111903028072
EC-Earth3,-0.5,-0.6596,3,CZ,Spring barley,n_day,-0.000357494499386194
HadGEM3-GC3-1LL,-8.5,-8.3848,12,CZ,Spring barley,n_day,0.00176019501135159
HadGEM3-GC3-1LL,-7.5,-7.5599,19,CZ,Spring barley,n_day,0.000828365525762516
HadGEM3-GC3-1LL,-6.5,-6.5442,24,CZ,Spring barley,n_day,0.00212511603854069
HadGEM3-GC3-1LL,-5.5,-5.5797,10,CZ,Spring barley,n_day,0.00165047416580902
HadGEM3-GC3-1LL,-4.5,-4.5263,6,CZ,Spring barley,n_day,0.000917372314702126
HadGEM3-GC3-1LL,-3.5,-3.7835,7,CZ,Spring barley,n_day,0.0014819009620924
HadGEM3-GC3-1LL,-2.5,-2.4504,6,CZ,Spring barley,n_day,-0.00181542025169818
HadGEM3-GC3-1LL,-1.5,-1.3098,8,CZ,Spring barley,n_day,-0.00144079916111393
HadGEM3-GC3-1LL,-0.5,-0.331,6,CZ,Spring barley,n_day,2.29218345206795e-05
HadGEM3-GC3-1MM,-14.5,-14.3032,4,CZ,Spring barley,n_day,-0.00107244532268227
HadGEM3-GC3-1MM,-13.5,-13.3931,8,CZ,Spring barley,n_day,-0.00204778803564793
HadGEM3-GC3-1MM,-12.5,-12.588,13,CZ,Spring barley,n_day,-0.00125197813184436
HadGEM3-GC3-1MM,-11.5,-11.5321,21,CZ,Spring barley,n_day,-0.000916827722982318
HadGEM3-GC3-1MM,-10.5,-10.4803,10,CZ,Spring barley,n_day,-0.00310328812458681
HadGEM3-GC3-1MM,-9.5,-9.6161,7,CZ,Spring barley,n_day,0.00244241380242979
HadGEM3-GC3-1MM,-8.5,-8.6582,7,CZ,Spring barley,n_day,0.000758014269314175
HadGEM3-GC3-1MM,-7.5,-7.6345,8,CZ,Spring barley,n_day,-0.00108528558327699
HadGEM3-GC3-1MM,-6.5,-6.4299,4,CZ,Spring barley,n_day,-0.000447167023437545
HadGEM3-GC3-1MM,-5.5,-5.3528,4,CZ,Spring barley,n_day,-0.00105833399087024
HadGEM3-GC3-1MM,-4.5,-4.3969,4,CZ,Spring barley,n_day,0.00151716291929502
IPSL-CM6A-LR,-9.5,-9.3401,5,CZ,Spring barley,n_day,0.00177436894188519
IPSL-CM6A-LR,-8.5,-8.4598,8,CZ,Spring barley,n_day,0.000936238337240567
IPSL-CM6A-LR,-7.5,-7.5255,19,CZ,Spring barley,n_day,0.00161117975357223
IPSL-CM6A-LR,-6.5,-6.5577,11,CZ,Spring barley,n_day,0.00309972304731671
IPSL-CM6A-LR,-5.5,-5.5623,13,CZ,Spring barley,n_day,0.00145721549614724
IPSL-CM6A-LR,-4.5,-4.3507,11,CZ,Spring barley,n_day,5.65641504555286e-05
IPSL-CM6A-LR,-3.5,-3.4644,8,CZ,Spring barley,n_day,-0.000269410764501318
IPSL-CM6A-LR,-2.5,-2.5669,9,CZ,Spring barley,n_day,0.000575104942896111
IPSL-CM6A-LR,-1.5,-1.2909,6,CZ,Spring barley,n_day,0.00232152742357879
IPSL-CM6A-LR,-0.5,-0.6347,8,CZ,Spring barley,n_day,-0.000829570556872257
EC-Earth3,-9.5,-9.1554,4,DE,Spring barley,n_day,-0.000890436322894157
EC-Earth3,-8.5,-8.4726,15,DE,Spring barley,n_day,0.0030149207746502
EC-Earth3,-7.5,-7.5562,20,DE,Spring barley,n_day,0.00130575850837421
EC-Earth3,-6.5,-6.4767,21,DE,Spring barley,n_day,0.00217632306201097
EC-Earth3,-5.5,-5.3342,8,DE,Spring barley,n_day,0.00209058484103892
EC-Earth3,-4.5,-4.5495,8,DE,Spring barley,n_day,0.00161753449636628
EC-Earth3,-3.5,-3.3459,9,DE,Spring barley,n_day,0.00309135970070764
EC-Earth3,-2.5,-2.4493,5,DE,Spring barley,n_day,0.000919597139521157
EC-Earth3,-1.5,-1.3807,6,DE,Spring barley,n_day,0.00196753716173183
EC-Earth3,-0.5,-0.6596,3,DE,Spring barley,n_day,-2.35139050385632e-05
HadGEM3-GC3-1LL,-8.5,-8.3848,12,DE,Spring barley,n_day,0.00150889982514234
HadGEM3-GC3-1LL,-7.5,-7.5599,19,DE,Spring barley,n_day,0.000562982613930086
HadGEM3-GC3-1LL,-6.5,-6.5442,24,DE,Spring barley,n_day,0.00222762069607065
HadGEM3-GC3-1LL,-5.5,-5.5797,10,DE,Spring barley,n_day,0.00156338196760549
HadGEM3-GC3-1LL,-4.5,-4.5263,6,DE,Spring barley,n_day,0.00124997874252132
HadGEM3-GC3-1LL,-3.5,-3.7835,7,DE,Spring barley,n_day,0.00126966697881028
HadGEM3-GC3-1LL,-2.5,-2.4504,6,DE,Spring barley,n_day,-0.00203514732189549
HadGEM3-GC3-1LL,-1.5,-1.3098,8,DE,Spring barley,n_day,-0.00203084838911688
HadGEM3-GC3-1LL,-0.5,-0.331,6,DE,Spring barley,n_day,-0.000315230747318536
HadGEM3-GC3-1MM,-14.5,-14.3032,4,DE,Spring barley,n_day,-0.00754995998189284
HadGEM3-GC3-1MM,-13.5,-13.3931,8,DE,Spring barley,n_day,-0.00884234213140147
HadGEM3-GC3-1MM,-12.5,-12.588,13,DE,Spring barley,n_day,-0.00484556014631509
HadGEM3-GC3-1MM,-11.5,-11.5321,21,DE,Spring barley,n_day,-0.00456730115744383
HadGEM3-GC3-1MM,-10.5,-10.4803,10,DE,Spring barley,n_day,-0.00486987295486687
HadGEM3-GC3-1MM,-9.5,-9.6161,7,DE,Spring barley,n_day,0.00195748871806639
HadGEM3-GC3-1MM,-8.5,-8.6582,7,DE,Spring barley,n_day,-0.000230563592923233
HadGEM3-GC3-1MM,-7.5,-7.6345,8,DE,Spring barley,n_day,-0.00144876032443676
HadGEM3-GC3-1MM,-6.5,-6.4299,4,DE,Spring barley,n_day,-0.000579517089474362
HadGEM3-GC3-1MM,-5.5,-5.3528,4,DE,Spring barley,n_day,-0.00150748084344224
HadGEM3-GC3-1MM,-4.5,-4.3969,4,DE,Spring barley,n_day,0.00181059484876869
IPSL-CM6A-LR,-9.5,-9.3401,5,DE,Spring barley,n_day,0.00148357336531428
IPSL-CM6A-LR,-8.5,-8.4598,8,DE,Spring barley,n_day,0.000625995671296652
IPSL-CM6A-LR,-7.5,-7.5255,19,DE,Spring barley,n_day,0.00180338291046971
IPSL-CM6A-LR,-6.5,-6.5577,11,DE,Spring barley,n_day,0.00300419014445759
IPSL-CM6A-LR,-5.5,-5.5623,13,DE,Spring barley,n_day,0.0020877229624619
IPSL-CM6A-LR,-4.5,-4.3507,11,DE,Spring barley,n_day,0.000586404408225668
IPSL-CM6A-LR,-3.5,-3.4644,8,DE,Spring barley,n_day,0.000412936308942387
IPSL-CM6A-LR,-2.5,-2.5669,9,DE,Spring barley,n_day,0.00137329714758189
IPSL-CM6A-LR,-1.5,-1.2909,6,DE,Spring barley,n_day,0.00219107807086244
IPSL-CM6A-LR,-0.5,-0.6347,8,DE,Spring barley,n_day,-0.00100804262120249
EC-Earth3,-9.5,-9.1554,4,DK,Spring barley,n_day,0.000995499617187965
EC-Earth3,-8.5,-8.4726,15,DK,Spring barley,n_day,0.00202971582310997
EC-Earth3,-7.5,-7.5562,20,DK,Spring barley,n_day,0.00236978080391789
EC-Earth3,-6.5,-6.4767,21,DK,Spring barley,n_day,0.00285996486521515
EC-Earth3,-5.5,-5.3342,8,DK,Spring barley,n_day,0.00280382305513138
EC-Earth3,-4.5,-4.5495,8,DK,Spring barley,n_day,0.0022585125848734
EC-Earth3,-3.5,-3.3459,9,DK,Spring barley,n_day,0.00457031611399858
EC-Earth3,-2.5,-2.4493,5,DK,Spring barley,n_day,0.00163605930965457
EC-Earth3,-1.5,-1.3807,6,DK,Spring barley,n_day,0.00192244063721665
EC-Earth3,-0.5,-0.6596,3,DK,Spring barley,n_day,0.000619296789566849
HadGEM3-GC3-1LL,-8.5,-8.3848,12,DK,Spring barley,n_day,0.00176622195238826
HadGEM3-GC3-1LL,-7.5,-7.5599,19,DK,Spring barley,n_day,0.00114966006877765
HadGEM3-GC3-1LL,-6.5,-6.5442,24,DK,Spring barley,n_day,0.00314510633212752
HadGEM3-GC3-1LL,-5.5,-5.5797,10,DK,Spring barley,n_day,0.00243490371199966
HadGEM3-GC3-1LL,-4.5,-4.5263,6,DK,Spring barley,n_day,0.00102263235101321
HadGEM3-GC3-1LL,-3.5,-3.7835,7,DK,Spring barley,n_day,0.0011969902574844
HadGEM3-GC3-1LL,-2.5,-2.4504,6,DK,Spring barley,n_day,-0.00243045497880315
HadGEM3-GC3-1LL,-1.5,-1.3098,8,DK,Spring barley,n_day,-0.00292953747007825
HadGEM3-GC3-1LL,-0.5,-0.331,6,DK,Spring barley,n_day,0.00102184917288748
HadGEM3-GC3-1MM,-14.5,-14.3032,4,DK,Spring barley,n_day,-0.0118817451649887
HadGEM3-GC3-1MM,-13.5,-13.3931,8,DK,Spring barley,n_day,-0.0121547997913836
HadGEM3-GC3-1MM,-12.5,-12.588,13,DK,Spring barley,n_day,-0.011330280596836
HadGEM3-GC3-1MM,-11.5,-11.5321,21,DK,Spring barley,n_day,-0.0116830729328309
HadGEM3-GC3-1MM,-10.5,-10.4803,10,DK,Spring barley,n_day,-0.0121086604924344
HadGEM3-GC3-1MM,-9.5,-9.6161,7,DK,Spring barley,n_day,-0.00126854197771484
HadGEM3-GC3-1MM,-8.5,-8.6582,7,DK,Spring barley,n_day,-0.00139182155741052
HadGEM3-GC3-1MM,-7.5,-7.6345,8,DK,Spring barley,n_day,-0.00102872126239482
HadGEM3-GC3-1MM,-6.5,-6.4299,4,DK,Spring barley,n_day,0.00168712997876481
HadGEM3-GC3-1MM,-5.5,-5.3528,4,DK,Spring barley,n_day,0.00029017359876036
HadGEM3-GC3-1MM,-4.5,-4.3969,4,DK,Spring barley,n_day,0.00365133066281262
IPSL-CM6A-LR,-9.5,-9.3401,5,DK,Spring barley,n_day,-0.00257153364792527
IPSL-CM6A-LR,-8.5,-8.4598,8,DK,Spring barley,n_day,-0.00525785011023313
IPSL-CM6A-LR,-7.5,-7.5255,19,DK,Spring barley,n_day,0.00012775163825771
IPSL-CM6A-LR,-6.5,-6.5577,11,DK,Spring barley,n_day,-0.0023357024184417
IPSL-CM6A-LR,-5.5,-5.5623,13,DK,Spring barley,n_day,0.00270572509359021
IPSL-CM6A-LR,-4.5,-4.3507,11,DK,Spring barley,n_day,0.00213397096034921
IPSL-CM6A-LR,-3.5,-3.4644,8,DK,Spring barley,n_day,0.00201021227399924
IPSL-CM6A-LR,-2.5,-2.5669,9,DK,Spring barley,n_day,0.00290800015050229
IPSL-CM6A-LR,-1.5,-1.2909,6,DK,Spring barley,n_day,0.00351265660166371
IPSL-CM6A-LR,-0.5,-0.6347,8,DK,Spring barley,n_day,-0.001900093626762
EC-Earth3,-9.5,-9.1554,4,EE,Spring barley,n_day,4.87638006911749e-05
EC-Earth3,-8.5,-8.4726,15,EE,Spring barley,n_day,0.000868146156108179
EC-Earth3,-7.5,-7.5562,20,EE,Spring barley,n_day,-0.000338001440452664
EC-Earth3,-6.5,-6.4767,21,EE,Spring barley,n_day,0.00115059061526665
EC-Earth3,-5.5,-5.3342,8,EE,Spring barley,n_day,0.000884298286126208
EC-Earth3,-4.5,-4.5495,8,EE,Spring barley,n_day,-0.00047328355565319
EC-Earth3,-3.5,-3.3459,9,EE,Spring barley,n_day,0.000806236517515544
EC-Earth3,-2.5,-2.4493,5,EE,Spring barley,n_day,0.000517605308822773
EC-Earth3,-1.5,-1.3807,6,EE,Spring barley,n_day,0.00169774486646224
EC-Earth3,-0.5,-0.6596,3,EE,Spring barley,n_day,0.00114641245759561
HadGEM3-GC3-1LL,-8.5,-8.3848,12,EE,Spring barley,n_day,0.000430965497141033
HadGEM3-GC3-1LL,-7.5,-7.5599,19,EE,Spring barley,n_day,-0.000541068309223905
HadGEM3-GC3-1LL,-6.5,-6.5442,24,EE,Spring barley,n_day,0.000916129826238094
HadGEM3-GC3-1LL,-5.5,-5.5797,10,EE,Spring barley,n_day,0.00105654676673127
HadGEM3-GC3-1LL,-4.5,-4.5263,6,EE,Spring barley,n_day,0.000579090333927479
HadGEM3-GC3-1LL,-3.5,-3.7835,7,EE,Spring barley,n_day,-0.00106295892819948
HadGEM3-GC3-1LL,-2.5,-2.4504,6,EE,Spring barley,n_day,-0.00214604463668589
HadGEM3-GC3-1LL,-1.5,-1.3098,8,EE,Spring barley,n_day,-0.00651609100326688
HadGEM3-GC3-1LL,-0.5,-0.331,6,EE,Spring barley,n_day,0.00015654281967536
HadGEM3-GC3-1MM,-14.5,-14.3032,4,EE,Spring barley,n_day,-0.0111226905965176
HadGEM3-GC3-1MM,-13.5,-13.3931,8,EE,Spring barley,n_day,-0.0146765729604726
HadGEM3-GC3-1MM,-12.5,-12.588,13,EE,Spring barley,n_day,-0.0147052413172987
HadGEM3-GC3-1MM,-11.5,-11.5321,21,EE,Spring barley,n_day,-0.0124036631053794
HadGEM3-GC3-1MM,-10.5,-10.4803,10,EE,Spring barley,n_day,-0.0144049527177434
HadGEM3-GC3-1MM,-9.5,-9.6161,7,EE,Spring barley,n_day,-0.00524267182100081
HadGEM3-GC3-1MM,-8.5,-8.6582,7,EE,Spring barley,n_day,-0.00460128364423095
HadGEM3-GC3-1MM,-7.5,-7.6345,8,EE,Spring barley,n_day,-0.00348426914350569
HadGEM3-GC3-1MM,-6.5,-6.4299,4,EE,Spring barley,n_day,0.000254360767301085
HadGEM3-GC3-1MM,-5.5,-5.3528,4,EE,Spring barley,n_day,0.000631817314378513
HadGEM3-GC3-1MM,-4.5,-4.3969,4,EE,Spring barley,n_day,0.00138327985805484
IPSL-CM6A-LR,-9.5,-9.3401,5,EE,Spring barley,n_day,-0.00496930914755617
IPSL-CM6A-LR,-8.5,-8.4598,8,EE,Spring barley,n_day,-0.00777309677733422
IPSL-CM6A-LR,-7.5,-7.5255,19,EE,Spring barley,n_day,-0.00393487793723676
IPSL-CM6A-LR,-6.5,-6.5577,11,EE,Spring barley,n_day,-0.00331053075277963
IPSL-CM6A-LR,-5.5,-5.5623,13,EE,Spring barley,n_day,4.89294007413754e-05
IPSL-CM6A-LR,-4.5,-4.3507,11,EE,Spring barley,n_day,0.000324065477106552
IPSL-CM6A-LR,-3.5,-3.4644,8,EE,Spring barley,n_day,0.00105140176020918
IPSL-CM6A-LR,-2.5,-2.5669,9,EE,Spring barley,n_day,0.0013205666344989
IPSL-CM6A-LR,-1.5,-1.2909,6,EE,Spring barley,n_day,0.00146766260366642
IPSL-CM6A-LR,-0.5,-0.6347,8,EE,Spring barley,n_day,0.000811249706752062
EC-Earth3,-9.5,-9.1554,4,ES,Spring barley,n_day,0.000556518608678578
EC-Earth3,-8.5,-8.4726,15,ES,Spring barley,n_day,0.00172718494488388
EC-Earth3,-7.5,-7.5562,20,ES,Spring barley,n_day,-0.000190395291253264
EC-Earth3,-6.5,-6.4767,21,ES,Spring barley,n_day,0.000447587155993334
EC-Earth3,-5.5,-5.3342,8,ES,Spring barley,n_day,0.000247138952247418
EC-Earth3,-4.5,-4.5495,8,ES,Spring barley,n_day,0.00144155117708179
EC-Earth3,-3.5,-3.3459,9,ES,Spring barley,n_day,0.000677539101885077
EC-Earth3,-2.5,-2.4493,5,ES,Spring barley,n_day,0.000283739847270062
EC-Earth3,-1.5,-1.3807,6,ES,Spring barley,n_day,-0.000434953193154549
EC-Earth3,-0.5,-0.6596,3,ES,Spring barley,n_day,0.000405398415860846
HadGEM3-GC3-1LL,-8.5,-8.3848,12,ES,Spring barley,n_day,0.00167046078408065
HadGEM3-GC3-1LL,-7.5,-7.5599,19,ES,Spring barley,n_day,0.000225535235487041
HadGEM3-GC3-1LL,-6.5,-6.5442,24,ES,Spring barley,n_day,0.000834766608311013
HadGEM3-GC3-1LL,-5.5,-5.5797,10,ES,Spring barley,n_day,6.27256621041798e-05
HadGEM3-GC3-1LL,-4.5,-4.5263,6,ES,Spring barley,n_day,0.000735939787761742
HadGEM3-GC3-1LL,-3.5,-3.7835,7,ES,Spring barley,n_day,0.000387347427497033
HadGEM3-GC3-1LL,-2.5,-2.4504,6,ES,Spring barley,n_day,0.000896057755665713
HadGEM3-GC3-1LL,-1.5,-1.3098,8,ES,Spring barley,n_day,-0.000554650325183359
HadGEM3-GC3-1LL,-0.5,-0.331,6,ES,Spring barley,n_day,-0.000132645422851315
HadGEM3-GC3-1MM,-14.5,-14.3032,4,ES,Spring barley,n_day,-0.000332074192323261
HadGEM3-GC3-1MM,-13.5,-13.3931,8,ES,Spring barley,n_day,-0.000731853860075468
HadGEM3-GC3-1MM,-12.5,-12.588,13,ES,Spring barley,n_day,-0.000512295840693688
HadGEM3-GC3-1MM,-11.5,-11.5321,21,ES,Spring barley,n_day,0.000542324887477699
HadGEM3-GC3-1MM,-10.5,-10.4803,10,ES,Spring barley,n_day,0.000568747403440637
HadGEM3-GC3-1MM,-9.5,-9.6161,7,ES,Spring barley,n_day,0.00124534122136282
HadGEM3-GC3-1MM,-8.5,-8.6582,7,ES,Spring barley,n_day,-0.000325250613374201
HadGEM3-GC3-1MM,-7.5,-7.6345,8,ES,Spring barley,n_day,0.000713198076932478
HadGEM3-GC3-1MM,-6.5,-6.4299,4,ES,Spring barley,n_day,6.40970173884954e-05
HadGEM3-GC3-1MM,-5.5,-5.3528,4,ES,Spring barley,n_day,-0.000277524748961354
HadGEM3-GC3-1MM,-4.5,-4.3969,4,ES,Spring barley,n_day,0.00018985793762718
IPSL-CM6A-LR,-9.5,-9.3401,5,ES,Spring barley,n_day,0.000704668056045537
IPSL-CM6A-LR,-8.5,-8.4598,8,ES,Spring barley,n_day,0.000433471567362165
IPSL-CM6A-LR,-7.5,-7.5255,19,ES,Spring barley,n_day,0.000533474446081097
IPSL-CM6A-LR,-6.5,-6.5577,11,ES,Spring barley,n_day,0.000842527620739148
IPSL-CM6A-LR,-5.5,-5.5623,13,ES,Spring barley,n_day,0.000928809473898101
IPSL-CM6A-LR,-4.5,-4.3507,11,ES,Spring barley,n_day,0.00154536301672558
IPSL-CM6A-LR,-3.5,-3.4644,8,ES,Spring barley,n_day,0.00117156675751694
IPSL-CM6A-LR,-2.5,-2.5669,9,ES,Spring barley,n_day,0.000297781771351201
IPSL-CM6A-LR,-1.5,-1.2909,6,ES,Spring barley,n_day,0.000435084985073231
IPSL-CM6A-LR,-0.5,-0.6347,8,ES,Spring barley,n_day,0.000545627635274396
EC-Earth3,-9.5,-9.1554,4,FI,Spring barley,n_day,-0.00149467048648828
EC-Earth3,-8.5,-8.4726,15,FI,Spring barley,n_day,-0.000837430914567795
EC-Earth3,-7.5,-7.5562,20,FI,Spring barley,n_day,-0.000166736119470412
EC-Earth3,-6.5,-6.4767,21,FI,Spring barley,n_day,0.000889683550569985
EC-Earth3,-5.5,-5.3342,8,FI,Spring barley,n_day,0.000802061614633861
EC-Earth3,-4.5,-4.5495,8,FI,Spring barley,n_day,-0.00201910228706033
EC-Earth3,-3.5,-3.3459,9,FI,Spring barley,n_day,-0.00117484776606912
EC-Earth3,-2.5,-2.4493,5,FI,Spring barley,n_day,-0.00200758964545295
EC-Earth3,-1.5,-1.3807,6,FI,Spring barley,n_day,0.00089000714688376
EC-Earth3,-0.5,-0.6596,3,FI,Spring barley,n_day,0.000846179264282855
HadGEM3-GC3-1LL,-8.5,-8.3848,12,FI,Spring barley,n_day,-0.00061801016773691
HadGEM3-GC3-1LL,-7.5,-7.5599,19,FI,Spring barley,n_day,-0.000826309270966656
HadGEM3-GC3-1LL,-6.5,-6.5442,24,FI,Spring barley,n_day,3.75991865045998e-05
HadGEM3-GC3-1LL,-5.5,-5.5797,10,FI,Spring barley,n_day,0.000405663296417458
HadGEM3-GC3-1LL,-4.5,-4.5263,6,FI,Spring barley,n_day,-7.50433815702123e-05
HadGEM3-GC3-1LL,-3.5,-3.7835,7,FI,Spring barley,n_day,-0.00228538496436949
HadGEM3-GC3-1LL,-2.5,-2.4504,6,FI,Spring barley,n_day,-0.00314478586777478
HadGEM3-GC3-1LL,-1.5,-1.3098,8,FI,Spring barley,n_day,-0.00583332132448257
HadGEM3-GC3-1LL,-0.5,-0.331,6,FI,Spring barley,n_day,-0.000250847572965617
HadGEM3-GC3-1MM,-14.5,-14.3032,4,FI,Spring barley,n_day,-0.0162677286171786
HadGEM3-GC3-1MM,-13.5,-13.3931,8,FI,Spring barley,n_day,-0.0177290318217791
HadGEM3-GC3-1MM,-12.5,-12.588,13,FI,Spring barley,n_day,-0.0169995305803572
HadGEM3-GC3-1MM,-11.5,-11.5321,21,FI,Spring barley,n_day,-0.0165911600461691
HadGEM3-GC3-1MM,-10.5,-10.4803,10,FI,Spring barley,n_day,-0.0172707405967946
HadGEM3-GC3-1MM,-9.5,-9.6161,7,FI,Spring barley,n_day,-0.0106217281829391
HadGEM3-GC3-1MM,-8.5,-8.6582,7,FI,Spring barley,n_day,-0.0104758492064854
HadGEM3-GC3-1MM,-7.5,-7.6345,8,FI,Spring barley,n_day,-0.00620655593899408
HadGEM3-GC3-1MM,-6.5,-6.4299,4,FI,Spring barley,n_day,-0.00157056154209936
HadGEM3-GC3-1MM,-5.5,-5.3528,4,FI,Spring barley,n_day,-0.000660526987308744
HadGEM3-GC3-1MM,-4.5,-4.3969,4,FI,Spring barley,n_day,0.000126920253423178
IPSL-CM6A-LR,-9.5,-9.3401,5,FI,Spring barley,n_day,-0.00644948119519912
IPSL-CM6A-LR,-8.5,-8.4598,8,FI,Spring barley,n_day,-0.0102570321997276
IPSL-CM6A-LR,-7.5,-7.5255,19,FI,Spring barley,n_day,-0.00749768327918986
IPSL-CM6A-LR,-6.5,-6.5577,11,FI,Spring barley,n_day,-0.00586983344011608
IPSL-CM6A-LR,-5.5,-5.5623,13,FI,Spring barley,n_day,-0.000812520405682064
IPSL-CM6A-LR,-4.5,-4.3507,11,FI,Spring barley,n_day,-0.000343378087940076
IPSL-CM6A-LR,-3.5,-3.4644,8,FI,Spring barley,n_day,0.00101261882933795
IPSL-CM6A-LR,-2.5,-2.5669,9,FI,Spring barley,n_day,0.000814271762782043
IPSL-CM6A-LR,-1.5,-1.2909,6,FI,Spring barley,n_day,0.000740035022993962
IPSL-CM6A-LR,-0.5,-0.6347,8,FI,Spring barley,n_day,-0.000184380275253482
EC-Earth3,-9.5,-9.1554,4,FR,Spring barley,n_day,-0.00035832848914657
EC-Earth3,-8.5,-8.4726,15,FR,Spring barley,n_day,0.00275425359859579
EC-Earth3,-7.5,-7.5562,20,FR,Spring barley,n_day,0.000669860465415689
EC-Earth3,-6.5,-6.4767,21,FR,Spring barley,n_day,0.00139190159993159
EC-Earth3,-5.5,-5.3342,8,FR,Spring barley,n_day,0.000985974092122815
EC-Earth3,-4.5,-4.5495,8,FR,Spring barley,n_day,0.00195344008756669
EC-Earth3,-3.5,-3.3459,9,FR,Spring barley,n_day,0.00253235769521801
EC-Earth3,-2.5,-2.4493,5,FR,Spring barley,n_day,0.000658632506029017
EC-Earth3,-1.5,-1.3807,6,FR,Spring barley,n_day,0.00126455125208445
EC-Earth3,-0.5,-0.6596,3,FR,Spring barley,n_day,-0.000230724084233583
HadGEM3-GC3-1LL,-8.5,-8.3848,12,FR,Spring barley,n_day,0.00144521356581952
HadGEM3-GC3-1LL,-7.5,-7.5599,19,FR,Spring barley,n_day,0.000245647693960412
HadGEM3-GC3-1LL,-6.5,-6.5442,24,FR,Spring barley,n_day,0.00167712233934422
HadGEM3-GC3-1LL,-5.5,-5.5797,10,FR,Spring barley,n_day,0.000750820273635827
HadGEM3-GC3-1LL,-4.5,-4.5263,6,FR,Spring barley,n_day,0.00146505966265738
HadGEM3-GC3-1LL,-3.5,-3.7835,7,FR,Spring barley,n_day,0.000648891910407994
HadGEM3-GC3-1LL,-2.5,-2.4504,6,FR,Spring barley,n_day,-0.000962006084925073
HadGEM3-GC3-1LL,-1.5,-1.3098,8,FR,Spring barley,n_day,-0.00158949404609808
HadGEM3-GC3-1LL,-0.5,-0.331,6,FR,Spring barley,n_day,-0.00072666080445739
HadGEM3-GC3-1MM,-14.5,-14.3032,4,FR,Spring barley,n_day,-0.00895240712959411
HadGEM3-GC3-1MM,-13.5,-13.3931,8,FR,Spring barley,n_day,-0.0083940909490393
HadGEM3-GC3-1MM,-12.5,-12.588,13,FR,Spring barley,n_day,-0.0037364837209713
HadGEM3-GC3-1MM,-11.5,-11.5321,21,FR,Spring barley,n_day,-0.00353203169977083
HadGEM3-GC3-1MM,-10.5,-10.4803,10,FR,Spring barley,n_day,-0.00174158759376951
HadGEM3-GC3-1MM,-9.5,-9.6161,7,FR,Spring barley,n_day,0.0012116177760695
HadGEM3-GC3-1MM,-8.5,-8.6582,7,FR,Spring barley,n_day,-0.00118608853006951
HadGEM3-GC3-1MM,-7.5,-7.6345,8,FR,Spring barley,n_day,-0.00110042516998484
HadGEM3-GC3-1MM,-6.5,-6.4299,4,FR,Spring barley,n_day,-0.000630728947826761
HadGEM3-GC3-1MM,-5.5,-5.3528,4,FR,Spring barley,n_day,-0.00203401938656374
HadGEM3-GC3-1MM,-4.5,-4.3969,4,FR,Spring barley,n_day,0.00112332785698505
IPSL-CM6A-LR,-9.5,-9.3401,5,FR,Spring barley,n_day,0.00199292107805992
IPSL-CM6A-LR,-8.5,-8.4598,8,FR,Spring barley,n_day,0.000572411082703782
IPSL-CM6A-LR,-7.5,-7.5255,19,FR,Spring barley,n_day,0.00175285045540566
IPSL-CM6A-LR,-6.5,-6.5577,11,FR,Spring barley,n_day,0.00331328019581738
IPSL-CM6A-LR,-5.5,-5.5623,13,FR,Spring barley,n_day,0.00192917079573884
IPSL-CM6A-LR,-4.5,-4.3507,11,FR,Spring barley,n_day,0.00132414128024252
IPSL-CM6A-LR,-3.5,-3.4644,8,FR,Spring barley,n_day,0.000789178040130877
IPSL-CM6A-LR,-2.5,-2.5669,9,FR,Spring barley,n_day,0.00186590320791335
IPSL-CM6A-LR,-1.5,-1.2909,6,FR,Spring barley,n_day,0.000535705653704242
IPSL-CM6A-LR,-0.5,-0.6347,8,FR,Spring barley,n_day,-0.000890007519693213
EC-Earth3,-9.5,-9.1554,4,HU,Spring barley,n_day,-0.000873887576765869
EC-Earth3,-8.5,-8.4726,15,HU,Spring barley,n_day,0.00176294724916067
EC-Earth3,-7.5,-7.5562,20,HU,Spring barley,n_day,0.000124103872030975
EC-Earth3,-6.5,-6.4767,21,HU,Spring barley,n_day,0.00134013026967648
EC-Earth3,-5.5,-5.3342,8,HU,Spring barley,n_day,0.00120908384254083
EC-Earth3,-4.5,-4.5495,8,HU,Spring barley,n_day,0.000304571852395907
EC-Earth3,-3.5,-3.3459,9,HU,Spring barley,n_day,0.00080038391225821
EC-Earth3,-2.5,-2.4493,5,HU,Spring barley,n_day,0.00186375883494827
EC-Earth3,-1.5,-1.3807,6,HU,Spring barley,n_day,0.00100170039661511
EC-Earth3,-0.5,-0.6596,3,HU,Spring barley,n_day,-0.00122282719619539
HadGEM3-GC3-1LL,-8.5,-8.3848,12,HU,Spring barley,n_day,0.00110511419935922
HadGEM3-GC3-1LL,-7.5,-7.5599,19,HU,Spring barley,n_day,0.000998369358240546
HadGEM3-GC3-1LL,-6.5,-6.5442,24,HU,Spring barley,n_day,0.00119845467074633
HadGEM3-GC3-1LL,-5.5,-5.5797,10,HU,Spring barley,n_day,0.00107471965513124
HadGEM3-GC3-1LL,-4.5,-4.5263,6,HU,Spring barley,n_day,0.00083757820178166
HadGEM3-GC3-1LL,-3.5,-3.7835,7,HU,Spring barley,n_day,0.00104126833916325
HadGEM3-GC3-1LL,-2.5,-2.4504,6,HU,Spring barley,n_day,-0.000327818032403527
HadGEM3-GC3-1LL,-1.5,-1.3098,8,HU,Spring barley,n_day,-0.000448662416599334
HadGEM3-GC3-1LL,-0.5,-0.331,6,HU,Spring barley,n_day,0.000395761103713437
HadGEM3-GC3-1MM,-14.5,-14.3032,4,HU,Spring barley,n_day,0.00162361965213069
HadGEM3-GC3-1MM,-13.5,-13.3931,8,HU,Spring barley,n_day,0.0010520796247686
HadGEM3-GC3-1MM,-12.5,-12.588,13,HU,Spring barley,n_day,0.000145502055722623
HadGEM3-GC3-1MM,-11.5,-11.5321,21,HU,Spring barley,n_day,0.00101843526632145
HadGEM3-GC3-1MM,-10.5,-10.4803,10,HU,Spring barley,n_day,-0.00038153983368424
HadGEM3-GC3-1MM,-9.5,-9.6161,7,HU,Spring barley,n_day,0.00150681963707054
HadGEM3-GC3-1MM,-8.5,-8.6582,7,HU,Spring barley,n_day,0.00119958281937189
HadGEM3-GC3-1MM,-7.5,-7.6345,8,HU,Spring barley,n_day,-0.000951748097967077
HadGEM3-GC3-1MM,-6.5,-6.4299,4,HU,Spring barley,n_day,-0.000278382945467135
HadGEM3-GC3-1MM,-5.5,-5.3528,4,HU,Spring barley,n_day,-0.00100485609810972
HadGEM3-GC3-1MM,-4.5,-4.3969,4,HU,Spring barley,n_day,0.000962107087368243
IPSL-CM6A-LR,-9.5,-9.3401,5,HU,Spring barley,n_day,0.000977327131847376
IPSL-CM6A-LR,-8.5,-8.4598,8,HU,Spring barley,n_day,0.00106984897120451
IPSL-CM6A-LR,-7.5,-7.5255,19,HU,Spring barley,n_day,0.00115929774561934
IPSL-CM6A-LR,-6.5,-6.5577,11,HU,Spring barley,n_day,0.00282777703440911
IPSL-CM6A-LR,-5.5,-5.5623,13,HU,Spring barley,n_day,0.000911643491369611
IPSL-CM6A-LR,-4.5,-4.3507,11,HU,Spring barley,n_day,-3.51019470979646e-05
IPSL-CM6A-LR,-3.5,-3.4644,8,HU,Spring barley,n_day,-0.000954780291991658
IPSL-CM6A-LR,-2.5,-2.5669,9,HU,Spring barley,n_day,0.000410715575254975
IPSL-CM6A-LR,-1.5,-1.2909,6,HU,Spring barley,n_day,0.00165501952032445
IPSL-CM6A-LR,-0.5,-0.6347,8,HU,Spring barley,n_day,-0.000139660890490902
EC-Earth3,-9.5,-9.1554,4,LT,Spring barley,n_day,1.59002285035159e-05
EC-Earth3,-8.5,-8.4726,15,LT,Spring barley,n_day,0.00186261190599805
EC-Earth3,-7.5,-7.5562,20,LT,Spring barley,n_day,0.000244864234390709
EC-Earth3,-6.5,-6.4767,21,LT,Spring barley,n_day,0.00134383792121302
EC-Earth3,-5.5,-5.3342,8,LT,Spring barley,n_day,0.00113117806986863
EC-Earth3,-4.5,-4.5495,8,LT,Spring barley,n_day,-0.000456740145617204
EC-Earth3,-3.5,-3.3459,9,LT,Spring barley,n_day,0.00219606330165482
EC-Earth3,-2.5,-2.4493,5,LT,Spring barley,n_day,0.00165240545225284
EC-Earth3,-1.5,-1.3807,6,LT,Spring barley,n_day,0.00230949305907938
EC-Earth3,-0.5,-0.6596,3,LT,Spring barley,n_day,0.00111059912578434
HadGEM3-GC3-1LL,-8.5,-8.3848,12,LT,Spring barley,n_day,0.00110731226165389
HadGEM3-GC3-1LL,-7.5,-7.5599,19,LT,Spring barley,n_day,9.39032084522507e-05
HadGEM3-GC3-1LL,-6.5,-6.5442,24,LT,Spring barley,n_day,0.00187094466354566
HadGEM3-GC3-1LL,-5.5,-5.5797,10,LT,Spring barley,n_day,0.00164065949698779
HadGEM3-GC3-1LL,-4.5,-4.5263,6,LT,Spring barley,n_day,0.000453963223858483
HadGEM3-GC3-1LL,-3.5,-3.7835,7,LT,Spring barley,n_day,0.00020033609373915
HadGEM3-GC3-1LL,-2.5,-2.4504,6,LT,Spring barley,n_day,-0.00346414986976198
HadGEM3-GC3-1LL,-1.5,-1.3098,8,LT,Spring barley,n_day,-0.00400150141801461
HadGEM3-GC3-1LL,-0.5,-0.331,6,LT,Spring barley,n_day,0.000862231380278207
HadGEM3-GC3-1MM,-14.5,-14.3032,4,LT,Spring barley,n_day,-0.00469265071275485
HadGEM3-GC3-1MM,-13.5,-13.3931,8,LT,Spring barley,n_day,-0.0104828936059312
HadGEM3-GC3-1MM,-12.5,-12.588,13,LT,Spring barley,n_day,-0.0117707075095031
HadGEM3-GC3-1MM,-11.5,-11.5321,21,LT,Spring barley,n_day,-0.00730869910453364
HadGEM3-GC3-1MM,-10.5,-10.4803,10,LT,Spring barley,n_day,-0.0111646172680265
HadGEM3-GC3-1MM,-9.5,-9.6161,7,LT,Spring barley,n_day,0.000196981141913057
HadGEM3-GC3-1MM,-8.5,-8.6582,7,LT,Spring barley,n_day,-0.00062553669071349
HadGEM3-GC3-1MM,-7.5,-7.6345,8,LT,Spring barley,n_day,-0.000525474675348064
HadGEM3-GC3-1MM,-6.5,-6.4299,4,LT,Spring barley,n_day,0.000460809843545379
HadGEM3-GC3-1MM,-5.5,-5.3528,4,LT,Spring barley,n_day,0.000343380175345965
HadGEM3-GC3-1MM,-4.5,-4.3969,4,LT,Spring barley,n_day,0.00200813094077252
IPSL-CM6A-LR,-9.5,-9.3401,5,LT,Spring barley,n_day,-0.000481631932135986
IPSL-CM6A-LR,-8.5,-8.4598,8,LT,Spring barley,n_day,-0.00182929826993116
IPSL-CM6A-LR,-7.5,-7.5255,19,LT,Spring barley,n_day,0.000906959161352172
IPSL-CM6A-LR,-6.5,-6.5577,11,LT,Spring barley,n_day,0.00199898281258408
IPSL-CM6A-LR,-5.5,-5.5623,13,LT,Spring barley,n_day,0.000953371687592522
IPSL-CM6A-LR,-4.5,-4.3507,11,LT,Spring barley,n_day,0.00108263639759566
IPSL-CM6A-LR,-3.5,-3.4644,8,LT,Spring barley,n_day,0.000664394203933887
IPSL-CM6A-LR,-2.5,-2.5669,9,LT,Spring barley,n_day,0.00137081687375337
IPSL-CM6A-LR,-1.5,-1.2909,6,LT,Spring barley,n_day,0.00243320123198191
IPSL-CM6A-LR,-0.5,-0.6347,8,LT,Spring barley,n_day,0.00016237796784797
EC-Earth3,-9.5,-9.1554,4,LV,Spring barley,n_day,5.41834257316438e-05
EC-Earth3,-8.5,-8.4726,15,LV,Spring barley,n_day,0.00138999678593972
EC-Earth3,-7.5,-7.5562,20,LV,Spring barley,n_day,-0.000227375046433306
EC-Earth3,-6.5,-6.4767,21,LV,Spring barley,n_day,0.00102822483535829
EC-Earth3,-5.5,-5.3342,8,LV,Spring barley,n_day,0.0010494734556073
EC-Earth3,-4.5,-4.5495,8,LV,Spring barley,n_day,-0.000636202130938756
EC-Earth3,-3.5,-3.3459,9,LV,Spring barley,n_day,0.00135663294776001
EC-Earth3,-2.5,-2.4493,5,LV,Spring barley,n_day,0.00114777091905766
EC-Earth3,-1.5,-1.3807,6,LV,Spring barley,n_day,0.0020362400952244
EC-Earth3,-0.5,-0.6596,3,LV,Spring barley,n_day,0.00087608670829738
HadGEM3-GC3-1LL,-8.5,-8.3848,12,LV,Spring barley,n_day,0.000562715375767428
HadGEM3-GC3-1LL,-7.5,-7.5599,19,LV,Spring barley,n_day,-0.000230166281114989
HadGEM3-GC3-1LL,-6.5,-6.5442,24,LV,Spring barley,n_day,0.00152177393900617
HadGEM3-GC3-1LL,-5.5,-5.5797,10,LV,Spring barley,n_day,0.00137141385753079
HadGEM3-GC3-1LL,-4.5,-4.5263,6,LV,Spring barley,n_day,0.000250837104903061
HadGEM3-GC3-1LL,-3.5,-3.7835,7,LV,Spring barley,n_day,-0.000226800513128956
HadGEM3-GC3-1LL,-2.5,-2.4504,6,LV,Spring barley,n_day,-0.00314207497670829
HadGEM3-GC3-1LL,-1.5,-1.3098,8,LV,Spring barley,n_day,-0.00494676775798771
HadGEM3-GC3-1LL,-0.5,-0.331,6,LV,Spring barley,n_day,0.000413464167291304
HadGEM3-GC3-1MM,-14.5,-14.3032,4,LV,Spring barley,n_day,-0.00809403947363721
HadGEM3-GC3-1MM,-13.5,-13.3931,8,LV,Spring barley,n_day,-0.0132367608548796
HadGEM3-GC3-1MM,-12.5,-12.588,13,LV,Spring barley,n_day,-0.0138725256955876
HadGEM3-GC3-1MM,-11.5,-11.5321,21,LV,Spring barley,n_day,-0.00996220859934424
HadGEM3-GC3-1MM,-10.5,-10.4803,10,LV,Spring barley,n_day,-0.0127327495089252
HadGEM3-GC3-1MM,-9.5,-9.6161,7,LV,Spring barley,n_day,-0.00229148136047786
HadGEM3-GC3-1MM,-8.5,-8.6582,7,LV,Spring barley,n_day,-0.00204135133830107
HadGEM3-GC3-1MM,-7.5,-7.6345,8,LV,Spring barley,n_day,-0.00160257214131633
HadGEM3-GC3-1MM,-6.5,-6.4299,4,LV,Spring barley,n_day,0.000217730340669582
HadGEM3-GC3-1MM,-5.5,-5.3528,4,LV,Spring barley,n_day,0.000443633004097601
HadGEM3-GC3-1MM,-4.5,-4.3969,4,LV,Spring barley,n_day,0.00149476099265488
IPSL-CM6A-LR,-9.5,-9.3401,5,LV,Spring barley,n_day,-0.00204831968453829
IPSL-CM6A-LR,-8.5,-8.4598,8,LV,Spring barley,n_day,-0.00408782157088132
IPSL-CM6A-LR,-7.5,-7.5255,19,LV,Spring barley,n_day,-0.00065684678110463
IPSL-CM6A-LR,-6.5,-6.5577,11,LV,Spring barley,n_day,1.69383105946707e-05
IPSL-CM6A-LR,-5.5,-5.5623,13,LV,Spring barley,n_day,0.000512856782680261
IPSL-CM6A-LR,-4.5,-4.3507,11,LV,Spring barley,n_day,0.000757188235146816
IPSL-CM6A-LR,-3.5,-3.4644,8,LV,Spring barley,n_day,0.000821460446475653
IPSL-CM6A-LR,-2.5,-2.5669,9,LV,Spring barley,n_day,0.00115769268485714
IPSL-CM6A-LR,-1.5,-1.2909,6,LV,Spring barley,n_day,0.00198747941605783
IPSL-CM6A-LR,-0.5,-0.6347,8,LV,Spring barley,n_day,0.000287651699462923
EC-Earth3,-9.5,-9.1554,4,SE,Spring barley,n_day,-0.00181135482422659
EC-Earth3,-8.5,-8.4726,15,SE,Spring barley,n_day,4.76840704587982e-05
EC-Earth3,-7.5,-7.5562,20,SE,Spring barley,n_day,0.00137430415869671
EC-Earth3,-6.5,-6.4767,21,SE,Spring barley,n_day,0.00222343890043407
EC-Earth3,-5.5,-5.3342,8,SE,Spring barley,n_day,0.00215800005862852
EC-Earth3,-4.5,-4.5495,8,SE,Spring barley,n_day,-9.9957738851244e-05
EC-Earth3,-3.5,-3.3459,9,SE,Spring barley,n_day,0.0031746978394638
EC-Earth3,-2.5,-2.4493,5,SE,Spring barley,n_day,-0.00029132330494669
EC-Earth3,-1.5,-1.3807,6,SE,Spring barley,n_day,0.00198931034319068
EC-Earth3,-0.5,-0.6596,3,SE,Spring barley,n_day,0.000840209633357776
HadGEM3-GC3-1LL,-8.5,-8.3848,12,SE,Spring barley,n_day,0.00133195353463279
HadGEM3-GC3-1LL,-7.5,-7.5599,19,SE,Spring barley,n_day,-6.39428907916026e-05
HadGEM3-GC3-1LL,-6.5,-6.5442,24,SE,Spring barley,n_day,0.00256709767580019
HadGEM3-GC3-1LL,-5.5,-5.5797,10,SE,Spring barley,n_day,0.00223223874228511
HadGEM3-GC3-1LL,-4.5,-4.5263,6,SE,Spring barley,n_day,0.000928115458395391
HadGEM3-GC3-1LL,-3.5,-3.7835,7,SE,Spring barley,n_day,0.000260830297542451
HadGEM3-GC3-1LL,-2.5,-2.4504,6,SE,Spring barley,n_day,-0.00289973228296595
HadGEM3-GC3-1LL,-1.5,-1.3098,8,SE,Spring barley,n_day,-0.00376183303795612
HadGEM3-GC3-1LL,-0.5,-0.331,6,SE,Spring barley,n_day,-0.000397487973005445
HadGEM3-GC3-1MM,-14.5,-14.3032,4,SE,Spring barley,n_day,-0.013954849578191
HadGEM3-GC3-1MM,-13.5,-13.3931,8,SE,Spring barley,n_day,-0.0144418866338184
HadGEM3-GC3-1MM,-12.5,-12.588,13,SE,Spring barley,n_day,-0.0134626882630837
HadGEM3-GC3-1MM,-11.5,-11.5321,21,SE,Spring barley,n_day,-0.0133987735359926
HadGEM3-GC3-1MM,-10.5,-10.4803,10,SE,Spring barley,n_day,-0.0136231424662559
HadGEM3-GC3-1MM,-9.5,-9.6161,7,SE,Spring barley,n_day,-0.00352657841046932
HadGEM3-GC3-1MM,-8.5,-8.6582,7,SE,Spring barley,n_day,-0.00411411091564808
HadGEM3-GC3-1MM,-7.5,-7.6345,8,SE,Spring barley,n_day,-0.00284558247838221
HadGEM3-GC3-1MM,-6.5,-6.4299,4,SE,Spring barley,n_day,0.000985939713923892
HadGEM3-GC3-1MM,-5.5,-5.3528,4,SE,Spring barley,n_day,0.000489369884923203
HadGEM3-GC3-1MM,-4.5,-4.3969,4,SE,Spring barley,n_day,0.00241988496336374
IPSL-CM6A-LR,-9.5,-9.3401,5,SE,Spring barley,n_day,-0.00321792975526583
IPSL-CM6A-LR,-8.5,-8.4598,8,SE,Spring barley,n_day,-0.00652275419196623
IPSL-CM6A-LR,-7.5,-7.5255,19,SE,Spring barley,n_day,-0.00222139911697823
IPSL-CM6A-LR,-6.5,-6.5577,11,SE,Spring barley,n_day,-0.00265938151822592
IPSL-CM6A-LR,-5.5,-5.5623,13,SE,Spring barley,n_day,0.00152361299151415
IPSL-CM6A-LR,-4.5,-4.3507,11,SE,Spring barley,n_day,0.0017287098400539
IPSL-CM6A-LR,-3.5,-3.4644,8,SE,Spring barley,n_day,0.00166652340368817
IPSL-CM6A-LR,-2.5,-2.5669,9,SE,Spring barley,n_day,0.00264053340311377
IPSL-CM6A-LR,-1.5,-1.2909,6,SE,Spring barley,n_day,0.00291181417544789
IPSL-CM6A-LR,-0.5,-0.6347,8,SE,Spring barley,n_day,-0.000657781196496739
EC-Earth3,-9.5,-9.1554,4,SK,Spring barley,n_day,-0.00107156878857244
EC-Earth3,-8.5,-8.4726,15,SK,Spring barley,n_day,0.00191851949172713
EC-Earth3,-7.5,-7.5562,20,SK,Spring barley,n_day,0.000236740578181871
EC-Earth3,-6.5,-6.4767,21,SK,Spring barley,n_day,0.00168777359316574
EC-Earth3,-5.5,-5.3342,8,SK,Spring barley,n_day,0.00160344357177325
EC-Earth3,-4.5,-4.5495,8,SK,Spring barley,n_day,0.000379084206611183
EC-Earth3,-3.5,-3.3459,9,SK,Spring barley,n_day,0.00110715322002785
EC-Earth3,-2.5,-2.4493,5,SK,Spring barley,n_day,0.00161482153830538
EC-Earth3,-1.5,-1.3807,6,SK,Spring barley,n_day,0.00139192258694952
EC-Earth3,-0.5,-0.6596,3,SK,Spring barley,n_day,-0.00158817076417109
HadGEM3-GC3-1LL,-8.5,-8.3848,12,SK,Spring barley,n_day,0.00132089731207312
HadGEM3-GC3-1LL,-7.5,-7.5599,19,SK,Spring barley,n_day,0.00130962633033716
HadGEM3-GC3-1LL,-6.5,-6.5442,24,SK,Spring barley,n_day,0.00164193115106275
HadGEM3-GC3-1LL,-5.5,-5.5797,10,SK,Spring barley,n_day,0.0012213756275519
HadGEM3-GC3-1LL,-4.5,-4.5263,6,SK,Spring barley,n_day,0.00088073199923877
HadGEM3-GC3-1LL,-3.5,-3.7835,7,SK,Spring barley,n_day,0.00122558720177195
HadGEM3-GC3-1LL,-2.5,-2.4504,6,SK,Spring barley,n_day,-0.000452777826532252
HadGEM3-GC3-1LL,-1.5,-1.3098,8,SK,Spring barley,n_day,-0.000888451917955081
HadGEM3-GC3-1LL,-0.5,-0.331,6,SK,Spring barley,n_day,0.000353102587540346
HadGEM3-GC3-1MM,-14.5,-14.3032,4,SK,Spring barley,n_day,0.00155752239761694
HadGEM3-GC3-1MM,-13.5,-13.3931,8,SK,Spring barley,n_day,0.00115633767841485
HadGEM3-GC3-1MM,-12.5,-12.588,13,SK,Spring barley,n_day,-9.06476352123276e-05
HadGEM3-GC3-1MM,-11.5,-11.5321,21,SK,Spring barley,n_day,0.000955317706134321
HadGEM3-GC3-1MM,-10.5,-10.4803,10,SK,Spring barley,n_day,-0.000774735507276279
HadGEM3-GC3-1MM,-9.5,-9.6161,7,SK,Spring barley,n_day,0.00203490710330829
HadGEM3-GC3-1MM,-8.5,-8.6582,7,SK,Spring barley,n_day,0.00122925307658811
HadGEM3-GC3-1MM,-7.5,-7.6345,8,SK,Spring barley,n_day,-0.000737737472610383
HadGEM3-GC3-1MM,-6.5,-6.4299,4,SK,Spring barley,n_day,-0.000341426204804156
HadGEM3-GC3-1MM,-5.5,-5.3528,4,SK,Spring barley,n_day,-0.000679447105434105
HadGEM3-GC3-1MM,-4.5,-4.3969,4,SK,Spring barley,n_day,0.00127905245431908
IPSL-CM6A-LR,-9.5,-9.3401,5,SK,Spring barley,n_day,0.00158765782448127
IPSL-CM6A-LR,-8.5,-8.4598,8,SK,Spring barley,n_day,0.00115093854515615
IPSL-CM6A-LR,-7.5,-7.5255,19,SK,Spring barley,n_day,0.00136217568482242
IPSL-CM6A-LR,-6.5,-6.5577,11,SK,Spring barley,n_day,0.00301921826668284
IPSL-CM6A-LR,-5.5,-5.5623,13,SK,Spring barley,n_day,0.00109053325045496
IPSL-CM6A-LR,-4.5,-4.3507,11,SK,Spring barley,n_day,0.000219263493682804
IPSL-CM6A-LR,-3.5,-3.4644,8,SK,Spring barley,n_day,-0.000841871179604253
IPSL-CM6A-LR,-2.5,-2.5669,9,SK,Spring barley,n_day,0.000684455292738323
IPSL-CM6A-LR,-1.5,-1.2909,6,SK,Spring barley,n_day,0.00209385934727824
IPSL-CM6A-LR,-0.5,-0.6347,8,SK,Spring barley,n_day,-0.00074103986530074
EC-Earth3,-9.5,-9.1554,4,CZ,Winter barley,n_day,0.00851122745231155
EC-Earth3,-8.5,-8.4726,15,CZ,Winter barley,n_day,-0.0223133699085212
EC-Earth3,-7.5,-7.5562,20,CZ,Winter barley,n_day,-0.0065241830855635
EC-Earth3,-6.5,-6.4767,21,CZ,Winter barley,n_day,-0.017618393008465
EC-Earth3,-5.5,-5.3342,8,CZ,Winter barley,n_day,-0.0166191598003243
EC-Earth3,-4.5,-4.5495,8,CZ,Winter barley,n_day,-0.0087068877146251
EC-Earth3,-3.5,-3.3459,9,CZ,Winter barley,n_day,-0.0170580842344708
EC-Earth3,-2.5,-2.4493,5,CZ,Winter barley,n_day,-0.00865186374436027
EC-Earth3,-1.5,-1.3807,6,CZ,Winter barley,n_day,-0.0139504823246719
EC-Earth3,-0.5,-0.6596,3,CZ,Winter barley,n_day,0.00227025697367582
HadGEM3-GC3-1LL,-8.5,-8.3848,12,CZ,Winter barley,n_day,-0.0137320463337736
HadGEM3-GC3-1LL,-7.5,-7.5599,19,CZ,Winter barley,n_day,-0.00638084254273104
HadGEM3-GC3-1LL,-6.5,-6.5442,24,CZ,Winter barley,n_day,-0.0171263404217753
HadGEM3-GC3-1LL,-5.5,-5.5797,10,CZ,Winter barley,n_day,-0.0133129957286697
HadGEM3-GC3-1LL,-4.5,-4.5263,6,CZ,Winter barley,n_day,-0.0081305493484997
HadGEM3-GC3-1LL,-3.5,-3.7835,7,CZ,Winter barley,n_day,-0.0123841285608404
HadGEM3-GC3-1LL,-2.5,-2.4504,6,CZ,Winter barley,n_day,0.0144050598931243
HadGEM3-GC3-1LL,-1.5,-1.3098,8,CZ,Winter barley,n_day,0.0112172126508887
HadGEM3-GC3-1LL,-0.5,-0.331,6,CZ,Winter barley,n_day,0.000318629186851995
HadGEM3-GC3-1MM,-14.5,-14.3032,4,CZ,Winter barley,n_day,0.0113433235850827
HadGEM3-GC3-1MM,-13.5,-13.3931,8,CZ,Winter barley,n_day,0.0213868088882269
HadGEM3-GC3-1MM,-12.5,-12.588,13,CZ,Winter barley,n_day,0.0100758469386117
HadGEM3-GC3-1MM,-11.5,-11.5321,21,CZ,Winter barley,n_day,0.00909036143595696
HadGEM3-GC3-1MM,-10.5,-10.4803,10,CZ,Winter barley,n_day,0.026280490722028
HadGEM3-GC3-1MM,-9.5,-9.6161,7,CZ,Winter barley,n_day,-0.0192939647727354
HadGEM3-GC3-1MM,-8.5,-8.6582,7,CZ,Winter barley,n_day,-0.00535189670391108
HadGEM3-GC3-1MM,-7.5,-7.6345,8,CZ,Winter barley,n_day,0.007969789130381
HadGEM3-GC3-1MM,-6.5,-6.4299,4,CZ,Winter barley,n_day,0.0028501197841434
HadGEM3-GC3-1MM,-5.5,-5.3528,4,CZ,Winter barley,n_day,0.00800192385248982
HadGEM3-GC3-1MM,-4.5,-4.3969,4,CZ,Winter barley,n_day,-0.0120531187853413
IPSL-CM6A-LR,-9.5,-9.3401,5,CZ,Winter barley,n_day,-0.0145671042444359
IPSL-CM6A-LR,-8.5,-8.4598,8,CZ,Winter barley,n_day,-0.00770584329970032
IPSL-CM6A-LR,-7.5,-7.5255,19,CZ,Winter barley,n_day,-0.0128377080396133
IPSL-CM6A-LR,-6.5,-6.5577,11,CZ,Winter barley,n_day,-0.0246270722512056
IPSL-CM6A-LR,-5.5,-5.5623,13,CZ,Winter barley,n_day,-0.0123875600462469
IPSL-CM6A-LR,-4.5,-4.3507,11,CZ,Winter barley,n_day,-0.000415953041487008
IPSL-CM6A-LR,-3.5,-3.4644,8,CZ,Winter barley,n_day,0.00164880638531874
IPSL-CM6A-LR,-2.5,-2.5669,9,CZ,Winter barley,n_day,-0.00457396697128044
IPSL-CM6A-LR,-1.5,-1.2909,6,CZ,Winter barley,n_day,-0.0183845500605071
IPSL-CM6A-LR,-0.5,-0.6347,8,CZ,Winter barley,n_day,0.00618613717191527
EC-Earth3,-9.5,-9.1554,4,DE,Winter barley,n_day,0.00689953100420566
EC-Earth3,-8.5,-8.4726,15,DE,Winter barley,n_day,-0.0232655859084736
EC-Earth3,-7.5,-7.5562,20,DE,Winter barley,n_day,-0.0100138569634723
EC-Earth3,-6.5,-6.4767,21,DE,Winter barley,n_day,-0.0168723589170829
EC-Earth3,-5.5,-5.3342,8,DE,Winter barley,n_day,-0.0163092877048558
EC-Earth3,-4.5,-4.5495,8,DE,Winter barley,n_day,-0.0112966972441709
EC-Earth3,-3.5,-3.3459,9,DE,Winter barley,n_day,-0.0243188544526465
EC-Earth3,-2.5,-2.4493,5,DE,Winter barley,n_day,-0.00709429342028556
EC-Earth3,-1.5,-1.3807,6,DE,Winter barley,n_day,-0.014549274291283
EC-Earth3,-0.5,-0.6596,3,DE,Winter barley,n_day,-0.00086593113264706
HadGEM3-GC3-1LL,-8.5,-8.3848,12,DE,Winter barley,n_day,-0.0110855265629244
HadGEM3-GC3-1LL,-7.5,-7.5599,19,DE,Winter barley,n_day,-0.00415132130829827
HadGEM3-GC3-1LL,-6.5,-6.5442,24,DE,Winter barley,n_day,-0.0172801392691276
HadGEM3-GC3-1LL,-5.5,-5.5797,10,DE,Winter barley,n_day,-0.0120749987295539
HadGEM3-GC3-1LL,-4.5,-4.5263,6,DE,Winter barley,n_day,-0.00791304819096807
HadGEM3-GC3-1LL,-3.5,-3.7835,7,DE,Winter barley,n_day,-0.00903305853007616
HadGEM3-GC3-1LL,-2.5,-2.4504,6,DE,Winter barley,n_day,0.0185992250930524
HadGEM3-GC3-1LL,-1.5,-1.3098,8,DE,Winter barley,n_day,0.016828470403045
HadGEM3-GC3-1LL,-0.5,-0.331,6,DE,Winter barley,n_day,0.00132324566623069
HadGEM3-GC3-1MM,-14.5,-14.3032,4,DE,Winter barley,n_day,0.0617269968576255
HadGEM3-GC3-1MM,-13.5,-13.3931,8,DE,Winter barley,n_day,0.0727035475608286
HadGEM3-GC3-1MM,-12.5,-12.588,13,DE,Winter barley,n_day,0.047443848921709
HadGEM3-GC3-1MM,-11.5,-11.5321,21,DE,Winter barley,n_day,0.0412023199309583
HadGEM3-GC3-1MM,-10.5,-10.4803,10,DE,Winter barley,n_day,0.0417863944620776
HadGEM3-GC3-1MM,-9.5,-9.6161,7,DE,Winter barley,n_day,-0.0146832896557443
HadGEM3-GC3-1MM,-8.5,-8.6582,7,DE,Winter barley,n_day,-0.000153970189979504
HadGEM3-GC3-1MM,-7.5,-7.6345,8,DE,Winter barley,n_day,0.0117513027786489
HadGEM3-GC3-1MM,-6.5,-6.4299,4,DE,Winter barley,n_day,0.0045849118167226
HadGEM3-GC3-1MM,-5.5,-5.3528,4,DE,Winter barley,n_day,0.0109072950419314
HadGEM3-GC3-1MM,-4.5,-4.3969,4,DE,Winter barley,n_day,-0.0154274579781284
IPSL-CM6A-LR,-9.5,-9.3401,5,DE,Winter barley,n_day,-0.0114796859785704
IPSL-CM6A-LR,-8.5,-8.4598,8,DE,Winter barley,n_day,-0.00468067300211606
IPSL-CM6A-LR,-7.5,-7.5255,19,DE,Winter barley,n_day,-0.0157448040583536
IPSL-CM6A-LR,-6.5,-6.5577,11,DE,Winter barley,n_day,-0.0230492116075456
IPSL-CM6A-LR,-5.5,-5.5623,13,DE,Winter barley,n_day,-0.0170864219658309
IPSL-CM6A-LR,-4.5,-4.3507,11,DE,Winter barley,n_day,-0.00505140496832349
IPSL-CM6A-LR,-3.5,-3.4644,8,DE,Winter barley,n_day,-0.00428304838830603
IPSL-CM6A-LR,-2.5,-2.5669,9,DE,Winter barley,n_day,-0.0114066341186207
IPSL-CM6A-LR,-1.5,-1.2909,6,DE,Winter barley,n_day,-0.0183669433660067
IPSL-CM6A-LR,-0.5,-0.6347,8,DE,Winter barley,n_day,0.00806485814140519
EC-Earth3,-9.5,-9.1554,4,DK,Winter barley,n_day,-0.00753083452385495
EC-Earth3,-8.5,-8.4726,15,DK,Winter barley,n_day,-0.0157500495226967
EC-Earth3,-7.5,-7.5562,20,DK,Winter barley,n_day,-0.0183540474791209
EC-Earth3,-6.5,-6.4767,21,DK,Winter barley,n_day,-0.0221319400240863
EC-Earth3,-5.5,-5.3342,8,DK,Winter barley,n_day,-0.02162910481818
EC-Earth3,-4.5,-4.5495,8,DK,Winter barley,n_day,-0.0173529230849605
EC-Earth3,-3.5,-3.3459,9,DK,Winter barley,n_day,-0.0356756241623028
EC-Earth3,-2.5,-2.4493,5,DK,Winter barley,n_day,-0.0118050075680243
EC-Earth3,-1.5,-1.3807,6,DK,Winter barley,n_day,-0.0150317080420783
EC-Earth3,-0.5,-0.6596,3,DK,Winter barley,n_day,-0.00472070003278229
HadGEM3-GC3-1LL,-8.5,-8.3848,12,DK,Winter barley,n_day,-0.0135519677609277
HadGEM3-GC3-1LL,-7.5,-7.5599,19,DK,Winter barley,n_day,-0.00831324406454881
HadGEM3-GC3-1LL,-6.5,-6.5442,24,DK,Winter barley,n_day,-0.0243417803585645
HadGEM3-GC3-1LL,-5.5,-5.5797,10,DK,Winter barley,n_day,-0.0186500344930492
HadGEM3-GC3-1LL,-4.5,-4.5263,6,DK,Winter barley,n_day,-0.00794918267691542
HadGEM3-GC3-1LL,-3.5,-3.7835,7,DK,Winter barley,n_day,-0.0089328971602839
HadGEM3-GC3-1LL,-2.5,-2.4504,6,DK,Winter barley,n_day,0.0192822298219583
HadGEM3-GC3-1LL,-1.5,-1.3098,8,DK,Winter barley,n_day,0.0223642332866239
HadGEM3-GC3-1LL,-0.5,-0.331,6,DK,Winter barley,n_day,-0.00799131814818974
HadGEM3-GC3-1MM,-14.5,-14.3032,4,DK,Winter barley,n_day,0.0914285449875625
HadGEM3-GC3-1MM,-13.5,-13.3931,8,DK,Winter barley,n_day,0.0939934993532518
HadGEM3-GC3-1MM,-12.5,-12.588,13,DK,Winter barley,n_day,0.0873389566886328
HadGEM3-GC3-1MM,-11.5,-11.5321,21,DK,Winter barley,n_day,0.0902887880236895
HadGEM3-GC3-1MM,-10.5,-10.4803,10,DK,Winter barley,n_day,0.0931411025465942
HadGEM3-GC3-1MM,-9.5,-9.6161,7,DK,Winter barley,n_day,0.0101784032218946
HadGEM3-GC3-1MM,-8.5,-8.6582,7,DK,Winter barley,n_day,0.0111617773466787
HadGEM3-GC3-1MM,-7.5,-7.6345,8,DK,Winter barley,n_day,0.00854728793483838
HadGEM3-GC3-1MM,-6.5,-6.4299,4,DK,Winter barley,n_day,-0.0127104158337624
HadGEM3-GC3-1MM,-5.5,-5.3528,4,DK,Winter barley,n_day,-0.00206518669176078
HadGEM3-GC3-1MM,-4.5,-4.3969,4,DK,Winter barley,n_day,-0.0278568358673424
IPSL-CM6A-LR,-9.5,-9.3401,5,DK,Winter barley,n_day,0.0193870983358143
IPSL-CM6A-LR,-8.5,-8.4598,8,DK,Winter barley,n_day,0.0425196273211256
IPSL-CM6A-LR,-7.5,-7.5255,19,DK,Winter barley,n_day,1.05771125786985e-05
IPSL-CM6A-LR,-6.5,-6.5577,11,DK,Winter barley,n_day,0.0179864896178995
IPSL-CM6A-LR,-5.5,-5.5623,13,DK,Winter barley,n_day,-0.0208034974152546
IPSL-CM6A-LR,-4.5,-4.3507,11,DK,Winter barley,n_day,-0.0165238417241402
IPSL-CM6A-LR,-3.5,-3.4644,8,DK,Winter barley,n_day,-0.0153104023983351
IPSL-CM6A-LR,-2.5,-2.5669,9,DK,Winter barley,n_day,-0.0226926112858802
IPSL-CM6A-LR,-1.5,-1.2909,6,DK,Winter barley,n_day,-0.0267865088766014
IPSL-CM6A-LR,-0.5,-0.6347,8,DK,Winter barley,n_day,0.0151025229237137
EC-Earth3,-9.5,-9.1554,4,EE,Winter barley,n_day,-0.000144907565009853
EC-Earth3,-8.5,-8.4726,15,EE,Winter barley,n_day,-0.00660706585649452
EC-Earth3,-7.5,-7.5562,20,EE,Winter barley,n_day,0.00202897797659344
EC-Earth3,-6.5,-6.4767,21,EE,Winter barley,n_day,-0.00882435741616335
EC-Earth3,-5.5,-5.3342,8,EE,Winter barley,n_day,-0.0073231650504043
EC-Earth3,-4.5,-4.5495,8,EE,Winter barley,n_day,0.0035795935006769
EC-Earth3,-3.5,-3.3459,9,EE,Winter barley,n_day,-0.00673615067215749
EC-Earth3,-2.5,-2.4493,5,EE,Winter barley,n_day,-0.00397661107571213
EC-Earth3,-1.5,-1.3807,6,EE,Winter barley,n_day,-0.0129225453934179
EC-Earth3,-0.5,-0.6596,3,EE,Winter barley,n_day,-0.00905563279388682
HadGEM3-GC3-1LL,-8.5,-8.3848,12,EE,Winter barley,n_day,-0.00317657653813983
HadGEM3-GC3-1LL,-7.5,-7.5599,19,EE,Winter barley,n_day,0.00425401416163871
HadGEM3-GC3-1LL,-6.5,-6.5442,24,EE,Winter barley,n_day,-0.00677037823195877
HadGEM3-GC3-1LL,-5.5,-5.5797,10,EE,Winter barley,n_day,-0.00786081604796297
HadGEM3-GC3-1LL,-4.5,-4.5263,6,EE,Winter barley,n_day,-0.00498985981962839
HadGEM3-GC3-1LL,-3.5,-3.7835,7,EE,Winter barley,n_day,0.00827241007128592
HadGEM3-GC3-1LL,-2.5,-2.4504,6,EE,Winter barley,n_day,0.0161945551838518
HadGEM3-GC3-1LL,-1.5,-1.3098,8,EE,Winter barley,n_day,0.0506103989145198
HadGEM3-GC3-1LL,-0.5,-0.331,6,EE,Winter barley,n_day,-0.00119398772599162
HadGEM3-GC3-1MM,-14.5,-14.3032,4,EE,Winter barley,n_day,0.0870468327854268
HadGEM3-GC3-1MM,-13.5,-13.3931,8,EE,Winter barley,n_day,0.113478578032072
HadGEM3-GC3-1MM,-12.5,-12.588,13,EE,Winter barley,n_day,0.113838337304497
HadGEM3-GC3-1MM,-11.5,-11.5321,21,EE,Winter barley,n_day,0.0962031057260986
HadGEM3-GC3-1MM,-10.5,-10.4803,10,EE,Winter barley,n_day,0.110910613241503
HadGEM3-GC3-1MM,-9.5,-9.6161,7,EE,Winter barley,n_day,0.0406754899041574
HadGEM3-GC3-1MM,-8.5,-8.6582,7,EE,Winter barley,n_day,0.0365708492558875
HadGEM3-GC3-1MM,-7.5,-7.6345,8,EE,Winter barley,n_day,0.0275149220399315
HadGEM3-GC3-1MM,-6.5,-6.4299,4,EE,Winter barley,n_day,-0.00202832079681469
HadGEM3-GC3-1MM,-5.5,-5.3528,4,EE,Winter barley,n_day,-0.00461540201230625
HadGEM3-GC3-1MM,-4.5,-4.3969,4,EE,Winter barley,n_day,-0.0106623807366016
IPSL-CM6A-LR,-9.5,-9.3401,5,EE,Winter barley,n_day,0.0392429396574661
IPSL-CM6A-LR,-8.5,-8.4598,8,EE,Winter barley,n_day,0.0608651441726745
IPSL-CM6A-LR,-7.5,-7.5255,19,EE,Winter barley,n_day,0.0324765209959661
IPSL-CM6A-LR,-6.5,-6.5577,11,EE,Winter barley,n_day,0.0275927509028229
IPSL-CM6A-LR,-5.5,-5.5623,13,EE,Winter barley,n_day,-0.00027150517786867
IPSL-CM6A-LR,-4.5,-4.3507,11,EE,Winter barley,n_day,-0.00232868482184416
IPSL-CM6A-LR,-3.5,-3.4644,8,EE,Winter barley,n_day,-0.00820150653834536
IPSL-CM6A-LR,-2.5,-2.5669,9,EE,Winter barley,n_day,-0.0103653483989463
IPSL-CM6A-LR,-1.5,-1.2909,6,EE,Winter barley,n_day,-0.011114287964207
IPSL-CM6A-LR,-0.5,-0.6347,8,EE,Winter barley,n_day,-0.00640000251281423
EC-Earth3,-9.5,-9.1554,4,EL,Winter barley,n_day,0.00196562417087817
EC-Earth3,-8.5,-8.4726,15,EL,Winter barley,n_day,-0.0113728128410157
EC-Earth3,-7.5,-7.5562,20,EL,Winter barley,n_day,-0.00483741291984871
EC-Earth3,-6.5,-6.4767,21,EL,Winter barley,n_day,-0.00353753750400136
EC-Earth3,-5.5,-5.3342,8,EL,Winter barley,n_day,-0.00575081156163128
EC-Earth3,-4.5,-4.5495,8,EL,Winter barley,n_day,-0.00582632328627614
EC-Earth3,-3.5,-3.3459,9,EL,Winter barley,n_day,-0.00410517482966707
EC-Earth3,-2.5,-2.4493,5,EL,Winter barley,n_day,-0.0156751741265176
EC-Earth3,-1.5,-1.3807,6,EL,Winter barley,n_day,-0.0041310710064678
EC-Earth3,-0.5,-0.6596,3,EL,Winter barley,n_day,0.0127233917859918
HadGEM3-GC3-1LL,-8.5,-8.3848,12,EL,Winter barley,n_day,-0.00629387592931088
HadGEM3-GC3-1LL,-7.5,-7.5599,19,EL,Winter barley,n_day,-0.00850149727482345
HadGEM3-GC3-1LL,-6.5,-6.5442,24,EL,Winter barley,n_day,-0.00162654692051484
HadGEM3-GC3-1LL,-5.5,-5.5797,10,EL,Winter barley,n_day,-0.0052258470816123
HadGEM3-GC3-1LL,-4.5,-4.5263,6,EL,Winter barley,n_day,-0.0102847281944031
HadGEM3-GC3-1LL,-3.5,-3.7835,7,EL,Winter barley,n_day,-0.00852703980449665
HadGEM3-GC3-1LL,-2.5,-2.4504,6,EL,Winter barley,n_day,-0.00372830452056081
HadGEM3-GC3-1LL,-1.5,-1.3098,8,EL,Winter barley,n_day,-0.00141568336289584
HadGEM3-GC3-1LL,-0.5,-0.331,6,EL,Winter barley,n_day,-0.00422549688440156
HadGEM3-GC3-1MM,-14.5,-14.3032,4,EL,Winter barley,n_day,-0.0209598571362885
HadGEM3-GC3-1MM,-13.5,-13.3931,8,EL,Winter barley,n_day,-0.018645434039936
HadGEM3-GC3-1MM,-12.5,-12.588,13,EL,Winter barley,n_day,-0.00596530275713879
HadGEM3-GC3-1MM,-11.5,-11.5321,21,EL,Winter barley,n_day,-0.0155277843066052
HadGEM3-GC3-1MM,-10.5,-10.4803,10,EL,Winter barley,n_day,-0.0120473466632781
HadGEM3-GC3-1MM,-9.5,-9.6161,7,EL,Winter barley,n_day,-0.0147435499522187
HadGEM3-GC3-1MM,-8.5,-8.6582,7,EL,Winter barley,n_day,-0.00908176238275652
HadGEM3-GC3-1MM,-7.5,-7.6345,8,EL,Winter barley,n_day,-0.00942695816461533
HadGEM3-GC3-1MM,-6.5,-6.4299,4,EL,Winter barley,n_day,-0.00173282839668758
HadGEM3-GC3-1MM,-5.5,-5.3528,4,EL,Winter barley,n_day,0.00479262539674429
HadGEM3-GC3-1MM,-4.5,-4.3969,4,EL,Winter barley,n_day,-0.00843370095562177
IPSL-CM6A-LR,-9.5,-9.3401,5,EL,Winter barley,n_day,0.00630406993731122
IPSL-CM6A-LR,-8.5,-8.4598,8,EL,Winter barley,n_day,-0.00521824078405224
IPSL-CM6A-LR,-7.5,-7.5255,19,EL,Winter barley,n_day,-0.0073604937941612
IPSL-CM6A-LR,-6.5,-6.5577,11,EL,Winter barley,n_day,-0.0143119475221692
IPSL-CM6A-LR,-5.5,-5.5623,13,EL,Winter barley,n_day,-0.00605053227180251
IPSL-CM6A-LR,-4.5,-4.3507,11,EL,Winter barley,n_day,0.000649811628171091
IPSL-CM6A-LR,-3.5,-3.4644,8,EL,Winter barley,n_day,0.00550247593368345
IPSL-CM6A-LR,-2.5,-2.5669,9,EL,Winter barley,n_day,-0.00071513535782726
IPSL-CM6A-LR,-1.5,-1.2909,6,EL,Winter barley,n_day,-0.00155423000864045
IPSL-CM6A-LR,-0.5,-0.6347,8,EL,Winter barley,n_day,-0.00167250534805785
EC-Earth3,-9.5,-9.1554,4,ES,Winter barley,n_day,-0.00272058832371921
EC-Earth3,-8.5,-8.4726,15,ES,Winter barley,n_day,-0.0116481166718085
EC-Earth3,-7.5,-7.5562,20,ES,Winter barley,n_day,0.00206664229586061
EC-Earth3,-6.5,-6.4767,21,ES,Winter barley,n_day,-0.00307317646651613
EC-Earth3,-5.5,-5.3342,8,ES,Winter barley,n_day,-0.00126994411345682
EC-Earth3,-4.5,-4.5495,8,ES,Winter barley,n_day,-0.0109323975053417
EC-Earth3,-3.5,-3.3459,9,ES,Winter barley,n_day,-0.00413186556318195
EC-Earth3,-2.5,-2.4493,5,ES,Winter barley,n_day,-0.00165050285564841
EC-Earth3,-1.5,-1.3807,6,ES,Winter barley,n_day,0.00350011391633408
EC-Earth3,-0.5,-0.6596,3,ES,Winter barley,n_day,-0.00336053177832522
HadGEM3-GC3-1LL,-8.5,-8.3848,12,ES,Winter barley,n_day,-0.0116200252010592
HadGEM3-GC3-1LL,-7.5,-7.5599,19,ES,Winter barley,n_day,-0.00140805795675629
HadGEM3-GC3-1LL,-6.5,-6.5442,24,ES,Winter barley,n_day,-0.00567239092905661
HadGEM3-GC3-1LL,-5.5,-5.5797,10,ES,Winter barley,n_day,-0.000346521927208405
HadGEM3-GC3-1LL,-4.5,-4.5263,6,ES,Winter barley,n_day,-0.00571663699696501
HadGEM3-GC3-1LL,-3.5,-3.7835,7,ES,Winter barley,n_day,-0.00276095683434511
HadGEM3-GC3-1LL,-2.5,-2.4504,6,ES,Winter barley,n_day,-0.00674826204870032
HadGEM3-GC3-1LL,-1.5,-1.3098,8,ES,Winter barley,n_day,0.0036848318418372
HadGEM3-GC3-1LL,-0.5,-0.331,6,ES,Winter barley,n_day,0.00120336911441472
HadGEM3-GC3-1MM,-14.5,-14.3032,4,ES,Winter barley,n_day,0.00371837366908698
HadGEM3-GC3-1MM,-13.5,-13.3931,8,ES,Winter barley,n_day,0.00633133181245395
HadGEM3-GC3-1MM,-12.5,-12.588,13,ES,Winter barley,n_day,0.00462161699091294
HadGEM3-GC3-1MM,-11.5,-11.5321,21,ES,Winter barley,n_day,-0.00338998922684312
HadGEM3-GC3-1MM,-10.5,-10.4803,10,ES,Winter barley,n_day,-0.00402896100375974
HadGEM3-GC3-1MM,-9.5,-9.6161,7,ES,Winter barley,n_day,-0.00926560433336114
HadGEM3-GC3-1MM,-8.5,-8.6582,7,ES,Winter barley,n_day,0.00244054215198143
HadGEM3-GC3-1MM,-7.5,-7.6345,8,ES,Winter barley,n_day,-0.00489470278852389
HadGEM3-GC3-1MM,-6.5,-6.4299,4,ES,Winter barley,n_day,-0.000553627257478666
HadGEM3-GC3-1MM,-5.5,-5.3528,4,ES,Winter barley,n_day,0.00206181198487717
HadGEM3-GC3-1MM,-4.5,-4.3969,4,ES,Winter barley,n_day,-0.00113803626248349
IPSL-CM6A-LR,-9.5,-9.3401,5,ES,Winter barley,n_day,-0.00498259650543847
IPSL-CM6A-LR,-8.5,-8.4598,8,ES,Winter barley,n_day,-0.00354671429570955
IPSL-CM6A-LR,-7.5,-7.5255,19,ES,Winter barley,n_day,-0.00387320165831113
IPSL-CM6A-LR,-6.5,-6.5577,11,ES,Winter barley,n_day,-0.00618468248368509
IPSL-CM6A-LR,-5.5,-5.5623,13,ES,Winter barley,n_day,-0.00655023492309654
IPSL-CM6A-LR,-4.5,-4.3507,11,ES,Winter barley,n_day,-0.0109447897178265
IPSL-CM6A-LR,-3.5,-3.4644,8,ES,Winter barley,n_day,-0.0087868666172811
IPSL-CM6A-LR,-2.5,-2.5669,9,ES,Winter barley,n_day,-0.00141705258621569
IPSL-CM6A-LR,-1.5,-1.2909,6,ES,Winter barley,n_day,-0.00306693126945265
IPSL-CM6A-LR,-0.5,-0.6347,8,ES,Winter barley,n_day,-0.00406110727856252
EC-Earth3,-9.5,-9.1554,4,FR,Winter barley,n_day,0.00165546459829692
EC-Earth3,-8.5,-8.4726,15,FR,Winter barley,n_day,-0.0196490313485669
EC-Earth3,-7.5,-7.5562,20,FR,Winter barley,n_day,-0.00438412847241715
EC-Earth3,-6.5,-6.4767,21,FR,Winter barley,n_day,-0.00968470764339213
EC-Earth3,-5.5,-5.3342,8,FR,Winter barley,n_day,-0.00604030689475499
EC-Earth3,-4.5,-4.5495,8,FR,Winter barley,n_day,-0.0143190332807493
EC-Earth3,-3.5,-3.3459,9,FR,Winter barley,n_day,-0.0178994830063168
EC-Earth3,-2.5,-2.4493,5,FR,Winter barley,n_day,-0.00469110474884202
EC-Earth3,-1.5,-1.3807,6,FR,Winter barley,n_day,-0.00846389726368131
EC-Earth3,-0.5,-0.6596,3,FR,Winter barley,n_day,0.00115936262854108
HadGEM3-GC3-1LL,-8.5,-8.3848,12,FR,Winter barley,n_day,-0.0109743765837295
HadGEM3-GC3-1LL,-7.5,-7.5599,19,FR,Winter barley,n_day,-0.00159621870773856
HadGEM3-GC3-1LL,-6.5,-6.5442,24,FR,Winter barley,n_day,-0.0125782391668557
HadGEM3-GC3-1LL,-5.5,-5.5797,10,FR,Winter barley,n_day,-0.0047102147907765
HadGEM3-GC3-1LL,-4.5,-4.5263,6,FR,Winter barley,n_day,-0.0112401274592279
HadGEM3-GC3-1LL,-3.5,-3.7835,7,FR,Winter barley,n_day,-0.00468771214204175
HadGEM3-GC3-1LL,-2.5,-2.4504,6,FR,Winter barley,n_day,0.00644730449494028
HadGEM3-GC3-1LL,-1.5,-1.3098,8,FR,Winter barley,n_day,0.0116069677641532
HadGEM3-GC3-1LL,-0.5,-0.331,6,FR,Winter barley,n_day,0.00536876880962026
HadGEM3-GC3-1MM,-14.5,-14.3032,4,FR,Winter barley,n_day,0.0641313929014521
HadGEM3-GC3-1MM,-13.5,-13.3931,8,FR,Winter barley,n_day,0.0611592310569597
HadGEM3-GC3-1MM,-12.5,-12.588,13,FR,Winter barley,n_day,0.0319053664482218
HadGEM3-GC3-1MM,-11.5,-11.5321,21,FR,Winter barley,n_day,0.0307103953785016
HadGEM3-GC3-1MM,-10.5,-10.4803,10,FR,Winter barley,n_day,0.0140255499497253
HadGEM3-GC3-1MM,-9.5,-9.6161,7,FR,Winter barley,n_day,-0.00767882758103381
HadGEM3-GC3-1MM,-8.5,-8.6582,7,FR,Winter barley,n_day,0.0101129507298717
HadGEM3-GC3-1MM,-7.5,-7.6345,8,FR,Winter barley,n_day,0.00823445647182267
HadGEM3-GC3-1MM,-6.5,-6.4299,4,FR,Winter barley,n_day,0.00444516525627311
HadGEM3-GC3-1MM,-5.5,-5.3528,4,FR,Winter barley,n_day,0.0158491781355148
HadGEM3-GC3-1MM,-4.5,-4.3969,4,FR,Winter barley,n_day,-0.00866328315505493
IPSL-CM6A-LR,-9.5,-9.3401,5,FR,Winter barley,n_day,-0.0136407394776533
IPSL-CM6A-LR,-8.5,-8.4598,8,FR,Winter barley,n_day,-0.00138126608096905
IPSL-CM6A-LR,-7.5,-7.5255,19,FR,Winter barley,n_day,-0.0134318258046262
IPSL-CM6A-LR,-6.5,-6.5577,11,FR,Winter barley,n_day,-0.0237128288850983
IPSL-CM6A-LR,-5.5,-5.5623,13,FR,Winter barley,n_day,-0.0149953825141845
IPSL-CM6A-LR,-4.5,-4.3507,11,FR,Winter barley,n_day,-0.0106666033595837
IPSL-CM6A-LR,-3.5,-3.4644,8,FR,Winter barley,n_day,-0.00594297057074131
IPSL-CM6A-LR,-2.5,-2.5669,9,FR,Winter barley,n_day,-0.0137786966976462
IPSL-CM6A-LR,-1.5,-1.2909,6,FR,Winter barley,n_day,-0.003828356769659
IPSL-CM6A-LR,-0.5,-0.6347,8,FR,Winter barley,n_day,0.00606741625618954
EC-Earth3,-9.5,-9.1554,4,HU,Winter barley,n_day,0.00697409544164358
EC-Earth3,-8.5,-8.4726,15,HU,Winter barley,n_day,-0.0144027269260427
EC-Earth3,-7.5,-7.5562,20,HU,Winter barley,n_day,-0.0015661389363013
EC-Earth3,-6.5,-6.4767,21,HU,Winter barley,n_day,-0.00947230451253984
EC-Earth3,-5.5,-5.3342,8,HU,Winter barley,n_day,-0.00790132133408205
EC-Earth3,-4.5,-4.5495,8,HU,Winter barley,n_day,-0.00260883098490548
EC-Earth3,-3.5,-3.3459,9,HU,Winter barley,n_day,-0.00594021715822389
EC-Earth3,-2.5,-2.4493,5,HU,Winter barley,n_day,-0.0158508060745626
EC-Earth3,-1.5,-1.3807,6,HU,Winter barley,n_day,-0.00727122654362621
EC-Earth3,-0.5,-0.6596,3,HU,Winter barley,n_day,0.00973431990912117
HadGEM3-GC3-1LL,-8.5,-8.3848,12,HU,Winter barley,n_day,-0.00831520616194197
HadGEM3-GC3-1LL,-7.5,-7.5599,19,HU,Winter barley,n_day,-0.00687598664751938
HadGEM3-GC3-1LL,-6.5,-6.5442,24,HU,Winter barley,n_day,-0.00853819282725219
HadGEM3-GC3-1LL,-5.5,-5.5797,10,HU,Winter barley,n_day,-0.00812482621406944
HadGEM3-GC3-1LL,-4.5,-4.5263,6,HU,Winter barley,n_day,-0.00661284155803904
HadGEM3-GC3-1LL,-3.5,-3.7835,7,HU,Winter barley,n_day,-0.00783584002501629
HadGEM3-GC3-1LL,-2.5,-2.4504,6,HU,Winter barley,n_day,0.00297098583613463
HadGEM3-GC3-1LL,-1.5,-1.3098,8,HU,Winter barley,n_day,0.00299354652118037
HadGEM3-GC3-1LL,-0.5,-0.331,6,HU,Winter barley,n_day,-0.00344780883659145
HadGEM3-GC3-1MM,-14.5,-14.3032,4,HU,Winter barley,n_day,-0.0131195608451008
HadGEM3-GC3-1MM,-13.5,-13.3931,8,HU,Winter barley,n_day,-0.00874324606866684
HadGEM3-GC3-1MM,-12.5,-12.588,13,HU,Winter barley,n_day,-0.00164377420984012
HadGEM3-GC3-1MM,-11.5,-11.5321,21,HU,Winter barley,n_day,-0.0089637390834625
HadGEM3-GC3-1MM,-10.5,-10.4803,10,HU,Winter barley,n_day,0.00228342766481323
HadGEM3-GC3-1MM,-9.5,-9.6161,7,HU,Winter barley,n_day,-0.0113644277531092
HadGEM3-GC3-1MM,-8.5,-8.6582,7,HU,Winter barley,n_day,-0.00975910309319114
HadGEM3-GC3-1MM,-7.5,-7.6345,8,HU,Winter barley,n_day,0.00705609831288065
HadGEM3-GC3-1MM,-6.5,-6.4299,4,HU,Winter barley,n_day,0.00226119329683497
HadGEM3-GC3-1MM,-5.5,-5.3528,4,HU,Winter barley,n_day,0.00780702899434397
HadGEM3-GC3-1MM,-4.5,-4.3969,4,HU,Winter barley,n_day,-0.00752035205203329
IPSL-CM6A-LR,-9.5,-9.3401,5,HU,Winter barley,n_day,-0.00687245315369474
IPSL-CM6A-LR,-8.5,-8.4598,8,HU,Winter barley,n_day,-0.00908507150289545
IPSL-CM6A-LR,-7.5,-7.5255,19,HU,Winter barley,n_day,-0.00911984280412368
IPSL-CM6A-LR,-6.5,-6.5577,11,HU,Winter barley,n_day,-0.0219678685987592
IPSL-CM6A-LR,-5.5,-5.5623,13,HU,Winter barley,n_day,-0.0071784719804132
IPSL-CM6A-LR,-4.5,-4.3507,11,HU,Winter barley,n_day,0.000779798417802436
IPSL-CM6A-LR,-3.5,-3.4644,8,HU,Winter barley,n_day,0.00743189145206707
IPSL-CM6A-LR,-2.5,-2.5669,9,HU,Winter barley,n_day,-0.00235328844219776
IPSL-CM6A-LR,-1.5,-1.2909,6,HU,Winter barley,n_day,-0.0120544057018882
IPSL-CM6A-LR,-0.5,-0.6347,8,HU,Winter barley,n_day,0.000860912647012592
EC-Earth3,-9.5,-9.1554,4,IT,Winter barley,n_day,0.00746688506503776
EC-Earth3,-8.5,-8.4726,15,IT,Winter barley,n_day,-0.00998055415626471
EC-Earth3,-7.5,-7.5562,20,IT,Winter barley,n_day,-0.000116146552986379
EC-Earth3,-6.5,-6.4767,21,IT,Winter barley,n_day,-0.00437002497182985
EC-Earth3,-5.5,-5.3342,8,IT,Winter barley,n_day,-0.00702741208821058
EC-Earth3,-4.5,-4.5495,8,IT,Winter barley,n_day,-0.00432770985019609
EC-Earth3,-3.5,-3.3459,9,IT,Winter barley,n_day,-0.00194052799500415
EC-Earth3,-2.5,-2.4493,5,IT,Winter barley,n_day,-0.0100806024622324
EC-Earth3,-1.5,-1.3807,6,IT,Winter barley,n_day,-0.00244999547104825
EC-Earth3,-0.5,-0.6596,3,IT,Winter barley,n_day,0.00267186129013096
HadGEM3-GC3-1LL,-8.5,-8.3848,12,IT,Winter barley,n_day,-0.00811421993102014
HadGEM3-GC3-1LL,-7.5,-7.5599,19,IT,Winter barley,n_day,-0.00551689506999118
HadGEM3-GC3-1LL,-6.5,-6.5442,24,IT,Winter barley,n_day,-0.00447635197045265
HadGEM3-GC3-1LL,-5.5,-5.5797,10,IT,Winter barley,n_day,-0.00385896125668499
HadGEM3-GC3-1LL,-4.5,-4.5263,6,IT,Winter barley,n_day,-0.010343176931667
HadGEM3-GC3-1LL,-3.5,-3.7835,7,IT,Winter barley,n_day,-0.0069027793744467
HadGEM3-GC3-1LL,-2.5,-2.4504,6,IT,Winter barley,n_day,-0.00132949009996236
HadGEM3-GC3-1LL,-1.5,-1.3098,8,IT,Winter barley,n_day,0.00252662360319401
HadGEM3-GC3-1LL,-0.5,-0.331,6,IT,Winter barley,n_day,-0.000464710466409848
HadGEM3-GC3-1MM,-14.5,-14.3032,4,IT,Winter barley,n_day,-0.00853863985281655
HadGEM3-GC3-1MM,-13.5,-13.3931,8,IT,Winter barley,n_day,-0.00551771103278604
HadGEM3-GC3-1MM,-12.5,-12.588,13,IT,Winter barley,n_day,-0.00384496238915171
HadGEM3-GC3-1MM,-11.5,-11.5321,21,IT,Winter barley,n_day,-0.00872672004275541
HadGEM3-GC3-1MM,-10.5,-10.4803,10,IT,Winter barley,n_day,-0.00441937435772683
HadGEM3-GC3-1MM,-9.5,-9.6161,7,IT,Winter barley,n_day,-0.00931887033480642
HadGEM3-GC3-1MM,-8.5,-8.6582,7,IT,Winter barley,n_day,-0.00305244096974904
HadGEM3-GC3-1MM,-7.5,-7.6345,8,IT,Winter barley,n_day,4.87783598795185e-05
HadGEM3-GC3-1MM,-6.5,-6.4299,4,IT,Winter barley,n_day,0.00153218448451214
HadGEM3-GC3-1MM,-5.5,-5.3528,4,IT,Winter barley,n_day,0.00238173031847078
HadGEM3-GC3-1MM,-4.5,-4.3969,4,IT,Winter barley,n_day,-0.00478350221257117
IPSL-CM6A-LR,-9.5,-9.3401,5,IT,Winter barley,n_day,-0.000958749502173661
IPSL-CM6A-LR,-8.5,-8.4598,8,IT,Winter barley,n_day,-0.00392275501089461
IPSL-CM6A-LR,-7.5,-7.5255,19,IT,Winter barley,n_day,-0.00506656278072219
IPSL-CM6A-LR,-6.5,-6.5577,11,IT,Winter barley,n_day,-0.0118473251558778
IPSL-CM6A-LR,-5.5,-5.5623,13,IT,Winter barley,n_day,-0.00502470799868265
IPSL-CM6A-LR,-4.5,-4.3507,11,IT,Winter barley,n_day,-0.00410627020122116
IPSL-CM6A-LR,-3.5,-3.4644,8,IT,Winter barley,n_day,-6.43511346081899e-06
IPSL-CM6A-LR,-2.5,-2.5669,9,IT,Winter barley,n_day,-0.00167573553862947
IPSL-CM6A-LR,-1.5,-1.2909,6,IT,Winter barley,n_day,-0.00401741561121725
IPSL-CM6A-LR,-0.5,-0.6347,8,IT,Winter barley,n_day,5.04764940066685e-05
EC-Earth3,-9.5,-9.1554,4,LT,Winter barley,n_day,3.86307229011203e-05
EC-Earth3,-8.5,-8.4726,15,LT,Winter barley,n_day,-0.014180212639169
EC-Earth3,-7.5,-7.5562,20,LT,Winter barley,n_day,-0.00191067559964907
EC-Earth3,-6.5,-6.4767,21,LT,Winter barley,n_day,-0.0101756490615167
EC-Earth3,-5.5,-5.3342,8,LT,Winter barley,n_day,-0.0086642622801536
EC-Earth3,-4.5,-4.5495,8,LT,Winter barley,n_day,0.00353376815281453
EC-Earth3,-3.5,-3.3459,9,LT,Winter barley,n_day,-0.0166949781245998
EC-Earth3,-2.5,-2.4493,5,LT,Winter barley,n_day,-0.012756819524721
EC-Earth3,-1.5,-1.3807,6,LT,Winter barley,n_day,-0.0175448853313288
EC-Earth3,-0.5,-0.6596,3,LT,Winter barley,n_day,-0.00826181345759518
HadGEM3-GC3-1LL,-8.5,-8.3848,12,LT,Winter barley,n_day,-0.00827702892990763
HadGEM3-GC3-1LL,-7.5,-7.5599,19,LT,Winter barley,n_day,-0.000737173228044889
HadGEM3-GC3-1LL,-6.5,-6.5442,24,LT,Winter barley,n_day,-0.014253047083297
HadGEM3-GC3-1LL,-5.5,-5.5797,10,LT,Winter barley,n_day,-0.0125261758343923
HadGEM3-GC3-1LL,-4.5,-4.5263,6,LT,Winter barley,n_day,-0.00370852399000676
HadGEM3-GC3-1LL,-3.5,-3.7835,7,LT,Winter barley,n_day,-0.00163123930995633
HadGEM3-GC3-1LL,-2.5,-2.4504,6,LT,Winter barley,n_day,0.0266780293139536
HadGEM3-GC3-1LL,-1.5,-1.3098,8,LT,Winter barley,n_day,0.0306019358291528
HadGEM3-GC3-1LL,-0.5,-0.331,6,LT,Winter barley,n_day,-0.00643517512869228
HadGEM3-GC3-1MM,-14.5,-14.3032,4,LT,Winter barley,n_day,0.0352016443629119
HadGEM3-GC3-1MM,-13.5,-13.3931,8,LT,Winter barley,n_day,0.0792495019243683
HadGEM3-GC3-1MM,-12.5,-12.588,13,LT,Winter barley,n_day,0.0899486384223289
HadGEM3-GC3-1MM,-11.5,-11.5321,21,LT,Winter barley,n_day,0.0553644348629412
HadGEM3-GC3-1MM,-10.5,-10.4803,10,LT,Winter barley,n_day,0.0858267910004825
HadGEM3-GC3-1MM,-9.5,-9.6161,7,LT,Winter barley,n_day,-0.00141191877038299
HadGEM3-GC3-1MM,-8.5,-8.6582,7,LT,Winter barley,n_day,0.00479266644561807
HadGEM3-GC3-1MM,-7.5,-7.6345,8,LT,Winter barley,n_day,0.00412508250395862
HadGEM3-GC3-1MM,-6.5,-6.4299,4,LT,Winter barley,n_day,-0.00318983199704927
HadGEM3-GC3-1MM,-5.5,-5.3528,4,LT,Winter barley,n_day,-0.00236685265513957
HadGEM3-GC3-1MM,-4.5,-4.3969,4,LT,Winter barley,n_day,-0.0153294728074617
IPSL-CM6A-LR,-9.5,-9.3401,5,LT,Winter barley,n_day,0.00340144525387829
IPSL-CM6A-LR,-8.5,-8.4598,8,LT,Winter barley,n_day,0.013300362551349
IPSL-CM6A-LR,-7.5,-7.5255,19,LT,Winter barley,n_day,-0.00710648845073407
IPSL-CM6A-LR,-6.5,-6.5577,11,LT,Winter barley,n_day,-0.0161967047886897
IPSL-CM6A-LR,-5.5,-5.5623,13,LT,Winter barley,n_day,-0.00715712660618751
IPSL-CM6A-LR,-4.5,-4.3507,11,LT,Winter barley,n_day,-0.00830274734164903
IPSL-CM6A-LR,-3.5,-3.4644,8,LT,Winter barley,n_day,-0.00464343765483958
IPSL-CM6A-LR,-2.5,-2.5669,9,LT,Winter barley,n_day,-0.0104626142038163
IPSL-CM6A-LR,-1.5,-1.2909,6,LT,Winter barley,n_day,-0.0186481298591311
IPSL-CM6A-LR,-0.5,-0.6347,8,LT,Winter barley,n_day,-0.000999783798485705
EC-Earth3,-9.5,-9.1554,4,LV,Winter barley,n_day,-0.000596069928608679
EC-Earth3,-8.5,-8.4726,15,LV,Winter barley,n_day,-0.0113715485343581
EC-Earth3,-7.5,-7.5562,20,LV,Winter barley,n_day,0.000334657515600386
EC-Earth3,-6.5,-6.4767,21,LV,Winter barley,n_day,-0.00842342631204826
EC-Earth3,-5.5,-5.3342,8,LV,Winter barley,n_day,-0.00849196608442342
EC-Earth3,-4.5,-4.5495,8,LV,Winter barley,n_day,0.00396936835787079
EC-Earth3,-3.5,-3.3459,9,LV,Winter barley,n_day,-0.0114946141266728
EC-Earth3,-2.5,-2.4493,5,LV,Winter barley,n_day,-0.00962455367970803
EC-Earth3,-1.5,-1.3807,6,LV,Winter barley,n_day,-0.0161174396798412
EC-Earth3,-0.5,-0.6596,3,LV,Winter barley,n_day,-0.00721288201979697
HadGEM3-GC3-1LL,-8.5,-8.3848,12,LV,Winter barley,n_day,-0.00500746530886847
HadGEM3-GC3-1LL,-7.5,-7.5599,19,LV,Winter barley,n_day,0.0012943047394811
HadGEM3-GC3-1LL,-6.5,-6.5442,24,LV,Winter barley,n_day,-0.0124464918728149
HadGEM3-GC3-1LL,-5.5,-5.5797,10,LV,Winter barley,n_day,-0.011293477887041
HadGEM3-GC3-1LL,-4.5,-4.5263,6,LV,Winter barley,n_day,-0.00196254160474546
HadGEM3-GC3-1LL,-3.5,-3.7835,7,LV,Winter barley,n_day,0.00226018770918021
HadGEM3-GC3-1LL,-2.5,-2.4504,6,LV,Winter barley,n_day,0.025684337571349
HadGEM3-GC3-1LL,-1.5,-1.3098,8,LV,Winter barley,n_day,0.0388526721108942
HadGEM3-GC3-1LL,-0.5,-0.331,6,LV,Winter barley,n_day,-0.00323056662246148
HadGEM3-GC3-1MM,-14.5,-14.3032,4,LV,Winter barley,n_day,0.0618200565279336
HadGEM3-GC3-1MM,-13.5,-13.3931,8,LV,Winter barley,n_day,0.103510616345628
HadGEM3-GC3-1MM,-12.5,-12.588,13,LV,Winter barley,n_day,0.10791511680849
HadGEM3-GC3-1MM,-11.5,-11.5321,21,LV,Winter barley,n_day,0.0780958370569697
HadGEM3-GC3-1MM,-10.5,-10.4803,10,LV,Winter barley,n_day,0.0985633743496523
HadGEM3-GC3-1MM,-9.5,-9.6161,7,LV,Winter barley,n_day,0.0153773685190229
HadGEM3-GC3-1MM,-8.5,-8.6582,7,LV,Winter barley,n_day,0.0143568917591793
HadGEM3-GC3-1MM,-7.5,-7.6345,8,LV,Winter barley,n_day,0.0115537120856889
HadGEM3-GC3-1MM,-6.5,-6.4299,4,LV,Winter barley,n_day,-0.00214769477240443
HadGEM3-GC3-1MM,-5.5,-5.3528,4,LV,Winter barley,n_day,-0.00375660183337453
HadGEM3-GC3-1MM,-4.5,-4.3969,4,LV,Winter barley,n_day,-0.0118537029912577
IPSL-CM6A-LR,-9.5,-9.3401,5,LV,Winter barley,n_day,0.0143774007219116
IPSL-CM6A-LR,-8.5,-8.4598,8,LV,Winter barley,n_day,0.0313185611198806
IPSL-CM6A-LR,-7.5,-7.5255,19,LV,Winter barley,n_day,0.003910208107334
IPSL-CM6A-LR,-6.5,-6.5577,11,LV,Winter barley,n_day,-0.000254319955603755
IPSL-CM6A-LR,-5.5,-5.5623,13,LV,Winter barley,n_day,-0.0050775255867839
IPSL-CM6A-LR,-4.5,-4.3507,11,LV,Winter barley,n_day,-0.0063895960505879
IPSL-CM6A-LR,-3.5,-3.4644,8,LV,Winter barley,n_day,-0.00721737442392535
IPSL-CM6A-LR,-2.5,-2.5669,9,LV,Winter barley,n_day,-0.00972103569766888
IPSL-CM6A-LR,-1.5,-1.2909,6,LV,Winter barley,n_day,-0.0160188843833215
IPSL-CM6A-LR,-0.5,-0.6347,8,LV,Winter barley,n_day,-0.00226470039607791
EC-Earth3,-9.5,-9.1554,4,SE,Winter barley,n_day,0.00884699439710311
EC-Earth3,-8.5,-8.4726,15,SE,Winter barley,n_day,-0.010295193497145
EC-Earth3,-7.5,-7.5562,20,SE,Winter barley,n_day,-0.0146108493130772
EC-Earth3,-6.5,-6.4767,21,SE,Winter barley,n_day,-0.0172705718166875
EC-Earth3,-5.5,-5.3342,8,SE,Winter barley,n_day,-0.0162120217131903
EC-Earth3,-4.5,-4.5495,8,SE,Winter barley,n_day,-0.00810032966239759
EC-Earth3,-3.5,-3.3459,9,SE,Winter barley,n_day,-0.0295697726677117
EC-Earth3,-2.5,-2.4493,5,SE,Winter barley,n_day,-0.00560590715284291
EC-Earth3,-1.5,-1.3807,6,SE,Winter barley,n_day,-0.0149863226939604
EC-Earth3,-0.5,-0.6596,3,SE,Winter barley,n_day,-0.00442839667283769
HadGEM3-GC3-1LL,-8.5,-8.3848,12,SE,Winter barley,n_day,-0.0153652153074181
HadGEM3-GC3-1LL,-7.5,-7.5599,19,SE,Winter barley,n_day,-0.00204485290671541
HadGEM3-GC3-1LL,-6.5,-6.5442,24,SE,Winter barley,n_day,-0.0221724257766722
HadGEM3-GC3-1LL,-5.5,-5.5797,10,SE,Winter barley,n_day,-0.0190107350251993
HadGEM3-GC3-1LL,-4.5,-4.5263,6,SE,Winter barley,n_day,-0.00577151982937337
HadGEM3-GC3-1LL,-3.5,-3.7835,7,SE,Winter barley,n_day,-0.00491849528924815
HadGEM3-GC3-1LL,-2.5,-2.4504,6,SE,Winter barley,n_day,0.021387612813357
HadGEM3-GC3-1LL,-1.5,-1.3098,8,SE,Winter barley,n_day,0.0287240599263279
HadGEM3-GC3-1LL,-0.5,-0.331,6,SE,Winter barley,n_day,-0.000386478379923698
HadGEM3-GC3-1MM,-14.5,-14.3032,4,SE,Winter barley,n_day,0.103426992111821
HadGEM3-GC3-1MM,-13.5,-13.3931,8,SE,Winter barley,n_day,0.10701929477496
HadGEM3-GC3-1MM,-12.5,-12.588,13,SE,Winter barley,n_day,0.100111759111716
HadGEM3-GC3-1MM,-11.5,-11.5321,21,SE,Winter barley,n_day,0.0977904068130817
HadGEM3-GC3-1MM,-10.5,-10.4803,10,SE,Winter barley,n_day,0.0987893385304024
HadGEM3-GC3-1MM,-9.5,-9.6161,7,SE,Winter barley,n_day,0.0177860259018285
HadGEM3-GC3-1MM,-8.5,-8.6582,7,SE,Winter barley,n_day,0.0198688961535891
HadGEM3-GC3-1MM,-7.5,-7.6345,8,SE,Winter barley,n_day,0.0123911122437288
HadGEM3-GC3-1MM,-6.5,-6.4299,4,SE,Winter barley,n_day,-0.0113635422084803
HadGEM3-GC3-1MM,-5.5,-5.3528,4,SE,Winter barley,n_day,-0.00770355252436395
HadGEM3-GC3-1MM,-4.5,-4.3969,4,SE,Winter barley,n_day,-0.0231636433240415
IPSL-CM6A-LR,-9.5,-9.3401,5,SE,Winter barley,n_day,0.0129700111381797
IPSL-CM6A-LR,-8.5,-8.4598,8,SE,Winter barley,n_day,0.0357619130507697
IPSL-CM6A-LR,-7.5,-7.5255,19,SE,Winter barley,n_day,-4.88045022799848e-05
IPSL-CM6A-LR,-6.5,-6.5577,11,SE,Winter barley,n_day,0.0116707626601019
IPSL-CM6A-LR,-5.5,-5.5623,13,SE,Winter barley,n_day,-0.0166967958944574
IPSL-CM6A-LR,-4.5,-4.3507,11,SE,Winter barley,n_day,-0.0164438122191527
IPSL-CM6A-LR,-3.5,-3.4644,8,SE,Winter barley,n_day,-0.0152761445294166
IPSL-CM6A-LR,-2.5,-2.5669,9,SE,Winter barley,n_day,-0.0215135476305174
IPSL-CM6A-LR,-1.5,-1.2909,6,SE,Winter barley,n_day,-0.0243553081894065
IPSL-CM6A-LR,-0.5,-0.6347,8,SE,Winter barley,n_day,0.00616575160489915
EC-Earth3,-9.5,-9.1554,4,SK,Winter barley,n_day,0.00773419958880442
EC-Earth3,-8.5,-8.4726,15,SK,Winter barley,n_day,-0.014421581655633
EC-Earth3,-7.5,-7.5562,20,SK,Winter barley,n_day,-0.00197311329260731
EC-Earth3,-6.5,-6.4767,21,SK,Winter barley,n_day,-0.0131743044007253
EC-Earth3,-5.5,-5.3342,8,SK,Winter barley,n_day,-0.0127829432635086
EC-Earth3,-4.5,-4.5495,8,SK,Winter barley,n_day,-0.00271777243630916
EC-Earth3,-3.5,-3.3459,9,SK,Winter barley,n_day,-0.00810561239088259
EC-Earth3,-2.5,-2.4493,5,SK,Winter barley,n_day,-0.012856128938696
EC-Earth3,-1.5,-1.3807,6,SK,Winter barley,n_day,-0.010808277343263
EC-Earth3,-0.5,-0.6596,3,SK,Winter barley,n_day,0.012684981342027
HadGEM3-GC3-1LL,-8.5,-8.3848,12,SK,Winter barley,n_day,-0.0102515013335888
HadGEM3-GC3-1LL,-7.5,-7.5599,19,SK,Winter barley,n_day,-0.0103826390075739
HadGEM3-GC3-1LL,-6.5,-6.5442,24,SK,Winter barley,n_day,-0.0129580490323937
HadGEM3-GC3-1LL,-5.5,-5.5797,10,SK,Winter barley,n_day,-0.00970153918658229
HadGEM3-GC3-1LL,-4.5,-4.5263,6,SK,Winter barley,n_day,-0.00692975785078535
HadGEM3-GC3-1LL,-3.5,-3.7835,7,SK,Winter barley,n_day,-0.00969887857781474
HadGEM3-GC3-1LL,-2.5,-2.4504,6,SK,Winter barley,n_day,0.00304974433868607
HadGEM3-GC3-1LL,-1.5,-1.3098,8,SK,Winter barley,n_day,0.00691821408535559
HadGEM3-GC3-1LL,-0.5,-0.331,6,SK,Winter barley,n_day,-0.00319524099365176
HadGEM3-GC3-1MM,-14.5,-14.3032,4,SK,Winter barley,n_day,-0.0122444703304887
HadGEM3-GC3-1MM,-13.5,-13.3931,8,SK,Winter barley,n_day,-0.00859507734163611
HadGEM3-GC3-1MM,-12.5,-12.588,13,SK,Winter barley,n_day,0.00139550137429615
HadGEM3-GC3-1MM,-11.5,-11.5321,21,SK,Winter barley,n_day,-0.00740495127805832
HadGEM3-GC3-1MM,-10.5,-10.4803,10,SK,Winter barley,n_day,0.00691905775758874
HadGEM3-GC3-1MM,-9.5,-9.6161,7,SK,Winter barley,n_day,-0.0159329503219067
HadGEM3-GC3-1MM,-8.5,-8.6582,7,SK,Winter barley,n_day,-0.00971846939581316
HadGEM3-GC3-1MM,-7.5,-7.6345,8,SK,Winter barley,n_day,0.0054190687735917
HadGEM3-GC3-1MM,-6.5,-6.4299,4,SK,Winter barley,n_day,0.00251233094873041
HadGEM3-GC3-1MM,-5.5,-5.3528,4,SK,Winter barley,n_day,0.00476120205748382
HadGEM3-GC3-1MM,-4.5,-4.3969,4,SK,Winter barley,n_day,-0.00978804256166038
IPSL-CM6A-LR,-9.5,-9.3401,5,SK,Winter barley,n_day,-0.0119334843306848
IPSL-CM6A-LR,-8.5,-8.4598,8,SK,Winter barley,n_day,-0.00889937550575942
IPSL-CM6A-LR,-7.5,-7.5255,19,SK,Winter barley,n_day,-0.0105091440647387
IPSL-CM6A-LR,-6.5,-6.5577,11,SK,Winter barley,n_day,-0.0231410432452651
IPSL-CM6A-LR,-5.5,-5.5623,13,SK,Winter barley,n_day,-0.00813490650317183
IPSL-CM6A-LR,-4.5,-4.3507,11,SK,Winter barley,n_day,-0.00167443525655082
IPSL-CM6A-LR,-3.5,-3.4644,8,SK,Winter barley,n_day,0.00646131669681775
IPSL-CM6A-LR,-2.5,-2.5669,9,SK,Winter barley,n_day,-0.00518596817353415
IPSL-CM6A-LR,-1.5,-1.2909,6,SK,Winter barley,n_day,-0.016286312708981
IPSL-CM6A-LR,-0.5,-0.6347,8,SK,Winter barley,n_day,0.00554526520655847
