model,bin_id,delta_sv,n_years,cntr,crop,component,dln
EC-Earth3,-9.5,-9.1554,4,CZ,Soft wheat,gdd,-0.000723031444340335
EC-Earth3,-8.5,-8.4726,15,CZ,Soft wheat,gdd,-0.000574409137062079
EC-Earth3,-7.5,-7.5562,20,CZ,Soft wheat,gdd,-0.000421010871405793
EC-Earth3,-6.5,-6.4767,21,CZ,Soft wheat,gdd,-0.000301189523309419
EC-Earth3,-5.5,-5.3342,8,CZ,Soft wheat,gdd,-0.00027939999618593
EC-Earth3,-4.5,-4.5495,8,CZ,Soft wheat,gdd,-9.08670173016612e-05
EC-Earth3,-3.5,-3.3459,9,CZ,Soft wheat,gdd,-9.10348675838867e-05
EC-Earth3,-2.5,-2.4493,5,CZ,Soft wheat,gdd,-0.000162682798042873
EC-Earth3,-1.5,-1.3807,6,CZ,Soft wheat,gdd,-9.79899827763577e-05
EC-Earth3,-0.5,-0.6596,3,CZ,Soft wheat,gdd,0.000295878109911879
HadGEM3-GC3-1LL,-8.5,-8.3848,12,CZ,Soft wheat,gdd,-0.000546469933129467
HadGEM3-GC3-1LL,-7.5,-7.5599,19,CZ,Soft wheat,gdd,-0.000306292487215484
HadGEM3-GC3-1LL,-6.5,-6.5442,24,CZ,Soft wheat,gdd,-0.000316705559347874
HadGEM3-GC3-1LL,-5.5,-5.5797,10,CZ,Soft wheat,gdd,-0.000129051026186172
HadGEM3-GC3-1LL,-4.5,-4.5263,6,CZ,Soft wheat,gdd,-0.000444261388022383
HadGEM3-GC3-1LL,-3.5,-3.7835,7,CZ,Soft wheat,gdd,-0.000347587992764903
HadGEM3-GC3-1LL,-2.5,-2.4504,6,CZ,Soft wheat,gdd,-0.000239620183802595
HadGEM3-GC3-1LL,-1.5,-1.3098,8,CZ,Soft wheat,gdd,5.93773439168466e-05
HadGEM3-GC3-1LL,-0.5,-0.331,6,CZ,Soft wheat,gdd,-4.34968829160063e-05
HadGEM3-GC3-1MM,-14.5,-14.3032,4,CZ,Soft wheat,gdd,0.000400101248490412
HadGEM3-GC3-1MM,-13.5,-13.3931,8,CZ,Soft wheat,gdd,0.00215846469076489
HadGEM3-GC3-1MM,-12.5,-12.588,13,CZ,Soft wheat,gdd,0.000926225584140019
HadGEM3-GC3-1MM,-11.5,-11.5321,21,CZ,Soft wheat,gdd,5.2677530195601e-05
HadGEM3-GC3-1MM,-10.5,-10.4803,10,CZ,Soft wheat,gdd,0.00127318745754422
HadGEM3-GC3-1MM,-9.5,-9.6161,7,CZ,Soft wheat,gdd,-0.000330084229665885
HadGEM3-GC3-1MM,-8.5,-8.6582,7,CZ,Soft wheat,gdd,-0.000638854322488077
HadGEM3-GC3-1MM,-7.5,-7.6345,8,CZ,Soft wheat,gdd,-0.000789860903012444
HadGEM3-GC3-1MM,-6.5,-6.4299,4,CZ,Soft wheat,gdd,-0.000331880341647002
HadGEM3-GC3-1MM,-5.5,-5.3528,4,CZ,Soft wheat,gdd,-0.000136548355264484
HadGEM3-GC3-1MM,-4.5,-4.3969,4,CZ,Soft wheat,gdd,-0.000214911441515453
IPSL-CM6A-LR,-9.5,-9.3401,5,CZ,Soft wheat,gdd,-0.00074681828265882
IPSL-CM6A-LR,-8.5,-8.4598,8,CZ,Soft wheat,gdd,-0.00072136488585528
IPSL-CM6A-LR,-7.5,-7.5255,19,CZ,Soft wheat,gdd,-0.000683952612267059
IPSL-CM6A-LR,-6.5,-6.5577,11,CZ,Soft wheat,gdd,-0.000479586673853416
IPSL-CM6A-LR,-5.5,-5.5623,13,CZ,Soft wheat,gdd,-0.000293639853288433
IPSL-CM6A-LR,-4.5,-4.3507,11,CZ,Soft wheat,gdd,-0.000122456666889483
IPSL-CM6A-LR,-3.5,-3.4644,8,CZ,Soft wheat,gdd,-0.000129227511152738
IPSL-CM6A-LR,-2.5,-2.5669,9,CZ,Soft wheat,gdd,-0.000263706983162974
IPSL-CM6A-LR,-1.5,-1.2909,6,CZ,Soft wheat,gdd,-0.000233540957851748
IPSL-CM6A-LR,-0.5,-0.6347,8,CZ,Soft wheat,gdd,-4.62107007407204e-05
EC-Earth3,-9.5,-9.1554,4,DE,Soft wheat,gdd,-0.000730666386750985
EC-Earth3,-8.5,-8.4726,15,DE,Soft wheat,gdd,-0.000958299884453681
EC-Earth3,-7.5,-7.5562,20,DE,Soft wheat,gdd,-0.000601177962239089
EC-Earth3,-6.5,-6.4767,21,DE,Soft wheat,gdd,-0.000380893797931009
EC-Earth3,-5.5,-5.3342,8,DE,Soft wheat,gdd,-0.000316396665471825
EC-Earth3,-4.5,-4.5495,8,DE,Soft wheat,gdd,-0.000502453309755303
EC-Earth3,-3.5,-3.3459,9,DE,Soft wheat,gdd,-0.000274424974791629
EC-Earth3,-2.5,-2.4493,5,DE,Soft wheat,gdd,-0.00037722162913671
EC-Earth3,-1.5,-1.3807,6,DE,Soft wheat,gdd,-0.00011967498257849
EC-Earth3,-0.5,-0.6596,3,DE,Soft wheat,gdd,5.42019845213503e-05
HadGEM3-GC3-1LL,-8.5,-8.3848,12,DE,Soft wheat,gdd,-0.000720798523030818
HadGEM3-GC3-1LL,-7.5,-7.5599,19,DE,Soft wheat,gdd,-0.000507689628211922
HadGEM3-GC3-1LL,-6.5,-6.5442,24,DE,Soft wheat,gdd,-0.000469018623029355
HadGEM3-GC3-1LL,-5.5,-5.5797,10,DE,Soft wheat,gdd,-0.000353991380997527
HadGEM3-GC3-1LL,-4.5,-4.5263,6,DE,Soft wheat,gdd,-0.000399861226666647
HadGEM3-GC3-1LL,-3.5,-3.7835,7,DE,Soft wheat,gdd,-0.00056248800550884
HadGEM3-GC3-1LL,-2.5,-2.4504,6,DE,Soft wheat,gdd,-0.00023375790022771
HadGEM3-GC3-1LL,-1.5,-1.3098,8,DE,Soft wheat,gdd,-7.14810623503864e-05
HadGEM3-GC3-1LL,-0.5,-0.331,6,DE,Soft wheat,gdd,-0.000184342818363034
HadGEM3-GC3-1MM,-14.5,-14.3032,4,DE,Soft wheat,gdd,0.0172220968967217
HadGEM3-GC3-1MM,-13.5,-13.3931,8,DE,Soft wheat,gdd,0.0250776967374721
HadGEM3-GC3-1MM,-12.5,-12.588,13,DE,Soft wheat,gdd,0.0165071924649512
HadGEM3-GC3-1MM,-11.5,-11.5321,21,DE,Soft wheat,gdd,0.00968879265704653
HadGEM3-GC3-1MM,-10.5,-10.4803,10,DE,Soft wheat,gdd,0.00594798921249762
HadGEM3-GC3-1MM,-9.5,-9.6161,7,DE,Soft wheat,gdd,-0.000626536631617019
HadGEM3-GC3-1MM,-8.5,-8.6582,7,DE,Soft wheat,gdd,-0.000705733939366485
HadGEM3-GC3-1MM,-7.5,-7.6345,8,DE,Soft wheat,gdd,-0.000833596803274249
HadGEM3-GC3-1MM,-6.5,-6.4299,4,DE,Soft wheat,gdd,-0.000381044260538794
HadGEM3-GC3-1MM,-5.5,-5.3528,4,DE,Soft wheat,gdd,-0.000397280878087309
HadGEM3-GC3-1MM,-4.5,-4.3969,4,DE,Soft wheat,gdd,-0.000376539199206288
IPSL-CM6A-LR,-9.5,-9.3401,5,DE,Soft wheat,gdd,-0.000649181329190578
IPSL-CM6A-LR,-8.5,-8.4598,8,DE,Soft wheat,gdd,0.000150593095323401
IPSL-CM6A-LR,-7.5,-7.5255,19,DE,Soft wheat,gdd,-0.000775276015480544
IPSL-CM6A-LR,-6.5,-6.5577,11,DE,Soft wheat,gdd,-0.000649940185116765
IPSL-CM6A-LR,-5.5,-5.5623,13,DE,Soft wheat,gdd,-0.000487895328770968
IPSL-CM6A-LR,-4.5,-4.3507,11,DE,Soft wheat,gdd,-0.000401148192882757
IPSL-CM6A-LR,-3.5,-3.4644,8,DE,Soft wheat,gdd,-0.000527216948187754
IPSL-CM6A-LR,-2.5,-2.5669,9,DE,Soft wheat,gdd,-0.000240654245958277
IPSL-CM6A-LR,-1.5,-1.2909,6,DE,Soft wheat,gdd,-0.000389724653016448
IPSL-CM6A-LR,-0.5,-0.6347,8,DE,Soft wheat,gdd,-6.05319052070593e-05
EC-Earth3,-9.5,-9.1554,4,DK,Soft wheat,gdd,-0.000625113118781685
EC-Earth3,-8.5,-8.4726,15,DK,Soft wheat,gdd,-0.000978748957025846
EC-Earth3,-7.5,-7.5562,20,DK,Soft wheat,gdd,-0.000764965564615451
EC-Earth3,-6.5,-6.4767,21,DK,Soft wheat,gdd,-0.000539874161066013
EC-Earth3,-5.5,-5.3342,8,DK,Soft wheat,gdd,-0.000294861003615958
EC-Earth3,-4.5,-4.5495,8,DK,Soft wheat,gdd,-0.000782631673386168
EC-Earth3,-3.5,-3.3459,9,DK,Soft wheat,gdd,-0.000408675501862764
EC-Earth3,-2.5,-2.4493,5,DK,Soft wheat,gdd,-0.000456078724699121
EC-Earth3,-1.5,-1.3807,6,DK,Soft wheat,gdd,-0.000263005567043255
EC-Earth3,-0.5,-0.6596,3,DK,Soft wheat,gdd,3.51730346151706e-05
HadGEM3-GC3-1LL,-8.5,-8.3848,12,DK,Soft wheat,gdd,-0.000848889163774509
HadGEM3-GC3-1LL,-7.5,-7.5599,19,DK,Soft wheat,gdd,-0.000708300266824119
HadGEM3-GC3-1LL,-6.5,-6.5442,24,DK,Soft wheat,gdd,-0.000653331399926207
HadGEM3-GC3-1LL,-5.5,-5.5797,10,DK,Soft wheat,gdd,-0.00053663770546532
HadGEM3-GC3-1LL,-4.5,-4.5263,6,DK,Soft wheat,gdd,-0.000372516909294486
HadGEM3-GC3-1LL,-3.5,-3.7835,7,DK,Soft wheat,gdd,-0.000814838588807753
HadGEM3-GC3-1LL,-2.5,-2.4504,6,DK,Soft wheat,gdd,-0.000347105128453056
HadGEM3-GC3-1LL,-1.5,-1.3098,8,DK,Soft wheat,gdd,2.43936505259468e-05
HadGEM3-GC3-1LL,-0.5,-0.331,6,DK,Soft wheat,gdd,-2.6899678128219e-05
HadGEM3-GC3-1MM,-14.5,-14.3032,4,DK,Soft wheat,gdd,0.0686871392955628
HadGEM3-GC3-1MM,-13.5,-13.3931,8,DK,Soft wheat,gdd,0.0764150165920462
HadGEM3-GC3-1MM,-12.5,-12.588,13,DK,Soft wheat,gdd,0.0802575825621478
HadGEM3-GC3-1MM,-11.5,-11.5321,21,DK,Soft wheat,gdd,0.0579393205378367
HadGEM3-GC3-1MM,-10.5,-10.4803,10,DK,Soft wheat,gdd,0.0387328966944548
HadGEM3-GC3-1MM,-9.5,-9.6161,7,DK,Soft wheat,gdd,0.00208174706119689
HadGEM3-GC3-1MM,-8.5,-8.6582,7,DK,Soft wheat,gdd,0.00129306292790798
HadGEM3-GC3-1MM,-7.5,-7.6345,8,DK,Soft wheat,gdd,-0.000592263884866901
HadGEM3-GC3-1MM,-6.5,-6.4299,4,DK,Soft wheat,gdd,-0.000172277313942699
HadGEM3-GC3-1MM,-5.5,-5.3528,4,DK,Soft wheat,gdd,-0.000483765007238728
HadGEM3-GC3-1MM,-4.5,-4.3969,4,DK,Soft wheat,gdd,-0.000355659861761378
IPSL-CM6A-LR,-9.5,-9.3401,5,DK,Soft wheat,gdd,0.003675961524072
IPSL-CM6A-LR,-8.5,-8.4598,8,DK,Soft wheat,gdd,0.0116660738816356
IPSL-CM6A-LR,-7.5,-7.5255,19,DK,Soft wheat,gdd,0.00118772343423674
IPSL-CM6A-LR,-6.5,-6.5577,11,DK,Soft wheat,gdd,0.00425489085328858
IPSL-CM6A-LR,-5.5,-5.5623,13,DK,Soft wheat,gdd,-0.000859649085499197
IPSL-CM6A-LR,-4.5,-4.3507,11,DK,Soft wheat,gdd,-0.000675007533043402
IPSL-CM6A-LR,-3.5,-3.4644,8,DK,Soft wheat,gdd,-0.000728278177349624
IPSL-CM6A-LR,-2.5,-2.5669,9,DK,Soft wheat,gdd,-0.000400195623582121
IPSL-CM6A-LR,-1.5,-1.2909,6,DK,Soft wheat,gdd,-0.000429372325832896
IPSL-CM6A-LR,-0.5,-0.6347,8,DK,Soft wheat,gdd,-0.000117600028134165
EC-Earth3,-9.5,-9.1554,4,EE,Soft wheat,gdd,-0.000635363947653522
EC-Earth3,-8.5,-8.4726,15,EE,Soft wheat,gdd,-0.000498027528554637
EC-Earth3,-7.5,-7.5562,20,EE,Soft wheat,gdd,-0.000557262436489833
EC-Earth3,-6.5,-6.4767,21,EE,Soft wheat,gdd,-0.000363271001353242
EC-Earth3,-5.5,-5.3342,8,EE,Soft wheat,gdd,-7.04793535495276e-05
EC-Earth3,-4.5,-4.5495,8,EE,Soft wheat,gdd,-0.000443539235361813
EC-Earth3,-3.5,-3.3459,9,EE,Soft wheat,gdd,-0.000429499852569123
EC-Earth3,-2.5,-2.4493,5,EE,Soft wheat,gdd,-0.000303414207789555
EC-Earth3,-1.5,-1.3807,6,EE,Soft wheat,gdd,2.0713708073149e-05
EC-Earth3,-0.5,-0.6596,3,EE,Soft wheat,gdd,0.000188256217931234
HadGEM3-GC3-1LL,-8.5,-8.3848,12,EE,Soft wheat,gdd,-0.00062120783377899
HadGEM3-GC3-1LL,-7.5,-7.5599,19,EE,Soft wheat,gdd,-0.000488698233632603
HadGEM3-GC3-1LL,-6.5,-6.5442,24,EE,Soft wheat,gdd,-0.000555672618619938
HadGEM3-GC3-1LL,-5.5,-5.5797,10,EE,Soft wheat,gdd,-0.000484356347138172
HadGEM3-GC3-1LL,-4.5,-4.5263,6,EE,Soft wheat,gdd,-0.000447944025088616
HadGEM3-GC3-1LL,-3.5,-3.7835,7,EE,Soft wheat,gdd,-0.000382597099589481
HadGEM3-GC3-1LL,-2.5,-2.4504,6,EE,Soft wheat,gdd,-0.000645894450436724
HadGEM3-GC3-1LL,-1.5,-1.3098,8,EE,Soft wheat,gdd,-2.13628301889375e-05
HadGEM3-GC3-1LL,-0.5,-0.331,6,EE,Soft wheat,gdd,-0.000195092164238709
HadGEM3-GC3-1MM,-14.5,-14.3032,4,EE,Soft wheat,gdd,0.0237041587224949
HadGEM3-GC3-1MM,-13.5,-13.3931,8,EE,Soft wheat,gdd,0.042562620959749
HadGEM3-GC3-1MM,-12.5,-12.588,13,EE,Soft wheat,gdd,0.0504232314448692
HadGEM3-GC3-1MM,-11.5,-11.5321,21,EE,Soft wheat,gdd,0.0306043657319512
HadGEM3-GC3-1MM,-10.5,-10.4803,10,EE,Soft wheat,gdd,0.035870416833272
HadGEM3-GC3-1MM,-9.5,-9.6161,7,EE,Soft wheat,gdd,0.00612578797626898
HadGEM3-GC3-1MM,-8.5,-8.6582,7,EE,Soft wheat,gdd,0.00350390988899392
HadGEM3-GC3-1MM,-7.5,-7.6345,8,EE,Soft wheat,gdd,0.00233604512223381
HadGEM3-GC3-1MM,-6.5,-6.4299,4,EE,Soft wheat,gdd,-0.000627436188305283
HadGEM3-GC3-1MM,-5.5,-5.3528,4,EE,Soft wheat,gdd,-0.000621580852735644
HadGEM3-GC3-1MM,-4.5,-4.3969,4,EE,Soft wheat,gdd,-0.000447114230623629
IPSL-CM6A-LR,-9.5,-9.3401,5,EE,Soft wheat,gdd,0.00414890455082397
IPSL-CM6A-LR,-8.5,-8.4598,8,EE,Soft wheat,gdd,0.00950362716077869
IPSL-CM6A-LR,-7.5,-7.5255,19,EE,Soft wheat,gdd,0.00241698292450777
IPSL-CM6A-LR,-6.5,-6.5577,11,EE,Soft wheat,gdd,0.00357001362841057
IPSL-CM6A-LR,-5.5,-5.5623,13,EE,Soft wheat,gdd,-0.000425167502998953
IPSL-CM6A-LR,-4.5,-4.3507,11,EE,Soft wheat,gdd,-0.000522556764373148
IPSL-CM6A-LR,-3.5,-3.4644,8,EE,Soft wheat,gdd,-0.000380616201883184
IPSL-CM6A-LR,-2.5,-2.5669,9,EE,Soft wheat,gdd,-0.00041880189762864
IPSL-CM6A-LR,-1.5,-1.2909,6,EE,Soft wheat,gdd,-0.000294147008104685
IPSL-CM6A-LR,-0.5,-0.6347,8,EE,Soft wheat,gdd,-0.000184966563624727
EC-Earth3,-9.5,-9.1554,4,EL,Soft wheat,gdd,-0.000346556118649843
EC-Earth3,-8.5,-8.4726,15,EL,Soft wheat,gdd,-0.000202395839324737
EC-Earth3,-7.5,-7.5562,20,EL,Soft wheat,gdd,-0.000439972264120074
EC-Earth3,-6.5,-6.4767,21,EL,Soft wheat,gdd,-0.000377055759198335
EC-Earth3,-5.5,-5.3342,8,EL,Soft wheat,gdd,-0.000226570862177486
EC-Earth3,-4.5,-4.5495,8,EL,Soft wheat,gdd,-0.000266872292601251
EC-Earth3,-3.5,-3.3459,9,EL,Soft wheat,gdd,-0.000374601941204057
EC-Earth3,-2.5,-2.4493,5,EL,Soft wheat,gdd,-0.000375704259764623
EC-Earth3,-1.5,-1.3807,6,EL,Soft wheat,gdd,-0.00032400724577956
EC-Earth3,-0.5,-0.6596,3,EL,Soft wheat,gdd,3.60499752930591e-05
HadGEM3-GC3-1LL,-8.5,-8.3848,12,EL,Soft wheat,gdd,-0.000470140158117591
HadGEM3-GC3-1LL,-7.5,-7.5599,19,EL,Soft wheat,gdd,-0.000127241367963056
HadGEM3-GC3-1LL,-6.5,-6.5442,24,EL,Soft wheat,gdd,-0.000273712604097954
HadGEM3-GC3-1LL,-5.5,-5.5797,10,EL,Soft wheat,gdd,-0.000252143461420541
HadGEM3-GC3-1LL,-4.5,-4.5263,6,EL,Soft wheat,gdd,-0.000243948448478361
HadGEM3-GC3-1LL,-3.5,-3.7835,7,EL,Soft wheat,gdd,-0.000283810877873998
HadGEM3-GC3-1LL,-2.5,-2.4504,6,EL,Soft wheat,gdd,-0.000310313841048353
HadGEM3-GC3-1LL,-1.5,-1.3098,8,EL,Soft wheat,gdd,-0.000235787543221068
HadGEM3-GC3-1LL,-0.5,-0.331,6,EL,Soft wheat,gdd,1.69197338216762e-05
HadGEM3-GC3-1MM,-14.5,-14.3032,4,EL,Soft wheat,gdd,-0.000704243301454397
HadGEM3-GC3-1MM,-13.5,-13.3931,8,EL,Soft wheat,gdd,-0.000535989458215326
HadGEM3-GC3-1MM,-12.5,-12.588,13,EL,Soft wheat,gdd,-0.000686460623048248
HadGEM3-GC3-1MM,-11.5,-11.5321,21,EL,Soft wheat,gdd,-0.000655734606535784
HadGEM3-GC3-1MM,-10.5,-10.4803,10,EL,Soft wheat,gdd,-0.00055540509543687
HadGEM3-GC3-1MM,-9.5,-9.6161,7,EL,Soft wheat,gdd,-0.000379132827527227
HadGEM3-GC3-1MM,-8.5,-8.6582,7,EL,Soft wheat,gdd,-0.000294728887699909
HadGEM3-GC3-1MM,-7.5,-7.6345,8,EL,Soft wheat,gdd,-0.000351605586887713
HadGEM3-GC3-1MM,-6.5,-6.4299,4,EL,Soft wheat,gdd,-0.000549057705265373
HadGEM3-GC3-1MM,-5.5,-5.3528,4,EL,Soft wheat,gdd,-9.56083781624881e-05
HadGEM3-GC3-1MM,-4.5,-4.3969,4,EL,Soft wheat,gdd,-0.000375444085262123
IPSL-CM6A-LR,-9.5,-9.3401,5,EL,Soft wheat,gdd,-0.000451407052030393
IPSL-CM6A-LR,-8.5,-8.4598,8,EL,Soft wheat,gdd,-0.000544535703779327
IPSL-CM6A-LR,-7.5,-7.5255,19,EL,Soft wheat,gdd,-0.000291863617149887
IPSL-CM6A-LR,-6.5,-6.5577,11,EL,Soft wheat,gdd,-0.000327464729196029
IPSL-CM6A-LR,-5.5,-5.5623,13,EL,Soft wheat,gdd,-0.000325959896528836
IPSL-CM6A-LR,-4.5,-4.3507,11,EL,Soft wheat,gdd,-0.000257682975321187
IPSL-CM6A-LR,-3.5,-3.4644,8,EL,Soft wheat,gdd,-0.000264988447957164
IPSL-CM6A-LR,-2.5,-2.5669,9,EL,Soft wheat,gdd,-0.000220814063486561
IPSL-CM6A-LR,-1.5,-1.2909,6,EL,Soft wheat,gdd,-0.000262982721487981
IPSL-CM6A-LR,-0.5,-0.6347,8,EL,Soft wheat,gdd,-2.0511578796747e-05
EC-Earth3,-9.5,-9.1554,4,ES,Soft wheat,gdd,-0.00035076467006024
EC-Earth3,-8.5,-8.4726,15,ES,Soft wheat,gdd,-0.000419178545603417
EC-Earth3,-7.5,-7.5562,20,ES,Soft wheat,gdd,-0.000325514328900637
EC-Earth3,-6.5,-6.4767,21,ES,Soft wheat,gdd,-0.000147051021327881
EC-Earth3,-5.5,-5.3342,8,ES,Soft wheat,gdd,-0.000465784078025759
EC-Earth3,-4.5,-4.5495,8,ES,Soft wheat,gdd,-0.000372291981611392
EC-Earth3,-3.5,-3.3459,9,ES,Soft wheat,gdd,-0.000281795542989703
EC-Earth3,-2.5,-2.4493,5,ES,Soft wheat,gdd,-0.000295862252237576
EC-Earth3,-1.5,-1.3807,6,ES,Soft wheat,gdd,-0.000230294569116826
EC-Earth3,-0.5,-0.6596,3,ES,Soft wheat,gdd,4.9937873727547e-05
HadGEM3-GC3-1LL,-8.5,-8.3848,12,ES,Soft wheat,gdd,-0.000320315589218923
HadGEM3-GC3-1LL,-7.5,-7.5599,19,ES,Soft wheat,gdd,-0.000312590643687072
HadGEM3-GC3-1LL,-6.5,-6.5442,24,ES,Soft wheat,gdd,-0.000144079897598529
HadGEM3-GC3-1LL,-5.5,-5.5797,10,ES,Soft wheat,gdd,-0.000259129990645631
HadGEM3-GC3-1LL,-4.5,-4.5263,6,ES,Soft wheat,gdd,-0.000233968747359738
HadGEM3-GC3-1LL,-3.5,-3.7835,7,ES,Soft wheat,gdd,-0.000418110384706908
HadGEM3-GC3-1LL,-2.5,-2.4504,6,ES,Soft wheat,gdd,-0.000117674388911933
HadGEM3-GC3-1LL,-1.5,-1.3098,8,ES,Soft wheat,gdd,-6.77259664006678e-05
HadGEM3-GC3-1LL,-0.5,-0.331,6,ES,Soft wheat,gdd,-4.25091965841004e-05
HadGEM3-GC3-1MM,-14.5,-14.3032,4,ES,Soft wheat,gdd,-7.65172288509946e-05
HadGEM3-GC3-1MM,-13.5,-13.3931,8,ES,Soft wheat,gdd,0.000194756537674531
HadGEM3-GC3-1MM,-12.5,-12.588,13,ES,Soft wheat,gdd,-0.000705403985951549
HadGEM3-GC3-1MM,-11.5,-11.5321,21,ES,Soft wheat,gdd,-0.000781300704201668
HadGEM3-GC3-1MM,-10.5,-10.4803,10,ES,Soft wheat,gdd,-0.000478374729910822
HadGEM3-GC3-1MM,-9.5,-9.6161,7,ES,Soft wheat,gdd,-0.000430811297262862
HadGEM3-GC3-1MM,-8.5,-8.6582,7,ES,Soft wheat,gdd,-0.000636151678794522
HadGEM3-GC3-1MM,-7.5,-7.6345,8,ES,Soft wheat,gdd,-0.000435758777687886
HadGEM3-GC3-1MM,-6.5,-6.4299,4,ES,Soft wheat,gdd,-0.000259396168470982
HadGEM3-GC3-1MM,-5.5,-5.3528,4,ES,Soft wheat,gdd,-0.000185719791926372
HadGEM3-GC3-1MM,-4.5,-4.3969,4,ES,Soft wheat,gdd,-0.000255129180826003
IPSL-CM6A-LR,-9.5,-9.3401,5,ES,Soft wheat,gdd,-0.000516064933734933
IPSL-CM6A-LR,-8.5,-8.4598,8,ES,Soft wheat,gdd,-0.000454230564257895
IPSL-CM6A-LR,-7.5,-7.5255,19,ES,Soft wheat,gdd,-0.000328953307372234
IPSL-CM6A-LR,-6.5,-6.5577,11,ES,Soft wheat,gdd,-0.000379538581623005
IPSL-CM6A-LR,-5.5,-5.5623,13,ES,Soft wheat,gdd,-0.00028148230176702
IPSL-CM6A-LR,-4.5,-4.3507,11,ES,Soft wheat,gdd,-0.000125103805811763
IPSL-CM6A-LR,-3.5,-3.4644,8,ES,Soft wheat,gdd,-0.000193530333735922
IPSL-CM6A-LR,-2.5,-2.5669,9,ES,Soft wheat,gdd,-0.00027658103983946
IPSL-CM6A-LR,-1.5,-1.2909,6,ES,Soft wheat,gdd,-0.000225722806716519
IPSL-CM6A-LR,-0.5,-0.6347,8,ES,Soft wheat,gdd,1.08337922898037e-05
EC-Earth3,-9.5,-9.1554,4,FI,Soft wheat,gdd,-0.000353939308953978
EC-Earth3,-8.5,-8.4726,15,FI,Soft wheat,gdd,-0.000424780687784632
EC-Earth3,-7.5,-7.5562,20,FI,Soft wheat,gdd,-0.000399862073408331
EC-Earth3,-6.5,-6.4767,21,FI,Soft wheat,gdd,-0.000134355002687141
EC-Earth3,-5.5,-5.3342,8,FI,Soft wheat,gdd,0.00013749439002563
EC-Earth3,-4.5,-4.5495,8,FI,Soft wheat,gdd,-0.000175156644049812
EC-Earth3,-3.5,-3.3459,9,FI,Soft wheat,gdd,-0.000110994021850695
EC-Earth3,-2.5,-2.4493,5,FI,Soft wheat,gdd,-0.000151904657376506
EC-Earth3,-1.5,-1.3807,6,FI,Soft wheat,gdd,0.000201965998372325
EC-Earth3,-0.5,-0.6596,3,FI,Soft wheat,gdd,0.000192214493185983
HadGEM3-GC3-1LL,-8.5,-8.3848,12,FI,Soft wheat,gdd,-0.000272015444422959
HadGEM3-GC3-1LL,-7.5,-7.5599,19,FI,Soft wheat,gdd,-0.000226679834951818
HadGEM3-GC3-1LL,-6.5,-6.5442,24,FI,Soft wheat,gdd,-0.000223876975751905
HadGEM3-GC3-1LL,-5.5,-5.5797,10,FI,Soft wheat,gdd,2.38722186618356e-05
HadGEM3-GC3-1LL,-4.5,-4.5263,6,FI,Soft wheat,gdd,3.98335594521236e-05
HadGEM3-GC3-1LL,-3.5,-3.7835,7,FI,Soft wheat,gdd,-0.000220242688941859
HadGEM3-GC3-1LL,-2.5,-2.4504,6,FI,Soft wheat,gdd,-0.000182114625895467
HadGEM3-GC3-1LL,-1.5,-1.3098,8,FI,Soft wheat,gdd,0.000117375260336852
HadGEM3-GC3-1LL,-0.5,-0.331,6,FI,Soft wheat,gdd,0.000183490072372946
HadGEM3-GC3-1MM,-14.5,-14.3032,4,FI,Soft wheat,gdd,0.0496676195693041
HadGEM3-GC3-1MM,-13.5,-13.3931,8,FI,Soft wheat,gdd,0.0609433923065722
HadGEM3-GC3-1MM,-12.5,-12.588,13,FI,Soft wheat,gdd,0.0679897245786145
HadGEM3-GC3-1MM,-11.5,-11.5321,21,FI,Soft wheat,gdd,0.0561347770454814
HadGEM3-GC3-1MM,-10.5,-10.4803,10,FI,Soft wheat,gdd,0.0531154931182864
HadGEM3-GC3-1MM,-9.5,-9.6161,7,FI,Soft wheat,gdd,0.016289185584268
HadGEM3-GC3-1MM,-8.5,-8.6582,7,FI,Soft wheat,gdd,0.0133809165015265
HadGEM3-GC3-1MM,-7.5,-7.6345,8,FI,Soft wheat,gdd,0.00708503507319871
HadGEM3-GC3-1MM,-6.5,-6.4299,4,FI,Soft wheat,gdd,-0.000448209564238748
HadGEM3-GC3-1MM,-5.5,-5.3528,4,FI,Soft wheat,gdd,-0.000410265597252446
HadGEM3-GC3-1MM,-4.5,-4.3969,4,FI,Soft wheat,gdd,-6.38356349862678e-05
IPSL-CM6A-LR,-9.5,-9.3401,5,FI,Soft wheat,gdd,0.00587466657137771
IPSL-CM6A-LR,-8.5,-8.4598,8,FI,Soft wheat,gdd,0.0160366660382412
IPSL-CM6A-LR,-7.5,-7.5255,19,FI,Soft wheat,gdd,0.00689450677019985
IPSL-CM6A-LR,-6.5,-6.5577,11,FI,Soft wheat,gdd,0.00640163273753365
IPSL-CM6A-LR,-5.5,-5.5623,13,FI,Soft wheat,gdd,-0.000251765472845794
IPSL-CM6A-LR,-4.5,-4.3507,11,FI,Soft wheat,gdd,-0.00027285841955605
IPSL-CM6A-LR,-3.5,-3.4644,8,FI,Soft wheat,gdd,-0.000236346341953383
IPSL-CM6A-LR,-2.5,-2.5669,9,FI,Soft wheat,gdd,-0.000109206366915819
IPSL-CM6A-LR,-1.5,-1.2909,6,FI,Soft wheat,gdd,-2.33893309716193e-05
IPSL-CM6A-LR,-0.5,-0.6347,8,FI,Soft wheat,gdd,3.49857885129899e-05
EC-Earth3,-9.5,-9.1554,4,FR,Soft wheat,gdd,-0.000489030703575143
EC-Earth3,-8.5,-8.4726,15,FR,Soft wheat,gdd,-0.000919324542009344
EC-Earth3,-7.5,-7.5562,20,FR,Soft wheat,gdd,-0.000510956742990248
EC-Earth3,-6.5,-6.4767,21,FR,Soft wheat,gdd,-0.000429449912327918
EC-Earth3,-5.5,-5.3342,8,FR,Soft wheat,gdd,-0.000434462233248147
EC-Earth3,-4.5,-4.5495,8,FR,Soft wheat,gdd,-0.000463993460567534
EC-Earth3,-3.5,-3.3459,9,FR,Soft wheat,gdd,-0.000239412765115021
EC-Earth3,-2.5,-2.4493,5,FR,Soft wheat,gdd,-0.000375272849865897
EC-Earth3,-1.5,-1.3807,6,FR,Soft wheat,gdd,-0.000244125042715169
EC-Earth3,-0.5,-0.6596,3,FR,Soft wheat,gdd,-0.000100746206491173
HadGEM3-GC3-1LL,-8.5,-8.3848,12,FR,Soft wheat,gdd,-0.00059422935333249
HadGEM3-GC3-1LL,-7.5,-7.5599,19,FR,Soft wheat,gdd,-0.00054983527676924
HadGEM3-GC3-1LL,-6.5,-6.5442,24,FR,Soft wheat,gdd,-0.000407741181657389
HadGEM3-GC3-1LL,-5.5,-5.5797,10,FR,Soft wheat,gdd,-0.000391895298154307
HadGEM3-GC3-1LL,-4.5,-4.5263,6,FR,Soft wheat,gdd,-0.000339163570342949
HadGEM3-GC3-1LL,-3.5,-3.7835,7,FR,Soft wheat,gdd,-0.00050183385397948
HadGEM3-GC3-1LL,-2.5,-2.4504,6,FR,Soft wheat,gdd,-0.000113410608049738
HadGEM3-GC3-1LL,-1.5,-1.3098,8,FR,Soft wheat,gdd,-0.000126362425637557
HadGEM3-GC3-1LL,-0.5,-0.331,6,FR,Soft wheat,gdd,-0.000175204930281024
HadGEM3-GC3-1MM,-14.5,-14.3032,4,FR,Soft wheat,gdd,0.0284442516111527
HadGEM3-GC3-1MM,-13.5,-13.3931,8,FR,Soft wheat,gdd,0.0270128123058165
HadGEM3-GC3-1MM,-12.5,-12.588,13,FR,Soft wheat,gdd,0.0123254075168682
HadGEM3-GC3-1MM,-11.5,-11.5321,21,FR,Soft wheat,gdd,0.00952712417119498
HadGEM3-GC3-1MM,-10.5,-10.4803,10,FR,Soft wheat,gdd,6.56886158177276e-05
HadGEM3-GC3-1MM,-9.5,-9.6161,7,FR,Soft wheat,gdd,-0.000743915846430776
HadGEM3-GC3-1MM,-8.5,-8.6582,7,FR,Soft wheat,gdd,-0.000719146743566866
HadGEM3-GC3-1MM,-7.5,-7.6345,8,FR,Soft wheat,gdd,-0.000754834382822785
HadGEM3-GC3-1MM,-6.5,-6.4299,4,FR,Soft wheat,gdd,-0.000365564462774894
HadGEM3-GC3-1MM,-5.5,-5.3528,4,FR,Soft wheat,gdd,-0.000220475926051743
HadGEM3-GC3-1MM,-4.5,-4.3969,4,FR,Soft wheat,gdd,-0.000180081980965845
IPSL-CM6A-LR,-9.5,-9.3401,5,FR,Soft wheat,gdd,-0.000868897866856808
IPSL-CM6A-LR,-8.5,-8.4598,8,FR,Soft wheat,gdd,-0.000120277824266238
IPSL-CM6A-LR,-7.5,-7.5255,19,FR,Soft wheat,gdd,-0.000663831728714699
IPSL-CM6A-LR,-6.5,-6.5577,11,FR,Soft wheat,gdd,-0.000836036276653994
IPSL-CM6A-LR,-5.5,-5.5623,13,FR,Soft wheat,gdd,-0.000349497282741341
IPSL-CM6A-LR,-4.5,-4.3507,11,FR,Soft wheat,gdd,-0.000303078133725046
IPSL-CM6A-LR,-3.5,-3.4644,8,FR,Soft wheat,gdd,-0.000444396824608956
IPSL-CM6A-LR,-2.5,-2.5669,9,FR,Soft wheat,gdd,-0.000217116807002555
IPSL-CM6A-LR,-1.5,-1.2909,6,FR,Soft wheat,gdd,-0.000159915433745893
IPSL-CM6A-LR,-0.5,-0.6347,8,FR,Soft wheat,gdd,-0.000120310261333232
EC-Earth3,-9.5,-9.1554,4,HU,Soft wheat,gdd,-0.000488739162980393
EC-Earth3,-8.5,-8.4726,15,HU,Soft wheat,gdd,-0.000498651459623246
EC-Earth3,-7.5,-7.5562,20,HU,Soft wheat,gdd,-0.000510877598370419
EC-Earth3,-6.5,-6.4767,21,HU,Soft wheat,gdd,-0.000300155363635849
EC-Earth3,-5.5,-5.3342,8,HU,Soft wheat,gdd,1.27230653313872e-05
EC-Earth3,-4.5,-4.5495,8,HU,Soft wheat,gdd,-0.000141790280875411
EC-Earth3,-3.5,-3.3459,9,HU,Soft wheat,gdd,-0.000158178515129987
EC-Earth3,-2.5,-2.4493,5,HU,Soft wheat,gdd,-0.000187253979371007
EC-Earth3,-1.5,-1.3807,6,HU,Soft wheat,gdd,-0.000254451850753996
EC-Earth3,-0.5,-0.6596,3,HU,Soft wheat,gdd,0.000382820421923588
HadGEM3-GC3-1LL,-8.5,-8.3848,12,HU,Soft wheat,gdd,-0.000467756827698506
HadGEM3-GC3-1LL,-7.5,-7.5599,19,HU,Soft wheat,gdd,-0.000231245670751969
HadGEM3-GC3-1LL,-6.5,-6.5442,24,HU,Soft wheat,gdd,-0.000387829273975734
HadGEM3-GC3-1LL,-5.5,-5.5797,10,HU,Soft wheat,gdd,-0.000219605071267593
HadGEM3-GC3-1LL,-4.5,-4.5263,6,HU,Soft wheat,gdd,-0.000290611703479232
HadGEM3-GC3-1LL,-3.5,-3.7835,7,HU,Soft wheat,gdd,-0.000309849992495876
HadGEM3-GC3-1LL,-2.5,-2.4504,6,HU,Soft wheat,gdd,-8.85378866152754e-05
HadGEM3-GC3-1LL,-1.5,-1.3098,8,HU,Soft wheat,gdd,-0.000141613971050741
HadGEM3-GC3-1LL,-0.5,-0.331,6,HU,Soft wheat,gdd,-0.00029540171040396
HadGEM3-GC3-1MM,-14.5,-14.3032,4,HU,Soft wheat,gdd,-0.000565565641966609
HadGEM3-GC3-1MM,-13.5,-13.3931,8,HU,Soft wheat,gdd,-0.000491557677980674
HadGEM3-GC3-1MM,-12.5,-12.588,13,HU,Soft wheat,gdd,-0.000820744065700385
HadGEM3-GC3-1MM,-11.5,-11.5321,21,HU,Soft wheat,gdd,-0.000445565531794922
HadGEM3-GC3-1MM,-10.5,-10.4803,10,HU,Soft wheat,gdd,-0.000841557426632362
HadGEM3-GC3-1MM,-9.5,-9.6161,7,HU,Soft wheat,gdd,-0.000192934921791607
HadGEM3-GC3-1MM,-8.5,-8.6582,7,HU,Soft wheat,gdd,-0.000345256695512325
HadGEM3-GC3-1MM,-7.5,-7.6345,8,HU,Soft wheat,gdd,-0.000486355740039872
HadGEM3-GC3-1MM,-6.5,-6.4299,4,HU,Soft wheat,gdd,-0.00019158767018829
HadGEM3-GC3-1MM,-5.5,-5.3528,4,HU,Soft wheat,gdd,-0.000205640013632772
HadGEM3-GC3-1MM,-4.5,-4.3969,4,HU,Soft wheat,gdd,-0.000191044175560654
IPSL-CM6A-LR,-9.5,-9.3401,5,HU,Soft wheat,gdd,-0.000394675682971048
IPSL-CM6A-LR,-8.5,-8.4598,8,HU,Soft wheat,gdd,-0.000384896804231117
IPSL-CM6A-LR,-7.5,-7.5255,19,HU,Soft wheat,gdd,-0.000372021803179589
IPSL-CM6A-LR,-6.5,-6.5577,11,HU,Soft wheat,gdd,-0.000342853622496469
IPSL-CM6A-LR,-5.5,-5.5623,13,HU,Soft wheat,gdd,-9.71128340140111e-05
IPSL-CM6A-LR,-4.5,-4.3507,11,HU,Soft wheat,gdd,-2.04354031951441e-05
IPSL-CM6A-LR,-3.5,-3.4644,8,HU,Soft wheat,gdd,-0.000101871798250066
IPSL-CM6A-LR,-2.5,-2.5669,9,HU,Soft wheat,gdd,-6.2259499063905e-05
IPSL-CM6A-LR,-1.5,-1.2909,6,HU,Soft wheat,gdd,-9.12674725360896e-05
IPSL-CM6A-LR,-0.5,-0.6347,8,HU,Soft wheat,gdd,-4.76056953501055e-06
EC-Earth3,-9.5,-9.1554,4,IT,Soft wheat,gdd,-0.000442204721352028
EC-Earth3,-8.5,-8.4726,15,IT,Soft wheat,gdd,-0.000418665814691382
EC-Earth3,-7.5,-7.5562,20,IT,Soft wheat,gdd,-0.000386460092678147
EC-Earth3,-6.5,-6.4767,21,IT,Soft wheat,gdd,-0.000436118061294773
EC-Earth3,-5.5,-5.3342,8,IT,Soft wheat,gdd,-0.000292251388129145
EC-Earth3,-4.5,-4.5495,8,IT,Soft wheat,gdd,-0.00031974874379895
EC-Earth3,-3.5,-3.3459,9,IT,Soft wheat,gdd,-0.00027175561385649
EC-Earth3,-2.5,-2.4493,5,IT,Soft wheat,gdd,-0.000184494392414896
EC-Earth3,-1.5,-1.3807,6,IT,Soft wheat,gdd,-0.000266920663994887
EC-Earth3,-0.5,-0.6596,3,IT,Soft wheat,gdd,0.000181620296060091
HadGEM3-GC3-1LL,-8.5,-8.3848,12,IT,Soft wheat,gdd,-0.000554903549141503
HadGEM3-GC3-1LL,-7.5,-7.5599,19,IT,Soft wheat,gdd,-0.00040682231121429
HadGEM3-GC3-1LL,-6.5,-6.5442,24,IT,Soft wheat,gdd,-0.000423859612946277
HadGEM3-GC3-1LL,-5.5,-5.5797,10,IT,Soft wheat,gdd,-0.000222874977465103
HadGEM3-GC3-1LL,-4.5,-4.5263,6,IT,Soft wheat,gdd,-0.000386088611822898
HadGEM3-GC3-1LL,-3.5,-3.7835,7,IT,Soft wheat,gdd,-0.000426311567193395
HadGEM3-GC3-1LL,-2.5,-2.4504,6,IT,Soft wheat,gdd,-0.000193130539772908
HadGEM3-GC3-1LL,-1.5,-1.3098,8,IT,Soft wheat,gdd,-4.50860605410891e-05
HadGEM3-GC3-1LL,-0.5,-0.331,6,IT,Soft wheat,gdd,-0.000116796658047627
HadGEM3-GC3-1MM,-14.5,-14.3032,4,IT,Soft wheat,gdd,-0.00075169586411135
HadGEM3-GC3-1MM,-13.5,-13.3931,8,IT,Soft wheat,gdd,-0.000836713150385597
HadGEM3-GC3-1MM,-12.5,-12.588,13,IT,Soft wheat,gdd,-0.000717612494431784
HadGEM3-GC3-1MM,-11.5,-11.5321,21,IT,Soft wheat,gdd,-0.000738309018413942
HadGEM3-GC3-1MM,-10.5,-10.4803,10,IT,Soft wheat,gdd,-0.000750658188026799
HadGEM3-GC3-1MM,-9.5,-9.6161,7,IT,Soft wheat,gdd,-0.00045009621090495
HadGEM3-GC3-1MM,-8.5,-8.6582,7,IT,Soft wheat,gdd,-0.000441893556127382
HadGEM3-GC3-1MM,-7.5,-7.6345,8,IT,Soft wheat,gdd,-0.000430794757519887
HadGEM3-GC3-1MM,-6.5,-6.4299,4,IT,Soft wheat,gdd,-0.000369470047213276
HadGEM3-GC3-1MM,-5.5,-5.3528,4,IT,Soft wheat,gdd,-0.000258366659002949
HadGEM3-GC3-1MM,-4.5,-4.3969,4,IT,Soft wheat,gdd,-0.000273439060018613
IPSL-CM6A-LR,-9.5,-9.3401,5,IT,Soft wheat,gdd,-0.000536312971258237
IPSL-CM6A-LR,-8.5,-8.4598,8,IT,Soft wheat,gdd,-0.000618977893357484
IPSL-CM6A-LR,-7.5,-7.5255,19,IT,Soft wheat,gdd,-0.000379263993466349
IPSL-CM6A-LR,-6.5,-6.5577,11,IT,Soft wheat,gdd,-0.000531678846241917
IPSL-CM6A-LR,-5.5,-5.5623,13,IT,Soft wheat,gdd,-0.000291268540222243
IPSL-CM6A-LR,-4.5,-4.3507,11,IT,Soft wheat,gdd,-0.000108032674914643
IPSL-CM6A-LR,-3.5,-3.4644,8,IT,Soft wheat,gdd,-0.000223803090854583
IPSL-CM6A-LR,-2.5,-2.5669,9,IT,Soft wheat,gdd,-0.000227822261469377
IPSL-CM6A-LR,-1.5,-1.2909,6,IT,Soft wheat,gdd,-0.000229955659501287
IPSL-CM6A-LR,-0.5,-0.6347,8,IT,Soft wheat,gdd,9.18911089668831e-06
EC-Earth3,-9.5,-9.1554,4,LT,Soft wheat,gdd,-0.000828096990632091
EC-Earth3,-8.5,-8.4726,15,LT,Soft wheat,gdd,-0.00057270901126358
EC-Earth3,-7.5,-7.5562,20,LT,Soft wheat,gdd,-0.000608084845898985
EC-Earth3,-6.5,-6.4767,21,LT,Soft wheat,gdd,-0.000404979190218468
EC-Earth3,-5.5,-5.3342,8,LT,Soft wheat,gdd,-0.000241649408995497
EC-Earth3,-4.5,-4.5495,8,LT,Soft wheat,gdd,-0.000494155865126393
EC-Earth3,-3.5,-3.3459,9,LT,Soft wheat,gdd,-0.000396463218671452
EC-Earth3,-2.5,-2.4493,5,LT,Soft wheat,gdd,-0.000602663514866289
EC-Earth3,-1.5,-1.3807,6,LT,Soft wheat,gdd,-0.000265343183750991
EC-Earth3,-0.5,-0.6596,3,LT,Soft wheat,gdd,0.0001873615846369
HadGEM3-GC3-1LL,-8.5,-8.3848,12,LT,Soft wheat,gdd,-0.00073798260172729
HadGEM3-GC3-1LL,-7.5,-7.5599,19,LT,Soft wheat,gdd,-0.000512186553612074
HadGEM3-GC3-1LL,-6.5,-6.5442,24,LT,Soft wheat,gdd,-0.000572685672725225
HadGEM3-GC3-1LL,-5.5,-5.5797,10,LT,Soft wheat,gdd,-0.000363300739646737
HadGEM3-GC3-1LL,-4.5,-4.5263,6,LT,Soft wheat,gdd,-0.000552929395188975
HadGEM3-GC3-1LL,-3.5,-3.7835,7,LT,Soft wheat,gdd,-0.000708982580010526
HadGEM3-GC3-1LL,-2.5,-2.4504,6,LT,Soft wheat,gdd,-0.000685617885825007
HadGEM3-GC3-1LL,-1.5,-1.3098,8,LT,Soft wheat,gdd,-0.000199930685932864
HadGEM3-GC3-1LL,-0.5,-0.331,6,LT,Soft wheat,gdd,-0.000303893152085357
HadGEM3-GC3-1MM,-14.5,-14.3032,4,LT,Soft wheat,gdd,0.00517679244126552
HadGEM3-GC3-1MM,-13.5,-13.3931,8,LT,Soft wheat,gdd,0.0206811613253011
HadGEM3-GC3-1MM,-12.5,-12.588,13,LT,Soft wheat,gdd,0.0281747462281265
HadGEM3-GC3-1MM,-11.5,-11.5321,21,LT,Soft wheat,gdd,0.00983502418121692
HadGEM3-GC3-1MM,-10.5,-10.4803,10,LT,Soft wheat,gdd,0.0199335319170933
HadGEM3-GC3-1MM,-9.5,-9.6161,7,LT,Soft wheat,gdd,-0.000304839197965866
HadGEM3-GC3-1MM,-8.5,-8.6582,7,LT,Soft wheat,gdd,-0.000557129071695316
HadGEM3-GC3-1MM,-7.5,-7.6345,8,LT,Soft wheat,gdd,-0.000668637983719377
HadGEM3-GC3-1MM,-6.5,-6.4299,4,LT,Soft wheat,gdd,-0.000575766852346839
HadGEM3-GC3-1MM,-5.5,-5.3528,4,LT,Soft wheat,gdd,-0.000548215457034798
HadGEM3-GC3-1MM,-4.5,-4.3969,4,LT,Soft wheat,gdd,-0.00053154712020765
IPSL-CM6A-LR,-9.5,-9.3401,5,LT,Soft wheat,gdd,-0.00056338160568582
IPSL-CM6A-LR,-8.5,-8.4598,8,LT,Soft wheat,gdd,0.000389480430212877
IPSL-CM6A-LR,-7.5,-7.5255,19,LT,Soft wheat,gdd,-0.00087803956246597
IPSL-CM6A-LR,-6.5,-6.5577,11,LT,Soft wheat,gdd,-0.00092684068148453
IPSL-CM6A-LR,-5.5,-5.5623,13,LT,Soft wheat,gdd,-0.000758110571526818
IPSL-CM6A-LR,-4.5,-4.3507,11,LT,Soft wheat,gdd,-0.00051199496478635
IPSL-CM6A-LR,-3.5,-3.4644,8,LT,Soft wheat,gdd,-0.000621665442694277
IPSL-CM6A-LR,-2.5,-2.5669,9,LT,Soft wheat,gdd,-0.000536338702231993
IPSL-CM6A-LR,-1.5,-1.2909,6,LT,Soft wheat,gdd,-0.000630297935114881
IPSL-CM6A-LR,-0.5,-0.6347,8,LT,Soft wheat,gdd,-0.000287508421757898
EC-Earth3,-9.5,-9.1554,4,LV,Soft wheat,gdd,-0.000857013967334273
EC-Earth3,-8.5,-8.4726,15,LV,Soft wheat,gdd,-0.000501145922306633
EC-Earth3,-7.5,-7.5562,20,LV,Soft wheat,gdd,-0.000598454002755125
EC-Earth3,-6.5,-6.4767,21,LV,Soft wheat,gdd,-0.000571808449738709
EC-Earth3,-5.5,-5.3342,8,LV,Soft wheat,gdd,-0.000455118180728135
EC-Earth3,-4.5,-4.5495,8,LV,Soft wheat,gdd,-0.000510313861689652
EC-Earth3,-3.5,-3.3459,9,LV,Soft wheat,gdd,-0.000449612184205856
EC-Earth3,-2.5,-2.4493,5,LV,Soft wheat,gdd,-0.000612509771214506
EC-Earth3,-1.5,-1.3807,6,LV,Soft wheat,gdd,9.10765948248863e-05
EC-Earth3,-0.5,-0.6596,3,LV,Soft wheat,gdd,0.000357830793882012
HadGEM3-GC3-1LL,-8.5,-8.3848,12,LV,Soft wheat,gdd,-0.000512335556307969
HadGEM3-GC3-1LL,-7.5,-7.5599,19,LV,Soft wheat,gdd,-0.000614934619163557
HadGEM3-GC3-1LL,-6.5,-6.5442,24,LV,Soft wheat,gdd,-0.000683773778593722
HadGEM3-GC3-1LL,-5.5,-5.5797,10,LV,Soft wheat,gdd,-0.000408742385480054
HadGEM3-GC3-1LL,-4.5,-4.5263,6,LV,Soft wheat,gdd,-0.000593869678102645
HadGEM3-GC3-1LL,-3.5,-3.7835,7,LV,Soft wheat,gdd,-0.000349969364882914
HadGEM3-GC3-1LL,-2.5,-2.4504,6,LV,Soft wheat,gdd,-0.000426765798274592
HadGEM3-GC3-1LL,-1.5,-1.3098,8,LV,Soft wheat,gdd,-8.35240115137456e-05
HadGEM3-GC3-1LL,-0.5,-0.331,6,LV,Soft wheat,gdd,-0.000162776410541497
HadGEM3-GC3-1MM,-14.5,-14.3032,4,LV,Soft wheat,gdd,0.0137099115421712
HadGEM3-GC3-1MM,-13.5,-13.3931,8,LV,Soft wheat,gdd,0.033189553637468
HadGEM3-GC3-1MM,-12.5,-12.588,13,LV,Soft wheat,gdd,0.0422917026682502
HadGEM3-GC3-1MM,-11.5,-11.5321,21,LV,Soft wheat,gdd,0.0193831554794677
HadGEM3-GC3-1MM,-10.5,-10.4803,10,LV,Soft wheat,gdd,0.0282832598800824
HadGEM3-GC3-1MM,-9.5,-9.6161,7,LV,Soft wheat,gdd,0.00101843824657034
HadGEM3-GC3-1MM,-8.5,-8.6582,7,LV,Soft wheat,gdd,5.50827264886207e-05
HadGEM3-GC3-1MM,-7.5,-7.6345,8,LV,Soft wheat,gdd,6.72304758073624e-05
HadGEM3-GC3-1MM,-6.5,-6.4299,4,LV,Soft wheat,gdd,-0.000890213521178803
HadGEM3-GC3-1MM,-5.5,-5.3528,4,LV,Soft wheat,gdd,-0.000787282567891889
HadGEM3-GC3-1MM,-4.5,-4.3969,4,LV,Soft wheat,gdd,-0.000343534123321595
IPSL-CM6A-LR,-9.5,-9.3401,5,LV,Soft wheat,gdd,0.000499592355651869
IPSL-CM6A-LR,-8.5,-8.4598,8,LV,Soft wheat,gdd,0.00255567703243294
IPSL-CM6A-LR,-7.5,-7.5255,19,LV,Soft wheat,gdd,-0.000533714147419517
IPSL-CM6A-LR,-6.5,-6.5577,11,LV,Soft wheat,gdd,-3.92444006880951e-05
IPSL-CM6A-LR,-5.5,-5.5623,13,LV,Soft wheat,gdd,-0.000604291449901293
IPSL-CM6A-LR,-4.5,-4.3507,11,LV,Soft wheat,gdd,-0.000518688939447854
IPSL-CM6A-LR,-3.5,-3.4644,8,LV,Soft wheat,gdd,-0.000394187032954718
IPSL-CM6A-LR,-2.5,-2.5669,9,LV,Soft wheat,gdd,-0.0005198539542664
IPSL-CM6A-LR,-1.5,-1.2909,6,LV,Soft wheat,gdd,-0.000558565225459812
IPSL-CM6A-LR,-0.5,-0.6347,8,LV,Soft wheat,gdd,-0.000404677212401572
EC-Earth3,-9.5,-9.1554,4,RO,Soft wheat,gdd,-0.000388104458597622
EC-Earth3,-8.5,-8.4726,15,RO,Soft wheat,gdd,-0.000313594987278674
EC-Earth3,-7.5,-7.5562,20,RO,Soft wheat,gdd,-0.000311049426750607
EC-Earth3,-6.5,-6.4767,21,RO,Soft wheat,gdd,-0.000301673947212275
EC-Earth3,-5.5,-5.3342,8,RO,Soft wheat,gdd,-7.43418546119494e-05
EC-Earth3,-4.5,-4.5495,8,RO,Soft wheat,gdd,-0.000213547669581405
EC-Earth3,-3.5,-3.3459,9,RO,Soft wheat,gdd,-0.00022327100310038
EC-Earth3,-2.5,-2.4493,5,RO,Soft wheat,gdd,-0.000205972293339614
EC-Earth3,-1.5,-1.3807,6,RO,Soft wheat,gdd,-0.000294062815554911
EC-Earth3,-0.5,-0.6596,3,RO,Soft wheat,gdd,0.00026490390406432
HadGEM3-GC3-1LL,-8.5,-8.3848,12,RO,Soft wheat,gdd,-0.000297475315382806
HadGEM3-GC3-1LL,-7.5,-7.5599,19,RO,Soft wheat,gdd,-0.000268971602069691
HadGEM3-GC3-1LL,-6.5,-6.5442,24,RO,Soft wheat,gdd,-0.000293921661728682
HadGEM3-GC3-1LL,-5.5,-5.5797,10,RO,Soft wheat,gdd,-9.62635407029716e-05
HadGEM3-GC3-1LL,-4.5,-4.5263,6,RO,Soft wheat,gdd,-0.000293556394729193
HadGEM3-GC3-1LL,-3.5,-3.7835,7,RO,Soft wheat,gdd,-0.000407956043971843
HadGEM3-GC3-1LL,-2.5,-2.4504,6,RO,Soft wheat,gdd,-0.00034834773490119
HadGEM3-GC3-1LL,-1.5,-1.3098,8,RO,Soft wheat,gdd,-0.000135011453757503
HadGEM3-GC3-1LL,-0.5,-0.331,6,RO,Soft wheat,gdd,-5.33556026384307e-05
HadGEM3-GC3-1MM,-14.5,-14.3032,4,RO,Soft wheat,gdd,-0.000528547724469089
HadGEM3-GC3-1MM,-13.5,-13.3931,8,RO,Soft wheat,gdd,-0.000462842242796932
HadGEM3-GC3-1MM,-12.5,-12.588,13,RO,Soft wheat,gdd,-0.00071372740905501
HadGEM3-GC3-1MM,-11.5,-11.5321,21,RO,Soft wheat,gdd,-0.000455279105373126
HadGEM3-GC3-1MM,-10.5,-10.4803,10,RO,Soft wheat,gdd,-0.000714203807242084
HadGEM3-GC3-1MM,-9.5,-9.6161,7,RO,Soft wheat,gdd,-0.000139429803634198
HadGEM3-GC3-1MM,-8.5,-8.6582,7,RO,Soft wheat,gdd,-0.000199574659832005
HadGEM3-GC3-1MM,-7.5,-7.6345,8,RO,Soft wheat,gdd,-0.00039134126444493
HadGEM3-GC3-1MM,-6.5,-6.4299,4,RO,Soft wheat,gdd,-0.000419877863157066
HadGEM3-GC3-1MM,-5.5,-5.3528,4,RO,Soft wheat,gdd,-0.000213329700912714
HadGEM3-GC3-1MM,-4.5,-4.3969,4,RO,Soft wheat,gdd,-0.000149435166497513
IPSL-CM6A-LR,-9.5,-9.3401,5,RO,Soft wheat,gdd,-0.000532425800498216
IPSL-CM6A-LR,-8.5,-8.4598,8,RO,Soft wheat,gdd,-0.000262845205502279
IPSL-CM6A-LR,-7.5,-7.5255,19,RO,Soft wheat,gdd,-0.000288001558187316
IPSL-CM6A-LR,-6.5,-6.5577,11,RO,Soft wheat,gdd,-0.000527125025610732
IPSL-CM6A-LR,-5.5,-5.5623,13,RO,Soft wheat,gdd,-0.000263417265356009
IPSL-CM6A-LR,-4.5,-4.3507,11,RO,Soft wheat,gdd,-0.000131926212468207
IPSL-CM6A-LR,-3.5,-3.4644,8,RO,Soft wheat,gdd,-0.000281147505019411
IPSL-CM6A-LR,-2.5,-2.5669,9,RO,Soft wheat,gdd,-0.000297504878335179
IPSL-CM6A-LR,-1.5,-1.2909,6,RO,Soft wheat,gdd,-8.44224030788378e-05
IPSL-CM6A-LR,-0.5,-0.6347,8,RO,Soft wheat,gdd,9.61317131257062e-05
EC-Earth3,-9.5,-9.1554,4,SE,Soft wheat,gdd,-0.000676857011467314
EC-Earth3,-8.5,-8.4726,15,SE,Soft wheat,gdd,-0.000329683004091983
EC-Earth3,-7.5,-7.5562,20,SE,Soft wheat,gdd,-0.00063510628466189
EC-Earth3,-6.5,-6.4767,21,SE,Soft wheat,gdd,-0.000428660216115204
EC-Earth3,-5.5,-5.3342,8,SE,Soft wheat,gdd,-0.000367565742842196
EC-Earth3,-4.5,-4.5495,8,SE,Soft wheat,gdd,-0.000673767460504803
EC-Earth3,-3.5,-3.3459,9,SE,Soft wheat,gdd,-0.000460709394563844
EC-Earth3,-2.5,-2.4493,5,SE,Soft wheat,gdd,-0.0005244033768628
EC-Earth3,-1.5,-1.3807,6,SE,Soft wheat,gdd,-0.000252996230668073
EC-Earth3,-0.5,-0.6596,3,SE,Soft wheat,gdd,-8.88828190391361e-05
HadGEM3-GC3-1LL,-8.5,-8.3848,12,SE,Soft wheat,gdd,-0.0006926118884581
HadGEM3-GC3-1LL,-7.5,-7.5599,19,SE,Soft wheat,gdd,-0.000574802985180173
HadGEM3-GC3-1LL,-6.5,-6.5442,24,SE,Soft wheat,gdd,-0.000660956323676541
HadGEM3-GC3-1LL,-5.5,-5.5797,10,SE,Soft wheat,gdd,-0.000482061235503995
HadGEM3-GC3-1LL,-4.5,-4.5263,6,SE,Soft wheat,gdd,-0.000310899357199357
HadGEM3-GC3-1LL,-3.5,-3.7835,7,SE,Soft wheat,gdd,-0.000601411152393566
HadGEM3-GC3-1LL,-2.5,-2.4504,6,SE,Soft wheat,gdd,-0.000476037709470319
HadGEM3-GC3-1LL,-1.5,-1.3098,8,SE,Soft wheat,gdd,-0.000198510047497723
HadGEM3-GC3-1LL,-0.5,-0.331,6,SE,Soft wheat,gdd,-0.000189074795404629
HadGEM3-GC3-1MM,-14.5,-14.3032,4,SE,Soft wheat,gdd,0.0571518698330434
HadGEM3-GC3-1MM,-13.5,-13.3931,8,SE,Soft wheat,gdd,0.0620592465928456
HadGEM3-GC3-1MM,-12.5,-12.588,13,SE,Soft wheat,gdd,0.0578655730487861
HadGEM3-GC3-1MM,-11.5,-11.5321,21,SE,Soft wheat,gdd,0.0439452794095677
HadGEM3-GC3-1MM,-10.5,-10.4803,10,SE,Soft wheat,gdd,0.0363242056157529
HadGEM3-GC3-1MM,-9.5,-9.6161,7,SE,Soft wheat,gdd,0.00404892513320983
HadGEM3-GC3-1MM,-8.5,-8.6582,7,SE,Soft wheat,gdd,0.00397829907924597
HadGEM3-GC3-1MM,-7.5,-7.6345,8,SE,Soft wheat,gdd,0.00154146137053078
HadGEM3-GC3-1MM,-6.5,-6.4299,4,SE,Soft wheat,gdd,-0.000371606903092474
HadGEM3-GC3-1MM,-5.5,-5.3528,4,SE,Soft wheat,gdd,-0.00047720155812151
HadGEM3-GC3-1MM,-4.5,-4.3969,4,SE,Soft wheat,gdd,-0.000270765807411037
IPSL-CM6A-LR,-9.5,-9.3401,5,SE,Soft wheat,gdd,0.00340948515938556
IPSL-CM6A-LR,-8.5,-8.4598,8,SE,Soft wheat,gdd,0.0105876791996319
IPSL-CM6A-LR,-7.5,-7.5255,19,SE,Soft wheat,gdd,0.00190397240960027
IPSL-CM6A-LR,-6.5,-6.5577,11,SE,Soft wheat,gdd,0.00337320397620589
IPSL-CM6A-LR,-5.5,-5.5623,13,SE,Soft wheat,gdd,-0.000684168149218463
IPSL-CM6A-LR,-4.5,-4.3507,11,SE,Soft wheat,gdd,-0.000434605116285242
IPSL-CM6A-LR,-3.5,-3.4644,8,SE,Soft wheat,gdd,-0.000708360766434188
IPSL-CM6A-LR,-2.5,-2.5669,9,SE,Soft wheat,gdd,-0.000298965875521352
IPSL-CM6A-LR,-1.5,-1.2909,6,SE,Soft wheat,gdd,-0.000405205659808705
IPSL-CM6A-LR,-0.5,-0.6347,8,SE,Soft wheat,gdd,-0.000157747704684415
EC-Earth3,-9.5,-9.1554,4,SK,Soft wheat,gdd,-0.000425466547727314
EC-Earth3,-8.5,-8.4726,15,SK,Soft wheat,gdd,-0.000279428692735443
EC-Earth3,-7.5,-7.5562,20,SK,Soft wheat,gdd,-0.000407520307779119
EC-Earth3,-6.5,-6.4767,21,SK,Soft wheat,gdd,-4.24899125813298e-06
EC-Earth3,-5.5,-5.3342,8,SK,Soft wheat,gdd,0.000195214214145916
EC-Earth3,-4.5,-4.5495,8,SK,Soft wheat,gdd,0.000103343333244261
EC-Earth3,-3.5,-3.3459,9,SK,Soft wheat,gdd,-6.34088475385182e-05
EC-Earth3,-2.5,-2.4493,5,SK,Soft wheat,gdd,3.24245837558886e-05
EC-Earth3,-1.5,-1.3807,6,SK,Soft wheat,gdd,-4.67516686819563e-05
EC-Earth3,-0.5,-0.6596,3,SK,Soft wheat,gdd,0.000395165248497862
HadGEM3-GC3-1LL,-8.5,-8.3848,12,SK,Soft wheat,gdd,-0.000170261656871448
HadGEM3-GC3-1LL,-7.5,-7.5599,19,SK,Soft wheat,gdd,-3.56141377596218e-06
HadGEM3-GC3-1LL,-6.5,-6.5442,24,SK,Soft wheat,gdd,-0.000107168237492836
HadGEM3-GC3-1LL,-5.5,-5.5797,10,SK,Soft wheat,gdd,-0.000128364211669875
HadGEM3-GC3-1LL,-4.5,-4.5263,6,SK,Soft wheat,gdd,-0.000158079347668461
HadGEM3-GC3-1LL,-3.5,-3.7835,7,SK,Soft wheat,gdd,-2.3576498576813e-05
HadGEM3-GC3-1LL,-2.5,-2.4504,6,SK,Soft wheat,gdd,7.01152248316297e-05
HadGEM3-GC3-1LL,-1.5,-1.3098,8,SK,Soft wheat,gdd,3.63808442734272e-05
HadGEM3-GC3-1LL,-0.5,-0.331,6,SK,Soft wheat,gdd,-5.96702955390367e-05
HadGEM3-GC3-1MM,-14.5,-14.3032,4,SK,Soft wheat,gdd,-0.000364537575724304
HadGEM3-GC3-1MM,-13.5,-13.3931,8,SK,Soft wheat,gdd,-0.000278123570730686
HadGEM3-GC3-1MM,-12.5,-12.588,13,SK,Soft wheat,gdd,-0.000223162929987243
HadGEM3-GC3-1MM,-11.5,-11.5321,21,SK,Soft wheat,gdd,-0.000588382412287113
HadGEM3-GC3-1MM,-10.5,-10.4803,10,SK,Soft wheat,gdd,-6.86045238375077e-06
HadGEM3-GC3-1MM,-9.5,-9.6161,7,SK,Soft wheat,gdd,-0.000203271670557439
HadGEM3-GC3-1MM,-8.5,-8.6582,7,SK,Soft wheat,gdd,-0.00023719119721945
HadGEM3-GC3-1MM,-7.5,-7.6345,8,SK,Soft wheat,gdd,-0.000387517676936567
HadGEM3-GC3-1MM,-6.5,-6.4299,4,SK,Soft wheat,gdd,-5.33857454447382e-05
HadGEM3-GC3-1MM,-5.5,-5.3528,4,SK,Soft wheat,gdd,-5.47788273990976e-05
HadGEM3-GC3-1MM,-4.5,-4.3969,4,SK,Soft wheat,gdd,9.47272744644559e-06
IPSL-CM6A-LR,-9.5,-9.3401,5,SK,Soft wheat,gdd,-0.000289951850630165
IPSL-CM6A-LR,-8.5,-8.4598,8,SK,Soft wheat,gdd,-0.000259026879687012
IPSL-CM6A-LR,-7.5,-7.5255,19,SK,Soft wheat,gdd,-3.84789334140533e-05
IPSL-CM6A-LR,-6.5,-6.5577,11,SK,Soft wheat,gdd,-0.000160333845155371
IPSL-CM6A-LR,-5.5,-5.5623,13,SK,Soft wheat,gdd,-5.97617945498871e-05
IPSL-CM6A-LR,-4.5,-4.3507,11,SK,Soft wheat,gdd,-0.000147424918427728
IPSL-CM6A-LR,-3.5,-3.4644,8,SK,Soft wheat,gdd,-3.92878759747448e-05
IPSL-CM6A-LR,-2.5,-2.5669,9,SK,Soft wheat,gdd,0.00022542233971726
IPSL-CM6A-LR,-1.5,-1.2909,6,SK,Soft wheat,gdd,-4.10391345045501e-05
IPSL-CM6A-LR,-0.5,-0.6347,8,SK,Soft wheat,gdd,4.23966940480252e-05
EC-Earth3,-9.5,-9.1554,4,EL,Durum wheat,gdd,-0.000499862275405149
EC-Earth3,-8.5,-8.4726,15,EL,Durum wheat,gdd,-0.000520992206050513
EC-Earth3,-7.5,-7.5562,20,EL,Durum wheat,gdd,-0.0010469234032606
EC-Earth3,-6.5,-6.4767,21,EL,Durum wheat,gdd,-0.000618897499941285
EC-Earth3,-5.5,-5.3342,8,EL,Durum wheat,gdd,-0.000684215828528397
EC-Earth3,-4.5,-4.5495,8,EL,Durum wheat,gdd,-0.000622746297482946
EC-Earth3,-3.5,-3.3459,9,EL,Durum wheat,gdd,-0.000725932892453753
EC-Earth3,-2.5,-2.4493,5,EL,Durum wheat,gdd,-0.00102605532313307
EC-Earth3,-1.5,-1.3807,6,EL,Durum wheat,gdd,-0.000873296625286293
EC-Earth3,-0.5,-0.6596,3,EL,Durum wheat,gdd,6.45572130134757e-05
HadGEM3-GC3-1LL,-8.5,-8.3848,12,EL,Durum wheat,gdd,-0.00124776276831384
HadGEM3-GC3-1LL,-7.5,-7.5599,19,EL,Durum wheat,gdd,-0.000375173280245364
HadGEM3-GC3-1LL,-6.5,-6.5442,24,EL,Durum wheat,gdd,-0.000512433553355828
HadGEM3-GC3-1LL,-5.5,-5.5797,10,EL,Durum wheat,gdd,-0.000878788610225148
HadGEM3-GC3-1LL,-4.5,-4.5263,6,EL,Durum wheat,gdd,-0.000374675709580266
HadGEM3-GC3-1LL,-3.5,-3.7835,7,EL,Durum wheat,gdd,-0.000830384149912552
HadGEM3-GC3-1LL,-2.5,-2.4504,6,EL,Durum wheat,gdd,-0.000935874335155738
HadGEM3-GC3-1LL,-1.5,-1.3098,8,EL,Durum wheat,gdd,-0.000390454723221086
HadGEM3-GC3-1LL,-0.5,-0.331,6,EL,Durum wheat,gdd,-0.00011913437679925
HadGEM3-GC3-1MM,-14.5,-14.3032,4,EL,Durum wheat,gdd,-0.0019720595821661
HadGEM3-GC3-1MM,-13.5,-13.3931,8,EL,Durum wheat,gdd,-0.00137707083895452
HadGEM3-GC3-1MM,-12.5,-12.588,13,EL,Durum wheat,gdd,-0.00199396137038076
HadGEM3-GC3-1MM,-11.5,-11.5321,21,EL,Durum wheat,gdd,-0.00189995730935078
HadGEM3-GC3-1MM,-10.5,-10.4803,10,EL,Durum wheat,gdd,-0.00129411129695721
HadGEM3-GC3-1MM,-9.5,-9.6161,7,EL,Durum wheat,gdd,-0.00103937058063937
HadGEM3-GC3-1MM,-8.5,-8.6582,7,EL,Durum wheat,gdd,-0.000670557034583059
HadGEM3-GC3-1MM,-7.5,-7.6345,8,EL,Durum wheat,gdd,-0.000707028437449595
HadGEM3-GC3-1MM,-6.5,-6.4299,4,EL,Durum wheat,gdd,-0.00135115933402502
HadGEM3-GC3-1MM,-5.5,-5.3528,4,EL,Durum wheat,gdd,-0.000248091762835203
HadGEM3-GC3-1MM,-4.5,-4.3969,4,EL,Durum wheat,gdd,-0.000725041538778899
IPSL-CM6A-LR,-9.5,-9.3401,5,EL,Durum wheat,gdd,-0.00135143122822949
IPSL-CM6A-LR,-8.5,-8.4598,8,EL,Durum wheat,gdd,-0.00129486190700957
IPSL-CM6A-LR,-7.5,-7.5255,19,EL,Durum wheat,gdd,-0.000542465738813917
IPSL-CM6A-LR,-6.5,-6.5577,11,EL,Durum wheat,gdd,-0.000879947140424664
IPSL-CM6A-LR,-5.5,-5.5623,13,EL,Durum wheat,gdd,-0.00104590305941312
IPSL-CM6A-LR,-4.5,-4.3507,11,EL,Durum wheat,gdd,-0.000738591872333898
IPSL-CM6A-LR,-3.5,-3.4644,8,EL,Durum wheat,gdd,-0.000700601413296206
IPSL-CM6A-LR,-2.5,-2.5669,9,EL,Durum wheat,gdd,-0.000353352217574778
IPSL-CM6A-LR,-1.5,-1.2909,6,EL,Durum wheat,gdd,-0.000487025011493129
IPSL-CM6A-LR,-0.5,-0.6347,8,EL,Durum wheat,gdd,-1.55986835570588e-05
EC-Earth3,-9.5,-9.1554,4,ES,Durum wheat,gdd,-0.00155282460781412
EC-Earth3,-8.5,-8.4726,15,ES,Durum wheat,gdd,-0.00103551606640782
EC-Earth3,-7.5,-7.5562,20,ES,Durum wheat,gdd,-0.000687788116619087
EC-Earth3,-6.5,-6.4767,21,ES,Durum wheat,gdd,0.000642510507529208
EC-Earth3,-5.5,-5.3342,8,ES,Durum wheat,gdd,-0.00191109984625007
EC-Earth3,-4.5,-4.5495,8,ES,Durum wheat,gdd,-0.00154522204264375
EC-Earth3,-3.5,-3.3459,9,ES,Durum wheat,gdd,-0.000285775221495617
EC-Earth3,-2.5,-2.4493,5,ES,Durum wheat,gdd,-0.00103911181309066
EC-Earth3,-1.5,-1.3807,6,ES,Durum wheat,gdd,-0.000118362321562811
EC-Earth3,-0.5,-0.6596,3,ES,Durum wheat,gdd,-0.000210988264869994
HadGEM3-GC3-1LL,-8.5,-8.3848,12,ES,Durum wheat,gdd,-0.00088709982308373
HadGEM3-GC3-1LL,-7.5,-7.5599,19,ES,Durum wheat,gdd,-0.000762473894011514
HadGEM3-GC3-1LL,-6.5,-6.5442,24,ES,Durum wheat,gdd,-0.000610494930350356
HadGEM3-GC3-1LL,-5.5,-5.5797,10,ES,Durum wheat,gdd,-0.000826829569222617
HadGEM3-GC3-1LL,-4.5,-4.5263,6,ES,Durum wheat,gdd,-0.00147155635507721
HadGEM3-GC3-1LL,-3.5,-3.7835,7,ES,Durum wheat,gdd,-0.000327088922312421
HadGEM3-GC3-1LL,-2.5,-2.4504,6,ES,Durum wheat,gdd,-0.000336689478204396
HadGEM3-GC3-1LL,-1.5,-1.3098,8,ES,Durum wheat,gdd,-0.000664524382046911
HadGEM3-GC3-1LL,-0.5,-0.331,6,ES,Durum wheat,gdd,0.000260440531854216
HadGEM3-GC3-1MM,-14.5,-14.3032,4,ES,Durum wheat,gdd,-0.00264560975993592
HadGEM3-GC3-1MM,-13.5,-13.3931,8,ES,Durum wheat,gdd,-0.00302189474670393
HadGEM3-GC3-1MM,-12.5,-12.588,13,ES,Durum wheat,gdd,-0.00332168204783855
HadGEM3-GC3-1MM,-11.5,-11.5321,21,ES,Durum wheat,gdd,-0.00226744743679725
HadGEM3-GC3-1MM,-10.5,-10.4803,10,ES,Durum wheat,gdd,-0.00245908721353284
HadGEM3-GC3-1MM,-9.5,-9.6161,7,ES,Durum wheat,gdd,-0.000597312352351784
HadGEM3-GC3-1MM,-8.5,-8.6582,7,ES,Durum wheat,gdd,-0.00205107313495903
HadGEM3-GC3-1MM,-7.5,-7.6345,8,ES,Durum wheat,gdd,-0.00143042272995289
HadGEM3-GC3-1MM,-6.5,-6.4299,4,ES,Durum wheat,gdd,-0.000853150180706536
HadGEM3-GC3-1MM,-5.5,-5.3528,4,ES,Durum wheat,gdd,-0.000995299018966646
HadGEM3-GC3-1MM,-4.5,-4.3969,4,ES,Durum wheat,gdd,-0.00125387506420498
IPSL-CM6A-LR,-9.5,-9.3401,5,ES,Durum wheat,gdd,-0.00288854877762395
IPSL-CM6A-LR,-8.5,-8.4598,8,ES,Durum wheat,gdd,-0.00146111010541995
IPSL-CM6A-LR,-7.5,-7.5255,19,ES,Durum wheat,gdd,-0.00132072972164311
IPSL-CM6A-LR,-6.5,-6.5577,11,ES,Durum wheat,gdd,-0.00151212484952029
IPSL-CM6A-LR,-5.5,-5.5623,13,ES,Durum wheat,gdd,-0.00114652668524305
IPSL-CM6A-LR,-4.5,-4.3507,11,ES,Durum wheat,gdd,-0.000820151681985518
IPSL-CM6A-LR,-3.5,-3.4644,8,ES,Durum wheat,gdd,-0.000701426618754768
IPSL-CM6A-LR,-2.5,-2.5669,9,ES,Durum wheat,gdd,-0.00114980167397882
IPSL-CM6A-LR,-1.5,-1.2909,6,ES,Durum wheat,gdd,-3.81435841746014e-05
IPSL-CM6A-LR,-0.5,-0.6347,8,ES,Durum wheat,gdd,-0.000616731692157233
EC-Earth3,-9.5,-9.1554,4,FR,Durum wheat,gdd,-0.000682671533107454
EC-Earth3,-8.5,-8.4726,15,FR,Durum wheat,gdd,-0.00168454776627702
EC-Earth3,-7.5,-7.5562,20,FR,Durum wheat,gdd,-0.00115703172892549
EC-Earth3,-6.5,-6.4767,21,FR,Durum wheat,gdd,-0.000806107477387978
EC-Earth3,-5.5,-5.3342,8,FR,Durum wheat,gdd,-0.0009205239562755
EC-Earth3,-4.5,-4.5495,8,FR,Durum wheat,gdd,-0.000903939061338635
EC-Earth3,-3.5,-3.3459,9,FR,Durum wheat,gdd,-0.000262847479160276
EC-Earth3,-2.5,-2.4493,5,FR,Durum wheat,gdd,-0.00104081516012868
EC-Earth3,-1.5,-1.3807,6,FR,Durum wheat,gdd,-0.000753098033018537
EC-Earth3,-0.5,-0.6596,3,FR,Durum wheat,gdd,0.000708723519576346
HadGEM3-GC3-1LL,-8.5,-8.3848,12,FR,Durum wheat,gdd,-0.00122825437948267
HadGEM3-GC3-1LL,-7.5,-7.5599,19,FR,Durum wheat,gdd,-0.0012425678791823
HadGEM3-GC3-1LL,-6.5,-6.5442,24,FR,Durum wheat,gdd,-0.000857335162370731
HadGEM3-GC3-1LL,-5.5,-5.5797,10,FR,Durum wheat,gdd,-0.00047377202430023
HadGEM3-GC3-1LL,-4.5,-4.5263,6,FR,Durum wheat,gdd,-0.000576420262227051
HadGEM3-GC3-1LL,-3.5,-3.7835,7,FR,Durum wheat,gdd,-0.000959162911331064
HadGEM3-GC3-1LL,-2.5,-2.4504,6,FR,Durum wheat,gdd,1.43711157186305e-05
HadGEM3-GC3-1LL,-1.5,-1.3098,8,FR,Durum wheat,gdd,-1.62113759832864e-05
HadGEM3-GC3-1LL,-0.5,-0.331,6,FR,Durum wheat,gdd,-0.000496537012163485
HadGEM3-GC3-1MM,-14.5,-14.3032,4,FR,Durum wheat,gdd,0.0267488610481113
HadGEM3-GC3-1MM,-13.5,-13.3931,8,FR,Durum wheat,gdd,0.0258248721883825
HadGEM3-GC3-1MM,-12.5,-12.588,13,FR,Durum wheat,gdd,0.00540655051277862
HadGEM3-GC3-1MM,-11.5,-11.5321,21,FR,Durum wheat,gdd,0.00286532055325435
HadGEM3-GC3-1MM,-10.5,-10.4803,10,FR,Durum wheat,gdd,-0.00223019709871298
HadGEM3-GC3-1MM,-9.5,-9.6161,7,FR,Durum wheat,gdd,-0.00203919462797269
HadGEM3-GC3-1MM,-8.5,-8.6582,7,FR,Durum wheat,gdd,-0.00196083605147742
HadGEM3-GC3-1MM,-7.5,-7.6345,8,FR,Durum wheat,gdd,-0.00163131758222553
HadGEM3-GC3-1MM,-6.5,-6.4299,4,FR,Durum wheat,gdd,-0.000647541491364837
HadGEM3-GC3-1MM,-5.5,-5.3528,4,FR,Durum wheat,gdd,-0.000745918958545254
HadGEM3-GC3-1MM,-4.5,-4.3969,4,FR,Durum wheat,gdd,-0.000469700619059662
IPSL-CM6A-LR,-9.5,-9.3401,5,FR,Durum wheat,gdd,-0.00259304191864672
IPSL-CM6A-LR,-8.5,-8.4598,8,FR,Durum wheat,gdd,-0.00218131728369595
IPSL-CM6A-LR,-7.5,-7.5255,19,FR,Durum wheat,gdd,-0.0013014554163176
IPSL-CM6A-LR,-6.5,-6.5577,11,FR,Durum wheat,gdd,-0.00156400546987918
IPSL-CM6A-LR,-5.5,-5.5623,13,FR,Durum wheat,gdd,-0.000571190432463316
IPSL-CM6A-LR,-4.5,-4.3507,11,FR,Durum wheat,gdd,-0.000420742324850568
IPSL-CM6A-LR,-3.5,-3.4644,8,FR,Durum wheat,gdd,-0.00132724740235663
IPSL-CM6A-LR,-2.5,-2.5669,9,FR,Durum wheat,gdd,-0.000385027711447975
IPSL-CM6A-LR,-1.5,-1.2909,6,FR,Durum wheat,gdd,5.56139801329487e-05
IPSL-CM6A-LR,-0.5,-0.6347,8,FR,Durum wheat,gdd,9.23350654155881e-05
EC-Earth3,-9.5,-9.1554,4,HU,Durum wheat,gdd,-0.00133163932172011
EC-Earth3,-8.5,-8.4726,15,HU,Durum wheat,gdd,-0.00125368280778661
EC-Earth3,-7.5,-7.5562,20,HU,Durum wheat,gdd,-0.00143252917659964
EC-Earth3,-6.5,-6.4767,21,HU,Durum wheat,gdd,-0.000489033134026412
EC-Earth3,-5.5,-5.3342,8,HU,Durum wheat,gdd,0.000338097274082948
EC-Earth3,-4.5,-4.5495,8,HU,Durum wheat,gdd,-0.000410047811933013
EC-Earth3,-3.5,-3.3459,9,HU,Durum wheat,gdd,-6.93473729358311e-05
EC-Earth3,-2.5,-2.4493,5,HU,Durum wheat,gdd,-0.00041315012058901
EC-Earth3,-1.5,-1.3807,6,HU,Durum wheat,gdd,-0.000583821149344851
EC-Earth3,-0.5,-0.6596,3,HU,Durum wheat,gdd,0.00159330816928323
HadGEM3-GC3-1LL,-8.5,-8.3848,12,HU,Durum wheat,gdd,-0.00125110113413974
HadGEM3-GC3-1LL,-7.5,-7.5599,19,HU,Durum wheat,gdd,-0.000515693776409096
HadGEM3-GC3-1LL,-6.5,-6.5442,24,HU,Durum wheat,gdd,-0.000946379597988071
HadGEM3-GC3-1LL,-5.5,-5.5797,10,HU,Durum wheat,gdd,-0.000423760568660225
HadGEM3-GC3-1LL,-4.5,-4.5263,6,HU,Durum wheat,gdd,-0.000540231072712785
HadGEM3-GC3-1LL,-3.5,-3.7835,7,HU,Durum wheat,gdd,-0.000769421807000212
HadGEM3-GC3-1LL,-2.5,-2.4504,6,HU,Durum wheat,gdd,-1.41844091738158e-05
HadGEM3-GC3-1LL,-1.5,-1.3098,8,HU,Durum wheat,gdd,-0.000683961694849469
HadGEM3-GC3-1LL,-0.5,-0.331,6,HU,Durum wheat,gdd,-0.00093357917929744
HadGEM3-GC3-1MM,-14.5,-14.3032,4,HU,Durum wheat,gdd,-0.00157740904492346
HadGEM3-GC3-1MM,-13.5,-13.3931,8,HU,Durum wheat,gdd,-0.00130504591043141
HadGEM3-GC3-1MM,-12.5,-12.588,13,HU,Durum wheat,gdd,-0.00242726163060363
HadGEM3-GC3-1MM,-11.5,-11.5321,21,HU,Durum wheat,gdd,-0.00127372116383096
HadGEM3-GC3-1MM,-10.5,-10.4803,10,HU,Durum wheat,gdd,-0.00237912742674637
HadGEM3-GC3-1MM,-9.5,-9.6161,7,HU,Durum wheat,gdd,-0.00076128605733467
HadGEM3-GC3-1MM,-8.5,-8.6582,7,HU,Durum wheat,gdd,-0.00100768764225911
HadGEM3-GC3-1MM,-7.5,-7.6345,8,HU,Durum wheat,gdd,-0.00108352997076405
HadGEM3-GC3-1MM,-6.5,-6.4299,4,HU,Durum wheat,gdd,-0.000184207581041398
HadGEM3-GC3-1MM,-5.5,-5.3528,4,HU,Durum wheat,gdd,-0.000346388017934312
HadGEM3-GC3-1MM,-4.5,-4.3969,4,HU,Durum wheat,gdd,-0.000505260152622493
IPSL-CM6A-LR,-9.5,-9.3401,5,HU,Durum wheat,gdd,-0.000759959701796873
IPSL-CM6A-LR,-8.5,-8.4598,8,HU,Durum wheat,gdd,-0.00105762674058241
IPSL-CM6A-LR,-7.5,-7.5255,19,HU,Durum wheat,gdd,-0.000904201896871776
IPSL-CM6A-LR,-6.5,-6.5577,11,HU,Durum wheat,gdd,-0.000725693856785327
IPSL-CM6A-LR,-5.5,-5.5623,13,HU,Durum wheat,gdd,-0.000175229271490689
IPSL-CM6A-LR,-4.5,-4.3507,11,HU,Durum wheat,gdd,0.000224651095321725
IPSL-CM6A-LR,-3.5,-3.4644,8,HU,Durum wheat,gdd,-0.000468000985654193
IPSL-CM6A-LR,-2.5,-2.5669,9,HU,Durum wheat,gdd,-0.000178679949556302
IPSL-CM6A-LR,-1.5,-1.2909,6,HU,Durum wheat,gdd,-4.69701652905909e-05
IPSL-CM6A-LR,-0.5,-0.6347,8,HU,Durum wheat,gdd,0.000280283552711712
EC-Earth3,-9.5,-9.1554,4,IT,Durum wheat,gdd,-0.000584321358703548
EC-Earth3,-8.5,-8.4726,15,IT,Durum wheat,gdd,-0.000417387596376607
EC-Earth3,-7.5,-7.5562,20,IT,Durum wheat,gdd,-0.000933559217041176
EC-Earth3,-6.5,-6.4767,21,IT,Durum wheat,gdd,-0.000502680272213718
EC-Earth3,-5.5,-5.3342,8,IT,Durum wheat,gdd,0.00019304585466671
EC-Earth3,-4.5,-4.5495,8,IT,Durum wheat,gdd,-0.000635516623952417
EC-Earth3,-3.5,-3.3459,9,IT,Durum wheat,gdd,-0.000133038009261728
EC-Earth3,-2.5,-2.4493,5,IT,Durum wheat,gdd,1.51423918941004e-05
EC-Earth3,-1.5,-1.3807,6,IT,Durum wheat,gdd,-2.62193856805425e-05
EC-Earth3,-0.5,-0.6596,3,IT,Durum wheat,gdd,0.000753152825528523
HadGEM3-GC3-1LL,-8.5,-8.3848,12,IT,Durum wheat,gdd,-0.00107581752931165
HadGEM3-GC3-1LL,-7.5,-7.5599,19,IT,Durum wheat,gdd,-0.000329958263494995
HadGEM3-GC3-1LL,-6.5,-6.5442,24,IT,Durum wheat,gdd,-0.000594864284584372
HadGEM3-GC3-1LL,-5.5,-5.5797,10,IT,Durum wheat,gdd,-8.52446142718787e-05
HadGEM3-GC3-1LL,-4.5,-4.5263,6,IT,Durum wheat,gdd,-0.000322802944159422
HadGEM3-GC3-1LL,-3.5,-3.7835,7,IT,Durum wheat,gdd,-0.000359919835937076
HadGEM3-GC3-1LL,-2.5,-2.4504,6,IT,Durum wheat,gdd,-2.32963379124511e-05
HadGEM3-GC3-1LL,-1.5,-1.3098,8,IT,Durum wheat,gdd,0.000140272744764923
HadGEM3-GC3-1LL,-0.5,-0.331,6,IT,Durum wheat,gdd,0.000287048898719026
HadGEM3-GC3-1MM,-14.5,-14.3032,4,IT,Durum wheat,gdd,-0.00107243234430889
HadGEM3-GC3-1MM,-13.5,-13.3931,8,IT,Durum wheat,gdd,-0.00131336368221401
HadGEM3-GC3-1MM,-12.5,-12.588,13,IT,Durum wheat,gdd,-0.00148808059070531
HadGEM3-GC3-1MM,-11.5,-11.5321,21,IT,Durum wheat,gdd,-0.00184369217422845
HadGEM3-GC3-1MM,-10.5,-10.4803,10,IT,Durum wheat,gdd,-0.00165588473346991
HadGEM3-GC3-1MM,-9.5,-9.6161,7,IT,Durum wheat,gdd,-0.000862398523249543
HadGEM3-GC3-1MM,-8.5,-8.6582,7,IT,Durum wheat,gdd,-0.000634645124397131
HadGEM3-GC3-1MM,-7.5,-7.6345,8,IT,Durum wheat,gdd,-0.000668954960024175
HadGEM3-GC3-1MM,-6.5,-6.4299,4,IT,Durum wheat,gdd,-0.000165329079979265
HadGEM3-GC3-1MM,-5.5,-5.3528,4,IT,Durum wheat,gdd,-0.000305407817709218
HadGEM3-GC3-1MM,-4.5,-4.3969,4,IT,Durum wheat,gdd,-4.43058450182258e-05
IPSL-CM6A-LR,-9.5,-9.3401,5,IT,Durum wheat,gdd,-0.00103628232712993
IPSL-CM6A-LR,-8.5,-8.4598,8,IT,Durum wheat,gdd,-0.00148444950581452
IPSL-CM6A-LR,-7.5,-7.5255,19,IT,Durum wheat,gdd,-0.000323484595153609
IPSL-CM6A-LR,-6.5,-6.5577,11,IT,Durum wheat,gdd,-0.00105720736037502
IPSL-CM6A-LR,-5.5,-5.5623,13,IT,Durum wheat,gdd,-0.000142759607966348
IPSL-CM6A-LR,-4.5,-4.3507,11,IT,Durum wheat,gdd,0.000460873893674456
IPSL-CM6A-LR,-3.5,-3.4644,8,IT,Durum wheat,gdd,-0.000225437236602973
IPSL-CM6A-LR,-2.5,-2.5669,9,IT,Durum wheat,gdd,7.14727352907629e-05
IPSL-CM6A-LR,-1.5,-1.2909,6,IT,Durum wheat,gdd,2.92184927177135e-05
IPSL-CM6A-LR,-0.5,-0.6347,8,IT,Durum wheat,gdd,0.000410282353045228
EC-Earth3,-9.5,-9.1554,4,RO,Durum wheat,gdd,-0.00127326917650065
EC-Earth3,-8.5,-8.4726,15,RO,Durum wheat,gdd,-0.000941124861399753
EC-Earth3,-7.5,-7.5562,20,RO,Durum wheat,gdd,-0.00109129798345909
EC-Earth3,-6.5,-6.4767,21,RO,Durum wheat,gdd,-0.000959466006582372
EC-Earth3,-5.5,-5.3342,8,RO,Durum wheat,gdd,-0.00036316324840555
EC-Earth3,-4.5,-4.5495,8,RO,Durum wheat,gdd,-0.00045386043478906
EC-Earth3,-3.5,-3.3459,9,RO,Durum wheat,gdd,-0.000893641914176391
EC-Earth3,-2.5,-2.4493,5,RO,Durum wheat,gdd,-0.000645720685878121
EC-Earth3,-1.5,-1.3807,6,RO,Durum wheat,gdd,-0.000937511918058168
EC-Earth3,-0.5,-0.6596,3,RO,Durum wheat,gdd,0.000868804447245673
HadGEM3-GC3-1LL,-8.5,-8.3848,12,RO,Durum wheat,gdd,-0.00119063341571405
HadGEM3-GC3-1LL,-7.5,-7.5599,19,RO,Durum wheat,gdd,-0.000619247555627247
HadGEM3-GC3-1LL,-6.5,-6.5442,24,RO,Durum wheat,gdd,-0.000746746161517424
HadGEM3-GC3-1LL,-5.5,-5.5797,10,RO,Durum wheat,gdd,-0.000304248710261821
HadGEM3-GC3-1LL,-4.5,-4.5263,6,RO,Durum wheat,gdd,-0.000907577746594714
HadGEM3-GC3-1LL,-3.5,-3.7835,7,RO,Durum wheat,gdd,-0.00143950914960918
HadGEM3-GC3-1LL,-2.5,-2.4504,6,RO,Durum wheat,gdd,-0.00108007870652978
HadGEM3-GC3-1LL,-1.5,-1.3098,8,RO,Durum wheat,gdd,-0.00053266025965745
HadGEM3-GC3-1LL,-0.5,-0.331,6,RO,Durum wheat,gdd,-0.000516389851848074
HadGEM3-GC3-1MM,-14.5,-14.3032,4,RO,Durum wheat,gdd,-0.0015326013016546
HadGEM3-GC3-1MM,-13.5,-13.3931,8,RO,Durum wheat,gdd,-0.00144833051670545
HadGEM3-GC3-1MM,-12.5,-12.588,13,RO,Durum wheat,gdd,-0.00231105726637002
HadGEM3-GC3-1MM,-11.5,-11.5321,21,RO,Durum wheat,gdd,-0.00146657629395536
HadGEM3-GC3-1MM,-10.5,-10.4803,10,RO,Durum wheat,gdd,-0.00234417083109092
HadGEM3-GC3-1MM,-9.5,-9.6161,7,RO,Durum wheat,gdd,-0.000482110341886938
HadGEM3-GC3-1MM,-8.5,-8.6582,7,RO,Durum wheat,gdd,-0.000960301904042026
HadGEM3-GC3-1MM,-7.5,-7.6345,8,RO,Durum wheat,gdd,-0.00145464919994332
HadGEM3-GC3-1MM,-6.5,-6.4299,4,RO,Durum wheat,gdd,-0.00129008665547973
HadGEM3-GC3-1MM,-5.5,-5.3528,4,RO,Durum wheat,gdd,-0.000442582164867538
HadGEM3-GC3-1MM,-4.5,-4.3969,4,RO,Durum wheat,gdd,-0.000438573935245275
IPSL-CM6A-LR,-9.5,-9.3401,5,RO,Durum wheat,gdd,-0.00188957975685229
IPSL-CM6A-LR,-8.5,-8.4598,8,RO,Durum wheat,gdd,-0.00113672356035078
IPSL-CM6A-LR,-7.5,-7.5255,19,RO,Durum wheat,gdd,-0.000842883536261566
IPSL-CM6A-LR,-6.5,-6.5577,11,RO,Durum wheat,gdd,-0.00182915824738131
IPSL-CM6A-LR,-5.5,-5.5623,13,RO,Durum wheat,gdd,-0.00109168715252209
IPSL-CM6A-LR,-4.5,-4.3507,11,RO,Durum wheat,gdd,-0.000391615569893375
IPSL-CM6A-LR,-3.5,-3.4644,8,RO,Durum wheat,gdd,-0.000849795902894904
IPSL-CM6A-LR,-2.5,-2.5669,9,RO,Durum wheat,gdd,-0.000890146131891991
IPSL-CM6A-LR,-1.5,-1.2909,6,RO,Durum wheat,gdd,-0.000602333423993784
IPSL-CM6A-LR,-0.5,-0.6347,8,RO,Durum wheat,gdd,0.00044480242442766
EC-Earth3,-9.5,-9.1554,4,SK,Durum wheat,gdd,-0.000954386685216613
EC-Earth3,-8.5,-8.4726,15,SK,Durum wheat,gdd,-0.000792098213658193
EC-Earth3,-7.5,-7.5562,20,SK,Durum wheat,gdd,-0.000763903070595704
EC-Earth3,-6.5,-6.4767,21,SK,Durum wheat,gdd,0.000163864977264829
EC-Earth3,-5.5,-5.3342,8,SK,Durum wheat,gdd,0.000521991113147378
EC-Earth3,-4.5,-4.5495,8,SK,Durum wheat,gdd,0.000691798935169636
EC-Earth3,-3.5,-3.3459,9,SK,Durum wheat,gdd,0.000403118391166502
EC-Earth3,-2.5,-2.4493,5,SK,Durum wheat,gdd,0.000442896058953629
EC-Earth3,-1.5,-1.3807,6,SK,Durum wheat,gdd,4.39072621887723e-06
EC-Earth3,-0.5,-0.6596,3,SK,Durum wheat,gdd,0.00139176588592038
HadGEM3-GC3-1LL,-8.5,-8.3848,12,SK,Durum wheat,gdd,-4.93895913294765e-05
HadGEM3-GC3-1LL,-7.5,-7.5599,19,SK,Durum wheat,gdd,5.91013123411038e-05
HadGEM3-GC3-1LL,-6.5,-6.5442,24,SK,Durum wheat,gdd,-0.000264911733103868
HadGEM3-GC3-1LL,-5.5,-5.5797,10,SK,Durum wheat,gdd,-0.000404569983867962
HadGEM3-GC3-1LL,-4.5,-4.5263,6,SK,Durum wheat,gdd,-0.000255764555966588
HadGEM3-GC3-1LL,-3.5,-3.7835,7,SK,Durum wheat,gdd,-0.000247209511311962
HadGEM3-GC3-1LL,-2.5,-2.4504,6,SK,Durum wheat,gdd,0.000132985878719152
HadGEM3-GC3-1LL,-1.5,-1.3098,8,SK,Durum wheat,gdd,0.000332186016666384
HadGEM3-GC3-1LL,-0.5,-0.331,6,SK,Durum wheat,gdd,1.38335155826896e-05
HadGEM3-GC3-1MM,-14.5,-14.3032,4,SK,Durum wheat,gdd,-0.000993031488336943
HadGEM3-GC3-1MM,-13.5,-13.3931,8,SK,Durum wheat,gdd,-0.000804957624949813
HadGEM3-GC3-1MM,-12.5,-12.588,13,SK,Durum wheat,gdd,-0.00193171358657709
HadGEM3-GC3-1MM,-11.5,-11.5321,21,SK,Durum wheat,gdd,-0.00189143301922968
HadGEM3-GC3-1MM,-10.5,-10.4803,10,SK,Durum wheat,gdd,-0.00182380835084412
HadGEM3-GC3-1MM,-9.5,-9.6161,7,SK,Durum wheat,gdd,-0.000479731126025648
HadGEM3-GC3-1MM,-8.5,-8.6582,7,SK,Durum wheat,gdd,-0.000460477766731714
HadGEM3-GC3-1MM,-7.5,-7.6345,8,SK,Durum wheat,gdd,-0.000729326576594349
HadGEM3-GC3-1MM,-6.5,-6.4299,4,SK,Durum wheat,gdd,0.000546143787326497
HadGEM3-GC3-1MM,-5.5,-5.3528,4,SK,Durum wheat,gdd,-0.000355951390632904
HadGEM3-GC3-1MM,-4.5,-4.3969,4,SK,Durum wheat,gdd,0.000359815112284175
IPSL-CM6A-LR,-9.5,-9.3401,5,SK,Durum wheat,gdd,-0.000836695598472696
IPSL-CM6A-LR,-8.5,-8.4598,8,SK,Durum wheat,gdd,-0.000699167419423466
IPSL-CM6A-LR,-7.5,-7.5255,19,SK,Durum wheat,gdd,0.000499723007059392
IPSL-CM6A-LR,-6.5,-6.5577,11,SK,Durum wheat,gdd,-0.000723305664837436
IPSL-CM6A-LR,-5.5,-5.5623,13,SK,Durum wheat,gdd,0.000359315565892653
IPSL-CM6A-LR,-4.5,-4.3507,11,SK,Durum wheat,gdd,-0.000910970665701156
IPSL-CM6A-LR,-3.5,-3.4644,8,SK,Durum wheat,gdd,0.000114344802411442
IPSL-CM6A-LR,-2.5,-2.5669,9,SK,Durum wheat,gdd,0.00105700780847056
IPSL-CM6A-LR,-1.5,-1.2909,6,SK,Durum wheat,gdd,0.000443588397092702
IPSL-CM6A-LR,-0.5,-0.6347,8,SK,Durum wheat,gdd,0.000442419626417853
EC-Earth3,-9.5,-9.1554,4,CZ,Spring barley,gdd,0.000911161356370735
EC-Earth3,-8.5,-8.4726,15,CZ,Spring barley,gdd,0.000715278534777377
EC-Earth3,-7.5,-7.5562,20,CZ,Spring barley,gdd,0.000543248726207228
EC-Earth3,-6.5,-6.4767,21,CZ,Spring barley,gdd,0.000367923333312306
EC-Earth3,-5.5,-5.3342,8,CZ,Spring barley,gdd,0.000396720602555999
EC-Earth3,-4.5,-4.5495,8,CZ,Spring barley,gdd,9.35753231656682e-05
EC-Earth3,-3.5,-3.3459,9,CZ,Spring barley,gdd,0.000118845702134672
EC-Earth3,-2.5,-2.4493,5,CZ,Spring barley,gdd,0.000232694481962323
EC-Earth3,-1.5,-1.3807,6,CZ,Spring barley,gdd,0.000195976809942181
EC-Earth3,-0.5,-0.6596,3,CZ,Spring barley,gdd,-0.000352775595313913
HadGEM3-GC3-1LL,-8.5,-8.3848,12,CZ,Spring barley,gdd,0.000722810080204982
HadGEM3-GC3-1LL,-7.5,-7.5599,19,CZ,Spring barley,gdd,0.000407518899665577
HadGEM3-GC3-1LL,-6.5,-6.5442,24,CZ,Spring barley,gdd,0.000439639261321273
HadGEM3-GC3-1LL,-5.5,-5.5797,10,CZ,Spring barley,gdd,0.000173786849698759
HadGEM3-GC3-1LL,-4.5,-4.5263,6,CZ,Spring barley,gdd,0.000534122957189073
HadGEM3-GC3-1LL,-3.5,-3.7835,7,CZ,Spring barley,gdd,0.000434108548662314
HadGEM3-GC3-1LL,-2.5,-2.4504,6,CZ,Spring barley,gdd,0.000302123417110199
HadGEM3-GC3-1LL,-1.5,-1.3098,8,CZ,Spring barley,gdd,-4.49660409832833e-05
HadGEM3-GC3-1LL,-0.5,-0.331,6,CZ,Spring barley,gdd,5.05849534227435e-05
HadGEM3-GC3-1MM,-14.5,-14.3032,4,CZ,Spring barley,gdd,-0.000322797029448523
HadGEM3-GC3-1MM,-13.5,-13.3931,8,CZ,Spring barley,gdd,-0.00230213322495851
HadGEM3-GC3-1MM,-12.5,-12.588,13,CZ,Spring barley,gdd,-0.00104418031041183
HadGEM3-GC3-1MM,-11.5,-11.5321,21,CZ,Spring barley,gdd,7.46845679967323e-05
HadGEM3-GC3-1MM,-10.5,-10.4803,10,CZ,Spring barley,gdd,-0.00155949203870831
HadGEM3-GC3-1MM,-9.5,-9.6161,7,CZ,Spring barley,gdd,0.000373240372429115
HadGEM3-GC3-1MM,-8.5,-8.6582,7,CZ,Spring barley,gdd,0.000843401614150276
HadGEM3-GC3-1MM,-7.5,-7.6345,8,CZ,Spring barley,gdd,0.00101618268416276
HadGEM3-GC3-1MM,-6.5,-6.4299,4,CZ,Spring barley,gdd,0.000445341755942627
HadGEM3-GC3-1MM,-5.5,-5.3528,4,CZ,Spring barley,gdd,0.000198698691002356
HadGEM3-GC3-1MM,-4.5,-4.3969,4,CZ,Spring barley,gdd,0.000313568383880952
IPSL-CM6A-LR,-9.5,-9.3401,5,CZ,Spring barley,gdd,0.000960436060145641
IPSL-CM6A-LR,-8.5,-8.4598,8,CZ,Spring barley,gdd,0.000924570782692394
IPSL-CM6A-LR,-7.5,-7.5255,19,CZ,Spring barley,gdd,0.00085390205384092
IPSL-CM6A-LR,-6.5,-6.5577,11,CZ,Spring barley,gdd,0.000611056562645964
IPSL-CM6A-LR,-5.5,-5.5623,13,CZ,Spring barley,gdd,0.000372284358924923
IPSL-CM6A-LR,-4.5,-4.3507,11,CZ,Spring barley,gdd,0.000187829762275235
IPSL-CM6A-LR,-3.5,-3.4644,8,CZ,Spring barley,gdd,0.000145243214955558
IPSL-CM6A-LR,-2.5,-2.5669,9,CZ,Spring barley,gdd,0.000350309046289535
IPSL-CM6A-LR,-1.5,-1.2909,6,CZ,Spring barley,gdd,0.000354840234856591
IPSL-CM6A-LR,-0.5,-0.6347,8,CZ,Spring barley,gdd,0.000107425218493483
EC-Earth3,-9.5,-9.1554,4,DE,Spring barley,gdd,0.000918587747631936
EC-Earth3,-8.5,-8.4726,15,DE,Spring barley,gdd,0.00116169059814373
EC-Earth3,-7.5,-7.5562,20,DE,Spring barley,gdd,0.000750841509962252
EC-Earth3,-6.5,-6.4767,21,DE,Spring barley,gdd,0.000503841507191777
EC-Earth3,-5.5,-5.3342,8,DE,Spring barley,gdd,0.000419147321734348
EC-Earth3,-4.5,-4.5495,8,DE,Spring barley,gdd,0.000557905856318536
EC-Earth3,-3.5,-3.3459,9,DE,Spring barley,gdd,0.000312735714964522
EC-Earth3,-2.5,-2.4493,5,DE,Spring barley,gdd,0.00045877394741692
EC-Earth3,-1.5,-1.3807,6,DE,Spring barley,gdd,0.000115420447358099
EC-Earth3,-0.5,-0.6596,3,DE,Spring barley,gdd,-8.08025043239575e-05
HadGEM3-GC3-1LL,-8.5,-8.3848,12,DE,Spring barley,gdd,0.00085885700023417
HadGEM3-GC3-1LL,-7.5,-7.5599,19,DE,Spring barley,gdd,0.000640286407263393
HadGEM3-GC3-1LL,-6.5,-6.5442,24,DE,Spring barley,gdd,0.000616515860573894
HadGEM3-GC3-1LL,-5.5,-5.5797,10,DE,Spring barley,gdd,0.000458336147657638
HadGEM3-GC3-1LL,-4.5,-4.5263,6,DE,Spring barley,gdd,0.000551908960045655
HadGEM3-GC3-1LL,-3.5,-3.7835,7,DE,Spring barley,gdd,0.000654289233315712
HadGEM3-GC3-1LL,-2.5,-2.4504,6,DE,Spring barley,gdd,0.000265294108282851
HadGEM3-GC3-1LL,-1.5,-1.3098,8,DE,Spring barley,gdd,0.000105995358324749
HadGEM3-GC3-1LL,-0.5,-0.331,6,DE,Spring barley,gdd,0.000236129402226413
HadGEM3-GC3-1MM,-14.5,-14.3032,4,DE,Spring barley,gdd,-0.0181463871734403
HadGEM3-GC3-1MM,-13.5,-13.3931,8,DE,Spring barley,gdd,-0.0262026253976802
HadGEM3-GC3-1MM,-12.5,-12.588,13,DE,Spring barley,gdd,-0.0149460799135993
HadGEM3-GC3-1MM,-11.5,-11.5321,21,DE,Spring barley,gdd,-0.00937463594987918
HadGEM3-GC3-1MM,-10.5,-10.4803,10,DE,Spring barley,gdd,-0.00574818553164557
HadGEM3-GC3-1MM,-9.5,-9.6161,7,DE,Spring barley,gdd,0.000717242294263314
HadGEM3-GC3-1MM,-8.5,-8.6582,7,DE,Spring barley,gdd,0.000831345703759674
HadGEM3-GC3-1MM,-7.5,-7.6345,8,DE,Spring barley,gdd,0.000981379665567786
HadGEM3-GC3-1MM,-6.5,-6.4299,4,DE,Spring barley,gdd,0.000509218288941288
HadGEM3-GC3-1MM,-5.5,-5.3528,4,DE,Spring barley,gdd,0.000550158954831628
HadGEM3-GC3-1MM,-4.5,-4.3969,4,DE,Spring barley,gdd,0.000464386671554683
IPSL-CM6A-LR,-9.5,-9.3401,5,DE,Spring barley,gdd,0.000782981162426431
IPSL-CM6A-LR,-8.5,-8.4598,8,DE,Spring barley,gdd,-5.99438133960995e-05
IPSL-CM6A-LR,-7.5,-7.5255,19,DE,Spring barley,gdd,0.000897835266049531
IPSL-CM6A-LR,-6.5,-6.5577,11,DE,Spring barley,gdd,0.000754956884987603
IPSL-CM6A-LR,-5.5,-5.5623,13,DE,Spring barley,gdd,0.000597095836147077
IPSL-CM6A-LR,-4.5,-4.3507,11,DE,Spring barley,gdd,0.000449896048690864
IPSL-CM6A-LR,-3.5,-3.4644,8,DE,Spring barley,gdd,0.000606943935146659
IPSL-CM6A-LR,-2.5,-2.5669,9,DE,Spring barley,gdd,0.000247115685843872
IPSL-CM6A-LR,-1.5,-1.2909,6,DE,Spring barley,gdd,0.000531244196695901
IPSL-CM6A-LR,-0.5,-0.6347,8,DE,Spring barley,gdd,2.4679310239363e-05
EC-Earth3,-9.5,-9.1554,4,DK,Spring barley,gdd,0.000872869625930255
EC-Earth3,-8.5,-8.4726,15,DK,Spring barley,gdd,0.00135259352035949
EC-Earth3,-7.5,-7.5562,20,DK,Spring barley,gdd,0.00102779467902684
EC-Earth3,-6.5,-6.4767,21,DK,Spring barley,gdd,0.000795776592003954
EC-Earth3,-5.5,-5.3342,8,DK,Spring barley,gdd,0.000411700109255044
EC-Earth3,-4.5,-4.5495,8,DK,Spring barley,gdd,0.0011204449091067
EC-Earth3,-3.5,-3.3459,9,DK,Spring barley,gdd,0.000631091277623942
EC-Earth3,-2.5,-2.4493,5,DK,Spring barley,gdd,0.000642340119340764
EC-Earth3,-1.5,-1.3807,6,DK,Spring barley,gdd,0.000435182832156129
EC-Earth3,-0.5,-0.6596,3,DK,Spring barley,gdd,1.76865015240059e-05
HadGEM3-GC3-1LL,-8.5,-8.3848,12,DK,Spring barley,gdd,0.00115923042948502
HadGEM3-GC3-1LL,-7.5,-7.5599,19,DK,Spring barley,gdd,0.00100742056337585
HadGEM3-GC3-1LL,-6.5,-6.5442,24,DK,Spring barley,gdd,0.00090256435166707
HadGEM3-GC3-1LL,-5.5,-5.5797,10,DK,Spring barley,gdd,0.000700769152038589
HadGEM3-GC3-1LL,-4.5,-4.5263,6,DK,Spring barley,gdd,0.000502595692928005
HadGEM3-GC3-1LL,-3.5,-3.7835,7,DK,Spring barley,gdd,0.0011444632240501
HadGEM3-GC3-1LL,-2.5,-2.4504,6,DK,Spring barley,gdd,0.000486854226155518
HadGEM3-GC3-1LL,-1.5,-1.3098,8,DK,Spring barley,gdd,2.8412999441281e-05
HadGEM3-GC3-1LL,-0.5,-0.331,6,DK,Spring barley,gdd,8.50737588557675e-05
HadGEM3-GC3-1MM,-14.5,-14.3032,4,DK,Spring barley,gdd,-0.089219938661373
HadGEM3-GC3-1MM,-13.5,-13.3931,8,DK,Spring barley,gdd,-0.10145411386962
HadGEM3-GC3-1MM,-12.5,-12.588,13,DK,Spring barley,gdd,-0.104947273848918
HadGEM3-GC3-1MM,-11.5,-11.5321,21,DK,Spring barley,gdd,-0.0762866647283057
HadGEM3-GC3-1MM,-10.5,-10.4803,10,DK,Spring barley,gdd,-0.0517794093118651
HadGEM3-GC3-1MM,-9.5,-9.6161,7,DK,Spring barley,gdd,-0.00264060938934284
HadGEM3-GC3-1MM,-8.5,-8.6582,7,DK,Spring barley,gdd,-0.00166952822779021
HadGEM3-GC3-1MM,-7.5,-7.6345,8,DK,Spring barley,gdd,0.00079067654489825
HadGEM3-GC3-1MM,-6.5,-6.4299,4,DK,Spring barley,gdd,0.000312492313142677
HadGEM3-GC3-1MM,-5.5,-5.3528,4,DK,Spring barley,gdd,0.000679439819822557
HadGEM3-GC3-1MM,-4.5,-4.3969,4,DK,Spring barley,gdd,0.000520000813479744
IPSL-CM6A-LR,-9.5,-9.3401,5,DK,Spring barley,gdd,-0.0053671464800964
IPSL-CM6A-LR,-8.5,-8.4598,8,DK,Spring barley,gdd,-0.0171050310986982
IPSL-CM6A-LR,-7.5,-7.5255,19,DK,Spring barley,gdd,-0.00184258223967492
IPSL-CM6A-LR,-6.5,-6.5577,11,DK,Spring barley,gdd,-0.00624401059991154
IPSL-CM6A-LR,-5.5,-5.5623,13,DK,Spring barley,gdd,0.00117001109412049
IPSL-CM6A-LR,-4.5,-4.3507,11,DK,Spring barley,gdd,0.000914410106533378
IPSL-CM6A-LR,-3.5,-3.4644,8,DK,Spring barley,gdd,0.0010016017665651
IPSL-CM6A-LR,-2.5,-2.5669,9,DK,Spring barley,gdd,0.000634422711369107
IPSL-CM6A-LR,-1.5,-1.2909,6,DK,Spring barley,gdd,0.000669383349809614
IPSL-CM6A-LR,-0.5,-0.6347,8,DK,Spring barley,gdd,0.000169781239041358
EC-Earth3,-9.5,-9.1554,4,EE,Spring barley,gdd,0.000825329827455364
EC-Earth3,-8.5,-8.4726,15,EE,Spring barley,gdd,0.000617112505070802
EC-Earth3,-7.5,-7.5562,20,EE,Spring barley,gdd,0.000662401465057187
EC-Earth3,-6.5,-6.4767,21,EE,Spring barley,gdd,0.000462691914790451
EC-Earth3,-5.5,-5.3342,8,EE,Spring barley,gdd,9.80040973751867e-05
EC-Earth3,-4.5,-4.5495,8,EE,Spring barley,gdd,0.000599248565543896
EC-Earth3,-3.5,-3.3459,9,EE,Spring barley,gdd,0.000588352682457348
EC-Earth3,-2.5,-2.4493,5,EE,Spring barley,gdd,0.000428364507056769
EC-Earth3,-1.5,-1.3807,6,EE,Spring barley,gdd,5.27361331004924e-06
EC-Earth3,-0.5,-0.6596,3,EE,Spring barley,gdd,-0.000240725289826709
HadGEM3-GC3-1LL,-8.5,-8.3848,12,EE,Spring barley,gdd,0.00080882985525302
HadGEM3-GC3-1LL,-7.5,-7.5599,19,EE,Spring barley,gdd,0.000618038088497049
HadGEM3-GC3-1LL,-6.5,-6.5442,24,EE,Spring barley,gdd,0.000711268344917834
HadGEM3-GC3-1LL,-5.5,-5.5797,10,EE,Spring barley,gdd,0.00060449192969247
HadGEM3-GC3-1LL,-4.5,-4.5263,6,EE,Spring barley,gdd,0.000530090277519449
HadGEM3-GC3-1LL,-3.5,-3.7835,7,EE,Spring barley,gdd,0.000478582181563095
HadGEM3-GC3-1LL,-2.5,-2.4504,6,EE,Spring barley,gdd,0.000793274932670233
HadGEM3-GC3-1LL,-1.5,-1.3098,8,EE,Spring barley,gdd,7.31905171852086e-06
HadGEM3-GC3-1LL,-0.5,-0.331,6,EE,Spring barley,gdd,0.000242331702852307
HadGEM3-GC3-1MM,-14.5,-14.3032,4,EE,Spring barley,gdd,-0.0311712025054086
HadGEM3-GC3-1MM,-13.5,-13.3931,8,EE,Spring barley,gdd,-0.055411288026984
HadGEM3-GC3-1MM,-12.5,-12.588,13,EE,Spring barley,gdd,-0.0657056092456613
HadGEM3-GC3-1MM,-11.5,-11.5321,21,EE,Spring barley,gdd,-0.0403695651010148
HadGEM3-GC3-1MM,-10.5,-10.4803,10,EE,Spring barley,gdd,-0.0469067817542965
HadGEM3-GC3-1MM,-9.5,-9.6161,7,EE,Spring barley,gdd,-0.00808035987722554
HadGEM3-GC3-1MM,-8.5,-8.6582,7,EE,Spring barley,gdd,-0.00464855983526209
HadGEM3-GC3-1MM,-7.5,-7.6345,8,EE,Spring barley,gdd,-0.00317115490641111
HadGEM3-GC3-1MM,-6.5,-6.4299,4,EE,Spring barley,gdd,0.000815683148669392
HadGEM3-GC3-1MM,-5.5,-5.3528,4,EE,Spring barley,gdd,0.000822870535433753
HadGEM3-GC3-1MM,-4.5,-4.3969,4,EE,Spring barley,gdd,0.000539932821620222
IPSL-CM6A-LR,-9.5,-9.3401,5,EE,Spring barley,gdd,-0.00571125093383009
IPSL-CM6A-LR,-8.5,-8.4598,8,EE,Spring barley,gdd,-0.0130633421622159
IPSL-CM6A-LR,-7.5,-7.5255,19,EE,Spring barley,gdd,-0.00346237379010706
IPSL-CM6A-LR,-6.5,-6.5577,11,EE,Spring barley,gdd,-0.00511715646195027
IPSL-CM6A-LR,-5.5,-5.5623,13,EE,Spring barley,gdd,0.000571397091768907
IPSL-CM6A-LR,-4.5,-4.3507,11,EE,Spring barley,gdd,0.000668011308545689
IPSL-CM6A-LR,-3.5,-3.4644,8,EE,Spring barley,gdd,0.00046576889926839
IPSL-CM6A-LR,-2.5,-2.5669,9,EE,Spring barley,gdd,0.000543415783330001
IPSL-CM6A-LR,-1.5,-1.2909,6,EE,Spring barley,gdd,0.000375859279026757
IPSL-CM6A-LR,-0.5,-0.6347,8,EE,Spring barley,gdd,0.000222425238360526
EC-Earth3,-9.5,-9.1554,4,ES,Spring barley,gdd,0.000556247708200573
EC-Earth3,-8.5,-8.4726,15,ES,Spring barley,gdd,0.000546767373828601
EC-Earth3,-7.5,-7.5562,20,ES,Spring barley,gdd,0.000611513486671964
EC-Earth3,-6.5,-6.4767,21,ES,Spring barley,gdd,0.000368855514037879
EC-Earth3,-5.5,-5.3342,8,ES,Spring barley,gdd,0.000722709561466612
EC-Earth3,-4.5,-4.5495,8,ES,Spring barley,gdd,0.000600527079136361
EC-Earth3,-3.5,-3.3459,9,ES,Spring barley,gdd,0.000505073215662904
EC-Earth3,-2.5,-2.4493,5,ES,Spring barley,gdd,0.000501736325991643
EC-Earth3,-1.5,-1.3807,6,ES,Spring barley,gdd,0.000462645111701117
EC-Earth3,-0.5,-0.6596,3,ES,Spring barley,gdd,3.72236752069556e-05
HadGEM3-GC3-1LL,-8.5,-8.3848,12,ES,Spring barley,gdd,0.000487559423865518
HadGEM3-GC3-1LL,-7.5,-7.5599,19,ES,Spring barley,gdd,0.000471313207887075
HadGEM3-GC3-1LL,-6.5,-6.5442,24,ES,Spring barley,gdd,0.000217956271903262
HadGEM3-GC3-1LL,-5.5,-5.5797,10,ES,Spring barley,gdd,0.000539303152760098
HadGEM3-GC3-1LL,-4.5,-4.5263,6,ES,Spring barley,gdd,0.000421903235258828
HadGEM3-GC3-1LL,-3.5,-3.7835,7,ES,Spring barley,gdd,0.000671339420834052
HadGEM3-GC3-1LL,-2.5,-2.4504,6,ES,Spring barley,gdd,0.000194430950223129
HadGEM3-GC3-1LL,-1.5,-1.3098,8,ES,Spring barley,gdd,0.000100214871715716
HadGEM3-GC3-1LL,-0.5,-0.331,6,ES,Spring barley,gdd,0.000136399450389235
HadGEM3-GC3-1MM,-14.5,-14.3032,4,ES,Spring barley,gdd,0.000747144423158941
HadGEM3-GC3-1MM,-13.5,-13.3931,8,ES,Spring barley,gdd,0.000523821789618006
HadGEM3-GC3-1MM,-12.5,-12.588,13,ES,Spring barley,gdd,0.00108591254155565
HadGEM3-GC3-1MM,-11.5,-11.5321,21,ES,Spring barley,gdd,0.00112755421593044
HadGEM3-GC3-1MM,-10.5,-10.4803,10,ES,Spring barley,gdd,0.000674447245692812
HadGEM3-GC3-1MM,-9.5,-9.6161,7,ES,Spring barley,gdd,0.000534855689030808
HadGEM3-GC3-1MM,-8.5,-8.6582,7,ES,Spring barley,gdd,0.000883242072698008
HadGEM3-GC3-1MM,-7.5,-7.6345,8,ES,Spring barley,gdd,0.000751014721847496
HadGEM3-GC3-1MM,-6.5,-6.4299,4,ES,Spring barley,gdd,0.000332502841599203
HadGEM3-GC3-1MM,-5.5,-5.3528,4,ES,Spring barley,gdd,0.000353408579556008
HadGEM3-GC3-1MM,-4.5,-4.3969,4,ES,Spring barley,gdd,0.000436501055917797
IPSL-CM6A-LR,-9.5,-9.3401,5,ES,Spring barley,gdd,0.000673150895672622
IPSL-CM6A-LR,-8.5,-8.4598,8,ES,Spring barley,gdd,0.000622838876402659
IPSL-CM6A-LR,-7.5,-7.5255,19,ES,Spring barley,gdd,0.000510492836014853
IPSL-CM6A-LR,-6.5,-6.5577,11,ES,Spring barley,gdd,0.000483470523964289
IPSL-CM6A-LR,-5.5,-5.5623,13,ES,Spring barley,gdd,0.000377808941584618
IPSL-CM6A-LR,-4.5,-4.3507,11,ES,Spring barley,gdd,0.000232638759165735
IPSL-CM6A-LR,-3.5,-3.4644,8,ES,Spring barley,gdd,0.000443776445085116
IPSL-CM6A-LR,-2.5,-2.5669,9,ES,Spring barley,gdd,0.000512468573370821
IPSL-CM6A-LR,-1.5,-1.2909,6,ES,Spring barley,gdd,0.000387489124854882
IPSL-CM6A-LR,-0.5,-0.6347,8,ES,Spring barley,gdd,-3.04734086959607e-05
EC-Earth3,-9.5,-9.1554,4,FI,Spring barley,gdd,0.000301507309267853
EC-Earth3,-8.5,-8.4726,15,FI,Spring barley,gdd,0.000392584936537984
EC-Earth3,-7.5,-7.5562,20,FI,Spring barley,gdd,0.000519677852862648
EC-Earth3,-6.5,-6.4767,21,FI,Spring barley,gdd,0.000275699369048197
EC-Earth3,-5.5,-5.3342,8,FI,Spring barley,gdd,5.57900593329259e-05
EC-Earth3,-4.5,-4.5495,8,FI,Spring barley,gdd,-0.000223967419594679
EC-Earth3,-3.5,-3.3459,9,FI,Spring barley,gdd,-0.000489756293292539
EC-Earth3,-2.5,-2.4493,5,FI,Spring barley,gdd,-0.000212834493102359
EC-Earth3,-1.5,-1.3807,6,FI,Spring barley,gdd,-0.000120545580565739
EC-Earth3,-0.5,-0.6596,3,FI,Spring barley,gdd,-0.000137582284363413
HadGEM3-GC3-1LL,-8.5,-8.3848,12,FI,Spring barley,gdd,0.000437742064831674
HadGEM3-GC3-1LL,-7.5,-7.5599,19,FI,Spring barley,gdd,0.000411656083863336
HadGEM3-GC3-1LL,-6.5,-6.5442,24,FI,Spring barley,gdd,0.000403882340744632
HadGEM3-GC3-1LL,-5.5,-5.5797,10,FI,Spring barley,gdd,0.000192516855528402
HadGEM3-GC3-1LL,-4.5,-4.5263,6,FI,Spring barley,gdd,0.000231191257239375
HadGEM3-GC3-1LL,-3.5,-3.7835,7,FI,Spring barley,gdd,0.000350394483245417
HadGEM3-GC3-1LL,-2.5,-2.4504,6,FI,Spring barley,gdd,0.00040053222453681
HadGEM3-GC3-1LL,-1.5,-1.3098,8,FI,Spring barley,gdd,-0.000102834563860957
HadGEM3-GC3-1LL,-0.5,-0.331,6,FI,Spring barley,gdd,-8.44984036842867e-05
HadGEM3-GC3-1MM,-14.5,-14.3032,4,FI,Spring barley,gdd,-0.0618065811525019
HadGEM3-GC3-1MM,-13.5,-13.3931,8,FI,Spring barley,gdd,-0.0765643203368071
HadGEM3-GC3-1MM,-12.5,-12.588,13,FI,Spring barley,gdd,-0.0827311262317351
HadGEM3-GC3-1MM,-11.5,-11.5321,21,FI,Spring barley,gdd,-0.069966408069008
HadGEM3-GC3-1MM,-10.5,-10.4803,10,FI,Spring barley,gdd,-0.0669989001871814
HadGEM3-GC3-1MM,-9.5,-9.6161,7,FI,Spring barley,gdd,-0.0244530197774399
HadGEM3-GC3-1MM,-8.5,-8.6582,7,FI,Spring barley,gdd,-0.0229278199286045
HadGEM3-GC3-1MM,-7.5,-7.6345,8,FI,Spring barley,gdd,-0.00798009211899678
HadGEM3-GC3-1MM,-6.5,-6.4299,4,FI,Spring barley,gdd,0.000234988338788294
HadGEM3-GC3-1MM,-5.5,-5.3528,4,FI,Spring barley,gdd,0.000473623280307564
HadGEM3-GC3-1MM,-4.5,-4.3969,4,FI,Spring barley,gdd,0.000252380015229813
IPSL-CM6A-LR,-9.5,-9.3401,5,FI,Spring barley,gdd,-0.00852913150249336
IPSL-CM6A-LR,-8.5,-8.4598,8,FI,Spring barley,gdd,-0.0228196888403342
IPSL-CM6A-LR,-7.5,-7.5255,19,FI,Spring barley,gdd,-0.0112175538016651
IPSL-CM6A-LR,-6.5,-6.5577,11,FI,Spring barley,gdd,-0.00857308993323776
IPSL-CM6A-LR,-5.5,-5.5623,13,FI,Spring barley,gdd,0.000391025160302104
IPSL-CM6A-LR,-4.5,-4.3507,11,FI,Spring barley,gdd,0.000397905293568082
IPSL-CM6A-LR,-3.5,-3.4644,8,FI,Spring barley,gdd,0.00032551864360645
IPSL-CM6A-LR,-2.5,-2.5669,9,FI,Spring barley,gdd,0.000284190634695079
IPSL-CM6A-LR,-1.5,-1.2909,6,FI,Spring barley,gdd,0.00012647350853826
IPSL-CM6A-LR,-0.5,-0.6347,8,FI,Spring barley,gdd,9.34764183913929e-05
EC-Earth3,-9.5,-9.1554,4,FR,Spring barley,gdd,0.000715754392902161
EC-Earth3,-8.5,-8.4726,15,FR,Spring barley,gdd,0.00127541049106289
EC-Earth3,-7.5,-7.5562,20,FR,Spring barley,gdd,0.00079009968536097
EC-Earth3,-6.5,-6.4767,21,FR,Spring barley,gdd,0.000608793635834514
EC-Earth3,-5.5,-5.3342,8,FR,Spring barley,gdd,0.000622008513145295
EC-Earth3,-4.5,-4.5495,8,FR,Spring barley,gdd,0.000625476459725524
EC-Earth3,-3.5,-3.3459,9,FR,Spring barley,gdd,0.000403026630915754
EC-Earth3,-2.5,-2.4493,5,FR,Spring barley,gdd,0.00054382709738954
EC-Earth3,-1.5,-1.3807,6,FR,Spring barley,gdd,0.000397841227243582
EC-Earth3,-0.5,-0.6596,3,FR,Spring barley,gdd,0.000115002442025619
HadGEM3-GC3-1LL,-8.5,-8.3848,12,FR,Spring barley,gdd,0.000948590593056496
HadGEM3-GC3-1LL,-7.5,-7.5599,19,FR,Spring barley,gdd,0.000843794117802084
HadGEM3-GC3-1LL,-6.5,-6.5442,24,FR,Spring barley,gdd,0.00062916451899836
HadGEM3-GC3-1LL,-5.5,-5.5797,10,FR,Spring barley,gdd,0.000558330116742131
HadGEM3-GC3-1LL,-4.5,-4.5263,6,FR,Spring barley,gdd,0.000499234386584057
HadGEM3-GC3-1LL,-3.5,-3.7835,7,FR,Spring barley,gdd,0.000740576103961281
HadGEM3-GC3-1LL,-2.5,-2.4504,6,FR,Spring barley,gdd,0.000184640944674089
HadGEM3-GC3-1LL,-1.5,-1.3098,8,FR,Spring barley,gdd,0.000236401388778176
HadGEM3-GC3-1LL,-0.5,-0.331,6,FR,Spring barley,gdd,0.000362233928286674
HadGEM3-GC3-1MM,-14.5,-14.3032,4,FR,Spring barley,gdd,-0.0223325176443317
HadGEM3-GC3-1MM,-13.5,-13.3931,8,FR,Spring barley,gdd,-0.0221351202156754
HadGEM3-GC3-1MM,-12.5,-12.588,13,FR,Spring barley,gdd,-0.00710138887118359
HadGEM3-GC3-1MM,-11.5,-11.5321,21,FR,Spring barley,gdd,-0.00515248499486582
HadGEM3-GC3-1MM,-10.5,-10.4803,10,FR,Spring barley,gdd,0.000571369278790999
HadGEM3-GC3-1MM,-9.5,-9.6161,7,FR,Spring barley,gdd,0.00108358463504012
HadGEM3-GC3-1MM,-8.5,-8.6582,7,FR,Spring barley,gdd,0.000890030163153363
HadGEM3-GC3-1MM,-7.5,-7.6345,8,FR,Spring barley,gdd,0.00104828293258129
HadGEM3-GC3-1MM,-6.5,-6.4299,4,FR,Spring barley,gdd,0.000620157317716043
HadGEM3-GC3-1MM,-5.5,-5.3528,4,FR,Spring barley,gdd,0.000396715375093723
HadGEM3-GC3-1MM,-4.5,-4.3969,4,FR,Spring barley,gdd,0.000277352211233309
IPSL-CM6A-LR,-9.5,-9.3401,5,FR,Spring barley,gdd,0.00125462938577266
IPSL-CM6A-LR,-8.5,-8.4598,8,FR,Spring barley,gdd,0.000847349907924194
IPSL-CM6A-LR,-7.5,-7.5255,19,FR,Spring barley,gdd,0.000860935713825037
IPSL-CM6A-LR,-6.5,-6.5577,11,FR,Spring barley,gdd,0.00109122596078342
IPSL-CM6A-LR,-5.5,-5.5623,13,FR,Spring barley,gdd,0.000503184317012736
IPSL-CM6A-LR,-4.5,-4.3507,11,FR,Spring barley,gdd,0.000495627094457101
IPSL-CM6A-LR,-3.5,-3.4644,8,FR,Spring barley,gdd,0.000682670396253964
IPSL-CM6A-LR,-2.5,-2.5669,9,FR,Spring barley,gdd,0.000313552181038179
IPSL-CM6A-LR,-1.5,-1.2909,6,FR,Spring barley,gdd,0.000256444185051599
IPSL-CM6A-LR,-0.5,-0.6347,8,FR,Spring barley,gdd,0.000203144220332436
EC-Earth3,-9.5,-9.1554,4,HU,Spring barley,gdd,0.000646934441250602
EC-Earth3,-8.5,-8.4726,15,HU,Spring barley,gdd,0.000620352776294902
EC-Earth3,-7.5,-7.5562,20,HU,Spring barley,gdd,0.000626087359392187
EC-Earth3,-6.5,-6.4767,21,HU,Spring barley,gdd,0.000385024676079704
EC-Earth3,-5.5,-5.3342,8,HU,Spring barley,gdd,3.30404656513383e-05
EC-Earth3,-4.5,-4.5495,8,HU,Spring barley,gdd,5.39289500611435e-05
EC-Earth3,-3.5,-3.3459,9,HU,Spring barley,gdd,9.90870676758874e-05
EC-Earth3,-2.5,-2.4493,5,HU,Spring barley,gdd,0.000260210599684487
EC-Earth3,-1.5,-1.3807,6,HU,Spring barley,gdd,0.000314107273540556
EC-Earth3,-0.5,-0.6596,3,HU,Spring barley,gdd,-0.00049084027270788
HadGEM3-GC3-1LL,-8.5,-8.3848,12,HU,Spring barley,gdd,0.000567631507807917
HadGEM3-GC3-1LL,-7.5,-7.5599,19,HU,Spring barley,gdd,0.000148275288226087
HadGEM3-GC3-1LL,-6.5,-6.5442,24,HU,Spring barley,gdd,0.000497196292239378
HadGEM3-GC3-1LL,-5.5,-5.5797,10,HU,Spring barley,gdd,0.000268994304484215
HadGEM3-GC3-1LL,-4.5,-4.5263,6,HU,Spring barley,gdd,0.000436009426190006
HadGEM3-GC3-1LL,-3.5,-3.7835,7,HU,Spring barley,gdd,0.000326411472655501
HadGEM3-GC3-1LL,-2.5,-2.4504,6,HU,Spring barley,gdd,0.000151761291973099
HadGEM3-GC3-1LL,-1.5,-1.3098,8,HU,Spring barley,gdd,6.64023937919597e-05
HadGEM3-GC3-1LL,-0.5,-0.331,6,HU,Spring barley,gdd,0.000375819029846372
HadGEM3-GC3-1MM,-14.5,-14.3032,4,HU,Spring barley,gdd,0.000720048395944663
HadGEM3-GC3-1MM,-13.5,-13.3931,8,HU,Spring barley,gdd,0.000652617903205754
HadGEM3-GC3-1MM,-12.5,-12.588,13,HU,Spring barley,gdd,0.00106161233522662
HadGEM3-GC3-1MM,-11.5,-11.5321,21,HU,Spring barley,gdd,0.000652156253504745
HadGEM3-GC3-1MM,-10.5,-10.4803,10,HU,Spring barley,gdd,0.00106127592296796
HadGEM3-GC3-1MM,-9.5,-9.6161,7,HU,Spring barley,gdd,0.000203749337016239
HadGEM3-GC3-1MM,-8.5,-8.6582,7,HU,Spring barley,gdd,0.000449373272772909
HadGEM3-GC3-1MM,-7.5,-7.6345,8,HU,Spring barley,gdd,0.000666258246581042
HadGEM3-GC3-1MM,-6.5,-6.4299,4,HU,Spring barley,gdd,0.00021012653726468
HadGEM3-GC3-1MM,-5.5,-5.3528,4,HU,Spring barley,gdd,0.000302944244366625
HadGEM3-GC3-1MM,-4.5,-4.3969,4,HU,Spring barley,gdd,0.000214245969655291
IPSL-CM6A-LR,-9.5,-9.3401,5,HU,Spring barley,gdd,0.000487152738536126
IPSL-CM6A-LR,-8.5,-8.4598,8,HU,Spring barley,gdd,0.000468899967973388
IPSL-CM6A-LR,-7.5,-7.5255,19,HU,Spring barley,gdd,0.000429041404345774
IPSL-CM6A-LR,-6.5,-6.5577,11,HU,Spring barley,gdd,0.000444876347872089
IPSL-CM6A-LR,-5.5,-5.5623,13,HU,Spring barley,gdd,0.000150555329797607
IPSL-CM6A-LR,-4.5,-4.3507,11,HU,Spring barley,gdd,8.27423352876887e-05
IPSL-CM6A-LR,-3.5,-3.4644,8,HU,Spring barley,gdd,0.000129489968741404
IPSL-CM6A-LR,-2.5,-2.5669,9,HU,Spring barley,gdd,5.41420095305256e-05
IPSL-CM6A-LR,-1.5,-1.2909,6,HU,Spring barley,gdd,0.000134240614879278
IPSL-CM6A-LR,-0.5,-0.6347,8,HU,Spring barley,gdd,-0.000123121974488722
EC-Earth3,-9.5,-9.1554,4,LT,Spring barley,gdd,0.000994354588128754
EC-Earth3,-8.5,-8.4726,15,LT,Spring barley,gdd,0.00070467151176408
EC-Earth3,-7.5,-7.5562,20,LT,Spring barley,gdd,0.000740681770440968
EC-Earth3,-6.5,-6.4767,21,LT,Spring barley,gdd,0.000478522738244013
EC-Earth3,-5.5,-5.3342,8,LT,Spring barley,gdd,0.000277643670736556
EC-Earth3,-4.5,-4.5495,8,LT,Spring barley,gdd,0.000581475848379341
EC-Earth3,-3.5,-3.3459,9,LT,Spring barley,gdd,0.000465425391980546
EC-Earth3,-2.5,-2.4493,5,LT,Spring barley,gdd,0.000730527555714416
EC-Earth3,-1.5,-1.3807,6,LT,Spring barley,gdd,0.000322391262564616
EC-Earth3,-0.5,-0.6596,3,LT,Spring barley,gdd,-0.000223749789035442
HadGEM3-GC3-1LL,-8.5,-8.3848,12,LT,Spring barley,gdd,0.000885582709309035
HadGEM3-GC3-1LL,-7.5,-7.5599,19,LT,Spring barley,gdd,0.000586315283492869
HadGEM3-GC3-1LL,-6.5,-6.5442,24,LT,Spring barley,gdd,0.000718474177339445
HadGEM3-GC3-1LL,-5.5,-5.5797,10,LT,Spring barley,gdd,0.000447340809752715
HadGEM3-GC3-1LL,-4.5,-4.5263,6,LT,Spring barley,gdd,0.000703227455613681
HadGEM3-GC3-1LL,-3.5,-3.7835,7,LT,Spring barley,gdd,0.000833896501234804
HadGEM3-GC3-1LL,-2.5,-2.4504,6,LT,Spring barley,gdd,0.000841789001749175
HadGEM3-GC3-1LL,-1.5,-1.3098,8,LT,Spring barley,gdd,0.000222079003397029
HadGEM3-GC3-1LL,-0.5,-0.331,6,LT,Spring barley,gdd,0.00039297331732984
HadGEM3-GC3-1MM,-14.5,-14.3032,4,LT,Spring barley,gdd,-0.00725379003630432
HadGEM3-GC3-1MM,-13.5,-13.3931,8,LT,Spring barley,gdd,-0.0281025824802293
HadGEM3-GC3-1MM,-12.5,-12.588,13,LT,Spring barley,gdd,-0.0374212050056521
HadGEM3-GC3-1MM,-11.5,-11.5321,21,LT,Spring barley,gdd,-0.0136282854907845
HadGEM3-GC3-1MM,-10.5,-10.4803,10,LT,Spring barley,gdd,-0.0264566038181824
HadGEM3-GC3-1MM,-9.5,-9.6161,7,LT,Spring barley,gdd,0.000292525491257897
HadGEM3-GC3-1MM,-8.5,-8.6582,7,LT,Spring barley,gdd,0.000701712196461259
HadGEM3-GC3-1MM,-7.5,-7.6345,8,LT,Spring barley,gdd,0.000810602944503556
HadGEM3-GC3-1MM,-6.5,-6.4299,4,LT,Spring barley,gdd,0.000715782705855174
HadGEM3-GC3-1MM,-5.5,-5.3528,4,LT,Spring barley,gdd,0.000664029626934979
HadGEM3-GC3-1MM,-4.5,-4.3969,4,LT,Spring barley,gdd,0.000620600069590315
IPSL-CM6A-LR,-9.5,-9.3401,5,LT,Spring barley,gdd,0.000654676826522973
IPSL-CM6A-LR,-8.5,-8.4598,8,LT,Spring barley,gdd,-0.000778509173810875
IPSL-CM6A-LR,-7.5,-7.5255,19,LT,Spring barley,gdd,0.00110739027967915
IPSL-CM6A-LR,-6.5,-6.5577,11,LT,Spring barley,gdd,0.00116681104093941
IPSL-CM6A-LR,-5.5,-5.5623,13,LT,Spring barley,gdd,0.000958407679709567
IPSL-CM6A-LR,-4.5,-4.3507,11,LT,Spring barley,gdd,0.000674466585882479
IPSL-CM6A-LR,-3.5,-3.4644,8,LT,Spring barley,gdd,0.000756153321471098
IPSL-CM6A-LR,-2.5,-2.5669,9,LT,Spring barley,gdd,0.000672856000040737
IPSL-CM6A-LR,-1.5,-1.2909,6,LT,Spring barley,gdd,0.000770630404001476
IPSL-CM6A-LR,-0.5,-0.6347,8,LT,Spring barley,gdd,0.000303002449937923
EC-Earth3,-9.5,-9.1554,4,LV,Spring barley,gdd,0.0010197707416484
EC-Earth3,-8.5,-8.4726,15,LV,Spring barley,gdd,0.000575300068056878
EC-Earth3,-7.5,-7.5562,20,LV,Spring barley,gdd,0.000822665517767005
EC-Earth3,-6.5,-6.4767,21,LV,Spring barley,gdd,0.00074828994263751
EC-Earth3,-5.5,-5.3342,8,LV,Spring barley,gdd,0.000606045932688855
EC-Earth3,-4.5,-4.5495,8,LV,Spring barley,gdd,0.000689201228333893
EC-Earth3,-3.5,-3.3459,9,LV,Spring barley,gdd,0.000619093096924253
EC-Earth3,-2.5,-2.4493,5,LV,Spring barley,gdd,0.000872624589868877
EC-Earth3,-1.5,-1.3807,6,LV,Spring barley,gdd,-1.89423899020362e-06
EC-Earth3,-0.5,-0.6596,3,LV,Spring barley,gdd,-0.000406041873601366
HadGEM3-GC3-1LL,-8.5,-8.3848,12,LV,Spring barley,gdd,0.000712705927648044
HadGEM3-GC3-1LL,-7.5,-7.5599,19,LV,Spring barley,gdd,0.000846499079896849
HadGEM3-GC3-1LL,-6.5,-6.5442,24,LV,Spring barley,gdd,0.000871454036098305
HadGEM3-GC3-1LL,-5.5,-5.5797,10,LV,Spring barley,gdd,0.000542992967937222
HadGEM3-GC3-1LL,-4.5,-4.5263,6,LV,Spring barley,gdd,0.000849214293872007
HadGEM3-GC3-1LL,-3.5,-3.7835,7,LV,Spring barley,gdd,0.000453590768130325
HadGEM3-GC3-1LL,-2.5,-2.4504,6,LV,Spring barley,gdd,0.000583854919090599
HadGEM3-GC3-1LL,-1.5,-1.3098,8,LV,Spring barley,gdd,0.000247663291695598
HadGEM3-GC3-1LL,-0.5,-0.331,6,LV,Spring barley,gdd,0.000291792953800268
HadGEM3-GC3-1MM,-14.5,-14.3032,4,LV,Spring barley,gdd,-0.0181140571386392
HadGEM3-GC3-1MM,-13.5,-13.3931,8,LV,Spring barley,gdd,-0.0429294074159478
HadGEM3-GC3-1MM,-12.5,-12.588,13,LV,Spring barley,gdd,-0.0545999179886693
HadGEM3-GC3-1MM,-11.5,-11.5321,21,LV,Spring barley,gdd,-0.0253132476688856
HadGEM3-GC3-1MM,-10.5,-10.4803,10,LV,Spring barley,gdd,-0.0364069928699967
HadGEM3-GC3-1MM,-9.5,-9.6161,7,LV,Spring barley,gdd,-0.00160188870025421
HadGEM3-GC3-1MM,-8.5,-8.6582,7,LV,Spring barley,gdd,-0.000129266052906243
HadGEM3-GC3-1MM,-7.5,-7.6345,8,LV,Spring barley,gdd,-0.000163930342969937
HadGEM3-GC3-1MM,-6.5,-6.4299,4,LV,Spring barley,gdd,0.00116659093806745
HadGEM3-GC3-1MM,-5.5,-5.3528,4,LV,Spring barley,gdd,0.00103086074600842
HadGEM3-GC3-1MM,-4.5,-4.3969,4,LV,Spring barley,gdd,0.00047950895640357
IPSL-CM6A-LR,-9.5,-9.3401,5,LV,Spring barley,gdd,-0.000762464738503243
IPSL-CM6A-LR,-8.5,-8.4598,8,LV,Spring barley,gdd,-0.00350070084307585
IPSL-CM6A-LR,-7.5,-7.5255,19,LV,Spring barley,gdd,0.000570690374394402
IPSL-CM6A-LR,-6.5,-6.5577,11,LV,Spring barley,gdd,-8.03984291620685e-06
IPSL-CM6A-LR,-5.5,-5.5623,13,LV,Spring barley,gdd,0.000854157375874024
IPSL-CM6A-LR,-4.5,-4.3507,11,LV,Spring barley,gdd,0.000712537332081684
IPSL-CM6A-LR,-3.5,-3.4644,8,LV,Spring barley,gdd,0.000535604833459036
IPSL-CM6A-LR,-2.5,-2.5669,9,LV,Spring barley,gdd,0.000698339611181007
IPSL-CM6A-LR,-1.5,-1.2909,6,LV,Spring barley,gdd,0.000792681292893561
IPSL-CM6A-LR,-0.5,-0.6347,8,LV,Spring barley,gdd,0.000511797875839837
EC-Earth3,-9.5,-9.1554,4,SE,Spring barley,gdd,0.00058958049153357
EC-Earth3,-8.5,-8.4726,15,SE,Spring barley,gdd,-0.000255638496163978
EC-Earth3,-7.5,-7.5562,20,SE,Spring barley,gdd,0.000690380551361156
EC-Earth3,-6.5,-6.4767,21,SE,Spring barley,gdd,0.000519826451712293
EC-Earth3,-5.5,-5.3342,8,SE,Spring barley,gdd,0.000466982598308729
EC-Earth3,-4.5,-4.5495,8,SE,Spring barley,gdd,-3.73467574594805e-06
EC-Earth3,-3.5,-3.3459,9,SE,Spring barley,gdd,0.000281577740711572
EC-Earth3,-2.5,-2.4493,5,SE,Spring barley,gdd,-9.83915386875528e-05
EC-Earth3,-1.5,-1.3807,6,SE,Spring barley,gdd,0.000279017130483829
EC-Earth3,-0.5,-0.6596,3,SE,Spring barley,gdd,0.000105764161093858
HadGEM3-GC3-1LL,-8.5,-8.3848,12,SE,Spring barley,gdd,0.000652043472110953
HadGEM3-GC3-1LL,-7.5,-7.5599,19,SE,Spring barley,gdd,0.000637980231865206
HadGEM3-GC3-1LL,-6.5,-6.5442,24,SE,Spring barley,gdd,0.000718912837366176
HadGEM3-GC3-1LL,-5.5,-5.5797,10,SE,Spring barley,gdd,0.000549746834524928
HadGEM3-GC3-1LL,-4.5,-4.5263,6,SE,Spring barley,gdd,0.000419257575268552
HadGEM3-GC3-1LL,-3.5,-3.7835,7,SE,Spring barley,gdd,0.000680369252675556
HadGEM3-GC3-1LL,-2.5,-2.4504,6,SE,Spring barley,gdd,0.000586089895690259
HadGEM3-GC3-1LL,-1.5,-1.3098,8,SE,Spring barley,gdd,0.000155956779478375
HadGEM3-GC3-1LL,-0.5,-0.331,6,SE,Spring barley,gdd,0.00027594477219664
HadGEM3-GC3-1MM,-14.5,-14.3032,4,SE,Spring barley,gdd,-0.0743280128222094
HadGEM3-GC3-1MM,-13.5,-13.3931,8,SE,Spring barley,gdd,-0.0815377450941935
HadGEM3-GC3-1MM,-12.5,-12.588,13,SE,Spring barley,gdd,-0.0771984531758814
HadGEM3-GC3-1MM,-11.5,-11.5321,21,SE,Spring barley,gdd,-0.0600691553797781
HadGEM3-GC3-1MM,-10.5,-10.4803,10,SE,Spring barley,gdd,-0.0507514747686791
HadGEM3-GC3-1MM,-9.5,-9.6161,7,SE,Spring barley,gdd,-0.00834437437561788
HadGEM3-GC3-1MM,-8.5,-8.6582,7,SE,Spring barley,gdd,-0.00882610083958244
HadGEM3-GC3-1MM,-7.5,-7.6345,8,SE,Spring barley,gdd,-0.00365723305886871
HadGEM3-GC3-1MM,-6.5,-6.4299,4,SE,Spring barley,gdd,0.000377775969585302
HadGEM3-GC3-1MM,-5.5,-5.3528,4,SE,Spring barley,gdd,0.000364930828748549
HadGEM3-GC3-1MM,-4.5,-4.3969,4,SE,Spring barley,gdd,0.000353894393439493
IPSL-CM6A-LR,-9.5,-9.3401,5,SE,Spring barley,gdd,-0.00690425075962225
IPSL-CM6A-LR,-8.5,-8.4598,8,SE,Spring barley,gdd,-0.0182486972409562
IPSL-CM6A-LR,-7.5,-7.5255,19,SE,Spring barley,gdd,-0.00601864656232226
IPSL-CM6A-LR,-6.5,-6.5577,11,SE,Spring barley,gdd,-0.00654017701163223
IPSL-CM6A-LR,-5.5,-5.5623,13,SE,Spring barley,gdd,0.000616296938688389
IPSL-CM6A-LR,-4.5,-4.3507,11,SE,Spring barley,gdd,0.000456795664679672
IPSL-CM6A-LR,-3.5,-3.4644,8,SE,Spring barley,gdd,0.000763222240261454
IPSL-CM6A-LR,-2.5,-2.5669,9,SE,Spring barley,gdd,0.000407339681674721
IPSL-CM6A-LR,-1.5,-1.2909,6,SE,Spring barley,gdd,0.000527318173572708
IPSL-CM6A-LR,-0.5,-0.6347,8,SE,Spring barley,gdd,0.000228123834849638
EC-Earth3,-9.5,-9.1554,4,SK,Spring barley,gdd,0.000489424490233245
EC-Earth3,-8.5,-8.4726,15,SK,Spring barley,gdd,0.000347838184904165
EC-Earth3,-7.5,-7.5562,20,SK,Spring barley,gdd,0.000468754487183368
EC-Earth3,-6.5,-6.4767,21,SK,Spring barley,gdd,-6.26809088608932e-05
EC-Earth3,-5.5,-5.3342,8,SK,Spring barley,gdd,-0.000298670602021006
EC-Earth3,-4.5,-4.5495,8,SK,Spring barley,gdd,-0.000241812810946081
EC-Earth3,-3.5,-3.3459,9,SK,Spring barley,gdd,7.30389733441702e-05
EC-Earth3,-2.5,-2.4493,5,SK,Spring barley,gdd,-5.37274464646583e-05
EC-Earth3,-1.5,-1.3807,6,SK,Spring barley,gdd,6.53669864595651e-05
EC-Earth3,-0.5,-0.6596,3,SK,Spring barley,gdd,-0.000590453190945319
HadGEM3-GC3-1LL,-8.5,-8.3848,12,SK,Spring barley,gdd,0.00018270826974372
HadGEM3-GC3-1LL,-7.5,-7.5599,19,SK,Spring barley,gdd,1.59842385510609e-06
HadGEM3-GC3-1LL,-6.5,-6.5442,24,SK,Spring barley,gdd,0.000104010077611713
HadGEM3-GC3-1LL,-5.5,-5.5797,10,SK,Spring barley,gdd,0.000150753610877787
HadGEM3-GC3-1LL,-4.5,-4.5263,6,SK,Spring barley,gdd,0.000207708408251854
HadGEM3-GC3-1LL,-3.5,-3.7835,7,SK,Spring barley,gdd,-4.09634689848092e-05
HadGEM3-GC3-1LL,-2.5,-2.4504,6,SK,Spring barley,gdd,-0.000112099422396803
HadGEM3-GC3-1LL,-1.5,-1.3098,8,SK,Spring barley,gdd,-0.000104645217551668
HadGEM3-GC3-1LL,-0.5,-0.331,6,SK,Spring barley,gdd,6.92428178186363e-05
HadGEM3-GC3-1MM,-14.5,-14.3032,4,SK,Spring barley,gdd,0.000418543279582582
HadGEM3-GC3-1MM,-13.5,-13.3931,8,SK,Spring barley,gdd,0.000327000987204993
HadGEM3-GC3-1MM,-12.5,-12.588,13,SK,Spring barley,gdd,0.000408314433061925
HadGEM3-GC3-1MM,-11.5,-11.5321,21,SK,Spring barley,gdd,0.000769015241977625
HadGEM3-GC3-1MM,-10.5,-10.4803,10,SK,Spring barley,gdd,0.000102566330065811
HadGEM3-GC3-1MM,-9.5,-9.6161,7,SK,Spring barley,gdd,0.000253948118499153
HadGEM3-GC3-1MM,-8.5,-8.6582,7,SK,Spring barley,gdd,0.000303649528352022
HadGEM3-GC3-1MM,-7.5,-7.6345,8,SK,Spring barley,gdd,0.000434957769962068
HadGEM3-GC3-1MM,-6.5,-6.4299,4,SK,Spring barley,gdd,1.86461253948073e-05
HadGEM3-GC3-1MM,-5.5,-5.3528,4,SK,Spring barley,gdd,9.7363884326446e-05
HadGEM3-GC3-1MM,-4.5,-4.3969,4,SK,Spring barley,gdd,-4.52748121320776e-05
IPSL-CM6A-LR,-9.5,-9.3401,5,SK,Spring barley,gdd,0.000347443843891125
IPSL-CM6A-LR,-8.5,-8.4598,8,SK,Spring barley,gdd,0.000271849337917793
IPSL-CM6A-LR,-7.5,-7.5255,19,SK,Spring barley,gdd,-6.2782663746206e-06
IPSL-CM6A-LR,-6.5,-6.5577,11,SK,Spring barley,gdd,0.000249619873678137
IPSL-CM6A-LR,-5.5,-5.5623,13,SK,Spring barley,gdd,1.9764472238593e-05
IPSL-CM6A-LR,-4.5,-4.3507,11,SK,Spring barley,gdd,0.000226319414784079
IPSL-CM6A-LR,-3.5,-3.4644,8,SK,Spring barley,gdd,-9.44187778764348e-06
IPSL-CM6A-LR,-2.5,-2.5669,9,SK,Spring barley,gdd,-0.000367791552112317
IPSL-CM6A-LR,-1.5,-1.2909,6,SK,Spring barley,gdd,-3.76835139652572e-05
IPSL-CM6A-LR,-0.5,-0.6347,8,SK,Spring barley,gdd,-9.77832435539839e-06
EC-Earth3,-9.5,-9.1554,4,CZ,Winter barley,gdd,-0.000128701857058928
EC-Earth3,-8.5,-8.4726,15,CZ,Winter barley,gdd,-0.000116056786557899
EC-Earth3,-7.5,-7.5562,20,CZ,Winter barley,gdd,-7.39381798462319e-05
EC-Earth3,-6.5,-6.4767,21,CZ,Winter barley,gdd,-5.23549146713418e-05
EC-Earth3,-5.5,-5.3342,8,CZ,Winter barley,gdd,-4.53656543684653e-05
EC-Earth3,-4.5,-4.5495,8,CZ,Winter barley,gdd,-1.11056782857762e-05
EC-Earth3,-3.5,-3.3459,9,CZ,Winter barley,gdd,-1.22892847125059e-05
EC-Earth3,-2.5,-2.4493,5,CZ,Winter barley,gdd,-2.46176897347164e-05
EC-Earth3,-1.5,-1.3807,6,CZ,Winter barley,gdd,-1.72051783623822e-05
EC-Earth3,-0.5,-0.6596,3,CZ,Winter barley,gdd,5.3910295982177e-05
HadGEM3-GC3-1LL,-8.5,-8.3848,12,CZ,Winter barley,gdd,-9.5771917653452e-05
HadGEM3-GC3-1LL,-7.5,-7.5599,19,CZ,Winter barley,gdd,-5.05602762238231e-05
HadGEM3-GC3-1LL,-6.5,-6.5442,24,CZ,Winter barley,gdd,-5.49798237676662e-05
HadGEM3-GC3-1LL,-5.5,-5.5797,10,CZ,Winter barley,gdd,-2.69665001689687e-05
HadGEM3-GC3-1LL,-4.5,-4.5263,6,CZ,Winter barley,gdd,-8.93399793091495e-05
HadGEM3-GC3-1LL,-3.5,-3.7835,7,CZ,Winter barley,gdd,-6.34761717797021e-05
HadGEM3-GC3-1LL,-2.5,-2.4504,6,CZ,Winter barley,gdd,-4.97786938080456e-05
HadGEM3-GC3-1LL,-1.5,-1.3098,8,CZ,Winter barley,gdd,8.92697402036217e-06
HadGEM3-GC3-1LL,-0.5,-0.331,6,CZ,Winter barley,gdd,-3.81600529215288e-06
HadGEM3-GC3-1MM,-14.5,-14.3032,4,CZ,Winter barley,gdd,0.00011119987309205
HadGEM3-GC3-1MM,-13.5,-13.3931,8,CZ,Winter barley,gdd,0.000481795459468984
HadGEM3-GC3-1MM,-12.5,-12.588,13,CZ,Winter barley,gdd,0.000206308661232178
HadGEM3-GC3-1MM,-11.5,-11.5321,21,CZ,Winter barley,gdd,4.06391583559093e-05
HadGEM3-GC3-1MM,-10.5,-10.4803,10,CZ,Winter barley,gdd,0.000291905677473901
HadGEM3-GC3-1MM,-9.5,-9.6161,7,CZ,Winter barley,gdd,-6.80574330587426e-05
HadGEM3-GC3-1MM,-8.5,-8.6582,7,CZ,Winter barley,gdd,-0.000114193981353575
HadGEM3-GC3-1MM,-7.5,-7.6345,8,CZ,Winter barley,gdd,-0.000143758258233761
HadGEM3-GC3-1MM,-6.5,-6.4299,4,CZ,Winter barley,gdd,-6.12389440407378e-05
HadGEM3-GC3-1MM,-5.5,-5.3528,4,CZ,Winter barley,gdd,-1.38187191500896e-05
HadGEM3-GC3-1MM,-4.5,-4.3969,4,CZ,Winter barley,gdd,-3.44819316228565e-05
IPSL-CM6A-LR,-9.5,-9.3401,5,CZ,Winter barley,gdd,-0.000124245585668712
IPSL-CM6A-LR,-8.5,-8.4598,8,CZ,Winter barley,gdd,-0.000126298932737398
IPSL-CM6A-LR,-7.5,-7.5255,19,CZ,Winter barley,gdd,-0.000127809798043485
IPSL-CM6A-LR,-6.5,-6.5577,11,CZ,Winter barley,gdd,-9.13477861334561e-05
IPSL-CM6A-LR,-5.5,-5.5623,13,CZ,Winter barley,gdd,-4.82818831986304e-05
IPSL-CM6A-LR,-4.5,-4.3507,11,CZ,Winter barley,gdd,-1.34406026943614e-05
IPSL-CM6A-LR,-3.5,-3.4644,8,CZ,Winter barley,gdd,-3.34305306916021e-05
IPSL-CM6A-LR,-2.5,-2.5669,9,CZ,Winter barley,gdd,-4.6679330552199e-05
IPSL-CM6A-LR,-1.5,-1.2909,6,CZ,Winter barley,gdd,-2.89986332735335e-05
IPSL-CM6A-LR,-0.5,-0.6347,8,CZ,Winter barley,gdd,2.40287706425261e-06
EC-Earth3,-9.5,-9.1554,4,DE,Winter barley,gdd,-0.000130333610888034
EC-Earth3,-8.5,-8.4726,15,DE,Winter barley,gdd,-0.000174023766921698
EC-Earth3,-7.5,-7.5562,20,DE,Winter barley,gdd,-0.000108961876398049
EC-Earth3,-6.5,-6.4767,21,DE,Winter barley,gdd,-6.67932918510473e-05
EC-Earth3,-5.5,-5.3342,8,DE,Winter barley,gdd,-5.73752013463871e-05
EC-Earth3,-4.5,-4.5495,8,DE,Winter barley,gdd,-9.45073240405198e-05
EC-Earth3,-3.5,-3.3459,9,DE,Winter barley,gdd,-4.8070686120396e-05
EC-Earth3,-2.5,-2.4493,5,DE,Winter barley,gdd,-6.64703783048839e-05
EC-Earth3,-1.5,-1.3807,6,DE,Winter barley,gdd,-2.12354925993277e-05
EC-Earth3,-0.5,-0.6596,3,DE,Winter barley,gdd,9.80760867985481e-06
HadGEM3-GC3-1LL,-8.5,-8.3848,12,DE,Winter barley,gdd,-0.000129415240070966
HadGEM3-GC3-1LL,-7.5,-7.5599,19,DE,Winter barley,gdd,-9.36788036153929e-05
HadGEM3-GC3-1LL,-6.5,-6.5442,24,DE,Winter barley,gdd,-8.75121832514324e-05
HadGEM3-GC3-1LL,-5.5,-5.5797,10,DE,Winter barley,gdd,-6.43342724564093e-05
HadGEM3-GC3-1LL,-4.5,-4.5263,6,DE,Winter barley,gdd,-7.47083574327088e-05
HadGEM3-GC3-1LL,-3.5,-3.7835,7,DE,Winter barley,gdd,-0.000103018501603512
HadGEM3-GC3-1LL,-2.5,-2.4504,6,DE,Winter barley,gdd,-4.22705841484173e-05
HadGEM3-GC3-1LL,-1.5,-1.3098,8,DE,Winter barley,gdd,-1.15965034651105e-05
HadGEM3-GC3-1LL,-0.5,-0.331,6,DE,Winter barley,gdd,-3.31784279914123e-05
HadGEM3-GC3-1MM,-14.5,-14.3032,4,DE,Winter barley,gdd,0.00305721373888858
HadGEM3-GC3-1MM,-13.5,-13.3931,8,DE,Winter barley,gdd,0.00443827849713392
HadGEM3-GC3-1MM,-12.5,-12.588,13,DE,Winter barley,gdd,0.00279414500120388
HadGEM3-GC3-1MM,-11.5,-11.5321,21,DE,Winter barley,gdd,0.00164885143369612
HadGEM3-GC3-1MM,-10.5,-10.4803,10,DE,Winter barley,gdd,0.000981053528074547
HadGEM3-GC3-1MM,-9.5,-9.6161,7,DE,Winter barley,gdd,-0.000117565683881338
HadGEM3-GC3-1MM,-8.5,-8.6582,7,DE,Winter barley,gdd,-0.000133465252952357
HadGEM3-GC3-1MM,-7.5,-7.6345,8,DE,Winter barley,gdd,-0.000153787202998045
HadGEM3-GC3-1MM,-6.5,-6.4299,4,DE,Winter barley,gdd,-7.04393446023845e-05
HadGEM3-GC3-1MM,-5.5,-5.3528,4,DE,Winter barley,gdd,-7.49774421590016e-05
HadGEM3-GC3-1MM,-4.5,-4.3969,4,DE,Winter barley,gdd,-6.6854923730078e-05
IPSL-CM6A-LR,-9.5,-9.3401,5,DE,Winter barley,gdd,-0.000129698984377316
IPSL-CM6A-LR,-8.5,-8.4598,8,DE,Winter barley,gdd,9.84935939939985e-06
IPSL-CM6A-LR,-7.5,-7.5255,19,DE,Winter barley,gdd,-0.000140897865738652
IPSL-CM6A-LR,-6.5,-6.5577,11,DE,Winter barley,gdd,-0.000125352879259769
IPSL-CM6A-LR,-5.5,-5.5623,13,DE,Winter barley,gdd,-9.19478752169985e-05
IPSL-CM6A-LR,-4.5,-4.3507,11,DE,Winter barley,gdd,-7.3950996924204e-05
IPSL-CM6A-LR,-3.5,-3.4644,8,DE,Winter barley,gdd,-9.36086605490439e-05
IPSL-CM6A-LR,-2.5,-2.5669,9,DE,Winter barley,gdd,-4.40643949751954e-05
IPSL-CM6A-LR,-1.5,-1.2909,6,DE,Winter barley,gdd,-6.81146406303674e-05
IPSL-CM6A-LR,-0.5,-0.6347,8,DE,Winter barley,gdd,-1.21397147403482e-05
EC-Earth3,-9.5,-9.1554,4,DK,Winter barley,gdd,-0.000108873852506433
EC-Earth3,-8.5,-8.4726,15,DK,Winter barley,gdd,-0.000165633136923269
EC-Earth3,-7.5,-7.5562,20,DK,Winter barley,gdd,-0.000125536315355947
EC-Earth3,-6.5,-6.4767,21,DK,Winter barley,gdd,-9.1376400648091e-05
EC-Earth3,-5.5,-5.3342,8,DK,Winter barley,gdd,-4.29081716181509e-05
EC-Earth3,-4.5,-4.5495,8,DK,Winter barley,gdd,-0.000131948953921245
EC-Earth3,-3.5,-3.3459,9,DK,Winter barley,gdd,-6.56985117449771e-05
EC-Earth3,-2.5,-2.4493,5,DK,Winter barley,gdd,-7.5511579405496e-05
EC-Earth3,-1.5,-1.3807,6,DK,Winter barley,gdd,-4.12296799897658e-05
EC-Earth3,-0.5,-0.6596,3,DK,Winter barley,gdd,1.60186054453648e-05
HadGEM3-GC3-1LL,-8.5,-8.3848,12,DK,Winter barley,gdd,-0.000153730812676107
HadGEM3-GC3-1LL,-7.5,-7.5599,19,DK,Winter barley,gdd,-0.000119933740336378
HadGEM3-GC3-1LL,-6.5,-6.5442,24,DK,Winter barley,gdd,-0.000105617571892043
HadGEM3-GC3-1LL,-5.5,-5.5797,10,DK,Winter barley,gdd,-8.61979163748798e-05
HadGEM3-GC3-1LL,-4.5,-4.5263,6,DK,Winter barley,gdd,-5.22033382380819e-05
HadGEM3-GC3-1LL,-3.5,-3.7835,7,DK,Winter barley,gdd,-0.000139856855563834
HadGEM3-GC3-1LL,-2.5,-2.4504,6,DK,Winter barley,gdd,-5.73349345736551e-05
HadGEM3-GC3-1LL,-1.5,-1.3098,8,DK,Winter barley,gdd,3.05154101827248e-05
HadGEM3-GC3-1LL,-0.5,-0.331,6,DK,Winter barley,gdd,4.81969902762619e-06
HadGEM3-GC3-1MM,-14.5,-14.3032,4,DK,Winter barley,gdd,0.0127375757944074
HadGEM3-GC3-1MM,-13.5,-13.3931,8,DK,Winter barley,gdd,0.0144849961463627
HadGEM3-GC3-1MM,-12.5,-12.588,13,DK,Winter barley,gdd,0.0147826564277993
HadGEM3-GC3-1MM,-11.5,-11.5321,21,DK,Winter barley,gdd,0.0108997341516905
HadGEM3-GC3-1MM,-10.5,-10.4803,10,DK,Winter barley,gdd,0.00745249272458386
HadGEM3-GC3-1MM,-9.5,-9.6161,7,DK,Winter barley,gdd,0.00042298579049354
HadGEM3-GC3-1MM,-8.5,-8.6582,7,DK,Winter barley,gdd,0.000282550084177444
HadGEM3-GC3-1MM,-7.5,-7.6345,8,DK,Winter barley,gdd,-8.22795449440682e-05
HadGEM3-GC3-1MM,-6.5,-6.4299,4,DK,Winter barley,gdd,-2.2493723744589e-05
HadGEM3-GC3-1MM,-5.5,-5.3528,4,DK,Winter barley,gdd,-7.90481371047716e-05
HadGEM3-GC3-1MM,-4.5,-4.3969,4,DK,Winter barley,gdd,-4.99074589641839e-05
IPSL-CM6A-LR,-9.5,-9.3401,5,DK,Winter barley,gdd,0.000819588000262567
IPSL-CM6A-LR,-8.5,-8.4598,8,DK,Winter barley,gdd,0.0024769090721175
IPSL-CM6A-LR,-7.5,-7.5255,19,DK,Winter barley,gdd,0.000296222655475489
IPSL-CM6A-LR,-6.5,-6.5577,11,DK,Winter barley,gdd,0.00093509056796291
IPSL-CM6A-LR,-5.5,-5.5623,13,DK,Winter barley,gdd,-0.000150090282766934
IPSL-CM6A-LR,-4.5,-4.3507,11,DK,Winter barley,gdd,-0.000107569171541505
IPSL-CM6A-LR,-3.5,-3.4644,8,DK,Winter barley,gdd,-0.000125537247370811
IPSL-CM6A-LR,-2.5,-2.5669,9,DK,Winter barley,gdd,-6.53502580816731e-05
IPSL-CM6A-LR,-1.5,-1.2909,6,DK,Winter barley,gdd,-8.12448851292286e-05
IPSL-CM6A-LR,-0.5,-0.6347,8,DK,Winter barley,gdd,-9.73217741151709e-06
EC-Earth3,-9.5,-9.1554,4,EE,Winter barley,gdd,-0.000119430432451609
EC-Earth3,-8.5,-8.4726,15,EE,Winter barley,gdd,-8.90008256010439e-05
EC-Earth3,-7.5,-7.5562,20,EE,Winter barley,gdd,-9.06363089013279e-05
EC-Earth3,-6.5,-6.4767,21,EE,Winter barley,gdd,-6.82974488660215e-05
EC-Earth3,-5.5,-5.3342,8,EE,Winter barley,gdd,-1.70737659178119e-05
EC-Earth3,-4.5,-4.5495,8,EE,Winter barley,gdd,-9.11487975396737e-05
EC-Earth3,-3.5,-3.3459,9,EE,Winter barley,gdd,-9.4253687746239e-05
EC-Earth3,-2.5,-2.4493,5,EE,Winter barley,gdd,-6.73945859001578e-05
EC-Earth3,-1.5,-1.3807,6,EE,Winter barley,gdd,-4.44512281552503e-06
EC-Earth3,-0.5,-0.6596,3,EE,Winter barley,gdd,3.24940490073168e-05
HadGEM3-GC3-1LL,-8.5,-8.3848,12,EE,Winter barley,gdd,-0.000120127808011045
HadGEM3-GC3-1LL,-7.5,-7.5599,19,EE,Winter barley,gdd,-9.09432877091421e-05
HadGEM3-GC3-1LL,-6.5,-6.5442,24,EE,Winter barley,gdd,-0.000107102887951215
HadGEM3-GC3-1LL,-5.5,-5.5797,10,EE,Winter barley,gdd,-8.21546164673497e-05
HadGEM3-GC3-1LL,-4.5,-4.5263,6,EE,Winter barley,gdd,-7.19457014855392e-05
HadGEM3-GC3-1LL,-3.5,-3.7835,7,EE,Winter barley,gdd,-6.92938484198401e-05
HadGEM3-GC3-1LL,-2.5,-2.4504,6,EE,Winter barley,gdd,-0.000112369727298606
HadGEM3-GC3-1LL,-1.5,-1.3098,8,EE,Winter barley,gdd,3.56961019206797e-06
HadGEM3-GC3-1LL,-0.5,-0.331,6,EE,Winter barley,gdd,-3.24388824378049e-05
HadGEM3-GC3-1MM,-14.5,-14.3032,4,EE,Winter barley,gdd,0.0045550007055352
HadGEM3-GC3-1MM,-13.5,-13.3931,8,EE,Winter barley,gdd,0.00792631549476383
HadGEM3-GC3-1MM,-12.5,-12.588,13,EE,Winter barley,gdd,0.0093980976273131
HadGEM3-GC3-1MM,-11.5,-11.5321,21,EE,Winter barley,gdd,0.00585200655654865
HadGEM3-GC3-1MM,-10.5,-10.4803,10,EE,Winter barley,gdd,0.00675835828785445
HadGEM3-GC3-1MM,-9.5,-9.6161,7,EE,Winter barley,gdd,0.0012073181490213
HadGEM3-GC3-1MM,-8.5,-8.6582,7,EE,Winter barley,gdd,0.000714017929185046
HadGEM3-GC3-1MM,-7.5,-7.6345,8,EE,Winter barley,gdd,0.000494708672017614
HadGEM3-GC3-1MM,-6.5,-6.4299,4,EE,Winter barley,gdd,-0.000119596254056669
HadGEM3-GC3-1MM,-5.5,-5.3528,4,EE,Winter barley,gdd,-0.000125849546267765
HadGEM3-GC3-1MM,-4.5,-4.3969,4,EE,Winter barley,gdd,-7.5445357183149e-05
IPSL-CM6A-LR,-9.5,-9.3401,5,EE,Winter barley,gdd,0.00086994429194748
IPSL-CM6A-LR,-8.5,-8.4598,8,EE,Winter barley,gdd,0.00196192760590035
IPSL-CM6A-LR,-7.5,-7.5255,19,EE,Winter barley,gdd,0.000554072779412216
IPSL-CM6A-LR,-6.5,-6.5577,11,EE,Winter barley,gdd,0.000779348098327299
IPSL-CM6A-LR,-5.5,-5.5623,13,EE,Winter barley,gdd,-9.05824599961164e-05
IPSL-CM6A-LR,-4.5,-4.3507,11,EE,Winter barley,gdd,-9.50081075421711e-05
IPSL-CM6A-LR,-3.5,-3.4644,8,EE,Winter barley,gdd,-6.70219742506723e-05
IPSL-CM6A-LR,-2.5,-2.5669,9,EE,Winter barley,gdd,-7.55787767264942e-05
IPSL-CM6A-LR,-1.5,-1.2909,6,EE,Winter barley,gdd,-5.46304019883491e-05
IPSL-CM6A-LR,-0.5,-0.6347,8,EE,Winter barley,gdd,-2.94068262955506e-05
EC-Earth3,-9.5,-9.1554,4,EL,Winter barley,gdd,-4.24330138801189e-05
EC-Earth3,-8.5,-8.4726,15,EL,Winter barley,gdd,-4.84577783231471e-05
EC-Earth3,-7.5,-7.5562,20,EL,Winter barley,gdd,-8.99360191833647e-05
EC-Earth3,-6.5,-6.4767,21,EL,Winter barley,gdd,-5.3393134423568e-05
EC-Earth3,-5.5,-5.3342,8,EL,Winter barley,gdd,-4.58303429553976e-05
EC-Earth3,-4.5,-4.5495,8,EL,Winter barley,gdd,-5.23769863945413e-05
EC-Earth3,-3.5,-3.3459,9,EL,Winter barley,gdd,-6.21277927347736e-05
EC-Earth3,-2.5,-2.4493,5,EL,Winter barley,gdd,-8.08300195417815e-05
EC-Earth3,-1.5,-1.3807,6,EL,Winter barley,gdd,-6.71672187232336e-05
EC-Earth3,-0.5,-0.6596,3,EL,Winter barley,gdd,-3.75823958651314e-06
HadGEM3-GC3-1LL,-8.5,-8.3848,12,EL,Winter barley,gdd,-9.51618412922232e-05
HadGEM3-GC3-1LL,-7.5,-7.5599,19,EL,Winter barley,gdd,-3.09322700843244e-05
HadGEM3-GC3-1LL,-6.5,-6.5442,24,EL,Winter barley,gdd,-5.50596444990401e-05
HadGEM3-GC3-1LL,-5.5,-5.5797,10,EL,Winter barley,gdd,-6.08412933860304e-05
HadGEM3-GC3-1LL,-4.5,-4.5263,6,EL,Winter barley,gdd,-5.82621319570996e-05
HadGEM3-GC3-1LL,-3.5,-3.7835,7,EL,Winter barley,gdd,-6.10650672457421e-05
HadGEM3-GC3-1LL,-2.5,-2.4504,6,EL,Winter barley,gdd,-5.56349597634999e-05
HadGEM3-GC3-1LL,-1.5,-1.3098,8,EL,Winter barley,gdd,-3.8194547160576e-05
HadGEM3-GC3-1LL,-0.5,-0.331,6,EL,Winter barley,gdd,-2.56659203651648e-05
HadGEM3-GC3-1MM,-14.5,-14.3032,4,EL,Winter barley,gdd,-0.000145173039993179
HadGEM3-GC3-1MM,-13.5,-13.3931,8,EL,Winter barley,gdd,-0.00010394391063979
HadGEM3-GC3-1MM,-12.5,-12.588,13,EL,Winter barley,gdd,-0.000117967172355516
HadGEM3-GC3-1MM,-11.5,-11.5321,21,EL,Winter barley,gdd,-0.000122141587135666
HadGEM3-GC3-1MM,-10.5,-10.4803,10,EL,Winter barley,gdd,-9.58284829268118e-05
HadGEM3-GC3-1MM,-9.5,-9.6161,7,EL,Winter barley,gdd,-5.74202852865839e-05
HadGEM3-GC3-1MM,-8.5,-8.6582,7,EL,Winter barley,gdd,-6.2742657464811e-05
HadGEM3-GC3-1MM,-7.5,-7.6345,8,EL,Winter barley,gdd,-7.37351825129729e-05
HadGEM3-GC3-1MM,-6.5,-6.4299,4,EL,Winter barley,gdd,-7.72667440940716e-05
HadGEM3-GC3-1MM,-5.5,-5.3528,4,EL,Winter barley,gdd,-1.07122225536286e-05
HadGEM3-GC3-1MM,-4.5,-4.3969,4,EL,Winter barley,gdd,-7.21678442163397e-05
IPSL-CM6A-LR,-9.5,-9.3401,5,EL,Winter barley,gdd,-8.8302620252388e-05
IPSL-CM6A-LR,-8.5,-8.4598,8,EL,Winter barley,gdd,-0.000105374519791887
IPSL-CM6A-LR,-7.5,-7.5255,19,EL,Winter barley,gdd,-5.33639769077168e-05
IPSL-CM6A-LR,-6.5,-6.5577,11,EL,Winter barley,gdd,-6.79015590418952e-05
IPSL-CM6A-LR,-5.5,-5.5623,13,EL,Winter barley,gdd,-8.28370220165543e-05
IPSL-CM6A-LR,-4.5,-4.3507,11,EL,Winter barley,gdd,-4.52052048267175e-05
IPSL-CM6A-LR,-3.5,-3.4644,8,EL,Winter barley,gdd,-3.33572846518605e-05
IPSL-CM6A-LR,-2.5,-2.5669,9,EL,Winter barley,gdd,-5.37085581733465e-05
IPSL-CM6A-LR,-1.5,-1.2909,6,EL,Winter barley,gdd,-5.78972575793695e-05
IPSL-CM6A-LR,-0.5,-0.6347,8,EL,Winter barley,gdd,-5.48193922795764e-06
EC-Earth3,-9.5,-9.1554,4,ES,Winter barley,gdd,-5.19537235194027e-05
EC-Earth3,-8.5,-8.4726,15,ES,Winter barley,gdd,-9.55253960646874e-05
EC-Earth3,-7.5,-7.5562,20,ES,Winter barley,gdd,-9.56473910337595e-05
EC-Earth3,-6.5,-6.4767,21,ES,Winter barley,gdd,-5.39470328858012e-05
EC-Earth3,-5.5,-5.3342,8,ES,Winter barley,gdd,-9.90277184823292e-05
EC-Earth3,-4.5,-4.5495,8,ES,Winter barley,gdd,-8.54031413288116e-05
EC-Earth3,-3.5,-3.3459,9,ES,Winter barley,gdd,-5.73669264825498e-05
EC-Earth3,-2.5,-2.4493,5,ES,Winter barley,gdd,-6.91477964752196e-05
EC-Earth3,-1.5,-1.3807,6,ES,Winter barley,gdd,-4.86416056182623e-05
EC-Earth3,-0.5,-0.6596,3,ES,Winter barley,gdd,-1.208199420989e-05
HadGEM3-GC3-1LL,-8.5,-8.3848,12,ES,Winter barley,gdd,-5.73591067888384e-05
HadGEM3-GC3-1LL,-7.5,-7.5599,19,ES,Winter barley,gdd,-7.79288711442238e-05
HadGEM3-GC3-1LL,-6.5,-6.5442,24,ES,Winter barley,gdd,-4.53904160330327e-05
HadGEM3-GC3-1LL,-5.5,-5.5797,10,ES,Winter barley,gdd,-8.74658471427314e-05
HadGEM3-GC3-1LL,-4.5,-4.5263,6,ES,Winter barley,gdd,-5.94128555216297e-05
HadGEM3-GC3-1LL,-3.5,-3.7835,7,ES,Winter barley,gdd,-8.67346868237665e-05
HadGEM3-GC3-1LL,-2.5,-2.4504,6,ES,Winter barley,gdd,-2.61756977794522e-05
HadGEM3-GC3-1LL,-1.5,-1.3098,8,ES,Winter barley,gdd,-2.69256284988208e-05
HadGEM3-GC3-1LL,-0.5,-0.331,6,ES,Winter barley,gdd,-2.74540259644025e-05
HadGEM3-GC3-1MM,-14.5,-14.3032,4,ES,Winter barley,gdd,-0.000113813176366146
HadGEM3-GC3-1MM,-13.5,-13.3931,8,ES,Winter barley,gdd,-9.9718484438337e-05
HadGEM3-GC3-1MM,-12.5,-12.588,13,ES,Winter barley,gdd,-0.000153445430596536
HadGEM3-GC3-1MM,-11.5,-11.5321,21,ES,Winter barley,gdd,-0.000188462515138898
HadGEM3-GC3-1MM,-10.5,-10.4803,10,ES,Winter barley,gdd,-0.000103950705416197
HadGEM3-GC3-1MM,-9.5,-9.6161,7,ES,Winter barley,gdd,-7.23652319902079e-05
HadGEM3-GC3-1MM,-8.5,-8.6582,7,ES,Winter barley,gdd,-0.000122300965029895
HadGEM3-GC3-1MM,-7.5,-7.6345,8,ES,Winter barley,gdd,-0.000105663337495629
HadGEM3-GC3-1MM,-6.5,-6.4299,4,ES,Winter barley,gdd,-7.49587181740863e-05
HadGEM3-GC3-1MM,-5.5,-5.3528,4,ES,Winter barley,gdd,-4.31556262643176e-05
HadGEM3-GC3-1MM,-4.5,-4.3969,4,ES,Winter barley,gdd,-6.9175347859119e-05
IPSL-CM6A-LR,-9.5,-9.3401,5,ES,Winter barley,gdd,-8.90762050592782e-05
IPSL-CM6A-LR,-8.5,-8.4598,8,ES,Winter barley,gdd,-0.000100240699690913
IPSL-CM6A-LR,-7.5,-7.5255,19,ES,Winter barley,gdd,-8.18827686062966e-05
IPSL-CM6A-LR,-6.5,-6.5577,11,ES,Winter barley,gdd,-6.61450449287608e-05
IPSL-CM6A-LR,-5.5,-5.5623,13,ES,Winter barley,gdd,-5.43448520569549e-05
IPSL-CM6A-LR,-4.5,-4.3507,11,ES,Winter barley,gdd,-1.08728751654424e-05
IPSL-CM6A-LR,-3.5,-3.4644,8,ES,Winter barley,gdd,-8.48484916129092e-05
IPSL-CM6A-LR,-2.5,-2.5669,9,ES,Winter barley,gdd,-7.11865457918094e-05
IPSL-CM6A-LR,-1.5,-1.2909,6,ES,Winter barley,gdd,-4.30907941898477e-05
IPSL-CM6A-LR,-0.5,-0.6347,8,ES,Winter barley,gdd,-1.84830511100151e-05
EC-Earth3,-9.5,-9.1554,4,FR,Winter barley,gdd,-9.12749436858844e-05
EC-Earth3,-8.5,-8.4726,15,FR,Winter barley,gdd,-0.0001588178109798
EC-Earth3,-7.5,-7.5562,20,FR,Winter barley,gdd,-9.16067530448657e-05
EC-Earth3,-6.5,-6.4767,21,FR,Winter barley,gdd,-7.30264331174869e-05
EC-Earth3,-5.5,-5.3342,8,FR,Winter barley,gdd,-7.87612736089006e-05
EC-Earth3,-4.5,-4.5495,8,FR,Winter barley,gdd,-8.09030554197782e-05
EC-Earth3,-3.5,-3.3459,9,FR,Winter barley,gdd,-5.09197325154337e-05
EC-Earth3,-2.5,-2.4493,5,FR,Winter barley,gdd,-6.91683728277025e-05
EC-Earth3,-1.5,-1.3807,6,FR,Winter barley,gdd,-4.59707079243481e-05
EC-Earth3,-0.5,-0.6596,3,FR,Winter barley,gdd,-1.14721295495049e-05
HadGEM3-GC3-1LL,-8.5,-8.3848,12,FR,Winter barley,gdd,-0.000110162347821431
HadGEM3-GC3-1LL,-7.5,-7.5599,19,FR,Winter barley,gdd,-0.000103160140385773
HadGEM3-GC3-1LL,-6.5,-6.5442,24,FR,Winter barley,gdd,-7.51766366203805e-05
HadGEM3-GC3-1LL,-5.5,-5.5797,10,FR,Winter barley,gdd,-7.18815165079773e-05
HadGEM3-GC3-1LL,-4.5,-4.5263,6,FR,Winter barley,gdd,-6.06742480929872e-05
HadGEM3-GC3-1LL,-3.5,-3.7835,7,FR,Winter barley,gdd,-8.93268352500722e-05
HadGEM3-GC3-1LL,-2.5,-2.4504,6,FR,Winter barley,gdd,-2.44784170285927e-05
HadGEM3-GC3-1LL,-1.5,-1.3098,8,FR,Winter barley,gdd,-2.12722172831443e-05
HadGEM3-GC3-1LL,-0.5,-0.331,6,FR,Winter barley,gdd,-3.56546252758939e-05
HadGEM3-GC3-1MM,-14.5,-14.3032,4,FR,Winter barley,gdd,0.00440613152470281
HadGEM3-GC3-1MM,-13.5,-13.3931,8,FR,Winter barley,gdd,0.00422758853745968
HadGEM3-GC3-1MM,-12.5,-12.588,13,FR,Winter barley,gdd,0.00196463673496264
HadGEM3-GC3-1MM,-11.5,-11.5321,21,FR,Winter barley,gdd,0.00153289095738612
HadGEM3-GC3-1MM,-10.5,-10.4803,10,FR,Winter barley,gdd,-1.29521263227341e-06
HadGEM3-GC3-1MM,-9.5,-9.6161,7,FR,Winter barley,gdd,-0.000124058408206151
HadGEM3-GC3-1MM,-8.5,-8.6582,7,FR,Winter barley,gdd,-0.000122088770461417
HadGEM3-GC3-1MM,-7.5,-7.6345,8,FR,Winter barley,gdd,-0.000136956454971181
HadGEM3-GC3-1MM,-6.5,-6.4299,4,FR,Winter barley,gdd,-7.43980869928964e-05
HadGEM3-GC3-1MM,-5.5,-5.3528,4,FR,Winter barley,gdd,-4.69052220933274e-05
HadGEM3-GC3-1MM,-4.5,-4.3969,4,FR,Winter barley,gdd,-3.08128441731718e-05
IPSL-CM6A-LR,-9.5,-9.3401,5,FR,Winter barley,gdd,-0.000151772094843386
IPSL-CM6A-LR,-8.5,-8.4598,8,FR,Winter barley,gdd,-1.91527807213899e-05
IPSL-CM6A-LR,-7.5,-7.5255,19,FR,Winter barley,gdd,-0.000116960902825617
IPSL-CM6A-LR,-6.5,-6.5577,11,FR,Winter barley,gdd,-0.000148243428462076
IPSL-CM6A-LR,-5.5,-5.5623,13,FR,Winter barley,gdd,-6.46566458254407e-05
IPSL-CM6A-LR,-4.5,-4.3507,11,FR,Winter barley,gdd,-5.12527316398365e-05
IPSL-CM6A-LR,-3.5,-3.4644,8,FR,Winter barley,gdd,-7.67360291727947e-05
IPSL-CM6A-LR,-2.5,-2.5669,9,FR,Winter barley,gdd,-4.35601394116859e-05
IPSL-CM6A-LR,-1.5,-1.2909,6,FR,Winter barley,gdd,-3.13076752182103e-05
IPSL-CM6A-LR,-0.5,-0.6347,8,FR,Winter barley,gdd,-2.12749010489486e-05
EC-Earth3,-9.5,-9.1554,4,HU,Winter barley,gdd,-8.42332306678702e-05
EC-Earth3,-8.5,-8.4726,15,HU,Winter barley,gdd,-8.44409078133538e-05
EC-Earth3,-7.5,-7.5562,20,HU,Winter barley,gdd,-8.64018811344855e-05
EC-Earth3,-6.5,-6.4767,21,HU,Winter barley,gdd,-4.12637459079588e-05
EC-Earth3,-5.5,-5.3342,8,HU,Winter barley,gdd,1.75552265504145e-05
EC-Earth3,-4.5,-4.5495,8,HU,Winter barley,gdd,-2.50236950685833e-05
EC-Earth3,-3.5,-3.3459,9,HU,Winter barley,gdd,-1.7740773359457e-05
EC-Earth3,-2.5,-2.4493,5,HU,Winter barley,gdd,-2.73508563495975e-05
EC-Earth3,-1.5,-1.3807,6,HU,Winter barley,gdd,-3.94736479135375e-05
EC-Earth3,-0.5,-0.6596,3,HU,Winter barley,gdd,7.85245373758923e-05
HadGEM3-GC3-1LL,-8.5,-8.3848,12,HU,Winter barley,gdd,-8.31568071491535e-05
HadGEM3-GC3-1LL,-7.5,-7.5599,19,HU,Winter barley,gdd,-3.82945712718136e-05
HadGEM3-GC3-1LL,-6.5,-6.5442,24,HU,Winter barley,gdd,-5.77230709052249e-05
HadGEM3-GC3-1LL,-5.5,-5.5797,10,HU,Winter barley,gdd,-2.7011941612028e-05
HadGEM3-GC3-1LL,-4.5,-4.5263,6,HU,Winter barley,gdd,-4.01505988793578e-05
HadGEM3-GC3-1LL,-3.5,-3.7835,7,HU,Winter barley,gdd,-5.47044826106287e-05
HadGEM3-GC3-1LL,-2.5,-2.4504,6,HU,Winter barley,gdd,-2.45768299607752e-06
HadGEM3-GC3-1LL,-1.5,-1.3098,8,HU,Winter barley,gdd,-3.08575612648388e-05
HadGEM3-GC3-1LL,-0.5,-0.331,6,HU,Winter barley,gdd,-4.92602530321744e-05
HadGEM3-GC3-1MM,-14.5,-14.3032,4,HU,Winter barley,gdd,-0.000101188118807948
HadGEM3-GC3-1MM,-13.5,-13.3931,8,HU,Winter barley,gdd,-8.01325669299371e-05
HadGEM3-GC3-1MM,-12.5,-12.588,13,HU,Winter barley,gdd,-0.000148267790544049
HadGEM3-GC3-1MM,-11.5,-11.5321,21,HU,Winter barley,gdd,-7.70130941458544e-05
HadGEM3-GC3-1MM,-10.5,-10.4803,10,HU,Winter barley,gdd,-0.000148387077963731
HadGEM3-GC3-1MM,-9.5,-9.6161,7,HU,Winter barley,gdd,-4.31414400809335e-05
HadGEM3-GC3-1MM,-8.5,-8.6582,7,HU,Winter barley,gdd,-5.83780748680911e-05
HadGEM3-GC3-1MM,-7.5,-7.6345,8,HU,Winter barley,gdd,-7.54460530586232e-05
HadGEM3-GC3-1MM,-6.5,-6.4299,4,HU,Winter barley,gdd,-2.32164937308164e-05
HadGEM3-GC3-1MM,-5.5,-5.3528,4,HU,Winter barley,gdd,-2.47549595897797e-05
HadGEM3-GC3-1MM,-4.5,-4.3969,4,HU,Winter barley,gdd,-2.66603427849978e-05
IPSL-CM6A-LR,-9.5,-9.3401,5,HU,Winter barley,gdd,-5.76004481166492e-05
IPSL-CM6A-LR,-8.5,-8.4598,8,HU,Winter barley,gdd,-6.47379091227291e-05
IPSL-CM6A-LR,-7.5,-7.5255,19,HU,Winter barley,gdd,-5.45575329409264e-05
IPSL-CM6A-LR,-6.5,-6.5577,11,HU,Winter barley,gdd,-5.3103163768643e-05
IPSL-CM6A-LR,-5.5,-5.5623,13,HU,Winter barley,gdd,-1.0173739188924e-05
IPSL-CM6A-LR,-4.5,-4.3507,11,HU,Winter barley,gdd,3.24547856801367e-06
IPSL-CM6A-LR,-3.5,-3.4644,8,HU,Winter barley,gdd,-2.0109526558154e-05
IPSL-CM6A-LR,-2.5,-2.5669,9,HU,Winter barley,gdd,-7.47176943985058e-06
IPSL-CM6A-LR,-1.5,-1.2909,6,HU,Winter barley,gdd,-6.98750277505627e-06
IPSL-CM6A-LR,-0.5,-0.6347,8,HU,Winter barley,gdd,6.58212156007723e-06
EC-Earth3,-9.5,-9.1554,4,IT,Winter barley,gdd,-6.33437586445518e-05
EC-Earth3,-8.5,-8.4726,15,IT,Winter barley,gdd,-5.50845057371195e-05
EC-Earth3,-7.5,-7.5562,20,IT,Winter barley,gdd,-6.27471946792651e-05
EC-Earth3,-6.5,-6.4767,21,IT,Winter barley,gdd,-5.49041665294063e-05
EC-Earth3,-5.5,-5.3342,8,IT,Winter barley,gdd,-2.64678385070361e-05
EC-Earth3,-4.5,-4.5495,8,IT,Winter barley,gdd,-4.83285499951597e-05
EC-Earth3,-3.5,-3.3459,9,IT,Winter barley,gdd,-3.46944734269979e-05
EC-Earth3,-2.5,-2.4493,5,IT,Winter barley,gdd,-2.19404387153687e-05
EC-Earth3,-1.5,-1.3807,6,IT,Winter barley,gdd,-2.76648484039343e-05
EC-Earth3,-0.5,-0.6596,3,IT,Winter barley,gdd,3.25957601246845e-05
HadGEM3-GC3-1LL,-8.5,-8.3848,12,IT,Winter barley,gdd,-8.68958063567526e-05
HadGEM3-GC3-1LL,-7.5,-7.5599,19,IT,Winter barley,gdd,-4.25449152022352e-05
HadGEM3-GC3-1LL,-6.5,-6.5442,24,IT,Winter barley,gdd,-6.38325685198682e-05
HadGEM3-GC3-1LL,-5.5,-5.5797,10,IT,Winter barley,gdd,-2.79775872222055e-05
HadGEM3-GC3-1LL,-4.5,-4.5263,6,IT,Winter barley,gdd,-5.11277743549939e-05
HadGEM3-GC3-1LL,-3.5,-3.7835,7,IT,Winter barley,gdd,-5.59562071172619e-05
HadGEM3-GC3-1LL,-2.5,-2.4504,6,IT,Winter barley,gdd,-1.70599120925978e-05
HadGEM3-GC3-1LL,-1.5,-1.3098,8,IT,Winter barley,gdd,6.64652212415776e-07
HadGEM3-GC3-1LL,-0.5,-0.331,6,IT,Winter barley,gdd,-1.82696797168371e-07
HadGEM3-GC3-1MM,-14.5,-14.3032,4,IT,Winter barley,gdd,-0.000110499692304465
HadGEM3-GC3-1MM,-13.5,-13.3931,8,IT,Winter barley,gdd,-0.000124818833356337
HadGEM3-GC3-1MM,-12.5,-12.588,13,IT,Winter barley,gdd,-0.000112753398008015
HadGEM3-GC3-1MM,-11.5,-11.5321,21,IT,Winter barley,gdd,-0.000121737126114677
HadGEM3-GC3-1MM,-10.5,-10.4803,10,IT,Winter barley,gdd,-0.000124148569642543
HadGEM3-GC3-1MM,-9.5,-9.6161,7,IT,Winter barley,gdd,-7.46315878563099e-05
HadGEM3-GC3-1MM,-8.5,-8.6582,7,IT,Winter barley,gdd,-6.7276337423988e-05
HadGEM3-GC3-1MM,-7.5,-7.6345,8,IT,Winter barley,gdd,-6.16425855732876e-05
HadGEM3-GC3-1MM,-6.5,-6.4299,4,IT,Winter barley,gdd,-4.40414177759399e-05
HadGEM3-GC3-1MM,-5.5,-5.3528,4,IT,Winter barley,gdd,-3.07539493657121e-05
HadGEM3-GC3-1MM,-4.5,-4.3969,4,IT,Winter barley,gdd,-2.84714002487917e-05
IPSL-CM6A-LR,-9.5,-9.3401,5,IT,Winter barley,gdd,-8.17841950640381e-05
IPSL-CM6A-LR,-8.5,-8.4598,8,IT,Winter barley,gdd,-0.000108641046352076
IPSL-CM6A-LR,-7.5,-7.5255,19,IT,Winter barley,gdd,-5.51856181150086e-05
IPSL-CM6A-LR,-6.5,-6.5577,11,IT,Winter barley,gdd,-8.92824712081602e-05
IPSL-CM6A-LR,-5.5,-5.5623,13,IT,Winter barley,gdd,-3.64717939958176e-05
IPSL-CM6A-LR,-4.5,-4.3507,11,IT,Winter barley,gdd,-6.76853474359634e-06
IPSL-CM6A-LR,-3.5,-3.4644,8,IT,Winter barley,gdd,-3.17759484854624e-05
IPSL-CM6A-LR,-2.5,-2.5669,9,IT,Winter barley,gdd,-2.10218344318665e-05
IPSL-CM6A-LR,-1.5,-1.2909,6,IT,Winter barley,gdd,-2.61044864639703e-05
IPSL-CM6A-LR,-0.5,-0.6347,8,IT,Winter barley,gdd,1.21134640018866e-06
EC-Earth3,-9.5,-9.1554,4,LT,Winter barley,gdd,-0.000140243432849733
EC-Earth3,-8.5,-8.4726,15,LT,Winter barley,gdd,-9.41222026124833e-05
EC-Earth3,-7.5,-7.5562,20,LT,Winter barley,gdd,-0.000112532481604864
EC-Earth3,-6.5,-6.4767,21,LT,Winter barley,gdd,-6.79911548016725e-05
EC-Earth3,-5.5,-5.3342,8,LT,Winter barley,gdd,-3.81377175966617e-05
EC-Earth3,-4.5,-4.5495,8,LT,Winter barley,gdd,-8.90108159008492e-05
EC-Earth3,-3.5,-3.3459,9,LT,Winter barley,gdd,-6.66644799334633e-05
EC-Earth3,-2.5,-2.4493,5,LT,Winter barley,gdd,-0.000103449946306331
EC-Earth3,-1.5,-1.3807,6,LT,Winter barley,gdd,-4.81962342210005e-05
EC-Earth3,-0.5,-0.6596,3,LT,Winter barley,gdd,3.77112031048547e-05
HadGEM3-GC3-1LL,-8.5,-8.3848,12,LT,Winter barley,gdd,-0.00013287714875806
HadGEM3-GC3-1LL,-7.5,-7.5599,19,LT,Winter barley,gdd,-8.50727041473305e-05
HadGEM3-GC3-1LL,-6.5,-6.5442,24,LT,Winter barley,gdd,-0.000105204404573035
HadGEM3-GC3-1LL,-5.5,-5.5797,10,LT,Winter barley,gdd,-6.33282239672698e-05
HadGEM3-GC3-1LL,-4.5,-4.5263,6,LT,Winter barley,gdd,-0.000112464728659444
HadGEM3-GC3-1LL,-3.5,-3.7835,7,LT,Winter barley,gdd,-0.000118231778742159
HadGEM3-GC3-1LL,-2.5,-2.4504,6,LT,Winter barley,gdd,-0.000123694561016812
HadGEM3-GC3-1LL,-1.5,-1.3098,8,LT,Winter barley,gdd,-4.09821673204498e-05
HadGEM3-GC3-1LL,-0.5,-0.331,6,LT,Winter barley,gdd,-5.8585883565143e-05
HadGEM3-GC3-1MM,-14.5,-14.3032,4,LT,Winter barley,gdd,0.000982767455249005
HadGEM3-GC3-1MM,-13.5,-13.3931,8,LT,Winter barley,gdd,0.00384219293393374
HadGEM3-GC3-1MM,-12.5,-12.588,13,LT,Winter barley,gdd,0.00521671326607793
HadGEM3-GC3-1MM,-11.5,-11.5321,21,LT,Winter barley,gdd,0.00185000223105288
HadGEM3-GC3-1MM,-10.5,-10.4803,10,LT,Winter barley,gdd,0.00370170425940962
HadGEM3-GC3-1MM,-9.5,-9.6161,7,LT,Winter barley,gdd,-4.52286456051509e-05
HadGEM3-GC3-1MM,-8.5,-8.6582,7,LT,Winter barley,gdd,-0.000100491024435649
HadGEM3-GC3-1MM,-7.5,-7.6345,8,LT,Winter barley,gdd,-0.000115994473662566
HadGEM3-GC3-1MM,-6.5,-6.4299,4,LT,Winter barley,gdd,-0.000107170503495475
HadGEM3-GC3-1MM,-5.5,-5.3528,4,LT,Winter barley,gdd,-8.86481996539103e-05
HadGEM3-GC3-1MM,-4.5,-4.3969,4,LT,Winter barley,gdd,-9.59245019645414e-05
IPSL-CM6A-LR,-9.5,-9.3401,5,LT,Winter barley,gdd,-9.19349900208525e-05
IPSL-CM6A-LR,-8.5,-8.4598,8,LT,Winter barley,gdd,9.21484565648068e-05
IPSL-CM6A-LR,-7.5,-7.5255,19,LT,Winter barley,gdd,-0.000161696690407281
IPSL-CM6A-LR,-6.5,-6.5577,11,LT,Winter barley,gdd,-0.000167895587957929
IPSL-CM6A-LR,-5.5,-5.5623,13,LT,Winter barley,gdd,-0.00013817893103398
IPSL-CM6A-LR,-4.5,-4.3507,11,LT,Winter barley,gdd,-9.77075713877313e-05
IPSL-CM6A-LR,-3.5,-3.4644,8,LT,Winter barley,gdd,-0.000106226437058115
IPSL-CM6A-LR,-2.5,-2.5669,9,LT,Winter barley,gdd,-9.59542440499691e-05
IPSL-CM6A-LR,-1.5,-1.2909,6,LT,Winter barley,gdd,-0.000108172264465608
IPSL-CM6A-LR,-0.5,-0.6347,8,LT,Winter barley,gdd,-5.5313684734403e-05
EC-Earth3,-9.5,-9.1554,4,LV,Winter barley,gdd,-0.000156512563651218
EC-Earth3,-8.5,-8.4726,15,LV,Winter barley,gdd,-9.74489905617708e-05
EC-Earth3,-7.5,-7.5562,20,LV,Winter barley,gdd,-0.000111693702492493
EC-Earth3,-6.5,-6.4767,21,LV,Winter barley,gdd,-9.97261834354034e-05
EC-Earth3,-5.5,-5.3342,8,LV,Winter barley,gdd,-9.079100143401e-05
EC-Earth3,-4.5,-4.5495,8,LV,Winter barley,gdd,-9.88198672687259e-05
EC-Earth3,-3.5,-3.3459,9,LV,Winter barley,gdd,-9.63708259945284e-05
EC-Earth3,-2.5,-2.4493,5,LV,Winter barley,gdd,-0.000118282308809064
EC-Earth3,-1.5,-1.3807,6,LV,Winter barley,gdd,-5.86800440745096e-06
EC-Earth3,-0.5,-0.6596,3,LV,Winter barley,gdd,4.86354421374298e-05
HadGEM3-GC3-1LL,-8.5,-8.3848,12,LV,Winter barley,gdd,-0.000104134466277458
HadGEM3-GC3-1LL,-7.5,-7.5599,19,LV,Winter barley,gdd,-0.000117983090799928
HadGEM3-GC3-1LL,-6.5,-6.5442,24,LV,Winter barley,gdd,-0.000127991114600217
HadGEM3-GC3-1LL,-5.5,-5.5797,10,LV,Winter barley,gdd,-8.36282360193356e-05
HadGEM3-GC3-1LL,-4.5,-4.5263,6,LV,Winter barley,gdd,-0.000113300717239647
HadGEM3-GC3-1LL,-3.5,-3.7835,7,LV,Winter barley,gdd,-7.65886958399997e-05
HadGEM3-GC3-1LL,-2.5,-2.4504,6,LV,Winter barley,gdd,-8.52884325158199e-05
HadGEM3-GC3-1LL,-1.5,-1.3098,8,LV,Winter barley,gdd,-1.92765026344386e-05
HadGEM3-GC3-1LL,-0.5,-0.331,6,LV,Winter barley,gdd,-3.44037008999695e-05
HadGEM3-GC3-1MM,-14.5,-14.3032,4,LV,Winter barley,gdd,0.00258391302840117
HadGEM3-GC3-1MM,-13.5,-13.3931,8,LV,Winter barley,gdd,0.00634818086220862
HadGEM3-GC3-1MM,-12.5,-12.588,13,LV,Winter barley,gdd,0.00798933033993752
HadGEM3-GC3-1MM,-11.5,-11.5321,21,LV,Winter barley,gdd,0.00373882920746726
HadGEM3-GC3-1MM,-10.5,-10.4803,10,LV,Winter barley,gdd,0.00530866621687212
HadGEM3-GC3-1MM,-9.5,-9.6161,7,LV,Winter barley,gdd,0.000177380616226638
HadGEM3-GC3-1MM,-8.5,-8.6582,7,LV,Winter barley,gdd,-8.22417159006933e-06
HadGEM3-GC3-1MM,-7.5,-7.6345,8,LV,Winter barley,gdd,-1.13808018687848e-05
HadGEM3-GC3-1MM,-6.5,-6.4299,4,LV,Winter barley,gdd,-0.000171274333954866
HadGEM3-GC3-1MM,-5.5,-5.3528,4,LV,Winter barley,gdd,-0.000148285796856709
HadGEM3-GC3-1MM,-4.5,-4.3969,4,LV,Winter barley,gdd,-7.04839927155463e-05
IPSL-CM6A-LR,-9.5,-9.3401,5,LV,Winter barley,gdd,7.91154824549751e-05
IPSL-CM6A-LR,-8.5,-8.4598,8,LV,Winter barley,gdd,0.00048445929835851
IPSL-CM6A-LR,-7.5,-7.5255,19,LV,Winter barley,gdd,-0.0001082309691109
IPSL-CM6A-LR,-6.5,-6.5577,11,LV,Winter barley,gdd,-1.50754162022674e-05
IPSL-CM6A-LR,-5.5,-5.5623,13,LV,Winter barley,gdd,-0.000118190295816882
IPSL-CM6A-LR,-4.5,-4.3507,11,LV,Winter barley,gdd,-0.000104202108593193
IPSL-CM6A-LR,-3.5,-3.4644,8,LV,Winter barley,gdd,-7.68284222750466e-05
IPSL-CM6A-LR,-2.5,-2.5669,9,LV,Winter barley,gdd,-9.39459892488689e-05
IPSL-CM6A-LR,-1.5,-1.2909,6,LV,Winter barley,gdd,-0.000111783448834508
IPSL-CM6A-LR,-0.5,-0.6347,8,LV,Winter barley,gdd,-7.8670104525192e-05
EC-Earth3,-9.5,-9.1554,4,SE,Winter barley,gdd,-0.000146209050694934
EC-Earth3,-8.5,-8.4726,15,SE,Winter barley,gdd,-0.000107150022417146
EC-Earth3,-7.5,-7.5562,20,SE,Winter barley,gdd,-0.00011297574264986
EC-Earth3,-6.5,-6.4767,21,SE,Winter barley,gdd,-6.39665122961165e-05
EC-Earth3,-5.5,-5.3342,8,SE,Winter barley,gdd,-7.35618413018614e-05
EC-Earth3,-4.5,-4.5495,8,SE,Winter barley,gdd,-0.000124778776365865
EC-Earth3,-3.5,-3.3459,9,SE,Winter barley,gdd,-8.51939409338954e-05
EC-Earth3,-2.5,-2.4493,5,SE,Winter barley,gdd,-8.97000027214176e-05
EC-Earth3,-1.5,-1.3807,6,SE,Winter barley,gdd,-2.2109276177304e-05
EC-Earth3,-0.5,-0.6596,3,SE,Winter barley,gdd,-1.8042545590653e-05
HadGEM3-GC3-1LL,-8.5,-8.3848,12,SE,Winter barley,gdd,-0.000105528614708287
HadGEM3-GC3-1LL,-7.5,-7.5599,19,SE,Winter barley,gdd,-9.29682157040977e-05
HadGEM3-GC3-1LL,-6.5,-6.5442,24,SE,Winter barley,gdd,-0.000120642222317343
HadGEM3-GC3-1LL,-5.5,-5.5797,10,SE,Winter barley,gdd,-7.48684738072527e-05
HadGEM3-GC3-1LL,-4.5,-4.5263,6,SE,Winter barley,gdd,-6.15192923992436e-05
HadGEM3-GC3-1LL,-3.5,-3.7835,7,SE,Winter barley,gdd,-0.00010374455178512
HadGEM3-GC3-1LL,-2.5,-2.4504,6,SE,Winter barley,gdd,-7.99167269366979e-05
HadGEM3-GC3-1LL,-1.5,-1.3098,8,SE,Winter barley,gdd,-1.88924536828725e-05
HadGEM3-GC3-1LL,-0.5,-0.331,6,SE,Winter barley,gdd,-4.29987128049156e-05
HadGEM3-GC3-1MM,-14.5,-14.3032,4,SE,Winter barley,gdd,0.0107774011204664
HadGEM3-GC3-1MM,-13.5,-13.3931,8,SE,Winter barley,gdd,0.0115652176331605
HadGEM3-GC3-1MM,-12.5,-12.588,13,SE,Winter barley,gdd,0.0111322829315567
HadGEM3-GC3-1MM,-11.5,-11.5321,21,SE,Winter barley,gdd,0.00787086417603614
HadGEM3-GC3-1MM,-10.5,-10.4803,10,SE,Winter barley,gdd,0.00628616254203119
HadGEM3-GC3-1MM,-9.5,-9.6161,7,SE,Winter barley,gdd,0.000736520088672136
HadGEM3-GC3-1MM,-8.5,-8.6582,7,SE,Winter barley,gdd,0.000630771625332013
HadGEM3-GC3-1MM,-7.5,-7.6345,8,SE,Winter barley,gdd,0.000210550858678153
HadGEM3-GC3-1MM,-6.5,-6.4299,4,SE,Winter barley,gdd,-7.10232005255475e-05
HadGEM3-GC3-1MM,-5.5,-5.3528,4,SE,Winter barley,gdd,-9.30182914563162e-05
HadGEM3-GC3-1MM,-4.5,-4.3969,4,SE,Winter barley,gdd,-4.22548815183075e-05
IPSL-CM6A-LR,-9.5,-9.3401,5,SE,Winter barley,gdd,0.000505315207286129
IPSL-CM6A-LR,-8.5,-8.4598,8,SE,Winter barley,gdd,0.001617910020596
IPSL-CM6A-LR,-7.5,-7.5255,19,SE,Winter barley,gdd,0.000157757019016866
IPSL-CM6A-LR,-6.5,-6.5577,11,SE,Winter barley,gdd,0.000556141374336382
IPSL-CM6A-LR,-5.5,-5.5623,13,SE,Winter barley,gdd,-0.000111389130041108
IPSL-CM6A-LR,-4.5,-4.3507,11,SE,Winter barley,gdd,-7.78903756292517e-05
IPSL-CM6A-LR,-3.5,-3.4644,8,SE,Winter barley,gdd,-0.000129055542117276
IPSL-CM6A-LR,-2.5,-2.5669,9,SE,Winter barley,gdd,-4.65755357391804e-05
IPSL-CM6A-LR,-1.5,-1.2909,6,SE,Winter barley,gdd,-7.43250123635641e-05
IPSL-CM6A-LR,-0.5,-0.6347,8,SE,Winter barley,gdd,-2.12101701546572e-05
EC-Earth3,-9.5,-9.1554,4,SK,Winter barley,gdd,-7.69601735143238e-05
EC-Earth3,-8.5,-8.4726,15,SK,Winter barley,gdd,-5.36281666855181e-05
EC-Earth3,-7.5,-7.5562,20,SK,Winter barley,gdd,-7.75813664433098e-05
EC-Earth3,-6.5,-6.4767,21,SK,Winter barley,gdd,-2.41832481635256e-06
EC-Earth3,-5.5,-5.3342,8,SK,Winter barley,gdd,3.7190709140798e-05
EC-Earth3,-4.5,-4.5495,8,SK,Winter barley,gdd,1.30152291210637e-05
EC-Earth3,-3.5,-3.3459,9,SK,Winter barley,gdd,-8.67946455298017e-06
EC-Earth3,-2.5,-2.4493,5,SK,Winter barley,gdd,7.23599991019376e-06
EC-Earth3,-1.5,-1.3807,6,SK,Winter barley,gdd,-7.59716730211048e-06
EC-Earth3,-0.5,-0.6596,3,SK,Winter barley,gdd,6.88041458271245e-05
HadGEM3-GC3-1LL,-8.5,-8.3848,12,SK,Winter barley,gdd,-2.90735734017123e-05
HadGEM3-GC3-1LL,-7.5,-7.5599,19,SK,Winter barley,gdd,1.38551908364902e-07
HadGEM3-GC3-1LL,-6.5,-6.5442,24,SK,Winter barley,gdd,-2.2224727899898e-05
HadGEM3-GC3-1LL,-5.5,-5.5797,10,SK,Winter barley,gdd,-2.24064901968044e-05
HadGEM3-GC3-1LL,-4.5,-4.5263,6,SK,Winter barley,gdd,-2.70612485659252e-05
HadGEM3-GC3-1LL,-3.5,-3.7835,7,SK,Winter barley,gdd,-3.72006805209625e-06
HadGEM3-GC3-1LL,-2.5,-2.4504,6,SK,Winter barley,gdd,1.51604408059959e-05
HadGEM3-GC3-1LL,-1.5,-1.3098,8,SK,Winter barley,gdd,6.8174156726844e-07
HadGEM3-GC3-1LL,-0.5,-0.331,6,SK,Winter barley,gdd,-1.16528449197428e-05
HadGEM3-GC3-1MM,-14.5,-14.3032,4,SK,Winter barley,gdd,-6.77198178581293e-05
HadGEM3-GC3-1MM,-13.5,-13.3931,8,SK,Winter barley,gdd,-5.12832497574845e-05
HadGEM3-GC3-1MM,-12.5,-12.588,13,SK,Winter barley,gdd,-4.57197530514982e-05
HadGEM3-GC3-1MM,-11.5,-11.5321,21,SK,Winter barley,gdd,-0.000109068907714066
HadGEM3-GC3-1MM,-10.5,-10.4803,10,SK,Winter barley,gdd,-8.35743345451242e-06
HadGEM3-GC3-1MM,-9.5,-9.6161,7,SK,Winter barley,gdd,-3.55936008647646e-05
HadGEM3-GC3-1MM,-8.5,-8.6582,7,SK,Winter barley,gdd,-4.50348622809083e-05
HadGEM3-GC3-1MM,-7.5,-7.6345,8,SK,Winter barley,gdd,-7.47005089609006e-05
HadGEM3-GC3-1MM,-6.5,-6.4299,4,SK,Winter barley,gdd,-1.08950286009643e-05
HadGEM3-GC3-1MM,-5.5,-5.3528,4,SK,Winter barley,gdd,-8.14043668564919e-06
HadGEM3-GC3-1MM,-4.5,-4.3969,4,SK,Winter barley,gdd,6.67592846098001e-07
IPSL-CM6A-LR,-9.5,-9.3401,5,SK,Winter barley,gdd,-5.2073310642728e-05
IPSL-CM6A-LR,-8.5,-8.4598,8,SK,Winter barley,gdd,-4.781871674095e-05
IPSL-CM6A-LR,-7.5,-7.5255,19,SK,Winter barley,gdd,-6.59540623667389e-06
IPSL-CM6A-LR,-6.5,-6.5577,11,SK,Winter barley,gdd,-2.90964985638664e-05
IPSL-CM6A-LR,-5.5,-5.5623,13,SK,Winter barley,gdd,-1.04288558869206e-05
IPSL-CM6A-LR,-4.5,-4.3507,11,SK,Winter barley,gdd,-2.78601310699218e-05
IPSL-CM6A-LR,-3.5,-3.4644,8,SK,Winter barley,gdd,-8.2015165349724e-06
IPSL-CM6A-LR,-2.5,-2.5669,9,SK,Winter barley,gdd,3.82261056924844e-05
IPSL-CM6A-LR,-1.5,-1.2909,6,SK,Winter barley,gdd,-1.30964359850695e-05
IPSL-CM6A-LR,-0.5,-0.6347,8,SK,Winter barley,gdd,5.91103718366737e-06
EC-Earth3,-9.5,-9.1554,4,CZ,Soft wheat,heat,0.00868620966223584
EC-Earth3,-8.5,-8.4726,15,CZ,Soft wheat,heat,0.00774334335200086
EC-Earth3,-7.5,-7.5562,20,CZ,Soft wheat,heat,0.00727757977502565
EC-Earth3,-6.5,-6.4767,21,CZ,Soft wheat,heat,0.000817164732652944
EC-Earth3,-5.5,-5.3342,8,CZ,Soft wheat,heat,-0.0029039788754117
EC-Earth3,-4.5,-4.5495,8,CZ,Soft wheat,heat,0.00239350347512233
EC-Earth3,-3.5,-3.3459,9,CZ,Soft wheat,heat,0.00141134861911982
EC-Earth3,-2.5,-2.4493,5,CZ,Soft wheat,heat,0.00321937415588742
EC-Earth3,-1.5,-1.3807,6,CZ,Soft wheat,heat,0.0040063439869068
EC-Earth3,-0.5,-0.6596,3,CZ,Soft wheat,heat,-0.00972887845483237
HadGEM3-GC3-1LL,-8.5,-8.3848,12,CZ,Soft wheat,heat,-0.00188605545549793
HadGEM3-GC3-1LL,-7.5,-7.5599,19,CZ,Soft wheat,heat,-0.00245589700006485
HadGEM3-GC3-1LL,-6.5,-6.5442,24,CZ,Soft wheat,heat,0.00347703138806624
HadGEM3-GC3-1LL,-5.5,-5.5797,10,CZ,Soft wheat,heat,0.000338291733717953
HadGEM3-GC3-1LL,-4.5,-4.5263,6,CZ,Soft wheat,heat,0.00400581541210268
HadGEM3-GC3-1LL,-3.5,-3.7835,7,CZ,Soft wheat,heat,0.00229212163297274
HadGEM3-GC3-1LL,-2.5,-2.4504,6,CZ,Soft wheat,heat,0.00152453244557524
HadGEM3-GC3-1LL,-1.5,-1.3098,8,CZ,Soft wheat,heat,-0.00105526505098492
HadGEM3-GC3-1LL,-0.5,-0.331,6,CZ,Soft wheat,heat,0.0016686678921731
HadGEM3-GC3-1MM,-14.5,-14.3032,4,CZ,Soft wheat,heat,0.00515612848911228
HadGEM3-GC3-1MM,-13.5,-13.3931,8,CZ,Soft wheat,heat,0.00683122711279139
HadGEM3-GC3-1MM,-12.5,-12.588,13,CZ,Soft wheat,heat,0.00292036750875927
HadGEM3-GC3-1MM,-11.5,-11.5321,21,CZ,Soft wheat,heat,0.00802016618507586
HadGEM3-GC3-1MM,-10.5,-10.4803,10,CZ,Soft wheat,heat,0.0116615787089198
HadGEM3-GC3-1MM,-9.5,-9.6161,7,CZ,Soft wheat,heat,-0.00995666402004879
HadGEM3-GC3-1MM,-8.5,-8.6582,7,CZ,Soft wheat,heat,0.0050357817422092
HadGEM3-GC3-1MM,-7.5,-7.6345,8,CZ,Soft wheat,heat,0.00853273708722736
HadGEM3-GC3-1MM,-6.5,-6.4299,4,CZ,Soft wheat,heat,-0.000290392208424154
HadGEM3-GC3-1MM,-5.5,-5.3528,4,CZ,Soft wheat,heat,0.00230838439905484
HadGEM3-GC3-1MM,-4.5,-4.3969,4,CZ,Soft wheat,heat,-0.00121976005880932
IPSL-CM6A-LR,-9.5,-9.3401,5,CZ,Soft wheat,heat,0.00841064312086964
IPSL-CM6A-LR,-8.5,-8.4598,8,CZ,Soft wheat,heat,0.00851369739170147
IPSL-CM6A-LR,-7.5,-7.5255,19,CZ,Soft wheat,heat,0.00594301396953366
IPSL-CM6A-LR,-6.5,-6.5577,11,CZ,Soft wheat,heat,0.00481229792110633
IPSL-CM6A-LR,-5.5,-5.5623,13,CZ,Soft wheat,heat,0.00632886618281199
IPSL-CM6A-LR,-4.5,-4.3507,11,CZ,Soft wheat,heat,0.00232766851436901
IPSL-CM6A-LR,-3.5,-3.4644,8,CZ,Soft wheat,heat,0.00553503070481667
IPSL-CM6A-LR,-2.5,-2.5669,9,CZ,Soft wheat,heat,0.0049411163320899
IPSL-CM6A-LR,-1.5,-1.2909,6,CZ,Soft wheat,heat,0.00233547935239722
IPSL-CM6A-LR,-0.5,-0.6347,8,CZ,Soft wheat,heat,0.00250441997352089
EC-Earth3,-9.5,-9.1554,4,DE,Soft wheat,heat,0.00853521678581671
EC-Earth3,-8.5,-8.4726,15,DE,Soft wheat,heat,0.00674957507481115
EC-Earth3,-7.5,-7.5562,20,DE,Soft wheat,heat,0.00653048009588127
EC-Earth3,-6.5,-6.4767,21,DE,Soft wheat,heat,0.00189409179604301
EC-Earth3,-5.5,-5.3342,8,DE,Soft wheat,heat,-0.000445641433365833
EC-Earth3,-4.5,-4.5495,8,DE,Soft wheat,heat,0.00398072899122654
EC-Earth3,-3.5,-3.3459,9,DE,Soft wheat,heat,1.20431753374567e-05
EC-Earth3,-2.5,-2.4493,5,DE,Soft wheat,heat,0.00423321779557264
EC-Earth3,-1.5,-1.3807,6,DE,Soft wheat,heat,0.00308651352469395
EC-Earth3,-0.5,-0.6596,3,DE,Soft wheat,heat,-0.00440904913397737
HadGEM3-GC3-1LL,-8.5,-8.3848,12,DE,Soft wheat,heat,-0.000464364232890769
HadGEM3-GC3-1LL,-7.5,-7.5599,19,DE,Soft wheat,heat,0.00136986554774202
HadGEM3-GC3-1LL,-6.5,-6.5442,24,DE,Soft wheat,heat,0.00271514137756655
HadGEM3-GC3-1LL,-5.5,-5.5797,10,DE,Soft wheat,heat,0.000122675206103864
HadGEM3-GC3-1LL,-4.5,-4.5263,6,DE,Soft wheat,heat,0.00305005336312561
HadGEM3-GC3-1LL,-3.5,-3.7835,7,DE,Soft wheat,heat,0.00387245913477338
HadGEM3-GC3-1LL,-2.5,-2.4504,6,DE,Soft wheat,heat,0.00132994214728618
HadGEM3-GC3-1LL,-1.5,-1.3098,8,DE,Soft wheat,heat,2.31695661086583e-05
HadGEM3-GC3-1LL,-0.5,-0.331,6,DE,Soft wheat,heat,0.000232915608851042
HadGEM3-GC3-1MM,-14.5,-14.3032,4,DE,Soft wheat,heat,0.0092504896940292
HadGEM3-GC3-1MM,-13.5,-13.3931,8,DE,Soft wheat,heat,0.0110331940490425
HadGEM3-GC3-1MM,-12.5,-12.588,13,DE,Soft wheat,heat,0.0068747529816157
HadGEM3-GC3-1MM,-11.5,-11.5321,21,DE,Soft wheat,heat,0.00965022481307272
HadGEM3-GC3-1MM,-10.5,-10.4803,10,DE,Soft wheat,heat,0.0105953602234344
HadGEM3-GC3-1MM,-9.5,-9.6161,7,DE,Soft wheat,heat,-0.000849145060630955
HadGEM3-GC3-1MM,-8.5,-8.6582,7,DE,Soft wheat,heat,0.00610536725414431
HadGEM3-GC3-1MM,-7.5,-7.6345,8,DE,Soft wheat,heat,0.00858567928545831
HadGEM3-GC3-1MM,-6.5,-6.4299,4,DE,Soft wheat,heat,0.00227651468110312
HadGEM3-GC3-1MM,-5.5,-5.3528,4,DE,Soft wheat,heat,0.00475350041791026
HadGEM3-GC3-1MM,-4.5,-4.3969,4,DE,Soft wheat,heat,0.000364820489194701
IPSL-CM6A-LR,-9.5,-9.3401,5,DE,Soft wheat,heat,0.00739678013215925
IPSL-CM6A-LR,-8.5,-8.4598,8,DE,Soft wheat,heat,0.00798636614792566
IPSL-CM6A-LR,-7.5,-7.5255,19,DE,Soft wheat,heat,0.00502044538483757
IPSL-CM6A-LR,-6.5,-6.5577,11,DE,Soft wheat,heat,0.00475653118213384
IPSL-CM6A-LR,-5.5,-5.5623,13,DE,Soft wheat,heat,0.00509397004586442
IPSL-CM6A-LR,-4.5,-4.3507,11,DE,Soft wheat,heat,0.00319100203038901
IPSL-CM6A-LR,-3.5,-3.4644,8,DE,Soft wheat,heat,0.0060170223201171
IPSL-CM6A-LR,-2.5,-2.5669,9,DE,Soft wheat,heat,0.00315267073910442
IPSL-CM6A-LR,-1.5,-1.2909,6,DE,Soft wheat,heat,0.00331148741716502
IPSL-CM6A-LR,-0.5,-0.6347,8,DE,Soft wheat,heat,0.00176627386184757
EC-Earth3,-9.5,-9.1554,4,DK,Soft wheat,heat,0.000775298648453578
EC-Earth3,-8.5,-8.4726,15,DK,Soft wheat,heat,0.000763868600253927
EC-Earth3,-7.5,-7.5562,20,DK,Soft wheat,heat,0.000756750333149049
EC-Earth3,-6.5,-6.4767,21,DK,Soft wheat,heat,0.000612293330053689
EC-Earth3,-5.5,-5.3342,8,DK,Soft wheat,heat,0.00040016479564011
EC-Earth3,-4.5,-4.5495,8,DK,Soft wheat,heat,0.000718843122176876
EC-Earth3,-3.5,-3.3459,9,DK,Soft wheat,heat,0.00033033766371809
EC-Earth3,-2.5,-2.4493,5,DK,Soft wheat,heat,0.000725367653216407
EC-Earth3,-1.5,-1.3807,6,DK,Soft wheat,heat,0.000303530514039879
EC-Earth3,-0.5,-0.6596,3,DK,Soft wheat,heat,-9.57596975913601e-05
HadGEM3-GC3-1LL,-8.5,-8.3848,12,DK,Soft wheat,heat,0.000553055592517239
HadGEM3-GC3-1LL,-7.5,-7.5599,19,DK,Soft wheat,heat,0.00062052016033502
HadGEM3-GC3-1LL,-6.5,-6.5442,24,DK,Soft wheat,heat,0.000504021169389514
HadGEM3-GC3-1LL,-5.5,-5.5797,10,DK,Soft wheat,heat,0.000397872189580912
HadGEM3-GC3-1LL,-4.5,-4.5263,6,DK,Soft wheat,heat,0.00050860663487104
HadGEM3-GC3-1LL,-3.5,-3.7835,7,DK,Soft wheat,heat,0.000690863004419608
HadGEM3-GC3-1LL,-2.5,-2.4504,6,DK,Soft wheat,heat,0.000338158234177275
HadGEM3-GC3-1LL,-1.5,-1.3098,8,DK,Soft wheat,heat,-7.29939591563492e-05
HadGEM3-GC3-1LL,-0.5,-0.331,6,DK,Soft wheat,heat,-0.000182044925494269
HadGEM3-GC3-1MM,-14.5,-14.3032,4,DK,Soft wheat,heat,0.000840853970970413
HadGEM3-GC3-1MM,-13.5,-13.3931,8,DK,Soft wheat,heat,0.000844484452976785
HadGEM3-GC3-1MM,-12.5,-12.588,13,DK,Soft wheat,heat,0.000847613084039594
HadGEM3-GC3-1MM,-11.5,-11.5321,21,DK,Soft wheat,heat,0.000846235924660656
HadGEM3-GC3-1MM,-10.5,-10.4803,10,DK,Soft wheat,heat,0.000842759173212591
HadGEM3-GC3-1MM,-9.5,-9.6161,7,DK,Soft wheat,heat,0.000692693556966113
HadGEM3-GC3-1MM,-8.5,-8.6582,7,DK,Soft wheat,heat,0.000784678585353059
HadGEM3-GC3-1MM,-7.5,-7.6345,8,DK,Soft wheat,heat,0.000787151362569645
HadGEM3-GC3-1MM,-6.5,-6.4299,4,DK,Soft wheat,heat,1.61842466182609e-05
HadGEM3-GC3-1MM,-5.5,-5.3528,4,DK,Soft wheat,heat,0.000680780231946996
HadGEM3-GC3-1MM,-4.5,-4.3969,4,DK,Soft wheat,heat,0.000146504917522517
IPSL-CM6A-LR,-9.5,-9.3401,5,DK,Soft wheat,heat,0.000795231882879081
IPSL-CM6A-LR,-8.5,-8.4598,8,DK,Soft wheat,heat,0.000823370450808513
IPSL-CM6A-LR,-7.5,-7.5255,19,DK,Soft wheat,heat,0.000776553479438983
IPSL-CM6A-LR,-6.5,-6.5577,11,DK,Soft wheat,heat,0.000754049050336602
IPSL-CM6A-LR,-5.5,-5.5623,13,DK,Soft wheat,heat,0.000652956358012369
IPSL-CM6A-LR,-4.5,-4.3507,11,DK,Soft wheat,heat,0.000651759162321071
IPSL-CM6A-LR,-3.5,-3.4644,8,DK,Soft wheat,heat,0.000710439714189195
IPSL-CM6A-LR,-2.5,-2.5669,9,DK,Soft wheat,heat,0.000481369178274664
IPSL-CM6A-LR,-1.5,-1.2909,6,DK,Soft wheat,heat,0.000595786088655702
IPSL-CM6A-LR,-0.5,-0.6347,8,DK,Soft wheat,heat,0.000377389795923293
EC-Earth3,-9.5,-9.1554,4,EE,Soft wheat,heat,0.000674351418485265
EC-Earth3,-8.5,-8.4726,15,EE,Soft wheat,heat,0.00216152085970874
EC-Earth3,-7.5,-7.5562,20,EE,Soft wheat,heat,0.00247880947915824
EC-Earth3,-6.5,-6.4767,21,EE,Soft wheat,heat,0.00175791117993634
EC-Earth3,-5.5,-5.3342,8,EE,Soft wheat,heat,0.0011736020277929
EC-Earth3,-4.5,-4.5495,8,EE,Soft wheat,heat,0.00285522472208392
EC-Earth3,-3.5,-3.3459,9,EE,Soft wheat,heat,0.00236964159014125
EC-Earth3,-2.5,-2.4493,5,EE,Soft wheat,heat,0.00272441184893743
EC-Earth3,-1.5,-1.3807,6,EE,Soft wheat,heat,0.000698856339823747
EC-Earth3,-0.5,-0.6596,3,EE,Soft wheat,heat,-0.00252344688391146
HadGEM3-GC3-1LL,-8.5,-8.3848,12,EE,Soft wheat,heat,0.00256424290794719
HadGEM3-GC3-1LL,-7.5,-7.5599,19,EE,Soft wheat,heat,0.00253297023014405
HadGEM3-GC3-1LL,-6.5,-6.5442,24,EE,Soft wheat,heat,0.00214673014136068
HadGEM3-GC3-1LL,-5.5,-5.5797,10,EE,Soft wheat,heat,0.00175586566892891
HadGEM3-GC3-1LL,-4.5,-4.5263,6,EE,Soft wheat,heat,0.0020752862097838
HadGEM3-GC3-1LL,-3.5,-3.7835,7,EE,Soft wheat,heat,0.00252028959553012
HadGEM3-GC3-1LL,-2.5,-2.4504,6,EE,Soft wheat,heat,0.00186740399515009
HadGEM3-GC3-1LL,-1.5,-1.3098,8,EE,Soft wheat,heat,5.71621843616532e-05
HadGEM3-GC3-1LL,-0.5,-0.331,6,EE,Soft wheat,heat,0.000233701433560704
HadGEM3-GC3-1MM,-14.5,-14.3032,4,EE,Soft wheat,heat,0.00383272777904396
HadGEM3-GC3-1MM,-13.5,-13.3931,8,EE,Soft wheat,heat,0.00400662581083212
HadGEM3-GC3-1MM,-12.5,-12.588,13,EE,Soft wheat,heat,0.00407629424141225
HadGEM3-GC3-1MM,-11.5,-11.5321,21,EE,Soft wheat,heat,0.00402070830594266
HadGEM3-GC3-1MM,-10.5,-10.4803,10,EE,Soft wheat,heat,0.00415138002882627
HadGEM3-GC3-1MM,-9.5,-9.6161,7,EE,Soft wheat,heat,0.00295866127762502
HadGEM3-GC3-1MM,-8.5,-8.6582,7,EE,Soft wheat,heat,0.00347624650613514
HadGEM3-GC3-1MM,-7.5,-7.6345,8,EE,Soft wheat,heat,0.00338126840179035
HadGEM3-GC3-1MM,-6.5,-6.4299,4,EE,Soft wheat,heat,0.00290543459461757
HadGEM3-GC3-1MM,-5.5,-5.3528,4,EE,Soft wheat,heat,0.00193376445637905
HadGEM3-GC3-1MM,-4.5,-4.3969,4,EE,Soft wheat,heat,0.00159661775890179
IPSL-CM6A-LR,-9.5,-9.3401,5,EE,Soft wheat,heat,0.0036016955807853
IPSL-CM6A-LR,-8.5,-8.4598,8,EE,Soft wheat,heat,0.00343139865440842
IPSL-CM6A-LR,-7.5,-7.5255,19,EE,Soft wheat,heat,0.00333958243740382
IPSL-CM6A-LR,-6.5,-6.5577,11,EE,Soft wheat,heat,0.00307192235709294
IPSL-CM6A-LR,-5.5,-5.5623,13,EE,Soft wheat,heat,0.00261857867697427
IPSL-CM6A-LR,-4.5,-4.3507,11,EE,Soft wheat,heat,0.00304166717212751
IPSL-CM6A-LR,-3.5,-3.4644,8,EE,Soft wheat,heat,0.00223554118440258
IPSL-CM6A-LR,-2.5,-2.5669,9,EE,Soft wheat,heat,0.00234257452704987
IPSL-CM6A-LR,-1.5,-1.2909,6,EE,Soft wheat,heat,0.00244656988426582
IPSL-CM6A-LR,-0.5,-0.6347,8,EE,Soft wheat,heat,0.00063818781560433
EC-Earth3,-9.5,-9.1554,4,EL,Soft wheat,heat,0.0187941637077492
EC-Earth3,-8.5,-8.4726,15,EL,Soft wheat,heat,0.019187060165582
EC-Earth3,-7.5,-7.5562,20,EL,Soft wheat,heat,0.0205877328863071
EC-Earth3,-6.5,-6.4767,21,EL,Soft wheat,heat,0.0187066519496889
EC-Earth3,-5.5,-5.3342,8,EL,Soft wheat,heat,0.013867354679862
EC-Earth3,-4.5,-4.5495,8,EL,Soft wheat,heat,0.00285785317030026
EC-Earth3,-3.5,-3.3459,9,EL,Soft wheat,heat,0.0195943123465492
EC-Earth3,-2.5,-2.4493,5,EL,Soft wheat,heat,-0.00991199886475919
EC-Earth3,-1.5,-1.3807,6,EL,Soft wheat,heat,0.010377595570744
EC-Earth3,-0.5,-0.6596,3,EL,Soft wheat,heat,0.007832913037843
HadGEM3-GC3-1LL,-8.5,-8.3848,12,EL,Soft wheat,heat,0.014232134715531
HadGEM3-GC3-1LL,-7.5,-7.5599,19,EL,Soft wheat,heat,-0.00284055631991547
HadGEM3-GC3-1LL,-6.5,-6.5442,24,EL,Soft wheat,heat,0.0195619998749694
HadGEM3-GC3-1LL,-5.5,-5.5797,10,EL,Soft wheat,heat,0.00556570583714681
HadGEM3-GC3-1LL,-4.5,-4.5263,6,EL,Soft wheat,heat,0.00820260951177138
HadGEM3-GC3-1LL,-3.5,-3.7835,7,EL,Soft wheat,heat,0.00136124531629181
HadGEM3-GC3-1LL,-2.5,-2.4504,6,EL,Soft wheat,heat,-0.00266534680038176
HadGEM3-GC3-1LL,-1.5,-1.3098,8,EL,Soft wheat,heat,0.0112526964976704
HadGEM3-GC3-1LL,-0.5,-0.331,6,EL,Soft wheat,heat,-0.00232113000743396
HadGEM3-GC3-1MM,-14.5,-14.3032,4,EL,Soft wheat,heat,0.00831449291300822
HadGEM3-GC3-1MM,-13.5,-13.3931,8,EL,Soft wheat,heat,-0.00397705467270997
HadGEM3-GC3-1MM,-12.5,-12.588,13,EL,Soft wheat,heat,0.00873492879260008
HadGEM3-GC3-1MM,-11.5,-11.5321,21,EL,Soft wheat,heat,0.00636282059497749
HadGEM3-GC3-1MM,-10.5,-10.4803,10,EL,Soft wheat,heat,-0.00212895330639154
HadGEM3-GC3-1MM,-9.5,-9.6161,7,EL,Soft wheat,heat,-0.00844780969394054
HadGEM3-GC3-1MM,-8.5,-8.6582,7,EL,Soft wheat,heat,-0.00130480505307764
HadGEM3-GC3-1MM,-7.5,-7.6345,8,EL,Soft wheat,heat,-0.00462362002609757
HadGEM3-GC3-1MM,-6.5,-6.4299,4,EL,Soft wheat,heat,0.00485464707946613
HadGEM3-GC3-1MM,-5.5,-5.3528,4,EL,Soft wheat,heat,-0.0157359939504846
HadGEM3-GC3-1MM,-4.5,-4.3969,4,EL,Soft wheat,heat,-0.00713864998396186
IPSL-CM6A-LR,-9.5,-9.3401,5,EL,Soft wheat,heat,0.0312884879725982
IPSL-CM6A-LR,-8.5,-8.4598,8,EL,Soft wheat,heat,0.02451454068774
IPSL-CM6A-LR,-7.5,-7.5255,19,EL,Soft wheat,heat,0.018582712095601
IPSL-CM6A-LR,-6.5,-6.5577,11,EL,Soft wheat,heat,0.0222192378019605
IPSL-CM6A-LR,-5.5,-5.5623,13,EL,Soft wheat,heat,0.016147548134917
IPSL-CM6A-LR,-4.5,-4.3507,11,EL,Soft wheat,heat,0.00871966503144079
IPSL-CM6A-LR,-3.5,-3.4644,8,EL,Soft wheat,heat,0.00321061363896787
IPSL-CM6A-LR,-2.5,-2.5669,9,EL,Soft wheat,heat,0.0159341062006571
IPSL-CM6A-LR,-1.5,-1.2909,6,EL,Soft wheat,heat,0.00884345630293809
IPSL-CM6A-LR,-0.5,-0.6347,8,EL,Soft wheat,heat,-0.00419512121360577
EC-Earth3,-9.5,-9.1554,4,ES,Soft wheat,heat,0.0118028092552126
EC-Earth3,-8.5,-8.4726,15,ES,Soft wheat,heat,0.00533393454065327
EC-Earth3,-7.5,-7.5562,20,ES,Soft wheat,heat,0.00890996281383335
EC-Earth3,-6.5,-6.4767,21,ES,Soft wheat,heat,-0.00348479425607583
EC-Earth3,-5.5,-5.3342,8,ES,Soft wheat,heat,0.0111730773117703
EC-Earth3,-4.5,-4.5495,8,ES,Soft wheat,heat,0.00285017248871868
EC-Earth3,-3.5,-3.3459,9,ES,Soft wheat,heat,0.00819669242698521
EC-Earth3,-2.5,-2.4493,5,ES,Soft wheat,heat,0.000159047023638469
EC-Earth3,-1.5,-1.3807,6,ES,Soft wheat,heat,0.0111106808459698
EC-Earth3,-0.5,-0.6596,3,ES,Soft wheat,heat,-0.0183239546421125
HadGEM3-GC3-1LL,-8.5,-8.3848,12,ES,Soft wheat,heat,0.000231741155304485
HadGEM3-GC3-1LL,-7.5,-7.5599,19,ES,Soft wheat,heat,0.00644846891166898
HadGEM3-GC3-1LL,-6.5,-6.5442,24,ES,Soft wheat,heat,0.00822843401132501
HadGEM3-GC3-1LL,-5.5,-5.5797,10,ES,Soft wheat,heat,0.00315689325800319
HadGEM3-GC3-1LL,-4.5,-4.5263,6,ES,Soft wheat,heat,0.000192058808598939
HadGEM3-GC3-1LL,-3.5,-3.7835,7,ES,Soft wheat,heat,0.00800471676552679
HadGEM3-GC3-1LL,-2.5,-2.4504,6,ES,Soft wheat,heat,-0.00558006028303924
HadGEM3-GC3-1LL,-1.5,-1.3098,8,ES,Soft wheat,heat,-0.00660361353722346
HadGEM3-GC3-1LL,-0.5,-0.331,6,ES,Soft wheat,heat,-0.0139453923046182
HadGEM3-GC3-1MM,-14.5,-14.3032,4,ES,Soft wheat,heat,0.0182904528626516
HadGEM3-GC3-1MM,-13.5,-13.3931,8,ES,Soft wheat,heat,0.047211536139907
HadGEM3-GC3-1MM,-12.5,-12.588,13,ES,Soft wheat,heat,0.0383810775181387
HadGEM3-GC3-1MM,-11.5,-11.5321,21,ES,Soft wheat,heat,0.0208198282431847
HadGEM3-GC3-1MM,-10.5,-10.4803,10,ES,Soft wheat,heat,0.0119099484362533
HadGEM3-GC3-1MM,-9.5,-9.6161,7,ES,Soft wheat,heat,-0.00455372463587684
HadGEM3-GC3-1MM,-8.5,-8.6582,7,ES,Soft wheat,heat,0.00566082370376497
HadGEM3-GC3-1MM,-7.5,-7.6345,8,ES,Soft wheat,heat,-0.00615029823527249
HadGEM3-GC3-1MM,-6.5,-6.4299,4,ES,Soft wheat,heat,-0.00171096951758286
HadGEM3-GC3-1MM,-5.5,-5.3528,4,ES,Soft wheat,heat,-0.0228818947051718
HadGEM3-GC3-1MM,-4.5,-4.3969,4,ES,Soft wheat,heat,0.0136622717467797
IPSL-CM6A-LR,-9.5,-9.3401,5,ES,Soft wheat,heat,0.0173968851004403
IPSL-CM6A-LR,-8.5,-8.4598,8,ES,Soft wheat,heat,0.0201323315115487
IPSL-CM6A-LR,-7.5,-7.5255,19,ES,Soft wheat,heat,0.0109239466506316
IPSL-CM6A-LR,-6.5,-6.5577,11,ES,Soft wheat,heat,0.0129836699839107
IPSL-CM6A-LR,-5.5,-5.5623,13,ES,Soft wheat,heat,0.00916145951070342
IPSL-CM6A-LR,-4.5,-4.3507,11,ES,Soft wheat,heat,-0.0184248669074067
IPSL-CM6A-LR,-3.5,-3.4644,8,ES,Soft wheat,heat,-0.0114680997095503
IPSL-CM6A-LR,-2.5,-2.5669,9,ES,Soft wheat,heat,0.00388023273759623
IPSL-CM6A-LR,-1.5,-1.2909,6,ES,Soft wheat,heat,-0.00641357049850517
IPSL-CM6A-LR,-0.5,-0.6347,8,ES,Soft wheat,heat,-0.00251078150520294
EC-Earth3,-9.5,-9.1554,4,FI,Soft wheat,heat,0.0017157505758001
EC-Earth3,-8.5,-8.4726,15,FI,Soft wheat,heat,0.00181908562170179
EC-Earth3,-7.5,-7.5562,20,FI,Soft wheat,heat,0.00166568609178142
EC-Earth3,-6.5,-6.4767,21,FI,Soft wheat,heat,0.00124223831418593
EC-Earth3,-5.5,-5.3342,8,FI,Soft wheat,heat,0.00116018412143667
EC-Earth3,-4.5,-4.5495,8,FI,Soft wheat,heat,0.0020934300290045
EC-Earth3,-3.5,-3.3459,9,FI,Soft wheat,heat,0.00185519003048171
EC-Earth3,-2.5,-2.4493,5,FI,Soft wheat,heat,0.00195725913531404
EC-Earth3,-1.5,-1.3807,6,FI,Soft wheat,heat,0.000900050671228124
EC-Earth3,-0.5,-0.6596,3,FI,Soft wheat,heat,-0.000374812341839277
HadGEM3-GC3-1LL,-8.5,-8.3848,12,FI,Soft wheat,heat,0.00173485631549739
HadGEM3-GC3-1LL,-7.5,-7.5599,19,FI,Soft wheat,heat,0.00164448323592815
HadGEM3-GC3-1LL,-6.5,-6.5442,24,FI,Soft wheat,heat,0.00138910635384995
HadGEM3-GC3-1LL,-5.5,-5.5797,10,FI,Soft wheat,heat,0.00110174399799465
HadGEM3-GC3-1LL,-4.5,-4.5263,6,FI,Soft wheat,heat,0.00131368432852127
HadGEM3-GC3-1LL,-3.5,-3.7835,7,FI,Soft wheat,heat,0.00166020416464796
HadGEM3-GC3-1LL,-2.5,-2.4504,6,FI,Soft wheat,heat,0.00112018955900565
HadGEM3-GC3-1LL,-1.5,-1.3098,8,FI,Soft wheat,heat,0.000181643498022303
HadGEM3-GC3-1LL,-0.5,-0.331,6,FI,Soft wheat,heat,2.3032801562614e-05
HadGEM3-GC3-1MM,-14.5,-14.3032,4,FI,Soft wheat,heat,0.0024157340475537
HadGEM3-GC3-1MM,-13.5,-13.3931,8,FI,Soft wheat,heat,0.00241613961795105
HadGEM3-GC3-1MM,-12.5,-12.588,13,FI,Soft wheat,heat,0.00244542961722094
HadGEM3-GC3-1MM,-11.5,-11.5321,21,FI,Soft wheat,heat,0.00244562513262516
HadGEM3-GC3-1MM,-10.5,-10.4803,10,FI,Soft wheat,heat,0.00245349375156943
HadGEM3-GC3-1MM,-9.5,-9.6161,7,FI,Soft wheat,heat,0.00222656254981039
HadGEM3-GC3-1MM,-8.5,-8.6582,7,FI,Soft wheat,heat,0.00231287458307288
HadGEM3-GC3-1MM,-7.5,-7.6345,8,FI,Soft wheat,heat,0.00217325015735975
HadGEM3-GC3-1MM,-6.5,-6.4299,4,FI,Soft wheat,heat,0.00194358342465582
HadGEM3-GC3-1MM,-5.5,-5.3528,4,FI,Soft wheat,heat,0.00170699060200129
HadGEM3-GC3-1MM,-4.5,-4.3969,4,FI,Soft wheat,heat,0.0013053224081659
IPSL-CM6A-LR,-9.5,-9.3401,5,FI,Soft wheat,heat,0.00198270796629267
IPSL-CM6A-LR,-8.5,-8.4598,8,FI,Soft wheat,heat,0.00216375547367318
IPSL-CM6A-LR,-7.5,-7.5255,19,FI,Soft wheat,heat,0.00210928734934935
IPSL-CM6A-LR,-6.5,-6.5577,11,FI,Soft wheat,heat,0.00195235657621226
IPSL-CM6A-LR,-5.5,-5.5623,13,FI,Soft wheat,heat,0.001539139078139
IPSL-CM6A-LR,-4.5,-4.3507,11,FI,Soft wheat,heat,0.00188622392188257
IPSL-CM6A-LR,-3.5,-3.4644,8,FI,Soft wheat,heat,0.0014064838462258
IPSL-CM6A-LR,-2.5,-2.5669,9,FI,Soft wheat,heat,0.00133818757236588
IPSL-CM6A-LR,-1.5,-1.2909,6,FI,Soft wheat,heat,0.00170151935076726
IPSL-CM6A-LR,-0.5,-0.6347,8,FI,Soft wheat,heat,0.000574605367588645
EC-Earth3,-9.5,-9.1554,4,FR,Soft wheat,heat,0.00840491805612293
EC-Earth3,-8.5,-8.4726,15,FR,Soft wheat,heat,0.00676635198631464
EC-Earth3,-7.5,-7.5562,20,FR,Soft wheat,heat,0.0083895390780538
EC-Earth3,-6.5,-6.4767,21,FR,Soft wheat,heat,0.00170507747364357
EC-Earth3,-5.5,-5.3342,8,FR,Soft wheat,heat,0.00374818323405082
EC-Earth3,-4.5,-4.5495,8,FR,Soft wheat,heat,0.0027531803110144
EC-Earth3,-3.5,-3.3459,9,FR,Soft wheat,heat,-0.00465077751272173
EC-Earth3,-2.5,-2.4493,5,FR,Soft wheat,heat,0.00542486306407097
EC-Earth3,-1.5,-1.3807,6,FR,Soft wheat,heat,0.00338230817238631
EC-Earth3,-0.5,-0.6596,3,FR,Soft wheat,heat,-0.0048579023230633
HadGEM3-GC3-1LL,-8.5,-8.3848,12,FR,Soft wheat,heat,-0.00482013797598654
HadGEM3-GC3-1LL,-7.5,-7.5599,19,FR,Soft wheat,heat,0.00289542351273923
HadGEM3-GC3-1LL,-6.5,-6.5442,24,FR,Soft wheat,heat,0.00215310939490863
HadGEM3-GC3-1LL,-5.5,-5.5797,10,FR,Soft wheat,heat,0.00115219559498413
HadGEM3-GC3-1LL,-4.5,-4.5263,6,FR,Soft wheat,heat,-0.00101442490155849
HadGEM3-GC3-1LL,-3.5,-3.7835,7,FR,Soft wheat,heat,0.00506711153521638
HadGEM3-GC3-1LL,-2.5,-2.4504,6,FR,Soft wheat,heat,-0.00297752562497447
HadGEM3-GC3-1LL,-1.5,-1.3098,8,FR,Soft wheat,heat,-0.000970637859595312
HadGEM3-GC3-1LL,-0.5,-0.331,6,FR,Soft wheat,heat,-0.00261737503059957
HadGEM3-GC3-1MM,-14.5,-14.3032,4,FR,Soft wheat,heat,0.0126162698713253
HadGEM3-GC3-1MM,-13.5,-13.3931,8,FR,Soft wheat,heat,0.0165606588069696
HadGEM3-GC3-1MM,-12.5,-12.588,13,FR,Soft wheat,heat,0.0103358665213228
HadGEM3-GC3-1MM,-11.5,-11.5321,21,FR,Soft wheat,heat,0.0121048504473345
HadGEM3-GC3-1MM,-10.5,-10.4803,10,FR,Soft wheat,heat,0.00888136034851021
HadGEM3-GC3-1MM,-9.5,-9.6161,7,FR,Soft wheat,heat,0.0021538708085043
HadGEM3-GC3-1MM,-8.5,-8.6582,7,FR,Soft wheat,heat,0.00678229230419324
HadGEM3-GC3-1MM,-7.5,-7.6345,8,FR,Soft wheat,heat,0.00920843712459785
HadGEM3-GC3-1MM,-6.5,-6.4299,4,FR,Soft wheat,heat,-0.00326402940397118
HadGEM3-GC3-1MM,-5.5,-5.3528,4,FR,Soft wheat,heat,0.00474423417796595
HadGEM3-GC3-1MM,-4.5,-4.3969,4,FR,Soft wheat,heat,0.00210680901846075
IPSL-CM6A-LR,-9.5,-9.3401,5,FR,Soft wheat,heat,0.00598159150416804
IPSL-CM6A-LR,-8.5,-8.4598,8,FR,Soft wheat,heat,0.00827698288109512
IPSL-CM6A-LR,-7.5,-7.5255,19,FR,Soft wheat,heat,0.00329169755778138
IPSL-CM6A-LR,-6.5,-6.5577,11,FR,Soft wheat,heat,0.00182783731431102
IPSL-CM6A-LR,-5.5,-5.5623,13,FR,Soft wheat,heat,0.00279631471609005
IPSL-CM6A-LR,-4.5,-4.3507,11,FR,Soft wheat,heat,-6.06031374667294e-05
IPSL-CM6A-LR,-3.5,-3.4644,8,FR,Soft wheat,heat,0.0039746390341714
IPSL-CM6A-LR,-2.5,-2.5669,9,FR,Soft wheat,heat,-0.000330037952419297
IPSL-CM6A-LR,-1.5,-1.2909,6,FR,Soft wheat,heat,0.0017952117304892
IPSL-CM6A-LR,-0.5,-0.6347,8,FR,Soft wheat,heat,-0.000904753107272655
EC-Earth3,-9.5,-9.1554,4,HU,Soft wheat,heat,0.019073048159729
EC-Earth3,-8.5,-8.4726,15,HU,Soft wheat,heat,0.0202085726217845
EC-Earth3,-7.5,-7.5562,20,HU,Soft wheat,heat,0.0193623388880631
EC-Earth3,-6.5,-6.4767,21,HU,Soft wheat,heat,0.00509954988250677
EC-Earth3,-5.5,-5.3342,8,HU,Soft wheat,heat,-0.00828969192468777
EC-Earth3,-4.5,-4.5495,8,HU,Soft wheat,heat,0.00674019009810933
EC-Earth3,-3.5,-3.3459,9,HU,Soft wheat,heat,0.0149635566671588
EC-Earth3,-2.5,-2.4493,5,HU,Soft wheat,heat,-0.00534584726236515
EC-Earth3,-1.5,-1.3807,6,HU,Soft wheat,heat,0.0151878741384846
EC-Earth3,-0.5,-0.6596,3,HU,Soft wheat,heat,-0.0205861084724217
HadGEM3-GC3-1LL,-8.5,-8.3848,12,HU,Soft wheat,heat,0.000492110196319139
HadGEM3-GC3-1LL,-7.5,-7.5599,19,HU,Soft wheat,heat,-0.0116700181909112
HadGEM3-GC3-1LL,-6.5,-6.5442,24,HU,Soft wheat,heat,0.0112574614630992
HadGEM3-GC3-1LL,-5.5,-5.5797,10,HU,Soft wheat,heat,-0.00205522037545487
HadGEM3-GC3-1LL,-4.5,-4.5263,6,HU,Soft wheat,heat,0.0146825422654561
HadGEM3-GC3-1LL,-3.5,-3.7835,7,HU,Soft wheat,heat,0.00506199089940454
HadGEM3-GC3-1LL,-2.5,-2.4504,6,HU,Soft wheat,heat,0.00249572262648455
HadGEM3-GC3-1LL,-1.5,-1.3098,8,HU,Soft wheat,heat,0.00457869454931518
HadGEM3-GC3-1LL,-0.5,-0.331,6,HU,Soft wheat,heat,0.0077610613090131
HadGEM3-GC3-1MM,-14.5,-14.3032,4,HU,Soft wheat,heat,-0.00102388038853814
HadGEM3-GC3-1MM,-13.5,-13.3931,8,HU,Soft wheat,heat,0.000326146012198111
HadGEM3-GC3-1MM,-12.5,-12.588,13,HU,Soft wheat,heat,0.004114252062835
HadGEM3-GC3-1MM,-11.5,-11.5321,21,HU,Soft wheat,heat,0.00734305466310216
HadGEM3-GC3-1MM,-10.5,-10.4803,10,HU,Soft wheat,heat,0.0228574051382718
HadGEM3-GC3-1MM,-9.5,-9.6161,7,HU,Soft wheat,heat,-0.019783823464922
HadGEM3-GC3-1MM,-8.5,-8.6582,7,HU,Soft wheat,heat,-0.00232685683738396
HadGEM3-GC3-1MM,-7.5,-7.6345,8,HU,Soft wheat,heat,0.0153421157604348
HadGEM3-GC3-1MM,-6.5,-6.4299,4,HU,Soft wheat,heat,0.00381912712292468
HadGEM3-GC3-1MM,-5.5,-5.3528,4,HU,Soft wheat,heat,-0.00367718764985723
HadGEM3-GC3-1MM,-4.5,-4.3969,4,HU,Soft wheat,heat,-0.0117703938637407
IPSL-CM6A-LR,-9.5,-9.3401,5,HU,Soft wheat,heat,0.0205040383244739
IPSL-CM6A-LR,-8.5,-8.4598,8,HU,Soft wheat,heat,0.0214741244527692
IPSL-CM6A-LR,-7.5,-7.5255,19,HU,Soft wheat,heat,0.0145386136517508
IPSL-CM6A-LR,-6.5,-6.5577,11,HU,Soft wheat,heat,0.0106278334516483
IPSL-CM6A-LR,-5.5,-5.5623,13,HU,Soft wheat,heat,0.0173906255293452
IPSL-CM6A-LR,-4.5,-4.3507,11,HU,Soft wheat,heat,0.00499790629834517
IPSL-CM6A-LR,-3.5,-3.4644,8,HU,Soft wheat,heat,0.0120263751094566
IPSL-CM6A-LR,-2.5,-2.5669,9,HU,Soft wheat,heat,0.014351545608324
IPSL-CM6A-LR,-1.5,-1.2909,6,HU,Soft wheat,heat,0.00140694026655191
IPSL-CM6A-LR,-0.5,-0.6347,8,HU,Soft wheat,heat,0.00144626499937394
EC-Earth3,-9.5,-9.1554,4,IT,Soft wheat,heat,0.0259045816507286
EC-Earth3,-8.5,-8.4726,15,IT,Soft wheat,heat,0.0134737067414291
EC-Earth3,-7.5,-7.5562,20,IT,Soft wheat,heat,0.0183887136640891
EC-Earth3,-6.5,-6.4767,21,IT,Soft wheat,heat,0.000304117949617719
EC-Earth3,-5.5,-5.3342,8,IT,Soft wheat,heat,-0.00527958953168147
EC-Earth3,-4.5,-4.5495,8,IT,Soft wheat,heat,-0.0108071625380182
EC-Earth3,-3.5,-3.3459,9,IT,Soft wheat,heat,0.0149989616343453
EC-Earth3,-2.5,-2.4493,5,IT,Soft wheat,heat,-0.00991692112210192
EC-Earth3,-1.5,-1.3807,6,IT,Soft wheat,heat,0.0066285623730946
EC-Earth3,-0.5,-0.6596,3,IT,Soft wheat,heat,-0.0154790969602619
HadGEM3-GC3-1LL,-8.5,-8.3848,12,IT,Soft wheat,heat,-0.00565574417238806
HadGEM3-GC3-1LL,-7.5,-7.5599,19,IT,Soft wheat,heat,-0.00931846490448527
HadGEM3-GC3-1LL,-6.5,-6.5442,24,IT,Soft wheat,heat,0.0141775593350202
HadGEM3-GC3-1LL,-5.5,-5.5797,10,IT,Soft wheat,heat,0.0024572768387122
HadGEM3-GC3-1LL,-4.5,-4.5263,6,IT,Soft wheat,heat,0.0092669008092549
HadGEM3-GC3-1LL,-3.5,-3.7835,7,IT,Soft wheat,heat,-0.00525473327131609
HadGEM3-GC3-1LL,-2.5,-2.4504,6,IT,Soft wheat,heat,-0.00722892349726835
HadGEM3-GC3-1LL,-1.5,-1.3098,8,IT,Soft wheat,heat,0.00252361640402259
HadGEM3-GC3-1LL,-0.5,-0.331,6,IT,Soft wheat,heat,-0.00287280938722935
HadGEM3-GC3-1MM,-14.5,-14.3032,4,IT,Soft wheat,heat,0.00953995874494545
HadGEM3-GC3-1MM,-13.5,-13.3931,8,IT,Soft wheat,heat,0.0142038754240617
HadGEM3-GC3-1MM,-12.5,-12.588,13,IT,Soft wheat,heat,0.00509394300620374
HadGEM3-GC3-1MM,-11.5,-11.5321,21,IT,Soft wheat,heat,0.0130113861803775
HadGEM3-GC3-1MM,-10.5,-10.4803,10,IT,Soft wheat,heat,0.0172176651358884
HadGEM3-GC3-1MM,-9.5,-9.6161,7,IT,Soft wheat,heat,-0.0126820076249226
HadGEM3-GC3-1MM,-8.5,-8.6582,7,IT,Soft wheat,heat,-0.00255515530398006
HadGEM3-GC3-1MM,-7.5,-7.6345,8,IT,Soft wheat,heat,0.00146373546597331
HadGEM3-GC3-1MM,-6.5,-6.4299,4,IT,Soft wheat,heat,-0.000420351218111897
HadGEM3-GC3-1MM,-5.5,-5.3528,4,IT,Soft wheat,heat,0.0020229136885878
HadGEM3-GC3-1MM,-4.5,-4.3969,4,IT,Soft wheat,heat,-0.00422117096072502
IPSL-CM6A-LR,-9.5,-9.3401,5,IT,Soft wheat,heat,0.0206043332573934
IPSL-CM6A-LR,-8.5,-8.4598,8,IT,Soft wheat,heat,0.0232368316409243
IPSL-CM6A-LR,-7.5,-7.5255,19,IT,Soft wheat,heat,0.0121001029682916
IPSL-CM6A-LR,-6.5,-6.5577,11,IT,Soft wheat,heat,0.0141334855909828
IPSL-CM6A-LR,-5.5,-5.5623,13,IT,Soft wheat,heat,0.0153266342983409
IPSL-CM6A-LR,-4.5,-4.3507,11,IT,Soft wheat,heat,-0.0100539780261216
IPSL-CM6A-LR,-3.5,-3.4644,8,IT,Soft wheat,heat,0.00803895186533459
IPSL-CM6A-LR,-2.5,-2.5669,9,IT,Soft wheat,heat,0.00983543878976645
IPSL-CM6A-LR,-1.5,-1.2909,6,IT,Soft wheat,heat,-0.00193846611953485
IPSL-CM6A-LR,-0.5,-0.6347,8,IT,Soft wheat,heat,-8.96144844405862e-05
EC-Earth3,-9.5,-9.1554,4,LT,Soft wheat,heat,0.00116294993752832
EC-Earth3,-8.5,-8.4726,15,LT,Soft wheat,heat,0.00346549263727432
EC-Earth3,-7.5,-7.5562,20,LT,Soft wheat,heat,0.00380903494254021
EC-Earth3,-6.5,-6.4767,21,LT,Soft wheat,heat,0.00239815425610468
EC-Earth3,-5.5,-5.3342,8,LT,Soft wheat,heat,0.00125884848810149
EC-Earth3,-4.5,-4.5495,8,LT,Soft wheat,heat,0.00315881438562223
EC-Earth3,-3.5,-3.3459,9,LT,Soft wheat,heat,0.00240788379747685
EC-Earth3,-2.5,-2.4493,5,LT,Soft wheat,heat,0.00352824632157187
EC-Earth3,-1.5,-1.3807,6,LT,Soft wheat,heat,0.00127520712094925
EC-Earth3,-0.5,-0.6596,3,LT,Soft wheat,heat,-0.00606688888560024
HadGEM3-GC3-1LL,-8.5,-8.3848,12,LT,Soft wheat,heat,0.00268149505304409
HadGEM3-GC3-1LL,-7.5,-7.5599,19,LT,Soft wheat,heat,0.00237777227504448
HadGEM3-GC3-1LL,-6.5,-6.5442,24,LT,Soft wheat,heat,0.00230100619646721
HadGEM3-GC3-1LL,-5.5,-5.5797,10,LT,Soft wheat,heat,0.000885866705887282
HadGEM3-GC3-1LL,-4.5,-4.5263,6,LT,Soft wheat,heat,0.00289075704159272
HadGEM3-GC3-1LL,-3.5,-3.7835,7,LT,Soft wheat,heat,0.00352172298618688
HadGEM3-GC3-1LL,-2.5,-2.4504,6,LT,Soft wheat,heat,0.00201141743720215
HadGEM3-GC3-1LL,-1.5,-1.3098,8,LT,Soft wheat,heat,-0.000119254679172565
HadGEM3-GC3-1LL,-0.5,-0.331,6,LT,Soft wheat,heat,0.000830838143663489
HadGEM3-GC3-1MM,-14.5,-14.3032,4,LT,Soft wheat,heat,0.00536000289155322
HadGEM3-GC3-1MM,-13.5,-13.3931,8,LT,Soft wheat,heat,0.00596051861379033
HadGEM3-GC3-1MM,-12.5,-12.588,13,LT,Soft wheat,heat,0.00663097367429361
HadGEM3-GC3-1MM,-11.5,-11.5321,21,LT,Soft wheat,heat,0.00635844836922182
HadGEM3-GC3-1MM,-10.5,-10.4803,10,LT,Soft wheat,heat,0.00725730845105748
HadGEM3-GC3-1MM,-9.5,-9.6161,7,LT,Soft wheat,heat,0.00141413158054265
HadGEM3-GC3-1MM,-8.5,-8.6582,7,LT,Soft wheat,heat,0.00440386820717685
HadGEM3-GC3-1MM,-7.5,-7.6345,8,LT,Soft wheat,heat,0.00519071757147445
HadGEM3-GC3-1MM,-6.5,-6.4299,4,LT,Soft wheat,heat,0.0036139991632712
HadGEM3-GC3-1MM,-5.5,-5.3528,4,LT,Soft wheat,heat,0.00234937305689187
HadGEM3-GC3-1MM,-4.5,-4.3969,4,LT,Soft wheat,heat,0.000597448444399967
IPSL-CM6A-LR,-9.5,-9.3401,5,LT,Soft wheat,heat,0.00606186908082912
IPSL-CM6A-LR,-8.5,-8.4598,8,LT,Soft wheat,heat,0.00540141461802028
IPSL-CM6A-LR,-7.5,-7.5255,19,LT,Soft wheat,heat,0.00457696329212778
IPSL-CM6A-LR,-6.5,-6.5577,11,LT,Soft wheat,heat,0.00331949125043193
IPSL-CM6A-LR,-5.5,-5.5623,13,LT,Soft wheat,heat,0.00403884536844723
IPSL-CM6A-LR,-4.5,-4.3507,11,LT,Soft wheat,heat,0.00418204759021762
IPSL-CM6A-LR,-3.5,-3.4644,8,LT,Soft wheat,heat,0.00361797764708674
IPSL-CM6A-LR,-2.5,-2.5669,9,LT,Soft wheat,heat,0.00419145699521098
IPSL-CM6A-LR,-1.5,-1.2909,6,LT,Soft wheat,heat,0.00346147427033714
IPSL-CM6A-LR,-0.5,-0.6347,8,LT,Soft wheat,heat,0.0014058571249438
EC-Earth3,-9.5,-9.1554,4,LV,Soft wheat,heat,0.000636634536645851
EC-Earth3,-8.5,-8.4726,15,LV,Soft wheat,heat,0.00258587824988452
EC-Earth3,-7.5,-7.5562,20,LV,Soft wheat,heat,0.00287402818270474
EC-Earth3,-6.5,-6.4767,21,LV,Soft wheat,heat,0.00207678971804787
EC-Earth3,-5.5,-5.3342,8,LV,Soft wheat,heat,0.00103402969516098
EC-Earth3,-4.5,-4.5495,8,LV,Soft wheat,heat,0.00287406304436875
EC-Earth3,-3.5,-3.3459,9,LV,Soft wheat,heat,0.0023387605385771
EC-Earth3,-2.5,-2.4493,5,LV,Soft wheat,heat,0.002801036445306
EC-Earth3,-1.5,-1.3807,6,LV,Soft wheat,heat,0.000829215481750318
EC-Earth3,-0.5,-0.6596,3,LV,Soft wheat,heat,-0.00448374132822989
HadGEM3-GC3-1LL,-8.5,-8.3848,12,LV,Soft wheat,heat,0.00261716192109263
HadGEM3-GC3-1LL,-7.5,-7.5599,19,LV,Soft wheat,heat,0.00244413311866678
HadGEM3-GC3-1LL,-6.5,-6.5442,24,LV,Soft wheat,heat,0.00208548473887402
HadGEM3-GC3-1LL,-5.5,-5.5797,10,LV,Soft wheat,heat,0.0014382587013022
HadGEM3-GC3-1LL,-4.5,-4.5263,6,LV,Soft wheat,heat,0.00246404581084199
HadGEM3-GC3-1LL,-3.5,-3.7835,7,LV,Soft wheat,heat,0.0029101283778447
HadGEM3-GC3-1LL,-2.5,-2.4504,6,LV,Soft wheat,heat,0.00177672551083232
HadGEM3-GC3-1LL,-1.5,-1.3098,8,LV,Soft wheat,heat,-4.1865128133072e-05
HadGEM3-GC3-1LL,-0.5,-0.331,6,LV,Soft wheat,heat,0.000603232574482958
HadGEM3-GC3-1MM,-14.5,-14.3032,4,LV,Soft wheat,heat,0.00455482780914105
HadGEM3-GC3-1MM,-13.5,-13.3931,8,LV,Soft wheat,heat,0.00486205266472625
HadGEM3-GC3-1MM,-12.5,-12.588,13,LV,Soft wheat,heat,0.00523251066304809
HadGEM3-GC3-1MM,-11.5,-11.5321,21,LV,Soft wheat,heat,0.00505638614779698
HadGEM3-GC3-1MM,-10.5,-10.4803,10,LV,Soft wheat,heat,0.00542378789420056
HadGEM3-GC3-1MM,-9.5,-9.6161,7,LV,Soft wheat,heat,0.00243370861934301
HadGEM3-GC3-1MM,-8.5,-8.6582,7,LV,Soft wheat,heat,0.00387593346501804
HadGEM3-GC3-1MM,-7.5,-7.6345,8,LV,Soft wheat,heat,0.00409319397597445
HadGEM3-GC3-1MM,-6.5,-6.4299,4,LV,Soft wheat,heat,0.00319294184974323
HadGEM3-GC3-1MM,-5.5,-5.3528,4,LV,Soft wheat,heat,0.001603148874965
HadGEM3-GC3-1MM,-4.5,-4.3969,4,LV,Soft wheat,heat,0.00107692056077583
IPSL-CM6A-LR,-9.5,-9.3401,5,LV,Soft wheat,heat,0.00472959142358615
IPSL-CM6A-LR,-8.5,-8.4598,8,LV,Soft wheat,heat,0.00424463343062682
IPSL-CM6A-LR,-7.5,-7.5255,19,LV,Soft wheat,heat,0.00387340079828683
IPSL-CM6A-LR,-6.5,-6.5577,11,LV,Soft wheat,heat,0.0032358804775807
IPSL-CM6A-LR,-5.5,-5.5623,13,LV,Soft wheat,heat,0.00314660514984691
IPSL-CM6A-LR,-4.5,-4.3507,11,LV,Soft wheat,heat,0.00347273977426186
IPSL-CM6A-LR,-3.5,-3.4644,8,LV,Soft wheat,heat,0.00280192836848291
IPSL-CM6A-LR,-2.5,-2.5669,9,LV,Soft wheat,heat,0.00315900916859222
IPSL-CM6A-LR,-1.5,-1.2909,6,LV,Soft wheat,heat,0.00283788359842847
IPSL-CM6A-LR,-0.5,-0.6347,8,LV,Soft wheat,heat,0.000920226204335428
EC-Earth3,-9.5,-9.1554,4,RO,Soft wheat,heat,0.0114395077511228
EC-Earth3,-8.5,-8.4726,15,RO,Soft wheat,heat,0.0144276858184917
EC-Earth3,-7.5,-7.5562,20,RO,Soft wheat,heat,0.017698233915389
EC-Earth3,-6.5,-6.4767,21,RO,Soft wheat,heat,0.00751985509586118
EC-Earth3,-5.5,-5.3342,8,RO,Soft wheat,heat,0.00120336972491784
EC-Earth3,-4.5,-4.5495,8,RO,Soft wheat,heat,0.0052444175182648
EC-Earth3,-3.5,-3.3459,9,RO,Soft wheat,heat,0.0156888694030608
EC-Earth3,-2.5,-2.4493,5,RO,Soft wheat,heat,-0.0168514558945374
EC-Earth3,-1.5,-1.3807,6,RO,Soft wheat,heat,0.0106022168191218
EC-Earth3,-0.5,-0.6596,3,RO,Soft wheat,heat,-0.00718403405041103
HadGEM3-GC3-1LL,-8.5,-8.3848,12,RO,Soft wheat,heat,0.00635766152211619
HadGEM3-GC3-1LL,-7.5,-7.5599,19,RO,Soft wheat,heat,-0.0101189099714652
HadGEM3-GC3-1LL,-6.5,-6.5442,24,RO,Soft wheat,heat,0.0113898656492422
HadGEM3-GC3-1LL,-5.5,-5.5797,10,RO,Soft wheat,heat,-0.00409640958571688
HadGEM3-GC3-1LL,-4.5,-4.5263,6,RO,Soft wheat,heat,0.00953299063223073
HadGEM3-GC3-1LL,-3.5,-3.7835,7,RO,Soft wheat,heat,0.00398241514977935
HadGEM3-GC3-1LL,-2.5,-2.4504,6,RO,Soft wheat,heat,-0.0013442622638358
HadGEM3-GC3-1LL,-1.5,-1.3098,8,RO,Soft wheat,heat,0.0134414375434035
HadGEM3-GC3-1LL,-0.5,-0.331,6,RO,Soft wheat,heat,0.00861539019786461
HadGEM3-GC3-1MM,-14.5,-14.3032,4,RO,Soft wheat,heat,-0.0122906081931764
HadGEM3-GC3-1MM,-13.5,-13.3931,8,RO,Soft wheat,heat,-0.0155931868669808
HadGEM3-GC3-1MM,-12.5,-12.588,13,RO,Soft wheat,heat,0.00388931451527086
HadGEM3-GC3-1MM,-11.5,-11.5321,21,RO,Soft wheat,heat,-0.00587223610267555
HadGEM3-GC3-1MM,-10.5,-10.4803,10,RO,Soft wheat,heat,0.0101555109646005
HadGEM3-GC3-1MM,-9.5,-9.6161,7,RO,Soft wheat,heat,-0.0180877965380259
HadGEM3-GC3-1MM,-8.5,-8.6582,7,RO,Soft wheat,heat,-0.00881009237214471
HadGEM3-GC3-1MM,-7.5,-7.6345,8,RO,Soft wheat,heat,0.0111110574861668
HadGEM3-GC3-1MM,-6.5,-6.4299,4,RO,Soft wheat,heat,0.0105745084757401
HadGEM3-GC3-1MM,-5.5,-5.3528,4,RO,Soft wheat,heat,-0.0138536462183964
HadGEM3-GC3-1MM,-4.5,-4.3969,4,RO,Soft wheat,heat,-0.0215046477434957
IPSL-CM6A-LR,-9.5,-9.3401,5,RO,Soft wheat,heat,0.0278987869984142
IPSL-CM6A-LR,-8.5,-8.4598,8,RO,Soft wheat,heat,0.0198603596811691
IPSL-CM6A-LR,-7.5,-7.5255,19,RO,Soft wheat,heat,0.0185925753072005
IPSL-CM6A-LR,-6.5,-6.5577,11,RO,Soft wheat,heat,0.0151114425338769
IPSL-CM6A-LR,-5.5,-5.5623,13,RO,Soft wheat,heat,0.0172669461742509
IPSL-CM6A-LR,-4.5,-4.3507,11,RO,Soft wheat,heat,0.00869175931068086
IPSL-CM6A-LR,-3.5,-3.4644,8,RO,Soft wheat,heat,0.00820016453842838
IPSL-CM6A-LR,-2.5,-2.5669,9,RO,Soft wheat,heat,0.0159909639386526
IPSL-CM6A-LR,-1.5,-1.2909,6,RO,Soft wheat,heat,0.00602454742018989
IPSL-CM6A-LR,-0.5,-0.6347,8,RO,Soft wheat,heat,-0.00332193656361795
EC-Earth3,-9.5,-9.1554,4,SE,Soft wheat,heat,0.00235857832027838
EC-Earth3,-8.5,-8.4726,15,SE,Soft wheat,heat,0.00220309248504863
EC-Earth3,-7.5,-7.5562,20,SE,Soft wheat,heat,0.00210335457758093
EC-Earth3,-6.5,-6.4767,21,SE,Soft wheat,heat,0.00165552186531753
EC-Earth3,-5.5,-5.3342,8,SE,Soft wheat,heat,0.00119957199036714
EC-Earth3,-4.5,-4.5495,8,SE,Soft wheat,heat,0.00219715766409697
EC-Earth3,-3.5,-3.3459,9,SE,Soft wheat,heat,0.0013645720289268
EC-Earth3,-2.5,-2.4493,5,SE,Soft wheat,heat,0.00220644567496841
EC-Earth3,-1.5,-1.3807,6,SE,Soft wheat,heat,0.00140965322634208
EC-Earth3,-0.5,-0.6596,3,SE,Soft wheat,heat,0.000307165689254909
HadGEM3-GC3-1LL,-8.5,-8.3848,12,SE,Soft wheat,heat,0.00155477765613017
HadGEM3-GC3-1LL,-7.5,-7.5599,19,SE,Soft wheat,heat,0.00165492817542674
HadGEM3-GC3-1LL,-6.5,-6.5442,24,SE,Soft wheat,heat,0.00143131321140552
HadGEM3-GC3-1LL,-5.5,-5.5797,10,SE,Soft wheat,heat,0.000897321289093022
HadGEM3-GC3-1LL,-4.5,-4.5263,6,SE,Soft wheat,heat,0.00142907997025328
HadGEM3-GC3-1LL,-3.5,-3.7835,7,SE,Soft wheat,heat,0.00182542669127437
HadGEM3-GC3-1LL,-2.5,-2.4504,6,SE,Soft wheat,heat,0.00118045621539974
HadGEM3-GC3-1LL,-1.5,-1.3098,8,SE,Soft wheat,heat,-2.23731600940695e-05
HadGEM3-GC3-1LL,-0.5,-0.331,6,SE,Soft wheat,heat,4.1205280282108e-06
HadGEM3-GC3-1MM,-14.5,-14.3032,4,SE,Soft wheat,heat,0.0025386457490677
HadGEM3-GC3-1MM,-13.5,-13.3931,8,SE,Soft wheat,heat,0.00254642515691747
HadGEM3-GC3-1MM,-12.5,-12.588,13,SE,Soft wheat,heat,0.00254099627275089
HadGEM3-GC3-1MM,-11.5,-11.5321,21,SE,Soft wheat,heat,0.00255852757732898
HadGEM3-GC3-1MM,-10.5,-10.4803,10,SE,Soft wheat,heat,0.00255671323848062
HadGEM3-GC3-1MM,-9.5,-9.6161,7,SE,Soft wheat,heat,0.00184015800593772
HadGEM3-GC3-1MM,-8.5,-8.6582,7,SE,Soft wheat,heat,0.00222758514455273
HadGEM3-GC3-1MM,-7.5,-7.6345,8,SE,Soft wheat,heat,0.0022589297395972
HadGEM3-GC3-1MM,-6.5,-6.4299,4,SE,Soft wheat,heat,0.00120737022072263
HadGEM3-GC3-1MM,-5.5,-5.3528,4,SE,Soft wheat,heat,0.00212834396011271
HadGEM3-GC3-1MM,-4.5,-4.3969,4,SE,Soft wheat,heat,0.00109825914078656
IPSL-CM6A-LR,-9.5,-9.3401,5,SE,Soft wheat,heat,0.00219791015296457
IPSL-CM6A-LR,-8.5,-8.4598,8,SE,Soft wheat,heat,0.0023609844004019
IPSL-CM6A-LR,-7.5,-7.5255,19,SE,Soft wheat,heat,0.00208195945337117
IPSL-CM6A-LR,-6.5,-6.5577,11,SE,Soft wheat,heat,0.00185731617575671
IPSL-CM6A-LR,-5.5,-5.5623,13,SE,Soft wheat,heat,0.00173084081776685
IPSL-CM6A-LR,-4.5,-4.3507,11,SE,Soft wheat,heat,0.00198444061079741
IPSL-CM6A-LR,-3.5,-3.4644,8,SE,Soft wheat,heat,0.00186994767078228
IPSL-CM6A-LR,-2.5,-2.5669,9,SE,Soft wheat,heat,0.00120955142457818
IPSL-CM6A-LR,-1.5,-1.2909,6,SE,Soft wheat,heat,0.00168987722146462
IPSL-CM6A-LR,-0.5,-0.6347,8,SE,Soft wheat,heat,0.000776966562589573
EC-Earth3,-9.5,-9.1554,4,SK,Soft wheat,heat,0.0144516054320528
EC-Earth3,-8.5,-8.4726,15,SK,Soft wheat,heat,0.0138918742009977
EC-Earth3,-7.5,-7.5562,20,SK,Soft wheat,heat,0.0136723766036206
EC-Earth3,-6.5,-6.4767,21,SK,Soft wheat,heat,0.00312987079262182
EC-Earth3,-5.5,-5.3342,8,SK,Soft wheat,heat,-0.00635592138191753
EC-Earth3,-4.5,-4.5495,8,SK,Soft wheat,heat,0.00517571288423473
EC-Earth3,-3.5,-3.3459,9,SK,Soft wheat,heat,0.00724087551590054
EC-Earth3,-2.5,-2.4493,5,SK,Soft wheat,heat,0.00217471396485907
EC-Earth3,-1.5,-1.3807,6,SK,Soft wheat,heat,0.00806454228317059
EC-Earth3,-0.5,-0.6596,3,SK,Soft wheat,heat,-0.0175026740764875
HadGEM3-GC3-1LL,-8.5,-8.3848,12,SK,Soft wheat,heat,0.000472414235587033
HadGEM3-GC3-1LL,-7.5,-7.5599,19,SK,Soft wheat,heat,-0.00605218428629646
HadGEM3-GC3-1LL,-6.5,-6.5442,24,SK,Soft wheat,heat,0.0077801479387678
HadGEM3-GC3-1LL,-5.5,-5.5797,10,SK,Soft wheat,heat,-0.00152788843961271
HadGEM3-GC3-1LL,-4.5,-4.5263,6,SK,Soft wheat,heat,0.0096919512128636
HadGEM3-GC3-1LL,-3.5,-3.7835,7,SK,Soft wheat,heat,0.00441511479541999
HadGEM3-GC3-1LL,-2.5,-2.4504,6,SK,Soft wheat,heat,0.00224654895008791
HadGEM3-GC3-1LL,-1.5,-1.3098,8,SK,Soft wheat,heat,0.00182642781069746
HadGEM3-GC3-1LL,-0.5,-0.331,6,SK,Soft wheat,heat,0.00766172264365072
HadGEM3-GC3-1MM,-14.5,-14.3032,4,SK,Soft wheat,heat,0.00191300735888431
HadGEM3-GC3-1MM,-13.5,-13.3931,8,SK,Soft wheat,heat,0.000953650256281239
HadGEM3-GC3-1MM,-12.5,-12.588,13,SK,Soft wheat,heat,0.00248812844856016
HadGEM3-GC3-1MM,-11.5,-11.5321,21,SK,Soft wheat,heat,0.00724628226868651
HadGEM3-GC3-1MM,-10.5,-10.4803,10,SK,Soft wheat,heat,0.0164596295517886
HadGEM3-GC3-1MM,-9.5,-9.6161,7,SK,Soft wheat,heat,-0.0196966116770505
HadGEM3-GC3-1MM,-8.5,-8.6582,7,SK,Soft wheat,heat,0.00191772075544581
HadGEM3-GC3-1MM,-7.5,-7.6345,8,SK,Soft wheat,heat,0.0116827445036437
HadGEM3-GC3-1MM,-6.5,-6.4299,4,SK,Soft wheat,heat,0.000816128299138
HadGEM3-GC3-1MM,-5.5,-5.3528,4,SK,Soft wheat,heat,-0.00221058698713005
HadGEM3-GC3-1MM,-4.5,-4.3969,4,SK,Soft wheat,heat,-0.00817334188769907
IPSL-CM6A-LR,-9.5,-9.3401,5,SK,Soft wheat,heat,0.0133985877023004
IPSL-CM6A-LR,-8.5,-8.4598,8,SK,Soft wheat,heat,0.0150232136389642
IPSL-CM6A-LR,-7.5,-7.5255,19,SK,Soft wheat,heat,0.0101947617956211
IPSL-CM6A-LR,-6.5,-6.5577,11,SK,Soft wheat,heat,0.00643213650125784
IPSL-CM6A-LR,-5.5,-5.5623,13,SK,Soft wheat,heat,0.0118218867041677
IPSL-CM6A-LR,-4.5,-4.3507,11,SK,Soft wheat,heat,0.00440860059902957
IPSL-CM6A-LR,-3.5,-3.4644,8,SK,Soft wheat,heat,0.00901117398246378
IPSL-CM6A-LR,-2.5,-2.5669,9,SK,Soft wheat,heat,0.0098672801727109
IPSL-CM6A-LR,-1.5,-1.2909,6,SK,Soft wheat,heat,0.00222876990280939
IPSL-CM6A-LR,-0.5,-0.6347,8,SK,Soft wheat,heat,0.00313016995950549
EC-Earth3,-9.5,-9.1554,4,EL,Durum wheat,heat,7.49039222167425e-05
EC-Earth3,-8.5,-8.4726,15,EL,Durum wheat,heat,7.82658121462319e-05
EC-Earth3,-7.5,-7.5562,20,EL,Durum wheat,heat,8.50167625093775e-05
EC-Earth3,-6.5,-6.4767,21,EL,Durum wheat,heat,7.77595269212702e-05
EC-Earth3,-5.5,-5.3342,8,EL,Durum wheat,heat,5.65715534361188e-05
EC-Earth3,-4.5,-4.5495,8,EL,Durum wheat,heat,1.49863608706344e-05
EC-Earth3,-3.5,-3.3459,9,EL,Durum wheat,heat,7.82760971943495e-05
EC-Earth3,-2.5,-2.4493,5,EL,Durum wheat,heat,-3.66128811005872e-05
EC-Earth3,-1.5,-1.3807,6,EL,Durum wheat,heat,3.892303679977e-05
EC-Earth3,-0.5,-0.6596,3,EL,Durum wheat,heat,4.23973371140696e-05
HadGEM3-GC3-1LL,-8.5,-8.3848,12,EL,Durum wheat,heat,6.43438074349589e-05
HadGEM3-GC3-1LL,-7.5,-7.5599,19,EL,Durum wheat,heat,-5.97763511123125e-06
HadGEM3-GC3-1LL,-6.5,-6.5442,24,EL,Durum wheat,heat,8.25478858480999e-05
HadGEM3-GC3-1LL,-5.5,-5.5797,10,EL,Durum wheat,heat,2.84241567924437e-05
HadGEM3-GC3-1LL,-4.5,-4.5263,6,EL,Durum wheat,heat,3.62006899561765e-05
HadGEM3-GC3-1LL,-3.5,-3.7835,7,EL,Durum wheat,heat,9.40238597189507e-06
HadGEM3-GC3-1LL,-2.5,-2.4504,6,EL,Durum wheat,heat,-5.9687733544429e-06
HadGEM3-GC3-1LL,-1.5,-1.3098,8,EL,Durum wheat,heat,4.89079884432843e-05
HadGEM3-GC3-1LL,-0.5,-0.331,6,EL,Durum wheat,heat,-6.73740506407166e-06
HadGEM3-GC3-1MM,-14.5,-14.3032,4,EL,Durum wheat,heat,4.55675067698101e-05
HadGEM3-GC3-1MM,-13.5,-13.3931,8,EL,Durum wheat,heat,-6.6259893858509e-06
HadGEM3-GC3-1MM,-12.5,-12.588,13,EL,Durum wheat,heat,5.24329447008307e-05
HadGEM3-GC3-1MM,-11.5,-11.5321,21,EL,Durum wheat,heat,3.67890669610673e-05
HadGEM3-GC3-1MM,-10.5,-10.4803,10,EL,Durum wheat,heat,-1.33883741531049e-06
HadGEM3-GC3-1MM,-9.5,-9.6161,7,EL,Durum wheat,heat,-2.01570964611955e-05
HadGEM3-GC3-1MM,-8.5,-8.6582,7,EL,Durum wheat,heat,7.00150442149265e-06
HadGEM3-GC3-1MM,-7.5,-7.6345,8,EL,Durum wheat,heat,-9.34406198265061e-06
HadGEM3-GC3-1MM,-6.5,-6.4299,4,EL,Durum wheat,heat,2.30547672438361e-05
HadGEM3-GC3-1MM,-5.5,-5.3528,4,EL,Durum wheat,heat,-5.60685761202388e-05
HadGEM3-GC3-1MM,-4.5,-4.3969,4,EL,Durum wheat,heat,-2.48111656962159e-05
IPSL-CM6A-LR,-9.5,-9.3401,5,EL,Durum wheat,heat,0.000132279714292864
IPSL-CM6A-LR,-8.5,-8.4598,8,EL,Durum wheat,heat,0.000101844394296956
IPSL-CM6A-LR,-7.5,-7.5255,19,EL,Durum wheat,heat,7.79311643801233e-05
IPSL-CM6A-LR,-6.5,-6.5577,11,EL,Durum wheat,heat,9.47662413686798e-05
IPSL-CM6A-LR,-5.5,-5.5623,13,EL,Durum wheat,heat,6.60568567710247e-05
IPSL-CM6A-LR,-4.5,-4.3507,11,EL,Durum wheat,heat,3.89633171688785e-05
IPSL-CM6A-LR,-3.5,-3.4644,8,EL,Durum wheat,heat,1.18203573082465e-05
IPSL-CM6A-LR,-2.5,-2.5669,9,EL,Durum wheat,heat,6.77361738568992e-05
IPSL-CM6A-LR,-1.5,-1.2909,6,EL,Durum wheat,heat,3.54819148513647e-05
IPSL-CM6A-LR,-0.5,-0.6347,8,EL,Durum wheat,heat,-1.76363952462048e-05
EC-Earth3,-9.5,-9.1554,4,ES,Durum wheat,heat,6.8369029421309e-05
EC-Earth3,-8.5,-8.4726,15,ES,Durum wheat,heat,-2.90836744149276e-06
EC-Earth3,-7.5,-7.5562,20,ES,Durum wheat,heat,3.26570574364165e-05
EC-Earth3,-6.5,-6.4767,21,ES,Durum wheat,heat,-1.10496511479999e-05
EC-Earth3,-5.5,-5.3342,8,ES,Durum wheat,heat,6.06211486777239e-05
EC-Earth3,-4.5,-4.5495,8,ES,Durum wheat,heat,1.11229975622276e-05
EC-Earth3,-3.5,-3.3459,9,ES,Durum wheat,heat,4.39636723802289e-05
EC-Earth3,-2.5,-2.4493,5,ES,Durum wheat,heat,-1.70342280727533e-05
EC-Earth3,-1.5,-1.3807,6,ES,Durum wheat,heat,5.08858925203206e-05
EC-Earth3,-0.5,-0.6596,3,ES,Durum wheat,heat,-7.4582901838063e-05
HadGEM3-GC3-1LL,-8.5,-8.3848,12,ES,Durum wheat,heat,-2.00433094405373e-05
HadGEM3-GC3-1LL,-7.5,-7.5599,19,ES,Durum wheat,heat,2.89789354671779e-05
HadGEM3-GC3-1LL,-6.5,-6.5442,24,ES,Durum wheat,heat,2.63522665056956e-05
HadGEM3-GC3-1LL,-5.5,-5.5797,10,ES,Durum wheat,heat,2.35729551400401e-05
HadGEM3-GC3-1LL,-4.5,-4.5263,6,ES,Durum wheat,heat,-1.3660678792968e-05
HadGEM3-GC3-1LL,-3.5,-3.7835,7,ES,Durum wheat,heat,2.24874174325141e-05
HadGEM3-GC3-1LL,-2.5,-2.4504,6,ES,Durum wheat,heat,-5.89583671624651e-05
HadGEM3-GC3-1LL,-1.5,-1.3098,8,ES,Durum wheat,heat,-3.28419502376581e-05
HadGEM3-GC3-1LL,-0.5,-0.331,6,ES,Durum wheat,heat,-4.27388740807853e-05
HadGEM3-GC3-1MM,-14.5,-14.3032,4,ES,Durum wheat,heat,9.77662960326975e-05
HadGEM3-GC3-1MM,-13.5,-13.3931,8,ES,Durum wheat,heat,0.000255217169450593
HadGEM3-GC3-1MM,-12.5,-12.588,13,ES,Durum wheat,heat,0.000209931709020478
HadGEM3-GC3-1MM,-11.5,-11.5321,21,ES,Durum wheat,heat,9.74079468331514e-05
HadGEM3-GC3-1MM,-10.5,-10.4803,10,ES,Durum wheat,heat,4.81733550249699e-05
HadGEM3-GC3-1MM,-9.5,-9.6161,7,ES,Durum wheat,heat,-1.99589556388912e-05
HadGEM3-GC3-1MM,-8.5,-8.6582,7,ES,Durum wheat,heat,2.33249994373876e-06
HadGEM3-GC3-1MM,-7.5,-7.6345,8,ES,Durum wheat,heat,-6.00072925989529e-05
HadGEM3-GC3-1MM,-6.5,-6.4299,4,ES,Durum wheat,heat,4.29335000651864e-05
HadGEM3-GC3-1MM,-5.5,-5.3528,4,ES,Durum wheat,heat,-9.61026986084752e-05
HadGEM3-GC3-1MM,-4.5,-4.3969,4,ES,Durum wheat,heat,7.37009055832556e-05
IPSL-CM6A-LR,-9.5,-9.3401,5,ES,Durum wheat,heat,7.97260475915777e-05
IPSL-CM6A-LR,-8.5,-8.4598,8,ES,Durum wheat,heat,0.000102168790410813
IPSL-CM6A-LR,-7.5,-7.5255,19,ES,Durum wheat,heat,3.87637734166814e-05
IPSL-CM6A-LR,-6.5,-6.5577,11,ES,Durum wheat,heat,5.22060335972826e-05
IPSL-CM6A-LR,-5.5,-5.5623,13,ES,Durum wheat,heat,3.11618117900194e-05
IPSL-CM6A-LR,-4.5,-4.3507,11,ES,Durum wheat,heat,-0.000100148824083149
IPSL-CM6A-LR,-3.5,-3.4644,8,ES,Durum wheat,heat,-9.73761586925353e-05
IPSL-CM6A-LR,-2.5,-2.5669,9,ES,Durum wheat,heat,2.4223952218851e-05
IPSL-CM6A-LR,-1.5,-1.2909,6,ES,Durum wheat,heat,-3.97590070074541e-05
IPSL-CM6A-LR,-0.5,-0.6347,8,ES,Durum wheat,heat,-1.15787916517899e-05
EC-Earth3,-9.5,-9.1554,4,FR,Durum wheat,heat,4.66092533935248e-05
EC-Earth3,-8.5,-8.4726,15,FR,Durum wheat,heat,2.72805934462523e-05
EC-Earth3,-7.5,-7.5562,20,FR,Durum wheat,heat,4.59463286204397e-05
EC-Earth3,-6.5,-6.4767,21,FR,Durum wheat,heat,-4.92094559061713e-06
EC-Earth3,-5.5,-5.3342,8,FR,Durum wheat,heat,2.47521502203468e-05
EC-Earth3,-4.5,-4.5495,8,FR,Durum wheat,heat,2.77921281923031e-06
EC-Earth3,-3.5,-3.3459,9,FR,Durum wheat,heat,-1.11823518081509e-05
EC-Earth3,-2.5,-2.4493,5,FR,Durum wheat,heat,1.71833010366431e-05
EC-Earth3,-1.5,-1.3807,6,FR,Durum wheat,heat,2.1139384011878e-05
EC-Earth3,-0.5,-0.6596,3,FR,Durum wheat,heat,-3.67311122732214e-05
HadGEM3-GC3-1LL,-8.5,-8.3848,12,FR,Durum wheat,heat,-3.2566318668386e-05
HadGEM3-GC3-1LL,-7.5,-7.5599,19,FR,Durum wheat,heat,1.05936022539205e-05
HadGEM3-GC3-1LL,-6.5,-6.5442,24,FR,Durum wheat,heat,1.53680307666869e-05
HadGEM3-GC3-1LL,-5.5,-5.5797,10,FR,Durum wheat,heat,-5.09962968040595e-07
HadGEM3-GC3-1LL,-4.5,-4.5263,6,FR,Durum wheat,heat,-1.43998769080299e-05
HadGEM3-GC3-1LL,-3.5,-3.7835,7,FR,Durum wheat,heat,1.94970118193747e-05
HadGEM3-GC3-1LL,-2.5,-2.4504,6,FR,Durum wheat,heat,-1.84890015804724e-05
HadGEM3-GC3-1LL,-1.5,-1.3098,8,FR,Durum wheat,heat,1.54924783615342e-06
HadGEM3-GC3-1LL,-0.5,-0.331,6,FR,Durum wheat,heat,-3.02515088436213e-05
HadGEM3-GC3-1MM,-14.5,-14.3032,4,FR,Durum wheat,heat,6.64121997408887e-05
HadGEM3-GC3-1MM,-13.5,-13.3931,8,FR,Durum wheat,heat,0.000109053913041684
HadGEM3-GC3-1MM,-12.5,-12.588,13,FR,Durum wheat,heat,6.67842911035591e-05
HadGEM3-GC3-1MM,-11.5,-11.5321,21,FR,Durum wheat,heat,7.22034972018217e-05
HadGEM3-GC3-1MM,-10.5,-10.4803,10,FR,Durum wheat,heat,4.68874569878853e-05
HadGEM3-GC3-1MM,-9.5,-9.6161,7,FR,Durum wheat,heat,6.26373643142504e-06
HadGEM3-GC3-1MM,-8.5,-8.6582,7,FR,Durum wheat,heat,3.34500997758938e-05
HadGEM3-GC3-1MM,-7.5,-7.6345,8,FR,Durum wheat,heat,4.72768009819717e-05
HadGEM3-GC3-1MM,-6.5,-6.4299,4,FR,Durum wheat,heat,-1.56669029096847e-05
HadGEM3-GC3-1MM,-5.5,-5.3528,4,FR,Durum wheat,heat,1.82147918355316e-05
HadGEM3-GC3-1MM,-4.5,-4.3969,4,FR,Durum wheat,heat,2.34449986925853e-05
IPSL-CM6A-LR,-9.5,-9.3401,5,FR,Durum wheat,heat,3.3474623051387e-05
IPSL-CM6A-LR,-8.5,-8.4598,8,FR,Durum wheat,heat,4.38348345489752e-05
IPSL-CM6A-LR,-7.5,-7.5255,19,FR,Durum wheat,heat,1.97910108123578e-05
IPSL-CM6A-LR,-6.5,-6.5577,11,FR,Durum wheat,heat,1.74048268241806e-05
IPSL-CM6A-LR,-5.5,-5.5623,13,FR,Durum wheat,heat,2.1199936476457e-05
IPSL-CM6A-LR,-4.5,-4.3507,11,FR,Durum wheat,heat,-2.38104349995503e-05
IPSL-CM6A-LR,-3.5,-3.4644,8,FR,Durum wheat,heat,1.29402089388361e-05
IPSL-CM6A-LR,-2.5,-2.5669,9,FR,Durum wheat,heat,4.89747529452854e-06
IPSL-CM6A-LR,-1.5,-1.2909,6,FR,Durum wheat,heat,4.2180654915299e-06
IPSL-CM6A-LR,-0.5,-0.6347,8,FR,Durum wheat,heat,-9.60321121112966e-06
EC-Earth3,-9.5,-9.1554,4,HU,Durum wheat,heat,7.52893320124496e-05
EC-Earth3,-8.5,-8.4726,15,HU,Durum wheat,heat,7.85610028136784e-05
EC-Earth3,-7.5,-7.5562,20,HU,Durum wheat,heat,7.52120506907498e-05
EC-Earth3,-6.5,-6.4767,21,HU,Durum wheat,heat,1.92856625319778e-05
EC-Earth3,-5.5,-5.3342,8,HU,Durum wheat,heat,-3.29583570600322e-05
EC-Earth3,-4.5,-4.5495,8,HU,Durum wheat,heat,2.63331486723023e-05
EC-Earth3,-3.5,-3.3459,9,HU,Durum wheat,heat,5.91607108509858e-05
EC-Earth3,-2.5,-2.4493,5,HU,Durum wheat,heat,-2.22517757024546e-05
EC-Earth3,-1.5,-1.3807,6,HU,Durum wheat,heat,6.14444362504312e-05
EC-Earth3,-0.5,-0.6596,3,HU,Durum wheat,heat,-7.49254064352514e-05
HadGEM3-GC3-1LL,-8.5,-8.3848,12,HU,Durum wheat,heat,1.57965721023413e-06
HadGEM3-GC3-1LL,-7.5,-7.5599,19,HU,Durum wheat,heat,-4.6036262759811e-05
HadGEM3-GC3-1LL,-6.5,-6.5442,24,HU,Durum wheat,heat,4.57493492562518e-05
HadGEM3-GC3-1LL,-5.5,-5.5797,10,HU,Durum wheat,heat,-7.63869742194258e-06
HadGEM3-GC3-1LL,-4.5,-4.5263,6,HU,Durum wheat,heat,5.85255137116235e-05
HadGEM3-GC3-1LL,-3.5,-3.7835,7,HU,Durum wheat,heat,1.9014972046941e-05
HadGEM3-GC3-1LL,-2.5,-2.4504,6,HU,Durum wheat,heat,8.36936410814363e-06
HadGEM3-GC3-1LL,-1.5,-1.3098,8,HU,Durum wheat,heat,1.83007485059703e-05
HadGEM3-GC3-1LL,-0.5,-0.331,6,HU,Durum wheat,heat,2.96734964515562e-05
HadGEM3-GC3-1MM,-14.5,-14.3032,4,HU,Durum wheat,heat,-5.84780862532376e-06
HadGEM3-GC3-1MM,-13.5,-13.3931,8,HU,Durum wheat,heat,1.0390837527742e-06
HadGEM3-GC3-1MM,-12.5,-12.588,13,HU,Durum wheat,heat,1.43195434061259e-05
HadGEM3-GC3-1MM,-11.5,-11.5321,21,HU,Durum wheat,heat,2.87746547905216e-05
HadGEM3-GC3-1MM,-10.5,-10.4803,10,HU,Durum wheat,heat,8.89378989281841e-05
HadGEM3-GC3-1MM,-9.5,-9.6161,7,HU,Durum wheat,heat,-7.52224367064697e-05
HadGEM3-GC3-1MM,-8.5,-8.6582,7,HU,Durum wheat,heat,-1.08058437419446e-05
HadGEM3-GC3-1MM,-7.5,-7.6345,8,HU,Durum wheat,heat,5.93998918813179e-05
HadGEM3-GC3-1MM,-6.5,-6.4299,4,HU,Durum wheat,heat,1.514476248045e-05
HadGEM3-GC3-1MM,-5.5,-5.3528,4,HU,Durum wheat,heat,-1.50850982018761e-05
HadGEM3-GC3-1MM,-4.5,-4.3969,4,HU,Durum wheat,heat,-4.54926186661654e-05
IPSL-CM6A-LR,-9.5,-9.3401,5,HU,Durum wheat,heat,7.92745291060697e-05
IPSL-CM6A-LR,-8.5,-8.4598,8,HU,Durum wheat,heat,8.36700726480663e-05
IPSL-CM6A-LR,-7.5,-7.5255,19,HU,Durum wheat,heat,5.57995715318946e-05
IPSL-CM6A-LR,-6.5,-6.5577,11,HU,Durum wheat,heat,4.19210204979651e-05
IPSL-CM6A-LR,-5.5,-5.5623,13,HU,Durum wheat,heat,6.7100292455195e-05
IPSL-CM6A-LR,-4.5,-4.3507,11,HU,Durum wheat,heat,1.65137290862885e-05
IPSL-CM6A-LR,-3.5,-3.4644,8,HU,Durum wheat,heat,4.62929994836475e-05
IPSL-CM6A-LR,-2.5,-2.5669,9,HU,Durum wheat,heat,5.50172420193718e-05
IPSL-CM6A-LR,-1.5,-1.2909,6,HU,Durum wheat,heat,3.40877653924907e-06
IPSL-CM6A-LR,-0.5,-0.6347,8,HU,Durum wheat,heat,4.68142869997871e-06
EC-Earth3,-9.5,-9.1554,4,IT,Durum wheat,heat,6.9363539471361e-05
EC-Earth3,-8.5,-8.4726,15,IT,Durum wheat,heat,4.06991230545154e-05
EC-Earth3,-7.5,-7.5562,20,IT,Durum wheat,heat,5.56477909277944e-05
EC-Earth3,-6.5,-6.4767,21,IT,Durum wheat,heat,1.37461414648468e-05
EC-Earth3,-5.5,-5.3342,8,IT,Durum wheat,heat,-1.57335543576345e-05
EC-Earth3,-4.5,-4.5495,8,IT,Durum wheat,heat,-3.05685027566217e-05
EC-Earth3,-3.5,-3.3459,9,IT,Durum wheat,heat,5.38713454426567e-05
EC-Earth3,-2.5,-2.4493,5,IT,Durum wheat,heat,-2.40761397139625e-05
EC-Earth3,-1.5,-1.3807,6,IT,Durum wheat,heat,2.3167282468238e-05
EC-Earth3,-0.5,-0.6596,3,IT,Durum wheat,heat,-2.11913384416118e-05
HadGEM3-GC3-1LL,-8.5,-8.3848,12,IT,Durum wheat,heat,1.45632742649411e-07
HadGEM3-GC3-1LL,-7.5,-7.5599,19,IT,Durum wheat,heat,-2.81779200733611e-05
HadGEM3-GC3-1LL,-6.5,-6.5442,24,IT,Durum wheat,heat,5.11454823693065e-05
HadGEM3-GC3-1LL,-5.5,-5.5797,10,IT,Durum wheat,heat,1.76773507585625e-05
HadGEM3-GC3-1LL,-4.5,-4.5263,6,IT,Durum wheat,heat,2.51179708205493e-05
HadGEM3-GC3-1LL,-3.5,-3.7835,7,IT,Durum wheat,heat,-2.61354309460012e-05
HadGEM3-GC3-1LL,-2.5,-2.4504,6,IT,Durum wheat,heat,-1.54929636300602e-05
HadGEM3-GC3-1LL,-1.5,-1.3098,8,IT,Durum wheat,heat,1.71849983792028e-05
HadGEM3-GC3-1LL,-0.5,-0.331,6,IT,Durum wheat,heat,-9.25304630714181e-06
HadGEM3-GC3-1MM,-14.5,-14.3032,4,IT,Durum wheat,heat,2.90146312611739e-05
HadGEM3-GC3-1MM,-13.5,-13.3931,8,IT,Durum wheat,heat,2.33159497028145e-05
HadGEM3-GC3-1MM,-12.5,-12.588,13,IT,Durum wheat,heat,4.82695475973875e-06
HadGEM3-GC3-1MM,-11.5,-11.5321,21,IT,Durum wheat,heat,3.14035730570927e-05
HadGEM3-GC3-1MM,-10.5,-10.4803,10,IT,Durum wheat,heat,3.85166046154087e-05
HadGEM3-GC3-1MM,-9.5,-9.6161,7,IT,Durum wheat,heat,-3.51133665473795e-05
HadGEM3-GC3-1MM,-8.5,-8.6582,7,IT,Durum wheat,heat,-1.06779273711148e-05
HadGEM3-GC3-1MM,-7.5,-7.6345,8,IT,Durum wheat,heat,-1.13397553076755e-05
HadGEM3-GC3-1MM,-6.5,-6.4299,4,IT,Durum wheat,heat,-7.60539343802041e-06
HadGEM3-GC3-1MM,-5.5,-5.3528,4,IT,Durum wheat,heat,-5.71535722513227e-06
HadGEM3-GC3-1MM,-4.5,-4.3969,4,IT,Durum wheat,heat,-2.89920818372823e-06
IPSL-CM6A-LR,-9.5,-9.3401,5,IT,Durum wheat,heat,7.03105940240654e-05
IPSL-CM6A-LR,-8.5,-8.4598,8,IT,Durum wheat,heat,7.18730611917499e-05
IPSL-CM6A-LR,-7.5,-7.5255,19,IT,Durum wheat,heat,3.50522894743134e-05
IPSL-CM6A-LR,-6.5,-6.5577,11,IT,Durum wheat,heat,4.59111067266646e-05
IPSL-CM6A-LR,-5.5,-5.5623,13,IT,Durum wheat,heat,4.82335198785867e-05
IPSL-CM6A-LR,-4.5,-4.3507,11,IT,Durum wheat,heat,-2.19724721369644e-05
IPSL-CM6A-LR,-3.5,-3.4644,8,IT,Durum wheat,heat,1.29519444597203e-05
IPSL-CM6A-LR,-2.5,-2.5669,9,IT,Durum wheat,heat,3.70752239860653e-05
IPSL-CM6A-LR,-1.5,-1.2909,6,IT,Durum wheat,heat,-7.93131971194721e-07
IPSL-CM6A-LR,-0.5,-0.6347,8,IT,Durum wheat,heat,-1.55259077812255e-06
EC-Earth3,-9.5,-9.1554,4,RO,Durum wheat,heat,3.71565735441441e-05
EC-Earth3,-8.5,-8.4726,15,RO,Durum wheat,heat,5.14975021944293e-05
EC-Earth3,-7.5,-7.5562,20,RO,Durum wheat,heat,5.94996186406115e-05
EC-Earth3,-6.5,-6.4767,21,RO,Durum wheat,heat,2.54607761040973e-05
EC-Earth3,-5.5,-5.3342,8,RO,Durum wheat,heat,1.94895717932892e-06
EC-Earth3,-4.5,-4.5495,8,RO,Durum wheat,heat,1.4556393686015e-05
EC-Earth3,-3.5,-3.3459,9,RO,Durum wheat,heat,5.22535234923935e-05
EC-Earth3,-2.5,-2.4493,5,RO,Durum wheat,heat,-5.36849976840079e-05
EC-Earth3,-1.5,-1.3807,6,RO,Durum wheat,heat,3.4989940287969e-05
EC-Earth3,-0.5,-0.6596,3,RO,Durum wheat,heat,-3.22678263353629e-05
HadGEM3-GC3-1LL,-8.5,-8.3848,12,RO,Durum wheat,heat,2.17010577483844e-05
HadGEM3-GC3-1LL,-7.5,-7.5599,19,RO,Durum wheat,heat,-3.20079081093355e-05
HadGEM3-GC3-1LL,-6.5,-6.5442,24,RO,Durum wheat,heat,3.79381207859749e-05
HadGEM3-GC3-1LL,-5.5,-5.5797,10,RO,Durum wheat,heat,-1.33123606722394e-05
HadGEM3-GC3-1LL,-4.5,-4.5263,6,RO,Durum wheat,heat,3.55052067646244e-05
HadGEM3-GC3-1LL,-3.5,-3.7835,7,RO,Durum wheat,heat,1.32740098648434e-05
HadGEM3-GC3-1LL,-2.5,-2.4504,6,RO,Durum wheat,heat,-2.07217807740461e-07
HadGEM3-GC3-1LL,-1.5,-1.3098,8,RO,Durum wheat,heat,4.16140020120486e-05
HadGEM3-GC3-1LL,-0.5,-0.331,6,RO,Durum wheat,heat,2.99170052780759e-05
HadGEM3-GC3-1MM,-14.5,-14.3032,4,RO,Durum wheat,heat,-4.09989268355344e-05
HadGEM3-GC3-1MM,-13.5,-13.3931,8,RO,Durum wheat,heat,-4.66374842246815e-05
HadGEM3-GC3-1MM,-12.5,-12.588,13,RO,Durum wheat,heat,1.50908541772894e-05
HadGEM3-GC3-1MM,-11.5,-11.5321,21,RO,Durum wheat,heat,-1.36781462687003e-05
HadGEM3-GC3-1MM,-10.5,-10.4803,10,RO,Durum wheat,heat,4.20173273462659e-05
HadGEM3-GC3-1MM,-9.5,-9.6161,7,RO,Durum wheat,heat,-5.8887064539919e-05
HadGEM3-GC3-1MM,-8.5,-8.6582,7,RO,Durum wheat,heat,-2.42206589091671e-05
HadGEM3-GC3-1MM,-7.5,-7.6345,8,RO,Durum wheat,heat,4.52484524848659e-05
HadGEM3-GC3-1MM,-6.5,-6.4299,4,RO,Durum wheat,heat,3.91898846090332e-05
HadGEM3-GC3-1MM,-5.5,-5.3528,4,RO,Durum wheat,heat,-4.84676554212701e-05
HadGEM3-GC3-1MM,-4.5,-4.3969,4,RO,Durum wheat,heat,-7.43490599491476e-05
IPSL-CM6A-LR,-9.5,-9.3401,5,RO,Durum wheat,heat,9.10183903491167e-05
IPSL-CM6A-LR,-8.5,-8.4598,8,RO,Durum wheat,heat,6.76132516978815e-05
IPSL-CM6A-LR,-7.5,-7.5255,19,RO,Durum wheat,heat,6.33382856729871e-05
IPSL-CM6A-LR,-6.5,-6.5577,11,RO,Durum wheat,heat,4.89506198694596e-05
IPSL-CM6A-LR,-5.5,-5.5623,13,RO,Durum wheat,heat,5.94685698733754e-05
IPSL-CM6A-LR,-4.5,-4.3507,11,RO,Durum wheat,heat,3.14369078165874e-05
IPSL-CM6A-LR,-3.5,-3.4644,8,RO,Durum wheat,heat,3.14339450921031e-05
IPSL-CM6A-LR,-2.5,-2.5669,9,RO,Durum wheat,heat,5.44201530665729e-05
IPSL-CM6A-LR,-1.5,-1.2909,6,RO,Durum wheat,heat,2.26021087781858e-05
IPSL-CM6A-LR,-0.5,-0.6347,8,RO,Durum wheat,heat,-8.55500078031881e-06
EC-Earth3,-9.5,-9.1554,4,SK,Durum wheat,heat,6.67637010535931e-05
EC-Earth3,-8.5,-8.4726,15,SK,Durum wheat,heat,5.9631781891208e-05
EC-Earth3,-7.5,-7.5562,20,SK,Durum wheat,heat,5.96791574501892e-05
EC-Earth3,-6.5,-6.4767,21,SK,Durum wheat,heat,1.06392972796841e-05
EC-Earth3,-5.5,-5.3342,8,SK,Durum wheat,heat,-3.17167230877073e-05
EC-Earth3,-4.5,-4.5495,8,SK,Durum wheat,heat,2.26315609692938e-05
EC-Earth3,-3.5,-3.3459,9,SK,Durum wheat,heat,2.7106322804342e-05
EC-Earth3,-2.5,-2.4493,5,SK,Durum wheat,heat,1.25690113049443e-05
EC-Earth3,-1.5,-1.3807,6,SK,Durum wheat,heat,3.59780842465053e-05
EC-Earth3,-0.5,-0.6596,3,SK,Durum wheat,heat,-7.41148570710411e-05
HadGEM3-GC3-1LL,-8.5,-8.3848,12,SK,Durum wheat,heat,1.67205597649738e-07
HadGEM3-GC3-1LL,-7.5,-7.5599,19,SK,Durum wheat,heat,-2.79641775428225e-05
HadGEM3-GC3-1LL,-6.5,-6.5442,24,SK,Durum wheat,heat,3.44200453817189e-05
HadGEM3-GC3-1LL,-5.5,-5.5797,10,SK,Durum wheat,heat,-6.93895013816744e-06
HadGEM3-GC3-1LL,-4.5,-4.5263,6,SK,Durum wheat,heat,4.22603817883999e-05
HadGEM3-GC3-1LL,-3.5,-3.7835,7,SK,Durum wheat,heat,1.7951998801712e-05
HadGEM3-GC3-1LL,-2.5,-2.4504,6,SK,Durum wheat,heat,9.14101053424218e-06
HadGEM3-GC3-1LL,-1.5,-1.3098,8,SK,Durum wheat,heat,5.57139942665926e-06
HadGEM3-GC3-1LL,-0.5,-0.331,6,SK,Durum wheat,heat,3.46677902239339e-05
HadGEM3-GC3-1MM,-14.5,-14.3032,4,SK,Durum wheat,heat,6.79139775301433e-06
HadGEM3-GC3-1MM,-13.5,-13.3931,8,SK,Durum wheat,heat,4.89298016114473e-06
HadGEM3-GC3-1MM,-12.5,-12.588,13,SK,Durum wheat,heat,5.17244247148238e-06
HadGEM3-GC3-1MM,-11.5,-11.5321,21,SK,Durum wheat,heat,3.14286752415049e-05
HadGEM3-GC3-1MM,-10.5,-10.4803,10,SK,Durum wheat,heat,7.19049809034132e-05
HadGEM3-GC3-1MM,-9.5,-9.6161,7,SK,Durum wheat,heat,-8.75133366370271e-05
HadGEM3-GC3-1MM,-8.5,-8.6582,7,SK,Durum wheat,heat,8.92446360715131e-06
HadGEM3-GC3-1MM,-7.5,-7.6345,8,SK,Durum wheat,heat,5.14638102662789e-05
HadGEM3-GC3-1MM,-6.5,-6.4299,4,SK,Durum wheat,heat,-1.73067171558573e-06
HadGEM3-GC3-1MM,-5.5,-5.3528,4,SK,Durum wheat,heat,-1.12723813332917e-05
HadGEM3-GC3-1MM,-4.5,-4.3969,4,SK,Durum wheat,heat,-3.8469458908455e-05
IPSL-CM6A-LR,-9.5,-9.3401,5,SK,Durum wheat,heat,5.55346012196397e-05
IPSL-CM6A-LR,-8.5,-8.4598,8,SK,Durum wheat,heat,6.57699205588826e-05
IPSL-CM6A-LR,-7.5,-7.5255,19,SK,Durum wheat,heat,4.24973993175294e-05
IPSL-CM6A-LR,-6.5,-6.5577,11,SK,Durum wheat,heat,2.61466374488114e-05
IPSL-CM6A-LR,-5.5,-5.5623,13,SK,Durum wheat,heat,5.09721954167591e-05
IPSL-CM6A-LR,-4.5,-4.3507,11,SK,Durum wheat,heat,1.57917263020127e-05
IPSL-CM6A-LR,-3.5,-3.4644,8,SK,Durum wheat,heat,3.9832556095781e-05
IPSL-CM6A-LR,-2.5,-2.5669,9,SK,Durum wheat,heat,4.19118104223451e-05
IPSL-CM6A-LR,-1.5,-1.2909,6,SK,Durum wheat,heat,8.04142839630936e-06
IPSL-CM6A-LR,-0.5,-0.6347,8,SK,Durum wheat,heat,1.42502190527614e-05
EC-Earth3,-9.5,-9.1554,4,CZ,Spring barley,heat,0.0139105992756989
EC-Earth3,-8.5,-8.4726,15,CZ,Spring barley,heat,0.012476956855048
EC-Earth3,-7.5,-7.5562,20,CZ,Spring barley,heat,0.0117101950232698
EC-Earth3,-6.5,-6.4767,21,CZ,Spring barley,heat,0.00147664580991398
EC-Earth3,-5.5,-5.3342,8,CZ,Spring barley,heat,-0.00486636343073079
EC-Earth3,-4.5,-4.5495,8,CZ,Spring barley,heat,0.0037715822656106
EC-Earth3,-3.5,-3.3459,9,CZ,Spring barley,heat,0.00245897898541753
EC-Earth3,-2.5,-2.4493,5,CZ,Spring barley,heat,0.00529086429679317
EC-Earth3,-1.5,-1.3807,6,CZ,Spring barley,heat,0.00646240052454073
EC-Earth3,-0.5,-0.6596,3,CZ,Spring barley,heat,-0.016024910379102
HadGEM3-GC3-1LL,-8.5,-8.3848,12,CZ,Spring barley,heat,-0.0031349838811307
HadGEM3-GC3-1LL,-7.5,-7.5599,19,CZ,Spring barley,heat,-0.00411088189094624
HadGEM3-GC3-1LL,-6.5,-6.5442,24,CZ,Spring barley,heat,0.00561269002469282
HadGEM3-GC3-1LL,-5.5,-5.5797,10,CZ,Spring barley,heat,0.000637173877969723
HadGEM3-GC3-1LL,-4.5,-4.5263,6,CZ,Spring barley,heat,0.00659700022278996
HadGEM3-GC3-1LL,-3.5,-3.7835,7,CZ,Spring barley,heat,0.00371280200377281
HadGEM3-GC3-1LL,-2.5,-2.4504,6,CZ,Spring barley,heat,0.00241750420300788
HadGEM3-GC3-1LL,-1.5,-1.3098,8,CZ,Spring barley,heat,-0.00178904267929966
HadGEM3-GC3-1LL,-0.5,-0.331,6,CZ,Spring barley,heat,0.00278947417488428
HadGEM3-GC3-1MM,-14.5,-14.3032,4,CZ,Spring barley,heat,0.00800774932673716
HadGEM3-GC3-1MM,-13.5,-13.3931,8,CZ,Spring barley,heat,0.0103568409584811
HadGEM3-GC3-1MM,-12.5,-12.588,13,CZ,Spring barley,heat,0.00460223652719379
HadGEM3-GC3-1MM,-11.5,-11.5321,21,CZ,Spring barley,heat,0.0126165315159674
HadGEM3-GC3-1MM,-10.5,-10.4803,10,CZ,Spring barley,heat,0.0186039001934849
HadGEM3-GC3-1MM,-9.5,-9.6161,7,CZ,Spring barley,heat,-0.0167269618901158
HadGEM3-GC3-1MM,-8.5,-8.6582,7,CZ,Spring barley,heat,0.00793935533308485
HadGEM3-GC3-1MM,-7.5,-7.6345,8,CZ,Spring barley,heat,0.0136786680845819
HadGEM3-GC3-1MM,-6.5,-6.4299,4,CZ,Spring barley,heat,-0.000561734751760814
HadGEM3-GC3-1MM,-5.5,-5.3528,4,CZ,Spring barley,heat,0.00353574351868793
HadGEM3-GC3-1MM,-4.5,-4.3969,4,CZ,Spring barley,heat,-0.00212401051831715
IPSL-CM6A-LR,-9.5,-9.3401,5,CZ,Spring barley,heat,0.0134309544142788
IPSL-CM6A-LR,-8.5,-8.4598,8,CZ,Spring barley,heat,0.0136964241349113
IPSL-CM6A-LR,-7.5,-7.5255,19,CZ,Spring barley,heat,0.00957966111130049
IPSL-CM6A-LR,-6.5,-6.5577,11,CZ,Spring barley,heat,0.0076021706112861
IPSL-CM6A-LR,-5.5,-5.5623,13,CZ,Spring barley,heat,0.0102372901608216
IPSL-CM6A-LR,-4.5,-4.3507,11,CZ,Spring barley,heat,0.00373654707040692
IPSL-CM6A-LR,-3.5,-3.4644,8,CZ,Spring barley,heat,0.00885107409279799
IPSL-CM6A-LR,-2.5,-2.5669,9,CZ,Spring barley,heat,0.00800468991040457
IPSL-CM6A-LR,-1.5,-1.2909,6,CZ,Spring barley,heat,0.0036849457726797
IPSL-CM6A-LR,-0.5,-0.6347,8,CZ,Spring barley,heat,0.00405661310552111
EC-Earth3,-9.5,-9.1554,4,DE,Spring barley,heat,0.0138166219506711
EC-Earth3,-8.5,-8.4726,15,DE,Spring barley,heat,0.0106536252806546
EC-Earth3,-7.5,-7.5562,20,DE,Spring barley,heat,0.0104892130538984
EC-Earth3,-6.5,-6.4767,21,DE,Spring barley,heat,0.00220349070845755
EC-Earth3,-5.5,-5.3342,8,DE,Spring barley,heat,-0.000692016542746313
EC-Earth3,-4.5,-4.5495,8,DE,Spring barley,heat,0.00584080088724697
EC-Earth3,-3.5,-3.3459,9,DE,Spring barley,heat,-0.000591502611476075
EC-Earth3,-2.5,-2.4493,5,DE,Spring barley,heat,0.00585260028706463
EC-Earth3,-1.5,-1.3807,6,DE,Spring barley,heat,0.0047204591459813
EC-Earth3,-0.5,-0.6596,3,DE,Spring barley,heat,-0.00727684820262186
HadGEM3-GC3-1LL,-8.5,-8.3848,12,DE,Spring barley,heat,-0.00251978228656904
HadGEM3-GC3-1LL,-7.5,-7.5599,19,DE,Spring barley,heat,0.00138427335583513
HadGEM3-GC3-1LL,-6.5,-6.5442,24,DE,Spring barley,heat,0.00412219786287953
HadGEM3-GC3-1LL,-5.5,-5.5797,10,DE,Spring barley,heat,0.000119124439166471
HadGEM3-GC3-1LL,-4.5,-4.5263,6,DE,Spring barley,heat,0.00446489720296608
HadGEM3-GC3-1LL,-3.5,-3.7835,7,DE,Spring barley,heat,0.00548007946841677
HadGEM3-GC3-1LL,-2.5,-2.4504,6,DE,Spring barley,heat,0.00121713284343518
HadGEM3-GC3-1LL,-1.5,-1.3098,8,DE,Spring barley,heat,-0.000660481548853638
HadGEM3-GC3-1LL,-0.5,-0.331,6,DE,Spring barley,heat,-0.000282904613141552
HadGEM3-GC3-1MM,-14.5,-14.3032,4,DE,Spring barley,heat,0.0139167266426196
HadGEM3-GC3-1MM,-13.5,-13.3931,8,DE,Spring barley,heat,0.0173083797973054
HadGEM3-GC3-1MM,-12.5,-12.588,13,DE,Spring barley,heat,0.00978261167377414
HadGEM3-GC3-1MM,-11.5,-11.5321,21,DE,Spring barley,heat,0.0148587540791395
HadGEM3-GC3-1MM,-10.5,-10.4803,10,DE,Spring barley,heat,0.0164228663545218
HadGEM3-GC3-1MM,-9.5,-9.6161,7,DE,Spring barley,heat,-0.00173815474041537
HadGEM3-GC3-1MM,-8.5,-8.6582,7,DE,Spring barley,heat,0.00928569744600463
HadGEM3-GC3-1MM,-7.5,-7.6345,8,DE,Spring barley,heat,0.0134640150629542
HadGEM3-GC3-1MM,-6.5,-6.4299,4,DE,Spring barley,heat,0.00285945897422801
HadGEM3-GC3-1MM,-5.5,-5.3528,4,DE,Spring barley,heat,0.00781950218149577
HadGEM3-GC3-1MM,-4.5,-4.3969,4,DE,Spring barley,heat,0.000862450679263408
IPSL-CM6A-LR,-9.5,-9.3401,5,DE,Spring barley,heat,0.0112778118376744
IPSL-CM6A-LR,-8.5,-8.4598,8,DE,Spring barley,heat,0.012442420940335
IPSL-CM6A-LR,-7.5,-7.5255,19,DE,Spring barley,heat,0.00769840609790524
IPSL-CM6A-LR,-6.5,-6.5577,11,DE,Spring barley,heat,0.00714096275794741
IPSL-CM6A-LR,-5.5,-5.5623,13,DE,Spring barley,heat,0.00793377912011773
IPSL-CM6A-LR,-4.5,-4.3507,11,DE,Spring barley,heat,0.00418093493412937
IPSL-CM6A-LR,-3.5,-3.4644,8,DE,Spring barley,heat,0.00932076861190464
IPSL-CM6A-LR,-2.5,-2.5669,9,DE,Spring barley,heat,0.00468172475517672
IPSL-CM6A-LR,-1.5,-1.2909,6,DE,Spring barley,heat,0.00493145279669691
IPSL-CM6A-LR,-0.5,-0.6347,8,DE,Spring barley,heat,0.00247034698230825
EC-Earth3,-9.5,-9.1554,4,DK,Spring barley,heat,0.00139268474981647
EC-Earth3,-8.5,-8.4726,15,DK,Spring barley,heat,0.00137061672587146
EC-Earth3,-7.5,-7.5562,20,DK,Spring barley,heat,0.00136222972007805
EC-Earth3,-6.5,-6.4767,21,DK,Spring barley,heat,0.00109625016193318
EC-Earth3,-5.5,-5.3342,8,DK,Spring barley,heat,0.000692384395963432
EC-Earth3,-4.5,-4.5495,8,DK,Spring barley,heat,0.00128848910795184
EC-Earth3,-3.5,-3.3459,9,DK,Spring barley,heat,0.000568817965202098
EC-Earth3,-2.5,-2.4493,5,DK,Spring barley,heat,0.00129859288141068
EC-Earth3,-1.5,-1.3807,6,DK,Spring barley,heat,0.000524319571221712
EC-Earth3,-0.5,-0.6596,3,DK,Spring barley,heat,-0.000220003773859984
HadGEM3-GC3-1LL,-8.5,-8.3848,12,DK,Spring barley,heat,0.000993822167817773
HadGEM3-GC3-1LL,-7.5,-7.5599,19,DK,Spring barley,heat,0.00111049706436655
HadGEM3-GC3-1LL,-6.5,-6.5442,24,DK,Spring barley,heat,0.000898024667252582
HadGEM3-GC3-1LL,-5.5,-5.5797,10,DK,Spring barley,heat,0.000708737780915487
HadGEM3-GC3-1LL,-4.5,-4.5263,6,DK,Spring barley,heat,0.000905034112878947
HadGEM3-GC3-1LL,-3.5,-3.7835,7,DK,Spring barley,heat,0.00123461282967421
HadGEM3-GC3-1LL,-2.5,-2.4504,6,DK,Spring barley,heat,0.00059122009386225
HadGEM3-GC3-1LL,-1.5,-1.3098,8,DK,Spring barley,heat,-0.000155959571730354
HadGEM3-GC3-1LL,-0.5,-0.331,6,DK,Spring barley,heat,-0.000349059521083281
HadGEM3-GC3-1MM,-14.5,-14.3032,4,DK,Spring barley,heat,0.00150338949549524
HadGEM3-GC3-1MM,-13.5,-13.3931,8,DK,Spring barley,heat,0.00150934401447045
HadGEM3-GC3-1MM,-12.5,-12.588,13,DK,Spring barley,heat,0.00151560543725508
HadGEM3-GC3-1MM,-11.5,-11.5321,21,DK,Spring barley,heat,0.00151273466128537
HadGEM3-GC3-1MM,-10.5,-10.4803,10,DK,Spring barley,heat,0.00150666540423365
HadGEM3-GC3-1MM,-9.5,-9.6161,7,DK,Spring barley,heat,0.00123225775318404
HadGEM3-GC3-1MM,-8.5,-8.6582,7,DK,Spring barley,heat,0.00140530427788987
HadGEM3-GC3-1MM,-7.5,-7.6345,8,DK,Spring barley,heat,0.00140280199084096
HadGEM3-GC3-1MM,-6.5,-6.4299,4,DK,Spring barley,heat,-1.49937639785678e-06
HadGEM3-GC3-1MM,-5.5,-5.3528,4,DK,Spring barley,heat,0.00121965631769056
HadGEM3-GC3-1MM,-4.5,-4.3969,4,DK,Spring barley,heat,0.000227502405719226
IPSL-CM6A-LR,-9.5,-9.3401,5,DK,Spring barley,heat,0.00141988684578133
IPSL-CM6A-LR,-8.5,-8.4598,8,DK,Spring barley,heat,0.00147780197932994
IPSL-CM6A-LR,-7.5,-7.5255,19,DK,Spring barley,heat,0.00139347163503743
IPSL-CM6A-LR,-6.5,-6.5577,11,DK,Spring barley,heat,0.00135677106500895
IPSL-CM6A-LR,-5.5,-5.5623,13,DK,Spring barley,heat,0.00116741940202205
IPSL-CM6A-LR,-4.5,-4.3507,11,DK,Spring barley,heat,0.00114820976351473
IPSL-CM6A-LR,-3.5,-3.4644,8,DK,Spring barley,heat,0.00126286569447335
IPSL-CM6A-LR,-2.5,-2.5669,9,DK,Spring barley,heat,0.000848789482002198
IPSL-CM6A-LR,-1.5,-1.2909,6,DK,Spring barley,heat,0.00105199301323059
IPSL-CM6A-LR,-0.5,-0.6347,8,DK,Spring barley,heat,0.000660063241978393
EC-Earth3,-9.5,-9.1554,4,EE,Spring barley,heat,0.00123256020420154
EC-Earth3,-8.5,-8.4726,15,EE,Spring barley,heat,0.00344236644194265
EC-Earth3,-7.5,-7.5562,20,EE,Spring barley,heat,0.00392484067775842
EC-Earth3,-6.5,-6.4767,21,EE,Spring barley,heat,0.00279216755245551
EC-Earth3,-5.5,-5.3342,8,EE,Spring barley,heat,0.00191190465743529
EC-Earth3,-4.5,-4.5495,8,EE,Spring barley,heat,0.00451334771320268
EC-Earth3,-3.5,-3.3459,9,EE,Spring barley,heat,0.00376166540534692
EC-Earth3,-2.5,-2.4493,5,EE,Spring barley,heat,0.00431111369783731
EC-Earth3,-1.5,-1.3807,6,EE,Spring barley,heat,0.0011585516681119
EC-Earth3,-0.5,-0.6596,3,EE,Spring barley,heat,-0.00383586366821537
HadGEM3-GC3-1LL,-8.5,-8.3848,12,EE,Spring barley,heat,0.00404471608853933
HadGEM3-GC3-1LL,-7.5,-7.5599,19,EE,Spring barley,heat,0.00399036129450176
HadGEM3-GC3-1LL,-6.5,-6.5442,24,EE,Spring barley,heat,0.00340526612963951
HadGEM3-GC3-1LL,-5.5,-5.5797,10,EE,Spring barley,heat,0.00278373677929543
HadGEM3-GC3-1LL,-4.5,-4.5263,6,EE,Spring barley,heat,0.00326327625533638
HadGEM3-GC3-1LL,-3.5,-3.7835,7,EE,Spring barley,heat,0.00395219290676487
HadGEM3-GC3-1LL,-2.5,-2.4504,6,EE,Spring barley,heat,0.00294540433120706
HadGEM3-GC3-1LL,-1.5,-1.3098,8,EE,Spring barley,heat,8.09892247209938e-05
HadGEM3-GC3-1LL,-0.5,-0.331,6,EE,Spring barley,heat,0.000339267213374846
HadGEM3-GC3-1MM,-14.5,-14.3032,4,EE,Spring barley,heat,0.00601683117065567
HadGEM3-GC3-1MM,-13.5,-13.3931,8,EE,Spring barley,heat,0.00627303829753996
HadGEM3-GC3-1MM,-12.5,-12.588,13,EE,Spring barley,heat,0.00637792035471356
HadGEM3-GC3-1MM,-11.5,-11.5321,21,EE,Spring barley,heat,0.00629648314501332
HadGEM3-GC3-1MM,-10.5,-10.4803,10,EE,Spring barley,heat,0.0064877554519831
HadGEM3-GC3-1MM,-9.5,-9.6161,7,EE,Spring barley,heat,0.00465549420451886
HadGEM3-GC3-1MM,-8.5,-8.6582,7,EE,Spring barley,heat,0.00546255347847399
HadGEM3-GC3-1MM,-7.5,-7.6345,8,EE,Spring barley,heat,0.00532413714637448
HadGEM3-GC3-1MM,-6.5,-6.4299,4,EE,Spring barley,heat,0.00458472883672938
HadGEM3-GC3-1MM,-5.5,-5.3528,4,EE,Spring barley,heat,0.00311439775228671
HadGEM3-GC3-1MM,-4.5,-4.3969,4,EE,Spring barley,heat,0.00253664873588447
IPSL-CM6A-LR,-9.5,-9.3401,5,EE,Spring barley,heat,0.00564084925897474
IPSL-CM6A-LR,-8.5,-8.4598,8,EE,Spring barley,heat,0.00542727235554271
IPSL-CM6A-LR,-7.5,-7.5255,19,EE,Spring barley,heat,0.00527460806211578
IPSL-CM6A-LR,-6.5,-6.5577,11,EE,Spring barley,heat,0.0048878503062505
IPSL-CM6A-LR,-5.5,-5.5623,13,EE,Spring barley,heat,0.00409177376388459
IPSL-CM6A-LR,-4.5,-4.3507,11,EE,Spring barley,heat,0.00477541847635934
IPSL-CM6A-LR,-3.5,-3.4644,8,EE,Spring barley,heat,0.00351052359489323
IPSL-CM6A-LR,-2.5,-2.5669,9,EE,Spring barley,heat,0.00367487090820427
IPSL-CM6A-LR,-1.5,-1.2909,6,EE,Spring barley,heat,0.00387922629305868
IPSL-CM6A-LR,-0.5,-0.6347,8,EE,Spring barley,heat,0.0010251915693228
EC-Earth3,-9.5,-9.1554,4,ES,Spring barley,heat,0.020059485372773
EC-Earth3,-8.5,-8.4726,15,ES,Spring barley,heat,0.0105055474191716
EC-Earth3,-7.5,-7.5562,20,ES,Spring barley,heat,0.016087512228101
EC-Earth3,-6.5,-6.4767,21,ES,Spring barley,heat,-0.00533380899556224
EC-Earth3,-5.5,-5.3342,8,ES,Spring barley,heat,0.0182919236386113
EC-Earth3,-4.5,-4.5495,8,ES,Spring barley,heat,0.00371221179505001
EC-Earth3,-3.5,-3.3459,9,ES,Spring barley,heat,0.0156231503773323
EC-Earth3,-2.5,-2.4493,5,ES,Spring barley,heat,0.000464615513242485
EC-Earth3,-1.5,-1.3807,6,ES,Spring barley,heat,0.0198810517910458
EC-Earth3,-0.5,-0.6596,3,ES,Spring barley,heat,-0.0302778639984549
HadGEM3-GC3-1LL,-8.5,-8.3848,12,ES,Spring barley,heat,0.00208873203052471
HadGEM3-GC3-1LL,-7.5,-7.5599,19,ES,Spring barley,heat,0.00975546317164535
HadGEM3-GC3-1LL,-6.5,-6.5442,24,ES,Spring barley,heat,0.0153495258559057
HadGEM3-GC3-1LL,-5.5,-5.5797,10,ES,Spring barley,heat,0.00391538901117548
HadGEM3-GC3-1LL,-4.5,-4.5263,6,ES,Spring barley,heat,0.00270205762053128
HadGEM3-GC3-1LL,-3.5,-3.7835,7,ES,Spring barley,heat,0.0141736142214741
HadGEM3-GC3-1LL,-2.5,-2.4504,6,ES,Spring barley,heat,-0.0059746745985322
HadGEM3-GC3-1LL,-1.5,-1.3098,8,ES,Spring barley,heat,-0.0105572837238073
HadGEM3-GC3-1LL,-0.5,-0.331,6,ES,Spring barley,heat,-0.0263881648866855
HadGEM3-GC3-1MM,-14.5,-14.3032,4,ES,Spring barley,heat,0.0308020001217186
HadGEM3-GC3-1MM,-13.5,-13.3931,8,ES,Spring barley,heat,0.0810980685524977
HadGEM3-GC3-1MM,-12.5,-12.588,13,ES,Spring barley,heat,0.0650247106660939
HadGEM3-GC3-1MM,-11.5,-11.5321,21,ES,Spring barley,heat,0.0359395401956231
HadGEM3-GC3-1MM,-10.5,-10.4803,10,ES,Spring barley,heat,0.0208774729585134
HadGEM3-GC3-1MM,-9.5,-9.6161,7,ES,Spring barley,heat,-0.00911832556751738
HadGEM3-GC3-1MM,-8.5,-8.6582,7,ES,Spring barley,heat,0.00871056231038599
HadGEM3-GC3-1MM,-7.5,-7.6345,8,ES,Spring barley,heat,-0.0102588167517943
HadGEM3-GC3-1MM,-6.5,-6.4299,4,ES,Spring barley,heat,-0.00315745570517966
HadGEM3-GC3-1MM,-5.5,-5.3528,4,ES,Spring barley,heat,-0.0373658415561478
HadGEM3-GC3-1MM,-4.5,-4.3969,4,ES,Spring barley,heat,0.02583788616027
IPSL-CM6A-LR,-9.5,-9.3401,5,ES,Spring barley,heat,0.0321788872386403
IPSL-CM6A-LR,-8.5,-8.4598,8,ES,Spring barley,heat,0.0348529932954355
IPSL-CM6A-LR,-7.5,-7.5255,19,ES,Spring barley,heat,0.0213674123037509
IPSL-CM6A-LR,-6.5,-6.5577,11,ES,Spring barley,heat,0.0237604913165394
IPSL-CM6A-LR,-5.5,-5.5623,13,ES,Spring barley,heat,0.0180302999008018
IPSL-CM6A-LR,-4.5,-4.3507,11,ES,Spring barley,heat,-0.0355652389991082
IPSL-CM6A-LR,-3.5,-3.4644,8,ES,Spring barley,heat,-0.0180889509293196
IPSL-CM6A-LR,-2.5,-2.5669,9,ES,Spring barley,heat,0.00848125105363271
IPSL-CM6A-LR,-1.5,-1.2909,6,ES,Spring barley,heat,-0.0112353470623304
IPSL-CM6A-LR,-0.5,-0.6347,8,ES,Spring barley,heat,-0.00309914609356055
EC-Earth3,-9.5,-9.1554,4,FI,Spring barley,heat,0.00233199967005651
EC-Earth3,-8.5,-8.4726,15,FI,Spring barley,heat,0.00257626782209487
EC-Earth3,-7.5,-7.5562,20,FI,Spring barley,heat,0.00227262195943463
EC-Earth3,-6.5,-6.4767,21,FI,Spring barley,heat,0.0017752287494048
EC-Earth3,-5.5,-5.3342,8,FI,Spring barley,heat,0.00164935210068434
EC-Earth3,-4.5,-4.5495,8,FI,Spring barley,heat,0.0029368554925204
EC-Earth3,-3.5,-3.3459,9,FI,Spring barley,heat,0.00265128449651025
EC-Earth3,-2.5,-2.4493,5,FI,Spring barley,heat,0.0027127240645742
EC-Earth3,-1.5,-1.3807,6,FI,Spring barley,heat,0.00128314610643867
EC-Earth3,-0.5,-0.6596,3,FI,Spring barley,heat,-0.000430543365226722
HadGEM3-GC3-1LL,-8.5,-8.3848,12,FI,Spring barley,heat,0.00255743008105019
HadGEM3-GC3-1LL,-7.5,-7.5599,19,FI,Spring barley,heat,0.00243094083784635
HadGEM3-GC3-1LL,-6.5,-6.5442,24,FI,Spring barley,heat,0.00204828697138901
HadGEM3-GC3-1LL,-5.5,-5.5797,10,FI,Spring barley,heat,0.00164609840694053
HadGEM3-GC3-1LL,-4.5,-4.5263,6,FI,Spring barley,heat,0.00178159093235443
HadGEM3-GC3-1LL,-3.5,-3.7835,7,FI,Spring barley,heat,0.00236055435188046
HadGEM3-GC3-1LL,-2.5,-2.4504,6,FI,Spring barley,heat,0.00162317874543109
HadGEM3-GC3-1LL,-1.5,-1.3098,8,FI,Spring barley,heat,0.000249731255045636
HadGEM3-GC3-1LL,-0.5,-0.331,6,FI,Spring barley,heat,5.24048134297757e-05
HadGEM3-GC3-1MM,-14.5,-14.3032,4,FI,Spring barley,heat,0.0033671372497844
HadGEM3-GC3-1MM,-13.5,-13.3931,8,FI,Spring barley,heat,0.00338224059782026
HadGEM3-GC3-1MM,-12.5,-12.588,13,FI,Spring barley,heat,0.00342028916611267
HadGEM3-GC3-1MM,-11.5,-11.5321,21,FI,Spring barley,heat,0.00342111036978388
HadGEM3-GC3-1MM,-10.5,-10.4803,10,FI,Spring barley,heat,0.00343542238056531
HadGEM3-GC3-1MM,-9.5,-9.6161,7,FI,Spring barley,heat,0.00315874038897384
HadGEM3-GC3-1MM,-8.5,-8.6582,7,FI,Spring barley,heat,0.00326673835744526
HadGEM3-GC3-1MM,-7.5,-7.6345,8,FI,Spring barley,heat,0.00300074595172401
HadGEM3-GC3-1MM,-6.5,-6.4299,4,FI,Spring barley,heat,0.00272142145347891
HadGEM3-GC3-1MM,-5.5,-5.3528,4,FI,Spring barley,heat,0.00220754570385515
HadGEM3-GC3-1MM,-4.5,-4.3969,4,FI,Spring barley,heat,0.00194604029008655
IPSL-CM6A-LR,-9.5,-9.3401,5,FI,Spring barley,heat,0.00278850592987897
IPSL-CM6A-LR,-8.5,-8.4598,8,FI,Spring barley,heat,0.00303053453868841
IPSL-CM6A-LR,-7.5,-7.5255,19,FI,Spring barley,heat,0.0030050772927617
IPSL-CM6A-LR,-6.5,-6.5577,11,FI,Spring barley,heat,0.00276803281934726
IPSL-CM6A-LR,-5.5,-5.5623,13,FI,Spring barley,heat,0.00222948133540599
IPSL-CM6A-LR,-4.5,-4.3507,11,FI,Spring barley,heat,0.00266082468606403
IPSL-CM6A-LR,-3.5,-3.4644,8,FI,Spring barley,heat,0.00202583719406463
IPSL-CM6A-LR,-2.5,-2.5669,9,FI,Spring barley,heat,0.00189239606516792
IPSL-CM6A-LR,-1.5,-1.2909,6,FI,Spring barley,heat,0.00239829845659869
IPSL-CM6A-LR,-0.5,-0.6347,8,FI,Spring barley,heat,0.000802014624252626
EC-Earth3,-9.5,-9.1554,4,FR,Spring barley,heat,0.015971039796128
EC-Earth3,-8.5,-8.4726,15,FR,Spring barley,heat,0.012018620727004
EC-Earth3,-7.5,-7.5562,20,FR,Spring barley,heat,0.0151678399609628
EC-Earth3,-6.5,-6.4767,21,FR,Spring barley,heat,0.00254614904835157
EC-Earth3,-5.5,-5.3342,8,FR,Spring barley,heat,0.00491119248263012
EC-Earth3,-4.5,-4.5495,8,FR,Spring barley,heat,0.00514129895427015
EC-Earth3,-3.5,-3.3459,9,FR,Spring barley,heat,-0.00819881500631075
EC-Earth3,-2.5,-2.4493,5,FR,Spring barley,heat,0.00918035989358701
EC-Earth3,-1.5,-1.3807,6,FR,Spring barley,heat,0.00555813012285205
EC-Earth3,-0.5,-0.6596,3,FR,Spring barley,heat,-0.00962387965943109
HadGEM3-GC3-1LL,-8.5,-8.3848,12,FR,Spring barley,heat,-0.00976526639481738
HadGEM3-GC3-1LL,-7.5,-7.5599,19,FR,Spring barley,heat,0.0045093973624516
HadGEM3-GC3-1LL,-6.5,-6.5442,24,FR,Spring barley,heat,0.00379848394429205
HadGEM3-GC3-1LL,-5.5,-5.5797,10,FR,Spring barley,heat,0.00196768170963187
HadGEM3-GC3-1LL,-4.5,-4.5263,6,FR,Spring barley,heat,-0.000834050500709939
HadGEM3-GC3-1LL,-3.5,-3.7835,7,FR,Spring barley,heat,0.00920606282120645
HadGEM3-GC3-1LL,-2.5,-2.4504,6,FR,Spring barley,heat,-0.0055532753483967
HadGEM3-GC3-1LL,-1.5,-1.3098,8,FR,Spring barley,heat,-0.00266471270254088
HadGEM3-GC3-1LL,-0.5,-0.331,6,FR,Spring barley,heat,-0.00382856877516341
HadGEM3-GC3-1MM,-14.5,-14.3032,4,FR,Spring barley,heat,0.0215948447269767
HadGEM3-GC3-1MM,-13.5,-13.3931,8,FR,Spring barley,heat,0.0284784701529798
HadGEM3-GC3-1MM,-12.5,-12.588,13,FR,Spring barley,heat,0.0168713949388619
HadGEM3-GC3-1MM,-11.5,-11.5321,21,FR,Spring barley,heat,0.020812342995816
HadGEM3-GC3-1MM,-10.5,-10.4803,10,FR,Spring barley,heat,0.0163166647414406
HadGEM3-GC3-1MM,-9.5,-9.6161,7,FR,Spring barley,heat,0.00294515145216665
HadGEM3-GC3-1MM,-8.5,-8.6582,7,FR,Spring barley,heat,0.0115003091664558
HadGEM3-GC3-1MM,-7.5,-7.6345,8,FR,Spring barley,heat,0.0169439909800404
HadGEM3-GC3-1MM,-6.5,-6.4299,4,FR,Spring barley,heat,-0.00513049291022485
HadGEM3-GC3-1MM,-5.5,-5.3528,4,FR,Spring barley,heat,0.0090844165290477
HadGEM3-GC3-1MM,-4.5,-4.3969,4,FR,Spring barley,heat,0.00379912258444027
IPSL-CM6A-LR,-9.5,-9.3401,5,FR,Spring barley,heat,0.0101836534929396
IPSL-CM6A-LR,-8.5,-8.4598,8,FR,Spring barley,heat,0.0146243750241228
IPSL-CM6A-LR,-7.5,-7.5255,19,FR,Spring barley,heat,0.00583033430688098
IPSL-CM6A-LR,-6.5,-6.5577,11,FR,Spring barley,heat,0.00308385977980284
IPSL-CM6A-LR,-5.5,-5.5623,13,FR,Spring barley,heat,0.00551998904252962
IPSL-CM6A-LR,-4.5,-4.3507,11,FR,Spring barley,heat,0.000470049917175904
IPSL-CM6A-LR,-3.5,-3.4644,8,FR,Spring barley,heat,0.0075982933003978
IPSL-CM6A-LR,-2.5,-2.5669,9,FR,Spring barley,heat,-0.000544872020844062
IPSL-CM6A-LR,-1.5,-1.2909,6,FR,Spring barley,heat,0.00363321312657827
IPSL-CM6A-LR,-0.5,-0.6347,8,FR,Spring barley,heat,-0.00143400860205447
EC-Earth3,-9.5,-9.1554,4,HU,Spring barley,heat,0.0307018808798696
EC-Earth3,-8.5,-8.4726,15,HU,Spring barley,heat,0.0307367340444175
EC-Earth3,-7.5,-7.5562,20,HU,Spring barley,heat,0.0300205859956447
EC-Earth3,-6.5,-6.4767,21,HU,Spring barley,heat,0.00751786909497943
EC-Earth3,-5.5,-5.3342,8,HU,Spring barley,heat,-0.0134701906148681
EC-Earth3,-4.5,-4.5495,8,HU,Spring barley,heat,0.0110291538831798
EC-Earth3,-3.5,-3.3459,9,HU,Spring barley,heat,0.021030142079823
EC-Earth3,-2.5,-2.4493,5,HU,Spring barley,heat,-0.00528235272637235
EC-Earth3,-1.5,-1.3807,6,HU,Spring barley,heat,0.0223095027265744
EC-Earth3,-0.5,-0.6596,3,HU,Spring barley,heat,-0.0350345081736613
HadGEM3-GC3-1LL,-8.5,-8.3848,12,HU,Spring barley,heat,0.000342409425325386
HadGEM3-GC3-1LL,-7.5,-7.5599,19,HU,Spring barley,heat,-0.0169364933248175
HadGEM3-GC3-1LL,-6.5,-6.5442,24,HU,Spring barley,heat,0.0169532177564557
HadGEM3-GC3-1LL,-5.5,-5.5797,10,HU,Spring barley,heat,-0.00254930850800481
HadGEM3-GC3-1LL,-4.5,-4.5263,6,HU,Spring barley,heat,0.0222520560543543
HadGEM3-GC3-1LL,-3.5,-3.7835,7,HU,Spring barley,heat,0.00812540994239667
HadGEM3-GC3-1LL,-2.5,-2.4504,6,HU,Spring barley,heat,0.00424729372911834
HadGEM3-GC3-1LL,-1.5,-1.3098,8,HU,Spring barley,heat,0.00588691094568037
HadGEM3-GC3-1LL,-0.5,-0.331,6,HU,Spring barley,heat,0.0126397463622158
HadGEM3-GC3-1MM,-14.5,-14.3032,4,HU,Spring barley,heat,-0.000119614938181028
HadGEM3-GC3-1MM,-13.5,-13.3931,8,HU,Spring barley,heat,0.00147809320129949
HadGEM3-GC3-1MM,-12.5,-12.588,13,HU,Spring barley,heat,0.00620558570725834
HadGEM3-GC3-1MM,-11.5,-11.5321,21,HU,Spring barley,heat,0.0127273285262699
HadGEM3-GC3-1MM,-10.5,-10.4803,10,HU,Spring barley,heat,0.0355794887732522
HadGEM3-GC3-1MM,-9.5,-9.6161,7,HU,Spring barley,heat,-0.0323797818807423
HadGEM3-GC3-1MM,-8.5,-8.6582,7,HU,Spring barley,heat,-0.00257316320616781
HadGEM3-GC3-1MM,-7.5,-7.6345,8,HU,Spring barley,heat,0.0239656855737848
HadGEM3-GC3-1MM,-6.5,-6.4299,4,HU,Spring barley,heat,0.00374291442674325
HadGEM3-GC3-1MM,-5.5,-5.3528,4,HU,Spring barley,heat,-0.00498099810312341
HadGEM3-GC3-1MM,-4.5,-4.3969,4,HU,Spring barley,heat,-0.0186014635479274
IPSL-CM6A-LR,-9.5,-9.3401,5,HU,Spring barley,heat,0.0307108018356393
IPSL-CM6A-LR,-8.5,-8.4598,8,HU,Spring barley,heat,0.0330471377813647
IPSL-CM6A-LR,-7.5,-7.5255,19,HU,Spring barley,heat,0.0221538845783726
IPSL-CM6A-LR,-6.5,-6.5577,11,HU,Spring barley,heat,0.0159385208333368
IPSL-CM6A-LR,-5.5,-5.5623,13,HU,Spring barley,heat,0.0264597848929018
IPSL-CM6A-LR,-4.5,-4.3507,11,HU,Spring barley,heat,0.0076841184886917
IPSL-CM6A-LR,-3.5,-3.4644,8,HU,Spring barley,heat,0.0188024986579953
IPSL-CM6A-LR,-2.5,-2.5669,9,HU,Spring barley,heat,0.0215322321996405
IPSL-CM6A-LR,-1.5,-1.2909,6,HU,Spring barley,heat,0.00262570842873899
IPSL-CM6A-LR,-0.5,-0.6347,8,HU,Spring barley,heat,0.00324826809831303
EC-Earth3,-9.5,-9.1554,4,LT,Spring barley,heat,0.00200368979107003
EC-Earth3,-8.5,-8.4726,15,LT,Spring barley,heat,0.00556727061233663
EC-Earth3,-7.5,-7.5562,20,LT,Spring barley,heat,0.00611038536869332
EC-Earth3,-6.5,-6.4767,21,LT,Spring barley,heat,0.00392121749689336
EC-Earth3,-5.5,-5.3342,8,LT,Spring barley,heat,0.00204878753753259
EC-Earth3,-4.5,-4.5495,8,LT,Spring barley,heat,0.00512134549145813
EC-Earth3,-3.5,-3.3459,9,LT,Spring barley,heat,0.00391006655025928
EC-Earth3,-2.5,-2.4493,5,LT,Spring barley,heat,0.00573318005907184
EC-Earth3,-1.5,-1.3807,6,LT,Spring barley,heat,0.00208045878460647
EC-Earth3,-0.5,-0.6596,3,LT,Spring barley,heat,-0.0096232112692439
HadGEM3-GC3-1LL,-8.5,-8.3848,12,LT,Spring barley,heat,0.00442308247068718
HadGEM3-GC3-1LL,-7.5,-7.5599,19,LT,Spring barley,heat,0.00391443222712237
HadGEM3-GC3-1LL,-6.5,-6.5442,24,LT,Spring barley,heat,0.00377214423830356
HadGEM3-GC3-1LL,-5.5,-5.5797,10,LT,Spring barley,heat,0.00157720912767784
HadGEM3-GC3-1LL,-4.5,-4.5263,6,LT,Spring barley,heat,0.00472620352946119
HadGEM3-GC3-1LL,-3.5,-3.7835,7,LT,Spring barley,heat,0.0056881373193339
HadGEM3-GC3-1LL,-2.5,-2.4504,6,LT,Spring barley,heat,0.00327453303003085
HadGEM3-GC3-1LL,-1.5,-1.3098,8,LT,Spring barley,heat,-0.000169321592882275
HadGEM3-GC3-1LL,-0.5,-0.331,6,LT,Spring barley,heat,0.00131216021949023
HadGEM3-GC3-1MM,-14.5,-14.3032,4,LT,Spring barley,heat,0.00868786160930306
HadGEM3-GC3-1MM,-13.5,-13.3931,8,LT,Spring barley,heat,0.00961421944799302
HadGEM3-GC3-1MM,-12.5,-12.588,13,LT,Spring barley,heat,0.0106379106712909
HadGEM3-GC3-1MM,-11.5,-11.5321,21,LT,Spring barley,heat,0.0102186551610231
HadGEM3-GC3-1MM,-10.5,-10.4803,10,LT,Spring barley,heat,0.011570608294023
HadGEM3-GC3-1MM,-9.5,-9.6161,7,LT,Spring barley,heat,0.00242107769544694
HadGEM3-GC3-1MM,-8.5,-8.6582,7,LT,Spring barley,heat,0.00713165331797899
HadGEM3-GC3-1MM,-7.5,-7.6345,8,LT,Spring barley,heat,0.00833374159362354
HadGEM3-GC3-1MM,-6.5,-6.4299,4,LT,Spring barley,heat,0.0058562976428324
HadGEM3-GC3-1MM,-5.5,-5.3528,4,LT,Spring barley,heat,0.00386011493452811
HadGEM3-GC3-1MM,-4.5,-4.3969,4,LT,Spring barley,heat,0.00111105092972346
IPSL-CM6A-LR,-9.5,-9.3401,5,LT,Spring barley,heat,0.0097047439344171
IPSL-CM6A-LR,-8.5,-8.4598,8,LT,Spring barley,heat,0.0087057943585005
IPSL-CM6A-LR,-7.5,-7.5255,19,LT,Spring barley,heat,0.00740880536641302
IPSL-CM6A-LR,-6.5,-6.5577,11,LT,Spring barley,heat,0.00548770298342145
IPSL-CM6A-LR,-5.5,-5.5623,13,LT,Spring barley,heat,0.00646261938407553
IPSL-CM6A-LR,-4.5,-4.3507,11,LT,Spring barley,heat,0.0067469955790901
IPSL-CM6A-LR,-3.5,-3.4644,8,LT,Spring barley,heat,0.00580939837872924
IPSL-CM6A-LR,-2.5,-2.5669,9,LT,Spring barley,heat,0.00669683855327891
IPSL-CM6A-LR,-1.5,-1.2909,6,LT,Spring barley,heat,0.00557425098582809
IPSL-CM6A-LR,-0.5,-0.6347,8,LT,Spring barley,heat,0.00226802833813523
EC-Earth3,-9.5,-9.1554,4,LV,Spring barley,heat,0.00073395167182539
EC-Earth3,-8.5,-8.4726,15,LV,Spring barley,heat,0.00405494458689792
EC-Earth3,-7.5,-7.5562,20,LV,Spring barley,heat,0.0045228955518737
EC-Earth3,-6.5,-6.4767,21,LV,Spring barley,heat,0.00325107408702091
EC-Earth3,-5.5,-5.3342,8,LV,Spring barley,heat,0.00161406057255048
EC-Earth3,-4.5,-4.5495,8,LV,Spring barley,heat,0.00457623221224368
EC-Earth3,-3.5,-3.3459,9,LV,Spring barley,heat,0.003713709848422
EC-Earth3,-2.5,-2.4493,5,LV,Spring barley,heat,0.00445848634819067
EC-Earth3,-1.5,-1.3807,6,LV,Spring barley,heat,0.00121461638070937
EC-Earth3,-0.5,-0.6596,3,LV,Spring barley,heat,-0.00717212057062988
HadGEM3-GC3-1LL,-8.5,-8.3848,12,LV,Spring barley,heat,0.00425651321226451
HadGEM3-GC3-1LL,-7.5,-7.5599,19,LV,Spring barley,heat,0.003992638262453
HadGEM3-GC3-1LL,-6.5,-6.5442,24,LV,Spring barley,heat,0.00338613621686718
HadGEM3-GC3-1LL,-5.5,-5.5797,10,LV,Spring barley,heat,0.00241236678519323
HadGEM3-GC3-1LL,-4.5,-4.5263,6,LV,Spring barley,heat,0.00394702728196208
HadGEM3-GC3-1LL,-3.5,-3.7835,7,LV,Spring barley,heat,0.00466819162877817
HadGEM3-GC3-1LL,-2.5,-2.4504,6,LV,Spring barley,heat,0.00292152163703718
HadGEM3-GC3-1LL,-1.5,-1.3098,8,LV,Spring barley,heat,2.34644391253682e-05
HadGEM3-GC3-1LL,-0.5,-0.331,6,LV,Spring barley,heat,0.00102330236952897
HadGEM3-GC3-1MM,-14.5,-14.3032,4,LV,Spring barley,heat,0.00721881886802031
HadGEM3-GC3-1MM,-13.5,-13.3931,8,LV,Spring barley,heat,0.00772131852212199
HadGEM3-GC3-1MM,-12.5,-12.588,13,LV,Spring barley,heat,0.00829018187307687
HadGEM3-GC3-1MM,-11.5,-11.5321,21,LV,Spring barley,heat,0.00801169082688718
HadGEM3-GC3-1MM,-10.5,-10.4803,10,LV,Spring barley,heat,0.00857888931388244
HadGEM3-GC3-1MM,-9.5,-9.6161,7,LV,Spring barley,heat,0.00408826938221541
HadGEM3-GC3-1MM,-8.5,-8.6582,7,LV,Spring barley,heat,0.00619952859419061
HadGEM3-GC3-1MM,-7.5,-7.6345,8,LV,Spring barley,heat,0.00649947564547634
HadGEM3-GC3-1MM,-6.5,-6.4299,4,LV,Spring barley,heat,0.0050690985871757
HadGEM3-GC3-1MM,-5.5,-5.3528,4,LV,Spring barley,heat,0.00250316039484289
HadGEM3-GC3-1MM,-4.5,-4.3969,4,LV,Spring barley,heat,0.00180946071267838
IPSL-CM6A-LR,-9.5,-9.3401,5,LV,Spring barley,heat,0.00751603975627447
IPSL-CM6A-LR,-8.5,-8.4598,8,LV,Spring barley,heat,0.00671550085080274
IPSL-CM6A-LR,-7.5,-7.5255,19,LV,Spring barley,heat,0.0061886946970844
IPSL-CM6A-LR,-6.5,-6.5577,11,LV,Spring barley,heat,0.0051933626518325
IPSL-CM6A-LR,-5.5,-5.5623,13,LV,Spring barley,heat,0.00503709195993484
IPSL-CM6A-LR,-4.5,-4.3507,11,LV,Spring barley,heat,0.00554436253250939
IPSL-CM6A-LR,-3.5,-3.4644,8,LV,Spring barley,heat,0.00447615495604157
IPSL-CM6A-LR,-2.5,-2.5669,9,LV,Spring barley,heat,0.00501462557946344
IPSL-CM6A-LR,-1.5,-1.2909,6,LV,Spring barley,heat,0.0045101772197269
IPSL-CM6A-LR,-0.5,-0.6347,8,LV,Spring barley,heat,0.00145289328504636
EC-Earth3,-9.5,-9.1554,4,SE,Spring barley,heat,0.00351359905070604
EC-Earth3,-8.5,-8.4726,15,SE,Spring barley,heat,0.00329501983928612
EC-Earth3,-7.5,-7.5562,20,SE,Spring barley,heat,0.00312990028825774
EC-Earth3,-6.5,-6.4767,21,SE,Spring barley,heat,0.00248166263478386
EC-Earth3,-5.5,-5.3342,8,SE,Spring barley,heat,0.00180421561500021
EC-Earth3,-4.5,-4.5495,8,SE,Spring barley,heat,0.00329622506686647
EC-Earth3,-3.5,-3.3459,9,SE,Spring barley,heat,0.00210945406961439
EC-Earth3,-2.5,-2.4493,5,SE,Spring barley,heat,0.00329186935294137
EC-Earth3,-1.5,-1.3807,6,SE,Spring barley,heat,0.00207276703777748
EC-Earth3,-0.5,-0.6596,3,SE,Spring barley,heat,0.000475773934527039
HadGEM3-GC3-1LL,-8.5,-8.3848,12,SE,Spring barley,heat,0.00236351783887509
HadGEM3-GC3-1LL,-7.5,-7.5599,19,SE,Spring barley,heat,0.00250697152692483
HadGEM3-GC3-1LL,-6.5,-6.5442,24,SE,Spring barley,heat,0.00215732129023428
HadGEM3-GC3-1LL,-5.5,-5.5797,10,SE,Spring barley,heat,0.00139057169145968
HadGEM3-GC3-1LL,-4.5,-4.5263,6,SE,Spring barley,heat,0.00212636520823845
HadGEM3-GC3-1LL,-3.5,-3.7835,7,SE,Spring barley,heat,0.00274327097937035
HadGEM3-GC3-1LL,-2.5,-2.4504,6,SE,Spring barley,heat,0.00177447300529867
HadGEM3-GC3-1LL,-1.5,-1.3098,8,SE,Spring barley,heat,-3.56519987117441e-05
HadGEM3-GC3-1LL,-0.5,-0.331,6,SE,Spring barley,heat,-1.02817662276989e-05
HadGEM3-GC3-1MM,-14.5,-14.3032,4,SE,Spring barley,heat,0.00377653631307845
HadGEM3-GC3-1MM,-13.5,-13.3931,8,SE,Spring barley,heat,0.00378946814797942
HadGEM3-GC3-1MM,-12.5,-12.588,13,SE,Spring barley,heat,0.00378498849634361
HadGEM3-GC3-1MM,-11.5,-11.5321,21,SE,Spring barley,heat,0.00380723273612556
HadGEM3-GC3-1MM,-10.5,-10.4803,10,SE,Spring barley,heat,0.00380386776345295
HadGEM3-GC3-1MM,-9.5,-9.6161,7,SE,Spring barley,heat,0.00281424769667987
HadGEM3-GC3-1MM,-8.5,-8.6582,7,SE,Spring barley,heat,0.00335538984446685
HadGEM3-GC3-1MM,-7.5,-7.6345,8,SE,Spring barley,heat,0.00338526057376807
HadGEM3-GC3-1MM,-6.5,-6.4299,4,SE,Spring barley,heat,0.00185602237173689
HadGEM3-GC3-1MM,-5.5,-5.3528,4,SE,Spring barley,heat,0.00319096898796104
HadGEM3-GC3-1MM,-4.5,-4.3969,4,SE,Spring barley,heat,0.00169818148853976
IPSL-CM6A-LR,-9.5,-9.3401,5,SE,Spring barley,heat,0.00330525783028185
IPSL-CM6A-LR,-8.5,-8.4598,8,SE,Spring barley,heat,0.00354194835159858
IPSL-CM6A-LR,-7.5,-7.5255,19,SE,Spring barley,heat,0.00315126626992617
IPSL-CM6A-LR,-6.5,-6.5577,11,SE,Spring barley,heat,0.00280368897956051
IPSL-CM6A-LR,-5.5,-5.5623,13,SE,Spring barley,heat,0.0026067038996823
IPSL-CM6A-LR,-4.5,-4.3507,11,SE,Spring barley,heat,0.0029786195194105
IPSL-CM6A-LR,-3.5,-3.4644,8,SE,Spring barley,heat,0.0027979854096334
IPSL-CM6A-LR,-2.5,-2.5669,9,SE,Spring barley,heat,0.00183264299043861
IPSL-CM6A-LR,-1.5,-1.2909,6,SE,Spring barley,heat,0.0025659604306451
IPSL-CM6A-LR,-0.5,-0.6347,8,SE,Spring barley,heat,0.00119545522296389
EC-Earth3,-9.5,-9.1554,4,SK,Spring barley,heat,0.0255651122651627
EC-Earth3,-8.5,-8.4726,15,SK,Spring barley,heat,0.0239108359073488
EC-Earth3,-7.5,-7.5562,20,SK,Spring barley,heat,0.0236787935559507
EC-Earth3,-6.5,-6.4767,21,SK,Spring barley,heat,0.00502543295124798
EC-Earth3,-5.5,-5.3342,8,SK,Spring barley,heat,-0.011473335866478
EC-Earth3,-4.5,-4.5495,8,SK,Spring barley,heat,0.00902513636416811
EC-Earth3,-3.5,-3.3459,9,SK,Spring barley,heat,0.0119445817287452
EC-Earth3,-2.5,-2.4493,5,SK,Spring barley,heat,0.00412720943917594
EC-Earth3,-1.5,-1.3807,6,SK,Spring barley,heat,0.0141469367321454
EC-Earth3,-0.5,-0.6596,3,SK,Spring barley,heat,-0.0298051694562064
HadGEM3-GC3-1LL,-8.5,-8.3848,12,SK,Spring barley,heat,0.000657355761448591
HadGEM3-GC3-1LL,-7.5,-7.5599,19,SK,Spring barley,heat,-0.0106350054622436
HadGEM3-GC3-1LL,-6.5,-6.5442,24,SK,Spring barley,heat,0.0136814201119864
HadGEM3-GC3-1LL,-5.5,-5.5797,10,SK,Spring barley,heat,-0.00269481519023855
HadGEM3-GC3-1LL,-4.5,-4.5263,6,SK,Spring barley,heat,0.0168328494551169
HadGEM3-GC3-1LL,-3.5,-3.7835,7,SK,Spring barley,heat,0.00751559077384644
HadGEM3-GC3-1LL,-2.5,-2.4504,6,SK,Spring barley,heat,0.00376116008032476
HadGEM3-GC3-1LL,-1.5,-1.3098,8,SK,Spring barley,heat,0.00289839082430705
HadGEM3-GC3-1LL,-0.5,-0.331,6,SK,Spring barley,heat,0.0136114973416156
HadGEM3-GC3-1MM,-14.5,-14.3032,4,SK,Spring barley,heat,0.00305230552249923
HadGEM3-GC3-1MM,-13.5,-13.3931,8,SK,Spring barley,heat,0.00181074927802904
HadGEM3-GC3-1MM,-12.5,-12.588,13,SK,Spring barley,heat,0.00369431966332106
HadGEM3-GC3-1MM,-11.5,-11.5321,21,SK,Spring barley,heat,0.012592317046063
HadGEM3-GC3-1MM,-10.5,-10.4803,10,SK,Spring barley,heat,0.0284853058260147
HadGEM3-GC3-1MM,-9.5,-9.6161,7,SK,Spring barley,heat,-0.034261827910832
HadGEM3-GC3-1MM,-8.5,-8.6582,7,SK,Spring barley,heat,0.0032906342915831
HadGEM3-GC3-1MM,-7.5,-7.6345,8,SK,Spring barley,heat,0.0201207683638132
HadGEM3-GC3-1MM,-6.5,-6.4299,4,SK,Spring barley,heat,0.000671645448779761
HadGEM3-GC3-1MM,-5.5,-5.3528,4,SK,Spring barley,heat,-0.00414844261459326
HadGEM3-GC3-1MM,-4.5,-4.3969,4,SK,Spring barley,heat,-0.0145928222843804
IPSL-CM6A-LR,-9.5,-9.3401,5,SK,Spring barley,heat,0.0227482064179874
IPSL-CM6A-LR,-8.5,-8.4598,8,SK,Spring barley,heat,0.0260685022853311
IPSL-CM6A-LR,-7.5,-7.5255,19,SK,Spring barley,heat,0.0173802455905768
IPSL-CM6A-LR,-6.5,-6.5577,11,SK,Spring barley,heat,0.0108807021723428
IPSL-CM6A-LR,-5.5,-5.5623,13,SK,Spring barley,heat,0.0203086846907359
IPSL-CM6A-LR,-4.5,-4.3507,11,SK,Spring barley,heat,0.00715846126382281
IPSL-CM6A-LR,-3.5,-3.4644,8,SK,Spring barley,heat,0.0157148035466464
IPSL-CM6A-LR,-2.5,-2.5669,9,SK,Spring barley,heat,0.0169153248240365
IPSL-CM6A-LR,-1.5,-1.2909,6,SK,Spring barley,heat,0.00359802740717554
IPSL-CM6A-LR,-0.5,-0.6347,8,SK,Spring barley,heat,0.00540713500282864
EC-Earth3,-9.5,-9.1554,4,CZ,Winter barley,heat,0.000246620777630105
EC-Earth3,-8.5,-8.4726,15,CZ,Winter barley,heat,0.00021569585509161
EC-Earth3,-7.5,-7.5562,20,CZ,Winter barley,heat,0.000203230841161871
EC-Earth3,-6.5,-6.4767,21,CZ,Winter barley,heat,1.80549230587329e-05
EC-Earth3,-5.5,-5.3342,8,CZ,Winter barley,heat,-7.9308736122299e-05
EC-Earth3,-4.5,-4.5495,8,CZ,Winter barley,heat,6.81067051578745e-05
EC-Earth3,-3.5,-3.3459,9,CZ,Winter barley,heat,3.43675540258621e-05
EC-Earth3,-2.5,-2.4493,5,CZ,Winter barley,heat,8.3616443746104e-05
EC-Earth3,-1.5,-1.3807,6,CZ,Winter barley,heat,0.00010947624306958
EC-Earth3,-0.5,-0.6596,3,CZ,Winter barley,heat,-0.000269932325949112
HadGEM3-GC3-1LL,-8.5,-8.3848,12,CZ,Winter barley,heat,-5.70445926921505e-05
HadGEM3-GC3-1LL,-7.5,-7.5599,19,CZ,Winter barley,heat,-6.81862356642738e-05
HadGEM3-GC3-1LL,-6.5,-6.5442,24,CZ,Winter barley,heat,9.83301077260385e-05
HadGEM3-GC3-1LL,-5.5,-5.5797,10,CZ,Winter barley,heat,9.68506612649337e-06
HadGEM3-GC3-1LL,-4.5,-4.5263,6,CZ,Winter barley,heat,0.000108791733265092
HadGEM3-GC3-1LL,-3.5,-3.7835,7,CZ,Winter barley,heat,6.30757362022806e-05
HadGEM3-GC3-1LL,-2.5,-2.4504,6,CZ,Winter barley,heat,4.34660791543413e-05
HadGEM3-GC3-1LL,-1.5,-1.3098,8,CZ,Winter barley,heat,-3.26135532239127e-05
HadGEM3-GC3-1LL,-0.5,-0.331,6,CZ,Winter barley,heat,3.82913133868784e-05
HadGEM3-GC3-1MM,-14.5,-14.3032,4,CZ,Winter barley,heat,0.000153603790937003
HadGEM3-GC3-1MM,-13.5,-13.3931,8,CZ,Winter barley,heat,0.000210885303026208
HadGEM3-GC3-1MM,-12.5,-12.588,13,CZ,Winter barley,heat,8.34244810452591e-05
HadGEM3-GC3-1MM,-11.5,-11.5321,21,CZ,Winter barley,heat,0.000234156384062788
HadGEM3-GC3-1MM,-10.5,-10.4803,10,CZ,Winter barley,heat,0.000332140483756872
HadGEM3-GC3-1MM,-9.5,-9.6161,7,CZ,Winter barley,heat,-0.000264237904993384
HadGEM3-GC3-1MM,-8.5,-8.6582,7,CZ,Winter barley,heat,0.000147645027841431
HadGEM3-GC3-1MM,-7.5,-7.6345,8,CZ,Winter barley,heat,0.000240491315183211
HadGEM3-GC3-1MM,-6.5,-6.4299,4,CZ,Winter barley,heat,-5.62303507307095e-06
HadGEM3-GC3-1MM,-5.5,-5.3528,4,CZ,Winter barley,heat,7.56551818989219e-05
HadGEM3-GC3-1MM,-4.5,-4.3969,4,CZ,Winter barley,heat,-2.59739807582786e-05
IPSL-CM6A-LR,-9.5,-9.3401,5,CZ,Winter barley,heat,0.000238737159881939
IPSL-CM6A-LR,-8.5,-8.4598,8,CZ,Winter barley,heat,0.000239769629103153
IPSL-CM6A-LR,-7.5,-7.5255,19,CZ,Winter barley,heat,0.000167467978604818
IPSL-CM6A-LR,-6.5,-6.5577,11,CZ,Winter barley,heat,0.000140614208955775
IPSL-CM6A-LR,-5.5,-5.5623,13,CZ,Winter barley,heat,0.000177593101263949
IPSL-CM6A-LR,-4.5,-4.3507,11,CZ,Winter barley,heat,6.44377734582843e-05
IPSL-CM6A-LR,-3.5,-3.4644,8,CZ,Winter barley,heat,0.000157334918916905
IPSL-CM6A-LR,-2.5,-2.5669,9,CZ,Winter barley,heat,0.00013666475510372
IPSL-CM6A-LR,-1.5,-1.2909,6,CZ,Winter barley,heat,6.97708544996413e-05
IPSL-CM6A-LR,-0.5,-0.6347,8,CZ,Winter barley,heat,6.97960718936358e-05
EC-Earth3,-9.5,-9.1554,4,DE,Winter barley,heat,0.000255455984784018
EC-Earth3,-8.5,-8.4726,15,DE,Winter barley,heat,0.000202134345205304
EC-Earth3,-7.5,-7.5562,20,DE,Winter barley,heat,0.000196271577279022
EC-Earth3,-6.5,-6.4767,21,DE,Winter barley,heat,5.48281936878685e-05
EC-Earth3,-5.5,-5.3342,8,DE,Winter barley,heat,-1.42783267930564e-05
EC-Earth3,-4.5,-4.5495,8,DE,Winter barley,heat,0.000119004137873567
EC-Earth3,-3.5,-3.3459,9,DE,Winter barley,heat,-3.95122917757766e-07
EC-Earth3,-2.5,-2.4493,5,DE,Winter barley,heat,0.000124255740711542
EC-Earth3,-1.5,-1.3807,6,DE,Winter barley,heat,9.18374879706135e-05
EC-Earth3,-0.5,-0.6596,3,DE,Winter barley,heat,-0.000135971911655805
HadGEM3-GC3-1LL,-8.5,-8.3848,12,DE,Winter barley,heat,-1.47891673099698e-05
HadGEM3-GC3-1LL,-7.5,-7.5599,19,DE,Winter barley,heat,3.91731241389184e-05
HadGEM3-GC3-1LL,-6.5,-6.5442,24,DE,Winter barley,heat,8.20254788658576e-05
HadGEM3-GC3-1LL,-5.5,-5.5797,10,DE,Winter barley,heat,2.89751317984808e-06
HadGEM3-GC3-1LL,-4.5,-4.5263,6,DE,Winter barley,heat,9.1708962275823e-05
HadGEM3-GC3-1LL,-3.5,-3.7835,7,DE,Winter barley,heat,0.000115334558224134
HadGEM3-GC3-1LL,-2.5,-2.4504,6,DE,Winter barley,heat,4.06910225232721e-05
HadGEM3-GC3-1LL,-1.5,-1.3098,8,DE,Winter barley,heat,7.32025895630117e-08
HadGEM3-GC3-1LL,-0.5,-0.331,6,DE,Winter barley,heat,6.31786538650948e-06
HadGEM3-GC3-1MM,-14.5,-14.3032,4,DE,Winter barley,heat,0.00027620652811216
HadGEM3-GC3-1MM,-13.5,-13.3931,8,DE,Winter barley,heat,0.000329687737469008
HadGEM3-GC3-1MM,-12.5,-12.588,13,DE,Winter barley,heat,0.000204405058092441
HadGEM3-GC3-1MM,-11.5,-11.5321,21,DE,Winter barley,heat,0.000288859519760333
HadGEM3-GC3-1MM,-10.5,-10.4803,10,DE,Winter barley,heat,0.000318795609167002
HadGEM3-GC3-1MM,-9.5,-9.6161,7,DE,Winter barley,heat,-2.59696747901308e-05
HadGEM3-GC3-1MM,-8.5,-8.6582,7,DE,Winter barley,heat,0.00018295956918028
HadGEM3-GC3-1MM,-7.5,-7.6345,8,DE,Winter barley,heat,0.000256663786192958
HadGEM3-GC3-1MM,-6.5,-6.4299,4,DE,Winter barley,heat,6.65716394106689e-05
HadGEM3-GC3-1MM,-5.5,-5.3528,4,DE,Winter barley,heat,0.000143393407509
HadGEM3-GC3-1MM,-4.5,-4.3969,4,DE,Winter barley,heat,8.30601381530436e-06
IPSL-CM6A-LR,-9.5,-9.3401,5,DE,Winter barley,heat,0.000222954516308297
IPSL-CM6A-LR,-8.5,-8.4598,8,DE,Winter barley,heat,0.000240621193705704
IPSL-CM6A-LR,-7.5,-7.5255,19,DE,Winter barley,heat,0.000152505881260098
IPSL-CM6A-LR,-6.5,-6.5577,11,DE,Winter barley,heat,0.000144347790672319
IPSL-CM6A-LR,-5.5,-5.5623,13,DE,Winter barley,heat,0.000153685429136887
IPSL-CM6A-LR,-4.5,-4.3507,11,DE,Winter barley,heat,9.59032069884252e-05
IPSL-CM6A-LR,-3.5,-3.4644,8,DE,Winter barley,heat,0.000180800331525871
IPSL-CM6A-LR,-2.5,-2.5669,9,DE,Winter barley,heat,9.47087830010668e-05
IPSL-CM6A-LR,-1.5,-1.2909,6,DE,Winter barley,heat,9.96161933467894e-05
IPSL-CM6A-LR,-0.5,-0.6347,8,DE,Winter barley,heat,5.36180214535618e-05
EC-Earth3,-9.5,-9.1554,4,DK,Winter barley,heat,2.65357100326545e-05
EC-Earth3,-8.5,-8.4726,15,DK,Winter barley,heat,2.61462843196629e-05
EC-Earth3,-7.5,-7.5562,20,DK,Winter barley,heat,2.59948450541175e-05
EC-Earth3,-6.5,-6.4767,21,DK,Winter barley,heat,2.11910674962036e-05
EC-Earth3,-5.5,-5.3342,8,DK,Winter barley,heat,1.37649085218855e-05
EC-Earth3,-4.5,-4.5495,8,DK,Winter barley,heat,2.47248819475224e-05
EC-Earth3,-3.5,-3.3459,9,DK,Winter barley,heat,1.12702812160498e-05
EC-Earth3,-2.5,-2.4493,5,DK,Winter barley,heat,2.49346285837495e-05
EC-Earth3,-1.5,-1.3807,6,DK,Winter barley,heat,1.04292175563045e-05
EC-Earth3,-0.5,-0.6596,3,DK,Winter barley,heat,-3.70536200138418e-06
HadGEM3-GC3-1LL,-8.5,-8.3848,12,DK,Winter barley,heat,1.90964577876305e-05
HadGEM3-GC3-1LL,-7.5,-7.5599,19,DK,Winter barley,heat,2.13625164497733e-05
HadGEM3-GC3-1LL,-6.5,-6.5442,24,DK,Winter barley,heat,1.73714908351971e-05
HadGEM3-GC3-1LL,-5.5,-5.5797,10,DK,Winter barley,heat,1.41733607803643e-05
HadGEM3-GC3-1LL,-4.5,-4.5263,6,DK,Winter barley,heat,1.76626630119861e-05
HadGEM3-GC3-1LL,-3.5,-3.7835,7,DK,Winter barley,heat,2.36395622756574e-05
HadGEM3-GC3-1LL,-2.5,-2.4504,6,DK,Winter barley,heat,1.18726625367645e-05
HadGEM3-GC3-1LL,-1.5,-1.3098,8,DK,Winter barley,heat,-2.56466024319215e-06
HadGEM3-GC3-1LL,-0.5,-0.331,6,DK,Winter barley,heat,-6.12964741723767e-06
HadGEM3-GC3-1MM,-14.5,-14.3032,4,DK,Winter barley,heat,2.84547578788113e-05
HadGEM3-GC3-1MM,-13.5,-13.3931,8,DK,Winter barley,heat,2.85844682847478e-05
HadGEM3-GC3-1MM,-12.5,-12.588,13,DK,Winter barley,heat,2.8719935687723e-05
HadGEM3-GC3-1MM,-11.5,-11.5321,21,DK,Winter barley,heat,2.86613137279274e-05
HadGEM3-GC3-1MM,-10.5,-10.4803,10,DK,Winter barley,heat,2.85341230368544e-05
HadGEM3-GC3-1MM,-9.5,-9.6161,7,DK,Winter barley,heat,2.34949186488183e-05
HadGEM3-GC3-1MM,-8.5,-8.6582,7,DK,Winter barley,heat,2.67425718231992e-05
HadGEM3-GC3-1MM,-7.5,-7.6345,8,DK,Winter barley,heat,2.66576326118277e-05
HadGEM3-GC3-1MM,-6.5,-6.4299,4,DK,Winter barley,heat,-8.1594000882997e-08
HadGEM3-GC3-1MM,-5.5,-5.3528,4,DK,Winter barley,heat,2.33504862456512e-05
HadGEM3-GC3-1MM,-4.5,-4.3969,4,DK,Winter barley,heat,4.90605639881257e-06
IPSL-CM6A-LR,-9.5,-9.3401,5,DK,Winter barley,heat,2.69943828461866e-05
IPSL-CM6A-LR,-8.5,-8.4598,8,DK,Winter barley,heat,2.80218888187524e-05
IPSL-CM6A-LR,-7.5,-7.5255,19,DK,Winter barley,heat,2.65096920034553e-05
IPSL-CM6A-LR,-6.5,-6.5577,11,DK,Winter barley,heat,2.58064300819212e-05
IPSL-CM6A-LR,-5.5,-5.5623,13,DK,Winter barley,heat,2.23700943572267e-05
IPSL-CM6A-LR,-4.5,-4.3507,11,DK,Winter barley,heat,2.22363852836239e-05
IPSL-CM6A-LR,-3.5,-3.4644,8,DK,Winter barley,heat,2.41880363574563e-05
IPSL-CM6A-LR,-2.5,-2.5669,9,DK,Winter barley,heat,1.6280043636673e-05
IPSL-CM6A-LR,-1.5,-1.2909,6,DK,Winter barley,heat,2.04623787042424e-05
IPSL-CM6A-LR,-0.5,-0.6347,8,DK,Winter barley,heat,1.26427040342786e-05
EC-Earth3,-9.5,-9.1554,4,EE,Winter barley,heat,2.39107644555859e-05
EC-Earth3,-8.5,-8.4726,15,EE,Winter barley,heat,6.05722556798569e-05
EC-Earth3,-7.5,-7.5562,20,EE,Winter barley,heat,6.89715334624326e-05
EC-Earth3,-6.5,-6.4767,21,EE,Winter barley,heat,4.92100074918791e-05
EC-Earth3,-5.5,-5.3342,8,EE,Winter barley,heat,3.45417228804467e-05
EC-Earth3,-4.5,-4.5495,8,EE,Winter barley,heat,7.93463030911872e-05
EC-Earth3,-3.5,-3.3459,9,EE,Winter barley,heat,6.63439693028985e-05
EC-Earth3,-2.5,-2.4493,5,EE,Winter barley,heat,7.56839028421874e-05
EC-Earth3,-1.5,-1.3807,6,EE,Winter barley,heat,2.12748578826188e-05
EC-Earth3,-0.5,-0.6596,3,EE,Winter barley,heat,-6.47236387566503e-05
HadGEM3-GC3-1LL,-8.5,-8.3848,12,EE,Winter barley,heat,7.09506423464488e-05
HadGEM3-GC3-1LL,-7.5,-7.5599,19,EE,Winter barley,heat,6.992583575694e-05
HadGEM3-GC3-1LL,-6.5,-6.5442,24,EE,Winter barley,heat,6.02554460555421e-05
HadGEM3-GC3-1LL,-5.5,-5.5797,10,EE,Winter barley,heat,4.91424490370328e-05
HadGEM3-GC3-1LL,-4.5,-4.5263,6,EE,Winter barley,heat,5.68894133084148e-05
HadGEM3-GC3-1LL,-3.5,-3.7835,7,EE,Winter barley,heat,6.8591276380095e-05
HadGEM3-GC3-1LL,-2.5,-2.4504,6,EE,Winter barley,heat,5.17457904975856e-05
HadGEM3-GC3-1LL,-1.5,-1.3098,8,EE,Winter barley,heat,8.95107893005355e-07
HadGEM3-GC3-1LL,-0.5,-0.331,6,EE,Winter barley,heat,5.2883541927506e-06
HadGEM3-GC3-1MM,-14.5,-14.3032,4,EE,Winter barley,heat,0.000104799376248448
HadGEM3-GC3-1MM,-13.5,-13.3931,8,EE,Winter barley,heat,0.000108983423611685
HadGEM3-GC3-1MM,-12.5,-12.588,13,EE,Winter barley,heat,0.000110766956674213
HadGEM3-GC3-1MM,-11.5,-11.5321,21,EE,Winter barley,heat,0.000109428410046393
HadGEM3-GC3-1MM,-10.5,-10.4803,10,EE,Winter barley,heat,0.000112523458703477
HadGEM3-GC3-1MM,-9.5,-9.6161,7,EE,Winter barley,heat,8.15715811805126e-05
HadGEM3-GC3-1MM,-8.5,-8.6582,7,EE,Winter barley,heat,9.53415067553092e-05
HadGEM3-GC3-1MM,-7.5,-7.6345,8,EE,Winter barley,heat,9.29909519318203e-05
HadGEM3-GC3-1MM,-6.5,-6.4299,4,EE,Winter barley,heat,8.03494510594184e-05
HadGEM3-GC3-1MM,-5.5,-5.3528,4,EE,Winter barley,heat,5.56712030706987e-05
HadGEM3-GC3-1MM,-4.5,-4.3969,4,EE,Winter barley,heat,4.53175274903587e-05
IPSL-CM6A-LR,-9.5,-9.3401,5,EE,Winter barley,heat,9.78550419720626e-05
IPSL-CM6A-LR,-8.5,-8.4598,8,EE,Winter barley,heat,9.51900663491067e-05
IPSL-CM6A-LR,-7.5,-7.5255,19,EE,Winter barley,heat,9.25099315963071e-05
IPSL-CM6A-LR,-6.5,-6.5577,11,EE,Winter barley,heat,8.63558372050505e-05
IPSL-CM6A-LR,-5.5,-5.5623,13,EE,Winter barley,heat,7.10378046021724e-05
IPSL-CM6A-LR,-4.5,-4.3507,11,EE,Winter barley,heat,8.32626156721732e-05
IPSL-CM6A-LR,-3.5,-3.4644,8,EE,Winter barley,heat,6.09796443951949e-05
IPSL-CM6A-LR,-2.5,-2.5669,9,EE,Winter barley,heat,6.37724917735521e-05
IPSL-CM6A-LR,-1.5,-1.2909,6,EE,Winter barley,heat,6.81746130749727e-05
IPSL-CM6A-LR,-0.5,-0.6347,8,EE,Winter barley,heat,1.84094418394659e-05
EC-Earth3,-9.5,-9.1554,4,EL,Winter barley,heat,0.000537266228016096
EC-Earth3,-8.5,-8.4726,15,EL,Winter barley,heat,0.000553217321186693
EC-Earth3,-7.5,-7.5562,20,EL,Winter barley,heat,0.000606427403371624
EC-Earth3,-6.5,-6.4767,21,EL,Winter barley,heat,0.000538774330490105
EC-Earth3,-5.5,-5.3342,8,EL,Winter barley,heat,0.000377783494433368
EC-Earth3,-4.5,-4.5495,8,EL,Winter barley,heat,9.20877680742637e-05
EC-Earth3,-3.5,-3.3459,9,EL,Winter barley,heat,0.000556624302273788
EC-Earth3,-2.5,-2.4493,5,EL,Winter barley,heat,-0.000238553357582441
EC-Earth3,-1.5,-1.3807,6,EL,Winter barley,heat,0.000282154939392937
EC-Earth3,-0.5,-0.6596,3,EL,Winter barley,heat,0.000277228843867341
HadGEM3-GC3-1LL,-8.5,-8.3848,12,EL,Winter barley,heat,0.000474253819487417
HadGEM3-GC3-1LL,-7.5,-7.5599,19,EL,Winter barley,heat,-2.0148124485748e-05
HadGEM3-GC3-1LL,-6.5,-6.5442,24,EL,Winter barley,heat,0.000598870778895797
HadGEM3-GC3-1LL,-5.5,-5.5797,10,EL,Winter barley,heat,0.000224279209226652
HadGEM3-GC3-1LL,-4.5,-4.5263,6,EL,Winter barley,heat,0.000281050043150597
HadGEM3-GC3-1LL,-3.5,-3.7835,7,EL,Winter barley,heat,7.84540023215924e-05
HadGEM3-GC3-1LL,-2.5,-2.4504,6,EL,Winter barley,heat,-3.35446349338628e-05
HadGEM3-GC3-1LL,-1.5,-1.3098,8,EL,Winter barley,heat,0.000313107371697823
HadGEM3-GC3-1LL,-0.5,-0.331,6,EL,Winter barley,heat,-4.82127237604788e-05
HadGEM3-GC3-1MM,-14.5,-14.3032,4,EL,Winter barley,heat,0.000452811492148106
HadGEM3-GC3-1MM,-13.5,-13.3931,8,EL,Winter barley,heat,5.88681611159784e-05
HadGEM3-GC3-1MM,-12.5,-12.588,13,EL,Winter barley,heat,0.000458186992836934
HadGEM3-GC3-1MM,-11.5,-11.5321,21,EL,Winter barley,heat,0.000352908136259257
HadGEM3-GC3-1MM,-10.5,-10.4803,10,EL,Winter barley,heat,7.13002087955346e-05
HadGEM3-GC3-1MM,-9.5,-9.6161,7,EL,Winter barley,heat,-3.61882975840825e-05
HadGEM3-GC3-1MM,-8.5,-8.6582,7,EL,Winter barley,heat,8.59377145483697e-05
HadGEM3-GC3-1MM,-7.5,-7.6345,8,EL,Winter barley,heat,-2.47526170716409e-05
HadGEM3-GC3-1MM,-6.5,-6.4299,4,EL,Winter barley,heat,0.000162851394520343
HadGEM3-GC3-1MM,-5.5,-5.3528,4,EL,Winter barley,heat,-0.000369206307946054
HadGEM3-GC3-1MM,-4.5,-4.3969,4,EL,Winter barley,heat,-0.000126207090928868
IPSL-CM6A-LR,-9.5,-9.3401,5,EL,Winter barley,heat,0.000946169707364708
IPSL-CM6A-LR,-8.5,-8.4598,8,EL,Winter barley,heat,0.000738266537315814
IPSL-CM6A-LR,-7.5,-7.5255,19,EL,Winter barley,heat,0.000560191978995442
IPSL-CM6A-LR,-6.5,-6.5577,11,EL,Winter barley,heat,0.000687069756890574
IPSL-CM6A-LR,-5.5,-5.5623,13,EL,Winter barley,heat,0.000474253931119422
IPSL-CM6A-LR,-4.5,-4.3507,11,EL,Winter barley,heat,0.000273780927637903
IPSL-CM6A-LR,-3.5,-3.4644,8,EL,Winter barley,heat,8.94871547478378e-05
IPSL-CM6A-LR,-2.5,-2.5669,9,EL,Winter barley,heat,0.000482037061435689
IPSL-CM6A-LR,-1.5,-1.2909,6,EL,Winter barley,heat,0.000247205635270086
IPSL-CM6A-LR,-0.5,-0.6347,8,EL,Winter barley,heat,-0.000138838024031454
EC-Earth3,-9.5,-9.1554,4,ES,Winter barley,heat,0.000409166324278557
EC-Earth3,-8.5,-8.4726,15,ES,Winter barley,heat,0.000198315347307474
EC-Earth3,-7.5,-7.5562,20,ES,Winter barley,heat,0.000304504810569093
EC-Earth3,-6.5,-6.4767,21,ES,Winter barley,heat,-5.37632953180013e-05
EC-Earth3,-5.5,-5.3342,8,ES,Winter barley,heat,0.000378683972593759
EC-Earth3,-4.5,-4.5495,8,ES,Winter barley,heat,9.65163502755058e-05
EC-Earth3,-3.5,-3.3459,9,ES,Winter barley,heat,0.000346319722687364
EC-Earth3,-2.5,-2.4493,5,ES,Winter barley,heat,4.28760767879142e-05
EC-Earth3,-1.5,-1.3807,6,ES,Winter barley,heat,0.000370891562225121
EC-Earth3,-0.5,-0.6596,3,ES,Winter barley,heat,-0.000499938189030849
HadGEM3-GC3-1LL,-8.5,-8.3848,12,ES,Winter barley,heat,7.24676292920434e-05
HadGEM3-GC3-1LL,-7.5,-7.5599,19,ES,Winter barley,heat,0.00019457477948472
HadGEM3-GC3-1LL,-6.5,-6.5442,24,ES,Winter barley,heat,0.00028465733761
HadGEM3-GC3-1LL,-5.5,-5.5797,10,ES,Winter barley,heat,8.10940411231639e-05
HadGEM3-GC3-1LL,-4.5,-4.5263,6,ES,Winter barley,heat,2.1421210104942e-05
HadGEM3-GC3-1LL,-3.5,-3.7835,7,ES,Winter barley,heat,0.000228908546033634
HadGEM3-GC3-1LL,-2.5,-2.4504,6,ES,Winter barley,heat,-0.000142152801530509
HadGEM3-GC3-1LL,-1.5,-1.3098,8,ES,Winter barley,heat,-0.000248337452332821
HadGEM3-GC3-1LL,-0.5,-0.331,6,ES,Winter barley,heat,-0.000465900276142227
HadGEM3-GC3-1MM,-14.5,-14.3032,4,ES,Winter barley,heat,0.000634134581901863
HadGEM3-GC3-1MM,-13.5,-13.3931,8,ES,Winter barley,heat,0.00161803569978166
HadGEM3-GC3-1MM,-12.5,-12.588,13,ES,Winter barley,heat,0.00125884008993625
HadGEM3-GC3-1MM,-11.5,-11.5321,21,ES,Winter barley,heat,0.000741906098892731
HadGEM3-GC3-1MM,-10.5,-10.4803,10,ES,Winter barley,heat,0.000438236972776136
HadGEM3-GC3-1MM,-9.5,-9.6161,7,ES,Winter barley,heat,-0.000126647309258592
HadGEM3-GC3-1MM,-8.5,-8.6582,7,ES,Winter barley,heat,0.000138599360899139
HadGEM3-GC3-1MM,-7.5,-7.6345,8,ES,Winter barley,heat,-0.000185913288310477
HadGEM3-GC3-1MM,-6.5,-6.4299,4,ES,Winter barley,heat,6.31578205048703e-05
HadGEM3-GC3-1MM,-5.5,-5.3528,4,ES,Winter barley,heat,-0.000579664255402184
HadGEM3-GC3-1MM,-4.5,-4.3969,4,ES,Winter barley,heat,0.000486484619811378
IPSL-CM6A-LR,-9.5,-9.3401,5,ES,Winter barley,heat,0.000643696574853188
IPSL-CM6A-LR,-8.5,-8.4598,8,ES,Winter barley,heat,0.000670476105817154
IPSL-CM6A-LR,-7.5,-7.5255,19,ES,Winter barley,heat,0.000418015872767351
IPSL-CM6A-LR,-6.5,-6.5577,11,ES,Winter barley,heat,0.00043323123135818
IPSL-CM6A-LR,-5.5,-5.5623,13,ES,Winter barley,heat,0.00036437289319111
IPSL-CM6A-LR,-4.5,-4.3507,11,ES,Winter barley,heat,-0.000722192040204186
IPSL-CM6A-LR,-3.5,-3.4644,8,ES,Winter barley,heat,-0.000387701408623482
IPSL-CM6A-LR,-2.5,-2.5669,9,ES,Winter barley,heat,0.00021003241996513
IPSL-CM6A-LR,-1.5,-1.2909,6,ES,Winter barley,heat,-0.000230349264627016
IPSL-CM6A-LR,-0.5,-0.6347,8,ES,Winter barley,heat,-7.39352588905827e-06
EC-Earth3,-9.5,-9.1554,4,FR,Winter barley,heat,0.000264272949583177
EC-Earth3,-8.5,-8.4726,15,FR,Winter barley,heat,0.000196204174503003
EC-Earth3,-7.5,-7.5562,20,FR,Winter barley,heat,0.000254992653639418
EC-Earth3,-6.5,-6.4767,21,FR,Winter barley,heat,2.6847760433288e-05
EC-Earth3,-5.5,-5.3342,8,FR,Winter barley,heat,0.000100688382721285
EC-Earth3,-4.5,-4.5495,8,FR,Winter barley,heat,7.43800420336468e-05
EC-Earth3,-3.5,-3.3459,9,FR,Winter barley,heat,-0.000138105000626875
EC-Earth3,-2.5,-2.4493,5,FR,Winter barley,heat,0.000143732252219395
EC-Earth3,-1.5,-1.3807,6,FR,Winter barley,heat,0.000100112480566717
EC-Earth3,-0.5,-0.6596,3,FR,Winter barley,heat,-0.000165211501597536
HadGEM3-GC3-1LL,-8.5,-8.3848,12,FR,Winter barley,heat,-0.000172302663887812
HadGEM3-GC3-1LL,-7.5,-7.5599,19,FR,Winter barley,heat,7.17302865812302e-05
HadGEM3-GC3-1LL,-6.5,-6.5442,24,FR,Winter barley,heat,6.18714810356379e-05
HadGEM3-GC3-1LL,-5.5,-5.5797,10,FR,Winter barley,heat,2.17627779515685e-05
HadGEM3-GC3-1LL,-4.5,-4.5263,6,FR,Winter barley,heat,-3.4388505638374e-05
HadGEM3-GC3-1LL,-3.5,-3.7835,7,FR,Winter barley,heat,0.000147055182596954
HadGEM3-GC3-1LL,-2.5,-2.4504,6,FR,Winter barley,heat,-9.44963516586825e-05
HadGEM3-GC3-1LL,-1.5,-1.3098,8,FR,Winter barley,heat,-3.54373266753887e-05
HadGEM3-GC3-1LL,-0.5,-0.331,6,FR,Winter barley,heat,-8.87527982851021e-05
HadGEM3-GC3-1MM,-14.5,-14.3032,4,FR,Winter barley,heat,0.000364639776013695
HadGEM3-GC3-1MM,-13.5,-13.3931,8,FR,Winter barley,heat,0.000501233558136012
HadGEM3-GC3-1MM,-12.5,-12.588,13,FR,Winter barley,heat,0.00029858506880005
HadGEM3-GC3-1MM,-11.5,-11.5321,21,FR,Winter barley,heat,0.00035816560199109
HadGEM3-GC3-1MM,-10.5,-10.4803,10,FR,Winter barley,heat,0.000270523541968472
HadGEM3-GC3-1MM,-9.5,-9.6161,7,FR,Winter barley,heat,5.21503574881817e-05
HadGEM3-GC3-1MM,-8.5,-8.6582,7,FR,Winter barley,heat,0.000195715848009453
HadGEM3-GC3-1MM,-7.5,-7.6345,8,FR,Winter barley,heat,0.000281221702282654
HadGEM3-GC3-1MM,-6.5,-6.4299,4,FR,Winter barley,heat,-9.21245017931099e-05
HadGEM3-GC3-1MM,-5.5,-5.3528,4,FR,Winter barley,heat,0.000145303068147765
HadGEM3-GC3-1MM,-4.5,-4.3969,4,FR,Winter barley,heat,6.69553920863717e-05
IPSL-CM6A-LR,-9.5,-9.3401,5,FR,Winter barley,heat,0.000182176276498963
IPSL-CM6A-LR,-8.5,-8.4598,8,FR,Winter barley,heat,0.000248489943801337
IPSL-CM6A-LR,-7.5,-7.5255,19,FR,Winter barley,heat,0.000103058208921061
IPSL-CM6A-LR,-6.5,-6.5577,11,FR,Winter barley,heat,6.31734201185449e-05
IPSL-CM6A-LR,-5.5,-5.5623,13,FR,Winter barley,heat,9.41672915902855e-05
IPSL-CM6A-LR,-4.5,-4.3507,11,FR,Winter barley,heat,-1.82198175156335e-05
IPSL-CM6A-LR,-3.5,-3.4644,8,FR,Winter barley,heat,0.000119811868390204
IPSL-CM6A-LR,-2.5,-2.5669,9,FR,Winter barley,heat,-6.5389025697948e-06
IPSL-CM6A-LR,-1.5,-1.2909,6,FR,Winter barley,heat,5.16770304122282e-05
IPSL-CM6A-LR,-0.5,-0.6347,8,FR,Winter barley,heat,-3.06212637793769e-05
EC-Earth3,-9.5,-9.1554,4,HU,Winter barley,heat,0.000594075660177929
EC-Earth3,-8.5,-8.4726,15,HU,Winter barley,heat,0.000617096664802221
EC-Earth3,-7.5,-7.5562,20,HU,Winter barley,heat,0.000593077840759371
EC-Earth3,-6.5,-6.4767,21,HU,Winter barley,heat,0.000154131477532961
EC-Earth3,-5.5,-5.3342,8,HU,Winter barley,heat,-0.000254318388970859
EC-Earth3,-4.5,-4.5495,8,HU,Winter barley,heat,0.000204672045623691
EC-Earth3,-3.5,-3.3459,9,HU,Winter barley,heat,0.000464045990602129
EC-Earth3,-2.5,-2.4493,5,HU,Winter barley,heat,-0.000171384559559805
EC-Earth3,-1.5,-1.3807,6,HU,Winter barley,heat,0.000480206656156071
EC-Earth3,-0.5,-0.6596,3,HU,Winter barley,heat,-0.000602574529085024
HadGEM3-GC3-1LL,-8.5,-8.3848,12,HU,Winter barley,heat,9.11562861931999e-06
HadGEM3-GC3-1LL,-7.5,-7.5599,19,HU,Winter barley,heat,-0.000362692101915323
HadGEM3-GC3-1LL,-6.5,-6.5442,24,HU,Winter barley,heat,0.000354818549737923
HadGEM3-GC3-1LL,-5.5,-5.5797,10,HU,Winter barley,heat,-5.85914622364957e-05
HadGEM3-GC3-1LL,-4.5,-4.5263,6,HU,Winter barley,heat,0.000457907113919115
HadGEM3-GC3-1LL,-3.5,-3.7835,7,HU,Winter barley,heat,0.000152402137120482
HadGEM3-GC3-1LL,-2.5,-2.4504,6,HU,Winter barley,heat,7.27778258227902e-05
HadGEM3-GC3-1LL,-1.5,-1.3098,8,HU,Winter barley,heat,0.000139174636243789
HadGEM3-GC3-1LL,-0.5,-0.331,6,HU,Winter barley,heat,0.000228939122469032
HadGEM3-GC3-1MM,-14.5,-14.3032,4,HU,Winter barley,heat,-5.23698586006642e-05
HadGEM3-GC3-1MM,-13.5,-13.3931,8,HU,Winter barley,heat,5.13616582527281e-06
HadGEM3-GC3-1MM,-12.5,-12.588,13,HU,Winter barley,heat,0.000109064581643282
HadGEM3-GC3-1MM,-11.5,-11.5321,21,HU,Winter barley,heat,0.000221895627689212
HadGEM3-GC3-1MM,-10.5,-10.4803,10,HU,Winter barley,heat,0.000692990824875103
HadGEM3-GC3-1MM,-9.5,-9.6161,7,HU,Winter barley,heat,-0.000596394217170323
HadGEM3-GC3-1MM,-8.5,-8.6582,7,HU,Winter barley,heat,-8.64439160952424e-05
HadGEM3-GC3-1MM,-7.5,-7.6345,8,HU,Winter barley,heat,0.000463554345046819
HadGEM3-GC3-1MM,-6.5,-6.4299,4,HU,Winter barley,heat,0.000107571525263173
HadGEM3-GC3-1MM,-5.5,-5.3528,4,HU,Winter barley,heat,-0.000117240743042526
HadGEM3-GC3-1MM,-4.5,-4.3969,4,HU,Winter barley,heat,-0.000364301825832212
IPSL-CM6A-LR,-9.5,-9.3401,5,HU,Winter barley,heat,0.000620971070662492
IPSL-CM6A-LR,-8.5,-8.4598,8,HU,Winter barley,heat,0.000657338617079011
IPSL-CM6A-LR,-7.5,-7.5255,19,HU,Winter barley,heat,0.000440237249372294
IPSL-CM6A-LR,-6.5,-6.5577,11,HU,Winter barley,heat,0.000331099410612318
IPSL-CM6A-LR,-5.5,-5.5623,13,HU,Winter barley,heat,0.000527944909258179
IPSL-CM6A-LR,-4.5,-4.3507,11,HU,Winter barley,heat,0.000130956331238985
IPSL-CM6A-LR,-3.5,-3.4644,8,HU,Winter barley,heat,0.000365012282033539
IPSL-CM6A-LR,-2.5,-2.5669,9,HU,Winter barley,heat,0.000431105967063385
IPSL-CM6A-LR,-1.5,-1.2909,6,HU,Winter barley,heat,3.11295412641391e-05
IPSL-CM6A-LR,-0.5,-0.6347,8,HU,Winter barley,heat,3.59389158240798e-05
EC-Earth3,-9.5,-9.1554,4,IT,Winter barley,heat,0.000631521691456161
EC-Earth3,-8.5,-8.4726,15,IT,Winter barley,heat,0.000333950270939881
EC-Earth3,-7.5,-7.5562,20,IT,Winter barley,heat,0.000463185619606855
EC-Earth3,-6.5,-6.4767,21,IT,Winter barley,heat,3.21306574081922e-05
EC-Earth3,-5.5,-5.3342,8,IT,Winter barley,heat,-0.000137562221095804
EC-Earth3,-4.5,-4.5495,8,IT,Winter barley,heat,-0.000282719886235652
EC-Earth3,-3.5,-3.3459,9,IT,Winter barley,heat,0.000410593297844752
EC-Earth3,-2.5,-2.4493,5,IT,Winter barley,heat,-0.000225908482788345
EC-Earth3,-1.5,-1.3807,6,IT,Winter barley,heat,0.000179010023237932
EC-Earth3,-0.5,-0.6596,3,IT,Winter barley,heat,-0.000305728048678036
HadGEM3-GC3-1LL,-8.5,-8.3848,12,IT,Winter barley,heat,-9.85117417025724e-05
HadGEM3-GC3-1LL,-7.5,-7.5599,19,IT,Winter barley,heat,-0.000253056224707169
HadGEM3-GC3-1LL,-6.5,-6.5442,24,IT,Winter barley,heat,0.000395063295430235
HadGEM3-GC3-1LL,-5.5,-5.5797,10,IT,Winter barley,heat,9.37587786512023e-05
HadGEM3-GC3-1LL,-4.5,-4.5263,6,IT,Winter barley,heat,0.000220565693691157
HadGEM3-GC3-1LL,-3.5,-3.7835,7,IT,Winter barley,heat,-0.000184864367702817
HadGEM3-GC3-1LL,-2.5,-2.4504,6,IT,Winter barley,heat,-0.000164457300922606
HadGEM3-GC3-1LL,-1.5,-1.3098,8,IT,Winter barley,heat,9.25074377623458e-05
HadGEM3-GC3-1LL,-0.5,-0.331,6,IT,Winter barley,heat,-9.20632800638842e-05
HadGEM3-GC3-1MM,-14.5,-14.3032,4,IT,Winter barley,heat,0.000226109417325138
HadGEM3-GC3-1MM,-13.5,-13.3931,8,IT,Winter barley,heat,0.000297854325195609
HadGEM3-GC3-1MM,-12.5,-12.588,13,IT,Winter barley,heat,7.71021940184885e-05
HadGEM3-GC3-1MM,-11.5,-11.5321,21,IT,Winter barley,heat,0.000299832434532239
HadGEM3-GC3-1MM,-10.5,-10.4803,10,IT,Winter barley,heat,0.000381187490756849
HadGEM3-GC3-1MM,-9.5,-9.6161,7,IT,Winter barley,heat,-0.000328284168056959
HadGEM3-GC3-1MM,-8.5,-8.6582,7,IT,Winter barley,heat,-8.04219177386614e-05
HadGEM3-GC3-1MM,-7.5,-7.6345,8,IT,Winter barley,heat,-5.01121233458611e-05
HadGEM3-GC3-1MM,-6.5,-6.4299,4,IT,Winter barley,heat,-4.10617081132581e-05
HadGEM3-GC3-1MM,-5.5,-5.3528,4,IT,Winter barley,heat,-9.64746039111638e-06
HadGEM3-GC3-1MM,-4.5,-4.3969,4,IT,Winter barley,heat,-6.63795038360456e-05
IPSL-CM6A-LR,-9.5,-9.3401,5,IT,Winter barley,heat,0.000555278518683528
IPSL-CM6A-LR,-8.5,-8.4598,8,IT,Winter barley,heat,0.000593454597538249
IPSL-CM6A-LR,-7.5,-7.5255,19,IT,Winter barley,heat,0.000301542218844841
IPSL-CM6A-LR,-6.5,-6.5577,11,IT,Winter barley,heat,0.000375023204678765
IPSL-CM6A-LR,-5.5,-5.5623,13,IT,Winter barley,heat,0.000401347595117058
IPSL-CM6A-LR,-4.5,-4.3507,11,IT,Winter barley,heat,-0.000234074498179051
IPSL-CM6A-LR,-3.5,-3.4644,8,IT,Winter barley,heat,0.000160249941820803
IPSL-CM6A-LR,-2.5,-2.5669,9,IT,Winter barley,heat,0.000276804841352068
IPSL-CM6A-LR,-1.5,-1.2909,6,IT,Winter barley,heat,-2.79236650201978e-05
IPSL-CM6A-LR,-0.5,-0.6347,8,IT,Winter barley,heat,-9.33983818653662e-06
EC-Earth3,-9.5,-9.1554,4,LT,Winter barley,heat,3.45216132754133e-05
EC-Earth3,-8.5,-8.4726,15,LT,Winter barley,heat,0.000102323155305037
EC-Earth3,-7.5,-7.5562,20,LT,Winter barley,heat,0.000112618352483082
EC-Earth3,-6.5,-6.4767,21,LT,Winter barley,heat,7.15112639652118e-05
EC-Earth3,-5.5,-5.3342,8,LT,Winter barley,heat,3.71298958007093e-05
EC-Earth3,-4.5,-4.5495,8,LT,Winter barley,heat,9.33744015977104e-05
EC-Earth3,-3.5,-3.3459,9,LT,Winter barley,heat,7.14242604266059e-05
EC-Earth3,-2.5,-2.4493,5,LT,Winter barley,heat,0.000104709947494978
EC-Earth3,-1.5,-1.3807,6,LT,Winter barley,heat,3.81615953898605e-05
EC-Earth3,-0.5,-0.6596,3,LT,Winter barley,heat,-0.00017904366195604
HadGEM3-GC3-1LL,-8.5,-8.3848,12,LT,Winter barley,heat,8.03545789593846e-05
HadGEM3-GC3-1LL,-7.5,-7.5599,19,LT,Winter barley,heat,7.08853913391574e-05
HadGEM3-GC3-1LL,-6.5,-6.5442,24,LT,Winter barley,heat,6.84086719840467e-05
HadGEM3-GC3-1LL,-5.5,-5.5797,10,LT,Winter barley,heat,2.68546497282193e-05
HadGEM3-GC3-1LL,-4.5,-4.5263,6,LT,Winter barley,heat,8.60297152676838e-05
HadGEM3-GC3-1LL,-3.5,-3.7835,7,LT,Winter barley,heat,0.000104503625991776
HadGEM3-GC3-1LL,-2.5,-2.4504,6,LT,Winter barley,heat,5.9361843444355e-05
HadGEM3-GC3-1LL,-1.5,-1.3098,8,LT,Winter barley,heat,-3.81590045965147e-06
HadGEM3-GC3-1LL,-0.5,-0.331,6,LT,Winter barley,heat,2.40918504103932e-05
HadGEM3-GC3-1MM,-14.5,-14.3032,4,LT,Winter barley,heat,0.000159416875182077
HadGEM3-GC3-1MM,-13.5,-13.3931,8,LT,Winter barley,heat,0.000176566715433327
HadGEM3-GC3-1MM,-12.5,-12.588,13,LT,Winter barley,heat,0.000196804997578055
HadGEM3-GC3-1MM,-11.5,-11.5321,21,LT,Winter barley,heat,0.000188524678479784
HadGEM3-GC3-1MM,-10.5,-10.4803,10,LT,Winter barley,heat,0.000214703083037489
HadGEM3-GC3-1MM,-9.5,-9.6161,7,LT,Winter barley,heat,4.25311793576598e-05
HadGEM3-GC3-1MM,-8.5,-8.6582,7,LT,Winter barley,heat,0.000130993249944689
HadGEM3-GC3-1MM,-7.5,-7.6345,8,LT,Winter barley,heat,0.000153627679322419
HadGEM3-GC3-1MM,-6.5,-6.4299,4,LT,Winter barley,heat,0.000107876489764096
HadGEM3-GC3-1MM,-5.5,-5.3528,4,LT,Winter barley,heat,7.00876514893884e-05
HadGEM3-GC3-1MM,-4.5,-4.3969,4,LT,Winter barley,heat,1.83229133457752e-05
IPSL-CM6A-LR,-9.5,-9.3401,5,LT,Winter barley,heat,0.000179559514748529
IPSL-CM6A-LR,-8.5,-8.4598,8,LT,Winter barley,heat,0.000159909207316303
IPSL-CM6A-LR,-7.5,-7.5255,19,LT,Winter barley,heat,0.000136006249472618
IPSL-CM6A-LR,-6.5,-6.5577,11,LT,Winter barley,heat,9.91560623207889e-05
IPSL-CM6A-LR,-5.5,-5.5623,13,LT,Winter barley,heat,0.000119476094935217
IPSL-CM6A-LR,-4.5,-4.3507,11,LT,Winter barley,heat,0.000124272247350897
IPSL-CM6A-LR,-3.5,-3.4644,8,LT,Winter barley,heat,0.000107191206363044
IPSL-CM6A-LR,-2.5,-2.5669,9,LT,Winter barley,heat,0.000123951255928381
IPSL-CM6A-LR,-1.5,-1.2909,6,LT,Winter barley,heat,0.000102425452075558
IPSL-CM6A-LR,-0.5,-0.6347,8,LT,Winter barley,heat,4.24251889103917e-05
EC-Earth3,-9.5,-9.1554,4,LV,Winter barley,heat,2.67157537710983e-05
EC-Earth3,-8.5,-8.4726,15,LV,Winter barley,heat,7.78714799588824e-05
EC-Earth3,-7.5,-7.5562,20,LV,Winter barley,heat,8.52031764270018e-05
EC-Earth3,-6.5,-6.4767,21,LV,Winter barley,heat,6.2229564060729e-05
EC-Earth3,-5.5,-5.3342,8,LV,Winter barley,heat,3.29513266850602e-05
EC-Earth3,-4.5,-4.5495,8,LV,Winter barley,heat,8.59341026081362e-05
EC-Earth3,-3.5,-3.3459,9,LV,Winter barley,heat,7.04872313789701e-05
EC-Earth3,-2.5,-2.4493,5,LV,Winter barley,heat,8.3593550773675e-05
EC-Earth3,-1.5,-1.3807,6,LV,Winter barley,heat,2.67238419243882e-05
EC-Earth3,-0.5,-0.6596,3,LV,Winter barley,heat,-0.000125008431941358
HadGEM3-GC3-1LL,-8.5,-8.3848,12,LV,Winter barley,heat,7.66753372533652e-05
HadGEM3-GC3-1LL,-7.5,-7.5599,19,LV,Winter barley,heat,7.18849631166438e-05
HadGEM3-GC3-1LL,-6.5,-6.5442,24,LV,Winter barley,heat,6.11701910476408e-05
HadGEM3-GC3-1LL,-5.5,-5.5797,10,LV,Winter barley,heat,4.30443274472882e-05
HadGEM3-GC3-1LL,-4.5,-4.5263,6,LV,Winter barley,heat,7.2260979404011e-05
HadGEM3-GC3-1LL,-3.5,-3.7835,7,LV,Winter barley,heat,8.49529367067448e-05
HadGEM3-GC3-1LL,-2.5,-2.4504,6,LV,Winter barley,heat,5.24533055538234e-05
HadGEM3-GC3-1LL,-1.5,-1.3098,8,LV,Winter barley,heat,-1.6156351203908e-06
HadGEM3-GC3-1LL,-0.5,-0.331,6,LV,Winter barley,heat,1.64671029633552e-05
HadGEM3-GC3-1MM,-14.5,-14.3032,4,LV,Winter barley,heat,0.000133302761440195
HadGEM3-GC3-1MM,-13.5,-13.3931,8,LV,Winter barley,heat,0.000142205390360054
HadGEM3-GC3-1MM,-12.5,-12.588,13,LV,Winter barley,heat,0.000151707844218823
HadGEM3-GC3-1MM,-11.5,-11.5321,21,LV,Winter barley,heat,0.00014716698734287
HadGEM3-GC3-1MM,-10.5,-10.4803,10,LV,Winter barley,heat,0.00015668562359419
HadGEM3-GC3-1MM,-9.5,-9.6161,7,LV,Winter barley,heat,7.31073242370738e-05
HadGEM3-GC3-1MM,-8.5,-8.6582,7,LV,Winter barley,heat,0.00011390440981127
HadGEM3-GC3-1MM,-7.5,-7.6345,8,LV,Winter barley,heat,0.000120271637190347
HadGEM3-GC3-1MM,-6.5,-6.4299,4,LV,Winter barley,heat,9.36301275864033e-05
HadGEM3-GC3-1MM,-5.5,-5.3528,4,LV,Winter barley,heat,5.09931130637268e-05
HadGEM3-GC3-1MM,-4.5,-4.3969,4,LV,Winter barley,heat,3.44407609852964e-05
IPSL-CM6A-LR,-9.5,-9.3401,5,LV,Winter barley,heat,0.000137421939419972
IPSL-CM6A-LR,-8.5,-8.4598,8,LV,Winter barley,heat,0.000124916776463454
IPSL-CM6A-LR,-7.5,-7.5255,19,LV,Winter barley,heat,0.000113585947652651
IPSL-CM6A-LR,-6.5,-6.5577,11,LV,Winter barley,heat,9.64620280984517e-05
IPSL-CM6A-LR,-5.5,-5.5623,13,LV,Winter barley,heat,9.14404569367872e-05
IPSL-CM6A-LR,-4.5,-4.3507,11,LV,Winter barley,heat,0.000101489619884612
IPSL-CM6A-LR,-3.5,-3.4644,8,LV,Winter barley,heat,8.15156252440414e-05
IPSL-CM6A-LR,-2.5,-2.5669,9,LV,Winter barley,heat,9.160466889624e-05
IPSL-CM6A-LR,-1.5,-1.2909,6,LV,Winter barley,heat,8.36989838708225e-05
IPSL-CM6A-LR,-0.5,-0.6347,8,LV,Winter barley,heat,2.70516541013298e-05
EC-Earth3,-9.5,-9.1554,4,SE,Winter barley,heat,6.34728243078447e-05
EC-Earth3,-8.5,-8.4726,15,SE,Winter barley,heat,6.02957037745536e-05
EC-Earth3,-7.5,-7.5562,20,SE,Winter barley,heat,5.75310566296489e-05
EC-Earth3,-6.5,-6.4767,21,SE,Winter barley,heat,4.49953785290052e-05
EC-Earth3,-5.5,-5.3342,8,SE,Winter barley,heat,3.46612214786981e-05
EC-Earth3,-4.5,-4.5495,8,SE,Winter barley,heat,5.8648834763197e-05
EC-Earth3,-3.5,-3.3459,9,SE,Winter barley,heat,3.62112360363403e-05
EC-Earth3,-2.5,-2.4493,5,SE,Winter barley,heat,6.0192234983453e-05
EC-Earth3,-1.5,-1.3807,6,SE,Winter barley,heat,3.85532103638457e-05
EC-Earth3,-0.5,-0.6596,3,SE,Winter barley,heat,6.55664499857807e-06
HadGEM3-GC3-1LL,-8.5,-8.3848,12,SE,Winter barley,heat,4.07904707119666e-05
HadGEM3-GC3-1LL,-7.5,-7.5599,19,SE,Winter barley,heat,4.48519130244941e-05
HadGEM3-GC3-1LL,-6.5,-6.5442,24,SE,Winter barley,heat,3.99562196555577e-05
HadGEM3-GC3-1LL,-5.5,-5.5797,10,SE,Winter barley,heat,2.61605451485557e-05
HadGEM3-GC3-1LL,-4.5,-4.5263,6,SE,Winter barley,heat,3.99116342113474e-05
HadGEM3-GC3-1LL,-3.5,-3.7835,7,SE,Winter barley,heat,4.99687864522909e-05
HadGEM3-GC3-1LL,-2.5,-2.4504,6,SE,Winter barley,heat,3.37035623993282e-05
HadGEM3-GC3-1LL,-1.5,-1.3098,8,SE,Winter barley,heat,1.10754867886167e-06
HadGEM3-GC3-1LL,-0.5,-0.331,6,SE,Winter barley,heat,3.54782069830871e-06
HadGEM3-GC3-1MM,-14.5,-14.3032,4,SE,Winter barley,heat,6.93648632193519e-05
HadGEM3-GC3-1MM,-13.5,-13.3931,8,SE,Winter barley,heat,6.97837507261279e-05
HadGEM3-GC3-1MM,-12.5,-12.588,13,SE,Winter barley,heat,6.92757136165915e-05
HadGEM3-GC3-1MM,-11.5,-11.5321,21,SE,Winter barley,heat,6.98505283735932e-05
HadGEM3-GC3-1MM,-10.5,-10.4803,10,SE,Winter barley,heat,6.97596814332752e-05
HadGEM3-GC3-1MM,-9.5,-9.6161,7,SE,Winter barley,heat,4.89408253733994e-05
HadGEM3-GC3-1MM,-8.5,-8.6582,7,SE,Winter barley,heat,6.0601737899739e-05
HadGEM3-GC3-1MM,-7.5,-7.6345,8,SE,Winter barley,heat,6.20045655245652e-05
HadGEM3-GC3-1MM,-6.5,-6.4299,4,SE,Winter barley,heat,3.10970802968981e-05
HadGEM3-GC3-1MM,-5.5,-5.3528,4,SE,Winter barley,heat,5.71622020726908e-05
HadGEM3-GC3-1MM,-4.5,-4.3969,4,SE,Winter barley,heat,2.85777537377279e-05
IPSL-CM6A-LR,-9.5,-9.3401,5,SE,Winter barley,heat,6.02185300665059e-05
IPSL-CM6A-LR,-8.5,-8.4598,8,SE,Winter barley,heat,6.38407120649536e-05
IPSL-CM6A-LR,-7.5,-7.5255,19,SE,Winter barley,heat,5.59476435409096e-05
IPSL-CM6A-LR,-6.5,-6.5577,11,SE,Winter barley,heat,5.12504941043604e-05
IPSL-CM6A-LR,-5.5,-5.5623,13,SE,Winter barley,heat,4.87747540537636e-05
IPSL-CM6A-LR,-4.5,-4.3507,11,SE,Winter barley,heat,5.36222264310655e-05
IPSL-CM6A-LR,-3.5,-3.4644,8,SE,Winter barley,heat,5.24931880040709e-05
IPSL-CM6A-LR,-2.5,-2.5669,9,SE,Winter barley,heat,3.3975650906321e-05
IPSL-CM6A-LR,-1.5,-1.2909,6,SE,Winter barley,heat,4.59593489310344e-05
IPSL-CM6A-LR,-0.5,-0.6347,8,SE,Winter barley,heat,2.03282371291497e-05
EC-Earth3,-9.5,-9.1554,4,SK,Winter barley,heat,0.000428123958939625
EC-Earth3,-8.5,-8.4726,15,SK,Winter barley,heat,0.000411488505191405
EC-Earth3,-7.5,-7.5562,20,SK,Winter barley,heat,0.000404263134820058
EC-Earth3,-6.5,-6.4767,21,SK,Winter barley,heat,9.48852336133236e-05
EC-Earth3,-5.5,-5.3342,8,SK,Winter barley,heat,-0.000185385143439031
EC-Earth3,-4.5,-4.5495,8,SK,Winter barley,heat,0.000153848558410277
EC-Earth3,-3.5,-3.3459,9,SK,Winter barley,heat,0.000217323723569989
EC-Earth3,-2.5,-2.4493,5,SK,Winter barley,heat,6.37556079202174e-05
EC-Earth3,-1.5,-1.3807,6,SK,Winter barley,heat,0.000238981180932436
EC-Earth3,-0.5,-0.6596,3,SK,Winter barley,heat,-0.000519301130909291
HadGEM3-GC3-1LL,-8.5,-8.3848,12,SK,Winter barley,heat,1.31944136441412e-05
HadGEM3-GC3-1LL,-7.5,-7.5599,19,SK,Winter barley,heat,-0.000180314400282282
HadGEM3-GC3-1LL,-6.5,-6.5442,24,SK,Winter barley,heat,0.000230768851461221
HadGEM3-GC3-1LL,-5.5,-5.5797,10,SK,Winter barley,heat,-4.53187351540692e-05
HadGEM3-GC3-1LL,-4.5,-4.5263,6,SK,Winter barley,heat,0.000285943960495508
HadGEM3-GC3-1LL,-3.5,-3.7835,7,SK,Winter barley,heat,0.000130260255261335
HadGEM3-GC3-1LL,-2.5,-2.4504,6,SK,Winter barley,heat,6.59219491612688e-05
HadGEM3-GC3-1LL,-1.5,-1.3098,8,SK,Winter barley,heat,5.37892336562987e-05
HadGEM3-GC3-1LL,-0.5,-0.331,6,SK,Winter barley,heat,0.000227268162939003
HadGEM3-GC3-1MM,-14.5,-14.3032,4,SK,Winter barley,heat,5.69547369439967e-05
HadGEM3-GC3-1MM,-13.5,-13.3931,8,SK,Winter barley,heat,2.7596209580241e-05
HadGEM3-GC3-1MM,-12.5,-12.588,13,SK,Winter barley,heat,7.52822739493691e-05
HadGEM3-GC3-1MM,-11.5,-11.5321,21,SK,Winter barley,heat,0.000214168562381012
HadGEM3-GC3-1MM,-10.5,-10.4803,10,SK,Winter barley,heat,0.000485564736476556
HadGEM3-GC3-1MM,-9.5,-9.6161,7,SK,Winter barley,heat,-0.000584975242985423
HadGEM3-GC3-1MM,-8.5,-8.6582,7,SK,Winter barley,heat,5.58603387217586e-05
HadGEM3-GC3-1MM,-7.5,-7.6345,8,SK,Winter barley,heat,0.000343962057230931
HadGEM3-GC3-1MM,-6.5,-6.4299,4,SK,Winter barley,heat,2.66129673762688e-05
HadGEM3-GC3-1MM,-5.5,-5.3528,4,SK,Winter barley,heat,-6.54124053195502e-05
HadGEM3-GC3-1MM,-4.5,-4.3969,4,SK,Winter barley,heat,-0.000241852274130166
IPSL-CM6A-LR,-9.5,-9.3401,5,SK,Winter barley,heat,0.000397813859222438
IPSL-CM6A-LR,-8.5,-8.4598,8,SK,Winter barley,heat,0.00044401144255264
IPSL-CM6A-LR,-7.5,-7.5255,19,SK,Winter barley,heat,0.000302395126236655
IPSL-CM6A-LR,-6.5,-6.5577,11,SK,Winter barley,heat,0.000191527243097732
IPSL-CM6A-LR,-5.5,-5.5623,13,SK,Winter barley,heat,0.000349723420935636
IPSL-CM6A-LR,-4.5,-4.3507,11,SK,Winter barley,heat,0.00013185197672919
IPSL-CM6A-LR,-3.5,-3.4644,8,SK,Winter barley,heat,0.000265617930849754
IPSL-CM6A-LR,-2.5,-2.5669,9,SK,Winter barley,heat,0.000291847879157907
IPSL-CM6A-LR,-1.5,-1.2909,6,SK,Winter barley,heat,6.60308858247377e-05
IPSL-CM6A-LR,-0.5,-0.6347,8,SK,Winter barley,heat,9.29223737237758e-05
EC-Earth3,-9.5,-9.1554,4,CZ,Soft wheat,frost,0.000953037414859057
EC-Earth3,-8.5,-8.4726,15,CZ,Soft wheat,frost,-0.00762045640668687
EC-Earth3,-7.5,-7.5562,20,CZ,Soft wheat,frost,-0.00142315863263057
EC-Earth3,-6.5,-6.4767,21,CZ,Soft wheat,frost,-0.00262528583512028
EC-Earth3,-5.5,-5.3342,8,CZ,Soft wheat,frost,-0.00304699411149607
EC-Earth3,-4.5,-4.5495,8,CZ,Soft wheat,frost,-0.0014720420076782
EC-Earth3,-3.5,-3.3459,9,CZ,Soft wheat,frost,-0.00278445884402353
EC-Earth3,-2.5,-2.4493,5,CZ,Soft wheat,frost,-0.00171403566465162
EC-Earth3,-1.5,-1.3807,6,CZ,Soft wheat,frost,-0.00444015199907004
EC-Earth3,-0.5,-0.6596,3,CZ,Soft wheat,frost,0.00229222996724338
HadGEM3-GC3-1LL,-8.5,-8.3848,12,CZ,Soft wheat,frost,-0.00419413903002718
HadGEM3-GC3-1LL,-7.5,-7.5599,19,CZ,Soft wheat,frost,-0.000410058170345332
HadGEM3-GC3-1LL,-6.5,-6.5442,24,CZ,Soft wheat,frost,-0.00441119745031386
HadGEM3-GC3-1LL,-5.5,-5.5797,10,CZ,Soft wheat,frost,-0.00302296952354612
HadGEM3-GC3-1LL,-4.5,-4.5263,6,CZ,Soft wheat,frost,-0.00166297501509424
HadGEM3-GC3-1LL,-3.5,-3.7835,7,CZ,Soft wheat,frost,-0.00382041856952748
HadGEM3-GC3-1LL,-2.5,-2.4504,6,CZ,Soft wheat,frost,0.00546513540690062
HadGEM3-GC3-1LL,-1.5,-1.3098,8,CZ,Soft wheat,frost,0.00147558638321715
HadGEM3-GC3-1LL,-0.5,-0.331,6,CZ,Soft wheat,frost,-0.00166308141659546
HadGEM3-GC3-1MM,-14.5,-14.3032,4,CZ,Soft wheat,frost,-5.48515442164648e-05
HadGEM3-GC3-1MM,-13.5,-13.3931,8,CZ,Soft wheat,frost,0.003244327460912
HadGEM3-GC3-1MM,-12.5,-12.588,13,CZ,Soft wheat,frost,0.0021630607920563
HadGEM3-GC3-1MM,-11.5,-11.5321,21,CZ,Soft wheat,frost,-0.00119850941561824
HadGEM3-GC3-1MM,-10.5,-10.4803,10,CZ,Soft wheat,frost,0.00209392593448371
HadGEM3-GC3-1MM,-9.5,-9.6161,7,CZ,Soft wheat,frost,-0.00418390447663259
HadGEM3-GC3-1MM,-8.5,-8.6582,7,CZ,Soft wheat,frost,-0.002313160821751
HadGEM3-GC3-1MM,-7.5,-7.6345,8,CZ,Soft wheat,frost,0.000474953637101421
HadGEM3-GC3-1MM,-6.5,-6.4299,4,CZ,Soft wheat,frost,0.000776987712303112
HadGEM3-GC3-1MM,-5.5,-5.3528,4,CZ,Soft wheat,frost,0.00403296285714094
HadGEM3-GC3-1MM,-4.5,-4.3969,4,CZ,Soft wheat,frost,-0.00262364105192878
IPSL-CM6A-LR,-9.5,-9.3401,5,CZ,Soft wheat,frost,-0.00671689629954787
IPSL-CM6A-LR,-8.5,-8.4598,8,CZ,Soft wheat,frost,-0.0050090312262739
IPSL-CM6A-LR,-7.5,-7.5255,19,CZ,Soft wheat,frost,-0.0054042078899835
IPSL-CM6A-LR,-6.5,-6.5577,11,CZ,Soft wheat,frost,-0.00806982206904063
IPSL-CM6A-LR,-5.5,-5.5623,13,CZ,Soft wheat,frost,-0.00428284096757209
IPSL-CM6A-LR,-4.5,-4.3507,11,CZ,Soft wheat,frost,0.00104435736166393
IPSL-CM6A-LR,-3.5,-3.4644,8,CZ,Soft wheat,frost,0.000335285421798165
IPSL-CM6A-LR,-2.5,-2.5669,9,CZ,Soft wheat,frost,-0.00223667898369802
IPSL-CM6A-LR,-1.5,-1.2909,6,CZ,Soft wheat,frost,-0.00408744292204225
IPSL-CM6A-LR,-0.5,-0.6347,8,CZ,Soft wheat,frost,0.000337603777328792
EC-Earth3,-9.5,-9.1554,4,DE,Soft wheat,frost,0.000866980972176666
EC-Earth3,-8.5,-8.4726,15,DE,Soft wheat,frost,-0.00638646533341683
EC-Earth3,-7.5,-7.5562,20,DE,Soft wheat,frost,-0.00183127121020992
EC-Earth3,-6.5,-6.4767,21,DE,Soft wheat,frost,-0.00183701381584729
EC-Earth3,-5.5,-5.3342,8,DE,Soft wheat,frost,-0.00229411492908559
EC-Earth3,-4.5,-4.5495,8,DE,Soft wheat,frost,-0.0013983479573185
EC-Earth3,-3.5,-3.3459,9,DE,Soft wheat,frost,-0.00314388069969387
EC-Earth3,-2.5,-2.4493,5,DE,Soft wheat,frost,-0.00184843151651276
EC-Earth3,-1.5,-1.3807,6,DE,Soft wheat,frost,-0.00403837971342524
EC-Earth3,-0.5,-0.6596,3,DE,Soft wheat,frost,9.17942603537405e-05
HadGEM3-GC3-1LL,-8.5,-8.3848,12,DE,Soft wheat,frost,-0.00245730898918869
HadGEM3-GC3-1LL,-7.5,-7.5599,19,DE,Soft wheat,frost,-0.000269958459102307
HadGEM3-GC3-1LL,-6.5,-6.5442,24,DE,Soft wheat,frost,-0.00302022360860948
HadGEM3-GC3-1LL,-5.5,-5.5797,10,DE,Soft wheat,frost,-0.00179696887023921
HadGEM3-GC3-1LL,-4.5,-4.5263,6,DE,Soft wheat,frost,-0.00117459423414165
HadGEM3-GC3-1LL,-3.5,-3.7835,7,DE,Soft wheat,frost,-0.00247894765884627
HadGEM3-GC3-1LL,-2.5,-2.4504,6,DE,Soft wheat,frost,0.00597626579473645
HadGEM3-GC3-1LL,-1.5,-1.3098,8,DE,Soft wheat,frost,0.0026417194916726
HadGEM3-GC3-1LL,-0.5,-0.331,6,DE,Soft wheat,frost,-0.000457697155756563
HadGEM3-GC3-1MM,-14.5,-14.3032,4,DE,Soft wheat,frost,0.014934607488993
HadGEM3-GC3-1MM,-13.5,-13.3931,8,DE,Soft wheat,frost,0.0215132174443585
HadGEM3-GC3-1MM,-12.5,-12.588,13,DE,Soft wheat,frost,0.0148568875522078
HadGEM3-GC3-1MM,-11.5,-11.5321,21,DE,Soft wheat,frost,0.00852900976397898
HadGEM3-GC3-1MM,-10.5,-10.4803,10,DE,Soft wheat,frost,0.00626826247195541
HadGEM3-GC3-1MM,-9.5,-9.6161,7,DE,Soft wheat,frost,-0.00284384713448824
HadGEM3-GC3-1MM,-8.5,-8.6582,7,DE,Soft wheat,frost,-0.000831276216930802
HadGEM3-GC3-1MM,-7.5,-7.6345,8,DE,Soft wheat,frost,0.000296697162551412
HadGEM3-GC3-1MM,-6.5,-6.4299,4,DE,Soft wheat,frost,0.000252600196113005
HadGEM3-GC3-1MM,-5.5,-5.3528,4,DE,Soft wheat,frost,0.0032633026007484
HadGEM3-GC3-1MM,-4.5,-4.3969,4,DE,Soft wheat,frost,-0.00210798375681855
IPSL-CM6A-LR,-9.5,-9.3401,5,DE,Soft wheat,frost,-0.00523561580159425
IPSL-CM6A-LR,-8.5,-8.4598,8,DE,Soft wheat,frost,-0.00373437291856442
IPSL-CM6A-LR,-7.5,-7.5255,19,DE,Soft wheat,frost,-0.00439544536266487
IPSL-CM6A-LR,-6.5,-6.5577,11,DE,Soft wheat,frost,-0.00626115766357592
IPSL-CM6A-LR,-5.5,-5.5623,13,DE,Soft wheat,frost,-0.00402505357866928
IPSL-CM6A-LR,-4.5,-4.3507,11,DE,Soft wheat,frost,3.39623070812345e-05
IPSL-CM6A-LR,-3.5,-3.4644,8,DE,Soft wheat,frost,-0.000931416301495912
IPSL-CM6A-LR,-2.5,-2.5669,9,DE,Soft wheat,frost,-0.00279657471669842
IPSL-CM6A-LR,-1.5,-1.2909,6,DE,Soft wheat,frost,-0.00303503116123862
IPSL-CM6A-LR,-0.5,-0.6347,8,DE,Soft wheat,frost,0.000751322802670071
EC-Earth3,-9.5,-9.1554,4,DK,Soft wheat,frost,-0.00211398946864466
EC-Earth3,-8.5,-8.4726,15,DK,Soft wheat,frost,-0.00424265304891034
EC-Earth3,-7.5,-7.5562,20,DK,Soft wheat,frost,-0.00380353546943547
EC-Earth3,-6.5,-6.4767,21,DK,Soft wheat,frost,-0.00322732317047071
EC-Earth3,-5.5,-5.3342,8,DK,Soft wheat,frost,-0.00327245165171337
EC-Earth3,-4.5,-4.5495,8,DK,Soft wheat,frost,-0.00335076927849493
EC-Earth3,-3.5,-3.3459,9,DK,Soft wheat,frost,-0.00455384976448866
EC-Earth3,-2.5,-2.4493,5,DK,Soft wheat,frost,-0.00268530242570514
EC-Earth3,-1.5,-1.3807,6,DK,Soft wheat,frost,-0.002633500830821
EC-Earth3,-0.5,-0.6596,3,DK,Soft wheat,frost,-5.03479224734157e-05
HadGEM3-GC3-1LL,-8.5,-8.3848,12,DK,Soft wheat,frost,-0.00334432087661993
HadGEM3-GC3-1LL,-7.5,-7.5599,19,DK,Soft wheat,frost,-0.00196571390189128
HadGEM3-GC3-1LL,-6.5,-6.5442,24,DK,Soft wheat,frost,-0.0040528257967337
HadGEM3-GC3-1LL,-5.5,-5.5797,10,DK,Soft wheat,frost,-0.00311211214037085
HadGEM3-GC3-1LL,-4.5,-4.5263,6,DK,Soft wheat,frost,-0.0010347178377541
HadGEM3-GC3-1LL,-3.5,-3.7835,7,DK,Soft wheat,frost,-0.0027677155417785
HadGEM3-GC3-1LL,-2.5,-2.4504,6,DK,Soft wheat,frost,0.00271975034738662
HadGEM3-GC3-1LL,-1.5,-1.3098,8,DK,Soft wheat,frost,0.00366838018885628
HadGEM3-GC3-1LL,-0.5,-0.331,6,DK,Soft wheat,frost,-0.000855810600565094
HadGEM3-GC3-1MM,-14.5,-14.3032,4,DK,Soft wheat,frost,0.0261459866385002
HadGEM3-GC3-1MM,-13.5,-13.3931,8,DK,Soft wheat,frost,0.0318497452006848
HadGEM3-GC3-1MM,-12.5,-12.588,13,DK,Soft wheat,frost,0.0319419143039614
HadGEM3-GC3-1MM,-11.5,-11.5321,21,DK,Soft wheat,frost,0.0262482358254683
HadGEM3-GC3-1MM,-10.5,-10.4803,10,DK,Soft wheat,frost,0.0223139124988002
HadGEM3-GC3-1MM,-9.5,-9.6161,7,DK,Soft wheat,frost,0.000403364135701785
HadGEM3-GC3-1MM,-8.5,-8.6582,7,DK,Soft wheat,frost,-0.000287413526617555
HadGEM3-GC3-1MM,-7.5,-7.6345,8,DK,Soft wheat,frost,-0.00159244935099359
HadGEM3-GC3-1MM,-6.5,-6.4299,4,DK,Soft wheat,frost,-0.0024705421071665
HadGEM3-GC3-1MM,-5.5,-5.3528,4,DK,Soft wheat,frost,-0.000890329204985445
HadGEM3-GC3-1MM,-4.5,-4.3969,4,DK,Soft wheat,frost,-0.0035236323527842
IPSL-CM6A-LR,-9.5,-9.3401,5,DK,Soft wheat,frost,0.00214961441764229
IPSL-CM6A-LR,-8.5,-8.4598,8,DK,Soft wheat,frost,0.00750443308278898
IPSL-CM6A-LR,-7.5,-7.5255,19,DK,Soft wheat,frost,-0.00165018707978221
IPSL-CM6A-LR,-6.5,-6.5577,11,DK,Soft wheat,frost,0.00187768477515919
IPSL-CM6A-LR,-5.5,-5.5623,13,DK,Soft wheat,frost,-0.00450602229598977
IPSL-CM6A-LR,-4.5,-4.3507,11,DK,Soft wheat,frost,-0.00340375635701095
IPSL-CM6A-LR,-3.5,-3.4644,8,DK,Soft wheat,frost,-0.00365891826399052
IPSL-CM6A-LR,-2.5,-2.5669,9,DK,Soft wheat,frost,-0.00383055066231469
IPSL-CM6A-LR,-1.5,-1.2909,6,DK,Soft wheat,frost,-0.00423664973627353
IPSL-CM6A-LR,-0.5,-0.6347,8,DK,Soft wheat,frost,0.00155199146357728
EC-Earth3,-9.5,-9.1554,4,EE,Soft wheat,frost,0.00139838323954841
EC-Earth3,-8.5,-8.4726,15,EE,Soft wheat,frost,-0.00259472569180166
EC-Earth3,-7.5,-7.5562,20,EE,Soft wheat,frost,0.00176178877191788
EC-Earth3,-6.5,-6.4767,21,EE,Soft wheat,frost,-0.00198907287864809
EC-Earth3,-5.5,-5.3342,8,EE,Soft wheat,frost,-0.000554436526377778
EC-Earth3,-4.5,-4.5495,8,EE,Soft wheat,frost,0.000143019777423709
EC-Earth3,-3.5,-3.3459,9,EE,Soft wheat,frost,-0.0013365168275947
EC-Earth3,-2.5,-2.4493,5,EE,Soft wheat,frost,-0.00270816327666561
EC-Earth3,-1.5,-1.3807,6,EE,Soft wheat,frost,-0.00606976455758633
EC-Earth3,-0.5,-0.6596,3,EE,Soft wheat,frost,0.000249862040828598
HadGEM3-GC3-1LL,-8.5,-8.3848,12,EE,Soft wheat,frost,-0.00273404403691418
HadGEM3-GC3-1LL,-7.5,-7.5599,19,EE,Soft wheat,frost,0.000871646416057784
HadGEM3-GC3-1LL,-6.5,-6.5442,24,EE,Soft wheat,frost,-0.00297590809878479
HadGEM3-GC3-1LL,-5.5,-5.5797,10,EE,Soft wheat,frost,-0.00335635434174304
HadGEM3-GC3-1LL,-4.5,-4.5263,6,EE,Soft wheat,frost,-0.00187447803135979
HadGEM3-GC3-1LL,-3.5,-3.7835,7,EE,Soft wheat,frost,0.00297207937365761
HadGEM3-GC3-1LL,-2.5,-2.4504,6,EE,Soft wheat,frost,0.00461884129070718
HadGEM3-GC3-1LL,-1.5,-1.3098,8,EE,Soft wheat,frost,0.0161427370522757
HadGEM3-GC3-1LL,-0.5,-0.331,6,EE,Soft wheat,frost,0.00045787876213349
HadGEM3-GC3-1MM,-14.5,-14.3032,4,EE,Soft wheat,frost,0.0292194444897605
HadGEM3-GC3-1MM,-13.5,-13.3931,8,EE,Soft wheat,frost,0.0429335158025569
HadGEM3-GC3-1MM,-12.5,-12.588,13,EE,Soft wheat,frost,0.0422877361926982
HadGEM3-GC3-1MM,-11.5,-11.5321,21,EE,Soft wheat,frost,0.0317055892731403
HadGEM3-GC3-1MM,-10.5,-10.4803,10,EE,Soft wheat,frost,0.0363822447460506
HadGEM3-GC3-1MM,-9.5,-9.6161,7,EE,Soft wheat,frost,0.0111147785684389
HadGEM3-GC3-1MM,-8.5,-8.6582,7,EE,Soft wheat,frost,0.00896827272095233
HadGEM3-GC3-1MM,-7.5,-7.6345,8,EE,Soft wheat,frost,0.00507536096129911
HadGEM3-GC3-1MM,-6.5,-6.4299,4,EE,Soft wheat,frost,-0.00150548008905679
HadGEM3-GC3-1MM,-5.5,-5.3528,4,EE,Soft wheat,frost,-0.000322128131372948
HadGEM3-GC3-1MM,-4.5,-4.3969,4,EE,Soft wheat,frost,-0.00220624327263335
IPSL-CM6A-LR,-9.5,-9.3401,5,EE,Soft wheat,frost,0.00864647826351747
IPSL-CM6A-LR,-8.5,-8.4598,8,EE,Soft wheat,frost,0.0154848062651395
IPSL-CM6A-LR,-7.5,-7.5255,19,EE,Soft wheat,frost,0.0050882132142715
IPSL-CM6A-LR,-6.5,-6.5577,11,EE,Soft wheat,frost,0.00377348350589836
IPSL-CM6A-LR,-5.5,-5.5623,13,EE,Soft wheat,frost,-0.00261579987778121
IPSL-CM6A-LR,-4.5,-4.3507,11,EE,Soft wheat,frost,-0.00291462842730971
IPSL-CM6A-LR,-3.5,-3.4644,8,EE,Soft wheat,frost,-0.00300229462467412
IPSL-CM6A-LR,-2.5,-2.5669,9,EE,Soft wheat,frost,-0.00395715758194806
IPSL-CM6A-LR,-1.5,-1.2909,6,EE,Soft wheat,frost,-0.00433257379661204
IPSL-CM6A-LR,-0.5,-0.6347,8,EE,Soft wheat,frost,-0.00171454515640798
EC-Earth3,-9.5,-9.1554,4,EL,Soft wheat,frost,0.00202254641780012
EC-Earth3,-8.5,-8.4726,15,EL,Soft wheat,frost,-0.00191326939098815
EC-Earth3,-7.5,-7.5562,20,EL,Soft wheat,frost,-0.00119055690521543
EC-Earth3,-6.5,-6.4767,21,EL,Soft wheat,frost,-0.000892837949501036
EC-Earth3,-5.5,-5.3342,8,EL,Soft wheat,frost,0.000118052372206104
EC-Earth3,-4.5,-4.5495,8,EL,Soft wheat,frost,-0.00134632604054454
EC-Earth3,-3.5,-3.3459,9,EL,Soft wheat,frost,-0.00111671105438241
EC-Earth3,-2.5,-2.4493,5,EL,Soft wheat,frost,-0.00271288041364936
EC-Earth3,-1.5,-1.3807,6,EL,Soft wheat,frost,-0.00139170040691518
EC-Earth3,-0.5,-0.6596,3,EL,Soft wheat,frost,0.00377968216441479
HadGEM3-GC3-1LL,-8.5,-8.3848,12,EL,Soft wheat,frost,-0.00147119320963916
HadGEM3-GC3-1LL,-7.5,-7.5599,19,EL,Soft wheat,frost,-0.00126106860885828
HadGEM3-GC3-1LL,-6.5,-6.5442,24,EL,Soft wheat,frost,-0.000183535503380514
HadGEM3-GC3-1LL,-5.5,-5.5797,10,EL,Soft wheat,frost,-0.00092911834846051
HadGEM3-GC3-1LL,-4.5,-4.5263,6,EL,Soft wheat,frost,-0.00164855013013477
HadGEM3-GC3-1LL,-3.5,-3.7835,7,EL,Soft wheat,frost,-0.00138784062370442
HadGEM3-GC3-1LL,-2.5,-2.4504,6,EL,Soft wheat,frost,0.000271707821017601
HadGEM3-GC3-1LL,-1.5,-1.3098,8,EL,Soft wheat,frost,-0.00112675031932295
HadGEM3-GC3-1LL,-0.5,-0.331,6,EL,Soft wheat,frost,-0.000343199353830183
HadGEM3-GC3-1MM,-14.5,-14.3032,4,EL,Soft wheat,frost,-0.00185987912995764
HadGEM3-GC3-1MM,-13.5,-13.3931,8,EL,Soft wheat,frost,-0.00165931798241055
HadGEM3-GC3-1MM,-12.5,-12.588,13,EL,Soft wheat,frost,-0.000122341497307902
HadGEM3-GC3-1MM,-11.5,-11.5321,21,EL,Soft wheat,frost,-0.00194424695348829
HadGEM3-GC3-1MM,-10.5,-10.4803,10,EL,Soft wheat,frost,-0.000269641602041533
HadGEM3-GC3-1MM,-9.5,-9.6161,7,EL,Soft wheat,frost,-0.00143228019275007
HadGEM3-GC3-1MM,-8.5,-8.6582,7,EL,Soft wheat,frost,-0.000552406615485048
HadGEM3-GC3-1MM,-7.5,-7.6345,8,EL,Soft wheat,frost,-0.000528638645834179
HadGEM3-GC3-1MM,-6.5,-6.4299,4,EL,Soft wheat,frost,-0.000175065689273549
HadGEM3-GC3-1MM,-5.5,-5.3528,4,EL,Soft wheat,frost,0.00490313436037191
HadGEM3-GC3-1MM,-4.5,-4.3969,4,EL,Soft wheat,frost,-0.00104470575009113
IPSL-CM6A-LR,-9.5,-9.3401,5,EL,Soft wheat,frost,0.00148533047110736
IPSL-CM6A-LR,-8.5,-8.4598,8,EL,Soft wheat,frost,-0.00149795643255191
IPSL-CM6A-LR,-7.5,-7.5255,19,EL,Soft wheat,frost,-0.0015839001521961
IPSL-CM6A-LR,-6.5,-6.5577,11,EL,Soft wheat,frost,-0.00266322949285136
IPSL-CM6A-LR,-5.5,-5.5623,13,EL,Soft wheat,frost,-0.00149268129301472
IPSL-CM6A-LR,-4.5,-4.3507,11,EL,Soft wheat,frost,-0.000193828285567047
IPSL-CM6A-LR,-3.5,-3.4644,8,EL,Soft wheat,frost,0.000936522197339457
IPSL-CM6A-LR,-2.5,-2.5669,9,EL,Soft wheat,frost,-0.00106473384282877
IPSL-CM6A-LR,-1.5,-1.2909,6,EL,Soft wheat,frost,-0.000203790658790264
IPSL-CM6A-LR,-0.5,-0.6347,8,EL,Soft wheat,frost,-0.000522212002570254
EC-Earth3,-9.5,-9.1554,4,ES,Soft wheat,frost,-0.00113907890830631
EC-Earth3,-8.5,-8.4726,15,ES,Soft wheat,frost,-0.00231064755661643
EC-Earth3,-7.5,-7.5562,20,ES,Soft wheat,frost,0.000746852461973957
EC-Earth3,-6.5,-6.4767,21,ES,Soft wheat,frost,-2.33065910334703e-05
EC-Earth3,-5.5,-5.3342,8,ES,Soft wheat,frost,-0.000146367364120924
EC-Earth3,-4.5,-4.5495,8,ES,Soft wheat,frost,-0.00158066007078224
EC-Earth3,-3.5,-3.3459,9,ES,Soft wheat,frost,-0.000710808760682849
EC-Earth3,-2.5,-2.4493,5,ES,Soft wheat,frost,0.000285359040083631
EC-Earth3,-1.5,-1.3807,6,ES,Soft wheat,frost,-0.000231827300258822
EC-Earth3,-0.5,-0.6596,3,ES,Soft wheat,frost,0.000744598430809414
HadGEM3-GC3-1LL,-8.5,-8.3848,12,ES,Soft wheat,frost,-0.000238600863688772
HadGEM3-GC3-1LL,-7.5,-7.5599,19,ES,Soft wheat,frost,0.00138344242000216
HadGEM3-GC3-1LL,-6.5,-6.5442,24,ES,Soft wheat,frost,0.000440325504864329
HadGEM3-GC3-1LL,-5.5,-5.5797,10,ES,Soft wheat,frost,0.00227726801851613
HadGEM3-GC3-1LL,-4.5,-4.5263,6,ES,Soft wheat,frost,0.00170422403601978
HadGEM3-GC3-1LL,-3.5,-3.7835,7,ES,Soft wheat,frost,6.69378498863497e-06
HadGEM3-GC3-1LL,-2.5,-2.4504,6,ES,Soft wheat,frost,0.00183592994548077
HadGEM3-GC3-1LL,-1.5,-1.3098,8,ES,Soft wheat,frost,0.00161277115827999
HadGEM3-GC3-1LL,-0.5,-0.331,6,ES,Soft wheat,frost,0.00111677283938759
HadGEM3-GC3-1MM,-14.5,-14.3032,4,ES,Soft wheat,frost,0.00343814024533853
HadGEM3-GC3-1MM,-13.5,-13.3931,8,ES,Soft wheat,frost,0.00148135560791587
HadGEM3-GC3-1MM,-12.5,-12.588,13,ES,Soft wheat,frost,0.00292711399173654
HadGEM3-GC3-1MM,-11.5,-11.5321,21,ES,Soft wheat,frost,0.00154830389425462
HadGEM3-GC3-1MM,-10.5,-10.4803,10,ES,Soft wheat,frost,0.00147591843433358
HadGEM3-GC3-1MM,-9.5,-9.6161,7,ES,Soft wheat,frost,0.000578766514278764
HadGEM3-GC3-1MM,-8.5,-8.6582,7,ES,Soft wheat,frost,0.0018974365020945
HadGEM3-GC3-1MM,-7.5,-7.6345,8,ES,Soft wheat,frost,0.00127415922446935
HadGEM3-GC3-1MM,-6.5,-6.4299,4,ES,Soft wheat,frost,0.00356203088762397
HadGEM3-GC3-1MM,-5.5,-5.3528,4,ES,Soft wheat,frost,0.00159738861622386
HadGEM3-GC3-1MM,-4.5,-4.3969,4,ES,Soft wheat,frost,-0.000950194014273258
IPSL-CM6A-LR,-9.5,-9.3401,5,ES,Soft wheat,frost,-0.000856634527852498
IPSL-CM6A-LR,-8.5,-8.4598,8,ES,Soft wheat,frost,-0.000542541486846322
IPSL-CM6A-LR,-7.5,-7.5255,19,ES,Soft wheat,frost,1.6314568883744e-05
IPSL-CM6A-LR,-6.5,-6.5577,11,ES,Soft wheat,frost,-0.000726976190829951
IPSL-CM6A-LR,-5.5,-5.5623,13,ES,Soft wheat,frost,-0.000529056683328286
IPSL-CM6A-LR,-4.5,-4.3507,11,ES,Soft wheat,frost,-0.000213708724022845
IPSL-CM6A-LR,-3.5,-3.4644,8,ES,Soft wheat,frost,-0.000423301451876243
IPSL-CM6A-LR,-2.5,-2.5669,9,ES,Soft wheat,frost,-0.00020776625945165
IPSL-CM6A-LR,-1.5,-1.2909,6,ES,Soft wheat,frost,0.000519396601441683
IPSL-CM6A-LR,-0.5,-0.6347,8,ES,Soft wheat,frost,-0.000730827995281528
EC-Earth3,-9.5,-9.1554,4,FI,Soft wheat,frost,0.00206272412512029
EC-Earth3,-8.5,-8.4726,15,FI,Soft wheat,frost,-0.0018678583187934
EC-Earth3,-7.5,-7.5562,20,FI,Soft wheat,frost,-0.00133100156338457
EC-Earth3,-6.5,-6.4767,21,FI,Soft wheat,frost,-0.00360599104586133
EC-Earth3,-5.5,-5.3342,8,FI,Soft wheat,frost,-0.00290202941994543
EC-Earth3,-4.5,-4.5495,8,FI,Soft wheat,frost,-3.99796049041261e-05
EC-Earth3,-3.5,-3.3459,9,FI,Soft wheat,frost,-0.00089666387816472
EC-Earth3,-2.5,-2.4493,5,FI,Soft wheat,frost,0.000580557965233708
EC-Earth3,-1.5,-1.3807,6,FI,Soft wheat,frost,-0.00558839561307809
EC-Earth3,-0.5,-0.6596,3,FI,Soft wheat,frost,-0.00148389905463705
HadGEM3-GC3-1LL,-8.5,-8.3848,12,FI,Soft wheat,frost,-0.00274432986309976
HadGEM3-GC3-1LL,-7.5,-7.5599,19,FI,Soft wheat,frost,-0.000606144396523035
HadGEM3-GC3-1LL,-6.5,-6.5442,24,FI,Soft wheat,frost,-0.00299993487924936
HadGEM3-GC3-1LL,-5.5,-5.5797,10,FI,Soft wheat,frost,-0.00299547432423075
HadGEM3-GC3-1LL,-4.5,-4.5263,6,FI,Soft wheat,frost,-0.00238949731617347
HadGEM3-GC3-1LL,-3.5,-3.7835,7,FI,Soft wheat,frost,0.00544553010270492
HadGEM3-GC3-1LL,-2.5,-2.4504,6,FI,Soft wheat,frost,0.0068272295301773
HadGEM3-GC3-1LL,-1.5,-1.3098,8,FI,Soft wheat,frost,0.021049752543717
HadGEM3-GC3-1LL,-0.5,-0.331,6,FI,Soft wheat,frost,-0.000496681957299325
HadGEM3-GC3-1MM,-14.5,-14.3032,4,FI,Soft wheat,frost,0.0491636854785389
HadGEM3-GC3-1MM,-13.5,-13.3931,8,FI,Soft wheat,frost,0.055464237894563
HadGEM3-GC3-1MM,-12.5,-12.588,13,FI,Soft wheat,frost,0.0530354261642809
HadGEM3-GC3-1MM,-11.5,-11.5321,21,FI,Soft wheat,frost,0.049040974734696
HadGEM3-GC3-1MM,-10.5,-10.4803,10,FI,Soft wheat,frost,0.0478549935839493
HadGEM3-GC3-1MM,-9.5,-9.6161,7,FI,Soft wheat,frost,0.0231935902083831
HadGEM3-GC3-1MM,-8.5,-8.6582,7,FI,Soft wheat,frost,0.0206759951503812
HadGEM3-GC3-1MM,-7.5,-7.6345,8,FI,Soft wheat,frost,0.0133036020316561
HadGEM3-GC3-1MM,-6.5,-6.4299,4,FI,Soft wheat,frost,-0.00116423986560255
HadGEM3-GC3-1MM,-5.5,-5.3528,4,FI,Soft wheat,frost,-0.00102797147484064
HadGEM3-GC3-1MM,-4.5,-4.3969,4,FI,Soft wheat,frost,-0.00184501421626475
IPSL-CM6A-LR,-9.5,-9.3401,5,FI,Soft wheat,frost,0.0135028780361022
IPSL-CM6A-LR,-8.5,-8.4598,8,FI,Soft wheat,frost,0.0218687411256853
IPSL-CM6A-LR,-7.5,-7.5255,19,FI,Soft wheat,frost,0.012918684910894
IPSL-CM6A-LR,-6.5,-6.5577,11,FI,Soft wheat,frost,0.0108919936429955
IPSL-CM6A-LR,-5.5,-5.5623,13,FI,Soft wheat,frost,-0.00253497561477203
IPSL-CM6A-LR,-4.5,-4.3507,11,FI,Soft wheat,frost,-0.00305230840863913
IPSL-CM6A-LR,-3.5,-3.4644,8,FI,Soft wheat,frost,-0.00443510593308875
IPSL-CM6A-LR,-2.5,-2.5669,9,FI,Soft wheat,frost,-0.00455797303422817
IPSL-CM6A-LR,-1.5,-1.2909,6,FI,Soft wheat,frost,-0.00495540576727612
IPSL-CM6A-LR,-0.5,-0.6347,8,FI,Soft wheat,frost,-0.000942304763981826
EC-Earth3,-9.5,-9.1554,4,FR,Soft wheat,frost,0.000264956283300558
EC-Earth3,-8.5,-8.4726,15,FR,Soft wheat,frost,-0.00348383286073839
EC-Earth3,-7.5,-7.5562,20,FR,Soft wheat,frost,-0.000281361103043178
EC-Earth3,-6.5,-6.4767,21,FR,Soft wheat,frost,-0.000253568797539226
EC-Earth3,-5.5,-5.3342,8,FR,Soft wheat,frost,-0.000599001736845165
EC-Earth3,-4.5,-4.5495,8,FR,Soft wheat,frost,-0.00100223755653305
EC-Earth3,-3.5,-3.3459,9,FR,Soft wheat,frost,-0.000822227007370226
EC-Earth3,-2.5,-2.4493,5,FR,Soft wheat,frost,-0.000686245481119358
EC-Earth3,-1.5,-1.3807,6,FR,Soft wheat,frost,-0.00166030648584306
EC-Earth3,-0.5,-0.6596,3,FR,Soft wheat,frost,-6.51858399332475e-05
HadGEM3-GC3-1LL,-8.5,-8.3848,12,FR,Soft wheat,frost,-0.000585164837109649
HadGEM3-GC3-1LL,-7.5,-7.5599,19,FR,Soft wheat,frost,0.000614227466828453
HadGEM3-GC3-1LL,-6.5,-6.5442,24,FR,Soft wheat,frost,-0.000612620835476288
HadGEM3-GC3-1LL,-5.5,-5.5797,10,FR,Soft wheat,frost,0.000342374579907285
HadGEM3-GC3-1LL,-4.5,-4.5263,6,FR,Soft wheat,frost,-0.000657977923789461
HadGEM3-GC3-1LL,-3.5,-3.7835,7,FR,Soft wheat,frost,-0.00076689968825485
HadGEM3-GC3-1LL,-2.5,-2.4504,6,FR,Soft wheat,frost,0.00405250877517995
HadGEM3-GC3-1LL,-1.5,-1.3098,8,FR,Soft wheat,frost,0.00150619570756957
HadGEM3-GC3-1LL,-0.5,-0.331,6,FR,Soft wheat,frost,0.000831775786691378
HadGEM3-GC3-1MM,-14.5,-14.3032,4,FR,Soft wheat,frost,0.0150036996459907
HadGEM3-GC3-1MM,-13.5,-13.3931,8,FR,Soft wheat,frost,0.0137726719967357
HadGEM3-GC3-1MM,-12.5,-12.588,13,FR,Soft wheat,frost,0.00797132531579515
HadGEM3-GC3-1MM,-11.5,-11.5321,21,FR,Soft wheat,frost,0.00537456850023293
HadGEM3-GC3-1MM,-10.5,-10.4803,10,FR,Soft wheat,frost,0.000598702128696065
HadGEM3-GC3-1MM,-9.5,-9.6161,7,FR,Soft wheat,frost,-0.00114748366744508
HadGEM3-GC3-1MM,-8.5,-8.6582,7,FR,Soft wheat,frost,0.00172981534266619
HadGEM3-GC3-1MM,-7.5,-7.6345,8,FR,Soft wheat,frost,0.000374356188593297
HadGEM3-GC3-1MM,-6.5,-6.4299,4,FR,Soft wheat,frost,0.000469991698263737
HadGEM3-GC3-1MM,-5.5,-5.3528,4,FR,Soft wheat,frost,0.00320034800110251
HadGEM3-GC3-1MM,-4.5,-4.3969,4,FR,Soft wheat,frost,-0.000521071792075013
IPSL-CM6A-LR,-9.5,-9.3401,5,FR,Soft wheat,frost,-0.00293489363004664
IPSL-CM6A-LR,-8.5,-8.4598,8,FR,Soft wheat,frost,-0.0015245105102925
IPSL-CM6A-LR,-7.5,-7.5255,19,FR,Soft wheat,frost,-0.00165878486976966
IPSL-CM6A-LR,-6.5,-6.5577,11,FR,Soft wheat,frost,-0.0033213056472342
IPSL-CM6A-LR,-5.5,-5.5623,13,FR,Soft wheat,frost,-0.00132906322181741
IPSL-CM6A-LR,-4.5,-4.3507,11,FR,Soft wheat,frost,6.33643782210956e-05
IPSL-CM6A-LR,-3.5,-3.4644,8,FR,Soft wheat,frost,3.04111586378489e-06
IPSL-CM6A-LR,-2.5,-2.5669,9,FR,Soft wheat,frost,-0.00154392464230906
IPSL-CM6A-LR,-1.5,-1.2909,6,FR,Soft wheat,frost,0.000693212740854256
IPSL-CM6A-LR,-0.5,-0.6347,8,FR,Soft wheat,frost,0.000753576666292171
EC-Earth3,-9.5,-9.1554,4,HU,Soft wheat,frost,0.00118102404144507
EC-Earth3,-8.5,-8.4726,15,HU,Soft wheat,frost,-0.00344884748653672
EC-Earth3,-7.5,-7.5562,20,HU,Soft wheat,frost,-0.000348984311568552
EC-Earth3,-6.5,-6.4767,21,HU,Soft wheat,frost,-0.000763832592288157
EC-Earth3,-5.5,-5.3342,8,HU,Soft wheat,frost,0.000352440145038144
EC-Earth3,-4.5,-4.5495,8,HU,Soft wheat,frost,-0.000746571915193015
EC-Earth3,-3.5,-3.3459,9,HU,Soft wheat,frost,-0.000758898669827815
EC-Earth3,-2.5,-2.4493,5,HU,Soft wheat,frost,-0.00202933568666799
EC-Earth3,-1.5,-1.3807,6,HU,Soft wheat,frost,-0.00185867577595216
EC-Earth3,-0.5,-0.6596,3,HU,Soft wheat,frost,0.00390717859897493
HadGEM3-GC3-1LL,-8.5,-8.3848,12,HU,Soft wheat,frost,-0.00193720457126848
HadGEM3-GC3-1LL,-7.5,-7.5599,19,HU,Soft wheat,frost,-0.0006541663973848
HadGEM3-GC3-1LL,-6.5,-6.5442,24,HU,Soft wheat,frost,-0.0015383783898234
HadGEM3-GC3-1LL,-5.5,-5.5797,10,HU,Soft wheat,frost,-0.00104942994887943
HadGEM3-GC3-1LL,-4.5,-4.5263,6,HU,Soft wheat,frost,-0.00123998327589996
HadGEM3-GC3-1LL,-3.5,-3.7835,7,HU,Soft wheat,frost,-0.00166749073059329
HadGEM3-GC3-1LL,-2.5,-2.4504,6,HU,Soft wheat,frost,0.0019145610942874
HadGEM3-GC3-1LL,-1.5,-1.3098,8,HU,Soft wheat,frost,-0.000840010832593442
HadGEM3-GC3-1LL,-0.5,-0.331,6,HU,Soft wheat,frost,-0.000519576953700941
HadGEM3-GC3-1MM,-14.5,-14.3032,4,HU,Soft wheat,frost,-0.00236604182811118
HadGEM3-GC3-1MM,-13.5,-13.3931,8,HU,Soft wheat,frost,-0.00163512201208989
HadGEM3-GC3-1MM,-12.5,-12.588,13,HU,Soft wheat,frost,-0.000792947175767483
HadGEM3-GC3-1MM,-11.5,-11.5321,21,HU,Soft wheat,frost,-0.0025393996807447
HadGEM3-GC3-1MM,-10.5,-10.4803,10,HU,Soft wheat,frost,-0.000465776370383661
HadGEM3-GC3-1MM,-9.5,-9.6161,7,HU,Soft wheat,frost,-0.00119861368126674
HadGEM3-GC3-1MM,-8.5,-8.6582,7,HU,Soft wheat,frost,-0.00175240452910313
HadGEM3-GC3-1MM,-7.5,-7.6345,8,HU,Soft wheat,frost,0.00184310332806635
HadGEM3-GC3-1MM,-6.5,-6.4299,4,HU,Soft wheat,frost,-0.000258304033157545
HadGEM3-GC3-1MM,-5.5,-5.3528,4,HU,Soft wheat,frost,0.00391734480881654
HadGEM3-GC3-1MM,-4.5,-4.3969,4,HU,Soft wheat,frost,-0.000425585366092208
IPSL-CM6A-LR,-9.5,-9.3401,5,HU,Soft wheat,frost,-0.00113662052832742
IPSL-CM6A-LR,-8.5,-8.4598,8,HU,Soft wheat,frost,-0.00293333293547019
IPSL-CM6A-LR,-7.5,-7.5255,19,HU,Soft wheat,frost,-0.00242833545169852
IPSL-CM6A-LR,-6.5,-6.5577,11,HU,Soft wheat,frost,-0.00452635146201543
IPSL-CM6A-LR,-5.5,-5.5623,13,HU,Soft wheat,frost,-0.00191595572894926
IPSL-CM6A-LR,-4.5,-4.3507,11,HU,Soft wheat,frost,0.000654921515126552
IPSL-CM6A-LR,-3.5,-3.4644,8,HU,Soft wheat,frost,0.000848697219476058
IPSL-CM6A-LR,-2.5,-2.5669,9,HU,Soft wheat,frost,-0.00167964837577769
IPSL-CM6A-LR,-1.5,-1.2909,6,HU,Soft wheat,frost,-0.00147719510782255
IPSL-CM6A-LR,-0.5,-0.6347,8,HU,Soft wheat,frost,-0.000373427403197689
EC-Earth3,-9.5,-9.1554,4,IT,Soft wheat,frost,0.00149225438970928
EC-Earth3,-8.5,-8.4726,15,IT,Soft wheat,frost,-0.000561207110899617
EC-Earth3,-7.5,-7.5562,20,IT,Soft wheat,frost,0.000301583839244208
EC-Earth3,-6.5,-6.4767,21,IT,Soft wheat,frost,-0.000165835455602943
EC-Earth3,-5.5,-5.3342,8,IT,Soft wheat,frost,0.000177223407769461
EC-Earth3,-4.5,-4.5495,8,IT,Soft wheat,frost,-0.000208224600891556
EC-Earth3,-3.5,-3.3459,9,IT,Soft wheat,frost,-5.4847326842932e-05
EC-Earth3,-2.5,-2.4493,5,IT,Soft wheat,frost,-0.000558539880852386
EC-Earth3,-1.5,-1.3807,6,IT,Soft wheat,frost,-0.000495691495317847
EC-Earth3,-0.5,-0.6596,3,IT,Soft wheat,frost,0.000953586951701818
HadGEM3-GC3-1LL,-8.5,-8.3848,12,IT,Soft wheat,frost,-0.000319127866185124
HadGEM3-GC3-1LL,-7.5,-7.5599,19,IT,Soft wheat,frost,8.31936698011734e-05
HadGEM3-GC3-1LL,-6.5,-6.5442,24,IT,Soft wheat,frost,-8.10074650127334e-05
HadGEM3-GC3-1LL,-5.5,-5.5797,10,IT,Soft wheat,frost,-0.000211717252330339
HadGEM3-GC3-1LL,-4.5,-4.5263,6,IT,Soft wheat,frost,-0.000332962464422387
HadGEM3-GC3-1LL,-3.5,-3.7835,7,IT,Soft wheat,frost,-0.000428885791020823
HadGEM3-GC3-1LL,-2.5,-2.4504,6,IT,Soft wheat,frost,0.00122297900374023
HadGEM3-GC3-1LL,-1.5,-1.3098,8,IT,Soft wheat,frost,-8.00659913046852e-05
HadGEM3-GC3-1LL,-0.5,-0.331,6,IT,Soft wheat,frost,0.000213375021655315
HadGEM3-GC3-1MM,-14.5,-14.3032,4,IT,Soft wheat,frost,6.90837248532518e-05
HadGEM3-GC3-1MM,-13.5,-13.3931,8,IT,Soft wheat,frost,0.000238614870372095
HadGEM3-GC3-1MM,-12.5,-12.588,13,IT,Soft wheat,frost,0.000787706970374339
HadGEM3-GC3-1MM,-11.5,-11.5321,21,IT,Soft wheat,frost,-0.000171216292932676
HadGEM3-GC3-1MM,-10.5,-10.4803,10,IT,Soft wheat,frost,0.000327138317571825
HadGEM3-GC3-1MM,-9.5,-9.6161,7,IT,Soft wheat,frost,0.000386839255925253
HadGEM3-GC3-1MM,-8.5,-8.6582,7,IT,Soft wheat,frost,-8.43966940309671e-06
HadGEM3-GC3-1MM,-7.5,-7.6345,8,IT,Soft wheat,frost,0.00107267613646008
HadGEM3-GC3-1MM,-6.5,-6.4299,4,IT,Soft wheat,frost,0.000436567880915828
HadGEM3-GC3-1MM,-5.5,-5.3528,4,IT,Soft wheat,frost,0.000779653412421888
HadGEM3-GC3-1MM,-4.5,-4.3969,4,IT,Soft wheat,frost,-0.000396700153414036
IPSL-CM6A-LR,-9.5,-9.3401,5,IT,Soft wheat,frost,0.000696535851740704
IPSL-CM6A-LR,-8.5,-8.4598,8,IT,Soft wheat,frost,-0.000349225996225906
IPSL-CM6A-LR,-7.5,-7.5255,19,IT,Soft wheat,frost,-5.30127030556847e-05
IPSL-CM6A-LR,-6.5,-6.5577,11,IT,Soft wheat,frost,-0.000759895675800683
IPSL-CM6A-LR,-5.5,-5.5623,13,IT,Soft wheat,frost,-0.000142228046403827
IPSL-CM6A-LR,-4.5,-4.3507,11,IT,Soft wheat,frost,0.000689652826773243
IPSL-CM6A-LR,-3.5,-3.4644,8,IT,Soft wheat,frost,5.76404649817804e-05
IPSL-CM6A-LR,-2.5,-2.5669,9,IT,Soft wheat,frost,-0.000622942562959568
IPSL-CM6A-LR,-1.5,-1.2909,6,IT,Soft wheat,frost,0.000330083489456728
IPSL-CM6A-LR,-0.5,-0.6347,8,IT,Soft wheat,frost,-8.43119119772055e-05
EC-Earth3,-9.5,-9.1554,4,LT,Soft wheat,frost,0.00225908974441001
EC-Earth3,-8.5,-8.4726,15,LT,Soft wheat,frost,-0.00418417245008437
EC-Earth3,-7.5,-7.5562,20,LT,Soft wheat,frost,0.000944133624252821
EC-Earth3,-6.5,-6.4767,21,LT,Soft wheat,frost,-0.0012226478472213
EC-Earth3,-5.5,-5.3342,8,LT,Soft wheat,frost,-0.00065114090038527
EC-Earth3,-4.5,-4.5495,8,LT,Soft wheat,frost,0.00136762681169141
EC-Earth3,-3.5,-3.3459,9,LT,Soft wheat,frost,-0.00351789996012039
EC-Earth3,-2.5,-2.4493,5,LT,Soft wheat,frost,-0.0050150844058074
EC-Earth3,-1.5,-1.3807,6,LT,Soft wheat,frost,-0.00592088771651783
EC-Earth3,-0.5,-0.6596,3,LT,Soft wheat,frost,-0.000238277886045094
HadGEM3-GC3-1LL,-8.5,-8.3848,12,LT,Soft wheat,frost,-0.00410317686021723
HadGEM3-GC3-1LL,-7.5,-7.5599,19,LT,Soft wheat,frost,-0.000274489704892111
HadGEM3-GC3-1LL,-6.5,-6.5442,24,LT,Soft wheat,frost,-0.0048520360529017
HadGEM3-GC3-1LL,-5.5,-5.5797,10,LT,Soft wheat,frost,-0.00349577696819675
HadGEM3-GC3-1LL,-4.5,-4.5263,6,LT,Soft wheat,frost,-0.00106839814671162
HadGEM3-GC3-1LL,-3.5,-3.7835,7,LT,Soft wheat,frost,-0.00121752482565651
HadGEM3-GC3-1LL,-2.5,-2.4504,6,LT,Soft wheat,frost,0.00762206644307319
HadGEM3-GC3-1LL,-1.5,-1.3098,8,LT,Soft wheat,frost,0.00808394567449376
HadGEM3-GC3-1LL,-0.5,-0.331,6,LT,Soft wheat,frost,-0.00221765302488138
HadGEM3-GC3-1MM,-14.5,-14.3032,4,LT,Soft wheat,frost,0.00754779505488935
HadGEM3-GC3-1MM,-13.5,-13.3931,8,LT,Soft wheat,frost,0.0259838490148952
HadGEM3-GC3-1MM,-12.5,-12.588,13,LT,Soft wheat,frost,0.0298804204894062
HadGEM3-GC3-1MM,-11.5,-11.5321,21,LT,Soft wheat,frost,0.0140530219313431
HadGEM3-GC3-1MM,-10.5,-10.4803,10,LT,Soft wheat,frost,0.0244274546117183
HadGEM3-GC3-1MM,-9.5,-9.6161,7,LT,Soft wheat,frost,-0.00210663702284461
HadGEM3-GC3-1MM,-8.5,-8.6582,7,LT,Soft wheat,frost,-0.00122364867111924
HadGEM3-GC3-1MM,-7.5,-7.6345,8,LT,Soft wheat,frost,-0.00209680303778725
HadGEM3-GC3-1MM,-6.5,-6.4299,4,LT,Soft wheat,frost,-0.00182944347917811
HadGEM3-GC3-1MM,-5.5,-5.3528,4,LT,Soft wheat,frost,0.00157225017948901
HadGEM3-GC3-1MM,-4.5,-4.3969,4,LT,Soft wheat,frost,-0.00346707460658221
IPSL-CM6A-LR,-9.5,-9.3401,5,LT,Soft wheat,frost,-0.00365893834011519
IPSL-CM6A-LR,-8.5,-8.4598,8,LT,Soft wheat,frost,-0.000958032178145613
IPSL-CM6A-LR,-7.5,-7.5255,19,LT,Soft wheat,frost,-0.00486999920499025
IPSL-CM6A-LR,-6.5,-6.5577,11,LT,Soft wheat,frost,-0.00731564977710422
IPSL-CM6A-LR,-5.5,-5.5623,13,LT,Soft wheat,frost,-0.00450413766096852
IPSL-CM6A-LR,-4.5,-4.3507,11,LT,Soft wheat,frost,-0.00430488279952159
IPSL-CM6A-LR,-3.5,-3.4644,8,LT,Soft wheat,frost,-0.00169857238933695
IPSL-CM6A-LR,-2.5,-2.5669,9,LT,Soft wheat,frost,-0.00500091957013058
IPSL-CM6A-LR,-1.5,-1.2909,6,LT,Soft wheat,frost,-0.00609523293038421
IPSL-CM6A-LR,-0.5,-0.6347,8,LT,Soft wheat,frost,-0.000994333077531984
EC-Earth3,-9.5,-9.1554,4,LV,Soft wheat,frost,0.00181723218088336
EC-Earth3,-8.5,-8.4726,15,LV,Soft wheat,frost,-0.00325566970673754
EC-Earth3,-7.5,-7.5562,20,LV,Soft wheat,frost,0.00164604790770351
EC-Earth3,-6.5,-6.4767,21,LV,Soft wheat,frost,-0.00094498697784274
EC-Earth3,-5.5,-5.3342,8,LV,Soft wheat,frost,-0.000811857755414582
EC-Earth3,-4.5,-4.5495,8,LV,Soft wheat,frost,0.00138714701393465
EC-Earth3,-3.5,-3.3459,9,LV,Soft wheat,frost,-0.00227158922499077
EC-Earth3,-2.5,-2.4493,5,LV,Soft wheat,frost,-0.00377608411974866
EC-Earth3,-1.5,-1.3807,6,LV,Soft wheat,frost,-0.00606573816470062
EC-Earth3,-0.5,-0.6596,3,LV,Soft wheat,frost,0.000542954999925469
HadGEM3-GC3-1LL,-8.5,-8.3848,12,LV,Soft wheat,frost,-0.00275278817324275
HadGEM3-GC3-1LL,-7.5,-7.5599,19,LV,Soft wheat,frost,0.000249243219069506
HadGEM3-GC3-1LL,-6.5,-6.5442,24,LV,Soft wheat,frost,-0.00417041021229603
HadGEM3-GC3-1LL,-5.5,-5.5797,10,LV,Soft wheat,frost,-0.00305253994397197
HadGEM3-GC3-1LL,-4.5,-4.5263,6,LV,Soft wheat,frost,-0.000606640103283966
HadGEM3-GC3-1LL,-3.5,-3.7835,7,LV,Soft wheat,frost,-2.55244109753439e-05
HadGEM3-GC3-1LL,-2.5,-2.4504,6,LV,Soft wheat,frost,0.00665425022767854
HadGEM3-GC3-1LL,-1.5,-1.3098,8,LV,Soft wheat,frost,0.0110068821495188
HadGEM3-GC3-1LL,-0.5,-0.331,6,LV,Soft wheat,frost,-0.00111536800539846
HadGEM3-GC3-1MM,-14.5,-14.3032,4,LV,Soft wheat,frost,0.0181275089487171
HadGEM3-GC3-1MM,-13.5,-13.3931,8,LV,Soft wheat,frost,0.0368467196126834
HadGEM3-GC3-1MM,-12.5,-12.588,13,LV,Soft wheat,frost,0.0380356996991551
HadGEM3-GC3-1MM,-11.5,-11.5321,21,LV,Soft wheat,frost,0.0233706143945607
HadGEM3-GC3-1MM,-10.5,-10.4803,10,LV,Soft wheat,frost,0.0305009155881059
HadGEM3-GC3-1MM,-9.5,-9.6161,7,LV,Soft wheat,frost,0.00285698532248848
HadGEM3-GC3-1MM,-8.5,-8.6582,7,LV,Soft wheat,frost,0.00175538944250788
HadGEM3-GC3-1MM,-7.5,-7.6345,8,LV,Soft wheat,frost,0.000225505624864338
HadGEM3-GC3-1MM,-6.5,-6.4299,4,LV,Soft wheat,frost,-0.00150942309901808
HadGEM3-GC3-1MM,-5.5,-5.3528,4,LV,Soft wheat,frost,0.000919822321746146
HadGEM3-GC3-1MM,-4.5,-4.3969,4,LV,Soft wheat,frost,-0.00217874099388631
IPSL-CM6A-LR,-9.5,-9.3401,5,LV,Soft wheat,frost,-0.000307690260571595
IPSL-CM6A-LR,-8.5,-8.4598,8,LV,Soft wheat,frost,0.00451322342625286
IPSL-CM6A-LR,-7.5,-7.5255,19,LV,Soft wheat,frost,-0.00170949416442325
IPSL-CM6A-LR,-6.5,-6.5577,11,LV,Soft wheat,frost,-0.00348301615926481
IPSL-CM6A-LR,-5.5,-5.5623,13,LV,Soft wheat,frost,-0.00342591014707307
IPSL-CM6A-LR,-4.5,-4.3507,11,LV,Soft wheat,frost,-0.00350129061877538
IPSL-CM6A-LR,-3.5,-3.4644,8,LV,Soft wheat,frost,-0.00217541523481231
IPSL-CM6A-LR,-2.5,-2.5669,9,LV,Soft wheat,frost,-0.00413382113155576
IPSL-CM6A-LR,-1.5,-1.2909,6,LV,Soft wheat,frost,-0.00516085468372887
IPSL-CM6A-LR,-0.5,-0.6347,8,LV,Soft wheat,frost,-0.000911450974939083
EC-Earth3,-9.5,-9.1554,4,RO,Soft wheat,frost,0.00176263979250989
EC-Earth3,-8.5,-8.4726,15,RO,Soft wheat,frost,-0.00294327703610161
EC-Earth3,-7.5,-7.5562,20,RO,Soft wheat,frost,-0.000396090436711501
EC-Earth3,-6.5,-6.4767,21,RO,Soft wheat,frost,-0.000348822430843491
EC-Earth3,-5.5,-5.3342,8,RO,Soft wheat,frost,0.000266753407987124
EC-Earth3,-4.5,-4.5495,8,RO,Soft wheat,frost,-0.00177051360842664
EC-Earth3,-3.5,-3.3459,9,RO,Soft wheat,frost,-0.000524861873172505
EC-Earth3,-2.5,-2.4493,5,RO,Soft wheat,frost,-0.00253062821061937
EC-Earth3,-1.5,-1.3807,6,RO,Soft wheat,frost,-0.0018655959273872
EC-Earth3,-0.5,-0.6596,3,RO,Soft wheat,frost,0.0032872538360363
HadGEM3-GC3-1LL,-8.5,-8.3848,12,RO,Soft wheat,frost,-0.00192943470063271
HadGEM3-GC3-1LL,-7.5,-7.5599,19,RO,Soft wheat,frost,-0.000882085401293012
HadGEM3-GC3-1LL,-6.5,-6.5442,24,RO,Soft wheat,frost,-0.00107876854207203
HadGEM3-GC3-1LL,-5.5,-5.5797,10,RO,Soft wheat,frost,-0.00126851596340461
HadGEM3-GC3-1LL,-4.5,-4.5263,6,RO,Soft wheat,frost,-0.000528029308992798
HadGEM3-GC3-1LL,-3.5,-3.7835,7,RO,Soft wheat,frost,-0.00156736730390742
HadGEM3-GC3-1LL,-2.5,-2.4504,6,RO,Soft wheat,frost,0.000638423993939337
HadGEM3-GC3-1LL,-1.5,-1.3098,8,RO,Soft wheat,frost,-0.000677163834580072
HadGEM3-GC3-1LL,-0.5,-0.331,6,RO,Soft wheat,frost,-0.000896138417936697
HadGEM3-GC3-1MM,-14.5,-14.3032,4,RO,Soft wheat,frost,-0.0026588395984873
HadGEM3-GC3-1MM,-13.5,-13.3931,8,RO,Soft wheat,frost,-0.00145631438964627
HadGEM3-GC3-1MM,-12.5,-12.588,13,RO,Soft wheat,frost,-0.000817143911593417
HadGEM3-GC3-1MM,-11.5,-11.5321,21,RO,Soft wheat,frost,-0.00265056151688746
HadGEM3-GC3-1MM,-10.5,-10.4803,10,RO,Soft wheat,frost,-0.000316531620754424
HadGEM3-GC3-1MM,-9.5,-9.6161,7,RO,Soft wheat,frost,-0.000706999294766595
HadGEM3-GC3-1MM,-8.5,-8.6582,7,RO,Soft wheat,frost,-0.00238227761710381
HadGEM3-GC3-1MM,-7.5,-7.6345,8,RO,Soft wheat,frost,0.000552183203772135
HadGEM3-GC3-1MM,-6.5,-6.4299,4,RO,Soft wheat,frost,-0.000711832081282032
HadGEM3-GC3-1MM,-5.5,-5.3528,4,RO,Soft wheat,frost,0.00439741644964732
HadGEM3-GC3-1MM,-4.5,-4.3969,4,RO,Soft wheat,frost,-0.00162856009952351
IPSL-CM6A-LR,-9.5,-9.3401,5,RO,Soft wheat,frost,0.000675421767212305
IPSL-CM6A-LR,-8.5,-8.4598,8,RO,Soft wheat,frost,-0.00256445198491062
IPSL-CM6A-LR,-7.5,-7.5255,19,RO,Soft wheat,frost,-0.00297501119185532
IPSL-CM6A-LR,-6.5,-6.5577,11,RO,Soft wheat,frost,-0.00485437930271009
IPSL-CM6A-LR,-5.5,-5.5623,13,RO,Soft wheat,frost,-0.00236096667727342
IPSL-CM6A-LR,-4.5,-4.3507,11,RO,Soft wheat,frost,3.08544865147511e-05
IPSL-CM6A-LR,-3.5,-3.4644,8,RO,Soft wheat,frost,0.000468094064110759
IPSL-CM6A-LR,-2.5,-2.5669,9,RO,Soft wheat,frost,-0.00177270416451556
IPSL-CM6A-LR,-1.5,-1.2909,6,RO,Soft wheat,frost,-0.00160790065628436
IPSL-CM6A-LR,-0.5,-0.6347,8,RO,Soft wheat,frost,-0.000978074040069148
EC-Earth3,-9.5,-9.1554,4,SE,Soft wheat,frost,0.00148981473240266
EC-Earth3,-8.5,-8.4726,15,SE,Soft wheat,frost,-0.00446617014204037
EC-Earth3,-7.5,-7.5562,20,SE,Soft wheat,frost,-0.00551525781562919
EC-Earth3,-6.5,-6.4767,21,SE,Soft wheat,frost,-0.00542265072421222
EC-Earth3,-5.5,-5.3342,8,SE,Soft wheat,frost,-0.00508665473517616
EC-Earth3,-4.5,-4.5495,8,SE,Soft wheat,frost,-0.00332954081685466
EC-Earth3,-3.5,-3.3459,9,SE,Soft wheat,frost,-0.00741249247935447
EC-Earth3,-2.5,-2.4493,5,SE,Soft wheat,frost,-0.00315310632175727
EC-Earth3,-1.5,-1.3807,6,SE,Soft wheat,frost,-0.00625017445899518
EC-Earth3,-0.5,-0.6596,3,SE,Soft wheat,frost,-0.000263447740594782
HadGEM3-GC3-1LL,-8.5,-8.3848,12,SE,Soft wheat,frost,-0.00517477458345838
HadGEM3-GC3-1LL,-7.5,-7.5599,19,SE,Soft wheat,frost,-0.000772514506038226
HadGEM3-GC3-1LL,-6.5,-6.5442,24,SE,Soft wheat,frost,-0.00675567480603809
HadGEM3-GC3-1LL,-5.5,-5.5797,10,SE,Soft wheat,frost,-0.00607213753068529
HadGEM3-GC3-1LL,-4.5,-4.5263,6,SE,Soft wheat,frost,-0.00258802817995935
HadGEM3-GC3-1LL,-3.5,-3.7835,7,SE,Soft wheat,frost,-0.00218920288951165
HadGEM3-GC3-1LL,-2.5,-2.4504,6,SE,Soft wheat,frost,0.00563398017663211
HadGEM3-GC3-1LL,-1.5,-1.3098,8,SE,Soft wheat,frost,0.00834888495676949
HadGEM3-GC3-1LL,-0.5,-0.331,6,SE,Soft wheat,frost,0.00112296929067005
HadGEM3-GC3-1MM,-14.5,-14.3032,4,SE,Soft wheat,frost,0.0383353250732824
HadGEM3-GC3-1MM,-13.5,-13.3931,8,SE,Soft wheat,frost,0.0417399209667459
HadGEM3-GC3-1MM,-12.5,-12.588,13,SE,Soft wheat,frost,0.0404935838253106
HadGEM3-GC3-1MM,-11.5,-11.5321,21,SE,Soft wheat,frost,0.0330549124226546
HadGEM3-GC3-1MM,-10.5,-10.4803,10,SE,Soft wheat,frost,0.0314795828783582
HadGEM3-GC3-1MM,-9.5,-9.6161,7,SE,Soft wheat,frost,0.0027561500933916
HadGEM3-GC3-1MM,-8.5,-8.6582,7,SE,Soft wheat,frost,0.00342938318497027
HadGEM3-GC3-1MM,-7.5,-7.6345,8,SE,Soft wheat,frost,-0.000356484467857233
HadGEM3-GC3-1MM,-6.5,-6.4299,4,SE,Soft wheat,frost,-0.00301324047971789
HadGEM3-GC3-1MM,-5.5,-5.3528,4,SE,Soft wheat,frost,-0.00327617439987546
HadGEM3-GC3-1MM,-4.5,-4.3969,4,SE,Soft wheat,frost,-0.00489604318446202
IPSL-CM6A-LR,-9.5,-9.3401,5,SE,Soft wheat,frost,0.000956553292336415
IPSL-CM6A-LR,-8.5,-8.4598,8,SE,Soft wheat,frost,0.00861362781968374
IPSL-CM6A-LR,-7.5,-7.5255,19,SE,Soft wheat,frost,-0.00088237498801096
IPSL-CM6A-LR,-6.5,-6.5577,11,SE,Soft wheat,frost,0.000365800340933847
IPSL-CM6A-LR,-5.5,-5.5623,13,SE,Soft wheat,frost,-0.00651322893960123
IPSL-CM6A-LR,-4.5,-4.3507,11,SE,Soft wheat,frost,-0.00643389866145741
IPSL-CM6A-LR,-3.5,-3.4644,8,SE,Soft wheat,frost,-0.00610632051820381
IPSL-CM6A-LR,-2.5,-2.5669,9,SE,Soft wheat,frost,-0.00669544200879575
IPSL-CM6A-LR,-1.5,-1.2909,6,SE,Soft wheat,frost,-0.00744459749273539
IPSL-CM6A-LR,-0.5,-0.6347,8,SE,Soft wheat,frost,0.00113205613423819
EC-Earth3,-9.5,-9.1554,4,SK,Soft wheat,frost,0.0011280245229985
EC-Earth3,-8.5,-8.4726,15,SK,Soft wheat,frost,-0.00519666903976914
EC-Earth3,-7.5,-7.5562,20,SK,Soft wheat,frost,-0.00110688090048552
EC-Earth3,-6.5,-6.4767,21,SK,Soft wheat,frost,-0.00226834478134757
EC-Earth3,-5.5,-5.3342,8,SK,Soft wheat,frost,-0.00150849529435279
EC-Earth3,-4.5,-4.5495,8,SK,Soft wheat,frost,-0.00121770913017326
EC-Earth3,-3.5,-3.3459,9,SK,Soft wheat,frost,-0.00163520304818199
EC-Earth3,-2.5,-2.4493,5,SK,Soft wheat,frost,-0.00279985033653562
EC-Earth3,-1.5,-1.3807,6,SK,Soft wheat,frost,-0.00367050232517838
EC-Earth3,-0.5,-0.6596,3,SK,Soft wheat,frost,0.00623647688250041
HadGEM3-GC3-1LL,-8.5,-8.3848,12,SK,Soft wheat,frost,-0.0033634141570243
HadGEM3-GC3-1LL,-7.5,-7.5599,19,SK,Soft wheat,frost,-0.00232485154654365
HadGEM3-GC3-1LL,-6.5,-6.5442,24,SK,Soft wheat,frost,-0.00385078957611447
HadGEM3-GC3-1LL,-5.5,-5.5797,10,SK,Soft wheat,frost,-0.00198243039381155
HadGEM3-GC3-1LL,-4.5,-4.5263,6,SK,Soft wheat,frost,-0.00194893713696625
HadGEM3-GC3-1LL,-3.5,-3.7835,7,SK,Soft wheat,frost,-0.00322091039280224
HadGEM3-GC3-1LL,-2.5,-2.4504,6,SK,Soft wheat,frost,0.00184685472167341
HadGEM3-GC3-1LL,-1.5,-1.3098,8,SK,Soft wheat,frost,-0.000262265039347672
HadGEM3-GC3-1LL,-0.5,-0.331,6,SK,Soft wheat,frost,-0.00157702082003567
HadGEM3-GC3-1MM,-14.5,-14.3032,4,SK,Soft wheat,frost,-0.00404028463784919
HadGEM3-GC3-1MM,-13.5,-13.3931,8,SK,Soft wheat,frost,-0.00263723858261165
HadGEM3-GC3-1MM,-12.5,-12.588,13,SK,Soft wheat,frost,-0.000151989791294722
HadGEM3-GC3-1MM,-11.5,-11.5321,21,SK,Soft wheat,frost,-0.00361000264170255
HadGEM3-GC3-1MM,-10.5,-10.4803,10,SK,Soft wheat,frost,-0.000679457667816832
HadGEM3-GC3-1MM,-9.5,-9.6161,7,SK,Soft wheat,frost,-0.00315667887934368
HadGEM3-GC3-1MM,-8.5,-8.6582,7,SK,Soft wheat,frost,-0.00306859193614833
HadGEM3-GC3-1MM,-7.5,-7.6345,8,SK,Soft wheat,frost,0.000671912345014259
HadGEM3-GC3-1MM,-6.5,-6.4299,4,SK,Soft wheat,frost,0.000198753975703538
HadGEM3-GC3-1MM,-5.5,-5.3528,4,SK,Soft wheat,frost,0.00424694375308641
HadGEM3-GC3-1MM,-4.5,-4.3969,4,SK,Soft wheat,frost,-0.00161590599529074
IPSL-CM6A-LR,-9.5,-9.3401,5,SK,Soft wheat,frost,-0.00452948943752728
IPSL-CM6A-LR,-8.5,-8.4598,8,SK,Soft wheat,frost,-0.00488233482058032
IPSL-CM6A-LR,-7.5,-7.5255,19,SK,Soft wheat,frost,-0.00424449563743289
IPSL-CM6A-LR,-6.5,-6.5577,11,SK,Soft wheat,frost,-0.00699064853813158
IPSL-CM6A-LR,-5.5,-5.5623,13,SK,Soft wheat,frost,-0.00353801329292424
IPSL-CM6A-LR,-4.5,-4.3507,11,SK,Soft wheat,frost,-0.00031447671866017
IPSL-CM6A-LR,-3.5,-3.4644,8,SK,Soft wheat,frost,0.00088570168794657
IPSL-CM6A-LR,-2.5,-2.5669,9,SK,Soft wheat,frost,-0.00308836777838892
IPSL-CM6A-LR,-1.5,-1.2909,6,SK,Soft wheat,frost,-0.00362731463797196
IPSL-CM6A-LR,-0.5,-0.6347,8,SK,Soft wheat,frost,0.000598475928410282
EC-Earth3,-9.5,-9.1554,4,EL,Durum wheat,frost,-0.00165635651959257
EC-Earth3,-8.5,-8.4726,15,EL,Durum wheat,frost,0.00113582170762156
EC-Earth3,-7.5,-7.5562,20,EL,Durum wheat,frost,0.000650312216825918
EC-Earth3,-6.5,-6.4767,21,EL,Durum wheat,frost,0.000352751794674484
EC-Earth3,-5.5,-5.3342,8,EL,Durum wheat,frost,-0.000435561764380777
EC-Earth3,-4.5,-4.5495,8,EL,Durum wheat,frost,0.000732090033118995
EC-Earth3,-3.5,-3.3459,9,EL,Durum wheat,frost,0.000587199653068434
EC-Earth3,-2.5,-2.4493,5,EL,Durum wheat,frost,0.00174078043659438
EC-Earth3,-1.5,-1.3807,6,EL,Durum wheat,frost,0.000848700160878712
EC-Earth3,-0.5,-0.6596,3,EL,Durum wheat,frost,-0.00267963882121455
HadGEM3-GC3-1LL,-8.5,-8.3848,12,EL,Durum wheat,frost,0.00092491845532379
HadGEM3-GC3-1LL,-7.5,-7.5599,19,EL,Durum wheat,frost,0.00075466707634553
HadGEM3-GC3-1LL,-6.5,-6.5442,24,EL,Durum wheat,frost,-8.89089356230806e-05
HadGEM3-GC3-1LL,-5.5,-5.5797,10,EL,Durum wheat,frost,0.00051273730558015
HadGEM3-GC3-1LL,-4.5,-4.5263,6,EL,Durum wheat,frost,0.000949029873784025
HadGEM3-GC3-1LL,-3.5,-3.7835,7,EL,Durum wheat,frost,0.000752420740821392
HadGEM3-GC3-1LL,-2.5,-2.4504,6,EL,Durum wheat,frost,-0.000195719381242177
HadGEM3-GC3-1LL,-1.5,-1.3098,8,EL,Durum wheat,frost,0.000795557732596146
HadGEM3-GC3-1LL,-0.5,-0.331,6,EL,Durum wheat,frost,0.000154344363795286
HadGEM3-GC3-1MM,-14.5,-14.3032,4,EL,Durum wheat,frost,0.00130012193789335
HadGEM3-GC3-1MM,-13.5,-13.3931,8,EL,Durum wheat,frost,0.00116298022316534
HadGEM3-GC3-1MM,-12.5,-12.588,13,EL,Durum wheat,frost,0.000379762794612851
HadGEM3-GC3-1MM,-11.5,-11.5321,21,EL,Durum wheat,frost,0.00132999124780445
HadGEM3-GC3-1MM,-10.5,-10.4803,10,EL,Durum wheat,frost,0.000383204588090077
HadGEM3-GC3-1MM,-9.5,-9.6161,7,EL,Durum wheat,frost,0.000972619615906835
HadGEM3-GC3-1MM,-8.5,-8.6582,7,EL,Durum wheat,frost,4.59451722552103e-05
HadGEM3-GC3-1MM,-7.5,-7.6345,8,EL,Durum wheat,frost,0.000395785952807947
HadGEM3-GC3-1MM,-6.5,-6.4299,4,EL,Durum wheat,frost,3.90361064389011e-05
HadGEM3-GC3-1MM,-5.5,-5.3528,4,EL,Durum wheat,frost,-0.00400946755235885
HadGEM3-GC3-1MM,-4.5,-4.3969,4,EL,Durum wheat,frost,0.000582901884001982
IPSL-CM6A-LR,-9.5,-9.3401,5,EL,Durum wheat,frost,-0.00125334934373316
IPSL-CM6A-LR,-8.5,-8.4598,8,EL,Durum wheat,frost,0.000828178640468811
IPSL-CM6A-LR,-7.5,-7.5255,19,EL,Durum wheat,frost,0.000895610332174444
IPSL-CM6A-LR,-6.5,-6.5577,11,EL,Durum wheat,frost,0.00167822351062169
IPSL-CM6A-LR,-5.5,-5.5623,13,EL,Durum wheat,frost,0.000949784593154925
IPSL-CM6A-LR,-4.5,-4.3507,11,EL,Durum wheat,frost,9.06931051048233e-05
IPSL-CM6A-LR,-3.5,-3.4644,8,EL,Durum wheat,frost,-0.000666945410256067
IPSL-CM6A-LR,-2.5,-2.5669,9,EL,Durum wheat,frost,0.000725528369217638
IPSL-CM6A-LR,-1.5,-1.2909,6,EL,Durum wheat,frost,0.000126757681827968
IPSL-CM6A-LR,-0.5,-0.6347,8,EL,Durum wheat,frost,0.000350109923695757
EC-Earth3,-9.5,-9.1554,4,ES,Durum wheat,frost,-2.51770987933057e-05
EC-Earth3,-8.5,-8.4726,15,ES,Durum wheat,frost,0.000380950718720579
EC-Earth3,-7.5,-7.5562,20,ES,Durum wheat,frost,-0.000158640500028281
EC-Earth3,-6.5,-6.4767,21,ES,Durum wheat,frost,0.000101828617013497
EC-Earth3,-5.5,-5.3342,8,ES,Durum wheat,frost,5.77128627580925e-05
EC-Earth3,-4.5,-4.5495,8,ES,Durum wheat,frost,0.000426641227604505
EC-Earth3,-3.5,-3.3459,9,ES,Durum wheat,frost,0.000108043088971615
EC-Earth3,-2.5,-2.4493,5,ES,Durum wheat,frost,5.78755439744755e-05
EC-Earth3,-1.5,-1.3807,6,ES,Durum wheat,frost,0.000155848421310412
EC-Earth3,-0.5,-0.6596,3,ES,Durum wheat,frost,-8.4676480312928e-05
HadGEM3-GC3-1LL,-8.5,-8.3848,12,ES,Durum wheat,frost,-0.000223324921567604
HadGEM3-GC3-1LL,-7.5,-7.5599,19,ES,Durum wheat,frost,-0.000314129921864436
HadGEM3-GC3-1LL,-6.5,-6.5442,24,ES,Durum wheat,frost,-0.000268839908589851
HadGEM3-GC3-1LL,-5.5,-5.5797,10,ES,Durum wheat,frost,-0.000587512637528715
HadGEM3-GC3-1LL,-4.5,-4.5263,6,ES,Durum wheat,frost,-0.000390360147781149
HadGEM3-GC3-1LL,-3.5,-3.7835,7,ES,Durum wheat,frost,0.000112205472571168
HadGEM3-GC3-1LL,-2.5,-2.4504,6,ES,Durum wheat,frost,-0.000617147849753634
HadGEM3-GC3-1LL,-1.5,-1.3098,8,ES,Durum wheat,frost,-0.000315007330725347
HadGEM3-GC3-1LL,-0.5,-0.331,6,ES,Durum wheat,frost,-0.000294235385353797
HadGEM3-GC3-1MM,-14.5,-14.3032,4,ES,Durum wheat,frost,-0.000670384514626001
HadGEM3-GC3-1MM,-13.5,-13.3931,8,ES,Durum wheat,frost,-0.000273409854306033
HadGEM3-GC3-1MM,-12.5,-12.588,13,ES,Durum wheat,frost,-0.000871600724637228
HadGEM3-GC3-1MM,-11.5,-11.5321,21,ES,Durum wheat,frost,-0.000466888915910036
HadGEM3-GC3-1MM,-10.5,-10.4803,10,ES,Durum wheat,frost,-0.000531263528711099
HadGEM3-GC3-1MM,-9.5,-9.6161,7,ES,Durum wheat,frost,-0.000386855487122706
HadGEM3-GC3-1MM,-8.5,-8.6582,7,ES,Durum wheat,frost,-0.000326189476747248
HadGEM3-GC3-1MM,-7.5,-7.6345,8,ES,Durum wheat,frost,-0.000402306358929773
HadGEM3-GC3-1MM,-6.5,-6.4299,4,ES,Durum wheat,frost,-0.000945902660403841
HadGEM3-GC3-1MM,-5.5,-5.3528,4,ES,Durum wheat,frost,-0.000255200127062215
HadGEM3-GC3-1MM,-4.5,-4.3969,4,ES,Durum wheat,frost,0.0002674884232063
IPSL-CM6A-LR,-9.5,-9.3401,5,ES,Durum wheat,frost,-5.12919990950447e-06
IPSL-CM6A-LR,-8.5,-8.4598,8,ES,Durum wheat,frost,0.000187304688804939
IPSL-CM6A-LR,-7.5,-7.5255,19,ES,Durum wheat,frost,-2.60718577742437e-05
IPSL-CM6A-LR,-6.5,-6.5577,11,ES,Durum wheat,frost,0.000149198612269421
IPSL-CM6A-LR,-5.5,-5.5623,13,ES,Durum wheat,frost,-1.76196982843579e-05
IPSL-CM6A-LR,-4.5,-4.3507,11,ES,Durum wheat,frost,-0.000196142969973968
IPSL-CM6A-LR,-3.5,-3.4644,8,ES,Durum wheat,frost,0.000197869233770319
IPSL-CM6A-LR,-2.5,-2.5669,9,ES,Durum wheat,frost,0.000117046866521817
IPSL-CM6A-LR,-1.5,-1.2909,6,ES,Durum wheat,frost,-4.13685404432578e-05
IPSL-CM6A-LR,-0.5,-0.6347,8,ES,Durum wheat,frost,0.000261673611845545
EC-Earth3,-9.5,-9.1554,4,FR,Durum wheat,frost,-0.000794668756828998
EC-Earth3,-8.5,-8.4726,15,FR,Durum wheat,frost,0.00194285497990332
EC-Earth3,-7.5,-7.5562,20,FR,Durum wheat,frost,-0.000230143067518209
EC-Earth3,-6.5,-6.4767,21,FR,Durum wheat,frost,7.59175888670145e-05
EC-Earth3,-5.5,-5.3342,8,FR,Durum wheat,frost,0.000163858938162891
EC-Earth3,-4.5,-4.5495,8,FR,Durum wheat,frost,0.000550719823621029
EC-Earth3,-3.5,-3.3459,9,FR,Durum wheat,frost,0.000320639068257666
EC-Earth3,-2.5,-2.4493,5,FR,Durum wheat,frost,0.000464580448750433
EC-Earth3,-1.5,-1.3807,6,FR,Durum wheat,frost,0.00089370360523761
EC-Earth3,-0.5,-0.6596,3,FR,Durum wheat,frost,-1.17240647768926e-06
HadGEM3-GC3-1LL,-8.5,-8.3848,12,FR,Durum wheat,frost,0.000252881761432506
HadGEM3-GC3-1LL,-7.5,-7.5599,19,FR,Durum wheat,frost,-0.000451280806711675
HadGEM3-GC3-1LL,-6.5,-6.5442,24,FR,Durum wheat,frost,0.000340499492021171
HadGEM3-GC3-1LL,-5.5,-5.5797,10,FR,Durum wheat,frost,-0.000664184652093787
HadGEM3-GC3-1LL,-4.5,-4.5263,6,FR,Durum wheat,frost,0.000279567239603577
HadGEM3-GC3-1LL,-3.5,-3.7835,7,FR,Durum wheat,frost,0.000450757539869804
HadGEM3-GC3-1LL,-2.5,-2.4504,6,FR,Durum wheat,frost,-0.00229545280394047
HadGEM3-GC3-1LL,-1.5,-1.3098,8,FR,Durum wheat,frost,-0.00109127431805904
HadGEM3-GC3-1LL,-0.5,-0.331,6,FR,Durum wheat,frost,-0.000682212262168661
HadGEM3-GC3-1MM,-14.5,-14.3032,4,FR,Durum wheat,frost,-0.00593273263401734
HadGEM3-GC3-1MM,-13.5,-13.3931,8,FR,Durum wheat,frost,-0.00504533976605797
HadGEM3-GC3-1MM,-12.5,-12.588,13,FR,Durum wheat,frost,-0.00279120084119342
HadGEM3-GC3-1MM,-11.5,-11.5321,21,FR,Durum wheat,frost,-0.00110936231737633
HadGEM3-GC3-1MM,-10.5,-10.4803,10,FR,Durum wheat,frost,-8.70009755482226e-05
HadGEM3-GC3-1MM,-9.5,-9.6161,7,FR,Durum wheat,frost,0.000410082153094469
HadGEM3-GC3-1MM,-8.5,-8.6582,7,FR,Durum wheat,frost,-0.000986259167445733
HadGEM3-GC3-1MM,-7.5,-7.6345,8,FR,Durum wheat,frost,-0.000438201514782297
HadGEM3-GC3-1MM,-6.5,-6.4299,4,FR,Durum wheat,frost,-0.00041575112032696
HadGEM3-GC3-1MM,-5.5,-5.3528,4,FR,Durum wheat,frost,-0.00152433828529092
HadGEM3-GC3-1MM,-4.5,-4.3969,4,FR,Durum wheat,frost,0.000400061946341538
IPSL-CM6A-LR,-9.5,-9.3401,5,FR,Durum wheat,frost,0.00178843098128939
IPSL-CM6A-LR,-8.5,-8.4598,8,FR,Durum wheat,frost,0.00108284125485594
IPSL-CM6A-LR,-7.5,-7.5255,19,FR,Durum wheat,frost,0.000523809029243571
IPSL-CM6A-LR,-6.5,-6.5577,11,FR,Durum wheat,frost,0.00181399242581216
IPSL-CM6A-LR,-5.5,-5.5623,13,FR,Durum wheat,frost,0.000449136527118237
IPSL-CM6A-LR,-4.5,-4.3507,11,FR,Durum wheat,frost,-0.000234781353607321
IPSL-CM6A-LR,-3.5,-3.4644,8,FR,Durum wheat,frost,0.000152064695844542
IPSL-CM6A-LR,-2.5,-2.5669,9,FR,Durum wheat,frost,0.000935471185352052
IPSL-CM6A-LR,-1.5,-1.2909,6,FR,Durum wheat,frost,-0.000422309364361545
IPSL-CM6A-LR,-0.5,-0.6347,8,FR,Durum wheat,frost,-5.17184815324695e-05
EC-Earth3,-9.5,-9.1554,4,HU,Durum wheat,frost,-0.00128314115148372
EC-Earth3,-8.5,-8.4726,15,HU,Durum wheat,frost,0.00302583949738595
EC-Earth3,-7.5,-7.5562,20,HU,Durum wheat,frost,0.000185209620304763
EC-Earth3,-6.5,-6.4767,21,HU,Durum wheat,frost,0.000519151913495909
EC-Earth3,-5.5,-5.3342,8,HU,Durum wheat,frost,-0.000597770670165915
EC-Earth3,-4.5,-4.5495,8,HU,Durum wheat,frost,0.000574997618876626
EC-Earth3,-3.5,-3.3459,9,HU,Durum wheat,frost,0.000642157950530583
EC-Earth3,-2.5,-2.4493,5,HU,Durum wheat,frost,0.00174865248365332
EC-Earth3,-1.5,-1.3807,6,HU,Durum wheat,frost,0.00156624841728267
EC-Earth3,-0.5,-0.6596,3,HU,Durum wheat,frost,-0.00329342351371005
HadGEM3-GC3-1LL,-8.5,-8.3848,12,HU,Durum wheat,frost,0.00155393136969661
HadGEM3-GC3-1LL,-7.5,-7.5599,19,HU,Durum wheat,frost,0.000434684355945441
HadGEM3-GC3-1LL,-6.5,-6.5442,24,HU,Durum wheat,frost,0.00123922599979001
HadGEM3-GC3-1LL,-5.5,-5.5797,10,HU,Durum wheat,frost,0.000817586770284858
HadGEM3-GC3-1LL,-4.5,-4.5263,6,HU,Durum wheat,frost,0.0010106803073174
HadGEM3-GC3-1LL,-3.5,-3.7835,7,HU,Durum wheat,frost,0.00134442392296152
HadGEM3-GC3-1LL,-2.5,-2.4504,6,HU,Durum wheat,frost,-0.00182619121678295
HadGEM3-GC3-1LL,-1.5,-1.3098,8,HU,Durum wheat,frost,0.000737477792328656
HadGEM3-GC3-1LL,-0.5,-0.331,6,HU,Durum wheat,frost,0.000459010080872907
HadGEM3-GC3-1MM,-14.5,-14.3032,4,HU,Durum wheat,frost,0.00194394640476092
HadGEM3-GC3-1MM,-13.5,-13.3931,8,HU,Durum wheat,frost,0.00140787806036145
HadGEM3-GC3-1MM,-12.5,-12.588,13,HU,Durum wheat,frost,0.000650144571966499
HadGEM3-GC3-1MM,-11.5,-11.5321,21,HU,Durum wheat,frost,0.00223141055000994
HadGEM3-GC3-1MM,-10.5,-10.4803,10,HU,Durum wheat,frost,0.000370494256618521
HadGEM3-GC3-1MM,-9.5,-9.6161,7,HU,Durum wheat,frost,0.000935291144178037
HadGEM3-GC3-1MM,-8.5,-8.6582,7,HU,Durum wheat,frost,0.00139126087665015
HadGEM3-GC3-1MM,-7.5,-7.6345,8,HU,Durum wheat,frost,-0.00168562221075753
HadGEM3-GC3-1MM,-6.5,-6.4299,4,HU,Durum wheat,frost,0.000175772336135484
HadGEM3-GC3-1MM,-5.5,-5.3528,4,HU,Durum wheat,frost,-0.0032850500318638
HadGEM3-GC3-1MM,-4.5,-4.3969,4,HU,Durum wheat,frost,0.000337768749617719
IPSL-CM6A-LR,-9.5,-9.3401,5,HU,Durum wheat,frost,0.000913227486962742
IPSL-CM6A-LR,-8.5,-8.4598,8,HU,Durum wheat,frost,0.00250962859744913
IPSL-CM6A-LR,-7.5,-7.5255,19,HU,Durum wheat,frost,0.0019912485686858
IPSL-CM6A-LR,-6.5,-6.5577,11,HU,Durum wheat,frost,0.00388679658568205
IPSL-CM6A-LR,-5.5,-5.5623,13,HU,Durum wheat,frost,0.00158963925100751
IPSL-CM6A-LR,-4.5,-4.3507,11,HU,Durum wheat,frost,-0.000633759235143896
IPSL-CM6A-LR,-3.5,-3.4644,8,HU,Durum wheat,frost,-0.000729151080439659
IPSL-CM6A-LR,-2.5,-2.5669,9,HU,Durum wheat,frost,0.00130883068444935
IPSL-CM6A-LR,-1.5,-1.2909,6,HU,Durum wheat,frost,0.0011511800531508
IPSL-CM6A-LR,-0.5,-0.6347,8,HU,Durum wheat,frost,0.000265637791893434
EC-Earth3,-9.5,-9.1554,4,IT,Durum wheat,frost,-0.000475202070943972
EC-Earth3,-8.5,-8.4726,15,IT,Durum wheat,frost,0.000189499272087936
EC-Earth3,-7.5,-7.5562,20,IT,Durum wheat,frost,-3.41963422432813e-05
EC-Earth3,-6.5,-6.4767,21,IT,Durum wheat,frost,6.56277536521578e-05
EC-Earth3,-5.5,-5.3342,8,IT,Durum wheat,frost,-3.18537940408075e-05
EC-Earth3,-4.5,-4.5495,8,IT,Durum wheat,frost,0.000101758706667287
EC-Earth3,-3.5,-3.3459,9,IT,Durum wheat,frost,7.81152203661699e-05
EC-Earth3,-2.5,-2.4493,5,IT,Durum wheat,frost,0.000247820032149697
EC-Earth3,-1.5,-1.3807,6,IT,Durum wheat,frost,9.16309328876765e-05
EC-Earth3,-0.5,-0.6596,3,IT,Durum wheat,frost,-0.000313390492368997
HadGEM3-GC3-1LL,-8.5,-8.3848,12,IT,Durum wheat,frost,0.000170592220039207
HadGEM3-GC3-1LL,-7.5,-7.5599,19,IT,Durum wheat,frost,7.86393334667293e-05
HadGEM3-GC3-1LL,-6.5,-6.5442,24,IT,Durum wheat,frost,3.32899247054381e-05
HadGEM3-GC3-1LL,-5.5,-5.5797,10,IT,Durum wheat,frost,0.000108018804395351
HadGEM3-GC3-1LL,-4.5,-4.5263,6,IT,Durum wheat,frost,0.000163806356664555
HadGEM3-GC3-1LL,-3.5,-3.7835,7,IT,Durum wheat,frost,0.000164509090652201
HadGEM3-GC3-1LL,-2.5,-2.4504,6,IT,Durum wheat,frost,-0.000387927477116394
HadGEM3-GC3-1LL,-1.5,-1.3098,8,IT,Durum wheat,frost,0.000120958183989028
HadGEM3-GC3-1LL,-0.5,-0.331,6,IT,Durum wheat,frost,-3.98557461864799e-07
HadGEM3-GC3-1MM,-14.5,-14.3032,4,IT,Durum wheat,frost,6.42543480769825e-05
HadGEM3-GC3-1MM,-13.5,-13.3931,8,IT,Durum wheat,frost,0.000117836509969541
HadGEM3-GC3-1MM,-12.5,-12.588,13,IT,Durum wheat,frost,-0.00014531929434643
HadGEM3-GC3-1MM,-11.5,-11.5321,21,IT,Durum wheat,frost,0.000186890708522662
HadGEM3-GC3-1MM,-10.5,-10.4803,10,IT,Durum wheat,frost,-6.22046478895294e-05
HadGEM3-GC3-1MM,-9.5,-9.6161,7,IT,Durum wheat,frost,3.8697514142902e-05
HadGEM3-GC3-1MM,-8.5,-8.6582,7,IT,Durum wheat,frost,2.6600011335002e-05
HadGEM3-GC3-1MM,-7.5,-7.6345,8,IT,Durum wheat,frost,-0.000243391813286765
HadGEM3-GC3-1MM,-6.5,-6.4299,4,IT,Durum wheat,frost,-8.82589870235053e-05
HadGEM3-GC3-1MM,-5.5,-5.3528,4,IT,Durum wheat,frost,-0.000336713116037025
HadGEM3-GC3-1MM,-4.5,-4.3969,4,IT,Durum wheat,frost,0.000141849802525302
IPSL-CM6A-LR,-9.5,-9.3401,5,IT,Durum wheat,frost,-0.000216946582341138
IPSL-CM6A-LR,-8.5,-8.4598,8,IT,Durum wheat,frost,0.000264117438699085
IPSL-CM6A-LR,-7.5,-7.5255,19,IT,Durum wheat,frost,0.000180545879669499
IPSL-CM6A-LR,-6.5,-6.5577,11,IT,Durum wheat,frost,0.000327471955744698
IPSL-CM6A-LR,-5.5,-5.5623,13,IT,Durum wheat,frost,0.000166359883774689
IPSL-CM6A-LR,-4.5,-4.3507,11,IT,Durum wheat,frost,-0.000161244616200881
IPSL-CM6A-LR,-3.5,-3.4644,8,IT,Durum wheat,frost,1.14646106204263e-06
IPSL-CM6A-LR,-2.5,-2.5669,9,IT,Durum wheat,frost,0.000184227197645435
IPSL-CM6A-LR,-1.5,-1.2909,6,IT,Durum wheat,frost,-5.76363317610165e-05
IPSL-CM6A-LR,-0.5,-0.6347,8,IT,Durum wheat,frost,7.39168209167243e-05
EC-Earth3,-9.5,-9.1554,4,RO,Durum wheat,frost,-0.00106114035104558
EC-Earth3,-8.5,-8.4726,15,RO,Durum wheat,frost,0.00307000959557722
EC-Earth3,-7.5,-7.5562,20,RO,Durum wheat,frost,0.000653589423250616
EC-Earth3,-6.5,-6.4767,21,RO,Durum wheat,frost,0.000608234065882298
EC-Earth3,-5.5,-5.3342,8,RO,Durum wheat,frost,0.000171241967064304
EC-Earth3,-4.5,-4.5495,8,RO,Durum wheat,frost,0.00174030460823924
EC-Earth3,-3.5,-3.3459,9,RO,Durum wheat,frost,0.00067128975170353
EC-Earth3,-2.5,-2.4493,5,RO,Durum wheat,frost,0.0026881935645992
EC-Earth3,-1.5,-1.3807,6,RO,Durum wheat,frost,0.00195958004609978
EC-Earth3,-0.5,-0.6596,3,RO,Durum wheat,frost,-0.00333659652538996
HadGEM3-GC3-1LL,-8.5,-8.3848,12,RO,Durum wheat,frost,0.00213980819635315
HadGEM3-GC3-1LL,-7.5,-7.5599,19,RO,Durum wheat,frost,0.00108754001535848
HadGEM3-GC3-1LL,-6.5,-6.5442,24,RO,Durum wheat,frost,0.00149939225567783
HadGEM3-GC3-1LL,-5.5,-5.5797,10,RO,Durum wheat,frost,0.00128421260826049
HadGEM3-GC3-1LL,-4.5,-4.5263,6,RO,Durum wheat,frost,0.00074345354179733
HadGEM3-GC3-1LL,-3.5,-3.7835,7,RO,Durum wheat,frost,0.00182353063669625
HadGEM3-GC3-1LL,-2.5,-2.4504,6,RO,Durum wheat,frost,-0.000625233071189278
HadGEM3-GC3-1LL,-1.5,-1.3098,8,RO,Durum wheat,frost,0.000438655813309401
HadGEM3-GC3-1LL,-0.5,-0.331,6,RO,Durum wheat,frost,0.000971693916821987
HadGEM3-GC3-1MM,-14.5,-14.3032,4,RO,Durum wheat,frost,0.00271346150216159
HadGEM3-GC3-1MM,-13.5,-13.3931,8,RO,Durum wheat,frost,0.00178723647350797
HadGEM3-GC3-1MM,-12.5,-12.588,13,RO,Durum wheat,frost,0.00113456896531592
HadGEM3-GC3-1MM,-11.5,-11.5321,21,RO,Durum wheat,frost,0.00265701663510827
HadGEM3-GC3-1MM,-10.5,-10.4803,10,RO,Durum wheat,frost,0.000583532818679674
HadGEM3-GC3-1MM,-9.5,-9.6161,7,RO,Durum wheat,frost,0.00101802019136365
HadGEM3-GC3-1MM,-8.5,-8.6582,7,RO,Durum wheat,frost,0.00254745487588705
HadGEM3-GC3-1MM,-7.5,-7.6345,8,RO,Durum wheat,frost,-0.000343361822153844
HadGEM3-GC3-1MM,-6.5,-6.4299,4,RO,Durum wheat,frost,0.000771359111636283
HadGEM3-GC3-1MM,-5.5,-5.3528,4,RO,Durum wheat,frost,-0.00366472032000249
HadGEM3-GC3-1MM,-4.5,-4.3969,4,RO,Durum wheat,frost,0.00153282297449943
IPSL-CM6A-LR,-9.5,-9.3401,5,RO,Durum wheat,frost,4.71071732345454e-05
IPSL-CM6A-LR,-8.5,-8.4598,8,RO,Durum wheat,frost,0.00289468998457839
IPSL-CM6A-LR,-7.5,-7.5255,19,RO,Durum wheat,frost,0.00311676451619346
IPSL-CM6A-LR,-6.5,-6.5577,11,RO,Durum wheat,frost,0.00488756419803102
IPSL-CM6A-LR,-5.5,-5.5623,13,RO,Durum wheat,frost,0.00233727003330484
IPSL-CM6A-LR,-4.5,-4.3507,11,RO,Durum wheat,frost,-1.61203742601797e-05
IPSL-CM6A-LR,-3.5,-3.4644,8,RO,Durum wheat,frost,-0.00046539976234934
IPSL-CM6A-LR,-2.5,-2.5669,9,RO,Durum wheat,frost,0.00172822247978585
IPSL-CM6A-LR,-1.5,-1.2909,6,RO,Durum wheat,frost,0.00178205881003339
IPSL-CM6A-LR,-0.5,-0.6347,8,RO,Durum wheat,frost,0.000886047158720176
EC-Earth3,-9.5,-9.1554,4,SK,Durum wheat,frost,-0.00137710305964732
EC-Earth3,-8.5,-8.4726,15,SK,Durum wheat,frost,0.00374259767972859
EC-Earth3,-7.5,-7.5562,20,SK,Durum wheat,frost,9.99275350799167e-05
EC-Earth3,-6.5,-6.4767,21,SK,Durum wheat,frost,0.00125012306038391
EC-Earth3,-5.5,-5.3342,8,SK,Durum wheat,frost,0.000509790302303392
EC-Earth3,-4.5,-4.5495,8,SK,Durum wheat,frost,0.000753041792856224
EC-Earth3,-3.5,-3.3459,9,SK,Durum wheat,frost,0.00092273536843246
EC-Earth3,-2.5,-2.4493,5,SK,Durum wheat,frost,0.00156450446448817
EC-Earth3,-1.5,-1.3807,6,SK,Durum wheat,frost,0.00241997482804871
EC-Earth3,-0.5,-0.6596,3,SK,Durum wheat,frost,-0.00515916797928665
HadGEM3-GC3-1LL,-8.5,-8.3848,12,SK,Durum wheat,frost,0.00221430629141047
HadGEM3-GC3-1LL,-7.5,-7.5599,19,SK,Durum wheat,frost,0.00124284854751515
HadGEM3-GC3-1LL,-6.5,-6.5442,24,SK,Durum wheat,frost,0.00226476976197393
HadGEM3-GC3-1LL,-5.5,-5.5797,10,SK,Durum wheat,frost,0.0012516792470989
HadGEM3-GC3-1LL,-4.5,-4.5263,6,SK,Durum wheat,frost,0.000980754767837961
HadGEM3-GC3-1LL,-3.5,-3.7835,7,SK,Durum wheat,frost,0.0019665486494153
HadGEM3-GC3-1LL,-2.5,-2.4504,6,SK,Durum wheat,frost,-0.0018302975133477
HadGEM3-GC3-1LL,-1.5,-1.3098,8,SK,Durum wheat,frost,0.000274336171992731
HadGEM3-GC3-1LL,-0.5,-0.331,6,SK,Durum wheat,frost,0.000899097730958257
HadGEM3-GC3-1MM,-14.5,-14.3032,4,SK,Durum wheat,frost,0.00292224705132007
HadGEM3-GC3-1MM,-13.5,-13.3931,8,SK,Durum wheat,frost,0.00230755162770002
HadGEM3-GC3-1MM,-12.5,-12.588,13,SK,Durum wheat,frost,0.000771417601933123
HadGEM3-GC3-1MM,-11.5,-11.5321,21,SK,Durum wheat,frost,0.00290759624354563
HadGEM3-GC3-1MM,-10.5,-10.4803,10,SK,Durum wheat,frost,0.00140669389509636
HadGEM3-GC3-1MM,-9.5,-9.6161,7,SK,Durum wheat,frost,0.00182385364746532
HadGEM3-GC3-1MM,-8.5,-8.6582,7,SK,Durum wheat,frost,0.0017758171368631
HadGEM3-GC3-1MM,-7.5,-7.6345,8,SK,Durum wheat,frost,-0.0014490994017955
HadGEM3-GC3-1MM,-6.5,-6.4299,4,SK,Durum wheat,frost,-0.000597871452797389
HadGEM3-GC3-1MM,-5.5,-5.3528,4,SK,Durum wheat,frost,-0.00349111975141668
HadGEM3-GC3-1MM,-4.5,-4.3969,4,SK,Durum wheat,frost,0.00102229329122299
IPSL-CM6A-LR,-9.5,-9.3401,5,SK,Durum wheat,frost,0.00316731149511835
IPSL-CM6A-LR,-8.5,-8.4598,8,SK,Durum wheat,frost,0.0035126481730247
IPSL-CM6A-LR,-7.5,-7.5255,19,SK,Durum wheat,frost,0.00282408503278692
IPSL-CM6A-LR,-6.5,-6.5577,11,SK,Durum wheat,frost,0.00518322827599694
IPSL-CM6A-LR,-5.5,-5.5623,13,SK,Durum wheat,frost,0.00247470474802802
IPSL-CM6A-LR,-4.5,-4.3507,11,SK,Durum wheat,frost,-1.36209654862337e-05
IPSL-CM6A-LR,-3.5,-3.4644,8,SK,Durum wheat,frost,-0.000980222485882728
IPSL-CM6A-LR,-2.5,-2.5669,9,SK,Durum wheat,frost,0.00204604964247184
IPSL-CM6A-LR,-1.5,-1.2909,6,SK,Durum wheat,frost,0.00222740216124841
IPSL-CM6A-LR,-0.5,-0.6347,8,SK,Durum wheat,frost,-0.000814626463540707
EC-Earth3,-9.5,-9.1554,4,CZ,Spring barley,frost,0.000760046252343517
EC-Earth3,-8.5,-8.4726,15,CZ,Spring barley,frost,-0.00560895931388213
EC-Earth3,-7.5,-7.5562,20,CZ,Spring barley,frost,-0.00106851904462411
EC-Earth3,-6.5,-6.4767,21,CZ,Spring barley,frost,-0.00193996444230543
EC-Earth3,-5.5,-5.3342,8,CZ,Spring barley,frost,-0.00225564726732426
EC-Earth3,-4.5,-4.5495,8,CZ,Spring barley,frost,-0.00102885635113364
EC-Earth3,-3.5,-3.3459,9,CZ,Spring barley,frost,-0.00205248820821945
EC-Earth3,-2.5,-2.4493,5,CZ,Spring barley,frost,-0.00129959201121777
EC-Earth3,-1.5,-1.3807,6,CZ,Spring barley,frost,-0.00331423107987324
EC-Earth3,-0.5,-0.6596,3,CZ,Spring barley,frost,0.00183860107451123
HadGEM3-GC3-1LL,-8.5,-8.3848,12,CZ,Spring barley,frost,-0.0031749850939037
HadGEM3-GC3-1LL,-7.5,-7.5599,19,CZ,Spring barley,frost,-0.000353977094767199
HadGEM3-GC3-1LL,-6.5,-6.5442,24,CZ,Spring barley,frost,-0.00333833035880006
HadGEM3-GC3-1LL,-5.5,-5.5797,10,CZ,Spring barley,frost,-0.0022221577061119
HadGEM3-GC3-1LL,-4.5,-4.5263,6,CZ,Spring barley,frost,-0.00115588539325096
HadGEM3-GC3-1LL,-3.5,-3.7835,7,CZ,Spring barley,frost,-0.0028022296311947
HadGEM3-GC3-1LL,-2.5,-2.4504,6,CZ,Spring barley,frost,0.0040635987035956
HadGEM3-GC3-1LL,-1.5,-1.3098,8,CZ,Spring barley,frost,0.00109016340762547
HadGEM3-GC3-1LL,-0.5,-0.331,6,CZ,Spring barley,frost,-0.00131169089380813
HadGEM3-GC3-1MM,-14.5,-14.3032,4,CZ,Spring barley,frost,-0.000189943560841662
HadGEM3-GC3-1MM,-13.5,-13.3931,8,CZ,Spring barley,frost,0.00184184257566281
HadGEM3-GC3-1MM,-12.5,-12.588,13,CZ,Spring barley,frost,0.00151683072497333
HadGEM3-GC3-1MM,-11.5,-11.5321,21,CZ,Spring barley,frost,-0.00100940154955402
HadGEM3-GC3-1MM,-10.5,-10.4803,10,CZ,Spring barley,frost,0.00146948972371861
HadGEM3-GC3-1MM,-9.5,-9.6161,7,CZ,Spring barley,frost,-0.00314136211175168
HadGEM3-GC3-1MM,-8.5,-8.6582,7,CZ,Spring barley,frost,-0.00182025745166058
HadGEM3-GC3-1MM,-7.5,-7.6345,8,CZ,Spring barley,frost,0.000346892051902725
HadGEM3-GC3-1MM,-6.5,-6.4299,4,CZ,Spring barley,frost,0.000589543368294371
HadGEM3-GC3-1MM,-5.5,-5.3528,4,CZ,Spring barley,frost,0.0031185459273089
HadGEM3-GC3-1MM,-4.5,-4.3969,4,CZ,Spring barley,frost,-0.00193567520321404
IPSL-CM6A-LR,-9.5,-9.3401,5,CZ,Spring barley,frost,-0.00495285236264734
IPSL-CM6A-LR,-8.5,-8.4598,8,CZ,Spring barley,frost,-0.00372601401281281
IPSL-CM6A-LR,-7.5,-7.5255,19,CZ,Spring barley,frost,-0.00407374969167229
IPSL-CM6A-LR,-6.5,-6.5577,11,CZ,Spring barley,frost,-0.00602387983087775
IPSL-CM6A-LR,-5.5,-5.5623,13,CZ,Spring barley,frost,-0.00315022496224646
IPSL-CM6A-LR,-4.5,-4.3507,11,CZ,Spring barley,frost,0.000801913648961072
IPSL-CM6A-LR,-3.5,-3.4644,8,CZ,Spring barley,frost,0.000272574975232819
IPSL-CM6A-LR,-2.5,-2.5669,9,CZ,Spring barley,frost,-0.001657081345107
IPSL-CM6A-LR,-1.5,-1.2909,6,CZ,Spring barley,frost,-0.00304504645111528
IPSL-CM6A-LR,-0.5,-0.6347,8,CZ,Spring barley,frost,0.000279788671117379
EC-Earth3,-9.5,-9.1554,4,DE,Spring barley,frost,0.000542166418640169
EC-Earth3,-8.5,-8.4726,15,DE,Spring barley,frost,-0.00512946489441421
EC-Earth3,-7.5,-7.5562,20,DE,Spring barley,frost,-0.00157881108104869
EC-Earth3,-6.5,-6.4767,21,DE,Spring barley,frost,-0.00147674157947304
EC-Earth3,-5.5,-5.3342,8,DE,Spring barley,frost,-0.00187515203858787
EC-Earth3,-4.5,-4.5495,8,DE,Spring barley,frost,-0.00144832908852615
EC-Earth3,-3.5,-3.3459,9,DE,Spring barley,frost,-0.00240628588500079
EC-Earth3,-2.5,-2.4493,5,DE,Spring barley,frost,-0.00129387812253403
EC-Earth3,-1.5,-1.3807,6,DE,Spring barley,frost,-0.00332841802047923
EC-Earth3,-0.5,-0.6596,3,DE,Spring barley,frost,9.07358720628182e-05
HadGEM3-GC3-1LL,-8.5,-8.3848,12,DE,Spring barley,frost,-0.00198992129872369
HadGEM3-GC3-1LL,-7.5,-7.5599,19,DE,Spring barley,frost,-0.000196843965127572
HadGEM3-GC3-1LL,-6.5,-6.5442,24,DE,Spring barley,frost,-0.00243964593950693
HadGEM3-GC3-1LL,-5.5,-5.5797,10,DE,Spring barley,frost,-0.00147081325459156
HadGEM3-GC3-1LL,-4.5,-4.5263,6,DE,Spring barley,frost,-0.00131870616930037
HadGEM3-GC3-1LL,-3.5,-3.7835,7,DE,Spring barley,frost,-0.00227849182816201
HadGEM3-GC3-1LL,-2.5,-2.4504,6,DE,Spring barley,frost,0.00435336140202056
HadGEM3-GC3-1LL,-1.5,-1.3098,8,DE,Spring barley,frost,0.0019882902518232
HadGEM3-GC3-1LL,-0.5,-0.331,6,DE,Spring barley,frost,-0.000106977895267955
HadGEM3-GC3-1MM,-14.5,-14.3032,4,DE,Spring barley,frost,0.010377213555355
HadGEM3-GC3-1MM,-13.5,-13.3931,8,DE,Spring barley,frost,0.0144747160631285
HadGEM3-GC3-1MM,-12.5,-12.588,13,DE,Spring barley,frost,0.00833776398198611
HadGEM3-GC3-1MM,-11.5,-11.5321,21,DE,Spring barley,frost,0.00477934582497854
HadGEM3-GC3-1MM,-10.5,-10.4803,10,DE,Spring barley,frost,0.00392387046644604
HadGEM3-GC3-1MM,-9.5,-9.6161,7,DE,Spring barley,frost,-0.00229616037491591
HadGEM3-GC3-1MM,-8.5,-8.6582,7,DE,Spring barley,frost,-0.000191954163131448
HadGEM3-GC3-1MM,-7.5,-7.6345,8,DE,Spring barley,frost,4.10034364435384e-05
HadGEM3-GC3-1MM,-6.5,-6.4299,4,DE,Spring barley,frost,0.000251941804537366
HadGEM3-GC3-1MM,-5.5,-5.3528,4,DE,Spring barley,frost,0.00255299045431389
HadGEM3-GC3-1MM,-4.5,-4.3969,4,DE,Spring barley,frost,-0.00155316789989008
IPSL-CM6A-LR,-9.5,-9.3401,5,DE,Spring barley,frost,-0.00417323999212922
IPSL-CM6A-LR,-8.5,-8.4598,8,DE,Spring barley,frost,-0.00307063767735887
IPSL-CM6A-LR,-7.5,-7.5255,19,DE,Spring barley,frost,-0.00314776425942778
IPSL-CM6A-LR,-6.5,-6.5577,11,DE,Spring barley,frost,-0.00496952597515067
IPSL-CM6A-LR,-5.5,-5.5623,13,DE,Spring barley,frost,-0.00296038242626164
IPSL-CM6A-LR,-4.5,-4.3507,11,DE,Spring barley,frost,0.000281526509013861
IPSL-CM6A-LR,-3.5,-3.4644,8,DE,Spring barley,frost,-0.000536864912089368
IPSL-CM6A-LR,-2.5,-2.5669,9,DE,Spring barley,frost,-0.00207796248316293
IPSL-CM6A-LR,-1.5,-1.2909,6,DE,Spring barley,frost,-0.00213793828918391
IPSL-CM6A-LR,-0.5,-0.6347,8,DE,Spring barley,frost,0.00058951229334406
EC-Earth3,-9.5,-9.1554,4,DK,Spring barley,frost,-0.00175612221606713
EC-Earth3,-8.5,-8.4726,15,DK,Spring barley,frost,-0.00315701843768316
EC-Earth3,-7.5,-7.5562,20,DK,Spring barley,frost,-0.00293411217448702
EC-Earth3,-6.5,-6.4767,21,DK,Spring barley,frost,-0.0024926886040114
EC-Earth3,-5.5,-5.3342,8,DK,Spring barley,frost,-0.00254586741115123
EC-Earth3,-4.5,-4.5495,8,DK,Spring barley,frost,-0.00253112681174126
EC-Earth3,-3.5,-3.3459,9,DK,Spring barley,frost,-0.00339127427459509
EC-Earth3,-2.5,-2.4493,5,DK,Spring barley,frost,-0.00206313146375522
EC-Earth3,-1.5,-1.3807,6,DK,Spring barley,frost,-0.00204628598250778
EC-Earth3,-0.5,-0.6596,3,DK,Spring barley,frost,-9.60861252982933e-05
HadGEM3-GC3-1LL,-8.5,-8.3848,12,DK,Spring barley,frost,-0.00248871032713426
HadGEM3-GC3-1LL,-7.5,-7.5599,19,DK,Spring barley,frost,-0.00159760228681844
HadGEM3-GC3-1LL,-6.5,-6.5442,24,DK,Spring barley,frost,-0.00307173004026774
HadGEM3-GC3-1LL,-5.5,-5.5797,10,DK,Spring barley,frost,-0.00236861543780456
HadGEM3-GC3-1LL,-4.5,-4.5263,6,DK,Spring barley,frost,-0.000888333483400319
HadGEM3-GC3-1LL,-3.5,-3.7835,7,DK,Spring barley,frost,-0.00210746348145532
HadGEM3-GC3-1LL,-2.5,-2.4504,6,DK,Spring barley,frost,0.00200764565982314
HadGEM3-GC3-1LL,-1.5,-1.3098,8,DK,Spring barley,frost,0.00281362423017579
HadGEM3-GC3-1LL,-0.5,-0.331,6,DK,Spring barley,frost,-0.00069418965516072
HadGEM3-GC3-1MM,-14.5,-14.3032,4,DK,Spring barley,frost,0.0198177658387128
HadGEM3-GC3-1MM,-13.5,-13.3931,8,DK,Spring barley,frost,0.0243215657965344
HadGEM3-GC3-1MM,-12.5,-12.588,13,DK,Spring barley,frost,0.0242698122324524
HadGEM3-GC3-1MM,-11.5,-11.5321,21,DK,Spring barley,frost,0.0199644367144066
HadGEM3-GC3-1MM,-10.5,-10.4803,10,DK,Spring barley,frost,0.0170692381481524
HadGEM3-GC3-1MM,-9.5,-9.6161,7,DK,Spring barley,frost,0.000284184501472678
HadGEM3-GC3-1MM,-8.5,-8.6582,7,DK,Spring barley,frost,-0.000230258877916855
HadGEM3-GC3-1MM,-7.5,-7.6345,8,DK,Spring barley,frost,-0.00126725245045203
HadGEM3-GC3-1MM,-6.5,-6.4299,4,DK,Spring barley,frost,-0.00194111827206514
HadGEM3-GC3-1MM,-5.5,-5.3528,4,DK,Spring barley,frost,-0.00065892855541642
HadGEM3-GC3-1MM,-4.5,-4.3969,4,DK,Spring barley,frost,-0.00266441781974161
IPSL-CM6A-LR,-9.5,-9.3401,5,DK,Spring barley,frost,0.00238324251079463
IPSL-CM6A-LR,-8.5,-8.4598,8,DK,Spring barley,frost,0.00648094213512066
IPSL-CM6A-LR,-7.5,-7.5255,19,DK,Spring barley,frost,-0.00096853224828439
IPSL-CM6A-LR,-6.5,-6.5577,11,DK,Spring barley,frost,0.0020379981454179
IPSL-CM6A-LR,-5.5,-5.5623,13,DK,Spring barley,frost,-0.00338056857092081
IPSL-CM6A-LR,-4.5,-4.3507,11,DK,Spring barley,frost,-0.00253862864847784
IPSL-CM6A-LR,-3.5,-3.4644,8,DK,Spring barley,frost,-0.00278058799133788
IPSL-CM6A-LR,-2.5,-2.5669,9,DK,Spring barley,frost,-0.00286492816371375
IPSL-CM6A-LR,-1.5,-1.2909,6,DK,Spring barley,frost,-0.00319668062666929
IPSL-CM6A-LR,-0.5,-0.6347,8,DK,Spring barley,frost,0.0011344737107958
EC-Earth3,-9.5,-9.1554,4,EE,Spring barley,frost,0.000984497971993759
EC-Earth3,-8.5,-8.4726,15,EE,Spring barley,frost,-0.00197128639732386
EC-Earth3,-7.5,-7.5562,20,EE,Spring barley,frost,0.00106313201279192
EC-Earth3,-6.5,-6.4767,21,EE,Spring barley,frost,-0.0015539233860612
EC-Earth3,-5.5,-5.3342,8,EE,Spring barley,frost,-0.000629328094801604
EC-Earth3,-4.5,-4.5495,8,EE,Spring barley,frost,-1.86176640993463e-05
EC-Earth3,-3.5,-3.3459,9,EE,Spring barley,frost,-0.00122040681773437
EC-Earth3,-2.5,-2.4493,5,EE,Spring barley,frost,-0.00209887252866215
EC-Earth3,-1.5,-1.3807,6,EE,Spring barley,frost,-0.00459461842973621
EC-Earth3,-0.5,-0.6596,3,EE,Spring barley,frost,5.1134609012017e-05
HadGEM3-GC3-1LL,-8.5,-8.3848,12,EE,Spring barley,frost,-0.0020282295352017
HadGEM3-GC3-1LL,-7.5,-7.5599,19,EE,Spring barley,frost,0.000590691549322027
HadGEM3-GC3-1LL,-6.5,-6.5442,24,EE,Spring barley,frost,-0.00224260003351731
HadGEM3-GC3-1LL,-5.5,-5.5797,10,EE,Spring barley,frost,-0.00251926126111684
HadGEM3-GC3-1LL,-4.5,-4.5263,6,EE,Spring barley,frost,-0.00151643255505098
HadGEM3-GC3-1LL,-3.5,-3.7835,7,EE,Spring barley,frost,0.00224493839442569
HadGEM3-GC3-1LL,-2.5,-2.4504,6,EE,Spring barley,frost,0.00337601549005054
HadGEM3-GC3-1LL,-1.5,-1.3098,8,EE,Spring barley,frost,0.0121284801053673
HadGEM3-GC3-1LL,-0.5,-0.331,6,EE,Spring barley,frost,0.000324982448304818
HadGEM3-GC3-1MM,-14.5,-14.3032,4,EE,Spring barley,frost,0.02257235875784
HadGEM3-GC3-1MM,-13.5,-13.3931,8,EE,Spring barley,frost,0.0326006559338171
HadGEM3-GC3-1MM,-12.5,-12.588,13,EE,Spring barley,frost,0.0322675337658281
HadGEM3-GC3-1MM,-11.5,-11.5321,21,EE,Spring barley,frost,0.0242751723161712
HadGEM3-GC3-1MM,-10.5,-10.4803,10,EE,Spring barley,frost,0.02759544184573
HadGEM3-GC3-1MM,-9.5,-9.6161,7,EE,Spring barley,frost,0.00845437881226789
HadGEM3-GC3-1MM,-8.5,-8.6582,7,EE,Spring barley,frost,0.00692143567567025
HadGEM3-GC3-1MM,-7.5,-7.6345,8,EE,Spring barley,frost,0.00387893321501775
HadGEM3-GC3-1MM,-6.5,-6.4299,4,EE,Spring barley,frost,-0.00126761856901702
HadGEM3-GC3-1MM,-5.5,-5.3528,4,EE,Spring barley,frost,-0.00032176815119589
HadGEM3-GC3-1MM,-4.5,-4.3969,4,EE,Spring barley,frost,-0.00174109858795094
IPSL-CM6A-LR,-9.5,-9.3401,5,EE,Spring barley,frost,0.00692930535171364
IPSL-CM6A-LR,-8.5,-8.4598,8,EE,Spring barley,frost,0.0120122271420247
IPSL-CM6A-LR,-7.5,-7.5255,19,EE,Spring barley,frost,0.0043555685958705
IPSL-CM6A-LR,-6.5,-6.5577,11,EE,Spring barley,frost,0.00351440460064942
IPSL-CM6A-LR,-5.5,-5.5623,13,EE,Spring barley,frost,-0.00198406193429919
IPSL-CM6A-LR,-4.5,-4.3507,11,EE,Spring barley,frost,-0.00218163956063744
IPSL-CM6A-LR,-3.5,-3.4644,8,EE,Spring barley,frost,-0.00231394567803727
IPSL-CM6A-LR,-2.5,-2.5669,9,EE,Spring barley,frost,-0.00304313869475188
IPSL-CM6A-LR,-1.5,-1.2909,6,EE,Spring barley,frost,-0.00325280004556176
IPSL-CM6A-LR,-0.5,-0.6347,8,EE,Spring barley,frost,-0.00138783355606431
EC-Earth3,-9.5,-9.1554,4,ES,Spring barley,frost,-0.000706219874437983
EC-Earth3,-8.5,-8.4726,15,ES,Spring barley,frost,-0.00172550791993249
EC-Earth3,-7.5,-7.5562,20,ES,Spring barley,frost,0.000581873227064961
EC-Earth3,-6.5,-6.4767,21,ES,Spring barley,frost,-5.97809983716658e-05
EC-Earth3,-5.5,-5.3342,8,ES,Spring barley,frost,-0.000131570955762591
EC-Earth3,-4.5,-4.5495,8,ES,Spring barley,frost,-0.0012806575367612
EC-Earth3,-3.5,-3.3459,9,ES,Spring barley,frost,-0.000505239997715464
EC-Earth3,-2.5,-2.4493,5,ES,Spring barley,frost,0.000152516703533163
EC-Earth3,-1.5,-1.3807,6,ES,Spring barley,frost,-0.000211289044235826
EC-Earth3,-0.5,-0.6596,3,ES,Spring barley,frost,0.000443663071250922
HadGEM3-GC3-1LL,-8.5,-8.3848,12,ES,Spring barley,frost,-0.000142851427310741
HadGEM3-GC3-1LL,-7.5,-7.5599,19,ES,Spring barley,frost,0.00101053355619057
HadGEM3-GC3-1LL,-6.5,-6.5442,24,ES,Spring barley,frost,0.000410577992982079
HadGEM3-GC3-1LL,-5.5,-5.5797,10,ES,Spring barley,frost,0.00176873633508291
HadGEM3-GC3-1LL,-4.5,-4.5263,6,ES,Spring barley,frost,0.00133102314127454
HadGEM3-GC3-1LL,-3.5,-3.7835,7,ES,Spring barley,frost,-6.65371940240273e-05
HadGEM3-GC3-1LL,-2.5,-2.4504,6,ES,Spring barley,frost,0.00143298754973377
HadGEM3-GC3-1LL,-1.5,-1.3098,8,ES,Spring barley,frost,0.00122772751880476
HadGEM3-GC3-1LL,-0.5,-0.331,6,ES,Spring barley,frost,0.000918411132038919
HadGEM3-GC3-1MM,-14.5,-14.3032,4,ES,Spring barley,frost,0.00211159294612854
HadGEM3-GC3-1MM,-13.5,-13.3931,8,ES,Spring barley,frost,0.000656114067665072
HadGEM3-GC3-1MM,-12.5,-12.588,13,ES,Spring barley,frost,0.00207046033696941
HadGEM3-GC3-1MM,-11.5,-11.5321,21,ES,Spring barley,frost,0.00106751107940418
HadGEM3-GC3-1MM,-10.5,-10.4803,10,ES,Spring barley,frost,0.00112775279726328
HadGEM3-GC3-1MM,-9.5,-9.6161,7,ES,Spring barley,frost,0.000538490991040942
HadGEM3-GC3-1MM,-8.5,-8.6582,7,ES,Spring barley,frost,0.0013290964938431
HadGEM3-GC3-1MM,-7.5,-7.6345,8,ES,Spring barley,frost,0.00100370203719446
HadGEM3-GC3-1MM,-6.5,-6.4299,4,ES,Spring barley,frost,0.00279232391179725
HadGEM3-GC3-1MM,-5.5,-5.3528,4,ES,Spring barley,frost,0.00113044708658812
HadGEM3-GC3-1MM,-4.5,-4.3969,4,ES,Spring barley,frost,-0.000797214110694038
IPSL-CM6A-LR,-9.5,-9.3401,5,ES,Spring barley,frost,-0.000583896399909683
IPSL-CM6A-LR,-8.5,-8.4598,8,ES,Spring barley,frost,-0.000536222548819436
IPSL-CM6A-LR,-7.5,-7.5255,19,ES,Spring barley,frost,-1.28340150197379e-05
IPSL-CM6A-LR,-6.5,-6.5577,11,ES,Spring barley,frost,-0.000539972366080217
IPSL-CM6A-LR,-5.5,-5.5623,13,ES,Spring barley,frost,-0.000422198619001207
IPSL-CM6A-LR,-4.5,-4.3507,11,ES,Spring barley,frost,-7.52704345101116e-05
IPSL-CM6A-LR,-3.5,-3.4644,8,ES,Spring barley,frost,-0.00041092996384467
IPSL-CM6A-LR,-2.5,-2.5669,9,ES,Spring barley,frost,-0.000169391085590375
IPSL-CM6A-LR,-1.5,-1.2909,6,ES,Spring barley,frost,0.000327320959884814
IPSL-CM6A-LR,-0.5,-0.6347,8,ES,Spring barley,frost,-0.000622554892057777
EC-Earth3,-9.5,-9.1554,4,FI,Spring barley,frost,0.002500797041878
EC-Earth3,-8.5,-8.4726,15,FI,Spring barley,frost,3.44865256996543e-05
EC-Earth3,-7.5,-7.5562,20,FI,Spring barley,frost,-0.000315235361116996
EC-Earth3,-6.5,-6.4767,21,FI,Spring barley,frost,-0.00228463116890493
EC-Earth3,-5.5,-5.3342,8,FI,Spring barley,frost,-0.00181998312397239
EC-Earth3,-4.5,-4.5495,8,FI,Spring barley,frost,0.00171623568078801
EC-Earth3,-3.5,-3.3459,9,FI,Spring barley,frost,0.000977611179686168
EC-Earth3,-2.5,-2.4493,5,FI,Spring barley,frost,0.00257127923479548
EC-Earth3,-1.5,-1.3807,6,FI,Spring barley,frost,-0.00378786210941341
EC-Earth3,-0.5,-0.6596,3,FI,Spring barley,frost,-0.000660794613438256
HadGEM3-GC3-1LL,-8.5,-8.3848,12,FI,Spring barley,frost,-0.000930550909124101
HadGEM3-GC3-1LL,-7.5,-7.5599,19,FI,Spring barley,frost,0.000134561722762443
HadGEM3-GC3-1LL,-6.5,-6.5442,24,FI,Spring barley,frost,-0.0013610660165447
HadGEM3-GC3-1LL,-5.5,-5.5797,10,FI,Spring barley,frost,-0.00159692319283114
HadGEM3-GC3-1LL,-4.5,-4.5263,6,FI,Spring barley,frost,-0.00131933213498062
HadGEM3-GC3-1LL,-3.5,-3.7835,7,FI,Spring barley,frost,0.00399591232353009
HadGEM3-GC3-1LL,-2.5,-2.4504,6,FI,Spring barley,frost,0.00493324104771437
HadGEM3-GC3-1LL,-1.5,-1.3098,8,FI,Spring barley,frost,0.01394873865935
HadGEM3-GC3-1LL,-0.5,-0.331,6,FI,Spring barley,frost,0.000651132517767052
HadGEM3-GC3-1MM,-14.5,-14.3032,4,FI,Spring barley,frost,0.0388383511730299
HadGEM3-GC3-1MM,-13.5,-13.3931,8,FI,Spring barley,frost,0.0439291647468384
HadGEM3-GC3-1MM,-12.5,-12.588,13,FI,Spring barley,frost,0.0420860563943766
HadGEM3-GC3-1MM,-11.5,-11.5321,21,FI,Spring barley,frost,0.0386031734355177
HadGEM3-GC3-1MM,-10.5,-10.4803,10,FI,Spring barley,frost,0.037631325529369
HadGEM3-GC3-1MM,-9.5,-9.6161,7,FI,Spring barley,frost,0.0216499389172745
HadGEM3-GC3-1MM,-8.5,-8.6582,7,FI,Spring barley,frost,0.0209455076996694
HadGEM3-GC3-1MM,-7.5,-7.6345,8,FI,Spring barley,frost,0.0103429736717532
HadGEM3-GC3-1MM,-6.5,-6.4299,4,FI,Spring barley,frost,0.000881442167997353
HadGEM3-GC3-1MM,-5.5,-5.3528,4,FI,Spring barley,frost,-0.000167812952145753
HadGEM3-GC3-1MM,-4.5,-4.3969,4,FI,Spring barley,frost,-0.00035763683702678
IPSL-CM6A-LR,-9.5,-9.3401,5,FI,Spring barley,frost,0.0124057131267236
IPSL-CM6A-LR,-8.5,-8.4598,8,FI,Spring barley,frost,0.0199207644756316
IPSL-CM6A-LR,-7.5,-7.5255,19,FI,Spring barley,frost,0.013268946331878
IPSL-CM6A-LR,-6.5,-6.5577,11,FI,Spring barley,frost,0.00986502096711444
IPSL-CM6A-LR,-5.5,-5.5623,13,FI,Spring barley,frost,-0.000528055188851552
IPSL-CM6A-LR,-4.5,-4.3507,11,FI,Spring barley,frost,-0.00125243221223846
IPSL-CM6A-LR,-3.5,-3.4644,8,FI,Spring barley,frost,-0.00292244208480255
IPSL-CM6A-LR,-2.5,-2.5669,9,FI,Spring barley,frost,-0.00275805373410365
IPSL-CM6A-LR,-1.5,-1.2909,6,FI,Spring barley,frost,-0.00312242571840339
IPSL-CM6A-LR,-0.5,-0.6347,8,FI,Spring barley,frost,0.000443537610792249
EC-Earth3,-9.5,-9.1554,4,FR,Spring barley,frost,0.000235339751610419
EC-Earth3,-8.5,-8.4726,15,FR,Spring barley,frost,-0.00329283209326856
EC-Earth3,-7.5,-7.5562,20,FR,Spring barley,frost,-0.000570819985015524
EC-Earth3,-6.5,-6.4767,21,FR,Spring barley,frost,-0.000459174700340138
EC-Earth3,-5.5,-5.3342,8,FR,Spring barley,frost,-0.000802477515865834
EC-Earth3,-4.5,-4.5495,8,FR,Spring barley,frost,-0.0011025854230629
EC-Earth3,-3.5,-3.3459,9,FR,Spring barley,frost,-0.0010727355778506
EC-Earth3,-2.5,-2.4493,5,FR,Spring barley,frost,-0.000721001692390767
EC-Earth3,-1.5,-1.3807,6,FR,Spring barley,frost,-0.00161939273452764
EC-Earth3,-0.5,-0.6596,3,FR,Spring barley,frost,4.24314239222424e-05
HadGEM3-GC3-1LL,-8.5,-8.3848,12,FR,Spring barley,frost,-0.00077446161510488
HadGEM3-GC3-1LL,-7.5,-7.5599,19,FR,Spring barley,frost,0.000299639662329836
HadGEM3-GC3-1LL,-6.5,-6.5442,24,FR,Spring barley,frost,-0.000764988597734333
HadGEM3-GC3-1LL,-5.5,-5.5797,10,FR,Spring barley,frost,-2.804579920389e-05
HadGEM3-GC3-1LL,-4.5,-4.5263,6,FR,Spring barley,frost,-0.000822882944848082
HadGEM3-GC3-1LL,-3.5,-3.7835,7,FR,Spring barley,frost,-0.00087826329838417
HadGEM3-GC3-1LL,-2.5,-2.4504,6,FR,Spring barley,frost,0.00325709269656561
HadGEM3-GC3-1LL,-1.5,-1.3098,8,FR,Spring barley,frost,0.00129050288478165
HadGEM3-GC3-1LL,-0.5,-0.331,6,FR,Spring barley,frost,0.000814322070031702
HadGEM3-GC3-1MM,-14.5,-14.3032,4,FR,Spring barley,frost,0.0112558571192356
HadGEM3-GC3-1MM,-13.5,-13.3931,8,FR,Spring barley,frost,0.0100522596386665
HadGEM3-GC3-1MM,-12.5,-12.588,13,FR,Spring barley,frost,0.00430915567125374
HadGEM3-GC3-1MM,-11.5,-11.5321,21,FR,Spring barley,frost,0.00225912786596713
HadGEM3-GC3-1MM,-10.5,-10.4803,10,FR,Spring barley,frost,0.000168801179271898
HadGEM3-GC3-1MM,-9.5,-9.6161,7,FR,Spring barley,frost,-0.000959243461779121
HadGEM3-GC3-1MM,-8.5,-8.6582,7,FR,Spring barley,frost,0.00131290685634151
HadGEM3-GC3-1MM,-7.5,-7.6345,8,FR,Spring barley,frost,0.000157727077702613
HadGEM3-GC3-1MM,-6.5,-6.4299,4,FR,Spring barley,frost,0.000287073094494673
HadGEM3-GC3-1MM,-5.5,-5.3528,4,FR,Spring barley,frost,0.00235571167316623
HadGEM3-GC3-1MM,-4.5,-4.3969,4,FR,Spring barley,frost,-0.000477395420714011
IPSL-CM6A-LR,-9.5,-9.3401,5,FR,Spring barley,frost,-0.00286250313959168
IPSL-CM6A-LR,-8.5,-8.4598,8,FR,Spring barley,frost,-0.00198801821907
IPSL-CM6A-LR,-7.5,-7.5255,19,FR,Spring barley,frost,-0.00140117697876355
IPSL-CM6A-LR,-6.5,-6.5577,11,FR,Spring barley,frost,-0.00309349020759755
IPSL-CM6A-LR,-5.5,-5.5623,13,FR,Spring barley,frost,-0.00117792745985779
IPSL-CM6A-LR,-4.5,-4.3507,11,FR,Spring barley,frost,-4.93386609234695e-05
IPSL-CM6A-LR,-3.5,-3.4644,8,FR,Spring barley,frost,-0.00010206544923376
IPSL-CM6A-LR,-2.5,-2.5669,9,FR,Spring barley,frost,-0.00148500900566499
IPSL-CM6A-LR,-1.5,-1.2909,6,FR,Spring barley,frost,0.000408829815043942
IPSL-CM6A-LR,-0.5,-0.6347,8,FR,Spring barley,frost,0.000673198602231666
EC-Earth3,-9.5,-9.1554,4,HU,Spring barley,frost,0.000877709942009201
EC-Earth3,-8.5,-8.4726,15,HU,Spring barley,frost,-0.00248188184106585
EC-Earth3,-7.5,-7.5562,20,HU,Spring barley,frost,-0.000157803034375829
EC-Earth3,-6.5,-6.4767,21,HU,Spring barley,frost,-0.000675623357203228
EC-Earth3,-5.5,-5.3342,8,HU,Spring barley,frost,9.57802753115286e-05
EC-Earth3,-4.5,-4.5495,8,HU,Spring barley,frost,-0.000530455780804536
EC-Earth3,-3.5,-3.3459,9,HU,Spring barley,frost,-0.000574696817495881
EC-Earth3,-2.5,-2.4493,5,HU,Spring barley,frost,-0.00139471196247971
EC-Earth3,-1.5,-1.3807,6,HU,Spring barley,frost,-0.00140914887178083
EC-Earth3,-0.5,-0.6596,3,HU,Spring barley,frost,0.00288916331801706
HadGEM3-GC3-1LL,-8.5,-8.3848,12,HU,Spring barley,frost,-0.00145688077899461
HadGEM3-GC3-1LL,-7.5,-7.5599,19,HU,Spring barley,frost,-0.000576444943418717
HadGEM3-GC3-1LL,-6.5,-6.5442,24,HU,Spring barley,frost,-0.00116846769634005
HadGEM3-GC3-1LL,-5.5,-5.5797,10,HU,Spring barley,frost,-0.000792006318842976
HadGEM3-GC3-1LL,-4.5,-4.5263,6,HU,Spring barley,frost,-0.000876636624309086
HadGEM3-GC3-1LL,-3.5,-3.7835,7,HU,Spring barley,frost,-0.00125291326482104
HadGEM3-GC3-1LL,-2.5,-2.4504,6,HU,Spring barley,frost,0.0013993372286171
HadGEM3-GC3-1LL,-1.5,-1.3098,8,HU,Spring barley,frost,-0.000612260088947692
HadGEM3-GC3-1LL,-0.5,-0.331,6,HU,Spring barley,frost,-0.000372000333460183
HadGEM3-GC3-1MM,-14.5,-14.3032,4,HU,Spring barley,frost,-0.00184467493782352
HadGEM3-GC3-1MM,-13.5,-13.3931,8,HU,Spring barley,frost,-0.00116661112838254
HadGEM3-GC3-1MM,-12.5,-12.588,13,HU,Spring barley,frost,-0.000505537272160761
HadGEM3-GC3-1MM,-11.5,-11.5321,21,HU,Spring barley,frost,-0.00182527791019157
HadGEM3-GC3-1MM,-10.5,-10.4803,10,HU,Spring barley,frost,-0.000429430648122387
HadGEM3-GC3-1MM,-9.5,-9.6161,7,HU,Spring barley,frost,-0.000891289435426025
HadGEM3-GC3-1MM,-8.5,-8.6582,7,HU,Spring barley,frost,-0.00124341938138222
HadGEM3-GC3-1MM,-7.5,-7.6345,8,HU,Spring barley,frost,0.00142664575049033
HadGEM3-GC3-1MM,-6.5,-6.4299,4,HU,Spring barley,frost,-0.000195615876520641
HadGEM3-GC3-1MM,-5.5,-5.3528,4,HU,Spring barley,frost,0.00297639258379788
HadGEM3-GC3-1MM,-4.5,-4.3969,4,HU,Spring barley,frost,-0.000301540041125012
IPSL-CM6A-LR,-9.5,-9.3401,5,HU,Spring barley,frost,-0.00100771239028873
IPSL-CM6A-LR,-8.5,-8.4598,8,HU,Spring barley,frost,-0.00215773898413835
IPSL-CM6A-LR,-7.5,-7.5255,19,HU,Spring barley,frost,-0.00182395097133128
IPSL-CM6A-LR,-6.5,-6.5577,11,HU,Spring barley,frost,-0.00343444644888208
IPSL-CM6A-LR,-5.5,-5.5623,13,HU,Spring barley,frost,-0.00146128645869583
IPSL-CM6A-LR,-4.5,-4.3507,11,HU,Spring barley,frost,0.000403227761668953
IPSL-CM6A-LR,-3.5,-3.4644,8,HU,Spring barley,frost,0.000621514191923866
IPSL-CM6A-LR,-2.5,-2.5669,9,HU,Spring barley,frost,-0.00133131968435714
IPSL-CM6A-LR,-1.5,-1.2909,6,HU,Spring barley,frost,-0.00117961714806778
IPSL-CM6A-LR,-0.5,-0.6347,8,HU,Spring barley,frost,-0.000304479493270158
EC-Earth3,-9.5,-9.1554,4,LT,Spring barley,frost,0.00169538000337506
EC-Earth3,-8.5,-8.4726,15,LT,Spring barley,frost,-0.00312497982569582
EC-Earth3,-7.5,-7.5562,20,LT,Spring barley,frost,0.000742020973765023
EC-Earth3,-6.5,-6.4767,21,LT,Spring barley,frost,-0.00097675297064514
EC-Earth3,-5.5,-5.3342,8,LT,Spring barley,frost,-0.000454515672008503
EC-Earth3,-4.5,-4.5495,8,LT,Spring barley,frost,0.00106522541392912
EC-Earth3,-3.5,-3.3459,9,LT,Spring barley,frost,-0.00266506821751803
EC-Earth3,-2.5,-2.4493,5,LT,Spring barley,frost,-0.00374990131902071
EC-Earth3,-1.5,-1.3807,6,LT,Spring barley,frost,-0.00453797669924226
EC-Earth3,-0.5,-0.6596,3,LT,Spring barley,frost,-0.000277389279263407
HadGEM3-GC3-1LL,-8.5,-8.3848,12,LT,Spring barley,frost,-0.0030477670224858
HadGEM3-GC3-1LL,-7.5,-7.5599,19,LT,Spring barley,frost,-0.000169507238672676
HadGEM3-GC3-1LL,-6.5,-6.5442,24,LT,Spring barley,frost,-0.00368111520419994
HadGEM3-GC3-1LL,-5.5,-5.5797,10,LT,Spring barley,frost,-0.00263932763949514
HadGEM3-GC3-1LL,-4.5,-4.5263,6,LT,Spring barley,frost,-0.000666571638609641
HadGEM3-GC3-1LL,-3.5,-3.7835,7,LT,Spring barley,frost,-0.000879021582546018
HadGEM3-GC3-1LL,-2.5,-2.4504,6,LT,Spring barley,frost,0.00553645594936656
HadGEM3-GC3-1LL,-1.5,-1.3098,8,LT,Spring barley,frost,0.00616079311941393
HadGEM3-GC3-1LL,-0.5,-0.331,6,LT,Spring barley,frost,-0.00167892686222516
HadGEM3-GC3-1MM,-14.5,-14.3032,4,LT,Spring barley,frost,0.0063328638808718
HadGEM3-GC3-1MM,-13.5,-13.3931,8,LT,Spring barley,frost,0.0203779339236452
HadGEM3-GC3-1MM,-12.5,-12.588,13,LT,Spring barley,frost,0.0229975234745581
HadGEM3-GC3-1MM,-11.5,-11.5321,21,LT,Spring barley,frost,0.011282942694512
HadGEM3-GC3-1MM,-10.5,-10.4803,10,LT,Spring barley,frost,0.0187043485860952
HadGEM3-GC3-1MM,-9.5,-9.6161,7,LT,Spring barley,frost,-0.00153530210132993
HadGEM3-GC3-1MM,-8.5,-8.6582,7,LT,Spring barley,frost,-0.000740785802586777
HadGEM3-GC3-1MM,-7.5,-7.6345,8,LT,Spring barley,frost,-0.00155042813027165
HadGEM3-GC3-1MM,-6.5,-6.4299,4,LT,Spring barley,frost,-0.0014447465869571
HadGEM3-GC3-1MM,-5.5,-5.3528,4,LT,Spring barley,frost,0.00106155604372379
HadGEM3-GC3-1MM,-4.5,-4.3969,4,LT,Spring barley,frost,-0.00256152435717936
IPSL-CM6A-LR,-9.5,-9.3401,5,LT,Spring barley,frost,-0.00253586939473016
IPSL-CM6A-LR,-8.5,-8.4598,8,LT,Spring barley,frost,-0.000342486039322108
IPSL-CM6A-LR,-7.5,-7.5255,19,LT,Spring barley,frost,-0.0035830825454896
IPSL-CM6A-LR,-6.5,-6.5577,11,LT,Spring barley,frost,-0.00531172512430156
IPSL-CM6A-LR,-5.5,-5.5623,13,LT,Spring barley,frost,-0.00335070571226521
IPSL-CM6A-LR,-4.5,-4.3507,11,LT,Spring barley,frost,-0.00323457280450631
IPSL-CM6A-LR,-3.5,-3.4644,8,LT,Spring barley,frost,-0.00137208626071885
IPSL-CM6A-LR,-2.5,-2.5669,9,LT,Spring barley,frost,-0.00372085620246741
IPSL-CM6A-LR,-1.5,-1.2909,6,LT,Spring barley,frost,-0.00455747521211502
IPSL-CM6A-LR,-0.5,-0.6347,8,LT,Spring barley,frost,-0.000738983872244818
EC-Earth3,-9.5,-9.1554,4,LV,Spring barley,frost,0.00143773281804286
EC-Earth3,-8.5,-8.4726,15,LV,Spring barley,frost,-0.00233057915253599
EC-Earth3,-7.5,-7.5562,20,LV,Spring barley,frost,0.00151777160683286
EC-Earth3,-6.5,-6.4767,21,LV,Spring barley,frost,-0.000642146240901497
EC-Earth3,-5.5,-5.3342,8,LV,Spring barley,frost,-0.000510054345832521
EC-Earth3,-4.5,-4.5495,8,LV,Spring barley,frost,0.00117356032484191
EC-Earth3,-3.5,-3.3459,9,LV,Spring barley,frost,-0.00156260561458675
EC-Earth3,-2.5,-2.4493,5,LV,Spring barley,frost,-0.00270903769349619
EC-Earth3,-1.5,-1.3807,6,LV,Spring barley,frost,-0.00444685535692154
EC-Earth3,-0.5,-0.6596,3,LV,Spring barley,frost,0.000440257727202719
HadGEM3-GC3-1LL,-8.5,-8.3848,12,LV,Spring barley,frost,-0.00196666406759855
HadGEM3-GC3-1LL,-7.5,-7.5599,19,LV,Spring barley,frost,0.00018358857378723
HadGEM3-GC3-1LL,-6.5,-6.5442,24,LV,Spring barley,frost,-0.0030700670507369
HadGEM3-GC3-1LL,-5.5,-5.5797,10,LV,Spring barley,frost,-0.00230589203521721
HadGEM3-GC3-1LL,-4.5,-4.5263,6,LV,Spring barley,frost,-0.000426325462238375
HadGEM3-GC3-1LL,-3.5,-3.7835,7,LV,Spring barley,frost,0.000116976924699746
HadGEM3-GC3-1LL,-2.5,-2.4504,6,LV,Spring barley,frost,0.00469166217200349
HadGEM3-GC3-1LL,-1.5,-1.3098,8,LV,Spring barley,frost,0.00836856783429644
HadGEM3-GC3-1LL,-0.5,-0.331,6,LV,Spring barley,frost,-0.000831847097081252
HadGEM3-GC3-1MM,-14.5,-14.3032,4,LV,Spring barley,frost,0.0142020169496468
HadGEM3-GC3-1MM,-13.5,-13.3931,8,LV,Spring barley,frost,0.0280213997894565
HadGEM3-GC3-1MM,-12.5,-12.588,13,LV,Spring barley,frost,0.02901577297659
HadGEM3-GC3-1MM,-11.5,-11.5321,21,LV,Spring barley,frost,0.0178413215996156
HadGEM3-GC3-1MM,-10.5,-10.4803,10,LV,Spring barley,frost,0.0231546154039834
HadGEM3-GC3-1MM,-9.5,-9.6161,7,LV,Spring barley,frost,0.00258001352354231
HadGEM3-GC3-1MM,-8.5,-8.6582,7,LV,Spring barley,frost,0.00167912003257804
HadGEM3-GC3-1MM,-7.5,-7.6345,8,LV,Spring barley,frost,0.000418925641447791
HadGEM3-GC3-1MM,-6.5,-6.4299,4,LV,Spring barley,frost,-0.00107920334588519
HadGEM3-GC3-1MM,-5.5,-5.3528,4,LV,Spring barley,frost,0.00073661610839745
HadGEM3-GC3-1MM,-4.5,-4.3969,4,LV,Spring barley,frost,-0.00156253113704291
IPSL-CM6A-LR,-9.5,-9.3401,5,LV,Spring barley,frost,0.000165869696555901
IPSL-CM6A-LR,-8.5,-8.4598,8,LV,Spring barley,frost,0.00375207529260315
IPSL-CM6A-LR,-7.5,-7.5255,19,LV,Spring barley,frost,-0.000986779477706033
IPSL-CM6A-LR,-6.5,-6.5577,11,LV,Spring barley,frost,-0.00235739755953756
IPSL-CM6A-LR,-5.5,-5.5623,13,LV,Spring barley,frost,-0.0025007199460284
IPSL-CM6A-LR,-4.5,-4.3507,11,LV,Spring barley,frost,-0.00259642478811436
IPSL-CM6A-LR,-3.5,-3.4644,8,LV,Spring barley,frost,-0.00167128409671511
IPSL-CM6A-LR,-2.5,-2.5669,9,LV,Spring barley,frost,-0.00296291235547266
IPSL-CM6A-LR,-1.5,-1.2909,6,LV,Spring barley,frost,-0.00377860996628229
IPSL-CM6A-LR,-0.5,-0.6347,8,LV,Spring barley,frost,-0.000587474736485259
EC-Earth3,-9.5,-9.1554,4,SE,Spring barley,frost,0.00149893709036142
EC-Earth3,-8.5,-8.4726,15,SE,Spring barley,frost,-0.00187804858852963
EC-Earth3,-7.5,-7.5562,20,SE,Spring barley,frost,-0.00363423138740189
EC-Earth3,-6.5,-6.4767,21,SE,Spring barley,frost,-0.0040880691620446
EC-Earth3,-5.5,-5.3342,8,SE,Spring barley,frost,-0.00396590942674048
EC-Earth3,-4.5,-4.5495,8,SE,Spring barley,frost,-0.00107096778637475
EC-Earth3,-3.5,-3.3459,9,SE,Spring barley,frost,-0.00480448237899107
EC-Earth3,-2.5,-2.4493,5,SE,Spring barley,frost,-0.000905033241881861
EC-Earth3,-1.5,-1.3807,6,SE,Spring barley,frost,-0.00473420515133159
EC-Earth3,-0.5,-0.6596,3,SE,Spring barley,frost,-0.000571081177691408
HadGEM3-GC3-1LL,-8.5,-8.3848,12,SE,Spring barley,frost,-0.00333372106181695
HadGEM3-GC3-1LL,-7.5,-7.5599,19,SE,Spring barley,frost,-0.000586834880061404
HadGEM3-GC3-1LL,-6.5,-6.5442,24,SE,Spring barley,frost,-0.00486651911216596
HadGEM3-GC3-1LL,-5.5,-5.5797,10,SE,Spring barley,frost,-0.00438516754818279
HadGEM3-GC3-1LL,-4.5,-4.5263,6,SE,Spring barley,frost,-0.00206065590398959
HadGEM3-GC3-1LL,-3.5,-3.7835,7,SE,Spring barley,frost,-0.00141238474507784
HadGEM3-GC3-1LL,-2.5,-2.4504,6,SE,Spring barley,frost,0.0044178715132236
HadGEM3-GC3-1LL,-1.5,-1.3098,8,SE,Spring barley,frost,0.00642200472283803
HadGEM3-GC3-1LL,-0.5,-0.331,6,SE,Spring barley,frost,0.00150253362678428
HadGEM3-GC3-1MM,-14.5,-14.3032,4,SE,Spring barley,frost,0.0308817951848662
HadGEM3-GC3-1MM,-13.5,-13.3931,8,SE,Spring barley,frost,0.0335950196900007
HadGEM3-GC3-1MM,-12.5,-12.588,13,SE,Spring barley,frost,0.0326332276609946
HadGEM3-GC3-1MM,-11.5,-11.5321,21,SE,Spring barley,frost,0.0274876044805554
HadGEM3-GC3-1MM,-10.5,-10.4803,10,SE,Spring barley,frost,0.0261854551932196
HadGEM3-GC3-1MM,-9.5,-9.6161,7,SE,Spring barley,frost,0.00531584108064132
HadGEM3-GC3-1MM,-8.5,-8.6582,7,SE,Spring barley,frost,0.00594169971797398
HadGEM3-GC3-1MM,-7.5,-7.6345,8,SE,Spring barley,frost,0.00204250283216003
HadGEM3-GC3-1MM,-6.5,-6.4299,4,SE,Spring barley,frost,-0.00180231956604193
HadGEM3-GC3-1MM,-5.5,-5.3528,4,SE,Spring barley,frost,-0.00190133756383594
HadGEM3-GC3-1MM,-4.5,-4.3969,4,SE,Spring barley,frost,-0.00343081590435475
IPSL-CM6A-LR,-9.5,-9.3401,5,SE,Spring barley,frost,0.00384968182744868
IPSL-CM6A-LR,-8.5,-8.4598,8,SE,Spring barley,frost,0.0102560826879596
IPSL-CM6A-LR,-7.5,-7.5255,19,SE,Spring barley,frost,0.00287613262206247
IPSL-CM6A-LR,-6.5,-6.5577,11,SE,Spring barley,frost,0.00295029731937547
IPSL-CM6A-LR,-5.5,-5.5623,13,SE,Spring barley,frost,-0.00409219587524402
IPSL-CM6A-LR,-4.5,-4.3507,11,SE,Spring barley,frost,-0.00442004061777597
IPSL-CM6A-LR,-3.5,-3.4644,8,SE,Spring barley,frost,-0.00433947246221392
IPSL-CM6A-LR,-2.5,-2.5669,9,SE,Spring barley,frost,-0.00511163794345497
IPSL-CM6A-LR,-1.5,-1.2909,6,SE,Spring barley,frost,-0.00563430904829063
IPSL-CM6A-LR,-0.5,-0.6347,8,SE,Spring barley,frost,0.000814842633216862
EC-Earth3,-9.5,-9.1554,4,SK,Spring barley,frost,0.000987039875374956
EC-Earth3,-8.5,-8.4726,15,SK,Spring barley,frost,-0.00379653969249869
EC-Earth3,-7.5,-7.5562,20,SK,Spring barley,frost,-0.000693255714074726
EC-Earth3,-6.5,-6.4767,21,SK,Spring barley,frost,-0.00159473104624767
EC-Earth3,-5.5,-5.3342,8,SK,Spring barley,frost,-0.00095101889513248
EC-Earth3,-4.5,-4.5495,8,SK,Spring barley,frost,-0.000873566138135607
EC-Earth3,-3.5,-3.3459,9,SK,Spring barley,frost,-0.00118251681197277
EC-Earth3,-2.5,-2.4493,5,SK,Spring barley,frost,-0.00193654290702799
EC-Earth3,-1.5,-1.3807,6,SK,Spring barley,frost,-0.00263728402137878
EC-Earth3,-0.5,-0.6596,3,SK,Spring barley,frost,0.0045495837601018
HadGEM3-GC3-1LL,-8.5,-8.3848,12,SK,Spring barley,frost,-0.00239930114096731
HadGEM3-GC3-1LL,-7.5,-7.5599,19,SK,Spring barley,frost,-0.00162562895273661
HadGEM3-GC3-1LL,-6.5,-6.5442,24,SK,Spring barley,frost,-0.00269175842915192
HadGEM3-GC3-1LL,-5.5,-5.5797,10,SK,Spring barley,frost,-0.00139685354235607
HadGEM3-GC3-1LL,-4.5,-4.5263,6,SK,Spring barley,frost,-0.00137005598583005
HadGEM3-GC3-1LL,-3.5,-3.7835,7,SK,Spring barley,frost,-0.0022851433429415
HadGEM3-GC3-1LL,-2.5,-2.4504,6,SK,Spring barley,frost,0.00147132774884502
HadGEM3-GC3-1LL,-1.5,-1.3098,8,SK,Spring barley,frost,-0.000223966709254153
HadGEM3-GC3-1LL,-0.5,-0.331,6,SK,Spring barley,frost,-0.0010775336342626
HadGEM3-GC3-1MM,-14.5,-14.3032,4,SK,Spring barley,frost,-0.00290789747361747
HadGEM3-GC3-1MM,-13.5,-13.3931,8,SK,Spring barley,frost,-0.002052740807828
HadGEM3-GC3-1MM,-12.5,-12.588,13,SK,Spring barley,frost,-0.000249352737729573
HadGEM3-GC3-1MM,-11.5,-11.5321,21,SK,Spring barley,frost,-0.00268948329738512
HadGEM3-GC3-1MM,-10.5,-10.4803,10,SK,Spring barley,frost,-0.000697379387268113
HadGEM3-GC3-1MM,-9.5,-9.6161,7,SK,Spring barley,frost,-0.0022124900370986
HadGEM3-GC3-1MM,-8.5,-8.6582,7,SK,Spring barley,frost,-0.00215355641131592
HadGEM3-GC3-1MM,-7.5,-7.6345,8,SK,Spring barley,frost,0.000614657821577999
HadGEM3-GC3-1MM,-6.5,-6.4299,4,SK,Spring barley,frost,0.00021946509183928
HadGEM3-GC3-1MM,-5.5,-5.3528,4,SK,Spring barley,frost,0.00311850560805698
HadGEM3-GC3-1MM,-4.5,-4.3969,4,SK,Spring barley,frost,-0.00116941507428513
IPSL-CM6A-LR,-9.5,-9.3401,5,SK,Spring barley,frost,-0.0032829362647284
IPSL-CM6A-LR,-8.5,-8.4598,8,SK,Spring barley,frost,-0.00355118595245839
IPSL-CM6A-LR,-7.5,-7.5255,19,SK,Spring barley,frost,-0.00303374168903686
IPSL-CM6A-LR,-6.5,-6.5577,11,SK,Spring barley,frost,-0.00509848248007746
IPSL-CM6A-LR,-5.5,-5.5623,13,SK,Spring barley,frost,-0.00257006182160066
IPSL-CM6A-LR,-4.5,-4.3507,11,SK,Spring barley,frost,-0.000170199341149081
IPSL-CM6A-LR,-3.5,-3.4644,8,SK,Spring barley,frost,0.000685588822113371
IPSL-CM6A-LR,-2.5,-2.5669,9,SK,Spring barley,frost,-0.0022114761359887
IPSL-CM6A-LR,-1.5,-1.2909,6,SK,Spring barley,frost,-0.00259016008447319
IPSL-CM6A-LR,-0.5,-0.6347,8,SK,Spring barley,frost,0.000493075236459477
EC-Earth3,-9.5,-9.1554,4,CZ,Winter barley,frost,0.000615629521716913
EC-Earth3,-8.5,-8.4726,15,CZ,Winter barley,frost,-0.00726710296127156
EC-Earth3,-7.5,-7.5562,20,CZ,Winter barley,frost,-0.00154999063983414
EC-Earth3,-6.5,-6.4767,21,CZ,Winter barley,frost,-0.00254375430634142
EC-Earth3,-5.5,-5.3342,8,CZ,Winter barley,frost,-0.00296142926647723
EC-Earth3,-4.5,-4.5495,8,CZ,Winter barley,frost,-0.00161672970067757
EC-Earth3,-3.5,-3.3459,9,CZ,Winter barley,frost,-0.00263501511099054
EC-Earth3,-2.5,-2.4493,5,CZ,Winter barley,frost,-0.00157274863995554
EC-Earth3,-1.5,-1.3807,6,CZ,Winter barley,frost,-0.00408498531488132
EC-Earth3,-0.5,-0.6596,3,CZ,Winter barley,frost,0.00188900674128352
HadGEM3-GC3-1LL,-8.5,-8.3848,12,CZ,Winter barley,frost,-0.00382605969492389
HadGEM3-GC3-1LL,-7.5,-7.5599,19,CZ,Winter barley,frost,-0.000408092159246374
HadGEM3-GC3-1LL,-6.5,-6.5442,24,CZ,Winter barley,frost,-0.00423192748002835
HadGEM3-GC3-1LL,-5.5,-5.5797,10,CZ,Winter barley,frost,-0.00285926490896056
HadGEM3-GC3-1LL,-4.5,-4.5263,6,CZ,Winter barley,frost,-0.00176929286655193
HadGEM3-GC3-1LL,-3.5,-3.7835,7,CZ,Winter barley,frost,-0.00366758860668097
HadGEM3-GC3-1LL,-2.5,-2.4504,6,CZ,Winter barley,frost,0.00490897983120234
HadGEM3-GC3-1LL,-1.5,-1.3098,8,CZ,Winter barley,frost,0.00153016099356286
HadGEM3-GC3-1LL,-0.5,-0.331,6,CZ,Winter barley,frost,-0.0014574268142162
HadGEM3-GC3-1MM,-14.5,-14.3032,4,CZ,Winter barley,frost,0.000441623076095027
HadGEM3-GC3-1MM,-13.5,-13.3931,8,CZ,Winter barley,frost,0.00354859590560663
HadGEM3-GC3-1MM,-12.5,-12.588,13,CZ,Winter barley,frost,0.00195108080742219
HadGEM3-GC3-1MM,-11.5,-11.5321,21,CZ,Winter barley,frost,-0.00078918544688979
HadGEM3-GC3-1MM,-10.5,-10.4803,10,CZ,Winter barley,frost,0.00237649959407802
HadGEM3-GC3-1MM,-9.5,-9.6161,7,CZ,Winter barley,frost,-0.00397479519129943
HadGEM3-GC3-1MM,-8.5,-8.6582,7,CZ,Winter barley,frost,-0.00206069065502613
HadGEM3-GC3-1MM,-7.5,-7.6345,8,CZ,Winter barley,frost,0.000142542752387681
HadGEM3-GC3-1MM,-6.5,-6.4299,4,CZ,Winter barley,frost,0.000640570704599413
HadGEM3-GC3-1MM,-5.5,-5.3528,4,CZ,Winter barley,frost,0.00350727330833349
HadGEM3-GC3-1MM,-4.5,-4.3969,4,CZ,Winter barley,frost,-0.00244327368454549
IPSL-CM6A-LR,-9.5,-9.3401,5,CZ,Winter barley,frost,-0.00636502702447865
IPSL-CM6A-LR,-8.5,-8.4598,8,CZ,Winter barley,frost,-0.00468457080411857
IPSL-CM6A-LR,-7.5,-7.5255,19,CZ,Winter barley,frost,-0.00500088287662032
IPSL-CM6A-LR,-6.5,-6.5577,11,CZ,Winter barley,frost,-0.00747768669227684
IPSL-CM6A-LR,-5.5,-5.5623,13,CZ,Winter barley,frost,-0.00407379999792348
IPSL-CM6A-LR,-4.5,-4.3507,11,CZ,Winter barley,frost,0.00103526234202434
IPSL-CM6A-LR,-3.5,-3.4644,8,CZ,Winter barley,frost,0.000219377603499755
IPSL-CM6A-LR,-2.5,-2.5669,9,CZ,Winter barley,frost,-0.00195983761008905
IPSL-CM6A-LR,-1.5,-1.2909,6,CZ,Winter barley,frost,-0.00380516107763266
IPSL-CM6A-LR,-0.5,-0.6347,8,CZ,Winter barley,frost,0.000344075088991475
EC-Earth3,-9.5,-9.1554,4,DE,Winter barley,frost,0.000724725377078764
EC-Earth3,-8.5,-8.4726,15,DE,Winter barley,frost,-0.00576224830211838
EC-Earth3,-7.5,-7.5562,20,DE,Winter barley,frost,-0.00167394198363
EC-Earth3,-6.5,-6.4767,21,DE,Winter barley,frost,-0.00164111674680592
EC-Earth3,-5.5,-5.3342,8,DE,Winter barley,frost,-0.00208864926705832
EC-Earth3,-4.5,-4.5495,8,DE,Winter barley,frost,-0.00130604023601371
EC-Earth3,-3.5,-3.3459,9,DE,Winter barley,frost,-0.0028033517996737
EC-Earth3,-2.5,-2.4493,5,DE,Winter barley,frost,-0.00158527283315552
EC-Earth3,-1.5,-1.3807,6,DE,Winter barley,frost,-0.00365238476445306
EC-Earth3,-0.5,-0.6596,3,DE,Winter barley,frost,8.44489220499901e-05
HadGEM3-GC3-1LL,-8.5,-8.3848,12,DE,Winter barley,frost,-0.00219333030308155
HadGEM3-GC3-1LL,-7.5,-7.5599,19,DE,Winter barley,frost,-0.000238527906529386
HadGEM3-GC3-1LL,-6.5,-6.5442,24,DE,Winter barley,frost,-0.0027552865603065
HadGEM3-GC3-1LL,-5.5,-5.5797,10,DE,Winter barley,frost,-0.00161279129863503
HadGEM3-GC3-1LL,-4.5,-4.5263,6,DE,Winter barley,frost,-0.00114521139997393
HadGEM3-GC3-1LL,-3.5,-3.7835,7,DE,Winter barley,frost,-0.00229083240670892
HadGEM3-GC3-1LL,-2.5,-2.4504,6,DE,Winter barley,frost,0.00530605008673033
HadGEM3-GC3-1LL,-1.5,-1.3098,8,DE,Winter barley,frost,0.00233070377297173
HadGEM3-GC3-1LL,-0.5,-0.331,6,DE,Winter barley,frost,-0.000354721920751546
HadGEM3-GC3-1MM,-14.5,-14.3032,4,DE,Winter barley,frost,0.0128972061337577
HadGEM3-GC3-1MM,-13.5,-13.3931,8,DE,Winter barley,frost,0.0186413307673889
HadGEM3-GC3-1MM,-12.5,-12.588,13,DE,Winter barley,frost,0.0126650891237812
HadGEM3-GC3-1MM,-11.5,-11.5321,21,DE,Winter barley,frost,0.00726370031369061
HadGEM3-GC3-1MM,-10.5,-10.4803,10,DE,Winter barley,frost,0.00532827987960101
HadGEM3-GC3-1MM,-9.5,-9.6161,7,DE,Winter barley,frost,-0.0026198342427949
HadGEM3-GC3-1MM,-8.5,-8.6582,7,DE,Winter barley,frost,-0.000693367673390156
HadGEM3-GC3-1MM,-7.5,-7.6345,8,DE,Winter barley,frost,0.000150421690579004
HadGEM3-GC3-1MM,-6.5,-6.4299,4,DE,Winter barley,frost,0.000255782091471044
HadGEM3-GC3-1MM,-5.5,-5.3528,4,DE,Winter barley,frost,0.00291957421470415
HadGEM3-GC3-1MM,-4.5,-4.3969,4,DE,Winter barley,frost,-0.00183426357222435
IPSL-CM6A-LR,-9.5,-9.3401,5,DE,Winter barley,frost,-0.00479286730882953
IPSL-CM6A-LR,-8.5,-8.4598,8,DE,Winter barley,frost,-0.00341979779420137
IPSL-CM6A-LR,-7.5,-7.5255,19,DE,Winter barley,frost,-0.00397901397066942
IPSL-CM6A-LR,-6.5,-6.5577,11,DE,Winter barley,frost,-0.0056859273199747
IPSL-CM6A-LR,-5.5,-5.5623,13,DE,Winter barley,frost,-0.00356698187389864
IPSL-CM6A-LR,-4.5,-4.3507,11,DE,Winter barley,frost,6.56109083439637e-05
IPSL-CM6A-LR,-3.5,-3.4644,8,DE,Winter barley,frost,-0.000777511336696268
IPSL-CM6A-LR,-2.5,-2.5669,9,DE,Winter barley,frost,-0.00245698007125153
IPSL-CM6A-LR,-1.5,-1.2909,6,DE,Winter barley,frost,-0.00267755015416613
IPSL-CM6A-LR,-0.5,-0.6347,8,DE,Winter barley,frost,0.000660284503432788
EC-Earth3,-9.5,-9.1554,4,DK,Winter barley,frost,-0.00208074518651976
EC-Earth3,-8.5,-8.4726,15,DK,Winter barley,frost,-0.0039585337498571
EC-Earth3,-7.5,-7.5562,20,DK,Winter barley,frost,-0.00362827772925583
EC-Earth3,-6.5,-6.4767,21,DK,Winter barley,frost,-0.00310997214273753
EC-Earth3,-5.5,-5.3342,8,DK,Winter barley,frost,-0.00311550074468086
EC-Earth3,-4.5,-4.5495,8,DK,Winter barley,frost,-0.00313177631520192
EC-Earth3,-3.5,-3.3459,9,DK,Winter barley,frost,-0.00423582525498007
EC-Earth3,-2.5,-2.4493,5,DK,Winter barley,frost,-0.00242353484249891
EC-Earth3,-1.5,-1.3807,6,DK,Winter barley,frost,-0.00261091180379012
EC-Earth3,-0.5,-0.6596,3,DK,Winter barley,frost,-0.000100093331636745
HadGEM3-GC3-1LL,-8.5,-8.3848,12,DK,Winter barley,frost,-0.00307870592289837
HadGEM3-GC3-1LL,-7.5,-7.5599,19,DK,Winter barley,frost,-0.00185791261792334
HadGEM3-GC3-1LL,-6.5,-6.5442,24,DK,Winter barley,frost,-0.00381729564280774
HadGEM3-GC3-1LL,-5.5,-5.5797,10,DK,Winter barley,frost,-0.00291115598885325
HadGEM3-GC3-1LL,-4.5,-4.5263,6,DK,Winter barley,frost,-0.00118708527068254
HadGEM3-GC3-1LL,-3.5,-3.7835,7,DK,Winter barley,frost,-0.00258759477707793
HadGEM3-GC3-1LL,-2.5,-2.4504,6,DK,Winter barley,frost,0.00250102012711898
HadGEM3-GC3-1LL,-1.5,-1.3098,8,DK,Winter barley,frost,0.00336580944822524
HadGEM3-GC3-1LL,-0.5,-0.331,6,DK,Winter barley,frost,-0.000900838531199536
HadGEM3-GC3-1MM,-14.5,-14.3032,4,DK,Winter barley,frost,0.0236206096884206
HadGEM3-GC3-1MM,-13.5,-13.3931,8,DK,Winter barley,frost,0.0288429594418774
HadGEM3-GC3-1MM,-12.5,-12.588,13,DK,Winter barley,frost,0.0286851438054754
HadGEM3-GC3-1MM,-11.5,-11.5321,21,DK,Winter barley,frost,0.0237888294345169
HadGEM3-GC3-1MM,-10.5,-10.4803,10,DK,Winter barley,frost,0.0202627962667197
HadGEM3-GC3-1MM,-9.5,-9.6161,7,DK,Winter barley,frost,0.000341323705682606
HadGEM3-GC3-1MM,-8.5,-8.6582,7,DK,Winter barley,frost,-0.000301083304980369
HadGEM3-GC3-1MM,-7.5,-7.6345,8,DK,Winter barley,frost,-0.00141136669658821
HadGEM3-GC3-1MM,-6.5,-6.4299,4,DK,Winter barley,frost,-0.00228525528023268
HadGEM3-GC3-1MM,-5.5,-5.3528,4,DK,Winter barley,frost,-0.000807043109452728
HadGEM3-GC3-1MM,-4.5,-4.3969,4,DK,Winter barley,frost,-0.0032838045929247
IPSL-CM6A-LR,-9.5,-9.3401,5,DK,Winter barley,frost,0.00239733240928754
IPSL-CM6A-LR,-8.5,-8.4598,8,DK,Winter barley,frost,0.00790409256541252
IPSL-CM6A-LR,-7.5,-7.5255,19,DK,Winter barley,frost,-0.00109526574848796
IPSL-CM6A-LR,-6.5,-6.5577,11,DK,Winter barley,frost,0.0021921436640739
IPSL-CM6A-LR,-5.5,-5.5623,13,DK,Winter barley,frost,-0.00416251383926038
IPSL-CM6A-LR,-4.5,-4.3507,11,DK,Winter barley,frost,-0.00317665980441504
IPSL-CM6A-LR,-3.5,-3.4644,8,DK,Winter barley,frost,-0.00342343017148962
IPSL-CM6A-LR,-2.5,-2.5669,9,DK,Winter barley,frost,-0.0035589932913403
IPSL-CM6A-LR,-1.5,-1.2909,6,DK,Winter barley,frost,-0.0039076554765745
IPSL-CM6A-LR,-0.5,-0.6347,8,DK,Winter barley,frost,0.00161512341103161
EC-Earth3,-9.5,-9.1554,4,EE,Winter barley,frost,0.0011960935569692
EC-Earth3,-8.5,-8.4726,15,EE,Winter barley,frost,-0.00234751093304723
EC-Earth3,-7.5,-7.5562,20,EE,Winter barley,frost,0.000988313779150389
EC-Earth3,-6.5,-6.4767,21,EE,Winter barley,frost,-0.00185493883892019
EC-Earth3,-5.5,-5.3342,8,EE,Winter barley,frost,-0.0010119669908644
EC-Earth3,-4.5,-4.5495,8,EE,Winter barley,frost,-0.000135926490392195
EC-Earth3,-3.5,-3.3459,9,EE,Winter barley,frost,-0.0016796114214262
EC-Earth3,-2.5,-2.4493,5,EE,Winter barley,frost,-0.0025214240931822
EC-Earth3,-1.5,-1.3807,6,EE,Winter barley,frost,-0.0054347300724941
EC-Earth3,-0.5,-0.6596,3,EE,Winter barley,frost,-4.69876814649656e-05
HadGEM3-GC3-1LL,-8.5,-8.3848,12,EE,Winter barley,frost,-0.00236668706196853
HadGEM3-GC3-1LL,-7.5,-7.5599,19,EE,Winter barley,frost,0.000678763410754346
HadGEM3-GC3-1LL,-6.5,-6.5442,24,EE,Winter barley,frost,-0.00262545960382114
HadGEM3-GC3-1LL,-5.5,-5.5797,10,EE,Winter barley,frost,-0.00293830337596724
HadGEM3-GC3-1LL,-4.5,-4.5263,6,EE,Winter barley,frost,-0.00199179361163777
HadGEM3-GC3-1LL,-3.5,-3.7835,7,EE,Winter barley,frost,0.00264575821080568
HadGEM3-GC3-1LL,-2.5,-2.4504,6,EE,Winter barley,frost,0.00387497238729357
HadGEM3-GC3-1LL,-1.5,-1.3098,8,EE,Winter barley,frost,0.0143533937682636
HadGEM3-GC3-1LL,-0.5,-0.331,6,EE,Winter barley,frost,0.000384952712712313
HadGEM3-GC3-1MM,-14.5,-14.3032,4,EE,Winter barley,frost,0.026885289918349
HadGEM3-GC3-1MM,-13.5,-13.3931,8,EE,Winter barley,frost,0.0382739611509318
HadGEM3-GC3-1MM,-12.5,-12.588,13,EE,Winter barley,frost,0.0379389816467327
HadGEM3-GC3-1MM,-11.5,-11.5321,21,EE,Winter barley,frost,0.0286030296659916
HadGEM3-GC3-1MM,-10.5,-10.4803,10,EE,Winter barley,frost,0.0321956101603714
HadGEM3-GC3-1MM,-9.5,-9.6161,7,EE,Winter barley,frost,0.00995406851432776
HadGEM3-GC3-1MM,-8.5,-8.6582,7,EE,Winter barley,frost,0.00841831173596132
HadGEM3-GC3-1MM,-7.5,-7.6345,8,EE,Winter barley,frost,0.00462844219095462
HadGEM3-GC3-1MM,-6.5,-6.4299,4,EE,Winter barley,frost,-0.00156731567808239
HadGEM3-GC3-1MM,-5.5,-5.3528,4,EE,Winter barley,frost,-0.000381350905665733
HadGEM3-GC3-1MM,-4.5,-4.3969,4,EE,Winter barley,frost,-0.00211884537063262
IPSL-CM6A-LR,-9.5,-9.3401,5,EE,Winter barley,frost,0.00847078163366955
IPSL-CM6A-LR,-8.5,-8.4598,8,EE,Winter barley,frost,0.0143805179874411
IPSL-CM6A-LR,-7.5,-7.5255,19,EE,Winter barley,frost,0.00570431126129014
IPSL-CM6A-LR,-6.5,-6.5577,11,EE,Winter barley,frost,0.00464561339892712
IPSL-CM6A-LR,-5.5,-5.5623,13,EE,Winter barley,frost,-0.00234042902263913
IPSL-CM6A-LR,-4.5,-4.3507,11,EE,Winter barley,frost,-0.00254386811511768
IPSL-CM6A-LR,-3.5,-3.4644,8,EE,Winter barley,frost,-0.00276760689195887
IPSL-CM6A-LR,-2.5,-2.5669,9,EE,Winter barley,frost,-0.00365028330075636
IPSL-CM6A-LR,-1.5,-1.2909,6,EE,Winter barley,frost,-0.00381998238333157
IPSL-CM6A-LR,-0.5,-0.6347,8,EE,Winter barley,frost,-0.0016959825573111
EC-Earth3,-9.5,-9.1554,4,EL,Winter barley,frost,0.00139014426298877
EC-Earth3,-8.5,-8.4726,15,EL,Winter barley,frost,-0.00130398409349773
EC-Earth3,-7.5,-7.5562,20,EL,Winter barley,frost,-0.000774712659663654
EC-Earth3,-6.5,-6.4767,21,EL,Winter barley,frost,-0.000602272004428835
EC-Earth3,-5.5,-5.3342,8,EL,Winter barley,frost,0.000132768957771548
EC-Earth3,-4.5,-4.5495,8,EL,Winter barley,frost,-0.000899713147318552
EC-Earth3,-3.5,-3.3459,9,EL,Winter barley,frost,-0.000687592516111689
EC-Earth3,-2.5,-2.4493,5,EL,Winter barley,frost,-0.00191926697691847
EC-Earth3,-1.5,-1.3807,6,EL,Winter barley,frost,-0.000952761295368607
EC-Earth3,-0.5,-0.6596,3,EL,Winter barley,frost,0.00264268970775817
HadGEM3-GC3-1LL,-8.5,-8.3848,12,EL,Winter barley,frost,-0.00102603233448038
HadGEM3-GC3-1LL,-7.5,-7.5599,19,EL,Winter barley,frost,-0.000855511701079344
HadGEM3-GC3-1LL,-6.5,-6.5442,24,EL,Winter barley,frost,-9.0146091058906e-05
HadGEM3-GC3-1LL,-5.5,-5.5797,10,EL,Winter barley,frost,-0.000600184019948126
HadGEM3-GC3-1LL,-4.5,-4.5263,6,EL,Winter barley,frost,-0.001045724949113
HadGEM3-GC3-1LL,-3.5,-3.7835,7,EL,Winter barley,frost,-0.000869883501019845
HadGEM3-GC3-1LL,-2.5,-2.4504,6,EL,Winter barley,frost,0.000240799411598514
HadGEM3-GC3-1LL,-1.5,-1.3098,8,EL,Winter barley,frost,-0.00079263265621023
HadGEM3-GC3-1LL,-0.5,-0.331,6,EL,Winter barley,frost,-0.000190185398073079
HadGEM3-GC3-1MM,-14.5,-14.3032,4,EL,Winter barley,frost,-0.00139696495642736
HadGEM3-GC3-1MM,-13.5,-13.3931,8,EL,Winter barley,frost,-0.00120059906296195
HadGEM3-GC3-1MM,-12.5,-12.588,13,EL,Winter barley,frost,-0.000194596054915745
HadGEM3-GC3-1MM,-11.5,-11.5321,21,EL,Winter barley,frost,-0.00139498222805638
HadGEM3-GC3-1MM,-10.5,-10.4803,10,EL,Winter barley,frost,-0.000290667121197846
HadGEM3-GC3-1MM,-9.5,-9.6161,7,EL,Winter barley,frost,-0.00102684548473787
HadGEM3-GC3-1MM,-8.5,-8.6582,7,EL,Winter barley,frost,-0.00025884253574282
HadGEM3-GC3-1MM,-7.5,-7.6345,8,EL,Winter barley,frost,-0.000437650210642772
HadGEM3-GC3-1MM,-6.5,-6.4299,4,EL,Winter barley,frost,-2.17830713661208e-05
HadGEM3-GC3-1MM,-5.5,-5.3528,4,EL,Winter barley,frost,0.00365368056325295
HadGEM3-GC3-1MM,-4.5,-4.3969,4,EL,Winter barley,frost,-0.000571353947465964
IPSL-CM6A-LR,-9.5,-9.3401,5,EL,Winter barley,frost,0.00112578870965126
IPSL-CM6A-LR,-8.5,-8.4598,8,EL,Winter barley,frost,-0.00102530850714597
IPSL-CM6A-LR,-7.5,-7.5255,19,EL,Winter barley,frost,-0.00104274559414018
IPSL-CM6A-LR,-6.5,-6.5577,11,EL,Winter barley,frost,-0.00188006111215706
IPSL-CM6A-LR,-5.5,-5.5623,13,EL,Winter barley,frost,-0.00101145964894915
IPSL-CM6A-LR,-4.5,-4.3507,11,EL,Winter barley,frost,-9.27264008858846e-05
IPSL-CM6A-LR,-3.5,-3.4644,8,EL,Winter barley,frost,0.000677837275802025
IPSL-CM6A-LR,-2.5,-2.5669,9,EL,Winter barley,frost,-0.000746773102142628
IPSL-CM6A-LR,-1.5,-1.2909,6,EL,Winter barley,frost,-0.000110849268264167
IPSL-CM6A-LR,-0.5,-0.6347,8,EL,Winter barley,frost,-0.000341933159513472
EC-Earth3,-9.5,-9.1554,4,ES,Winter barley,frost,-0.000385139035462824
EC-Earth3,-8.5,-8.4726,15,ES,Winter barley,frost,-0.00137854222099914
EC-Earth3,-7.5,-7.5562,20,ES,Winter barley,frost,0.00056590098534538
EC-Earth3,-6.5,-6.4767,21,ES,Winter barley,frost,-9.37782912114242e-05
EC-Earth3,-5.5,-5.3342,8,ES,Winter barley,frost,-0.000121535593084937
EC-Earth3,-4.5,-4.5495,8,ES,Winter barley,frost,-0.00124297470661627
EC-Earth3,-3.5,-3.3459,9,ES,Winter barley,frost,-0.000409539763052721
EC-Earth3,-2.5,-2.4493,5,ES,Winter barley,frost,0.000137898591206134
EC-Earth3,-1.5,-1.3807,6,ES,Winter barley,frost,-0.000167749988866727
EC-Earth3,-0.5,-0.6596,3,ES,Winter barley,frost,0.000356008653882843
HadGEM3-GC3-1LL,-8.5,-8.3848,12,ES,Winter barley,frost,0.000104053239386202
HadGEM3-GC3-1LL,-7.5,-7.5599,19,ES,Winter barley,frost,0.000931464240228616
HadGEM3-GC3-1LL,-6.5,-6.5442,24,ES,Winter barley,frost,0.000496780860045593
HadGEM3-GC3-1LL,-5.5,-5.5797,10,ES,Winter barley,frost,0.0016846994554843
HadGEM3-GC3-1LL,-4.5,-4.5263,6,ES,Winter barley,frost,0.00124484001246654
HadGEM3-GC3-1LL,-3.5,-3.7835,7,ES,Winter barley,frost,-6.96725785709113e-05
HadGEM3-GC3-1LL,-2.5,-2.4504,6,ES,Winter barley,frost,0.00137862204751221
HadGEM3-GC3-1LL,-1.5,-1.3098,8,ES,Winter barley,frost,0.00110912528084169
HadGEM3-GC3-1LL,-0.5,-0.331,6,ES,Winter barley,frost,0.000848636475000227
HadGEM3-GC3-1MM,-14.5,-14.3032,4,ES,Winter barley,frost,0.00216703618689708
HadGEM3-GC3-1MM,-13.5,-13.3931,8,ES,Winter barley,frost,0.000698018169593694
HadGEM3-GC3-1MM,-12.5,-12.588,13,ES,Winter barley,frost,0.00223664101944103
HadGEM3-GC3-1MM,-11.5,-11.5321,21,ES,Winter barley,frost,0.00114512720350747
HadGEM3-GC3-1MM,-10.5,-10.4803,10,ES,Winter barley,frost,0.00118426330907021
HadGEM3-GC3-1MM,-9.5,-9.6161,7,ES,Winter barley,frost,0.000721080856368028
HadGEM3-GC3-1MM,-8.5,-8.6582,7,ES,Winter barley,frost,0.0011459340303897
HadGEM3-GC3-1MM,-7.5,-7.6345,8,ES,Winter barley,frost,0.000987828438318538
HadGEM3-GC3-1MM,-6.5,-6.4299,4,ES,Winter barley,frost,0.00268310478931638
HadGEM3-GC3-1MM,-5.5,-5.3528,4,ES,Winter barley,frost,0.000962850469531052
HadGEM3-GC3-1MM,-4.5,-4.3969,4,ES,Winter barley,frost,-0.000757757057401129
IPSL-CM6A-LR,-9.5,-9.3401,5,ES,Winter barley,frost,-0.000420936358604858
IPSL-CM6A-LR,-8.5,-8.4598,8,ES,Winter barley,frost,-0.000504047146488377
IPSL-CM6A-LR,-7.5,-7.5255,19,ES,Winter barley,frost,4.57806730336308e-05
IPSL-CM6A-LR,-6.5,-6.5577,11,ES,Winter barley,frost,-0.00040119514070327
IPSL-CM6A-LR,-5.5,-5.5623,13,ES,Winter barley,frost,-0.000252713160785013
IPSL-CM6A-LR,-4.5,-4.3507,11,ES,Winter barley,frost,7.35815265609303e-05
IPSL-CM6A-LR,-3.5,-3.4644,8,ES,Winter barley,frost,-0.000427493456777312
IPSL-CM6A-LR,-2.5,-2.5669,9,ES,Winter barley,frost,-0.000105544931067197
IPSL-CM6A-LR,-1.5,-1.2909,6,ES,Winter barley,frost,0.000301424881727609
IPSL-CM6A-LR,-0.5,-0.6347,8,ES,Winter barley,frost,-0.000583676855750718
EC-Earth3,-9.5,-9.1554,4,FR,Winter barley,frost,0.000230243103597949
EC-Earth3,-8.5,-8.4726,15,FR,Winter barley,frost,-0.00333787343273065
EC-Earth3,-7.5,-7.5562,20,FR,Winter barley,frost,-0.000436865835819741
EC-Earth3,-6.5,-6.4767,21,FR,Winter barley,frost,-0.000348375866414518
EC-Earth3,-5.5,-5.3342,8,FR,Winter barley,frost,-0.000695992599721875
EC-Earth3,-4.5,-4.5495,8,FR,Winter barley,frost,-0.00107987964838194
EC-Earth3,-3.5,-3.3459,9,FR,Winter barley,frost,-0.000921302684928383
EC-Earth3,-2.5,-2.4493,5,FR,Winter barley,frost,-0.000725645791347521
EC-Earth3,-1.5,-1.3807,6,FR,Winter barley,frost,-0.00160593195730757
EC-Earth3,-0.5,-0.6596,3,FR,Winter barley,frost,4.9169880354463e-05
HadGEM3-GC3-1LL,-8.5,-8.3848,12,FR,Winter barley,frost,-0.000735427988074139
HadGEM3-GC3-1LL,-7.5,-7.5599,19,FR,Winter barley,frost,0.000376327045263657
HadGEM3-GC3-1LL,-6.5,-6.5442,24,FR,Winter barley,frost,-0.000756606950856284
HadGEM3-GC3-1LL,-5.5,-5.5797,10,FR,Winter barley,frost,0.000200281271147314
HadGEM3-GC3-1LL,-4.5,-4.5263,6,FR,Winter barley,frost,-0.00081325848718748
HadGEM3-GC3-1LL,-3.5,-3.7835,7,FR,Winter barley,frost,-0.000857681930788165
HadGEM3-GC3-1LL,-2.5,-2.4504,6,FR,Winter barley,frost,0.0034975028010141
HadGEM3-GC3-1LL,-1.5,-1.3098,8,FR,Winter barley,frost,0.00143067690932061
HadGEM3-GC3-1LL,-0.5,-0.331,6,FR,Winter barley,frost,0.000868930513773354
HadGEM3-GC3-1MM,-14.5,-14.3032,4,FR,Winter barley,frost,0.011961746277793
HadGEM3-GC3-1MM,-13.5,-13.3931,8,FR,Winter barley,frost,0.0109574143183312
HadGEM3-GC3-1MM,-12.5,-12.588,13,FR,Winter barley,frost,0.00573910391315265
HadGEM3-GC3-1MM,-11.5,-11.5321,21,FR,Winter barley,frost,0.00363169158329241
HadGEM3-GC3-1MM,-10.5,-10.4803,10,FR,Winter barley,frost,0.000443676688533753
HadGEM3-GC3-1MM,-9.5,-9.6161,7,FR,Winter barley,frost,-0.0010271799115823
HadGEM3-GC3-1MM,-8.5,-8.6582,7,FR,Winter barley,frost,0.00146267459388911
HadGEM3-GC3-1MM,-7.5,-7.6345,8,FR,Winter barley,frost,0.000217734236036117
HadGEM3-GC3-1MM,-6.5,-6.4299,4,FR,Winter barley,frost,0.000369879526459801
HadGEM3-GC3-1MM,-5.5,-5.3528,4,FR,Winter barley,frost,0.00270178724156226
HadGEM3-GC3-1MM,-4.5,-4.3969,4,FR,Winter barley,frost,-0.000512282637548357
IPSL-CM6A-LR,-9.5,-9.3401,5,FR,Winter barley,frost,-0.00274395758565805
IPSL-CM6A-LR,-8.5,-8.4598,8,FR,Winter barley,frost,-0.00150392351879165
IPSL-CM6A-LR,-7.5,-7.5255,19,FR,Winter barley,frost,-0.00139500975058916
IPSL-CM6A-LR,-6.5,-6.5577,11,FR,Winter barley,frost,-0.0030361675144226
IPSL-CM6A-LR,-5.5,-5.5623,13,FR,Winter barley,frost,-0.00121468183454216
IPSL-CM6A-LR,-4.5,-4.3507,11,FR,Winter barley,frost,1.02540591991415e-06
IPSL-CM6A-LR,-3.5,-3.4644,8,FR,Winter barley,frost,-4.05621648171391e-05
IPSL-CM6A-LR,-2.5,-2.5669,9,FR,Winter barley,frost,-0.00149341387619441
IPSL-CM6A-LR,-1.5,-1.2909,6,FR,Winter barley,frost,0.000527758879083561
IPSL-CM6A-LR,-0.5,-0.6347,8,FR,Winter barley,frost,0.000590234441101268
EC-Earth3,-9.5,-9.1554,4,HU,Winter barley,frost,0.00127100789969594
EC-Earth3,-8.5,-8.4726,15,HU,Winter barley,frost,-0.00302221956842359
EC-Earth3,-7.5,-7.5562,20,HU,Winter barley,frost,-0.000224313012871615
EC-Earth3,-6.5,-6.4767,21,HU,Winter barley,frost,-0.000536176188064017
EC-Earth3,-5.5,-5.3342,8,HU,Winter barley,frost,0.000535450547425283
EC-Earth3,-4.5,-4.5495,8,HU,Winter barley,frost,-0.00058117843835516
EC-Earth3,-3.5,-3.3459,9,HU,Winter barley,frost,-0.000649835599821623
EC-Earth3,-2.5,-2.4493,5,HU,Winter barley,frost,-0.00175122070405438
EC-Earth3,-1.5,-1.3807,6,HU,Winter barley,frost,-0.00159063726500426
EC-Earth3,-0.5,-0.6596,3,HU,Winter barley,frost,0.00319417682402045
HadGEM3-GC3-1LL,-8.5,-8.3848,12,HU,Winter barley,frost,-0.0015886110662615
HadGEM3-GC3-1LL,-7.5,-7.5599,19,HU,Winter barley,frost,-0.000433506437081043
HadGEM3-GC3-1LL,-6.5,-6.5442,24,HU,Winter barley,frost,-0.00126179931650461
HadGEM3-GC3-1LL,-5.5,-5.5797,10,HU,Winter barley,frost,-0.000837837169193135
HadGEM3-GC3-1LL,-4.5,-4.5263,6,HU,Winter barley,frost,-0.00105458920676947
HadGEM3-GC3-1LL,-3.5,-3.7835,7,HU,Winter barley,frost,-0.00136160137503433
HadGEM3-GC3-1LL,-2.5,-2.4504,6,HU,Winter barley,frost,0.00179056319018397
HadGEM3-GC3-1LL,-1.5,-1.3098,8,HU,Winter barley,frost,-0.000742461802728248
HadGEM3-GC3-1LL,-0.5,-0.331,6,HU,Winter barley,frost,-0.000457433069240185
HadGEM3-GC3-1MM,-14.5,-14.3032,4,HU,Winter barley,frost,-0.00190416541673887
HadGEM3-GC3-1MM,-13.5,-13.3931,8,HU,Winter barley,frost,-0.00138069470584269
HadGEM3-GC3-1MM,-12.5,-12.588,13,HU,Winter barley,frost,-0.000605046556999893
HadGEM3-GC3-1MM,-11.5,-11.5321,21,HU,Winter barley,frost,-0.00219068374782783
HadGEM3-GC3-1MM,-10.5,-10.4803,10,HU,Winter barley,frost,-0.000353400556826886
HadGEM3-GC3-1MM,-9.5,-9.6161,7,HU,Winter barley,frost,-0.000960215871742336
HadGEM3-GC3-1MM,-8.5,-8.6582,7,HU,Winter barley,frost,-0.00142205982909712
HadGEM3-GC3-1MM,-7.5,-7.6345,8,HU,Winter barley,frost,0.0017142873739091
HadGEM3-GC3-1MM,-6.5,-6.4299,4,HU,Winter barley,frost,-0.000190078178093055
HadGEM3-GC3-1MM,-5.5,-5.3528,4,HU,Winter barley,frost,0.0033094336427646
HadGEM3-GC3-1MM,-4.5,-4.3969,4,HU,Winter barley,frost,-0.000354133332553673
IPSL-CM6A-LR,-9.5,-9.3401,5,HU,Winter barley,frost,-0.00086088940885815
IPSL-CM6A-LR,-8.5,-8.4598,8,HU,Winter barley,frost,-0.00250089915206211
IPSL-CM6A-LR,-7.5,-7.5255,19,HU,Winter barley,frost,-0.00200213762975867
IPSL-CM6A-LR,-6.5,-6.5577,11,HU,Winter barley,frost,-0.00387736051595769
IPSL-CM6A-LR,-5.5,-5.5623,13,HU,Winter barley,frost,-0.00159712320292797
IPSL-CM6A-LR,-4.5,-4.3507,11,HU,Winter barley,frost,0.000658128348919254
IPSL-CM6A-LR,-3.5,-3.4644,8,HU,Winter barley,frost,0.000735564857656602
IPSL-CM6A-LR,-2.5,-2.5669,9,HU,Winter barley,frost,-0.00133661996619895
IPSL-CM6A-LR,-1.5,-1.2909,6,HU,Winter barley,frost,-0.00114419213836162
IPSL-CM6A-LR,-0.5,-0.6347,8,HU,Winter barley,frost,-0.000295267236371182
EC-Earth3,-9.5,-9.1554,4,IT,Winter barley,frost,0.000918309576271392
EC-Earth3,-8.5,-8.4726,15,IT,Winter barley,frost,-0.000457389575589616
EC-Earth3,-7.5,-7.5562,20,IT,Winter barley,frost,0.00013305854338844
EC-Earth3,-6.5,-6.4767,21,IT,Winter barley,frost,-0.000134814243776145
EC-Earth3,-5.5,-5.3342,8,IT,Winter barley,frost,5.59720814326395e-05
EC-Earth3,-4.5,-4.5495,8,IT,Winter barley,frost,-0.000168898350310927
EC-Earth3,-3.5,-3.3459,9,IT,Winter barley,frost,-9.93812860903319e-05
EC-Earth3,-2.5,-2.4493,5,IT,Winter barley,frost,-0.000451963461476119
EC-Earth3,-1.5,-1.3807,6,IT,Winter barley,frost,-0.00036903739331719
EC-Earth3,-0.5,-0.6596,3,IT,Winter barley,frost,0.000723506421424578
HadGEM3-GC3-1LL,-8.5,-8.3848,12,IT,Winter barley,frost,-0.000283284577308149
HadGEM3-GC3-1LL,-7.5,-7.5599,19,IT,Winter barley,frost,-2.54867768312734e-05
HadGEM3-GC3-1LL,-6.5,-6.5442,24,IT,Winter barley,frost,-0.000101545438512351
HadGEM3-GC3-1LL,-5.5,-5.5797,10,IT,Winter barley,frost,-0.000159859931329702
HadGEM3-GC3-1LL,-4.5,-4.5263,6,IT,Winter barley,frost,-0.000323431741425791
HadGEM3-GC3-1LL,-3.5,-3.7835,7,IT,Winter barley,frost,-0.000304463454361565
HadGEM3-GC3-1LL,-2.5,-2.4504,6,IT,Winter barley,frost,0.000818667209816928
HadGEM3-GC3-1LL,-1.5,-1.3098,8,IT,Winter barley,frost,-9.07319246185941e-05
HadGEM3-GC3-1LL,-0.5,-0.331,6,IT,Winter barley,frost,5.37052467108126e-05
HadGEM3-GC3-1MM,-14.5,-14.3032,4,IT,Winter barley,frost,-3.22365716632063e-05
HadGEM3-GC3-1MM,-13.5,-13.3931,8,IT,Winter barley,frost,4.31652156148521e-05
HadGEM3-GC3-1MM,-12.5,-12.588,13,IT,Winter barley,frost,0.000503981152231806
HadGEM3-GC3-1MM,-11.5,-11.5321,21,IT,Winter barley,frost,-0.000230146005689276
HadGEM3-GC3-1MM,-10.5,-10.4803,10,IT,Winter barley,frost,0.00021397242121524
HadGEM3-GC3-1MM,-9.5,-9.6161,7,IT,Winter barley,frost,0.000149797109034785
HadGEM3-GC3-1MM,-8.5,-8.6582,7,IT,Winter barley,frost,-5.82729877566121e-05
HadGEM3-GC3-1MM,-7.5,-7.6345,8,IT,Winter barley,frost,0.000619809428075141
HadGEM3-GC3-1MM,-6.5,-6.4299,4,IT,Winter barley,frost,0.0003102859331773
HadGEM3-GC3-1MM,-5.5,-5.3528,4,IT,Winter barley,frost,0.000545868310705226
HadGEM3-GC3-1MM,-4.5,-4.3969,4,IT,Winter barley,frost,-0.00026328686781208
IPSL-CM6A-LR,-9.5,-9.3401,5,IT,Winter barley,frost,0.000406636552759361
IPSL-CM6A-LR,-8.5,-8.4598,8,IT,Winter barley,frost,-0.000349434142129754
IPSL-CM6A-LR,-7.5,-7.5255,19,IT,Winter barley,frost,-0.000163039504210939
IPSL-CM6A-LR,-6.5,-6.5577,11,IT,Winter barley,frost,-0.000611766687959267
IPSL-CM6A-LR,-5.5,-5.5623,13,IT,Winter barley,frost,-0.000186390016247464
IPSL-CM6A-LR,-4.5,-4.3507,11,IT,Winter barley,frost,0.000379583366793856
IPSL-CM6A-LR,-3.5,-3.4644,8,IT,Winter barley,frost,4.86838154488438e-05
IPSL-CM6A-LR,-2.5,-2.5669,9,IT,Winter barley,frost,-0.000412152642116789
IPSL-CM6A-LR,-1.5,-1.2909,6,IT,Winter barley,frost,0.000165967468231367
IPSL-CM6A-LR,-0.5,-0.6347,8,IT,Winter barley,frost,-6.43724888769678e-05
EC-Earth3,-9.5,-9.1554,4,LT,Winter barley,frost,0.00208110609330892
EC-Earth3,-8.5,-8.4726,15,LT,Winter barley,frost,-0.00362758012633689
EC-Earth3,-7.5,-7.5562,20,LT,Winter barley,frost,0.000817592886106218
EC-Earth3,-6.5,-6.4767,21,LT,Winter barley,frost,-0.00107539550831597
EC-Earth3,-5.5,-5.3342,8,LT,Winter barley,frost,-0.000509796409430984
EC-Earth3,-4.5,-4.5495,8,LT,Winter barley,frost,0.00123953166202428
EC-Earth3,-3.5,-3.3459,9,LT,Winter barley,frost,-0.00308126066120567
EC-Earth3,-2.5,-2.4493,5,LT,Winter barley,frost,-0.00439268303999923
EC-Earth3,-1.5,-1.3807,6,LT,Winter barley,frost,-0.00521195008556753
EC-Earth3,-0.5,-0.6596,3,LT,Winter barley,frost,-0.000210667419914349
HadGEM3-GC3-1LL,-8.5,-8.3848,12,LT,Winter barley,frost,-0.00348505294441631
HadGEM3-GC3-1LL,-7.5,-7.5599,19,LT,Winter barley,frost,-0.000196117653090736
HadGEM3-GC3-1LL,-6.5,-6.5442,24,LT,Winter barley,frost,-0.00428437661814624
HadGEM3-GC3-1LL,-5.5,-5.5797,10,LT,Winter barley,frost,-0.00306178873153111
HadGEM3-GC3-1LL,-4.5,-4.5263,6,LT,Winter barley,frost,-0.000838146273942749
HadGEM3-GC3-1LL,-3.5,-3.7835,7,LT,Winter barley,frost,-0.0010604806032467
HadGEM3-GC3-1LL,-2.5,-2.4504,6,LT,Winter barley,frost,0.00659790583037596
HadGEM3-GC3-1LL,-1.5,-1.3098,8,LT,Winter barley,frost,0.00720635923464749
HadGEM3-GC3-1LL,-0.5,-0.331,6,LT,Winter barley,frost,-0.0018977315594467
HadGEM3-GC3-1MM,-14.5,-14.3032,4,LT,Winter barley,frost,0.00710409560859816
HadGEM3-GC3-1MM,-13.5,-13.3931,8,LT,Winter barley,frost,0.0232847574516775
HadGEM3-GC3-1MM,-12.5,-12.588,13,LT,Winter barley,frost,0.0265886831985945
HadGEM3-GC3-1MM,-11.5,-11.5321,21,LT,Winter barley,frost,0.0128934232756665
HadGEM3-GC3-1MM,-10.5,-10.4803,10,LT,Winter barley,frost,0.0217992247359485
HadGEM3-GC3-1MM,-9.5,-9.6161,7,LT,Winter barley,frost,-0.00174634058044407
HadGEM3-GC3-1MM,-8.5,-8.6582,7,LT,Winter barley,frost,-0.000893320612926604
HadGEM3-GC3-1MM,-7.5,-7.6345,8,LT,Winter barley,frost,-0.00180554665755059
HadGEM3-GC3-1MM,-6.5,-6.4299,4,LT,Winter barley,frost,-0.00157046970185315
HadGEM3-GC3-1MM,-5.5,-5.3528,4,LT,Winter barley,frost,0.0013205057218724
HadGEM3-GC3-1MM,-4.5,-4.3969,4,LT,Winter barley,frost,-0.00298570008431513
IPSL-CM6A-LR,-9.5,-9.3401,5,LT,Winter barley,frost,-0.00305430874325054
IPSL-CM6A-LR,-8.5,-8.4598,8,LT,Winter barley,frost,-0.000556744280945722
IPSL-CM6A-LR,-7.5,-7.5255,19,LT,Winter barley,frost,-0.00421666195690969
IPSL-CM6A-LR,-6.5,-6.5577,11,LT,Winter barley,frost,-0.00640406746791243
IPSL-CM6A-LR,-5.5,-5.5623,13,LT,Winter barley,frost,-0.0039006198941978
IPSL-CM6A-LR,-4.5,-4.3507,11,LT,Winter barley,frost,-0.00380338786592593
IPSL-CM6A-LR,-3.5,-3.4644,8,LT,Winter barley,frost,-0.0014840239638381
IPSL-CM6A-LR,-2.5,-2.5669,9,LT,Winter barley,frost,-0.00435298540143612
IPSL-CM6A-LR,-1.5,-1.2909,6,LT,Winter barley,frost,-0.00532412009328408
IPSL-CM6A-LR,-0.5,-0.6347,8,LT,Winter barley,frost,-0.000817677389332809
EC-Earth3,-9.5,-9.1554,4,LV,Winter barley,frost,0.00153386096942715
EC-Earth3,-8.5,-8.4726,15,LV,Winter barley,frost,-0.00283717031876086
EC-Earth3,-7.5,-7.5562,20,LV,Winter barley,frost,0.00142472026560721
EC-Earth3,-6.5,-6.4767,21,LV,Winter barley,frost,-0.000812928489538145
EC-Earth3,-5.5,-5.3342,8,LV,Winter barley,frost,-0.000706674130087832
EC-Earth3,-4.5,-4.5495,8,LV,Winter barley,frost,0.00114542885433175
EC-Earth3,-3.5,-3.3459,9,LV,Winter barley,frost,-0.00200930199913846
EC-Earth3,-2.5,-2.4493,5,LV,Winter barley,frost,-0.00329901836041362
EC-Earth3,-1.5,-1.3807,6,LV,Winter barley,frost,-0.00527373322058194
EC-Earth3,-0.5,-0.6596,3,LV,Winter barley,frost,0.000295842052868343
HadGEM3-GC3-1LL,-8.5,-8.3848,12,LV,Winter barley,frost,-0.00236529728636577
HadGEM3-GC3-1LL,-7.5,-7.5599,19,LV,Winter barley,frost,0.000233000961407522
HadGEM3-GC3-1LL,-6.5,-6.5442,24,LV,Winter barley,frost,-0.00362242337901819
HadGEM3-GC3-1LL,-5.5,-5.5797,10,LV,Winter barley,frost,-0.00275255820643099
HadGEM3-GC3-1LL,-4.5,-4.5263,6,LV,Winter barley,frost,-0.000346486877459649
HadGEM3-GC3-1LL,-3.5,-3.7835,7,LV,Winter barley,frost,0.000433743176321995
HadGEM3-GC3-1LL,-2.5,-2.4504,6,LV,Winter barley,frost,0.00586970495991105
HadGEM3-GC3-1LL,-1.5,-1.3098,8,LV,Winter barley,frost,0.00979446926141651
HadGEM3-GC3-1LL,-0.5,-0.331,6,LV,Winter barley,frost,-0.000957693519766302
HadGEM3-GC3-1MM,-14.5,-14.3032,4,LV,Winter barley,frost,0.0162970999595441
HadGEM3-GC3-1MM,-13.5,-13.3931,8,LV,Winter barley,frost,0.033186260884104
HadGEM3-GC3-1MM,-12.5,-12.588,13,LV,Winter barley,frost,0.0341779258109197
HadGEM3-GC3-1MM,-11.5,-11.5321,21,LV,Winter barley,frost,0.021215567069909
HadGEM3-GC3-1MM,-10.5,-10.4803,10,LV,Winter barley,frost,0.0271593522067194
HadGEM3-GC3-1MM,-9.5,-9.6161,7,LV,Winter barley,frost,0.00246492771388396
HadGEM3-GC3-1MM,-8.5,-8.6582,7,LV,Winter barley,frost,0.00168319538776005
HadGEM3-GC3-1MM,-7.5,-7.6345,8,LV,Winter barley,frost,0.000221547448031407
HadGEM3-GC3-1MM,-6.5,-6.4299,4,LV,Winter barley,frost,-0.00130515066806891
HadGEM3-GC3-1MM,-5.5,-5.3528,4,LV,Winter barley,frost,0.000873948909461036
HadGEM3-GC3-1MM,-4.5,-4.3969,4,LV,Winter barley,frost,-0.00176896578806298
IPSL-CM6A-LR,-9.5,-9.3401,5,LV,Winter barley,frost,-9.21282664501273e-05
IPSL-CM6A-LR,-8.5,-8.4598,8,LV,Winter barley,frost,0.00428734913713811
IPSL-CM6A-LR,-7.5,-7.5255,19,LV,Winter barley,frost,-0.00137859182564928
IPSL-CM6A-LR,-6.5,-6.5577,11,LV,Winter barley,frost,-0.00278852374014077
IPSL-CM6A-LR,-5.5,-5.5623,13,LV,Winter barley,frost,-0.00305136579935686
IPSL-CM6A-LR,-4.5,-4.3507,11,LV,Winter barley,frost,-0.00303889998625892
IPSL-CM6A-LR,-3.5,-3.4644,8,LV,Winter barley,frost,-0.00199930095241825
IPSL-CM6A-LR,-2.5,-2.5669,9,LV,Winter barley,frost,-0.0036369262187298
IPSL-CM6A-LR,-1.5,-1.2909,6,LV,Winter barley,frost,-0.00449605129183731
IPSL-CM6A-LR,-0.5,-0.6347,8,LV,Winter barley,frost,-0.000709229496213481
EC-Earth3,-9.5,-9.1554,4,SE,Winter barley,frost,0.000312522269261986
EC-Earth3,-8.5,-8.4726,15,SE,Winter barley,frost,-0.00473539989707499
EC-Earth3,-7.5,-7.5562,20,SE,Winter barley,frost,-0.00483700131330347
EC-Earth3,-6.5,-6.4767,21,SE,Winter barley,frost,-0.00412022764942396
EC-Earth3,-5.5,-5.3342,8,SE,Winter barley,frost,-0.00401825312560892
EC-Earth3,-4.5,-4.5495,8,SE,Winter barley,frost,-0.00331581748865345
EC-Earth3,-3.5,-3.3459,9,SE,Winter barley,frost,-0.00623637166976818
EC-Earth3,-2.5,-2.4493,5,SE,Winter barley,frost,-0.0031557560084912
EC-Earth3,-1.5,-1.3807,6,SE,Winter barley,frost,-0.00469539345463831
EC-Earth3,-0.5,-0.6596,3,SE,Winter barley,frost,0.000107865190584603
HadGEM3-GC3-1LL,-8.5,-8.3848,12,SE,Winter barley,frost,-0.0046629585422974
HadGEM3-GC3-1LL,-7.5,-7.5599,19,SE,Winter barley,frost,-0.00101249669586061
HadGEM3-GC3-1LL,-6.5,-6.5442,24,SE,Winter barley,frost,-0.00566920668808105
HadGEM3-GC3-1LL,-5.5,-5.5797,10,SE,Winter barley,frost,-0.00505519860130587
HadGEM3-GC3-1LL,-4.5,-4.5263,6,SE,Winter barley,frost,-0.00156775902782159
HadGEM3-GC3-1LL,-3.5,-3.7835,7,SE,Winter barley,frost,-0.00207707608130572
HadGEM3-GC3-1LL,-2.5,-2.4504,6,SE,Winter barley,frost,0.00444888092291819
HadGEM3-GC3-1LL,-1.5,-1.3098,8,SE,Winter barley,frost,0.00642884554383686
HadGEM3-GC3-1LL,-0.5,-0.331,6,SE,Winter barley,frost,0.0003745625036917
HadGEM3-GC3-1MM,-14.5,-14.3032,4,SE,Winter barley,frost,0.0318231625032476
HadGEM3-GC3-1MM,-13.5,-13.3931,8,SE,Winter barley,frost,0.0352783573377227
HadGEM3-GC3-1MM,-12.5,-12.588,13,SE,Winter barley,frost,0.034473864802719
HadGEM3-GC3-1MM,-11.5,-11.5321,21,SE,Winter barley,frost,0.0275420311161862
HadGEM3-GC3-1MM,-10.5,-10.4803,10,SE,Winter barley,frost,0.0262041830402135
HadGEM3-GC3-1MM,-9.5,-9.6161,7,SE,Winter barley,frost,0.00204209614193325
HadGEM3-GC3-1MM,-8.5,-8.6582,7,SE,Winter barley,frost,0.00183455246479921
HadGEM3-GC3-1MM,-7.5,-7.6345,8,SE,Winter barley,frost,-0.0010120442111819
HadGEM3-GC3-1MM,-6.5,-6.4299,4,SE,Winter barley,frost,-0.00274143273003813
HadGEM3-GC3-1MM,-5.5,-5.3528,4,SE,Winter barley,frost,-0.00263837189315202
HadGEM3-GC3-1MM,-4.5,-4.3969,4,SE,Winter barley,frost,-0.00474209884559479
IPSL-CM6A-LR,-9.5,-9.3401,5,SE,Winter barley,frost,0.000103622963331423
IPSL-CM6A-LR,-8.5,-8.4598,8,SE,Winter barley,frost,0.00597462649011501
IPSL-CM6A-LR,-7.5,-7.5255,19,SE,Winter barley,frost,-0.00216691641486681
IPSL-CM6A-LR,-6.5,-6.5577,11,SE,Winter barley,frost,1.37047269976597e-05
IPSL-CM6A-LR,-5.5,-5.5623,13,SE,Winter barley,frost,-0.00563742169738856
IPSL-CM6A-LR,-4.5,-4.3507,11,SE,Winter barley,frost,-0.00533094013649649
IPSL-CM6A-LR,-3.5,-3.4644,8,SE,Winter barley,frost,-0.00515327110551826
IPSL-CM6A-LR,-2.5,-2.5669,9,SE,Winter barley,frost,-0.00565103217663386
IPSL-CM6A-LR,-1.5,-1.2909,6,SE,Winter barley,frost,-0.00626032150272406
IPSL-CM6A-LR,-0.5,-0.6347,8,SE,Winter barley,frost,0.00121564630852167
EC-Earth3,-9.5,-9.1554,4,SK,Winter barley,frost,0.000922053069019512
EC-Earth3,-8.5,-8.4726,15,SK,Winter barley,frost,-0.00462484110283218
EC-Earth3,-7.5,-7.5562,20,SK,Winter barley,frost,-0.0010050916994058
EC-Earth3,-6.5,-6.4767,21,SK,Winter barley,frost,-0.00205576765603278
EC-Earth3,-5.5,-5.3342,8,SK,Winter barley,frost,-0.00139859568191283
EC-Earth3,-4.5,-4.5495,8,SK,Winter barley,frost,-0.0010927516318949
EC-Earth3,-3.5,-3.3459,9,SK,Winter barley,frost,-0.00146050512804268
EC-Earth3,-2.5,-2.4493,5,SK,Winter barley,frost,-0.00248527304648174
EC-Earth3,-1.5,-1.3807,6,SK,Winter barley,frost,-0.0032614609448665
EC-Earth3,-0.5,-0.6596,3,SK,Winter barley,frost,0.00562549409443388
HadGEM3-GC3-1LL,-8.5,-8.3848,12,SK,Winter barley,frost,-0.00302174540410664
HadGEM3-GC3-1LL,-7.5,-7.5599,19,SK,Winter barley,frost,-0.00206776051686861
HadGEM3-GC3-1LL,-6.5,-6.5442,24,SK,Winter barley,frost,-0.00341321169075139
HadGEM3-GC3-1LL,-5.5,-5.5797,10,SK,Winter barley,frost,-0.00180301516824446
HadGEM3-GC3-1LL,-4.5,-4.5263,6,SK,Winter barley,frost,-0.00172560134235875
HadGEM3-GC3-1LL,-3.5,-3.7835,7,SK,Winter barley,frost,-0.00285357181064276
HadGEM3-GC3-1LL,-2.5,-2.4504,6,SK,Winter barley,frost,0.00157929266105213
HadGEM3-GC3-1LL,-1.5,-1.3098,8,SK,Winter barley,frost,-0.000186465606623735
HadGEM3-GC3-1LL,-0.5,-0.331,6,SK,Winter barley,frost,-0.00145322888954015
HadGEM3-GC3-1MM,-14.5,-14.3032,4,SK,Winter barley,frost,-0.00361984532272304
HadGEM3-GC3-1MM,-13.5,-13.3931,8,SK,Winter barley,frost,-0.00234590910060697
HadGEM3-GC3-1MM,-12.5,-12.588,13,SK,Winter barley,frost,-0.000153360224523872
HadGEM3-GC3-1MM,-11.5,-11.5321,21,SK,Winter barley,frost,-0.00323569291691813
HadGEM3-GC3-1MM,-10.5,-10.4803,10,SK,Winter barley,frost,-0.000642489195112883
HadGEM3-GC3-1MM,-9.5,-9.6161,7,SK,Winter barley,frost,-0.00277825124072833
HadGEM3-GC3-1MM,-8.5,-8.6582,7,SK,Winter barley,frost,-0.00268891409169079
HadGEM3-GC3-1MM,-7.5,-7.6345,8,SK,Winter barley,frost,0.000607170995632902
HadGEM3-GC3-1MM,-6.5,-6.4299,4,SK,Winter barley,frost,0.000186038465667703
HadGEM3-GC3-1MM,-5.5,-5.3528,4,SK,Winter barley,frost,0.0037173771138913
HadGEM3-GC3-1MM,-4.5,-4.3969,4,SK,Winter barley,frost,-0.00141465787662947
IPSL-CM6A-LR,-9.5,-9.3401,5,SK,Winter barley,frost,-0.00404472780182359
IPSL-CM6A-LR,-8.5,-8.4598,8,SK,Winter barley,frost,-0.00435067249673499
IPSL-CM6A-LR,-7.5,-7.5255,19,SK,Winter barley,frost,-0.0037693626282713
IPSL-CM6A-LR,-6.5,-6.5577,11,SK,Winter barley,frost,-0.00618825636576102
IPSL-CM6A-LR,-5.5,-5.5623,13,SK,Winter barley,frost,-0.00313284738948789
IPSL-CM6A-LR,-4.5,-4.3507,11,SK,Winter barley,frost,-0.000322324479995036
IPSL-CM6A-LR,-3.5,-3.4644,8,SK,Winter barley,frost,0.000779892094846007
IPSL-CM6A-LR,-2.5,-2.5669,9,SK,Winter barley,frost,-0.0027473113676549
IPSL-CM6A-LR,-1.5,-1.2909,6,SK,Winter barley,frost,-0.0032206680680997
IPSL-CM6A-LR,-0.5,-0.6347,8,SK,Winter barley,frost,0.000612477039629568
EC-Earth3,-9.5,-9.1554,4,CZ,Soft wheat,precip,0.0466922463248159
EC-Earth3,-8.5,-8.4726,15,CZ,Soft wheat,precip,-0.00923447396605398
EC-Earth3,-7.5,-7.5562,20,CZ,Soft wheat,precip,-0.00789042110699575
EC-Earth3,-6.5,-6.4767,21,CZ,Soft wheat,precip,-0.0471299027434085
EC-Earth3,-5.5,-5.3342,8,CZ,Soft wheat,precip,-0.016244083011438
EC-Earth3,-4.5,-4.5495,8,CZ,Soft wheat,precip,-0.0187146439156687
EC-Earth3,-3.5,-3.3459,9,CZ,Soft wheat,precip,-0.0661164219980747
EC-Earth3,-2.5,-2.4493,5,CZ,Soft wheat,precip,-0.00517079276274343
EC-Earth3,-1.5,-1.3807,6,CZ,Soft wheat,precip,-0.00758963429228874
EC-Earth3,-0.5,-0.6596,3,CZ,Soft wheat,precip,-0.0326799941356179
HadGEM3-GC3-1LL,-8.5,-8.3848,12,CZ,Soft wheat,precip,-0.0414652572067689
HadGEM3-GC3-1LL,-7.5,-7.5599,19,CZ,Soft wheat,precip,-0.037433443119283
HadGEM3-GC3-1LL,-6.5,-6.5442,24,CZ,Soft wheat,precip,-0.00371479350845304
HadGEM3-GC3-1LL,-5.5,-5.5797,10,CZ,Soft wheat,precip,-0.0169899224147898
HadGEM3-GC3-1LL,-4.5,-4.5263,6,CZ,Soft wheat,precip,-0.0184044459042788
HadGEM3-GC3-1LL,-3.5,-3.7835,7,CZ,Soft wheat,precip,-0.0114480669409541
HadGEM3-GC3-1LL,-2.5,-2.4504,6,CZ,Soft wheat,precip,0.00569451773199019
HadGEM3-GC3-1LL,-1.5,-1.3098,8,CZ,Soft wheat,precip,0.0108605987252379
HadGEM3-GC3-1LL,-0.5,-0.331,6,CZ,Soft wheat,precip,0.044005825895325
HadGEM3-GC3-1MM,-14.5,-14.3032,4,CZ,Soft wheat,precip,-0.0178061260685621
HadGEM3-GC3-1MM,-13.5,-13.3931,8,CZ,Soft wheat,precip,-0.0332736751656985
HadGEM3-GC3-1MM,-12.5,-12.588,13,CZ,Soft wheat,precip,-0.0393832330036043
HadGEM3-GC3-1MM,-11.5,-11.5321,21,CZ,Soft wheat,precip,-0.00630955366505553
HadGEM3-GC3-1MM,-10.5,-10.4803,10,CZ,Soft wheat,precip,8.44678937640787e-05
HadGEM3-GC3-1MM,-9.5,-9.6161,7,CZ,Soft wheat,precip,-0.0837072211436425
HadGEM3-GC3-1MM,-8.5,-8.6582,7,CZ,Soft wheat,precip,-0.0139895240793688
HadGEM3-GC3-1MM,-7.5,-7.6345,8,CZ,Soft wheat,precip,-0.0149521265668375
HadGEM3-GC3-1MM,-6.5,-6.4299,4,CZ,Soft wheat,precip,-0.0557922139113434
HadGEM3-GC3-1MM,-5.5,-5.3528,4,CZ,Soft wheat,precip,-0.0448941382152479
HadGEM3-GC3-1MM,-4.5,-4.3969,4,CZ,Soft wheat,precip,-0.0450172343270797
IPSL-CM6A-LR,-9.5,-9.3401,5,CZ,Soft wheat,precip,-0.0163023721135558
IPSL-CM6A-LR,-8.5,-8.4598,8,CZ,Soft wheat,precip,-0.0263797726753669
IPSL-CM6A-LR,-7.5,-7.5255,19,CZ,Soft wheat,precip,-0.032459933889871
IPSL-CM6A-LR,-6.5,-6.5577,11,CZ,Soft wheat,precip,-0.0547477495030925
IPSL-CM6A-LR,-5.5,-5.5623,13,CZ,Soft wheat,precip,-0.0304449953223333
IPSL-CM6A-LR,-4.5,-4.3507,11,CZ,Soft wheat,precip,-0.0127876954084954
IPSL-CM6A-LR,-3.5,-3.4644,8,CZ,Soft wheat,precip,0.0292244556892184
IPSL-CM6A-LR,-2.5,-2.5669,9,CZ,Soft wheat,precip,-0.0321136739161175
IPSL-CM6A-LR,-1.5,-1.2909,6,CZ,Soft wheat,precip,-0.0512653935323932
IPSL-CM6A-LR,-0.5,-0.6347,8,CZ,Soft wheat,precip,0.0174325082147077
EC-Earth3,-9.5,-9.1554,4,DE,Soft wheat,precip,0.0218763180585281
EC-Earth3,-8.5,-8.4726,15,DE,Soft wheat,precip,-0.0491080751567496
EC-Earth3,-7.5,-7.5562,20,DE,Soft wheat,precip,-0.0410783456528974
EC-Earth3,-6.5,-6.4767,21,DE,Soft wheat,precip,-0.0646127237271607
EC-Earth3,-5.5,-5.3342,8,DE,Soft wheat,precip,-0.0351511458747352
EC-Earth3,-4.5,-4.5495,8,DE,Soft wheat,precip,-0.0460782475022424
EC-Earth3,-3.5,-3.3459,9,DE,Soft wheat,precip,-0.0770208867874982
EC-Earth3,-2.5,-2.4493,5,DE,Soft wheat,precip,-0.0474302408963075
EC-Earth3,-1.5,-1.3807,6,DE,Soft wheat,precip,-0.036403684112295
EC-Earth3,-0.5,-0.6596,3,DE,Soft wheat,precip,-0.00241288616680226
HadGEM3-GC3-1LL,-8.5,-8.3848,12,DE,Soft wheat,precip,-0.0509045419864162
HadGEM3-GC3-1LL,-7.5,-7.5599,19,DE,Soft wheat,precip,-0.0245514002765186
HadGEM3-GC3-1LL,-6.5,-6.5442,24,DE,Soft wheat,precip,-0.0432678244594097
HadGEM3-GC3-1LL,-5.5,-5.5797,10,DE,Soft wheat,precip,-0.0379032815478115
HadGEM3-GC3-1LL,-4.5,-4.5263,6,DE,Soft wheat,precip,-0.052136197305107
HadGEM3-GC3-1LL,-3.5,-3.7835,7,DE,Soft wheat,precip,-0.0180894639254761
HadGEM3-GC3-1LL,-2.5,-2.4504,6,DE,Soft wheat,precip,-0.0148919503075365
HadGEM3-GC3-1LL,-1.5,-1.3098,8,DE,Soft wheat,precip,0.0358785081132912
HadGEM3-GC3-1LL,-0.5,-0.331,6,DE,Soft wheat,precip,-0.00411532223807466
HadGEM3-GC3-1MM,-14.5,-14.3032,4,DE,Soft wheat,precip,0.0673919346572979
HadGEM3-GC3-1MM,-13.5,-13.3931,8,DE,Soft wheat,precip,0.0715628837547143
HadGEM3-GC3-1MM,-12.5,-12.588,13,DE,Soft wheat,precip,0.0382433229066639
HadGEM3-GC3-1MM,-11.5,-11.5321,21,DE,Soft wheat,precip,0.0257760717380948
HadGEM3-GC3-1MM,-10.5,-10.4803,10,DE,Soft wheat,precip,0.0146677998102049
HadGEM3-GC3-1MM,-9.5,-9.6161,7,DE,Soft wheat,precip,-0.0584838299092019
HadGEM3-GC3-1MM,-8.5,-8.6582,7,DE,Soft wheat,precip,-0.0226796355645872
HadGEM3-GC3-1MM,-7.5,-7.6345,8,DE,Soft wheat,precip,0.0134477673187537
HadGEM3-GC3-1MM,-6.5,-6.4299,4,DE,Soft wheat,precip,-0.0127209853608137
HadGEM3-GC3-1MM,-5.5,-5.3528,4,DE,Soft wheat,precip,-0.00882556038914995
HadGEM3-GC3-1MM,-4.5,-4.3969,4,DE,Soft wheat,precip,-0.0608491196960552
IPSL-CM6A-LR,-9.5,-9.3401,5,DE,Soft wheat,precip,-0.029583694628192
IPSL-CM6A-LR,-8.5,-8.4598,8,DE,Soft wheat,precip,-0.0278334870999031
IPSL-CM6A-LR,-7.5,-7.5255,19,DE,Soft wheat,precip,-0.043439869490961
IPSL-CM6A-LR,-6.5,-6.5577,11,DE,Soft wheat,precip,-0.0650005305853466
IPSL-CM6A-LR,-5.5,-5.5623,13,DE,Soft wheat,precip,-0.0619445893215336
IPSL-CM6A-LR,-4.5,-4.3507,11,DE,Soft wheat,precip,-0.0185466510305719
IPSL-CM6A-LR,-3.5,-3.4644,8,DE,Soft wheat,precip,0.00298217981145033
IPSL-CM6A-LR,-2.5,-2.5669,9,DE,Soft wheat,precip,-0.0541871866112206
IPSL-CM6A-LR,-1.5,-1.2909,6,DE,Soft wheat,precip,-0.0269665617005587
IPSL-CM6A-LR,-0.5,-0.6347,8,DE,Soft wheat,precip,0.0109107183944921
EC-Earth3,-9.5,-9.1554,4,DK,Soft wheat,precip,-0.01025788352442
EC-Earth3,-8.5,-8.4726,15,DK,Soft wheat,precip,-0.0314434786518849
EC-Earth3,-7.5,-7.5562,20,DK,Soft wheat,precip,-0.0406483591315518
EC-Earth3,-6.5,-6.4767,21,DK,Soft wheat,precip,-0.0502343714890362
EC-Earth3,-5.5,-5.3342,8,DK,Soft wheat,precip,-0.0417388299780377
EC-Earth3,-4.5,-4.5495,8,DK,Soft wheat,precip,-0.049302796657815
EC-Earth3,-3.5,-3.3459,9,DK,Soft wheat,precip,-0.0808273120168177
EC-Earth3,-2.5,-2.4493,5,DK,Soft wheat,precip,-0.0295700790751362
EC-Earth3,-1.5,-1.3807,6,DK,Soft wheat,precip,-0.0327420857206714
EC-Earth3,-0.5,-0.6596,3,DK,Soft wheat,precip,0.0525498436803453
HadGEM3-GC3-1LL,-8.5,-8.3848,12,DK,Soft wheat,precip,-0.0528540339382568
HadGEM3-GC3-1LL,-7.5,-7.5599,19,DK,Soft wheat,precip,-0.0254424245414283
HadGEM3-GC3-1LL,-6.5,-6.5442,24,DK,Soft wheat,precip,-0.0514514094864086
HadGEM3-GC3-1LL,-5.5,-5.5797,10,DK,Soft wheat,precip,-0.0385042652075224
HadGEM3-GC3-1LL,-4.5,-4.5263,6,DK,Soft wheat,precip,-0.0391666968190574
HadGEM3-GC3-1LL,-3.5,-3.7835,7,DK,Soft wheat,precip,-0.00598141642756939
HadGEM3-GC3-1LL,-2.5,-2.4504,6,DK,Soft wheat,precip,-0.00248163709719538
HadGEM3-GC3-1LL,-1.5,-1.3098,8,DK,Soft wheat,precip,0.0581150763359065
HadGEM3-GC3-1LL,-0.5,-0.331,6,DK,Soft wheat,precip,-0.0215296460656231
HadGEM3-GC3-1MM,-14.5,-14.3032,4,DK,Soft wheat,precip,0.182928236141985
HadGEM3-GC3-1MM,-13.5,-13.3931,8,DK,Soft wheat,precip,0.132169805899388
HadGEM3-GC3-1MM,-12.5,-12.588,13,DK,Soft wheat,precip,0.147011159526118
HadGEM3-GC3-1MM,-11.5,-11.5321,21,DK,Soft wheat,precip,0.155794100375171
HadGEM3-GC3-1MM,-10.5,-10.4803,10,DK,Soft wheat,precip,0.135054210006161
HadGEM3-GC3-1MM,-9.5,-9.6161,7,DK,Soft wheat,precip,0.0239340195978319
HadGEM3-GC3-1MM,-8.5,-8.6582,7,DK,Soft wheat,precip,0.00625814948835486
HadGEM3-GC3-1MM,-7.5,-7.6345,8,DK,Soft wheat,precip,0.0437748409558008
HadGEM3-GC3-1MM,-6.5,-6.4299,4,DK,Soft wheat,precip,-0.0648230638440739
HadGEM3-GC3-1MM,-5.5,-5.3528,4,DK,Soft wheat,precip,-0.00993516880855691
HadGEM3-GC3-1MM,-4.5,-4.3969,4,DK,Soft wheat,precip,-0.0801792463433904
IPSL-CM6A-LR,-9.5,-9.3401,5,DK,Soft wheat,precip,0.0609427803072101
IPSL-CM6A-LR,-8.5,-8.4598,8,DK,Soft wheat,precip,0.0943287543124358
IPSL-CM6A-LR,-7.5,-7.5255,19,DK,Soft wheat,precip,-0.00996452356691026
IPSL-CM6A-LR,-6.5,-6.5577,11,DK,Soft wheat,precip,0.0491940578158069
IPSL-CM6A-LR,-5.5,-5.5623,13,DK,Soft wheat,precip,-0.0327529584061829
IPSL-CM6A-LR,-4.5,-4.3507,11,DK,Soft wheat,precip,0.00267262220458095
IPSL-CM6A-LR,-3.5,-3.4644,8,DK,Soft wheat,precip,0.0243653416837699
IPSL-CM6A-LR,-2.5,-2.5669,9,DK,Soft wheat,precip,-0.0540741923784928
IPSL-CM6A-LR,-1.5,-1.2909,6,DK,Soft wheat,precip,-0.037600834720176
IPSL-CM6A-LR,-0.5,-0.6347,8,DK,Soft wheat,precip,0.062239171484363
EC-Earth3,-9.5,-9.1554,4,EE,Soft wheat,precip,-0.0227317798811685
EC-Earth3,-8.5,-8.4726,15,EE,Soft wheat,precip,-0.0303844645824786
EC-Earth3,-7.5,-7.5562,20,EE,Soft wheat,precip,0.00123431494949191
EC-Earth3,-6.5,-6.4767,21,EE,Soft wheat,precip,-0.0167458693794349
EC-Earth3,-5.5,-5.3342,8,EE,Soft wheat,precip,-0.0343405880534817
EC-Earth3,-4.5,-4.5495,8,EE,Soft wheat,precip,0.0120536933922043
EC-Earth3,-3.5,-3.3459,9,EE,Soft wheat,precip,-0.00845012282139533
EC-Earth3,-2.5,-2.4493,5,EE,Soft wheat,precip,0.0134375255031922
EC-Earth3,-1.5,-1.3807,6,EE,Soft wheat,precip,-0.0285062154665574
EC-Earth3,-0.5,-0.6596,3,EE,Soft wheat,precip,-0.0268527257911923
HadGEM3-GC3-1LL,-8.5,-8.3848,12,EE,Soft wheat,precip,-0.0213263242028494
HadGEM3-GC3-1LL,-7.5,-7.5599,19,EE,Soft wheat,precip,0.00324790318405386
HadGEM3-GC3-1LL,-6.5,-6.5442,24,EE,Soft wheat,precip,-0.0230199397760218
HadGEM3-GC3-1LL,-5.5,-5.5797,10,EE,Soft wheat,precip,-0.0290094308174815
HadGEM3-GC3-1LL,-4.5,-4.5263,6,EE,Soft wheat,precip,-0.0191424216036463
HadGEM3-GC3-1LL,-3.5,-3.7835,7,EE,Soft wheat,precip,0.0171845518863066
HadGEM3-GC3-1LL,-2.5,-2.4504,6,EE,Soft wheat,precip,0.0554801548465787
HadGEM3-GC3-1LL,-1.5,-1.3098,8,EE,Soft wheat,precip,0.0847544425839883
HadGEM3-GC3-1LL,-0.5,-0.331,6,EE,Soft wheat,precip,0.0102077334485928
HadGEM3-GC3-1MM,-14.5,-14.3032,4,EE,Soft wheat,precip,0.127928159358526
HadGEM3-GC3-1MM,-13.5,-13.3931,8,EE,Soft wheat,precip,0.138351453814403
HadGEM3-GC3-1MM,-12.5,-12.588,13,EE,Soft wheat,precip,0.159495576992555
HadGEM3-GC3-1MM,-11.5,-11.5321,21,EE,Soft wheat,precip,0.131425012223932
HadGEM3-GC3-1MM,-10.5,-10.4803,10,EE,Soft wheat,precip,0.184467894040806
HadGEM3-GC3-1MM,-9.5,-9.6161,7,EE,Soft wheat,precip,0.0343320683295068
HadGEM3-GC3-1MM,-8.5,-8.6582,7,EE,Soft wheat,precip,0.059894097111048
HadGEM3-GC3-1MM,-7.5,-7.6345,8,EE,Soft wheat,precip,0.0885241062187777
HadGEM3-GC3-1MM,-6.5,-6.4299,4,EE,Soft wheat,precip,-0.00781766723467912
HadGEM3-GC3-1MM,-5.5,-5.3528,4,EE,Soft wheat,precip,0.014935906112109
HadGEM3-GC3-1MM,-4.5,-4.3969,4,EE,Soft wheat,precip,0.000468426251629412
IPSL-CM6A-LR,-9.5,-9.3401,5,EE,Soft wheat,precip,0.0926179695768208
IPSL-CM6A-LR,-8.5,-8.4598,8,EE,Soft wheat,precip,0.0880568300134825
IPSL-CM6A-LR,-7.5,-7.5255,19,EE,Soft wheat,precip,0.0406549703942476
IPSL-CM6A-LR,-6.5,-6.5577,11,EE,Soft wheat,precip,0.00676861407166315
IPSL-CM6A-LR,-5.5,-5.5623,13,EE,Soft wheat,precip,0.0197935010012857
IPSL-CM6A-LR,-4.5,-4.3507,11,EE,Soft wheat,precip,0.0275774522983268
IPSL-CM6A-LR,-3.5,-3.4644,8,EE,Soft wheat,precip,-0.00491320198237255
IPSL-CM6A-LR,-2.5,-2.5669,9,EE,Soft wheat,precip,0.000679056506953033
IPSL-CM6A-LR,-1.5,-1.2909,6,EE,Soft wheat,precip,-0.0362650739066341
IPSL-CM6A-LR,-0.5,-0.6347,8,EE,Soft wheat,precip,-0.00429352237180429
EC-Earth3,-9.5,-9.1554,4,EL,Soft wheat,precip,-0.0166910324362633
EC-Earth3,-8.5,-8.4726,15,EL,Soft wheat,precip,-0.0280746809147609
EC-Earth3,-7.5,-7.5562,20,EL,Soft wheat,precip,-0.0230108646554423
EC-Earth3,-6.5,-6.4767,21,EL,Soft wheat,precip,-0.00671845893769631
EC-Earth3,-5.5,-5.3342,8,EL,Soft wheat,precip,-0.0171989910583768
EC-Earth3,-4.5,-4.5495,8,EL,Soft wheat,precip,-0.0127237158053562
EC-Earth3,-3.5,-3.3459,9,EL,Soft wheat,precip,-0.0188333123990086
EC-Earth3,-2.5,-2.4493,5,EL,Soft wheat,precip,-0.0413233437228991
EC-Earth3,-1.5,-1.3807,6,EL,Soft wheat,precip,-0.00718725702179796
EC-Earth3,-0.5,-0.6596,3,EL,Soft wheat,precip,-0.00190870537010261
HadGEM3-GC3-1LL,-8.5,-8.3848,12,EL,Soft wheat,precip,-0.0161883662898109
HadGEM3-GC3-1LL,-7.5,-7.5599,19,EL,Soft wheat,precip,-0.0270628693588652
HadGEM3-GC3-1LL,-6.5,-6.5442,24,EL,Soft wheat,precip,-0.0102345744889161
HadGEM3-GC3-1LL,-5.5,-5.5797,10,EL,Soft wheat,precip,-0.0196569676586596
HadGEM3-GC3-1LL,-4.5,-4.5263,6,EL,Soft wheat,precip,-0.0323712008854285
HadGEM3-GC3-1LL,-3.5,-3.7835,7,EL,Soft wheat,precip,-0.0228009758876596
HadGEM3-GC3-1LL,-2.5,-2.4504,6,EL,Soft wheat,precip,-0.0112723299806931
HadGEM3-GC3-1LL,-1.5,-1.3098,8,EL,Soft wheat,precip,-0.00715109207067852
HadGEM3-GC3-1LL,-0.5,-0.331,6,EL,Soft wheat,precip,-0.0158159196561649
HadGEM3-GC3-1MM,-14.5,-14.3032,4,EL,Soft wheat,precip,-0.0472611070566939
HadGEM3-GC3-1MM,-13.5,-13.3931,8,EL,Soft wheat,precip,-0.0693939134165802
HadGEM3-GC3-1MM,-12.5,-12.588,13,EL,Soft wheat,precip,-0.0441739873653288
HadGEM3-GC3-1MM,-11.5,-11.5321,21,EL,Soft wheat,precip,-0.0616129610793202
HadGEM3-GC3-1MM,-10.5,-10.4803,10,EL,Soft wheat,precip,-0.0678989449315023
HadGEM3-GC3-1MM,-9.5,-9.6161,7,EL,Soft wheat,precip,-0.078148346773559
HadGEM3-GC3-1MM,-8.5,-8.6582,7,EL,Soft wheat,precip,-0.0484645804165032
HadGEM3-GC3-1MM,-7.5,-7.6345,8,EL,Soft wheat,precip,-0.0494442971520395
HadGEM3-GC3-1MM,-6.5,-6.4299,4,EL,Soft wheat,precip,-0.0142086889998179
HadGEM3-GC3-1MM,-5.5,-5.3528,4,EL,Soft wheat,precip,-0.023291553888577
HadGEM3-GC3-1MM,-4.5,-4.3969,4,EL,Soft wheat,precip,-0.0125095640167083
IPSL-CM6A-LR,-9.5,-9.3401,5,EL,Soft wheat,precip,-0.0214988147455913
IPSL-CM6A-LR,-8.5,-8.4598,8,EL,Soft wheat,precip,-0.0510845285597445
IPSL-CM6A-LR,-7.5,-7.5255,19,EL,Soft wheat,precip,-0.0462453515336226
IPSL-CM6A-LR,-6.5,-6.5577,11,EL,Soft wheat,precip,-0.0434629844609639
IPSL-CM6A-LR,-5.5,-5.5623,13,EL,Soft wheat,precip,-0.0322538702828207
IPSL-CM6A-LR,-4.5,-4.3507,11,EL,Soft wheat,precip,-0.00522660331814114
IPSL-CM6A-LR,-3.5,-3.4644,8,EL,Soft wheat,precip,-0.0271581301865362
IPSL-CM6A-LR,-2.5,-2.5669,9,EL,Soft wheat,precip,-0.032195680341225
IPSL-CM6A-LR,-1.5,-1.2909,6,EL,Soft wheat,precip,0.000677657080672848
IPSL-CM6A-LR,-0.5,-0.6347,8,EL,Soft wheat,precip,-0.0433084909936252
EC-Earth3,-9.5,-9.1554,4,ES,Soft wheat,precip,-0.0612066749071813
EC-Earth3,-8.5,-8.4726,15,ES,Soft wheat,precip,-0.0616943846958162
EC-Earth3,-7.5,-7.5562,20,ES,Soft wheat,precip,-0.0440614497695799
EC-Earth3,-6.5,-6.4767,21,ES,Soft wheat,precip,-0.0620645638326112
EC-Earth3,-5.5,-5.3342,8,ES,Soft wheat,precip,-0.0660518147332013
EC-Earth3,-4.5,-4.5495,8,ES,Soft wheat,precip,-0.0739465263157203
EC-Earth3,-3.5,-3.3459,9,ES,Soft wheat,precip,-0.0219022412417015
EC-Earth3,-2.5,-2.4493,5,ES,Soft wheat,precip,-0.045897065809607
EC-Earth3,-1.5,-1.3807,6,ES,Soft wheat,precip,-0.0141259842053175
EC-Earth3,-0.5,-0.6596,3,ES,Soft wheat,precip,-0.0416409420842756
HadGEM3-GC3-1LL,-8.5,-8.3848,12,ES,Soft wheat,precip,-0.0609758368386545
HadGEM3-GC3-1LL,-7.5,-7.5599,19,ES,Soft wheat,precip,-0.0443178575492193
HadGEM3-GC3-1LL,-6.5,-6.5442,24,ES,Soft wheat,precip,-0.0437539609812557
HadGEM3-GC3-1LL,-5.5,-5.5797,10,ES,Soft wheat,precip,-0.025803802734474
HadGEM3-GC3-1LL,-4.5,-4.5263,6,ES,Soft wheat,precip,-0.0663603219582264
HadGEM3-GC3-1LL,-3.5,-3.7835,7,ES,Soft wheat,precip,-0.0422546608476991
HadGEM3-GC3-1LL,-2.5,-2.4504,6,ES,Soft wheat,precip,-0.0531430808638146
HadGEM3-GC3-1LL,-1.5,-1.3098,8,ES,Soft wheat,precip,-0.0182486525719759
HadGEM3-GC3-1LL,-0.5,-0.331,6,ES,Soft wheat,precip,-0.0295851356845986
HadGEM3-GC3-1MM,-14.5,-14.3032,4,ES,Soft wheat,precip,-0.0635383642757981
HadGEM3-GC3-1MM,-13.5,-13.3931,8,ES,Soft wheat,precip,-0.0407731440884007
HadGEM3-GC3-1MM,-12.5,-12.588,13,ES,Soft wheat,precip,-0.0541612871871156
HadGEM3-GC3-1MM,-11.5,-11.5321,21,ES,Soft wheat,precip,-0.0755961044293474
HadGEM3-GC3-1MM,-10.5,-10.4803,10,ES,Soft wheat,precip,-0.0819761825992167
HadGEM3-GC3-1MM,-9.5,-9.6161,7,ES,Soft wheat,precip,-0.0638918462502148
HadGEM3-GC3-1MM,-8.5,-8.6582,7,ES,Soft wheat,precip,-0.0419187030513293
HadGEM3-GC3-1MM,-7.5,-7.6345,8,ES,Soft wheat,precip,-0.0796949332079091
HadGEM3-GC3-1MM,-6.5,-6.4299,4,ES,Soft wheat,precip,-0.0552410593863663
HadGEM3-GC3-1MM,-5.5,-5.3528,4,ES,Soft wheat,precip,-0.0362989944160595
HadGEM3-GC3-1MM,-4.5,-4.3969,4,ES,Soft wheat,precip,0.0308337113917261
IPSL-CM6A-LR,-9.5,-9.3401,5,ES,Soft wheat,precip,-0.0634696856205522
IPSL-CM6A-LR,-8.5,-8.4598,8,ES,Soft wheat,precip,-0.0744509854602433
IPSL-CM6A-LR,-7.5,-7.5255,19,ES,Soft wheat,precip,-0.0663560452085738
IPSL-CM6A-LR,-6.5,-6.5577,11,ES,Soft wheat,precip,-0.0649297671455766
IPSL-CM6A-LR,-5.5,-5.5623,13,ES,Soft wheat,precip,-0.0649703577457258
IPSL-CM6A-LR,-4.5,-4.3507,11,ES,Soft wheat,precip,-0.0606335233377224
IPSL-CM6A-LR,-3.5,-3.4644,8,ES,Soft wheat,precip,-0.0669539284030678
IPSL-CM6A-LR,-2.5,-2.5669,9,ES,Soft wheat,precip,-0.0064384227492702
IPSL-CM6A-LR,-1.5,-1.2909,6,ES,Soft wheat,precip,-0.0364385553699696
IPSL-CM6A-LR,-0.5,-0.6347,8,ES,Soft wheat,precip,-0.0335342583029591
EC-Earth3,-9.5,-9.1554,4,FI,Soft wheat,precip,0.00488492335830666
EC-Earth3,-8.5,-8.4726,15,FI,Soft wheat,precip,-0.0028710082969589
EC-Earth3,-7.5,-7.5562,20,FI,Soft wheat,precip,-0.00603137262896956
EC-Earth3,-6.5,-6.4767,21,FI,Soft wheat,precip,-0.0149273795226165
EC-Earth3,-5.5,-5.3342,8,FI,Soft wheat,precip,-0.0236285064945279
EC-Earth3,-4.5,-4.5495,8,FI,Soft wheat,precip,0.0112206262138744
EC-Earth3,-3.5,-3.3459,9,FI,Soft wheat,precip,-0.00865112292172033
EC-Earth3,-2.5,-2.4493,5,FI,Soft wheat,precip,0.0466900376410319
EC-Earth3,-1.5,-1.3807,6,FI,Soft wheat,precip,-0.0149753353396417
EC-Earth3,-0.5,-0.6596,3,FI,Soft wheat,precip,-0.0255905605141589
HadGEM3-GC3-1LL,-8.5,-8.3848,12,FI,Soft wheat,precip,-0.0157099899390577
HadGEM3-GC3-1LL,-7.5,-7.5599,19,FI,Soft wheat,precip,-0.015899208261351
HadGEM3-GC3-1LL,-6.5,-6.5442,24,FI,Soft wheat,precip,-0.0203314714421305
HadGEM3-GC3-1LL,-5.5,-5.5797,10,FI,Soft wheat,precip,-0.0382081178005276
HadGEM3-GC3-1LL,-4.5,-4.5263,6,FI,Soft wheat,precip,-0.00424455621075145
HadGEM3-GC3-1LL,-3.5,-3.7835,7,FI,Soft wheat,precip,0.027826717844585
HadGEM3-GC3-1LL,-2.5,-2.4504,6,FI,Soft wheat,precip,0.0311761885902264
HadGEM3-GC3-1LL,-1.5,-1.3098,8,FI,Soft wheat,precip,0.088067198530504
HadGEM3-GC3-1LL,-0.5,-0.331,6,FI,Soft wheat,precip,0.00445636548547995
HadGEM3-GC3-1MM,-14.5,-14.3032,4,FI,Soft wheat,precip,0.182933715227339
HadGEM3-GC3-1MM,-13.5,-13.3931,8,FI,Soft wheat,precip,0.133969671469845
HadGEM3-GC3-1MM,-12.5,-12.588,13,FI,Soft wheat,precip,0.167407285661501
HadGEM3-GC3-1MM,-11.5,-11.5321,21,FI,Soft wheat,precip,0.163378119813392
HadGEM3-GC3-1MM,-10.5,-10.4803,10,FI,Soft wheat,precip,0.156127482814119
HadGEM3-GC3-1MM,-9.5,-9.6161,7,FI,Soft wheat,precip,0.0835677090373688
HadGEM3-GC3-1MM,-8.5,-8.6582,7,FI,Soft wheat,precip,0.110878638385441
HadGEM3-GC3-1MM,-7.5,-7.6345,8,FI,Soft wheat,precip,0.105223885868431
HadGEM3-GC3-1MM,-6.5,-6.4299,4,FI,Soft wheat,precip,-0.0106166765097037
HadGEM3-GC3-1MM,-5.5,-5.3528,4,FI,Soft wheat,precip,0.0164444605984016
HadGEM3-GC3-1MM,-4.5,-4.3969,4,FI,Soft wheat,precip,-0.0144553014040834
IPSL-CM6A-LR,-9.5,-9.3401,5,FI,Soft wheat,precip,0.0779401960154431
IPSL-CM6A-LR,-8.5,-8.4598,8,FI,Soft wheat,precip,0.112704829437923
IPSL-CM6A-LR,-7.5,-7.5255,19,FI,Soft wheat,precip,0.077639847807172
IPSL-CM6A-LR,-6.5,-6.5577,11,FI,Soft wheat,precip,0.0535653851365137
IPSL-CM6A-LR,-5.5,-5.5623,13,FI,Soft wheat,precip,0.00269731260434724
IPSL-CM6A-LR,-4.5,-4.3507,11,FI,Soft wheat,precip,0.00727672091897978
IPSL-CM6A-LR,-3.5,-3.4644,8,FI,Soft wheat,precip,-0.0076455602316178
IPSL-CM6A-LR,-2.5,-2.5669,9,FI,Soft wheat,precip,-0.022093027927402
IPSL-CM6A-LR,-1.5,-1.2909,6,FI,Soft wheat,precip,-0.0111051505290851
IPSL-CM6A-LR,-0.5,-0.6347,8,FI,Soft wheat,precip,0.0172046431602057
EC-Earth3,-9.5,-9.1554,4,FR,Soft wheat,precip,-0.00742377745970154
EC-Earth3,-8.5,-8.4726,15,FR,Soft wheat,precip,-0.0768066201062447
EC-Earth3,-7.5,-7.5562,20,FR,Soft wheat,precip,-0.0345270416017489
EC-Earth3,-6.5,-6.4767,21,FR,Soft wheat,precip,-0.0653557054783001
EC-Earth3,-5.5,-5.3342,8,FR,Soft wheat,precip,-0.0122907727296618
EC-Earth3,-4.5,-4.5495,8,FR,Soft wheat,precip,-0.080650706363159
EC-Earth3,-3.5,-3.3459,9,FR,Soft wheat,precip,-0.0528921357769261
EC-Earth3,-2.5,-2.4493,5,FR,Soft wheat,precip,-0.0506072286834796
EC-Earth3,-1.5,-1.3807,6,FR,Soft wheat,precip,-0.0379182432358234
EC-Earth3,-0.5,-0.6596,3,FR,Soft wheat,precip,0.00482743954632608
HadGEM3-GC3-1LL,-8.5,-8.3848,12,FR,Soft wheat,precip,-0.0533259082999699
HadGEM3-GC3-1LL,-7.5,-7.5599,19,FR,Soft wheat,precip,-0.0282540136270943
HadGEM3-GC3-1LL,-6.5,-6.5442,24,FR,Soft wheat,precip,-0.0549355188983914
HadGEM3-GC3-1LL,-5.5,-5.5797,10,FR,Soft wheat,precip,-0.00593325102942869
HadGEM3-GC3-1LL,-4.5,-4.5263,6,FR,Soft wheat,precip,-0.0867738319898953
HadGEM3-GC3-1LL,-3.5,-3.7835,7,FR,Soft wheat,precip,-0.0236812435668633
HadGEM3-GC3-1LL,-2.5,-2.4504,6,FR,Soft wheat,precip,-0.0682296358477124
HadGEM3-GC3-1LL,-1.5,-1.3098,8,FR,Soft wheat,precip,0.0220661416622301
HadGEM3-GC3-1LL,-0.5,-0.331,6,FR,Soft wheat,precip,-0.0209245082939774
HadGEM3-GC3-1MM,-14.5,-14.3032,4,FR,Soft wheat,precip,0.0767773313052784
HadGEM3-GC3-1MM,-13.5,-13.3931,8,FR,Soft wheat,precip,0.084300395556958
HadGEM3-GC3-1MM,-12.5,-12.588,13,FR,Soft wheat,precip,0.0684046903931264
HadGEM3-GC3-1MM,-11.5,-11.5321,21,FR,Soft wheat,precip,0.0238829794041667
HadGEM3-GC3-1MM,-10.5,-10.4803,10,FR,Soft wheat,precip,-0.0428438247287852
HadGEM3-GC3-1MM,-9.5,-9.6161,7,FR,Soft wheat,precip,-0.0425139080634833
HadGEM3-GC3-1MM,-8.5,-8.6582,7,FR,Soft wheat,precip,-0.0340361505949806
HadGEM3-GC3-1MM,-7.5,-7.6345,8,FR,Soft wheat,precip,-0.0339508616601781
HadGEM3-GC3-1MM,-6.5,-6.4299,4,FR,Soft wheat,precip,-0.0471216952530358
HadGEM3-GC3-1MM,-5.5,-5.3528,4,FR,Soft wheat,precip,0.0162341638529259
HadGEM3-GC3-1MM,-4.5,-4.3969,4,FR,Soft wheat,precip,-0.00633687382787322
IPSL-CM6A-LR,-9.5,-9.3401,5,FR,Soft wheat,precip,-0.0578446194108095
IPSL-CM6A-LR,-8.5,-8.4598,8,FR,Soft wheat,precip,-0.0378597553804253
IPSL-CM6A-LR,-7.5,-7.5255,19,FR,Soft wheat,precip,-0.068601907127889
IPSL-CM6A-LR,-6.5,-6.5577,11,FR,Soft wheat,precip,-0.0903019470524079
IPSL-CM6A-LR,-5.5,-5.5623,13,FR,Soft wheat,precip,-0.0722205764015903
IPSL-CM6A-LR,-4.5,-4.3507,11,FR,Soft wheat,precip,-0.0397768001477477
IPSL-CM6A-LR,-3.5,-3.4644,8,FR,Soft wheat,precip,-0.0502659485199305
IPSL-CM6A-LR,-2.5,-2.5669,9,FR,Soft wheat,precip,-0.0605614909413581
IPSL-CM6A-LR,-1.5,-1.2909,6,FR,Soft wheat,precip,-0.00151713175509223
IPSL-CM6A-LR,-0.5,-0.6347,8,FR,Soft wheat,precip,0.00900752528217538
EC-Earth3,-9.5,-9.1554,4,HU,Soft wheat,precip,0.0240769044168564
EC-Earth3,-8.5,-8.4726,15,HU,Soft wheat,precip,0.0232290689043376
EC-Earth3,-7.5,-7.5562,20,HU,Soft wheat,precip,0.00764204484386839
EC-Earth3,-6.5,-6.4767,21,HU,Soft wheat,precip,-0.0235539957615202
EC-Earth3,-5.5,-5.3342,8,HU,Soft wheat,precip,-0.0465238862202721
EC-Earth3,-4.5,-4.5495,8,HU,Soft wheat,precip,-0.00286288682169198
EC-Earth3,-3.5,-3.3459,9,HU,Soft wheat,precip,0.0150167010991332
EC-Earth3,-2.5,-2.4493,5,HU,Soft wheat,precip,-0.0715101964585992
EC-Earth3,-1.5,-1.3807,6,HU,Soft wheat,precip,0.0481739075806556
EC-Earth3,-0.5,-0.6596,3,HU,Soft wheat,precip,-0.0359845104399093
HadGEM3-GC3-1LL,-8.5,-8.3848,12,HU,Soft wheat,precip,-0.029105102437642
HadGEM3-GC3-1LL,-7.5,-7.5599,19,HU,Soft wheat,precip,-0.0351470891982162
HadGEM3-GC3-1LL,-6.5,-6.5442,24,HU,Soft wheat,precip,0.00435469192216338
HadGEM3-GC3-1LL,-5.5,-5.5797,10,HU,Soft wheat,precip,-0.0232466854853448
HadGEM3-GC3-1LL,-4.5,-4.5263,6,HU,Soft wheat,precip,0.0290707114259339
HadGEM3-GC3-1LL,-3.5,-3.7835,7,HU,Soft wheat,precip,-0.00149531103337556
HadGEM3-GC3-1LL,-2.5,-2.4504,6,HU,Soft wheat,precip,-0.022423831459914
HadGEM3-GC3-1LL,-1.5,-1.3098,8,HU,Soft wheat,precip,-0.0106187134715345
HadGEM3-GC3-1LL,-0.5,-0.331,6,HU,Soft wheat,precip,0.0217077887263513
HadGEM3-GC3-1MM,-14.5,-14.3032,4,HU,Soft wheat,precip,-0.08491163699071
HadGEM3-GC3-1MM,-13.5,-13.3931,8,HU,Soft wheat,precip,-0.0577744491344877
HadGEM3-GC3-1MM,-12.5,-12.588,13,HU,Soft wheat,precip,-0.0440348689368017
HadGEM3-GC3-1MM,-11.5,-11.5321,21,HU,Soft wheat,precip,-0.043200909477768
HadGEM3-GC3-1MM,-10.5,-10.4803,10,HU,Soft wheat,precip,-0.0340548395312692
HadGEM3-GC3-1MM,-9.5,-9.6161,7,HU,Soft wheat,precip,-0.0609995725470095
HadGEM3-GC3-1MM,-8.5,-8.6582,7,HU,Soft wheat,precip,-0.0444327024286244
HadGEM3-GC3-1MM,-7.5,-7.6345,8,HU,Soft wheat,precip,-0.000520812829718192
HadGEM3-GC3-1MM,-6.5,-6.4299,4,HU,Soft wheat,precip,-0.0179201733215141
HadGEM3-GC3-1MM,-5.5,-5.3528,4,HU,Soft wheat,precip,-0.0338439073326918
HadGEM3-GC3-1MM,-4.5,-4.3969,4,HU,Soft wheat,precip,0.000584870270386557
IPSL-CM6A-LR,-9.5,-9.3401,5,HU,Soft wheat,precip,-0.0304863321824667
IPSL-CM6A-LR,-8.5,-8.4598,8,HU,Soft wheat,precip,-0.0346035873442503
IPSL-CM6A-LR,-7.5,-7.5255,19,HU,Soft wheat,precip,-0.0334050014068587
IPSL-CM6A-LR,-6.5,-6.5577,11,HU,Soft wheat,precip,-0.0470063918130978
IPSL-CM6A-LR,-5.5,-5.5623,13,HU,Soft wheat,precip,-0.0296423433352922
IPSL-CM6A-LR,-4.5,-4.3507,11,HU,Soft wheat,precip,-0.0188420979587988
IPSL-CM6A-LR,-3.5,-3.4644,8,HU,Soft wheat,precip,0.00636009888314881
IPSL-CM6A-LR,-2.5,-2.5669,9,HU,Soft wheat,precip,-0.0316938470453988
IPSL-CM6A-LR,-1.5,-1.2909,6,HU,Soft wheat,precip,-0.0309021886165833
IPSL-CM6A-LR,-0.5,-0.6347,8,HU,Soft wheat,precip,-0.0297652381823264
EC-Earth3,-9.5,-9.1554,4,IT,Soft wheat,precip,-0.0309022949017969
EC-Earth3,-8.5,-8.4726,15,IT,Soft wheat,precip,-0.0634005782260337
EC-Earth3,-7.5,-7.5562,20,IT,Soft wheat,precip,-0.031712177982557
EC-Earth3,-6.5,-6.4767,21,IT,Soft wheat,precip,-0.0481910392728851
EC-Earth3,-5.5,-5.3342,8,IT,Soft wheat,precip,-0.0663143772254567
EC-Earth3,-4.5,-4.5495,8,IT,Soft wheat,precip,-0.0861853707167215
EC-Earth3,-3.5,-3.3459,9,IT,Soft wheat,precip,-0.00777731709808374
EC-Earth3,-2.5,-2.4493,5,IT,Soft wheat,precip,-0.0943547898302411
EC-Earth3,-1.5,-1.3807,6,IT,Soft wheat,precip,-0.0468673559502652
EC-Earth3,-0.5,-0.6596,3,IT,Soft wheat,precip,-0.0581204632204383
HadGEM3-GC3-1LL,-8.5,-8.3848,12,IT,Soft wheat,precip,-0.0500173353991834
HadGEM3-GC3-1LL,-7.5,-7.5599,19,IT,Soft wheat,precip,-0.059725519079037
HadGEM3-GC3-1LL,-6.5,-6.5442,24,IT,Soft wheat,precip,-0.0253703134544904
HadGEM3-GC3-1LL,-5.5,-5.5797,10,IT,Soft wheat,precip,-0.0398663807466592
HadGEM3-GC3-1LL,-4.5,-4.5263,6,IT,Soft wheat,precip,-0.0620594378503644
HadGEM3-GC3-1LL,-3.5,-3.7835,7,IT,Soft wheat,precip,-0.0430643894466163
HadGEM3-GC3-1LL,-2.5,-2.4504,6,IT,Soft wheat,precip,-0.0699746412790106
HadGEM3-GC3-1LL,-1.5,-1.3098,8,IT,Soft wheat,precip,-0.00836069053094396
HadGEM3-GC3-1LL,-0.5,-0.331,6,IT,Soft wheat,precip,-0.0137219702700531
HadGEM3-GC3-1MM,-14.5,-14.3032,4,IT,Soft wheat,precip,-0.100974603522917
HadGEM3-GC3-1MM,-13.5,-13.3931,8,IT,Soft wheat,precip,-0.110461793737256
HadGEM3-GC3-1MM,-12.5,-12.588,13,IT,Soft wheat,precip,-0.0943501495359556
HadGEM3-GC3-1MM,-11.5,-11.5321,21,IT,Soft wheat,precip,-0.101807232803484
HadGEM3-GC3-1MM,-10.5,-10.4803,10,IT,Soft wheat,precip,-0.108152444114897
HadGEM3-GC3-1MM,-9.5,-9.6161,7,IT,Soft wheat,precip,-0.0892899450599824
HadGEM3-GC3-1MM,-8.5,-8.6582,7,IT,Soft wheat,precip,-0.102519468420662
HadGEM3-GC3-1MM,-7.5,-7.6345,8,IT,Soft wheat,precip,-0.103719358304775
HadGEM3-GC3-1MM,-6.5,-6.4299,4,IT,Soft wheat,precip,-0.0569137886383551
HadGEM3-GC3-1MM,-5.5,-5.3528,4,IT,Soft wheat,precip,-0.0758790553286381
HadGEM3-GC3-1MM,-4.5,-4.3969,4,IT,Soft wheat,precip,-0.0193333565336104
IPSL-CM6A-LR,-9.5,-9.3401,5,IT,Soft wheat,precip,-0.058003865016656
IPSL-CM6A-LR,-8.5,-8.4598,8,IT,Soft wheat,precip,-0.0732657522007861
IPSL-CM6A-LR,-7.5,-7.5255,19,IT,Soft wheat,precip,-0.0798170381117462
IPSL-CM6A-LR,-6.5,-6.5577,11,IT,Soft wheat,precip,-0.103553576955615
IPSL-CM6A-LR,-5.5,-5.5623,13,IT,Soft wheat,precip,-0.0737734529405652
IPSL-CM6A-LR,-4.5,-4.3507,11,IT,Soft wheat,precip,-0.062810155284635
IPSL-CM6A-LR,-3.5,-3.4644,8,IT,Soft wheat,precip,-0.0480576234803018
IPSL-CM6A-LR,-2.5,-2.5669,9,IT,Soft wheat,precip,-0.0268224170968391
IPSL-CM6A-LR,-1.5,-1.2909,6,IT,Soft wheat,precip,-0.0446965639096951
IPSL-CM6A-LR,-0.5,-0.6347,8,IT,Soft wheat,precip,-0.0435235232064903
EC-Earth3,-9.5,-9.1554,4,LT,Soft wheat,precip,-0.0103929452260612
EC-Earth3,-8.5,-8.4726,15,LT,Soft wheat,precip,-0.0482166461203602
EC-Earth3,-7.5,-7.5562,20,LT,Soft wheat,precip,-0.0316560472426345
EC-Earth3,-6.5,-6.4767,21,LT,Soft wheat,precip,-0.0333634287408101
EC-Earth3,-5.5,-5.3342,8,LT,Soft wheat,precip,-0.0282274903212282
EC-Earth3,-4.5,-4.5495,8,LT,Soft wheat,precip,-0.00246717944028896
EC-Earth3,-3.5,-3.3459,9,LT,Soft wheat,precip,-0.0506893888384728
EC-Earth3,-2.5,-2.4493,5,LT,Soft wheat,precip,-0.0205973826495789
EC-Earth3,-1.5,-1.3807,6,LT,Soft wheat,precip,-0.055084468164511
EC-Earth3,-0.5,-0.6596,3,LT,Soft wheat,precip,-0.0557066565203884
HadGEM3-GC3-1LL,-8.5,-8.3848,12,LT,Soft wheat,precip,-0.0486644637882784
HadGEM3-GC3-1LL,-7.5,-7.5599,19,LT,Soft wheat,precip,-0.0332320403154803
HadGEM3-GC3-1LL,-6.5,-6.5442,24,LT,Soft wheat,precip,-0.0405146389674153
HadGEM3-GC3-1LL,-5.5,-5.5797,10,LT,Soft wheat,precip,-0.0591485756269308
HadGEM3-GC3-1LL,-4.5,-4.5263,6,LT,Soft wheat,precip,-0.0198391691196127
HadGEM3-GC3-1LL,-3.5,-3.7835,7,LT,Soft wheat,precip,-0.00926872386290127
HadGEM3-GC3-1LL,-2.5,-2.4504,6,LT,Soft wheat,precip,0.030449812214631
HadGEM3-GC3-1LL,-1.5,-1.3098,8,LT,Soft wheat,precip,0.0537672057166772
HadGEM3-GC3-1LL,-0.5,-0.331,6,LT,Soft wheat,precip,0.00174046825662909
HadGEM3-GC3-1MM,-14.5,-14.3032,4,LT,Soft wheat,precip,0.0102454645482923
HadGEM3-GC3-1MM,-13.5,-13.3931,8,LT,Soft wheat,precip,0.0799170494201736
HadGEM3-GC3-1MM,-12.5,-12.588,13,LT,Soft wheat,precip,0.0751498728914332
HadGEM3-GC3-1MM,-11.5,-11.5321,21,LT,Soft wheat,precip,0.0435697498821531
HadGEM3-GC3-1MM,-10.5,-10.4803,10,LT,Soft wheat,precip,0.112130359437505
HadGEM3-GC3-1MM,-9.5,-9.6161,7,LT,Soft wheat,precip,-0.0447521206912042
HadGEM3-GC3-1MM,-8.5,-8.6582,7,LT,Soft wheat,precip,-0.000552891303427012
HadGEM3-GC3-1MM,-7.5,-7.6345,8,LT,Soft wheat,precip,0.0185531495524996
HadGEM3-GC3-1MM,-6.5,-6.4299,4,LT,Soft wheat,precip,-0.0255593137625974
HadGEM3-GC3-1MM,-5.5,-5.3528,4,LT,Soft wheat,precip,0.00244103981504919
HadGEM3-GC3-1MM,-4.5,-4.3969,4,LT,Soft wheat,precip,-0.0193788765353378
IPSL-CM6A-LR,-9.5,-9.3401,5,LT,Soft wheat,precip,-0.000685963879038234
IPSL-CM6A-LR,-8.5,-8.4598,8,LT,Soft wheat,precip,0.00829525496715936
IPSL-CM6A-LR,-7.5,-7.5255,19,LT,Soft wheat,precip,-0.0394605819723456
IPSL-CM6A-LR,-6.5,-6.5577,11,LT,Soft wheat,precip,-0.0702644197491902
IPSL-CM6A-LR,-5.5,-5.5623,13,LT,Soft wheat,precip,-0.0235720648193865
IPSL-CM6A-LR,-4.5,-4.3507,11,LT,Soft wheat,precip,-0.0211232181067166
IPSL-CM6A-LR,-3.5,-3.4644,8,LT,Soft wheat,precip,0.014320589769915
IPSL-CM6A-LR,-2.5,-2.5669,9,LT,Soft wheat,precip,0.000103846389544931
IPSL-CM6A-LR,-1.5,-1.2909,6,LT,Soft wheat,precip,-0.0404339377287754
IPSL-CM6A-LR,-0.5,-0.6347,8,LT,Soft wheat,precip,-0.00395746009224638
EC-Earth3,-9.5,-9.1554,4,LV,Soft wheat,precip,-0.00861204360361091
EC-Earth3,-8.5,-8.4726,15,LV,Soft wheat,precip,-0.0389962089391821
EC-Earth3,-7.5,-7.5562,20,LV,Soft wheat,precip,-0.0182756803500233
EC-Earth3,-6.5,-6.4767,21,LV,Soft wheat,precip,-0.0232284201959765
EC-Earth3,-5.5,-5.3342,8,LV,Soft wheat,precip,-0.0333335916588113
EC-Earth3,-4.5,-4.5495,8,LV,Soft wheat,precip,0.00198830829600766
EC-Earth3,-3.5,-3.3459,9,LV,Soft wheat,precip,-0.0297322729372747
EC-Earth3,-2.5,-2.4493,5,LV,Soft wheat,precip,-0.0092074140590953
EC-Earth3,-1.5,-1.3807,6,LV,Soft wheat,precip,-0.04564559235478
EC-Earth3,-0.5,-0.6596,3,LV,Soft wheat,precip,-0.0402618074662396
HadGEM3-GC3-1LL,-8.5,-8.3848,12,LV,Soft wheat,precip,-0.0378584736127009
HadGEM3-GC3-1LL,-7.5,-7.5599,19,LV,Soft wheat,precip,-0.0157158900915002
HadGEM3-GC3-1LL,-6.5,-6.5442,24,LV,Soft wheat,precip,-0.0278444870239761
HadGEM3-GC3-1LL,-5.5,-5.5797,10,LV,Soft wheat,precip,-0.0410505628046298
HadGEM3-GC3-1LL,-4.5,-4.5263,6,LV,Soft wheat,precip,-0.0197090092918521
HadGEM3-GC3-1LL,-3.5,-3.7835,7,LV,Soft wheat,precip,0.00669656958144409
HadGEM3-GC3-1LL,-2.5,-2.4504,6,LV,Soft wheat,precip,0.0455981399292753
HadGEM3-GC3-1LL,-1.5,-1.3098,8,LV,Soft wheat,precip,0.0718366165181024
HadGEM3-GC3-1LL,-0.5,-0.331,6,LV,Soft wheat,precip,0.00386987891981822
HadGEM3-GC3-1MM,-14.5,-14.3032,4,LV,Soft wheat,precip,0.063251237078924
HadGEM3-GC3-1MM,-13.5,-13.3931,8,LV,Soft wheat,precip,0.121170172129274
HadGEM3-GC3-1MM,-12.5,-12.588,13,LV,Soft wheat,precip,0.124471141154822
HadGEM3-GC3-1MM,-11.5,-11.5321,21,LV,Soft wheat,precip,0.0947162896101588
HadGEM3-GC3-1MM,-10.5,-10.4803,10,LV,Soft wheat,precip,0.152149185485756
HadGEM3-GC3-1MM,-9.5,-9.6161,7,LV,Soft wheat,precip,-0.00967416929980514
HadGEM3-GC3-1MM,-8.5,-8.6582,7,LV,Soft wheat,precip,0.0213535462596856
HadGEM3-GC3-1MM,-7.5,-7.6345,8,LV,Soft wheat,precip,0.0422604463849127
HadGEM3-GC3-1MM,-6.5,-6.4299,4,LV,Soft wheat,precip,-0.0138795621674023
HadGEM3-GC3-1MM,-5.5,-5.3528,4,LV,Soft wheat,precip,0.00455406179990501
HadGEM3-GC3-1MM,-4.5,-4.3969,4,LV,Soft wheat,precip,-0.00561799512839132
IPSL-CM6A-LR,-9.5,-9.3401,5,LV,Soft wheat,precip,0.0454313361460841
IPSL-CM6A-LR,-8.5,-8.4598,8,LV,Soft wheat,precip,0.0533321501769566
IPSL-CM6A-LR,-7.5,-7.5255,19,LV,Soft wheat,precip,-0.00517898787994897
IPSL-CM6A-LR,-6.5,-6.5577,11,LV,Soft wheat,precip,-0.0330621327835936
IPSL-CM6A-LR,-5.5,-5.5623,13,LV,Soft wheat,precip,-0.00269996742038743
IPSL-CM6A-LR,-4.5,-4.3507,11,LV,Soft wheat,precip,0.00277740245175973
IPSL-CM6A-LR,-3.5,-3.4644,8,LV,Soft wheat,precip,0.00683669759640572
IPSL-CM6A-LR,-2.5,-2.5669,9,LV,Soft wheat,precip,0.014296041481814
IPSL-CM6A-LR,-1.5,-1.2909,6,LV,Soft wheat,precip,-0.0305413888407528
IPSL-CM6A-LR,-0.5,-0.6347,8,LV,Soft wheat,precip,0.00667577997634101
EC-Earth3,-9.5,-9.1554,4,RO,Soft wheat,precip,0.0121766564578861
EC-Earth3,-8.5,-8.4726,15,RO,Soft wheat,precip,-0.00981219605331002
EC-Earth3,-7.5,-7.5562,20,RO,Soft wheat,precip,-0.0017828088426224
EC-Earth3,-6.5,-6.4767,21,RO,Soft wheat,precip,-0.0245630201471104
EC-Earth3,-5.5,-5.3342,8,RO,Soft wheat,precip,-0.0140517173395441
EC-Earth3,-4.5,-4.5495,8,RO,Soft wheat,precip,0.0195455382248126
EC-Earth3,-3.5,-3.3459,9,RO,Soft wheat,precip,0.0103244033712732
EC-Earth3,-2.5,-2.4493,5,RO,Soft wheat,precip,-0.0798839541036546
EC-Earth3,-1.5,-1.3807,6,RO,Soft wheat,precip,0.0432047685939259
EC-Earth3,-0.5,-0.6596,3,RO,Soft wheat,precip,-0.0232748341228556
HadGEM3-GC3-1LL,-8.5,-8.3848,12,RO,Soft wheat,precip,-0.027175213939141
HadGEM3-GC3-1LL,-7.5,-7.5599,19,RO,Soft wheat,precip,-0.0401771407404331
HadGEM3-GC3-1LL,-6.5,-6.5442,24,RO,Soft wheat,precip,0.00409803164601689
HadGEM3-GC3-1LL,-5.5,-5.5797,10,RO,Soft wheat,precip,-0.0371907293898186
HadGEM3-GC3-1LL,-4.5,-4.5263,6,RO,Soft wheat,precip,0.0103906567649213
HadGEM3-GC3-1LL,-3.5,-3.7835,7,RO,Soft wheat,precip,-0.00706914012578836
HadGEM3-GC3-1LL,-2.5,-2.4504,6,RO,Soft wheat,precip,-0.0179340257659987
HadGEM3-GC3-1LL,-1.5,-1.3098,8,RO,Soft wheat,precip,0.00430822190232916
HadGEM3-GC3-1LL,-0.5,-0.331,6,RO,Soft wheat,precip,0.034460302731155
HadGEM3-GC3-1MM,-14.5,-14.3032,4,RO,Soft wheat,precip,-0.0815803528023095
HadGEM3-GC3-1MM,-13.5,-13.3931,8,RO,Soft wheat,precip,-0.0745988446807534
HadGEM3-GC3-1MM,-12.5,-12.588,13,RO,Soft wheat,precip,-0.0555151690557862
HadGEM3-GC3-1MM,-11.5,-11.5321,21,RO,Soft wheat,precip,-0.077879972580603
HadGEM3-GC3-1MM,-10.5,-10.4803,10,RO,Soft wheat,precip,-0.0440499759817593
HadGEM3-GC3-1MM,-9.5,-9.6161,7,RO,Soft wheat,precip,-0.0893604173566069
HadGEM3-GC3-1MM,-8.5,-8.6582,7,RO,Soft wheat,precip,-0.0613672635401326
HadGEM3-GC3-1MM,-7.5,-7.6345,8,RO,Soft wheat,precip,-0.00480257316035164
HadGEM3-GC3-1MM,-6.5,-6.4299,4,RO,Soft wheat,precip,0.00507593587247324
HadGEM3-GC3-1MM,-5.5,-5.3528,4,RO,Soft wheat,precip,0.00161918815527446
HadGEM3-GC3-1MM,-4.5,-4.3969,4,RO,Soft wheat,precip,-0.0288764892226151
IPSL-CM6A-LR,-9.5,-9.3401,5,RO,Soft wheat,precip,-0.0117618085030685
IPSL-CM6A-LR,-8.5,-8.4598,8,RO,Soft wheat,precip,-0.0373517590422722
IPSL-CM6A-LR,-7.5,-7.5255,19,RO,Soft wheat,precip,-0.0380208411710487
IPSL-CM6A-LR,-6.5,-6.5577,11,RO,Soft wheat,precip,-0.0557878923554434
IPSL-CM6A-LR,-5.5,-5.5623,13,RO,Soft wheat,precip,-0.0266687365484852
IPSL-CM6A-LR,-4.5,-4.3507,11,RO,Soft wheat,precip,-0.0132013871735473
IPSL-CM6A-LR,-3.5,-3.4644,8,RO,Soft wheat,precip,-0.0189532781247364
IPSL-CM6A-LR,-2.5,-2.5669,9,RO,Soft wheat,precip,-0.0365063403997033
IPSL-CM6A-LR,-1.5,-1.2909,6,RO,Soft wheat,precip,-0.0263823837730856
IPSL-CM6A-LR,-0.5,-0.6347,8,RO,Soft wheat,precip,-0.0364767977677541
EC-Earth3,-9.5,-9.1554,4,SE,Soft wheat,precip,0.0618278736714742
EC-Earth3,-8.5,-8.4726,15,SE,Soft wheat,precip,0.000339714800423936
EC-Earth3,-7.5,-7.5562,20,SE,Soft wheat,precip,-0.017156989493062
EC-Earth3,-6.5,-6.4767,21,SE,Soft wheat,precip,-0.0361942972023838
EC-Earth3,-5.5,-5.3342,8,SE,Soft wheat,precip,-0.0110060703398849
EC-Earth3,-4.5,-4.5495,8,SE,Soft wheat,precip,-0.011023447127296
EC-Earth3,-3.5,-3.3459,9,SE,Soft wheat,precip,-0.064129449567851
EC-Earth3,-2.5,-2.4493,5,SE,Soft wheat,precip,0.017132454865175
EC-Earth3,-1.5,-1.3807,6,SE,Soft wheat,precip,-0.023654181409884
EC-Earth3,-0.5,-0.6596,3,SE,Soft wheat,precip,0.0429411856111863
HadGEM3-GC3-1LL,-8.5,-8.3848,12,SE,Soft wheat,precip,-0.0512368567750373
HadGEM3-GC3-1LL,-7.5,-7.5599,19,SE,Soft wheat,precip,-0.0216466054832223
HadGEM3-GC3-1LL,-6.5,-6.5442,24,SE,Soft wheat,precip,-0.0438067228781818
HadGEM3-GC3-1LL,-5.5,-5.5797,10,SE,Soft wheat,precip,-0.0565561442563505
HadGEM3-GC3-1LL,-4.5,-4.5263,6,SE,Soft wheat,precip,-0.0192389710959676
HadGEM3-GC3-1LL,-3.5,-3.7835,7,SE,Soft wheat,precip,-0.0168458243724588
HadGEM3-GC3-1LL,-2.5,-2.4504,6,SE,Soft wheat,precip,0.0168205930025241
HadGEM3-GC3-1LL,-1.5,-1.3098,8,SE,Soft wheat,precip,0.0462215168790197
HadGEM3-GC3-1LL,-0.5,-0.331,6,SE,Soft wheat,precip,0.0200819589105258
HadGEM3-GC3-1MM,-14.5,-14.3032,4,SE,Soft wheat,precip,0.180741335095045
HadGEM3-GC3-1MM,-13.5,-13.3931,8,SE,Soft wheat,precip,0.120154032697522
HadGEM3-GC3-1MM,-12.5,-12.588,13,SE,Soft wheat,precip,0.121226165467896
HadGEM3-GC3-1MM,-11.5,-11.5321,21,SE,Soft wheat,precip,0.149088317222812
HadGEM3-GC3-1MM,-10.5,-10.4803,10,SE,Soft wheat,precip,0.134185743594915
HadGEM3-GC3-1MM,-9.5,-9.6161,7,SE,Soft wheat,precip,0.0129563063912678
HadGEM3-GC3-1MM,-8.5,-8.6582,7,SE,Soft wheat,precip,0.0389805134482054
HadGEM3-GC3-1MM,-7.5,-7.6345,8,SE,Soft wheat,precip,0.0669888338093226
HadGEM3-GC3-1MM,-6.5,-6.4299,4,SE,Soft wheat,precip,-0.0534840580525079
HadGEM3-GC3-1MM,-5.5,-5.3528,4,SE,Soft wheat,precip,-0.00347704365490086
HadGEM3-GC3-1MM,-4.5,-4.3969,4,SE,Soft wheat,precip,-0.039875206495259
IPSL-CM6A-LR,-9.5,-9.3401,5,SE,Soft wheat,precip,0.0517004849407406
IPSL-CM6A-LR,-8.5,-8.4598,8,SE,Soft wheat,precip,0.0670112670161856
IPSL-CM6A-LR,-7.5,-7.5255,19,SE,Soft wheat,precip,0.00816319515709724
IPSL-CM6A-LR,-6.5,-6.5577,11,SE,Soft wheat,precip,0.0187015145075474
IPSL-CM6A-LR,-5.5,-5.5623,13,SE,Soft wheat,precip,-0.0086126227504515
IPSL-CM6A-LR,-4.5,-4.3507,11,SE,Soft wheat,precip,-0.00529528105566192
IPSL-CM6A-LR,-3.5,-3.4644,8,SE,Soft wheat,precip,0.0231819484861693
IPSL-CM6A-LR,-2.5,-2.5669,9,SE,Soft wheat,precip,-0.0370344269862478
IPSL-CM6A-LR,-1.5,-1.2909,6,SE,Soft wheat,precip,-0.0296959180411341
IPSL-CM6A-LR,-0.5,-0.6347,8,SE,Soft wheat,precip,0.0503944520642854
EC-Earth3,-9.5,-9.1554,4,SK,Soft wheat,precip,0.0692432069686512
EC-Earth3,-8.5,-8.4726,15,SK,Soft wheat,precip,0.0159969764476538
EC-Earth3,-7.5,-7.5562,20,SK,Soft wheat,precip,0.0100454527039175
EC-Earth3,-6.5,-6.4767,21,SK,Soft wheat,precip,-0.0390429407317163
EC-Earth3,-5.5,-5.3342,8,SK,Soft wheat,precip,-0.0582446864367431
EC-Earth3,-4.5,-4.5495,8,SK,Soft wheat,precip,0.0034051239649557
EC-Earth3,-3.5,-3.3459,9,SK,Soft wheat,precip,-0.0222736224760046
EC-Earth3,-2.5,-2.4493,5,SK,Soft wheat,precip,-0.0475529081829108
EC-Earth3,-1.5,-1.3807,6,SK,Soft wheat,precip,0.0258339428029023
EC-Earth3,-0.5,-0.6596,3,SK,Soft wheat,precip,-0.050724439199145
HadGEM3-GC3-1LL,-8.5,-8.3848,12,SK,Soft wheat,precip,-0.0546271486547803
HadGEM3-GC3-1LL,-7.5,-7.5599,19,SK,Soft wheat,precip,-0.0372514486940971
HadGEM3-GC3-1LL,-6.5,-6.5442,24,SK,Soft wheat,precip,0.00523866566564572
HadGEM3-GC3-1LL,-5.5,-5.5797,10,SK,Soft wheat,precip,-0.0257555066981676
HadGEM3-GC3-1LL,-4.5,-4.5263,6,SK,Soft wheat,precip,0.0206137704168386
HadGEM3-GC3-1LL,-3.5,-3.7835,7,SK,Soft wheat,precip,-0.016777068682469
HadGEM3-GC3-1LL,-2.5,-2.4504,6,SK,Soft wheat,precip,-0.0269346682352583
HadGEM3-GC3-1LL,-1.5,-1.3098,8,SK,Soft wheat,precip,0.00781539071885812
HadGEM3-GC3-1LL,-0.5,-0.331,6,SK,Soft wheat,precip,0.0525336924373014
HadGEM3-GC3-1MM,-14.5,-14.3032,4,SK,Soft wheat,precip,-0.0761143332351326
HadGEM3-GC3-1MM,-13.5,-13.3931,8,SK,Soft wheat,precip,-0.0720133460782059
HadGEM3-GC3-1MM,-12.5,-12.588,13,SK,Soft wheat,precip,-0.0548010372444086
HadGEM3-GC3-1MM,-11.5,-11.5321,21,SK,Soft wheat,precip,-0.047644890745885
HadGEM3-GC3-1MM,-10.5,-10.4803,10,SK,Soft wheat,precip,-0.0384647983914529
HadGEM3-GC3-1MM,-9.5,-9.6161,7,SK,Soft wheat,precip,-0.105419252445122
HadGEM3-GC3-1MM,-8.5,-8.6582,7,SK,Soft wheat,precip,-0.0494928132673491
HadGEM3-GC3-1MM,-7.5,-7.6345,8,SK,Soft wheat,precip,-0.016386966806987
HadGEM3-GC3-1MM,-6.5,-6.4299,4,SK,Soft wheat,precip,-0.0450141284124469
HadGEM3-GC3-1MM,-5.5,-5.3528,4,SK,Soft wheat,precip,-0.042385686483704
HadGEM3-GC3-1MM,-4.5,-4.3969,4,SK,Soft wheat,precip,-0.0253575443458805
IPSL-CM6A-LR,-9.5,-9.3401,5,SK,Soft wheat,precip,-0.0327216815366729
IPSL-CM6A-LR,-8.5,-8.4598,8,SK,Soft wheat,precip,-0.0300842070787859
IPSL-CM6A-LR,-7.5,-7.5255,19,SK,Soft wheat,precip,-0.0349223983978903
IPSL-CM6A-LR,-6.5,-6.5577,11,SK,Soft wheat,precip,-0.0563173593577483
IPSL-CM6A-LR,-5.5,-5.5623,13,SK,Soft wheat,precip,-0.0318395016060786
IPSL-CM6A-LR,-4.5,-4.3507,11,SK,Soft wheat,precip,-0.00722005558297496
IPSL-CM6A-LR,-3.5,-3.4644,8,SK,Soft wheat,precip,0.0179409840644317
IPSL-CM6A-LR,-2.5,-2.5669,9,SK,Soft wheat,precip,-0.0325297151594791
IPSL-CM6A-LR,-1.5,-1.2909,6,SK,Soft wheat,precip,-0.0505814491280756
IPSL-CM6A-LR,-0.5,-0.6347,8,SK,Soft wheat,precip,-0.00581826516584825
EC-Earth3,-9.5,-9.1554,4,EL,Durum wheat,precip,-0.018740135337298
EC-Earth3,-8.5,-8.4726,15,EL,Durum wheat,precip,-0.0282638784972559
EC-Earth3,-7.5,-7.5562,20,EL,Durum wheat,precip,-0.0240569411289318
EC-Earth3,-6.5,-6.4767,21,EL,Durum wheat,precip,-0.00760771777672256
EC-Earth3,-5.5,-5.3342,8,EL,Durum wheat,precip,-0.0152415774875127
EC-Earth3,-4.5,-4.5495,8,EL,Durum wheat,precip,-0.0106183647119585
EC-Earth3,-3.5,-3.3459,9,EL,Durum wheat,precip,-0.0196080270710752
EC-Earth3,-2.5,-2.4493,5,EL,Durum wheat,precip,-0.0399952394305151
EC-Earth3,-1.5,-1.3807,6,EL,Durum wheat,precip,-0.00616125651655676
EC-Earth3,-0.5,-0.6596,3,EL,Durum wheat,precip,0.00168290066141403
HadGEM3-GC3-1LL,-8.5,-8.3848,12,EL,Durum wheat,precip,-0.0206490947314076
HadGEM3-GC3-1LL,-7.5,-7.5599,19,EL,Durum wheat,precip,-0.030267620840827
HadGEM3-GC3-1LL,-6.5,-6.5442,24,EL,Durum wheat,precip,-0.0122463420184197
HadGEM3-GC3-1LL,-5.5,-5.5797,10,EL,Durum wheat,precip,-0.0197568443460036
HadGEM3-GC3-1LL,-4.5,-4.5263,6,EL,Durum wheat,precip,-0.0278125292046072
HadGEM3-GC3-1LL,-3.5,-3.7835,7,EL,Durum wheat,precip,-0.0213656809958905
HadGEM3-GC3-1LL,-2.5,-2.4504,6,EL,Durum wheat,precip,-0.00889764298106291
HadGEM3-GC3-1LL,-1.5,-1.3098,8,EL,Durum wheat,precip,-0.0084216219522858
HadGEM3-GC3-1LL,-0.5,-0.331,6,EL,Durum wheat,precip,-0.0134933030795853
HadGEM3-GC3-1MM,-14.5,-14.3032,4,EL,Durum wheat,precip,-0.0486330392407202
HadGEM3-GC3-1MM,-13.5,-13.3931,8,EL,Durum wheat,precip,-0.0693633229553114
HadGEM3-GC3-1MM,-12.5,-12.588,13,EL,Durum wheat,precip,-0.0460869232470874
HadGEM3-GC3-1MM,-11.5,-11.5321,21,EL,Durum wheat,precip,-0.0614925062803788
HadGEM3-GC3-1MM,-10.5,-10.4803,10,EL,Durum wheat,precip,-0.0667553219665671
HadGEM3-GC3-1MM,-9.5,-9.6161,7,EL,Durum wheat,precip,-0.0782584920296944
HadGEM3-GC3-1MM,-8.5,-8.6582,7,EL,Durum wheat,precip,-0.0458524619523532
HadGEM3-GC3-1MM,-7.5,-7.6345,8,EL,Durum wheat,precip,-0.0470215738969779
HadGEM3-GC3-1MM,-6.5,-6.4299,4,EL,Durum wheat,precip,-0.0119850836176107
HadGEM3-GC3-1MM,-5.5,-5.3528,4,EL,Durum wheat,precip,-0.0208167460205509
HadGEM3-GC3-1MM,-4.5,-4.3969,4,EL,Durum wheat,precip,-0.0118251808139193
IPSL-CM6A-LR,-9.5,-9.3401,5,EL,Durum wheat,precip,-0.0198289602637572
IPSL-CM6A-LR,-8.5,-8.4598,8,EL,Durum wheat,precip,-0.0511794754688558
IPSL-CM6A-LR,-7.5,-7.5255,19,EL,Durum wheat,precip,-0.0463292132402984
IPSL-CM6A-LR,-6.5,-6.5577,11,EL,Durum wheat,precip,-0.0419959403044485
IPSL-CM6A-LR,-5.5,-5.5623,13,EL,Durum wheat,precip,-0.0322420306504939
IPSL-CM6A-LR,-4.5,-4.3507,11,EL,Durum wheat,precip,-0.00736585494771978
IPSL-CM6A-LR,-3.5,-3.4644,8,EL,Durum wheat,precip,-0.0243250072737627
IPSL-CM6A-LR,-2.5,-2.5669,9,EL,Durum wheat,precip,-0.0305093598045917
IPSL-CM6A-LR,-1.5,-1.2909,6,EL,Durum wheat,precip,-0.00155044704145915
IPSL-CM6A-LR,-0.5,-0.6347,8,EL,Durum wheat,precip,-0.0401561033496596
EC-Earth3,-9.5,-9.1554,4,ES,Durum wheat,precip,-0.0679850486063552
EC-Earth3,-8.5,-8.4726,15,ES,Durum wheat,precip,-0.0596725596943375
EC-Earth3,-7.5,-7.5562,20,ES,Durum wheat,precip,-0.0457113254935106
EC-Earth3,-6.5,-6.4767,21,ES,Durum wheat,precip,-0.0599916849744518
EC-Earth3,-5.5,-5.3342,8,ES,Durum wheat,precip,-0.0771484309317326
EC-Earth3,-4.5,-4.5495,8,ES,Durum wheat,precip,-0.0841901121443855
EC-Earth3,-3.5,-3.3459,9,ES,Durum wheat,precip,-0.0221618506913422
EC-Earth3,-2.5,-2.4493,5,ES,Durum wheat,precip,-0.0491088663160381
EC-Earth3,-1.5,-1.3807,6,ES,Durum wheat,precip,-0.0173768916997696
EC-Earth3,-0.5,-0.6596,3,ES,Durum wheat,precip,-0.0412699067345312
HadGEM3-GC3-1LL,-8.5,-8.3848,12,ES,Durum wheat,precip,-0.0756951919085886
HadGEM3-GC3-1LL,-7.5,-7.5599,19,ES,Durum wheat,precip,-0.0552839245783367
HadGEM3-GC3-1LL,-6.5,-6.5442,24,ES,Durum wheat,precip,-0.0524909748130606
HadGEM3-GC3-1LL,-5.5,-5.5797,10,ES,Durum wheat,precip,-0.0391167898058776
HadGEM3-GC3-1LL,-4.5,-4.5263,6,ES,Durum wheat,precip,-0.0686251400137223
HadGEM3-GC3-1LL,-3.5,-3.7835,7,ES,Durum wheat,precip,-0.0364924810276426
HadGEM3-GC3-1LL,-2.5,-2.4504,6,ES,Durum wheat,precip,-0.0682450643040314
HadGEM3-GC3-1LL,-1.5,-1.3098,8,ES,Durum wheat,precip,-0.034870252272478
HadGEM3-GC3-1LL,-0.5,-0.331,6,ES,Durum wheat,precip,-0.0139167570944807
HadGEM3-GC3-1MM,-14.5,-14.3032,4,ES,Durum wheat,precip,-0.0764581595575402
HadGEM3-GC3-1MM,-13.5,-13.3931,8,ES,Durum wheat,precip,-0.0655283916952531
HadGEM3-GC3-1MM,-12.5,-12.588,13,ES,Durum wheat,precip,-0.0697804532279725
HadGEM3-GC3-1MM,-11.5,-11.5321,21,ES,Durum wheat,precip,-0.0879633035137745
HadGEM3-GC3-1MM,-10.5,-10.4803,10,ES,Durum wheat,precip,-0.0872802950015386
HadGEM3-GC3-1MM,-9.5,-9.6161,7,ES,Durum wheat,precip,-0.0718442963763482
HadGEM3-GC3-1MM,-8.5,-8.6582,7,ES,Durum wheat,precip,-0.0449696041974496
HadGEM3-GC3-1MM,-7.5,-7.6345,8,ES,Durum wheat,precip,-0.0813880344834173
HadGEM3-GC3-1MM,-6.5,-6.4299,4,ES,Durum wheat,precip,-0.058014904850067
HadGEM3-GC3-1MM,-5.5,-5.3528,4,ES,Durum wheat,precip,-0.0292405167411593
HadGEM3-GC3-1MM,-4.5,-4.3969,4,ES,Durum wheat,precip,0.0603406613822214
IPSL-CM6A-LR,-9.5,-9.3401,5,ES,Durum wheat,precip,-0.0660138577191613
IPSL-CM6A-LR,-8.5,-8.4598,8,ES,Durum wheat,precip,-0.0868923223683556
IPSL-CM6A-LR,-7.5,-7.5255,19,ES,Durum wheat,precip,-0.0692747834557587
IPSL-CM6A-LR,-6.5,-6.5577,11,ES,Durum wheat,precip,-0.0714944982938454
IPSL-CM6A-LR,-5.5,-5.5623,13,ES,Durum wheat,precip,-0.0665434106691073
IPSL-CM6A-LR,-4.5,-4.3507,11,ES,Durum wheat,precip,-0.0482220459933594
IPSL-CM6A-LR,-3.5,-3.4644,8,ES,Durum wheat,precip,-0.0729436906153364
IPSL-CM6A-LR,-2.5,-2.5669,9,ES,Durum wheat,precip,-0.00819543989314846
IPSL-CM6A-LR,-1.5,-1.2909,6,ES,Durum wheat,precip,-0.0351633573894767
IPSL-CM6A-LR,-0.5,-0.6347,8,ES,Durum wheat,precip,-0.0330192583852271
EC-Earth3,-9.5,-9.1554,4,FR,Durum wheat,precip,-0.0292537051457639
EC-Earth3,-8.5,-8.4726,15,FR,Durum wheat,precip,-0.092559369434825
EC-Earth3,-7.5,-7.5562,20,FR,Durum wheat,precip,-0.0335995592062303
EC-Earth3,-6.5,-6.4767,21,FR,Durum wheat,precip,-0.0719753386025784
EC-Earth3,-5.5,-5.3342,8,FR,Durum wheat,precip,-0.0265529783240931
EC-Earth3,-4.5,-4.5495,8,FR,Durum wheat,precip,-0.0918969498933815
EC-Earth3,-3.5,-3.3459,9,FR,Durum wheat,precip,-0.030409840210752
EC-Earth3,-2.5,-2.4493,5,FR,Durum wheat,precip,-0.0635820206813813
EC-Earth3,-1.5,-1.3807,6,FR,Durum wheat,precip,-0.0300655312334897
EC-Earth3,-0.5,-0.6596,3,FR,Durum wheat,precip,-0.0261872673364134
HadGEM3-GC3-1LL,-8.5,-8.3848,12,FR,Durum wheat,precip,-0.0548422470170704
HadGEM3-GC3-1LL,-7.5,-7.5599,19,FR,Durum wheat,precip,-0.0313400498309214
HadGEM3-GC3-1LL,-6.5,-6.5442,24,FR,Durum wheat,precip,-0.0546157966878734
HadGEM3-GC3-1LL,-5.5,-5.5797,10,FR,Durum wheat,precip,-0.0090481068615515
HadGEM3-GC3-1LL,-4.5,-4.5263,6,FR,Durum wheat,precip,-0.0861369952055659
HadGEM3-GC3-1LL,-3.5,-3.7835,7,FR,Durum wheat,precip,-0.0391494511596488
HadGEM3-GC3-1LL,-2.5,-2.4504,6,FR,Durum wheat,precip,-0.0756724732457701
HadGEM3-GC3-1LL,-1.5,-1.3098,8,FR,Durum wheat,precip,0.0189110784151157
HadGEM3-GC3-1LL,-0.5,-0.331,6,FR,Durum wheat,precip,-0.0221472641871195
HadGEM3-GC3-1MM,-14.5,-14.3032,4,FR,Durum wheat,precip,0.00152274177652621
HadGEM3-GC3-1MM,-13.5,-13.3931,8,FR,Durum wheat,precip,0.0154704484659418
HadGEM3-GC3-1MM,-12.5,-12.588,13,FR,Durum wheat,precip,-0.000734270819067804
HadGEM3-GC3-1MM,-11.5,-11.5321,21,FR,Durum wheat,precip,-0.0373614556549691
HadGEM3-GC3-1MM,-10.5,-10.4803,10,FR,Durum wheat,precip,-0.0896044873631485
HadGEM3-GC3-1MM,-9.5,-9.6161,7,FR,Durum wheat,precip,-0.0567136590649319
HadGEM3-GC3-1MM,-8.5,-8.6582,7,FR,Durum wheat,precip,-0.0573681470633533
HadGEM3-GC3-1MM,-7.5,-7.6345,8,FR,Durum wheat,precip,-0.0659181922491029
HadGEM3-GC3-1MM,-6.5,-6.4299,4,FR,Durum wheat,precip,-0.0511246285249435
HadGEM3-GC3-1MM,-5.5,-5.3528,4,FR,Durum wheat,precip,-0.00805786295655719
HadGEM3-GC3-1MM,-4.5,-4.3969,4,FR,Durum wheat,precip,0.0135626136296327
IPSL-CM6A-LR,-9.5,-9.3401,5,FR,Durum wheat,precip,-0.0691205047764332
IPSL-CM6A-LR,-8.5,-8.4598,8,FR,Durum wheat,precip,-0.0583031287468307
IPSL-CM6A-LR,-7.5,-7.5255,19,FR,Durum wheat,precip,-0.0706302840349029
IPSL-CM6A-LR,-6.5,-6.5577,11,FR,Durum wheat,precip,-0.0877135344703433
IPSL-CM6A-LR,-5.5,-5.5623,13,FR,Durum wheat,precip,-0.0594141087042293
IPSL-CM6A-LR,-4.5,-4.3507,11,FR,Durum wheat,precip,-0.0603915137284711
IPSL-CM6A-LR,-3.5,-3.4644,8,FR,Durum wheat,precip,-0.0566507937231227
IPSL-CM6A-LR,-2.5,-2.5669,9,FR,Durum wheat,precip,-0.0309592207191722
IPSL-CM6A-LR,-1.5,-1.2909,6,FR,Durum wheat,precip,0.00331503525284377
IPSL-CM6A-LR,-0.5,-0.6347,8,FR,Durum wheat,precip,-0.0262443108411703
EC-Earth3,-9.5,-9.1554,4,HU,Durum wheat,precip,0.0230550651860631
EC-Earth3,-8.5,-8.4726,15,HU,Durum wheat,precip,0.0235455368474274
EC-Earth3,-7.5,-7.5562,20,HU,Durum wheat,precip,0.00638441927296601
EC-Earth3,-6.5,-6.4767,21,HU,Durum wheat,precip,-0.0248536365367264
EC-Earth3,-5.5,-5.3342,8,HU,Durum wheat,precip,-0.0519248533666241
EC-Earth3,-4.5,-4.5495,8,HU,Durum wheat,precip,-0.00462917010478184
EC-Earth3,-3.5,-3.3459,9,HU,Durum wheat,precip,0.0150429923703729
EC-Earth3,-2.5,-2.4493,5,HU,Durum wheat,precip,-0.0796069578425785
EC-Earth3,-1.5,-1.3807,6,HU,Durum wheat,precip,0.0530483690131943
EC-Earth3,-0.5,-0.6596,3,HU,Durum wheat,precip,-0.0306570420691319
HadGEM3-GC3-1LL,-8.5,-8.3848,12,HU,Durum wheat,precip,-0.0269433359027189
HadGEM3-GC3-1LL,-7.5,-7.5599,19,HU,Durum wheat,precip,-0.034306237408111
HadGEM3-GC3-1LL,-6.5,-6.5442,24,HU,Durum wheat,precip,0.00774371563444162
HadGEM3-GC3-1LL,-5.5,-5.5797,10,HU,Durum wheat,precip,-0.0240052039157384
HadGEM3-GC3-1LL,-4.5,-4.5263,6,HU,Durum wheat,precip,0.0325404232623587
HadGEM3-GC3-1LL,-3.5,-3.7835,7,HU,Durum wheat,precip,0.000230247498418104
HadGEM3-GC3-1LL,-2.5,-2.4504,6,HU,Durum wheat,precip,-0.0229689453756627
HadGEM3-GC3-1LL,-1.5,-1.3098,8,HU,Durum wheat,precip,-0.0107924864251098
HadGEM3-GC3-1LL,-0.5,-0.331,6,HU,Durum wheat,precip,0.0246238804090073
HadGEM3-GC3-1MM,-14.5,-14.3032,4,HU,Durum wheat,precip,-0.093090753322551
HadGEM3-GC3-1MM,-13.5,-13.3931,8,HU,Durum wheat,precip,-0.0639758481511411
HadGEM3-GC3-1MM,-12.5,-12.588,13,HU,Durum wheat,precip,-0.0440062120015774
HadGEM3-GC3-1MM,-11.5,-11.5321,21,HU,Durum wheat,precip,-0.0440770609602548
HadGEM3-GC3-1MM,-10.5,-10.4803,10,HU,Durum wheat,precip,-0.0355602386127996
HadGEM3-GC3-1MM,-9.5,-9.6161,7,HU,Durum wheat,precip,-0.0630920917039066
HadGEM3-GC3-1MM,-8.5,-8.6582,7,HU,Durum wheat,precip,-0.0490223189752465
HadGEM3-GC3-1MM,-7.5,-7.6345,8,HU,Durum wheat,precip,-0.00082540913592325
HadGEM3-GC3-1MM,-6.5,-6.4299,4,HU,Durum wheat,precip,-0.0183190702820295
HadGEM3-GC3-1MM,-5.5,-5.3528,4,HU,Durum wheat,precip,-0.0385433166913074
HadGEM3-GC3-1MM,-4.5,-4.3969,4,HU,Durum wheat,precip,-0.00228044842364803
IPSL-CM6A-LR,-9.5,-9.3401,5,HU,Durum wheat,precip,-0.0373014071831075
IPSL-CM6A-LR,-8.5,-8.4598,8,HU,Durum wheat,precip,-0.0370020389077246
IPSL-CM6A-LR,-7.5,-7.5255,19,HU,Durum wheat,precip,-0.0365740865896378
IPSL-CM6A-LR,-6.5,-6.5577,11,HU,Durum wheat,precip,-0.0499805261884636
IPSL-CM6A-LR,-5.5,-5.5623,13,HU,Durum wheat,precip,-0.0325540567078523
IPSL-CM6A-LR,-4.5,-4.3507,11,HU,Durum wheat,precip,-0.0242746679473239
IPSL-CM6A-LR,-3.5,-3.4644,8,HU,Durum wheat,precip,0.00458819192888804
IPSL-CM6A-LR,-2.5,-2.5669,9,HU,Durum wheat,precip,-0.0337542709122133
IPSL-CM6A-LR,-1.5,-1.2909,6,HU,Durum wheat,precip,-0.032452539778315
IPSL-CM6A-LR,-0.5,-0.6347,8,HU,Durum wheat,precip,-0.0335106753527005
EC-Earth3,-9.5,-9.1554,4,IT,Durum wheat,precip,-0.0345933013959107
EC-Earth3,-8.5,-8.4726,15,IT,Durum wheat,precip,-0.0567596500936107
EC-Earth3,-7.5,-7.5562,20,IT,Durum wheat,precip,-0.0444296393663699
EC-Earth3,-6.5,-6.4767,21,IT,Durum wheat,precip,-0.0387049880871833
EC-Earth3,-5.5,-5.3342,8,IT,Durum wheat,precip,-0.0738884714058081
EC-Earth3,-4.5,-4.5495,8,IT,Durum wheat,precip,-0.0611198000313805
EC-Earth3,-3.5,-3.3459,9,IT,Durum wheat,precip,-0.0304356890362811
EC-Earth3,-2.5,-2.4493,5,IT,Durum wheat,precip,-0.0709636261950229
EC-Earth3,-1.5,-1.3807,6,IT,Durum wheat,precip,-0.0171356826925403
EC-Earth3,-0.5,-0.6596,3,IT,Durum wheat,precip,-0.056438447872436
HadGEM3-GC3-1LL,-8.5,-8.3848,12,IT,Durum wheat,precip,-0.0560669355314497
HadGEM3-GC3-1LL,-7.5,-7.5599,19,IT,Durum wheat,precip,-0.0638784155864517
HadGEM3-GC3-1LL,-6.5,-6.5442,24,IT,Durum wheat,precip,-0.0317658598554859
HadGEM3-GC3-1LL,-5.5,-5.5797,10,IT,Durum wheat,precip,-0.045649029595826
HadGEM3-GC3-1LL,-4.5,-4.5263,6,IT,Durum wheat,precip,-0.0583893689536337
HadGEM3-GC3-1LL,-3.5,-3.7835,7,IT,Durum wheat,precip,-0.0645691209229885
HadGEM3-GC3-1LL,-2.5,-2.4504,6,IT,Durum wheat,precip,-0.0339452055366068
HadGEM3-GC3-1LL,-1.5,-1.3098,8,IT,Durum wheat,precip,-0.0236455988172347
HadGEM3-GC3-1LL,-0.5,-0.331,6,IT,Durum wheat,precip,-0.0337974025620547
HadGEM3-GC3-1MM,-14.5,-14.3032,4,IT,Durum wheat,precip,-0.119112912864267
HadGEM3-GC3-1MM,-13.5,-13.3931,8,IT,Durum wheat,precip,-0.100309243910967
HadGEM3-GC3-1MM,-12.5,-12.588,13,IT,Durum wheat,precip,-0.0910985863782888
HadGEM3-GC3-1MM,-11.5,-11.5321,21,IT,Durum wheat,precip,-0.103829068561395
HadGEM3-GC3-1MM,-10.5,-10.4803,10,IT,Durum wheat,precip,-0.0967211111918001
HadGEM3-GC3-1MM,-9.5,-9.6161,7,IT,Durum wheat,precip,-0.0962103511885512
HadGEM3-GC3-1MM,-8.5,-8.6582,7,IT,Durum wheat,precip,-0.0960075209804529
HadGEM3-GC3-1MM,-7.5,-7.6345,8,IT,Durum wheat,precip,-0.0992253742046222
HadGEM3-GC3-1MM,-6.5,-6.4299,4,IT,Durum wheat,precip,-0.0493460895327481
HadGEM3-GC3-1MM,-5.5,-5.3528,4,IT,Durum wheat,precip,-0.0633461561991261
HadGEM3-GC3-1MM,-4.5,-4.3969,4,IT,Durum wheat,precip,-0.023821610709426
IPSL-CM6A-LR,-9.5,-9.3401,5,IT,Durum wheat,precip,-0.0495374780867169
IPSL-CM6A-LR,-8.5,-8.4598,8,IT,Durum wheat,precip,-0.0736667124214005
IPSL-CM6A-LR,-7.5,-7.5255,19,IT,Durum wheat,precip,-0.0785913208591351
IPSL-CM6A-LR,-6.5,-6.5577,11,IT,Durum wheat,precip,-0.0943235745787615
IPSL-CM6A-LR,-5.5,-5.5623,13,IT,Durum wheat,precip,-0.0673294070752705
IPSL-CM6A-LR,-4.5,-4.3507,11,IT,Durum wheat,precip,-0.034255021319092
IPSL-CM6A-LR,-3.5,-3.4644,8,IT,Durum wheat,precip,-0.0460242961264606
IPSL-CM6A-LR,-2.5,-2.5669,9,IT,Durum wheat,precip,-0.0367355742112433
IPSL-CM6A-LR,-1.5,-1.2909,6,IT,Durum wheat,precip,-0.0313535521569419
IPSL-CM6A-LR,-0.5,-0.6347,8,IT,Durum wheat,precip,-0.0389825839308963
EC-Earth3,-9.5,-9.1554,4,RO,Durum wheat,precip,0.0117946532142949
EC-Earth3,-8.5,-8.4726,15,RO,Durum wheat,precip,-0.00848527722096663
EC-Earth3,-7.5,-7.5562,20,RO,Durum wheat,precip,-0.00466609908215021
EC-Earth3,-6.5,-6.4767,21,RO,Durum wheat,precip,-0.0286571092839894
EC-Earth3,-5.5,-5.3342,8,RO,Durum wheat,precip,-0.0221423435730413
EC-Earth3,-4.5,-4.5495,8,RO,Durum wheat,precip,0.0151288220575153
EC-Earth3,-3.5,-3.3459,9,RO,Durum wheat,precip,0.00942341017021845
EC-Earth3,-2.5,-2.4493,5,RO,Durum wheat,precip,-0.0820566903345038
EC-Earth3,-1.5,-1.3807,6,RO,Durum wheat,precip,0.0468573292430019
EC-Earth3,-0.5,-0.6596,3,RO,Durum wheat,precip,-0.0205815404746719
HadGEM3-GC3-1LL,-8.5,-8.3848,12,RO,Durum wheat,precip,-0.030115069588601
HadGEM3-GC3-1LL,-7.5,-7.5599,19,RO,Durum wheat,precip,-0.048683141102538
HadGEM3-GC3-1LL,-6.5,-6.5442,24,RO,Durum wheat,precip,0.00283292846226062
HadGEM3-GC3-1LL,-5.5,-5.5797,10,RO,Durum wheat,precip,-0.0422893084320581
HadGEM3-GC3-1LL,-4.5,-4.5263,6,RO,Durum wheat,precip,0.0153793492610289
HadGEM3-GC3-1LL,-3.5,-3.7835,7,RO,Durum wheat,precip,-0.0126986388322471
HadGEM3-GC3-1LL,-2.5,-2.4504,6,RO,Durum wheat,precip,-0.0190826083118753
HadGEM3-GC3-1LL,-1.5,-1.3098,8,RO,Durum wheat,precip,0.0022536290577715
HadGEM3-GC3-1LL,-0.5,-0.331,6,RO,Durum wheat,precip,0.0359820729044282
HadGEM3-GC3-1MM,-14.5,-14.3032,4,RO,Durum wheat,precip,-0.091849890660469
HadGEM3-GC3-1MM,-13.5,-13.3931,8,RO,Durum wheat,precip,-0.0779805126146894
HadGEM3-GC3-1MM,-12.5,-12.588,13,RO,Durum wheat,precip,-0.0611386445444044
HadGEM3-GC3-1MM,-11.5,-11.5321,21,RO,Durum wheat,precip,-0.0818775440339242
HadGEM3-GC3-1MM,-10.5,-10.4803,10,RO,Durum wheat,precip,-0.04633341080083
HadGEM3-GC3-1MM,-9.5,-9.6161,7,RO,Durum wheat,precip,-0.0938602352307235
HadGEM3-GC3-1MM,-8.5,-8.6582,7,RO,Durum wheat,precip,-0.0658524402904277
HadGEM3-GC3-1MM,-7.5,-7.6345,8,RO,Durum wheat,precip,0.00532354466660297
HadGEM3-GC3-1MM,-6.5,-6.4299,4,RO,Durum wheat,precip,0.0113834544198799
HadGEM3-GC3-1MM,-5.5,-5.3528,4,RO,Durum wheat,precip,-0.0086327920638858
HadGEM3-GC3-1MM,-4.5,-4.3969,4,RO,Durum wheat,precip,-0.0298088018391519
IPSL-CM6A-LR,-9.5,-9.3401,5,RO,Durum wheat,precip,-0.0122928259583493
IPSL-CM6A-LR,-8.5,-8.4598,8,RO,Durum wheat,precip,-0.0391074815587391
IPSL-CM6A-LR,-7.5,-7.5255,19,RO,Durum wheat,precip,-0.0391453352145506
IPSL-CM6A-LR,-6.5,-6.5577,11,RO,Durum wheat,precip,-0.060655502554813
IPSL-CM6A-LR,-5.5,-5.5623,13,RO,Durum wheat,precip,-0.0254791351399205
IPSL-CM6A-LR,-4.5,-4.3507,11,RO,Durum wheat,precip,-0.0117992777538182
IPSL-CM6A-LR,-3.5,-3.4644,8,RO,Durum wheat,precip,-0.0151514734645865
IPSL-CM6A-LR,-2.5,-2.5669,9,RO,Durum wheat,precip,-0.0364695017951953
IPSL-CM6A-LR,-1.5,-1.2909,6,RO,Durum wheat,precip,-0.0277733891269454
IPSL-CM6A-LR,-0.5,-0.6347,8,RO,Durum wheat,precip,-0.0371834533865134
EC-Earth3,-9.5,-9.1554,4,SK,Durum wheat,precip,0.0658347476130537
EC-Earth3,-8.5,-8.4726,15,SK,Durum wheat,precip,0.0145515462252352
EC-Earth3,-7.5,-7.5562,20,SK,Durum wheat,precip,0.0178621803411465
EC-Earth3,-6.5,-6.4767,21,SK,Durum wheat,precip,-0.0335320817574549
EC-Earth3,-5.5,-5.3342,8,SK,Durum wheat,precip,-0.053946603437495
EC-Earth3,-4.5,-4.5495,8,SK,Durum wheat,precip,0.00557436883450346
EC-Earth3,-3.5,-3.3459,9,SK,Durum wheat,precip,-0.03097423661751
EC-Earth3,-2.5,-2.4493,5,SK,Durum wheat,precip,-0.035476772704497
EC-Earth3,-1.5,-1.3807,6,SK,Durum wheat,precip,0.0310816157200828
EC-Earth3,-0.5,-0.6596,3,SK,Durum wheat,precip,-0.0460018700529578
HadGEM3-GC3-1LL,-8.5,-8.3848,12,SK,Durum wheat,precip,-0.0402311733026464
HadGEM3-GC3-1LL,-7.5,-7.5599,19,SK,Durum wheat,precip,-0.0291945894064459
HadGEM3-GC3-1LL,-6.5,-6.5442,24,SK,Durum wheat,precip,0.00963979534176977
HadGEM3-GC3-1LL,-5.5,-5.5797,10,SK,Durum wheat,precip,-0.0211282179241786
HadGEM3-GC3-1LL,-4.5,-4.5263,6,SK,Durum wheat,precip,0.0221844963652851
HadGEM3-GC3-1LL,-3.5,-3.7835,7,SK,Durum wheat,precip,-0.0139645159142712
HadGEM3-GC3-1LL,-2.5,-2.4504,6,SK,Durum wheat,precip,-0.0194058879647413
HadGEM3-GC3-1LL,-1.5,-1.3098,8,SK,Durum wheat,precip,0.00329118255791836
HadGEM3-GC3-1LL,-0.5,-0.331,6,SK,Durum wheat,precip,0.0635436795624708
HadGEM3-GC3-1MM,-14.5,-14.3032,4,SK,Durum wheat,precip,-0.0825442760147288
HadGEM3-GC3-1MM,-13.5,-13.3931,8,SK,Durum wheat,precip,-0.0783269237869368
HadGEM3-GC3-1MM,-12.5,-12.588,13,SK,Durum wheat,precip,-0.0515319248873424
HadGEM3-GC3-1MM,-11.5,-11.5321,21,SK,Durum wheat,precip,-0.0488085480169982
HadGEM3-GC3-1MM,-10.5,-10.4803,10,SK,Durum wheat,precip,-0.0511092518008665
HadGEM3-GC3-1MM,-9.5,-9.6161,7,SK,Durum wheat,precip,-0.100980852368049
HadGEM3-GC3-1MM,-8.5,-8.6582,7,SK,Durum wheat,precip,-0.0466347880880662
HadGEM3-GC3-1MM,-7.5,-7.6345,8,SK,Durum wheat,precip,-0.0258740742069096
HadGEM3-GC3-1MM,-6.5,-6.4299,4,SK,Durum wheat,precip,-0.0472329906452265
HadGEM3-GC3-1MM,-5.5,-5.3528,4,SK,Durum wheat,precip,-0.047711872431389
HadGEM3-GC3-1MM,-4.5,-4.3969,4,SK,Durum wheat,precip,-0.0433776802808793
IPSL-CM6A-LR,-9.5,-9.3401,5,SK,Durum wheat,precip,-0.0467714408682716
IPSL-CM6A-LR,-8.5,-8.4598,8,SK,Durum wheat,precip,-0.0264713584221256
IPSL-CM6A-LR,-7.5,-7.5255,19,SK,Durum wheat,precip,-0.0357471654420521
IPSL-CM6A-LR,-6.5,-6.5577,11,SK,Durum wheat,precip,-0.0533146726141173
IPSL-CM6A-LR,-5.5,-5.5623,13,SK,Durum wheat,precip,-0.0343276528728226
IPSL-CM6A-LR,-4.5,-4.3507,11,SK,Durum wheat,precip,-0.00959592016654712
IPSL-CM6A-LR,-3.5,-3.4644,8,SK,Durum wheat,precip,0.0154646441094129
IPSL-CM6A-LR,-2.5,-2.5669,9,SK,Durum wheat,precip,-0.03176623100872
IPSL-CM6A-LR,-1.5,-1.2909,6,SK,Durum wheat,precip,-0.0494463026024071
IPSL-CM6A-LR,-0.5,-0.6347,8,SK,Durum wheat,precip,-0.0058740671018146
EC-Earth3,-9.5,-9.1554,4,CZ,Spring barley,precip,0.0683925630146612
EC-Earth3,-8.5,-8.4726,15,CZ,Spring barley,precip,-0.00866650681793257
EC-Earth3,-7.5,-7.5562,20,CZ,Spring barley,precip,-0.0100160859421936
EC-Earth3,-6.5,-6.4767,21,CZ,Spring barley,precip,-0.0634192627022723
EC-Earth3,-5.5,-5.3342,8,CZ,Spring barley,precip,-0.0241130496087068
EC-Earth3,-4.5,-4.5495,8,CZ,Spring barley,precip,-0.0236990272624173
EC-Earth3,-3.5,-3.3459,9,CZ,Spring barley,precip,-0.0913291449447748
EC-Earth3,-2.5,-2.4493,5,CZ,Spring barley,precip,-0.0022794828984592
EC-Earth3,-1.5,-1.3807,6,CZ,Spring barley,precip,-0.00909286486687941
EC-Earth3,-0.5,-0.6596,3,CZ,Spring barley,precip,-0.0451207548064606
HadGEM3-GC3-1LL,-8.5,-8.3848,12,CZ,Spring barley,precip,-0.0566516982404982
HadGEM3-GC3-1LL,-7.5,-7.5599,19,CZ,Spring barley,precip,-0.0511688552432329
HadGEM3-GC3-1LL,-6.5,-6.5442,24,CZ,Spring barley,precip,-0.00313902056859361
HadGEM3-GC3-1LL,-5.5,-5.5797,10,CZ,Spring barley,precip,-0.0207914807907613
HadGEM3-GC3-1LL,-4.5,-4.5263,6,CZ,Spring barley,precip,-0.0219259726796311
HadGEM3-GC3-1LL,-3.5,-3.7835,7,CZ,Spring barley,precip,-0.0145793967990671
HadGEM3-GC3-1LL,-2.5,-2.4504,6,CZ,Spring barley,precip,0.00876760799544359
HadGEM3-GC3-1LL,-1.5,-1.3098,8,CZ,Spring barley,precip,0.014959535029599
HadGEM3-GC3-1LL,-0.5,-0.331,6,CZ,Spring barley,precip,0.0642122648211337
HadGEM3-GC3-1MM,-14.5,-14.3032,4,CZ,Spring barley,precip,-0.0231685748843223
HadGEM3-GC3-1MM,-13.5,-13.3931,8,CZ,Spring barley,precip,-0.0530084481535901
HadGEM3-GC3-1MM,-12.5,-12.588,13,CZ,Spring barley,precip,-0.0534928736869146
HadGEM3-GC3-1MM,-11.5,-11.5321,21,CZ,Spring barley,precip,-0.00904062419594886
HadGEM3-GC3-1MM,-10.5,-10.4803,10,CZ,Spring barley,precip,0.000201029845412188
HadGEM3-GC3-1MM,-9.5,-9.6161,7,CZ,Spring barley,precip,-0.119341694854897
HadGEM3-GC3-1MM,-8.5,-8.6582,7,CZ,Spring barley,precip,-0.0186739118133769
HadGEM3-GC3-1MM,-7.5,-7.6345,8,CZ,Spring barley,precip,-0.0190154219595759
HadGEM3-GC3-1MM,-6.5,-6.4299,4,CZ,Spring barley,precip,-0.0778131798917057
HadGEM3-GC3-1MM,-5.5,-5.3528,4,CZ,Spring barley,precip,-0.061228688786549
HadGEM3-GC3-1MM,-4.5,-4.3969,4,CZ,Spring barley,precip,-0.0579313305744091
IPSL-CM6A-LR,-9.5,-9.3401,5,CZ,Spring barley,precip,-0.020796707843376
IPSL-CM6A-LR,-8.5,-8.4598,8,CZ,Spring barley,precip,-0.0346890818918079
IPSL-CM6A-LR,-7.5,-7.5255,19,CZ,Spring barley,precip,-0.043518260770793
IPSL-CM6A-LR,-6.5,-6.5577,11,CZ,Spring barley,precip,-0.0745914251524475
IPSL-CM6A-LR,-5.5,-5.5623,13,CZ,Spring barley,precip,-0.0402288853066654
IPSL-CM6A-LR,-4.5,-4.3507,11,CZ,Spring barley,precip,-0.0166425167899007
IPSL-CM6A-LR,-3.5,-3.4644,8,CZ,Spring barley,precip,0.0413143019631672
IPSL-CM6A-LR,-2.5,-2.5669,9,CZ,Spring barley,precip,-0.0425940701961987
IPSL-CM6A-LR,-1.5,-1.2909,6,CZ,Spring barley,precip,-0.0713252311512649
IPSL-CM6A-LR,-0.5,-0.6347,8,CZ,Spring barley,precip,0.0260102158103288
EC-Earth3,-9.5,-9.1554,4,DE,Spring barley,precip,0.0287052914286242
EC-Earth3,-8.5,-8.4726,15,DE,Spring barley,precip,-0.0736387563755904
EC-Earth3,-7.5,-7.5562,20,DE,Spring barley,precip,-0.0592570061464118
EC-Earth3,-6.5,-6.4767,21,DE,Spring barley,precip,-0.0994518030740466
EC-Earth3,-5.5,-5.3342,8,DE,Spring barley,precip,-0.0431608887931844
EC-Earth3,-4.5,-4.5495,8,DE,Spring barley,precip,-0.0716028594201041
EC-Earth3,-3.5,-3.3459,9,DE,Spring barley,precip,-0.111992901279015
EC-Earth3,-2.5,-2.4493,5,DE,Spring barley,precip,-0.0782837272272526
EC-Earth3,-1.5,-1.3807,6,DE,Spring barley,precip,-0.055420897904429
EC-Earth3,-0.5,-0.6596,3,DE,Spring barley,precip,-0.00492687423495199
HadGEM3-GC3-1LL,-8.5,-8.3848,12,DE,Spring barley,precip,-0.0744191948913101
HadGEM3-GC3-1LL,-7.5,-7.5599,19,DE,Spring barley,precip,-0.0414365414950644
HadGEM3-GC3-1LL,-6.5,-6.5442,24,DE,Spring barley,precip,-0.0609073641328798
HadGEM3-GC3-1LL,-5.5,-5.5797,10,DE,Spring barley,precip,-0.0507703807809582
HadGEM3-GC3-1LL,-4.5,-4.5263,6,DE,Spring barley,precip,-0.0806978635528083
HadGEM3-GC3-1LL,-3.5,-3.7835,7,DE,Spring barley,precip,-0.0317541616695118
HadGEM3-GC3-1LL,-2.5,-2.4504,6,DE,Spring barley,precip,-0.0323512402761628
HadGEM3-GC3-1LL,-1.5,-1.3098,8,DE,Spring barley,precip,0.04545164168038
HadGEM3-GC3-1LL,-0.5,-0.331,6,DE,Spring barley,precip,-0.00770629485073405
HadGEM3-GC3-1MM,-14.5,-14.3032,4,DE,Spring barley,precip,0.0758623624627265
HadGEM3-GC3-1MM,-13.5,-13.3931,8,DE,Spring barley,precip,0.0985131098898577
HadGEM3-GC3-1MM,-12.5,-12.588,13,DE,Spring barley,precip,0.0307621997642496
HadGEM3-GC3-1MM,-11.5,-11.5321,21,DE,Spring barley,precip,0.0265998707798425
HadGEM3-GC3-1MM,-10.5,-10.4803,10,DE,Spring barley,precip,0.00813763679069741
HadGEM3-GC3-1MM,-9.5,-9.6161,7,DE,Spring barley,precip,-0.08483637243447
HadGEM3-GC3-1MM,-8.5,-8.6582,7,DE,Spring barley,precip,-0.0320648733517783
HadGEM3-GC3-1MM,-7.5,-7.6345,8,DE,Spring barley,precip,0.00488375373074918
HadGEM3-GC3-1MM,-6.5,-6.4299,4,DE,Spring barley,precip,-0.0263130660862143
HadGEM3-GC3-1MM,-5.5,-5.3528,4,DE,Spring barley,precip,-0.00845592372660317
HadGEM3-GC3-1MM,-4.5,-4.3969,4,DE,Spring barley,precip,-0.0799746712524347
IPSL-CM6A-LR,-9.5,-9.3401,5,DE,Spring barley,precip,-0.0518897456478796
IPSL-CM6A-LR,-8.5,-8.4598,8,DE,Spring barley,precip,-0.0485604249794093
IPSL-CM6A-LR,-7.5,-7.5255,19,DE,Spring barley,precip,-0.0598443347983608
IPSL-CM6A-LR,-6.5,-6.5577,11,DE,Spring barley,precip,-0.0992083972001385
IPSL-CM6A-LR,-5.5,-5.5623,13,DE,Spring barley,precip,-0.0902207300161667
IPSL-CM6A-LR,-4.5,-4.3507,11,DE,Spring barley,precip,-0.0321989157195715
IPSL-CM6A-LR,-3.5,-3.4644,8,DE,Spring barley,precip,0.00244551683810547
IPSL-CM6A-LR,-2.5,-2.5669,9,DE,Spring barley,precip,-0.075985208526162
IPSL-CM6A-LR,-1.5,-1.2909,6,DE,Spring barley,precip,-0.0442748187642056
IPSL-CM6A-LR,-0.5,-0.6347,8,DE,Spring barley,precip,0.0116351384750767
EC-Earth3,-9.5,-9.1554,4,DK,Spring barley,precip,-0.0245046569575911
EC-Earth3,-8.5,-8.4726,15,DK,Spring barley,precip,-0.0461081463088024
EC-Earth3,-7.5,-7.5562,20,DK,Spring barley,precip,-0.0613033153777374
EC-Earth3,-6.5,-6.4767,21,DK,Spring barley,precip,-0.0760944235664019
EC-Earth3,-5.5,-5.3342,8,DK,Spring barley,precip,-0.0646374767403926
EC-Earth3,-4.5,-4.5495,8,DK,Spring barley,precip,-0.0726752688345245
EC-Earth3,-3.5,-3.3459,9,DK,Spring barley,precip,-0.118583613222812
EC-Earth3,-2.5,-2.4493,5,DK,Spring barley,precip,-0.0418433748476874
EC-Earth3,-1.5,-1.3807,6,DK,Spring barley,precip,-0.0499564216571484
EC-Earth3,-0.5,-0.6596,3,DK,Spring barley,precip,0.0723229976180895
HadGEM3-GC3-1LL,-8.5,-8.3848,12,DK,Spring barley,precip,-0.0745203246800829
HadGEM3-GC3-1LL,-7.5,-7.5599,19,DK,Spring barley,precip,-0.0383069842083965
HadGEM3-GC3-1LL,-6.5,-6.5442,24,DK,Spring barley,precip,-0.0757928518383648
HadGEM3-GC3-1LL,-5.5,-5.5797,10,DK,Spring barley,precip,-0.0553369198236863
HadGEM3-GC3-1LL,-4.5,-4.5263,6,DK,Spring barley,precip,-0.0587026240716488
HadGEM3-GC3-1LL,-3.5,-3.7835,7,DK,Spring barley,precip,-0.0090865600612915
HadGEM3-GC3-1LL,-2.5,-2.4504,6,DK,Spring barley,precip,-0.00423986841856793
HadGEM3-GC3-1LL,-1.5,-1.3098,8,DK,Spring barley,precip,0.0833679184342173
HadGEM3-GC3-1LL,-0.5,-0.331,6,DK,Spring barley,precip,-0.0332866524413578
HadGEM3-GC3-1MM,-14.5,-14.3032,4,DK,Spring barley,precip,0.271159499248897
HadGEM3-GC3-1MM,-13.5,-13.3931,8,DK,Spring barley,precip,0.200232233237251
HadGEM3-GC3-1MM,-12.5,-12.588,13,DK,Spring barley,precip,0.224234549875044
HadGEM3-GC3-1MM,-11.5,-11.5321,21,DK,Spring barley,precip,0.234212790030406
HadGEM3-GC3-1MM,-10.5,-10.4803,10,DK,Spring barley,precip,0.200936488450925
HadGEM3-GC3-1MM,-9.5,-9.6161,7,DK,Spring barley,precip,0.0370924454828542
HadGEM3-GC3-1MM,-8.5,-8.6582,7,DK,Spring barley,precip,0.0105224278656778
HadGEM3-GC3-1MM,-7.5,-7.6345,8,DK,Spring barley,precip,0.0582512853726253
HadGEM3-GC3-1MM,-6.5,-6.4299,4,DK,Spring barley,precip,-0.0960803756700134
HadGEM3-GC3-1MM,-5.5,-5.3528,4,DK,Spring barley,precip,-0.0204786493191462
HadGEM3-GC3-1MM,-4.5,-4.3969,4,DK,Spring barley,precip,-0.117580790647296
IPSL-CM6A-LR,-9.5,-9.3401,5,DK,Spring barley,precip,0.0980615122572894
IPSL-CM6A-LR,-8.5,-8.4598,8,DK,Spring barley,precip,0.149721652601899
IPSL-CM6A-LR,-7.5,-7.5255,19,DK,Spring barley,precip,-0.00858276749382134
IPSL-CM6A-LR,-6.5,-6.5577,11,DK,Spring barley,precip,0.0839062323255017
IPSL-CM6A-LR,-5.5,-5.5623,13,DK,Spring barley,precip,-0.0487174552634794
IPSL-CM6A-LR,-4.5,-4.3507,11,DK,Spring barley,precip,0.000798768953672718
IPSL-CM6A-LR,-3.5,-3.4644,8,DK,Spring barley,precip,0.0315500553789732
IPSL-CM6A-LR,-2.5,-2.5669,9,DK,Spring barley,precip,-0.0818012102166716
IPSL-CM6A-LR,-1.5,-1.2909,6,DK,Spring barley,precip,-0.0552722984597656
IPSL-CM6A-LR,-0.5,-0.6347,8,DK,Spring barley,precip,0.0924794162196903
EC-Earth3,-9.5,-9.1554,4,EE,Spring barley,precip,-0.02851426425552
EC-Earth3,-8.5,-8.4726,15,EE,Spring barley,precip,-0.0407986624166535
EC-Earth3,-7.5,-7.5562,20,EE,Spring barley,precip,0.00117048304809475
EC-Earth3,-6.5,-6.4767,21,EE,Spring barley,precip,-0.0230002384901721
EC-Earth3,-5.5,-5.3342,8,EE,Spring barley,precip,-0.0480826573917947
EC-Earth3,-4.5,-4.5495,8,EE,Spring barley,precip,0.0166225039554217
EC-Earth3,-3.5,-3.3459,9,EE,Spring barley,precip,-0.0132425512819096
EC-Earth3,-2.5,-2.4493,5,EE,Spring barley,precip,0.0191701977767311
EC-Earth3,-1.5,-1.3807,6,EE,Spring barley,precip,-0.0385161255247738
EC-Earth3,-0.5,-0.6596,3,EE,Spring barley,precip,-0.0365776438393623
HadGEM3-GC3-1LL,-8.5,-8.3848,12,EE,Spring barley,precip,-0.0283136950399909
HadGEM3-GC3-1LL,-7.5,-7.5599,19,EE,Spring barley,precip,0.00562347507346896
HadGEM3-GC3-1LL,-6.5,-6.5442,24,EE,Spring barley,precip,-0.0311003499628391
HadGEM3-GC3-1LL,-5.5,-5.5797,10,EE,Spring barley,precip,-0.0394750752895803
HadGEM3-GC3-1LL,-4.5,-4.5263,6,EE,Spring barley,precip,-0.025554883026041
HadGEM3-GC3-1LL,-3.5,-3.7835,7,EE,Spring barley,precip,0.024354937769415
HadGEM3-GC3-1LL,-2.5,-2.4504,6,EE,Spring barley,precip,0.0774270959376789
HadGEM3-GC3-1LL,-1.5,-1.3098,8,EE,Spring barley,precip,0.117897885360721
HadGEM3-GC3-1LL,-0.5,-0.331,6,EE,Spring barley,precip,0.0142850908976268
HadGEM3-GC3-1MM,-14.5,-14.3032,4,EE,Spring barley,precip,0.185725775504976
HadGEM3-GC3-1MM,-13.5,-13.3931,8,EE,Spring barley,precip,0.194514311729672
HadGEM3-GC3-1MM,-12.5,-12.588,13,EE,Spring barley,precip,0.226273593913205
HadGEM3-GC3-1MM,-11.5,-11.5321,21,EE,Spring barley,precip,0.186616288424893
HadGEM3-GC3-1MM,-10.5,-10.4803,10,EE,Spring barley,precip,0.256831370091961
HadGEM3-GC3-1MM,-9.5,-9.6161,7,EE,Spring barley,precip,0.0503650633257902
HadGEM3-GC3-1MM,-8.5,-8.6582,7,EE,Spring barley,precip,0.0855989510006157
HadGEM3-GC3-1MM,-7.5,-7.6345,8,EE,Spring barley,precip,0.12537651728009
HadGEM3-GC3-1MM,-6.5,-6.4299,4,EE,Spring barley,precip,-0.0123997820505986
HadGEM3-GC3-1MM,-5.5,-5.3528,4,EE,Spring barley,precip,0.0213313047691675
HadGEM3-GC3-1MM,-4.5,-4.3969,4,EE,Spring barley,precip,-0.00123970973325844
IPSL-CM6A-LR,-9.5,-9.3401,5,EE,Spring barley,precip,0.135359897588883
IPSL-CM6A-LR,-8.5,-8.4598,8,EE,Spring barley,precip,0.129254421896069
IPSL-CM6A-LR,-7.5,-7.5255,19,EE,Spring barley,precip,0.0649634019420936
IPSL-CM6A-LR,-6.5,-6.5577,11,EE,Spring barley,precip,0.0206054353592109
IPSL-CM6A-LR,-5.5,-5.5623,13,EE,Spring barley,precip,0.0299663164133942
IPSL-CM6A-LR,-4.5,-4.3507,11,EE,Spring barley,precip,0.0416765291261631
IPSL-CM6A-LR,-3.5,-3.4644,8,EE,Spring barley,precip,-0.00666591835946457
IPSL-CM6A-LR,-2.5,-2.5669,9,EE,Spring barley,precip,-0.00117369779146643
IPSL-CM6A-LR,-1.5,-1.2909,6,EE,Spring barley,precip,-0.0489328538115593
IPSL-CM6A-LR,-0.5,-0.6347,8,EE,Spring barley,precip,-0.00403603240217761
EC-Earth3,-9.5,-9.1554,4,ES,Spring barley,precip,-0.0774994642643296
EC-Earth3,-8.5,-8.4726,15,ES,Spring barley,precip,-0.0764575081079342
EC-Earth3,-7.5,-7.5562,20,ES,Spring barley,precip,-0.0497715770352701
EC-Earth3,-6.5,-6.4767,21,ES,Spring barley,precip,-0.0768750546735487
EC-Earth3,-5.5,-5.3342,8,ES,Spring barley,precip,-0.0820404551206526
EC-Earth3,-4.5,-4.5495,8,ES,Spring barley,precip,-0.0967167464043846
EC-Earth3,-3.5,-3.3459,9,ES,Spring barley,precip,-0.024712481148631
EC-Earth3,-2.5,-2.4493,5,ES,Spring barley,precip,-0.0571309216455716
EC-Earth3,-1.5,-1.3807,6,ES,Spring barley,precip,-0.0143103072090685
EC-Earth3,-0.5,-0.6596,3,ES,Spring barley,precip,-0.0567855171221439
HadGEM3-GC3-1LL,-8.5,-8.3848,12,ES,Spring barley,precip,-0.0769384669998835
HadGEM3-GC3-1LL,-7.5,-7.5599,19,ES,Spring barley,precip,-0.0526749546499912
HadGEM3-GC3-1LL,-6.5,-6.5442,24,ES,Spring barley,precip,-0.0510052700290841
HadGEM3-GC3-1LL,-5.5,-5.5797,10,ES,Spring barley,precip,-0.0360073315829037
HadGEM3-GC3-1LL,-4.5,-4.5263,6,ES,Spring barley,precip,-0.0805489647147726
HadGEM3-GC3-1LL,-3.5,-3.7835,7,ES,Spring barley,precip,-0.0573074325153626
HadGEM3-GC3-1LL,-2.5,-2.4504,6,ES,Spring barley,precip,-0.0594440417823141
HadGEM3-GC3-1LL,-1.5,-1.3098,8,ES,Spring barley,precip,-0.0266989282288988
HadGEM3-GC3-1LL,-0.5,-0.331,6,ES,Spring barley,precip,-0.039997322005769
HadGEM3-GC3-1MM,-14.5,-14.3032,4,ES,Spring barley,precip,-0.0898319104286144
HadGEM3-GC3-1MM,-13.5,-13.3931,8,ES,Spring barley,precip,-0.0564170794659584
HadGEM3-GC3-1MM,-12.5,-12.588,13,ES,Spring barley,precip,-0.0699879600289574
HadGEM3-GC3-1MM,-11.5,-11.5321,21,ES,Spring barley,precip,-0.0985539373144079
HadGEM3-GC3-1MM,-10.5,-10.4803,10,ES,Spring barley,precip,-0.104427468792062
HadGEM3-GC3-1MM,-9.5,-9.6161,7,ES,Spring barley,precip,-0.0820870566519564
HadGEM3-GC3-1MM,-8.5,-8.6582,7,ES,Spring barley,precip,-0.0542245928521935
HadGEM3-GC3-1MM,-7.5,-7.6345,8,ES,Spring barley,precip,-0.101496922767669
HadGEM3-GC3-1MM,-6.5,-6.4299,4,ES,Spring barley,precip,-0.0692879090141194
HadGEM3-GC3-1MM,-5.5,-5.3528,4,ES,Spring barley,precip,-0.0476128791371043
HadGEM3-GC3-1MM,-4.5,-4.3969,4,ES,Spring barley,precip,0.0461808060724067
IPSL-CM6A-LR,-9.5,-9.3401,5,ES,Spring barley,precip,-0.0767872251862534
IPSL-CM6A-LR,-8.5,-8.4598,8,ES,Spring barley,precip,-0.0953296274252823
IPSL-CM6A-LR,-7.5,-7.5255,19,ES,Spring barley,precip,-0.0812781358857225
IPSL-CM6A-LR,-6.5,-6.5577,11,ES,Spring barley,precip,-0.0791504603018321
IPSL-CM6A-LR,-5.5,-5.5623,13,ES,Spring barley,precip,-0.0789937835239265
IPSL-CM6A-LR,-4.5,-4.3507,11,ES,Spring barley,precip,-0.0764419514281016
IPSL-CM6A-LR,-3.5,-3.4644,8,ES,Spring barley,precip,-0.0830737243877488
IPSL-CM6A-LR,-2.5,-2.5669,9,ES,Spring barley,precip,0.00108086273132215
IPSL-CM6A-LR,-1.5,-1.2909,6,ES,Spring barley,precip,-0.0439866167997975
IPSL-CM6A-LR,-0.5,-0.6347,8,ES,Spring barley,precip,-0.0431192220173369
EC-Earth3,-9.5,-9.1554,4,FI,Spring barley,precip,0.0201361364925388
EC-Earth3,-8.5,-8.4726,15,FI,Spring barley,precip,0.00652198886240811
EC-Earth3,-7.5,-7.5562,20,FI,Spring barley,precip,-0.00689598549517072
EC-Earth3,-6.5,-6.4767,21,FI,Spring barley,precip,-0.011296438175446
EC-Earth3,-5.5,-5.3342,8,FI,Spring barley,precip,-0.0331816142154697
EC-Earth3,-4.5,-4.5495,8,FI,Spring barley,precip,0.0238293275014283
EC-Earth3,-3.5,-3.3459,9,FI,Spring barley,precip,0.00787554679733033
EC-Earth3,-2.5,-2.4493,5,FI,Spring barley,precip,0.0918984252288068
EC-Earth3,-1.5,-1.3807,6,FI,Spring barley,precip,-0.00941623224681256
EC-Earth3,-0.5,-0.6596,3,FI,Spring barley,precip,-0.0041797704731427
HadGEM3-GC3-1LL,-8.5,-8.3848,12,FI,Spring barley,precip,-0.003762711880656
HadGEM3-GC3-1LL,-7.5,-7.5599,19,FI,Spring barley,precip,-0.0104344626055313
HadGEM3-GC3-1LL,-6.5,-6.5442,24,FI,Spring barley,precip,-0.014569471862332
HadGEM3-GC3-1LL,-5.5,-5.5797,10,FI,Spring barley,precip,-0.0401218124817303
HadGEM3-GC3-1LL,-4.5,-4.5263,6,FI,Spring barley,precip,-0.00504377683881932
HadGEM3-GC3-1LL,-3.5,-3.7835,7,FI,Spring barley,precip,0.0428107681475663
HadGEM3-GC3-1LL,-2.5,-2.4504,6,FI,Spring barley,precip,0.0424323640703881
HadGEM3-GC3-1LL,-1.5,-1.3098,8,FI,Spring barley,precip,0.096933512470196
HadGEM3-GC3-1LL,-0.5,-0.331,6,FI,Spring barley,precip,0.00188552743442986
HadGEM3-GC3-1MM,-14.5,-14.3032,4,FI,Spring barley,precip,0.214388522021181
HadGEM3-GC3-1MM,-13.5,-13.3931,8,FI,Spring barley,precip,0.175436309597537
HadGEM3-GC3-1MM,-12.5,-12.588,13,FI,Spring barley,precip,0.206799385760133
HadGEM3-GC3-1MM,-11.5,-11.5321,21,FI,Spring barley,precip,0.209248760194206
HadGEM3-GC3-1MM,-10.5,-10.4803,10,FI,Spring barley,precip,0.201535005109335
HadGEM3-GC3-1MM,-9.5,-9.6161,7,FI,Spring barley,precip,0.132541333858843
HadGEM3-GC3-1MM,-8.5,-8.6582,7,FI,Spring barley,precip,0.165143792177379
HadGEM3-GC3-1MM,-7.5,-7.6345,8,FI,Spring barley,precip,0.125864019039016
HadGEM3-GC3-1MM,-6.5,-6.4299,4,FI,Spring barley,precip,0.0184949084459401
HadGEM3-GC3-1MM,-5.5,-5.3528,4,FI,Spring barley,precip,0.0350515473323842
HadGEM3-GC3-1MM,-4.5,-4.3969,4,FI,Spring barley,precip,-0.00862640148771059
IPSL-CM6A-LR,-9.5,-9.3401,5,FI,Spring barley,precip,0.0970465567441656
IPSL-CM6A-LR,-8.5,-8.4598,8,FI,Spring barley,precip,0.164429931272183
IPSL-CM6A-LR,-7.5,-7.5255,19,FI,Spring barley,precip,0.112399556309483
IPSL-CM6A-LR,-6.5,-6.5577,11,FI,Spring barley,precip,0.0625438362921642
IPSL-CM6A-LR,-5.5,-5.5623,13,FI,Spring barley,precip,0.00744078719270562
IPSL-CM6A-LR,-4.5,-4.3507,11,FI,Spring barley,precip,0.0186110646485367
IPSL-CM6A-LR,-3.5,-3.4644,8,FI,Spring barley,precip,-0.00368930389024962
IPSL-CM6A-LR,-2.5,-2.5669,9,FI,Spring barley,precip,-0.0186780180560145
IPSL-CM6A-LR,-1.5,-1.2909,6,FI,Spring barley,precip,-0.00392743510682317
IPSL-CM6A-LR,-0.5,-0.6347,8,FI,Spring barley,precip,0.0310608856274149
EC-Earth3,-9.5,-9.1554,4,FR,Spring barley,precip,0.00804043478530027
EC-Earth3,-8.5,-8.4726,15,FR,Spring barley,precip,-0.10889616787615
EC-Earth3,-7.5,-7.5562,20,FR,Spring barley,precip,-0.0416356245172843
EC-Earth3,-6.5,-6.4767,21,FR,Spring barley,precip,-0.0971327543165152
EC-Earth3,-5.5,-5.3342,8,FR,Spring barley,precip,-0.0203522540966322
EC-Earth3,-4.5,-4.5495,8,FR,Spring barley,precip,-0.106763634087418
EC-Earth3,-3.5,-3.3459,9,FR,Spring barley,precip,-0.0861865835837246
EC-Earth3,-2.5,-2.4493,5,FR,Spring barley,precip,-0.078098617378029
EC-Earth3,-1.5,-1.3807,6,FR,Spring barley,precip,-0.0575423026650161
EC-Earth3,-0.5,-0.6596,3,FR,Spring barley,precip,0.0117559479034043
HadGEM3-GC3-1LL,-8.5,-8.3848,12,FR,Spring barley,precip,-0.0794985247853286
HadGEM3-GC3-1LL,-7.5,-7.5599,19,FR,Spring barley,precip,-0.0387971393101607
HadGEM3-GC3-1LL,-6.5,-6.5442,24,FR,Spring barley,precip,-0.0804685681042253
HadGEM3-GC3-1LL,-5.5,-5.5797,10,FR,Spring barley,precip,-0.00383950054759118
HadGEM3-GC3-1LL,-4.5,-4.5263,6,FR,Spring barley,precip,-0.125556284534613
HadGEM3-GC3-1LL,-3.5,-3.7835,7,FR,Spring barley,precip,-0.0260033136215155
HadGEM3-GC3-1LL,-2.5,-2.4504,6,FR,Spring barley,precip,-0.0941893539623423
HadGEM3-GC3-1LL,-1.5,-1.3098,8,FR,Spring barley,precip,0.0333736097330128
HadGEM3-GC3-1LL,-0.5,-0.331,6,FR,Spring barley,precip,-0.0277654138820839
HadGEM3-GC3-1MM,-14.5,-14.3032,4,FR,Spring barley,precip,0.0753590308990579
HadGEM3-GC3-1MM,-13.5,-13.3931,8,FR,Spring barley,precip,0.097121580645392
HadGEM3-GC3-1MM,-12.5,-12.588,13,FR,Spring barley,precip,0.0500292351264279
HadGEM3-GC3-1MM,-11.5,-11.5321,21,FR,Spring barley,precip,-0.00615338829524231
HadGEM3-GC3-1MM,-10.5,-10.4803,10,FR,Spring barley,precip,-0.0722877779149329
HadGEM3-GC3-1MM,-9.5,-9.6161,7,FR,Spring barley,precip,-0.0607236355639289
HadGEM3-GC3-1MM,-8.5,-8.6582,7,FR,Spring barley,precip,-0.0595827709638257
HadGEM3-GC3-1MM,-7.5,-7.6345,8,FR,Spring barley,precip,-0.0417533207905116
HadGEM3-GC3-1MM,-6.5,-6.4299,4,FR,Spring barley,precip,-0.0562506881069034
HadGEM3-GC3-1MM,-5.5,-5.3528,4,FR,Spring barley,precip,0.0243271325241531
HadGEM3-GC3-1MM,-4.5,-4.3969,4,FR,Spring barley,precip,-0.00382256264228901
IPSL-CM6A-LR,-9.5,-9.3401,5,FR,Spring barley,precip,-0.0841333322447886
IPSL-CM6A-LR,-8.5,-8.4598,8,FR,Spring barley,precip,-0.0675956607956355
IPSL-CM6A-LR,-7.5,-7.5255,19,FR,Spring barley,precip,-0.0881949620512017
IPSL-CM6A-LR,-6.5,-6.5577,11,FR,Spring barley,precip,-0.123652734381884
IPSL-CM6A-LR,-5.5,-5.5623,13,FR,Spring barley,precip,-0.0923894422575254
IPSL-CM6A-LR,-4.5,-4.3507,11,FR,Spring barley,precip,-0.051315592583868
IPSL-CM6A-LR,-3.5,-3.4644,8,FR,Spring barley,precip,-0.0653870621499443
IPSL-CM6A-LR,-2.5,-2.5669,9,FR,Spring barley,precip,-0.0900697272278106
IPSL-CM6A-LR,-1.5,-1.2909,6,FR,Spring barley,precip,0.00419513854747368
IPSL-CM6A-LR,-0.5,-0.6347,8,FR,Spring barley,precip,0.0164679903287262
EC-Earth3,-9.5,-9.1554,4,HU,Spring barley,precip,0.049507143919064
EC-Earth3,-8.5,-8.4726,15,HU,Spring barley,precip,0.0353049331802639
EC-Earth3,-7.5,-7.5562,20,HU,Spring barley,precip,0.0217515554043992
EC-Earth3,-6.5,-6.4767,21,HU,Spring barley,precip,-0.0316313007505626
EC-Earth3,-5.5,-5.3342,8,HU,Spring barley,precip,-0.0613769169320538
EC-Earth3,-4.5,-4.5495,8,HU,Spring barley,precip,0.0044927947524015
EC-Earth3,-3.5,-3.3459,9,HU,Spring barley,precip,0.0125318462947192
EC-Earth3,-2.5,-2.4493,5,HU,Spring barley,precip,-0.0884097817450966
EC-Earth3,-1.5,-1.3807,6,HU,Spring barley,precip,0.0678413895988952
EC-Earth3,-0.5,-0.6596,3,HU,Spring barley,precip,-0.064316630653333
HadGEM3-GC3-1LL,-8.5,-8.3848,12,HU,Spring barley,precip,-0.0395197459265695
HadGEM3-GC3-1LL,-7.5,-7.5599,19,HU,Spring barley,precip,-0.0465644199153014
HadGEM3-GC3-1LL,-6.5,-6.5442,24,HU,Spring barley,precip,0.00906842952856578
HadGEM3-GC3-1LL,-5.5,-5.5797,10,HU,Spring barley,precip,-0.0258665095942554
HadGEM3-GC3-1LL,-4.5,-4.5263,6,HU,Spring barley,precip,0.0439098125296866
HadGEM3-GC3-1LL,-3.5,-3.7835,7,HU,Spring barley,precip,-0.00179071269285537
HadGEM3-GC3-1LL,-2.5,-2.4504,6,HU,Spring barley,precip,-0.0288211417315769
HadGEM3-GC3-1LL,-1.5,-1.3098,8,HU,Spring barley,precip,-0.0161140240822032
HadGEM3-GC3-1LL,-0.5,-0.331,6,HU,Spring barley,precip,0.0376331295207599
HadGEM3-GC3-1MM,-14.5,-14.3032,4,HU,Spring barley,precip,-0.114678269307687
HadGEM3-GC3-1MM,-13.5,-13.3931,8,HU,Spring barley,precip,-0.0815770206537584
HadGEM3-GC3-1MM,-12.5,-12.588,13,HU,Spring barley,precip,-0.0606446194558849
HadGEM3-GC3-1MM,-11.5,-11.5321,21,HU,Spring barley,precip,-0.0567483585865245
HadGEM3-GC3-1MM,-10.5,-10.4803,10,HU,Spring barley,precip,-0.0460001493733229
HadGEM3-GC3-1MM,-9.5,-9.6161,7,HU,Spring barley,precip,-0.0899361002594116
HadGEM3-GC3-1MM,-8.5,-8.6582,7,HU,Spring barley,precip,-0.0618344816433015
HadGEM3-GC3-1MM,-7.5,-7.6345,8,HU,Spring barley,precip,-0.000922677326581424
HadGEM3-GC3-1MM,-6.5,-6.4299,4,HU,Spring barley,precip,-0.0305100022535988
HadGEM3-GC3-1MM,-5.5,-5.3528,4,HU,Spring barley,precip,-0.0494551348874246
HadGEM3-GC3-1MM,-4.5,-4.3969,4,HU,Spring barley,precip,-0.00490672725264309
IPSL-CM6A-LR,-9.5,-9.3401,5,HU,Spring barley,precip,-0.0404966632708027
IPSL-CM6A-LR,-8.5,-8.4598,8,HU,Spring barley,precip,-0.0431906001172815
IPSL-CM6A-LR,-7.5,-7.5255,19,HU,Spring barley,precip,-0.0422871741093866
IPSL-CM6A-LR,-6.5,-6.5577,11,HU,Spring barley,precip,-0.0616954956808138
IPSL-CM6A-LR,-5.5,-5.5623,13,HU,Spring barley,precip,-0.0410568837069485
IPSL-CM6A-LR,-4.5,-4.3507,11,HU,Spring barley,precip,-0.0219058294370564
IPSL-CM6A-LR,-3.5,-3.4644,8,HU,Spring barley,precip,0.0117447451561253
IPSL-CM6A-LR,-2.5,-2.5669,9,HU,Spring barley,precip,-0.0431655926755136
IPSL-CM6A-LR,-1.5,-1.2909,6,HU,Spring barley,precip,-0.0451734272586231
IPSL-CM6A-LR,-0.5,-0.6347,8,HU,Spring barley,precip,-0.0400285785970077
EC-Earth3,-9.5,-9.1554,4,LT,Spring barley,precip,-0.0135052538766377
EC-Earth3,-8.5,-8.4726,15,LT,Spring barley,precip,-0.0672361864060304
EC-Earth3,-7.5,-7.5562,20,LT,Spring barley,precip,-0.0442677052076739
EC-Earth3,-6.5,-6.4767,21,LT,Spring barley,precip,-0.0458566938350961
EC-Earth3,-5.5,-5.3342,8,LT,Spring barley,precip,-0.0402318590847164
EC-Earth3,-4.5,-4.5495,8,LT,Spring barley,precip,-0.00409810516393188
EC-Earth3,-3.5,-3.3459,9,LT,Spring barley,precip,-0.07166283284806
EC-Earth3,-2.5,-2.4493,5,LT,Spring barley,precip,-0.0290167856374697
EC-Earth3,-1.5,-1.3807,6,LT,Spring barley,precip,-0.0764749727414486
EC-Earth3,-0.5,-0.6596,3,LT,Spring barley,precip,-0.0778833251828437
HadGEM3-GC3-1LL,-8.5,-8.3848,12,LT,Spring barley,precip,-0.0666831734844218
HadGEM3-GC3-1LL,-7.5,-7.5599,19,LT,Spring barley,precip,-0.0449568574505832
HadGEM3-GC3-1LL,-6.5,-6.5442,24,LT,Spring barley,precip,-0.05581902540845
HadGEM3-GC3-1LL,-5.5,-5.5797,10,LT,Spring barley,precip,-0.0806458865008775
HadGEM3-GC3-1LL,-4.5,-4.5263,6,LT,Spring barley,precip,-0.025334858157045
HadGEM3-GC3-1LL,-3.5,-3.7835,7,LT,Spring barley,precip,-0.0135994637002709
HadGEM3-GC3-1LL,-2.5,-2.4504,6,LT,Spring barley,precip,0.0429627072461724
HadGEM3-GC3-1LL,-1.5,-1.3098,8,LT,Spring barley,precip,0.0762982515911044
HadGEM3-GC3-1LL,-0.5,-0.331,6,LT,Spring barley,precip,0.0034419855385808
HadGEM3-GC3-1MM,-14.5,-14.3032,4,LT,Spring barley,precip,0.0236909875392769
HadGEM3-GC3-1MM,-13.5,-13.3931,8,LT,Spring barley,precip,0.118281927884779
HadGEM3-GC3-1MM,-12.5,-12.588,13,LT,Spring barley,precip,0.113266120965908
HadGEM3-GC3-1MM,-11.5,-11.5321,21,LT,Spring barley,precip,0.0680815145108507
HadGEM3-GC3-1MM,-10.5,-10.4803,10,LT,Spring barley,precip,0.161843576438522
HadGEM3-GC3-1MM,-9.5,-9.6161,7,LT,Spring barley,precip,-0.0605175826991559
HadGEM3-GC3-1MM,-8.5,-8.6582,7,LT,Spring barley,precip,0.00111088249791701
HadGEM3-GC3-1MM,-7.5,-7.6345,8,LT,Spring barley,precip,0.0281894089799881
HadGEM3-GC3-1MM,-6.5,-6.4299,4,LT,Spring barley,precip,-0.0354261430806549
HadGEM3-GC3-1MM,-5.5,-5.3528,4,LT,Spring barley,precip,0.000264934220672945
HadGEM3-GC3-1MM,-4.5,-4.3969,4,LT,Spring barley,precip,-0.0263938809372662
IPSL-CM6A-LR,-9.5,-9.3401,5,LT,Spring barley,precip,0.00339256888465478
IPSL-CM6A-LR,-8.5,-8.4598,8,LT,Spring barley,precip,0.0184566576150452
IPSL-CM6A-LR,-7.5,-7.5255,19,LT,Spring barley,precip,-0.0526688918336771
IPSL-CM6A-LR,-6.5,-6.5577,11,LT,Spring barley,precip,-0.094256362899553
IPSL-CM6A-LR,-5.5,-5.5623,13,LT,Spring barley,precip,-0.0321601407272663
IPSL-CM6A-LR,-4.5,-4.3507,11,LT,Spring barley,precip,-0.0265291832778309
IPSL-CM6A-LR,-3.5,-3.4644,8,LT,Spring barley,precip,0.0172045230838912
IPSL-CM6A-LR,-2.5,-2.5669,9,LT,Spring barley,precip,0.00132427369957249
IPSL-CM6A-LR,-1.5,-1.2909,6,LT,Spring barley,precip,-0.0558536347214331
IPSL-CM6A-LR,-0.5,-0.6347,8,LT,Spring barley,precip,-0.00346952106128649
EC-Earth3,-9.5,-9.1554,4,LV,Spring barley,precip,-0.0148565143362768
EC-Earth3,-8.5,-8.4726,15,LV,Spring barley,precip,-0.0536493297153808
EC-Earth3,-7.5,-7.5562,20,LV,Spring barley,precip,-0.0218406177134469
EC-Earth3,-6.5,-6.4767,21,LV,Spring barley,precip,-0.030859282207004
EC-Earth3,-5.5,-5.3342,8,LV,Spring barley,precip,-0.0461277649729812
EC-Earth3,-4.5,-4.5495,8,LV,Spring barley,precip,0.00482208286146505
EC-Earth3,-3.5,-3.3459,9,LV,Spring barley,precip,-0.0384198705532112
EC-Earth3,-2.5,-2.4493,5,LV,Spring barley,precip,-0.00923335472933674
EC-Earth3,-1.5,-1.3807,6,LV,Spring barley,precip,-0.0610559360865313
EC-Earth3,-0.5,-0.6596,3,LV,Spring barley,precip,-0.0541953578305007
HadGEM3-GC3-1LL,-8.5,-8.3848,12,LV,Spring barley,precip,-0.051768692743734
HadGEM3-GC3-1LL,-7.5,-7.5599,19,LV,Spring barley,precip,-0.0210347293526275
HadGEM3-GC3-1LL,-6.5,-6.5442,24,LV,Spring barley,precip,-0.0379258970089465
HadGEM3-GC3-1LL,-5.5,-5.5797,10,LV,Spring barley,precip,-0.0560886991691639
HadGEM3-GC3-1LL,-4.5,-4.5263,6,LV,Spring barley,precip,-0.0286306817663778
HadGEM3-GC3-1LL,-3.5,-3.7835,7,LV,Spring barley,precip,0.0105851073861267
HadGEM3-GC3-1LL,-2.5,-2.4504,6,LV,Spring barley,precip,0.0621785218772658
HadGEM3-GC3-1LL,-1.5,-1.3098,8,LV,Spring barley,precip,0.0991094551189993
HadGEM3-GC3-1LL,-0.5,-0.331,6,LV,Spring barley,precip,0.00544053648369035
HadGEM3-GC3-1MM,-14.5,-14.3032,4,LV,Spring barley,precip,0.0901888031374627
HadGEM3-GC3-1MM,-13.5,-13.3931,8,LV,Spring barley,precip,0.170859055646115
HadGEM3-GC3-1MM,-12.5,-12.588,13,LV,Spring barley,precip,0.178794958935021
HadGEM3-GC3-1MM,-11.5,-11.5321,21,LV,Spring barley,precip,0.13360498849387
HadGEM3-GC3-1MM,-10.5,-10.4803,10,LV,Spring barley,precip,0.213281590693412
HadGEM3-GC3-1MM,-9.5,-9.6161,7,LV,Spring barley,precip,-0.00955213542204605
HadGEM3-GC3-1MM,-8.5,-8.6582,7,LV,Spring barley,precip,0.0315911636567749
HadGEM3-GC3-1MM,-7.5,-7.6345,8,LV,Spring barley,precip,0.0616940341149717
HadGEM3-GC3-1MM,-6.5,-6.4299,4,LV,Spring barley,precip,-0.017999805682829
HadGEM3-GC3-1MM,-5.5,-5.3528,4,LV,Spring barley,precip,0.00819070648115788
HadGEM3-GC3-1MM,-4.5,-4.3969,4,LV,Spring barley,precip,-0.00421544038785572
IPSL-CM6A-LR,-9.5,-9.3401,5,LV,Spring barley,precip,0.0678920767907781
IPSL-CM6A-LR,-8.5,-8.4598,8,LV,Spring barley,precip,0.0767234194522059
IPSL-CM6A-LR,-7.5,-7.5255,19,LV,Spring barley,precip,-0.00301284087166851
IPSL-CM6A-LR,-6.5,-6.5577,11,LV,Spring barley,precip,-0.0433450590170243
IPSL-CM6A-LR,-5.5,-5.5623,13,LV,Spring barley,precip,-0.00193367866061046
IPSL-CM6A-LR,-4.5,-4.3507,11,LV,Spring barley,precip,0.0035996486911892
IPSL-CM6A-LR,-3.5,-3.4644,8,LV,Spring barley,precip,0.0101205843604817
IPSL-CM6A-LR,-2.5,-2.5669,9,LV,Spring barley,precip,0.0215247793767732
IPSL-CM6A-LR,-1.5,-1.2909,6,LV,Spring barley,precip,-0.0407243994232181
IPSL-CM6A-LR,-0.5,-0.6347,8,LV,Spring barley,precip,0.0078713515288303
EC-Earth3,-9.5,-9.1554,4,SE,Spring barley,precip,0.0827288042313669
EC-Earth3,-8.5,-8.4726,15,SE,Spring barley,precip,0.013701286953642
EC-Earth3,-7.5,-7.5562,20,SE,Spring barley,precip,-0.0172145037439648
EC-Earth3,-6.5,-6.4767,21,SE,Spring barley,precip,-0.0445745117992285
EC-Earth3,-5.5,-5.3342,8,SE,Spring barley,precip,-0.0154502565473031
EC-Earth3,-4.5,-4.5495,8,SE,Spring barley,precip,-0.00161304205111039
EC-Earth3,-3.5,-3.3459,9,SE,Spring barley,precip,-0.0778758110604332
EC-Earth3,-2.5,-2.4493,5,SE,Spring barley,precip,0.0406112381479812
EC-Earth3,-1.5,-1.3807,6,SE,Spring barley,precip,-0.0323594109200222
EC-Earth3,-0.5,-0.6596,3,SE,Spring barley,precip,0.0558153667909262
HadGEM3-GC3-1LL,-8.5,-8.3848,12,SE,Spring barley,precip,-0.0576124768932159
HadGEM3-GC3-1LL,-7.5,-7.5599,19,SE,Spring barley,precip,-0.0255222986288071
HadGEM3-GC3-1LL,-6.5,-6.5442,24,SE,Spring barley,precip,-0.0536421523535303
HadGEM3-GC3-1LL,-5.5,-5.5797,10,SE,Spring barley,precip,-0.0686213137862942
HadGEM3-GC3-1LL,-4.5,-4.5263,6,SE,Spring barley,precip,-0.028116691172852
HadGEM3-GC3-1LL,-3.5,-3.7835,7,SE,Spring barley,precip,-0.0152344596289344
HadGEM3-GC3-1LL,-2.5,-2.4504,6,SE,Spring barley,precip,0.0240949599254749
HadGEM3-GC3-1LL,-1.5,-1.3098,8,SE,Spring barley,precip,0.0627139775455613
HadGEM3-GC3-1LL,-0.5,-0.331,6,SE,Spring barley,precip,0.0288998212149888
HadGEM3-GC3-1MM,-14.5,-14.3032,4,SE,Spring barley,precip,0.25272033944643
HadGEM3-GC3-1MM,-13.5,-13.3931,8,SE,Spring barley,precip,0.171066876569057
HadGEM3-GC3-1MM,-12.5,-12.588,13,SE,Spring barley,precip,0.176312456658001
HadGEM3-GC3-1MM,-11.5,-11.5321,21,SE,Spring barley,precip,0.219018229317386
HadGEM3-GC3-1MM,-10.5,-10.4803,10,SE,Spring barley,precip,0.191513242009213
HadGEM3-GC3-1MM,-9.5,-9.6161,7,SE,Spring barley,precip,0.0426304907735285
HadGEM3-GC3-1MM,-8.5,-8.6582,7,SE,Spring barley,precip,0.0793521886549975
HadGEM3-GC3-1MM,-7.5,-7.6345,8,SE,Spring barley,precip,0.111904909079052
HadGEM3-GC3-1MM,-6.5,-6.4299,4,SE,Spring barley,precip,-0.0653571220870913
HadGEM3-GC3-1MM,-5.5,-5.3528,4,SE,Spring barley,precip,0.0120931165444223
HadGEM3-GC3-1MM,-4.5,-4.3969,4,SE,Spring barley,precip,-0.0483072810835644
IPSL-CM6A-LR,-9.5,-9.3401,5,SE,Spring barley,precip,0.0947691429401786
IPSL-CM6A-LR,-8.5,-8.4598,8,SE,Spring barley,precip,0.118701550385591
IPSL-CM6A-LR,-7.5,-7.5255,19,SE,Spring barley,precip,0.0403493783007526
IPSL-CM6A-LR,-6.5,-6.5577,11,SE,Spring barley,precip,0.0438315237333031
IPSL-CM6A-LR,-5.5,-5.5623,13,SE,Spring barley,precip,-0.0018698868715455
IPSL-CM6A-LR,-4.5,-4.3507,11,SE,Spring barley,precip,-0.00153267330656457
IPSL-CM6A-LR,-3.5,-3.4644,8,SE,Spring barley,precip,0.0381537100532919
IPSL-CM6A-LR,-2.5,-2.5669,9,SE,Spring barley,precip,-0.0455516254478224
IPSL-CM6A-LR,-1.5,-1.2909,6,SE,Spring barley,precip,-0.0311625635668743
IPSL-CM6A-LR,-0.5,-0.6347,8,SE,Spring barley,precip,0.0717734602451625
EC-Earth3,-9.5,-9.1554,4,SK,Spring barley,precip,0.0917218927696129
EC-Earth3,-8.5,-8.4726,15,SK,Spring barley,precip,0.0189462169182643
EC-Earth3,-7.5,-7.5562,20,SK,Spring barley,precip,0.0150960213113374
EC-Earth3,-6.5,-6.4767,21,SK,Spring barley,precip,-0.0520849188530992
EC-Earth3,-5.5,-5.3342,8,SK,Spring barley,precip,-0.0788688523031892
EC-Earth3,-4.5,-4.5495,8,SK,Spring barley,precip,0.0042625376984713
EC-Earth3,-3.5,-3.3459,9,SK,Spring barley,precip,-0.0366073156913929
EC-Earth3,-2.5,-2.4493,5,SK,Spring barley,precip,-0.0623826739679115
EC-Earth3,-1.5,-1.3807,6,SK,Spring barley,precip,0.0357344126370488
EC-Earth3,-0.5,-0.6596,3,SK,Spring barley,precip,-0.0670481918036067
HadGEM3-GC3-1LL,-8.5,-8.3848,12,SK,Spring barley,precip,-0.070110826050881
HadGEM3-GC3-1LL,-7.5,-7.5599,19,SK,Spring barley,precip,-0.0478218590731511
HadGEM3-GC3-1LL,-6.5,-6.5442,24,SK,Spring barley,precip,0.00852701373859184
HadGEM3-GC3-1LL,-5.5,-5.5797,10,SK,Spring barley,precip,-0.033598412896138
HadGEM3-GC3-1LL,-4.5,-4.5263,6,SK,Spring barley,precip,0.0277645855730052
HadGEM3-GC3-1LL,-3.5,-3.7835,7,SK,Spring barley,precip,-0.0226763517181485
HadGEM3-GC3-1LL,-2.5,-2.4504,6,SK,Spring barley,precip,-0.0335418015032294
HadGEM3-GC3-1LL,-1.5,-1.3098,8,SK,Spring barley,precip,0.00976635497767295
HadGEM3-GC3-1LL,-0.5,-0.331,6,SK,Spring barley,precip,0.0775180856650494
HadGEM3-GC3-1MM,-14.5,-14.3032,4,SK,Spring barley,precip,-0.108540499164756
HadGEM3-GC3-1MM,-13.5,-13.3931,8,SK,Spring barley,precip,-0.102375915887035
HadGEM3-GC3-1MM,-12.5,-12.588,13,SK,Spring barley,precip,-0.0721895806060681
HadGEM3-GC3-1MM,-11.5,-11.5321,21,SK,Spring barley,precip,-0.0653518644716253
HadGEM3-GC3-1MM,-10.5,-10.4803,10,SK,Spring barley,precip,-0.0575146972475566
HadGEM3-GC3-1MM,-9.5,-9.6161,7,SK,Spring barley,precip,-0.144282818204609
HadGEM3-GC3-1MM,-8.5,-8.6582,7,SK,Spring barley,precip,-0.0666078590495924
HadGEM3-GC3-1MM,-7.5,-7.6345,8,SK,Spring barley,precip,-0.0276276834867195
HadGEM3-GC3-1MM,-6.5,-6.4299,4,SK,Spring barley,precip,-0.0647132881730056
HadGEM3-GC3-1MM,-5.5,-5.3528,4,SK,Spring barley,precip,-0.0599043606318915
HadGEM3-GC3-1MM,-4.5,-4.3969,4,SK,Spring barley,precip,-0.0452617058372029
IPSL-CM6A-LR,-9.5,-9.3401,5,SK,Spring barley,precip,-0.0509798245114723
IPSL-CM6A-LR,-8.5,-8.4598,8,SK,Spring barley,precip,-0.0395508124013579
IPSL-CM6A-LR,-7.5,-7.5255,19,SK,Spring barley,precip,-0.0489749700380871
IPSL-CM6A-LR,-6.5,-6.5577,11,SK,Spring barley,precip,-0.0768080773022292
IPSL-CM6A-LR,-5.5,-5.5623,13,SK,Spring barley,precip,-0.0448499168707765
IPSL-CM6A-LR,-4.5,-4.3507,11,SK,Spring barley,precip,-0.0119098316123915
IPSL-CM6A-LR,-3.5,-3.4644,8,SK,Spring barley,precip,0.0230439388935295
IPSL-CM6A-LR,-2.5,-2.5669,9,SK,Spring barley,precip,-0.0449888660982696
IPSL-CM6A-LR,-1.5,-1.2909,6,SK,Spring barley,precip,-0.0699235091459164
IPSL-CM6A-LR,-0.5,-0.6347,8,SK,Spring barley,precip,-0.00774456967580705
EC-Earth3,-9.5,-9.1554,4,CZ,Winter barley,precip,0.0500058301937032
EC-Earth3,-8.5,-8.4726,15,CZ,Winter barley,precip,-0.0150925211341196
EC-Earth3,-7.5,-7.5562,20,CZ,Winter barley,precip,-0.0111939976849799
EC-Earth3,-6.5,-6.4767,21,CZ,Winter barley,precip,-0.0541111897839744
EC-Earth3,-5.5,-5.3342,8,CZ,Winter barley,precip,-0.0174872982613745
EC-Earth3,-4.5,-4.5495,8,CZ,Winter barley,precip,-0.0231219644988451
EC-Earth3,-3.5,-3.3459,9,CZ,Winter barley,precip,-0.0746341315365528
EC-Earth3,-2.5,-2.4493,5,CZ,Winter barley,precip,-0.0117293980328621
EC-Earth3,-1.5,-1.3807,6,CZ,Winter barley,precip,-0.0130348818087373
EC-Earth3,-0.5,-0.6596,3,CZ,Winter barley,precip,-0.0361487109323425
HadGEM3-GC3-1LL,-8.5,-8.3848,12,CZ,Winter barley,precip,-0.0464129712546446
HadGEM3-GC3-1LL,-7.5,-7.5599,19,CZ,Winter barley,precip,-0.0416275490790146
HadGEM3-GC3-1LL,-6.5,-6.5442,24,CZ,Winter barley,precip,-0.00574155364928031
HadGEM3-GC3-1LL,-5.5,-5.5797,10,CZ,Winter barley,precip,-0.0184410372400555
HadGEM3-GC3-1LL,-4.5,-4.5263,6,CZ,Winter barley,precip,-0.0219654797695954
HadGEM3-GC3-1LL,-3.5,-3.7835,7,CZ,Winter barley,precip,-0.0137305014113509
HadGEM3-GC3-1LL,-2.5,-2.4504,6,CZ,Winter barley,precip,0.00838443425275739
HadGEM3-GC3-1LL,-1.5,-1.3098,8,CZ,Winter barley,precip,0.011960910958408
HadGEM3-GC3-1LL,-0.5,-0.331,6,CZ,Winter barley,precip,0.0437534088522486
HadGEM3-GC3-1MM,-14.5,-14.3032,4,CZ,Winter barley,precip,-0.0179172764765391
HadGEM3-GC3-1MM,-13.5,-13.3931,8,CZ,Winter barley,precip,-0.0301374526270434
HadGEM3-GC3-1MM,-12.5,-12.588,13,CZ,Winter barley,precip,-0.0449378043487317
HadGEM3-GC3-1MM,-11.5,-11.5321,21,CZ,Winter barley,precip,-0.00407914945318744
HadGEM3-GC3-1MM,-10.5,-10.4803,10,CZ,Winter barley,precip,0.00321003835599666
HadGEM3-GC3-1MM,-9.5,-9.6161,7,CZ,Winter barley,precip,-0.0859920020940965
HadGEM3-GC3-1MM,-8.5,-8.6582,7,CZ,Winter barley,precip,-0.0146027742861078
HadGEM3-GC3-1MM,-7.5,-7.6345,8,CZ,Winter barley,precip,-0.0184282374435334
HadGEM3-GC3-1MM,-6.5,-6.4299,4,CZ,Winter barley,precip,-0.0598478633449004
HadGEM3-GC3-1MM,-5.5,-5.3528,4,CZ,Winter barley,precip,-0.0485358824820024
HadGEM3-GC3-1MM,-4.5,-4.3969,4,CZ,Winter barley,precip,-0.0501001148870554
IPSL-CM6A-LR,-9.5,-9.3401,5,CZ,Winter barley,precip,-0.0195998034944346
IPSL-CM6A-LR,-8.5,-8.4598,8,CZ,Winter barley,precip,-0.0322878721509933
IPSL-CM6A-LR,-7.5,-7.5255,19,CZ,Winter barley,precip,-0.0377218823716233
IPSL-CM6A-LR,-6.5,-6.5577,11,CZ,Winter barley,precip,-0.0614053216308625
IPSL-CM6A-LR,-5.5,-5.5623,13,CZ,Winter barley,precip,-0.035984627839305
IPSL-CM6A-LR,-4.5,-4.3507,11,CZ,Winter barley,precip,-0.0146909738701601
IPSL-CM6A-LR,-3.5,-3.4644,8,CZ,Winter barley,precip,0.0302606941133265
IPSL-CM6A-LR,-2.5,-2.5669,9,CZ,Winter barley,precip,-0.0362420089379726
IPSL-CM6A-LR,-1.5,-1.2909,6,CZ,Winter barley,precip,-0.0555342225443591
IPSL-CM6A-LR,-0.5,-0.6347,8,CZ,Winter barley,precip,0.0187172071380851
EC-Earth3,-9.5,-9.1554,4,DE,Winter barley,precip,0.0220273090028433
EC-Earth3,-8.5,-8.4726,15,DE,Winter barley,precip,-0.0534472993453679
EC-Earth3,-7.5,-7.5562,20,DE,Winter barley,precip,-0.0445793292834731
EC-Earth3,-6.5,-6.4767,21,DE,Winter barley,precip,-0.0715293699830493
EC-Earth3,-5.5,-5.3342,8,DE,Winter barley,precip,-0.0383439773118429
EC-Earth3,-4.5,-4.5495,8,DE,Winter barley,precip,-0.0496502665183694
EC-Earth3,-3.5,-3.3459,9,DE,Winter barley,precip,-0.0841280508600192
EC-Earth3,-2.5,-2.4493,5,DE,Winter barley,precip,-0.0533037858323341
EC-Earth3,-1.5,-1.3807,6,DE,Winter barley,precip,-0.0407806663954571
EC-Earth3,-0.5,-0.6596,3,DE,Winter barley,precip,-0.0037411897014755
HadGEM3-GC3-1LL,-8.5,-8.3848,12,DE,Winter barley,precip,-0.0557960792256964
HadGEM3-GC3-1LL,-7.5,-7.5599,19,DE,Winter barley,precip,-0.0283478622978408
HadGEM3-GC3-1LL,-6.5,-6.5442,24,DE,Winter barley,precip,-0.0468665084312072
HadGEM3-GC3-1LL,-5.5,-5.5797,10,DE,Winter barley,precip,-0.0416062605819844
HadGEM3-GC3-1LL,-4.5,-4.5263,6,DE,Winter barley,precip,-0.0569323489406963
HadGEM3-GC3-1LL,-3.5,-3.7835,7,DE,Winter barley,precip,-0.0205947401186661
HadGEM3-GC3-1LL,-2.5,-2.4504,6,DE,Winter barley,precip,-0.0157623965006615
HadGEM3-GC3-1LL,-1.5,-1.3098,8,DE,Winter barley,precip,0.0389086318626572
HadGEM3-GC3-1LL,-0.5,-0.331,6,DE,Winter barley,precip,-0.004068696545241
HadGEM3-GC3-1MM,-14.5,-14.3032,4,DE,Winter barley,precip,0.0677147755147378
HadGEM3-GC3-1MM,-13.5,-13.3931,8,DE,Winter barley,precip,0.0763961130401002
HadGEM3-GC3-1MM,-12.5,-12.588,13,DE,Winter barley,precip,0.0381938360932197
HadGEM3-GC3-1MM,-11.5,-11.5321,21,DE,Winter barley,precip,0.0265752527737357
HadGEM3-GC3-1MM,-10.5,-10.4803,10,DE,Winter barley,precip,0.0144063723164973
HadGEM3-GC3-1MM,-9.5,-9.6161,7,DE,Winter barley,precip,-0.0643073429528689
HadGEM3-GC3-1MM,-8.5,-8.6582,7,DE,Winter barley,precip,-0.0251707086210054
HadGEM3-GC3-1MM,-7.5,-7.6345,8,DE,Winter barley,precip,0.0112326635984881
HadGEM3-GC3-1MM,-6.5,-6.4299,4,DE,Winter barley,precip,-0.0151125661990056
HadGEM3-GC3-1MM,-5.5,-5.3528,4,DE,Winter barley,precip,-0.00927389613648645
HadGEM3-GC3-1MM,-4.5,-4.3969,4,DE,Winter barley,precip,-0.0670958248710876
IPSL-CM6A-LR,-9.5,-9.3401,5,DE,Winter barley,precip,-0.0351239295621513
IPSL-CM6A-LR,-8.5,-8.4598,8,DE,Winter barley,precip,-0.0326663947429712
IPSL-CM6A-LR,-7.5,-7.5255,19,DE,Winter barley,precip,-0.0489077217769371
IPSL-CM6A-LR,-6.5,-6.5577,11,DE,Winter barley,precip,-0.072684435669361
IPSL-CM6A-LR,-5.5,-5.5623,13,DE,Winter barley,precip,-0.0679792560290211
IPSL-CM6A-LR,-4.5,-4.3507,11,DE,Winter barley,precip,-0.0218661514806887
IPSL-CM6A-LR,-3.5,-3.4644,8,DE,Winter barley,precip,0.00236020304320229
IPSL-CM6A-LR,-2.5,-2.5669,9,DE,Winter barley,precip,-0.0585448447285621
IPSL-CM6A-LR,-1.5,-1.2909,6,DE,Winter barley,precip,-0.0310381677319453
IPSL-CM6A-LR,-0.5,-0.6347,8,DE,Winter barley,precip,0.0108394338625066
EC-Earth3,-9.5,-9.1554,4,DK,Winter barley,precip,-0.0217278250739676
EC-Earth3,-8.5,-8.4726,15,DK,Winter barley,precip,-0.037893899305263
EC-Earth3,-7.5,-7.5562,20,DK,Winter barley,precip,-0.047897302846163
EC-Earth3,-6.5,-6.4767,21,DK,Winter barley,precip,-0.0601670215261079
EC-Earth3,-5.5,-5.3342,8,DK,Winter barley,precip,-0.0507681619671171
EC-Earth3,-4.5,-4.5495,8,DK,Winter barley,precip,-0.0567802028010942
EC-Earth3,-3.5,-3.3459,9,DK,Winter barley,precip,-0.0938027564677109
EC-Earth3,-2.5,-2.4493,5,DK,Winter barley,precip,-0.0327030640099792
EC-Earth3,-1.5,-1.3807,6,DK,Winter barley,precip,-0.0403226415829393
EC-Earth3,-0.5,-0.6596,3,DK,Winter barley,precip,0.0586439460780715
HadGEM3-GC3-1LL,-8.5,-8.3848,12,DK,Winter barley,precip,-0.0598593984253594
HadGEM3-GC3-1LL,-7.5,-7.5599,19,DK,Winter barley,precip,-0.029880952876541
HadGEM3-GC3-1LL,-6.5,-6.5442,24,DK,Winter barley,precip,-0.0590724693206727
HadGEM3-GC3-1LL,-5.5,-5.5797,10,DK,Winter barley,precip,-0.0420046678907911
HadGEM3-GC3-1LL,-4.5,-4.5263,6,DK,Winter barley,precip,-0.0454063415036039
HadGEM3-GC3-1LL,-3.5,-3.7835,7,DK,Winter barley,precip,-0.00640962807237533
HadGEM3-GC3-1LL,-2.5,-2.4504,6,DK,Winter barley,precip,-0.0015090935881405
HadGEM3-GC3-1LL,-1.5,-1.3098,8,DK,Winter barley,precip,0.0648916672569702
HadGEM3-GC3-1LL,-0.5,-0.331,6,DK,Winter barley,precip,-0.0262934491826799
HadGEM3-GC3-1MM,-14.5,-14.3032,4,DK,Winter barley,precip,0.213189360033928
HadGEM3-GC3-1MM,-13.5,-13.3931,8,DK,Winter barley,precip,0.157192062229881
HadGEM3-GC3-1MM,-12.5,-12.588,13,DK,Winter barley,precip,0.174042237070968
HadGEM3-GC3-1MM,-11.5,-11.5321,21,DK,Winter barley,precip,0.182353144866693
HadGEM3-GC3-1MM,-10.5,-10.4803,10,DK,Winter barley,precip,0.155971442291757
HadGEM3-GC3-1MM,-9.5,-9.6161,7,DK,Winter barley,precip,0.0284602725871483
HadGEM3-GC3-1MM,-8.5,-8.6582,7,DK,Winter barley,precip,0.00794880671268979
HadGEM3-GC3-1MM,-7.5,-7.6345,8,DK,Winter barley,precip,0.0462596401515192
HadGEM3-GC3-1MM,-6.5,-6.4299,4,DK,Winter barley,precip,-0.076720098335461
HadGEM3-GC3-1MM,-5.5,-5.3528,4,DK,Winter barley,precip,-0.0156607435754559
HadGEM3-GC3-1MM,-4.5,-4.3969,4,DK,Winter barley,precip,-0.0911183549306405
IPSL-CM6A-LR,-9.5,-9.3401,5,DK,Winter barley,precip,0.0726133214109024
IPSL-CM6A-LR,-8.5,-8.4598,8,DK,Winter barley,precip,0.116762951276945
IPSL-CM6A-LR,-7.5,-7.5255,19,DK,Winter barley,precip,-0.0064741450438405
IPSL-CM6A-LR,-6.5,-6.5577,11,DK,Winter barley,precip,0.0610802440978375
IPSL-CM6A-LR,-5.5,-5.5623,13,DK,Winter barley,precip,-0.0390855161550771
IPSL-CM6A-LR,-4.5,-4.3507,11,DK,Winter barley,precip,0.000556845396515269
IPSL-CM6A-LR,-3.5,-3.4644,8,DK,Winter barley,precip,0.0230174042674652
IPSL-CM6A-LR,-2.5,-2.5669,9,DK,Winter barley,precip,-0.0649649410913637
IPSL-CM6A-LR,-1.5,-1.2909,6,DK,Winter barley,precip,-0.045576935890868
IPSL-CM6A-LR,-0.5,-0.6347,8,DK,Winter barley,precip,0.073177316354929
EC-Earth3,-9.5,-9.1554,4,EE,Winter barley,precip,-0.0203668505308434
EC-Earth3,-8.5,-8.4726,15,EE,Winter barley,precip,-0.0303788372793917
EC-Earth3,-7.5,-7.5562,20,EE,Winter barley,precip,0.00208459647590073
EC-Earth3,-6.5,-6.4767,21,EE,Winter barley,precip,-0.017474958291083
EC-Earth3,-5.5,-5.3342,8,EE,Winter barley,precip,-0.0370175775599307
EC-Earth3,-4.5,-4.5495,8,EE,Winter barley,precip,0.0136423512260696
EC-Earth3,-3.5,-3.3459,9,EE,Winter barley,precip,-0.0100254159742581
EC-Earth3,-2.5,-2.4493,5,EE,Winter barley,precip,0.0161570893866462
EC-Earth3,-1.5,-1.3807,6,EE,Winter barley,precip,-0.0289776797573704
EC-Earth3,-0.5,-0.6596,3,EE,Winter barley,precip,-0.0271041692526328
HadGEM3-GC3-1LL,-8.5,-8.3848,12,EE,Winter barley,precip,-0.0203140169180254
HadGEM3-GC3-1LL,-7.5,-7.5599,19,EE,Winter barley,precip,0.0054910921702011
HadGEM3-GC3-1LL,-6.5,-6.5442,24,EE,Winter barley,precip,-0.0235761519704566
HadGEM3-GC3-1LL,-5.5,-5.5797,10,EE,Winter barley,precip,-0.0300580494637706
HadGEM3-GC3-1LL,-4.5,-4.5263,6,EE,Winter barley,precip,-0.019978949698355
HadGEM3-GC3-1LL,-3.5,-3.7835,7,EE,Winter barley,precip,0.0197401233963904
HadGEM3-GC3-1LL,-2.5,-2.4504,6,EE,Winter barley,precip,0.0616057991124351
HadGEM3-GC3-1LL,-1.5,-1.3098,8,EE,Winter barley,precip,0.0909030027730548
HadGEM3-GC3-1LL,-0.5,-0.331,6,EE,Winter barley,precip,0.0104167522154011
HadGEM3-GC3-1MM,-14.5,-14.3032,4,EE,Winter barley,precip,0.149061779339283
HadGEM3-GC3-1MM,-13.5,-13.3931,8,EE,Winter barley,precip,0.151366767622703
HadGEM3-GC3-1MM,-12.5,-12.588,13,EE,Winter barley,precip,0.177241037754994
HadGEM3-GC3-1MM,-11.5,-11.5321,21,EE,Winter barley,precip,0.146266798066167
HadGEM3-GC3-1MM,-10.5,-10.4803,10,EE,Winter barley,precip,0.199057641714196
HadGEM3-GC3-1MM,-9.5,-9.6161,7,EE,Winter barley,precip,0.0409183461306194
HadGEM3-GC3-1MM,-8.5,-8.6582,7,EE,Winter barley,precip,0.0685625781257629
HadGEM3-GC3-1MM,-7.5,-7.6345,8,EE,Winter barley,precip,0.100371180010382
HadGEM3-GC3-1MM,-6.5,-6.4299,4,EE,Winter barley,precip,-0.0102833794993791
HadGEM3-GC3-1MM,-5.5,-5.3528,4,EE,Winter barley,precip,0.0174601072836694
HadGEM3-GC3-1MM,-4.5,-4.3969,4,EE,Winter barley,precip,-0.00183853915135433
IPSL-CM6A-LR,-9.5,-9.3401,5,EE,Winter barley,precip,0.111013921924405
IPSL-CM6A-LR,-8.5,-8.4598,8,EE,Winter barley,precip,0.105058367510506
IPSL-CM6A-LR,-7.5,-7.5255,19,EE,Winter barley,precip,0.057547937498326
IPSL-CM6A-LR,-6.5,-6.5577,11,EE,Winter barley,precip,0.0224089427297034
IPSL-CM6A-LR,-5.5,-5.5623,13,EE,Winter barley,precip,0.0261121750191159
IPSL-CM6A-LR,-4.5,-4.3507,11,EE,Winter barley,precip,0.0365519922668733
IPSL-CM6A-LR,-3.5,-3.4644,8,EE,Winter barley,precip,-0.00471230731402441
IPSL-CM6A-LR,-2.5,-2.5669,9,EE,Winter barley,precip,-0.0031480066129092
IPSL-CM6A-LR,-1.5,-1.2909,6,EE,Winter barley,precip,-0.0377006353591429
IPSL-CM6A-LR,-0.5,-0.6347,8,EE,Winter barley,precip,-0.00193660575163211
EC-Earth3,-9.5,-9.1554,4,EL,Winter barley,precip,-0.0210314183391152
EC-Earth3,-8.5,-8.4726,15,EL,Winter barley,precip,-0.0324279297704855
EC-Earth3,-7.5,-7.5562,20,EL,Winter barley,precip,-0.0270014553048452
EC-Earth3,-6.5,-6.4767,21,EL,Winter barley,precip,-0.0105906977324367
EC-Earth3,-5.5,-5.3342,8,EL,Winter barley,precip,-0.0216256098806143
EC-Earth3,-4.5,-4.5495,8,EL,Winter barley,precip,-0.0146365721136561
EC-Earth3,-3.5,-3.3459,9,EL,Winter barley,precip,-0.0207453399960401
EC-Earth3,-2.5,-2.4493,5,EL,Winter barley,precip,-0.0402914507363783
EC-Earth3,-1.5,-1.3807,6,EL,Winter barley,precip,-0.00618500404860439
EC-Earth3,-0.5,-0.6596,3,EL,Winter barley,precip,0.00272947369664766
HadGEM3-GC3-1LL,-8.5,-8.3848,12,EL,Winter barley,precip,-0.0223390882048634
HadGEM3-GC3-1LL,-7.5,-7.5599,19,EL,Winter barley,precip,-0.0325487153469608
HadGEM3-GC3-1LL,-6.5,-6.5442,24,EL,Winter barley,precip,-0.0151778636621066
HadGEM3-GC3-1LL,-5.5,-5.5797,10,EL,Winter barley,precip,-0.0224881482859287
HadGEM3-GC3-1LL,-4.5,-4.5263,6,EL,Winter barley,precip,-0.0298724369802215
HadGEM3-GC3-1LL,-3.5,-3.7835,7,EL,Winter barley,precip,-0.0252998920782666
HadGEM3-GC3-1LL,-2.5,-2.4504,6,EL,Winter barley,precip,-0.0111447952664346
HadGEM3-GC3-1LL,-1.5,-1.3098,8,EL,Winter barley,precip,-0.013016555142161
HadGEM3-GC3-1LL,-0.5,-0.331,6,EL,Winter barley,precip,-0.0175721207292046
HadGEM3-GC3-1MM,-14.5,-14.3032,4,EL,Winter barley,precip,-0.0513687240002466
HadGEM3-GC3-1MM,-13.5,-13.3931,8,EL,Winter barley,precip,-0.073368715363327
HadGEM3-GC3-1MM,-12.5,-12.588,13,EL,Winter barley,precip,-0.0484404827632608
HadGEM3-GC3-1MM,-11.5,-11.5321,21,EL,Winter barley,precip,-0.0646103303346822
HadGEM3-GC3-1MM,-10.5,-10.4803,10,EL,Winter barley,precip,-0.0690959329210197
HadGEM3-GC3-1MM,-9.5,-9.6161,7,EL,Winter barley,precip,-0.0801399752183229
HadGEM3-GC3-1MM,-8.5,-8.6582,7,EL,Winter barley,precip,-0.0499112875627238
HadGEM3-GC3-1MM,-7.5,-7.6345,8,EL,Winter barley,precip,-0.0513537675625076
HadGEM3-GC3-1MM,-6.5,-6.4299,4,EL,Winter barley,precip,-0.013739305315034
HadGEM3-GC3-1MM,-5.5,-5.3528,4,EL,Winter barley,precip,-0.0228203573366663
HadGEM3-GC3-1MM,-4.5,-4.3969,4,EL,Winter barley,precip,-0.0126826850536411
IPSL-CM6A-LR,-9.5,-9.3401,5,EL,Winter barley,precip,-0.0258795139123826
IPSL-CM6A-LR,-8.5,-8.4598,8,EL,Winter barley,precip,-0.0554245844070549
IPSL-CM6A-LR,-7.5,-7.5255,19,EL,Winter barley,precip,-0.0477866115353572
IPSL-CM6A-LR,-6.5,-6.5577,11,EL,Winter barley,precip,-0.0452946267324196
IPSL-CM6A-LR,-5.5,-5.5623,13,EL,Winter barley,precip,-0.0339355772286381
IPSL-CM6A-LR,-4.5,-4.3507,11,EL,Winter barley,precip,-0.00913884208882919
IPSL-CM6A-LR,-3.5,-3.4644,8,EL,Winter barley,precip,-0.0250159707078235
IPSL-CM6A-LR,-2.5,-2.5669,9,EL,Winter barley,precip,-0.0316506206031585
IPSL-CM6A-LR,-1.5,-1.2909,6,EL,Winter barley,precip,0.00163176109525677
IPSL-CM6A-LR,-0.5,-0.6347,8,EL,Winter barley,precip,-0.0410240763778747
EC-Earth3,-9.5,-9.1554,4,ES,Winter barley,precip,-0.064299006350381
EC-Earth3,-8.5,-8.4726,15,ES,Winter barley,precip,-0.0639444161758079
EC-Earth3,-7.5,-7.5562,20,ES,Winter barley,precip,-0.03819441603843
EC-Earth3,-6.5,-6.4767,21,ES,Winter barley,precip,-0.0614673896799179
EC-Earth3,-5.5,-5.3342,8,ES,Winter barley,precip,-0.0614109653710234
EC-Earth3,-4.5,-4.5495,8,ES,Winter barley,precip,-0.079662990382657
EC-Earth3,-3.5,-3.3459,9,ES,Winter barley,precip,-0.0208736300976996
EC-Earth3,-2.5,-2.4493,5,ES,Winter barley,precip,-0.0406129495579692
EC-Earth3,-1.5,-1.3807,6,ES,Winter barley,precip,-0.0103761746927574
EC-Earth3,-0.5,-0.6596,3,ES,Winter barley,precip,-0.0479275729462349
HadGEM3-GC3-1LL,-8.5,-8.3848,12,ES,Winter barley,precip,-0.0636550514739271
HadGEM3-GC3-1LL,-7.5,-7.5599,19,ES,Winter barley,precip,-0.0441224645970753
HadGEM3-GC3-1LL,-6.5,-6.5442,24,ES,Winter barley,precip,-0.0428176542014388
HadGEM3-GC3-1LL,-5.5,-5.5797,10,ES,Winter barley,precip,-0.0297973814569641
HadGEM3-GC3-1LL,-4.5,-4.5263,6,ES,Winter barley,precip,-0.0654674395331443
HadGEM3-GC3-1LL,-3.5,-3.7835,7,ES,Winter barley,precip,-0.0439077198085421
HadGEM3-GC3-1LL,-2.5,-2.4504,6,ES,Winter barley,precip,-0.0477480859886485
HadGEM3-GC3-1LL,-1.5,-1.3098,8,ES,Winter barley,precip,-0.0272482184612293
HadGEM3-GC3-1LL,-0.5,-0.331,6,ES,Winter barley,precip,-0.0292614180912773
HadGEM3-GC3-1MM,-14.5,-14.3032,4,ES,Winter barley,precip,-0.0710393949720185
HadGEM3-GC3-1MM,-13.5,-13.3931,8,ES,Winter barley,precip,-0.0489726816753967
HadGEM3-GC3-1MM,-12.5,-12.588,13,ES,Winter barley,precip,-0.0604062796026499
HadGEM3-GC3-1MM,-11.5,-11.5321,21,ES,Winter barley,precip,-0.0808910417967102
HadGEM3-GC3-1MM,-10.5,-10.4803,10,ES,Winter barley,precip,-0.0859025057640978
HadGEM3-GC3-1MM,-9.5,-9.6161,7,ES,Winter barley,precip,-0.0722749635622419
HadGEM3-GC3-1MM,-8.5,-8.6582,7,ES,Winter barley,precip,-0.0496060213169348
HadGEM3-GC3-1MM,-7.5,-7.6345,8,ES,Winter barley,precip,-0.0795393384034568
HadGEM3-GC3-1MM,-6.5,-6.4299,4,ES,Winter barley,precip,-0.0589627103342998
HadGEM3-GC3-1MM,-5.5,-5.3528,4,ES,Winter barley,precip,-0.0305855007551403
HadGEM3-GC3-1MM,-4.5,-4.3969,4,ES,Winter barley,precip,0.0331054354813054
IPSL-CM6A-LR,-9.5,-9.3401,5,ES,Winter barley,precip,-0.0634703562423588
IPSL-CM6A-LR,-8.5,-8.4598,8,ES,Winter barley,precip,-0.0783516281867361
IPSL-CM6A-LR,-7.5,-7.5255,19,ES,Winter barley,precip,-0.0646097370690213
IPSL-CM6A-LR,-6.5,-6.5577,11,ES,Winter barley,precip,-0.0629618941785161
IPSL-CM6A-LR,-5.5,-5.5623,13,ES,Winter barley,precip,-0.0606114221335471
IPSL-CM6A-LR,-4.5,-4.3507,11,ES,Winter barley,precip,-0.056470288835747
IPSL-CM6A-LR,-3.5,-3.4644,8,ES,Winter barley,precip,-0.0680037851144433
IPSL-CM6A-LR,-2.5,-2.5669,9,ES,Winter barley,precip,0.00298911554055873
IPSL-CM6A-LR,-1.5,-1.2909,6,ES,Winter barley,precip,-0.0358281210469252
IPSL-CM6A-LR,-0.5,-0.6347,8,ES,Winter barley,precip,-0.0355453331317393
EC-Earth3,-9.5,-9.1554,4,FR,Winter barley,precip,-0.00746228566733933
EC-Earth3,-8.5,-8.4726,15,FR,Winter barley,precip,-0.0872902685277108
EC-Earth3,-7.5,-7.5562,20,FR,Winter barley,precip,-0.0388613602393752
EC-Earth3,-6.5,-6.4767,21,FR,Winter barley,precip,-0.077195424170224
EC-Earth3,-5.5,-5.3342,8,FR,Winter barley,precip,-0.0164973976844309
EC-Earth3,-4.5,-4.5495,8,FR,Winter barley,precip,-0.0897409166625024
EC-Earth3,-3.5,-3.3459,9,FR,Winter barley,precip,-0.0617143577143741
EC-Earth3,-2.5,-2.4493,5,FR,Winter barley,precip,-0.061255979830802
EC-Earth3,-1.5,-1.3807,6,FR,Winter barley,precip,-0.0404623367291765
EC-Earth3,-0.5,-0.6596,3,FR,Winter barley,precip,0.00633562394625776
HadGEM3-GC3-1LL,-8.5,-8.3848,12,FR,Winter barley,precip,-0.0635883068076529
HadGEM3-GC3-1LL,-7.5,-7.5599,19,FR,Winter barley,precip,-0.0345628604596688
HadGEM3-GC3-1LL,-6.5,-6.5442,24,FR,Winter barley,precip,-0.0648501024931262
HadGEM3-GC3-1LL,-5.5,-5.5797,10,FR,Winter barley,precip,-0.00984121329890122
HadGEM3-GC3-1LL,-4.5,-4.5263,6,FR,Winter barley,precip,-0.0978407455674567
HadGEM3-GC3-1LL,-3.5,-3.7835,7,FR,Winter barley,precip,-0.0273461557385116
HadGEM3-GC3-1LL,-2.5,-2.4504,6,FR,Winter barley,precip,-0.0773811568831543
HadGEM3-GC3-1LL,-1.5,-1.3098,8,FR,Winter barley,precip,0.0259154727862282
HadGEM3-GC3-1LL,-0.5,-0.331,6,FR,Winter barley,precip,-0.023923110316797
HadGEM3-GC3-1MM,-14.5,-14.3032,4,FR,Winter barley,precip,0.0683128611887585
HadGEM3-GC3-1MM,-13.5,-13.3931,8,FR,Winter barley,precip,0.0790251918702236
HadGEM3-GC3-1MM,-12.5,-12.588,13,FR,Winter barley,precip,0.0527713754059747
HadGEM3-GC3-1MM,-11.5,-11.5321,21,FR,Winter barley,precip,0.0119579213989241
HadGEM3-GC3-1MM,-10.5,-10.4803,10,FR,Winter barley,precip,-0.0526032312842597
HadGEM3-GC3-1MM,-9.5,-9.6161,7,FR,Winter barley,precip,-0.0473351856197104
HadGEM3-GC3-1MM,-8.5,-8.6582,7,FR,Winter barley,precip,-0.0422003387018642
HadGEM3-GC3-1MM,-7.5,-7.6345,8,FR,Winter barley,precip,-0.0414980167426526
HadGEM3-GC3-1MM,-6.5,-6.4299,4,FR,Winter barley,precip,-0.050648393041324
HadGEM3-GC3-1MM,-5.5,-5.3528,4,FR,Winter barley,precip,0.0166769324838804
HadGEM3-GC3-1MM,-4.5,-4.3969,4,FR,Winter barley,precip,-0.00598032221661966
IPSL-CM6A-LR,-9.5,-9.3401,5,FR,Winter barley,precip,-0.0649861622478421
IPSL-CM6A-LR,-8.5,-8.4598,8,FR,Winter barley,precip,-0.0460736739880963
IPSL-CM6A-LR,-7.5,-7.5255,19,FR,Winter barley,precip,-0.0740227399642281
IPSL-CM6A-LR,-6.5,-6.5577,11,FR,Winter barley,precip,-0.0972368046300349
IPSL-CM6A-LR,-5.5,-5.5623,13,FR,Winter barley,precip,-0.0781337151791435
IPSL-CM6A-LR,-4.5,-4.3507,11,FR,Winter barley,precip,-0.0486797146342845
IPSL-CM6A-LR,-3.5,-3.4644,8,FR,Winter barley,precip,-0.0552643623511689
IPSL-CM6A-LR,-2.5,-2.5669,9,FR,Winter barley,precip,-0.06585972993162
IPSL-CM6A-LR,-1.5,-1.2909,6,FR,Winter barley,precip,-0.00211325465624451
IPSL-CM6A-LR,-0.5,-0.6347,8,FR,Winter barley,precip,0.00770991582669815
EC-Earth3,-9.5,-9.1554,4,HU,Winter barley,precip,0.0241730526920597
EC-Earth3,-8.5,-8.4726,15,HU,Winter barley,precip,0.023726795649219
EC-Earth3,-7.5,-7.5562,20,HU,Winter barley,precip,0.00760733132540028
EC-Earth3,-6.5,-6.4767,21,HU,Winter barley,precip,-0.0248173411529875
EC-Earth3,-5.5,-5.3342,8,HU,Winter barley,precip,-0.0510383731833195
EC-Earth3,-4.5,-4.5495,8,HU,Winter barley,precip,-0.00501682296638856
EC-Earth3,-3.5,-3.3459,9,HU,Winter barley,precip,0.0149914621240104
EC-Earth3,-2.5,-2.4493,5,HU,Winter barley,precip,-0.0793106099276015
EC-Earth3,-1.5,-1.3807,6,HU,Winter barley,precip,0.0531876162712924
EC-Earth3,-0.5,-0.6596,3,HU,Winter barley,precip,-0.034964300638878
HadGEM3-GC3-1LL,-8.5,-8.3848,12,HU,Winter barley,precip,-0.028303983326764
HadGEM3-GC3-1LL,-7.5,-7.5599,19,HU,Winter barley,precip,-0.0357953343519925
HadGEM3-GC3-1LL,-6.5,-6.5442,24,HU,Winter barley,precip,0.00686503921476704
HadGEM3-GC3-1LL,-5.5,-5.5797,10,HU,Winter barley,precip,-0.0237617774744825
HadGEM3-GC3-1LL,-4.5,-4.5263,6,HU,Winter barley,precip,0.0320331099114235
HadGEM3-GC3-1LL,-3.5,-3.7835,7,HU,Winter barley,precip,0.000784208465074555
HadGEM3-GC3-1LL,-2.5,-2.4504,6,HU,Winter barley,precip,-0.0227551207244147
HadGEM3-GC3-1LL,-1.5,-1.3098,8,HU,Winter barley,precip,-0.0123222450988949
HadGEM3-GC3-1LL,-0.5,-0.331,6,HU,Winter barley,precip,0.0234075071964144
HadGEM3-GC3-1MM,-14.5,-14.3032,4,HU,Winter barley,precip,-0.0956272083068962
HadGEM3-GC3-1MM,-13.5,-13.3931,8,HU,Winter barley,precip,-0.066186820064875
HadGEM3-GC3-1MM,-12.5,-12.588,13,HU,Winter barley,precip,-0.0460607437873939
HadGEM3-GC3-1MM,-11.5,-11.5321,21,HU,Winter barley,precip,-0.0458847166053189
HadGEM3-GC3-1MM,-10.5,-10.4803,10,HU,Winter barley,precip,-0.0366894676019251
HadGEM3-GC3-1MM,-9.5,-9.6161,7,HU,Winter barley,precip,-0.0643002774207692
HadGEM3-GC3-1MM,-8.5,-8.6582,7,HU,Winter barley,precip,-0.0507227813209823
HadGEM3-GC3-1MM,-7.5,-7.6345,8,HU,Winter barley,precip,-4.62102444559106e-05
HadGEM3-GC3-1MM,-6.5,-6.4299,4,HU,Winter barley,precip,-0.0213100419345389
HadGEM3-GC3-1MM,-5.5,-5.3528,4,HU,Winter barley,precip,-0.038528997647
HadGEM3-GC3-1MM,-4.5,-4.3969,4,HU,Winter barley,precip,-0.00363797749278097
IPSL-CM6A-LR,-9.5,-9.3401,5,HU,Winter barley,precip,-0.0365257863679055
IPSL-CM6A-LR,-8.5,-8.4598,8,HU,Winter barley,precip,-0.0373951188859834
IPSL-CM6A-LR,-7.5,-7.5255,19,HU,Winter barley,precip,-0.0369557179872195
IPSL-CM6A-LR,-6.5,-6.5577,11,HU,Winter barley,precip,-0.050212184808768
IPSL-CM6A-LR,-5.5,-5.5623,13,HU,Winter barley,precip,-0.0328356976929765
IPSL-CM6A-LR,-4.5,-4.3507,11,HU,Winter barley,precip,-0.0238179684097251
IPSL-CM6A-LR,-3.5,-3.4644,8,HU,Winter barley,precip,0.00479631942205956
IPSL-CM6A-LR,-2.5,-2.5669,9,HU,Winter barley,precip,-0.0350701142127201
IPSL-CM6A-LR,-1.5,-1.2909,6,HU,Winter barley,precip,-0.0330563072988475
IPSL-CM6A-LR,-0.5,-0.6347,8,HU,Winter barley,precip,-0.0348856272833861
EC-Earth3,-9.5,-9.1554,4,IT,Winter barley,precip,-0.0355175869411954
EC-Earth3,-8.5,-8.4726,15,IT,Winter barley,precip,-0.0687068913916575
EC-Earth3,-7.5,-7.5562,20,IT,Winter barley,precip,-0.0423606585750529
EC-Earth3,-6.5,-6.4767,21,IT,Winter barley,precip,-0.0492080845259596
EC-Earth3,-5.5,-5.3342,8,IT,Winter barley,precip,-0.0787804011368805
EC-Earth3,-4.5,-4.5495,8,IT,Winter barley,precip,-0.0832033601704688
EC-Earth3,-3.5,-3.3459,9,IT,Winter barley,precip,-0.0203488077733
EC-Earth3,-2.5,-2.4493,5,IT,Winter barley,precip,-0.090998217184147
EC-Earth3,-1.5,-1.3807,6,IT,Winter barley,precip,-0.0361147835883154
EC-Earth3,-0.5,-0.6596,3,IT,Winter barley,precip,-0.0624638312060368
HadGEM3-GC3-1LL,-8.5,-8.3848,12,IT,Winter barley,precip,-0.0603154347148209
HadGEM3-GC3-1LL,-7.5,-7.5599,19,IT,Winter barley,precip,-0.0687825959556821
HadGEM3-GC3-1LL,-6.5,-6.5442,24,IT,Winter barley,precip,-0.0312539124251664
HadGEM3-GC3-1LL,-5.5,-5.5797,10,IT,Winter barley,precip,-0.0474590688266631
HadGEM3-GC3-1LL,-4.5,-4.5263,6,IT,Winter barley,precip,-0.0661902188817656
HadGEM3-GC3-1LL,-3.5,-3.7835,7,IT,Winter barley,precip,-0.0555719356687239
HadGEM3-GC3-1LL,-2.5,-2.4504,6,IT,Winter barley,precip,-0.0569682728345773
HadGEM3-GC3-1LL,-1.5,-1.3098,8,IT,Winter barley,precip,-0.0161334918979193
HadGEM3-GC3-1LL,-0.5,-0.331,6,IT,Winter barley,precip,-0.0290587666520301
HadGEM3-GC3-1MM,-14.5,-14.3032,4,IT,Winter barley,precip,-0.120396882314834
HadGEM3-GC3-1MM,-13.5,-13.3931,8,IT,Winter barley,precip,-0.114773483462222
HadGEM3-GC3-1MM,-12.5,-12.588,13,IT,Winter barley,precip,-0.0997000272900967
HadGEM3-GC3-1MM,-11.5,-11.5321,21,IT,Winter barley,precip,-0.109543546823359
HadGEM3-GC3-1MM,-10.5,-10.4803,10,IT,Winter barley,precip,-0.108704016161706
HadGEM3-GC3-1MM,-9.5,-9.6161,7,IT,Winter barley,precip,-0.100563458876446
HadGEM3-GC3-1MM,-8.5,-8.6582,7,IT,Winter barley,precip,-0.103885276845299
HadGEM3-GC3-1MM,-7.5,-7.6345,8,IT,Winter barley,precip,-0.112485566105457
HadGEM3-GC3-1MM,-6.5,-6.4299,4,IT,Winter barley,precip,-0.0575271406501459
HadGEM3-GC3-1MM,-5.5,-5.3528,4,IT,Winter barley,precip,-0.0720045100980436
HadGEM3-GC3-1MM,-4.5,-4.3969,4,IT,Winter barley,precip,-0.0250829776611637
IPSL-CM6A-LR,-9.5,-9.3401,5,IT,Winter barley,precip,-0.0617326967353631
IPSL-CM6A-LR,-8.5,-8.4598,8,IT,Winter barley,precip,-0.0791465058303908
IPSL-CM6A-LR,-7.5,-7.5255,19,IT,Winter barley,precip,-0.0879765635194379
IPSL-CM6A-LR,-6.5,-6.5577,11,IT,Winter barley,precip,-0.109238662505777
IPSL-CM6A-LR,-5.5,-5.5623,13,IT,Winter barley,precip,-0.0767747472924836
IPSL-CM6A-LR,-4.5,-4.3507,11,IT,Winter barley,precip,-0.0564994145763545
IPSL-CM6A-LR,-3.5,-3.4644,8,IT,Winter barley,precip,-0.0525095902486998
IPSL-CM6A-LR,-2.5,-2.5669,9,IT,Winter barley,precip,-0.0364684940181692
IPSL-CM6A-LR,-1.5,-1.2909,6,IT,Winter barley,precip,-0.042056512788531
IPSL-CM6A-LR,-0.5,-0.6347,8,IT,Winter barley,precip,-0.0469300470531366
EC-Earth3,-9.5,-9.1554,4,LT,Winter barley,precip,-0.0104332503907758
EC-Earth3,-8.5,-8.4726,15,LT,Winter barley,precip,-0.0514262939003697
EC-Earth3,-7.5,-7.5562,20,LT,Winter barley,precip,-0.0343490115969626
EC-Earth3,-6.5,-6.4767,21,LT,Winter barley,precip,-0.0354904356660618
EC-Earth3,-5.5,-5.3342,8,LT,Winter barley,precip,-0.0304144962555923
EC-Earth3,-4.5,-4.5495,8,LT,Winter barley,precip,-0.00283930767763537
EC-Earth3,-3.5,-3.3459,9,LT,Winter barley,precip,-0.054555949498846
EC-Earth3,-2.5,-2.4493,5,LT,Winter barley,precip,-0.0227459031408639
EC-Earth3,-1.5,-1.3807,6,LT,Winter barley,precip,-0.0585742391499849
EC-Earth3,-0.5,-0.6596,3,LT,Winter barley,precip,-0.0591733526773535
HadGEM3-GC3-1LL,-8.5,-8.3848,12,LT,Winter barley,precip,-0.0513733035476018
HadGEM3-GC3-1LL,-7.5,-7.5599,19,LT,Winter barley,precip,-0.0353553065321318
HadGEM3-GC3-1LL,-6.5,-6.5442,24,LT,Winter barley,precip,-0.0431786327834875
HadGEM3-GC3-1LL,-5.5,-5.5797,10,LT,Winter barley,precip,-0.0630950102577219
HadGEM3-GC3-1LL,-4.5,-4.5263,6,LT,Winter barley,precip,-0.0196029611565999
HadGEM3-GC3-1LL,-3.5,-3.7835,7,LT,Winter barley,precip,-0.0108698576319539
HadGEM3-GC3-1LL,-2.5,-2.4504,6,LT,Winter barley,precip,0.0322248810718646
HadGEM3-GC3-1LL,-1.5,-1.3098,8,LT,Winter barley,precip,0.0580454968179247
HadGEM3-GC3-1LL,-0.5,-0.331,6,LT,Winter barley,precip,0.00170184805277711
HadGEM3-GC3-1MM,-14.5,-14.3032,4,LT,Winter barley,precip,0.0145735428885442
HadGEM3-GC3-1MM,-13.5,-13.3931,8,LT,Winter barley,precip,0.0861014214121936
HadGEM3-GC3-1MM,-12.5,-12.588,13,LT,Winter barley,precip,0.082696828262911
HadGEM3-GC3-1MM,-11.5,-11.5321,21,LT,Winter barley,precip,0.0490999375912855
HadGEM3-GC3-1MM,-10.5,-10.4803,10,LT,Winter barley,precip,0.123193185603078
HadGEM3-GC3-1MM,-9.5,-9.6161,7,LT,Winter barley,precip,-0.0481082291410113
HadGEM3-GC3-1MM,-8.5,-8.6582,7,LT,Winter barley,precip,0.000684589024622124
HadGEM3-GC3-1MM,-7.5,-7.6345,8,LT,Winter barley,precip,0.0210479524546208
HadGEM3-GC3-1MM,-6.5,-6.4299,4,LT,Winter barley,precip,-0.0274005409161604
HadGEM3-GC3-1MM,-5.5,-5.3528,4,LT,Winter barley,precip,0.00159351182567922
HadGEM3-GC3-1MM,-4.5,-4.3969,4,LT,Winter barley,precip,-0.0212200707855445
IPSL-CM6A-LR,-9.5,-9.3401,5,LT,Winter barley,precip,0.0012088646771243
IPSL-CM6A-LR,-8.5,-8.4598,8,LT,Winter barley,precip,0.0106420105944215
IPSL-CM6A-LR,-7.5,-7.5255,19,LT,Winter barley,precip,-0.0420510922098901
IPSL-CM6A-LR,-6.5,-6.5577,11,LT,Winter barley,precip,-0.0744979934492458
IPSL-CM6A-LR,-5.5,-5.5623,13,LT,Winter barley,precip,-0.02515549574555
IPSL-CM6A-LR,-4.5,-4.3507,11,LT,Winter barley,precip,-0.0215514397403261
IPSL-CM6A-LR,-3.5,-3.4644,8,LT,Winter barley,precip,0.0140718185380765
IPSL-CM6A-LR,-2.5,-2.5669,9,LT,Winter barley,precip,0.000508873720676272
IPSL-CM6A-LR,-1.5,-1.2909,6,LT,Winter barley,precip,-0.0445609773547561
IPSL-CM6A-LR,-0.5,-0.6347,8,LT,Winter barley,precip,-0.00342039194433763
EC-Earth3,-9.5,-9.1554,4,LV,Winter barley,precip,-0.00763739622472936
EC-Earth3,-8.5,-8.4726,15,LV,Winter barley,precip,-0.0416159871775008
EC-Earth3,-7.5,-7.5562,20,LV,Winter barley,precip,-0.0203296360118291
EC-Earth3,-6.5,-6.4767,21,LV,Winter barley,precip,-0.0246547444253985
EC-Earth3,-5.5,-5.3342,8,LV,Winter barley,precip,-0.0367156962709578
EC-Earth3,-4.5,-4.5495,8,LV,Winter barley,precip,0.00119557924066583
EC-Earth3,-3.5,-3.3459,9,LV,Winter barley,precip,-0.0331978424311435
EC-Earth3,-2.5,-2.4493,5,LV,Winter barley,precip,-0.0105307598022819
EC-Earth3,-1.5,-1.3807,6,LV,Winter barley,precip,-0.0475624537379947
EC-Earth3,-0.5,-0.6596,3,LV,Winter barley,precip,-0.0440987120042406
HadGEM3-GC3-1LL,-8.5,-8.3848,12,LV,Winter barley,precip,-0.041237037513436
HadGEM3-GC3-1LL,-7.5,-7.5599,19,LV,Winter barley,precip,-0.0161515711315994
HadGEM3-GC3-1LL,-6.5,-6.5442,24,LV,Winter barley,precip,-0.0298516339627023
HadGEM3-GC3-1LL,-5.5,-5.5797,10,LV,Winter barley,precip,-0.0441859869598981
HadGEM3-GC3-1LL,-4.5,-4.5263,6,LV,Winter barley,precip,-0.0200838485033364
HadGEM3-GC3-1LL,-3.5,-3.7835,7,LV,Winter barley,precip,0.00815768680017295
HadGEM3-GC3-1LL,-2.5,-2.4504,6,LV,Winter barley,precip,0.0498795146395536
HadGEM3-GC3-1LL,-1.5,-1.3098,8,LV,Winter barley,precip,0.0795680879787316
HadGEM3-GC3-1LL,-0.5,-0.331,6,LV,Winter barley,precip,0.00571388551689409
HadGEM3-GC3-1MM,-14.5,-14.3032,4,LV,Winter barley,precip,0.074256438506931
HadGEM3-GC3-1MM,-13.5,-13.3931,8,LV,Winter barley,precip,0.137354536579679
HadGEM3-GC3-1MM,-12.5,-12.588,13,LV,Winter barley,precip,0.142989436775999
HadGEM3-GC3-1MM,-11.5,-11.5321,21,LV,Winter barley,precip,0.108554978471271
HadGEM3-GC3-1MM,-10.5,-10.4803,10,LV,Winter barley,precip,0.169691534074545
HadGEM3-GC3-1MM,-9.5,-9.6161,7,LV,Winter barley,precip,-0.00997738551595516
HadGEM3-GC3-1MM,-8.5,-8.6582,7,LV,Winter barley,precip,0.0244504595910666
HadGEM3-GC3-1MM,-7.5,-7.6345,8,LV,Winter barley,precip,0.0455132454582632
HadGEM3-GC3-1MM,-6.5,-6.4299,4,LV,Winter barley,precip,-0.013859024196671
HadGEM3-GC3-1MM,-5.5,-5.3528,4,LV,Winter barley,precip,0.00725209995193521
HadGEM3-GC3-1MM,-4.5,-4.3969,4,LV,Winter barley,precip,-0.00380121227707091
IPSL-CM6A-LR,-9.5,-9.3401,5,LV,Winter barley,precip,0.0508371695529653
IPSL-CM6A-LR,-8.5,-8.4598,8,LV,Winter barley,precip,0.0616793554120707
IPSL-CM6A-LR,-7.5,-7.5255,19,LV,Winter barley,precip,-0.00497629424851939
IPSL-CM6A-LR,-6.5,-6.5577,11,LV,Winter barley,precip,-0.033037839152965
IPSL-CM6A-LR,-5.5,-5.5623,13,LV,Winter barley,precip,-0.00338571587865575
IPSL-CM6A-LR,-4.5,-4.3507,11,LV,Winter barley,precip,0.00616653933334576
IPSL-CM6A-LR,-3.5,-3.4644,8,LV,Winter barley,precip,0.00553859603377886
IPSL-CM6A-LR,-2.5,-2.5669,9,LV,Winter barley,precip,0.0147288589111028
IPSL-CM6A-LR,-1.5,-1.2909,6,LV,Winter barley,precip,-0.0327200233530633
IPSL-CM6A-LR,-0.5,-0.6347,8,LV,Winter barley,precip,0.0101194267493202
EC-Earth3,-9.5,-9.1554,4,SE,Winter barley,precip,0.0587563149037162
EC-Earth3,-8.5,-8.4726,15,SE,Winter barley,precip,-0.00859673554996946
EC-Earth3,-7.5,-7.5562,20,SE,Winter barley,precip,-0.0259271060038889
EC-Earth3,-6.5,-6.4767,21,SE,Winter barley,precip,-0.0419636393705052
EC-Earth3,-5.5,-5.3342,8,SE,Winter barley,precip,-0.0117876168783196
EC-Earth3,-4.5,-4.5495,8,SE,Winter barley,precip,-0.0245880682609073
EC-Earth3,-3.5,-3.3459,9,SE,Winter barley,precip,-0.0692394906476902
EC-Earth3,-2.5,-2.4493,5,SE,Winter barley,precip,0.00802830763848026
EC-Earth3,-1.5,-1.3807,6,SE,Winter barley,precip,-0.0265444799343707
EC-Earth3,-0.5,-0.6596,3,SE,Winter barley,precip,0.0337575781590183
HadGEM3-GC3-1LL,-8.5,-8.3848,12,SE,Winter barley,precip,-0.0646326096045795
HadGEM3-GC3-1LL,-7.5,-7.5599,19,SE,Winter barley,precip,-0.0255581374617656
HadGEM3-GC3-1LL,-6.5,-6.5442,24,SE,Winter barley,precip,-0.0479995068657274
HadGEM3-GC3-1LL,-5.5,-5.5797,10,SE,Winter barley,precip,-0.0616714402880524
HadGEM3-GC3-1LL,-4.5,-4.5263,6,SE,Winter barley,precip,-0.0162731012294668
HadGEM3-GC3-1LL,-3.5,-3.7835,7,SE,Winter barley,precip,-0.018253271224461
HadGEM3-GC3-1LL,-2.5,-2.4504,6,SE,Winter barley,precip,0.0163059817325863
HadGEM3-GC3-1LL,-1.5,-1.3098,8,SE,Winter barley,precip,0.057964640715532
HadGEM3-GC3-1LL,-0.5,-0.331,6,SE,Winter barley,precip,0.0268533483786881
HadGEM3-GC3-1MM,-14.5,-14.3032,4,SE,Winter barley,precip,0.209232384361472
HadGEM3-GC3-1MM,-13.5,-13.3931,8,SE,Winter barley,precip,0.140341309441949
HadGEM3-GC3-1MM,-12.5,-12.588,13,SE,Winter barley,precip,0.13687321889288
HadGEM3-GC3-1MM,-11.5,-11.5321,21,SE,Winter barley,precip,0.168811963479017
HadGEM3-GC3-1MM,-10.5,-10.4803,10,SE,Winter barley,precip,0.143818818503669
HadGEM3-GC3-1MM,-9.5,-9.6161,7,SE,Winter barley,precip,0.0107307987517681
HadGEM3-GC3-1MM,-8.5,-8.6582,7,SE,Winter barley,precip,0.0365764560831467
HadGEM3-GC3-1MM,-7.5,-7.6345,8,SE,Winter barley,precip,0.0666401291666645
HadGEM3-GC3-1MM,-6.5,-6.4299,4,SE,Winter barley,precip,-0.0585306368214198
HadGEM3-GC3-1MM,-5.5,-5.3528,4,SE,Winter barley,precip,-0.0105156261038278
HadGEM3-GC3-1MM,-4.5,-4.3969,4,SE,Winter barley,precip,-0.044618437364717
IPSL-CM6A-LR,-9.5,-9.3401,5,SE,Winter barley,precip,0.0503399232024534
IPSL-CM6A-LR,-8.5,-8.4598,8,SE,Winter barley,precip,0.0670954039213153
IPSL-CM6A-LR,-7.5,-7.5255,19,SE,Winter barley,precip,0.000587385638849058
IPSL-CM6A-LR,-6.5,-6.5577,11,SE,Winter barley,precip,0.029356917774159
IPSL-CM6A-LR,-5.5,-5.5623,13,SE,Winter barley,precip,-0.00718070883680872
IPSL-CM6A-LR,-4.5,-4.3507,11,SE,Winter barley,precip,-0.00283663204242456
IPSL-CM6A-LR,-3.5,-3.4644,8,SE,Winter barley,precip,0.0297278078853011
IPSL-CM6A-LR,-2.5,-2.5669,9,SE,Winter barley,precip,-0.0367933251409257
IPSL-CM6A-LR,-1.5,-1.2909,6,SE,Winter barley,precip,-0.0283241685806182
IPSL-CM6A-LR,-0.5,-0.6347,8,SE,Winter barley,precip,0.0525710628887885
EC-Earth3,-9.5,-9.1554,4,SK,Winter barley,precip,0.0750653974499672
EC-Earth3,-8.5,-8.4726,15,SK,Winter barley,precip,0.0170849005636801
EC-Earth3,-7.5,-7.5562,20,SK,Winter barley,precip,0.0108732147826544
EC-Earth3,-6.5,-6.4767,21,SK,Winter barley,precip,-0.0428794220139596
EC-Earth3,-5.5,-5.3342,8,SK,Winter barley,precip,-0.0628572607387786
EC-Earth3,-4.5,-4.5495,8,SK,Winter barley,precip,0.00393599496405449
EC-Earth3,-3.5,-3.3459,9,SK,Winter barley,precip,-0.023047477997033
EC-Earth3,-2.5,-2.4493,5,SK,Winter barley,precip,-0.0511763335068708
EC-Earth3,-1.5,-1.3807,6,SK,Winter barley,precip,0.028135774064229
EC-Earth3,-0.5,-0.6596,3,SK,Winter barley,precip,-0.0544633635047139
HadGEM3-GC3-1LL,-8.5,-8.3848,12,SK,Winter barley,precip,-0.0592244284410096
HadGEM3-GC3-1LL,-7.5,-7.5599,19,SK,Winter barley,precip,-0.0403669885943431
HadGEM3-GC3-1LL,-6.5,-6.5442,24,SK,Winter barley,precip,0.00557885569914365
HadGEM3-GC3-1LL,-5.5,-5.5797,10,SK,Winter barley,precip,-0.0280291905295019
HadGEM3-GC3-1LL,-4.5,-4.5263,6,SK,Winter barley,precip,0.021429044008378
HadGEM3-GC3-1LL,-3.5,-3.7835,7,SK,Winter barley,precip,-0.0190290481538277
HadGEM3-GC3-1LL,-2.5,-2.4504,6,SK,Winter barley,precip,-0.0302517865304345
HadGEM3-GC3-1LL,-1.5,-1.3098,8,SK,Winter barley,precip,0.00811382844736702
HadGEM3-GC3-1LL,-0.5,-0.331,6,SK,Winter barley,precip,0.0567707591681451
HadGEM3-GC3-1MM,-14.5,-14.3032,4,SK,Winter barley,precip,-0.0818023505984553
HadGEM3-GC3-1MM,-13.5,-13.3931,8,SK,Winter barley,precip,-0.0772221818808432
HadGEM3-GC3-1MM,-12.5,-12.588,13,SK,Winter barley,precip,-0.0597747056810534
HadGEM3-GC3-1MM,-11.5,-11.5321,21,SK,Winter barley,precip,-0.0513120297726774
HadGEM3-GC3-1MM,-10.5,-10.4803,10,SK,Winter barley,precip,-0.041524660241869
HadGEM3-GC3-1MM,-9.5,-9.6161,7,SK,Winter barley,precip,-0.114460907142013
HadGEM3-GC3-1MM,-8.5,-8.6582,7,SK,Winter barley,precip,-0.0539673010416868
HadGEM3-GC3-1MM,-7.5,-7.6345,8,SK,Winter barley,precip,-0.018472080248953
HadGEM3-GC3-1MM,-6.5,-6.4299,4,SK,Winter barley,precip,-0.0488739484658743
HadGEM3-GC3-1MM,-5.5,-5.3528,4,SK,Winter barley,precip,-0.0465860764707167
HadGEM3-GC3-1MM,-4.5,-4.3969,4,SK,Winter barley,precip,-0.0265683124273413
IPSL-CM6A-LR,-9.5,-9.3401,5,SK,Winter barley,precip,-0.0363667323185348
IPSL-CM6A-LR,-8.5,-8.4598,8,SK,Winter barley,precip,-0.0331774894640696
IPSL-CM6A-LR,-7.5,-7.5255,19,SK,Winter barley,precip,-0.0377403461686777
IPSL-CM6A-LR,-6.5,-6.5577,11,SK,Winter barley,precip,-0.0607742317408875
IPSL-CM6A-LR,-5.5,-5.5623,13,SK,Winter barley,precip,-0.0352279228160683
IPSL-CM6A-LR,-4.5,-4.3507,11,SK,Winter barley,precip,-0.0076717399188796
IPSL-CM6A-LR,-3.5,-3.4644,8,SK,Winter barley,precip,0.019691287481766
IPSL-CM6A-LR,-2.5,-2.5669,9,SK,Winter barley,precip,-0.0352480675496644
IPSL-CM6A-LR,-1.5,-1.2909,6,SK,Winter barley,precip,-0.0550988086780747
IPSL-CM6A-LR,-0.5,-0.6347,8,SK,Winter barley,precip,-0.00561128750972544
EC-Earth3,-9.5,-9.1554,4,CZ,Soft wheat,precip2,-0.043476905995796
EC-Earth3,-8.5,-8.4726,15,CZ,Soft wheat,precip2,0.00403476512591985
EC-Earth3,-7.5,-7.5562,20,CZ,Soft wheat,precip2,0.00509490083722317
EC-Earth3,-6.5,-6.4767,21,CZ,Soft wheat,precip2,0.034534662126739
EC-Earth3,-5.5,-5.3342,8,CZ,Soft wheat,precip2,0.0121166191025052
EC-Earth3,-4.5,-4.5495,8,CZ,Soft wheat,precip2,0.014067467726137
EC-Earth3,-3.5,-3.3459,9,CZ,Soft wheat,precip2,0.0470323578521621
EC-Earth3,-2.5,-2.4493,5,CZ,Soft wheat,precip2,0.00289258000761092
EC-Earth3,-1.5,-1.3807,6,CZ,Soft wheat,precip2,0.00443242261498098
EC-Earth3,-0.5,-0.6596,3,CZ,Soft wheat,precip2,0.0260284632037031
HadGEM3-GC3-1LL,-8.5,-8.3848,12,CZ,Soft wheat,precip2,0.030086095637807
HadGEM3-GC3-1LL,-7.5,-7.5599,19,CZ,Soft wheat,precip2,0.0276020631635052
HadGEM3-GC3-1LL,-6.5,-6.5442,24,CZ,Soft wheat,precip2,0.00177856020435065
HadGEM3-GC3-1LL,-5.5,-5.5797,10,CZ,Soft wheat,precip2,0.0124602194362155
HadGEM3-GC3-1LL,-4.5,-4.5263,6,CZ,Soft wheat,precip2,0.0129191024088887
HadGEM3-GC3-1LL,-3.5,-3.7835,7,CZ,Soft wheat,precip2,0.00881555618238206
HadGEM3-GC3-1LL,-2.5,-2.4504,6,CZ,Soft wheat,precip2,-0.00427255989979387
HadGEM3-GC3-1LL,-1.5,-1.3098,8,CZ,Soft wheat,precip2,-0.00851982431605152
HadGEM3-GC3-1LL,-0.5,-0.331,6,CZ,Soft wheat,precip2,-0.039214074508066
HadGEM3-GC3-1MM,-14.5,-14.3032,4,CZ,Soft wheat,precip2,0.00938201286924387
HadGEM3-GC3-1MM,-13.5,-13.3931,8,CZ,Soft wheat,precip2,0.0201519331210807
HadGEM3-GC3-1MM,-12.5,-12.588,13,CZ,Soft wheat,precip2,0.0242451901181705
HadGEM3-GC3-1MM,-11.5,-11.5321,21,CZ,Soft wheat,precip2,0.00129882935384405
HadGEM3-GC3-1MM,-10.5,-10.4803,10,CZ,Soft wheat,precip2,-0.0057273960821082
HadGEM3-GC3-1MM,-9.5,-9.6161,7,CZ,Soft wheat,precip2,0.0572570931869127
HadGEM3-GC3-1MM,-8.5,-8.6582,7,CZ,Soft wheat,precip2,0.0100359736915638
HadGEM3-GC3-1MM,-7.5,-7.6345,8,CZ,Soft wheat,precip2,0.00890598924115844
HadGEM3-GC3-1MM,-6.5,-6.4299,4,CZ,Soft wheat,precip2,0.0413239756017435
HadGEM3-GC3-1MM,-5.5,-5.3528,4,CZ,Soft wheat,precip2,0.0321812973407943
HadGEM3-GC3-1MM,-4.5,-4.3969,4,CZ,Soft wheat,precip2,0.0308053870622643
IPSL-CM6A-LR,-9.5,-9.3401,5,CZ,Soft wheat,precip2,0.0110239758307375
IPSL-CM6A-LR,-8.5,-8.4598,8,CZ,Soft wheat,precip2,0.0187540722286794
IPSL-CM6A-LR,-7.5,-7.5255,19,CZ,Soft wheat,precip2,0.023524141325589
IPSL-CM6A-LR,-6.5,-6.5577,11,CZ,Soft wheat,precip2,0.0388658621960003
IPSL-CM6A-LR,-5.5,-5.5623,13,CZ,Soft wheat,precip2,0.0228638410754574
IPSL-CM6A-LR,-4.5,-4.3507,11,CZ,Soft wheat,precip2,0.00980128765621178
IPSL-CM6A-LR,-3.5,-3.4644,8,CZ,Soft wheat,precip2,-0.0256409391431811
IPSL-CM6A-LR,-2.5,-2.5669,9,CZ,Soft wheat,precip2,0.0241014995788751
IPSL-CM6A-LR,-1.5,-1.2909,6,CZ,Soft wheat,precip2,0.0379260982091687
IPSL-CM6A-LR,-0.5,-0.6347,8,CZ,Soft wheat,precip2,-0.0137735185113345
EC-Earth3,-9.5,-9.1554,4,DE,Soft wheat,precip2,-0.0221275602511172
EC-Earth3,-8.5,-8.4726,15,DE,Soft wheat,precip2,0.0355004360517483
EC-Earth3,-7.5,-7.5562,20,DE,Soft wheat,precip2,0.0289643286524581
EC-Earth3,-6.5,-6.4767,21,DE,Soft wheat,precip2,0.0471156464440819
EC-Earth3,-5.5,-5.3342,8,DE,Soft wheat,precip2,0.0242112680008758
EC-Earth3,-4.5,-4.5495,8,DE,Soft wheat,precip2,0.0333149467385442
EC-Earth3,-3.5,-3.3459,9,DE,Soft wheat,precip2,0.0551122330935632
EC-Earth3,-2.5,-2.4493,5,DE,Soft wheat,precip2,0.0354204999145886
EC-Earth3,-1.5,-1.3807,6,DE,Soft wheat,precip2,0.0271664544608987
EC-Earth3,-0.5,-0.6596,3,DE,Soft wheat,precip2,0.00206213800278027
HadGEM3-GC3-1LL,-8.5,-8.3848,12,DE,Soft wheat,precip2,0.0378054766286049
HadGEM3-GC3-1LL,-7.5,-7.5599,19,DE,Soft wheat,precip2,0.0179692387407882
HadGEM3-GC3-1LL,-6.5,-6.5442,24,DE,Soft wheat,precip2,0.0303873474225222
HadGEM3-GC3-1LL,-5.5,-5.5797,10,DE,Soft wheat,precip2,0.0251532233572974
HadGEM3-GC3-1LL,-4.5,-4.5263,6,DE,Soft wheat,precip2,0.0374961526552054
HadGEM3-GC3-1LL,-3.5,-3.7835,7,DE,Soft wheat,precip2,0.0116828958635073
HadGEM3-GC3-1LL,-2.5,-2.4504,6,DE,Soft wheat,precip2,0.0115953142451003
HadGEM3-GC3-1LL,-1.5,-1.3098,8,DE,Soft wheat,precip2,-0.0301185611922653
HadGEM3-GC3-1LL,-0.5,-0.331,6,DE,Soft wheat,precip2,0.00269997393729814
HadGEM3-GC3-1MM,-14.5,-14.3032,4,DE,Soft wheat,precip2,-0.0666551045244654
HadGEM3-GC3-1MM,-13.5,-13.3931,8,DE,Soft wheat,precip2,-0.0700431386508131
HadGEM3-GC3-1MM,-12.5,-12.588,13,DE,Soft wheat,precip2,-0.0439100832621019
HadGEM3-GC3-1MM,-11.5,-11.5321,21,DE,Soft wheat,precip2,-0.029875990678275
HadGEM3-GC3-1MM,-10.5,-10.4803,10,DE,Soft wheat,precip2,-0.0204818195773986
HadGEM3-GC3-1MM,-9.5,-9.6161,7,DE,Soft wheat,precip2,0.0421061317768356
HadGEM3-GC3-1MM,-8.5,-8.6582,7,DE,Soft wheat,precip2,0.0162373398344203
HadGEM3-GC3-1MM,-7.5,-7.6345,8,DE,Soft wheat,precip2,-0.0133460958209655
HadGEM3-GC3-1MM,-6.5,-6.4299,4,DE,Soft wheat,precip2,0.0117701941734046
HadGEM3-GC3-1MM,-5.5,-5.3528,4,DE,Soft wheat,precip2,0.00501103830920558
HadGEM3-GC3-1MM,-4.5,-4.3969,4,DE,Soft wheat,precip2,0.0440517710890775
IPSL-CM6A-LR,-9.5,-9.3401,5,DE,Soft wheat,precip2,0.0186770362108656
IPSL-CM6A-LR,-8.5,-8.4598,8,DE,Soft wheat,precip2,0.017717077632752
IPSL-CM6A-LR,-7.5,-7.5255,19,DE,Soft wheat,precip2,0.0306956373837104
IPSL-CM6A-LR,-6.5,-6.5577,11,DE,Soft wheat,precip2,0.0447819007881927
IPSL-CM6A-LR,-5.5,-5.5623,13,DE,Soft wheat,precip2,0.0447604875000789
IPSL-CM6A-LR,-4.5,-4.3507,11,DE,Soft wheat,precip2,0.0110882702902334
IPSL-CM6A-LR,-3.5,-3.4644,8,DE,Soft wheat,precip2,-0.00491112913642508
IPSL-CM6A-LR,-2.5,-2.5669,9,DE,Soft wheat,precip2,0.0397159467546356
IPSL-CM6A-LR,-1.5,-1.2909,6,DE,Soft wheat,precip2,0.0203299836619477
IPSL-CM6A-LR,-0.5,-0.6347,8,DE,Soft wheat,precip2,-0.0084752444745678
EC-Earth3,-9.5,-9.1554,4,DK,Soft wheat,precip2,0.00812103623941211
EC-Earth3,-8.5,-8.4726,15,DK,Soft wheat,precip2,0.0222787742224523
EC-Earth3,-7.5,-7.5562,20,DK,Soft wheat,precip2,0.0277437291495661
EC-Earth3,-6.5,-6.4767,21,DK,Soft wheat,precip2,0.0326581718301781
EC-Earth3,-5.5,-5.3342,8,DK,Soft wheat,precip2,0.0286017398466532
EC-Earth3,-4.5,-4.5495,8,DK,Soft wheat,precip2,0.0319872073211189
EC-Earth3,-3.5,-3.3459,9,DK,Soft wheat,precip2,0.0497121848809513
EC-Earth3,-2.5,-2.4493,5,DK,Soft wheat,precip2,0.0197944002577685
EC-Earth3,-1.5,-1.3807,6,DK,Soft wheat,precip2,0.0219357842566665
EC-Earth3,-0.5,-0.6596,3,DK,Soft wheat,precip2,-0.0411103321763491
HadGEM3-GC3-1LL,-8.5,-8.3848,12,DK,Soft wheat,precip2,0.034695612184486
HadGEM3-GC3-1LL,-7.5,-7.5599,19,DK,Soft wheat,precip2,0.0178564407917092
HadGEM3-GC3-1LL,-6.5,-6.5442,24,DK,Soft wheat,precip2,0.0339828550424442
HadGEM3-GC3-1LL,-5.5,-5.5797,10,DK,Soft wheat,precip2,0.0254899190646721
HadGEM3-GC3-1LL,-4.5,-4.5263,6,DK,Soft wheat,precip2,0.0255798978759449
HadGEM3-GC3-1LL,-3.5,-3.7835,7,DK,Soft wheat,precip2,0.00531609243605587
HadGEM3-GC3-1LL,-2.5,-2.4504,6,DK,Soft wheat,precip2,-0.000675823441244226
HadGEM3-GC3-1LL,-1.5,-1.3098,8,DK,Soft wheat,precip2,-0.0462292110527683
HadGEM3-GC3-1LL,-0.5,-0.331,6,DK,Soft wheat,precip2,0.0142874449450993
HadGEM3-GC3-1MM,-14.5,-14.3032,4,DK,Soft wheat,precip2,-0.161947495043067
HadGEM3-GC3-1MM,-13.5,-13.3931,8,DK,Soft wheat,precip2,-0.107268474518492
HadGEM3-GC3-1MM,-12.5,-12.588,13,DK,Soft wheat,precip2,-0.123548451557891
HadGEM3-GC3-1MM,-11.5,-11.5321,21,DK,Soft wheat,precip2,-0.132659140119598
HadGEM3-GC3-1MM,-10.5,-10.4803,10,DK,Soft wheat,precip2,-0.112246305844723
HadGEM3-GC3-1MM,-9.5,-9.6161,7,DK,Soft wheat,precip2,-0.0275760555930309
HadGEM3-GC3-1MM,-8.5,-8.6582,7,DK,Soft wheat,precip2,-0.00920095265821304
HadGEM3-GC3-1MM,-7.5,-7.6345,8,DK,Soft wheat,precip2,-0.0337198949213361
HadGEM3-GC3-1MM,-6.5,-6.4299,4,DK,Soft wheat,precip2,0.0412252970208535
HadGEM3-GC3-1MM,-5.5,-5.3528,4,DK,Soft wheat,precip2,0.00787200180610072
HadGEM3-GC3-1MM,-4.5,-4.3969,4,DK,Soft wheat,precip2,0.0488568915724521
IPSL-CM6A-LR,-9.5,-9.3401,5,DK,Soft wheat,precip2,-0.0525351905328637
IPSL-CM6A-LR,-8.5,-8.4598,8,DK,Soft wheat,precip2,-0.0847934225196408
IPSL-CM6A-LR,-7.5,-7.5255,19,DK,Soft wheat,precip2,0.00178213160423609
IPSL-CM6A-LR,-6.5,-6.5577,11,DK,Soft wheat,precip2,-0.0466411137780556
IPSL-CM6A-LR,-5.5,-5.5623,13,DK,Soft wheat,precip2,0.0241102169131929
IPSL-CM6A-LR,-4.5,-4.3507,11,DK,Soft wheat,precip2,-0.00129671777821661
IPSL-CM6A-LR,-3.5,-3.4644,8,DK,Soft wheat,precip2,-0.0149864248476236
IPSL-CM6A-LR,-2.5,-2.5669,9,DK,Soft wheat,precip2,0.0344639576504142
IPSL-CM6A-LR,-1.5,-1.2909,6,DK,Soft wheat,precip2,0.0265368760788495
IPSL-CM6A-LR,-0.5,-0.6347,8,DK,Soft wheat,precip2,-0.0491710259635648
EC-Earth3,-9.5,-9.1554,4,EE,Soft wheat,precip2,0.0128881823207702
EC-Earth3,-8.5,-8.4726,15,EE,Soft wheat,precip2,0.0176634603758628
EC-Earth3,-7.5,-7.5562,20,EE,Soft wheat,precip2,-0.00238544259825549
EC-Earth3,-6.5,-6.4767,21,EE,Soft wheat,precip2,0.0106560149578878
EC-Earth3,-5.5,-5.3342,8,EE,Soft wheat,precip2,0.0205594621702621
EC-Earth3,-4.5,-4.5495,8,EE,Soft wheat,precip2,-0.00797074037141469
EC-Earth3,-3.5,-3.3459,9,EE,Soft wheat,precip2,0.00484837668160558
EC-Earth3,-2.5,-2.4493,5,EE,Soft wheat,precip2,-0.009621798005627
EC-Earth3,-1.5,-1.3807,6,EE,Soft wheat,precip2,0.0175407662295122
EC-Earth3,-0.5,-0.6596,3,EE,Soft wheat,precip2,0.015665125418901
HadGEM3-GC3-1LL,-8.5,-8.3848,12,EE,Soft wheat,precip2,0.0131941525357469
HadGEM3-GC3-1LL,-7.5,-7.5599,19,EE,Soft wheat,precip2,-0.00249298240648661
HadGEM3-GC3-1LL,-6.5,-6.5442,24,EE,Soft wheat,precip2,0.0138784698333157
HadGEM3-GC3-1LL,-5.5,-5.5797,10,EE,Soft wheat,precip2,0.0183217609607785
HadGEM3-GC3-1LL,-4.5,-4.5263,6,EE,Soft wheat,precip2,0.0124267064070821
HadGEM3-GC3-1LL,-3.5,-3.7835,7,EE,Soft wheat,precip2,-0.0115244154855394
HadGEM3-GC3-1LL,-2.5,-2.4504,6,EE,Soft wheat,precip2,-0.0391016001030092
HadGEM3-GC3-1LL,-1.5,-1.3098,8,EE,Soft wheat,precip2,-0.0620358610014116
HadGEM3-GC3-1LL,-0.5,-0.331,6,EE,Soft wheat,precip2,-0.00594384029362596
HadGEM3-GC3-1MM,-14.5,-14.3032,4,EE,Soft wheat,precip2,-0.111886342464111
HadGEM3-GC3-1MM,-13.5,-13.3931,8,EE,Soft wheat,precip2,-0.108834037406802
HadGEM3-GC3-1MM,-12.5,-12.588,13,EE,Soft wheat,precip2,-0.128675164934858
HadGEM3-GC3-1MM,-11.5,-11.5321,21,EE,Soft wheat,precip2,-0.108408365382235
HadGEM3-GC3-1MM,-10.5,-10.4803,10,EE,Soft wheat,precip2,-0.159398439859304
HadGEM3-GC3-1MM,-9.5,-9.6161,7,EE,Soft wheat,precip2,-0.0365175158294107
HadGEM3-GC3-1MM,-8.5,-8.6582,7,EE,Soft wheat,precip2,-0.0540455825437529
HadGEM3-GC3-1MM,-7.5,-7.6345,8,EE,Soft wheat,precip2,-0.0771604034955677
HadGEM3-GC3-1MM,-6.5,-6.4299,4,EE,Soft wheat,precip2,0.00556374212185646
HadGEM3-GC3-1MM,-5.5,-5.3528,4,EE,Soft wheat,precip2,-0.0118241100091438
HadGEM3-GC3-1MM,-4.5,-4.3969,4,EE,Soft wheat,precip2,0.000324495885309417
IPSL-CM6A-LR,-9.5,-9.3401,5,EE,Soft wheat,precip2,-0.0837121974932593
IPSL-CM6A-LR,-8.5,-8.4598,8,EE,Soft wheat,precip2,-0.0790001737397637
IPSL-CM6A-LR,-7.5,-7.5255,19,EE,Soft wheat,precip2,-0.0390524680384261
IPSL-CM6A-LR,-6.5,-6.5577,11,EE,Soft wheat,precip2,-0.0161549923882379
IPSL-CM6A-LR,-5.5,-5.5623,13,EE,Soft wheat,precip2,-0.0125808977665133
IPSL-CM6A-LR,-4.5,-4.3507,11,EE,Soft wheat,precip2,-0.0181549367256368
IPSL-CM6A-LR,-3.5,-3.4644,8,EE,Soft wheat,precip2,0.0022853650579623
IPSL-CM6A-LR,-2.5,-2.5669,9,EE,Soft wheat,precip2,-0.000216063869430141
IPSL-CM6A-LR,-1.5,-1.2909,6,EE,Soft wheat,precip2,0.0217037502440089
IPSL-CM6A-LR,-0.5,-0.6347,8,EE,Soft wheat,precip2,0.0034955359236652
EC-Earth3,-9.5,-9.1554,4,EL,Soft wheat,precip2,0.00576504340461577
EC-Earth3,-8.5,-8.4726,15,EL,Soft wheat,precip2,0.0118185457715177
EC-Earth3,-7.5,-7.5562,20,EL,Soft wheat,precip2,0.00981845736237788
EC-Earth3,-6.5,-6.4767,21,EL,Soft wheat,precip2,0.00293956164968917
EC-Earth3,-5.5,-5.3342,8,EL,Soft wheat,precip2,0.00614744461229608
EC-Earth3,-4.5,-4.5495,8,EL,Soft wheat,precip2,0.00575433991286989
EC-Earth3,-3.5,-3.3459,9,EL,Soft wheat,precip2,0.0082964583332079
EC-Earth3,-2.5,-2.4493,5,EL,Soft wheat,precip2,0.0179943619786865
EC-Earth3,-1.5,-1.3807,6,EL,Soft wheat,precip2,0.00360166216565609
EC-Earth3,-0.5,-0.6596,3,EL,Soft wheat,precip2,-0.00114190722107731
HadGEM3-GC3-1LL,-8.5,-8.3848,12,EL,Soft wheat,precip2,0.00698354702231176
HadGEM3-GC3-1LL,-7.5,-7.5599,19,EL,Soft wheat,precip2,0.0119551556550245
HadGEM3-GC3-1LL,-6.5,-6.5442,24,EL,Soft wheat,precip2,0.00368807959216156
HadGEM3-GC3-1LL,-5.5,-5.5797,10,EL,Soft wheat,precip2,0.0087313561554174
HadGEM3-GC3-1LL,-4.5,-4.5263,6,EL,Soft wheat,precip2,0.0140724937877874
HadGEM3-GC3-1LL,-3.5,-3.7835,7,EL,Soft wheat,precip2,0.0105549979301036
HadGEM3-GC3-1LL,-2.5,-2.4504,6,EL,Soft wheat,precip2,0.00577371147963511
HadGEM3-GC3-1LL,-1.5,-1.3098,8,EL,Soft wheat,precip2,0.00376640414463557
HadGEM3-GC3-1LL,-0.5,-0.331,6,EL,Soft wheat,precip2,0.00625214612911956
HadGEM3-GC3-1MM,-14.5,-14.3032,4,EL,Soft wheat,precip2,0.0195042849089562
HadGEM3-GC3-1MM,-13.5,-13.3931,8,EL,Soft wheat,precip2,0.0275572853369605
HadGEM3-GC3-1MM,-12.5,-12.588,13,EL,Soft wheat,precip2,0.0187110920890946
HadGEM3-GC3-1MM,-11.5,-11.5321,21,EL,Soft wheat,precip2,0.0253857090028747
HadGEM3-GC3-1MM,-10.5,-10.4803,10,EL,Soft wheat,precip2,0.0271098210029596
HadGEM3-GC3-1MM,-9.5,-9.6161,7,EL,Soft wheat,precip2,0.0301027355591461
HadGEM3-GC3-1MM,-8.5,-8.6582,7,EL,Soft wheat,precip2,0.0205635486553894
HadGEM3-GC3-1MM,-7.5,-7.6345,8,EL,Soft wheat,precip2,0.0207201870741124
HadGEM3-GC3-1MM,-6.5,-6.4299,4,EL,Soft wheat,precip2,0.00710049311147999
HadGEM3-GC3-1MM,-5.5,-5.3528,4,EL,Soft wheat,precip2,0.00854095313785264
HadGEM3-GC3-1MM,-4.5,-4.3969,4,EL,Soft wheat,precip2,0.00492448433433568
IPSL-CM6A-LR,-9.5,-9.3401,5,EL,Soft wheat,precip2,0.00843769564155156
IPSL-CM6A-LR,-8.5,-8.4598,8,EL,Soft wheat,precip2,0.0213008527890808
IPSL-CM6A-LR,-7.5,-7.5255,19,EL,Soft wheat,precip2,0.0198945272933072
IPSL-CM6A-LR,-6.5,-6.5577,11,EL,Soft wheat,precip2,0.0186295698784953
IPSL-CM6A-LR,-5.5,-5.5623,13,EL,Soft wheat,precip2,0.0143812993562205
IPSL-CM6A-LR,-4.5,-4.3507,11,EL,Soft wheat,precip2,0.00226571127649851
IPSL-CM6A-LR,-3.5,-3.4644,8,EL,Soft wheat,precip2,0.0128544701965519
IPSL-CM6A-LR,-2.5,-2.5669,9,EL,Soft wheat,precip2,0.0147644627257495
IPSL-CM6A-LR,-1.5,-1.2909,6,EL,Soft wheat,precip2,2.55728668305275e-06
IPSL-CM6A-LR,-0.5,-0.6347,8,EL,Soft wheat,precip2,0.019248715570241
EC-Earth3,-9.5,-9.1554,4,ES,Soft wheat,precip2,0.0313960795991698
EC-Earth3,-8.5,-8.4726,15,ES,Soft wheat,precip2,0.0323374296498996
EC-Earth3,-7.5,-7.5562,20,ES,Soft wheat,precip2,0.0239838635113923
EC-Earth3,-6.5,-6.4767,21,ES,Soft wheat,precip2,0.0327671624520629
EC-Earth3,-5.5,-5.3342,8,ES,Soft wheat,precip2,0.0327571222821355
EC-Earth3,-4.5,-4.5495,8,ES,Soft wheat,precip2,0.0364801436728905
EC-Earth3,-3.5,-3.3459,9,ES,Soft wheat,precip2,0.0127564547307914
EC-Earth3,-2.5,-2.4493,5,ES,Soft wheat,precip2,0.0252501138237187
EC-Earth3,-1.5,-1.3807,6,ES,Soft wheat,precip2,0.00870569824800812
EC-Earth3,-0.5,-0.6596,3,ES,Soft wheat,precip2,0.0224908185192726
HadGEM3-GC3-1LL,-8.5,-8.3848,12,ES,Soft wheat,precip2,0.0304201108584881
HadGEM3-GC3-1LL,-7.5,-7.5599,19,ES,Soft wheat,precip2,0.0233384523176985
HadGEM3-GC3-1LL,-6.5,-6.5442,24,ES,Soft wheat,precip2,0.0236101913589018
HadGEM3-GC3-1LL,-5.5,-5.5797,10,ES,Soft wheat,precip2,0.013465761000298
HadGEM3-GC3-1LL,-4.5,-4.5263,6,ES,Soft wheat,precip2,0.0343548998327611
HadGEM3-GC3-1LL,-3.5,-3.7835,7,ES,Soft wheat,precip2,0.0230176549290905
HadGEM3-GC3-1LL,-2.5,-2.4504,6,ES,Soft wheat,precip2,0.0272253374836878
HadGEM3-GC3-1LL,-1.5,-1.3098,8,ES,Soft wheat,precip2,0.00739930448534405
HadGEM3-GC3-1LL,-0.5,-0.331,6,ES,Soft wheat,precip2,0.0167735588484541
HadGEM3-GC3-1MM,-14.5,-14.3032,4,ES,Soft wheat,precip2,0.0255596623533464
HadGEM3-GC3-1MM,-13.5,-13.3931,8,ES,Soft wheat,precip2,0.0141722123809474
HadGEM3-GC3-1MM,-12.5,-12.588,13,ES,Soft wheat,precip2,0.0235209222346819
HadGEM3-GC3-1MM,-11.5,-11.5321,21,ES,Soft wheat,precip2,0.034250009117899
HadGEM3-GC3-1MM,-10.5,-10.4803,10,ES,Soft wheat,precip2,0.0401796540823457
HadGEM3-GC3-1MM,-9.5,-9.6161,7,ES,Soft wheat,precip2,0.0310234071393486
HadGEM3-GC3-1MM,-8.5,-8.6582,7,ES,Soft wheat,precip2,0.0226756654999677
HadGEM3-GC3-1MM,-7.5,-7.6345,8,ES,Soft wheat,precip2,0.0389782083529812
HadGEM3-GC3-1MM,-6.5,-6.4299,4,ES,Soft wheat,precip2,0.0290916631260189
HadGEM3-GC3-1MM,-5.5,-5.3528,4,ES,Soft wheat,precip2,0.019861637010501
HadGEM3-GC3-1MM,-4.5,-4.3969,4,ES,Soft wheat,precip2,-0.0201251463164947
IPSL-CM6A-LR,-9.5,-9.3401,5,ES,Soft wheat,precip2,0.0326688938481259
IPSL-CM6A-LR,-8.5,-8.4598,8,ES,Soft wheat,precip2,0.0367180155792095
IPSL-CM6A-LR,-7.5,-7.5255,19,ES,Soft wheat,precip2,0.0337064530432515
IPSL-CM6A-LR,-6.5,-6.5577,11,ES,Soft wheat,precip2,0.0336865439155692
IPSL-CM6A-LR,-5.5,-5.5623,13,ES,Soft wheat,precip2,0.0328682724925804
IPSL-CM6A-LR,-4.5,-4.3507,11,ES,Soft wheat,precip2,0.0318434137228893
IPSL-CM6A-LR,-3.5,-3.4644,8,ES,Soft wheat,precip2,0.0337947935774644
IPSL-CM6A-LR,-2.5,-2.5669,9,ES,Soft wheat,precip2,0.00433727194413262
IPSL-CM6A-LR,-1.5,-1.2909,6,ES,Soft wheat,precip2,0.0195547523873994
IPSL-CM6A-LR,-0.5,-0.6347,8,ES,Soft wheat,precip2,0.0191895623378817
EC-Earth3,-9.5,-9.1554,4,FI,Soft wheat,precip2,-0.00277621328010635
EC-Earth3,-8.5,-8.4726,15,FI,Soft wheat,precip2,0.00189688686730683
EC-Earth3,-7.5,-7.5562,20,FI,Soft wheat,precip2,0.00256256572655517
EC-Earth3,-6.5,-6.4767,21,FI,Soft wheat,precip2,0.00868458009813905
EC-Earth3,-5.5,-5.3342,8,FI,Soft wheat,precip2,0.0133509595624015
EC-Earth3,-4.5,-4.5495,8,FI,Soft wheat,precip2,-0.00684611920083099
EC-Earth3,-3.5,-3.3459,9,FI,Soft wheat,precip2,0.00323234483916699
EC-Earth3,-2.5,-2.4493,5,FI,Soft wheat,precip2,-0.0316370905188854
EC-Earth3,-1.5,-1.3807,6,FI,Soft wheat,precip2,0.00923353599639736
EC-Earth3,-0.5,-0.6596,3,FI,Soft wheat,precip2,0.0134712793911303
HadGEM3-GC3-1LL,-8.5,-8.3848,12,FI,Soft wheat,precip2,0.00941486380957568
HadGEM3-GC3-1LL,-7.5,-7.5599,19,FI,Soft wheat,precip2,0.00838912141338837
HadGEM3-GC3-1LL,-6.5,-6.5442,24,FI,Soft wheat,precip2,0.0117556316828107
HadGEM3-GC3-1LL,-5.5,-5.5797,10,FI,Soft wheat,precip2,0.0206693055569523
HadGEM3-GC3-1LL,-4.5,-4.5263,6,FI,Soft wheat,precip2,0.00371561062810688
HadGEM3-GC3-1LL,-3.5,-3.7835,7,FI,Soft wheat,precip2,-0.016390538855937
HadGEM3-GC3-1LL,-2.5,-2.4504,6,FI,Soft wheat,precip2,-0.01799909595017
HadGEM3-GC3-1LL,-1.5,-1.3098,8,FI,Soft wheat,precip2,-0.0589881914256583
HadGEM3-GC3-1LL,-0.5,-0.331,6,FI,Soft wheat,precip2,-0.00204449369696613
HadGEM3-GC3-1MM,-14.5,-14.3032,4,FI,Soft wheat,precip2,-0.139437086895681
HadGEM3-GC3-1MM,-13.5,-13.3931,8,FI,Soft wheat,precip2,-0.0893578058845103
HadGEM3-GC3-1MM,-12.5,-12.588,13,FI,Soft wheat,precip2,-0.12091815305999
HadGEM3-GC3-1MM,-11.5,-11.5321,21,FI,Soft wheat,precip2,-0.118152021856622
HadGEM3-GC3-1MM,-10.5,-10.4803,10,FI,Soft wheat,precip2,-0.111017998036043
HadGEM3-GC3-1MM,-9.5,-9.6161,7,FI,Soft wheat,precip2,-0.0663430717454805
HadGEM3-GC3-1MM,-8.5,-8.6582,7,FI,Soft wheat,precip2,-0.0889547660245797
HadGEM3-GC3-1MM,-7.5,-7.6345,8,FI,Soft wheat,precip2,-0.0862677009345609
HadGEM3-GC3-1MM,-6.5,-6.4299,4,FI,Soft wheat,precip2,0.0066130576122129
HadGEM3-GC3-1MM,-5.5,-5.3528,4,FI,Soft wheat,precip2,-0.00992565399659677
HadGEM3-GC3-1MM,-4.5,-4.3969,4,FI,Soft wheat,precip2,0.0087148041312307
IPSL-CM6A-LR,-9.5,-9.3401,5,FI,Soft wheat,precip2,-0.0673299885848995
IPSL-CM6A-LR,-8.5,-8.4598,8,FI,Soft wheat,precip2,-0.0936166302868432
IPSL-CM6A-LR,-7.5,-7.5255,19,FI,Soft wheat,precip2,-0.0679926821403756
IPSL-CM6A-LR,-6.5,-6.5577,11,FI,Soft wheat,precip2,-0.0505705781214943
IPSL-CM6A-LR,-5.5,-5.5623,13,FI,Soft wheat,precip2,-0.000784854229882437
IPSL-CM6A-LR,-4.5,-4.3507,11,FI,Soft wheat,precip2,-0.00319631409657979
IPSL-CM6A-LR,-3.5,-3.4644,8,FI,Soft wheat,precip2,0.00475671155840579
IPSL-CM6A-LR,-2.5,-2.5669,9,FI,Soft wheat,precip2,0.0130920350759121
IPSL-CM6A-LR,-1.5,-1.2909,6,FI,Soft wheat,precip2,0.00697599873605939
IPSL-CM6A-LR,-0.5,-0.6347,8,FI,Soft wheat,precip2,-0.00834984616483456
EC-Earth3,-9.5,-9.1554,4,FR,Soft wheat,precip2,0.00677495285298958
EC-Earth3,-8.5,-8.4726,15,FR,Soft wheat,precip2,0.0570496258273666
EC-Earth3,-7.5,-7.5562,20,FR,Soft wheat,precip2,0.028442408857173
EC-Earth3,-6.5,-6.4767,21,FR,Soft wheat,precip2,0.0504050819145087
EC-Earth3,-5.5,-5.3342,8,FR,Soft wheat,precip2,0.0112870076973032
EC-Earth3,-4.5,-4.5495,8,FR,Soft wheat,precip2,0.0592740265478123
EC-Earth3,-3.5,-3.3459,9,FR,Soft wheat,precip2,0.0408558473976873
EC-Earth3,-2.5,-2.4493,5,FR,Soft wheat,precip2,0.0398848633085554
EC-Earth3,-1.5,-1.3807,6,FR,Soft wheat,precip2,0.0290624213300005
EC-Earth3,-0.5,-0.6596,3,FR,Soft wheat,precip2,-0.00349902136566703
HadGEM3-GC3-1LL,-8.5,-8.3848,12,FR,Soft wheat,precip2,0.0422040275702511
HadGEM3-GC3-1LL,-7.5,-7.5599,19,FR,Soft wheat,precip2,0.0238857538694968
HadGEM3-GC3-1LL,-6.5,-6.5442,24,FR,Soft wheat,precip2,0.0431275583637974
HadGEM3-GC3-1LL,-5.5,-5.5797,10,FR,Soft wheat,precip2,0.00647481605446735
HadGEM3-GC3-1LL,-4.5,-4.5263,6,FR,Soft wheat,precip2,0.063538844437056
HadGEM3-GC3-1LL,-3.5,-3.7835,7,FR,Soft wheat,precip2,0.0201135110437915
HadGEM3-GC3-1LL,-2.5,-2.4504,6,FR,Soft wheat,precip2,0.0502636548043623
HadGEM3-GC3-1LL,-1.5,-1.3098,8,FR,Soft wheat,precip2,-0.0201668092027945
HadGEM3-GC3-1LL,-0.5,-0.331,6,FR,Soft wheat,precip2,0.0167757153075432
HadGEM3-GC3-1MM,-14.5,-14.3032,4,FR,Soft wheat,precip2,-0.0782263518429269
HadGEM3-GC3-1MM,-13.5,-13.3931,8,FR,Soft wheat,precip2,-0.085619591408196
HadGEM3-GC3-1MM,-12.5,-12.588,13,FR,Soft wheat,precip2,-0.0773650115974548
HadGEM3-GC3-1MM,-11.5,-11.5321,21,FR,Soft wheat,precip2,-0.0321634545198639
HadGEM3-GC3-1MM,-10.5,-10.4803,10,FR,Soft wheat,precip2,0.0284413748433421
HadGEM3-GC3-1MM,-9.5,-9.6161,7,FR,Soft wheat,precip2,0.0327178289785551
HadGEM3-GC3-1MM,-8.5,-8.6582,7,FR,Soft wheat,precip2,0.0273026608819085
HadGEM3-GC3-1MM,-7.5,-7.6345,8,FR,Soft wheat,precip2,0.0278904296233364
HadGEM3-GC3-1MM,-6.5,-6.4299,4,FR,Soft wheat,precip2,0.0360713775847095
HadGEM3-GC3-1MM,-5.5,-5.3528,4,FR,Soft wheat,precip2,-0.0123663997098895
HadGEM3-GC3-1MM,-4.5,-4.3969,4,FR,Soft wheat,precip2,0.00490374676428208
IPSL-CM6A-LR,-9.5,-9.3401,5,FR,Soft wheat,precip2,0.0426275749851791
IPSL-CM6A-LR,-8.5,-8.4598,8,FR,Soft wheat,precip2,0.025983452707367
IPSL-CM6A-LR,-7.5,-7.5255,19,FR,Soft wheat,precip2,0.0509381022571567
IPSL-CM6A-LR,-6.5,-6.5577,11,FR,Soft wheat,precip2,0.0635699583134914
IPSL-CM6A-LR,-5.5,-5.5623,13,FR,Soft wheat,precip2,0.053098964007729
IPSL-CM6A-LR,-4.5,-4.3507,11,FR,Soft wheat,precip2,0.0312961197744818
IPSL-CM6A-LR,-3.5,-3.4644,8,FR,Soft wheat,precip2,0.0384358200370576
IPSL-CM6A-LR,-2.5,-2.5669,9,FR,Soft wheat,precip2,0.0453315945964294
IPSL-CM6A-LR,-1.5,-1.2909,6,FR,Soft wheat,precip2,0.0015139349230954
IPSL-CM6A-LR,-0.5,-0.6347,8,FR,Soft wheat,precip2,-0.00789991216432917
EC-Earth3,-9.5,-9.1554,4,HU,Soft wheat,precip2,-0.0202507211362628
EC-Earth3,-8.5,-8.4726,15,HU,Soft wheat,precip2,-0.0216303424928753
EC-Earth3,-7.5,-7.5562,20,HU,Soft wheat,precip2,-0.00877124308773803
EC-Earth3,-6.5,-6.4767,21,HU,Soft wheat,precip2,0.0142642308871278
EC-Earth3,-5.5,-5.3342,8,HU,Soft wheat,precip2,0.0276577411741896
EC-Earth3,-4.5,-4.5495,8,HU,Soft wheat,precip2,0.000784656353097192
EC-Earth3,-3.5,-3.3459,9,HU,Soft wheat,precip2,-0.0130102700949599
EC-Earth3,-2.5,-2.4493,5,HU,Soft wheat,precip2,0.041782331788609
EC-Earth3,-1.5,-1.3807,6,HU,Soft wheat,precip2,-0.0375016563154445
EC-Earth3,-0.5,-0.6596,3,HU,Soft wheat,precip2,0.0228669788190481
HadGEM3-GC3-1LL,-8.5,-8.3848,12,HU,Soft wheat,precip2,0.0168117622610957
HadGEM3-GC3-1LL,-7.5,-7.5599,19,HU,Soft wheat,precip2,0.0218588479135845
HadGEM3-GC3-1LL,-6.5,-6.5442,24,HU,Soft wheat,precip2,-0.00518074333769748
HadGEM3-GC3-1LL,-5.5,-5.5797,10,HU,Soft wheat,precip2,0.0150991384072928
HadGEM3-GC3-1LL,-4.5,-4.5263,6,HU,Soft wheat,precip2,-0.0233901798656101
HadGEM3-GC3-1LL,-3.5,-3.7835,7,HU,Soft wheat,precip2,-0.000100800460307298
HadGEM3-GC3-1LL,-2.5,-2.4504,6,HU,Soft wheat,precip2,0.0141927831919258
HadGEM3-GC3-1LL,-1.5,-1.3098,8,HU,Soft wheat,precip2,0.00759846529896313
HadGEM3-GC3-1LL,-0.5,-0.331,6,HU,Soft wheat,precip2,-0.016247924194216
HadGEM3-GC3-1MM,-14.5,-14.3032,4,HU,Soft wheat,precip2,0.0483082459383474
HadGEM3-GC3-1MM,-13.5,-13.3931,8,HU,Soft wheat,precip2,0.0342357293758547
HadGEM3-GC3-1MM,-12.5,-12.588,13,HU,Soft wheat,precip2,0.0260571057566314
HadGEM3-GC3-1MM,-11.5,-11.5321,21,HU,Soft wheat,precip2,0.0255732618936134
HadGEM3-GC3-1MM,-10.5,-10.4803,10,HU,Soft wheat,precip2,0.0203449588642014
HadGEM3-GC3-1MM,-9.5,-9.6161,7,HU,Soft wheat,precip2,0.0365452482400393
HadGEM3-GC3-1MM,-8.5,-8.6582,7,HU,Soft wheat,precip2,0.026828825124223
HadGEM3-GC3-1MM,-7.5,-7.6345,8,HU,Soft wheat,precip2,-0.00215025552611016
HadGEM3-GC3-1MM,-6.5,-6.4299,4,HU,Soft wheat,precip2,0.0108992845913257
HadGEM3-GC3-1MM,-5.5,-5.3528,4,HU,Soft wheat,precip2,0.0220291225162299
HadGEM3-GC3-1MM,-4.5,-4.3969,4,HU,Soft wheat,precip2,-0.00183343460554603
IPSL-CM6A-LR,-9.5,-9.3401,5,HU,Soft wheat,precip2,0.0164867333433451
IPSL-CM6A-LR,-8.5,-8.4598,8,HU,Soft wheat,precip2,0.0211950929432199
IPSL-CM6A-LR,-7.5,-7.5255,19,HU,Soft wheat,precip2,0.0205171995280739
IPSL-CM6A-LR,-6.5,-6.5577,11,HU,Soft wheat,precip2,0.0279471240452699
IPSL-CM6A-LR,-5.5,-5.5623,13,HU,Soft wheat,precip2,0.0190373898734291
IPSL-CM6A-LR,-4.5,-4.3507,11,HU,Soft wheat,precip2,0.0120787731937367
IPSL-CM6A-LR,-3.5,-3.4644,8,HU,Soft wheat,precip2,-0.0041794125862533
IPSL-CM6A-LR,-2.5,-2.5669,9,HU,Soft wheat,precip2,0.0208143756748628
IPSL-CM6A-LR,-1.5,-1.2909,6,HU,Soft wheat,precip2,0.0197032282729104
IPSL-CM6A-LR,-0.5,-0.6347,8,HU,Soft wheat,precip2,0.0195966320213009
EC-Earth3,-9.5,-9.1554,4,IT,Soft wheat,precip2,0.0235899989218984
EC-Earth3,-8.5,-8.4726,15,IT,Soft wheat,precip2,0.0510732717977744
EC-Earth3,-7.5,-7.5562,20,IT,Soft wheat,precip2,0.0271241566629735
EC-Earth3,-6.5,-6.4767,21,IT,Soft wheat,precip2,0.0409040700411993
EC-Earth3,-5.5,-5.3342,8,IT,Soft wheat,precip2,0.0518432066933662
EC-Earth3,-4.5,-4.5495,8,IT,Soft wheat,precip2,0.0669798623604828
EC-Earth3,-3.5,-3.3459,9,IT,Soft wheat,precip2,0.00658403010889363
EC-Earth3,-2.5,-2.4493,5,IT,Soft wheat,precip2,0.073414187119588
EC-Earth3,-1.5,-1.3807,6,IT,Soft wheat,precip2,0.0367566161719269
EC-Earth3,-0.5,-0.6596,3,IT,Soft wheat,precip2,0.0418765129635084
HadGEM3-GC3-1LL,-8.5,-8.3848,12,IT,Soft wheat,precip2,0.0412468623925326
HadGEM3-GC3-1LL,-7.5,-7.5599,19,IT,Soft wheat,precip2,0.0483998713964731
HadGEM3-GC3-1LL,-6.5,-6.5442,24,IT,Soft wheat,precip2,0.0228694302832951
HadGEM3-GC3-1LL,-5.5,-5.5797,10,IT,Soft wheat,precip2,0.0328299430135219
HadGEM3-GC3-1LL,-4.5,-4.5263,6,IT,Soft wheat,precip2,0.0497046778244161
HadGEM3-GC3-1LL,-3.5,-3.7835,7,IT,Soft wheat,precip2,0.0346849993172198
HadGEM3-GC3-1LL,-2.5,-2.4504,6,IT,Soft wheat,precip2,0.0548863051009224
HadGEM3-GC3-1LL,-1.5,-1.3098,8,IT,Soft wheat,precip2,0.0058517351844536
HadGEM3-GC3-1LL,-0.5,-0.331,6,IT,Soft wheat,precip2,0.0110513339285661
HadGEM3-GC3-1MM,-14.5,-14.3032,4,IT,Soft wheat,precip2,0.0699964876675675
HadGEM3-GC3-1MM,-13.5,-13.3931,8,IT,Soft wheat,precip2,0.0797635594066647
HadGEM3-GC3-1MM,-12.5,-12.588,13,IT,Soft wheat,precip2,0.0721387708612076
HadGEM3-GC3-1MM,-11.5,-11.5321,21,IT,Soft wheat,precip2,0.0750932860271588
HadGEM3-GC3-1MM,-10.5,-10.4803,10,IT,Soft wheat,precip2,0.0793536089225875
HadGEM3-GC3-1MM,-9.5,-9.6161,7,IT,Soft wheat,precip2,0.0678936098914493
HadGEM3-GC3-1MM,-8.5,-8.6582,7,IT,Soft wheat,precip2,0.0766766981761097
HadGEM3-GC3-1MM,-7.5,-7.6345,8,IT,Soft wheat,precip2,0.0755226099260277
HadGEM3-GC3-1MM,-6.5,-6.4299,4,IT,Soft wheat,precip2,0.0452558690989897
HadGEM3-GC3-1MM,-5.5,-5.3528,4,IT,Soft wheat,precip2,0.0589564309898502
HadGEM3-GC3-1MM,-4.5,-4.3969,4,IT,Soft wheat,precip2,0.0135886560343297
IPSL-CM6A-LR,-9.5,-9.3401,5,IT,Soft wheat,precip2,0.0469180710239133
IPSL-CM6A-LR,-8.5,-8.4598,8,IT,Soft wheat,precip2,0.0586676641084165
IPSL-CM6A-LR,-7.5,-7.5255,19,IT,Soft wheat,precip2,0.063422474111486
IPSL-CM6A-LR,-6.5,-6.5577,11,IT,Soft wheat,precip2,0.0779241277640931
IPSL-CM6A-LR,-5.5,-5.5623,13,IT,Soft wheat,precip2,0.059238541952774
IPSL-CM6A-LR,-4.5,-4.3507,11,IT,Soft wheat,precip2,0.0507309077932462
IPSL-CM6A-LR,-3.5,-3.4644,8,IT,Soft wheat,precip2,0.0398947884595193
IPSL-CM6A-LR,-2.5,-2.5669,9,IT,Soft wheat,precip2,0.0236955406489816
IPSL-CM6A-LR,-1.5,-1.2909,6,IT,Soft wheat,precip2,0.0381098398247705
IPSL-CM6A-LR,-0.5,-0.6347,8,IT,Soft wheat,precip2,0.0343768591529988
EC-Earth3,-9.5,-9.1554,4,LT,Soft wheat,precip2,0.00524395495994964
EC-Earth3,-8.5,-8.4726,15,LT,Soft wheat,precip2,0.030251162543466
EC-Earth3,-7.5,-7.5562,20,LT,Soft wheat,precip2,0.0182117469920274
EC-Earth3,-6.5,-6.4767,21,LT,Soft wheat,precip2,0.0195114647794014
EC-Earth3,-5.5,-5.3342,8,LT,Soft wheat,precip2,0.0168734161813401
EC-Earth3,-4.5,-4.5495,8,LT,Soft wheat,precip2,0.00103432270832492
EC-Earth3,-3.5,-3.3459,9,LT,Soft wheat,precip2,0.0310096779975261
EC-Earth3,-2.5,-2.4493,5,LT,Soft wheat,precip2,0.014120875418229
EC-Earth3,-1.5,-1.3807,6,LT,Soft wheat,precip2,0.0322217889768854
EC-Earth3,-0.5,-0.6596,3,LT,Soft wheat,precip2,0.0331337853891757
HadGEM3-GC3-1LL,-8.5,-8.3848,12,LT,Soft wheat,precip2,0.0298407553741199
HadGEM3-GC3-1LL,-7.5,-7.5599,19,LT,Soft wheat,precip2,0.0194696132531073
HadGEM3-GC3-1LL,-6.5,-6.5442,24,LT,Soft wheat,precip2,0.0261637312918974
HadGEM3-GC3-1LL,-5.5,-5.5797,10,LT,Soft wheat,precip2,0.0351877066407166
HadGEM3-GC3-1LL,-4.5,-4.5263,6,LT,Soft wheat,precip2,0.0123140782780855
HadGEM3-GC3-1LL,-3.5,-3.7835,7,LT,Soft wheat,precip2,0.00530319202061223
HadGEM3-GC3-1LL,-2.5,-2.4504,6,LT,Soft wheat,precip2,-0.0232764485613648
HadGEM3-GC3-1LL,-1.5,-1.3098,8,LT,Soft wheat,precip2,-0.0407769621213552
HadGEM3-GC3-1LL,-0.5,-0.331,6,LT,Soft wheat,precip2,-0.00148505892271172
HadGEM3-GC3-1MM,-14.5,-14.3032,4,LT,Soft wheat,precip2,-0.0126407452315414
HadGEM3-GC3-1MM,-13.5,-13.3931,8,LT,Soft wheat,precip2,-0.0652860624962306
HadGEM3-GC3-1MM,-12.5,-12.588,13,LT,Soft wheat,precip2,-0.0620357242608285
HadGEM3-GC3-1MM,-11.5,-11.5321,21,LT,Soft wheat,precip2,-0.0379442833319643
HadGEM3-GC3-1MM,-10.5,-10.4803,10,LT,Soft wheat,precip2,-0.0945052011990934
HadGEM3-GC3-1MM,-9.5,-9.6161,7,LT,Soft wheat,precip2,0.0245666313211843
HadGEM3-GC3-1MM,-8.5,-8.6582,7,LT,Soft wheat,precip2,-0.000382103141319544
HadGEM3-GC3-1MM,-7.5,-7.6345,8,LT,Soft wheat,precip2,-0.0134720475779692
HadGEM3-GC3-1MM,-6.5,-6.4299,4,LT,Soft wheat,precip2,0.0172075780785194
HadGEM3-GC3-1MM,-5.5,-5.3528,4,LT,Soft wheat,precip2,-0.00284867026539097
HadGEM3-GC3-1MM,-4.5,-4.3969,4,LT,Soft wheat,precip2,0.0142128206880759
IPSL-CM6A-LR,-9.5,-9.3401,5,LT,Soft wheat,precip2,-0.00334104816326539
IPSL-CM6A-LR,-8.5,-8.4598,8,LT,Soft wheat,precip2,-0.011679385033221
IPSL-CM6A-LR,-7.5,-7.5255,19,LT,Soft wheat,precip2,0.0237603979940439
IPSL-CM6A-LR,-6.5,-6.5577,11,LT,Soft wheat,precip2,0.0399660052865941
IPSL-CM6A-LR,-5.5,-5.5623,13,LT,Soft wheat,precip2,0.0168695965453424
IPSL-CM6A-LR,-4.5,-4.3507,11,LT,Soft wheat,precip2,0.0152626686045794
IPSL-CM6A-LR,-3.5,-3.4644,8,LT,Soft wheat,precip2,-0.0112938217614217
IPSL-CM6A-LR,-2.5,-2.5669,9,LT,Soft wheat,precip2,0.000433239465133112
IPSL-CM6A-LR,-1.5,-1.2909,6,LT,Soft wheat,precip2,0.0252113667227199
IPSL-CM6A-LR,-0.5,-0.6347,8,LT,Soft wheat,precip2,0.00241944120825928
EC-Earth3,-9.5,-9.1554,4,LV,Soft wheat,precip2,0.00505546395356977
EC-Earth3,-8.5,-8.4726,15,LV,Soft wheat,precip2,0.0232637142036327
EC-Earth3,-7.5,-7.5562,20,LV,Soft wheat,precip2,0.0099433928968637
EC-Earth3,-6.5,-6.4767,21,LV,Soft wheat,precip2,0.0131800824988482
EC-Earth3,-5.5,-5.3342,8,LV,Soft wheat,precip2,0.019333137554274
EC-Earth3,-4.5,-4.5495,8,LV,Soft wheat,precip2,-0.00164385242327088
EC-Earth3,-3.5,-3.3459,9,LV,Soft wheat,precip2,0.0177004063757253
EC-Earth3,-2.5,-2.4493,5,LV,Soft wheat,precip2,0.00563707023725095
EC-Earth3,-1.5,-1.3807,6,LV,Soft wheat,precip2,0.0261647829360734
EC-Earth3,-0.5,-0.6596,3,LV,Soft wheat,precip2,0.0230752603957109
HadGEM3-GC3-1LL,-8.5,-8.3848,12,LV,Soft wheat,precip2,0.0221206157516455
HadGEM3-GC3-1LL,-7.5,-7.5599,19,LV,Soft wheat,precip2,0.00928464326871662
HadGEM3-GC3-1LL,-6.5,-6.5442,24,LV,Soft wheat,precip2,0.0172540884727093
HadGEM3-GC3-1LL,-5.5,-5.5797,10,LV,Soft wheat,precip2,0.0246495354608551
HadGEM3-GC3-1LL,-4.5,-4.5263,6,LV,Soft wheat,precip2,0.0122875978955733
HadGEM3-GC3-1LL,-3.5,-3.7835,7,LV,Soft wheat,precip2,-0.00487450455736242
HadGEM3-GC3-1LL,-2.5,-2.4504,6,LV,Soft wheat,precip2,-0.0323738447994657
HadGEM3-GC3-1LL,-1.5,-1.3098,8,LV,Soft wheat,precip2,-0.0540067251496839
HadGEM3-GC3-1LL,-0.5,-0.331,6,LV,Soft wheat,precip2,-0.00187712555669561
HadGEM3-GC3-1MM,-14.5,-14.3032,4,LV,Soft wheat,precip2,-0.053896982894029
HadGEM3-GC3-1MM,-13.5,-13.3931,8,LV,Soft wheat,precip2,-0.0964257289762978
HadGEM3-GC3-1MM,-12.5,-12.588,13,LV,Soft wheat,precip2,-0.0989211718130686
HadGEM3-GC3-1MM,-11.5,-11.5321,21,LV,Soft wheat,precip2,-0.0783666838755796
HadGEM3-GC3-1MM,-10.5,-10.4803,10,LV,Soft wheat,precip2,-0.130581097365796
HadGEM3-GC3-1MM,-9.5,-9.6161,7,LV,Soft wheat,precip2,-0.00173749205472535
HadGEM3-GC3-1MM,-8.5,-8.6582,7,LV,Soft wheat,precip2,-0.0190056714074132
HadGEM3-GC3-1MM,-7.5,-7.6345,8,LV,Soft wheat,precip2,-0.0339577352100936
HadGEM3-GC3-1MM,-6.5,-6.4299,4,LV,Soft wheat,precip2,0.00955841428849901
HadGEM3-GC3-1MM,-5.5,-5.3528,4,LV,Soft wheat,precip2,-0.00372791625163088
HadGEM3-GC3-1MM,-4.5,-4.3969,4,LV,Soft wheat,precip2,0.00468832935882791
IPSL-CM6A-LR,-9.5,-9.3401,5,LV,Soft wheat,precip2,-0.0392797082681901
IPSL-CM6A-LR,-8.5,-8.4598,8,LV,Soft wheat,precip2,-0.0498465529171189
IPSL-CM6A-LR,-7.5,-7.5255,19,LV,Soft wheat,precip2,-0.00107747454323657
IPSL-CM6A-LR,-6.5,-6.5577,11,LV,Soft wheat,precip2,0.0139843192646877
IPSL-CM6A-LR,-5.5,-5.5623,13,LV,Soft wheat,precip2,0.00237499257344429
IPSL-CM6A-LR,-4.5,-4.3507,11,LV,Soft wheat,precip2,-0.000380039864411896
IPSL-CM6A-LR,-3.5,-3.4644,8,LV,Soft wheat,precip2,-0.0048216888286621
IPSL-CM6A-LR,-2.5,-2.5669,9,LV,Soft wheat,precip2,-0.00926136026432363
IPSL-CM6A-LR,-1.5,-1.2909,6,LV,Soft wheat,precip2,0.0187048508702703
IPSL-CM6A-LR,-0.5,-0.6347,8,LV,Soft wheat,precip2,-0.00416636434723993
EC-Earth3,-9.5,-9.1554,4,RO,Soft wheat,precip2,-0.0114752661637385
EC-Earth3,-8.5,-8.4726,15,RO,Soft wheat,precip2,0.00480637227437684
EC-Earth3,-7.5,-7.5562,20,RO,Soft wheat,precip2,-0.00023005505685852
EC-Earth3,-6.5,-6.4767,21,RO,Soft wheat,precip2,0.0160937308207435
EC-Earth3,-5.5,-5.3342,8,RO,Soft wheat,precip2,0.00937574848538199
EC-Earth3,-4.5,-4.5495,8,RO,Soft wheat,precip2,-0.0146628295806189
EC-Earth3,-3.5,-3.3459,9,RO,Soft wheat,precip2,-0.00890449563559112
EC-Earth3,-2.5,-2.4493,5,RO,Soft wheat,precip2,0.0475568330769731
EC-Earth3,-1.5,-1.3807,6,RO,Soft wheat,precip2,-0.0344966552353267
EC-Earth3,-0.5,-0.6596,3,RO,Soft wheat,precip2,0.0162579261104568
HadGEM3-GC3-1LL,-8.5,-8.3848,12,RO,Soft wheat,precip2,0.0168170031541441
HadGEM3-GC3-1LL,-7.5,-7.5599,19,RO,Soft wheat,precip2,0.0259612819352495
HadGEM3-GC3-1LL,-6.5,-6.5442,24,RO,Soft wheat,precip2,-0.00478956091605233
HadGEM3-GC3-1LL,-5.5,-5.5797,10,RO,Soft wheat,precip2,0.0243441476379714
HadGEM3-GC3-1LL,-4.5,-4.5263,6,RO,Soft wheat,precip2,-0.00915995996094121
HadGEM3-GC3-1LL,-3.5,-3.7835,7,RO,Soft wheat,precip2,0.00330915302212318
HadGEM3-GC3-1LL,-2.5,-2.4504,6,RO,Soft wheat,precip2,0.0107349593989936
HadGEM3-GC3-1LL,-1.5,-1.3098,8,RO,Soft wheat,precip2,-0.00414946629917562
HadGEM3-GC3-1LL,-0.5,-0.331,6,RO,Soft wheat,precip2,-0.0264825421275062
HadGEM3-GC3-1MM,-14.5,-14.3032,4,RO,Soft wheat,precip2,0.0466060773872172
HadGEM3-GC3-1MM,-13.5,-13.3931,8,RO,Soft wheat,precip2,0.0435579710293194
HadGEM3-GC3-1MM,-12.5,-12.588,13,RO,Soft wheat,precip2,0.034344054914332
HadGEM3-GC3-1MM,-11.5,-11.5321,21,RO,Soft wheat,precip2,0.0455612794614207
HadGEM3-GC3-1MM,-10.5,-10.4803,10,RO,Soft wheat,precip2,0.0268360990602394
HadGEM3-GC3-1MM,-9.5,-9.6161,7,RO,Soft wheat,precip2,0.0510876639802349
HadGEM3-GC3-1MM,-8.5,-8.6582,7,RO,Soft wheat,precip2,0.0377683139360355
HadGEM3-GC3-1MM,-7.5,-7.6345,8,RO,Soft wheat,precip2,-0.0010748599961814
HadGEM3-GC3-1MM,-6.5,-6.4299,4,RO,Soft wheat,precip2,-0.00529370727135278
HadGEM3-GC3-1MM,-5.5,-5.3528,4,RO,Soft wheat,precip2,-0.00252110280971988
HadGEM3-GC3-1MM,-4.5,-4.3969,4,RO,Soft wheat,precip2,0.0160900597933769
IPSL-CM6A-LR,-9.5,-9.3401,5,RO,Soft wheat,precip2,0.0057932095257842
IPSL-CM6A-LR,-8.5,-8.4598,8,RO,Soft wheat,precip2,0.0228243846804952
IPSL-CM6A-LR,-7.5,-7.5255,19,RO,Soft wheat,precip2,0.0237206574794113
IPSL-CM6A-LR,-6.5,-6.5577,11,RO,Soft wheat,precip2,0.0337234947793583
IPSL-CM6A-LR,-5.5,-5.5623,13,RO,Soft wheat,precip2,0.0171305772425968
IPSL-CM6A-LR,-4.5,-4.3507,11,RO,Soft wheat,precip2,0.00936969851947811
IPSL-CM6A-LR,-3.5,-3.4644,8,RO,Soft wheat,precip2,0.0115910871633962
IPSL-CM6A-LR,-2.5,-2.5669,9,RO,Soft wheat,precip2,0.0234321102487798
IPSL-CM6A-LR,-1.5,-1.2909,6,RO,Soft wheat,precip2,0.0169134578433206
IPSL-CM6A-LR,-0.5,-0.6347,8,RO,Soft wheat,precip2,0.0235750542501255
EC-Earth3,-9.5,-9.1554,4,SE,Soft wheat,precip2,-0.0474881022957507
EC-Earth3,-8.5,-8.4726,15,SE,Soft wheat,precip2,0.00023021135046957
EC-Earth3,-7.5,-7.5562,20,SE,Soft wheat,precip2,0.0128165759361629
EC-Earth3,-6.5,-6.4767,21,SE,Soft wheat,precip2,0.0263099456867347
EC-Earth3,-5.5,-5.3342,8,SE,Soft wheat,precip2,0.0106903746885225
EC-Earth3,-4.5,-4.5495,8,SE,Soft wheat,precip2,0.00818857436669418
EC-Earth3,-3.5,-3.3459,9,SE,Soft wheat,precip2,0.042310627863001
EC-Earth3,-2.5,-2.4493,5,SE,Soft wheat,precip2,-0.0122442499480273
EC-Earth3,-1.5,-1.3807,6,SE,Soft wheat,precip2,0.0173113922778296
EC-Earth3,-0.5,-0.6596,3,SE,Soft wheat,precip2,-0.0360224153862476
HadGEM3-GC3-1LL,-8.5,-8.3848,12,SE,Soft wheat,precip2,0.0355624399540402
HadGEM3-GC3-1LL,-7.5,-7.5599,19,SE,Soft wheat,precip2,0.0154008148041898
HadGEM3-GC3-1LL,-6.5,-6.5442,24,SE,Soft wheat,precip2,0.0314057010923957
HadGEM3-GC3-1LL,-5.5,-5.5797,10,SE,Soft wheat,precip2,0.0385932128025338
HadGEM3-GC3-1LL,-4.5,-4.5263,6,SE,Soft wheat,precip2,0.0147755506165667
HadGEM3-GC3-1LL,-3.5,-3.7835,7,SE,Soft wheat,precip2,0.0122732347861853
HadGEM3-GC3-1LL,-2.5,-2.4504,6,SE,Soft wheat,precip2,-0.0148289560745571
HadGEM3-GC3-1LL,-1.5,-1.3098,8,SE,Soft wheat,precip2,-0.0401249065707489
HadGEM3-GC3-1LL,-0.5,-0.331,6,SE,Soft wheat,precip2,-0.0154937752992502
HadGEM3-GC3-1MM,-14.5,-14.3032,4,SE,Soft wheat,precip2,-0.160851982696981
HadGEM3-GC3-1MM,-13.5,-13.3931,8,SE,Soft wheat,precip2,-0.0953796675839489
HadGEM3-GC3-1MM,-12.5,-12.588,13,SE,Soft wheat,precip2,-0.0983795239021069
HadGEM3-GC3-1MM,-11.5,-11.5321,21,SE,Soft wheat,precip2,-0.127725008008677
HadGEM3-GC3-1MM,-10.5,-10.4803,10,SE,Soft wheat,precip2,-0.112907350435916
HadGEM3-GC3-1MM,-9.5,-9.6161,7,SE,Soft wheat,precip2,-0.0211313608326887
HadGEM3-GC3-1MM,-8.5,-8.6582,7,SE,Soft wheat,precip2,-0.0382250307077253
HadGEM3-GC3-1MM,-7.5,-7.6345,8,SE,Soft wheat,precip2,-0.0563887243624304
HadGEM3-GC3-1MM,-6.5,-6.4299,4,SE,Soft wheat,precip2,0.0369478617361228
HadGEM3-GC3-1MM,-5.5,-5.3528,4,SE,Soft wheat,precip2,0.00393018400448557
HadGEM3-GC3-1MM,-4.5,-4.3969,4,SE,Soft wheat,precip2,0.0290259735369373
IPSL-CM6A-LR,-9.5,-9.3401,5,SE,Soft wheat,precip2,-0.0478422086747667
IPSL-CM6A-LR,-8.5,-8.4598,8,SE,Soft wheat,precip2,-0.0599865157756395
IPSL-CM6A-LR,-7.5,-7.5255,19,SE,Soft wheat,precip2,-0.0112098153184373
IPSL-CM6A-LR,-6.5,-6.5577,11,SE,Soft wheat,precip2,-0.0243641145908709
IPSL-CM6A-LR,-5.5,-5.5623,13,SE,Soft wheat,precip2,0.00820109691232677
IPSL-CM6A-LR,-4.5,-4.3507,11,SE,Soft wheat,precip2,0.00626289164697863
IPSL-CM6A-LR,-3.5,-3.4644,8,SE,Soft wheat,precip2,-0.0158310380503293
IPSL-CM6A-LR,-2.5,-2.5669,9,SE,Soft wheat,precip2,0.0274552385840212
IPSL-CM6A-LR,-1.5,-1.2909,6,SE,Soft wheat,precip2,0.0221009873373758
IPSL-CM6A-LR,-0.5,-0.6347,8,SE,Soft wheat,precip2,-0.0416805536902406
EC-Earth3,-9.5,-9.1554,4,SK,Soft wheat,precip2,-0.0682814153692311
EC-Earth3,-8.5,-8.4726,15,SK,Soft wheat,precip2,-0.0178893593173253
EC-Earth3,-7.5,-7.5562,20,SK,Soft wheat,precip2,-0.00913406283222776
EC-Earth3,-6.5,-6.4767,21,SK,Soft wheat,precip2,0.0306690735170956
EC-Earth3,-5.5,-5.3342,8,SK,Soft wheat,precip2,0.0435645336657333
EC-Earth3,-4.5,-4.5495,8,SK,Soft wheat,precip2,-0.00253533596294293
EC-Earth3,-3.5,-3.3459,9,SK,Soft wheat,precip2,0.0155099715026504
EC-Earth3,-2.5,-2.4493,5,SK,Soft wheat,precip2,0.0371802326982465
EC-Earth3,-1.5,-1.3807,6,SK,Soft wheat,precip2,-0.021129208321674
EC-Earth3,-0.5,-0.6596,3,SK,Soft wheat,precip2,0.040044815293574
HadGEM3-GC3-1LL,-8.5,-8.3848,12,SK,Soft wheat,precip2,0.0431204403891819
HadGEM3-GC3-1LL,-7.5,-7.5599,19,SK,Soft wheat,precip2,0.0302317091075385
HadGEM3-GC3-1LL,-6.5,-6.5442,24,SK,Soft wheat,precip2,-0.00524898889830777
HadGEM3-GC3-1LL,-5.5,-5.5797,10,SK,Soft wheat,precip2,0.0212168568739744
HadGEM3-GC3-1LL,-4.5,-4.5263,6,SK,Soft wheat,precip2,-0.0182793535508693
HadGEM3-GC3-1LL,-3.5,-3.7835,7,SK,Soft wheat,precip2,0.0131987291927077
HadGEM3-GC3-1LL,-2.5,-2.4504,6,SK,Soft wheat,precip2,0.0223114447857915
HadGEM3-GC3-1LL,-1.5,-1.3098,8,SK,Soft wheat,precip2,-0.00747653404946436
HadGEM3-GC3-1LL,-0.5,-0.331,6,SK,Soft wheat,precip2,-0.0454375167282189
HadGEM3-GC3-1MM,-14.5,-14.3032,4,SK,Soft wheat,precip2,0.0522161929696077
HadGEM3-GC3-1MM,-13.5,-13.3931,8,SK,Soft wheat,precip2,0.050078905704221
HadGEM3-GC3-1MM,-12.5,-12.588,13,SK,Soft wheat,precip2,0.0387637483629997
HadGEM3-GC3-1MM,-11.5,-11.5321,21,SK,Soft wheat,precip2,0.0349656826049285
HadGEM3-GC3-1MM,-10.5,-10.4803,10,SK,Soft wheat,precip2,0.0220167936672339
HadGEM3-GC3-1MM,-9.5,-9.6161,7,SK,Soft wheat,precip2,0.0741332260258181
HadGEM3-GC3-1MM,-8.5,-8.6582,7,SK,Soft wheat,precip2,0.0378704068368036
HadGEM3-GC3-1MM,-7.5,-7.6345,8,SK,Soft wheat,precip2,0.00771603684498644
HadGEM3-GC3-1MM,-6.5,-6.4299,4,SK,Soft wheat,precip2,0.034537695676971
HadGEM3-GC3-1MM,-5.5,-5.3528,4,SK,Soft wheat,precip2,0.0302374001764758
HadGEM3-GC3-1MM,-4.5,-4.3969,4,SK,Soft wheat,precip2,0.014156647993592
IPSL-CM6A-LR,-9.5,-9.3401,5,SK,Soft wheat,precip2,0.0183976698837262
IPSL-CM6A-LR,-8.5,-8.4598,8,SK,Soft wheat,precip2,0.02216738218996
IPSL-CM6A-LR,-7.5,-7.5255,19,SK,Soft wheat,precip2,0.0255947519308622
IPSL-CM6A-LR,-6.5,-6.5577,11,SK,Soft wheat,precip2,0.042070099895399
IPSL-CM6A-LR,-5.5,-5.5623,13,SK,Soft wheat,precip2,0.0241062411774792
IPSL-CM6A-LR,-4.5,-4.3507,11,SK,Soft wheat,precip2,0.00458612743268928
IPSL-CM6A-LR,-3.5,-3.4644,8,SK,Soft wheat,precip2,-0.0157158754151759
IPSL-CM6A-LR,-2.5,-2.5669,9,SK,Soft wheat,precip2,0.0261445017277315
IPSL-CM6A-LR,-1.5,-1.2909,6,SK,Soft wheat,precip2,0.0384651179481136
IPSL-CM6A-LR,-0.5,-0.6347,8,SK,Soft wheat,precip2,0.00445146842941348
EC-Earth3,-9.5,-9.1554,4,EL,Durum wheat,precip2,0.00494612521524632
EC-Earth3,-8.5,-8.4726,15,EL,Durum wheat,precip2,0.00881603002450306
EC-Earth3,-7.5,-7.5562,20,EL,Durum wheat,precip2,0.00783886687959373
EC-Earth3,-6.5,-6.4767,21,EL,Durum wheat,precip2,0.0024013184897065
EC-Earth3,-5.5,-5.3342,8,EL,Durum wheat,precip2,0.00372140990583931
EC-Earth3,-4.5,-4.5495,8,EL,Durum wheat,precip2,0.00357855864954106
EC-Earth3,-3.5,-3.3459,9,EL,Durum wheat,precip2,0.00671838614297884
EC-Earth3,-2.5,-2.4493,5,EL,Durum wheat,precip2,0.0137428297091555
EC-Earth3,-1.5,-1.3807,6,EL,Durum wheat,precip2,0.0025822690963063
EC-Earth3,-0.5,-0.6596,3,EL,Durum wheat,precip2,-0.00202890988983653
HadGEM3-GC3-1LL,-8.5,-8.3848,12,EL,Durum wheat,precip2,0.00694612450810725
HadGEM3-GC3-1LL,-7.5,-7.5599,19,EL,Durum wheat,precip2,0.0104262731619422
HadGEM3-GC3-1LL,-6.5,-6.5442,24,EL,Durum wheat,precip2,0.00334152545148578
HadGEM3-GC3-1LL,-5.5,-5.5797,10,EL,Durum wheat,precip2,0.00690527250795104
HadGEM3-GC3-1LL,-4.5,-4.5263,6,EL,Durum wheat,precip2,0.00972693763126719
HadGEM3-GC3-1LL,-3.5,-3.7835,7,EL,Durum wheat,precip2,0.00785001835571836
HadGEM3-GC3-1LL,-2.5,-2.4504,6,EL,Durum wheat,precip2,0.00375851274055455
HadGEM3-GC3-1LL,-1.5,-1.3098,8,EL,Durum wheat,precip2,0.00305455827400039
HadGEM3-GC3-1LL,-0.5,-0.331,6,EL,Durum wheat,precip2,0.00367149711311906
HadGEM3-GC3-1MM,-14.5,-14.3032,4,EL,Durum wheat,precip2,0.0159451180153898
HadGEM3-GC3-1MM,-13.5,-13.3931,8,EL,Durum wheat,precip2,0.0214029439235155
HadGEM3-GC3-1MM,-12.5,-12.588,13,EL,Durum wheat,precip2,0.0153292289345435
HadGEM3-GC3-1MM,-11.5,-11.5321,21,EL,Durum wheat,precip2,0.0199589122077811
HadGEM3-GC3-1MM,-10.5,-10.4803,10,EL,Durum wheat,precip2,0.021016958558363
HadGEM3-GC3-1MM,-9.5,-9.6161,7,EL,Durum wheat,precip2,0.0236081781113451
HadGEM3-GC3-1MM,-8.5,-8.6582,7,EL,Durum wheat,precip2,0.0153409493493772
HadGEM3-GC3-1MM,-7.5,-7.6345,8,EL,Durum wheat,precip2,0.015444623249148
HadGEM3-GC3-1MM,-6.5,-6.4299,4,EL,Durum wheat,precip2,0.00465743503330258
HadGEM3-GC3-1MM,-5.5,-5.3528,4,EL,Durum wheat,precip2,0.00561074983452833
HadGEM3-GC3-1MM,-4.5,-4.3969,4,EL,Durum wheat,precip2,0.00349718573229576
IPSL-CM6A-LR,-9.5,-9.3401,5,EL,Durum wheat,precip2,0.00549843156009907
IPSL-CM6A-LR,-8.5,-8.4598,8,EL,Durum wheat,precip2,0.0165745504147614
IPSL-CM6A-LR,-7.5,-7.5255,19,EL,Durum wheat,precip2,0.0156889623047434
IPSL-CM6A-LR,-6.5,-6.5577,11,EL,Durum wheat,precip2,0.014120023014277
IPSL-CM6A-LR,-5.5,-5.5623,13,EL,Durum wheat,precip2,0.0114399431037533
IPSL-CM6A-LR,-4.5,-4.3507,11,EL,Durum wheat,precip2,0.00240906663796842
IPSL-CM6A-LR,-3.5,-3.4644,8,EL,Durum wheat,precip2,0.009357839798263
IPSL-CM6A-LR,-2.5,-2.5669,9,EL,Durum wheat,precip2,0.0112180393370119
IPSL-CM6A-LR,-1.5,-1.2909,6,EL,Durum wheat,precip2,0.00103619176344637
IPSL-CM6A-LR,-0.5,-0.6347,8,EL,Durum wheat,precip2,0.0144519710404863
EC-Earth3,-9.5,-9.1554,4,ES,Durum wheat,precip2,0.0239663847042217
EC-Earth3,-8.5,-8.4726,15,ES,Durum wheat,precip2,0.0215160154206939
EC-Earth3,-7.5,-7.5562,20,ES,Durum wheat,precip2,0.0174208363707894
EC-Earth3,-6.5,-6.4767,21,ES,Durum wheat,precip2,0.0223483882405848
EC-Earth3,-5.5,-5.3342,8,ES,Durum wheat,precip2,0.02560685001954
EC-Earth3,-4.5,-4.5495,8,ES,Durum wheat,precip2,0.0279328403739635
EC-Earth3,-3.5,-3.3459,9,ES,Durum wheat,precip2,0.00852123542782695
EC-Earth3,-2.5,-2.4493,5,ES,Durum wheat,precip2,0.0188005454215018
EC-Earth3,-1.5,-1.3807,6,ES,Durum wheat,precip2,0.00757942540971383
EC-Earth3,-0.5,-0.6596,3,ES,Durum wheat,precip2,0.0165859684442595
HadGEM3-GC3-1LL,-8.5,-8.3848,12,ES,Durum wheat,precip2,0.0250368348416827
HadGEM3-GC3-1LL,-7.5,-7.5599,19,ES,Durum wheat,precip2,0.019758299864524
HadGEM3-GC3-1LL,-6.5,-6.5442,24,ES,Durum wheat,precip2,0.0191400157409755
HadGEM3-GC3-1LL,-5.5,-5.5797,10,ES,Durum wheat,precip2,0.0147989197459529
HadGEM3-GC3-1LL,-4.5,-4.5263,6,ES,Durum wheat,precip2,0.0241106758902076
HadGEM3-GC3-1LL,-3.5,-3.7835,7,ES,Durum wheat,precip2,0.0142939668425196
HadGEM3-GC3-1LL,-2.5,-2.4504,6,ES,Durum wheat,precip2,0.0227818864736788
HadGEM3-GC3-1LL,-1.5,-1.3098,8,ES,Durum wheat,precip2,0.0125511384082036
HadGEM3-GC3-1LL,-0.5,-0.331,6,ES,Durum wheat,precip2,0.0062252119386871
HadGEM3-GC3-1MM,-14.5,-14.3032,4,ES,Durum wheat,precip2,0.0255907621522385
HadGEM3-GC3-1MM,-13.5,-13.3931,8,ES,Durum wheat,precip2,0.0218523696718146
HadGEM3-GC3-1MM,-12.5,-12.588,13,ES,Durum wheat,precip2,0.0239566972822719
HadGEM3-GC3-1MM,-11.5,-11.5321,21,ES,Durum wheat,precip2,0.0286308446755731
HadGEM3-GC3-1MM,-10.5,-10.4803,10,ES,Durum wheat,precip2,0.0290555374365156
HadGEM3-GC3-1MM,-9.5,-9.6161,7,ES,Durum wheat,precip2,0.0244739535119888
HadGEM3-GC3-1MM,-8.5,-8.6582,7,ES,Durum wheat,precip2,0.0174187099004869
HadGEM3-GC3-1MM,-7.5,-7.6345,8,ES,Durum wheat,precip2,0.0276958043390927
HadGEM3-GC3-1MM,-6.5,-6.4299,4,ES,Durum wheat,precip2,0.0215301925680944
HadGEM3-GC3-1MM,-5.5,-5.3528,4,ES,Durum wheat,precip2,0.0122426349593136
HadGEM3-GC3-1MM,-4.5,-4.3969,4,ES,Durum wheat,precip2,-0.0317490900147882
IPSL-CM6A-LR,-9.5,-9.3401,5,ES,Durum wheat,precip2,0.0231050115000863
IPSL-CM6A-LR,-8.5,-8.4598,8,ES,Durum wheat,precip2,0.028349650125401
IPSL-CM6A-LR,-7.5,-7.5255,19,ES,Durum wheat,precip2,0.0242817892536338
IPSL-CM6A-LR,-6.5,-6.5577,11,ES,Durum wheat,precip2,0.0249595041420536
IPSL-CM6A-LR,-5.5,-5.5623,13,ES,Durum wheat,precip2,0.0233559156146647
IPSL-CM6A-LR,-4.5,-4.3507,11,ES,Durum wheat,precip2,0.0188343391212902
IPSL-CM6A-LR,-3.5,-3.4644,8,ES,Durum wheat,precip2,0.0250583579261055
IPSL-CM6A-LR,-2.5,-2.5669,9,ES,Durum wheat,precip2,0.0035012517717047
IPSL-CM6A-LR,-1.5,-1.2909,6,ES,Durum wheat,precip2,0.0140119152654761
IPSL-CM6A-LR,-0.5,-0.6347,8,ES,Durum wheat,precip2,0.0137807183624779
EC-Earth3,-9.5,-9.1554,4,FR,Durum wheat,precip2,0.0215080045721309
EC-Earth3,-8.5,-8.4726,15,FR,Durum wheat,precip2,0.0593548942583019
EC-Earth3,-7.5,-7.5562,20,FR,Durum wheat,precip2,0.0242637565371913
EC-Earth3,-6.5,-6.4767,21,FR,Durum wheat,precip2,0.0482054396947969
EC-Earth3,-5.5,-5.3342,8,FR,Durum wheat,precip2,0.0182045599100828
EC-Earth3,-4.5,-4.5495,8,FR,Durum wheat,precip2,0.0581863945211837
EC-Earth3,-3.5,-3.3459,9,FR,Durum wheat,precip2,0.0219956091747131
EC-Earth3,-2.5,-2.4493,5,FR,Durum wheat,precip2,0.0430355766035399
EC-Earth3,-1.5,-1.3807,6,FR,Durum wheat,precip2,0.0205567582416749
EC-Earth3,-0.5,-0.6596,3,FR,Durum wheat,precip2,0.0194455693016153
HadGEM3-GC3-1LL,-8.5,-8.3848,12,FR,Durum wheat,precip2,0.0376235050520104
HadGEM3-GC3-1LL,-7.5,-7.5599,19,FR,Durum wheat,precip2,0.0231231273923593
HadGEM3-GC3-1LL,-6.5,-6.5442,24,FR,Durum wheat,precip2,0.037739199876004
HadGEM3-GC3-1LL,-5.5,-5.5797,10,FR,Durum wheat,precip2,0.00688188507045721
HadGEM3-GC3-1LL,-4.5,-4.5263,6,FR,Durum wheat,precip2,0.0557974144628213
HadGEM3-GC3-1LL,-3.5,-3.7835,7,FR,Durum wheat,precip2,0.0276182180208208
HadGEM3-GC3-1LL,-2.5,-2.4504,6,FR,Durum wheat,precip2,0.0487877979480686
HadGEM3-GC3-1LL,-1.5,-1.3098,8,FR,Durum wheat,precip2,-0.0162624339581543
HadGEM3-GC3-1LL,-0.5,-0.331,6,FR,Durum wheat,precip2,0.0160740229231562
HadGEM3-GC3-1MM,-14.5,-14.3032,4,FR,Durum wheat,precip2,-0.0144761407660979
HadGEM3-GC3-1MM,-13.5,-13.3931,8,FR,Durum wheat,precip2,-0.0272429344893251
HadGEM3-GC3-1MM,-12.5,-12.588,13,FR,Durum wheat,precip2,-0.0116043510550578
HadGEM3-GC3-1MM,-11.5,-11.5321,21,FR,Durum wheat,precip2,0.0179936898497675
HadGEM3-GC3-1MM,-10.5,-10.4803,10,FR,Durum wheat,precip2,0.0571157995777903
HadGEM3-GC3-1MM,-9.5,-9.6161,7,FR,Durum wheat,precip2,0.0390531723849681
HadGEM3-GC3-1MM,-8.5,-8.6582,7,FR,Durum wheat,precip2,0.0395674351449672
HadGEM3-GC3-1MM,-7.5,-7.6345,8,FR,Durum wheat,precip2,0.0447164319749462
HadGEM3-GC3-1MM,-6.5,-6.4299,4,FR,Durum wheat,precip2,0.0344144337197253
HadGEM3-GC3-1MM,-5.5,-5.3528,4,FR,Durum wheat,precip2,0.00574470808809913
HadGEM3-GC3-1MM,-4.5,-4.3969,4,FR,Durum wheat,precip2,-0.0108109334844513
IPSL-CM6A-LR,-9.5,-9.3401,5,FR,Durum wheat,precip2,0.0453733301147508
IPSL-CM6A-LR,-8.5,-8.4598,8,FR,Durum wheat,precip2,0.0398599087922057
IPSL-CM6A-LR,-7.5,-7.5255,19,FR,Durum wheat,precip2,0.0474630578315105
IPSL-CM6A-LR,-6.5,-6.5577,11,FR,Durum wheat,precip2,0.0559023847960481
IPSL-CM6A-LR,-5.5,-5.5623,13,FR,Durum wheat,precip2,0.0398966134644797
IPSL-CM6A-LR,-4.5,-4.3507,11,FR,Durum wheat,precip2,0.0411290366742268
IPSL-CM6A-LR,-3.5,-3.4644,8,FR,Durum wheat,precip2,0.0387612440447091
IPSL-CM6A-LR,-2.5,-2.5669,9,FR,Durum wheat,precip2,0.0214720867833737
IPSL-CM6A-LR,-1.5,-1.2909,6,FR,Durum wheat,precip2,-0.00144670161156192
IPSL-CM6A-LR,-0.5,-0.6347,8,FR,Durum wheat,precip2,0.0186006056487967
EC-Earth3,-9.5,-9.1554,4,HU,Durum wheat,precip2,-0.0174356540068611
EC-Earth3,-8.5,-8.4726,15,HU,Durum wheat,precip2,-0.020089359943939
EC-Earth3,-7.5,-7.5562,20,HU,Durum wheat,precip2,-0.0071191460163967
EC-Earth3,-6.5,-6.4767,21,HU,Durum wheat,precip2,0.0136795674466228
EC-Earth3,-5.5,-5.3342,8,HU,Durum wheat,precip2,0.0279073416210308
EC-Earth3,-4.5,-4.5495,8,HU,Durum wheat,precip2,0.00173023335147964
EC-Earth3,-3.5,-3.3459,9,HU,Durum wheat,precip2,-0.0123626073444961
EC-Earth3,-2.5,-2.4493,5,HU,Durum wheat,precip2,0.0419522177849037
EC-Earth3,-1.5,-1.3807,6,HU,Durum wheat,precip2,-0.0377587667008696
EC-Earth3,-0.5,-0.6596,3,HU,Durum wheat,precip2,0.017657747021159
HadGEM3-GC3-1LL,-8.5,-8.3848,12,HU,Durum wheat,precip2,0.0138069663300433
HadGEM3-GC3-1LL,-7.5,-7.5599,19,HU,Durum wheat,precip2,0.0193910573806054
HadGEM3-GC3-1LL,-6.5,-6.5442,24,HU,Durum wheat,precip2,-0.00711725119929387
HadGEM3-GC3-1LL,-5.5,-5.5797,10,HU,Durum wheat,precip2,0.01416069647826
HadGEM3-GC3-1LL,-4.5,-4.5263,6,HU,Durum wheat,precip2,-0.0239974995524125
HadGEM3-GC3-1LL,-3.5,-3.7835,7,HU,Durum wheat,precip2,-0.0012673304095513
HadGEM3-GC3-1LL,-2.5,-2.4504,6,HU,Durum wheat,precip2,0.0131945602747767
HadGEM3-GC3-1LL,-1.5,-1.3098,8,HU,Durum wheat,precip2,0.00705215202265492
HadGEM3-GC3-1LL,-0.5,-0.331,6,HU,Durum wheat,precip2,-0.0169153220900561
HadGEM3-GC3-1MM,-14.5,-14.3032,4,HU,Durum wheat,precip2,0.0478184302909213
HadGEM3-GC3-1MM,-13.5,-13.3931,8,HU,Durum wheat,precip2,0.0343209062586906
HadGEM3-GC3-1MM,-12.5,-12.588,13,HU,Durum wheat,precip2,0.0235727134234895
HadGEM3-GC3-1MM,-11.5,-11.5321,21,HU,Durum wheat,precip2,0.0237327243799632
HadGEM3-GC3-1MM,-10.5,-10.4803,10,HU,Durum wheat,precip2,0.0192258367921298
HadGEM3-GC3-1MM,-9.5,-9.6161,7,HU,Durum wheat,precip2,0.0342816571520661
HadGEM3-GC3-1MM,-8.5,-8.6582,7,HU,Durum wheat,precip2,0.0268552568485605
HadGEM3-GC3-1MM,-7.5,-7.6345,8,HU,Durum wheat,precip2,-0.00185319597329897
HadGEM3-GC3-1MM,-6.5,-6.4299,4,HU,Durum wheat,precip2,0.00995791184865412
HadGEM3-GC3-1MM,-5.5,-5.3528,4,HU,Durum wheat,precip2,0.0226888960755352
HadGEM3-GC3-1MM,-4.5,-4.3969,4,HU,Durum wheat,precip2,0.000167727598902833
IPSL-CM6A-LR,-9.5,-9.3401,5,HU,Durum wheat,precip2,0.0189109431539798
IPSL-CM6A-LR,-8.5,-8.4598,8,HU,Durum wheat,precip2,0.0205033803692427
IPSL-CM6A-LR,-7.5,-7.5255,19,HU,Durum wheat,precip2,0.0203303850043598
IPSL-CM6A-LR,-6.5,-6.5577,11,HU,Durum wheat,precip2,0.0268567364315508
IPSL-CM6A-LR,-5.5,-5.5623,13,HU,Durum wheat,precip2,0.0189167377978396
IPSL-CM6A-LR,-4.5,-4.3507,11,HU,Durum wheat,precip2,0.0141984546696688
IPSL-CM6A-LR,-3.5,-3.4644,8,HU,Durum wheat,precip2,-0.00266952403253118
IPSL-CM6A-LR,-2.5,-2.5669,9,HU,Durum wheat,precip2,0.0201139236615302
IPSL-CM6A-LR,-1.5,-1.2909,6,HU,Durum wheat,precip2,0.0187426979240977
IPSL-CM6A-LR,-0.5,-0.6347,8,HU,Durum wheat,precip2,0.0199894099578433
EC-Earth3,-9.5,-9.1554,4,IT,Durum wheat,precip2,0.01932273653117
EC-Earth3,-8.5,-8.4726,15,IT,Durum wheat,precip2,0.030945860600965
EC-Earth3,-7.5,-7.5562,20,IT,Durum wheat,precip2,0.0247883373985452
EC-Earth3,-6.5,-6.4767,21,IT,Durum wheat,precip2,0.0224265295985769
EC-Earth3,-5.5,-5.3342,8,IT,Durum wheat,precip2,0.0376433221850268
EC-Earth3,-4.5,-4.5495,8,IT,Durum wheat,precip2,0.0339501632758804
EC-Earth3,-3.5,-3.3459,9,IT,Durum wheat,precip2,0.0173439319459085
EC-Earth3,-2.5,-2.4493,5,IT,Durum wheat,precip2,0.0400667792470917
EC-Earth3,-1.5,-1.3807,6,IT,Durum wheat,precip2,0.00944215143109711
EC-Earth3,-0.5,-0.6596,3,IT,Durum wheat,precip2,0.0313792802172557
HadGEM3-GC3-1LL,-8.5,-8.3848,12,IT,Durum wheat,precip2,0.0311307911350965
HadGEM3-GC3-1LL,-7.5,-7.5599,19,IT,Durum wheat,precip2,0.0353488547074934
HadGEM3-GC3-1LL,-6.5,-6.5442,24,IT,Durum wheat,precip2,0.0176847847448868
HadGEM3-GC3-1LL,-5.5,-5.5797,10,IT,Durum wheat,precip2,0.023787111917529
HadGEM3-GC3-1LL,-4.5,-4.5263,6,IT,Durum wheat,precip2,0.0309118225937621
HadGEM3-GC3-1LL,-3.5,-3.7835,7,IT,Durum wheat,precip2,0.0339420918122315
HadGEM3-GC3-1LL,-2.5,-2.4504,6,IT,Durum wheat,precip2,0.0196721118501304
HadGEM3-GC3-1LL,-1.5,-1.3098,8,IT,Durum wheat,precip2,0.0127627810157485
HadGEM3-GC3-1LL,-0.5,-0.331,6,IT,Durum wheat,precip2,0.0196399663142196
HadGEM3-GC3-1MM,-14.5,-14.3032,4,IT,Durum wheat,precip2,0.0552741782842459
HadGEM3-GC3-1MM,-13.5,-13.3931,8,IT,Durum wheat,precip2,0.0494344730464044
HadGEM3-GC3-1MM,-12.5,-12.588,13,IT,Durum wheat,precip2,0.0465177828614767
HadGEM3-GC3-1MM,-11.5,-11.5321,21,IT,Durum wheat,precip2,0.0509789428628344
HadGEM3-GC3-1MM,-10.5,-10.4803,10,IT,Durum wheat,precip2,0.048183566522501
HadGEM3-GC3-1MM,-9.5,-9.6161,7,IT,Durum wheat,precip2,0.0488519340773073
HadGEM3-GC3-1MM,-8.5,-8.6582,7,IT,Durum wheat,precip2,0.0491300100248015
HadGEM3-GC3-1MM,-7.5,-7.6345,8,IT,Durum wheat,precip2,0.0492470209949396
HadGEM3-GC3-1MM,-6.5,-6.4299,4,IT,Durum wheat,precip2,0.0291176079625055
HadGEM3-GC3-1MM,-5.5,-5.3528,4,IT,Durum wheat,precip2,0.0360445857364607
HadGEM3-GC3-1MM,-4.5,-4.3969,4,IT,Durum wheat,precip2,0.0131437098640249
IPSL-CM6A-LR,-9.5,-9.3401,5,IT,Durum wheat,precip2,0.0272207958264965
IPSL-CM6A-LR,-8.5,-8.4598,8,IT,Durum wheat,precip2,0.0378127928658473
IPSL-CM6A-LR,-7.5,-7.5255,19,IT,Durum wheat,precip2,0.0419397374379031
IPSL-CM6A-LR,-6.5,-6.5577,11,IT,Durum wheat,precip2,0.0477827874788522
IPSL-CM6A-LR,-5.5,-5.5623,13,IT,Durum wheat,precip2,0.0359140025232315
IPSL-CM6A-LR,-4.5,-4.3507,11,IT,Durum wheat,precip2,0.0205380758466781
IPSL-CM6A-LR,-3.5,-3.4644,8,IT,Durum wheat,precip2,0.0262946175673932
IPSL-CM6A-LR,-2.5,-2.5669,9,IT,Durum wheat,precip2,0.021782384842343
IPSL-CM6A-LR,-1.5,-1.2909,6,IT,Durum wheat,precip2,0.0195986828842692
IPSL-CM6A-LR,-0.5,-0.6347,8,IT,Durum wheat,precip2,0.0204761340573139
EC-Earth3,-9.5,-9.1554,4,RO,Durum wheat,precip2,-0.0111194579125529
EC-Earth3,-8.5,-8.4726,15,RO,Durum wheat,precip2,0.00344470224279145
EC-Earth3,-7.5,-7.5562,20,RO,Durum wheat,precip2,0.00165839895745093
EC-Earth3,-6.5,-6.4767,21,RO,Durum wheat,precip2,0.0178438348618015
EC-Earth3,-5.5,-5.3342,8,RO,Durum wheat,precip2,0.0138172957968252
EC-Earth3,-4.5,-4.5495,8,RO,Durum wheat,precip2,-0.0105160250224092
EC-Earth3,-3.5,-3.3459,9,RO,Durum wheat,precip2,-0.00786490848373175
EC-Earth3,-2.5,-2.4493,5,RO,Durum wheat,precip2,0.0469942748517315
EC-Earth3,-1.5,-1.3807,6,RO,Durum wheat,precip2,-0.0357561340094067
EC-Earth3,-0.5,-0.6596,3,RO,Durum wheat,precip2,0.0144673199720525
HadGEM3-GC3-1LL,-8.5,-8.3848,12,RO,Durum wheat,precip2,0.0177779128129415
HadGEM3-GC3-1LL,-7.5,-7.5599,19,RO,Durum wheat,precip2,0.0296283925140287
HadGEM3-GC3-1LL,-6.5,-6.5442,24,RO,Durum wheat,precip2,-0.00405406744502296
HadGEM3-GC3-1LL,-5.5,-5.5797,10,RO,Durum wheat,precip2,0.0263129281785121
HadGEM3-GC3-1LL,-4.5,-4.5263,6,RO,Durum wheat,precip2,-0.0122180652557613
HadGEM3-GC3-1LL,-3.5,-3.7835,7,RO,Durum wheat,precip2,0.00684963666176059
HadGEM3-GC3-1LL,-2.5,-2.4504,6,RO,Durum wheat,precip2,0.0105021472673662
HadGEM3-GC3-1LL,-1.5,-1.3098,8,RO,Durum wheat,precip2,-0.00231811421832609
HadGEM3-GC3-1LL,-0.5,-0.331,6,RO,Durum wheat,precip2,-0.0259621954097866
HadGEM3-GC3-1MM,-14.5,-14.3032,4,RO,Durum wheat,precip2,0.0499868101036645
HadGEM3-GC3-1MM,-13.5,-13.3931,8,RO,Durum wheat,precip2,0.0435631109520616
HadGEM3-GC3-1MM,-12.5,-12.588,13,RO,Durum wheat,precip2,0.0358373919807329
HadGEM3-GC3-1MM,-11.5,-11.5321,21,RO,Durum wheat,precip2,0.0456852907360169
HadGEM3-GC3-1MM,-10.5,-10.4803,10,RO,Durum wheat,precip2,0.0269693058652688
HadGEM3-GC3-1MM,-9.5,-9.6161,7,RO,Durum wheat,precip2,0.0511040246692473
HadGEM3-GC3-1MM,-8.5,-8.6582,7,RO,Durum wheat,precip2,0.0381272134540925
HadGEM3-GC3-1MM,-7.5,-7.6345,8,RO,Durum wheat,precip2,-0.00834290177157033
HadGEM3-GC3-1MM,-6.5,-6.4299,4,RO,Durum wheat,precip2,-0.0096372524302544
HadGEM3-GC3-1MM,-5.5,-5.3528,4,RO,Durum wheat,precip2,0.00422200814573877
HadGEM3-GC3-1MM,-4.5,-4.3969,4,RO,Durum wheat,precip2,0.0153013927755384
IPSL-CM6A-LR,-9.5,-9.3401,5,RO,Durum wheat,precip2,0.00580019537257087
IPSL-CM6A-LR,-8.5,-8.4598,8,RO,Durum wheat,precip2,0.0230099216255972
IPSL-CM6A-LR,-7.5,-7.5255,19,RO,Durum wheat,precip2,0.0231925045222536
IPSL-CM6A-LR,-6.5,-6.5577,11,RO,Durum wheat,precip2,0.0349004130471553
IPSL-CM6A-LR,-5.5,-5.5623,13,RO,Durum wheat,precip2,0.015329565065616
IPSL-CM6A-LR,-4.5,-4.3507,11,RO,Durum wheat,precip2,0.00802521970808806
IPSL-CM6A-LR,-3.5,-3.4644,8,RO,Durum wheat,precip2,0.00853451599621191
IPSL-CM6A-LR,-2.5,-2.5669,9,RO,Durum wheat,precip2,0.0220776678191535
IPSL-CM6A-LR,-1.5,-1.2909,6,RO,Durum wheat,precip2,0.0164616292290283
IPSL-CM6A-LR,-0.5,-0.6347,8,RO,Durum wheat,precip2,0.0228551454477505
EC-Earth3,-9.5,-9.1554,4,SK,Durum wheat,precip2,-0.0510207270237052
EC-Earth3,-8.5,-8.4726,15,SK,Durum wheat,precip2,-0.0135374764920799
EC-Earth3,-7.5,-7.5562,20,SK,Durum wheat,precip2,-0.013660953694922
EC-Earth3,-6.5,-6.4767,21,SK,Durum wheat,precip2,0.0204420275423815
EC-Earth3,-5.5,-5.3342,8,SK,Durum wheat,precip2,0.0314895760169824
EC-Earth3,-4.5,-4.5495,8,SK,Durum wheat,precip2,-0.00404929075110049
EC-Earth3,-3.5,-3.3459,9,SK,Durum wheat,precip2,0.0168925279774975
EC-Earth3,-2.5,-2.4493,5,SK,Durum wheat,precip2,0.0222115312053054
EC-Earth3,-1.5,-1.3807,6,SK,Durum wheat,precip2,-0.0216746635060969
EC-Earth3,-0.5,-0.6596,3,SK,Durum wheat,precip2,0.0285681858541358
HadGEM3-GC3-1LL,-8.5,-8.3848,12,SK,Durum wheat,precip2,0.024393660860305
HadGEM3-GC3-1LL,-7.5,-7.5599,19,SK,Durum wheat,precip2,0.0185013843041209
HadGEM3-GC3-1LL,-6.5,-6.5442,24,SK,Durum wheat,precip2,-0.00741303181568253
HadGEM3-GC3-1LL,-5.5,-5.5797,10,SK,Durum wheat,precip2,0.0140210527316521
HadGEM3-GC3-1LL,-4.5,-4.5263,6,SK,Durum wheat,precip2,-0.0160944897618034
HadGEM3-GC3-1LL,-3.5,-3.7835,7,SK,Durum wheat,precip2,0.00888486586948972
HadGEM3-GC3-1LL,-2.5,-2.4504,6,SK,Durum wheat,precip2,0.0130751041371027
HadGEM3-GC3-1LL,-1.5,-1.3098,8,SK,Durum wheat,precip2,-0.00216297796869422
HadGEM3-GC3-1LL,-0.5,-0.331,6,SK,Durum wheat,precip2,-0.0454077339266411
HadGEM3-GC3-1MM,-14.5,-14.3032,4,SK,Durum wheat,precip2,0.0453716436185517
HadGEM3-GC3-1MM,-13.5,-13.3931,8,SK,Durum wheat,precip2,0.0428110950360625
HadGEM3-GC3-1MM,-12.5,-12.588,13,SK,Durum wheat,precip2,0.0296278434981246
HadGEM3-GC3-1MM,-11.5,-11.5321,21,SK,Durum wheat,precip2,0.0282956092780811
HadGEM3-GC3-1MM,-10.5,-10.4803,10,SK,Durum wheat,precip2,0.0278255598884629
HadGEM3-GC3-1MM,-9.5,-9.6161,7,SK,Durum wheat,precip2,0.0553159122682759
HadGEM3-GC3-1MM,-8.5,-8.6582,7,SK,Durum wheat,precip2,0.0278147735021481
HadGEM3-GC3-1MM,-7.5,-7.6345,8,SK,Durum wheat,precip2,0.0136744512757184
HadGEM3-GC3-1MM,-6.5,-6.4299,4,SK,Durum wheat,precip2,0.0284945264392439
HadGEM3-GC3-1MM,-5.5,-5.3528,4,SK,Durum wheat,precip2,0.0280825841934215
HadGEM3-GC3-1MM,-4.5,-4.3969,4,SK,Durum wheat,precip2,0.0230280762459085
IPSL-CM6A-LR,-9.5,-9.3401,5,SK,Durum wheat,precip2,0.0243043188116879
IPSL-CM6A-LR,-8.5,-8.4598,8,SK,Durum wheat,precip2,0.015705032186449
IPSL-CM6A-LR,-7.5,-7.5255,19,SK,Durum wheat,precip2,0.0208145162281947
IPSL-CM6A-LR,-6.5,-6.5577,11,SK,Durum wheat,precip2,0.0310104042763916
IPSL-CM6A-LR,-5.5,-5.5623,13,SK,Durum wheat,precip2,0.0210389260143298
IPSL-CM6A-LR,-4.5,-4.3507,11,SK,Durum wheat,precip2,0.00518105710395898
IPSL-CM6A-LR,-3.5,-3.4644,8,SK,Durum wheat,precip2,-0.0103466616550661
IPSL-CM6A-LR,-2.5,-2.5669,9,SK,Durum wheat,precip2,0.0202593262858015
IPSL-CM6A-LR,-1.5,-1.2909,6,SK,Durum wheat,precip2,0.0293826816062626
IPSL-CM6A-LR,-0.5,-0.6347,8,SK,Durum wheat,precip2,0.00385721410146399
EC-Earth3,-9.5,-9.1554,4,CZ,Spring barley,precip2,-0.0633687880890437
EC-Earth3,-8.5,-8.4726,15,CZ,Spring barley,precip2,0.00244984468075056
EC-Earth3,-7.5,-7.5562,20,CZ,Spring barley,precip2,0.00655642615963211
EC-Earth3,-6.5,-6.4767,21,CZ,Spring barley,precip2,0.0465656390590942
EC-Earth3,-5.5,-5.3342,8,CZ,Spring barley,precip2,0.0180029600126638
EC-Earth3,-4.5,-4.5495,8,CZ,Spring barley,precip2,0.0179132650636444
EC-Earth3,-3.5,-3.3459,9,CZ,Spring barley,precip2,0.0650396367242505
EC-Earth3,-2.5,-2.4493,5,CZ,Spring barley,precip2,5.75704394572981e-05
EC-Earth3,-1.5,-1.3807,6,CZ,Spring barley,precip2,0.00475820142368225
EC-Earth3,-0.5,-0.6596,3,CZ,Spring barley,precip2,0.0360305611910425
HadGEM3-GC3-1LL,-8.5,-8.3848,12,CZ,Spring barley,precip2,0.0411785607582438
HadGEM3-GC3-1LL,-7.5,-7.5599,19,CZ,Spring barley,precip2,0.0378708287736014
HadGEM3-GC3-1LL,-6.5,-6.5442,24,CZ,Spring barley,precip2,0.000843978409181245
HadGEM3-GC3-1LL,-5.5,-5.5797,10,CZ,Spring barley,precip2,0.0153084093728882
HadGEM3-GC3-1LL,-4.5,-4.5263,6,CZ,Spring barley,precip2,0.0153042448149567
HadGEM3-GC3-1LL,-3.5,-3.7835,7,CZ,Spring barley,precip2,0.0112993241164785
HadGEM3-GC3-1LL,-2.5,-2.4504,6,CZ,Spring barley,precip2,-0.00641142065162708
HadGEM3-GC3-1LL,-1.5,-1.3098,8,CZ,Spring barley,precip2,-0.0116048365279206
HadGEM3-GC3-1LL,-0.5,-0.331,6,CZ,Spring barley,precip2,-0.0574338186577651
HadGEM3-GC3-1MM,-14.5,-14.3032,4,CZ,Spring barley,precip2,0.0120138447870007
HadGEM3-GC3-1MM,-13.5,-13.3931,8,CZ,Spring barley,precip2,0.0334833829660755
HadGEM3-GC3-1MM,-12.5,-12.588,13,CZ,Spring barley,precip2,0.0332466024570428
HadGEM3-GC3-1MM,-11.5,-11.5321,21,CZ,Spring barley,precip2,0.00218711069938106
HadGEM3-GC3-1MM,-10.5,-10.4803,10,CZ,Spring barley,precip2,-0.00770838204209445
HadGEM3-GC3-1MM,-9.5,-9.6161,7,CZ,Spring barley,precip2,0.0814109749920653
HadGEM3-GC3-1MM,-8.5,-8.6582,7,CZ,Spring barley,precip2,0.0134954597144001
HadGEM3-GC3-1MM,-7.5,-7.6345,8,CZ,Spring barley,precip2,0.0110148541188454
HadGEM3-GC3-1MM,-6.5,-6.4299,4,CZ,Spring barley,precip2,0.0575283943750723
HadGEM3-GC3-1MM,-5.5,-5.3528,4,CZ,Spring barley,precip2,0.0440796159512393
HadGEM3-GC3-1MM,-4.5,-4.3969,4,CZ,Spring barley,precip2,0.0392365235010755
IPSL-CM6A-LR,-9.5,-9.3401,5,CZ,Spring barley,precip2,0.013988043828797
IPSL-CM6A-LR,-8.5,-8.4598,8,CZ,Spring barley,precip2,0.0248140494524872
IPSL-CM6A-LR,-7.5,-7.5255,19,CZ,Spring barley,precip2,0.0315718260120792
IPSL-CM6A-LR,-6.5,-6.5577,11,CZ,Spring barley,precip2,0.0529878768202791
IPSL-CM6A-LR,-5.5,-5.5623,13,CZ,Spring barley,precip2,0.0302304729846796
IPSL-CM6A-LR,-4.5,-4.3507,11,CZ,Spring barley,precip2,0.0129688214626306
IPSL-CM6A-LR,-3.5,-3.4644,8,CZ,Spring barley,precip2,-0.0360970410301832
IPSL-CM6A-LR,-2.5,-2.5669,9,CZ,Spring barley,precip2,0.0319751890904475
IPSL-CM6A-LR,-1.5,-1.2909,6,CZ,Spring barley,precip2,0.0528738556544634
IPSL-CM6A-LR,-0.5,-0.6347,8,CZ,Spring barley,precip2,-0.0204935056515538
EC-Earth3,-9.5,-9.1554,4,DE,Spring barley,precip2,-0.0292681146645851
EC-Earth3,-8.5,-8.4726,15,DE,Spring barley,precip2,0.0550343276696366
EC-Earth3,-7.5,-7.5562,20,DE,Spring barley,precip2,0.0448874617514522
EC-Earth3,-6.5,-6.4767,21,DE,Spring barley,precip2,0.0761156486862698
EC-Earth3,-5.5,-5.3342,8,DE,Spring barley,precip2,0.0316640003130692
EC-Earth3,-4.5,-4.5495,8,DE,Spring barley,precip2,0.0554118757617673
EC-Earth3,-3.5,-3.3459,9,DE,Spring barley,precip2,0.0840570820472028
EC-Earth3,-2.5,-2.4493,5,DE,Spring barley,precip2,0.0606217562933771
EC-Earth3,-1.5,-1.3807,6,DE,Spring barley,precip2,0.0432318924698329
EC-Earth3,-0.5,-0.6596,3,DE,Spring barley,precip2,0.00466078009495954
HadGEM3-GC3-1LL,-8.5,-8.3848,12,DE,Spring barley,precip2,0.0581547195049094
HadGEM3-GC3-1LL,-7.5,-7.5599,19,DE,Spring barley,precip2,0.0324956035211329
HadGEM3-GC3-1LL,-6.5,-6.5442,24,DE,Spring barley,precip2,0.0458804347498432
HadGEM3-GC3-1LL,-5.5,-5.5797,10,DE,Spring barley,precip2,0.0367269674398956
HadGEM3-GC3-1LL,-4.5,-4.5263,6,DE,Spring barley,precip2,0.0616361882719933
HadGEM3-GC3-1LL,-3.5,-3.7835,7,DE,Spring barley,precip2,0.0235466878493607
HadGEM3-GC3-1LL,-2.5,-2.4504,6,DE,Spring barley,precip2,0.0260099661629335
HadGEM3-GC3-1LL,-1.5,-1.3098,8,DE,Spring barley,precip2,-0.0398042531783796
HadGEM3-GC3-1LL,-0.5,-0.331,6,DE,Spring barley,precip2,0.00521270578187461
HadGEM3-GC3-1MM,-14.5,-14.3032,4,DE,Spring barley,precip2,-0.0802101341025487
HadGEM3-GC3-1MM,-13.5,-13.3931,8,DE,Spring barley,precip2,-0.102446540806576
HadGEM3-GC3-1MM,-12.5,-12.588,13,DE,Spring barley,precip2,-0.0442416001280218
HadGEM3-GC3-1MM,-11.5,-11.5321,21,DE,Spring barley,precip2,-0.0352963611415066
HadGEM3-GC3-1MM,-10.5,-10.4803,10,DE,Spring barley,precip2,-0.0195593273389732
HadGEM3-GC3-1MM,-9.5,-9.6161,7,DE,Spring barley,precip2,0.0653281500553513
HadGEM3-GC3-1MM,-8.5,-8.6582,7,DE,Spring barley,precip2,0.023466631916063
HadGEM3-GC3-1MM,-7.5,-7.6345,8,DE,Spring barley,precip2,-0.00613725630135123
HadGEM3-GC3-1MM,-6.5,-6.4299,4,DE,Spring barley,precip2,0.0238477797190535
HadGEM3-GC3-1MM,-5.5,-5.3528,4,DE,Spring barley,precip2,0.00423002948908126
HadGEM3-GC3-1MM,-4.5,-4.3969,4,DE,Spring barley,precip2,0.061236944195416
IPSL-CM6A-LR,-9.5,-9.3401,5,DE,Spring barley,precip2,0.0358986072824265
IPSL-CM6A-LR,-8.5,-8.4598,8,DE,Spring barley,precip2,0.0342020258608653
IPSL-CM6A-LR,-7.5,-7.5255,19,DE,Spring barley,precip2,0.04468510148137
IPSL-CM6A-LR,-6.5,-6.5577,11,DE,Spring barley,precip2,0.0720208064212494
IPSL-CM6A-LR,-5.5,-5.5623,13,DE,Spring barley,precip2,0.068524155492432
IPSL-CM6A-LR,-4.5,-4.3507,11,DE,Spring barley,precip2,0.0224130823718689
IPSL-CM6A-LR,-3.5,-3.4644,8,DE,Spring barley,precip2,-0.00461873507520961
IPSL-CM6A-LR,-2.5,-2.5669,9,DE,Spring barley,precip2,0.0585176468800578
IPSL-CM6A-LR,-1.5,-1.2909,6,DE,Spring barley,precip2,0.035277005029246
IPSL-CM6A-LR,-0.5,-0.6347,8,DE,Spring barley,precip2,-0.00935037026775321
EC-Earth3,-9.5,-9.1554,4,DK,Spring barley,precip2,0.0194207198505229
EC-Earth3,-8.5,-8.4726,15,DK,Spring barley,precip2,0.034047695941385
EC-Earth3,-7.5,-7.5562,20,DK,Spring barley,precip2,0.0436879549422291
EC-Earth3,-6.5,-6.4767,21,DK,Spring barley,precip2,0.0514087430786691
EC-Earth3,-5.5,-5.3342,8,DK,Spring barley,precip2,0.0459409062401231
EC-Earth3,-4.5,-4.5495,8,DK,Spring barley,precip2,0.0489511837683385
EC-Earth3,-3.5,-3.3459,9,DK,Spring barley,precip2,0.0752025170010001
EC-Earth3,-2.5,-2.4493,5,DK,Spring barley,precip2,0.0296366968531362
EC-Earth3,-1.5,-1.3807,6,DK,Spring barley,precip2,0.0346422339878946
EC-Earth3,-0.5,-0.6596,3,DK,Spring barley,precip2,-0.057123493087324
HadGEM3-GC3-1LL,-8.5,-8.3848,12,DK,Spring barley,precip2,0.0510384666492936
HadGEM3-GC3-1LL,-7.5,-7.5599,19,DK,Spring barley,precip2,0.0285880416026998
HadGEM3-GC3-1LL,-6.5,-6.5442,24,DK,Spring barley,precip2,0.052142232896692
HadGEM3-GC3-1LL,-5.5,-5.5797,10,DK,Spring barley,precip2,0.0385392063631345
HadGEM3-GC3-1LL,-4.5,-4.5263,6,DK,Spring barley,precip2,0.0397753203321102
HadGEM3-GC3-1LL,-3.5,-3.7835,7,DK,Spring barley,precip2,0.00934285158682129
HadGEM3-GC3-1LL,-2.5,-2.4504,6,DK,Spring barley,precip2,-0.000342295553096578
HadGEM3-GC3-1LL,-1.5,-1.3098,8,DK,Spring barley,precip2,-0.0682178904017862
HadGEM3-GC3-1LL,-0.5,-0.331,6,DK,Spring barley,precip2,0.022844733432343
HadGEM3-GC3-1MM,-14.5,-14.3032,4,DK,Spring barley,precip2,-0.247766515437119
HadGEM3-GC3-1MM,-13.5,-13.3931,8,DK,Spring barley,precip2,-0.168067117138162
HadGEM3-GC3-1MM,-12.5,-12.588,13,DK,Spring barley,precip2,-0.195703079558213
HadGEM3-GC3-1MM,-11.5,-11.5321,21,DK,Spring barley,precip2,-0.206639595232281
HadGEM3-GC3-1MM,-10.5,-10.4803,10,DK,Spring barley,precip2,-0.171619078478084
HadGEM3-GC3-1MM,-9.5,-9.6161,7,DK,Spring barley,precip2,-0.0421489564853546
HadGEM3-GC3-1MM,-8.5,-8.6582,7,DK,Spring barley,precip2,-0.0144992570999069
HadGEM3-GC3-1MM,-7.5,-7.6345,8,DK,Spring barley,precip2,-0.0450817371043955
HadGEM3-GC3-1MM,-6.5,-6.4299,4,DK,Spring barley,precip2,0.0628597505914096
HadGEM3-GC3-1MM,-5.5,-5.3528,4,DK,Spring barley,precip2,0.0166173885448861
HadGEM3-GC3-1MM,-4.5,-4.3969,4,DK,Spring barley,precip2,0.0738117135013918
IPSL-CM6A-LR,-9.5,-9.3401,5,DK,Spring barley,precip2,-0.0865719455972805
IPSL-CM6A-LR,-8.5,-8.4598,8,DK,Spring barley,precip2,-0.137634475127592
IPSL-CM6A-LR,-7.5,-7.5255,19,DK,Spring barley,precip2,-0.000661468839161429
IPSL-CM6A-LR,-6.5,-6.5577,11,DK,Spring barley,precip2,-0.0803097448998551
IPSL-CM6A-LR,-5.5,-5.5623,13,DK,Spring barley,precip2,0.0376411643967408
IPSL-CM6A-LR,-4.5,-4.3507,11,DK,Spring barley,precip2,0.0012581271814173
IPSL-CM6A-LR,-3.5,-3.4644,8,DK,Spring barley,precip2,-0.0180610098966232
IPSL-CM6A-LR,-2.5,-2.5669,9,DK,Spring barley,precip2,0.0536788133803771
IPSL-CM6A-LR,-1.5,-1.2909,6,DK,Spring barley,precip2,0.040838186837843
IPSL-CM6A-LR,-0.5,-0.6347,8,DK,Spring barley,precip2,-0.0754494115102015
EC-Earth3,-9.5,-9.1554,4,EE,Spring barley,precip2,0.0159240917299862
EC-Earth3,-8.5,-8.4726,15,EE,Spring barley,precip2,0.0235194757130197
EC-Earth3,-7.5,-7.5562,20,EE,Spring barley,precip2,-0.00292579544666325
EC-Earth3,-6.5,-6.4767,21,EE,Spring barley,precip2,0.0145052122703162
EC-Earth3,-5.5,-5.3342,8,EE,Spring barley,precip2,0.0285686919953576
EC-Earth3,-4.5,-4.5495,8,EE,Spring barley,precip2,-0.010939273077073
EC-Earth3,-3.5,-3.3459,9,EE,Spring barley,precip2,0.00747399725288514
EC-Earth3,-2.5,-2.4493,5,EE,Spring barley,precip2,-0.0136104502326772
EC-Earth3,-1.5,-1.3807,6,EE,Spring barley,precip2,0.0237149882397691
EC-Earth3,-0.5,-0.6596,3,EE,Spring barley,precip2,0.0212419288728005
HadGEM3-GC3-1LL,-8.5,-8.3848,12,EE,Spring barley,precip2,0.0175193041408519
HadGEM3-GC3-1LL,-7.5,-7.5599,19,EE,Spring barley,precip2,-0.00419184911203777
HadGEM3-GC3-1LL,-6.5,-6.5442,24,EE,Spring barley,precip2,0.0186782244461864
HadGEM3-GC3-1LL,-5.5,-5.5797,10,EE,Spring barley,precip2,0.0247817056125994
HadGEM3-GC3-1LL,-4.5,-4.5263,6,EE,Spring barley,precip2,0.0165300769198124
HadGEM3-GC3-1LL,-3.5,-3.7835,7,EE,Spring barley,precip2,-0.0162518417320318
HadGEM3-GC3-1LL,-2.5,-2.4504,6,EE,Spring barley,precip2,-0.0543446216258525
HadGEM3-GC3-1LL,-1.5,-1.3098,8,EE,Spring barley,precip2,-0.0857798322251062
HadGEM3-GC3-1LL,-0.5,-0.331,6,EE,Spring barley,precip2,-0.00833255983105562
HadGEM3-GC3-1MM,-14.5,-14.3032,4,EE,Spring barley,precip2,-0.161787539515386
HadGEM3-GC3-1MM,-13.5,-13.3931,8,EE,Spring barley,precip2,-0.15201080849357
HadGEM3-GC3-1MM,-12.5,-12.588,13,EE,Spring barley,precip2,-0.18165957479758
HadGEM3-GC3-1MM,-11.5,-11.5321,21,EE,Spring barley,precip2,-0.153201786867571
HadGEM3-GC3-1MM,-10.5,-10.4803,10,EE,Spring barley,precip2,-0.220272322745361
HadGEM3-GC3-1MM,-9.5,-9.6161,7,EE,Spring barley,precip2,-0.0530000620298567
HadGEM3-GC3-1MM,-8.5,-8.6582,7,EE,Spring barley,precip2,-0.076872719832108
HadGEM3-GC3-1MM,-7.5,-7.6345,8,EE,Spring barley,precip2,-0.108848322473992
HadGEM3-GC3-1MM,-6.5,-6.4299,4,EE,Spring barley,precip2,0.00856092760312909
HadGEM3-GC3-1MM,-5.5,-5.3528,4,EE,Spring barley,precip2,-0.0167673928440705
HadGEM3-GC3-1MM,-4.5,-4.3969,4,EE,Spring barley,precip2,0.00155032166119987
IPSL-CM6A-LR,-9.5,-9.3401,5,EE,Spring barley,precip2,-0.122063999739025
IPSL-CM6A-LR,-8.5,-8.4598,8,EE,Spring barley,precip2,-0.11501636234603
IPSL-CM6A-LR,-7.5,-7.5255,19,EE,Spring barley,precip2,-0.0612249511509373
IPSL-CM6A-LR,-6.5,-6.5577,11,EE,Spring barley,precip2,-0.0307579696641697
IPSL-CM6A-LR,-5.5,-5.5623,13,EE,Spring barley,precip2,-0.0191774327558274
IPSL-CM6A-LR,-4.5,-4.3507,11,EE,Spring barley,precip2,-0.0274754003378541
IPSL-CM6A-LR,-3.5,-3.4644,8,EE,Spring barley,precip2,0.00288689665493678
IPSL-CM6A-LR,-2.5,-2.5669,9,EE,Spring barley,precip2,0.000970250845746469
IPSL-CM6A-LR,-1.5,-1.2909,6,EE,Spring barley,precip2,0.0291421825529796
IPSL-CM6A-LR,-0.5,-0.6347,8,EE,Spring barley,precip2,0.00367742102924352
EC-Earth3,-9.5,-9.1554,4,ES,Spring barley,precip2,0.0380454308018449
EC-Earth3,-8.5,-8.4726,15,ES,Spring barley,precip2,0.038374572224378
EC-Earth3,-7.5,-7.5562,20,ES,Spring barley,precip2,0.0258849468067986
EC-Earth3,-6.5,-6.4767,21,ES,Spring barley,precip2,0.0388755468916714
EC-Earth3,-5.5,-5.3342,8,ES,Spring barley,precip2,0.0392734355808353
EC-Earth3,-4.5,-4.5495,8,ES,Spring barley,precip2,0.0455275105320639
EC-Earth3,-3.5,-3.3459,9,ES,Spring barley,precip2,0.013758781887474
EC-Earth3,-2.5,-2.4493,5,ES,Spring barley,precip2,0.0302210888178091
EC-Earth3,-1.5,-1.3807,6,ES,Spring barley,precip2,0.00806990484955885
EC-Earth3,-0.5,-0.6596,3,ES,Spring barley,precip2,0.029318894763159
HadGEM3-GC3-1LL,-8.5,-8.3848,12,ES,Spring barley,precip2,0.0368937115579871
HadGEM3-GC3-1LL,-7.5,-7.5599,19,ES,Spring barley,precip2,0.0267559902089947
HadGEM3-GC3-1LL,-6.5,-6.5442,24,ES,Spring barley,precip2,0.0266602493638058
HadGEM3-GC3-1LL,-5.5,-5.5797,10,ES,Spring barley,precip2,0.0181228593164345
HadGEM3-GC3-1LL,-4.5,-4.5263,6,ES,Spring barley,precip2,0.0399469566331414
HadGEM3-GC3-1LL,-3.5,-3.7835,7,ES,Spring barley,precip2,0.0298446396673081
HadGEM3-GC3-1LL,-2.5,-2.4504,6,ES,Spring barley,precip2,0.0299392687496277
HadGEM3-GC3-1LL,-1.5,-1.3098,8,ES,Spring barley,precip2,0.010792639187292
HadGEM3-GC3-1LL,-0.5,-0.331,6,ES,Spring barley,precip2,0.0213768189464092
HadGEM3-GC3-1MM,-14.5,-14.3032,4,ES,Spring barley,precip2,0.0378790149813428
HadGEM3-GC3-1MM,-13.5,-13.3931,8,ES,Spring barley,precip2,0.0221530487059936
HadGEM3-GC3-1MM,-12.5,-12.588,13,ES,Spring barley,precip2,0.0316021028779723
HadGEM3-GC3-1MM,-11.5,-11.5321,21,ES,Spring barley,precip2,0.0441499076195018
HadGEM3-GC3-1MM,-10.5,-10.4803,10,ES,Spring barley,precip2,0.048934350691947
HadGEM3-GC3-1MM,-9.5,-9.6161,7,ES,Spring barley,precip2,0.0379453292634887
HadGEM3-GC3-1MM,-8.5,-8.6582,7,ES,Spring barley,precip2,0.0277596307918944
HadGEM3-GC3-1MM,-7.5,-7.6345,8,ES,Spring barley,precip2,0.0474855383513977
HadGEM3-GC3-1MM,-6.5,-6.4299,4,ES,Spring barley,precip2,0.0346408283477686
HadGEM3-GC3-1MM,-5.5,-5.3528,4,ES,Spring barley,precip2,0.0242350435245861
HadGEM3-GC3-1MM,-4.5,-4.3969,4,ES,Spring barley,precip2,-0.0306200735426129
IPSL-CM6A-LR,-9.5,-9.3401,5,ES,Spring barley,precip2,0.0376479555354351
IPSL-CM6A-LR,-8.5,-8.4598,8,ES,Spring barley,precip2,0.0450496687967009
IPSL-CM6A-LR,-7.5,-7.5255,19,ES,Spring barley,precip2,0.0396382785593705
IPSL-CM6A-LR,-6.5,-6.5577,11,ES,Spring barley,precip2,0.0395745519178683
IPSL-CM6A-LR,-5.5,-5.5623,13,ES,Spring barley,precip2,0.0381991992736769
IPSL-CM6A-LR,-4.5,-4.3507,11,ES,Spring barley,precip2,0.038355111763522
IPSL-CM6A-LR,-3.5,-3.4644,8,ES,Spring barley,precip2,0.0401699891982156
IPSL-CM6A-LR,-2.5,-2.5669,9,ES,Spring barley,precip2,-0.00065618871579753
IPSL-CM6A-LR,-1.5,-1.2909,6,ES,Spring barley,precip2,0.0219183986814072
IPSL-CM6A-LR,-0.5,-0.6347,8,ES,Spring barley,precip2,0.0236626832398865
EC-Earth3,-9.5,-9.1554,4,FI,Spring barley,precip2,-0.0130558352805829
EC-Earth3,-8.5,-8.4726,15,FI,Spring barley,precip2,-0.00526589378630963
EC-Earth3,-7.5,-7.5562,20,FI,Spring barley,precip2,0.00182477862183587
EC-Earth3,-6.5,-6.4767,21,FI,Spring barley,precip2,0.00641868797973697
EC-Earth3,-5.5,-5.3342,8,FI,Spring barley,precip2,0.0180895027910504
EC-Earth3,-4.5,-4.5495,8,FI,Spring barley,precip2,-0.0178575967000444
EC-Earth3,-3.5,-3.3459,9,FI,Spring barley,precip2,-0.0109787676630301
EC-Earth3,-2.5,-2.4493,5,FI,Spring barley,precip2,-0.0674821361535948
EC-Earth3,-1.5,-1.3807,6,FI,Spring barley,precip2,0.00594338942438395
EC-Earth3,-0.5,-0.6596,3,FI,Spring barley,precip2,0.00164078660448175
HadGEM3-GC3-1LL,-8.5,-8.3848,12,FI,Spring barley,precip2,0.00121800411699601
HadGEM3-GC3-1LL,-7.5,-7.5599,19,FI,Spring barley,precip2,0.00454285386860113
HadGEM3-GC3-1LL,-6.5,-6.5442,24,FI,Spring barley,precip2,0.00754054583736868
HadGEM3-GC3-1LL,-5.5,-5.5797,10,FI,Spring barley,precip2,0.021136893580802
HadGEM3-GC3-1LL,-4.5,-4.5263,6,FI,Spring barley,precip2,0.00310972800296466
HadGEM3-GC3-1LL,-3.5,-3.7835,7,FI,Spring barley,precip2,-0.0257706972044862
HadGEM3-GC3-1LL,-2.5,-2.4504,6,FI,Spring barley,precip2,-0.0252986692338378
HadGEM3-GC3-1LL,-1.5,-1.3098,8,FI,Spring barley,precip2,-0.0651162098300383
HadGEM3-GC3-1LL,-0.5,-0.331,6,FI,Spring barley,precip2,-0.00103676767375356
HadGEM3-GC3-1MM,-14.5,-14.3032,4,FI,Spring barley,precip2,-0.157769146221428
HadGEM3-GC3-1MM,-13.5,-13.3931,8,FI,Spring barley,precip2,-0.117115350233849
HadGEM3-GC3-1MM,-12.5,-12.588,13,FI,Spring barley,precip2,-0.146207987826608
HadGEM3-GC3-1MM,-11.5,-11.5321,21,FI,Spring barley,precip2,-0.149913153636452
HadGEM3-GC3-1MM,-10.5,-10.4803,10,FI,Spring barley,precip2,-0.142303187036709
HadGEM3-GC3-1MM,-9.5,-9.6161,7,FI,Spring barley,precip2,-0.102564173017098
HadGEM3-GC3-1MM,-8.5,-8.6582,7,FI,Spring barley,precip2,-0.129802055812307
HadGEM3-GC3-1MM,-7.5,-7.6345,8,FI,Spring barley,precip2,-0.102675257465363
HadGEM3-GC3-1MM,-6.5,-6.4299,4,FI,Spring barley,precip2,-0.0131908104510091
HadGEM3-GC3-1MM,-5.5,-5.3528,4,FI,Spring barley,precip2,-0.023414907157293
HadGEM3-GC3-1MM,-4.5,-4.3969,4,FI,Spring barley,precip2,0.00495101702251526
IPSL-CM6A-LR,-9.5,-9.3401,5,FI,Spring barley,precip2,-0.0846311036473367
IPSL-CM6A-LR,-8.5,-8.4598,8,FI,Spring barley,precip2,-0.135223881815871
IPSL-CM6A-LR,-7.5,-7.5255,19,FI,Spring barley,precip2,-0.096591098154365
IPSL-CM6A-LR,-6.5,-6.5577,11,FI,Spring barley,precip2,-0.0593415580491935
IPSL-CM6A-LR,-5.5,-5.5623,13,FI,Spring barley,precip2,-0.00597891943908118
IPSL-CM6A-LR,-4.5,-4.3507,11,FI,Spring barley,precip2,-0.0120200125705945
IPSL-CM6A-LR,-3.5,-3.4644,8,FI,Spring barley,precip2,0.00212805287960929
IPSL-CM6A-LR,-2.5,-2.5669,9,FI,Spring barley,precip2,0.0107181596710416
IPSL-CM6A-LR,-1.5,-1.2909,6,FI,Spring barley,precip2,0.00251431372712848
IPSL-CM6A-LR,-0.5,-0.6347,8,FI,Spring barley,precip2,-0.0170608239009349
EC-Earth3,-9.5,-9.1554,4,FR,Spring barley,precip2,-0.00396002300962161
EC-Earth3,-8.5,-8.4726,15,FR,Spring barley,precip2,0.0836532896553624
EC-Earth3,-7.5,-7.5562,20,FR,Spring barley,precip2,0.0373211588446366
EC-Earth3,-6.5,-6.4767,21,FR,Spring barley,precip2,0.0762678307696184
EC-Earth3,-5.5,-5.3342,8,FR,Spring barley,precip2,0.0198402760137888
EC-Earth3,-4.5,-4.5495,8,FR,Spring barley,precip2,0.0818634145248086
EC-Earth3,-3.5,-3.3459,9,FR,Spring barley,precip2,0.0674087396762296
EC-Earth3,-2.5,-2.4493,5,FR,Spring barley,precip2,0.062094700581436
EC-Earth3,-1.5,-1.3807,6,FR,Spring barley,precip2,0.0456450221318084
EC-Earth3,-0.5,-0.6596,3,FR,Spring barley,precip2,-0.00975101546357556
HadGEM3-GC3-1LL,-8.5,-8.3848,12,FR,Spring barley,precip2,0.0644650151448816
HadGEM3-GC3-1LL,-7.5,-7.5599,19,FR,Spring barley,precip2,0.034352276682709
HadGEM3-GC3-1LL,-6.5,-6.5442,24,FR,Spring barley,precip2,0.064708527959969
HadGEM3-GC3-1LL,-5.5,-5.5797,10,FR,Spring barley,precip2,0.00690912655966118
HadGEM3-GC3-1LL,-4.5,-4.5263,6,FR,Spring barley,precip2,0.0939204130228135
HadGEM3-GC3-1LL,-3.5,-3.7835,7,FR,Spring barley,precip2,0.0246955120542652
HadGEM3-GC3-1LL,-2.5,-2.4504,6,FR,Spring barley,precip2,0.0715251694245743
HadGEM3-GC3-1LL,-1.5,-1.3098,8,FR,Spring barley,precip2,-0.030557382093717
HadGEM3-GC3-1LL,-0.5,-0.331,6,FR,Spring barley,precip2,0.0227451136332197
HadGEM3-GC3-1MM,-14.5,-14.3032,4,FR,Spring barley,precip2,-0.0804061093305396
HadGEM3-GC3-1MM,-13.5,-13.3931,8,FR,Spring barley,precip2,-0.102313074771451
HadGEM3-GC3-1MM,-12.5,-12.588,13,FR,Spring barley,precip2,-0.0608946225724841
HadGEM3-GC3-1MM,-11.5,-11.5321,21,FR,Spring barley,precip2,-0.00629155060209413
HadGEM3-GC3-1MM,-10.5,-10.4803,10,FR,Spring barley,precip2,0.0538502414535947
HadGEM3-GC3-1MM,-9.5,-9.6161,7,FR,Spring barley,precip2,0.0498826374499215
HadGEM3-GC3-1MM,-8.5,-8.6582,7,FR,Spring barley,precip2,0.0496207398221733
HadGEM3-GC3-1MM,-7.5,-7.6345,8,FR,Spring barley,precip2,0.0363370282287629
HadGEM3-GC3-1MM,-6.5,-6.4299,4,FR,Spring barley,precip2,0.0460933410758564
HadGEM3-GC3-1MM,-5.5,-5.3528,4,FR,Spring barley,precip2,-0.0186779484491343
HadGEM3-GC3-1MM,-4.5,-4.3969,4,FR,Spring barley,precip2,0.00383959594751258
IPSL-CM6A-LR,-9.5,-9.3401,5,FR,Spring barley,precip2,0.0653023972371174
IPSL-CM6A-LR,-8.5,-8.4598,8,FR,Spring barley,precip2,0.0521607875292477
IPSL-CM6A-LR,-7.5,-7.5255,19,FR,Spring barley,precip2,0.0688276875130678
IPSL-CM6A-LR,-6.5,-6.5577,11,FR,Spring barley,precip2,0.0906750764392573
IPSL-CM6A-LR,-5.5,-5.5623,13,FR,Spring barley,precip2,0.0717828453461895
IPSL-CM6A-LR,-4.5,-4.3507,11,FR,Spring barley,precip2,0.0420139820333509
IPSL-CM6A-LR,-3.5,-3.4644,8,FR,Spring barley,precip2,0.0524502362185473
IPSL-CM6A-LR,-2.5,-2.5669,9,FR,Spring barley,precip2,0.0687653596592081
IPSL-CM6A-LR,-1.5,-1.2909,6,FR,Spring barley,precip2,-0.00203639511289667
IPSL-CM6A-LR,-0.5,-0.6347,8,FR,Spring barley,precip2,-0.0148232248093758
EC-Earth3,-9.5,-9.1554,4,HU,Spring barley,precip2,-0.0416621353988001
EC-Earth3,-8.5,-8.4726,15,HU,Spring barley,precip2,-0.0329507318462561
EC-Earth3,-7.5,-7.5562,20,HU,Spring barley,precip2,-0.0208300416632189
EC-Earth3,-6.5,-6.4767,21,HU,Spring barley,precip2,0.019400919229646
EC-Earth3,-5.5,-5.3342,8,HU,Spring barley,precip2,0.0371818227473792
EC-Earth3,-4.5,-4.5495,8,HU,Spring barley,precip2,-0.00508850496814866
EC-Earth3,-3.5,-3.3459,9,HU,Spring barley,precip2,-0.0122572235106204
EC-Earth3,-2.5,-2.4493,5,HU,Spring barley,precip2,0.0533121505721617
EC-Earth3,-1.5,-1.3807,6,HU,Spring barley,precip2,-0.0533274779383687
EC-Earth3,-0.5,-0.6596,3,HU,Spring barley,precip2,0.0408845404424323
HadGEM3-GC3-1LL,-8.5,-8.3848,12,HU,Spring barley,precip2,0.0233741282709996
HadGEM3-GC3-1LL,-7.5,-7.5599,19,HU,Spring barley,precip2,0.0293905211252198
HadGEM3-GC3-1LL,-6.5,-6.5442,24,HU,Spring barley,precip2,-0.00927926931629398
HadGEM3-GC3-1LL,-5.5,-5.5797,10,HU,Spring barley,precip2,0.0170112171251672
HadGEM3-GC3-1LL,-4.5,-4.5263,6,HU,Spring barley,precip2,-0.0354742425012725
HadGEM3-GC3-1LL,-3.5,-3.7835,7,HU,Spring barley,precip2,-0.000284103861115679
HadGEM3-GC3-1LL,-2.5,-2.4504,6,HU,Spring barley,precip2,0.0183400224138419
HadGEM3-GC3-1LL,-1.5,-1.3098,8,HU,Spring barley,precip2,0.0116707406305762
HadGEM3-GC3-1LL,-0.5,-0.331,6,HU,Spring barley,precip2,-0.0286478507628596
HadGEM3-GC3-1MM,-14.5,-14.3032,4,HU,Spring barley,precip2,0.0666969189775158
HadGEM3-GC3-1MM,-13.5,-13.3931,8,HU,Spring barley,precip2,0.0490908042151681
HadGEM3-GC3-1MM,-12.5,-12.588,13,HU,Spring barley,precip2,0.0366949778755369
HadGEM3-GC3-1MM,-11.5,-11.5321,21,HU,Spring barley,precip2,0.034353343080133
HadGEM3-GC3-1MM,-10.5,-10.4803,10,HU,Spring barley,precip2,0.0279758899120949
HadGEM3-GC3-1MM,-9.5,-9.6161,7,HU,Spring barley,precip2,0.0546308284886972
HadGEM3-GC3-1MM,-8.5,-8.6582,7,HU,Spring barley,precip2,0.0381074339360997
HadGEM3-GC3-1MM,-7.5,-7.6345,8,HU,Spring barley,precip2,-0.00285313543320577
HadGEM3-GC3-1MM,-6.5,-6.4299,4,HU,Spring barley,precip2,0.0192506723820528
HadGEM3-GC3-1MM,-5.5,-5.3528,4,HU,Spring barley,precip2,0.03243889271143
HadGEM3-GC3-1MM,-4.5,-4.3969,4,HU,Spring barley,precip2,0.000238230057797378
IPSL-CM6A-LR,-9.5,-9.3401,5,HU,Spring barley,precip2,0.021624317292003
IPSL-CM6A-LR,-8.5,-8.4598,8,HU,Spring barley,precip2,0.0268867470409944
IPSL-CM6A-LR,-7.5,-7.5255,19,HU,Spring barley,precip2,0.0264173052895884
IPSL-CM6A-LR,-6.5,-6.5577,11,HU,Spring barley,precip2,0.0375357384110875
IPSL-CM6A-LR,-5.5,-5.5623,13,HU,Spring barley,precip2,0.0266288900943207
IPSL-CM6A-LR,-4.5,-4.3507,11,HU,Spring barley,precip2,0.0138640495411304
IPSL-CM6A-LR,-3.5,-3.4644,8,HU,Spring barley,precip2,-0.00804166181473609
IPSL-CM6A-LR,-2.5,-2.5669,9,HU,Spring barley,precip2,0.0289330980749922
IPSL-CM6A-LR,-1.5,-1.2909,6,HU,Spring barley,precip2,0.029212793372998
IPSL-CM6A-LR,-0.5,-0.6347,8,HU,Spring barley,precip2,0.0266612499818351
EC-Earth3,-9.5,-9.1554,4,LT,Spring barley,precip2,0.00646764952513753
EC-Earth3,-8.5,-8.4726,15,LT,Spring barley,precip2,0.0418867999292864
EC-Earth3,-7.5,-7.5562,20,LT,Spring barley,precip2,0.0252304923812075
EC-Earth3,-6.5,-6.4767,21,LT,Spring barley,precip2,0.0266808226296391
EC-Earth3,-5.5,-5.3342,8,LT,Spring barley,precip2,0.0239132421872728
EC-Earth3,-4.5,-4.5495,8,LT,Spring barley,precip2,0.00175088131143622
EC-Earth3,-3.5,-3.3459,9,LT,Spring barley,precip2,0.0435090152908825
EC-Earth3,-2.5,-2.4493,5,LT,Spring barley,precip2,0.0196910880125969
EC-Earth3,-1.5,-1.3807,6,LT,Spring barley,precip2,0.0444024089101736
EC-Earth3,-0.5,-0.6596,3,LT,Spring barley,precip2,0.0459885508564227
HadGEM3-GC3-1LL,-8.5,-8.3848,12,LT,Spring barley,precip2,0.0406290679447845
HadGEM3-GC3-1LL,-7.5,-7.5599,19,LT,Spring barley,precip2,0.0262325612587984
HadGEM3-GC3-1LL,-6.5,-6.5442,24,LT,Spring barley,precip2,0.0359125458372578
HadGEM3-GC3-1LL,-5.5,-5.5797,10,LT,Spring barley,precip2,0.0479107145971916
HadGEM3-GC3-1LL,-4.5,-4.5263,6,LT,Spring barley,precip2,0.0157824605185599
HadGEM3-GC3-1LL,-3.5,-3.7835,7,LT,Spring barley,precip2,0.0077790630170531
HadGEM3-GC3-1LL,-2.5,-2.4504,6,LT,Spring barley,precip2,-0.03297594100059
HadGEM3-GC3-1LL,-1.5,-1.3098,8,LT,Spring barley,precip2,-0.0579866671040376
HadGEM3-GC3-1LL,-0.5,-0.331,6,LT,Spring barley,precip2,-0.00266820831095589
HadGEM3-GC3-1MM,-14.5,-14.3032,4,LT,Spring barley,precip2,-0.0250252813533785
HadGEM3-GC3-1MM,-13.5,-13.3931,8,LT,Spring barley,precip2,-0.0969920134647887
HadGEM3-GC3-1MM,-12.5,-12.588,13,LT,Spring barley,precip2,-0.0938347486694094
HadGEM3-GC3-1MM,-11.5,-11.5321,21,LT,Spring barley,precip2,-0.0589349709182995
HadGEM3-GC3-1MM,-10.5,-10.4803,10,LT,Spring barley,precip2,-0.137083478914603
HadGEM3-GC3-1MM,-9.5,-9.6161,7,LT,Spring barley,precip2,0.0325849984456804
HadGEM3-GC3-1MM,-8.5,-8.6582,7,LT,Spring barley,precip2,-0.00222087694634837
HadGEM3-GC3-1MM,-7.5,-7.6345,8,LT,Spring barley,precip2,-0.0205292882924109
HadGEM3-GC3-1MM,-6.5,-6.4299,4,LT,Spring barley,precip2,0.0237247122138878
HadGEM3-GC3-1MM,-5.5,-5.3528,4,LT,Spring barley,precip2,-0.00195105890858381
HadGEM3-GC3-1MM,-4.5,-4.3969,4,LT,Spring barley,precip2,0.0193361901780229
IPSL-CM6A-LR,-9.5,-9.3401,5,LT,Spring barley,precip2,-0.00830624538116259
IPSL-CM6A-LR,-8.5,-8.4598,8,LT,Spring barley,precip2,-0.0224884575848039
IPSL-CM6A-LR,-7.5,-7.5255,19,LT,Spring barley,precip2,0.0315647413820378
IPSL-CM6A-LR,-6.5,-6.5577,11,LT,Spring barley,precip2,0.0530535631600118
IPSL-CM6A-LR,-5.5,-5.5623,13,LT,Spring barley,precip2,0.0228985000535914
IPSL-CM6A-LR,-4.5,-4.3507,11,LT,Spring barley,precip2,0.0194515398469238
IPSL-CM6A-LR,-3.5,-3.4644,8,LT,Spring barley,precip2,-0.0138485594339962
IPSL-CM6A-LR,-2.5,-2.5669,9,LT,Spring barley,precip2,-0.000257500007415199
IPSL-CM6A-LR,-1.5,-1.2909,6,LT,Spring barley,precip2,0.0346638351853149
IPSL-CM6A-LR,-0.5,-0.6347,8,LT,Spring barley,precip2,0.00200358949181037
EC-Earth3,-9.5,-9.1554,4,LV,Spring barley,precip2,0.00897025512036474
EC-Earth3,-8.5,-8.4726,15,LV,Spring barley,precip2,0.0320514779953227
EC-Earth3,-7.5,-7.5562,20,LV,Spring barley,precip2,0.0115814842943007
EC-Earth3,-6.5,-6.4767,21,LV,Spring barley,precip2,0.0175864441426954
EC-Earth3,-5.5,-5.3342,8,LV,Spring barley,precip2,0.0269424199003165
EC-Earth3,-4.5,-4.5495,8,LV,Spring barley,precip2,-0.00380937023978089
EC-Earth3,-3.5,-3.3459,9,LV,Spring barley,precip2,0.0228060339938514
EC-Earth3,-2.5,-2.4493,5,LV,Spring barley,precip2,0.00541108150192247
EC-Earth3,-1.5,-1.3807,6,LV,Spring barley,precip2,0.0353197511940026
EC-Earth3,-0.5,-0.6596,3,LV,Spring barley,precip2,0.0312078617502343
HadGEM3-GC3-1LL,-8.5,-8.3848,12,LV,Spring barley,precip2,0.0303296819193161
HadGEM3-GC3-1LL,-7.5,-7.5599,19,LV,Spring barley,precip2,0.0125381399557913
HadGEM3-GC3-1LL,-6.5,-6.5442,24,LV,Spring barley,precip2,0.0234403978152829
HadGEM3-GC3-1LL,-5.5,-5.5797,10,LV,Spring barley,precip2,0.0339953427864585
HadGEM3-GC3-1LL,-4.5,-4.5263,6,LV,Spring barley,precip2,0.0179458573132043
HadGEM3-GC3-1LL,-3.5,-3.7835,7,LV,Spring barley,precip2,-0.00781897917260885
HadGEM3-GC3-1LL,-2.5,-2.4504,6,LV,Spring barley,precip2,-0.0441359095916482
HadGEM3-GC3-1LL,-1.5,-1.3098,8,LV,Spring barley,precip2,-0.0747446500764809
HadGEM3-GC3-1LL,-0.5,-0.331,6,LV,Spring barley,precip2,-0.00254746287303011
HadGEM3-GC3-1MM,-14.5,-14.3032,4,LV,Spring barley,precip2,-0.0775455757649552
HadGEM3-GC3-1MM,-13.5,-13.3931,8,LV,Spring barley,precip2,-0.136966029436322
HadGEM3-GC3-1MM,-12.5,-12.588,13,LV,Spring barley,precip2,-0.143154612930746
HadGEM3-GC3-1MM,-11.5,-11.5321,21,LV,Spring barley,precip2,-0.111635966115702
HadGEM3-GC3-1MM,-10.5,-10.4803,10,LV,Spring barley,precip2,-0.184234437256966
HadGEM3-GC3-1MM,-9.5,-9.6161,7,LV,Spring barley,precip2,-0.00611691691846224
HadGEM3-GC3-1MM,-8.5,-8.6582,7,LV,Spring barley,precip2,-0.0287212434818671
HadGEM3-GC3-1MM,-7.5,-7.6345,8,LV,Spring barley,precip2,-0.050746902889799
HadGEM3-GC3-1MM,-6.5,-6.4299,4,LV,Spring barley,precip2,0.0126446490789855
HadGEM3-GC3-1MM,-5.5,-5.3528,4,LV,Spring barley,precip2,-0.00651089816725028
HadGEM3-GC3-1MM,-4.5,-4.3969,4,LV,Spring barley,precip2,0.0042369135650516
IPSL-CM6A-LR,-9.5,-9.3401,5,LV,Spring barley,precip2,-0.0595078883980652
IPSL-CM6A-LR,-8.5,-8.4598,8,LV,Spring barley,precip2,-0.072255082132423
IPSL-CM6A-LR,-7.5,-7.5255,19,LV,Spring barley,precip2,-0.00454988787587073
IPSL-CM6A-LR,-6.5,-6.5577,11,LV,Spring barley,precip2,0.017712381760886
IPSL-CM6A-LR,-5.5,-5.5623,13,LV,Spring barley,precip2,0.00188149837927397
IPSL-CM6A-LR,-4.5,-4.3507,11,LV,Spring barley,precip2,-0.000374645219004741
IPSL-CM6A-LR,-3.5,-3.4644,8,LV,Spring barley,precip2,-0.00705387804955054
IPSL-CM6A-LR,-2.5,-2.5669,9,LV,Spring barley,precip2,-0.0141186244580713
IPSL-CM6A-LR,-1.5,-1.2909,6,LV,Spring barley,precip2,0.0251895708685475
IPSL-CM6A-LR,-0.5,-0.6347,8,LV,Spring barley,precip2,-0.00474673603338944
EC-Earth3,-9.5,-9.1554,4,SE,Spring barley,precip2,-0.0646693103135527
EC-Earth3,-8.5,-8.4726,15,SE,Spring barley,precip2,-0.0117980487075539
EC-Earth3,-7.5,-7.5562,20,SE,Spring barley,precip2,0.0117338898704845
EC-Earth3,-6.5,-6.4767,21,SE,Spring barley,precip2,0.0326049659913103
EC-Earth3,-5.5,-5.3342,8,SE,Spring barley,precip2,0.0144322984719722
EC-Earth3,-4.5,-4.5495,8,SE,Spring barley,precip2,-0.00086851725061316
EC-Earth3,-3.5,-3.3459,9,SE,Spring barley,precip2,0.0507178798097531
EC-Earth3,-2.5,-2.4493,5,SE,Spring barley,precip2,-0.0342124984095296
EC-Earth3,-1.5,-1.3807,6,SE,Spring barley,precip2,0.023760121844069
EC-Earth3,-0.5,-0.6596,3,SE,Spring barley,precip2,-0.0473255019342588
HadGEM3-GC3-1LL,-8.5,-8.3848,12,SE,Spring barley,precip2,0.0394827208969068
HadGEM3-GC3-1LL,-7.5,-7.5599,19,SE,Spring barley,precip2,0.0174980594716694
HadGEM3-GC3-1LL,-6.5,-6.5442,24,SE,Spring barley,precip2,0.0385540781456619
HadGEM3-GC3-1LL,-5.5,-5.5797,10,SE,Spring barley,precip2,0.0469800480554997
HadGEM3-GC3-1LL,-4.5,-4.5263,6,SE,Spring barley,precip2,0.0209714071846493
HadGEM3-GC3-1LL,-3.5,-3.7835,7,SE,Spring barley,precip2,0.0107618748086841
HadGEM3-GC3-1LL,-2.5,-2.4504,6,SE,Spring barley,precip2,-0.0215177262360448
HadGEM3-GC3-1LL,-1.5,-1.3098,8,SE,Spring barley,precip2,-0.0552788041556546
HadGEM3-GC3-1LL,-0.5,-0.331,6,SE,Spring barley,precip2,-0.0224275661100335
HadGEM3-GC3-1MM,-14.5,-14.3032,4,SE,Spring barley,precip2,-0.226895962482152
HadGEM3-GC3-1MM,-13.5,-13.3931,8,SE,Spring barley,precip2,-0.136724831587849
HadGEM3-GC3-1MM,-12.5,-12.588,13,SE,Spring barley,precip2,-0.144369103690257
HadGEM3-GC3-1MM,-11.5,-11.5321,21,SE,Spring barley,precip2,-0.18961898020906
HadGEM3-GC3-1MM,-10.5,-10.4803,10,SE,Spring barley,precip2,-0.161381475462072
HadGEM3-GC3-1MM,-9.5,-9.6161,7,SE,Spring barley,precip2,-0.0495815025630634
HadGEM3-GC3-1MM,-8.5,-8.6582,7,SE,Spring barley,precip2,-0.0745135335751942
HadGEM3-GC3-1MM,-7.5,-7.6345,8,SE,Spring barley,precip2,-0.0976137902992772
HadGEM3-GC3-1MM,-6.5,-6.4299,4,SE,Spring barley,precip2,0.044879214423229
HadGEM3-GC3-1MM,-5.5,-5.3528,4,SE,Spring barley,precip2,-0.00947418216274067
HadGEM3-GC3-1MM,-4.5,-4.3969,4,SE,Spring barley,precip2,0.0357333916599772
IPSL-CM6A-LR,-9.5,-9.3401,5,SE,Spring barley,precip2,-0.088246821602644
IPSL-CM6A-LR,-8.5,-8.4598,8,SE,Spring barley,precip2,-0.105412755198822
IPSL-CM6A-LR,-7.5,-7.5255,19,SE,Spring barley,precip2,-0.0395537969299198
IPSL-CM6A-LR,-6.5,-6.5577,11,SE,Spring barley,precip2,-0.0477753677343119
IPSL-CM6A-LR,-5.5,-5.5623,13,SE,Spring barley,precip2,0.00259657603299721
IPSL-CM6A-LR,-4.5,-4.3507,11,SE,Spring barley,precip2,0.00307426109697696
IPSL-CM6A-LR,-3.5,-3.4644,8,SE,Spring barley,precip2,-0.0284119906322977
IPSL-CM6A-LR,-2.5,-2.5669,9,SE,Spring barley,precip2,0.0344753899534418
IPSL-CM6A-LR,-1.5,-1.2909,6,SE,Spring barley,precip2,0.0238409715028963
IPSL-CM6A-LR,-0.5,-0.6347,8,SE,Spring barley,precip2,-0.0600545166454353
EC-Earth3,-9.5,-9.1554,4,SK,Spring barley,precip2,-0.0879652382551959
EC-Earth3,-8.5,-8.4726,15,SK,Spring barley,precip2,-0.0213330474300459
EC-Earth3,-7.5,-7.5562,20,SK,Spring barley,precip2,-0.0131358695925249
EC-Earth3,-6.5,-6.4767,21,SK,Spring barley,precip2,0.0396080187806392
EC-Earth3,-5.5,-5.3342,8,SK,Spring barley,precip2,0.0571276307689972
EC-Earth3,-4.5,-4.5495,8,SK,Spring barley,precip2,-0.0030988849339306
EC-Earth3,-3.5,-3.3459,9,SK,Spring barley,precip2,0.025226226518855
EC-Earth3,-2.5,-2.4493,5,SK,Spring barley,precip2,0.0474755166012862
EC-Earth3,-1.5,-1.3807,6,SK,Spring barley,precip2,-0.0280383331935469
EC-Earth3,-0.5,-0.6596,3,SK,Spring barley,precip2,0.0515483714428039
HadGEM3-GC3-1LL,-8.5,-8.3848,12,SK,Spring barley,precip2,0.0540542784444887
HadGEM3-GC3-1LL,-7.5,-7.5599,19,SK,Spring barley,precip2,0.0378326974596761
HadGEM3-GC3-1LL,-6.5,-6.5442,24,SK,Spring barley,precip2,-0.00817539744334874
HadGEM3-GC3-1LL,-5.5,-5.5797,10,SK,Spring barley,precip2,0.0269198484134223
HadGEM3-GC3-1LL,-4.5,-4.5263,6,SK,Spring barley,precip2,-0.0240604330034577
HadGEM3-GC3-1LL,-3.5,-3.7835,7,SK,Spring barley,precip2,0.0171452304116224
HadGEM3-GC3-1LL,-2.5,-2.4504,6,SK,Spring barley,precip2,0.0270791615322088
HadGEM3-GC3-1LL,-1.5,-1.3098,8,SK,Spring barley,precip2,-0.00934232489697869
HadGEM3-GC3-1LL,-0.5,-0.331,6,SK,Spring barley,precip2,-0.065361393083322
HadGEM3-GC3-1MM,-14.5,-14.3032,4,SK,Spring barley,precip2,0.0718359297630026
HadGEM3-GC3-1MM,-13.5,-13.3931,8,SK,Spring barley,precip2,0.0688199893158041
HadGEM3-GC3-1MM,-12.5,-12.588,13,SK,Spring barley,precip2,0.0495994454321023
HadGEM3-GC3-1MM,-11.5,-11.5321,21,SK,Spring barley,precip2,0.0463921350841967
HadGEM3-GC3-1MM,-10.5,-10.4803,10,SK,Spring barley,precip2,0.032453339806168
HadGEM3-GC3-1MM,-9.5,-9.6161,7,SK,Spring barley,precip2,0.0980920576929103
HadGEM3-GC3-1MM,-8.5,-8.6582,7,SK,Spring barley,precip2,0.0493497658358353
HadGEM3-GC3-1MM,-7.5,-7.6345,8,SK,Spring barley,precip2,0.0138356487817696
HadGEM3-GC3-1MM,-6.5,-6.4299,4,SK,Spring barley,precip2,0.0478982342248828
HadGEM3-GC3-1MM,-5.5,-5.3528,4,SK,Spring barley,precip2,0.0411339508432615
HadGEM3-GC3-1MM,-4.5,-4.3969,4,SK,Spring barley,precip2,0.0267801505099145
IPSL-CM6A-LR,-9.5,-9.3401,5,SK,Spring barley,precip2,0.028432312538462
IPSL-CM6A-LR,-8.5,-8.4598,8,SK,Spring barley,precip2,0.0281571806928039
IPSL-CM6A-LR,-7.5,-7.5255,19,SK,Spring barley,precip2,0.034543738950273
IPSL-CM6A-LR,-6.5,-6.5577,11,SK,Spring barley,precip2,0.0554914981639871
IPSL-CM6A-LR,-5.5,-5.5623,13,SK,Spring barley,precip2,0.0325708716170135
IPSL-CM6A-LR,-4.5,-4.3507,11,SK,Spring barley,precip2,0.00750316066494153
IPSL-CM6A-LR,-3.5,-3.4644,8,SK,Spring barley,precip2,-0.0196655094216314
IPSL-CM6A-LR,-2.5,-2.5669,9,SK,Spring barley,precip2,0.0350334065176445
IPSL-CM6A-LR,-1.5,-1.2909,6,SK,Spring barley,precip2,0.0514005588149263
IPSL-CM6A-LR,-0.5,-0.6347,8,SK,Spring barley,precip2,0.0057389880360218
EC-Earth3,-9.5,-9.1554,4,CZ,Winter barley,precip2,-0.046320406142145
EC-Earth3,-8.5,-8.4726,15,CZ,Winter barley,precip2,0.00781868233614389
EC-Earth3,-7.5,-7.5562,20,CZ,Winter barley,precip2,0.00709725225032036
EC-Earth3,-6.5,-6.4767,21,CZ,Winter barley,precip2,0.0387145624184102
EC-Earth3,-5.5,-5.3342,8,CZ,Winter barley,precip2,0.0127920125327855
EC-Earth3,-4.5,-4.5495,8,CZ,Winter barley,precip2,0.0168220813224486
EC-Earth3,-3.5,-3.3459,9,CZ,Winter barley,precip2,0.0519060797970413
EC-Earth3,-2.5,-2.4493,5,CZ,Winter barley,precip2,0.00755731059005061
EC-Earth3,-1.5,-1.3807,6,CZ,Winter barley,precip2,0.00859028980328625
EC-Earth3,-0.5,-0.6596,3,CZ,Winter barley,precip2,0.0280352314386973
HadGEM3-GC3-1LL,-8.5,-8.3848,12,CZ,Winter barley,precip2,0.0327785915328838
HadGEM3-GC3-1LL,-7.5,-7.5599,19,CZ,Winter barley,precip2,0.0298510205643345
HadGEM3-GC3-1LL,-6.5,-6.5442,24,CZ,Winter barley,precip2,0.00313316223115665
HadGEM3-GC3-1LL,-5.5,-5.5797,10,CZ,Winter barley,precip2,0.0130366540461575
HadGEM3-GC3-1LL,-4.5,-4.5263,6,CZ,Winter barley,precip2,0.0150025578109663
HadGEM3-GC3-1LL,-3.5,-3.7835,7,CZ,Winter barley,precip2,0.0100767867277867
HadGEM3-GC3-1LL,-2.5,-2.4504,6,CZ,Winter barley,precip2,-0.00648859922032782
HadGEM3-GC3-1LL,-1.5,-1.3098,8,CZ,Winter barley,precip2,-0.00912483705879667
HadGEM3-GC3-1LL,-0.5,-0.331,6,CZ,Winter barley,precip2,-0.0381190734224902
HadGEM3-GC3-1MM,-14.5,-14.3032,4,CZ,Winter barley,precip2,0.00870190782025258
HadGEM3-GC3-1MM,-13.5,-13.3931,8,CZ,Winter barley,precip2,0.0169557502985115
HadGEM3-GC3-1MM,-12.5,-12.588,13,CZ,Winter barley,precip2,0.027105967169265
HadGEM3-GC3-1MM,-11.5,-11.5321,21,CZ,Winter barley,precip2,-0.000867307258766326
HadGEM3-GC3-1MM,-10.5,-10.4803,10,CZ,Winter barley,precip2,-0.00873392850267589
HadGEM3-GC3-1MM,-9.5,-9.6161,7,CZ,Winter barley,precip2,0.0581445432532558
HadGEM3-GC3-1MM,-8.5,-8.6582,7,CZ,Winter barley,precip2,0.00998940338296611
HadGEM3-GC3-1MM,-7.5,-7.6345,8,CZ,Winter barley,precip2,0.0109042818208136
HadGEM3-GC3-1MM,-6.5,-6.4299,4,CZ,Winter barley,precip2,0.0434984768244657
HadGEM3-GC3-1MM,-5.5,-5.3528,4,CZ,Winter barley,precip2,0.0338612965515515
HadGEM3-GC3-1MM,-4.5,-4.3969,4,CZ,Winter barley,precip2,0.0339249504598556
IPSL-CM6A-LR,-9.5,-9.3401,5,CZ,Winter barley,precip2,0.0129228337554592
IPSL-CM6A-LR,-8.5,-8.4598,8,CZ,Winter barley,precip2,0.0223538661407639
IPSL-CM6A-LR,-7.5,-7.5255,19,CZ,Winter barley,precip2,0.0267084481245964
IPSL-CM6A-LR,-6.5,-6.5577,11,CZ,Winter barley,precip2,0.0426085780154147
IPSL-CM6A-LR,-5.5,-5.5623,13,CZ,Winter barley,precip2,0.0263271533393868
IPSL-CM6A-LR,-4.5,-4.3507,11,CZ,Winter barley,precip2,0.0107280985552572
IPSL-CM6A-LR,-3.5,-3.4644,8,CZ,Winter barley,precip2,-0.0262206200587812
IPSL-CM6A-LR,-2.5,-2.5669,9,CZ,Winter barley,precip2,0.026595132211399
IPSL-CM6A-LR,-1.5,-1.2909,6,CZ,Winter barley,precip2,0.0401379670828742
IPSL-CM6A-LR,-0.5,-0.6347,8,CZ,Winter barley,precip2,-0.0145091265789572
EC-Earth3,-9.5,-9.1554,4,DE,Winter barley,precip2,-0.0216114647069038
EC-Earth3,-8.5,-8.4726,15,DE,Winter barley,precip2,0.0373424705877517
EC-Earth3,-7.5,-7.5562,20,DE,Winter barley,precip2,0.0305434359439653
EC-Earth3,-6.5,-6.4767,21,DE,Winter barley,precip2,0.0506172023964813
EC-Earth3,-5.5,-5.3342,8,DE,Winter barley,precip2,0.0258724601119391
EC-Earth3,-4.5,-4.5495,8,DE,Winter barley,precip2,0.0349879757938842
EC-Earth3,-3.5,-3.3459,9,DE,Winter barley,precip2,0.058323828289611
EC-Earth3,-2.5,-2.4493,5,DE,Winter barley,precip2,0.0387417077205781
EC-Earth3,-1.5,-1.3807,6,DE,Winter barley,precip2,0.0296190189432287
EC-Earth3,-0.5,-0.6596,3,DE,Winter barley,precip2,0.00303982014450376
HadGEM3-GC3-1LL,-8.5,-8.3848,12,DE,Winter barley,precip2,0.0400993553124593
HadGEM3-GC3-1LL,-7.5,-7.5599,19,DE,Winter barley,precip2,0.0202172754192871
HadGEM3-GC3-1LL,-6.5,-6.5442,24,DE,Winter barley,precip2,0.0321467113079773
HadGEM3-GC3-1LL,-5.5,-5.5797,10,DE,Winter barley,precip2,0.0270679242089853
HadGEM3-GC3-1LL,-4.5,-4.5263,6,DE,Winter barley,precip2,0.0398931074687862
HadGEM3-GC3-1LL,-3.5,-3.7835,7,DE,Winter barley,precip2,0.0134219318823303
HadGEM3-GC3-1LL,-2.5,-2.4504,6,DE,Winter barley,precip2,0.0120289637877946
HadGEM3-GC3-1LL,-1.5,-1.3098,8,DE,Winter barley,precip2,-0.031827454721949
HadGEM3-GC3-1LL,-0.5,-0.331,6,DE,Winter barley,precip2,0.00263270946953322
HadGEM3-GC3-1MM,-14.5,-14.3032,4,DE,Winter barley,precip2,-0.0651103572229237
HadGEM3-GC3-1MM,-13.5,-13.3931,8,DE,Winter barley,precip2,-0.0732587751605121
HadGEM3-GC3-1MM,-12.5,-12.588,13,DE,Winter barley,precip2,-0.0436171667433303
HadGEM3-GC3-1MM,-11.5,-11.5321,21,DE,Winter barley,precip2,-0.0303610630266268
HadGEM3-GC3-1MM,-10.5,-10.4803,10,DE,Winter barley,precip2,-0.0200926132034734
HadGEM3-GC3-1MM,-9.5,-9.6161,7,DE,Winter barley,precip2,0.0451086438905546
HadGEM3-GC3-1MM,-8.5,-8.6582,7,DE,Winter barley,precip2,0.0173339771619627
HadGEM3-GC3-1MM,-7.5,-7.6345,8,DE,Winter barley,precip2,-0.0112386163380664
HadGEM3-GC3-1MM,-6.5,-6.4299,4,DE,Winter barley,precip2,0.0133781819036683
HadGEM3-GC3-1MM,-5.5,-5.3528,4,DE,Winter barley,precip2,0.00508660148937572
HadGEM3-GC3-1MM,-4.5,-4.3969,4,DE,Winter barley,precip2,0.047076598103483
IPSL-CM6A-LR,-9.5,-9.3401,5,DE,Winter barley,precip2,0.0223283046677755
IPSL-CM6A-LR,-8.5,-8.4598,8,DE,Winter barley,precip2,0.0205619741522684
IPSL-CM6A-LR,-7.5,-7.5255,19,DE,Winter barley,precip2,0.0335836717410615
IPSL-CM6A-LR,-6.5,-6.5577,11,DE,Winter barley,precip2,0.0488136113789932
IPSL-CM6A-LR,-5.5,-5.5623,13,DE,Winter barley,precip2,0.047791193744448
IPSL-CM6A-LR,-4.5,-4.3507,11,DE,Winter barley,precip2,0.0131510712790099
IPSL-CM6A-LR,-3.5,-3.4644,8,DE,Winter barley,precip2,-0.00432855296493472
IPSL-CM6A-LR,-2.5,-2.5669,9,DE,Winter barley,precip2,0.041639856371752
IPSL-CM6A-LR,-1.5,-1.2909,6,DE,Winter barley,precip2,0.0224827337736406
IPSL-CM6A-LR,-0.5,-0.6347,8,DE,Winter barley,precip2,-0.00809524213209226
EC-Earth3,-9.5,-9.1554,4,DK,Winter barley,precip2,0.0162215806642981
EC-Earth3,-8.5,-8.4726,15,DK,Winter barley,precip2,0.0268651079603844
EC-Earth3,-7.5,-7.5562,20,DK,Winter barley,precip2,0.0330085374054336
EC-Earth3,-6.5,-6.4767,21,DK,Winter barley,precip2,0.0391363498252363
EC-Earth3,-5.5,-5.3342,8,DK,Winter barley,precip2,0.034804485291853
EC-Earth3,-4.5,-4.5495,8,DK,Winter barley,precip2,0.0370125564959676
EC-Earth3,-3.5,-3.3459,9,DK,Winter barley,precip2,0.057260276167365
EC-Earth3,-2.5,-2.4493,5,DK,Winter barley,precip2,0.0223173165598228
EC-Earth3,-1.5,-1.3807,6,DK,Winter barley,precip2,0.0268632603805875
EC-Earth3,-0.5,-0.6596,3,DK,Winter barley,precip2,-0.0453318802092298
HadGEM3-GC3-1LL,-8.5,-8.3848,12,DK,Winter barley,precip2,0.0395640506885171
HadGEM3-GC3-1LL,-7.5,-7.5599,19,DK,Winter barley,precip2,0.0214323099765361
HadGEM3-GC3-1LL,-6.5,-6.5442,24,DK,Winter barley,precip2,0.0393366246880899
HadGEM3-GC3-1LL,-5.5,-5.5797,10,DK,Winter barley,precip2,0.0284321806410172
HadGEM3-GC3-1LL,-4.5,-4.5263,6,DK,Winter barley,precip2,0.029815126402321
HadGEM3-GC3-1LL,-3.5,-3.7835,7,DK,Winter barley,precip2,0.00658435489169686
HadGEM3-GC3-1LL,-2.5,-2.4504,6,DK,Winter barley,precip2,-0.00139419695887223
HadGEM3-GC3-1LL,-1.5,-1.3098,8,DK,Winter barley,precip2,-0.0516444149249738
HadGEM3-GC3-1LL,-0.5,-0.331,6,DK,Winter barley,precip2,0.017362546651851
HadGEM3-GC3-1MM,-14.5,-14.3032,4,DK,Winter barley,precip2,-0.188512947704832
HadGEM3-GC3-1MM,-13.5,-13.3931,8,DK,Winter barley,precip2,-0.127408946724426
HadGEM3-GC3-1MM,-12.5,-12.588,13,DK,Winter barley,precip2,-0.146676716853363
HadGEM3-GC3-1MM,-11.5,-11.5321,21,DK,Winter barley,precip2,-0.15523202942172
HadGEM3-GC3-1MM,-10.5,-10.4803,10,DK,Winter barley,precip2,-0.129123914066986
HadGEM3-GC3-1MM,-9.5,-9.6161,7,DK,Winter barley,precip2,-0.0315594057669735
HadGEM3-GC3-1MM,-8.5,-8.6582,7,DK,Winter barley,precip2,-0.0108022132146375
HadGEM3-GC3-1MM,-7.5,-7.6345,8,DK,Winter barley,precip2,-0.035077436716027
HadGEM3-GC3-1MM,-6.5,-6.4299,4,DK,Winter barley,precip2,0.0481309312449341
HadGEM3-GC3-1MM,-5.5,-5.3528,4,DK,Winter barley,precip2,0.0122415243141932
HadGEM3-GC3-1MM,-4.5,-4.3969,4,DK,Winter barley,precip2,0.0555619935583494
IPSL-CM6A-LR,-9.5,-9.3401,5,DK,Winter barley,precip2,-0.0614739676001896
IPSL-CM6A-LR,-8.5,-8.4598,8,DK,Winter barley,precip2,-0.103512307444809
IPSL-CM6A-LR,-7.5,-7.5255,19,DK,Winter barley,precip2,-0.00129623125541315
IPSL-CM6A-LR,-6.5,-6.5577,11,DK,Winter barley,precip2,-0.0565626721845799
IPSL-CM6A-LR,-5.5,-5.5623,13,DK,Winter barley,precip2,0.0287958269226997
IPSL-CM6A-LR,-4.5,-4.3507,11,DK,Winter barley,precip2,0.00100485886066971
IPSL-CM6A-LR,-3.5,-3.4644,8,DK,Winter barley,precip2,-0.0126800698356439
IPSL-CM6A-LR,-2.5,-2.5669,9,DK,Winter barley,precip2,0.0412052423969161
IPSL-CM6A-LR,-1.5,-1.2909,6,DK,Winter barley,precip2,0.032025665308971
IPSL-CM6A-LR,-0.5,-0.6347,8,DK,Winter barley,precip2,-0.0576459216646079
EC-Earth3,-9.5,-9.1554,4,EE,Winter barley,precip2,0.0107391350938552
EC-Earth3,-8.5,-8.4726,15,EE,Winter barley,precip2,0.0167327324166493
EC-Earth3,-7.5,-7.5562,20,EE,Winter barley,precip2,-0.00293860474421285
EC-Earth3,-6.5,-6.4767,21,EE,Winter barley,precip2,0.0105979096501994
EC-Earth3,-5.5,-5.3342,8,EE,Winter barley,precip2,0.0211983977953951
EC-Earth3,-4.5,-4.5495,8,EE,Winter barley,precip2,-0.00869444002622869
EC-Earth3,-3.5,-3.3459,9,EE,Winter barley,precip2,0.00526567534009821
EC-Earth3,-2.5,-2.4493,5,EE,Winter barley,precip2,-0.0111062481578383
EC-Earth3,-1.5,-1.3807,6,EE,Winter barley,precip2,0.0173288070483525
EC-Earth3,-0.5,-0.6596,3,EE,Winter barley,precip2,0.0152551115281999
HadGEM3-GC3-1LL,-8.5,-8.3848,12,EE,Winter barley,precip2,0.0121476219220325
HadGEM3-GC3-1LL,-7.5,-7.5599,19,EE,Winter barley,precip2,-0.00393194868332504
HadGEM3-GC3-1LL,-6.5,-6.5442,24,EE,Winter barley,precip2,0.0135492551942693
HadGEM3-GC3-1LL,-5.5,-5.5797,10,EE,Winter barley,precip2,0.0181170690158084
HadGEM3-GC3-1LL,-4.5,-4.5263,6,EE,Winter barley,precip2,0.0123729447829282
HadGEM3-GC3-1LL,-3.5,-3.7835,7,EE,Winter barley,precip2,-0.0126893013060761
HadGEM3-GC3-1LL,-2.5,-2.4504,6,EE,Winter barley,precip2,-0.0418538055036666
HadGEM3-GC3-1LL,-1.5,-1.3098,8,EE,Winter barley,precip2,-0.0633656053346718
HadGEM3-GC3-1LL,-0.5,-0.331,6,EE,Winter barley,precip2,-0.00590104902343017
HadGEM3-GC3-1MM,-14.5,-14.3032,4,EE,Winter barley,precip2,-0.125485448647622
HadGEM3-GC3-1MM,-13.5,-13.3931,8,EE,Winter barley,precip2,-0.113831370140425
HadGEM3-GC3-1MM,-12.5,-12.588,13,EE,Winter barley,precip2,-0.137160630718915
HadGEM3-GC3-1MM,-11.5,-11.5321,21,EE,Winter barley,precip2,-0.115918714442184
HadGEM3-GC3-1MM,-10.5,-10.4803,10,EE,Winter barley,precip2,-0.16428850707824
HadGEM3-GC3-1MM,-9.5,-9.6161,7,EE,Winter barley,precip2,-0.0414201178123969
HadGEM3-GC3-1MM,-8.5,-8.6582,7,EE,Winter barley,precip2,-0.0595654338706449
HadGEM3-GC3-1MM,-7.5,-7.6345,8,EE,Winter barley,precip2,-0.0842848138740069
HadGEM3-GC3-1MM,-6.5,-6.4299,4,EE,Winter barley,precip2,0.0067525089122503
HadGEM3-GC3-1MM,-5.5,-5.3528,4,EE,Winter barley,precip2,-0.0133770855242746
HadGEM3-GC3-1MM,-4.5,-4.3969,4,EE,Winter barley,precip2,0.00156997749663258
IPSL-CM6A-LR,-9.5,-9.3401,5,EE,Winter barley,precip2,-0.0969721317428827
IPSL-CM6A-LR,-8.5,-8.4598,8,EE,Winter barley,precip2,-0.0902988455265204
IPSL-CM6A-LR,-7.5,-7.5255,19,EE,Winter barley,precip2,-0.051981838945568
IPSL-CM6A-LR,-6.5,-6.5577,11,EE,Winter barley,precip2,-0.0279843510347583
IPSL-CM6A-LR,-5.5,-5.5623,13,EE,Winter barley,precip2,-0.0164255610198292
IPSL-CM6A-LR,-4.5,-4.3507,11,EE,Winter barley,precip2,-0.0236945713663352
IPSL-CM6A-LR,-3.5,-3.4644,8,EE,Winter barley,precip2,0.00164366634744018
IPSL-CM6A-LR,-2.5,-2.5669,9,EE,Winter barley,precip2,0.00197890192851526
IPSL-CM6A-LR,-1.5,-1.2909,6,EE,Winter barley,precip2,0.0215129249129639
IPSL-CM6A-LR,-0.5,-0.6347,8,EE,Winter barley,precip2,0.00203240035102305
EC-Earth3,-9.5,-9.1554,4,EL,Winter barley,precip2,0.0058978671360487
EC-Earth3,-8.5,-8.4726,15,EL,Winter barley,precip2,0.01068931315444
EC-Earth3,-7.5,-7.5562,20,EL,Winter barley,precip2,0.00909203493328697
EC-Earth3,-6.5,-6.4767,21,EL,Winter barley,precip2,0.00331633875050642
EC-Earth3,-5.5,-5.3342,8,EL,Winter barley,precip2,0.00650465091857424
EC-Earth3,-4.5,-4.5495,8,EL,Winter barley,precip2,0.00522863137156764
EC-Earth3,-3.5,-3.3459,9,EL,Winter barley,precip2,0.00721263059739264
EC-Earth3,-2.5,-2.4493,5,EL,Winter barley,precip2,0.0145617776160697
EC-Earth3,-1.5,-1.3807,6,EL,Winter barley,precip2,0.0022304155584778
EC-Earth3,-0.5,-0.6596,3,EL,Winter barley,precip2,-0.00238780557326707
HadGEM3-GC3-1LL,-8.5,-8.3848,12,EL,Winter barley,precip2,0.00701714754166386
HadGEM3-GC3-1LL,-7.5,-7.5599,19,EL,Winter barley,precip2,0.0110042885539886
HadGEM3-GC3-1LL,-6.5,-6.5442,24,EL,Winter barley,precip2,0.00446560227853836
HadGEM3-GC3-1LL,-5.5,-5.5797,10,EL,Winter barley,precip2,0.00799950627347485
HadGEM3-GC3-1LL,-4.5,-4.5263,6,EL,Winter barley,precip2,0.0110822417072075
HadGEM3-GC3-1LL,-3.5,-3.7835,7,EL,Winter barley,precip2,0.00936701849492087
HadGEM3-GC3-1LL,-2.5,-2.4504,6,EL,Winter barley,precip2,0.00440133873918238
HadGEM3-GC3-1LL,-1.5,-1.3098,8,EL,Winter barley,precip2,0.00478290020434277
HadGEM3-GC3-1LL,-0.5,-0.331,6,EL,Winter barley,precip2,0.00606615452389096
HadGEM3-GC3-1MM,-14.5,-14.3032,4,EL,Winter barley,precip2,0.0167715795206772
HadGEM3-GC3-1MM,-13.5,-13.3931,8,EL,Winter barley,precip2,0.0232956527009211
HadGEM3-GC3-1MM,-12.5,-12.588,13,EL,Winter barley,precip2,0.0161237092342146
HadGEM3-GC3-1MM,-11.5,-11.5321,21,EL,Winter barley,precip2,0.0212522051762614
HadGEM3-GC3-1MM,-10.5,-10.4803,10,EL,Winter barley,precip2,0.0224884529802971
HadGEM3-GC3-1MM,-9.5,-9.6161,7,EL,Winter barley,precip2,0.0251193024038031
HadGEM3-GC3-1MM,-8.5,-8.6582,7,EL,Winter barley,precip2,0.0173262096588827
HadGEM3-GC3-1MM,-7.5,-7.6345,8,EL,Winter barley,precip2,0.0173507308761093
HadGEM3-GC3-1MM,-6.5,-6.4299,4,EL,Winter barley,precip2,0.00516162605140287
HadGEM3-GC3-1MM,-5.5,-5.3528,4,EL,Winter barley,precip2,0.0073158259735784
HadGEM3-GC3-1MM,-4.5,-4.3969,4,EL,Winter barley,precip2,0.00410790862384225
IPSL-CM6A-LR,-9.5,-9.3401,5,EL,Winter barley,precip2,0.00834442411702825
IPSL-CM6A-LR,-8.5,-8.4598,8,EL,Winter barley,precip2,0.0185118326156227
IPSL-CM6A-LR,-7.5,-7.5255,19,EL,Winter barley,precip2,0.0166798537456573
IPSL-CM6A-LR,-6.5,-6.5577,11,EL,Winter barley,precip2,0.0157791698683674
IPSL-CM6A-LR,-5.5,-5.5623,13,EL,Winter barley,precip2,0.0122710803285948
IPSL-CM6A-LR,-4.5,-4.3507,11,EL,Winter barley,precip2,0.00289489953755491
IPSL-CM6A-LR,-3.5,-3.4644,8,EL,Winter barley,precip2,0.010224278783019
IPSL-CM6A-LR,-2.5,-2.5669,9,EL,Winter barley,precip2,0.0122572828568034
IPSL-CM6A-LR,-1.5,-1.2909,6,EL,Winter barley,precip2,-0.000772097814436664
IPSL-CM6A-LR,-0.5,-0.6347,8,EL,Winter barley,precip2,0.015656228365013
EC-Earth3,-9.5,-9.1554,4,ES,Winter barley,precip2,0.0304530274752484
EC-Earth3,-8.5,-8.4726,15,ES,Winter barley,precip2,0.0322707649582416
EC-Earth3,-7.5,-7.5562,20,ES,Winter barley,precip2,0.020186668963491
EC-Earth3,-6.5,-6.4767,21,ES,Winter barley,precip2,0.0308235226403054
EC-Earth3,-5.5,-5.3342,8,ES,Winter barley,precip2,0.0284278516277389
EC-Earth3,-4.5,-4.5495,8,ES,Winter barley,precip2,0.0360283976352334
EC-Earth3,-3.5,-3.3459,9,ES,Winter barley,precip2,0.011278415078269
EC-Earth3,-2.5,-2.4493,5,ES,Winter barley,precip2,0.0219146112990349
EC-Earth3,-1.5,-1.3807,6,ES,Winter barley,precip2,0.00668270957030044
EC-Earth3,-0.5,-0.6596,3,ES,Winter barley,precip2,0.0247139391226131
HadGEM3-GC3-1LL,-8.5,-8.3848,12,ES,Winter barley,precip2,0.0286542961811847
HadGEM3-GC3-1LL,-7.5,-7.5599,19,ES,Winter barley,precip2,0.0216225262865067
HadGEM3-GC3-1LL,-6.5,-6.5442,24,ES,Winter barley,precip2,0.0218756118017006
HadGEM3-GC3-1LL,-5.5,-5.5797,10,ES,Winter barley,precip2,0.0130785862787777
HadGEM3-GC3-1LL,-4.5,-4.5263,6,ES,Winter barley,precip2,0.032435194033679
HadGEM3-GC3-1LL,-3.5,-3.7835,7,ES,Winter barley,precip2,0.0212777064836357
HadGEM3-GC3-1LL,-2.5,-2.4504,6,ES,Winter barley,precip2,0.0241710347842771
HadGEM3-GC3-1LL,-1.5,-1.3098,8,ES,Winter barley,precip2,0.00870976654391279
HadGEM3-GC3-1LL,-0.5,-0.331,6,ES,Winter barley,precip2,0.0164479257769453
HadGEM3-GC3-1MM,-14.5,-14.3032,4,ES,Winter barley,precip2,0.0284574973627118
HadGEM3-GC3-1MM,-13.5,-13.3931,8,ES,Winter barley,precip2,0.0191823298977298
HadGEM3-GC3-1MM,-12.5,-12.588,13,ES,Winter barley,precip2,0.0268508072994255
HadGEM3-GC3-1MM,-11.5,-11.5321,21,ES,Winter barley,precip2,0.0362483543703071
HadGEM3-GC3-1MM,-10.5,-10.4803,10,ES,Winter barley,precip2,0.0404039332433084
HadGEM3-GC3-1MM,-9.5,-9.6161,7,ES,Winter barley,precip2,0.0326770390739701
HadGEM3-GC3-1MM,-8.5,-8.6582,7,ES,Winter barley,precip2,0.0255232422752265
HadGEM3-GC3-1MM,-7.5,-7.6345,8,ES,Winter barley,precip2,0.0373720806169847
HadGEM3-GC3-1MM,-6.5,-6.4299,4,ES,Winter barley,precip2,0.0295031166919607
HadGEM3-GC3-1MM,-5.5,-5.3528,4,ES,Winter barley,precip2,0.0165517048534321
HadGEM3-GC3-1MM,-4.5,-4.3969,4,ES,Winter barley,precip2,-0.0227429786875647
IPSL-CM6A-LR,-9.5,-9.3401,5,ES,Winter barley,precip2,0.0310168707445828
IPSL-CM6A-LR,-8.5,-8.4598,8,ES,Winter barley,precip2,0.0359273669784572
IPSL-CM6A-LR,-7.5,-7.5255,19,ES,Winter barley,precip2,0.0308819242762743
IPSL-CM6A-LR,-6.5,-6.5577,11,ES,Winter barley,precip2,0.0313907882626807
IPSL-CM6A-LR,-5.5,-5.5623,13,ES,Winter barley,precip2,0.0295170343433632
IPSL-CM6A-LR,-4.5,-4.3507,11,ES,Winter barley,precip2,0.0287739942411218
IPSL-CM6A-LR,-3.5,-3.4644,8,ES,Winter barley,precip2,0.0319268496771537
IPSL-CM6A-LR,-2.5,-2.5669,9,ES,Winter barley,precip2,-0.00050166731042105
IPSL-CM6A-LR,-1.5,-1.2909,6,ES,Winter barley,precip2,0.018198718890479
IPSL-CM6A-LR,-0.5,-0.6347,8,ES,Winter barley,precip2,0.0192913902453068
EC-Earth3,-9.5,-9.1554,4,FR,Winter barley,precip2,0.00702953921475026
EC-Earth3,-8.5,-8.4726,15,FR,Winter barley,precip2,0.0653220813166403
EC-Earth3,-7.5,-7.5562,20,FR,Winter barley,precip2,0.0326029572852358
EC-Earth3,-6.5,-6.4767,21,FR,Winter barley,precip2,0.0596847128756941
EC-Earth3,-5.5,-5.3342,8,FR,Winter barley,precip2,0.0149627582113928
EC-Earth3,-4.5,-4.5495,8,FR,Winter barley,precip2,0.0666836037621827
EC-Earth3,-3.5,-3.3459,9,FR,Winter barley,precip2,0.0478183000516674
EC-Earth3,-2.5,-2.4493,5,FR,Winter barley,precip2,0.0484669472572839
EC-Earth3,-1.5,-1.3807,6,FR,Winter barley,precip2,0.0315428003369874
EC-Earth3,-0.5,-0.6596,3,FR,Winter barley,precip2,-0.00501045040966944
HadGEM3-GC3-1LL,-8.5,-8.3848,12,FR,Winter barley,precip2,0.0505554430445421
HadGEM3-GC3-1LL,-7.5,-7.5599,19,FR,Winter barley,precip2,0.0293849392419958
HadGEM3-GC3-1LL,-6.5,-6.5442,24,FR,Winter barley,precip2,0.0511023398586466
HadGEM3-GC3-1LL,-5.5,-5.5797,10,FR,Winter barley,precip2,0.0101097718458893
HadGEM3-GC3-1LL,-4.5,-4.5263,6,FR,Winter barley,precip2,0.0722912902489955
HadGEM3-GC3-1LL,-3.5,-3.7835,7,FR,Winter barley,precip2,0.0236935670952519
HadGEM3-GC3-1LL,-2.5,-2.4504,6,FR,Winter barley,precip2,0.0574243562884658
HadGEM3-GC3-1LL,-1.5,-1.3098,8,FR,Winter barley,precip2,-0.0237741561708395
HadGEM3-GC3-1LL,-0.5,-0.331,6,FR,Winter barley,precip2,0.0192652366437592
HadGEM3-GC3-1MM,-14.5,-14.3032,4,FR,Winter barley,precip2,-0.0707424287009949
HadGEM3-GC3-1MM,-13.5,-13.3931,8,FR,Winter barley,precip2,-0.0811783990335509
HadGEM3-GC3-1MM,-12.5,-12.588,13,FR,Winter barley,precip2,-0.0614457928674058
HadGEM3-GC3-1MM,-11.5,-11.5321,21,FR,Winter barley,precip2,-0.0217809458103838
HadGEM3-GC3-1MM,-10.5,-10.4803,10,FR,Winter barley,precip2,0.0362747730656269
HadGEM3-GC3-1MM,-9.5,-9.6161,7,FR,Winter barley,precip2,0.0367328984825402
HadGEM3-GC3-1MM,-8.5,-8.6582,7,FR,Winter barley,precip2,0.0340830203921835
HadGEM3-GC3-1MM,-7.5,-7.6345,8,FR,Winter barley,precip2,0.0342318915432999
HadGEM3-GC3-1MM,-6.5,-6.4299,4,FR,Winter barley,precip2,0.0393888079999944
HadGEM3-GC3-1MM,-5.5,-5.3528,4,FR,Winter barley,precip2,-0.0123019537330367
HadGEM3-GC3-1MM,-4.5,-4.3969,4,FR,Winter barley,precip2,0.00461194456242901
IPSL-CM6A-LR,-9.5,-9.3401,5,FR,Winter barley,precip2,0.0487219477700312
IPSL-CM6A-LR,-8.5,-8.4598,8,FR,Winter barley,precip2,0.0332646039933468
IPSL-CM6A-LR,-7.5,-7.5255,19,FR,Winter barley,precip2,0.0557682202756169
IPSL-CM6A-LR,-6.5,-6.5577,11,FR,Winter barley,precip2,0.0695221118705423
IPSL-CM6A-LR,-5.5,-5.5623,13,FR,Winter barley,precip2,0.0582354789673285
IPSL-CM6A-LR,-4.5,-4.3507,11,FR,Winter barley,precip2,0.0385194431756558
IPSL-CM6A-LR,-3.5,-3.4644,8,FR,Winter barley,precip2,0.0426590326840828
IPSL-CM6A-LR,-2.5,-2.5669,9,FR,Winter barley,precip2,0.0498690301796743
IPSL-CM6A-LR,-1.5,-1.2909,6,FR,Winter barley,precip2,0.00231458035281828
IPSL-CM6A-LR,-0.5,-0.6347,8,FR,Winter barley,precip2,-0.0068132910722355
EC-Earth3,-9.5,-9.1554,4,HU,Winter barley,precip2,-0.0195263707090643
EC-Earth3,-8.5,-8.4726,15,HU,Winter barley,precip2,-0.0213829267620212
EC-Earth3,-7.5,-7.5562,20,HU,Winter barley,precip2,-0.00861997657963932
EC-Earth3,-6.5,-6.4767,21,HU,Winter barley,precip2,0.0143631640840142
EC-Earth3,-5.5,-5.3342,8,HU,Winter barley,precip2,0.0291127121959869
EC-Earth3,-4.5,-4.5495,8,HU,Winter barley,precip2,0.00202172351493781
EC-Earth3,-3.5,-3.3459,9,HU,Winter barley,precip2,-0.0127781883290461
EC-Earth3,-2.5,-2.4493,5,HU,Winter barley,precip2,0.0443394239423709
EC-Earth3,-1.5,-1.3807,6,HU,Winter barley,precip2,-0.039980246702279
EC-Earth3,-0.5,-0.6596,3,HU,Winter barley,precip2,0.02134055821622
HadGEM3-GC3-1LL,-8.5,-8.3848,12,HU,Winter barley,precip2,0.0153851779555939
HadGEM3-GC3-1LL,-7.5,-7.5599,19,HU,Winter barley,precip2,0.0214145177318414
HadGEM3-GC3-1LL,-6.5,-6.5442,24,HU,Winter barley,precip2,-0.00702054085288431
HadGEM3-GC3-1LL,-5.5,-5.5797,10,HU,Winter barley,precip2,0.014779847551322
HadGEM3-GC3-1LL,-4.5,-4.5263,6,HU,Winter barley,precip2,-0.0249443764544251
HadGEM3-GC3-1LL,-3.5,-3.7835,7,HU,Winter barley,precip2,-0.00181029458877048
HadGEM3-GC3-1LL,-2.5,-2.4504,6,HU,Winter barley,precip2,0.013765321749145
HadGEM3-GC3-1LL,-1.5,-1.3098,8,HU,Winter barley,precip2,0.00849834354643444
HadGEM3-GC3-1LL,-0.5,-0.331,6,HU,Winter barley,precip2,-0.0169557053016953
HadGEM3-GC3-1MM,-14.5,-14.3032,4,HU,Winter barley,precip2,0.0520572716168352
HadGEM3-GC3-1MM,-13.5,-13.3931,8,HU,Winter barley,precip2,0.0377106798778732
HadGEM3-GC3-1MM,-12.5,-12.588,13,HU,Winter barley,precip2,0.0260887215966423
HadGEM3-GC3-1MM,-11.5,-11.5321,21,HU,Winter barley,precip2,0.0261333871956878
HadGEM3-GC3-1MM,-10.5,-10.4803,10,HU,Winter barley,precip2,0.020938887895259
HadGEM3-GC3-1MM,-9.5,-9.6161,7,HU,Winter barley,precip2,0.036993638714407
HadGEM3-GC3-1MM,-8.5,-8.6582,7,HU,Winter barley,precip2,0.0294182132816703
HadGEM3-GC3-1MM,-7.5,-7.6345,8,HU,Winter barley,precip2,-0.00250803148248149
HadGEM3-GC3-1MM,-6.5,-6.4299,4,HU,Winter barley,precip2,0.0125000470857344
HadGEM3-GC3-1MM,-5.5,-5.3528,4,HU,Winter barley,precip2,0.0241050963413643
HadGEM3-GC3-1MM,-4.5,-4.3969,4,HU,Winter barley,precip2,0.00127346286383793
IPSL-CM6A-LR,-9.5,-9.3401,5,HU,Winter barley,precip2,0.0195794141194104
IPSL-CM6A-LR,-8.5,-8.4598,8,HU,Winter barley,precip2,0.0219856065665453
IPSL-CM6A-LR,-7.5,-7.5255,19,HU,Winter barley,precip2,0.0217667777834308
IPSL-CM6A-LR,-6.5,-6.5577,11,HU,Winter barley,precip2,0.0286098238781186
IPSL-CM6A-LR,-5.5,-5.5623,13,HU,Winter barley,precip2,0.020276977909832
IPSL-CM6A-LR,-4.5,-4.3507,11,HU,Winter barley,precip2,0.0148090263214268
IPSL-CM6A-LR,-3.5,-3.4644,8,HU,Winter barley,precip2,-0.00294096874786646
IPSL-CM6A-LR,-2.5,-2.5669,9,HU,Winter barley,precip2,0.0221608310814402
IPSL-CM6A-LR,-1.5,-1.2909,6,HU,Winter barley,precip2,0.0202575778384996
IPSL-CM6A-LR,-0.5,-0.6347,8,HU,Winter barley,precip2,0.0221018898866077
EC-Earth3,-9.5,-9.1554,4,IT,Winter barley,precip2,0.0227930482336247
EC-Earth3,-8.5,-8.4726,15,IT,Winter barley,precip2,0.0492219690481818
EC-Earth3,-7.5,-7.5562,20,IT,Winter barley,precip2,0.0306313378816955
EC-Earth3,-6.5,-6.4767,21,IT,Winter barley,precip2,0.0377150506567742
EC-Earth3,-5.5,-5.3342,8,IT,Winter barley,precip2,0.0533438560509603
EC-Earth3,-4.5,-4.5495,8,IT,Winter barley,precip2,0.0591377285934016
EC-Earth3,-3.5,-3.3459,9,IT,Winter barley,precip2,0.0145171116008911
EC-Earth3,-2.5,-2.4493,5,IT,Winter barley,precip2,0.066121132247781
EC-Earth3,-1.5,-1.3807,6,IT,Winter barley,precip2,0.0267096531958858
EC-Earth3,-0.5,-0.6596,3,IT,Winter barley,precip2,0.0408453067374711
HadGEM3-GC3-1LL,-8.5,-8.3848,12,IT,Winter barley,precip2,0.0436303653472867
HadGEM3-GC3-1LL,-7.5,-7.5599,19,IT,Winter barley,precip2,0.0492002240747741
HadGEM3-GC3-1LL,-6.5,-6.5442,24,IT,Winter barley,precip2,0.0237176967018926
HadGEM3-GC3-1LL,-5.5,-5.5797,10,IT,Winter barley,precip2,0.0330308538519973
HadGEM3-GC3-1LL,-4.5,-4.5263,6,IT,Winter barley,precip2,0.0473914270749189
HadGEM3-GC3-1LL,-3.5,-3.7835,7,IT,Winter barley,precip2,0.0372952985476026
HadGEM3-GC3-1LL,-2.5,-2.4504,6,IT,Winter barley,precip2,0.0425216373222214
HadGEM3-GC3-1LL,-1.5,-1.3098,8,IT,Winter barley,precip2,0.0101883189158975
HadGEM3-GC3-1LL,-0.5,-0.331,6,IT,Winter barley,precip2,0.0204167978611251
HadGEM3-GC3-1MM,-14.5,-14.3032,4,IT,Winter barley,precip2,0.0721601602534227
HadGEM3-GC3-1MM,-13.5,-13.3931,8,IT,Winter barley,precip2,0.0743490480942085
HadGEM3-GC3-1MM,-12.5,-12.588,13,IT,Winter barley,precip2,0.0681727647254957
HadGEM3-GC3-1MM,-11.5,-11.5321,21,IT,Winter barley,precip2,0.0712465141613315
HadGEM3-GC3-1MM,-10.5,-10.4803,10,IT,Winter barley,precip2,0.071246031856541
HadGEM3-GC3-1MM,-9.5,-9.6161,7,IT,Winter barley,precip2,0.0672822684600295
HadGEM3-GC3-1MM,-8.5,-8.6582,7,IT,Winter barley,precip2,0.0697697700781495
HadGEM3-GC3-1MM,-7.5,-7.6345,8,IT,Winter barley,precip2,0.0721883761117115
HadGEM3-GC3-1MM,-6.5,-6.4299,4,IT,Winter barley,precip2,0.0421823090173054
HadGEM3-GC3-1MM,-5.5,-5.3528,4,IT,Winter barley,precip2,0.0517851847938355
HadGEM3-GC3-1MM,-4.5,-4.3969,4,IT,Winter barley,precip2,0.0164240329132022
IPSL-CM6A-LR,-9.5,-9.3401,5,IT,Winter barley,precip2,0.0443290639718417
IPSL-CM6A-LR,-8.5,-8.4598,8,IT,Winter barley,precip2,0.0557229373869523
IPSL-CM6A-LR,-7.5,-7.5255,19,IT,Winter barley,precip2,0.0621947286709384
IPSL-CM6A-LR,-6.5,-6.5577,11,IT,Winter barley,precip2,0.0738741969341305
IPSL-CM6A-LR,-5.5,-5.5623,13,IT,Winter barley,precip2,0.0553488818029997
IPSL-CM6A-LR,-4.5,-4.3507,11,IT,Winter barley,precip2,0.0431040286600574
IPSL-CM6A-LR,-3.5,-3.4644,8,IT,Winter barley,precip2,0.0391785274818183
IPSL-CM6A-LR,-2.5,-2.5669,9,IT,Winter barley,precip2,0.028773172311398
IPSL-CM6A-LR,-1.5,-1.2909,6,IT,Winter barley,precip2,0.0343881396717092
IPSL-CM6A-LR,-0.5,-0.6347,8,IT,Winter barley,precip2,0.0330322196536792
EC-Earth3,-9.5,-9.1554,4,LT,Winter barley,precip2,0.00483844201626577
EC-Earth3,-8.5,-8.4726,15,LT,Winter barley,precip2,0.030909507871561
EC-Earth3,-7.5,-7.5562,20,LT,Winter barley,precip2,0.0188885673212337
EC-Earth3,-6.5,-6.4767,21,LT,Winter barley,precip2,0.0198886209534158
EC-Earth3,-5.5,-5.3342,8,LT,Winter barley,precip2,0.0173650592041892
EC-Earth3,-4.5,-4.5495,8,LT,Winter barley,precip2,0.00114190869786013
EC-Earth3,-3.5,-3.3459,9,LT,Winter barley,precip2,0.0318824907007398
EC-Earth3,-2.5,-2.4493,5,LT,Winter barley,precip2,0.0149039721768685
EC-Earth3,-1.5,-1.3807,6,LT,Winter barley,precip2,0.0328413294450864
EC-Earth3,-0.5,-0.6596,3,LT,Winter barley,precip2,0.0337962331227576
HadGEM3-GC3-1LL,-8.5,-8.3848,12,LT,Winter barley,precip2,0.0301056118391366
HadGEM3-GC3-1LL,-7.5,-7.5599,19,LT,Winter barley,precip2,0.0198543564031503
HadGEM3-GC3-1LL,-6.5,-6.5442,24,LT,Winter barley,precip2,0.0267707702656105
HadGEM3-GC3-1LL,-5.5,-5.5797,10,LT,Winter barley,precip2,0.0360539429604997
HadGEM3-GC3-1LL,-4.5,-4.5263,6,LT,Winter barley,precip2,0.0117486490655897
HadGEM3-GC3-1LL,-3.5,-3.7835,7,LT,Winter barley,precip2,0.00603464608197958
HadGEM3-GC3-1LL,-2.5,-2.4504,6,LT,Winter barley,precip2,-0.0237844999311596
HadGEM3-GC3-1LL,-1.5,-1.3098,8,LT,Winter barley,precip2,-0.0423963191449089
HadGEM3-GC3-1LL,-0.5,-0.331,6,LT,Winter barley,precip2,-0.00130525532755468
HadGEM3-GC3-1MM,-14.5,-14.3032,4,LT,Winter barley,precip2,-0.015512667441865
HadGEM3-GC3-1MM,-13.5,-13.3931,8,LT,Winter barley,precip2,-0.0675036872307837
HadGEM3-GC3-1MM,-12.5,-12.588,13,LT,Winter barley,precip2,-0.0652926463887498
HadGEM3-GC3-1MM,-11.5,-11.5321,21,LT,Winter barley,precip2,-0.0407077035829803
HadGEM3-GC3-1MM,-10.5,-10.4803,10,LT,Winter barley,precip2,-0.100051403719606
HadGEM3-GC3-1MM,-9.5,-9.6161,7,LT,Winter barley,precip2,0.0249718230498861
HadGEM3-GC3-1MM,-8.5,-8.6582,7,LT,Winter barley,precip2,-0.00158654053997258
HadGEM3-GC3-1MM,-7.5,-7.6345,8,LT,Winter barley,precip2,-0.0149721142982617
HadGEM3-GC3-1MM,-6.5,-6.4299,4,LT,Winter barley,precip2,0.0176715405157471
HadGEM3-GC3-1MM,-5.5,-5.3528,4,LT,Winter barley,precip2,-0.00240046982197261
HadGEM3-GC3-1MM,-4.5,-4.3969,4,LT,Winter barley,precip2,0.0148771404343975
IPSL-CM6A-LR,-9.5,-9.3401,5,LT,Winter barley,precip2,-0.00481662749538772
IPSL-CM6A-LR,-8.5,-8.4598,8,LT,Winter barley,precip2,-0.0136226312427477
IPSL-CM6A-LR,-7.5,-7.5255,19,LT,Winter barley,precip2,0.0242629245382816
IPSL-CM6A-LR,-6.5,-6.5577,11,LT,Winter barley,precip2,0.0406440973264794
IPSL-CM6A-LR,-5.5,-5.5623,13,LT,Winter barley,precip2,0.017220117891803
IPSL-CM6A-LR,-4.5,-4.3507,11,LT,Winter barley,precip2,0.0150914495258772
IPSL-CM6A-LR,-3.5,-3.4644,8,LT,Winter barley,precip2,-0.0108018142901795
IPSL-CM6A-LR,-2.5,-2.5669,9,LT,Winter barley,precip2,0.000196523740684025
IPSL-CM6A-LR,-1.5,-1.2909,6,LT,Winter barley,precip2,0.0265825089935532
IPSL-CM6A-LR,-0.5,-0.6347,8,LT,Winter barley,precip2,0.00203599717233872
EC-Earth3,-9.5,-9.1554,4,LV,Winter barley,precip2,0.00439501032010945
EC-Earth3,-8.5,-8.4726,15,LV,Winter barley,precip2,0.0238796579968497
EC-Earth3,-7.5,-7.5562,20,LV,Winter barley,precip2,0.0107921254232652
EC-Earth3,-6.5,-6.4767,21,LV,Winter barley,precip2,0.0134747695922345
EC-Earth3,-5.5,-5.3342,8,LV,Winter barley,precip2,0.0204231569105494
EC-Earth3,-4.5,-4.5495,8,LV,Winter barley,precip2,-0.000839433071920966
EC-Earth3,-3.5,-3.3459,9,LV,Winter barley,precip2,0.0190011641178131
EC-Earth3,-2.5,-2.4493,5,LV,Winter barley,precip2,0.00639103710635561
EC-Earth3,-1.5,-1.3807,6,LV,Winter barley,precip2,0.0262136266181965
EC-Earth3,-0.5,-0.6596,3,LV,Winter barley,precip2,0.0241535982141813
HadGEM3-GC3-1LL,-8.5,-8.3848,12,LV,Winter barley,precip2,0.0231559604729023
HadGEM3-GC3-1LL,-7.5,-7.5599,19,LV,Winter barley,precip2,0.00930250110447022
HadGEM3-GC3-1LL,-6.5,-6.5442,24,LV,Winter barley,precip2,0.0179209931907422
HadGEM3-GC3-1LL,-5.5,-5.5797,10,LV,Winter barley,precip2,0.0255496720476964
HadGEM3-GC3-1LL,-4.5,-4.5263,6,LV,Winter barley,precip2,0.0121400654961548
HadGEM3-GC3-1LL,-3.5,-3.7835,7,LV,Winter barley,precip2,-0.00536970602938784
HadGEM3-GC3-1LL,-2.5,-2.4504,6,LV,Winter barley,precip2,-0.0338287273285029
HadGEM3-GC3-1LL,-1.5,-1.3098,8,LV,Winter barley,precip2,-0.0574392845695965
HadGEM3-GC3-1LL,-0.5,-0.331,6,LV,Winter barley,precip2,-0.00285646901613688
HadGEM3-GC3-1MM,-14.5,-14.3032,4,LV,Winter barley,precip2,-0.0603072933911718
HadGEM3-GC3-1MM,-13.5,-13.3931,8,LV,Winter barley,precip2,-0.104913148332145
HadGEM3-GC3-1MM,-12.5,-12.588,13,LV,Winter barley,precip2,-0.109144777097943
HadGEM3-GC3-1MM,-11.5,-11.5321,21,LV,Winter barley,precip2,-0.0865061094617992
HadGEM3-GC3-1MM,-10.5,-10.4803,10,LV,Winter barley,precip2,-0.140137119855063
HadGEM3-GC3-1MM,-9.5,-9.6161,7,LV,Winter barley,precip2,-0.00202450797850275
HadGEM3-GC3-1MM,-8.5,-8.6582,7,LV,Winter barley,precip2,-0.0205455022821374
HadGEM3-GC3-1MM,-7.5,-7.6345,8,LV,Winter barley,precip2,-0.0348040082358169
HadGEM3-GC3-1MM,-6.5,-6.4299,4,LV,Winter barley,precip2,0.00934020448281488
HadGEM3-GC3-1MM,-5.5,-5.3528,4,LV,Winter barley,precip2,-0.00511773673183364
HadGEM3-GC3-1MM,-4.5,-4.3969,4,LV,Winter barley,precip2,0.00367098176564757
IPSL-CM6A-LR,-9.5,-9.3401,5,LV,Winter barley,precip2,-0.041878093169271
IPSL-CM6A-LR,-8.5,-8.4598,8,LV,Winter barley,precip2,-0.0548343865823158
IPSL-CM6A-LR,-7.5,-7.5255,19,LV,Winter barley,precip2,-0.00137542165631501
IPSL-CM6A-LR,-6.5,-6.5577,11,LV,Winter barley,precip2,0.0127142745532013
IPSL-CM6A-LR,-5.5,-5.5623,13,LV,Winter barley,precip2,0.00293839919512116
IPSL-CM6A-LR,-4.5,-4.3507,11,LV,Winter barley,precip2,-0.00225531393895724
IPSL-CM6A-LR,-3.5,-3.4644,8,LV,Winter barley,precip2,-0.00345794587591316
IPSL-CM6A-LR,-2.5,-2.5669,9,LV,Winter barley,precip2,-0.00890331533262643
IPSL-CM6A-LR,-1.5,-1.2909,6,LV,Winter barley,precip2,0.0192913669942959
IPSL-CM6A-LR,-0.5,-0.6347,8,LV,Winter barley,precip2,-0.00615751778768108
EC-Earth3,-9.5,-9.1554,4,SE,Winter barley,precip2,-0.0420583113732229
EC-Earth3,-8.5,-8.4726,15,SE,Winter barley,precip2,0.00712925576863162
EC-Earth3,-7.5,-7.5562,20,SE,Winter barley,precip2,0.0178011455273023
EC-Earth3,-6.5,-6.4767,21,SE,Winter barley,precip2,0.0289289223759625
EC-Earth3,-5.5,-5.3342,8,SE,Winter barley,precip2,0.0112820356492032
EC-Earth3,-4.5,-4.5495,8,SE,Winter barley,precip2,0.0166215109414677
EC-Earth3,-3.5,-3.3459,9,SE,Winter barley,precip2,0.0444533037153638
EC-Earth3,-2.5,-2.4493,5,SE,Winter barley,precip2,-0.00447029052213551
EC-Earth3,-1.5,-1.3807,6,SE,Winter barley,precip2,0.0184677267889884
EC-Earth3,-0.5,-0.6596,3,SE,Winter barley,precip2,-0.0303265486521652
HadGEM3-GC3-1LL,-8.5,-8.3848,12,SE,Winter barley,precip2,0.041678254379401
HadGEM3-GC3-1LL,-7.5,-7.5599,19,SE,Winter barley,precip2,0.0174914888255749
HadGEM3-GC3-1LL,-6.5,-6.5442,24,SE,Winter barley,precip2,0.033360976225667
HadGEM3-GC3-1LL,-5.5,-5.5797,10,SE,Winter barley,precip2,0.040712185951277
HadGEM3-GC3-1LL,-4.5,-4.5263,6,SE,Winter barley,precip2,0.0130097320743868
HadGEM3-GC3-1LL,-3.5,-3.7835,7,SE,Winter barley,precip2,0.0129459422771597
HadGEM3-GC3-1LL,-2.5,-2.4504,6,SE,Winter barley,precip2,-0.0145652489382332
HadGEM3-GC3-1LL,-1.5,-1.3098,8,SE,Winter barley,precip2,-0.0477272954506042
HadGEM3-GC3-1LL,-0.5,-0.331,6,SE,Winter barley,precip2,-0.018921128365691
HadGEM3-GC3-1MM,-14.5,-14.3032,4,SE,Winter barley,precip2,-0.180243812828383
HadGEM3-GC3-1MM,-13.5,-13.3931,8,SE,Winter barley,precip2,-0.107684359222335
HadGEM3-GC3-1MM,-12.5,-12.588,13,SE,Winter barley,precip2,-0.106808231077987
HadGEM3-GC3-1MM,-11.5,-11.5321,21,SE,Winter barley,precip2,-0.139525485341244
HadGEM3-GC3-1MM,-10.5,-10.4803,10,SE,Winter barley,precip2,-0.11636107850064
HadGEM3-GC3-1MM,-9.5,-9.6161,7,SE,Winter barley,precip2,-0.0190574527613628
HadGEM3-GC3-1MM,-8.5,-8.6582,7,SE,Winter barley,precip2,-0.034604237605945
HadGEM3-GC3-1MM,-7.5,-7.6345,8,SE,Winter barley,precip2,-0.0534411015727225
HadGEM3-GC3-1MM,-6.5,-6.4299,4,SE,Winter barley,precip2,0.0389480902861787
HadGEM3-GC3-1MM,-5.5,-5.3528,4,SE,Winter barley,precip2,0.00903473176617141
HadGEM3-GC3-1MM,-4.5,-4.3969,4,SE,Winter barley,precip2,0.0315409346106574
IPSL-CM6A-LR,-9.5,-9.3401,5,SE,Winter barley,precip2,-0.0453924457201716
IPSL-CM6A-LR,-8.5,-8.4598,8,SE,Winter barley,precip2,-0.0584019166408763
IPSL-CM6A-LR,-7.5,-7.5255,19,SE,Winter barley,precip2,-0.00413794787034913
IPSL-CM6A-LR,-6.5,-6.5577,11,SE,Winter barley,precip2,-0.0308527298872253
IPSL-CM6A-LR,-5.5,-5.5623,13,SE,Winter barley,precip2,0.00802682923333498
IPSL-CM6A-LR,-4.5,-4.3507,11,SE,Winter barley,precip2,0.0048636487636628
IPSL-CM6A-LR,-3.5,-3.4644,8,SE,Winter barley,precip2,-0.0199067240233587
IPSL-CM6A-LR,-2.5,-2.5669,9,SE,Winter barley,precip2,0.0273021281691347
IPSL-CM6A-LR,-1.5,-1.2909,6,SE,Winter barley,precip2,0.0211050348903098
IPSL-CM6A-LR,-0.5,-0.6347,8,SE,Winter barley,precip2,-0.0430514308154191
EC-Earth3,-9.5,-9.1554,4,SK,Winter barley,precip2,-0.0710932234564415
EC-Earth3,-8.5,-8.4726,15,SK,Winter barley,precip2,-0.0183645109818372
EC-Earth3,-7.5,-7.5562,20,SK,Winter barley,precip2,-0.00966105241324542
EC-Earth3,-6.5,-6.4767,21,SK,Winter barley,precip2,0.0324730120852514
EC-Earth3,-5.5,-5.3342,8,SK,Winter barley,precip2,0.0452692969475062
EC-Earth3,-4.5,-4.5495,8,SK,Winter barley,precip2,-0.00288833187313795
EC-Earth3,-3.5,-3.3459,9,SK,Winter barley,precip2,0.015459388619797
EC-Earth3,-2.5,-2.4493,5,SK,Winter barley,precip2,0.0383708098362645
EC-Earth3,-1.5,-1.3807,6,SK,Winter barley,precip2,-0.0224528139793454
EC-Earth3,-0.5,-0.6596,3,SK,Winter barley,precip2,0.0413707648427418
HadGEM3-GC3-1LL,-8.5,-8.3848,12,SK,Winter barley,precip2,0.0447085983991145
HadGEM3-GC3-1LL,-7.5,-7.5599,19,SK,Winter barley,precip2,0.0314388770452061
HadGEM3-GC3-1LL,-6.5,-6.5442,24,SK,Winter barley,precip2,-0.00535030999600048
HadGEM3-GC3-1LL,-5.5,-5.5797,10,SK,Winter barley,precip2,0.0222065409872056
HadGEM3-GC3-1LL,-4.5,-4.5263,6,SK,Winter barley,precip2,-0.018147525286886
HadGEM3-GC3-1LL,-3.5,-3.7835,7,SK,Winter barley,precip2,0.0146053324130724
HadGEM3-GC3-1LL,-2.5,-2.4504,6,SK,Winter barley,precip2,0.0241142300366937
HadGEM3-GC3-1LL,-1.5,-1.3098,8,SK,Winter barley,precip2,-0.00725632260178065
HadGEM3-GC3-1LL,-0.5,-0.331,6,SK,Winter barley,precip2,-0.0475719869508249
HadGEM3-GC3-1MM,-14.5,-14.3032,4,SK,Winter barley,precip2,0.0543235023948609
HadGEM3-GC3-1MM,-13.5,-13.3931,8,SK,Winter barley,precip2,0.051845717023761
HadGEM3-GC3-1MM,-12.5,-12.588,13,SK,Winter barley,precip2,0.0408679234973283
HadGEM3-GC3-1MM,-11.5,-11.5321,21,SK,Winter barley,precip2,0.0363325373038393
HadGEM3-GC3-1MM,-10.5,-10.4803,10,SK,Winter barley,precip2,0.0235831499639038
HadGEM3-GC3-1MM,-9.5,-9.6161,7,SK,Winter barley,precip2,0.0774094433600552
HadGEM3-GC3-1MM,-8.5,-8.6582,7,SK,Winter barley,precip2,0.0398149528938418
HadGEM3-GC3-1MM,-7.5,-7.6345,8,SK,Winter barley,precip2,0.00921532416936971
HadGEM3-GC3-1MM,-6.5,-6.4299,4,SK,Winter barley,precip2,0.036280832590656
HadGEM3-GC3-1MM,-5.5,-5.3528,4,SK,Winter barley,precip2,0.0324691586055352
HadGEM3-GC3-1MM,-4.5,-4.3969,4,SK,Winter barley,precip2,0.0146029747903677
IPSL-CM6A-LR,-9.5,-9.3401,5,SK,Winter barley,precip2,0.0207328413616013
IPSL-CM6A-LR,-8.5,-8.4598,8,SK,Winter barley,precip2,0.0236297147415312
IPSL-CM6A-LR,-7.5,-7.5255,19,SK,Winter barley,precip2,0.0268338016722636
IPSL-CM6A-LR,-6.5,-6.5577,11,SK,Winter barley,precip2,0.0437029191398723
IPSL-CM6A-LR,-5.5,-5.5623,13,SK,Winter barley,precip2,0.026009143673227
IPSL-CM6A-LR,-4.5,-4.3507,11,SK,Winter barley,precip2,0.0048585890818204
IPSL-CM6A-LR,-3.5,-3.4644,8,SK,Winter barley,precip2,-0.0164623699463063
IPSL-CM6A-LR,-2.5,-2.5669,9,SK,Winter barley,precip2,0.027335255387466
IPSL-CM6A-LR,-1.5,-1.2909,6,SK,Winter barley,precip2,0.0404448626705554
IPSL-CM6A-LR,-0.5,-0.6347,8,SK,Winter barley,precip2,0.00407797766080877
