model,bin_id,delta_sv,n_years,cntr,crop,component,dln
EC-Earth3,-9.5,-9.1554,4,CZ,Soft wheat,gdd_mj,0.0704257972575943
EC-Earth3,-8.5,-8.4726,15,CZ,Soft wheat,gdd_mj,0.085960209667935
EC-Earth3,-7.5,-7.5562,20,CZ,Soft wheat,gdd_mj,0.0775503954769476
EC-Earth3,-6.5,-6.4767,21,CZ,Soft wheat,gdd_mj,0.035154358575375
EC-Earth3,-5.5,-5.3342,8,CZ,Soft wheat,gdd_mj,0.0391160872711986
EC-Earth3,-4.5,-4.5495,8,CZ,Soft wheat,gdd_mj,0.056680980963992
EC-Earth3,-3.5,-3.3459,9,CZ,Soft wheat,gdd_mj,0.0444228911824655
EC-Earth3,-2.5,-2.4493,5,CZ,Soft wheat,gdd_mj,0.0289010121231199
EC-Earth3,-1.5,-1.3807,6,CZ,Soft wheat,gdd_mj,0.00459083689222827
EC-Earth3,-0.5,-0.6596,3,CZ,Soft wheat,gdd_mj,-0.0253779862070672
HadGEM3-GC3-1LL,-8.5,-8.3848,12,CZ,Soft wheat,gdd_mj,0.0560968539848664
HadGEM3-GC3-1LL,-7.5,-7.5599,19,CZ,Soft wheat,gdd_mj,0.0445833582764451
HadGEM3-GC3-1LL,-6.5,-6.5442,24,CZ,Soft wheat,gdd_mj,0.051169935705353
HadGEM3-GC3-1LL,-5.5,-5.5797,10,CZ,Soft wheat,gdd_mj,0.0381177400566698
HadGEM3-GC3-1LL,-4.5,-4.5263,6,CZ,Soft wheat,gdd_mj,0.0592112839378171
HadGEM3-GC3-1LL,-3.5,-3.7835,7,CZ,Soft wheat,gdd_mj,0.0551985437286566
HadGEM3-GC3-1LL,-2.5,-2.4504,6,CZ,Soft wheat,gdd_mj,0.0548160441308631
HadGEM3-GC3-1LL,-1.5,-1.3098,8,CZ,Soft wheat,gdd_mj,0.0161636678647558
HadGEM3-GC3-1LL,-0.5,-0.331,6,CZ,Soft wheat,gdd_mj,0.025957647609062
HadGEM3-GC3-1MM,-14.5,-14.3032,4,CZ,Soft wheat,gdd_mj,0.102134488442288
HadGEM3-GC3-1MM,-13.5,-13.3931,8,CZ,Soft wheat,gdd_mj,0.11331476458469
HadGEM3-GC3-1MM,-12.5,-12.588,13,CZ,Soft wheat,gdd_mj,0.109263230153828
HadGEM3-GC3-1MM,-11.5,-11.5321,21,CZ,Soft wheat,gdd_mj,0.111721137706035
HadGEM3-GC3-1MM,-10.5,-10.4803,10,CZ,Soft wheat,gdd_mj,0.113171950292865
HadGEM3-GC3-1MM,-9.5,-9.6161,7,CZ,Soft wheat,gdd_mj,0.0526649548218146
HadGEM3-GC3-1MM,-8.5,-8.6582,7,CZ,Soft wheat,gdd_mj,0.0747579372010707
HadGEM3-GC3-1MM,-7.5,-7.6345,8,CZ,Soft wheat,gdd_mj,0.0875024632598961
HadGEM3-GC3-1MM,-6.5,-6.4299,4,CZ,Soft wheat,gdd_mj,0.0416869108173642
HadGEM3-GC3-1MM,-5.5,-5.3528,4,CZ,Soft wheat,gdd_mj,0.0452804280820773
HadGEM3-GC3-1MM,-4.5,-4.3969,4,CZ,Soft wheat,gdd_mj,0.0309384262957508
IPSL-CM6A-LR,-9.5,-9.3401,5,CZ,Soft wheat,gdd_mj,0.0804639947894446
IPSL-CM6A-LR,-8.5,-8.4598,8,CZ,Soft wheat,gdd_mj,0.0893544932360465
IPSL-CM6A-LR,-7.5,-7.5255,19,CZ,Soft wheat,gdd_mj,0.07293352869212
IPSL-CM6A-LR,-6.5,-6.5577,11,CZ,Soft wheat,gdd_mj,0.0660516901698766
IPSL-CM6A-LR,-5.5,-5.5623,13,CZ,Soft wheat,gdd_mj,0.0583279721558651
IPSL-CM6A-LR,-4.5,-4.3507,11,CZ,Soft wheat,gdd_mj,0.0438456913690918
IPSL-CM6A-LR,-3.5,-3.4644,8,CZ,Soft wheat,gdd_mj,0.052987643434386
IPSL-CM6A-LR,-2.5,-2.5669,9,CZ,Soft wheat,gdd_mj,0.0257530994535401
IPSL-CM6A-LR,-1.5,-1.2909,6,CZ,Soft wheat,gdd_mj,0.0291923304273607
IPSL-CM6A-LR,-0.5,-0.6347,8,CZ,Soft wheat,gdd_mj,0.00154038922902895
EC-Earth3,-9.5,-9.1554,4,DE,Soft wheat,gdd_mj,0.0862468501193585
EC-Earth3,-8.5,-8.4726,15,DE,Soft wheat,gdd_mj,0.0898769900014279
EC-Earth3,-7.5,-7.5562,20,DE,Soft wheat,gdd_mj,0.07908019339145
EC-Earth3,-6.5,-6.4767,21,DE,Soft wheat,gdd_mj,0.0444770658865381
EC-Earth3,-5.5,-5.3342,8,DE,Soft wheat,gdd_mj,0.0452306877468688
EC-Earth3,-4.5,-4.5495,8,DE,Soft wheat,gdd_mj,0.0672171154126
EC-Earth3,-3.5,-3.3459,9,DE,Soft wheat,gdd_mj,0.0507481694502832
EC-Earth3,-2.5,-2.4493,5,DE,Soft wheat,gdd_mj,0.0334966842062798
EC-Earth3,-1.5,-1.3807,6,DE,Soft wheat,gdd_mj,0.00727484207437138
EC-Earth3,-0.5,-0.6596,3,DE,Soft wheat,gdd_mj,-0.00750727907394218
HadGEM3-GC3-1LL,-8.5,-8.3848,12,DE,Soft wheat,gdd_mj,0.0628811197464603
HadGEM3-GC3-1LL,-7.5,-7.5599,19,DE,Soft wheat,gdd_mj,0.0570765927201029
HadGEM3-GC3-1LL,-6.5,-6.5442,24,DE,Soft wheat,gdd_mj,0.0593331552875653
HadGEM3-GC3-1LL,-5.5,-5.5797,10,DE,Soft wheat,gdd_mj,0.0464592299728422
HadGEM3-GC3-1LL,-4.5,-4.5263,6,DE,Soft wheat,gdd_mj,0.0576882579339498
HadGEM3-GC3-1LL,-3.5,-3.7835,7,DE,Soft wheat,gdd_mj,0.066881911994258
HadGEM3-GC3-1LL,-2.5,-2.4504,6,DE,Soft wheat,gdd_mj,0.0647661426604792
HadGEM3-GC3-1LL,-1.5,-1.3098,8,DE,Soft wheat,gdd_mj,0.0195081959338657
HadGEM3-GC3-1LL,-0.5,-0.331,6,DE,Soft wheat,gdd_mj,0.0256613426802593
HadGEM3-GC3-1MM,-14.5,-14.3032,4,DE,Soft wheat,gdd_mj,0.14111085141079
HadGEM3-GC3-1MM,-13.5,-13.3931,8,DE,Soft wheat,gdd_mj,0.155651853375032
HadGEM3-GC3-1MM,-12.5,-12.588,13,DE,Soft wheat,gdd_mj,0.138804209838556
HadGEM3-GC3-1MM,-11.5,-11.5321,21,DE,Soft wheat,gdd_mj,0.140026907223206
HadGEM3-GC3-1MM,-10.5,-10.4803,10,DE,Soft wheat,gdd_mj,0.133461978383079
HadGEM3-GC3-1MM,-9.5,-9.6161,7,DE,Soft wheat,gdd_mj,0.0838470601526963
HadGEM3-GC3-1MM,-8.5,-8.6582,7,DE,Soft wheat,gdd_mj,0.0928874455838752
HadGEM3-GC3-1MM,-7.5,-7.6345,8,DE,Soft wheat,gdd_mj,0.101962117321603
HadGEM3-GC3-1MM,-6.5,-6.4299,4,DE,Soft wheat,gdd_mj,0.0555008147909098
HadGEM3-GC3-1MM,-5.5,-5.3528,4,DE,Soft wheat,gdd_mj,0.0605202187172948
HadGEM3-GC3-1MM,-4.5,-4.3969,4,DE,Soft wheat,gdd_mj,0.0369930414149906
IPSL-CM6A-LR,-9.5,-9.3401,5,DE,Soft wheat,gdd_mj,0.101689700800865
IPSL-CM6A-LR,-8.5,-8.4598,8,DE,Soft wheat,gdd_mj,0.118046192087318
IPSL-CM6A-LR,-7.5,-7.5255,19,DE,Soft wheat,gdd_mj,0.0938143146425006
IPSL-CM6A-LR,-6.5,-6.5577,11,DE,Soft wheat,gdd_mj,0.0970126873174909
IPSL-CM6A-LR,-5.5,-5.5623,13,DE,Soft wheat,gdd_mj,0.0713435142143308
IPSL-CM6A-LR,-4.5,-4.3507,11,DE,Soft wheat,gdd_mj,0.0556246385260084
IPSL-CM6A-LR,-3.5,-3.4644,8,DE,Soft wheat,gdd_mj,0.0657707050289344
IPSL-CM6A-LR,-2.5,-2.5669,9,DE,Soft wheat,gdd_mj,0.0226454910881887
IPSL-CM6A-LR,-1.5,-1.2909,6,DE,Soft wheat,gdd_mj,0.0464082852490497
IPSL-CM6A-LR,-0.5,-0.6347,8,DE,Soft wheat,gdd_mj,0.00735653922127588
EC-Earth3,-9.5,-9.1554,4,DK,Soft wheat,gdd_mj,0.0887706245624931
EC-Earth3,-8.5,-8.4726,15,DK,Soft wheat,gdd_mj,0.0920146130937048
EC-Earth3,-7.5,-7.5562,20,DK,Soft wheat,gdd_mj,0.0782011503467125
EC-Earth3,-6.5,-6.4767,21,DK,Soft wheat,gdd_mj,0.0525920153147647
EC-Earth3,-5.5,-5.3342,8,DK,Soft wheat,gdd_mj,0.0492237369609969
EC-Earth3,-4.5,-4.5495,8,DK,Soft wheat,gdd_mj,0.0811306276983427
EC-Earth3,-3.5,-3.3459,9,DK,Soft wheat,gdd_mj,0.0592999119460645
EC-Earth3,-2.5,-2.4493,5,DK,Soft wheat,gdd_mj,0.0540219648799796
EC-Earth3,-1.5,-1.3807,6,DK,Soft wheat,gdd_mj,0.0190747561913375
EC-Earth3,-0.5,-0.6596,3,DK,Soft wheat,gdd_mj,0.0184003033474651
HadGEM3-GC3-1LL,-8.5,-8.3848,12,DK,Soft wheat,gdd_mj,0.0715114028449896
HadGEM3-GC3-1LL,-7.5,-7.5599,19,DK,Soft wheat,gdd_mj,0.0678395673823739
HadGEM3-GC3-1LL,-6.5,-6.5442,24,DK,Soft wheat,gdd_mj,0.0662799835725741
HadGEM3-GC3-1LL,-5.5,-5.5797,10,DK,Soft wheat,gdd_mj,0.0531726858259671
HadGEM3-GC3-1LL,-4.5,-4.5263,6,DK,Soft wheat,gdd_mj,0.0544781207118416
HadGEM3-GC3-1LL,-3.5,-3.7835,7,DK,Soft wheat,gdd_mj,0.0735842133985872
HadGEM3-GC3-1LL,-2.5,-2.4504,6,DK,Soft wheat,gdd_mj,0.0660069296909998
HadGEM3-GC3-1LL,-1.5,-1.3098,8,DK,Soft wheat,gdd_mj,0.0182761203515514
HadGEM3-GC3-1LL,-0.5,-0.331,6,DK,Soft wheat,gdd_mj,0.0169088527293582
HadGEM3-GC3-1MM,-14.5,-14.3032,4,DK,Soft wheat,gdd_mj,0.166245774430089
HadGEM3-GC3-1MM,-13.5,-13.3931,8,DK,Soft wheat,gdd_mj,0.176056683972653
HadGEM3-GC3-1MM,-12.5,-12.588,13,DK,Soft wheat,gdd_mj,0.180328329666284
HadGEM3-GC3-1MM,-11.5,-11.5321,21,DK,Soft wheat,gdd_mj,0.172268853538354
HadGEM3-GC3-1MM,-10.5,-10.4803,10,DK,Soft wheat,gdd_mj,0.157670544348513
HadGEM3-GC3-1MM,-9.5,-9.6161,7,DK,Soft wheat,gdd_mj,0.117864248060613
HadGEM3-GC3-1MM,-8.5,-8.6582,7,DK,Soft wheat,gdd_mj,0.12103850669274
HadGEM3-GC3-1MM,-7.5,-7.6345,8,DK,Soft wheat,gdd_mj,0.109140599854978
HadGEM3-GC3-1MM,-6.5,-6.4299,4,DK,Soft wheat,gdd_mj,0.0588596564325366
HadGEM3-GC3-1MM,-5.5,-5.3528,4,DK,Soft wheat,gdd_mj,0.0612852440498622
HadGEM3-GC3-1MM,-4.5,-4.3969,4,DK,Soft wheat,gdd_mj,0.0458476400985171
IPSL-CM6A-LR,-9.5,-9.3401,5,DK,Soft wheat,gdd_mj,0.124484529896687
IPSL-CM6A-LR,-8.5,-8.4598,8,DK,Soft wheat,gdd_mj,0.146485950826127
IPSL-CM6A-LR,-7.5,-7.5255,19,DK,Soft wheat,gdd_mj,0.11516747217064
IPSL-CM6A-LR,-6.5,-6.5577,11,DK,Soft wheat,gdd_mj,0.131414877233098
IPSL-CM6A-LR,-5.5,-5.5623,13,DK,Soft wheat,gdd_mj,0.0835791812857092
IPSL-CM6A-LR,-4.5,-4.3507,11,DK,Soft wheat,gdd_mj,0.0693144658663027
IPSL-CM6A-LR,-3.5,-3.4644,8,DK,Soft wheat,gdd_mj,0.0762149892827228
IPSL-CM6A-LR,-2.5,-2.5669,9,DK,Soft wheat,gdd_mj,0.0294880075895605
IPSL-CM6A-LR,-1.5,-1.2909,6,DK,Soft wheat,gdd_mj,0.053940833644188
IPSL-CM6A-LR,-0.5,-0.6347,8,DK,Soft wheat,gdd_mj,0.019956155391924
EC-Earth3,-9.5,-9.1554,4,EE,Soft wheat,gdd_mj,0.0414168875769559
EC-Earth3,-8.5,-8.4726,15,EE,Soft wheat,gdd_mj,0.0514161837720899
EC-Earth3,-7.5,-7.5562,20,EE,Soft wheat,gdd_mj,0.0546176123132907
EC-Earth3,-6.5,-6.4767,21,EE,Soft wheat,gdd_mj,0.0273690375473941
EC-Earth3,-5.5,-5.3342,8,EE,Soft wheat,gdd_mj,0.0270630196727878
EC-Earth3,-4.5,-4.5495,8,EE,Soft wheat,gdd_mj,0.0655696484069227
EC-Earth3,-3.5,-3.3459,9,EE,Soft wheat,gdd_mj,0.0600727163734374
EC-Earth3,-2.5,-2.4493,5,EE,Soft wheat,gdd_mj,0.0487308012554446
EC-Earth3,-1.5,-1.3807,6,EE,Soft wheat,gdd_mj,-0.000804090289939291
EC-Earth3,-0.5,-0.6596,3,EE,Soft wheat,gdd_mj,0.00444845449847529
HadGEM3-GC3-1LL,-8.5,-8.3848,12,EE,Soft wheat,gdd_mj,0.0485567530254073
HadGEM3-GC3-1LL,-7.5,-7.5599,19,EE,Soft wheat,gdd_mj,0.049104271039536
HadGEM3-GC3-1LL,-6.5,-6.5442,24,EE,Soft wheat,gdd_mj,0.0506236872205928
HadGEM3-GC3-1LL,-5.5,-5.5797,10,EE,Soft wheat,gdd_mj,0.039524533173966
HadGEM3-GC3-1LL,-4.5,-4.5263,6,EE,Soft wheat,gdd_mj,0.0288732970548695
HadGEM3-GC3-1LL,-3.5,-3.7835,7,EE,Soft wheat,gdd_mj,0.044254000566187
HadGEM3-GC3-1LL,-2.5,-2.4504,6,EE,Soft wheat,gdd_mj,0.0446591287302871
HadGEM3-GC3-1LL,-1.5,-1.3098,8,EE,Soft wheat,gdd_mj,0.0146828226809075
HadGEM3-GC3-1LL,-0.5,-0.331,6,EE,Soft wheat,gdd_mj,0.00925765110052255
HadGEM3-GC3-1MM,-14.5,-14.3032,4,EE,Soft wheat,gdd_mj,0.105595343366547
HadGEM3-GC3-1MM,-13.5,-13.3931,8,EE,Soft wheat,gdd_mj,0.134093728818472
HadGEM3-GC3-1MM,-12.5,-12.588,13,EE,Soft wheat,gdd_mj,0.140564932960424
HadGEM3-GC3-1MM,-11.5,-11.5321,21,EE,Soft wheat,gdd_mj,0.12977655197544
HadGEM3-GC3-1MM,-10.5,-10.4803,10,EE,Soft wheat,gdd_mj,0.12771017064418
HadGEM3-GC3-1MM,-9.5,-9.6161,7,EE,Soft wheat,gdd_mj,0.102986966309214
HadGEM3-GC3-1MM,-8.5,-8.6582,7,EE,Soft wheat,gdd_mj,0.0998784843246237
HadGEM3-GC3-1MM,-7.5,-7.6345,8,EE,Soft wheat,gdd_mj,0.0907766408462741
HadGEM3-GC3-1MM,-6.5,-6.4299,4,EE,Soft wheat,gdd_mj,0.0534194695807672
HadGEM3-GC3-1MM,-5.5,-5.3528,4,EE,Soft wheat,gdd_mj,0.0491272211879602
HadGEM3-GC3-1MM,-4.5,-4.3969,4,EE,Soft wheat,gdd_mj,0.0437612730120546
IPSL-CM6A-LR,-9.5,-9.3401,5,EE,Soft wheat,gdd_mj,0.0951664140541096
IPSL-CM6A-LR,-8.5,-8.4598,8,EE,Soft wheat,gdd_mj,0.104013470131567
IPSL-CM6A-LR,-7.5,-7.5255,19,EE,Soft wheat,gdd_mj,0.0903241181386526
IPSL-CM6A-LR,-6.5,-6.5577,11,EE,Soft wheat,gdd_mj,0.09716361201898
IPSL-CM6A-LR,-5.5,-5.5623,13,EE,Soft wheat,gdd_mj,0.0575970349043371
IPSL-CM6A-LR,-4.5,-4.3507,11,EE,Soft wheat,gdd_mj,0.0574745406844801
IPSL-CM6A-LR,-3.5,-3.4644,8,EE,Soft wheat,gdd_mj,0.04364550165805
IPSL-CM6A-LR,-2.5,-2.5669,9,EE,Soft wheat,gdd_mj,0.0297822134027688
IPSL-CM6A-LR,-1.5,-1.2909,6,EE,Soft wheat,gdd_mj,0.033659167116288
IPSL-CM6A-LR,-0.5,-0.6347,8,EE,Soft wheat,gdd_mj,0.00695598448257146
EC-Earth3,-9.5,-9.1554,4,EL,Soft wheat,gdd_mj,0.0613831698351299
EC-Earth3,-8.5,-8.4726,15,EL,Soft wheat,gdd_mj,0.0913223952368508
EC-Earth3,-7.5,-7.5562,20,EL,Soft wheat,gdd_mj,0.0725154755859227
EC-Earth3,-6.5,-6.4767,21,EL,Soft wheat,gdd_mj,0.0551854960387122
EC-Earth3,-5.5,-5.3342,8,EL,Soft wheat,gdd_mj,0.0557570206310365
EC-Earth3,-4.5,-4.5495,8,EL,Soft wheat,gdd_mj,0.0402999260866571
EC-Earth3,-3.5,-3.3459,9,EL,Soft wheat,gdd_mj,0.0551308325614219
EC-Earth3,-2.5,-2.4493,5,EL,Soft wheat,gdd_mj,0.0378262533096622
EC-Earth3,-1.5,-1.3807,6,EL,Soft wheat,gdd_mj,0.019210101509898
EC-Earth3,-0.5,-0.6596,3,EL,Soft wheat,gdd_mj,-0.00353131386413712
HadGEM3-GC3-1LL,-8.5,-8.3848,12,EL,Soft wheat,gdd_mj,0.0659929804722998
HadGEM3-GC3-1LL,-7.5,-7.5599,19,EL,Soft wheat,gdd_mj,0.0493773306722891
HadGEM3-GC3-1LL,-6.5,-6.5442,24,EL,Soft wheat,gdd_mj,0.0648031354014598
HadGEM3-GC3-1LL,-5.5,-5.5797,10,EL,Soft wheat,gdd_mj,0.0300271999287546
HadGEM3-GC3-1LL,-4.5,-4.5263,6,EL,Soft wheat,gdd_mj,0.0553757568200857
HadGEM3-GC3-1LL,-3.5,-3.7835,7,EL,Soft wheat,gdd_mj,0.0350909406902421
HadGEM3-GC3-1LL,-2.5,-2.4504,6,EL,Soft wheat,gdd_mj,0.0280770474681982
HadGEM3-GC3-1LL,-1.5,-1.3098,8,EL,Soft wheat,gdd_mj,0.00101236919954603
HadGEM3-GC3-1LL,-0.5,-0.331,6,EL,Soft wheat,gdd_mj,0.0144081892449396
HadGEM3-GC3-1MM,-14.5,-14.3032,4,EL,Soft wheat,gdd_mj,0.091351961901449
HadGEM3-GC3-1MM,-13.5,-13.3931,8,EL,Soft wheat,gdd_mj,0.0965893997617141
HadGEM3-GC3-1MM,-12.5,-12.588,13,EL,Soft wheat,gdd_mj,0.0996509014692931
HadGEM3-GC3-1MM,-11.5,-11.5321,21,EL,Soft wheat,gdd_mj,0.0893533688382225
HadGEM3-GC3-1MM,-10.5,-10.4803,10,EL,Soft wheat,gdd_mj,0.0846819842595046
HadGEM3-GC3-1MM,-9.5,-9.6161,7,EL,Soft wheat,gdd_mj,0.0581110880326614
HadGEM3-GC3-1MM,-8.5,-8.6582,7,EL,Soft wheat,gdd_mj,0.0513100119702017
HadGEM3-GC3-1MM,-7.5,-7.6345,8,EL,Soft wheat,gdd_mj,0.0674651950184141
HadGEM3-GC3-1MM,-6.5,-6.4299,4,EL,Soft wheat,gdd_mj,0.0345471028765554
HadGEM3-GC3-1MM,-5.5,-5.3528,4,EL,Soft wheat,gdd_mj,0.0268639990017525
HadGEM3-GC3-1MM,-4.5,-4.3969,4,EL,Soft wheat,gdd_mj,0.0169778090163836
IPSL-CM6A-LR,-9.5,-9.3401,5,EL,Soft wheat,gdd_mj,0.0886299254602209
IPSL-CM6A-LR,-8.5,-8.4598,8,EL,Soft wheat,gdd_mj,0.0578801277117435
IPSL-CM6A-LR,-7.5,-7.5255,19,EL,Soft wheat,gdd_mj,0.0571673957854568
IPSL-CM6A-LR,-6.5,-6.5577,11,EL,Soft wheat,gdd_mj,0.055312835035875
IPSL-CM6A-LR,-5.5,-5.5623,13,EL,Soft wheat,gdd_mj,0.0258708580231628
IPSL-CM6A-LR,-4.5,-4.3507,11,EL,Soft wheat,gdd_mj,0.0337382607493208
IPSL-CM6A-LR,-3.5,-3.4644,8,EL,Soft wheat,gdd_mj,0.0237485124746957
IPSL-CM6A-LR,-2.5,-2.5669,9,EL,Soft wheat,gdd_mj,0.0170210830297872
IPSL-CM6A-LR,-1.5,-1.2909,6,EL,Soft wheat,gdd_mj,0.022817916587741
IPSL-CM6A-LR,-0.5,-0.6347,8,EL,Soft wheat,gdd_mj,-0.0185000866924799
EC-Earth3,-9.5,-9.1554,4,ES,Soft wheat,gdd_mj,0.0824628848199547
EC-Earth3,-8.5,-8.4726,15,ES,Soft wheat,gdd_mj,0.0723292632171434
EC-Earth3,-7.5,-7.5562,20,ES,Soft wheat,gdd_mj,0.0634382426899156
EC-Earth3,-6.5,-6.4767,21,ES,Soft wheat,gdd_mj,0.0384142916637767
EC-Earth3,-5.5,-5.3342,8,ES,Soft wheat,gdd_mj,0.0471093721707502
EC-Earth3,-4.5,-4.5495,8,ES,Soft wheat,gdd_mj,0.0238198743773262
EC-Earth3,-3.5,-3.3459,9,ES,Soft wheat,gdd_mj,0.0583598905103022
EC-Earth3,-2.5,-2.4493,5,ES,Soft wheat,gdd_mj,0.0198154885679579
EC-Earth3,-1.5,-1.3807,6,ES,Soft wheat,gdd_mj,0.0292387814328603
EC-Earth3,-0.5,-0.6596,3,ES,Soft wheat,gdd_mj,-0.00728584210964375
HadGEM3-GC3-1LL,-8.5,-8.3848,12,ES,Soft wheat,gdd_mj,0.0597170210070798
HadGEM3-GC3-1LL,-7.5,-7.5599,19,ES,Soft wheat,gdd_mj,0.0565139929748943
HadGEM3-GC3-1LL,-6.5,-6.5442,24,ES,Soft wheat,gdd_mj,0.056154988144169
HadGEM3-GC3-1LL,-5.5,-5.5797,10,ES,Soft wheat,gdd_mj,0.0431945534928779
HadGEM3-GC3-1LL,-4.5,-4.5263,6,ES,Soft wheat,gdd_mj,0.0255174508801507
HadGEM3-GC3-1LL,-3.5,-3.7835,7,ES,Soft wheat,gdd_mj,0.0367411645790273
HadGEM3-GC3-1LL,-2.5,-2.4504,6,ES,Soft wheat,gdd_mj,0.0328809373019084
HadGEM3-GC3-1LL,-1.5,-1.3098,8,ES,Soft wheat,gdd_mj,0.0145496938281186
HadGEM3-GC3-1LL,-0.5,-0.331,6,ES,Soft wheat,gdd_mj,0.00066975382032139
HadGEM3-GC3-1MM,-14.5,-14.3032,4,ES,Soft wheat,gdd_mj,0.136462139628758
HadGEM3-GC3-1MM,-13.5,-13.3931,8,ES,Soft wheat,gdd_mj,0.154832121691831
HadGEM3-GC3-1MM,-12.5,-12.588,13,ES,Soft wheat,gdd_mj,0.120270471401998
HadGEM3-GC3-1MM,-11.5,-11.5321,21,ES,Soft wheat,gdd_mj,0.0960089756519338
HadGEM3-GC3-1MM,-10.5,-10.4803,10,ES,Soft wheat,gdd_mj,0.0744539522742376
HadGEM3-GC3-1MM,-9.5,-9.6161,7,ES,Soft wheat,gdd_mj,0.0903658167970574
HadGEM3-GC3-1MM,-8.5,-8.6582,7,ES,Soft wheat,gdd_mj,0.0581116588193663
HadGEM3-GC3-1MM,-7.5,-7.6345,8,ES,Soft wheat,gdd_mj,0.0432591213227203
HadGEM3-GC3-1MM,-6.5,-6.4299,4,ES,Soft wheat,gdd_mj,0.0400124677878366
HadGEM3-GC3-1MM,-5.5,-5.3528,4,ES,Soft wheat,gdd_mj,0.0381684984823236
HadGEM3-GC3-1MM,-4.5,-4.3969,4,ES,Soft wheat,gdd_mj,0.0111328781097199
IPSL-CM6A-LR,-9.5,-9.3401,5,ES,Soft wheat,gdd_mj,0.0870172425159109
IPSL-CM6A-LR,-8.5,-8.4598,8,ES,Soft wheat,gdd_mj,0.0868434454648012
IPSL-CM6A-LR,-7.5,-7.5255,19,ES,Soft wheat,gdd_mj,0.0649816273111245
IPSL-CM6A-LR,-6.5,-6.5577,11,ES,Soft wheat,gdd_mj,0.0637635960799756
IPSL-CM6A-LR,-5.5,-5.5623,13,ES,Soft wheat,gdd_mj,0.0581480700005156
IPSL-CM6A-LR,-4.5,-4.3507,11,ES,Soft wheat,gdd_mj,0.0230752692209294
IPSL-CM6A-LR,-3.5,-3.4644,8,ES,Soft wheat,gdd_mj,0.0145799809571234
IPSL-CM6A-LR,-2.5,-2.5669,9,ES,Soft wheat,gdd_mj,0.0294615568823107
IPSL-CM6A-LR,-1.5,-1.2909,6,ES,Soft wheat,gdd_mj,0.0355055586695069
IPSL-CM6A-LR,-0.5,-0.6347,8,ES,Soft wheat,gdd_mj,-0.00522810292823969
EC-Earth3,-9.5,-9.1554,4,FI,Soft wheat,gdd_mj,0.0613961241060273
EC-Earth3,-8.5,-8.4726,15,FI,Soft wheat,gdd_mj,0.0603865114701658
EC-Earth3,-7.5,-7.5562,20,FI,Soft wheat,gdd_mj,0.0524071703252047
EC-Earth3,-6.5,-6.4767,21,FI,Soft wheat,gdd_mj,0.0285083638781332
EC-Earth3,-5.5,-5.3342,8,FI,Soft wheat,gdd_mj,0.0343322915692464
EC-Earth3,-4.5,-4.5495,8,FI,Soft wheat,gdd_mj,0.0714319580874908
EC-Earth3,-3.5,-3.3459,9,FI,Soft wheat,gdd_mj,0.0653148661797172
EC-Earth3,-2.5,-2.4493,5,FI,Soft wheat,gdd_mj,0.0599676516788986
EC-Earth3,-1.5,-1.3807,6,FI,Soft wheat,gdd_mj,0.00823120009636308
EC-Earth3,-0.5,-0.6596,3,FI,Soft wheat,gdd_mj,0.0128957488995185
HadGEM3-GC3-1LL,-8.5,-8.3848,12,FI,Soft wheat,gdd_mj,0.0494558018722162
HadGEM3-GC3-1LL,-7.5,-7.5599,19,FI,Soft wheat,gdd_mj,0.0486976972817238
HadGEM3-GC3-1LL,-6.5,-6.5442,24,FI,Soft wheat,gdd_mj,0.0477245934786917
HadGEM3-GC3-1LL,-5.5,-5.5797,10,FI,Soft wheat,gdd_mj,0.0366791171853774
HadGEM3-GC3-1LL,-4.5,-4.5263,6,FI,Soft wheat,gdd_mj,0.0274167819192805
HadGEM3-GC3-1LL,-3.5,-3.7835,7,FI,Soft wheat,gdd_mj,0.0412224227371051
HadGEM3-GC3-1LL,-2.5,-2.4504,6,FI,Soft wheat,gdd_mj,0.0391053440365609
HadGEM3-GC3-1LL,-1.5,-1.3098,8,FI,Soft wheat,gdd_mj,0.0168463282617173
HadGEM3-GC3-1LL,-0.5,-0.331,6,FI,Soft wheat,gdd_mj,0.00748527383895212
HadGEM3-GC3-1MM,-14.5,-14.3032,4,FI,Soft wheat,gdd_mj,0.118593014955918
HadGEM3-GC3-1MM,-13.5,-13.3931,8,FI,Soft wheat,gdd_mj,0.136040297153646
HadGEM3-GC3-1MM,-12.5,-12.588,13,FI,Soft wheat,gdd_mj,0.141096822285351
HadGEM3-GC3-1MM,-11.5,-11.5321,21,FI,Soft wheat,gdd_mj,0.136964235976399
HadGEM3-GC3-1MM,-10.5,-10.4803,10,FI,Soft wheat,gdd_mj,0.13162521369619
HadGEM3-GC3-1MM,-9.5,-9.6161,7,FI,Soft wheat,gdd_mj,0.109556069748388
HadGEM3-GC3-1MM,-8.5,-8.6582,7,FI,Soft wheat,gdd_mj,0.104082268632214
HadGEM3-GC3-1MM,-7.5,-7.6345,8,FI,Soft wheat,gdd_mj,0.0896342660047534
HadGEM3-GC3-1MM,-6.5,-6.4299,4,FI,Soft wheat,gdd_mj,0.0603742175341381
HadGEM3-GC3-1MM,-5.5,-5.3528,4,FI,Soft wheat,gdd_mj,0.0570247602797967
HadGEM3-GC3-1MM,-4.5,-4.3969,4,FI,Soft wheat,gdd_mj,0.0464357189828805
IPSL-CM6A-LR,-9.5,-9.3401,5,FI,Soft wheat,gdd_mj,0.085288720556493
IPSL-CM6A-LR,-8.5,-8.4598,8,FI,Soft wheat,gdd_mj,0.100450013343626
IPSL-CM6A-LR,-7.5,-7.5255,19,FI,Soft wheat,gdd_mj,0.085829125571626
IPSL-CM6A-LR,-6.5,-6.5577,11,FI,Soft wheat,gdd_mj,0.0929810855325185
IPSL-CM6A-LR,-5.5,-5.5623,13,FI,Soft wheat,gdd_mj,0.0523728373008568
IPSL-CM6A-LR,-4.5,-4.3507,11,FI,Soft wheat,gdd_mj,0.0560547814401864
IPSL-CM6A-LR,-3.5,-3.4644,8,FI,Soft wheat,gdd_mj,0.0381181541045687
IPSL-CM6A-LR,-2.5,-2.5669,9,FI,Soft wheat,gdd_mj,0.0268475048987256
IPSL-CM6A-LR,-1.5,-1.2909,6,FI,Soft wheat,gdd_mj,0.0348640509854815
IPSL-CM6A-LR,-0.5,-0.6347,8,FI,Soft wheat,gdd_mj,0.0133271364508284
EC-Earth3,-9.5,-9.1554,4,FR,Soft wheat,gdd_mj,0.108361546781972
EC-Earth3,-8.5,-8.4726,15,FR,Soft wheat,gdd_mj,0.100801106158388
EC-Earth3,-7.5,-7.5562,20,FR,Soft wheat,gdd_mj,0.089860358807277
EC-Earth3,-6.5,-6.4767,21,FR,Soft wheat,gdd_mj,0.0597582741537896
EC-Earth3,-5.5,-5.3342,8,FR,Soft wheat,gdd_mj,0.0731345694817951
EC-Earth3,-4.5,-4.5495,8,FR,Soft wheat,gdd_mj,0.0687540648479282
EC-Earth3,-3.5,-3.3459,9,FR,Soft wheat,gdd_mj,0.0465921271682374
EC-Earth3,-2.5,-2.4493,5,FR,Soft wheat,gdd_mj,0.037392169922473
EC-Earth3,-1.5,-1.3807,6,FR,Soft wheat,gdd_mj,0.016205101803711
EC-Earth3,-0.5,-0.6596,3,FR,Soft wheat,gdd_mj,0.00924478973820327
HadGEM3-GC3-1LL,-8.5,-8.3848,12,FR,Soft wheat,gdd_mj,0.0727610009263841
HadGEM3-GC3-1LL,-7.5,-7.5599,19,FR,Soft wheat,gdd_mj,0.0754219308679583
HadGEM3-GC3-1LL,-6.5,-6.5442,24,FR,Soft wheat,gdd_mj,0.0694205602878003
HadGEM3-GC3-1LL,-5.5,-5.5797,10,FR,Soft wheat,gdd_mj,0.0609088735887258
HadGEM3-GC3-1LL,-4.5,-4.5263,6,FR,Soft wheat,gdd_mj,0.0528875262627197
HadGEM3-GC3-1LL,-3.5,-3.7835,7,FR,Soft wheat,gdd_mj,0.075653976579725
HadGEM3-GC3-1LL,-2.5,-2.4504,6,FR,Soft wheat,gdd_mj,0.0659181558279266
HadGEM3-GC3-1LL,-1.5,-1.3098,8,FR,Soft wheat,gdd_mj,0.0254716060661514
HadGEM3-GC3-1LL,-0.5,-0.331,6,FR,Soft wheat,gdd_mj,0.0194514865232435
HadGEM3-GC3-1MM,-14.5,-14.3032,4,FR,Soft wheat,gdd_mj,0.175931096776493
HadGEM3-GC3-1MM,-13.5,-13.3931,8,FR,Soft wheat,gdd_mj,0.185058456660464
HadGEM3-GC3-1MM,-12.5,-12.588,13,FR,Soft wheat,gdd_mj,0.155676084065855
HadGEM3-GC3-1MM,-11.5,-11.5321,21,FR,Soft wheat,gdd_mj,0.149991259794718
HadGEM3-GC3-1MM,-10.5,-10.4803,10,FR,Soft wheat,gdd_mj,0.132959441818898
HadGEM3-GC3-1MM,-9.5,-9.6161,7,FR,Soft wheat,gdd_mj,0.110708963416185
HadGEM3-GC3-1MM,-8.5,-8.6582,7,FR,Soft wheat,gdd_mj,0.0971334102483107
HadGEM3-GC3-1MM,-7.5,-7.6345,8,FR,Soft wheat,gdd_mj,0.103347393346511
HadGEM3-GC3-1MM,-6.5,-6.4299,4,FR,Soft wheat,gdd_mj,0.0662803975292078
HadGEM3-GC3-1MM,-5.5,-5.3528,4,FR,Soft wheat,gdd_mj,0.0740823095678549
HadGEM3-GC3-1MM,-4.5,-4.3969,4,FR,Soft wheat,gdd_mj,0.0256857190691911
IPSL-CM6A-LR,-9.5,-9.3401,5,FR,Soft wheat,gdd_mj,0.116927468136233
IPSL-CM6A-LR,-8.5,-8.4598,8,FR,Soft wheat,gdd_mj,0.145919222670492
IPSL-CM6A-LR,-7.5,-7.5255,19,FR,Soft wheat,gdd_mj,0.104348705976603
IPSL-CM6A-LR,-6.5,-6.5577,11,FR,Soft wheat,gdd_mj,0.100702956235689
IPSL-CM6A-LR,-5.5,-5.5623,13,FR,Soft wheat,gdd_mj,0.086233993289384
IPSL-CM6A-LR,-4.5,-4.3507,11,FR,Soft wheat,gdd_mj,0.063845765734219
IPSL-CM6A-LR,-3.5,-3.4644,8,FR,Soft wheat,gdd_mj,0.0651550165697836
IPSL-CM6A-LR,-2.5,-2.5669,9,FR,Soft wheat,gdd_mj,0.0185137857331532
IPSL-CM6A-LR,-1.5,-1.2909,6,FR,Soft wheat,gdd_mj,0.0654756852227447
IPSL-CM6A-LR,-0.5,-0.6347,8,FR,Soft wheat,gdd_mj,0.0107061857877975
EC-Earth3,-9.5,-9.1554,4,HU,Soft wheat,gdd_mj,0.0660904750875767
EC-Earth3,-8.5,-8.4726,15,HU,Soft wheat,gdd_mj,0.101043616908313
EC-Earth3,-7.5,-7.5562,20,HU,Soft wheat,gdd_mj,0.0845864807617605
EC-Earth3,-6.5,-6.4767,21,HU,Soft wheat,gdd_mj,0.0368802120282403
EC-Earth3,-5.5,-5.3342,8,HU,Soft wheat,gdd_mj,0.0296989873887758
EC-Earth3,-4.5,-4.5495,8,HU,Soft wheat,gdd_mj,0.0422459126171156
EC-Earth3,-3.5,-3.3459,9,HU,Soft wheat,gdd_mj,0.0693508992418814
EC-Earth3,-2.5,-2.4493,5,HU,Soft wheat,gdd_mj,0.0237304604272981
EC-Earth3,-1.5,-1.3807,6,HU,Soft wheat,gdd_mj,0.0179049359067372
EC-Earth3,-0.5,-0.6596,3,HU,Soft wheat,gdd_mj,-0.022475241201878
HadGEM3-GC3-1LL,-8.5,-8.3848,12,HU,Soft wheat,gdd_mj,0.0631928550941735
HadGEM3-GC3-1LL,-7.5,-7.5599,19,HU,Soft wheat,gdd_mj,0.0403052144014338
HadGEM3-GC3-1LL,-6.5,-6.5442,24,HU,Soft wheat,gdd_mj,0.0609752022092182
HadGEM3-GC3-1LL,-5.5,-5.5797,10,HU,Soft wheat,gdd_mj,0.0349910554775107
HadGEM3-GC3-1LL,-4.5,-4.5263,6,HU,Soft wheat,gdd_mj,0.0658136519157497
HadGEM3-GC3-1LL,-3.5,-3.7835,7,HU,Soft wheat,gdd_mj,0.0531613624970639
HadGEM3-GC3-1LL,-2.5,-2.4504,6,HU,Soft wheat,gdd_mj,0.0565946184438726
HadGEM3-GC3-1LL,-1.5,-1.3098,8,HU,Soft wheat,gdd_mj,0.00801437944543785
HadGEM3-GC3-1LL,-0.5,-0.331,6,HU,Soft wheat,gdd_mj,0.0321819493840396
HadGEM3-GC3-1MM,-14.5,-14.3032,4,HU,Soft wheat,gdd_mj,0.0877640415438786
HadGEM3-GC3-1MM,-13.5,-13.3931,8,HU,Soft wheat,gdd_mj,0.104374019858373
HadGEM3-GC3-1MM,-12.5,-12.588,13,HU,Soft wheat,gdd_mj,0.11609271941175
HadGEM3-GC3-1MM,-11.5,-11.5321,21,HU,Soft wheat,gdd_mj,0.108825948451863
HadGEM3-GC3-1MM,-10.5,-10.4803,10,HU,Soft wheat,gdd_mj,0.110568762512261
HadGEM3-GC3-1MM,-9.5,-9.6161,7,HU,Soft wheat,gdd_mj,0.0557377108075482
HadGEM3-GC3-1MM,-8.5,-8.6582,7,HU,Soft wheat,gdd_mj,0.0679664418997414
HadGEM3-GC3-1MM,-7.5,-7.6345,8,HU,Soft wheat,gdd_mj,0.0856074879133594
HadGEM3-GC3-1MM,-6.5,-6.4299,4,HU,Soft wheat,gdd_mj,0.0503639270193343
HadGEM3-GC3-1MM,-5.5,-5.3528,4,HU,Soft wheat,gdd_mj,0.0433285347060709
HadGEM3-GC3-1MM,-4.5,-4.3969,4,HU,Soft wheat,gdd_mj,0.0240613204825886
IPSL-CM6A-LR,-9.5,-9.3401,5,HU,Soft wheat,gdd_mj,0.0836397724371546
IPSL-CM6A-LR,-8.5,-8.4598,8,HU,Soft wheat,gdd_mj,0.079798338431657
IPSL-CM6A-LR,-7.5,-7.5255,19,HU,Soft wheat,gdd_mj,0.0626108037944062
IPSL-CM6A-LR,-6.5,-6.5577,11,HU,Soft wheat,gdd_mj,0.0551533883146555
IPSL-CM6A-LR,-5.5,-5.5623,13,HU,Soft wheat,gdd_mj,0.0463878258809749
IPSL-CM6A-LR,-4.5,-4.3507,11,HU,Soft wheat,gdd_mj,0.0386343243069976
IPSL-CM6A-LR,-3.5,-3.4644,8,HU,Soft wheat,gdd_mj,0.043163620434096
IPSL-CM6A-LR,-2.5,-2.5669,9,HU,Soft wheat,gdd_mj,0.0211126657029743
IPSL-CM6A-LR,-1.5,-1.2909,6,HU,Soft wheat,gdd_mj,0.0288300136317603
IPSL-CM6A-LR,-0.5,-0.6347,8,HU,Soft wheat,gdd_mj,-0.0105253011579448
EC-Earth3,-9.5,-9.1554,4,IT,Soft wheat,gdd_mj,0.0724733332674587
EC-Earth3,-8.5,-8.4726,15,IT,Soft wheat,gdd_mj,0.0786109699920791
EC-Earth3,-7.5,-7.5562,20,IT,Soft wheat,gdd_mj,0.0711025532332683
EC-Earth3,-6.5,-6.4767,21,IT,Soft wheat,gdd_mj,0.0407740364393351
EC-Earth3,-5.5,-5.3342,8,IT,Soft wheat,gdd_mj,0.0374017662484472
EC-Earth3,-4.5,-4.5495,8,IT,Soft wheat,gdd_mj,0.0366349186856252
EC-Earth3,-3.5,-3.3459,9,IT,Soft wheat,gdd_mj,0.0618691303440023
EC-Earth3,-2.5,-2.4493,5,IT,Soft wheat,gdd_mj,0.0103634888710465
EC-Earth3,-1.5,-1.3807,6,IT,Soft wheat,gdd_mj,0.0079063852862993
EC-Earth3,-0.5,-0.6596,3,IT,Soft wheat,gdd_mj,-0.0357959481162868
HadGEM3-GC3-1LL,-8.5,-8.3848,12,IT,Soft wheat,gdd_mj,0.0573879187767133
HadGEM3-GC3-1LL,-7.5,-7.5599,19,IT,Soft wheat,gdd_mj,0.0476755491453012
HadGEM3-GC3-1LL,-6.5,-6.5442,24,IT,Soft wheat,gdd_mj,0.0648240995938231
HadGEM3-GC3-1LL,-5.5,-5.5797,10,IT,Soft wheat,gdd_mj,0.0367578233949425
HadGEM3-GC3-1LL,-4.5,-4.5263,6,IT,Soft wheat,gdd_mj,0.0463541877709987
HadGEM3-GC3-1LL,-3.5,-3.7835,7,IT,Soft wheat,gdd_mj,0.0384752479461876
HadGEM3-GC3-1LL,-2.5,-2.4504,6,IT,Soft wheat,gdd_mj,0.0378458062420276
HadGEM3-GC3-1LL,-1.5,-1.3098,8,IT,Soft wheat,gdd_mj,0.00802670730553873
HadGEM3-GC3-1LL,-0.5,-0.331,6,IT,Soft wheat,gdd_mj,0.0226260782374654
HadGEM3-GC3-1MM,-14.5,-14.3032,4,IT,Soft wheat,gdd_mj,0.115383191835259
HadGEM3-GC3-1MM,-13.5,-13.3931,8,IT,Soft wheat,gdd_mj,0.123421667081891
HadGEM3-GC3-1MM,-12.5,-12.588,13,IT,Soft wheat,gdd_mj,0.104144953345851
HadGEM3-GC3-1MM,-11.5,-11.5321,21,IT,Soft wheat,gdd_mj,0.102620495177919
HadGEM3-GC3-1MM,-10.5,-10.4803,10,IT,Soft wheat,gdd_mj,0.0945188930286986
HadGEM3-GC3-1MM,-9.5,-9.6161,7,IT,Soft wheat,gdd_mj,0.0665266128738746
HadGEM3-GC3-1MM,-8.5,-8.6582,7,IT,Soft wheat,gdd_mj,0.0574663767592129
HadGEM3-GC3-1MM,-7.5,-7.6345,8,IT,Soft wheat,gdd_mj,0.069178461529491
HadGEM3-GC3-1MM,-6.5,-6.4299,4,IT,Soft wheat,gdd_mj,0.0547612911276804
HadGEM3-GC3-1MM,-5.5,-5.3528,4,IT,Soft wheat,gdd_mj,0.0403852519258703
HadGEM3-GC3-1MM,-4.5,-4.3969,4,IT,Soft wheat,gdd_mj,0.008590893587974
IPSL-CM6A-LR,-9.5,-9.3401,5,IT,Soft wheat,gdd_mj,0.0958621957929006
IPSL-CM6A-LR,-8.5,-8.4598,8,IT,Soft wheat,gdd_mj,0.0866042697147792
IPSL-CM6A-LR,-7.5,-7.5255,19,IT,Soft wheat,gdd_mj,0.0624208613160014
IPSL-CM6A-LR,-6.5,-6.5577,11,IT,Soft wheat,gdd_mj,0.0647517905155415
IPSL-CM6A-LR,-5.5,-5.5623,13,IT,Soft wheat,gdd_mj,0.0506534669393705
IPSL-CM6A-LR,-4.5,-4.3507,11,IT,Soft wheat,gdd_mj,0.030081515607441
IPSL-CM6A-LR,-3.5,-3.4644,8,IT,Soft wheat,gdd_mj,0.0384779253010822
IPSL-CM6A-LR,-2.5,-2.5669,9,IT,Soft wheat,gdd_mj,0.0159950729714152
IPSL-CM6A-LR,-1.5,-1.2909,6,IT,Soft wheat,gdd_mj,0.0300083189841499
IPSL-CM6A-LR,-0.5,-0.6347,8,IT,Soft wheat,gdd_mj,-0.013779690087528
EC-Earth3,-9.5,-9.1554,4,LT,Soft wheat,gdd_mj,0.0451119742772308
EC-Earth3,-8.5,-8.4726,15,LT,Soft wheat,gdd_mj,0.0627918321941951
EC-Earth3,-7.5,-7.5562,20,LT,Soft wheat,gdd_mj,0.0631443757995436
EC-Earth3,-6.5,-6.4767,21,LT,Soft wheat,gdd_mj,0.0307555136367868
EC-Earth3,-5.5,-5.3342,8,LT,Soft wheat,gdd_mj,0.0303486529719776
EC-Earth3,-4.5,-4.5495,8,LT,Soft wheat,gdd_mj,0.0634232258690064
EC-Earth3,-3.5,-3.3459,9,LT,Soft wheat,gdd_mj,0.0555922560565599
EC-Earth3,-2.5,-2.4493,5,LT,Soft wheat,gdd_mj,0.043474144659483
EC-Earth3,-1.5,-1.3807,6,LT,Soft wheat,gdd_mj,-0.00876677800151412
EC-Earth3,-0.5,-0.6596,3,LT,Soft wheat,gdd_mj,-0.00158739208191753
HadGEM3-GC3-1LL,-8.5,-8.3848,12,LT,Soft wheat,gdd_mj,0.046767808608046
HadGEM3-GC3-1LL,-7.5,-7.5599,19,LT,Soft wheat,gdd_mj,0.0450455153995134
HadGEM3-GC3-1LL,-6.5,-6.5442,24,LT,Soft wheat,gdd_mj,0.0476453342591062
HadGEM3-GC3-1LL,-5.5,-5.5797,10,LT,Soft wheat,gdd_mj,0.0351430534859589
HadGEM3-GC3-1LL,-4.5,-4.5263,6,LT,Soft wheat,gdd_mj,0.043948199944894
HadGEM3-GC3-1LL,-3.5,-3.7835,7,LT,Soft wheat,gdd_mj,0.0519359122588962
HadGEM3-GC3-1LL,-2.5,-2.4504,6,LT,Soft wheat,gdd_mj,0.0566735193750107
HadGEM3-GC3-1LL,-1.5,-1.3098,8,LT,Soft wheat,gdd_mj,0.0210941311523724
HadGEM3-GC3-1LL,-0.5,-0.331,6,LT,Soft wheat,gdd_mj,0.0172609340242867
HadGEM3-GC3-1MM,-14.5,-14.3032,4,LT,Soft wheat,gdd_mj,0.100169792225097
HadGEM3-GC3-1MM,-13.5,-13.3931,8,LT,Soft wheat,gdd_mj,0.130445453269553
HadGEM3-GC3-1MM,-12.5,-12.588,13,LT,Soft wheat,gdd_mj,0.138646920374263
HadGEM3-GC3-1MM,-11.5,-11.5321,21,LT,Soft wheat,gdd_mj,0.126641293821802
HadGEM3-GC3-1MM,-10.5,-10.4803,10,LT,Soft wheat,gdd_mj,0.129845155016818
HadGEM3-GC3-1MM,-9.5,-9.6161,7,LT,Soft wheat,gdd_mj,0.0929908416917641
HadGEM3-GC3-1MM,-8.5,-8.6582,7,LT,Soft wheat,gdd_mj,0.0950430430713293
HadGEM3-GC3-1MM,-7.5,-7.6345,8,LT,Soft wheat,gdd_mj,0.0927259490600339
HadGEM3-GC3-1MM,-6.5,-6.4299,4,LT,Soft wheat,gdd_mj,0.0523618503071282
HadGEM3-GC3-1MM,-5.5,-5.3528,4,LT,Soft wheat,gdd_mj,0.0471450438053079
HadGEM3-GC3-1MM,-4.5,-4.3969,4,LT,Soft wheat,gdd_mj,0.042210677387114
IPSL-CM6A-LR,-9.5,-9.3401,5,LT,Soft wheat,gdd_mj,0.0894855957327854
IPSL-CM6A-LR,-8.5,-8.4598,8,LT,Soft wheat,gdd_mj,0.0982369638899981
IPSL-CM6A-LR,-7.5,-7.5255,19,LT,Soft wheat,gdd_mj,0.082211343324734
IPSL-CM6A-LR,-6.5,-6.5577,11,LT,Soft wheat,gdd_mj,0.0847669585006408
IPSL-CM6A-LR,-5.5,-5.5623,13,LT,Soft wheat,gdd_mj,0.0632413481914332
IPSL-CM6A-LR,-4.5,-4.3507,11,LT,Soft wheat,gdd_mj,0.0588245619319018
IPSL-CM6A-LR,-3.5,-3.4644,8,LT,Soft wheat,gdd_mj,0.0566144992100048
IPSL-CM6A-LR,-2.5,-2.5669,9,LT,Soft wheat,gdd_mj,0.0347610457290193
IPSL-CM6A-LR,-1.5,-1.2909,6,LT,Soft wheat,gdd_mj,0.0275374277948095
IPSL-CM6A-LR,-0.5,-0.6347,8,LT,Soft wheat,gdd_mj,0.00486150842935436
EC-Earth3,-9.5,-9.1554,4,LV,Soft wheat,gdd_mj,0.043640111405404
EC-Earth3,-8.5,-8.4726,15,LV,Soft wheat,gdd_mj,0.055923713398613
EC-Earth3,-7.5,-7.5562,20,LV,Soft wheat,gdd_mj,0.0574115993806946
EC-Earth3,-6.5,-6.4767,21,LV,Soft wheat,gdd_mj,0.0290895932929891
EC-Earth3,-5.5,-5.3342,8,LV,Soft wheat,gdd_mj,0.0262185552137576
EC-Earth3,-4.5,-4.5495,8,LV,Soft wheat,gdd_mj,0.0646089568375732
EC-Earth3,-3.5,-3.3459,9,LV,Soft wheat,gdd_mj,0.0588421836737999
EC-Earth3,-2.5,-2.4493,5,LV,Soft wheat,gdd_mj,0.0445133642485194
EC-Earth3,-1.5,-1.3807,6,LV,Soft wheat,gdd_mj,-0.00508462755841826
EC-Earth3,-0.5,-0.6596,3,LV,Soft wheat,gdd_mj,-0.00119501805109801
HadGEM3-GC3-1LL,-8.5,-8.3848,12,LV,Soft wheat,gdd_mj,0.0461251386035431
HadGEM3-GC3-1LL,-7.5,-7.5599,19,LV,Soft wheat,gdd_mj,0.047026735569302
HadGEM3-GC3-1LL,-6.5,-6.5442,24,LV,Soft wheat,gdd_mj,0.048289788019043
HadGEM3-GC3-1LL,-5.5,-5.5797,10,LV,Soft wheat,gdd_mj,0.0362752311302594
HadGEM3-GC3-1LL,-4.5,-4.5263,6,LV,Soft wheat,gdd_mj,0.0369894685915504
HadGEM3-GC3-1LL,-3.5,-3.7835,7,LV,Soft wheat,gdd_mj,0.0484884690765402
HadGEM3-GC3-1LL,-2.5,-2.4504,6,LV,Soft wheat,gdd_mj,0.0516816591824812
HadGEM3-GC3-1LL,-1.5,-1.3098,8,LV,Soft wheat,gdd_mj,0.0192703695776671
HadGEM3-GC3-1LL,-0.5,-0.331,6,LV,Soft wheat,gdd_mj,0.0127736907945118
HadGEM3-GC3-1MM,-14.5,-14.3032,4,LV,Soft wheat,gdd_mj,0.106175539526302
HadGEM3-GC3-1MM,-13.5,-13.3931,8,LV,Soft wheat,gdd_mj,0.136016246590174
HadGEM3-GC3-1MM,-12.5,-12.588,13,LV,Soft wheat,gdd_mj,0.144344215999366
HadGEM3-GC3-1MM,-11.5,-11.5321,21,LV,Soft wheat,gdd_mj,0.131172632173799
HadGEM3-GC3-1MM,-10.5,-10.4803,10,LV,Soft wheat,gdd_mj,0.132250624021342
HadGEM3-GC3-1MM,-9.5,-9.6161,7,LV,Soft wheat,gdd_mj,0.0996668663835158
HadGEM3-GC3-1MM,-8.5,-8.6582,7,LV,Soft wheat,gdd_mj,0.0976586260304128
HadGEM3-GC3-1MM,-7.5,-7.6345,8,LV,Soft wheat,gdd_mj,0.0938978321297205
HadGEM3-GC3-1MM,-6.5,-6.4299,4,LV,Soft wheat,gdd_mj,0.0537713208225299
HadGEM3-GC3-1MM,-5.5,-5.3528,4,LV,Soft wheat,gdd_mj,0.0457964046942975
HadGEM3-GC3-1MM,-4.5,-4.3969,4,LV,Soft wheat,gdd_mj,0.0446345468522054
IPSL-CM6A-LR,-9.5,-9.3401,5,LV,Soft wheat,gdd_mj,0.0922627832855182
IPSL-CM6A-LR,-8.5,-8.4598,8,LV,Soft wheat,gdd_mj,0.100185185761497
IPSL-CM6A-LR,-7.5,-7.5255,19,LV,Soft wheat,gdd_mj,0.0844596614118019
IPSL-CM6A-LR,-6.5,-6.5577,11,LV,Soft wheat,gdd_mj,0.089604963323437
IPSL-CM6A-LR,-5.5,-5.5623,13,LV,Soft wheat,gdd_mj,0.0595314893489119
IPSL-CM6A-LR,-4.5,-4.3507,11,LV,Soft wheat,gdd_mj,0.0573176137093605
IPSL-CM6A-LR,-3.5,-3.4644,8,LV,Soft wheat,gdd_mj,0.051118315915852
IPSL-CM6A-LR,-2.5,-2.5669,9,LV,Soft wheat,gdd_mj,0.0330801895363487
IPSL-CM6A-LR,-1.5,-1.2909,6,LV,Soft wheat,gdd_mj,0.0300087505493999
IPSL-CM6A-LR,-0.5,-0.6347,8,LV,Soft wheat,gdd_mj,0.00448378486626205
EC-Earth3,-9.5,-9.1554,4,RO,Soft wheat,gdd_mj,0.04332957475373
EC-Earth3,-8.5,-8.4726,15,RO,Soft wheat,gdd_mj,0.0894697508281695
EC-Earth3,-7.5,-7.5562,20,RO,Soft wheat,gdd_mj,0.0736856494116631
EC-Earth3,-6.5,-6.4767,21,RO,Soft wheat,gdd_mj,0.0368667670128298
EC-Earth3,-5.5,-5.3342,8,RO,Soft wheat,gdd_mj,0.0393705376819823
EC-Earth3,-4.5,-4.5495,8,RO,Soft wheat,gdd_mj,0.030620265170688
EC-Earth3,-3.5,-3.3459,9,RO,Soft wheat,gdd_mj,0.0618892554605827
EC-Earth3,-2.5,-2.4493,5,RO,Soft wheat,gdd_mj,0.0263202768477791
EC-Earth3,-1.5,-1.3807,6,RO,Soft wheat,gdd_mj,0.0215391541212286
EC-Earth3,-0.5,-0.6596,3,RO,Soft wheat,gdd_mj,-0.00829988093279901
HadGEM3-GC3-1LL,-8.5,-8.3848,12,RO,Soft wheat,gdd_mj,0.0629928459698436
HadGEM3-GC3-1LL,-7.5,-7.5599,19,RO,Soft wheat,gdd_mj,0.0424862221685673
HadGEM3-GC3-1LL,-6.5,-6.5442,24,RO,Soft wheat,gdd_mj,0.0606793795782595
HadGEM3-GC3-1LL,-5.5,-5.5797,10,RO,Soft wheat,gdd_mj,0.0282712426786022
HadGEM3-GC3-1LL,-4.5,-4.5263,6,RO,Soft wheat,gdd_mj,0.060143796018338
HadGEM3-GC3-1LL,-3.5,-3.7835,7,RO,Soft wheat,gdd_mj,0.0395232512375581
HadGEM3-GC3-1LL,-2.5,-2.4504,6,RO,Soft wheat,gdd_mj,0.0387353927164834
HadGEM3-GC3-1LL,-1.5,-1.3098,8,RO,Soft wheat,gdd_mj,0.006918070318556
HadGEM3-GC3-1LL,-0.5,-0.331,6,RO,Soft wheat,gdd_mj,0.0266276764238319
HadGEM3-GC3-1MM,-14.5,-14.3032,4,RO,Soft wheat,gdd_mj,0.0766291176791304
HadGEM3-GC3-1MM,-13.5,-13.3931,8,RO,Soft wheat,gdd_mj,0.0962650259842879
HadGEM3-GC3-1MM,-12.5,-12.588,13,RO,Soft wheat,gdd_mj,0.109862659817545
HadGEM3-GC3-1MM,-11.5,-11.5321,21,RO,Soft wheat,gdd_mj,0.0940504237954769
HadGEM3-GC3-1MM,-10.5,-10.4803,10,RO,Soft wheat,gdd_mj,0.102697377447884
HadGEM3-GC3-1MM,-9.5,-9.6161,7,RO,Soft wheat,gdd_mj,0.0602450303171148
HadGEM3-GC3-1MM,-8.5,-8.6582,7,RO,Soft wheat,gdd_mj,0.0623998164167789
HadGEM3-GC3-1MM,-7.5,-7.6345,8,RO,Soft wheat,gdd_mj,0.088739793189364
HadGEM3-GC3-1MM,-6.5,-6.4299,4,RO,Soft wheat,gdd_mj,0.0512163216790048
HadGEM3-GC3-1MM,-5.5,-5.3528,4,RO,Soft wheat,gdd_mj,0.0419292338554857
HadGEM3-GC3-1MM,-4.5,-4.3969,4,RO,Soft wheat,gdd_mj,0.0209783111121435
IPSL-CM6A-LR,-9.5,-9.3401,5,RO,Soft wheat,gdd_mj,0.0877703480207421
IPSL-CM6A-LR,-8.5,-8.4598,8,RO,Soft wheat,gdd_mj,0.0612412776982496
IPSL-CM6A-LR,-7.5,-7.5255,19,RO,Soft wheat,gdd_mj,0.0538382655746088
IPSL-CM6A-LR,-6.5,-6.5577,11,RO,Soft wheat,gdd_mj,0.0492838526486474
IPSL-CM6A-LR,-5.5,-5.5623,13,RO,Soft wheat,gdd_mj,0.0322635282664978
IPSL-CM6A-LR,-4.5,-4.3507,11,RO,Soft wheat,gdd_mj,0.0366932905332478
IPSL-CM6A-LR,-3.5,-3.4644,8,RO,Soft wheat,gdd_mj,0.0311865348044911
IPSL-CM6A-LR,-2.5,-2.5669,9,RO,Soft wheat,gdd_mj,0.021388397972034
IPSL-CM6A-LR,-1.5,-1.2909,6,RO,Soft wheat,gdd_mj,0.0219204940711784
IPSL-CM6A-LR,-0.5,-0.6347,8,RO,Soft wheat,gdd_mj,-0.00923654034383534
EC-Earth3,-9.5,-9.1554,4,SE,Soft wheat,gdd_mj,0.0875678367052217
EC-Earth3,-8.5,-8.4726,15,SE,Soft wheat,gdd_mj,0.0838671585448016
EC-Earth3,-7.5,-7.5562,20,SE,Soft wheat,gdd_mj,0.0694890126433547
EC-Earth3,-6.5,-6.4767,21,SE,Soft wheat,gdd_mj,0.0418483421629659
EC-Earth3,-5.5,-5.3342,8,SE,Soft wheat,gdd_mj,0.0439335967852167
EC-Earth3,-4.5,-4.5495,8,SE,Soft wheat,gdd_mj,0.0771248273395185
EC-Earth3,-3.5,-3.3459,9,SE,Soft wheat,gdd_mj,0.0601484743968825
EC-Earth3,-2.5,-2.4493,5,SE,Soft wheat,gdd_mj,0.0616276152940223
EC-Earth3,-1.5,-1.3807,6,SE,Soft wheat,gdd_mj,0.014722481917977
EC-Earth3,-0.5,-0.6596,3,SE,Soft wheat,gdd_mj,0.0219517985013729
HadGEM3-GC3-1LL,-8.5,-8.3848,12,SE,Soft wheat,gdd_mj,0.0572008512797687
HadGEM3-GC3-1LL,-7.5,-7.5599,19,SE,Soft wheat,gdd_mj,0.0565322517178277
HadGEM3-GC3-1LL,-6.5,-6.5442,24,SE,Soft wheat,gdd_mj,0.0571624391849928
HadGEM3-GC3-1LL,-5.5,-5.5797,10,SE,Soft wheat,gdd_mj,0.0425458031097533
HadGEM3-GC3-1LL,-4.5,-4.5263,6,SE,Soft wheat,gdd_mj,0.0404034062774396
HadGEM3-GC3-1LL,-3.5,-3.7835,7,SE,Soft wheat,gdd_mj,0.0592937137832681
HadGEM3-GC3-1LL,-2.5,-2.4504,6,SE,Soft wheat,gdd_mj,0.0527444041367008
HadGEM3-GC3-1LL,-1.5,-1.3098,8,SE,Soft wheat,gdd_mj,0.0157186137569476
HadGEM3-GC3-1LL,-0.5,-0.331,6,SE,Soft wheat,gdd_mj,0.0148769543950897
HadGEM3-GC3-1MM,-14.5,-14.3032,4,SE,Soft wheat,gdd_mj,0.144626766114483
HadGEM3-GC3-1MM,-13.5,-13.3931,8,SE,Soft wheat,gdd_mj,0.155970170133144
HadGEM3-GC3-1MM,-12.5,-12.588,13,SE,Soft wheat,gdd_mj,0.155118874330277
HadGEM3-GC3-1MM,-11.5,-11.5321,21,SE,Soft wheat,gdd_mj,0.147897656137955
HadGEM3-GC3-1MM,-10.5,-10.4803,10,SE,Soft wheat,gdd_mj,0.141549882229857
HadGEM3-GC3-1MM,-9.5,-9.6161,7,SE,Soft wheat,gdd_mj,0.106655595097073
HadGEM3-GC3-1MM,-8.5,-8.6582,7,SE,Soft wheat,gdd_mj,0.109184674537496
HadGEM3-GC3-1MM,-7.5,-7.6345,8,SE,Soft wheat,gdd_mj,0.0999783142600752
HadGEM3-GC3-1MM,-6.5,-6.4299,4,SE,Soft wheat,gdd_mj,0.0537543285267679
HadGEM3-GC3-1MM,-5.5,-5.3528,4,SE,Soft wheat,gdd_mj,0.0618495089585076
HadGEM3-GC3-1MM,-4.5,-4.3969,4,SE,Soft wheat,gdd_mj,0.0435540249473134
IPSL-CM6A-LR,-9.5,-9.3401,5,SE,Soft wheat,gdd_mj,0.104036019257097
IPSL-CM6A-LR,-8.5,-8.4598,8,SE,Soft wheat,gdd_mj,0.126160863405635
IPSL-CM6A-LR,-7.5,-7.5255,19,SE,Soft wheat,gdd_mj,0.0972346027895919
IPSL-CM6A-LR,-6.5,-6.5577,11,SE,Soft wheat,gdd_mj,0.110141381526324
IPSL-CM6A-LR,-5.5,-5.5623,13,SE,Soft wheat,gdd_mj,0.0685947874623972
IPSL-CM6A-LR,-4.5,-4.3507,11,SE,Soft wheat,gdd_mj,0.064355689610585
IPSL-CM6A-LR,-3.5,-3.4644,8,SE,Soft wheat,gdd_mj,0.0622501576584345
IPSL-CM6A-LR,-2.5,-2.5669,9,SE,Soft wheat,gdd_mj,0.0289199679001714
IPSL-CM6A-LR,-1.5,-1.2909,6,SE,Soft wheat,gdd_mj,0.0451052248015681
IPSL-CM6A-LR,-0.5,-0.6347,8,SE,Soft wheat,gdd_mj,0.0158687502239489
EC-Earth3,-9.5,-9.1554,4,SK,Soft wheat,gdd_mj,0.0648200232142995
EC-Earth3,-8.5,-8.4726,15,SK,Soft wheat,gdd_mj,0.0899404022376395
EC-Earth3,-7.5,-7.5562,20,SK,Soft wheat,gdd_mj,0.081120188891
EC-Earth3,-6.5,-6.4767,21,SK,Soft wheat,gdd_mj,0.0329756303250242
EC-Earth3,-5.5,-5.3342,8,SK,Soft wheat,gdd_mj,0.0294939525924773
EC-Earth3,-4.5,-4.5495,8,SK,Soft wheat,gdd_mj,0.0484765218771771
EC-Earth3,-3.5,-3.3459,9,SK,Soft wheat,gdd_mj,0.0564699810203329
EC-Earth3,-2.5,-2.4493,5,SK,Soft wheat,gdd_mj,0.0288372754373954
EC-Earth3,-1.5,-1.3807,6,SK,Soft wheat,gdd_mj,0.00698595652581338
EC-Earth3,-0.5,-0.6596,3,SK,Soft wheat,gdd_mj,-0.0238682568033749
HadGEM3-GC3-1LL,-8.5,-8.3848,12,SK,Soft wheat,gdd_mj,0.0585054663332561
HadGEM3-GC3-1LL,-7.5,-7.5599,19,SK,Soft wheat,gdd_mj,0.041517195256577
HadGEM3-GC3-1LL,-6.5,-6.5442,24,SK,Soft wheat,gdd_mj,0.0548893620367292
HadGEM3-GC3-1LL,-5.5,-5.5797,10,SK,Soft wheat,gdd_mj,0.0346413327206379
HadGEM3-GC3-1LL,-4.5,-4.5263,6,SK,Soft wheat,gdd_mj,0.0609844416782995
HadGEM3-GC3-1LL,-3.5,-3.7835,7,SK,Soft wheat,gdd_mj,0.052108798696415
HadGEM3-GC3-1LL,-2.5,-2.4504,6,SK,Soft wheat,gdd_mj,0.054876699029354
HadGEM3-GC3-1LL,-1.5,-1.3098,8,SK,Soft wheat,gdd_mj,0.0140171196751017
HadGEM3-GC3-1LL,-0.5,-0.331,6,SK,Soft wheat,gdd_mj,0.0306119867155665
HadGEM3-GC3-1MM,-14.5,-14.3032,4,SK,Soft wheat,gdd_mj,0.088063382857297
HadGEM3-GC3-1MM,-13.5,-13.3931,8,SK,Soft wheat,gdd_mj,0.096290526720323
HadGEM3-GC3-1MM,-12.5,-12.588,13,SK,Soft wheat,gdd_mj,0.10873591169128
HadGEM3-GC3-1MM,-11.5,-11.5321,21,SK,Soft wheat,gdd_mj,0.103713856458205
HadGEM3-GC3-1MM,-10.5,-10.4803,10,SK,Soft wheat,gdd_mj,0.107389598631714
HadGEM3-GC3-1MM,-9.5,-9.6161,7,SK,Soft wheat,gdd_mj,0.0472598910263454
HadGEM3-GC3-1MM,-8.5,-8.6582,7,SK,Soft wheat,gdd_mj,0.0670603208513703
HadGEM3-GC3-1MM,-7.5,-7.6345,8,SK,Soft wheat,gdd_mj,0.0845316243605493
HadGEM3-GC3-1MM,-6.5,-6.4299,4,SK,Soft wheat,gdd_mj,0.0448844484131849
HadGEM3-GC3-1MM,-5.5,-5.3528,4,SK,Soft wheat,gdd_mj,0.0403356745057354
HadGEM3-GC3-1MM,-4.5,-4.3969,4,SK,Soft wheat,gdd_mj,0.0245068345738027
IPSL-CM6A-LR,-9.5,-9.3401,5,SK,Soft wheat,gdd_mj,0.0755272801359477
IPSL-CM6A-LR,-8.5,-8.4598,8,SK,Soft wheat,gdd_mj,0.0838115746633864
IPSL-CM6A-LR,-7.5,-7.5255,19,SK,Soft wheat,gdd_mj,0.0647056553065805
IPSL-CM6A-LR,-6.5,-6.5577,11,SK,Soft wheat,gdd_mj,0.053489252349495
IPSL-CM6A-LR,-5.5,-5.5623,13,SK,Soft wheat,gdd_mj,0.0505772939208796
IPSL-CM6A-LR,-4.5,-4.3507,11,SK,Soft wheat,gdd_mj,0.0429105011553723
IPSL-CM6A-LR,-3.5,-3.4644,8,SK,Soft wheat,gdd_mj,0.0466782778118326
IPSL-CM6A-LR,-2.5,-2.5669,9,SK,Soft wheat,gdd_mj,0.0265779805943091
IPSL-CM6A-LR,-1.5,-1.2909,6,SK,Soft wheat,gdd_mj,0.0261965191419451
IPSL-CM6A-LR,-0.5,-0.6347,8,SK,Soft wheat,gdd_mj,-0.0037631513301823
EC-Earth3,-9.5,-9.1554,4,EL,Durum wheat,gdd_mj,0.0745252379279726
EC-Earth3,-8.5,-8.4726,15,EL,Durum wheat,gdd_mj,0.112612368827606
EC-Earth3,-7.5,-7.5562,20,EL,Durum wheat,gdd_mj,0.0883549523636311
EC-Earth3,-6.5,-6.4767,21,EL,Durum wheat,gdd_mj,0.0680901463209887
EC-Earth3,-5.5,-5.3342,8,EL,Durum wheat,gdd_mj,0.0704793749597768
EC-Earth3,-4.5,-4.5495,8,EL,Durum wheat,gdd_mj,0.0500975909210795
EC-Earth3,-3.5,-3.3459,9,EL,Durum wheat,gdd_mj,0.0666534127272817
EC-Earth3,-2.5,-2.4493,5,EL,Durum wheat,gdd_mj,0.0501590891767885
EC-Earth3,-1.5,-1.3807,6,EL,Durum wheat,gdd_mj,0.0228364984216048
EC-Earth3,-0.5,-0.6596,3,EL,Durum wheat,gdd_mj,0.000586765415157846
HadGEM3-GC3-1LL,-8.5,-8.3848,12,EL,Durum wheat,gdd_mj,0.0827484024846749
HadGEM3-GC3-1LL,-7.5,-7.5599,19,EL,Durum wheat,gdd_mj,0.0635573494703588
HadGEM3-GC3-1LL,-6.5,-6.5442,24,EL,Durum wheat,gdd_mj,0.0805511742616042
HadGEM3-GC3-1LL,-5.5,-5.5797,10,EL,Durum wheat,gdd_mj,0.0383505338916403
HadGEM3-GC3-1LL,-4.5,-4.5263,6,EL,Durum wheat,gdd_mj,0.0697187383053263
HadGEM3-GC3-1LL,-3.5,-3.7835,7,EL,Durum wheat,gdd_mj,0.0438032563970309
HadGEM3-GC3-1LL,-2.5,-2.4504,6,EL,Durum wheat,gdd_mj,0.0380828739718865
HadGEM3-GC3-1LL,-1.5,-1.3098,8,EL,Durum wheat,gdd_mj,0.00144259945883721
HadGEM3-GC3-1LL,-0.5,-0.331,6,EL,Durum wheat,gdd_mj,0.0188446780081736
HadGEM3-GC3-1MM,-14.5,-14.3032,4,EL,Durum wheat,gdd_mj,0.119377778788983
HadGEM3-GC3-1MM,-13.5,-13.3931,8,EL,Durum wheat,gdd_mj,0.125693696518232
HadGEM3-GC3-1MM,-12.5,-12.588,13,EL,Durum wheat,gdd_mj,0.129858421998825
HadGEM3-GC3-1MM,-11.5,-11.5321,21,EL,Durum wheat,gdd_mj,0.117331534440805
HadGEM3-GC3-1MM,-10.5,-10.4803,10,EL,Durum wheat,gdd_mj,0.111292511432612
HadGEM3-GC3-1MM,-9.5,-9.6161,7,EL,Durum wheat,gdd_mj,0.0798026776073883
HadGEM3-GC3-1MM,-8.5,-8.6582,7,EL,Durum wheat,gdd_mj,0.0689760754947357
HadGEM3-GC3-1MM,-7.5,-7.6345,8,EL,Durum wheat,gdd_mj,0.0879853195680959
HadGEM3-GC3-1MM,-6.5,-6.4299,4,EL,Durum wheat,gdd_mj,0.0448104344140589
HadGEM3-GC3-1MM,-5.5,-5.3528,4,EL,Durum wheat,gdd_mj,0.0377709741406442
HadGEM3-GC3-1MM,-4.5,-4.3969,4,EL,Durum wheat,gdd_mj,0.0245279565921812
IPSL-CM6A-LR,-9.5,-9.3401,5,EL,Durum wheat,gdd_mj,0.1100259129927
IPSL-CM6A-LR,-8.5,-8.4598,8,EL,Durum wheat,gdd_mj,0.0703079763264072
IPSL-CM6A-LR,-7.5,-7.5255,19,EL,Durum wheat,gdd_mj,0.0710006447546047
IPSL-CM6A-LR,-6.5,-6.5577,11,EL,Durum wheat,gdd_mj,0.0694360789583709
IPSL-CM6A-LR,-5.5,-5.5623,13,EL,Durum wheat,gdd_mj,0.030412251004527
IPSL-CM6A-LR,-4.5,-4.3507,11,EL,Durum wheat,gdd_mj,0.0412730469189161
IPSL-CM6A-LR,-3.5,-3.4644,8,EL,Durum wheat,gdd_mj,0.0281204001819872
IPSL-CM6A-LR,-2.5,-2.5669,9,EL,Durum wheat,gdd_mj,0.0209819573459655
IPSL-CM6A-LR,-1.5,-1.2909,6,EL,Durum wheat,gdd_mj,0.0270838672949503
IPSL-CM6A-LR,-0.5,-0.6347,8,EL,Durum wheat,gdd_mj,-0.0229605411581212
EC-Earth3,-9.5,-9.1554,4,ES,Durum wheat,gdd_mj,0.10026107173114
EC-Earth3,-8.5,-8.4726,15,ES,Durum wheat,gdd_mj,0.0856217657190932
EC-Earth3,-7.5,-7.5562,20,ES,Durum wheat,gdd_mj,0.0767349705848022
EC-Earth3,-6.5,-6.4767,21,ES,Durum wheat,gdd_mj,0.0486999534013446
EC-Earth3,-5.5,-5.3342,8,ES,Durum wheat,gdd_mj,0.0460055120209411
EC-Earth3,-4.5,-4.5495,8,ES,Durum wheat,gdd_mj,0.0204453212913298
EC-Earth3,-3.5,-3.3459,9,ES,Durum wheat,gdd_mj,0.0813454790251184
EC-Earth3,-2.5,-2.4493,5,ES,Durum wheat,gdd_mj,0.0255920601579277
EC-Earth3,-1.5,-1.3807,6,ES,Durum wheat,gdd_mj,0.0348002964713704
EC-Earth3,-0.5,-0.6596,3,ES,Durum wheat,gdd_mj,0.00110670657892976
HadGEM3-GC3-1LL,-8.5,-8.3848,12,ES,Durum wheat,gdd_mj,0.0859510258276867
HadGEM3-GC3-1LL,-7.5,-7.5599,19,ES,Durum wheat,gdd_mj,0.072209310887103
HadGEM3-GC3-1LL,-6.5,-6.5442,24,ES,Durum wheat,gdd_mj,0.0753146182898108
HadGEM3-GC3-1LL,-5.5,-5.5797,10,ES,Durum wheat,gdd_mj,0.0604234022721475
HadGEM3-GC3-1LL,-4.5,-4.5263,6,ES,Durum wheat,gdd_mj,0.0369597477258588
HadGEM3-GC3-1LL,-3.5,-3.7835,7,ES,Durum wheat,gdd_mj,0.0399476235738946
HadGEM3-GC3-1LL,-2.5,-2.4504,6,ES,Durum wheat,gdd_mj,0.0366292177236932
HadGEM3-GC3-1LL,-1.5,-1.3098,8,ES,Durum wheat,gdd_mj,0.0149730735921325
HadGEM3-GC3-1LL,-0.5,-0.331,6,ES,Durum wheat,gdd_mj,0.00543691045874057
HadGEM3-GC3-1MM,-14.5,-14.3032,4,ES,Durum wheat,gdd_mj,0.176972025297922
HadGEM3-GC3-1MM,-13.5,-13.3931,8,ES,Durum wheat,gdd_mj,0.21123030841526
HadGEM3-GC3-1MM,-12.5,-12.588,13,ES,Durum wheat,gdd_mj,0.166248572843124
HadGEM3-GC3-1MM,-11.5,-11.5321,21,ES,Durum wheat,gdd_mj,0.125801986500576
HadGEM3-GC3-1MM,-10.5,-10.4803,10,ES,Durum wheat,gdd_mj,0.0994826701011097
HadGEM3-GC3-1MM,-9.5,-9.6161,7,ES,Durum wheat,gdd_mj,0.119527147649023
HadGEM3-GC3-1MM,-8.5,-8.6582,7,ES,Durum wheat,gdd_mj,0.0753375602803022
HadGEM3-GC3-1MM,-7.5,-7.6345,8,ES,Durum wheat,gdd_mj,0.052028076430095
HadGEM3-GC3-1MM,-6.5,-6.4299,4,ES,Durum wheat,gdd_mj,0.0585920917017573
HadGEM3-GC3-1MM,-5.5,-5.3528,4,ES,Durum wheat,gdd_mj,0.0444404160287125
HadGEM3-GC3-1MM,-4.5,-4.3969,4,ES,Durum wheat,gdd_mj,0.0160358523990447
IPSL-CM6A-LR,-9.5,-9.3401,5,ES,Durum wheat,gdd_mj,0.107397189657779
IPSL-CM6A-LR,-8.5,-8.4598,8,ES,Durum wheat,gdd_mj,0.102347007950515
IPSL-CM6A-LR,-7.5,-7.5255,19,ES,Durum wheat,gdd_mj,0.0776724028082517
IPSL-CM6A-LR,-6.5,-6.5577,11,ES,Durum wheat,gdd_mj,0.0801065321104024
IPSL-CM6A-LR,-5.5,-5.5623,13,ES,Durum wheat,gdd_mj,0.0700731666272398
IPSL-CM6A-LR,-4.5,-4.3507,11,ES,Durum wheat,gdd_mj,0.0304973078099088
IPSL-CM6A-LR,-3.5,-3.4644,8,ES,Durum wheat,gdd_mj,0.0122277982575237
IPSL-CM6A-LR,-2.5,-2.5669,9,ES,Durum wheat,gdd_mj,0.0438035658859166
IPSL-CM6A-LR,-1.5,-1.2909,6,ES,Durum wheat,gdd_mj,0.0394882063636431
IPSL-CM6A-LR,-0.5,-0.6347,8,ES,Durum wheat,gdd_mj,-0.0082258726328154
EC-Earth3,-9.5,-9.1554,4,FR,Durum wheat,gdd_mj,0.122090716884598
EC-Earth3,-8.5,-8.4726,15,FR,Durum wheat,gdd_mj,0.109379547863632
EC-Earth3,-7.5,-7.5562,20,FR,Durum wheat,gdd_mj,0.102480020575519
EC-Earth3,-6.5,-6.4767,21,FR,Durum wheat,gdd_mj,0.0615227461926902
EC-Earth3,-5.5,-5.3342,8,FR,Durum wheat,gdd_mj,0.0837649623251464
EC-Earth3,-4.5,-4.5495,8,FR,Durum wheat,gdd_mj,0.0660234722718519
EC-Earth3,-3.5,-3.3459,9,FR,Durum wheat,gdd_mj,0.0588688154254731
EC-Earth3,-2.5,-2.4493,5,FR,Durum wheat,gdd_mj,0.0340572825357794
EC-Earth3,-1.5,-1.3807,6,FR,Durum wheat,gdd_mj,0.0242218343854631
EC-Earth3,-0.5,-0.6596,3,FR,Durum wheat,gdd_mj,-0.00465508089636994
HadGEM3-GC3-1LL,-8.5,-8.3848,12,FR,Durum wheat,gdd_mj,0.0818513666421629
HadGEM3-GC3-1LL,-7.5,-7.5599,19,FR,Durum wheat,gdd_mj,0.0847804138440145
HadGEM3-GC3-1LL,-6.5,-6.5442,24,FR,Durum wheat,gdd_mj,0.0836778549704586
HadGEM3-GC3-1LL,-5.5,-5.5797,10,FR,Durum wheat,gdd_mj,0.0661081754467261
HadGEM3-GC3-1LL,-4.5,-4.5263,6,FR,Durum wheat,gdd_mj,0.0523274698419047
HadGEM3-GC3-1LL,-3.5,-3.7835,7,FR,Durum wheat,gdd_mj,0.0753525012073267
HadGEM3-GC3-1LL,-2.5,-2.4504,6,FR,Durum wheat,gdd_mj,0.0647356804574477
HadGEM3-GC3-1LL,-1.5,-1.3098,8,FR,Durum wheat,gdd_mj,0.0279561484795062
HadGEM3-GC3-1LL,-0.5,-0.331,6,FR,Durum wheat,gdd_mj,0.0203395160536011
HadGEM3-GC3-1MM,-14.5,-14.3032,4,FR,Durum wheat,gdd_mj,0.203531029328371
HadGEM3-GC3-1MM,-13.5,-13.3931,8,FR,Durum wheat,gdd_mj,0.215892625478475
HadGEM3-GC3-1MM,-12.5,-12.588,13,FR,Durum wheat,gdd_mj,0.176717089423291
HadGEM3-GC3-1MM,-11.5,-11.5321,21,FR,Durum wheat,gdd_mj,0.166049335830501
HadGEM3-GC3-1MM,-10.5,-10.4803,10,FR,Durum wheat,gdd_mj,0.142199730767292
HadGEM3-GC3-1MM,-9.5,-9.6161,7,FR,Durum wheat,gdd_mj,0.130530832266224
HadGEM3-GC3-1MM,-8.5,-8.6582,7,FR,Durum wheat,gdd_mj,0.101576209280586
HadGEM3-GC3-1MM,-7.5,-7.6345,8,FR,Durum wheat,gdd_mj,0.110698140968664
HadGEM3-GC3-1MM,-6.5,-6.4299,4,FR,Durum wheat,gdd_mj,0.0748723658232074
HadGEM3-GC3-1MM,-5.5,-5.3528,4,FR,Durum wheat,gdd_mj,0.0766544148154046
HadGEM3-GC3-1MM,-4.5,-4.3969,4,FR,Durum wheat,gdd_mj,0.019500911899624
IPSL-CM6A-LR,-9.5,-9.3401,5,FR,Durum wheat,gdd_mj,0.130516336460326
IPSL-CM6A-LR,-8.5,-8.4598,8,FR,Durum wheat,gdd_mj,0.152283761415481
IPSL-CM6A-LR,-7.5,-7.5255,19,FR,Durum wheat,gdd_mj,0.109166224623886
IPSL-CM6A-LR,-6.5,-6.5577,11,FR,Durum wheat,gdd_mj,0.104143591119874
IPSL-CM6A-LR,-5.5,-5.5623,13,FR,Durum wheat,gdd_mj,0.0928277593663604
IPSL-CM6A-LR,-4.5,-4.3507,11,FR,Durum wheat,gdd_mj,0.0582068583120093
IPSL-CM6A-LR,-3.5,-3.4644,8,FR,Durum wheat,gdd_mj,0.0577718232195886
IPSL-CM6A-LR,-2.5,-2.5669,9,FR,Durum wheat,gdd_mj,0.0216076513906353
IPSL-CM6A-LR,-1.5,-1.2909,6,FR,Durum wheat,gdd_mj,0.0669301523760699
IPSL-CM6A-LR,-0.5,-0.6347,8,FR,Durum wheat,gdd_mj,0.000303232094222543
EC-Earth3,-9.5,-9.1554,4,HU,Durum wheat,gdd_mj,0.0811862384917985
EC-Earth3,-8.5,-8.4726,15,HU,Durum wheat,gdd_mj,0.123709670070842
EC-Earth3,-7.5,-7.5562,20,HU,Durum wheat,gdd_mj,0.102688876336899
EC-Earth3,-6.5,-6.4767,21,HU,Durum wheat,gdd_mj,0.0450347385147688
EC-Earth3,-5.5,-5.3342,8,HU,Durum wheat,gdd_mj,0.0352753436187154
EC-Earth3,-4.5,-4.5495,8,HU,Durum wheat,gdd_mj,0.0515190355457051
EC-Earth3,-3.5,-3.3459,9,HU,Durum wheat,gdd_mj,0.0853307950957124
EC-Earth3,-2.5,-2.4493,5,HU,Durum wheat,gdd_mj,0.0282361740188912
EC-Earth3,-1.5,-1.3807,6,HU,Durum wheat,gdd_mj,0.0227985443843374
EC-Earth3,-0.5,-0.6596,3,HU,Durum wheat,gdd_mj,-0.0267231485350183
HadGEM3-GC3-1LL,-8.5,-8.3848,12,HU,Durum wheat,gdd_mj,0.07766754678973
HadGEM3-GC3-1LL,-7.5,-7.5599,19,HU,Durum wheat,gdd_mj,0.0483619157004545
HadGEM3-GC3-1LL,-6.5,-6.5442,24,HU,Durum wheat,gdd_mj,0.0749667964728094
HadGEM3-GC3-1LL,-5.5,-5.5797,10,HU,Durum wheat,gdd_mj,0.0426210517352742
HadGEM3-GC3-1LL,-4.5,-4.5263,6,HU,Durum wheat,gdd_mj,0.0803559287245591
HadGEM3-GC3-1LL,-3.5,-3.7835,7,HU,Durum wheat,gdd_mj,0.0652306769394263
HadGEM3-GC3-1LL,-2.5,-2.4504,6,HU,Durum wheat,gdd_mj,0.0690752126131297
HadGEM3-GC3-1LL,-1.5,-1.3098,8,HU,Durum wheat,gdd_mj,0.00884753463156646
HadGEM3-GC3-1LL,-0.5,-0.331,6,HU,Durum wheat,gdd_mj,0.0393556184260639
HadGEM3-GC3-1MM,-14.5,-14.3032,4,HU,Durum wheat,gdd_mj,0.106506046285199
HadGEM3-GC3-1MM,-13.5,-13.3931,8,HU,Durum wheat,gdd_mj,0.127874760734324
HadGEM3-GC3-1MM,-12.5,-12.588,13,HU,Durum wheat,gdd_mj,0.14201582740774
HadGEM3-GC3-1MM,-11.5,-11.5321,21,HU,Durum wheat,gdd_mj,0.13298677479761
HadGEM3-GC3-1MM,-10.5,-10.4803,10,HU,Durum wheat,gdd_mj,0.134607524795265
HadGEM3-GC3-1MM,-9.5,-9.6161,7,HU,Durum wheat,gdd_mj,0.0677418656977007
HadGEM3-GC3-1MM,-8.5,-8.6582,7,HU,Durum wheat,gdd_mj,0.0827292094137993
HadGEM3-GC3-1MM,-7.5,-7.6345,8,HU,Durum wheat,gdd_mj,0.103693384581835
HadGEM3-GC3-1MM,-6.5,-6.4299,4,HU,Durum wheat,gdd_mj,0.0619447381673313
HadGEM3-GC3-1MM,-5.5,-5.3528,4,HU,Durum wheat,gdd_mj,0.0518574496803736
HadGEM3-GC3-1MM,-4.5,-4.3969,4,HU,Durum wheat,gdd_mj,0.0284330901371363
IPSL-CM6A-LR,-9.5,-9.3401,5,HU,Durum wheat,gdd_mj,0.101404804805494
IPSL-CM6A-LR,-8.5,-8.4598,8,HU,Durum wheat,gdd_mj,0.0971134233555128
IPSL-CM6A-LR,-7.5,-7.5255,19,HU,Durum wheat,gdd_mj,0.0761070048326067
IPSL-CM6A-LR,-6.5,-6.5577,11,HU,Durum wheat,gdd_mj,0.0671225995678339
IPSL-CM6A-LR,-5.5,-5.5623,13,HU,Durum wheat,gdd_mj,0.0560135305607025
IPSL-CM6A-LR,-4.5,-4.3507,11,HU,Durum wheat,gdd_mj,0.0455498139715653
IPSL-CM6A-LR,-3.5,-3.4644,8,HU,Durum wheat,gdd_mj,0.0520170682265479
IPSL-CM6A-LR,-2.5,-2.5669,9,HU,Durum wheat,gdd_mj,0.0243582233048179
IPSL-CM6A-LR,-1.5,-1.2909,6,HU,Durum wheat,gdd_mj,0.0351828717521261
IPSL-CM6A-LR,-0.5,-0.6347,8,HU,Durum wheat,gdd_mj,-0.0138101254532385
EC-Earth3,-9.5,-9.1554,4,IT,Durum wheat,gdd_mj,0.0869780743154418
EC-Earth3,-8.5,-8.4726,15,IT,Durum wheat,gdd_mj,0.102838430741014
EC-Earth3,-7.5,-7.5562,20,IT,Durum wheat,gdd_mj,0.0902473987235308
EC-Earth3,-6.5,-6.4767,21,IT,Durum wheat,gdd_mj,0.0568471606399436
EC-Earth3,-5.5,-5.3342,8,IT,Durum wheat,gdd_mj,0.0529051257495166
EC-Earth3,-4.5,-4.5495,8,IT,Durum wheat,gdd_mj,0.0536980867395484
EC-Earth3,-3.5,-3.3459,9,IT,Durum wheat,gdd_mj,0.0681055754551209
EC-Earth3,-2.5,-2.4493,5,IT,Durum wheat,gdd_mj,0.0313709463516285
EC-Earth3,-1.5,-1.3807,6,IT,Durum wheat,gdd_mj,0.0180931550064603
EC-Earth3,-0.5,-0.6596,3,IT,Durum wheat,gdd_mj,-0.0348628919493864
HadGEM3-GC3-1LL,-8.5,-8.3848,12,IT,Durum wheat,gdd_mj,0.075825963717177
HadGEM3-GC3-1LL,-7.5,-7.5599,19,IT,Durum wheat,gdd_mj,0.0629341914679115
HadGEM3-GC3-1LL,-6.5,-6.5442,24,IT,Durum wheat,gdd_mj,0.0846200192581718
HadGEM3-GC3-1LL,-5.5,-5.5797,10,IT,Durum wheat,gdd_mj,0.0486351627621853
HadGEM3-GC3-1LL,-4.5,-4.5263,6,IT,Durum wheat,gdd_mj,0.0662960255455186
HadGEM3-GC3-1LL,-3.5,-3.7835,7,IT,Durum wheat,gdd_mj,0.0503801635985476
HadGEM3-GC3-1LL,-2.5,-2.4504,6,IT,Durum wheat,gdd_mj,0.0481905551112852
HadGEM3-GC3-1LL,-1.5,-1.3098,8,IT,Durum wheat,gdd_mj,0.00828331565571033
HadGEM3-GC3-1LL,-0.5,-0.331,6,IT,Durum wheat,gdd_mj,0.0254800808098968
HadGEM3-GC3-1MM,-14.5,-14.3032,4,IT,Durum wheat,gdd_mj,0.134543977156687
HadGEM3-GC3-1MM,-13.5,-13.3931,8,IT,Durum wheat,gdd_mj,0.142802371834463
HadGEM3-GC3-1MM,-12.5,-12.588,13,IT,Durum wheat,gdd_mj,0.123708158811291
HadGEM3-GC3-1MM,-11.5,-11.5321,21,IT,Durum wheat,gdd_mj,0.121775340403762
HadGEM3-GC3-1MM,-10.5,-10.4803,10,IT,Durum wheat,gdd_mj,0.107487445758105
HadGEM3-GC3-1MM,-9.5,-9.6161,7,IT,Durum wheat,gdd_mj,0.0793719114897425
HadGEM3-GC3-1MM,-8.5,-8.6582,7,IT,Durum wheat,gdd_mj,0.06850272587227
HadGEM3-GC3-1MM,-7.5,-7.6345,8,IT,Durum wheat,gdd_mj,0.0819198195749222
HadGEM3-GC3-1MM,-6.5,-6.4299,4,IT,Durum wheat,gdd_mj,0.0702306074574056
HadGEM3-GC3-1MM,-5.5,-5.3528,4,IT,Durum wheat,gdd_mj,0.0421052488670675
HadGEM3-GC3-1MM,-4.5,-4.3969,4,IT,Durum wheat,gdd_mj,0.00748267827940386
IPSL-CM6A-LR,-9.5,-9.3401,5,IT,Durum wheat,gdd_mj,0.117858697723898
IPSL-CM6A-LR,-8.5,-8.4598,8,IT,Durum wheat,gdd_mj,0.0975170469074427
IPSL-CM6A-LR,-7.5,-7.5255,19,IT,Durum wheat,gdd_mj,0.0761293248396293
IPSL-CM6A-LR,-6.5,-6.5577,11,IT,Durum wheat,gdd_mj,0.0753551516664414
IPSL-CM6A-LR,-5.5,-5.5623,13,IT,Durum wheat,gdd_mj,0.0530712511821566
IPSL-CM6A-LR,-4.5,-4.3507,11,IT,Durum wheat,gdd_mj,0.0359074650524921
IPSL-CM6A-LR,-3.5,-3.4644,8,IT,Durum wheat,gdd_mj,0.0362392893164885
IPSL-CM6A-LR,-2.5,-2.5669,9,IT,Durum wheat,gdd_mj,0.0184936378497753
IPSL-CM6A-LR,-1.5,-1.2909,6,IT,Durum wheat,gdd_mj,0.0297417731675984
IPSL-CM6A-LR,-0.5,-0.6347,8,IT,Durum wheat,gdd_mj,-0.0170381497549062
EC-Earth3,-9.5,-9.1554,4,RO,Durum wheat,gdd_mj,0.0501129934100587
EC-Earth3,-8.5,-8.4726,15,RO,Durum wheat,gdd_mj,0.105848035931349
EC-Earth3,-7.5,-7.5562,20,RO,Durum wheat,gdd_mj,0.0897811029953061
EC-Earth3,-6.5,-6.4767,21,RO,Durum wheat,gdd_mj,0.044126971888931
EC-Earth3,-5.5,-5.3342,8,RO,Durum wheat,gdd_mj,0.0454704630001753
EC-Earth3,-4.5,-4.5495,8,RO,Durum wheat,gdd_mj,0.0366445453605289
EC-Earth3,-3.5,-3.3459,9,RO,Durum wheat,gdd_mj,0.0743194537244972
EC-Earth3,-2.5,-2.4493,5,RO,Durum wheat,gdd_mj,0.0308527782029458
EC-Earth3,-1.5,-1.3807,6,RO,Durum wheat,gdd_mj,0.0245310511584045
EC-Earth3,-0.5,-0.6596,3,RO,Durum wheat,gdd_mj,-0.00850105604072882
HadGEM3-GC3-1LL,-8.5,-8.3848,12,RO,Durum wheat,gdd_mj,0.0749437945495821
HadGEM3-GC3-1LL,-7.5,-7.5599,19,RO,Durum wheat,gdd_mj,0.0502878585520754
HadGEM3-GC3-1LL,-6.5,-6.5442,24,RO,Durum wheat,gdd_mj,0.0722197578862328
HadGEM3-GC3-1LL,-5.5,-5.5797,10,RO,Durum wheat,gdd_mj,0.034338940567082
HadGEM3-GC3-1LL,-4.5,-4.5263,6,RO,Durum wheat,gdd_mj,0.0728096800775161
HadGEM3-GC3-1LL,-3.5,-3.7835,7,RO,Durum wheat,gdd_mj,0.048764023815102
HadGEM3-GC3-1LL,-2.5,-2.4504,6,RO,Durum wheat,gdd_mj,0.0497446332329925
HadGEM3-GC3-1LL,-1.5,-1.3098,8,RO,Durum wheat,gdd_mj,0.0101038477575886
HadGEM3-GC3-1LL,-0.5,-0.331,6,RO,Durum wheat,gdd_mj,0.0323738412919325
HadGEM3-GC3-1MM,-14.5,-14.3032,4,RO,Durum wheat,gdd_mj,0.0907514030349288
HadGEM3-GC3-1MM,-13.5,-13.3931,8,RO,Durum wheat,gdd_mj,0.115055663611965
HadGEM3-GC3-1MM,-12.5,-12.588,13,RO,Durum wheat,gdd_mj,0.132392138428575
HadGEM3-GC3-1MM,-11.5,-11.5321,21,RO,Durum wheat,gdd_mj,0.113440006533381
HadGEM3-GC3-1MM,-10.5,-10.4803,10,RO,Durum wheat,gdd_mj,0.124913527728123
HadGEM3-GC3-1MM,-9.5,-9.6161,7,RO,Durum wheat,gdd_mj,0.0720668060676912
HadGEM3-GC3-1MM,-8.5,-8.6582,7,RO,Durum wheat,gdd_mj,0.0759579458611701
HadGEM3-GC3-1MM,-7.5,-7.6345,8,RO,Durum wheat,gdd_mj,0.109990944621607
HadGEM3-GC3-1MM,-6.5,-6.4299,4,RO,Durum wheat,gdd_mj,0.0638873073475503
HadGEM3-GC3-1MM,-5.5,-5.3528,4,RO,Durum wheat,gdd_mj,0.048644369598985
HadGEM3-GC3-1MM,-4.5,-4.3969,4,RO,Durum wheat,gdd_mj,0.0243930425425939
IPSL-CM6A-LR,-9.5,-9.3401,5,RO,Durum wheat,gdd_mj,0.104138519764973
IPSL-CM6A-LR,-8.5,-8.4598,8,RO,Durum wheat,gdd_mj,0.0762839360721919
IPSL-CM6A-LR,-7.5,-7.5255,19,RO,Durum wheat,gdd_mj,0.0671491468261894
IPSL-CM6A-LR,-6.5,-6.5577,11,RO,Durum wheat,gdd_mj,0.0599485856349438
IPSL-CM6A-LR,-5.5,-5.5623,13,RO,Durum wheat,gdd_mj,0.0424323869022493
IPSL-CM6A-LR,-4.5,-4.3507,11,RO,Durum wheat,gdd_mj,0.0471144654054671
IPSL-CM6A-LR,-3.5,-3.4644,8,RO,Durum wheat,gdd_mj,0.0413498392260511
IPSL-CM6A-LR,-2.5,-2.5669,9,RO,Durum wheat,gdd_mj,0.0283461837256867
IPSL-CM6A-LR,-1.5,-1.2909,6,RO,Durum wheat,gdd_mj,0.0277702025292976
IPSL-CM6A-LR,-0.5,-0.6347,8,RO,Durum wheat,gdd_mj,-0.00856941948816279
EC-Earth3,-9.5,-9.1554,4,SK,Durum wheat,gdd_mj,0.0845089891092175
EC-Earth3,-8.5,-8.4726,15,SK,Durum wheat,gdd_mj,0.115320707547751
EC-Earth3,-7.5,-7.5562,20,SK,Durum wheat,gdd_mj,0.103438690320248
EC-Earth3,-6.5,-6.4767,21,SK,Durum wheat,gdd_mj,0.0425227110123339
EC-Earth3,-5.5,-5.3342,8,SK,Durum wheat,gdd_mj,0.0384631119133689
EC-Earth3,-4.5,-4.5495,8,SK,Durum wheat,gdd_mj,0.063982648194466
EC-Earth3,-3.5,-3.3459,9,SK,Durum wheat,gdd_mj,0.0702442811828592
EC-Earth3,-2.5,-2.4493,5,SK,Durum wheat,gdd_mj,0.0381483969556121
EC-Earth3,-1.5,-1.3807,6,SK,Durum wheat,gdd_mj,0.00959072634125588
EC-Earth3,-0.5,-0.6596,3,SK,Durum wheat,gdd_mj,-0.0308058397033034
HadGEM3-GC3-1LL,-8.5,-8.3848,12,SK,Durum wheat,gdd_mj,0.0749885861049213
HadGEM3-GC3-1LL,-7.5,-7.5599,19,SK,Durum wheat,gdd_mj,0.0521954679529932
HadGEM3-GC3-1LL,-6.5,-6.5442,24,SK,Durum wheat,gdd_mj,0.0708035551350062
HadGEM3-GC3-1LL,-5.5,-5.5797,10,SK,Durum wheat,gdd_mj,0.0442178981920559
HadGEM3-GC3-1LL,-4.5,-4.5263,6,SK,Durum wheat,gdd_mj,0.0761809248830923
HadGEM3-GC3-1LL,-3.5,-3.7835,7,SK,Durum wheat,gdd_mj,0.066149203146436
HadGEM3-GC3-1LL,-2.5,-2.4504,6,SK,Durum wheat,gdd_mj,0.0690542331733795
HadGEM3-GC3-1LL,-1.5,-1.3098,8,SK,Durum wheat,gdd_mj,0.0155645066560793
HadGEM3-GC3-1LL,-0.5,-0.331,6,SK,Durum wheat,gdd_mj,0.0386163464501981
HadGEM3-GC3-1MM,-14.5,-14.3032,4,SK,Durum wheat,gdd_mj,0.113240391002006
HadGEM3-GC3-1MM,-13.5,-13.3931,8,SK,Durum wheat,gdd_mj,0.121854238918031
HadGEM3-GC3-1MM,-12.5,-12.588,13,SK,Durum wheat,gdd_mj,0.136390098477409
HadGEM3-GC3-1MM,-11.5,-11.5321,21,SK,Durum wheat,gdd_mj,0.131479930485154
HadGEM3-GC3-1MM,-10.5,-10.4803,10,SK,Durum wheat,gdd_mj,0.134306500354291
HadGEM3-GC3-1MM,-9.5,-9.6161,7,SK,Durum wheat,gdd_mj,0.0576943970734702
HadGEM3-GC3-1MM,-8.5,-8.6582,7,SK,Durum wheat,gdd_mj,0.0850176850734763
HadGEM3-GC3-1MM,-7.5,-7.6345,8,SK,Durum wheat,gdd_mj,0.104334053204536
HadGEM3-GC3-1MM,-6.5,-6.4299,4,SK,Durum wheat,gdd_mj,0.0531645332237633
HadGEM3-GC3-1MM,-5.5,-5.3528,4,SK,Durum wheat,gdd_mj,0.0484472818293462
HadGEM3-GC3-1MM,-4.5,-4.3969,4,SK,Durum wheat,gdd_mj,0.0279197017232293
IPSL-CM6A-LR,-9.5,-9.3401,5,SK,Durum wheat,gdd_mj,0.093879535755088
IPSL-CM6A-LR,-8.5,-8.4598,8,SK,Durum wheat,gdd_mj,0.107157513688416
IPSL-CM6A-LR,-7.5,-7.5255,19,SK,Durum wheat,gdd_mj,0.0807903216650618
IPSL-CM6A-LR,-6.5,-6.5577,11,SK,Durum wheat,gdd_mj,0.0671128398408985
IPSL-CM6A-LR,-5.5,-5.5623,13,SK,Durum wheat,gdd_mj,0.0626791918679161
IPSL-CM6A-LR,-4.5,-4.3507,11,SK,Durum wheat,gdd_mj,0.0533313279532241
IPSL-CM6A-LR,-3.5,-3.4644,8,SK,Durum wheat,gdd_mj,0.0584403090061881
IPSL-CM6A-LR,-2.5,-2.5669,9,SK,Durum wheat,gdd_mj,0.0301501966362216
IPSL-CM6A-LR,-1.5,-1.2909,6,SK,Durum wheat,gdd_mj,0.034572742112951
IPSL-CM6A-LR,-0.5,-0.6347,8,SK,Durum wheat,gdd_mj,-0.00558367295267096
EC-Earth3,-9.5,-9.1554,4,CZ,Spring barley,gdd_mj,0.13525105422458
EC-Earth3,-8.5,-8.4726,15,CZ,Spring barley,gdd_mj,0.166789792177875
EC-Earth3,-7.5,-7.5562,20,CZ,Spring barley,gdd_mj,0.150467207744145
EC-Earth3,-6.5,-6.4767,21,CZ,Spring barley,gdd_mj,0.0678015820446218
EC-Earth3,-5.5,-5.3342,8,CZ,Spring barley,gdd_mj,0.0748956342726459
EC-Earth3,-4.5,-4.5495,8,CZ,Spring barley,gdd_mj,0.109743403053715
EC-Earth3,-3.5,-3.3459,9,CZ,Spring barley,gdd_mj,0.0863778727517243
EC-Earth3,-2.5,-2.4493,5,CZ,Spring barley,gdd_mj,0.0567648452897084
EC-Earth3,-1.5,-1.3807,6,CZ,Spring barley,gdd_mj,0.00852598066668611
EC-Earth3,-0.5,-0.6596,3,CZ,Spring barley,gdd_mj,-0.0488654246965426
HadGEM3-GC3-1LL,-8.5,-8.3848,12,CZ,Spring barley,gdd_mj,0.108832567336034
HadGEM3-GC3-1LL,-7.5,-7.5599,19,CZ,Spring barley,gdd_mj,0.086228079450321
HadGEM3-GC3-1LL,-6.5,-6.5442,24,CZ,Spring barley,gdd_mj,0.0990938774885639
HadGEM3-GC3-1LL,-5.5,-5.5797,10,CZ,Spring barley,gdd_mj,0.0738401598190262
HadGEM3-GC3-1LL,-4.5,-4.5263,6,CZ,Spring barley,gdd_mj,0.114759234847676
HadGEM3-GC3-1LL,-3.5,-3.7835,7,CZ,Spring barley,gdd_mj,0.106796277479391
HadGEM3-GC3-1LL,-2.5,-2.4504,6,CZ,Spring barley,gdd_mj,0.106110777248332
HadGEM3-GC3-1LL,-1.5,-1.3098,8,CZ,Spring barley,gdd_mj,0.0309057912253456
HadGEM3-GC3-1LL,-0.5,-0.331,6,CZ,Spring barley,gdd_mj,0.0503151322866231
HadGEM3-GC3-1MM,-14.5,-14.3032,4,CZ,Spring barley,gdd_mj,0.196213358036712
HadGEM3-GC3-1MM,-13.5,-13.3931,8,CZ,Spring barley,gdd_mj,0.216810988927044
HadGEM3-GC3-1MM,-12.5,-12.588,13,CZ,Spring barley,gdd_mj,0.211222937809351
HadGEM3-GC3-1MM,-11.5,-11.5321,21,CZ,Spring barley,gdd_mj,0.215647291482041
HadGEM3-GC3-1MM,-10.5,-10.4803,10,CZ,Spring barley,gdd_mj,0.219125918256433
HadGEM3-GC3-1MM,-9.5,-9.6161,7,CZ,Spring barley,gdd_mj,0.100590527484801
HadGEM3-GC3-1MM,-8.5,-8.6582,7,CZ,Spring barley,gdd_mj,0.144479699461456
HadGEM3-GC3-1MM,-7.5,-7.6345,8,CZ,Spring barley,gdd_mj,0.169436966934705
HadGEM3-GC3-1MM,-6.5,-6.4299,4,CZ,Spring barley,gdd_mj,0.08036518834682
HadGEM3-GC3-1MM,-5.5,-5.3528,4,CZ,Spring barley,gdd_mj,0.0870239095113062
HadGEM3-GC3-1MM,-4.5,-4.3969,4,CZ,Spring barley,gdd_mj,0.0597435242277748
IPSL-CM6A-LR,-9.5,-9.3401,5,CZ,Spring barley,gdd_mj,0.155498315833969
IPSL-CM6A-LR,-8.5,-8.4598,8,CZ,Spring barley,gdd_mj,0.172821117912309
IPSL-CM6A-LR,-7.5,-7.5255,19,CZ,Spring barley,gdd_mj,0.141166675360091
IPSL-CM6A-LR,-6.5,-6.5577,11,CZ,Spring barley,gdd_mj,0.127182972365414
IPSL-CM6A-LR,-5.5,-5.5623,13,CZ,Spring barley,gdd_mj,0.112935843291676
IPSL-CM6A-LR,-4.5,-4.3507,11,CZ,Spring barley,gdd_mj,0.084883050039609
IPSL-CM6A-LR,-3.5,-3.4644,8,CZ,Spring barley,gdd_mj,0.102200443715118
IPSL-CM6A-LR,-2.5,-2.5669,9,CZ,Spring barley,gdd_mj,0.0503569665197835
IPSL-CM6A-LR,-1.5,-1.2909,6,CZ,Spring barley,gdd_mj,0.055983609723047
IPSL-CM6A-LR,-0.5,-0.6347,8,CZ,Spring barley,gdd_mj,0.0027200143943523
EC-Earth3,-9.5,-9.1554,4,DE,Spring barley,gdd_mj,0.165990920781491
EC-Earth3,-8.5,-8.4726,15,DE,Spring barley,gdd_mj,0.172933344052207
EC-Earth3,-7.5,-7.5562,20,DE,Spring barley,gdd_mj,0.152449227557748
EC-Earth3,-6.5,-6.4767,21,DE,Spring barley,gdd_mj,0.0832858066237607
EC-Earth3,-5.5,-5.3342,8,DE,Spring barley,gdd_mj,0.0889256376520612
EC-Earth3,-4.5,-4.5495,8,DE,Spring barley,gdd_mj,0.123906747373432
EC-Earth3,-3.5,-3.3459,9,DE,Spring barley,gdd_mj,0.0950299326142921
EC-Earth3,-2.5,-2.4493,5,DE,Spring barley,gdd_mj,0.0572822171470902
EC-Earth3,-1.5,-1.3807,6,DE,Spring barley,gdd_mj,0.0118083663718399
EC-Earth3,-0.5,-0.6596,3,DE,Spring barley,gdd_mj,-0.0211018747025976
HadGEM3-GC3-1LL,-8.5,-8.3848,12,DE,Spring barley,gdd_mj,0.117953709490353
HadGEM3-GC3-1LL,-7.5,-7.5599,19,DE,Spring barley,gdd_mj,0.107927545914408
HadGEM3-GC3-1LL,-6.5,-6.5442,24,DE,Spring barley,gdd_mj,0.112074618707883
HadGEM3-GC3-1LL,-5.5,-5.5797,10,DE,Spring barley,gdd_mj,0.087072554790901
HadGEM3-GC3-1LL,-4.5,-4.5263,6,DE,Spring barley,gdd_mj,0.112024355304781
HadGEM3-GC3-1LL,-3.5,-3.7835,7,DE,Spring barley,gdd_mj,0.124565319143144
HadGEM3-GC3-1LL,-2.5,-2.4504,6,DE,Spring barley,gdd_mj,0.120498342026937
HadGEM3-GC3-1LL,-1.5,-1.3098,8,DE,Spring barley,gdd_mj,0.0380028745790793
HadGEM3-GC3-1LL,-0.5,-0.331,6,DE,Spring barley,gdd_mj,0.0489703144217823
HadGEM3-GC3-1MM,-14.5,-14.3032,4,DE,Spring barley,gdd_mj,0.263089818076967
HadGEM3-GC3-1MM,-13.5,-13.3931,8,DE,Spring barley,gdd_mj,0.289299802092411
HadGEM3-GC3-1MM,-12.5,-12.588,13,DE,Spring barley,gdd_mj,0.251602812709328
HadGEM3-GC3-1MM,-11.5,-11.5321,21,DE,Spring barley,gdd_mj,0.256847633321952
HadGEM3-GC3-1MM,-10.5,-10.4803,10,DE,Spring barley,gdd_mj,0.246635317459896
HadGEM3-GC3-1MM,-9.5,-9.6161,7,DE,Spring barley,gdd_mj,0.152253653558123
HadGEM3-GC3-1MM,-8.5,-8.6582,7,DE,Spring barley,gdd_mj,0.169610801621276
HadGEM3-GC3-1MM,-7.5,-7.6345,8,DE,Spring barley,gdd_mj,0.189906108742303
HadGEM3-GC3-1MM,-6.5,-6.4299,4,DE,Spring barley,gdd_mj,0.106758199474691
HadGEM3-GC3-1MM,-5.5,-5.3528,4,DE,Spring barley,gdd_mj,0.11580618223701
HadGEM3-GC3-1MM,-4.5,-4.3969,4,DE,Spring barley,gdd_mj,0.0649548363461103
IPSL-CM6A-LR,-9.5,-9.3401,5,DE,Spring barley,gdd_mj,0.188507461823684
IPSL-CM6A-LR,-8.5,-8.4598,8,DE,Spring barley,gdd_mj,0.218710401478125
IPSL-CM6A-LR,-7.5,-7.5255,19,DE,Spring barley,gdd_mj,0.173688716905677
IPSL-CM6A-LR,-6.5,-6.5577,11,DE,Spring barley,gdd_mj,0.174601148264594
IPSL-CM6A-LR,-5.5,-5.5623,13,DE,Spring barley,gdd_mj,0.133014859971077
IPSL-CM6A-LR,-4.5,-4.3507,11,DE,Spring barley,gdd_mj,0.100790117710339
IPSL-CM6A-LR,-3.5,-3.4644,8,DE,Spring barley,gdd_mj,0.121534092426117
IPSL-CM6A-LR,-2.5,-2.5669,9,DE,Spring barley,gdd_mj,0.0396123264222966
IPSL-CM6A-LR,-1.5,-1.2909,6,DE,Spring barley,gdd_mj,0.0859561165602948
IPSL-CM6A-LR,-0.5,-0.6347,8,DE,Spring barley,gdd_mj,0.0120482596943821
EC-Earth3,-9.5,-9.1554,4,DK,Spring barley,gdd_mj,0.173470673321133
EC-Earth3,-8.5,-8.4726,15,DK,Spring barley,gdd_mj,0.180010524454725
EC-Earth3,-7.5,-7.5562,20,DK,Spring barley,gdd_mj,0.153110625181853
EC-Earth3,-6.5,-6.4767,21,DK,Spring barley,gdd_mj,0.103140738729673
EC-Earth3,-5.5,-5.3342,8,DK,Spring barley,gdd_mj,0.0956652709655675
EC-Earth3,-4.5,-4.5495,8,DK,Spring barley,gdd_mj,0.158283992243115
EC-Earth3,-3.5,-3.3459,9,DK,Spring barley,gdd_mj,0.114134842828601
EC-Earth3,-2.5,-2.4493,5,DK,Spring barley,gdd_mj,0.104240499538942
EC-Earth3,-1.5,-1.3807,6,DK,Spring barley,gdd_mj,0.0370688394411573
EC-Earth3,-0.5,-0.6596,3,DK,Spring barley,gdd_mj,0.0358005543589038
HadGEM3-GC3-1LL,-8.5,-8.3848,12,DK,Spring barley,gdd_mj,0.140684268823407
HadGEM3-GC3-1LL,-7.5,-7.5599,19,DK,Spring barley,gdd_mj,0.133395573058395
HadGEM3-GC3-1LL,-6.5,-6.5442,24,DK,Spring barley,gdd_mj,0.129356745645789
HadGEM3-GC3-1LL,-5.5,-5.5797,10,DK,Spring barley,gdd_mj,0.104250594558966
HadGEM3-GC3-1LL,-4.5,-4.5263,6,DK,Spring barley,gdd_mj,0.106721488181583
HadGEM3-GC3-1LL,-3.5,-3.7835,7,DK,Spring barley,gdd_mj,0.144063908301089
HadGEM3-GC3-1LL,-2.5,-2.4504,6,DK,Spring barley,gdd_mj,0.129155763696496
HadGEM3-GC3-1LL,-1.5,-1.3098,8,DK,Spring barley,gdd_mj,0.0356143421981151
HadGEM3-GC3-1LL,-0.5,-0.331,6,DK,Spring barley,gdd_mj,0.0326836790174067
HadGEM3-GC3-1MM,-14.5,-14.3032,4,DK,Spring barley,gdd_mj,0.322005452229846
HadGEM3-GC3-1MM,-13.5,-13.3931,8,DK,Spring barley,gdd_mj,0.344116380412237
HadGEM3-GC3-1MM,-12.5,-12.588,13,DK,Spring barley,gdd_mj,0.349984376046401
HadGEM3-GC3-1MM,-11.5,-11.5321,21,DK,Spring barley,gdd_mj,0.334617127536358
HadGEM3-GC3-1MM,-10.5,-10.4803,10,DK,Spring barley,gdd_mj,0.306928144033985
HadGEM3-GC3-1MM,-9.5,-9.6161,7,DK,Spring barley,gdd_mj,0.227873225838442
HadGEM3-GC3-1MM,-8.5,-8.6582,7,DK,Spring barley,gdd_mj,0.233528561393151
HadGEM3-GC3-1MM,-7.5,-7.6345,8,DK,Spring barley,gdd_mj,0.211411147787725
HadGEM3-GC3-1MM,-6.5,-6.4299,4,DK,Spring barley,gdd_mj,0.11623247569042
HadGEM3-GC3-1MM,-5.5,-5.3528,4,DK,Spring barley,gdd_mj,0.119583641763891
HadGEM3-GC3-1MM,-4.5,-4.3969,4,DK,Spring barley,gdd_mj,0.0895277890268406
IPSL-CM6A-LR,-9.5,-9.3401,5,DK,Spring barley,gdd_mj,0.244066082708046
IPSL-CM6A-LR,-8.5,-8.4598,8,DK,Spring barley,gdd_mj,0.287553301910995
IPSL-CM6A-LR,-7.5,-7.5255,19,DK,Spring barley,gdd_mj,0.226357856053763
IPSL-CM6A-LR,-6.5,-6.5577,11,DK,Spring barley,gdd_mj,0.257970737120792
IPSL-CM6A-LR,-5.5,-5.5623,13,DK,Spring barley,gdd_mj,0.163532542785382
IPSL-CM6A-LR,-4.5,-4.3507,11,DK,Spring barley,gdd_mj,0.134506515675499
IPSL-CM6A-LR,-3.5,-3.4644,8,DK,Spring barley,gdd_mj,0.148387139232593
IPSL-CM6A-LR,-2.5,-2.5669,9,DK,Spring barley,gdd_mj,0.0583953417452324
IPSL-CM6A-LR,-1.5,-1.2909,6,DK,Spring barley,gdd_mj,0.105431451518141
IPSL-CM6A-LR,-0.5,-0.6347,8,DK,Spring barley,gdd_mj,0.039110880272765
EC-Earth3,-9.5,-9.1554,4,EE,Spring barley,gdd_mj,0.0821223318205508
EC-Earth3,-8.5,-8.4726,15,EE,Spring barley,gdd_mj,0.100593484649323
EC-Earth3,-7.5,-7.5562,20,EE,Spring barley,gdd_mj,0.106099839872157
EC-Earth3,-6.5,-6.4767,21,EE,Spring barley,gdd_mj,0.053272982655518
EC-Earth3,-5.5,-5.3342,8,EE,Spring barley,gdd_mj,0.0532961471085883
EC-Earth3,-4.5,-4.5495,8,EE,Spring barley,gdd_mj,0.128122132169728
EC-Earth3,-3.5,-3.3459,9,EE,Spring barley,gdd_mj,0.116955716339011
EC-Earth3,-2.5,-2.4493,5,EE,Spring barley,gdd_mj,0.0954374123869277
EC-Earth3,-1.5,-1.3807,6,EE,Spring barley,gdd_mj,-0.000160008077938047
EC-Earth3,-0.5,-0.6596,3,EE,Spring barley,gdd_mj,0.00925316512384457
HadGEM3-GC3-1LL,-8.5,-8.3848,12,EE,Spring barley,gdd_mj,0.0951681282526593
HadGEM3-GC3-1LL,-7.5,-7.5599,19,EE,Spring barley,gdd_mj,0.0955939041692777
HadGEM3-GC3-1LL,-6.5,-6.5442,24,EE,Spring barley,gdd_mj,0.0992032590969172
HadGEM3-GC3-1LL,-5.5,-5.5797,10,EE,Spring barley,gdd_mj,0.0773504319289697
HadGEM3-GC3-1LL,-4.5,-4.5263,6,EE,Spring barley,gdd_mj,0.055784681015882
HadGEM3-GC3-1LL,-3.5,-3.7835,7,EE,Spring barley,gdd_mj,0.0857113005766582
HadGEM3-GC3-1LL,-2.5,-2.4504,6,EE,Spring barley,gdd_mj,0.0854787975411609
HadGEM3-GC3-1LL,-1.5,-1.3098,8,EE,Spring barley,gdd_mj,0.0274602911003487
HadGEM3-GC3-1LL,-0.5,-0.331,6,EE,Spring barley,gdd_mj,0.0182524734755552
HadGEM3-GC3-1MM,-14.5,-14.3032,4,EE,Spring barley,gdd_mj,0.2064640192288
HadGEM3-GC3-1MM,-13.5,-13.3931,8,EE,Spring barley,gdd_mj,0.261424265358821
HadGEM3-GC3-1MM,-12.5,-12.588,13,EE,Spring barley,gdd_mj,0.274120991627511
HadGEM3-GC3-1MM,-11.5,-11.5321,21,EE,Spring barley,gdd_mj,0.253433384080721
HadGEM3-GC3-1MM,-10.5,-10.4803,10,EE,Spring barley,gdd_mj,0.249273961029008
HadGEM3-GC3-1MM,-9.5,-9.6161,7,EE,Spring barley,gdd_mj,0.200595876665168
HadGEM3-GC3-1MM,-8.5,-8.6582,7,EE,Spring barley,gdd_mj,0.194476785007557
HadGEM3-GC3-1MM,-7.5,-7.6345,8,EE,Spring barley,gdd_mj,0.177068492756275
HadGEM3-GC3-1MM,-6.5,-6.4299,4,EE,Spring barley,gdd_mj,0.104353087748505
HadGEM3-GC3-1MM,-5.5,-5.3528,4,EE,Spring barley,gdd_mj,0.0963020732134122
HadGEM3-GC3-1MM,-4.5,-4.3969,4,EE,Spring barley,gdd_mj,0.0856255189448375
IPSL-CM6A-LR,-9.5,-9.3401,5,EE,Spring barley,gdd_mj,0.186727944850454
IPSL-CM6A-LR,-8.5,-8.4598,8,EE,Spring barley,gdd_mj,0.204603743507593
IPSL-CM6A-LR,-7.5,-7.5255,19,EE,Spring barley,gdd_mj,0.178127854704039
IPSL-CM6A-LR,-6.5,-6.5577,11,EE,Spring barley,gdd_mj,0.192492910985984
IPSL-CM6A-LR,-5.5,-5.5623,13,EE,Spring barley,gdd_mj,0.11226009313753
IPSL-CM6A-LR,-4.5,-4.3507,11,EE,Spring barley,gdd_mj,0.11214455239651
IPSL-CM6A-LR,-3.5,-3.4644,8,EE,Spring barley,gdd_mj,0.08468243629202
IPSL-CM6A-LR,-2.5,-2.5669,9,EE,Spring barley,gdd_mj,0.0579787094794009
IPSL-CM6A-LR,-1.5,-1.2909,6,EE,Spring barley,gdd_mj,0.0664452566860426
IPSL-CM6A-LR,-0.5,-0.6347,8,EE,Spring barley,gdd_mj,0.0141945877489399
EC-Earth3,-9.5,-9.1554,4,ES,Spring barley,gdd_mj,0.156811308356729
EC-Earth3,-8.5,-8.4726,15,ES,Spring barley,gdd_mj,0.139794383724703
EC-Earth3,-7.5,-7.5562,20,ES,Spring barley,gdd_mj,0.123242466779029
EC-Earth3,-6.5,-6.4767,21,ES,Spring barley,gdd_mj,0.0729616385951161
EC-Earth3,-5.5,-5.3342,8,ES,Spring barley,gdd_mj,0.0874669686420367
EC-Earth3,-4.5,-4.5495,8,ES,Spring barley,gdd_mj,0.0419942975725958
EC-Earth3,-3.5,-3.3459,9,ES,Spring barley,gdd_mj,0.113430077319981
EC-Earth3,-2.5,-2.4493,5,ES,Spring barley,gdd_mj,0.0358767055568261
EC-Earth3,-1.5,-1.3807,6,ES,Spring barley,gdd_mj,0.0581722127897232
EC-Earth3,-0.5,-0.6596,3,ES,Spring barley,gdd_mj,-0.0179215507940085
HadGEM3-GC3-1LL,-8.5,-8.3848,12,ES,Spring barley,gdd_mj,0.111369781146703
HadGEM3-GC3-1LL,-7.5,-7.5599,19,ES,Spring barley,gdd_mj,0.10625762881796
HadGEM3-GC3-1LL,-6.5,-6.5442,24,ES,Spring barley,gdd_mj,0.107531185439894
HadGEM3-GC3-1LL,-5.5,-5.5797,10,ES,Spring barley,gdd_mj,0.0802116481221309
HadGEM3-GC3-1LL,-4.5,-4.5263,6,ES,Spring barley,gdd_mj,0.0479050417809489
HadGEM3-GC3-1LL,-3.5,-3.7835,7,ES,Spring barley,gdd_mj,0.0680700310023532
HadGEM3-GC3-1LL,-2.5,-2.4504,6,ES,Spring barley,gdd_mj,0.062124500666009
HadGEM3-GC3-1LL,-1.5,-1.3098,8,ES,Spring barley,gdd_mj,0.0249347992848476
HadGEM3-GC3-1LL,-0.5,-0.331,6,ES,Spring barley,gdd_mj,0.000895906340075185
HadGEM3-GC3-1MM,-14.5,-14.3032,4,ES,Spring barley,gdd_mj,0.255533584594207
HadGEM3-GC3-1MM,-13.5,-13.3931,8,ES,Spring barley,gdd_mj,0.29371632095613
HadGEM3-GC3-1MM,-12.5,-12.588,13,ES,Spring barley,gdd_mj,0.224053223964546
HadGEM3-GC3-1MM,-11.5,-11.5321,21,ES,Spring barley,gdd_mj,0.178981000949456
HadGEM3-GC3-1MM,-10.5,-10.4803,10,ES,Spring barley,gdd_mj,0.136452130260033
HadGEM3-GC3-1MM,-9.5,-9.6161,7,ES,Spring barley,gdd_mj,0.167419787471489
HadGEM3-GC3-1MM,-8.5,-8.6582,7,ES,Spring barley,gdd_mj,0.108656938177619
HadGEM3-GC3-1MM,-7.5,-7.6345,8,ES,Spring barley,gdd_mj,0.0771245271414339
HadGEM3-GC3-1MM,-6.5,-6.4299,4,ES,Spring barley,gdd_mj,0.0737917277974519
HadGEM3-GC3-1MM,-5.5,-5.3528,4,ES,Spring barley,gdd_mj,0.0710418487007274
HadGEM3-GC3-1MM,-4.5,-4.3969,4,ES,Spring barley,gdd_mj,0.0221220074749625
IPSL-CM6A-LR,-9.5,-9.3401,5,ES,Spring barley,gdd_mj,0.16724311025713
IPSL-CM6A-LR,-8.5,-8.4598,8,ES,Spring barley,gdd_mj,0.160557750635425
IPSL-CM6A-LR,-7.5,-7.5255,19,ES,Spring barley,gdd_mj,0.123040881756384
IPSL-CM6A-LR,-6.5,-6.5577,11,ES,Spring barley,gdd_mj,0.120449396765536
IPSL-CM6A-LR,-5.5,-5.5623,13,ES,Spring barley,gdd_mj,0.1086212795334
IPSL-CM6A-LR,-4.5,-4.3507,11,ES,Spring barley,gdd_mj,0.0381210332023717
IPSL-CM6A-LR,-3.5,-3.4644,8,ES,Spring barley,gdd_mj,0.0235631890679351
IPSL-CM6A-LR,-2.5,-2.5669,9,ES,Spring barley,gdd_mj,0.0566428994842088
IPSL-CM6A-LR,-1.5,-1.2909,6,ES,Spring barley,gdd_mj,0.0640685737887617
IPSL-CM6A-LR,-0.5,-0.6347,8,ES,Spring barley,gdd_mj,-0.014536024213719
EC-Earth3,-9.5,-9.1554,4,FI,Spring barley,gdd_mj,0.110694265506822
EC-Earth3,-8.5,-8.4726,15,FI,Spring barley,gdd_mj,0.112542701443084
EC-Earth3,-7.5,-7.5562,20,FI,Spring barley,gdd_mj,0.0937007134252668
EC-Earth3,-6.5,-6.4767,21,FI,Spring barley,gdd_mj,0.0530823723936629
EC-Earth3,-5.5,-5.3342,8,FI,Spring barley,gdd_mj,0.0657412687708463
EC-Earth3,-4.5,-4.5495,8,FI,Spring barley,gdd_mj,0.13322331721108
EC-Earth3,-3.5,-3.3459,9,FI,Spring barley,gdd_mj,0.124150120025546
EC-Earth3,-2.5,-2.4493,5,FI,Spring barley,gdd_mj,0.113047895260405
EC-Earth3,-1.5,-1.3807,6,FI,Spring barley,gdd_mj,0.0138301290842868
EC-Earth3,-0.5,-0.6596,3,FI,Spring barley,gdd_mj,0.028061028333475
HadGEM3-GC3-1LL,-8.5,-8.3848,12,FI,Spring barley,gdd_mj,0.0933048660397358
HadGEM3-GC3-1LL,-7.5,-7.5599,19,FI,Spring barley,gdd_mj,0.093155634726535
HadGEM3-GC3-1LL,-6.5,-6.5442,24,FI,Spring barley,gdd_mj,0.0875587560646662
HadGEM3-GC3-1LL,-5.5,-5.5797,10,FI,Spring barley,gdd_mj,0.0670791849752735
HadGEM3-GC3-1LL,-4.5,-4.5263,6,FI,Spring barley,gdd_mj,0.0483701604675189
HadGEM3-GC3-1LL,-3.5,-3.7835,7,FI,Spring barley,gdd_mj,0.0724974219024686
HadGEM3-GC3-1LL,-2.5,-2.4504,6,FI,Spring barley,gdd_mj,0.0700091965912818
HadGEM3-GC3-1LL,-1.5,-1.3098,8,FI,Spring barley,gdd_mj,0.0317367475212996
HadGEM3-GC3-1LL,-0.5,-0.331,6,FI,Spring barley,gdd_mj,0.0127281544170319
HadGEM3-GC3-1MM,-14.5,-14.3032,4,FI,Spring barley,gdd_mj,0.210837300348028
HadGEM3-GC3-1MM,-13.5,-13.3931,8,FI,Spring barley,gdd_mj,0.246693268257461
HadGEM3-GC3-1MM,-12.5,-12.588,13,FI,Spring barley,gdd_mj,0.252487065380945
HadGEM3-GC3-1MM,-11.5,-11.5321,21,FI,Spring barley,gdd_mj,0.244134742889033
HadGEM3-GC3-1MM,-10.5,-10.4803,10,FI,Spring barley,gdd_mj,0.235817038746768
HadGEM3-GC3-1MM,-9.5,-9.6161,7,FI,Spring barley,gdd_mj,0.202444507612761
HadGEM3-GC3-1MM,-8.5,-8.6582,7,FI,Spring barley,gdd_mj,0.197744098426255
HadGEM3-GC3-1MM,-7.5,-7.6345,8,FI,Spring barley,gdd_mj,0.152473355503269
HadGEM3-GC3-1MM,-6.5,-6.4299,4,FI,Spring barley,gdd_mj,0.114013835989765
HadGEM3-GC3-1MM,-5.5,-5.3528,4,FI,Spring barley,gdd_mj,0.100573729604348
HadGEM3-GC3-1MM,-4.5,-4.3969,4,FI,Spring barley,gdd_mj,0.0884727325718924
IPSL-CM6A-LR,-9.5,-9.3401,5,FI,Spring barley,gdd_mj,0.156159783091482
IPSL-CM6A-LR,-8.5,-8.4598,8,FI,Spring barley,gdd_mj,0.182372240916006
IPSL-CM6A-LR,-7.5,-7.5255,19,FI,Spring barley,gdd_mj,0.156785645569173
IPSL-CM6A-LR,-6.5,-6.5577,11,FI,Spring barley,gdd_mj,0.16421672902029
IPSL-CM6A-LR,-5.5,-5.5623,13,FI,Spring barley,gdd_mj,0.0946289624579208
IPSL-CM6A-LR,-4.5,-4.3507,11,FI,Spring barley,gdd_mj,0.10250042200228
IPSL-CM6A-LR,-3.5,-3.4644,8,FI,Spring barley,gdd_mj,0.0670115846112927
IPSL-CM6A-LR,-2.5,-2.5669,9,FI,Spring barley,gdd_mj,0.0487113885259917
IPSL-CM6A-LR,-1.5,-1.2909,6,FI,Spring barley,gdd_mj,0.0651580881838479
IPSL-CM6A-LR,-0.5,-0.6347,8,FI,Spring barley,gdd_mj,0.0263107818772038
EC-Earth3,-9.5,-9.1554,4,FR,Spring barley,gdd_mj,0.204918805353348
EC-Earth3,-8.5,-8.4726,15,FR,Spring barley,gdd_mj,0.187778973349627
EC-Earth3,-7.5,-7.5562,20,FR,Spring barley,gdd_mj,0.168461104117423
EC-Earth3,-6.5,-6.4767,21,FR,Spring barley,gdd_mj,0.105025457694206
EC-Earth3,-5.5,-5.3342,8,FR,Spring barley,gdd_mj,0.1332426288916
EC-Earth3,-4.5,-4.5495,8,FR,Spring barley,gdd_mj,0.128619781257028
EC-Earth3,-3.5,-3.3459,9,FR,Spring barley,gdd_mj,0.0876981365843324
EC-Earth3,-2.5,-2.4493,5,FR,Spring barley,gdd_mj,0.0626629631002496
EC-Earth3,-1.5,-1.3807,6,FR,Spring barley,gdd_mj,0.0252077959005311
EC-Earth3,-0.5,-0.6596,3,FR,Spring barley,gdd_mj,0.0106268050801187
HadGEM3-GC3-1LL,-8.5,-8.3848,12,FR,Spring barley,gdd_mj,0.131794489685086
HadGEM3-GC3-1LL,-7.5,-7.5599,19,FR,Spring barley,gdd_mj,0.136497946582283
HadGEM3-GC3-1LL,-6.5,-6.5442,24,FR,Spring barley,gdd_mj,0.128373737067033
HadGEM3-GC3-1LL,-5.5,-5.5797,10,FR,Spring barley,gdd_mj,0.111714773275242
HadGEM3-GC3-1LL,-4.5,-4.5263,6,FR,Spring barley,gdd_mj,0.101125962780498
HadGEM3-GC3-1LL,-3.5,-3.7835,7,FR,Spring barley,gdd_mj,0.140888129009479
HadGEM3-GC3-1LL,-2.5,-2.4504,6,FR,Spring barley,gdd_mj,0.123144606364445
HadGEM3-GC3-1LL,-1.5,-1.3098,8,FR,Spring barley,gdd_mj,0.0459630712256491
HadGEM3-GC3-1LL,-0.5,-0.331,6,FR,Spring barley,gdd_mj,0.0399002442613935
HadGEM3-GC3-1MM,-14.5,-14.3032,4,FR,Spring barley,gdd_mj,0.32237235045163
HadGEM3-GC3-1MM,-13.5,-13.3931,8,FR,Spring barley,gdd_mj,0.342082894980183
HadGEM3-GC3-1MM,-12.5,-12.588,13,FR,Spring barley,gdd_mj,0.283106637005122
HadGEM3-GC3-1MM,-11.5,-11.5321,21,FR,Spring barley,gdd_mj,0.276380852449371
HadGEM3-GC3-1MM,-10.5,-10.4803,10,FR,Spring barley,gdd_mj,0.249109028881624
HadGEM3-GC3-1MM,-9.5,-9.6161,7,FR,Spring barley,gdd_mj,0.198179244649742
HadGEM3-GC3-1MM,-8.5,-8.6582,7,FR,Spring barley,gdd_mj,0.175422282201073
HadGEM3-GC3-1MM,-7.5,-7.6345,8,FR,Spring barley,gdd_mj,0.195452740523504
HadGEM3-GC3-1MM,-6.5,-6.4299,4,FR,Spring barley,gdd_mj,0.12491336654192
HadGEM3-GC3-1MM,-5.5,-5.3528,4,FR,Spring barley,gdd_mj,0.139655597298608
HadGEM3-GC3-1MM,-4.5,-4.3969,4,FR,Spring barley,gdd_mj,0.0498561241769884
IPSL-CM6A-LR,-9.5,-9.3401,5,FR,Spring barley,gdd_mj,0.216422286342887
IPSL-CM6A-LR,-8.5,-8.4598,8,FR,Spring barley,gdd_mj,0.26981524563879
IPSL-CM6A-LR,-7.5,-7.5255,19,FR,Spring barley,gdd_mj,0.195973609544039
IPSL-CM6A-LR,-6.5,-6.5577,11,FR,Spring barley,gdd_mj,0.185515396108659
IPSL-CM6A-LR,-5.5,-5.5623,13,FR,Spring barley,gdd_mj,0.161958697551775
IPSL-CM6A-LR,-4.5,-4.3507,11,FR,Spring barley,gdd_mj,0.118368726333581
IPSL-CM6A-LR,-3.5,-3.4644,8,FR,Spring barley,gdd_mj,0.122823382463709
IPSL-CM6A-LR,-2.5,-2.5669,9,FR,Spring barley,gdd_mj,0.0293392439746571
IPSL-CM6A-LR,-1.5,-1.2909,6,FR,Spring barley,gdd_mj,0.12115344095367
IPSL-CM6A-LR,-0.5,-0.6347,8,FR,Spring barley,gdd_mj,0.0168780948534741
EC-Earth3,-9.5,-9.1554,4,HU,Spring barley,gdd_mj,0.13185188766424
EC-Earth3,-8.5,-8.4726,15,HU,Spring barley,gdd_mj,0.194565874602504
EC-Earth3,-7.5,-7.5562,20,HU,Spring barley,gdd_mj,0.165516228233347
EC-Earth3,-6.5,-6.4767,21,HU,Spring barley,gdd_mj,0.0715811483274281
EC-Earth3,-5.5,-5.3342,8,HU,Spring barley,gdd_mj,0.0593299725747898
EC-Earth3,-4.5,-4.5495,8,HU,Spring barley,gdd_mj,0.0883811127800544
EC-Earth3,-3.5,-3.3459,9,HU,Spring barley,gdd_mj,0.130954828440537
EC-Earth3,-2.5,-2.4493,5,HU,Spring barley,gdd_mj,0.0488254098558307
EC-Earth3,-1.5,-1.3807,6,HU,Spring barley,gdd_mj,0.0310981075090536
EC-Earth3,-0.5,-0.6596,3,HU,Spring barley,gdd_mj,-0.0471226085046757
HadGEM3-GC3-1LL,-8.5,-8.3848,12,HU,Spring barley,gdd_mj,0.122457414860517
HadGEM3-GC3-1LL,-7.5,-7.5599,19,HU,Spring barley,gdd_mj,0.0804462786485244
HadGEM3-GC3-1LL,-6.5,-6.5442,24,HU,Spring barley,gdd_mj,0.117772588245774
HadGEM3-GC3-1LL,-5.5,-5.5797,10,HU,Spring barley,gdd_mj,0.0690308303980595
HadGEM3-GC3-1LL,-4.5,-4.5263,6,HU,Spring barley,gdd_mj,0.126623927761648
HadGEM3-GC3-1LL,-3.5,-3.7835,7,HU,Spring barley,gdd_mj,0.103346697785831
HadGEM3-GC3-1LL,-2.5,-2.4504,6,HU,Spring barley,gdd_mj,0.110453475213938
HadGEM3-GC3-1LL,-1.5,-1.3098,8,HU,Spring barley,gdd_mj,0.0172459887612512
HadGEM3-GC3-1LL,-0.5,-0.331,6,HU,Spring barley,gdd_mj,0.0616470108164297
HadGEM3-GC3-1MM,-14.5,-14.3032,4,HU,Spring barley,gdd_mj,0.173856553542407
HadGEM3-GC3-1MM,-13.5,-13.3931,8,HU,Spring barley,gdd_mj,0.202599894507322
HadGEM3-GC3-1MM,-12.5,-12.588,13,HU,Spring barley,gdd_mj,0.224620775754907
HadGEM3-GC3-1MM,-11.5,-11.5321,21,HU,Spring barley,gdd_mj,0.212395909280743
HadGEM3-GC3-1MM,-10.5,-10.4803,10,HU,Spring barley,gdd_mj,0.216211369025145
HadGEM3-GC3-1MM,-9.5,-9.6161,7,HU,Spring barley,gdd_mj,0.106562942688116
HadGEM3-GC3-1MM,-8.5,-8.6582,7,HU,Spring barley,gdd_mj,0.132014932544938
HadGEM3-GC3-1MM,-7.5,-7.6345,8,HU,Spring barley,gdd_mj,0.166217012016757
HadGEM3-GC3-1MM,-6.5,-6.4299,4,HU,Spring barley,gdd_mj,0.0920704742868539
HadGEM3-GC3-1MM,-5.5,-5.3528,4,HU,Spring barley,gdd_mj,0.0843149015947979
HadGEM3-GC3-1MM,-4.5,-4.3969,4,HU,Spring barley,gdd_mj,0.045487688515163
IPSL-CM6A-LR,-9.5,-9.3401,5,HU,Spring barley,gdd_mj,0.161197172891525
IPSL-CM6A-LR,-8.5,-8.4598,8,HU,Spring barley,gdd_mj,0.158809786374558
IPSL-CM6A-LR,-7.5,-7.5255,19,HU,Spring barley,gdd_mj,0.123641143168952
IPSL-CM6A-LR,-6.5,-6.5577,11,HU,Spring barley,gdd_mj,0.108249887394723
IPSL-CM6A-LR,-5.5,-5.5623,13,HU,Spring barley,gdd_mj,0.0923989396751414
IPSL-CM6A-LR,-4.5,-4.3507,11,HU,Spring barley,gdd_mj,0.0771884433579966
IPSL-CM6A-LR,-3.5,-3.4644,8,HU,Spring barley,gdd_mj,0.0853387664697854
IPSL-CM6A-LR,-2.5,-2.5669,9,HU,Spring barley,gdd_mj,0.0422483485198317
IPSL-CM6A-LR,-1.5,-1.2909,6,HU,Spring barley,gdd_mj,0.0565869419503904
IPSL-CM6A-LR,-0.5,-0.6347,8,HU,Spring barley,gdd_mj,-0.0189777442104924
EC-Earth3,-9.5,-9.1554,4,LT,Spring barley,gdd_mj,0.0882882146622228
EC-Earth3,-8.5,-8.4726,15,LT,Spring barley,gdd_mj,0.121267660051369
EC-Earth3,-7.5,-7.5562,20,LT,Spring barley,gdd_mj,0.121752619562667
EC-Earth3,-6.5,-6.4767,21,LT,Spring barley,gdd_mj,0.059766027707363
EC-Earth3,-5.5,-5.3342,8,LT,Spring barley,gdd_mj,0.058253769567745
EC-Earth3,-4.5,-4.5495,8,LT,Spring barley,gdd_mj,0.12395150473019
EC-Earth3,-3.5,-3.3459,9,LT,Spring barley,gdd_mj,0.107954057790758
EC-Earth3,-2.5,-2.4493,5,LT,Spring barley,gdd_mj,0.0850615501229042
EC-Earth3,-1.5,-1.3807,6,LT,Spring barley,gdd_mj,-0.0158867204211851
EC-Earth3,-0.5,-0.6596,3,LT,Spring barley,gdd_mj,-0.00299946445960339
HadGEM3-GC3-1LL,-8.5,-8.3848,12,LT,Spring barley,gdd_mj,0.091042768528864
HadGEM3-GC3-1LL,-7.5,-7.5599,19,LT,Spring barley,gdd_mj,0.0878948805445439
HadGEM3-GC3-1LL,-6.5,-6.5442,24,LT,Spring barley,gdd_mj,0.0930555176441617
HadGEM3-GC3-1LL,-5.5,-5.5797,10,LT,Spring barley,gdd_mj,0.0685043870898805
HadGEM3-GC3-1LL,-4.5,-4.5263,6,LT,Spring barley,gdd_mj,0.0847490345591075
HadGEM3-GC3-1LL,-3.5,-3.7835,7,LT,Spring barley,gdd_mj,0.10075199079416
HadGEM3-GC3-1LL,-2.5,-2.4504,6,LT,Spring barley,gdd_mj,0.109430192226832
HadGEM3-GC3-1LL,-1.5,-1.3098,8,LT,Spring barley,gdd_mj,0.0404790634472019
HadGEM3-GC3-1LL,-0.5,-0.331,6,LT,Spring barley,gdd_mj,0.033036124922812
HadGEM3-GC3-1MM,-14.5,-14.3032,4,LT,Spring barley,gdd_mj,0.195572146942413
HadGEM3-GC3-1MM,-13.5,-13.3931,8,LT,Spring barley,gdd_mj,0.255037027218836
HadGEM3-GC3-1MM,-12.5,-12.588,13,LT,Spring barley,gdd_mj,0.27034598811075
HadGEM3-GC3-1MM,-11.5,-11.5321,21,LT,Spring barley,gdd_mj,0.247321351256714
HadGEM3-GC3-1MM,-10.5,-10.4803,10,LT,Spring barley,gdd_mj,0.253028436369722
HadGEM3-GC3-1MM,-9.5,-9.6161,7,LT,Spring barley,gdd_mj,0.181492276068905
HadGEM3-GC3-1MM,-8.5,-8.6582,7,LT,Spring barley,gdd_mj,0.185279096009527
HadGEM3-GC3-1MM,-7.5,-7.6345,8,LT,Spring barley,gdd_mj,0.180332298620908
HadGEM3-GC3-1MM,-6.5,-6.4299,4,LT,Spring barley,gdd_mj,0.101927060565369
HadGEM3-GC3-1MM,-5.5,-5.3528,4,LT,Spring barley,gdd_mj,0.0919865734795338
HadGEM3-GC3-1MM,-4.5,-4.3969,4,LT,Spring barley,gdd_mj,0.0824146599380079
IPSL-CM6A-LR,-9.5,-9.3401,5,LT,Spring barley,gdd_mj,0.17475175119428
IPSL-CM6A-LR,-8.5,-8.4598,8,LT,Spring barley,gdd_mj,0.192807338670083
IPSL-CM6A-LR,-7.5,-7.5255,19,LT,Spring barley,gdd_mj,0.160892451245164
IPSL-CM6A-LR,-6.5,-6.5577,11,LT,Spring barley,gdd_mj,0.167149921299496
IPSL-CM6A-LR,-5.5,-5.5623,13,LT,Spring barley,gdd_mj,0.122834383725823
IPSL-CM6A-LR,-4.5,-4.3507,11,LT,Spring barley,gdd_mj,0.114674206273795
IPSL-CM6A-LR,-3.5,-3.4644,8,LT,Spring barley,gdd_mj,0.109301156220406
IPSL-CM6A-LR,-2.5,-2.5669,9,LT,Spring barley,gdd_mj,0.067392540167069
IPSL-CM6A-LR,-1.5,-1.2909,6,LT,Spring barley,gdd_mj,0.0539334706265966
IPSL-CM6A-LR,-0.5,-0.6347,8,LT,Spring barley,gdd_mj,0.00960312093885907
EC-Earth3,-9.5,-9.1554,4,LV,Spring barley,gdd_mj,0.0824737890297269
EC-Earth3,-8.5,-8.4726,15,LV,Spring barley,gdd_mj,0.106625176016901
EC-Earth3,-7.5,-7.5562,20,LV,Spring barley,gdd_mj,0.110173237041368
EC-Earth3,-6.5,-6.4767,21,LV,Spring barley,gdd_mj,0.0555278071574035
EC-Earth3,-5.5,-5.3342,8,LV,Spring barley,gdd_mj,0.0497913912668385
EC-Earth3,-4.5,-4.5495,8,LV,Spring barley,gdd_mj,0.124047214665297
EC-Earth3,-3.5,-3.3459,9,LV,Spring barley,gdd_mj,0.113437842356049
EC-Earth3,-2.5,-2.4493,5,LV,Spring barley,gdd_mj,0.08565038878951
EC-Earth3,-1.5,-1.3807,6,LV,Spring barley,gdd_mj,-0.0105901032961281
EC-Earth3,-0.5,-0.6596,3,LV,Spring barley,gdd_mj,-0.00266207144182393
HadGEM3-GC3-1LL,-8.5,-8.3848,12,LV,Spring barley,gdd_mj,0.0892047652135553
HadGEM3-GC3-1LL,-7.5,-7.5599,19,LV,Spring barley,gdd_mj,0.0912610585447303
HadGEM3-GC3-1LL,-6.5,-6.5442,24,LV,Spring barley,gdd_mj,0.0934551400112265
HadGEM3-GC3-1LL,-5.5,-5.5797,10,LV,Spring barley,gdd_mj,0.0703619990683721
HadGEM3-GC3-1LL,-4.5,-4.5263,6,LV,Spring barley,gdd_mj,0.0705473617159915
HadGEM3-GC3-1LL,-3.5,-3.7835,7,LV,Spring barley,gdd_mj,0.0931553154150247
HadGEM3-GC3-1LL,-2.5,-2.4504,6,LV,Spring barley,gdd_mj,0.0995555938503234
HadGEM3-GC3-1LL,-1.5,-1.3098,8,LV,Spring barley,gdd_mj,0.0373389617866156
HadGEM3-GC3-1LL,-0.5,-0.331,6,LV,Spring barley,gdd_mj,0.0243603045497969
HadGEM3-GC3-1MM,-14.5,-14.3032,4,LV,Spring barley,gdd_mj,0.205126308946205
HadGEM3-GC3-1MM,-13.5,-13.3931,8,LV,Spring barley,gdd_mj,0.262525972344851
HadGEM3-GC3-1MM,-12.5,-12.588,13,LV,Spring barley,gdd_mj,0.278910638229814
HadGEM3-GC3-1MM,-11.5,-11.5321,21,LV,Spring barley,gdd_mj,0.253198767189925
HadGEM3-GC3-1MM,-10.5,-10.4803,10,LV,Spring barley,gdd_mj,0.254989521235771
HadGEM3-GC3-1MM,-9.5,-9.6161,7,LV,Spring barley,gdd_mj,0.193072688484675
HadGEM3-GC3-1MM,-8.5,-8.6582,7,LV,Spring barley,gdd_mj,0.188869067086364
HadGEM3-GC3-1MM,-7.5,-7.6345,8,LV,Spring barley,gdd_mj,0.181033174791959
HadGEM3-GC3-1MM,-6.5,-6.4299,4,LV,Spring barley,gdd_mj,0.103277771671854
HadGEM3-GC3-1MM,-5.5,-5.3528,4,LV,Spring barley,gdd_mj,0.0881966874012308
HadGEM3-GC3-1MM,-4.5,-4.3969,4,LV,Spring barley,gdd_mj,0.085598374212989
IPSL-CM6A-LR,-9.5,-9.3401,5,LV,Spring barley,gdd_mj,0.178458243021873
IPSL-CM6A-LR,-8.5,-8.4598,8,LV,Spring barley,gdd_mj,0.193089771287369
IPSL-CM6A-LR,-7.5,-7.5255,19,LV,Spring barley,gdd_mj,0.16322845645985
IPSL-CM6A-LR,-6.5,-6.5577,11,LV,Spring barley,gdd_mj,0.17287150013613
IPSL-CM6A-LR,-5.5,-5.5623,13,LV,Spring barley,gdd_mj,0.11477244926068
IPSL-CM6A-LR,-4.5,-4.3507,11,LV,Spring barley,gdd_mj,0.110529964320095
IPSL-CM6A-LR,-3.5,-3.4644,8,LV,Spring barley,gdd_mj,0.0983851878549977
IPSL-CM6A-LR,-2.5,-2.5669,9,LV,Spring barley,gdd_mj,0.0639105153678529
IPSL-CM6A-LR,-1.5,-1.2909,6,LV,Spring barley,gdd_mj,0.0584351477599357
IPSL-CM6A-LR,-0.5,-0.6347,8,LV,Spring barley,gdd_mj,0.00867219556907363
EC-Earth3,-9.5,-9.1554,4,SE,Spring barley,gdd_mj,0.164725291930263
EC-Earth3,-8.5,-8.4726,15,SE,Spring barley,gdd_mj,0.158890403998989
EC-Earth3,-7.5,-7.5562,20,SE,Spring barley,gdd_mj,0.130528219103907
EC-Earth3,-6.5,-6.4767,21,SE,Spring barley,gdd_mj,0.0787436039130958
EC-Earth3,-5.5,-5.3342,8,SE,Spring barley,gdd_mj,0.0832000150766845
EC-Earth3,-4.5,-4.5495,8,SE,Spring barley,gdd_mj,0.148209199469779
EC-Earth3,-3.5,-3.3459,9,SE,Spring barley,gdd_mj,0.116472159329901
EC-Earth3,-2.5,-2.4493,5,SE,Spring barley,gdd_mj,0.118854836425853
EC-Earth3,-1.5,-1.3807,6,SE,Spring barley,gdd_mj,0.0284714959418572
EC-Earth3,-0.5,-0.6596,3,SE,Spring barley,gdd_mj,0.0417704536854854
HadGEM3-GC3-1LL,-8.5,-8.3848,12,SE,Spring barley,gdd_mj,0.108608567622395
HadGEM3-GC3-1LL,-7.5,-7.5599,19,SE,Spring barley,gdd_mj,0.106839623218557
HadGEM3-GC3-1LL,-6.5,-6.5442,24,SE,Spring barley,gdd_mj,0.107282128112433
HadGEM3-GC3-1LL,-5.5,-5.5797,10,SE,Spring barley,gdd_mj,0.0800780975489866
HadGEM3-GC3-1LL,-4.5,-4.5263,6,SE,Spring barley,gdd_mj,0.0745208495037331
HadGEM3-GC3-1LL,-3.5,-3.7835,7,SE,Spring barley,gdd_mj,0.11048396257958
HadGEM3-GC3-1LL,-2.5,-2.4504,6,SE,Spring barley,gdd_mj,0.0975133909707958
HadGEM3-GC3-1LL,-1.5,-1.3098,8,SE,Spring barley,gdd_mj,0.0298067781069458
HadGEM3-GC3-1LL,-0.5,-0.331,6,SE,Spring barley,gdd_mj,0.025866560636371
HadGEM3-GC3-1MM,-14.5,-14.3032,4,SE,Spring barley,gdd_mj,0.270466606140143
HadGEM3-GC3-1MM,-13.5,-13.3931,8,SE,Spring barley,gdd_mj,0.293090967264457
HadGEM3-GC3-1MM,-12.5,-12.588,13,SE,Spring barley,gdd_mj,0.292260073652436
HadGEM3-GC3-1MM,-11.5,-11.5321,21,SE,Spring barley,gdd_mj,0.27831659580741
HadGEM3-GC3-1MM,-10.5,-10.4803,10,SE,Spring barley,gdd_mj,0.266836928243679
HadGEM3-GC3-1MM,-9.5,-9.6161,7,SE,Spring barley,gdd_mj,0.203248163766708
HadGEM3-GC3-1MM,-8.5,-8.6582,7,SE,Spring barley,gdd_mj,0.207996414809755
HadGEM3-GC3-1MM,-7.5,-7.6345,8,SE,Spring barley,gdd_mj,0.187698680197699
HadGEM3-GC3-1MM,-6.5,-6.4299,4,SE,Spring barley,gdd_mj,0.104916804020969
HadGEM3-GC3-1MM,-5.5,-5.3528,4,SE,Spring barley,gdd_mj,0.117754254021852
HadGEM3-GC3-1MM,-4.5,-4.3969,4,SE,Spring barley,gdd_mj,0.0836093172963184
IPSL-CM6A-LR,-9.5,-9.3401,5,SE,Spring barley,gdd_mj,0.197125084584943
IPSL-CM6A-LR,-8.5,-8.4598,8,SE,Spring barley,gdd_mj,0.237991594459476
IPSL-CM6A-LR,-7.5,-7.5255,19,SE,Spring barley,gdd_mj,0.185761366732923
IPSL-CM6A-LR,-6.5,-6.5577,11,SE,Spring barley,gdd_mj,0.207085060499134
IPSL-CM6A-LR,-5.5,-5.5623,13,SE,Spring barley,gdd_mj,0.12858696248146
IPSL-CM6A-LR,-4.5,-4.3507,11,SE,Spring barley,gdd_mj,0.121853582303971
IPSL-CM6A-LR,-3.5,-3.4644,8,SE,Spring barley,gdd_mj,0.11505673540873
IPSL-CM6A-LR,-2.5,-2.5669,9,SE,Spring barley,gdd_mj,0.0552567873928684
IPSL-CM6A-LR,-1.5,-1.2909,6,SE,Spring barley,gdd_mj,0.0850334435258698
IPSL-CM6A-LR,-0.5,-0.6347,8,SE,Spring barley,gdd_mj,0.0311882856111374
EC-Earth3,-9.5,-9.1554,4,SK,Spring barley,gdd_mj,0.128191302134403
EC-Earth3,-8.5,-8.4726,15,SK,Spring barley,gdd_mj,0.176878414579655
EC-Earth3,-7.5,-7.5562,20,SK,Spring barley,gdd_mj,0.159318284867201
EC-Earth3,-6.5,-6.4767,21,SK,Spring barley,gdd_mj,0.0648919334646029
EC-Earth3,-5.5,-5.3342,8,SK,Spring barley,gdd_mj,0.0582564326728168
EC-Earth3,-4.5,-4.5495,8,SK,Spring barley,gdd_mj,0.0964041537356538
EC-Earth3,-3.5,-3.3459,9,SK,Spring barley,gdd_mj,0.110116570365394
EC-Earth3,-2.5,-2.4493,5,SK,Spring barley,gdd_mj,0.0572421185632115
EC-Earth3,-1.5,-1.3807,6,SK,Spring barley,gdd_mj,0.0138192487913755
EC-Earth3,-0.5,-0.6596,3,SK,Spring barley,gdd_mj,-0.0471449087378611
HadGEM3-GC3-1LL,-8.5,-8.3848,12,SK,Spring barley,gdd_mj,0.115374288884257
HadGEM3-GC3-1LL,-7.5,-7.5599,19,SK,Spring barley,gdd_mj,0.0812561431723334
HadGEM3-GC3-1LL,-6.5,-6.5442,24,SK,Spring barley,gdd_mj,0.10841210729237
HadGEM3-GC3-1LL,-5.5,-5.5797,10,SK,Spring barley,gdd_mj,0.0681954910235575
HadGEM3-GC3-1LL,-4.5,-4.5263,6,SK,Spring barley,gdd_mj,0.119191244513701
HadGEM3-GC3-1LL,-3.5,-3.7835,7,SK,Spring barley,gdd_mj,0.102572329345095
HadGEM3-GC3-1LL,-2.5,-2.4504,6,SK,Spring barley,gdd_mj,0.107612742806599
HadGEM3-GC3-1LL,-1.5,-1.3098,8,SK,Spring barley,gdd_mj,0.0264430401331883
HadGEM3-GC3-1LL,-0.5,-0.331,6,SK,Spring barley,gdd_mj,0.0601526245343082
HadGEM3-GC3-1MM,-14.5,-14.3032,4,SK,Spring barley,gdd_mj,0.173851704926975
HadGEM3-GC3-1MM,-13.5,-13.3931,8,SK,Spring barley,gdd_mj,0.189252104940513
HadGEM3-GC3-1MM,-12.5,-12.588,13,SK,Spring barley,gdd_mj,0.213258567478729
HadGEM3-GC3-1MM,-11.5,-11.5321,21,SK,Spring barley,gdd_mj,0.204027278606703
HadGEM3-GC3-1MM,-10.5,-10.4803,10,SK,Spring barley,gdd_mj,0.210132838421891
HadGEM3-GC3-1MM,-9.5,-9.6161,7,SK,Spring barley,gdd_mj,0.0916969289434306
HadGEM3-GC3-1MM,-8.5,-8.6582,7,SK,Spring barley,gdd_mj,0.131633858073711
HadGEM3-GC3-1MM,-7.5,-7.6345,8,SK,Spring barley,gdd_mj,0.164462328948179
HadGEM3-GC3-1MM,-6.5,-6.4299,4,SK,Spring barley,gdd_mj,0.0865379969820372
HadGEM3-GC3-1MM,-5.5,-5.3528,4,SK,Spring barley,gdd_mj,0.0777139026687899
HadGEM3-GC3-1MM,-4.5,-4.3969,4,SK,Spring barley,gdd_mj,0.0464853890070532
IPSL-CM6A-LR,-9.5,-9.3401,5,SK,Spring barley,gdd_mj,0.147357417002795
IPSL-CM6A-LR,-8.5,-8.4598,8,SK,Spring barley,gdd_mj,0.165258335082361
IPSL-CM6A-LR,-7.5,-7.5255,19,SK,Spring barley,gdd_mj,0.126664042881327
IPSL-CM6A-LR,-6.5,-6.5577,11,SK,Spring barley,gdd_mj,0.104787606971267
IPSL-CM6A-LR,-5.5,-5.5623,13,SK,Spring barley,gdd_mj,0.0987568752541123
IPSL-CM6A-LR,-4.5,-4.3507,11,SK,Spring barley,gdd_mj,0.0837052657993436
IPSL-CM6A-LR,-3.5,-3.4644,8,SK,Spring barley,gdd_mj,0.0913596150317257
IPSL-CM6A-LR,-2.5,-2.5669,9,SK,Spring barley,gdd_mj,0.0504909480574845
IPSL-CM6A-LR,-1.5,-1.2909,6,SK,Spring barley,gdd_mj,0.0521919989039567
IPSL-CM6A-LR,-0.5,-0.6347,8,SK,Spring barley,gdd_mj,-0.0077833360377308
EC-Earth3,-9.5,-9.1554,4,CZ,Winter barley,gdd_mj,0.147861868539419
EC-Earth3,-8.5,-8.4726,15,CZ,Winter barley,gdd_mj,0.176716289083203
EC-Earth3,-7.5,-7.5562,20,CZ,Winter barley,gdd_mj,0.159691668602223
EC-Earth3,-6.5,-6.4767,21,CZ,Winter barley,gdd_mj,0.0728145336048964
EC-Earth3,-5.5,-5.3342,8,CZ,Winter barley,gdd_mj,0.0817864995386951
EC-Earth3,-4.5,-4.5495,8,CZ,Winter barley,gdd_mj,0.117377552787618
EC-Earth3,-3.5,-3.3459,9,CZ,Winter barley,gdd_mj,0.0904979573571003
EC-Earth3,-2.5,-2.4493,5,CZ,Winter barley,gdd_mj,0.0574421485247742
EC-Earth3,-1.5,-1.3807,6,CZ,Winter barley,gdd_mj,0.00905758015455683
EC-Earth3,-0.5,-0.6596,3,CZ,Winter barley,gdd_mj,-0.0549400400946635
HadGEM3-GC3-1LL,-8.5,-8.3848,12,CZ,Winter barley,gdd_mj,0.115502046910661
HadGEM3-GC3-1LL,-7.5,-7.5599,19,CZ,Winter barley,gdd_mj,0.0924884099750984
HadGEM3-GC3-1LL,-6.5,-6.5442,24,CZ,Winter barley,gdd_mj,0.105713162906845
HadGEM3-GC3-1LL,-5.5,-5.5797,10,CZ,Winter barley,gdd_mj,0.0786000774657011
HadGEM3-GC3-1LL,-4.5,-4.5263,6,CZ,Winter barley,gdd_mj,0.122419615638993
HadGEM3-GC3-1LL,-3.5,-3.7835,7,CZ,Winter barley,gdd_mj,0.113673944642089
HadGEM3-GC3-1LL,-2.5,-2.4504,6,CZ,Winter barley,gdd_mj,0.112311832241754
HadGEM3-GC3-1LL,-1.5,-1.3098,8,CZ,Winter barley,gdd_mj,0.0341119230437263
HadGEM3-GC3-1LL,-0.5,-0.331,6,CZ,Winter barley,gdd_mj,0.0535504332821211
HadGEM3-GC3-1MM,-14.5,-14.3032,4,CZ,Winter barley,gdd_mj,0.212961295923231
HadGEM3-GC3-1MM,-13.5,-13.3931,8,CZ,Winter barley,gdd_mj,0.237102465665265
HadGEM3-GC3-1MM,-12.5,-12.588,13,CZ,Winter barley,gdd_mj,0.224326115117901
HadGEM3-GC3-1MM,-11.5,-11.5321,21,CZ,Winter barley,gdd_mj,0.23099304390679
HadGEM3-GC3-1MM,-10.5,-10.4803,10,CZ,Winter barley,gdd_mj,0.23391021425459
HadGEM3-GC3-1MM,-9.5,-9.6161,7,CZ,Winter barley,gdd_mj,0.110279921020674
HadGEM3-GC3-1MM,-8.5,-8.6582,7,CZ,Winter barley,gdd_mj,0.154254702136973
HadGEM3-GC3-1MM,-7.5,-7.6345,8,CZ,Winter barley,gdd_mj,0.180630012953216
HadGEM3-GC3-1MM,-6.5,-6.4299,4,CZ,Winter barley,gdd_mj,0.0872340126793137
HadGEM3-GC3-1MM,-5.5,-5.3528,4,CZ,Winter barley,gdd_mj,0.0948821364006818
HadGEM3-GC3-1MM,-4.5,-4.3969,4,CZ,Winter barley,gdd_mj,0.0635586733317587
IPSL-CM6A-LR,-9.5,-9.3401,5,CZ,Winter barley,gdd_mj,0.166020611862425
IPSL-CM6A-LR,-8.5,-8.4598,8,CZ,Winter barley,gdd_mj,0.184328881605987
IPSL-CM6A-LR,-7.5,-7.5255,19,CZ,Winter barley,gdd_mj,0.150203585378476
IPSL-CM6A-LR,-6.5,-6.5577,11,CZ,Winter barley,gdd_mj,0.136747740991271
IPSL-CM6A-LR,-5.5,-5.5623,13,CZ,Winter barley,gdd_mj,0.120471441553054
IPSL-CM6A-LR,-4.5,-4.3507,11,CZ,Winter barley,gdd_mj,0.0897675228453046
IPSL-CM6A-LR,-3.5,-3.4644,8,CZ,Winter barley,gdd_mj,0.109742865665864
IPSL-CM6A-LR,-2.5,-2.5669,9,CZ,Winter barley,gdd_mj,0.052126174114291
IPSL-CM6A-LR,-1.5,-1.2909,6,CZ,Winter barley,gdd_mj,0.0605211130025223
IPSL-CM6A-LR,-0.5,-0.6347,8,CZ,Winter barley,gdd_mj,0.0039074688420069
EC-Earth3,-9.5,-9.1554,4,DE,Winter barley,gdd_mj,0.17943480054881
EC-Earth3,-8.5,-8.4726,15,DE,Winter barley,gdd_mj,0.186719011256979
EC-Earth3,-7.5,-7.5562,20,DE,Winter barley,gdd_mj,0.164543545936207
EC-Earth3,-6.5,-6.4767,21,DE,Winter barley,gdd_mj,0.0920537605242739
EC-Earth3,-5.5,-5.3342,8,DE,Winter barley,gdd_mj,0.0942183954013704
EC-Earth3,-4.5,-4.5495,8,DE,Winter barley,gdd_mj,0.139372403336744
EC-Earth3,-3.5,-3.3459,9,DE,Winter barley,gdd_mj,0.104581084312057
EC-Earth3,-2.5,-2.4493,5,DE,Winter barley,gdd_mj,0.0681535669608725
EC-Earth3,-1.5,-1.3807,6,DE,Winter barley,gdd_mj,0.0146218182454791
EC-Earth3,-0.5,-0.6596,3,DE,Winter barley,gdd_mj,-0.0170785617917101
HadGEM3-GC3-1LL,-8.5,-8.3848,12,DE,Winter barley,gdd_mj,0.130279189809772
HadGEM3-GC3-1LL,-7.5,-7.5599,19,DE,Winter barley,gdd_mj,0.118337851965009
HadGEM3-GC3-1LL,-6.5,-6.5442,24,DE,Winter barley,gdd_mj,0.122871114944479
HadGEM3-GC3-1LL,-5.5,-5.5797,10,DE,Winter barley,gdd_mj,0.0962321018112041
HadGEM3-GC3-1LL,-4.5,-4.5263,6,DE,Winter barley,gdd_mj,0.120309216687779
HadGEM3-GC3-1LL,-3.5,-3.7835,7,DE,Winter barley,gdd_mj,0.13879341863299
HadGEM3-GC3-1LL,-2.5,-2.4504,6,DE,Winter barley,gdd_mj,0.134432190245555
HadGEM3-GC3-1LL,-1.5,-1.3098,8,DE,Winter barley,gdd_mj,0.0407791523174501
HadGEM3-GC3-1LL,-0.5,-0.331,6,DE,Winter barley,gdd_mj,0.0535474946509635
HadGEM3-GC3-1MM,-14.5,-14.3032,4,DE,Winter barley,gdd_mj,0.29148301008739
HadGEM3-GC3-1MM,-13.5,-13.3931,8,DE,Winter barley,gdd_mj,0.321937170304838
HadGEM3-GC3-1MM,-12.5,-12.588,13,DE,Winter barley,gdd_mj,0.28562716657139
HadGEM3-GC3-1MM,-11.5,-11.5321,21,DE,Winter barley,gdd_mj,0.288912456733662
HadGEM3-GC3-1MM,-10.5,-10.4803,10,DE,Winter barley,gdd_mj,0.276088587592309
HadGEM3-GC3-1MM,-9.5,-9.6161,7,DE,Winter barley,gdd_mj,0.1725249888099
HadGEM3-GC3-1MM,-8.5,-8.6582,7,DE,Winter barley,gdd_mj,0.191326652947538
HadGEM3-GC3-1MM,-7.5,-7.6345,8,DE,Winter barley,gdd_mj,0.211239743922338
HadGEM3-GC3-1MM,-6.5,-6.4299,4,DE,Winter barley,gdd_mj,0.115539745323643
HadGEM3-GC3-1MM,-5.5,-5.3528,4,DE,Winter barley,gdd_mj,0.126218516535737
HadGEM3-GC3-1MM,-4.5,-4.3969,4,DE,Winter barley,gdd_mj,0.0758422369883752
IPSL-CM6A-LR,-9.5,-9.3401,5,DE,Winter barley,gdd_mj,0.209994229615312
IPSL-CM6A-LR,-8.5,-8.4598,8,DE,Winter barley,gdd_mj,0.244024191092175
IPSL-CM6A-LR,-7.5,-7.5255,19,DE,Winter barley,gdd_mj,0.194131152880886
IPSL-CM6A-LR,-6.5,-6.5577,11,DE,Winter barley,gdd_mj,0.199908973383442
IPSL-CM6A-LR,-5.5,-5.5623,13,DE,Winter barley,gdd_mj,0.147699351531622
IPSL-CM6A-LR,-4.5,-4.3507,11,DE,Winter barley,gdd_mj,0.114679644560112
IPSL-CM6A-LR,-3.5,-3.4644,8,DE,Winter barley,gdd_mj,0.136121808995599
IPSL-CM6A-LR,-2.5,-2.5669,9,DE,Winter barley,gdd_mj,0.0465179950919431
IPSL-CM6A-LR,-1.5,-1.2909,6,DE,Winter barley,gdd_mj,0.0956339291571477
IPSL-CM6A-LR,-0.5,-0.6347,8,DE,Winter barley,gdd_mj,0.0150712612679286
EC-Earth3,-9.5,-9.1554,4,DK,Winter barley,gdd_mj,0.185511053193128
EC-Earth3,-8.5,-8.4726,15,DK,Winter barley,gdd_mj,0.192463862840111
EC-Earth3,-7.5,-7.5562,20,DK,Winter barley,gdd_mj,0.16372512982578
EC-Earth3,-6.5,-6.4767,21,DK,Winter barley,gdd_mj,0.110211243443522
EC-Earth3,-5.5,-5.3342,8,DK,Winter barley,gdd_mj,0.102003548301296
EC-Earth3,-4.5,-4.5495,8,DK,Winter barley,gdd_mj,0.169454076053728
EC-Earth3,-3.5,-3.3459,9,DK,Winter barley,gdd_mj,0.12035727484852
EC-Earth3,-2.5,-2.4493,5,DK,Winter barley,gdd_mj,0.111729080311144
EC-Earth3,-1.5,-1.3807,6,DK,Winter barley,gdd_mj,0.0400988012921989
EC-Earth3,-0.5,-0.6596,3,DK,Winter barley,gdd_mj,0.0397855257786387
HadGEM3-GC3-1LL,-8.5,-8.3848,12,DK,Winter barley,gdd_mj,0.150871502910918
HadGEM3-GC3-1LL,-7.5,-7.5599,19,DK,Winter barley,gdd_mj,0.143150557085614
HadGEM3-GC3-1LL,-6.5,-6.5442,24,DK,Winter barley,gdd_mj,0.138653663585939
HadGEM3-GC3-1LL,-5.5,-5.5797,10,DK,Winter barley,gdd_mj,0.111558110028797
HadGEM3-GC3-1LL,-4.5,-4.5263,6,DK,Winter barley,gdd_mj,0.114015967879405
HadGEM3-GC3-1LL,-3.5,-3.7835,7,DK,Winter barley,gdd_mj,0.154573005002661
HadGEM3-GC3-1LL,-2.5,-2.4504,6,DK,Winter barley,gdd_mj,0.138330253326208
HadGEM3-GC3-1LL,-1.5,-1.3098,8,DK,Winter barley,gdd_mj,0.0382591932178022
HadGEM3-GC3-1LL,-0.5,-0.331,6,DK,Winter barley,gdd_mj,0.0344816092265315
HadGEM3-GC3-1MM,-14.5,-14.3032,4,DK,Winter barley,gdd_mj,0.342270462998155
HadGEM3-GC3-1MM,-13.5,-13.3931,8,DK,Winter barley,gdd_mj,0.366544328828976
HadGEM3-GC3-1MM,-12.5,-12.588,13,DK,Winter barley,gdd_mj,0.371169547180581
HadGEM3-GC3-1MM,-11.5,-11.5321,21,DK,Winter barley,gdd_mj,0.355481000321049
HadGEM3-GC3-1MM,-10.5,-10.4803,10,DK,Winter barley,gdd_mj,0.326839335748824
HadGEM3-GC3-1MM,-9.5,-9.6161,7,DK,Winter barley,gdd_mj,0.242019417111982
HadGEM3-GC3-1MM,-8.5,-8.6582,7,DK,Winter barley,gdd_mj,0.248574174736393
HadGEM3-GC3-1MM,-7.5,-7.6345,8,DK,Winter barley,gdd_mj,0.22449017847111
HadGEM3-GC3-1MM,-6.5,-6.4299,4,DK,Winter barley,gdd_mj,0.123030302875444
HadGEM3-GC3-1MM,-5.5,-5.3528,4,DK,Winter barley,gdd_mj,0.127806456862868
HadGEM3-GC3-1MM,-4.5,-4.3969,4,DK,Winter barley,gdd_mj,0.0950663113292557
IPSL-CM6A-LR,-9.5,-9.3401,5,DK,Winter barley,gdd_mj,0.261304967851247
IPSL-CM6A-LR,-8.5,-8.4598,8,DK,Winter barley,gdd_mj,0.308045395809309
IPSL-CM6A-LR,-7.5,-7.5255,19,DK,Winter barley,gdd_mj,0.242181273920033
IPSL-CM6A-LR,-6.5,-6.5577,11,DK,Winter barley,gdd_mj,0.27627019468176
IPSL-CM6A-LR,-5.5,-5.5623,13,DK,Winter barley,gdd_mj,0.174839217482682
IPSL-CM6A-LR,-4.5,-4.3507,11,DK,Winter barley,gdd_mj,0.144099853973999
IPSL-CM6A-LR,-3.5,-3.4644,8,DK,Winter barley,gdd_mj,0.159112361647975
IPSL-CM6A-LR,-2.5,-2.5669,9,DK,Winter barley,gdd_mj,0.061804394590581
IPSL-CM6A-LR,-1.5,-1.2909,6,DK,Winter barley,gdd_mj,0.112472312585415
IPSL-CM6A-LR,-0.5,-0.6347,8,DK,Winter barley,gdd_mj,0.0425786519273847
EC-Earth3,-9.5,-9.1554,4,EE,Winter barley,gdd_mj,0.0888851589213753
EC-Earth3,-8.5,-8.4726,15,EE,Winter barley,gdd_mj,0.107907891033823
EC-Earth3,-7.5,-7.5562,20,EE,Winter barley,gdd_mj,0.1137092539738
EC-Earth3,-6.5,-6.4767,21,EE,Winter barley,gdd_mj,0.0571908665537751
EC-Earth3,-5.5,-5.3342,8,EE,Winter barley,gdd_mj,0.0578109087627312
EC-Earth3,-4.5,-4.5495,8,EE,Winter barley,gdd_mj,0.137829192273118
EC-Earth3,-3.5,-3.3459,9,EE,Winter barley,gdd_mj,0.125288520844979
EC-Earth3,-2.5,-2.4493,5,EE,Winter barley,gdd_mj,0.102741079029168
EC-Earth3,-1.5,-1.3807,6,EE,Winter barley,gdd_mj,0.000705374605819039
EC-Earth3,-0.5,-0.6596,3,EE,Winter barley,gdd_mj,0.0104670054906591
HadGEM3-GC3-1LL,-8.5,-8.3848,12,EE,Winter barley,gdd_mj,0.102996367817469
HadGEM3-GC3-1LL,-7.5,-7.5599,19,EE,Winter barley,gdd_mj,0.10265261032337
HadGEM3-GC3-1LL,-6.5,-6.5442,24,EE,Winter barley,gdd_mj,0.107287958948388
HadGEM3-GC3-1LL,-5.5,-5.5797,10,EE,Winter barley,gdd_mj,0.0834257794161918
HadGEM3-GC3-1LL,-4.5,-4.5263,6,EE,Winter barley,gdd_mj,0.0592173942970076
HadGEM3-GC3-1LL,-3.5,-3.7835,7,EE,Winter barley,gdd_mj,0.0910749657410359
HadGEM3-GC3-1LL,-2.5,-2.4504,6,EE,Winter barley,gdd_mj,0.0906060742086708
HadGEM3-GC3-1LL,-1.5,-1.3098,8,EE,Winter barley,gdd_mj,0.0283200021014559
HadGEM3-GC3-1LL,-0.5,-0.331,6,EE,Winter barley,gdd_mj,0.0198727591673134
HadGEM3-GC3-1MM,-14.5,-14.3032,4,EE,Winter barley,gdd_mj,0.221813650870808
HadGEM3-GC3-1MM,-13.5,-13.3931,8,EE,Winter barley,gdd_mj,0.279751696344912
HadGEM3-GC3-1MM,-12.5,-12.588,13,EE,Winter barley,gdd_mj,0.29320914596792
HadGEM3-GC3-1MM,-11.5,-11.5321,21,EE,Winter barley,gdd_mj,0.271494174106375
HadGEM3-GC3-1MM,-10.5,-10.4803,10,EE,Winter barley,gdd_mj,0.267030522637693
HadGEM3-GC3-1MM,-9.5,-9.6161,7,EE,Winter barley,gdd_mj,0.215282124420612
HadGEM3-GC3-1MM,-8.5,-8.6582,7,EE,Winter barley,gdd_mj,0.209054309559897
HadGEM3-GC3-1MM,-7.5,-7.6345,8,EE,Winter barley,gdd_mj,0.190013330908563
HadGEM3-GC3-1MM,-6.5,-6.4299,4,EE,Winter barley,gdd_mj,0.112005428629759
HadGEM3-GC3-1MM,-5.5,-5.3528,4,EE,Winter barley,gdd_mj,0.104409185606696
HadGEM3-GC3-1MM,-4.5,-4.3969,4,EE,Winter barley,gdd_mj,0.0926067482930287
IPSL-CM6A-LR,-9.5,-9.3401,5,EE,Winter barley,gdd_mj,0.201343415551766
IPSL-CM6A-LR,-8.5,-8.4598,8,EE,Winter barley,gdd_mj,0.220847641742376
IPSL-CM6A-LR,-7.5,-7.5255,19,EE,Winter barley,gdd_mj,0.193102792689274
IPSL-CM6A-LR,-6.5,-6.5577,11,EE,Winter barley,gdd_mj,0.208821380886871
IPSL-CM6A-LR,-5.5,-5.5623,13,EE,Winter barley,gdd_mj,0.12075558455498
IPSL-CM6A-LR,-4.5,-4.3507,11,EE,Winter barley,gdd_mj,0.120722587168849
IPSL-CM6A-LR,-3.5,-3.4644,8,EE,Winter barley,gdd_mj,0.0903365634029253
IPSL-CM6A-LR,-2.5,-2.5669,9,EE,Winter barley,gdd_mj,0.0617869888241416
IPSL-CM6A-LR,-1.5,-1.2909,6,EE,Winter barley,gdd_mj,0.0720137782940969
IPSL-CM6A-LR,-0.5,-0.6347,8,EE,Winter barley,gdd_mj,0.0162006451682699
EC-Earth3,-9.5,-9.1554,4,EL,Winter barley,gdd_mj,0.127791180327861
EC-Earth3,-8.5,-8.4726,15,EL,Winter barley,gdd_mj,0.185625062804926
EC-Earth3,-7.5,-7.5562,20,EL,Winter barley,gdd_mj,0.147794794299829
EC-Earth3,-6.5,-6.4767,21,EL,Winter barley,gdd_mj,0.113923020610987
EC-Earth3,-5.5,-5.3342,8,EL,Winter barley,gdd_mj,0.114276246107343
EC-Earth3,-4.5,-4.5495,8,EL,Winter barley,gdd_mj,0.0843505244564797
EC-Earth3,-3.5,-3.3459,9,EL,Winter barley,gdd_mj,0.111193909051099
EC-Earth3,-2.5,-2.4493,5,EL,Winter barley,gdd_mj,0.0831205017711895
EC-Earth3,-1.5,-1.3807,6,EL,Winter barley,gdd_mj,0.0404389668721018
EC-Earth3,-0.5,-0.6596,3,EL,Winter barley,gdd_mj,-0.00129920169227404
HadGEM3-GC3-1LL,-8.5,-8.3848,12,EL,Winter barley,gdd_mj,0.139847868520807
HadGEM3-GC3-1LL,-7.5,-7.5599,19,EL,Winter barley,gdd_mj,0.108332273806726
HadGEM3-GC3-1LL,-6.5,-6.5442,24,EL,Winter barley,gdd_mj,0.135820502446998
HadGEM3-GC3-1LL,-5.5,-5.5797,10,EL,Winter barley,gdd_mj,0.0654656606299831
HadGEM3-GC3-1LL,-4.5,-4.5263,6,EL,Winter barley,gdd_mj,0.116380685436315
HadGEM3-GC3-1LL,-3.5,-3.7835,7,EL,Winter barley,gdd_mj,0.0757029290160646
HadGEM3-GC3-1LL,-2.5,-2.4504,6,EL,Winter barley,gdd_mj,0.0636106424249707
HadGEM3-GC3-1LL,-1.5,-1.3098,8,EL,Winter barley,gdd_mj,0.00289813990207863
HadGEM3-GC3-1LL,-0.5,-0.331,6,EL,Winter barley,gdd_mj,0.0306290261521492
HadGEM3-GC3-1MM,-14.5,-14.3032,4,EL,Winter barley,gdd_mj,0.204901099539111
HadGEM3-GC3-1MM,-13.5,-13.3931,8,EL,Winter barley,gdd_mj,0.212730658363829
HadGEM3-GC3-1MM,-12.5,-12.588,13,EL,Winter barley,gdd_mj,0.21934292040772
HadGEM3-GC3-1MM,-11.5,-11.5321,21,EL,Winter barley,gdd_mj,0.19828206475639
HadGEM3-GC3-1MM,-10.5,-10.4803,10,EL,Winter barley,gdd_mj,0.187600778609326
HadGEM3-GC3-1MM,-9.5,-9.6161,7,EL,Winter barley,gdd_mj,0.13655828843035
HadGEM3-GC3-1MM,-8.5,-8.6582,7,EL,Winter barley,gdd_mj,0.116150769594532
HadGEM3-GC3-1MM,-7.5,-7.6345,8,EL,Winter barley,gdd_mj,0.147639653706972
HadGEM3-GC3-1MM,-6.5,-6.4299,4,EL,Winter barley,gdd_mj,0.0772926630840656
HadGEM3-GC3-1MM,-5.5,-5.3528,4,EL,Winter barley,gdd_mj,0.0604471778806301
HadGEM3-GC3-1MM,-4.5,-4.3969,4,EL,Winter barley,gdd_mj,0.0374377693863048
IPSL-CM6A-LR,-9.5,-9.3401,5,EL,Winter barley,gdd_mj,0.184456931450988
IPSL-CM6A-LR,-8.5,-8.4598,8,EL,Winter barley,gdd_mj,0.121000909125497
IPSL-CM6A-LR,-7.5,-7.5255,19,EL,Winter barley,gdd_mj,0.121150105590739
IPSL-CM6A-LR,-6.5,-6.5577,11,EL,Winter barley,gdd_mj,0.117295827284331
IPSL-CM6A-LR,-5.5,-5.5623,13,EL,Winter barley,gdd_mj,0.0531636085857131
IPSL-CM6A-LR,-4.5,-4.3507,11,EL,Winter barley,gdd_mj,0.0697757810693638
IPSL-CM6A-LR,-3.5,-3.4644,8,EL,Winter barley,gdd_mj,0.0465931005027647
IPSL-CM6A-LR,-2.5,-2.5669,9,EL,Winter barley,gdd_mj,0.0371617460443993
IPSL-CM6A-LR,-1.5,-1.2909,6,EL,Winter barley,gdd_mj,0.0453421737631108
IPSL-CM6A-LR,-0.5,-0.6347,8,EL,Winter barley,gdd_mj,-0.0371997681180626
EC-Earth3,-9.5,-9.1554,4,ES,Winter barley,gdd_mj,0.167438873705749
EC-Earth3,-8.5,-8.4726,15,ES,Winter barley,gdd_mj,0.15204496734355
EC-Earth3,-7.5,-7.5562,20,ES,Winter barley,gdd_mj,0.135580372667202
EC-Earth3,-6.5,-6.4767,21,ES,Winter barley,gdd_mj,0.0802189115453863
EC-Earth3,-5.5,-5.3342,8,ES,Winter barley,gdd_mj,0.0928587605728826
EC-Earth3,-4.5,-4.5495,8,ES,Winter barley,gdd_mj,0.0443685109611343
EC-Earth3,-3.5,-3.3459,9,ES,Winter barley,gdd_mj,0.124106897862493
EC-Earth3,-2.5,-2.4493,5,ES,Winter barley,gdd_mj,0.0412201280517316
EC-Earth3,-1.5,-1.3807,6,ES,Winter barley,gdd_mj,0.0634542533902367
EC-Earth3,-0.5,-0.6596,3,ES,Winter barley,gdd_mj,-0.0184117773606519
HadGEM3-GC3-1LL,-8.5,-8.3848,12,ES,Winter barley,gdd_mj,0.126841430972665
HadGEM3-GC3-1LL,-7.5,-7.5599,19,ES,Winter barley,gdd_mj,0.118446529198267
HadGEM3-GC3-1LL,-6.5,-6.5442,24,ES,Winter barley,gdd_mj,0.12048100882017
HadGEM3-GC3-1LL,-5.5,-5.5797,10,ES,Winter barley,gdd_mj,0.0906074505855262
HadGEM3-GC3-1LL,-4.5,-4.5263,6,ES,Winter barley,gdd_mj,0.0580045808194466
HadGEM3-GC3-1LL,-3.5,-3.7835,7,ES,Winter barley,gdd_mj,0.0725998207816737
HadGEM3-GC3-1LL,-2.5,-2.4504,6,ES,Winter barley,gdd_mj,0.0687360384645428
HadGEM3-GC3-1LL,-1.5,-1.3098,8,ES,Winter barley,gdd_mj,0.0223539577451407
HadGEM3-GC3-1LL,-0.5,-0.331,6,ES,Winter barley,gdd_mj,0.00621581716656149
HadGEM3-GC3-1MM,-14.5,-14.3032,4,ES,Winter barley,gdd_mj,0.283976896898907
HadGEM3-GC3-1MM,-13.5,-13.3931,8,ES,Winter barley,gdd_mj,0.326813383694403
HadGEM3-GC3-1MM,-12.5,-12.588,13,ES,Winter barley,gdd_mj,0.251250896229231
HadGEM3-GC3-1MM,-11.5,-11.5321,21,ES,Winter barley,gdd_mj,0.200718786830724
HadGEM3-GC3-1MM,-10.5,-10.4803,10,ES,Winter barley,gdd_mj,0.15577103902449
HadGEM3-GC3-1MM,-9.5,-9.6161,7,ES,Winter barley,gdd_mj,0.184624355430437
HadGEM3-GC3-1MM,-8.5,-8.6582,7,ES,Winter barley,gdd_mj,0.122575442094511
HadGEM3-GC3-1MM,-7.5,-7.6345,8,ES,Winter barley,gdd_mj,0.0887186093484089
HadGEM3-GC3-1MM,-6.5,-6.4299,4,ES,Winter barley,gdd_mj,0.0873396888620025
HadGEM3-GC3-1MM,-5.5,-5.3528,4,ES,Winter barley,gdd_mj,0.0785390738054194
HadGEM3-GC3-1MM,-4.5,-4.3969,4,ES,Winter barley,gdd_mj,0.024771810951434
IPSL-CM6A-LR,-9.5,-9.3401,5,ES,Winter barley,gdd_mj,0.183431745090246
IPSL-CM6A-LR,-8.5,-8.4598,8,ES,Winter barley,gdd_mj,0.170109638351752
IPSL-CM6A-LR,-7.5,-7.5255,19,ES,Winter barley,gdd_mj,0.133597414702212
IPSL-CM6A-LR,-6.5,-6.5577,11,ES,Winter barley,gdd_mj,0.131578191172541
IPSL-CM6A-LR,-5.5,-5.5623,13,ES,Winter barley,gdd_mj,0.117297704336118
IPSL-CM6A-LR,-4.5,-4.3507,11,ES,Winter barley,gdd_mj,0.0414364362428793
IPSL-CM6A-LR,-3.5,-3.4644,8,ES,Winter barley,gdd_mj,0.0241336615642227
IPSL-CM6A-LR,-2.5,-2.5669,9,ES,Winter barley,gdd_mj,0.0645003549324199
IPSL-CM6A-LR,-1.5,-1.2909,6,ES,Winter barley,gdd_mj,0.0673227215466412
IPSL-CM6A-LR,-0.5,-0.6347,8,ES,Winter barley,gdd_mj,-0.0166553266479527
EC-Earth3,-9.5,-9.1554,4,FR,Winter barley,gdd_mj,0.221739946696044
EC-Earth3,-8.5,-8.4726,15,FR,Winter barley,gdd_mj,0.204652218845969
EC-Earth3,-7.5,-7.5562,20,FR,Winter barley,gdd_mj,0.184505894952189
EC-Earth3,-6.5,-6.4767,21,FR,Winter barley,gdd_mj,0.118525485388676
EC-Earth3,-5.5,-5.3342,8,FR,Winter barley,gdd_mj,0.148865604819169
EC-Earth3,-4.5,-4.5495,8,FR,Winter barley,gdd_mj,0.139200503768663
EC-Earth3,-3.5,-3.3459,9,FR,Winter barley,gdd_mj,0.0969234583932652
EC-Earth3,-2.5,-2.4493,5,FR,Winter barley,gdd_mj,0.0722801083720062
EC-Earth3,-1.5,-1.3807,6,FR,Winter barley,gdd_mj,0.0325640597395061
EC-Earth3,-0.5,-0.6596,3,FR,Winter barley,gdd_mj,0.0132364465461054
HadGEM3-GC3-1LL,-8.5,-8.3848,12,FR,Winter barley,gdd_mj,0.146472515860959
HadGEM3-GC3-1LL,-7.5,-7.5599,19,FR,Winter barley,gdd_mj,0.151381093038915
HadGEM3-GC3-1LL,-6.5,-6.5442,24,FR,Winter barley,gdd_mj,0.14198079202367
HadGEM3-GC3-1LL,-5.5,-5.5797,10,FR,Winter barley,gdd_mj,0.121936545139598
HadGEM3-GC3-1LL,-4.5,-4.5263,6,FR,Winter barley,gdd_mj,0.108034348443775
HadGEM3-GC3-1LL,-3.5,-3.7835,7,FR,Winter barley,gdd_mj,0.152351150331758
HadGEM3-GC3-1LL,-2.5,-2.4504,6,FR,Winter barley,gdd_mj,0.131997752485951
HadGEM3-GC3-1LL,-1.5,-1.3098,8,FR,Winter barley,gdd_mj,0.0515149637890907
HadGEM3-GC3-1LL,-0.5,-0.331,6,FR,Winter barley,gdd_mj,0.0410571505449774
HadGEM3-GC3-1MM,-14.5,-14.3032,4,FR,Winter barley,gdd_mj,0.355022158682783
HadGEM3-GC3-1MM,-13.5,-13.3931,8,FR,Winter barley,gdd_mj,0.374077416762528
HadGEM3-GC3-1MM,-12.5,-12.588,13,FR,Winter barley,gdd_mj,0.312606171128892
HadGEM3-GC3-1MM,-11.5,-11.5321,21,FR,Winter barley,gdd_mj,0.301972488638209
HadGEM3-GC3-1MM,-10.5,-10.4803,10,FR,Winter barley,gdd_mj,0.26841046121146
HadGEM3-GC3-1MM,-9.5,-9.6161,7,FR,Winter barley,gdd_mj,0.221903181999461
HadGEM3-GC3-1MM,-8.5,-8.6582,7,FR,Winter barley,gdd_mj,0.193725037270791
HadGEM3-GC3-1MM,-7.5,-7.6345,8,FR,Winter barley,gdd_mj,0.20990301365126
HadGEM3-GC3-1MM,-6.5,-6.4299,4,FR,Winter barley,gdd_mj,0.135072558620299
HadGEM3-GC3-1MM,-5.5,-5.3528,4,FR,Winter barley,gdd_mj,0.149245083194589
HadGEM3-GC3-1MM,-4.5,-4.3969,4,FR,Winter barley,gdd_mj,0.0503688132858048
IPSL-CM6A-LR,-9.5,-9.3401,5,FR,Winter barley,gdd_mj,0.236627118466809
IPSL-CM6A-LR,-8.5,-8.4598,8,FR,Winter barley,gdd_mj,0.293100709045603
IPSL-CM6A-LR,-7.5,-7.5255,19,FR,Winter barley,gdd_mj,0.211056795975679
IPSL-CM6A-LR,-6.5,-6.5577,11,FR,Winter barley,gdd_mj,0.201861538727885
IPSL-CM6A-LR,-5.5,-5.5623,13,FR,Winter barley,gdd_mj,0.174613207754301
IPSL-CM6A-LR,-4.5,-4.3507,11,FR,Winter barley,gdd_mj,0.12635708191823
IPSL-CM6A-LR,-3.5,-3.4644,8,FR,Winter barley,gdd_mj,0.130532327142645
IPSL-CM6A-LR,-2.5,-2.5669,9,FR,Winter barley,gdd_mj,0.0357980006959978
IPSL-CM6A-LR,-1.5,-1.2909,6,FR,Winter barley,gdd_mj,0.131368656842029
IPSL-CM6A-LR,-0.5,-0.6347,8,FR,Winter barley,gdd_mj,0.0181069307365423
EC-Earth3,-9.5,-9.1554,4,HU,Winter barley,gdd_mj,0.139624020895762
EC-Earth3,-8.5,-8.4726,15,HU,Winter barley,gdd_mj,0.21168252163034
EC-Earth3,-7.5,-7.5562,20,HU,Winter barley,gdd_mj,0.176118869460109
EC-Earth3,-6.5,-6.4767,21,HU,Winter barley,gdd_mj,0.0777804048392574
EC-Earth3,-5.5,-5.3342,8,HU,Winter barley,gdd_mj,0.0617908435066936
EC-Earth3,-4.5,-4.5495,8,HU,Winter barley,gdd_mj,0.0887798392384214
EC-Earth3,-3.5,-3.3459,9,HU,Winter barley,gdd_mj,0.146187176178435
EC-Earth3,-2.5,-2.4493,5,HU,Winter barley,gdd_mj,0.0488758122184982
EC-Earth3,-1.5,-1.3807,6,HU,Winter barley,gdd_mj,0.0390149497721343
EC-Earth3,-0.5,-0.6596,3,HU,Winter barley,gdd_mj,-0.04676617759808
HadGEM3-GC3-1LL,-8.5,-8.3848,12,HU,Winter barley,gdd_mj,0.132638610320119
HadGEM3-GC3-1LL,-7.5,-7.5599,19,HU,Winter barley,gdd_mj,0.0832947041704186
HadGEM3-GC3-1LL,-6.5,-6.5442,24,HU,Winter barley,gdd_mj,0.12806182523489
HadGEM3-GC3-1LL,-5.5,-5.5797,10,HU,Winter barley,gdd_mj,0.0731878733212807
HadGEM3-GC3-1LL,-4.5,-4.5263,6,HU,Winter barley,gdd_mj,0.13727092884658
HadGEM3-GC3-1LL,-3.5,-3.7835,7,HU,Winter barley,gdd_mj,0.111197786131137
HadGEM3-GC3-1LL,-2.5,-2.4504,6,HU,Winter barley,gdd_mj,0.118212255245423
HadGEM3-GC3-1LL,-1.5,-1.3098,8,HU,Winter barley,gdd_mj,0.0149909015046929
HadGEM3-GC3-1LL,-0.5,-0.331,6,HU,Winter barley,gdd_mj,0.066725343262883
HadGEM3-GC3-1MM,-14.5,-14.3032,4,HU,Winter barley,gdd_mj,0.182229797220983
HadGEM3-GC3-1MM,-13.5,-13.3931,8,HU,Winter barley,gdd_mj,0.218308052882534
HadGEM3-GC3-1MM,-12.5,-12.588,13,HU,Winter barley,gdd_mj,0.24195063763961
HadGEM3-GC3-1MM,-11.5,-11.5321,21,HU,Winter barley,gdd_mj,0.227053729435431
HadGEM3-GC3-1MM,-10.5,-10.4803,10,HU,Winter barley,gdd_mj,0.230089904567036
HadGEM3-GC3-1MM,-9.5,-9.6161,7,HU,Winter barley,gdd_mj,0.11585739928402
HadGEM3-GC3-1MM,-8.5,-8.6582,7,HU,Winter barley,gdd_mj,0.141070742826435
HadGEM3-GC3-1MM,-7.5,-7.6345,8,HU,Winter barley,gdd_mj,0.177163302739231
HadGEM3-GC3-1MM,-6.5,-6.4299,4,HU,Winter barley,gdd_mj,0.104987941016977
HadGEM3-GC3-1MM,-5.5,-5.3528,4,HU,Winter barley,gdd_mj,0.0887674192447985
HadGEM3-GC3-1MM,-4.5,-4.3969,4,HU,Winter barley,gdd_mj,0.0478819444100104
IPSL-CM6A-LR,-9.5,-9.3401,5,HU,Winter barley,gdd_mj,0.174183995794041
IPSL-CM6A-LR,-8.5,-8.4598,8,HU,Winter barley,gdd_mj,0.165951243378444
IPSL-CM6A-LR,-7.5,-7.5255,19,HU,Winter barley,gdd_mj,0.130315128586109
IPSL-CM6A-LR,-6.5,-6.5577,11,HU,Winter barley,gdd_mj,0.115306278562707
IPSL-CM6A-LR,-5.5,-5.5623,13,HU,Winter barley,gdd_mj,0.0958957754819542
IPSL-CM6A-LR,-4.5,-4.3507,11,HU,Winter barley,gdd_mj,0.0779954949333268
IPSL-CM6A-LR,-3.5,-3.4644,8,HU,Winter barley,gdd_mj,0.0889015398649146
IPSL-CM6A-LR,-2.5,-2.5669,9,HU,Winter barley,gdd_mj,0.0416874184777513
IPSL-CM6A-LR,-1.5,-1.2909,6,HU,Winter barley,gdd_mj,0.0603424764658274
IPSL-CM6A-LR,-0.5,-0.6347,8,HU,Winter barley,gdd_mj,-0.023756486682025
EC-Earth3,-9.5,-9.1554,4,IT,Winter barley,gdd_mj,0.149537301318718
EC-Earth3,-8.5,-8.4726,15,IT,Winter barley,gdd_mj,0.166855233617143
EC-Earth3,-7.5,-7.5562,20,IT,Winter barley,gdd_mj,0.149671224240765
EC-Earth3,-6.5,-6.4767,21,IT,Winter barley,gdd_mj,0.0891644386646515
EC-Earth3,-5.5,-5.3342,8,IT,Winter barley,gdd_mj,0.0826882194266586
EC-Earth3,-4.5,-4.5495,8,IT,Winter barley,gdd_mj,0.0818809976008232
EC-Earth3,-3.5,-3.3459,9,IT,Winter barley,gdd_mj,0.121678805375836
EC-Earth3,-2.5,-2.4493,5,IT,Winter barley,gdd_mj,0.035773862315532
EC-Earth3,-1.5,-1.3807,6,IT,Winter barley,gdd_mj,0.0234189819400062
EC-Earth3,-0.5,-0.6596,3,IT,Winter barley,gdd_mj,-0.0669977482247769
HadGEM3-GC3-1LL,-8.5,-8.3848,12,IT,Winter barley,gdd_mj,0.12351481023733
HadGEM3-GC3-1LL,-7.5,-7.5599,19,IT,Winter barley,gdd_mj,0.102207808682736
HadGEM3-GC3-1LL,-6.5,-6.5442,24,IT,Winter barley,gdd_mj,0.139281572331789
HadGEM3-GC3-1LL,-5.5,-5.5797,10,IT,Winter barley,gdd_mj,0.079429187697946
HadGEM3-GC3-1LL,-4.5,-4.5263,6,IT,Winter barley,gdd_mj,0.104246659027551
HadGEM3-GC3-1LL,-3.5,-3.7835,7,IT,Winter barley,gdd_mj,0.0827160870856513
HadGEM3-GC3-1LL,-2.5,-2.4504,6,IT,Winter barley,gdd_mj,0.0809696463872239
HadGEM3-GC3-1LL,-1.5,-1.3098,8,IT,Winter barley,gdd_mj,0.0155273658069432
HadGEM3-GC3-1LL,-0.5,-0.331,6,IT,Winter barley,gdd_mj,0.0452234933715671
HadGEM3-GC3-1MM,-14.5,-14.3032,4,IT,Winter barley,gdd_mj,0.232505808679044
HadGEM3-GC3-1MM,-13.5,-13.3931,8,IT,Winter barley,gdd_mj,0.248615699250895
HadGEM3-GC3-1MM,-12.5,-12.588,13,IT,Winter barley,gdd_mj,0.211596578030477
HadGEM3-GC3-1MM,-11.5,-11.5321,21,IT,Winter barley,gdd_mj,0.207918257570605
HadGEM3-GC3-1MM,-10.5,-10.4803,10,IT,Winter barley,gdd_mj,0.187660636453181
HadGEM3-GC3-1MM,-9.5,-9.6161,7,IT,Winter barley,gdd_mj,0.13467880366605
HadGEM3-GC3-1MM,-8.5,-8.6582,7,IT,Winter barley,gdd_mj,0.115927845654495
HadGEM3-GC3-1MM,-7.5,-7.6345,8,IT,Winter barley,gdd_mj,0.140240646080615
HadGEM3-GC3-1MM,-6.5,-6.4299,4,IT,Winter barley,gdd_mj,0.115623500152419
HadGEM3-GC3-1MM,-5.5,-5.3528,4,IT,Winter barley,gdd_mj,0.0778417671323843
HadGEM3-GC3-1MM,-4.5,-4.3969,4,IT,Winter barley,gdd_mj,0.0138322969868698
IPSL-CM6A-LR,-9.5,-9.3401,5,IT,Winter barley,gdd_mj,0.200062549887086
IPSL-CM6A-LR,-8.5,-8.4598,8,IT,Winter barley,gdd_mj,0.174644465757757
IPSL-CM6A-LR,-7.5,-7.5255,19,IT,Winter barley,gdd_mj,0.130529537362334
IPSL-CM6A-LR,-6.5,-6.5577,11,IT,Winter barley,gdd_mj,0.132135674309474
IPSL-CM6A-LR,-5.5,-5.5623,13,IT,Winter barley,gdd_mj,0.0997004235980851
IPSL-CM6A-LR,-4.5,-4.3507,11,IT,Winter barley,gdd_mj,0.0622260751410731
IPSL-CM6A-LR,-3.5,-3.4644,8,IT,Winter barley,gdd_mj,0.0716734840982015
IPSL-CM6A-LR,-2.5,-2.5669,9,IT,Winter barley,gdd_mj,0.0327168102451677
IPSL-CM6A-LR,-1.5,-1.2909,6,IT,Winter barley,gdd_mj,0.0576235698438128
IPSL-CM6A-LR,-0.5,-0.6347,8,IT,Winter barley,gdd_mj,-0.0280647267289647
EC-Earth3,-9.5,-9.1554,4,LT,Winter barley,gdd_mj,0.0939650209861696
EC-Earth3,-8.5,-8.4726,15,LT,Winter barley,gdd_mj,0.130417781310869
EC-Earth3,-7.5,-7.5562,20,LT,Winter barley,gdd_mj,0.131057980259121
EC-Earth3,-6.5,-6.4767,21,LT,Winter barley,gdd_mj,0.0639792184038542
EC-Earth3,-5.5,-5.3342,8,LT,Winter barley,gdd_mj,0.0627754056032241
EC-Earth3,-4.5,-4.5495,8,LT,Winter barley,gdd_mj,0.132433174253214
EC-Earth3,-3.5,-3.3459,9,LT,Winter barley,gdd_mj,0.115756500300627
EC-Earth3,-2.5,-2.4493,5,LT,Winter barley,gdd_mj,0.0905928493732948
EC-Earth3,-1.5,-1.3807,6,LT,Winter barley,gdd_mj,-0.0179190043394661
EC-Earth3,-0.5,-0.6596,3,LT,Winter barley,gdd_mj,-0.00305980839663452
HadGEM3-GC3-1LL,-8.5,-8.3848,12,LT,Winter barley,gdd_mj,0.0972326676289186
HadGEM3-GC3-1LL,-7.5,-7.5599,19,LT,Winter barley,gdd_mj,0.0939628009695243
HadGEM3-GC3-1LL,-6.5,-6.5442,24,LT,Winter barley,gdd_mj,0.0993194753241693
HadGEM3-GC3-1LL,-5.5,-5.5797,10,LT,Winter barley,gdd_mj,0.0731312044530919
HadGEM3-GC3-1LL,-4.5,-4.5263,6,LT,Winter barley,gdd_mj,0.091115431817833
HadGEM3-GC3-1LL,-3.5,-3.7835,7,LT,Winter barley,gdd_mj,0.107876216376923
HadGEM3-GC3-1LL,-2.5,-2.4504,6,LT,Winter barley,gdd_mj,0.117804943979723
HadGEM3-GC3-1LL,-1.5,-1.3098,8,LT,Winter barley,gdd_mj,0.0437976446226119
HadGEM3-GC3-1LL,-0.5,-0.331,6,LT,Winter barley,gdd_mj,0.0355164336461628
HadGEM3-GC3-1MM,-14.5,-14.3032,4,LT,Winter barley,gdd_mj,0.208488903378629
HadGEM3-GC3-1MM,-13.5,-13.3931,8,LT,Winter barley,gdd_mj,0.27143341623203
HadGEM3-GC3-1MM,-12.5,-12.588,13,LT,Winter barley,gdd_mj,0.288717716865732
HadGEM3-GC3-1MM,-11.5,-11.5321,21,LT,Winter barley,gdd_mj,0.263560955843151
HadGEM3-GC3-1MM,-10.5,-10.4803,10,LT,Winter barley,gdd_mj,0.270128691291242
HadGEM3-GC3-1MM,-9.5,-9.6161,7,LT,Winter barley,gdd_mj,0.193898194042797
HadGEM3-GC3-1MM,-8.5,-8.6582,7,LT,Winter barley,gdd_mj,0.198179070413116
HadGEM3-GC3-1MM,-7.5,-7.6345,8,LT,Winter barley,gdd_mj,0.19298898933411
HadGEM3-GC3-1MM,-6.5,-6.4299,4,LT,Winter barley,gdd_mj,0.108981979240733
HadGEM3-GC3-1MM,-5.5,-5.3528,4,LT,Winter barley,gdd_mj,0.0981679726208149
HadGEM3-GC3-1MM,-4.5,-4.3969,4,LT,Winter barley,gdd_mj,0.0876891851907514
IPSL-CM6A-LR,-9.5,-9.3401,5,LT,Winter barley,gdd_mj,0.186309267034697
IPSL-CM6A-LR,-8.5,-8.4598,8,LT,Winter barley,gdd_mj,0.204744639810402
IPSL-CM6A-LR,-7.5,-7.5255,19,LT,Winter barley,gdd_mj,0.171294003166046
IPSL-CM6A-LR,-6.5,-6.5577,11,LT,Winter barley,gdd_mj,0.176971009376012
IPSL-CM6A-LR,-5.5,-5.5623,13,LT,Winter barley,gdd_mj,0.131469879086271
IPSL-CM6A-LR,-4.5,-4.3507,11,LT,Winter barley,gdd_mj,0.122674653382876
IPSL-CM6A-LR,-3.5,-3.4644,8,LT,Winter barley,gdd_mj,0.117421654079878
IPSL-CM6A-LR,-2.5,-2.5669,9,LT,Winter barley,gdd_mj,0.0723124933827934
IPSL-CM6A-LR,-1.5,-1.2909,6,LT,Winter barley,gdd_mj,0.0572247739140136
IPSL-CM6A-LR,-0.5,-0.6347,8,LT,Winter barley,gdd_mj,0.0104017308035988
EC-Earth3,-9.5,-9.1554,4,LV,Winter barley,gdd_mj,0.0943475928734775
EC-Earth3,-8.5,-8.4726,15,LV,Winter barley,gdd_mj,0.118621196549432
EC-Earth3,-7.5,-7.5562,20,LV,Winter barley,gdd_mj,0.120501367105704
EC-Earth3,-6.5,-6.4767,21,LV,Winter barley,gdd_mj,0.0616880984345957
EC-Earth3,-5.5,-5.3342,8,LV,Winter barley,gdd_mj,0.0560927564428179
EC-Earth3,-4.5,-4.5495,8,LV,Winter barley,gdd_mj,0.137237166223911
EC-Earth3,-3.5,-3.3459,9,LV,Winter barley,gdd_mj,0.124265729234274
EC-Earth3,-2.5,-2.4493,5,LV,Winter barley,gdd_mj,0.0955452907687304
EC-Earth3,-1.5,-1.3807,6,LV,Winter barley,gdd_mj,-0.00695873155735196
EC-Earth3,-0.5,-0.6596,3,LV,Winter barley,gdd_mj,-0.00166783060353013
HadGEM3-GC3-1LL,-8.5,-8.3848,12,LV,Winter barley,gdd_mj,0.0968091640200092
HadGEM3-GC3-1LL,-7.5,-7.5599,19,LV,Winter barley,gdd_mj,0.0986600924392861
HadGEM3-GC3-1LL,-6.5,-6.5442,24,LV,Winter barley,gdd_mj,0.101476606736693
HadGEM3-GC3-1LL,-5.5,-5.5797,10,LV,Winter barley,gdd_mj,0.0761536044509784
HadGEM3-GC3-1LL,-4.5,-4.5263,6,LV,Winter barley,gdd_mj,0.0769444900442554
HadGEM3-GC3-1LL,-3.5,-3.7835,7,LV,Winter barley,gdd_mj,0.101901386654109
HadGEM3-GC3-1LL,-2.5,-2.4504,6,LV,Winter barley,gdd_mj,0.107086935638688
HadGEM3-GC3-1LL,-1.5,-1.3098,8,LV,Winter barley,gdd_mj,0.0395486153137702
HadGEM3-GC3-1LL,-0.5,-0.331,6,LV,Winter barley,gdd_mj,0.0265615347902626
HadGEM3-GC3-1MM,-14.5,-14.3032,4,LV,Winter barley,gdd_mj,0.22466326587814
HadGEM3-GC3-1MM,-13.5,-13.3931,8,LV,Winter barley,gdd_mj,0.288732737412159
HadGEM3-GC3-1MM,-12.5,-12.588,13,LV,Winter barley,gdd_mj,0.305433181055481
HadGEM3-GC3-1MM,-11.5,-11.5321,21,LV,Winter barley,gdd_mj,0.27826155153278
HadGEM3-GC3-1MM,-10.5,-10.4803,10,LV,Winter barley,gdd_mj,0.279747095521237
HadGEM3-GC3-1MM,-9.5,-9.6161,7,LV,Winter barley,gdd_mj,0.209872469423416
HadGEM3-GC3-1MM,-8.5,-8.6582,7,LV,Winter barley,gdd_mj,0.205317244187366
HadGEM3-GC3-1MM,-7.5,-7.6345,8,LV,Winter barley,gdd_mj,0.198136893978595
HadGEM3-GC3-1MM,-6.5,-6.4299,4,LV,Winter barley,gdd_mj,0.113625984561699
HadGEM3-GC3-1MM,-5.5,-5.3528,4,LV,Winter barley,gdd_mj,0.09736223781356
HadGEM3-GC3-1MM,-4.5,-4.3969,4,LV,Winter barley,gdd_mj,0.0953962991757233
IPSL-CM6A-LR,-9.5,-9.3401,5,LV,Winter barley,gdd_mj,0.194736519830099
IPSL-CM6A-LR,-8.5,-8.4598,8,LV,Winter barley,gdd_mj,0.212349395736547
IPSL-CM6A-LR,-7.5,-7.5255,19,LV,Winter barley,gdd_mj,0.178387459296864
IPSL-CM6A-LR,-6.5,-6.5577,11,LV,Winter barley,gdd_mj,0.190997204789734
IPSL-CM6A-LR,-5.5,-5.5623,13,LV,Winter barley,gdd_mj,0.124700208983287
IPSL-CM6A-LR,-4.5,-4.3507,11,LV,Winter barley,gdd_mj,0.120393516018584
IPSL-CM6A-LR,-3.5,-3.4644,8,LV,Winter barley,gdd_mj,0.105953945698457
IPSL-CM6A-LR,-2.5,-2.5669,9,LV,Winter barley,gdd_mj,0.069255662487047
IPSL-CM6A-LR,-1.5,-1.2909,6,LV,Winter barley,gdd_mj,0.0634752273136499
IPSL-CM6A-LR,-0.5,-0.6347,8,LV,Winter barley,gdd_mj,0.00952252269558382
EC-Earth3,-9.5,-9.1554,4,SE,Winter barley,gdd_mj,0.177818974958994
EC-Earth3,-8.5,-8.4726,15,SE,Winter barley,gdd_mj,0.172290155633779
EC-Earth3,-7.5,-7.5562,20,SE,Winter barley,gdd_mj,0.143168283488845
EC-Earth3,-6.5,-6.4767,21,SE,Winter barley,gdd_mj,0.0857161011439621
EC-Earth3,-5.5,-5.3342,8,SE,Winter barley,gdd_mj,0.0918823012193014
EC-Earth3,-4.5,-4.5495,8,SE,Winter barley,gdd_mj,0.15789802719386
EC-Earth3,-3.5,-3.3459,9,SE,Winter barley,gdd_mj,0.127606175140885
EC-Earth3,-2.5,-2.4493,5,SE,Winter barley,gdd_mj,0.127964572700124
EC-Earth3,-1.5,-1.3807,6,SE,Winter barley,gdd_mj,0.0327280059201564
EC-Earth3,-0.5,-0.6596,3,SE,Winter barley,gdd_mj,0.0373435025815597
HadGEM3-GC3-1LL,-8.5,-8.3848,12,SE,Winter barley,gdd_mj,0.118179145776828
HadGEM3-GC3-1LL,-7.5,-7.5599,19,SE,Winter barley,gdd_mj,0.11809398992362
HadGEM3-GC3-1LL,-6.5,-6.5442,24,SE,Winter barley,gdd_mj,0.123274710293993
HadGEM3-GC3-1LL,-5.5,-5.5797,10,SE,Winter barley,gdd_mj,0.0913339512622636
HadGEM3-GC3-1LL,-4.5,-4.5263,6,SE,Winter barley,gdd_mj,0.0873749588918734
HadGEM3-GC3-1LL,-3.5,-3.7835,7,SE,Winter barley,gdd_mj,0.124140364366146
HadGEM3-GC3-1LL,-2.5,-2.4504,6,SE,Winter barley,gdd_mj,0.110464813545912
HadGEM3-GC3-1LL,-1.5,-1.3098,8,SE,Winter barley,gdd_mj,0.0313946418072713
HadGEM3-GC3-1LL,-0.5,-0.331,6,SE,Winter barley,gdd_mj,0.0346626947332812
HadGEM3-GC3-1MM,-14.5,-14.3032,4,SE,Winter barley,gdd_mj,0.314532159848526
HadGEM3-GC3-1MM,-13.5,-13.3931,8,SE,Winter barley,gdd_mj,0.334511081444579
HadGEM3-GC3-1MM,-12.5,-12.588,13,SE,Winter barley,gdd_mj,0.335820192035187
HadGEM3-GC3-1MM,-11.5,-11.5321,21,SE,Winter barley,gdd_mj,0.316454850459348
HadGEM3-GC3-1MM,-10.5,-10.4803,10,SE,Winter barley,gdd_mj,0.299355773051096
HadGEM3-GC3-1MM,-9.5,-9.6161,7,SE,Winter barley,gdd_mj,0.230307965616778
HadGEM3-GC3-1MM,-8.5,-8.6582,7,SE,Winter barley,gdd_mj,0.233495808690602
HadGEM3-GC3-1MM,-7.5,-7.6345,8,SE,Winter barley,gdd_mj,0.214228504840482
HadGEM3-GC3-1MM,-6.5,-6.4299,4,SE,Winter barley,gdd_mj,0.110860297534576
HadGEM3-GC3-1MM,-5.5,-5.3528,4,SE,Winter barley,gdd_mj,0.130789918875499
HadGEM3-GC3-1MM,-4.5,-4.3969,4,SE,Winter barley,gdd_mj,0.0899173836574399
IPSL-CM6A-LR,-9.5,-9.3401,5,SE,Winter barley,gdd_mj,0.223823939591279
IPSL-CM6A-LR,-8.5,-8.4598,8,SE,Winter barley,gdd_mj,0.268989009771396
IPSL-CM6A-LR,-7.5,-7.5255,19,SE,Winter barley,gdd_mj,0.206754919792
IPSL-CM6A-LR,-6.5,-6.5577,11,SE,Winter barley,gdd_mj,0.238226663154016
IPSL-CM6A-LR,-5.5,-5.5623,13,SE,Winter barley,gdd_mj,0.147813032574446
IPSL-CM6A-LR,-4.5,-4.3507,11,SE,Winter barley,gdd_mj,0.136384709712422
IPSL-CM6A-LR,-3.5,-3.4644,8,SE,Winter barley,gdd_mj,0.132411166088466
IPSL-CM6A-LR,-2.5,-2.5669,9,SE,Winter barley,gdd_mj,0.0621482708914491
IPSL-CM6A-LR,-1.5,-1.2909,6,SE,Winter barley,gdd_mj,0.0989277996297474
IPSL-CM6A-LR,-0.5,-0.6347,8,SE,Winter barley,gdd_mj,0.0287341901698365
EC-Earth3,-9.5,-9.1554,4,SK,Winter barley,gdd_mj,0.135375628017101
EC-Earth3,-8.5,-8.4726,15,SK,Winter barley,gdd_mj,0.186648013518221
EC-Earth3,-7.5,-7.5562,20,SK,Winter barley,gdd_mj,0.168586549691259
EC-Earth3,-6.5,-6.4767,21,SK,Winter barley,gdd_mj,0.0684764984037444
EC-Earth3,-5.5,-5.3342,8,SK,Winter barley,gdd_mj,0.0613069342195887
EC-Earth3,-4.5,-4.5495,8,SK,Winter barley,gdd_mj,0.101124464274341
EC-Earth3,-3.5,-3.3459,9,SK,Winter barley,gdd_mj,0.117745697893682
EC-Earth3,-2.5,-2.4493,5,SK,Winter barley,gdd_mj,0.0598426197460911
EC-Earth3,-1.5,-1.3807,6,SK,Winter barley,gdd_mj,0.0144184330006291
EC-Earth3,-0.5,-0.6596,3,SK,Winter barley,gdd_mj,-0.0497841011786914
HadGEM3-GC3-1LL,-8.5,-8.3848,12,SK,Winter barley,gdd_mj,0.121530696719948
HadGEM3-GC3-1LL,-7.5,-7.5599,19,SK,Winter barley,gdd_mj,0.0862377980261196
HadGEM3-GC3-1LL,-6.5,-6.5442,24,SK,Winter barley,gdd_mj,0.114062658193627
HadGEM3-GC3-1LL,-5.5,-5.5797,10,SK,Winter barley,gdd_mj,0.0720640673182866
HadGEM3-GC3-1LL,-4.5,-4.5263,6,SK,Winter barley,gdd_mj,0.126753404956804
HadGEM3-GC3-1LL,-3.5,-3.7835,7,SK,Winter barley,gdd_mj,0.108273857529447
HadGEM3-GC3-1LL,-2.5,-2.4504,6,SK,Winter barley,gdd_mj,0.113985933753604
HadGEM3-GC3-1LL,-1.5,-1.3098,8,SK,Winter barley,gdd_mj,0.0292733295065165
HadGEM3-GC3-1LL,-0.5,-0.331,6,SK,Winter barley,gdd_mj,0.0640001582426186
HadGEM3-GC3-1MM,-14.5,-14.3032,4,SK,Winter barley,gdd_mj,0.183113076043115
HadGEM3-GC3-1MM,-13.5,-13.3931,8,SK,Winter barley,gdd_mj,0.200180702566554
HadGEM3-GC3-1MM,-12.5,-12.588,13,SK,Winter barley,gdd_mj,0.225871851772379
HadGEM3-GC3-1MM,-11.5,-11.5321,21,SK,Winter barley,gdd_mj,0.21546268152229
HadGEM3-GC3-1MM,-10.5,-10.4803,10,SK,Winter barley,gdd_mj,0.223240539061552
HadGEM3-GC3-1MM,-9.5,-9.6161,7,SK,Winter barley,gdd_mj,0.0980905496497883
HadGEM3-GC3-1MM,-8.5,-8.6582,7,SK,Winter barley,gdd_mj,0.139336267392163
HadGEM3-GC3-1MM,-7.5,-7.6345,8,SK,Winter barley,gdd_mj,0.176063776643757
HadGEM3-GC3-1MM,-6.5,-6.4299,4,SK,Winter barley,gdd_mj,0.0938109445711576
HadGEM3-GC3-1MM,-5.5,-5.3528,4,SK,Winter barley,gdd_mj,0.0839508874444277
HadGEM3-GC3-1MM,-4.5,-4.3969,4,SK,Winter barley,gdd_mj,0.0508239237441922
IPSL-CM6A-LR,-9.5,-9.3401,5,SK,Winter barley,gdd_mj,0.156872970617529
IPSL-CM6A-LR,-8.5,-8.4598,8,SK,Winter barley,gdd_mj,0.174332657734414
IPSL-CM6A-LR,-7.5,-7.5255,19,SK,Winter barley,gdd_mj,0.134540143384117
IPSL-CM6A-LR,-6.5,-6.5577,11,SK,Winter barley,gdd_mj,0.111103457759991
IPSL-CM6A-LR,-5.5,-5.5623,13,SK,Winter barley,gdd_mj,0.105171305880171
IPSL-CM6A-LR,-4.5,-4.3507,11,SK,Winter barley,gdd_mj,0.0891878360334646
IPSL-CM6A-LR,-3.5,-3.4644,8,SK,Winter barley,gdd_mj,0.097112397211217
IPSL-CM6A-LR,-2.5,-2.5669,9,SK,Winter barley,gdd_mj,0.0553947338697429
IPSL-CM6A-LR,-1.5,-1.2909,6,SK,Winter barley,gdd_mj,0.0542123507844978
IPSL-CM6A-LR,-0.5,-0.6347,8,SK,Winter barley,gdd_mj,-0.007801858680333
EC-Earth3,-9.5,-9.1554,4,CZ,Soft wheat,heat_mj,0.00947447430480582
EC-Earth3,-8.5,-8.4726,15,CZ,Soft wheat,heat_mj,0.010279572819327
EC-Earth3,-7.5,-7.5562,20,CZ,Soft wheat,heat_mj,0.00950502554781956
EC-Earth3,-6.5,-6.4767,21,CZ,Soft wheat,heat_mj,0.00328091486790571
EC-Earth3,-5.5,-5.3342,8,CZ,Soft wheat,heat_mj,0.000748674329330575
EC-Earth3,-4.5,-4.5495,8,CZ,Soft wheat,heat_mj,0.00618015740985087
EC-Earth3,-3.5,-3.3459,9,CZ,Soft wheat,heat_mj,0.0052142528610927
EC-Earth3,-2.5,-2.4493,5,CZ,Soft wheat,heat_mj,0.00460497667992041
EC-Earth3,-1.5,-1.3807,6,CZ,Soft wheat,heat_mj,0.0040844675407949
EC-Earth3,-0.5,-0.6596,3,CZ,Soft wheat,heat_mj,-0.0142475723905417
HadGEM3-GC3-1LL,-8.5,-8.3848,12,CZ,Soft wheat,heat_mj,0.00132087272161466
HadGEM3-GC3-1LL,-7.5,-7.5599,19,CZ,Soft wheat,heat_mj,0.000956408689543698
HadGEM3-GC3-1LL,-6.5,-6.5442,24,CZ,Soft wheat,heat_mj,0.00605050694479152
HadGEM3-GC3-1LL,-5.5,-5.5797,10,CZ,Soft wheat,heat_mj,0.00379761835210501
HadGEM3-GC3-1LL,-4.5,-4.5263,6,CZ,Soft wheat,heat_mj,0.00704132081788195
HadGEM3-GC3-1LL,-3.5,-3.7835,7,CZ,Soft wheat,heat_mj,0.005665215236936
HadGEM3-GC3-1LL,-2.5,-2.4504,6,CZ,Soft wheat,heat_mj,0.00537352431365444
HadGEM3-GC3-1LL,-1.5,-1.3098,8,CZ,Soft wheat,heat_mj,0.000366448693313873
HadGEM3-GC3-1LL,-0.5,-0.331,6,CZ,Soft wheat,heat_mj,0.00333901612261584
HadGEM3-GC3-1MM,-14.5,-14.3032,4,CZ,Soft wheat,heat_mj,0.0089202349398855
HadGEM3-GC3-1MM,-13.5,-13.3931,8,CZ,Soft wheat,heat_mj,0.0102046603422758
HadGEM3-GC3-1MM,-12.5,-12.588,13,CZ,Soft wheat,heat_mj,0.00714438392613448
HadGEM3-GC3-1MM,-11.5,-11.5321,21,CZ,Soft wheat,heat_mj,0.0110327875537039
HadGEM3-GC3-1MM,-10.5,-10.4803,10,CZ,Soft wheat,heat_mj,0.0128997987588489
HadGEM3-GC3-1MM,-9.5,-9.6161,7,CZ,Soft wheat,heat_mj,-0.00349277009747598
HadGEM3-GC3-1MM,-8.5,-8.6582,7,CZ,Soft wheat,heat_mj,0.00811900719335016
HadGEM3-GC3-1MM,-7.5,-7.6345,8,CZ,Soft wheat,heat_mj,0.0103062347419342
HadGEM3-GC3-1MM,-6.5,-6.4299,4,CZ,Soft wheat,heat_mj,0.00324203651029698
HadGEM3-GC3-1MM,-5.5,-5.3528,4,CZ,Soft wheat,heat_mj,0.00524094102649643
HadGEM3-GC3-1MM,-4.5,-4.3969,4,CZ,Soft wheat,heat_mj,0.00166682747100999
IPSL-CM6A-LR,-9.5,-9.3401,5,CZ,Soft wheat,heat_mj,0.00986289720439582
IPSL-CM6A-LR,-8.5,-8.4598,8,CZ,Soft wheat,heat_mj,0.0109588567740226
IPSL-CM6A-LR,-7.5,-7.5255,19,CZ,Soft wheat,heat_mj,0.00873385481575876
IPSL-CM6A-LR,-6.5,-6.5577,11,CZ,Soft wheat,heat_mj,0.0079088766783885
IPSL-CM6A-LR,-5.5,-5.5623,13,CZ,Soft wheat,heat_mj,0.00935484284328922
IPSL-CM6A-LR,-4.5,-4.3507,11,CZ,Soft wheat,heat_mj,0.0050795643694531
IPSL-CM6A-LR,-3.5,-3.4644,8,CZ,Soft wheat,heat_mj,0.00766551885492529
IPSL-CM6A-LR,-2.5,-2.5669,9,CZ,Soft wheat,heat_mj,0.00634436879107451
IPSL-CM6A-LR,-1.5,-1.2909,6,CZ,Soft wheat,heat_mj,0.00423350837696901
IPSL-CM6A-LR,-0.5,-0.6347,8,CZ,Soft wheat,heat_mj,0.00225576365941529
EC-Earth3,-9.5,-9.1554,4,DE,Soft wheat,heat_mj,0.00933110374440984
EC-Earth3,-8.5,-8.4726,15,DE,Soft wheat,heat_mj,0.00866809942136539
EC-Earth3,-7.5,-7.5562,20,DE,Soft wheat,heat_mj,0.00817310962348022
EC-Earth3,-6.5,-6.4767,21,DE,Soft wheat,heat_mj,0.00394416029422164
EC-Earth3,-5.5,-5.3342,8,DE,Soft wheat,heat_mj,0.0023175348202515
EC-Earth3,-4.5,-4.5495,8,DE,Soft wheat,heat_mj,0.0064250472554309
EC-Earth3,-3.5,-3.3459,9,DE,Soft wheat,heat_mj,0.00369431506846633
EC-Earth3,-2.5,-2.4493,5,DE,Soft wheat,heat_mj,0.00492492274789545
EC-Earth3,-1.5,-1.3807,6,DE,Soft wheat,heat_mj,0.00349606088967451
EC-Earth3,-0.5,-0.6596,3,DE,Soft wheat,heat_mj,-0.00590070289211162
HadGEM3-GC3-1LL,-8.5,-8.3848,12,DE,Soft wheat,heat_mj,0.00198433483566385
HadGEM3-GC3-1LL,-7.5,-7.5599,19,DE,Soft wheat,heat_mj,0.0036206347562411
HadGEM3-GC3-1LL,-6.5,-6.5442,24,DE,Soft wheat,heat_mj,0.00522329467915356
HadGEM3-GC3-1LL,-5.5,-5.5797,10,DE,Soft wheat,heat_mj,0.00299442328890058
HadGEM3-GC3-1LL,-4.5,-4.5263,6,DE,Soft wheat,heat_mj,0.00560810167633922
HadGEM3-GC3-1LL,-3.5,-3.7835,7,DE,Soft wheat,heat_mj,0.00622939081106024
HadGEM3-GC3-1LL,-2.5,-2.4504,6,DE,Soft wheat,heat_mj,0.00511613310676056
HadGEM3-GC3-1LL,-1.5,-1.3098,8,DE,Soft wheat,heat_mj,0.00121039931929866
HadGEM3-GC3-1LL,-0.5,-0.331,6,DE,Soft wheat,heat_mj,0.00168604045866531
HadGEM3-GC3-1MM,-14.5,-14.3032,4,DE,Soft wheat,heat_mj,0.010564496042432
HadGEM3-GC3-1MM,-13.5,-13.3931,8,DE,Soft wheat,heat_mj,0.0115249254693047
HadGEM3-GC3-1MM,-12.5,-12.588,13,DE,Soft wheat,heat_mj,0.00893932316883175
HadGEM3-GC3-1MM,-11.5,-11.5321,21,DE,Soft wheat,heat_mj,0.0108166989953889
HadGEM3-GC3-1MM,-10.5,-10.4803,10,DE,Soft wheat,heat_mj,0.0114425584338135
HadGEM3-GC3-1MM,-9.5,-9.6161,7,DE,Soft wheat,heat_mj,0.00382076450638958
HadGEM3-GC3-1MM,-8.5,-8.6582,7,DE,Soft wheat,heat_mj,0.00823101842872447
HadGEM3-GC3-1MM,-7.5,-7.6345,8,DE,Soft wheat,heat_mj,0.00965654815310673
HadGEM3-GC3-1MM,-6.5,-6.4299,4,DE,Soft wheat,heat_mj,0.00526028900624219
HadGEM3-GC3-1MM,-5.5,-5.3528,4,DE,Soft wheat,heat_mj,0.00717944427776924
HadGEM3-GC3-1MM,-4.5,-4.3969,4,DE,Soft wheat,heat_mj,0.00298354463509293
IPSL-CM6A-LR,-9.5,-9.3401,5,DE,Soft wheat,heat_mj,0.00845731507457127
IPSL-CM6A-LR,-8.5,-8.4598,8,DE,Soft wheat,heat_mj,0.0100658511125915
IPSL-CM6A-LR,-7.5,-7.5255,19,DE,Soft wheat,heat_mj,0.00745158619608162
IPSL-CM6A-LR,-6.5,-6.5577,11,DE,Soft wheat,heat_mj,0.0074846902455113
IPSL-CM6A-LR,-5.5,-5.5623,13,DE,Soft wheat,heat_mj,0.00780427017277731
IPSL-CM6A-LR,-4.5,-4.3507,11,DE,Soft wheat,heat_mj,0.00541380530314852
IPSL-CM6A-LR,-3.5,-3.4644,8,DE,Soft wheat,heat_mj,0.00752462972614599
IPSL-CM6A-LR,-2.5,-2.5669,9,DE,Soft wheat,heat_mj,0.0040972900082136
IPSL-CM6A-LR,-1.5,-1.2909,6,DE,Soft wheat,heat_mj,0.00526908989320843
IPSL-CM6A-LR,-0.5,-0.6347,8,DE,Soft wheat,heat_mj,0.00183346232914982
EC-Earth3,-9.5,-9.1554,4,DK,Soft wheat,heat_mj,0.000877531659976158
EC-Earth3,-8.5,-8.4726,15,DK,Soft wheat,heat_mj,0.000858959785251869
EC-Earth3,-7.5,-7.5562,20,DK,Soft wheat,heat_mj,0.000852136893844816
EC-Earth3,-6.5,-6.4767,21,DK,Soft wheat,heat_mj,0.000765267196024095
EC-Earth3,-5.5,-5.3342,8,DK,Soft wheat,heat_mj,0.000627226928395078
EC-Earth3,-4.5,-4.5495,8,DK,Soft wheat,heat_mj,0.000841702990519069
EC-Earth3,-3.5,-3.3459,9,DK,Soft wheat,heat_mj,0.000656033385385604
EC-Earth3,-2.5,-2.4493,5,DK,Soft wheat,heat_mj,0.000833292136828489
EC-Earth3,-1.5,-1.3807,6,DK,Soft wheat,heat_mj,0.000545617702238887
EC-Earth3,-0.5,-0.6596,3,DK,Soft wheat,heat_mj,7.41099384527271e-05
HadGEM3-GC3-1LL,-8.5,-8.3848,12,DK,Soft wheat,heat_mj,0.000690669363367215
HadGEM3-GC3-1LL,-7.5,-7.5599,19,DK,Soft wheat,heat_mj,0.000757302197787901
HadGEM3-GC3-1LL,-6.5,-6.5442,24,DK,Soft wheat,heat_mj,0.000680489252894177
HadGEM3-GC3-1LL,-5.5,-5.5797,10,DK,Soft wheat,heat_mj,0.000596436583815538
HadGEM3-GC3-1LL,-4.5,-4.5263,6,DK,Soft wheat,heat_mj,0.000724064091034966
HadGEM3-GC3-1LL,-3.5,-3.7835,7,DK,Soft wheat,heat_mj,0.000801232483594969
HadGEM3-GC3-1LL,-2.5,-2.4504,6,DK,Soft wheat,heat_mj,0.000623722418742239
HadGEM3-GC3-1LL,-1.5,-1.3098,8,DK,Soft wheat,heat_mj,7.13227377686396e-05
HadGEM3-GC3-1LL,-0.5,-0.331,6,DK,Soft wheat,heat_mj,-2.7370675568041e-05
HadGEM3-GC3-1MM,-14.5,-14.3032,4,DK,Soft wheat,heat_mj,0.00090173271557138
HadGEM3-GC3-1MM,-13.5,-13.3931,8,DK,Soft wheat,heat_mj,0.000904630941330061
HadGEM3-GC3-1MM,-12.5,-12.588,13,DK,Soft wheat,heat_mj,0.000907881629652739
HadGEM3-GC3-1MM,-11.5,-11.5321,21,DK,Soft wheat,heat_mj,0.000906418297681934
HadGEM3-GC3-1MM,-10.5,-10.4803,10,DK,Soft wheat,heat_mj,0.000903629628348169
HadGEM3-GC3-1MM,-9.5,-9.6161,7,DK,Soft wheat,heat_mj,0.00080297865736413
HadGEM3-GC3-1MM,-8.5,-8.6582,7,DK,Soft wheat,heat_mj,0.000873833281994475
HadGEM3-GC3-1MM,-7.5,-7.6345,8,DK,Soft wheat,heat_mj,0.000863333646504795
HadGEM3-GC3-1MM,-6.5,-6.4299,4,DK,Soft wheat,heat_mj,0.000459552651100517
HadGEM3-GC3-1MM,-5.5,-5.3528,4,DK,Soft wheat,heat_mj,0.000846285360407381
HadGEM3-GC3-1MM,-4.5,-4.3969,4,DK,Soft wheat,heat_mj,0.000563039561610311
IPSL-CM6A-LR,-9.5,-9.3401,5,DK,Soft wheat,heat_mj,0.000869925638857608
IPSL-CM6A-LR,-8.5,-8.4598,8,DK,Soft wheat,heat_mj,0.000895966956101285
IPSL-CM6A-LR,-7.5,-7.5255,19,DK,Soft wheat,heat_mj,0.000861719045165838
IPSL-CM6A-LR,-6.5,-6.5577,11,DK,Soft wheat,heat_mj,0.000848106556364594
IPSL-CM6A-LR,-5.5,-5.5623,13,DK,Soft wheat,heat_mj,0.000793214579896904
IPSL-CM6A-LR,-4.5,-4.3507,11,DK,Soft wheat,heat_mj,0.000820555868231174
IPSL-CM6A-LR,-3.5,-3.4644,8,DK,Soft wheat,heat_mj,0.000819605021025636
IPSL-CM6A-LR,-2.5,-2.5669,9,DK,Soft wheat,heat_mj,0.000614498169623758
IPSL-CM6A-LR,-1.5,-1.2909,6,DK,Soft wheat,heat_mj,0.000785162735266544
IPSL-CM6A-LR,-0.5,-0.6347,8,DK,Soft wheat,heat_mj,0.000483943750424175
EC-Earth3,-9.5,-9.1554,4,EE,Soft wheat,heat_mj,0.00123331850308826
EC-Earth3,-8.5,-8.4726,15,EE,Soft wheat,heat_mj,0.00265458701216482
EC-Earth3,-7.5,-7.5562,20,EE,Soft wheat,heat_mj,0.0028660753362228
EC-Earth3,-6.5,-6.4767,21,EE,Soft wheat,heat_mj,0.00206688171146632
EC-Earth3,-5.5,-5.3342,8,EE,Soft wheat,heat_mj,0.00157525882395968
EC-Earth3,-4.5,-4.5495,8,EE,Soft wheat,heat_mj,0.00323003865214599
EC-Earth3,-3.5,-3.3459,9,EE,Soft wheat,heat_mj,0.00282018128360169
EC-Earth3,-2.5,-2.4493,5,EE,Soft wheat,heat_mj,0.00303707392139124
EC-Earth3,-1.5,-1.3807,6,EE,Soft wheat,heat_mj,0.000783536863092395
EC-Earth3,-0.5,-0.6596,3,EE,Soft wheat,heat_mj,-0.00192095429442034
HadGEM3-GC3-1LL,-8.5,-8.3848,12,EE,Soft wheat,heat_mj,0.00286161766878505
HadGEM3-GC3-1LL,-7.5,-7.5599,19,EE,Soft wheat,heat_mj,0.0028675764283216
HadGEM3-GC3-1LL,-6.5,-6.5442,24,EE,Soft wheat,heat_mj,0.0025386246934203
HadGEM3-GC3-1LL,-5.5,-5.5797,10,EE,Soft wheat,heat_mj,0.00215184993635589
HadGEM3-GC3-1LL,-4.5,-4.5263,6,EE,Soft wheat,heat_mj,0.00234956730912844
HadGEM3-GC3-1LL,-3.5,-3.7835,7,EE,Soft wheat,heat_mj,0.00282506762085894
HadGEM3-GC3-1LL,-2.5,-2.4504,6,EE,Soft wheat,heat_mj,0.00228246644651476
HadGEM3-GC3-1LL,-1.5,-1.3098,8,EE,Soft wheat,heat_mj,0.000456304136599142
HadGEM3-GC3-1LL,-0.5,-0.331,6,EE,Soft wheat,heat_mj,0.000369792022355371
HadGEM3-GC3-1MM,-14.5,-14.3032,4,EE,Soft wheat,heat_mj,0.00385126035259064
HadGEM3-GC3-1MM,-13.5,-13.3931,8,EE,Soft wheat,heat_mj,0.00401751012122668
HadGEM3-GC3-1MM,-12.5,-12.588,13,EE,Soft wheat,heat_mj,0.00406162456004041
HadGEM3-GC3-1MM,-11.5,-11.5321,21,EE,Soft wheat,heat_mj,0.00403219142720853
HadGEM3-GC3-1MM,-10.5,-10.4803,10,EE,Soft wheat,heat_mj,0.00411550318495597
HadGEM3-GC3-1MM,-9.5,-9.6161,7,EE,Soft wheat,heat_mj,0.00331361098131783
HadGEM3-GC3-1MM,-8.5,-8.6582,7,EE,Soft wheat,heat_mj,0.00375266273729389
HadGEM3-GC3-1MM,-7.5,-7.6345,8,EE,Soft wheat,heat_mj,0.00357672000750211
HadGEM3-GC3-1MM,-6.5,-6.4299,4,EE,Soft wheat,heat_mj,0.00321579599240459
HadGEM3-GC3-1MM,-5.5,-5.3528,4,EE,Soft wheat,heat_mj,0.00237917902404374
HadGEM3-GC3-1MM,-4.5,-4.3969,4,EE,Soft wheat,heat_mj,0.00215108739774566
IPSL-CM6A-LR,-9.5,-9.3401,5,EE,Soft wheat,heat_mj,0.00377787028700046
IPSL-CM6A-LR,-8.5,-8.4598,8,EE,Soft wheat,heat_mj,0.00358113615025017
IPSL-CM6A-LR,-7.5,-7.5255,19,EE,Soft wheat,heat_mj,0.0035183254589791
IPSL-CM6A-LR,-6.5,-6.5577,11,EE,Soft wheat,heat_mj,0.00341677288262877
IPSL-CM6A-LR,-5.5,-5.5623,13,EE,Soft wheat,heat_mj,0.00296927754764577
IPSL-CM6A-LR,-4.5,-4.3507,11,EE,Soft wheat,heat_mj,0.00333647552890193
IPSL-CM6A-LR,-3.5,-3.4644,8,EE,Soft wheat,heat_mj,0.00258497887406766
IPSL-CM6A-LR,-2.5,-2.5669,9,EE,Soft wheat,heat_mj,0.00258014977210864
IPSL-CM6A-LR,-1.5,-1.2909,6,EE,Soft wheat,heat_mj,0.00268617564822018
IPSL-CM6A-LR,-0.5,-0.6347,8,EE,Soft wheat,heat_mj,0.000976905001874727
EC-Earth3,-9.5,-9.1554,4,EL,Soft wheat,heat_mj,0.0239736471954029
EC-Earth3,-8.5,-8.4726,15,EL,Soft wheat,heat_mj,0.0363566020621128
EC-Earth3,-7.5,-7.5562,20,EL,Soft wheat,heat_mj,0.0288664250133322
EC-Earth3,-6.5,-6.4767,21,EL,Soft wheat,heat_mj,0.0257352639383644
EC-Earth3,-5.5,-5.3342,8,EL,Soft wheat,heat_mj,0.0229085903312719
EC-Earth3,-4.5,-4.5495,8,EL,Soft wheat,heat_mj,0.0110890898225199
EC-Earth3,-3.5,-3.3459,9,EL,Soft wheat,heat_mj,0.0276567781294796
EC-Earth3,-2.5,-2.4493,5,EL,Soft wheat,heat_mj,0.00245685590725302
EC-Earth3,-1.5,-1.3807,6,EL,Soft wheat,heat_mj,0.0138400164307357
EC-Earth3,-0.5,-0.6596,3,EL,Soft wheat,heat_mj,0.00450265598927257
HadGEM3-GC3-1LL,-8.5,-8.3848,12,EL,Soft wheat,heat_mj,0.0220624043893939
HadGEM3-GC3-1LL,-7.5,-7.5599,19,EL,Soft wheat,heat_mj,0.0110103184989907
HadGEM3-GC3-1LL,-6.5,-6.5442,24,EL,Soft wheat,heat_mj,0.0268619631677272
HadGEM3-GC3-1LL,-5.5,-5.5797,10,EL,Soft wheat,heat_mj,0.0137588502067511
HadGEM3-GC3-1LL,-4.5,-4.5263,6,EL,Soft wheat,heat_mj,0.0172449606375005
HadGEM3-GC3-1LL,-3.5,-3.7835,7,EL,Soft wheat,heat_mj,0.0107853505967619
HadGEM3-GC3-1LL,-2.5,-2.4504,6,EL,Soft wheat,heat_mj,0.00449345301179565
HadGEM3-GC3-1LL,-1.5,-1.3098,8,EL,Soft wheat,heat_mj,0.00990745782190854
HadGEM3-GC3-1LL,-0.5,-0.331,6,EL,Soft wheat,heat_mj,0.00351259127950052
HadGEM3-GC3-1MM,-14.5,-14.3032,4,EL,Soft wheat,heat_mj,0.0218161939259949
HadGEM3-GC3-1MM,-13.5,-13.3931,8,EL,Soft wheat,heat_mj,0.0193389951523156
HadGEM3-GC3-1MM,-12.5,-12.588,13,EL,Soft wheat,heat_mj,0.022175687518573
HadGEM3-GC3-1MM,-11.5,-11.5321,21,EL,Soft wheat,heat_mj,0.021889103227953
HadGEM3-GC3-1MM,-10.5,-10.4803,10,EL,Soft wheat,heat_mj,0.0138780466234676
HadGEM3-GC3-1MM,-9.5,-9.6161,7,EL,Soft wheat,heat_mj,0.00595038007533274
HadGEM3-GC3-1MM,-8.5,-8.6582,7,EL,Soft wheat,heat_mj,0.0122722004536128
HadGEM3-GC3-1MM,-7.5,-7.6345,8,EL,Soft wheat,heat_mj,0.0112125345830513
HadGEM3-GC3-1MM,-6.5,-6.4299,4,EL,Soft wheat,heat_mj,0.00993083342520452
HadGEM3-GC3-1MM,-5.5,-5.3528,4,EL,Soft wheat,heat_mj,-0.00833414123512241
HadGEM3-GC3-1MM,-4.5,-4.3969,4,EL,Soft wheat,heat_mj,-0.000846893314576798
IPSL-CM6A-LR,-9.5,-9.3401,5,EL,Soft wheat,heat_mj,0.0364892356092887
IPSL-CM6A-LR,-8.5,-8.4598,8,EL,Soft wheat,heat_mj,0.028394871345351
IPSL-CM6A-LR,-7.5,-7.5255,19,EL,Soft wheat,heat_mj,0.0260977773141885
IPSL-CM6A-LR,-6.5,-6.5577,11,EL,Soft wheat,heat_mj,0.0268075928169598
IPSL-CM6A-LR,-5.5,-5.5623,13,EL,Soft wheat,heat_mj,0.0196507306193801
IPSL-CM6A-LR,-4.5,-4.3507,11,EL,Soft wheat,heat_mj,0.0146276857066649
IPSL-CM6A-LR,-3.5,-3.4644,8,EL,Soft wheat,heat_mj,0.00760473293414534
IPSL-CM6A-LR,-2.5,-2.5669,9,EL,Soft wheat,heat_mj,0.0179136597134044
IPSL-CM6A-LR,-1.5,-1.2909,6,EL,Soft wheat,heat_mj,0.0132486145131908
IPSL-CM6A-LR,-0.5,-0.6347,8,EL,Soft wheat,heat_mj,-0.00933843528081938
EC-Earth3,-9.5,-9.1554,4,ES,Soft wheat,heat_mj,0.0350617267376835
EC-Earth3,-8.5,-8.4726,15,ES,Soft wheat,heat_mj,0.025846674835839
EC-Earth3,-7.5,-7.5562,20,ES,Soft wheat,heat_mj,0.0269465071644534
EC-Earth3,-6.5,-6.4767,21,ES,Soft wheat,heat_mj,0.0116477601158437
EC-Earth3,-5.5,-5.3342,8,ES,Soft wheat,heat_mj,0.0221158735902615
EC-Earth3,-4.5,-4.5495,8,ES,Soft wheat,heat_mj,0.012469882542511
EC-Earth3,-3.5,-3.3459,9,ES,Soft wheat,heat_mj,0.0269403459544188
EC-Earth3,-2.5,-2.4493,5,ES,Soft wheat,heat_mj,0.0076347342594173
EC-Earth3,-1.5,-1.3807,6,ES,Soft wheat,heat_mj,0.0179615884072943
EC-Earth3,-0.5,-0.6596,3,ES,Soft wheat,heat_mj,-0.0195851375845591
HadGEM3-GC3-1LL,-8.5,-8.3848,12,ES,Soft wheat,heat_mj,0.0179047302898649
HadGEM3-GC3-1LL,-7.5,-7.5599,19,ES,Soft wheat,heat_mj,0.0221172120208693
HadGEM3-GC3-1LL,-6.5,-6.5442,24,ES,Soft wheat,heat_mj,0.0255462340913766
HadGEM3-GC3-1LL,-5.5,-5.5797,10,ES,Soft wheat,heat_mj,0.0156127933703657
HadGEM3-GC3-1LL,-4.5,-4.5263,6,ES,Soft wheat,heat_mj,0.0114842234620798
HadGEM3-GC3-1LL,-3.5,-3.7835,7,ES,Soft wheat,heat_mj,0.0192341230889287
HadGEM3-GC3-1LL,-2.5,-2.4504,6,ES,Soft wheat,heat_mj,0.00993558820034846
HadGEM3-GC3-1LL,-1.5,-1.3098,8,ES,Soft wheat,heat_mj,-0.000681123619057937
HadGEM3-GC3-1LL,-0.5,-0.331,6,ES,Soft wheat,heat_mj,-0.0118326524049186
HadGEM3-GC3-1MM,-14.5,-14.3032,4,ES,Soft wheat,heat_mj,0.0472644587574011
HadGEM3-GC3-1MM,-13.5,-13.3931,8,ES,Soft wheat,heat_mj,0.0608533492191264
HadGEM3-GC3-1MM,-12.5,-12.588,13,ES,Soft wheat,heat_mj,0.0533807592596997
HadGEM3-GC3-1MM,-11.5,-11.5321,21,ES,Soft wheat,heat_mj,0.0361722244518274
HadGEM3-GC3-1MM,-10.5,-10.4803,10,ES,Soft wheat,heat_mj,0.0301365452481101
HadGEM3-GC3-1MM,-9.5,-9.6161,7,ES,Soft wheat,heat_mj,0.027705898709389
HadGEM3-GC3-1MM,-8.5,-8.6582,7,ES,Soft wheat,heat_mj,0.0199536007368488
HadGEM3-GC3-1MM,-7.5,-7.6345,8,ES,Soft wheat,heat_mj,0.00964543409212473
HadGEM3-GC3-1MM,-6.5,-6.4299,4,ES,Soft wheat,heat_mj,0.0130613173469161
HadGEM3-GC3-1MM,-5.5,-5.3528,4,ES,Soft wheat,heat_mj,-0.00312828694731065
HadGEM3-GC3-1MM,-4.5,-4.3969,4,ES,Soft wheat,heat_mj,0.016760211017546
IPSL-CM6A-LR,-9.5,-9.3401,5,ES,Soft wheat,heat_mj,0.0360361453573061
IPSL-CM6A-LR,-8.5,-8.4598,8,ES,Soft wheat,heat_mj,0.0393745511596127
IPSL-CM6A-LR,-7.5,-7.5255,19,ES,Soft wheat,heat_mj,0.0272329137546256
IPSL-CM6A-LR,-6.5,-6.5577,11,ES,Soft wheat,heat_mj,0.0289471452152902
IPSL-CM6A-LR,-5.5,-5.5623,13,ES,Soft wheat,heat_mj,0.0269188726224046
IPSL-CM6A-LR,-4.5,-4.3507,11,ES,Soft wheat,heat_mj,-0.00536431142856045
IPSL-CM6A-LR,-3.5,-3.4644,8,ES,Soft wheat,heat_mj,-0.00220604635027383
IPSL-CM6A-LR,-2.5,-2.5669,9,ES,Soft wheat,heat_mj,0.0151387589215922
IPSL-CM6A-LR,-1.5,-1.2909,6,ES,Soft wheat,heat_mj,0.00939181982873372
IPSL-CM6A-LR,-0.5,-0.6347,8,ES,Soft wheat,heat_mj,-0.00324476337435415
EC-Earth3,-9.5,-9.1554,4,FI,Soft wheat,heat_mj,0.00197811197157044
EC-Earth3,-8.5,-8.4726,15,FI,Soft wheat,heat_mj,0.0020874979970013
EC-Earth3,-7.5,-7.5562,20,FI,Soft wheat,heat_mj,0.00194749799522367
EC-Earth3,-6.5,-6.4767,21,FI,Soft wheat,heat_mj,0.00150389813330494
EC-Earth3,-5.5,-5.3342,8,FI,Soft wheat,heat_mj,0.0014251576324139
EC-Earth3,-4.5,-4.5495,8,FI,Soft wheat,heat_mj,0.00230870765153463
EC-Earth3,-3.5,-3.3459,9,FI,Soft wheat,heat_mj,0.00210622014273037
EC-Earth3,-2.5,-2.4493,5,FI,Soft wheat,heat_mj,0.00217890752157457
EC-Earth3,-1.5,-1.3807,6,FI,Soft wheat,heat_mj,0.0010621227814966
EC-Earth3,-0.5,-0.6596,3,FI,Soft wheat,heat_mj,-3.83264402068246e-05
HadGEM3-GC3-1LL,-8.5,-8.3848,12,FI,Soft wheat,heat_mj,0.00199879448343025
HadGEM3-GC3-1LL,-7.5,-7.5599,19,FI,Soft wheat,heat_mj,0.0019395901578977
HadGEM3-GC3-1LL,-6.5,-6.5442,24,FI,Soft wheat,heat_mj,0.00169339828365946
HadGEM3-GC3-1LL,-5.5,-5.5797,10,FI,Soft wheat,heat_mj,0.0013905678955636
HadGEM3-GC3-1LL,-4.5,-4.5263,6,FI,Soft wheat,heat_mj,0.001581821106716
HadGEM3-GC3-1LL,-3.5,-3.7835,7,FI,Soft wheat,heat_mj,0.00190018879071857
HadGEM3-GC3-1LL,-2.5,-2.4504,6,FI,Soft wheat,heat_mj,0.00139567912067469
HadGEM3-GC3-1LL,-1.5,-1.3098,8,FI,Soft wheat,heat_mj,0.000446554641671185
HadGEM3-GC3-1LL,-0.5,-0.331,6,FI,Soft wheat,heat_mj,0.000133904588304662
HadGEM3-GC3-1MM,-14.5,-14.3032,4,FI,Soft wheat,heat_mj,0.0025225898059075
HadGEM3-GC3-1MM,-13.5,-13.3931,8,FI,Soft wheat,heat_mj,0.00252437780302826
HadGEM3-GC3-1MM,-12.5,-12.588,13,FI,Soft wheat,heat_mj,0.00254736067343667
HadGEM3-GC3-1MM,-11.5,-11.5321,21,FI,Soft wheat,heat_mj,0.002547683260572
HadGEM3-GC3-1MM,-10.5,-10.4803,10,FI,Soft wheat,heat_mj,0.00255336046398775
HadGEM3-GC3-1MM,-9.5,-9.6161,7,FI,Soft wheat,heat_mj,0.0023983192592176
HadGEM3-GC3-1MM,-8.5,-8.6582,7,FI,Soft wheat,heat_mj,0.00246478807156296
HadGEM3-GC3-1MM,-7.5,-7.6345,8,FI,Soft wheat,heat_mj,0.00233907836250013
HadGEM3-GC3-1MM,-6.5,-6.4299,4,FI,Soft wheat,heat_mj,0.00222347366203822
HadGEM3-GC3-1MM,-5.5,-5.3528,4,FI,Soft wheat,heat_mj,0.00197309415732841
HadGEM3-GC3-1MM,-4.5,-4.3969,4,FI,Soft wheat,heat_mj,0.00171592566373129
IPSL-CM6A-LR,-9.5,-9.3401,5,FI,Soft wheat,heat_mj,0.00220266594815185
IPSL-CM6A-LR,-8.5,-8.4598,8,FI,Soft wheat,heat_mj,0.00232657630138594
IPSL-CM6A-LR,-7.5,-7.5255,19,FI,Soft wheat,heat_mj,0.00228583410537555
IPSL-CM6A-LR,-6.5,-6.5577,11,FI,Soft wheat,heat_mj,0.00219329160977075
IPSL-CM6A-LR,-5.5,-5.5623,13,FI,Soft wheat,heat_mj,0.00184582126866635
IPSL-CM6A-LR,-4.5,-4.3507,11,FI,Soft wheat,heat_mj,0.00214029687757053
IPSL-CM6A-LR,-3.5,-3.4644,8,FI,Soft wheat,heat_mj,0.00165542538528262
IPSL-CM6A-LR,-2.5,-2.5669,9,FI,Soft wheat,heat_mj,0.00158809040737538
IPSL-CM6A-LR,-1.5,-1.2909,6,FI,Soft wheat,heat_mj,0.00193194868811944
IPSL-CM6A-LR,-0.5,-0.6347,8,FI,Soft wheat,heat_mj,0.000872795601423477
EC-Earth3,-9.5,-9.1554,4,FR,Soft wheat,heat_mj,0.0143259611168363
EC-Earth3,-8.5,-8.4726,15,FR,Soft wheat,heat_mj,0.0114187811382887
EC-Earth3,-7.5,-7.5562,20,FR,Soft wheat,heat_mj,0.0124721421083575
EC-Earth3,-6.5,-6.4767,21,FR,Soft wheat,heat_mj,0.00614884033488278
EC-Earth3,-5.5,-5.3342,8,FR,Soft wheat,heat_mj,0.00802877821651153
EC-Earth3,-4.5,-4.5495,8,FR,Soft wheat,heat_mj,0.00777616438022318
EC-Earth3,-3.5,-3.3459,9,FR,Soft wheat,heat_mj,0.00130113994325628
EC-Earth3,-2.5,-2.4493,5,FR,Soft wheat,heat_mj,0.00710315666190489
EC-Earth3,-1.5,-1.3807,6,FR,Soft wheat,heat_mj,0.00511616085090978
EC-Earth3,-0.5,-0.6596,3,FR,Soft wheat,heat_mj,-0.00446187296490521
HadGEM3-GC3-1LL,-8.5,-8.3848,12,FR,Soft wheat,heat_mj,0.000430636294930253
HadGEM3-GC3-1LL,-7.5,-7.5599,19,FR,Soft wheat,heat_mj,0.00712337850608465
HadGEM3-GC3-1LL,-6.5,-6.5442,24,FR,Soft wheat,heat_mj,0.0078361295756059
HadGEM3-GC3-1LL,-5.5,-5.5797,10,FR,Soft wheat,heat_mj,0.00534204230705566
HadGEM3-GC3-1LL,-4.5,-4.5263,6,FR,Soft wheat,heat_mj,0.00463837547741886
HadGEM3-GC3-1LL,-3.5,-3.7835,7,FR,Soft wheat,heat_mj,0.00949872096932364
HadGEM3-GC3-1LL,-2.5,-2.4504,6,FR,Soft wheat,heat_mj,0.00542605321642855
HadGEM3-GC3-1LL,-1.5,-1.3098,8,FR,Soft wheat,heat_mj,0.00153031127797971
HadGEM3-GC3-1LL,-0.5,-0.331,6,FR,Soft wheat,heat_mj,-0.000532993045305216
HadGEM3-GC3-1MM,-14.5,-14.3032,4,FR,Soft wheat,heat_mj,0.0167268461194648
HadGEM3-GC3-1MM,-13.5,-13.3931,8,FR,Soft wheat,heat_mj,0.0172398924746795
HadGEM3-GC3-1MM,-12.5,-12.588,13,FR,Soft wheat,heat_mj,0.0146319989190954
HadGEM3-GC3-1MM,-11.5,-11.5321,21,FR,Soft wheat,heat_mj,0.0149428186305194
HadGEM3-GC3-1MM,-10.5,-10.4803,10,FR,Soft wheat,heat_mj,0.014677200355879
HadGEM3-GC3-1MM,-9.5,-9.6161,7,FR,Soft wheat,heat_mj,0.0109739153525779
HadGEM3-GC3-1MM,-8.5,-8.6582,7,FR,Soft wheat,heat_mj,0.0106702772250149
HadGEM3-GC3-1MM,-7.5,-7.6345,8,FR,Soft wheat,heat_mj,0.0134794249940212
HadGEM3-GC3-1MM,-6.5,-6.4299,4,FR,Soft wheat,heat_mj,0.00426450780832475
HadGEM3-GC3-1MM,-5.5,-5.3528,4,FR,Soft wheat,heat_mj,0.0109900469023332
HadGEM3-GC3-1MM,-4.5,-4.3969,4,FR,Soft wheat,heat_mj,0.00504647906741065
IPSL-CM6A-LR,-9.5,-9.3401,5,FR,Soft wheat,heat_mj,0.0105212539962134
IPSL-CM6A-LR,-8.5,-8.4598,8,FR,Soft wheat,heat_mj,0.0144229076359691
IPSL-CM6A-LR,-7.5,-7.5255,19,FR,Soft wheat,heat_mj,0.00975603265739889
IPSL-CM6A-LR,-6.5,-6.5577,11,FR,Soft wheat,heat_mj,0.00815818060266113
IPSL-CM6A-LR,-5.5,-5.5623,13,FR,Soft wheat,heat_mj,0.00967973121877955
IPSL-CM6A-LR,-4.5,-4.3507,11,FR,Soft wheat,heat_mj,0.00529156842350535
IPSL-CM6A-LR,-3.5,-3.4644,8,FR,Soft wheat,heat_mj,0.00771916422894764
IPSL-CM6A-LR,-2.5,-2.5669,9,FR,Soft wheat,heat_mj,0.00213885775703157
IPSL-CM6A-LR,-1.5,-1.2909,6,FR,Soft wheat,heat_mj,0.00796104265181184
IPSL-CM6A-LR,-0.5,-0.6347,8,FR,Soft wheat,heat_mj,-0.000204472730097956
EC-Earth3,-9.5,-9.1554,4,HU,Soft wheat,heat_mj,0.0208032833598024
EC-Earth3,-8.5,-8.4726,15,HU,Soft wheat,heat_mj,0.0302909497445329
EC-Earth3,-7.5,-7.5562,20,HU,Soft wheat,heat_mj,0.0248424368510355
EC-Earth3,-6.5,-6.4767,21,HU,Soft wheat,heat_mj,0.00991343334920357
EC-Earth3,-5.5,-5.3342,8,HU,Soft wheat,heat_mj,-0.00128594280068561
EC-Earth3,-4.5,-4.5495,8,HU,Soft wheat,heat_mj,0.012420383591514
EC-Earth3,-3.5,-3.3459,9,HU,Soft wheat,heat_mj,0.0238197730333294
EC-Earth3,-2.5,-2.4493,5,HU,Soft wheat,heat_mj,-0.000270562294009764
EC-Earth3,-1.5,-1.3807,6,HU,Soft wheat,heat_mj,0.0157595687749448
EC-Earth3,-0.5,-0.6596,3,HU,Soft wheat,heat_mj,-0.0274654451311822
HadGEM3-GC3-1LL,-8.5,-8.3848,12,HU,Soft wheat,heat_mj,0.00791124353802121
HadGEM3-GC3-1LL,-7.5,-7.5599,19,HU,Soft wheat,heat_mj,-0.00243259726819837
HadGEM3-GC3-1LL,-6.5,-6.5442,24,HU,Soft wheat,heat_mj,0.0169303308368315
HadGEM3-GC3-1LL,-5.5,-5.5797,10,HU,Soft wheat,heat_mj,0.00706279707842688
HadGEM3-GC3-1LL,-4.5,-4.5263,6,HU,Soft wheat,heat_mj,0.020145068446385
HadGEM3-GC3-1LL,-3.5,-3.7835,7,HU,Soft wheat,heat_mj,0.0133192325483578
HadGEM3-GC3-1LL,-2.5,-2.4504,6,HU,Soft wheat,heat_mj,0.0111006993630403
HadGEM3-GC3-1LL,-1.5,-1.3098,8,HU,Soft wheat,heat_mj,0.004815396515869
HadGEM3-GC3-1LL,-0.5,-0.331,6,HU,Soft wheat,heat_mj,0.0115203706252214
HadGEM3-GC3-1MM,-14.5,-14.3032,4,HU,Soft wheat,heat_mj,0.0129690093841495
HadGEM3-GC3-1MM,-13.5,-13.3931,8,HU,Soft wheat,heat_mj,0.0161076407985762
HadGEM3-GC3-1MM,-12.5,-12.588,13,HU,Soft wheat,heat_mj,0.0156970666246206
HadGEM3-GC3-1MM,-11.5,-11.5321,21,HU,Soft wheat,heat_mj,0.0205583212107224
HadGEM3-GC3-1MM,-10.5,-10.4803,10,HU,Soft wheat,heat_mj,0.0289170452810664
HadGEM3-GC3-1MM,-9.5,-9.6161,7,HU,Soft wheat,heat_mj,-0.00496144767639625
HadGEM3-GC3-1MM,-8.5,-8.6582,7,HU,Soft wheat,heat_mj,0.00939534487412949
HadGEM3-GC3-1MM,-7.5,-7.6345,8,HU,Soft wheat,heat_mj,0.0215164481307028
HadGEM3-GC3-1MM,-6.5,-6.4299,4,HU,Soft wheat,heat_mj,0.0101745980884795
HadGEM3-GC3-1MM,-5.5,-5.3528,4,HU,Soft wheat,heat_mj,0.00340567978502985
HadGEM3-GC3-1MM,-4.5,-4.3969,4,HU,Soft wheat,heat_mj,-0.00498099397969817
IPSL-CM6A-LR,-9.5,-9.3401,5,HU,Soft wheat,heat_mj,0.0251246550847872
IPSL-CM6A-LR,-8.5,-8.4598,8,HU,Soft wheat,heat_mj,0.0264381251722287
IPSL-CM6A-LR,-7.5,-7.5255,19,HU,Soft wheat,heat_mj,0.0205549396248138
IPSL-CM6A-LR,-6.5,-6.5577,11,HU,Soft wheat,heat_mj,0.0169151690572693
IPSL-CM6A-LR,-5.5,-5.5623,13,HU,Soft wheat,heat_mj,0.0221754832843166
IPSL-CM6A-LR,-4.5,-4.3507,11,HU,Soft wheat,heat_mj,0.0106349291515658
IPSL-CM6A-LR,-3.5,-3.4644,8,HU,Soft wheat,heat_mj,0.0158132307939435
IPSL-CM6A-LR,-2.5,-2.5669,9,HU,Soft wheat,heat_mj,0.0156899175394642
IPSL-CM6A-LR,-1.5,-1.2909,6,HU,Soft wheat,heat_mj,0.00621159918550832
IPSL-CM6A-LR,-0.5,-0.6347,8,HU,Soft wheat,heat_mj,-0.00117264059607595
EC-Earth3,-9.5,-9.1554,4,IT,Soft wheat,heat_mj,0.0304192337228371
EC-Earth3,-8.5,-8.4726,15,IT,Soft wheat,heat_mj,0.0276808162997413
EC-Earth3,-7.5,-7.5562,20,IT,Soft wheat,heat_mj,0.0262617359136261
EC-Earth3,-6.5,-6.4767,21,IT,Soft wheat,heat_mj,0.00918692180536416
EC-Earth3,-5.5,-5.3342,8,IT,Soft wheat,heat_mj,0.00347893526492446
EC-Earth3,-4.5,-4.5495,8,IT,Soft wheat,heat_mj,0.000297247489890846
EC-Earth3,-3.5,-3.3459,9,IT,Soft wheat,heat_mj,0.0260081812220289
EC-Earth3,-2.5,-2.4493,5,IT,Soft wheat,heat_mj,-0.00439471338363521
EC-Earth3,-1.5,-1.3807,6,IT,Soft wheat,heat_mj,0.00785583915848256
EC-Earth3,-0.5,-0.6596,3,IT,Soft wheat,heat_mj,-0.0291477654242047
HadGEM3-GC3-1LL,-8.5,-8.3848,12,IT,Soft wheat,heat_mj,0.003476230968312
HadGEM3-GC3-1LL,-7.5,-7.5599,19,IT,Soft wheat,heat_mj,0.00360799400256821
HadGEM3-GC3-1LL,-6.5,-6.5442,24,IT,Soft wheat,heat_mj,0.0238304704249802
HadGEM3-GC3-1LL,-5.5,-5.5797,10,IT,Soft wheat,heat_mj,0.0122692934655835
HadGEM3-GC3-1LL,-4.5,-4.5263,6,IT,Soft wheat,heat_mj,0.0183356797492489
HadGEM3-GC3-1LL,-3.5,-3.7835,7,IT,Soft wheat,heat_mj,0.00560479225683916
HadGEM3-GC3-1LL,-2.5,-2.4504,6,IT,Soft wheat,heat_mj,0.00498441944807758
HadGEM3-GC3-1LL,-1.5,-1.3098,8,IT,Soft wheat,heat_mj,0.00357908263840731
HadGEM3-GC3-1LL,-0.5,-0.331,6,IT,Soft wheat,heat_mj,0.00417037210838554
HadGEM3-GC3-1MM,-14.5,-14.3032,4,IT,Soft wheat,heat_mj,0.0290033927502437
HadGEM3-GC3-1MM,-13.5,-13.3931,8,IT,Soft wheat,heat_mj,0.0308443484515469
HadGEM3-GC3-1MM,-12.5,-12.588,13,IT,Soft wheat,heat_mj,0.0202354381748727
HadGEM3-GC3-1MM,-11.5,-11.5321,21,IT,Soft wheat,heat_mj,0.0254274107484868
HadGEM3-GC3-1MM,-10.5,-10.4803,10,IT,Soft wheat,heat_mj,0.0285210885304733
HadGEM3-GC3-1MM,-9.5,-9.6161,7,IT,Soft wheat,heat_mj,0.00762106303111223
HadGEM3-GC3-1MM,-8.5,-8.6582,7,IT,Soft wheat,heat_mj,0.0103643350887465
HadGEM3-GC3-1MM,-7.5,-7.6345,8,IT,Soft wheat,heat_mj,0.0141540189835222
HadGEM3-GC3-1MM,-6.5,-6.4299,4,IT,Soft wheat,heat_mj,0.0106735989920642
HadGEM3-GC3-1MM,-5.5,-5.3528,4,IT,Soft wheat,heat_mj,0.00989912370674188
HadGEM3-GC3-1MM,-4.5,-4.3969,4,IT,Soft wheat,heat_mj,-0.000475655782947584
IPSL-CM6A-LR,-9.5,-9.3401,5,IT,Soft wheat,heat_mj,0.0289557421879108
IPSL-CM6A-LR,-8.5,-8.4598,8,IT,Soft wheat,heat_mj,0.0322657218643721
IPSL-CM6A-LR,-7.5,-7.5255,19,IT,Soft wheat,heat_mj,0.0216562403372777
IPSL-CM6A-LR,-6.5,-6.5577,11,IT,Soft wheat,heat_mj,0.0230718142935289
IPSL-CM6A-LR,-5.5,-5.5623,13,IT,Soft wheat,heat_mj,0.0240943992409151
IPSL-CM6A-LR,-4.5,-4.3507,11,IT,Soft wheat,heat_mj,7.68470097698223e-06
IPSL-CM6A-LR,-3.5,-3.4644,8,IT,Soft wheat,heat_mj,0.014721228128342
IPSL-CM6A-LR,-2.5,-2.5669,9,IT,Soft wheat,heat_mj,0.0128360198753304
IPSL-CM6A-LR,-1.5,-1.2909,6,IT,Soft wheat,heat_mj,0.00622825661077573
IPSL-CM6A-LR,-0.5,-0.6347,8,IT,Soft wheat,heat_mj,-0.00488200620162776
EC-Earth3,-9.5,-9.1554,4,LT,Soft wheat,heat_mj,0.00208216220920572
EC-Earth3,-8.5,-8.4726,15,LT,Soft wheat,heat_mj,0.0045921115752644
EC-Earth3,-7.5,-7.5562,20,LT,Soft wheat,heat_mj,0.00451302651436753
EC-Earth3,-6.5,-6.4767,21,LT,Soft wheat,heat_mj,0.00311277396087449
EC-Earth3,-5.5,-5.3342,8,LT,Soft wheat,heat_mj,0.00237070395553763
EC-Earth3,-4.5,-4.5495,8,LT,Soft wheat,heat_mj,0.00432442951028909
EC-Earth3,-3.5,-3.3459,9,LT,Soft wheat,heat_mj,0.00371710720306288
EC-Earth3,-2.5,-2.4493,5,LT,Soft wheat,heat_mj,0.00413319811912135
EC-Earth3,-1.5,-1.3807,6,LT,Soft wheat,heat_mj,0.00104957380458153
EC-Earth3,-0.5,-0.6596,3,LT,Soft wheat,heat_mj,-0.00489133044430556
HadGEM3-GC3-1LL,-8.5,-8.3848,12,LT,Soft wheat,heat_mj,0.00341860039906126
HadGEM3-GC3-1LL,-7.5,-7.5599,19,LT,Soft wheat,heat_mj,0.00325651587466191
HadGEM3-GC3-1LL,-6.5,-6.5442,24,LT,Soft wheat,heat_mj,0.00315748905656217
HadGEM3-GC3-1LL,-5.5,-5.5797,10,LT,Soft wheat,heat_mj,0.00210204661116652
HadGEM3-GC3-1LL,-4.5,-4.5263,6,LT,Soft wheat,heat_mj,0.00372381902128105
HadGEM3-GC3-1LL,-3.5,-3.7835,7,LT,Soft wheat,heat_mj,0.00422126920604872
HadGEM3-GC3-1LL,-2.5,-2.4504,6,LT,Soft wheat,heat_mj,0.00314409553139342
HadGEM3-GC3-1LL,-1.5,-1.3098,8,LT,Soft wheat,heat_mj,0.00106828839776641
HadGEM3-GC3-1LL,-0.5,-0.331,6,LT,Soft wheat,heat_mj,0.00134177399601907
HadGEM3-GC3-1MM,-14.5,-14.3032,4,LT,Soft wheat,heat_mj,0.00543834727679948
HadGEM3-GC3-1MM,-13.5,-13.3931,8,LT,Soft wheat,heat_mj,0.00612413045875651
HadGEM3-GC3-1MM,-12.5,-12.588,13,LT,Soft wheat,heat_mj,0.00654439276678314
HadGEM3-GC3-1MM,-11.5,-11.5321,21,LT,Soft wheat,heat_mj,0.00650428086041324
HadGEM3-GC3-1MM,-10.5,-10.4803,10,LT,Soft wheat,heat_mj,0.0069437403248182
HadGEM3-GC3-1MM,-9.5,-9.6161,7,LT,Soft wheat,heat_mj,0.00305558605965303
HadGEM3-GC3-1MM,-8.5,-8.6582,7,LT,Soft wheat,heat_mj,0.00533591466289645
HadGEM3-GC3-1MM,-7.5,-7.6345,8,LT,Soft wheat,heat_mj,0.00557850008582596
HadGEM3-GC3-1MM,-6.5,-6.4299,4,LT,Soft wheat,heat_mj,0.00448892362512497
HadGEM3-GC3-1MM,-5.5,-5.3528,4,LT,Soft wheat,heat_mj,0.00323115846160304
HadGEM3-GC3-1MM,-4.5,-4.3969,4,LT,Soft wheat,heat_mj,0.00205420083330715
IPSL-CM6A-LR,-9.5,-9.3401,5,LT,Soft wheat,heat_mj,0.00616661302407753
IPSL-CM6A-LR,-8.5,-8.4598,8,LT,Soft wheat,heat_mj,0.00561859831502896
IPSL-CM6A-LR,-7.5,-7.5255,19,LT,Soft wheat,heat_mj,0.00515321469052473
IPSL-CM6A-LR,-6.5,-6.5577,11,LT,Soft wheat,heat_mj,0.0044662418871992
IPSL-CM6A-LR,-5.5,-5.5623,13,LT,Soft wheat,heat_mj,0.00480360958948515
IPSL-CM6A-LR,-4.5,-4.3507,11,LT,Soft wheat,heat_mj,0.0050563820590899
IPSL-CM6A-LR,-3.5,-3.4644,8,LT,Soft wheat,heat_mj,0.00433188798191587
IPSL-CM6A-LR,-2.5,-2.5669,9,LT,Soft wheat,heat_mj,0.0045231436929994
IPSL-CM6A-LR,-1.5,-1.2909,6,LT,Soft wheat,heat_mj,0.00378161413290947
IPSL-CM6A-LR,-0.5,-0.6347,8,LT,Soft wheat,heat_mj,0.00162110587644416
EC-Earth3,-9.5,-9.1554,4,LV,Soft wheat,heat_mj,0.00143285238921993
EC-Earth3,-8.5,-8.4726,15,LV,Soft wheat,heat_mj,0.00338760064553543
EC-Earth3,-7.5,-7.5562,20,LV,Soft wheat,heat_mj,0.00346422203530112
EC-Earth3,-6.5,-6.4767,21,LV,Soft wheat,heat_mj,0.00255436016898808
EC-Earth3,-5.5,-5.3342,8,LV,Soft wheat,heat_mj,0.00175383444511996
EC-Earth3,-4.5,-4.5495,8,LV,Soft wheat,heat_mj,0.00365306760537872
EC-Earth3,-3.5,-3.3459,9,LV,Soft wheat,heat_mj,0.00321730994822226
EC-Earth3,-2.5,-2.4493,5,LV,Soft wheat,heat_mj,0.00333627948568336
EC-Earth3,-1.5,-1.3807,6,LV,Soft wheat,heat_mj,0.000723431644036659
EC-Earth3,-0.5,-0.6596,3,LV,Soft wheat,heat_mj,-0.00368399948127507
HadGEM3-GC3-1LL,-8.5,-8.3848,12,LV,Soft wheat,heat_mj,0.003117832298631
HadGEM3-GC3-1LL,-7.5,-7.5599,19,LV,Soft wheat,heat_mj,0.00306533265354207
HadGEM3-GC3-1LL,-6.5,-6.5442,24,LV,Soft wheat,heat_mj,0.00275343345503005
HadGEM3-GC3-1LL,-5.5,-5.5797,10,LV,Soft wheat,heat_mj,0.00209803253858012
HadGEM3-GC3-1LL,-4.5,-4.5263,6,LV,Soft wheat,heat_mj,0.00295275200202214
HadGEM3-GC3-1LL,-3.5,-3.7835,7,LV,Soft wheat,heat_mj,0.00340161267610601
HadGEM3-GC3-1LL,-2.5,-2.4504,6,LV,Soft wheat,heat_mj,0.00254809062440361
HadGEM3-GC3-1LL,-1.5,-1.3098,8,LV,Soft wheat,heat_mj,0.000780441020227739
HadGEM3-GC3-1LL,-0.5,-0.331,6,LV,Soft wheat,heat_mj,0.000911476602321814
HadGEM3-GC3-1MM,-14.5,-14.3032,4,LV,Soft wheat,heat_mj,0.00453480650270264
HadGEM3-GC3-1MM,-13.5,-13.3931,8,LV,Soft wheat,heat_mj,0.00485724804113169
HadGEM3-GC3-1MM,-12.5,-12.588,13,LV,Soft wheat,heat_mj,0.00510858156583706
HadGEM3-GC3-1MM,-11.5,-11.5321,21,LV,Soft wheat,heat_mj,0.00503656570572247
HadGEM3-GC3-1MM,-10.5,-10.4803,10,LV,Soft wheat,heat_mj,0.00523636412150477
HadGEM3-GC3-1MM,-9.5,-9.6161,7,LV,Soft wheat,heat_mj,0.00323135297496043
HadGEM3-GC3-1MM,-8.5,-8.6582,7,LV,Soft wheat,heat_mj,0.00438042508693728
HadGEM3-GC3-1MM,-7.5,-7.6345,8,LV,Soft wheat,heat_mj,0.00433816787960316
HadGEM3-GC3-1MM,-6.5,-6.4299,4,LV,Soft wheat,heat_mj,0.00378191967160892
HadGEM3-GC3-1MM,-5.5,-5.3528,4,LV,Soft wheat,heat_mj,0.00232566880039073
HadGEM3-GC3-1MM,-4.5,-4.3969,4,LV,Soft wheat,heat_mj,0.0021025739273243
IPSL-CM6A-LR,-9.5,-9.3401,5,LV,Soft wheat,heat_mj,0.00481702738768415
IPSL-CM6A-LR,-8.5,-8.4598,8,LV,Soft wheat,heat_mj,0.00437574446979919
IPSL-CM6A-LR,-7.5,-7.5255,19,LV,Soft wheat,heat_mj,0.00419660624005931
IPSL-CM6A-LR,-6.5,-6.5577,11,LV,Soft wheat,heat_mj,0.00386915818514892
IPSL-CM6A-LR,-5.5,-5.5623,13,LV,Soft wheat,heat_mj,0.00368589369577843
IPSL-CM6A-LR,-4.5,-4.3507,11,LV,Soft wheat,heat_mj,0.00405029309078211
IPSL-CM6A-LR,-3.5,-3.4644,8,LV,Soft wheat,heat_mj,0.00334045029792679
IPSL-CM6A-LR,-2.5,-2.5669,9,LV,Soft wheat,heat_mj,0.00342673635839544
IPSL-CM6A-LR,-1.5,-1.2909,6,LV,Soft wheat,heat_mj,0.0031117717597323
IPSL-CM6A-LR,-0.5,-0.6347,8,LV,Soft wheat,heat_mj,0.00121563193217816
EC-Earth3,-9.5,-9.1554,4,RO,Soft wheat,heat_mj,0.0157343928805435
EC-Earth3,-8.5,-8.4726,15,RO,Soft wheat,heat_mj,0.0320997007894737
EC-Earth3,-7.5,-7.5562,20,RO,Soft wheat,heat_mj,0.0270701453524093
EC-Earth3,-6.5,-6.4767,21,RO,Soft wheat,heat_mj,0.0143998955822165
EC-Earth3,-5.5,-5.3342,8,RO,Soft wheat,heat_mj,0.0106954588881775
EC-Earth3,-4.5,-4.5495,8,RO,Soft wheat,heat_mj,0.0115358563459128
EC-Earth3,-3.5,-3.3459,9,RO,Soft wheat,heat_mj,0.0263048392080006
EC-Earth3,-2.5,-2.4493,5,RO,Soft wheat,heat_mj,-0.0065813048751326
EC-Earth3,-1.5,-1.3807,6,RO,Soft wheat,heat_mj,0.0145752825851308
EC-Earth3,-0.5,-0.6596,3,RO,Soft wheat,heat_mj,-0.0106778942188058
HadGEM3-GC3-1LL,-8.5,-8.3848,12,RO,Soft wheat,heat_mj,0.0167366031611071
HadGEM3-GC3-1LL,-7.5,-7.5599,19,RO,Soft wheat,heat_mj,0.00284013487672551
HadGEM3-GC3-1LL,-6.5,-6.5442,24,RO,Soft wheat,heat_mj,0.0203439328554576
HadGEM3-GC3-1LL,-5.5,-5.5797,10,RO,Soft wheat,heat_mj,0.00594700621579986
HadGEM3-GC3-1LL,-4.5,-4.5263,6,RO,Soft wheat,heat_mj,0.0195209122525947
HadGEM3-GC3-1LL,-3.5,-3.7835,7,RO,Soft wheat,heat_mj,0.0129352445548725
HadGEM3-GC3-1LL,-2.5,-2.4504,6,RO,Soft wheat,heat_mj,0.0070973288779692
HadGEM3-GC3-1LL,-1.5,-1.3098,8,RO,Soft wheat,heat_mj,0.0122612690803583
HadGEM3-GC3-1LL,-0.5,-0.331,6,RO,Soft wheat,heat_mj,0.013766637749407
HadGEM3-GC3-1MM,-14.5,-14.3032,4,RO,Soft wheat,heat_mj,0.00779753123040177
HadGEM3-GC3-1MM,-13.5,-13.3931,8,RO,Soft wheat,heat_mj,0.0107639637807995
HadGEM3-GC3-1MM,-12.5,-12.588,13,RO,Soft wheat,heat_mj,0.0191834748389983
HadGEM3-GC3-1MM,-11.5,-11.5321,21,RO,Soft wheat,heat_mj,0.0157892291367813
HadGEM3-GC3-1MM,-10.5,-10.4803,10,RO,Soft wheat,heat_mj,0.0255851881675201
HadGEM3-GC3-1MM,-9.5,-9.6161,7,RO,Soft wheat,heat_mj,-0.000545053114267136
HadGEM3-GC3-1MM,-8.5,-8.6582,7,RO,Soft wheat,heat_mj,0.0078855496053902
HadGEM3-GC3-1MM,-7.5,-7.6345,8,RO,Soft wheat,heat_mj,0.0237782106298719
HadGEM3-GC3-1MM,-6.5,-6.4299,4,RO,Soft wheat,heat_mj,0.0168639731211485
HadGEM3-GC3-1MM,-5.5,-5.3528,4,RO,Soft wheat,heat_mj,-0.00355897338065419
HadGEM3-GC3-1MM,-4.5,-4.3969,4,RO,Soft wheat,heat_mj,-0.011769762692845
IPSL-CM6A-LR,-9.5,-9.3401,5,RO,Soft wheat,heat_mj,0.0349529792633552
IPSL-CM6A-LR,-8.5,-8.4598,8,RO,Soft wheat,heat_mj,0.0252073256877711
IPSL-CM6A-LR,-7.5,-7.5255,19,RO,Soft wheat,heat_mj,0.0249675928673903
IPSL-CM6A-LR,-6.5,-6.5577,11,RO,Soft wheat,heat_mj,0.0216676555955042
IPSL-CM6A-LR,-5.5,-5.5623,13,RO,Soft wheat,heat_mj,0.0214312716776668
IPSL-CM6A-LR,-4.5,-4.3507,11,RO,Soft wheat,heat_mj,0.015149669144946
IPSL-CM6A-LR,-3.5,-3.4644,8,RO,Soft wheat,heat_mj,0.0125568234832175
IPSL-CM6A-LR,-2.5,-2.5669,9,RO,Soft wheat,heat_mj,0.0180422028198987
IPSL-CM6A-LR,-1.5,-1.2909,6,RO,Soft wheat,heat_mj,0.0103683211578509
IPSL-CM6A-LR,-0.5,-0.6347,8,RO,Soft wheat,heat_mj,-0.00585044235632526
EC-Earth3,-9.5,-9.1554,4,SE,Soft wheat,heat_mj,0.00260310717667148
EC-Earth3,-8.5,-8.4726,15,SE,Soft wheat,heat_mj,0.00247016806306703
EC-Earth3,-7.5,-7.5562,20,SE,Soft wheat,heat_mj,0.00234742431103507
EC-Earth3,-6.5,-6.4767,21,SE,Soft wheat,heat_mj,0.00196077283967759
EC-Earth3,-5.5,-5.3342,8,SE,Soft wheat,heat_mj,0.00157775998252555
EC-Earth3,-4.5,-4.5495,8,SE,Soft wheat,heat_mj,0.00246622715361639
EC-Earth3,-3.5,-3.3459,9,SE,Soft wheat,heat_mj,0.00179405336131457
EC-Earth3,-2.5,-2.4493,5,SE,Soft wheat,heat_mj,0.00243614108732822
EC-Earth3,-1.5,-1.3807,6,SE,Soft wheat,heat_mj,0.0016172905556857
EC-Earth3,-0.5,-0.6596,3,SE,Soft wheat,heat_mj,0.000629827649101645
HadGEM3-GC3-1LL,-8.5,-8.3848,12,SE,Soft wheat,heat_mj,0.00184063300710988
HadGEM3-GC3-1LL,-7.5,-7.5599,19,SE,Soft wheat,heat_mj,0.00194850365860534
HadGEM3-GC3-1LL,-6.5,-6.5442,24,SE,Soft wheat,heat_mj,0.00177333911624819
HadGEM3-GC3-1LL,-5.5,-5.5797,10,SE,Soft wheat,heat_mj,0.00128483137371714
HadGEM3-GC3-1LL,-4.5,-4.5263,6,SE,Soft wheat,heat_mj,0.00176127296143956
HadGEM3-GC3-1LL,-3.5,-3.7835,7,SE,Soft wheat,heat_mj,0.00209653346093258
HadGEM3-GC3-1LL,-2.5,-2.4504,6,SE,Soft wheat,heat_mj,0.00157091095647393
HadGEM3-GC3-1LL,-1.5,-1.3098,8,SE,Soft wheat,heat_mj,0.000188243371581558
HadGEM3-GC3-1LL,-0.5,-0.331,6,SE,Soft wheat,heat_mj,0.0002073550915856
HadGEM3-GC3-1MM,-14.5,-14.3032,4,SE,Soft wheat,heat_mj,0.00271134692458576
HadGEM3-GC3-1MM,-13.5,-13.3931,8,SE,Soft wheat,heat_mj,0.0027240410419032
HadGEM3-GC3-1MM,-12.5,-12.588,13,SE,Soft wheat,heat_mj,0.00273578074553359
HadGEM3-GC3-1MM,-11.5,-11.5321,21,SE,Soft wheat,heat_mj,0.00273908676444921
HadGEM3-GC3-1MM,-10.5,-10.4803,10,SE,Soft wheat,heat_mj,0.00273778426940419
HadGEM3-GC3-1MM,-9.5,-9.6161,7,SE,Soft wheat,heat_mj,0.0022058584045376
HadGEM3-GC3-1MM,-8.5,-8.6582,7,SE,Soft wheat,heat_mj,0.00250647276846365
HadGEM3-GC3-1MM,-7.5,-7.6345,8,SE,Soft wheat,heat_mj,0.0024993313555367
HadGEM3-GC3-1MM,-6.5,-6.4299,4,SE,Soft wheat,heat_mj,0.00168183733845735
HadGEM3-GC3-1MM,-5.5,-5.3528,4,SE,Soft wheat,heat_mj,0.00240013426145789
HadGEM3-GC3-1MM,-4.5,-4.3969,4,SE,Soft wheat,heat_mj,0.00162424686024568
IPSL-CM6A-LR,-9.5,-9.3401,5,SE,Soft wheat,heat_mj,0.00246315231985973
IPSL-CM6A-LR,-8.5,-8.4598,8,SE,Soft wheat,heat_mj,0.00260289726130701
IPSL-CM6A-LR,-7.5,-7.5255,19,SE,Soft wheat,heat_mj,0.00236262086272056
IPSL-CM6A-LR,-6.5,-6.5577,11,SE,Soft wheat,heat_mj,0.00221738241381872
IPSL-CM6A-LR,-5.5,-5.5623,13,SE,Soft wheat,heat_mj,0.00202972655749276
IPSL-CM6A-LR,-4.5,-4.3507,11,SE,Soft wheat,heat_mj,0.00227252025556895
IPSL-CM6A-LR,-3.5,-3.4644,8,SE,Soft wheat,heat_mj,0.00213364662397842
IPSL-CM6A-LR,-2.5,-2.5669,9,SE,Soft wheat,heat_mj,0.00148763847463102
IPSL-CM6A-LR,-1.5,-1.2909,6,SE,Soft wheat,heat_mj,0.00200368456368417
IPSL-CM6A-LR,-0.5,-0.6347,8,SE,Soft wheat,heat_mj,0.00101356295442311
EC-Earth3,-9.5,-9.1554,4,SK,Soft wheat,heat_mj,0.014605543880442
EC-Earth3,-8.5,-8.4726,15,SK,Soft wheat,heat_mj,0.0184109157042484
EC-Earth3,-7.5,-7.5562,20,SK,Soft wheat,heat_mj,0.0162261561761127
EC-Earth3,-6.5,-6.4767,21,SK,Soft wheat,heat_mj,0.00582448194878577
EC-Earth3,-5.5,-5.3342,8,SK,Soft wheat,heat_mj,-0.00160385824135857
EC-Earth3,-4.5,-4.5495,8,SK,Soft wheat,heat_mj,0.00951450230495701
EC-Earth3,-3.5,-3.3459,9,SK,Soft wheat,heat_mj,0.0123483316091779
EC-Earth3,-2.5,-2.4493,5,SK,Soft wheat,heat_mj,0.00457434577771608
EC-Earth3,-1.5,-1.3807,6,SK,Soft wheat,heat_mj,0.00759930845249984
EC-Earth3,-0.5,-0.6596,3,SK,Soft wheat,heat_mj,-0.023352874810125
HadGEM3-GC3-1LL,-8.5,-8.3848,12,SK,Soft wheat,heat_mj,0.00448658966671721
HadGEM3-GC3-1LL,-7.5,-7.5599,19,SK,Soft wheat,heat_mj,-0.000737688349378513
HadGEM3-GC3-1LL,-6.5,-6.5442,24,SK,Soft wheat,heat_mj,0.0105785433172949
HadGEM3-GC3-1LL,-5.5,-5.5797,10,SK,Soft wheat,heat_mj,0.0042593405174334
HadGEM3-GC3-1LL,-4.5,-4.5263,6,SK,Soft wheat,heat_mj,0.0125403333065737
HadGEM3-GC3-1LL,-3.5,-3.7835,7,SK,Soft wheat,heat_mj,0.00889989192606478
HadGEM3-GC3-1LL,-2.5,-2.4504,6,SK,Soft wheat,heat_mj,0.00726774521529862
HadGEM3-GC3-1LL,-1.5,-1.3098,8,SK,Soft wheat,heat_mj,0.00259379521885984
HadGEM3-GC3-1LL,-0.5,-0.331,6,SK,Soft wheat,heat_mj,0.00901669821464701
HadGEM3-GC3-1MM,-14.5,-14.3032,4,SK,Soft wheat,heat_mj,0.00997785435981701
HadGEM3-GC3-1MM,-13.5,-13.3931,8,SK,Soft wheat,heat_mj,0.00965250712373491
HadGEM3-GC3-1MM,-12.5,-12.588,13,SK,Soft wheat,heat_mj,0.009723049463696
HadGEM3-GC3-1MM,-11.5,-11.5321,21,SK,Soft wheat,heat_mj,0.0144918029787981
HadGEM3-GC3-1MM,-10.5,-10.4803,10,SK,Soft wheat,heat_mj,0.0195032899325551
HadGEM3-GC3-1MM,-9.5,-9.6161,7,SK,Soft wheat,heat_mj,-0.00972344076287127
HadGEM3-GC3-1MM,-8.5,-8.6582,7,SK,Soft wheat,heat_mj,0.00790890633615601
HadGEM3-GC3-1MM,-7.5,-7.6345,8,SK,Soft wheat,heat_mj,0.0145940868693613
HadGEM3-GC3-1MM,-6.5,-6.4299,4,SK,Soft wheat,heat_mj,0.00501497762218397
HadGEM3-GC3-1MM,-5.5,-5.3528,4,SK,Soft wheat,heat_mj,0.00219309623627219
HadGEM3-GC3-1MM,-4.5,-4.3969,4,SK,Soft wheat,heat_mj,-0.00404784414860831
IPSL-CM6A-LR,-9.5,-9.3401,5,SK,Soft wheat,heat_mj,0.0154452319253157
IPSL-CM6A-LR,-8.5,-8.4598,8,SK,Soft wheat,heat_mj,0.0179165024977015
IPSL-CM6A-LR,-7.5,-7.5255,19,SK,Soft wheat,heat_mj,0.0134008342489315
IPSL-CM6A-LR,-6.5,-6.5577,11,SK,Soft wheat,heat_mj,0.0101319513273736
IPSL-CM6A-LR,-5.5,-5.5623,13,SK,Soft wheat,heat_mj,0.0147725542994432
IPSL-CM6A-LR,-4.5,-4.3507,11,SK,Soft wheat,heat_mj,0.00807431046933547
IPSL-CM6A-LR,-3.5,-3.4644,8,SK,Soft wheat,heat_mj,0.0113037806450119
IPSL-CM6A-LR,-2.5,-2.5669,9,SK,Soft wheat,heat_mj,0.0107917751651803
IPSL-CM6A-LR,-1.5,-1.2909,6,SK,Soft wheat,heat_mj,0.00461304483083662
IPSL-CM6A-LR,-0.5,-0.6347,8,SK,Soft wheat,heat_mj,0.00196121490946989
EC-Earth3,-9.5,-9.1554,4,EL,Durum wheat,heat_mj,-0.0100329722766963
EC-Earth3,-8.5,-8.4726,15,EL,Durum wheat,heat_mj,-0.0154727760622658
EC-Earth3,-7.5,-7.5562,20,EL,Durum wheat,heat_mj,-0.0123068747601138
EC-Earth3,-6.5,-6.4767,21,EL,Durum wheat,heat_mj,-0.011029990169101
EC-Earth3,-5.5,-5.3342,8,EL,Durum wheat,heat_mj,-0.00987016749344474
EC-Earth3,-4.5,-4.5495,8,EL,Durum wheat,heat_mj,-0.00506993808561217
EC-Earth3,-3.5,-3.3459,9,EL,Durum wheat,heat_mj,-0.0114982660615549
EC-Earth3,-2.5,-2.4493,5,EL,Durum wheat,heat_mj,-0.00171945934780256
EC-Earth3,-1.5,-1.3807,6,EL,Durum wheat,heat_mj,-0.00556412229848545
EC-Earth3,-0.5,-0.6596,3,EL,Durum wheat,heat_mj,-0.00304059793394586
HadGEM3-GC3-1LL,-8.5,-8.3848,12,EL,Durum wheat,heat_mj,-0.00992119014593403
HadGEM3-GC3-1LL,-7.5,-7.5599,19,EL,Durum wheat,heat_mj,-0.00539815754101741
HadGEM3-GC3-1LL,-6.5,-6.5442,24,EL,Durum wheat,heat_mj,-0.0115451853485393
HadGEM3-GC3-1LL,-5.5,-5.5797,10,EL,Durum wheat,heat_mj,-0.00632697759176721
HadGEM3-GC3-1LL,-4.5,-4.5263,6,EL,Durum wheat,heat_mj,-0.00755276319034827
HadGEM3-GC3-1LL,-3.5,-3.7835,7,EL,Durum wheat,heat_mj,-0.00490831554284947
HadGEM3-GC3-1LL,-2.5,-2.4504,6,EL,Durum wheat,heat_mj,-0.0024594962030973
HadGEM3-GC3-1LL,-1.5,-1.3098,8,EL,Durum wheat,heat_mj,-0.00444653469267115
HadGEM3-GC3-1LL,-0.5,-0.331,6,EL,Durum wheat,heat_mj,-0.00180102885484541
HadGEM3-GC3-1MM,-14.5,-14.3032,4,EL,Durum wheat,heat_mj,-0.0101204329426624
HadGEM3-GC3-1MM,-13.5,-13.3931,8,EL,Durum wheat,heat_mj,-0.00897990935882535
HadGEM3-GC3-1MM,-12.5,-12.588,13,EL,Durum wheat,heat_mj,-0.0108327353430621
HadGEM3-GC3-1MM,-11.5,-11.5321,21,EL,Durum wheat,heat_mj,-0.0102821686385643
HadGEM3-GC3-1MM,-10.5,-10.4803,10,EL,Durum wheat,heat_mj,-0.0065764354981344
HadGEM3-GC3-1MM,-9.5,-9.6161,7,EL,Durum wheat,heat_mj,-0.00388415327413387
HadGEM3-GC3-1MM,-8.5,-8.6582,7,EL,Durum wheat,heat_mj,-0.00636182265278207
HadGEM3-GC3-1MM,-7.5,-7.6345,8,EL,Durum wheat,heat_mj,-0.00565740972523083
HadGEM3-GC3-1MM,-6.5,-6.4299,4,EL,Durum wheat,heat_mj,-0.00456807813399298
HadGEM3-GC3-1MM,-5.5,-5.3528,4,EL,Durum wheat,heat_mj,0.0025777918708936
HadGEM3-GC3-1MM,-4.5,-4.3969,4,EL,Durum wheat,heat_mj,-0.000256540248962413
IPSL-CM6A-LR,-9.5,-9.3401,5,EL,Durum wheat,heat_mj,-0.0158077271095161
IPSL-CM6A-LR,-8.5,-8.4598,8,EL,Durum wheat,heat_mj,-0.0120982935609163
IPSL-CM6A-LR,-7.5,-7.5255,19,EL,Durum wheat,heat_mj,-0.0112360093847818
IPSL-CM6A-LR,-6.5,-6.5577,11,EL,Durum wheat,heat_mj,-0.0116315057613991
IPSL-CM6A-LR,-5.5,-5.5623,13,EL,Durum wheat,heat_mj,-0.00824321519615633
IPSL-CM6A-LR,-4.5,-4.3507,11,EL,Durum wheat,heat_mj,-0.00638485297565043
IPSL-CM6A-LR,-3.5,-3.4644,8,EL,Durum wheat,heat_mj,-0.0030112397960307
IPSL-CM6A-LR,-2.5,-2.5669,9,EL,Durum wheat,heat_mj,-0.00776296747292275
IPSL-CM6A-LR,-1.5,-1.2909,6,EL,Durum wheat,heat_mj,-0.00547607676358148
IPSL-CM6A-LR,-0.5,-0.6347,8,EL,Durum wheat,heat_mj,0.00400109615016125
EC-Earth3,-9.5,-9.1554,4,ES,Durum wheat,heat_mj,-0.0217808124842147
EC-Earth3,-8.5,-8.4726,15,ES,Durum wheat,heat_mj,-0.0145190678689637
EC-Earth3,-7.5,-7.5562,20,ES,Durum wheat,heat_mj,-0.0156692761296133
EC-Earth3,-6.5,-6.4767,21,ES,Durum wheat,heat_mj,-0.0090019398943829
EC-Earth3,-5.5,-5.3342,8,ES,Durum wheat,heat_mj,-0.0129288198635711
EC-Earth3,-4.5,-4.5495,8,ES,Durum wheat,heat_mj,-0.00773124440120772
EC-Earth3,-3.5,-3.3459,9,ES,Durum wheat,heat_mj,-0.0182272241932152
EC-Earth3,-2.5,-2.4493,5,ES,Durum wheat,heat_mj,-0.00423088676598318
EC-Earth3,-1.5,-1.3807,6,ES,Durum wheat,heat_mj,-0.00962581105825849
EC-Earth3,-0.5,-0.6596,3,ES,Durum wheat,heat_mj,0.00605568098133694
HadGEM3-GC3-1LL,-8.5,-8.3848,12,ES,Durum wheat,heat_mj,-0.0133571914156282
HadGEM3-GC3-1LL,-7.5,-7.5599,19,ES,Durum wheat,heat_mj,-0.0144902122567743
HadGEM3-GC3-1LL,-6.5,-6.5442,24,ES,Durum wheat,heat_mj,-0.0158650231430023
HadGEM3-GC3-1LL,-5.5,-5.5797,10,ES,Durum wheat,heat_mj,-0.0118057249081389
HadGEM3-GC3-1LL,-4.5,-4.5263,6,ES,Durum wheat,heat_mj,-0.00793354189724714
HadGEM3-GC3-1LL,-3.5,-3.7835,7,ES,Durum wheat,heat_mj,-0.0101922321521527
HadGEM3-GC3-1LL,-2.5,-2.4504,6,ES,Durum wheat,heat_mj,-0.00403597572977244
HadGEM3-GC3-1LL,-1.5,-1.3098,8,ES,Durum wheat,heat_mj,0.000178334778765684
HadGEM3-GC3-1LL,-0.5,-0.331,6,ES,Durum wheat,heat_mj,0.00284835537896572
HadGEM3-GC3-1MM,-14.5,-14.3032,4,ES,Durum wheat,heat_mj,-0.0297860853540552
HadGEM3-GC3-1MM,-13.5,-13.3931,8,ES,Durum wheat,heat_mj,-0.0398041175789528
HadGEM3-GC3-1MM,-12.5,-12.588,13,ES,Durum wheat,heat_mj,-0.0347191271651771
HadGEM3-GC3-1MM,-11.5,-11.5321,21,ES,Durum wheat,heat_mj,-0.0231656104723179
HadGEM3-GC3-1MM,-10.5,-10.4803,10,ES,Durum wheat,heat_mj,-0.0187593949335268
HadGEM3-GC3-1MM,-9.5,-9.6161,7,ES,Durum wheat,heat_mj,-0.0191967376941581
HadGEM3-GC3-1MM,-8.5,-8.6582,7,ES,Durum wheat,heat_mj,-0.0118688784262706
HadGEM3-GC3-1MM,-7.5,-7.6345,8,ES,Durum wheat,heat_mj,-0.00519734745683083
HadGEM3-GC3-1MM,-6.5,-6.4299,4,ES,Durum wheat,heat_mj,-0.014562665092866
HadGEM3-GC3-1MM,-5.5,-5.3528,4,ES,Durum wheat,heat_mj,-0.00102903722607826
HadGEM3-GC3-1MM,-4.5,-4.3969,4,ES,Durum wheat,heat_mj,-0.009460699330642
IPSL-CM6A-LR,-9.5,-9.3401,5,ES,Durum wheat,heat_mj,-0.0226821385230454
IPSL-CM6A-LR,-8.5,-8.4598,8,ES,Durum wheat,heat_mj,-0.0243554317622001
IPSL-CM6A-LR,-7.5,-7.5255,19,ES,Durum wheat,heat_mj,-0.0164274297861239
IPSL-CM6A-LR,-6.5,-6.5577,11,ES,Durum wheat,heat_mj,-0.0179318478169139
IPSL-CM6A-LR,-5.5,-5.5623,13,ES,Durum wheat,heat_mj,-0.0157046350205175
IPSL-CM6A-LR,-4.5,-4.3507,11,ES,Durum wheat,heat_mj,0.00139756943920663
IPSL-CM6A-LR,-3.5,-3.4644,8,ES,Durum wheat,heat_mj,0.00308935242152739
IPSL-CM6A-LR,-2.5,-2.5669,9,ES,Durum wheat,heat_mj,-0.010574926425361
IPSL-CM6A-LR,-1.5,-1.2909,6,ES,Durum wheat,heat_mj,-0.00515090325076387
IPSL-CM6A-LR,-0.5,-0.6347,8,ES,Durum wheat,heat_mj,0.00101791156185654
EC-Earth3,-9.5,-9.1554,4,FR,Durum wheat,heat_mj,-0.00865756827460266
EC-Earth3,-8.5,-8.4726,15,FR,Durum wheat,heat_mj,-0.00666768590828117
EC-Earth3,-7.5,-7.5562,20,FR,Durum wheat,heat_mj,-0.00763873338416513
EC-Earth3,-6.5,-6.4767,21,FR,Durum wheat,heat_mj,-0.00253536645089206
EC-Earth3,-5.5,-5.3342,8,FR,Durum wheat,heat_mj,-0.00511013925646468
EC-Earth3,-4.5,-4.5495,8,FR,Durum wheat,heat_mj,-0.00349808456949358
EC-Earth3,-3.5,-3.3459,9,FR,Durum wheat,heat_mj,-0.00243821132409887
EC-Earth3,-2.5,-2.4493,5,FR,Durum wheat,heat_mj,-0.00307367745124072
EC-Earth3,-1.5,-1.3807,6,FR,Durum wheat,heat_mj,-0.00326087382404739
EC-Earth3,-0.5,-0.6596,3,FR,Durum wheat,heat_mj,0.00463065389610478
HadGEM3-GC3-1LL,-8.5,-8.3848,12,FR,Durum wheat,heat_mj,-3.78505893078926e-05
HadGEM3-GC3-1LL,-7.5,-7.5599,19,FR,Durum wheat,heat_mj,-0.00407526990297707
HadGEM3-GC3-1LL,-6.5,-6.5442,24,FR,Durum wheat,heat_mj,-0.00535898383998076
HadGEM3-GC3-1LL,-5.5,-5.5797,10,FR,Durum wheat,heat_mj,-0.00271736998126549
HadGEM3-GC3-1LL,-4.5,-4.5263,6,FR,Durum wheat,heat_mj,-0.00204608206656684
HadGEM3-GC3-1LL,-3.5,-3.7835,7,FR,Durum wheat,heat_mj,-0.0049091357992608
HadGEM3-GC3-1LL,-2.5,-2.4504,6,FR,Durum wheat,heat_mj,-0.00257435206604237
HadGEM3-GC3-1LL,-1.5,-1.3098,8,FR,Durum wheat,heat_mj,-0.00133915509339378
HadGEM3-GC3-1LL,-0.5,-0.331,6,FR,Durum wheat,heat_mj,0.00169717255634215
HadGEM3-GC3-1MM,-14.5,-14.3032,4,FR,Durum wheat,heat_mj,-0.0109576791655016
HadGEM3-GC3-1MM,-13.5,-13.3931,8,FR,Durum wheat,heat_mj,-0.0118415645238939
HadGEM3-GC3-1MM,-12.5,-12.588,13,FR,Durum wheat,heat_mj,-0.00964793887725098
HadGEM3-GC3-1MM,-11.5,-11.5321,21,FR,Durum wheat,heat_mj,-0.00946726550805794
HadGEM3-GC3-1MM,-10.5,-10.4803,10,FR,Durum wheat,heat_mj,-0.00897465063286619
HadGEM3-GC3-1MM,-9.5,-9.6161,7,FR,Durum wheat,heat_mj,-0.00716029097667826
HadGEM3-GC3-1MM,-8.5,-8.6582,7,FR,Durum wheat,heat_mj,-0.00598014082526778
HadGEM3-GC3-1MM,-7.5,-7.6345,8,FR,Durum wheat,heat_mj,-0.00781630701663061
HadGEM3-GC3-1MM,-6.5,-6.4299,4,FR,Durum wheat,heat_mj,-0.00306006107739566
HadGEM3-GC3-1MM,-5.5,-5.3528,4,FR,Durum wheat,heat_mj,-0.00561256968502022
HadGEM3-GC3-1MM,-4.5,-4.3969,4,FR,Durum wheat,heat_mj,-0.00334593592738822
IPSL-CM6A-LR,-9.5,-9.3401,5,FR,Durum wheat,heat_mj,-0.00682280934875897
IPSL-CM6A-LR,-8.5,-8.4598,8,FR,Durum wheat,heat_mj,-0.00881832414906079
IPSL-CM6A-LR,-7.5,-7.5255,19,FR,Durum wheat,heat_mj,-0.00586289292907889
IPSL-CM6A-LR,-6.5,-6.5577,11,FR,Durum wheat,heat_mj,-0.00550353158853982
IPSL-CM6A-LR,-5.5,-5.5623,13,FR,Durum wheat,heat_mj,-0.00621076910504756
IPSL-CM6A-LR,-4.5,-4.3507,11,FR,Durum wheat,heat_mj,-0.000986767448011555
IPSL-CM6A-LR,-3.5,-3.4644,8,FR,Durum wheat,heat_mj,-0.00351337427419627
IPSL-CM6A-LR,-2.5,-2.5669,9,FR,Durum wheat,heat_mj,-0.00188211736237181
IPSL-CM6A-LR,-1.5,-1.2909,6,FR,Durum wheat,heat_mj,-0.00408967127995073
IPSL-CM6A-LR,-0.5,-0.6347,8,FR,Durum wheat,heat_mj,0.00109399627528847
EC-Earth3,-9.5,-9.1554,4,HU,Durum wheat,heat_mj,-0.00845326871555417
EC-Earth3,-8.5,-8.4726,15,HU,Durum wheat,heat_mj,-0.0122189749449147
EC-Earth3,-7.5,-7.5562,20,HU,Durum wheat,heat_mj,-0.00995811004605368
EC-Earth3,-6.5,-6.4767,21,HU,Durum wheat,heat_mj,-0.0039447249328659
EC-Earth3,-5.5,-5.3342,8,HU,Durum wheat,heat_mj,0.000618694783898162
EC-Earth3,-4.5,-4.5495,8,HU,Durum wheat,heat_mj,-0.00500262996337014
EC-Earth3,-3.5,-3.3459,9,HU,Durum wheat,heat_mj,-0.00967554599630562
EC-Earth3,-2.5,-2.4493,5,HU,Durum wheat,heat_mj,0.000225200501250321
EC-Earth3,-1.5,-1.3807,6,HU,Durum wheat,heat_mj,-0.00654809408370435
EC-Earth3,-0.5,-0.6596,3,HU,Durum wheat,heat_mj,0.0103594477817397
HadGEM3-GC3-1LL,-8.5,-8.3848,12,HU,Durum wheat,heat_mj,-0.00316298129906674
HadGEM3-GC3-1LL,-7.5,-7.5599,19,HU,Durum wheat,heat_mj,0.00103263497104185
HadGEM3-GC3-1LL,-6.5,-6.5442,24,HU,Durum wheat,heat_mj,-0.00698914202576982
HadGEM3-GC3-1LL,-5.5,-5.5797,10,HU,Durum wheat,heat_mj,-0.00288635556636921
HadGEM3-GC3-1LL,-4.5,-4.5263,6,HU,Durum wheat,heat_mj,-0.00821407195048192
HadGEM3-GC3-1LL,-3.5,-3.7835,7,HU,Durum wheat,heat_mj,-0.00531251701802211
HadGEM3-GC3-1LL,-2.5,-2.4504,6,HU,Durum wheat,heat_mj,-0.0043700888765469
HadGEM3-GC3-1LL,-1.5,-1.3098,8,HU,Durum wheat,heat_mj,-0.00190993989804947
HadGEM3-GC3-1LL,-0.5,-0.331,6,HU,Durum wheat,heat_mj,-0.0046076342315174
HadGEM3-GC3-1MM,-14.5,-14.3032,4,HU,Durum wheat,heat_mj,-0.00503696534143375
HadGEM3-GC3-1MM,-13.5,-13.3931,8,HU,Durum wheat,heat_mj,-0.00652924199198596
HadGEM3-GC3-1MM,-12.5,-12.588,13,HU,Durum wheat,heat_mj,-0.00626056216201264
HadGEM3-GC3-1MM,-11.5,-11.5321,21,HU,Durum wheat,heat_mj,-0.008295729932675
HadGEM3-GC3-1MM,-10.5,-10.4803,10,HU,Durum wheat,heat_mj,-0.0115875535255513
HadGEM3-GC3-1MM,-9.5,-9.6161,7,HU,Durum wheat,heat_mj,0.00179010227868606
HadGEM3-GC3-1MM,-8.5,-8.6582,7,HU,Durum wheat,heat_mj,-0.00371326483067697
HadGEM3-GC3-1MM,-7.5,-7.6345,8,HU,Durum wheat,heat_mj,-0.00862959981251561
HadGEM3-GC3-1MM,-6.5,-6.4299,4,HU,Durum wheat,heat_mj,-0.00413115954936548
HadGEM3-GC3-1MM,-5.5,-5.3528,4,HU,Durum wheat,heat_mj,-0.00124069722098228
HadGEM3-GC3-1MM,-4.5,-4.3969,4,HU,Durum wheat,heat_mj,0.00193486752232254
IPSL-CM6A-LR,-9.5,-9.3401,5,HU,Durum wheat,heat_mj,-0.0100276085367648
IPSL-CM6A-LR,-8.5,-8.4598,8,HU,Durum wheat,heat_mj,-0.0106259227737224
IPSL-CM6A-LR,-7.5,-7.5255,19,HU,Durum wheat,heat_mj,-0.00820605681151853
IPSL-CM6A-LR,-6.5,-6.5577,11,HU,Durum wheat,heat_mj,-0.00683906158155359
IPSL-CM6A-LR,-5.5,-5.5623,13,HU,Durum wheat,heat_mj,-0.00882219589414881
IPSL-CM6A-LR,-4.5,-4.3507,11,HU,Durum wheat,heat_mj,-0.00395446114136024
IPSL-CM6A-LR,-3.5,-3.4644,8,HU,Durum wheat,heat_mj,-0.00628886216553998
IPSL-CM6A-LR,-2.5,-2.5669,9,HU,Durum wheat,heat_mj,-0.00614920292337657
IPSL-CM6A-LR,-1.5,-1.2909,6,HU,Durum wheat,heat_mj,-0.00235756370099777
IPSL-CM6A-LR,-0.5,-0.6347,8,HU,Durum wheat,heat_mj,0.000638529916386494
EC-Earth3,-9.5,-9.1554,4,IT,Durum wheat,heat_mj,-0.00986910179802611
EC-Earth3,-8.5,-8.4726,15,IT,Durum wheat,heat_mj,-0.0114182765229102
EC-Earth3,-7.5,-7.5562,20,IT,Durum wheat,heat_mj,-0.00957150548456106
EC-Earth3,-6.5,-6.4767,21,IT,Durum wheat,heat_mj,-0.00505520719978251
EC-Earth3,-5.5,-5.3342,8,IT,Durum wheat,heat_mj,-0.00258505169680508
EC-Earth3,-4.5,-4.5495,8,IT,Durum wheat,heat_mj,-0.00163979947423885
EC-Earth3,-3.5,-3.3459,9,IT,Durum wheat,heat_mj,-0.00964374658552156
EC-Earth3,-2.5,-2.4493,5,IT,Durum wheat,heat_mj,-0.00105384332335957
EC-Earth3,-1.5,-1.3807,6,IT,Durum wheat,heat_mj,-0.00328986199707602
EC-Earth3,-0.5,-0.6596,3,IT,Durum wheat,heat_mj,0.00619177180469802
HadGEM3-GC3-1LL,-8.5,-8.3848,12,IT,Durum wheat,heat_mj,-0.0038846209176972
HadGEM3-GC3-1LL,-7.5,-7.5599,19,IT,Durum wheat,heat_mj,-0.00272688615582551
HadGEM3-GC3-1LL,-6.5,-6.5442,24,IT,Durum wheat,heat_mj,-0.00961381410977345
HadGEM3-GC3-1LL,-5.5,-5.5797,10,IT,Durum wheat,heat_mj,-0.00589424878480254
HadGEM3-GC3-1LL,-4.5,-4.5263,6,IT,Durum wheat,heat_mj,-0.00701920087855475
HadGEM3-GC3-1LL,-3.5,-3.7835,7,IT,Durum wheat,heat_mj,-0.00232122828046923
HadGEM3-GC3-1LL,-2.5,-2.4504,6,IT,Durum wheat,heat_mj,-0.00277192126797457
HadGEM3-GC3-1LL,-1.5,-1.3098,8,IT,Durum wheat,heat_mj,-0.001842464290182
HadGEM3-GC3-1LL,-0.5,-0.331,6,IT,Durum wheat,heat_mj,-0.00167356064745402
HadGEM3-GC3-1MM,-14.5,-14.3032,4,IT,Durum wheat,heat_mj,-0.0103780920077923
HadGEM3-GC3-1MM,-13.5,-13.3931,8,IT,Durum wheat,heat_mj,-0.0104663363407041
HadGEM3-GC3-1MM,-12.5,-12.588,13,IT,Durum wheat,heat_mj,-0.00694333792249335
HadGEM3-GC3-1MM,-11.5,-11.5321,21,IT,Durum wheat,heat_mj,-0.00886395062464799
HadGEM3-GC3-1MM,-10.5,-10.4803,10,IT,Durum wheat,heat_mj,-0.00889834974271696
HadGEM3-GC3-1MM,-9.5,-9.6161,7,IT,Durum wheat,heat_mj,-0.00384740842920658
HadGEM3-GC3-1MM,-8.5,-8.6582,7,IT,Durum wheat,heat_mj,-0.00394490679957749
HadGEM3-GC3-1MM,-7.5,-7.6345,8,IT,Durum wheat,heat_mj,-0.00448408830396561
HadGEM3-GC3-1MM,-6.5,-6.4299,4,IT,Durum wheat,heat_mj,-0.00406850395292396
HadGEM3-GC3-1MM,-5.5,-5.3528,4,IT,Durum wheat,heat_mj,-0.00221540111246762
HadGEM3-GC3-1MM,-4.5,-4.3969,4,IT,Durum wheat,heat_mj,-0.000680528175063962
IPSL-CM6A-LR,-9.5,-9.3401,5,IT,Durum wheat,heat_mj,-0.0110289768787665
IPSL-CM6A-LR,-8.5,-8.4598,8,IT,Durum wheat,heat_mj,-0.0114467807616434
IPSL-CM6A-LR,-7.5,-7.5255,19,IT,Durum wheat,heat_mj,-0.00796921626886269
IPSL-CM6A-LR,-6.5,-6.5577,11,IT,Durum wheat,heat_mj,-0.00867838643548112
IPSL-CM6A-LR,-5.5,-5.5623,13,IT,Durum wheat,heat_mj,-0.00845008818094003
IPSL-CM6A-LR,-4.5,-4.3507,11,IT,Durum wheat,heat_mj,-0.00140028956966111
IPSL-CM6A-LR,-3.5,-3.4644,8,IT,Durum wheat,heat_mj,-0.00377342521285362
IPSL-CM6A-LR,-2.5,-2.5669,9,IT,Durum wheat,heat_mj,-0.00495866578750012
IPSL-CM6A-LR,-1.5,-1.2909,6,IT,Durum wheat,heat_mj,-0.0024929659834069
IPSL-CM6A-LR,-0.5,-0.6347,8,IT,Durum wheat,heat_mj,0.00182974378473313
EC-Earth3,-9.5,-9.1554,4,RO,Durum wheat,heat_mj,-0.00506741110727568
EC-Earth3,-8.5,-8.4726,15,RO,Durum wheat,heat_mj,-0.0106367227935029
EC-Earth3,-7.5,-7.5562,20,RO,Durum wheat,heat_mj,-0.00904856565989121
EC-Earth3,-6.5,-6.4767,21,RO,Durum wheat,heat_mj,-0.00478010171870596
EC-Earth3,-5.5,-5.3342,8,RO,Durum wheat,heat_mj,-0.00320008547104321
EC-Earth3,-4.5,-4.5495,8,RO,Durum wheat,heat_mj,-0.00354468055042
EC-Earth3,-3.5,-3.3459,9,RO,Durum wheat,heat_mj,-0.00874687775417467
EC-Earth3,-2.5,-2.4493,5,RO,Durum wheat,heat_mj,0.00224812060111641
EC-Earth3,-1.5,-1.3807,6,RO,Durum wheat,heat_mj,-0.00474703532028418
EC-Earth3,-0.5,-0.6596,3,RO,Durum wheat,heat_mj,0.00434971235061012
HadGEM3-GC3-1LL,-8.5,-8.3848,12,RO,Durum wheat,heat_mj,-0.005475856108184
HadGEM3-GC3-1LL,-7.5,-7.5599,19,RO,Durum wheat,heat_mj,-0.000817453382867642
HadGEM3-GC3-1LL,-6.5,-6.5442,24,RO,Durum wheat,heat_mj,-0.0066432268466127
HadGEM3-GC3-1LL,-5.5,-5.5797,10,RO,Durum wheat,heat_mj,-0.00194718606313986
HadGEM3-GC3-1LL,-4.5,-4.5263,6,RO,Durum wheat,heat_mj,-0.00670958142410031
HadGEM3-GC3-1LL,-3.5,-3.7835,7,RO,Durum wheat,heat_mj,-0.00432403166444956
HadGEM3-GC3-1LL,-2.5,-2.4504,6,RO,Durum wheat,heat_mj,-0.00274986726862415
HadGEM3-GC3-1LL,-1.5,-1.3098,8,RO,Durum wheat,heat_mj,-0.00399589655904052
HadGEM3-GC3-1LL,-0.5,-0.331,6,RO,Durum wheat,heat_mj,-0.00463736103719435
HadGEM3-GC3-1MM,-14.5,-14.3032,4,RO,Durum wheat,heat_mj,-0.0023380641920175
HadGEM3-GC3-1MM,-13.5,-13.3931,8,RO,Durum wheat,heat_mj,-0.00366416547837315
HadGEM3-GC3-1MM,-12.5,-12.588,13,RO,Durum wheat,heat_mj,-0.0063513095952386
HadGEM3-GC3-1MM,-11.5,-11.5321,21,RO,Durum wheat,heat_mj,-0.00553793290550574
HadGEM3-GC3-1MM,-10.5,-10.4803,10,RO,Durum wheat,heat_mj,-0.00896293714415755
HadGEM3-GC3-1MM,-9.5,-9.6161,7,RO,Durum wheat,heat_mj,0.000364985969063583
HadGEM3-GC3-1MM,-8.5,-8.6582,7,RO,Durum wheat,heat_mj,-0.00280484881799375
HadGEM3-GC3-1MM,-7.5,-7.6345,8,RO,Durum wheat,heat_mj,-0.00845047244420577
HadGEM3-GC3-1MM,-6.5,-6.4299,4,RO,Durum wheat,heat_mj,-0.00596830835426056
HadGEM3-GC3-1MM,-5.5,-5.3528,4,RO,Durum wheat,heat_mj,0.00158716585329211
HadGEM3-GC3-1MM,-4.5,-4.3969,4,RO,Durum wheat,heat_mj,0.00447203351111106
IPSL-CM6A-LR,-9.5,-9.3401,5,RO,Durum wheat,heat_mj,-0.0114788034511319
IPSL-CM6A-LR,-8.5,-8.4598,8,RO,Durum wheat,heat_mj,-0.00864034626717147
IPSL-CM6A-LR,-7.5,-7.5255,19,RO,Durum wheat,heat_mj,-0.00850971537301415
IPSL-CM6A-LR,-6.5,-6.5577,11,RO,Durum wheat,heat_mj,-0.00714060646731086
IPSL-CM6A-LR,-5.5,-5.5623,13,RO,Durum wheat,heat_mj,-0.00750626236229576
IPSL-CM6A-LR,-4.5,-4.3507,11,RO,Durum wheat,heat_mj,-0.00536252041172419
IPSL-CM6A-LR,-3.5,-3.4644,8,RO,Durum wheat,heat_mj,-0.00468679541333996
IPSL-CM6A-LR,-2.5,-2.5669,9,RO,Durum wheat,heat_mj,-0.00629752666118112
IPSL-CM6A-LR,-1.5,-1.2909,6,RO,Durum wheat,heat_mj,-0.00369438332527371
IPSL-CM6A-LR,-0.5,-0.6347,8,RO,Durum wheat,heat_mj,0.00160137365802719
EC-Earth3,-9.5,-9.1554,4,SK,Durum wheat,heat_mj,-0.00696183553136774
EC-Earth3,-8.5,-8.4726,15,SK,Durum wheat,heat_mj,-0.00834956029554502
EC-Earth3,-7.5,-7.5562,20,SK,Durum wheat,heat_mj,-0.00742635621642925
EC-Earth3,-6.5,-6.4767,21,SK,Durum wheat,heat_mj,-0.00244978826074949
EC-Earth3,-5.5,-5.3342,8,SK,Durum wheat,heat_mj,0.00094382059947235
EC-Earth3,-4.5,-4.5495,8,SK,Durum wheat,heat_mj,-0.00442039498766686
EC-Earth3,-3.5,-3.3459,9,SK,Durum wheat,heat_mj,-0.00527953942699868
EC-Earth3,-2.5,-2.4493,5,SK,Durum wheat,heat_mj,-0.00239911478350368
EC-Earth3,-1.5,-1.3807,6,SK,Durum wheat,heat_mj,-0.00355342305096862
EC-Earth3,-0.5,-0.6596,3,SK,Durum wheat,heat_mj,0.010380972644007
HadGEM3-GC3-1LL,-8.5,-8.3848,12,SK,Durum wheat,heat_mj,-0.00195896910851808
HadGEM3-GC3-1LL,-7.5,-7.5599,19,SK,Durum wheat,heat_mj,0.00040392127198668
HadGEM3-GC3-1LL,-6.5,-6.5442,24,SK,Durum wheat,heat_mj,-0.00492665549908969
HadGEM3-GC3-1LL,-5.5,-5.5797,10,SK,Durum wheat,heat_mj,-0.00196099424975555
HadGEM3-GC3-1LL,-4.5,-4.5263,6,SK,Durum wheat,heat_mj,-0.00575066111588931
HadGEM3-GC3-1LL,-3.5,-3.7835,7,SK,Durum wheat,heat_mj,-0.00399039530663048
HadGEM3-GC3-1LL,-2.5,-2.4504,6,SK,Durum wheat,heat_mj,-0.00332706373973803
HadGEM3-GC3-1LL,-1.5,-1.3098,8,SK,Durum wheat,heat_mj,-0.000907098655701781
HadGEM3-GC3-1LL,-0.5,-0.331,6,SK,Durum wheat,heat_mj,-0.00415509472462245
HadGEM3-GC3-1MM,-14.5,-14.3032,4,SK,Durum wheat,heat_mj,-0.00453557591710486
HadGEM3-GC3-1MM,-13.5,-13.3931,8,SK,Durum wheat,heat_mj,-0.00444064109629475
HadGEM3-GC3-1MM,-12.5,-12.588,13,SK,Durum wheat,heat_mj,-0.00416919270724711
HadGEM3-GC3-1MM,-11.5,-11.5321,21,SK,Durum wheat,heat_mj,-0.00668421712266984
HadGEM3-GC3-1MM,-10.5,-10.4803,10,SK,Durum wheat,heat_mj,-0.008962510204516
HadGEM3-GC3-1MM,-9.5,-9.6161,7,SK,Durum wheat,heat_mj,0.00446700281794136
HadGEM3-GC3-1MM,-8.5,-8.6582,7,SK,Durum wheat,heat_mj,-0.00373221867769357
HadGEM3-GC3-1MM,-7.5,-7.6345,8,SK,Durum wheat,heat_mj,-0.00667986425418583
HadGEM3-GC3-1MM,-6.5,-6.4299,4,SK,Durum wheat,heat_mj,-0.00182780244413855
HadGEM3-GC3-1MM,-5.5,-5.3528,4,SK,Durum wheat,heat_mj,-0.000850894421258997
HadGEM3-GC3-1MM,-4.5,-4.3969,4,SK,Durum wheat,heat_mj,0.00205042100508142
IPSL-CM6A-LR,-9.5,-9.3401,5,SK,Durum wheat,heat_mj,-0.00681532242050453
IPSL-CM6A-LR,-8.5,-8.4598,8,SK,Durum wheat,heat_mj,-0.00825957091254617
IPSL-CM6A-LR,-7.5,-7.5255,19,SK,Durum wheat,heat_mj,-0.00599220138083745
IPSL-CM6A-LR,-6.5,-6.5577,11,SK,Durum wheat,heat_mj,-0.00451057404814623
IPSL-CM6A-LR,-5.5,-5.5623,13,SK,Durum wheat,heat_mj,-0.00662147655224742
IPSL-CM6A-LR,-4.5,-4.3507,11,SK,Durum wheat,heat_mj,-0.00339865668957617
IPSL-CM6A-LR,-3.5,-3.4644,8,SK,Durum wheat,heat_mj,-0.00518422648372459
IPSL-CM6A-LR,-2.5,-2.5669,9,SK,Durum wheat,heat_mj,-0.00470299491209731
IPSL-CM6A-LR,-1.5,-1.2909,6,SK,Durum wheat,heat_mj,-0.00201877992129709
IPSL-CM6A-LR,-0.5,-0.6347,8,SK,Durum wheat,heat_mj,-0.000864914229295678
EC-Earth3,-9.5,-9.1554,4,CZ,Spring barley,heat_mj,0.0101538450087326
EC-Earth3,-8.5,-8.4726,15,CZ,Spring barley,heat_mj,0.0110835131716909
EC-Earth3,-7.5,-7.5562,20,CZ,Spring barley,heat_mj,0.0102260992770102
EC-Earth3,-6.5,-6.4767,21,CZ,Spring barley,heat_mj,0.00357999779382951
EC-Earth3,-5.5,-5.3342,8,CZ,Spring barley,heat_mj,0.000638972013902956
EC-Earth3,-4.5,-4.5495,8,CZ,Spring barley,heat_mj,0.00661665994022281
EC-Earth3,-3.5,-3.3459,9,CZ,Spring barley,heat_mj,0.00568675908092361
EC-Earth3,-2.5,-2.4493,5,CZ,Spring barley,heat_mj,0.00502891995020076
EC-Earth3,-1.5,-1.3807,6,CZ,Spring barley,heat_mj,0.00440039635196951
EC-Earth3,-0.5,-0.6596,3,CZ,Spring barley,heat_mj,-0.0156459635254138
HadGEM3-GC3-1LL,-8.5,-8.3848,12,CZ,Spring barley,heat_mj,0.0013536848387038
HadGEM3-GC3-1LL,-7.5,-7.5599,19,CZ,Spring barley,heat_mj,0.000908632668278082
HadGEM3-GC3-1LL,-6.5,-6.5442,24,CZ,Spring barley,heat_mj,0.00649453389851726
HadGEM3-GC3-1LL,-5.5,-5.5797,10,CZ,Spring barley,heat_mj,0.00412063257154746
HadGEM3-GC3-1LL,-4.5,-4.5263,6,CZ,Spring barley,heat_mj,0.00763252920833339
HadGEM3-GC3-1LL,-3.5,-3.7835,7,CZ,Spring barley,heat_mj,0.00608140471709743
HadGEM3-GC3-1LL,-2.5,-2.4504,6,CZ,Spring barley,heat_mj,0.00571918077194412
HadGEM3-GC3-1LL,-1.5,-1.3098,8,CZ,Spring barley,heat_mj,0.000300176798853642
HadGEM3-GC3-1LL,-0.5,-0.331,6,CZ,Spring barley,heat_mj,0.0036496160896961
HadGEM3-GC3-1MM,-14.5,-14.3032,4,CZ,Spring barley,heat_mj,0.0094476193467416
HadGEM3-GC3-1MM,-13.5,-13.3931,8,CZ,Spring barley,heat_mj,0.0107254866824731
HadGEM3-GC3-1MM,-12.5,-12.588,13,CZ,Spring barley,heat_mj,0.00762255797548708
HadGEM3-GC3-1MM,-11.5,-11.5321,21,CZ,Spring barley,heat_mj,0.0117739738003234
HadGEM3-GC3-1MM,-10.5,-10.4803,10,CZ,Spring barley,heat_mj,0.0138210652552641
HadGEM3-GC3-1MM,-9.5,-9.6161,7,CZ,Spring barley,heat_mj,-0.0042765751241286
HadGEM3-GC3-1MM,-8.5,-8.6582,7,CZ,Spring barley,heat_mj,0.00866276151474384
HadGEM3-GC3-1MM,-7.5,-7.6345,8,CZ,Spring barley,heat_mj,0.0110541158545834
HadGEM3-GC3-1MM,-6.5,-6.4299,4,CZ,Spring barley,heat_mj,0.00337895151221608
HadGEM3-GC3-1MM,-5.5,-5.3528,4,CZ,Spring barley,heat_mj,0.00548537805848729
HadGEM3-GC3-1MM,-4.5,-4.3969,4,CZ,Spring barley,heat_mj,0.00165356080614443
IPSL-CM6A-LR,-9.5,-9.3401,5,CZ,Spring barley,heat_mj,0.0105803581044085
IPSL-CM6A-LR,-8.5,-8.4598,8,CZ,Spring barley,heat_mj,0.0117661252954697
IPSL-CM6A-LR,-7.5,-7.5255,19,CZ,Spring barley,heat_mj,0.00940865829811109
IPSL-CM6A-LR,-6.5,-6.5577,11,CZ,Spring barley,heat_mj,0.00843035478077688
IPSL-CM6A-LR,-5.5,-5.5623,13,CZ,Spring barley,heat_mj,0.0100802164619549
IPSL-CM6A-LR,-4.5,-4.3507,11,CZ,Spring barley,heat_mj,0.00544705433734548
IPSL-CM6A-LR,-3.5,-3.4644,8,CZ,Spring barley,heat_mj,0.00821202727394371
IPSL-CM6A-LR,-2.5,-2.5669,9,CZ,Spring barley,heat_mj,0.0068774276517713
IPSL-CM6A-LR,-1.5,-1.2909,6,CZ,Spring barley,heat_mj,0.00448712290055793
IPSL-CM6A-LR,-0.5,-0.6347,8,CZ,Spring barley,heat_mj,0.00245356377323601
EC-Earth3,-9.5,-9.1554,4,DE,Spring barley,heat_mj,0.0102785096407902
EC-Earth3,-8.5,-8.4726,15,DE,Spring barley,heat_mj,0.00936438801683994
EC-Earth3,-7.5,-7.5562,20,DE,Spring barley,heat_mj,0.00895830579498549
EC-Earth3,-6.5,-6.4767,21,DE,Spring barley,heat_mj,0.00384281150980462
EC-Earth3,-5.5,-5.3342,8,DE,Spring barley,heat_mj,0.00256864808650352
EC-Earth3,-4.5,-4.5495,8,DE,Spring barley,heat_mj,0.00670588996803302
EC-Earth3,-3.5,-3.3459,9,DE,Spring barley,heat_mj,0.00367374174151408
EC-Earth3,-2.5,-2.4493,5,DE,Spring barley,heat_mj,0.00475767596955073
EC-Earth3,-1.5,-1.3807,6,DE,Spring barley,heat_mj,0.00359978814977648
EC-Earth3,-0.5,-0.6596,3,DE,Spring barley,heat_mj,-0.00713792588768215
HadGEM3-GC3-1LL,-8.5,-8.3848,12,DE,Spring barley,heat_mj,0.00116590047266519
HadGEM3-GC3-1LL,-7.5,-7.5599,19,DE,Spring barley,heat_mj,0.00352413825822227
HadGEM3-GC3-1LL,-6.5,-6.5442,24,DE,Spring barley,heat_mj,0.00560753453727034
HadGEM3-GC3-1LL,-5.5,-5.5797,10,DE,Spring barley,heat_mj,0.00313009821125229
HadGEM3-GC3-1LL,-4.5,-4.5263,6,DE,Spring barley,heat_mj,0.00590337018322543
HadGEM3-GC3-1LL,-3.5,-3.7835,7,DE,Spring barley,heat_mj,0.00637308654836211
HadGEM3-GC3-1LL,-2.5,-2.4504,6,DE,Spring barley,heat_mj,0.00520490080438463
HadGEM3-GC3-1LL,-1.5,-1.3098,8,DE,Spring barley,heat_mj,0.00102240322044572
HadGEM3-GC3-1LL,-0.5,-0.331,6,DE,Spring barley,heat_mj,0.00146883608263114
HadGEM3-GC3-1MM,-14.5,-14.3032,4,DE,Spring barley,heat_mj,0.0113548183081389
HadGEM3-GC3-1MM,-13.5,-13.3931,8,DE,Spring barley,heat_mj,0.0124460316911071
HadGEM3-GC3-1MM,-12.5,-12.588,13,DE,Spring barley,heat_mj,0.00932147648358337
HadGEM3-GC3-1MM,-11.5,-11.5321,21,DE,Spring barley,heat_mj,0.0115424911185564
HadGEM3-GC3-1MM,-10.5,-10.4803,10,DE,Spring barley,heat_mj,0.0123345319321048
HadGEM3-GC3-1MM,-9.5,-9.6161,7,DE,Spring barley,heat_mj,0.00402371975123554
HadGEM3-GC3-1MM,-8.5,-8.6582,7,DE,Spring barley,heat_mj,0.00863331170439923
HadGEM3-GC3-1MM,-7.5,-7.6345,8,DE,Spring barley,heat_mj,0.0104029857701256
HadGEM3-GC3-1MM,-6.5,-6.4299,4,DE,Spring barley,heat_mj,0.00542403576271365
HadGEM3-GC3-1MM,-5.5,-5.3528,4,DE,Spring barley,heat_mj,0.00797248058236958
HadGEM3-GC3-1MM,-4.5,-4.3969,4,DE,Spring barley,heat_mj,0.00317436411063001
IPSL-CM6A-LR,-9.5,-9.3401,5,DE,Spring barley,heat_mj,0.0089243215868991
IPSL-CM6A-LR,-8.5,-8.4598,8,DE,Spring barley,heat_mj,0.0108579987840603
IPSL-CM6A-LR,-7.5,-7.5255,19,DE,Spring barley,heat_mj,0.00796956322431696
IPSL-CM6A-LR,-6.5,-6.5577,11,DE,Spring barley,heat_mj,0.00778165535976648
IPSL-CM6A-LR,-5.5,-5.5623,13,DE,Spring barley,heat_mj,0.00835150662484675
IPSL-CM6A-LR,-4.5,-4.3507,11,DE,Spring barley,heat_mj,0.00529139671803693
IPSL-CM6A-LR,-3.5,-3.4644,8,DE,Spring barley,heat_mj,0.0079683423905269
IPSL-CM6A-LR,-2.5,-2.5669,9,DE,Spring barley,heat_mj,0.00416047119125877
IPSL-CM6A-LR,-1.5,-1.2909,6,DE,Spring barley,heat_mj,0.00548980041572954
IPSL-CM6A-LR,-0.5,-0.6347,8,DE,Spring barley,heat_mj,0.00171061863659759
EC-Earth3,-9.5,-9.1554,4,DK,Spring barley,heat_mj,0.00105262580855415
EC-Earth3,-8.5,-8.4726,15,DK,Spring barley,heat_mj,0.00102766114753614
EC-Earth3,-7.5,-7.5562,20,DK,Spring barley,heat_mj,0.00102153936854866
EC-Earth3,-6.5,-6.4767,21,DK,Spring barley,heat_mj,0.000916648006523751
EC-Earth3,-5.5,-5.3342,8,DK,Spring barley,heat_mj,0.000741980179615727
EC-Earth3,-4.5,-4.5495,8,DK,Spring barley,heat_mj,0.00100693499928375
EC-Earth3,-3.5,-3.3459,9,DK,Spring barley,heat_mj,0.000780605666375533
EC-Earth3,-2.5,-2.4493,5,DK,Spring barley,heat_mj,0.000995775857857907
EC-Earth3,-1.5,-1.3807,6,DK,Spring barley,heat_mj,0.000644564929573936
EC-Earth3,-0.5,-0.6596,3,DK,Spring barley,heat_mj,6.07041285159769e-05
HadGEM3-GC3-1LL,-8.5,-8.3848,12,DK,Spring barley,heat_mj,0.000827043223663102
HadGEM3-GC3-1LL,-7.5,-7.5599,19,DK,Spring barley,heat_mj,0.000906485822854772
HadGEM3-GC3-1LL,-6.5,-6.5442,24,DK,Spring barley,heat_mj,0.000813232922495794
HadGEM3-GC3-1LL,-5.5,-5.5797,10,DK,Spring barley,heat_mj,0.000715444854245016
HadGEM3-GC3-1LL,-4.5,-4.5263,6,DK,Spring barley,heat_mj,0.000864163720174854
HadGEM3-GC3-1LL,-3.5,-3.7835,7,DK,Spring barley,heat_mj,0.000957008521129041
HadGEM3-GC3-1LL,-2.5,-2.4504,6,DK,Spring barley,heat_mj,0.000741361172642987
HadGEM3-GC3-1LL,-1.5,-1.3098,8,DK,Spring barley,heat_mj,8.09902541100304e-05
HadGEM3-GC3-1LL,-0.5,-0.331,6,DK,Spring barley,heat_mj,-3.82688908583516e-05
HadGEM3-GC3-1MM,-14.5,-14.3032,4,DK,Spring barley,heat_mj,0.00108014821840713
HadGEM3-GC3-1MM,-13.5,-13.3931,8,DK,Spring barley,heat_mj,0.00108333880061504
HadGEM3-GC3-1MM,-12.5,-12.588,13,DK,Spring barley,heat_mj,0.0010873872216328
HadGEM3-GC3-1MM,-11.5,-11.5321,21,DK,Spring barley,heat_mj,0.00108554577677598
HadGEM3-GC3-1MM,-10.5,-10.4803,10,DK,Spring barley,heat_mj,0.00108228204169968
HadGEM3-GC3-1MM,-9.5,-9.6161,7,DK,Spring barley,heat_mj,0.000956002659642728
HadGEM3-GC3-1MM,-8.5,-8.6582,7,DK,Spring barley,heat_mj,0.00104501195710158
HadGEM3-GC3-1MM,-7.5,-7.6345,8,DK,Spring barley,heat_mj,0.00103056857798112
HadGEM3-GC3-1MM,-6.5,-6.4299,4,DK,Spring barley,heat_mj,0.000546096457288138
HadGEM3-GC3-1MM,-5.5,-5.3528,4,DK,Spring barley,heat_mj,0.0010143374259139
HadGEM3-GC3-1MM,-4.5,-4.3969,4,DK,Spring barley,heat_mj,0.000668799531508297
IPSL-CM6A-LR,-9.5,-9.3401,5,DK,Spring barley,heat_mj,0.00103992356192285
IPSL-CM6A-LR,-8.5,-8.4598,8,DK,Spring barley,heat_mj,0.00107410195234023
IPSL-CM6A-LR,-7.5,-7.5255,19,DK,Spring barley,heat_mj,0.00103204337892751
IPSL-CM6A-LR,-6.5,-6.5577,11,DK,Spring barley,heat_mj,0.00101667538425995
IPSL-CM6A-LR,-5.5,-5.5623,13,DK,Spring barley,heat_mj,0.000946954692794201
IPSL-CM6A-LR,-4.5,-4.3507,11,DK,Spring barley,heat_mj,0.00097747379079635
IPSL-CM6A-LR,-3.5,-3.4644,8,DK,Spring barley,heat_mj,0.00097636047291147
IPSL-CM6A-LR,-2.5,-2.5669,9,DK,Spring barley,heat_mj,0.000734818003674638
IPSL-CM6A-LR,-1.5,-1.2909,6,DK,Spring barley,heat_mj,0.000937784604019817
IPSL-CM6A-LR,-0.5,-0.6347,8,DK,Spring barley,heat_mj,0.000576684069670886
EC-Earth3,-9.5,-9.1554,4,EE,Spring barley,heat_mj,0.00142204607243744
EC-Earth3,-8.5,-8.4726,15,EE,Spring barley,heat_mj,0.00283889872133621
EC-Earth3,-7.5,-7.5562,20,EE,Spring barley,heat_mj,0.00305612992972924
EC-Earth3,-6.5,-6.4767,21,EE,Spring barley,heat_mj,0.00221302188928142
EC-Earth3,-5.5,-5.3342,8,EE,Spring barley,heat_mj,0.00171263992506583
EC-Earth3,-4.5,-4.5495,8,EE,Spring barley,heat_mj,0.00343907374820551
EC-Earth3,-3.5,-3.3459,9,EE,Spring barley,heat_mj,0.00301084166960773
EC-Earth3,-2.5,-2.4493,5,EE,Spring barley,heat_mj,0.0032399680492235
EC-Earth3,-1.5,-1.3807,6,EE,Spring barley,heat_mj,0.000891440155036077
EC-Earth3,-0.5,-0.6596,3,EE,Spring barley,heat_mj,-0.00194570256007396
HadGEM3-GC3-1LL,-8.5,-8.3848,12,EE,Spring barley,heat_mj,0.00304746004047282
HadGEM3-GC3-1LL,-7.5,-7.5599,19,EE,Spring barley,heat_mj,0.00304935623926689
HadGEM3-GC3-1LL,-6.5,-6.5442,24,EE,Spring barley,heat_mj,0.00271435138651229
HadGEM3-GC3-1LL,-5.5,-5.5797,10,EE,Spring barley,heat_mj,0.00230447783772243
HadGEM3-GC3-1LL,-4.5,-4.5263,6,EE,Spring barley,heat_mj,0.00249711552828268
HadGEM3-GC3-1LL,-3.5,-3.7835,7,EE,Spring barley,heat_mj,0.00299495568518476
HadGEM3-GC3-1LL,-2.5,-2.4504,6,EE,Spring barley,heat_mj,0.00242251602279694
HadGEM3-GC3-1LL,-1.5,-1.3098,8,EE,Spring barley,heat_mj,0.000464882773721767
HadGEM3-GC3-1LL,-0.5,-0.331,6,EE,Spring barley,heat_mj,0.000383860323528715
HadGEM3-GC3-1MM,-14.5,-14.3032,4,EE,Spring barley,heat_mj,0.00408047585747608
HadGEM3-GC3-1MM,-13.5,-13.3931,8,EE,Spring barley,heat_mj,0.00424573115837705
HadGEM3-GC3-1MM,-12.5,-12.588,13,EE,Spring barley,heat_mj,0.00429012715550152
HadGEM3-GC3-1MM,-11.5,-11.5321,21,EE,Spring barley,heat_mj,0.00426146545308441
HadGEM3-GC3-1MM,-10.5,-10.4803,10,EE,Spring barley,heat_mj,0.00434291662301726
HadGEM3-GC3-1MM,-9.5,-9.6161,7,EE,Spring barley,heat_mj,0.00351597742141938
HadGEM3-GC3-1MM,-8.5,-8.6582,7,EE,Spring barley,heat_mj,0.00397512830711974
HadGEM3-GC3-1MM,-7.5,-7.6345,8,EE,Spring barley,heat_mj,0.00379704851199083
HadGEM3-GC3-1MM,-6.5,-6.4299,4,EE,Spring barley,heat_mj,0.0034244108145297
HadGEM3-GC3-1MM,-5.5,-5.3528,4,EE,Spring barley,heat_mj,0.00257110116844875
HadGEM3-GC3-1MM,-4.5,-4.3969,4,EE,Spring barley,heat_mj,0.0023061702901294
IPSL-CM6A-LR,-9.5,-9.3401,5,EE,Spring barley,heat_mj,0.0039959677892255
IPSL-CM6A-LR,-8.5,-8.4598,8,EE,Spring barley,heat_mj,0.00381578036345876
IPSL-CM6A-LR,-7.5,-7.5255,19,EE,Spring barley,heat_mj,0.00374802259853625
IPSL-CM6A-LR,-6.5,-6.5577,11,EE,Spring barley,heat_mj,0.0036579972037406
IPSL-CM6A-LR,-5.5,-5.5623,13,EE,Spring barley,heat_mj,0.00313928054701902
IPSL-CM6A-LR,-4.5,-4.3507,11,EE,Spring barley,heat_mj,0.00353591542491933
IPSL-CM6A-LR,-3.5,-3.4644,8,EE,Spring barley,heat_mj,0.00274291818847945
IPSL-CM6A-LR,-2.5,-2.5669,9,EE,Spring barley,heat_mj,0.00273580404483905
IPSL-CM6A-LR,-1.5,-1.2909,6,EE,Spring barley,heat_mj,0.0028751121082253
IPSL-CM6A-LR,-0.5,-0.6347,8,EE,Spring barley,heat_mj,0.00106108087762957
EC-Earth3,-9.5,-9.1554,4,ES,Spring barley,heat_mj,0.0395681933786591
EC-Earth3,-8.5,-8.4726,15,ES,Spring barley,heat_mj,0.0304083215962839
EC-Earth3,-7.5,-7.5562,20,ES,Spring barley,heat_mj,0.0311049011647441
EC-Earth3,-6.5,-6.4767,21,ES,Spring barley,heat_mj,0.0129744486741093
EC-Earth3,-5.5,-5.3342,8,ES,Spring barley,heat_mj,0.0247916628205978
EC-Earth3,-4.5,-4.5495,8,ES,Spring barley,heat_mj,0.0129241931683307
EC-Earth3,-3.5,-3.3459,9,ES,Spring barley,heat_mj,0.0311662449406521
EC-Earth3,-2.5,-2.4493,5,ES,Spring barley,heat_mj,0.00836797913550633
EC-Earth3,-1.5,-1.3807,6,ES,Spring barley,heat_mj,0.0214947752368822
EC-Earth3,-0.5,-0.6596,3,ES,Spring barley,heat_mj,-0.022986375067781
HadGEM3-GC3-1LL,-8.5,-8.3848,12,ES,Spring barley,heat_mj,0.0196382499668728
HadGEM3-GC3-1LL,-7.5,-7.5599,19,ES,Spring barley,heat_mj,0.0241394625852868
HadGEM3-GC3-1LL,-6.5,-6.5442,24,ES,Spring barley,heat_mj,0.0293260594528899
HadGEM3-GC3-1LL,-5.5,-5.5797,10,ES,Spring barley,heat_mj,0.0164100167421686
HadGEM3-GC3-1LL,-4.5,-4.5263,6,ES,Spring barley,heat_mj,0.0134265037929412
HadGEM3-GC3-1LL,-3.5,-3.7835,7,ES,Spring barley,heat_mj,0.0219462871150245
HadGEM3-GC3-1LL,-2.5,-2.4504,6,ES,Spring barley,heat_mj,0.0130274349494245
HadGEM3-GC3-1LL,-1.5,-1.3098,8,ES,Spring barley,heat_mj,-0.00112164946473037
HadGEM3-GC3-1LL,-0.5,-0.331,6,ES,Spring barley,heat_mj,-0.0154196931086706
HadGEM3-GC3-1MM,-14.5,-14.3032,4,ES,Spring barley,heat_mj,0.0534242827885836
HadGEM3-GC3-1MM,-13.5,-13.3931,8,ES,Spring barley,heat_mj,0.0694817675834244
HadGEM3-GC3-1MM,-12.5,-12.588,13,ES,Spring barley,heat_mj,0.0599900463216246
HadGEM3-GC3-1MM,-11.5,-11.5321,21,ES,Spring barley,heat_mj,0.0407177664947182
HadGEM3-GC3-1MM,-10.5,-10.4803,10,ES,Spring barley,heat_mj,0.0334663561005116
HadGEM3-GC3-1MM,-9.5,-9.6161,7,ES,Spring barley,heat_mj,0.0294138301443085
HadGEM3-GC3-1MM,-8.5,-8.6582,7,ES,Spring barley,heat_mj,0.0212658386655661
HadGEM3-GC3-1MM,-7.5,-7.6345,8,ES,Spring barley,heat_mj,0.0100492822878562
HadGEM3-GC3-1MM,-6.5,-6.4299,4,ES,Spring barley,heat_mj,0.0135750872085372
HadGEM3-GC3-1MM,-5.5,-5.3528,4,ES,Spring barley,heat_mj,-0.00389468167384008
HadGEM3-GC3-1MM,-4.5,-4.3969,4,ES,Spring barley,heat_mj,0.0207559538320026
IPSL-CM6A-LR,-9.5,-9.3401,5,ES,Spring barley,heat_mj,0.0417860976301613
IPSL-CM6A-LR,-8.5,-8.4598,8,ES,Spring barley,heat_mj,0.044382809536914
IPSL-CM6A-LR,-7.5,-7.5255,19,ES,Spring barley,heat_mj,0.0317324133099418
IPSL-CM6A-LR,-6.5,-6.5577,11,ES,Spring barley,heat_mj,0.0331814640362753
IPSL-CM6A-LR,-5.5,-5.5623,13,ES,Spring barley,heat_mj,0.0311445739064576
IPSL-CM6A-LR,-4.5,-4.3507,11,ES,Spring barley,heat_mj,-0.0096333359503097
IPSL-CM6A-LR,-3.5,-3.4644,8,ES,Spring barley,heat_mj,-0.00264533987982806
IPSL-CM6A-LR,-2.5,-2.5669,9,ES,Spring barley,heat_mj,0.0180413354902158
IPSL-CM6A-LR,-1.5,-1.2909,6,ES,Spring barley,heat_mj,0.00971762347360144
IPSL-CM6A-LR,-0.5,-0.6347,8,ES,Spring barley,heat_mj,-0.00425490983229829
EC-Earth3,-9.5,-9.1554,4,FI,Spring barley,heat_mj,0.00187749906765323
EC-Earth3,-8.5,-8.4726,15,FI,Spring barley,heat_mj,0.00202989241033574
EC-Earth3,-7.5,-7.5562,20,FI,Spring barley,heat_mj,0.00184205756215901
EC-Earth3,-6.5,-6.4767,21,FI,Spring barley,heat_mj,0.00146477599586641
EC-Earth3,-5.5,-5.3342,8,FI,Spring barley,heat_mj,0.00139646199274928
EC-Earth3,-4.5,-4.5495,8,FI,Spring barley,heat_mj,0.00222858896567023
EC-Earth3,-3.5,-3.3459,9,FI,Spring barley,heat_mj,0.00206471383336365
EC-Earth3,-2.5,-2.4493,5,FI,Spring barley,heat_mj,0.0020886437570622
EC-Earth3,-1.5,-1.3807,6,FI,Spring barley,heat_mj,0.0009974130742895
EC-Earth3,-0.5,-0.6596,3,FI,Spring barley,heat_mj,3.49988992940466e-05
HadGEM3-GC3-1LL,-8.5,-8.3848,12,FI,Spring barley,heat_mj,0.00199497361707854
HadGEM3-GC3-1LL,-7.5,-7.5599,19,FI,Spring barley,heat_mj,0.00194345007744329
HadGEM3-GC3-1LL,-6.5,-6.5442,24,FI,Spring barley,heat_mj,0.00168434485565443
HadGEM3-GC3-1LL,-5.5,-5.5797,10,FI,Spring barley,heat_mj,0.00139247215441347
HadGEM3-GC3-1LL,-4.5,-4.5263,6,FI,Spring barley,heat_mj,0.00149325347688738
HadGEM3-GC3-1LL,-3.5,-3.7835,7,FI,Spring barley,heat_mj,0.00183952369733221
HadGEM3-GC3-1LL,-2.5,-2.4504,6,FI,Spring barley,heat_mj,0.00136572157646615
HadGEM3-GC3-1LL,-1.5,-1.3098,8,FI,Spring barley,heat_mj,0.00041403080051874
HadGEM3-GC3-1LL,-0.5,-0.331,6,FI,Spring barley,heat_mj,0.000134666745234763
HadGEM3-GC3-1MM,-14.5,-14.3032,4,FI,Spring barley,heat_mj,0.00242313886013998
HadGEM3-GC3-1MM,-13.5,-13.3931,8,FI,Spring barley,heat_mj,0.00243262270771878
HadGEM3-GC3-1MM,-12.5,-12.588,13,FI,Spring barley,heat_mj,0.00245264720254924
HadGEM3-GC3-1MM,-11.5,-11.5321,21,FI,Spring barley,heat_mj,0.00245326300881959
HadGEM3-GC3-1MM,-10.5,-10.4803,10,FI,Spring barley,heat_mj,0.00246029729642714
HadGEM3-GC3-1MM,-9.5,-9.6161,7,FI,Spring barley,heat_mj,0.0023332945943375
HadGEM3-GC3-1MM,-8.5,-8.6582,7,FI,Spring barley,heat_mj,0.00238920810279197
HadGEM3-GC3-1MM,-7.5,-7.6345,8,FI,Spring barley,heat_mj,0.00223359330446961
HadGEM3-GC3-1MM,-6.5,-6.4299,4,FI,Spring barley,heat_mj,0.00214131903868883
HadGEM3-GC3-1MM,-5.5,-5.3528,4,FI,Spring barley,heat_mj,0.00181012392487292
HadGEM3-GC3-1MM,-4.5,-4.3969,4,FI,Spring barley,heat_mj,0.00172201201233502
IPSL-CM6A-LR,-9.5,-9.3401,5,FI,Spring barley,heat_mj,0.00213328629339007
IPSL-CM6A-LR,-8.5,-8.4598,8,FI,Spring barley,heat_mj,0.00224675504233957
IPSL-CM6A-LR,-7.5,-7.5255,19,FI,Spring barley,heat_mj,0.00223449626087269
IPSL-CM6A-LR,-6.5,-6.5577,11,FI,Spring barley,heat_mj,0.00213070621280358
IPSL-CM6A-LR,-5.5,-5.5623,13,FI,Spring barley,heat_mj,0.00181669474773093
IPSL-CM6A-LR,-4.5,-4.3507,11,FI,Spring barley,heat_mj,0.00207010244234942
IPSL-CM6A-LR,-3.5,-3.4644,8,FI,Spring barley,heat_mj,0.0016140597075746
IPSL-CM6A-LR,-2.5,-2.5669,9,FI,Spring barley,heat_mj,0.00153427204201025
IPSL-CM6A-LR,-1.5,-1.2909,6,FI,Spring barley,heat_mj,0.0018761848109542
IPSL-CM6A-LR,-0.5,-0.6347,8,FI,Spring barley,heat_mj,0.000864767766450053
EC-Earth3,-9.5,-9.1554,4,FR,Spring barley,heat_mj,0.0170072057406198
EC-Earth3,-8.5,-8.4726,15,FR,Spring barley,heat_mj,0.0133274385580956
EC-Earth3,-7.5,-7.5562,20,FR,Spring barley,heat_mj,0.0145990061621415
EC-Earth3,-6.5,-6.4767,21,FR,Spring barley,heat_mj,0.00668443561493774
EC-Earth3,-5.5,-5.3342,8,FR,Spring barley,heat_mj,0.0083007657902369
EC-Earth3,-4.5,-4.5495,8,FR,Spring barley,heat_mj,0.00909563349922766
EC-Earth3,-3.5,-3.3459,9,FR,Spring barley,heat_mj,0.00133980438746434
EC-Earth3,-2.5,-2.4493,5,FR,Spring barley,heat_mj,0.00789179550574358
EC-Earth3,-1.5,-1.3807,6,FR,Spring barley,heat_mj,0.00558440552529308
EC-Earth3,-0.5,-0.6596,3,FR,Spring barley,heat_mj,-0.00623188461333941
HadGEM3-GC3-1LL,-8.5,-8.3848,12,FR,Spring barley,heat_mj,-0.00062671707231576
HadGEM3-GC3-1LL,-7.5,-7.5599,19,FR,Spring barley,heat_mj,0.00773463037836913
HadGEM3-GC3-1LL,-6.5,-6.5442,24,FR,Spring barley,heat_mj,0.00890032040241546
HadGEM3-GC3-1LL,-5.5,-5.5797,10,FR,Spring barley,heat_mj,0.00602536929788946
HadGEM3-GC3-1LL,-4.5,-4.5263,6,FR,Spring barley,heat_mj,0.00575931465497487
HadGEM3-GC3-1LL,-3.5,-3.7835,7,FR,Spring barley,heat_mj,0.0110056042489135
HadGEM3-GC3-1LL,-2.5,-2.4504,6,FR,Spring barley,heat_mj,0.00611442699834727
HadGEM3-GC3-1LL,-1.5,-1.3098,8,FR,Spring barley,heat_mj,0.00112095968805211
HadGEM3-GC3-1LL,-0.5,-0.331,6,FR,Spring barley,heat_mj,-0.000165603672532888
HadGEM3-GC3-1MM,-14.5,-14.3032,4,FR,Spring barley,heat_mj,0.0194641541662739
HadGEM3-GC3-1MM,-13.5,-13.3931,8,FR,Spring barley,heat_mj,0.0201497916595772
HadGEM3-GC3-1MM,-12.5,-12.588,13,FR,Spring barley,heat_mj,0.016676533883681
HadGEM3-GC3-1MM,-11.5,-11.5321,21,FR,Spring barley,heat_mj,0.0174080721410123
HadGEM3-GC3-1MM,-10.5,-10.4803,10,FR,Spring barley,heat_mj,0.0174208418911552
HadGEM3-GC3-1MM,-9.5,-9.6161,7,FR,Spring barley,heat_mj,0.0121533151617189
HadGEM3-GC3-1MM,-8.5,-8.6582,7,FR,Spring barley,heat_mj,0.0121629179491131
HadGEM3-GC3-1MM,-7.5,-7.6345,8,FR,Spring barley,heat_mj,0.0158705308314478
HadGEM3-GC3-1MM,-6.5,-6.4299,4,FR,Spring barley,heat_mj,0.00495001457188571
HadGEM3-GC3-1MM,-5.5,-5.3528,4,FR,Spring barley,heat_mj,0.0130331982463106
HadGEM3-GC3-1MM,-4.5,-4.3969,4,FR,Spring barley,heat_mj,0.00596615795205765
IPSL-CM6A-LR,-9.5,-9.3401,5,FR,Spring barley,heat_mj,0.0119953065394869
IPSL-CM6A-LR,-8.5,-8.4598,8,FR,Spring barley,heat_mj,0.0168217452850176
IPSL-CM6A-LR,-7.5,-7.5255,19,FR,Spring barley,heat_mj,0.0113458102562489
IPSL-CM6A-LR,-6.5,-6.5577,11,FR,Spring barley,heat_mj,0.00936154495547423
IPSL-CM6A-LR,-5.5,-5.5623,13,FR,Spring barley,heat_mj,0.0114432074713334
IPSL-CM6A-LR,-4.5,-4.3507,11,FR,Spring barley,heat_mj,0.00626041446897761
IPSL-CM6A-LR,-3.5,-3.4644,8,FR,Spring barley,heat_mj,0.00927772213920484
IPSL-CM6A-LR,-2.5,-2.5669,9,FR,Spring barley,heat_mj,0.00220356629400281
IPSL-CM6A-LR,-1.5,-1.2909,6,FR,Spring barley,heat_mj,0.00907746948606417
IPSL-CM6A-LR,-0.5,-0.6347,8,FR,Spring barley,heat_mj,-0.000187992035412392
EC-Earth3,-9.5,-9.1554,4,HU,Spring barley,heat_mj,0.0219782340481109
EC-Earth3,-8.5,-8.4726,15,HU,Spring barley,heat_mj,0.0301254987440799
EC-Earth3,-7.5,-7.5562,20,HU,Spring barley,heat_mj,0.0252762553596081
EC-Earth3,-6.5,-6.4767,21,HU,Spring barley,heat_mj,0.00979005715669494
EC-Earth3,-5.5,-5.3342,8,HU,Spring barley,heat_mj,-0.00178904758347274
EC-Earth3,-4.5,-4.5495,8,HU,Spring barley,heat_mj,0.0133704867204355
EC-Earth3,-3.5,-3.3459,9,HU,Spring barley,heat_mj,0.0229537228688915
EC-Earth3,-2.5,-2.4493,5,HU,Spring barley,heat_mj,0.00125709507814517
EC-Earth3,-1.5,-1.3807,6,HU,Spring barley,heat_mj,0.0153117353288861
EC-Earth3,-0.5,-0.6596,3,HU,Spring barley,heat_mj,-0.0311344135690409
HadGEM3-GC3-1LL,-8.5,-8.3848,12,HU,Spring barley,heat_mj,0.00756047537505224
HadGEM3-GC3-1LL,-7.5,-7.5599,19,HU,Spring barley,heat_mj,-0.00221195554699075
HadGEM3-GC3-1LL,-6.5,-6.5442,24,HU,Spring barley,heat_mj,0.0168958873550141
HadGEM3-GC3-1LL,-5.5,-5.5797,10,HU,Spring barley,heat_mj,0.00724014362371207
HadGEM3-GC3-1LL,-4.5,-4.5263,6,HU,Spring barley,heat_mj,0.0202049435153719
HadGEM3-GC3-1LL,-3.5,-3.7835,7,HU,Spring barley,heat_mj,0.0134828290105227
HadGEM3-GC3-1LL,-2.5,-2.4504,6,HU,Spring barley,heat_mj,0.0114309189902459
HadGEM3-GC3-1LL,-1.5,-1.3098,8,HU,Spring barley,heat_mj,0.00436855247409803
HadGEM3-GC3-1LL,-0.5,-0.331,6,HU,Spring barley,heat_mj,0.0119325882036974
HadGEM3-GC3-1MM,-14.5,-14.3032,4,HU,Spring barley,heat_mj,0.0136405429519888
HadGEM3-GC3-1MM,-13.5,-13.3931,8,HU,Spring barley,heat_mj,0.0161721438766874
HadGEM3-GC3-1MM,-12.5,-12.588,13,HU,Spring barley,heat_mj,0.0156001388696796
HadGEM3-GC3-1MM,-11.5,-11.5321,21,HU,Spring barley,heat_mj,0.0212243754768819
HadGEM3-GC3-1MM,-10.5,-10.4803,10,HU,Spring barley,heat_mj,0.02956421697963
HadGEM3-GC3-1MM,-9.5,-9.6161,7,HU,Spring barley,heat_mj,-0.00667752606111951
HadGEM3-GC3-1MM,-8.5,-8.6582,7,HU,Spring barley,heat_mj,0.00965551378855504
HadGEM3-GC3-1MM,-7.5,-7.6345,8,HU,Spring barley,heat_mj,0.0218293305760738
HadGEM3-GC3-1MM,-6.5,-6.4299,4,HU,Spring barley,heat_mj,0.00884992769893212
HadGEM3-GC3-1MM,-5.5,-5.3528,4,HU,Spring barley,heat_mj,0.00377173451037284
HadGEM3-GC3-1MM,-4.5,-4.3969,4,HU,Spring barley,heat_mj,-0.00570944960481084
IPSL-CM6A-LR,-9.5,-9.3401,5,HU,Spring barley,heat_mj,0.0249914138443694
IPSL-CM6A-LR,-8.5,-8.4598,8,HU,Spring barley,heat_mj,0.0270675363927853
IPSL-CM6A-LR,-7.5,-7.5255,19,HU,Spring barley,heat_mj,0.0207701092323551
IPSL-CM6A-LR,-6.5,-6.5577,11,HU,Spring barley,heat_mj,0.0169698550583768
IPSL-CM6A-LR,-5.5,-5.5623,13,HU,Spring barley,heat_mj,0.0225530603160081
IPSL-CM6A-LR,-4.5,-4.3507,11,HU,Spring barley,heat_mj,0.0108659971551521
IPSL-CM6A-LR,-3.5,-3.4644,8,HU,Spring barley,heat_mj,0.0162905987903794
IPSL-CM6A-LR,-2.5,-2.5669,9,HU,Spring barley,heat_mj,0.0158244080366102
IPSL-CM6A-LR,-1.5,-1.2909,6,HU,Spring barley,heat_mj,0.00643069565972919
IPSL-CM6A-LR,-0.5,-0.6347,8,HU,Spring barley,heat_mj,-0.000535070522623551
EC-Earth3,-9.5,-9.1554,4,LT,Spring barley,heat_mj,0.00231645897313145
EC-Earth3,-8.5,-8.4726,15,LT,Spring barley,heat_mj,0.00493660530340616
EC-Earth3,-7.5,-7.5562,20,LT,Spring barley,heat_mj,0.00485355596642185
EC-Earth3,-6.5,-6.4767,21,LT,Spring barley,heat_mj,0.00338655060924853
EC-Earth3,-5.5,-5.3342,8,LT,Spring barley,heat_mj,0.00254462327684481
EC-Earth3,-4.5,-4.5495,8,LT,Spring barley,heat_mj,0.00467532248561917
EC-Earth3,-3.5,-3.3459,9,LT,Spring barley,heat_mj,0.00400531106035932
EC-Earth3,-2.5,-2.4493,5,LT,Spring barley,heat_mj,0.00449685333105982
EC-Earth3,-1.5,-1.3807,6,LT,Spring barley,heat_mj,0.00118845575555691
EC-Earth3,-0.5,-0.6596,3,LT,Spring barley,heat_mj,-0.00522259072919427
HadGEM3-GC3-1LL,-8.5,-8.3848,12,LT,Spring barley,heat_mj,0.00373447387252121
HadGEM3-GC3-1LL,-7.5,-7.5599,19,LT,Spring barley,heat_mj,0.00356031846560119
HadGEM3-GC3-1LL,-6.5,-6.5442,24,LT,Spring barley,heat_mj,0.00344174900516236
HadGEM3-GC3-1LL,-5.5,-5.5797,10,LT,Spring barley,heat_mj,0.00232344914161037
HadGEM3-GC3-1LL,-4.5,-4.5263,6,LT,Spring barley,heat_mj,0.00404240426670352
HadGEM3-GC3-1LL,-3.5,-3.7835,7,LT,Spring barley,heat_mj,0.0045529834915356
HadGEM3-GC3-1LL,-2.5,-2.4504,6,LT,Spring barley,heat_mj,0.00340170698378752
HadGEM3-GC3-1LL,-1.5,-1.3098,8,LT,Spring barley,heat_mj,0.00114086815787088
HadGEM3-GC3-1LL,-0.5,-0.331,6,LT,Spring barley,heat_mj,0.00141642142090951
HadGEM3-GC3-1MM,-14.5,-14.3032,4,LT,Spring barley,heat_mj,0.00589509702175029
HadGEM3-GC3-1MM,-13.5,-13.3931,8,LT,Spring barley,heat_mj,0.0066029699326881
HadGEM3-GC3-1MM,-12.5,-12.588,13,LT,Spring barley,heat_mj,0.00703706681719685
HadGEM3-GC3-1MM,-11.5,-11.5321,21,LT,Spring barley,heat_mj,0.00699211938396589
HadGEM3-GC3-1MM,-10.5,-10.4803,10,LT,Spring barley,heat_mj,0.00743434684581822
HadGEM3-GC3-1MM,-9.5,-9.6161,7,LT,Spring barley,heat_mj,0.00334637175583648
HadGEM3-GC3-1MM,-8.5,-8.6582,7,LT,Spring barley,heat_mj,0.00576819344349286
HadGEM3-GC3-1MM,-7.5,-7.6345,8,LT,Spring barley,heat_mj,0.00600406413581775
HadGEM3-GC3-1MM,-6.5,-6.4299,4,LT,Spring barley,heat_mj,0.00485860593763444
HadGEM3-GC3-1MM,-5.5,-5.3528,4,LT,Spring barley,heat_mj,0.00352195088680731
HadGEM3-GC3-1MM,-4.5,-4.3969,4,LT,Spring barley,heat_mj,0.0022773439892652
IPSL-CM6A-LR,-9.5,-9.3401,5,LT,Spring barley,heat_mj,0.00662816712120622
IPSL-CM6A-LR,-8.5,-8.4598,8,LT,Spring barley,heat_mj,0.00606594750035903
IPSL-CM6A-LR,-7.5,-7.5255,19,LT,Spring barley,heat_mj,0.00557623355027993
IPSL-CM6A-LR,-6.5,-6.5577,11,LT,Spring barley,heat_mj,0.00488092801635571
IPSL-CM6A-LR,-5.5,-5.5623,13,LT,Spring barley,heat_mj,0.00515350672154081
IPSL-CM6A-LR,-4.5,-4.3507,11,LT,Spring barley,heat_mj,0.00545452975232477
IPSL-CM6A-LR,-3.5,-3.4644,8,LT,Spring barley,heat_mj,0.00465421668486996
IPSL-CM6A-LR,-2.5,-2.5669,9,LT,Spring barley,heat_mj,0.00484885282700772
IPSL-CM6A-LR,-1.5,-1.2909,6,LT,Spring barley,heat_mj,0.00408293735821458
IPSL-CM6A-LR,-0.5,-0.6347,8,LT,Spring barley,heat_mj,0.00176081104704979
EC-Earth3,-9.5,-9.1554,4,LV,Spring barley,heat_mj,0.00133103074415845
EC-Earth3,-8.5,-8.4726,15,LV,Spring barley,heat_mj,0.00354771731029387
EC-Earth3,-7.5,-7.5562,20,LV,Spring barley,heat_mj,0.00365131041277313
EC-Earth3,-6.5,-6.4767,21,LV,Spring barley,heat_mj,0.00266568260691481
EC-Earth3,-5.5,-5.3342,8,LV,Spring barley,heat_mj,0.00180725557068654
EC-Earth3,-4.5,-4.5495,8,LV,Spring barley,heat_mj,0.00387032641157489
EC-Earth3,-3.5,-3.3459,9,LV,Spring barley,heat_mj,0.00340383312003993
EC-Earth3,-2.5,-2.4493,5,LV,Spring barley,heat_mj,0.00352481665092982
EC-Earth3,-1.5,-1.3807,6,LV,Spring barley,heat_mj,0.000657621658739965
EC-Earth3,-0.5,-0.6596,3,LV,Spring barley,heat_mj,-0.00400678964785945
HadGEM3-GC3-1LL,-8.5,-8.3848,12,LV,Spring barley,heat_mj,0.00334973029934644
HadGEM3-GC3-1LL,-7.5,-7.5599,19,LV,Spring barley,heat_mj,0.00329674893430319
HadGEM3-GC3-1LL,-6.5,-6.5442,24,LV,Spring barley,heat_mj,0.00294979189193608
HadGEM3-GC3-1LL,-5.5,-5.5797,10,LV,Spring barley,heat_mj,0.00226634670066583
HadGEM3-GC3-1LL,-4.5,-4.5263,6,LV,Spring barley,heat_mj,0.00312334084618421
HadGEM3-GC3-1LL,-3.5,-3.7835,7,LV,Spring barley,heat_mj,0.00362127907200113
HadGEM3-GC3-1LL,-2.5,-2.4504,6,LV,Spring barley,heat_mj,0.00272976867945596
HadGEM3-GC3-1LL,-1.5,-1.3098,8,LV,Spring barley,heat_mj,0.000842291625814721
HadGEM3-GC3-1LL,-0.5,-0.331,6,LV,Spring barley,heat_mj,0.000977156869232524
HadGEM3-GC3-1MM,-14.5,-14.3032,4,LV,Spring barley,heat_mj,0.00481379776510409
HadGEM3-GC3-1MM,-13.5,-13.3931,8,LV,Spring barley,heat_mj,0.005156421825313
HadGEM3-GC3-1MM,-12.5,-12.588,13,LV,Spring barley,heat_mj,0.00541843229193005
HadGEM3-GC3-1MM,-11.5,-11.5321,21,LV,Spring barley,heat_mj,0.0053371824059991
HadGEM3-GC3-1MM,-10.5,-10.4803,10,LV,Spring barley,heat_mj,0.0055511781104026
HadGEM3-GC3-1MM,-9.5,-9.6161,7,LV,Spring barley,heat_mj,0.00352179223296221
HadGEM3-GC3-1MM,-8.5,-8.6582,7,LV,Spring barley,heat_mj,0.00465645901396426
HadGEM3-GC3-1MM,-7.5,-7.6345,8,LV,Spring barley,heat_mj,0.00459685080914835
HadGEM3-GC3-1MM,-6.5,-6.4299,4,LV,Spring barley,heat_mj,0.00400043321791777
HadGEM3-GC3-1MM,-5.5,-5.3528,4,LV,Spring barley,heat_mj,0.00242312998289583
HadGEM3-GC3-1MM,-4.5,-4.3969,4,LV,Spring barley,heat_mj,0.00223437390688042
IPSL-CM6A-LR,-9.5,-9.3401,5,LV,Spring barley,heat_mj,0.00511385446301907
IPSL-CM6A-LR,-8.5,-8.4598,8,LV,Spring barley,heat_mj,0.00463178547896148
IPSL-CM6A-LR,-7.5,-7.5255,19,LV,Spring barley,heat_mj,0.00446353617698383
IPSL-CM6A-LR,-6.5,-6.5577,11,LV,Spring barley,heat_mj,0.00411895199869812
IPSL-CM6A-LR,-5.5,-5.5623,13,LV,Spring barley,heat_mj,0.00392747381995944
IPSL-CM6A-LR,-4.5,-4.3507,11,LV,Spring barley,heat_mj,0.00430243215404306
IPSL-CM6A-LR,-3.5,-3.4644,8,LV,Spring barley,heat_mj,0.00354943392162232
IPSL-CM6A-LR,-2.5,-2.5669,9,LV,Spring barley,heat_mj,0.00363174422804227
IPSL-CM6A-LR,-1.5,-1.2909,6,LV,Spring barley,heat_mj,0.00330254907733965
IPSL-CM6A-LR,-0.5,-0.6347,8,LV,Spring barley,heat_mj,0.00126788090364039
EC-Earth3,-9.5,-9.1554,4,SE,Spring barley,heat_mj,0.00259357207917678
EC-Earth3,-8.5,-8.4726,15,SE,Spring barley,heat_mj,0.00246723136466535
EC-Earth3,-7.5,-7.5562,20,SE,Spring barley,heat_mj,0.00234212457533741
EC-Earth3,-6.5,-6.4767,21,SE,Spring barley,heat_mj,0.00196234629154746
EC-Earth3,-5.5,-5.3342,8,SE,Spring barley,heat_mj,0.00158194001976881
EC-Earth3,-4.5,-4.5495,8,SE,Spring barley,heat_mj,0.00246882005261996
EC-Earth3,-3.5,-3.3459,9,SE,Spring barley,heat_mj,0.00182698255133078
EC-Earth3,-2.5,-2.4493,5,SE,Spring barley,heat_mj,0.00243331027411899
EC-Earth3,-1.5,-1.3807,6,SE,Spring barley,heat_mj,0.00159810207453729
EC-Earth3,-0.5,-0.6596,3,SE,Spring barley,heat_mj,0.000642255047220332
HadGEM3-GC3-1LL,-8.5,-8.3848,12,SE,Spring barley,heat_mj,0.0018610533959461
HadGEM3-GC3-1LL,-7.5,-7.5599,19,SE,Spring barley,heat_mj,0.00196532750742486
HadGEM3-GC3-1LL,-6.5,-6.5442,24,SE,Spring barley,heat_mj,0.00177990394690038
HadGEM3-GC3-1LL,-5.5,-5.5797,10,SE,Spring barley,heat_mj,0.00130646730483191
HadGEM3-GC3-1LL,-4.5,-4.5263,6,SE,Spring barley,heat_mj,0.0017535326746931
HadGEM3-GC3-1LL,-3.5,-3.7835,7,SE,Spring barley,heat_mj,0.00210314696837377
HadGEM3-GC3-1LL,-2.5,-2.4504,6,SE,Spring barley,heat_mj,0.00156992994293258
HadGEM3-GC3-1LL,-1.5,-1.3098,8,SE,Spring barley,heat_mj,0.000190840575279018
HadGEM3-GC3-1LL,-0.5,-0.331,6,SE,Spring barley,heat_mj,0.000183451101618178
HadGEM3-GC3-1MM,-14.5,-14.3032,4,SE,Spring barley,heat_mj,0.0027017086935113
HadGEM3-GC3-1MM,-13.5,-13.3931,8,SE,Spring barley,heat_mj,0.00271403656752328
HadGEM3-GC3-1MM,-12.5,-12.588,13,SE,Spring barley,heat_mj,0.00272555833671924
HadGEM3-GC3-1MM,-11.5,-11.5321,21,SE,Spring barley,heat_mj,0.00272839318736193
HadGEM3-GC3-1MM,-10.5,-10.4803,10,SE,Spring barley,heat_mj,0.00272673915084749
HadGEM3-GC3-1MM,-9.5,-9.6161,7,SE,Spring barley,heat_mj,0.00223259838231996
HadGEM3-GC3-1MM,-8.5,-8.6582,7,SE,Spring barley,heat_mj,0.00251444552604566
HadGEM3-GC3-1MM,-7.5,-7.6345,8,SE,Spring barley,heat_mj,0.00250178801863587
HadGEM3-GC3-1MM,-6.5,-6.4299,4,SE,Spring barley,heat_mj,0.00170587370533819
HadGEM3-GC3-1MM,-5.5,-5.3528,4,SE,Spring barley,heat_mj,0.00240341183733677
HadGEM3-GC3-1MM,-4.5,-4.3969,4,SE,Spring barley,heat_mj,0.0016478018621986
IPSL-CM6A-LR,-9.5,-9.3401,5,SE,Spring barley,heat_mj,0.00247109253251885
IPSL-CM6A-LR,-8.5,-8.4598,8,SE,Spring barley,heat_mj,0.00260553503766817
IPSL-CM6A-LR,-7.5,-7.5255,19,SE,Spring barley,heat_mj,0.00237983848891068
IPSL-CM6A-LR,-6.5,-6.5577,11,SE,Spring barley,heat_mj,0.00222338222542334
IPSL-CM6A-LR,-5.5,-5.5623,13,SE,Spring barley,heat_mj,0.00204166215052128
IPSL-CM6A-LR,-4.5,-4.3507,11,SE,Spring barley,heat_mj,0.00227960628734582
IPSL-CM6A-LR,-3.5,-3.4644,8,SE,Spring barley,heat_mj,0.0021348852407914
IPSL-CM6A-LR,-2.5,-2.5669,9,SE,Spring barley,heat_mj,0.00150495812049644
IPSL-CM6A-LR,-1.5,-1.2909,6,SE,Spring barley,heat_mj,0.00201912819418829
IPSL-CM6A-LR,-0.5,-0.6347,8,SE,Spring barley,heat_mj,0.00104080278844463
EC-Earth3,-9.5,-9.1554,4,SK,Spring barley,heat_mj,0.0173601785915674
EC-Earth3,-8.5,-8.4726,15,SK,Spring barley,heat_mj,0.0214444698247153
EC-Earth3,-7.5,-7.5562,20,SK,Spring barley,heat_mj,0.0189731041612327
EC-Earth3,-6.5,-6.4767,21,SK,Spring barley,heat_mj,0.00659423356165867
EC-Earth3,-5.5,-5.3342,8,SK,Spring barley,heat_mj,-0.00208006442430071
EC-Earth3,-4.5,-4.5495,8,SK,Spring barley,heat_mj,0.0112060208770358
EC-Earth3,-3.5,-3.3459,9,SK,Spring barley,heat_mj,0.0141574976825557
EC-Earth3,-2.5,-2.4493,5,SK,Spring barley,heat_mj,0.00555531229950445
EC-Earth3,-1.5,-1.3807,6,SK,Spring barley,heat_mj,0.00897550610095936
EC-Earth3,-0.5,-0.6596,3,SK,Spring barley,heat_mj,-0.0269171245145045
HadGEM3-GC3-1LL,-8.5,-8.3848,12,SK,Spring barley,heat_mj,0.00517388785587735
HadGEM3-GC3-1LL,-7.5,-7.5599,19,SK,Spring barley,heat_mj,-0.000933474324208396
HadGEM3-GC3-1LL,-6.5,-6.5442,24,SK,Spring barley,heat_mj,0.0125150511272047
HadGEM3-GC3-1LL,-5.5,-5.5797,10,SK,Spring barley,heat_mj,0.00497282697428682
HadGEM3-GC3-1LL,-4.5,-4.5263,6,SK,Spring barley,heat_mj,0.0147087577338028
HadGEM3-GC3-1LL,-3.5,-3.7835,7,SK,Spring barley,heat_mj,0.0103467654952961
HadGEM3-GC3-1LL,-2.5,-2.4504,6,SK,Spring barley,heat_mj,0.00847925381740852
HadGEM3-GC3-1LL,-1.5,-1.3098,8,SK,Spring barley,heat_mj,0.002778321448017
HadGEM3-GC3-1LL,-0.5,-0.331,6,SK,Spring barley,heat_mj,0.010683632444733
HadGEM3-GC3-1MM,-14.5,-14.3032,4,SK,Spring barley,heat_mj,0.0116021932467448
HadGEM3-GC3-1MM,-13.5,-13.3931,8,SK,Spring barley,heat_mj,0.0113271956273228
HadGEM3-GC3-1MM,-12.5,-12.588,13,SK,Spring barley,heat_mj,0.0111679552789001
HadGEM3-GC3-1MM,-11.5,-11.5321,21,SK,Spring barley,heat_mj,0.0170158794221317
HadGEM3-GC3-1MM,-10.5,-10.4803,10,SK,Spring barley,heat_mj,0.02281042731821
HadGEM3-GC3-1MM,-9.5,-9.6161,7,SK,Spring barley,heat_mj,-0.0114100803791788
HadGEM3-GC3-1MM,-8.5,-8.6582,7,SK,Spring barley,heat_mj,0.0092800561737922
HadGEM3-GC3-1MM,-7.5,-7.6345,8,SK,Spring barley,heat_mj,0.0169849024667237
HadGEM3-GC3-1MM,-6.5,-6.4299,4,SK,Spring barley,heat_mj,0.00546487381527817
HadGEM3-GC3-1MM,-5.5,-5.3528,4,SK,Spring barley,heat_mj,0.00235950128492215
HadGEM3-GC3-1MM,-4.5,-4.3969,4,SK,Spring barley,heat_mj,-0.00501546279900222
IPSL-CM6A-LR,-9.5,-9.3401,5,SK,Spring barley,heat_mj,0.017816769653396
IPSL-CM6A-LR,-8.5,-8.4598,8,SK,Spring barley,heat_mj,0.0210354142015488
IPSL-CM6A-LR,-7.5,-7.5255,19,SK,Spring barley,heat_mj,0.0155424834974003
IPSL-CM6A-LR,-6.5,-6.5577,11,SK,Spring barley,heat_mj,0.0117181832906656
IPSL-CM6A-LR,-5.5,-5.5623,13,SK,Spring barley,heat_mj,0.0171286131924082
IPSL-CM6A-LR,-4.5,-4.3507,11,SK,Spring barley,heat_mj,0.00915032836468289
IPSL-CM6A-LR,-3.5,-3.4644,8,SK,Spring barley,heat_mj,0.013236900354255
IPSL-CM6A-LR,-2.5,-2.5669,9,SK,Spring barley,heat_mj,0.0123835202633832
IPSL-CM6A-LR,-1.5,-1.2909,6,SK,Spring barley,heat_mj,0.00528795449493866
IPSL-CM6A-LR,-0.5,-0.6347,8,SK,Spring barley,heat_mj,0.00223864814866661
EC-Earth3,-9.5,-9.1554,4,CZ,Winter barley,heat_mj,-0.00739102618946829
EC-Earth3,-8.5,-8.4726,15,CZ,Winter barley,heat_mj,-0.00787849313404284
EC-Earth3,-7.5,-7.5562,20,CZ,Winter barley,heat_mj,-0.00732926829231051
EC-Earth3,-6.5,-6.4767,21,CZ,Winter barley,heat_mj,-0.00245155516910991
EC-Earth3,-5.5,-5.3342,8,CZ,Winter barley,heat_mj,-0.000665370254985894
EC-Earth3,-4.5,-4.5495,8,CZ,Winter barley,heat_mj,-0.004792116266826
EC-Earth3,-3.5,-3.3459,9,CZ,Winter barley,heat_mj,-0.00390622547384759
EC-Earth3,-2.5,-2.4493,5,CZ,Winter barley,heat_mj,-0.00338072830027096
EC-Earth3,-1.5,-1.3807,6,CZ,Winter barley,heat_mj,-0.00306226731757421
EC-Earth3,-0.5,-0.6596,3,CZ,Winter barley,heat_mj,0.0111927080439025
HadGEM3-GC3-1LL,-8.5,-8.3848,12,CZ,Winter barley,heat_mj,-0.00094290518079916
HadGEM3-GC3-1LL,-7.5,-7.5599,19,CZ,Winter barley,heat_mj,-0.00079783969286605
HadGEM3-GC3-1LL,-6.5,-6.5442,24,CZ,Winter barley,heat_mj,-0.00471119913453342
HadGEM3-GC3-1LL,-5.5,-5.5797,10,CZ,Winter barley,heat_mj,-0.00293595262865617
HadGEM3-GC3-1LL,-4.5,-4.5263,6,CZ,Winter barley,heat_mj,-0.00539834305573184
HadGEM3-GC3-1LL,-3.5,-3.7835,7,CZ,Winter barley,heat_mj,-0.00435175418252086
HadGEM3-GC3-1LL,-2.5,-2.4504,6,CZ,Winter barley,heat_mj,-0.00418380967122976
HadGEM3-GC3-1LL,-1.5,-1.3098,8,CZ,Winter barley,heat_mj,-0.000284272523011154
HadGEM3-GC3-1LL,-0.5,-0.331,6,CZ,Winter barley,heat_mj,-0.00240780230723103
HadGEM3-GC3-1MM,-14.5,-14.3032,4,CZ,Winter barley,heat_mj,-0.00711396810569634
HadGEM3-GC3-1MM,-13.5,-13.3931,8,CZ,Winter barley,heat_mj,-0.00823171684892166
HadGEM3-GC3-1MM,-12.5,-12.588,13,CZ,Winter barley,heat_mj,-0.00556469851546499
HadGEM3-GC3-1MM,-11.5,-11.5321,21,CZ,Winter barley,heat_mj,-0.0086398129771521
HadGEM3-GC3-1MM,-10.5,-10.4803,10,CZ,Winter barley,heat_mj,-0.010019731694568
HadGEM3-GC3-1MM,-9.5,-9.6161,7,CZ,Winter barley,heat_mj,0.00222989107462707
HadGEM3-GC3-1MM,-8.5,-8.6582,7,CZ,Winter barley,heat_mj,-0.00637098137194264
HadGEM3-GC3-1MM,-7.5,-7.6345,8,CZ,Winter barley,heat_mj,-0.00799569811943825
HadGEM3-GC3-1MM,-6.5,-6.4299,4,CZ,Winter barley,heat_mj,-0.00263627248354444
HadGEM3-GC3-1MM,-5.5,-5.3528,4,CZ,Winter barley,heat_mj,-0.00435614178859806
HadGEM3-GC3-1MM,-4.5,-4.3969,4,CZ,Winter barley,heat_mj,-0.00150295209019633
IPSL-CM6A-LR,-9.5,-9.3401,5,CZ,Winter barley,heat_mj,-0.00765082135152205
IPSL-CM6A-LR,-8.5,-8.4598,8,CZ,Winter barley,heat_mj,-0.00850173506450068
IPSL-CM6A-LR,-7.5,-7.5255,19,CZ,Winter barley,heat_mj,-0.00674921326242267
IPSL-CM6A-LR,-6.5,-6.5577,11,CZ,Winter barley,heat_mj,-0.00622437889142535
IPSL-CM6A-LR,-5.5,-5.5623,13,CZ,Winter barley,heat_mj,-0.00723535837520238
IPSL-CM6A-LR,-4.5,-4.3507,11,CZ,Winter barley,heat_mj,-0.00389660819865018
IPSL-CM6A-LR,-3.5,-3.4644,8,CZ,Winter barley,heat_mj,-0.00596665137597557
IPSL-CM6A-LR,-2.5,-2.5669,9,CZ,Winter barley,heat_mj,-0.00484404964822552
IPSL-CM6A-LR,-1.5,-1.2909,6,CZ,Winter barley,heat_mj,-0.00337269446973777
IPSL-CM6A-LR,-0.5,-0.6347,8,CZ,Winter barley,heat_mj,-0.00173663821778881
EC-Earth3,-9.5,-9.1554,4,DE,Winter barley,heat_mj,-0.00763450033534692
EC-Earth3,-8.5,-8.4726,15,DE,Winter barley,heat_mj,-0.00708060544305871
EC-Earth3,-7.5,-7.5562,20,DE,Winter barley,heat_mj,-0.00669084577558134
EC-Earth3,-6.5,-6.4767,21,DE,Winter barley,heat_mj,-0.00317969378894699
EC-Earth3,-5.5,-5.3342,8,DE,Winter barley,heat_mj,-0.00188624729261738
EC-Earth3,-4.5,-4.5495,8,DE,Winter barley,heat_mj,-0.00525528194086622
EC-Earth3,-3.5,-3.3459,9,DE,Winter barley,heat_mj,-0.00298968501418367
EC-Earth3,-2.5,-2.4493,5,DE,Winter barley,heat_mj,-0.00396784497735297
EC-Earth3,-1.5,-1.3807,6,DE,Winter barley,heat_mj,-0.00284223101095789
EC-Earth3,-0.5,-0.6596,3,DE,Winter barley,heat_mj,0.00497660988018296
HadGEM3-GC3-1LL,-8.5,-8.3848,12,DE,Winter barley,heat_mj,-0.00159624661106024
HadGEM3-GC3-1LL,-7.5,-7.5599,19,DE,Winter barley,heat_mj,-0.00291930737468683
HadGEM3-GC3-1LL,-6.5,-6.5442,24,DE,Winter barley,heat_mj,-0.00428211617537086
HadGEM3-GC3-1LL,-5.5,-5.5797,10,DE,Winter barley,heat_mj,-0.00243648864676951
HadGEM3-GC3-1LL,-4.5,-4.5263,6,DE,Winter barley,heat_mj,-0.00459710685755406
HadGEM3-GC3-1LL,-3.5,-3.7835,7,DE,Winter barley,heat_mj,-0.00507784078061841
HadGEM3-GC3-1LL,-2.5,-2.4504,6,DE,Winter barley,heat_mj,-0.0041849322270653
HadGEM3-GC3-1LL,-1.5,-1.3098,8,DE,Winter barley,heat_mj,-0.000977770009588786
HadGEM3-GC3-1LL,-0.5,-0.331,6,DE,Winter barley,heat_mj,-0.0013717023944612
HadGEM3-GC3-1MM,-14.5,-14.3032,4,DE,Winter barley,heat_mj,-0.00862476674465644
HadGEM3-GC3-1MM,-13.5,-13.3931,8,DE,Winter barley,heat_mj,-0.00941971412789268
HadGEM3-GC3-1MM,-12.5,-12.588,13,DE,Winter barley,heat_mj,-0.00728224974576248
HadGEM3-GC3-1MM,-11.5,-11.5321,21,DE,Winter barley,heat_mj,-0.00884345577800708
HadGEM3-GC3-1MM,-10.5,-10.4803,10,DE,Winter barley,heat_mj,-0.00937886075456307
HadGEM3-GC3-1MM,-9.5,-9.6161,7,DE,Winter barley,heat_mj,-0.00309673447358927
HadGEM3-GC3-1MM,-8.5,-8.6582,7,DE,Winter barley,heat_mj,-0.00672507815738449
HadGEM3-GC3-1MM,-7.5,-7.6345,8,DE,Winter barley,heat_mj,-0.00789033503839276
HadGEM3-GC3-1MM,-6.5,-6.4299,4,DE,Winter barley,heat_mj,-0.00428573152242873
HadGEM3-GC3-1MM,-5.5,-5.3528,4,DE,Winter barley,heat_mj,-0.00590317574806644
HadGEM3-GC3-1MM,-4.5,-4.3969,4,DE,Winter barley,heat_mj,-0.0023835216263233
IPSL-CM6A-LR,-9.5,-9.3401,5,DE,Winter barley,heat_mj,-0.00694072131657095
IPSL-CM6A-LR,-8.5,-8.4598,8,DE,Winter barley,heat_mj,-0.00825219009587411
IPSL-CM6A-LR,-7.5,-7.5255,19,DE,Winter barley,heat_mj,-0.00613144191732089
IPSL-CM6A-LR,-6.5,-6.5577,11,DE,Winter barley,heat_mj,-0.00614036191674351
IPSL-CM6A-LR,-5.5,-5.5623,13,DE,Winter barley,heat_mj,-0.0064036713228244
IPSL-CM6A-LR,-4.5,-4.3507,11,DE,Winter barley,heat_mj,-0.004422806977131
IPSL-CM6A-LR,-3.5,-3.4644,8,DE,Winter barley,heat_mj,-0.00616726627855696
IPSL-CM6A-LR,-2.5,-2.5669,9,DE,Winter barley,heat_mj,-0.00336244929074343
IPSL-CM6A-LR,-1.5,-1.2909,6,DE,Winter barley,heat_mj,-0.00430932063362432
IPSL-CM6A-LR,-0.5,-0.6347,8,DE,Winter barley,heat_mj,-0.00151199333459169
EC-Earth3,-9.5,-9.1554,4,DK,Winter barley,heat_mj,-0.000796038120274952
EC-Earth3,-8.5,-8.4726,15,DK,Winter barley,heat_mj,-0.00077782292194817
EC-Earth3,-7.5,-7.5562,20,DK,Winter barley,heat_mj,-0.000773247726680735
EC-Earth3,-6.5,-6.4767,21,DK,Winter barley,heat_mj,-0.000693492891835734
EC-Earth3,-5.5,-5.3342,8,DK,Winter barley,heat_mj,-0.000559436640945298
EC-Earth3,-4.5,-4.5495,8,DK,Winter barley,heat_mj,-0.000762926218106299
EC-Earth3,-3.5,-3.3459,9,DK,Winter barley,heat_mj,-0.000586466801648111
EC-Earth3,-2.5,-2.4493,5,DK,Winter barley,heat_mj,-0.000755282150055009
EC-Earth3,-1.5,-1.3807,6,DK,Winter barley,heat_mj,-0.000491323539242013
EC-Earth3,-0.5,-0.6596,3,DK,Winter barley,heat_mj,-5.37462112032916e-05
HadGEM3-GC3-1LL,-8.5,-8.3848,12,DK,Winter barley,heat_mj,-0.000625469474937854
HadGEM3-GC3-1LL,-7.5,-7.5599,19,DK,Winter barley,heat_mj,-0.000686188020844477
HadGEM3-GC3-1LL,-6.5,-6.5442,24,DK,Winter barley,heat_mj,-0.000613704336814186
HadGEM3-GC3-1LL,-5.5,-5.5797,10,DK,Winter barley,heat_mj,-0.000541816984056239
HadGEM3-GC3-1LL,-4.5,-4.5263,6,DK,Winter barley,heat_mj,-0.000652400824720235
HadGEM3-GC3-1LL,-3.5,-3.7835,7,DK,Winter barley,heat_mj,-0.00072466465543213
HadGEM3-GC3-1LL,-2.5,-2.4504,6,DK,Winter barley,heat_mj,-0.000560231599777902
HadGEM3-GC3-1LL,-1.5,-1.3098,8,DK,Winter barley,heat_mj,-5.90743177092479e-05
HadGEM3-GC3-1LL,-0.5,-0.331,6,DK,Winter barley,heat_mj,3.38020227166057e-05
HadGEM3-GC3-1MM,-14.5,-14.3032,4,DK,Winter barley,heat_mj,-0.000816546865215244
HadGEM3-GC3-1MM,-13.5,-13.3931,8,DK,Winter barley,heat_mj,-0.00081936365419559
HadGEM3-GC3-1MM,-12.5,-12.588,13,DK,Winter barley,heat_mj,-0.000822676167980286
HadGEM3-GC3-1MM,-11.5,-11.5321,21,DK,Winter barley,heat_mj,-0.000821187471277482
HadGEM3-GC3-1MM,-10.5,-10.4803,10,DK,Winter barley,heat_mj,-0.000818419994894107
HadGEM3-GC3-1MM,-9.5,-9.6161,7,DK,Winter barley,heat_mj,-0.000722114743803937
HadGEM3-GC3-1MM,-8.5,-8.6582,7,DK,Winter barley,heat_mj,-0.000790444814423268
HadGEM3-GC3-1MM,-7.5,-7.6345,8,DK,Winter barley,heat_mj,-0.000779780000122774
HadGEM3-GC3-1MM,-6.5,-6.4299,4,DK,Winter barley,heat_mj,-0.000391817789561769
HadGEM3-GC3-1MM,-5.5,-5.3528,4,DK,Winter barley,heat_mj,-0.000767728890018299
HadGEM3-GC3-1MM,-4.5,-4.3969,4,DK,Winter barley,heat_mj,-0.000501538502729117
IPSL-CM6A-LR,-9.5,-9.3401,5,DK,Winter barley,heat_mj,-0.000787200719851341
IPSL-CM6A-LR,-8.5,-8.4598,8,DK,Winter barley,heat_mj,-0.000811684402509893
IPSL-CM6A-LR,-7.5,-7.5255,19,DK,Winter barley,heat_mj,-0.000780756764144583
IPSL-CM6A-LR,-6.5,-6.5577,11,DK,Winter barley,heat_mj,-0.000768238912128085
IPSL-CM6A-LR,-5.5,-5.5623,13,DK,Winter barley,heat_mj,-0.000715582215927194
IPSL-CM6A-LR,-4.5,-4.3507,11,DK,Winter barley,heat_mj,-0.000740731997814921
IPSL-CM6A-LR,-3.5,-3.4644,8,DK,Winter barley,heat_mj,-0.000739629957725872
IPSL-CM6A-LR,-2.5,-2.5669,9,DK,Winter barley,heat_mj,-0.000552061379550105
IPSL-CM6A-LR,-1.5,-1.2909,6,DK,Winter barley,heat_mj,-0.000710074535041358
IPSL-CM6A-LR,-0.5,-0.6347,8,DK,Winter barley,heat_mj,-0.000437275793950698
EC-Earth3,-9.5,-9.1554,4,EE,Winter barley,heat_mj,-0.00108356446360516
EC-Earth3,-8.5,-8.4726,15,EE,Winter barley,heat_mj,-0.00203698354971669
EC-Earth3,-7.5,-7.5562,20,EE,Winter barley,heat_mj,-0.00219252931235612
EC-Earth3,-6.5,-6.4767,21,EE,Winter barley,heat_mj,-0.0015960500698139
EC-Earth3,-5.5,-5.3342,8,EE,Winter barley,heat_mj,-0.00125423099745015
EC-Earth3,-4.5,-4.5495,8,EE,Winter barley,heat_mj,-0.00246487493295199
EC-Earth3,-3.5,-3.3459,9,EE,Winter barley,heat_mj,-0.00216306989333157
EC-Earth3,-2.5,-2.4493,5,EE,Winter barley,heat_mj,-0.00232468025309871
EC-Earth3,-1.5,-1.3807,6,EE,Winter barley,heat_mj,-0.000673089110891253
EC-Earth3,-0.5,-0.6596,3,EE,Winter barley,heat_mj,0.00133250754188465
HadGEM3-GC3-1LL,-8.5,-8.3848,12,EE,Winter barley,heat_mj,-0.0021888451205135
HadGEM3-GC3-1LL,-7.5,-7.5599,19,EE,Winter barley,heat_mj,-0.00218677777305925
HadGEM3-GC3-1LL,-6.5,-6.5442,24,EE,Winter barley,heat_mj,-0.00195991615879574
HadGEM3-GC3-1LL,-5.5,-5.5797,10,EE,Winter barley,heat_mj,-0.00166581309429993
HadGEM3-GC3-1LL,-4.5,-4.5263,6,EE,Winter barley,heat_mj,-0.00178654970688418
HadGEM3-GC3-1LL,-3.5,-3.7835,7,EE,Winter barley,heat_mj,-0.00213507505409173
HadGEM3-GC3-1LL,-2.5,-2.4504,6,EE,Winter barley,heat_mj,-0.00174003108789589
HadGEM3-GC3-1LL,-1.5,-1.3098,8,EE,Winter barley,heat_mj,-0.000312391636772623
HadGEM3-GC3-1LL,-0.5,-0.331,6,EE,Winter barley,heat_mj,-0.000268112949161473
HadGEM3-GC3-1MM,-14.5,-14.3032,4,EE,Winter barley,heat_mj,-0.00290910456575421
HadGEM3-GC3-1MM,-13.5,-13.3931,8,EE,Winter barley,heat_mj,-0.00301930829299893
HadGEM3-GC3-1MM,-12.5,-12.588,13,EE,Winter barley,heat_mj,-0.00304992744589102
HadGEM3-GC3-1MM,-11.5,-11.5321,21,EE,Winter barley,heat_mj,-0.00303085141334195
HadGEM3-GC3-1MM,-10.5,-10.4803,10,EE,Winter barley,heat_mj,-0.00308432825918043
HadGEM3-GC3-1MM,-9.5,-9.6161,7,EE,Winter barley,heat_mj,-0.00251586535961888
HadGEM3-GC3-1MM,-8.5,-8.6582,7,EE,Winter barley,heat_mj,-0.00283465871555106
HadGEM3-GC3-1MM,-7.5,-7.6345,8,EE,Winter barley,heat_mj,-0.00271005649580808
HadGEM3-GC3-1MM,-6.5,-6.4299,4,EE,Winter barley,heat_mj,-0.00245269374434352
HadGEM3-GC3-1MM,-5.5,-5.3528,4,EE,Winter barley,heat_mj,-0.00187018644228439
HadGEM3-GC3-1MM,-4.5,-4.3969,4,EE,Winter barley,heat_mj,-0.00167758639517765
IPSL-CM6A-LR,-9.5,-9.3401,5,EE,Winter barley,heat_mj,-0.00284125277865516
IPSL-CM6A-LR,-8.5,-8.4598,8,EE,Winter barley,heat_mj,-0.00273483316489539
IPSL-CM6A-LR,-7.5,-7.5255,19,EE,Winter barley,heat_mj,-0.00268860625166828
IPSL-CM6A-LR,-6.5,-6.5577,11,EE,Winter barley,heat_mj,-0.00263737162090631
IPSL-CM6A-LR,-5.5,-5.5623,13,EE,Winter barley,heat_mj,-0.00223447816783651
IPSL-CM6A-LR,-4.5,-4.3507,11,EE,Winter barley,heat_mj,-0.00252110764368946
IPSL-CM6A-LR,-3.5,-3.4644,8,EE,Winter barley,heat_mj,-0.00195576816388488
IPSL-CM6A-LR,-2.5,-2.5669,9,EE,Winter barley,heat_mj,-0.00194880428360666
IPSL-CM6A-LR,-1.5,-1.2909,6,EE,Winter barley,heat_mj,-0.00206965576546654
IPSL-CM6A-LR,-0.5,-0.6347,8,EE,Winter barley,heat_mj,-0.000780972109546218
EC-Earth3,-9.5,-9.1554,4,EL,Winter barley,heat_mj,-0.0191925317475534
EC-Earth3,-8.5,-8.4726,15,EL,Winter barley,heat_mj,-0.0283310280726351
EC-Earth3,-7.5,-7.5562,20,EL,Winter barley,heat_mj,-0.0228049104338413
EC-Earth3,-6.5,-6.4767,21,EL,Winter barley,heat_mj,-0.0202370164813664
EC-Earth3,-5.5,-5.3342,8,EL,Winter barley,heat_mj,-0.0175286659848717
EC-Earth3,-4.5,-4.5495,8,EL,Winter barley,heat_mj,-0.00913425526222987
EC-Earth3,-3.5,-3.3459,9,EL,Winter barley,heat_mj,-0.0212667491456399
EC-Earth3,-2.5,-2.4493,5,EL,Winter barley,heat_mj,-0.00336824207645541
EC-Earth3,-1.5,-1.3807,6,EL,Winter barley,heat_mj,-0.0106302047701079
EC-Earth3,-0.5,-0.6596,3,EL,Winter barley,heat_mj,-0.00534115789196042
HadGEM3-GC3-1LL,-8.5,-8.3848,12,EL,Winter barley,heat_mj,-0.0189575833887338
HadGEM3-GC3-1LL,-7.5,-7.5599,19,EL,Winter barley,heat_mj,-0.0106487941639287
HadGEM3-GC3-1LL,-6.5,-6.5442,24,EL,Winter barley,heat_mj,-0.0218700580010544
HadGEM3-GC3-1LL,-5.5,-5.5797,10,EL,Winter barley,heat_mj,-0.0122840076855349
HadGEM3-GC3-1LL,-4.5,-4.5263,6,EL,Winter barley,heat_mj,-0.0143931396070096
HadGEM3-GC3-1LL,-3.5,-3.7835,7,EL,Winter barley,heat_mj,-0.00944434406121617
HadGEM3-GC3-1LL,-2.5,-2.4504,6,EL,Winter barley,heat_mj,-0.00471615332692549
HadGEM3-GC3-1LL,-1.5,-1.3098,8,EL,Winter barley,heat_mj,-0.00769760729969664
HadGEM3-GC3-1LL,-0.5,-0.331,6,EL,Winter barley,heat_mj,-0.00324526660484506
HadGEM3-GC3-1MM,-14.5,-14.3032,4,EL,Winter barley,heat_mj,-0.0212697721475633
HadGEM3-GC3-1MM,-13.5,-13.3931,8,EL,Winter barley,heat_mj,-0.01839508888866
HadGEM3-GC3-1MM,-12.5,-12.588,13,EL,Winter barley,heat_mj,-0.0215036912840266
HadGEM3-GC3-1MM,-11.5,-11.5321,21,EL,Winter barley,heat_mj,-0.0205477668726029
HadGEM3-GC3-1MM,-10.5,-10.4803,10,EL,Winter barley,heat_mj,-0.0133558191389339
HadGEM3-GC3-1MM,-9.5,-9.6161,7,EL,Winter barley,heat_mj,-0.00929904331081198
HadGEM3-GC3-1MM,-8.5,-8.6582,7,EL,Winter barley,heat_mj,-0.0125844261341128
HadGEM3-GC3-1MM,-7.5,-7.6345,8,EL,Winter barley,heat_mj,-0.0113244737789291
HadGEM3-GC3-1MM,-6.5,-6.4299,4,EL,Winter barley,heat_mj,-0.00863334987836317
HadGEM3-GC3-1MM,-5.5,-5.3528,4,EL,Winter barley,heat_mj,0.00457083711564892
HadGEM3-GC3-1MM,-4.5,-4.3969,4,EL,Winter barley,heat_mj,-0.00107105135133909
IPSL-CM6A-LR,-9.5,-9.3401,5,EL,Winter barley,heat_mj,-0.0296318842376489
IPSL-CM6A-LR,-8.5,-8.4598,8,EL,Winter barley,heat_mj,-0.0231192964834961
IPSL-CM6A-LR,-7.5,-7.5255,19,EL,Winter barley,heat_mj,-0.0212484022746623
IPSL-CM6A-LR,-6.5,-6.5577,11,EL,Winter barley,heat_mj,-0.0220956565025559
IPSL-CM6A-LR,-5.5,-5.5623,13,EL,Winter barley,heat_mj,-0.0156808505948114
IPSL-CM6A-LR,-4.5,-4.3507,11,EL,Winter barley,heat_mj,-0.0119036507048674
IPSL-CM6A-LR,-3.5,-3.4644,8,EL,Winter barley,heat_mj,-0.00556566923657941
IPSL-CM6A-LR,-2.5,-2.5669,9,EL,Winter barley,heat_mj,-0.014838814927824
IPSL-CM6A-LR,-1.5,-1.2909,6,EL,Winter barley,heat_mj,-0.0100900452686371
IPSL-CM6A-LR,-0.5,-0.6347,8,EL,Winter barley,heat_mj,0.00774712315384802
EC-Earth3,-9.5,-9.1554,4,ES,Winter barley,heat_mj,-0.0317137277533036
EC-Earth3,-8.5,-8.4726,15,ES,Winter barley,heat_mj,-0.0252877871977547
EC-Earth3,-7.5,-7.5562,20,ES,Winter barley,heat_mj,-0.0250708504547648
EC-Earth3,-6.5,-6.4767,21,ES,Winter barley,heat_mj,-0.0119249631523
EC-Earth3,-5.5,-5.3342,8,ES,Winter barley,heat_mj,-0.0202569587303792
EC-Earth3,-4.5,-4.5495,8,ES,Winter barley,heat_mj,-0.0111099841804575
EC-Earth3,-3.5,-3.3459,9,ES,Winter barley,heat_mj,-0.0265395644079629
EC-Earth3,-2.5,-2.4493,5,ES,Winter barley,heat_mj,-0.00791531672922908
EC-Earth3,-1.5,-1.3807,6,ES,Winter barley,heat_mj,-0.0169728267393643
EC-Earth3,-0.5,-0.6596,3,ES,Winter barley,heat_mj,0.0153187489058267
HadGEM3-GC3-1LL,-8.5,-8.3848,12,ES,Winter barley,heat_mj,-0.0179022999347342
HadGEM3-GC3-1LL,-7.5,-7.5599,19,ES,Winter barley,heat_mj,-0.0205604029357602
HadGEM3-GC3-1LL,-6.5,-6.5442,24,ES,Winter barley,heat_mj,-0.0243797767939645
HadGEM3-GC3-1LL,-5.5,-5.5797,10,ES,Winter barley,heat_mj,-0.0145555761702875
HadGEM3-GC3-1LL,-4.5,-4.5263,6,ES,Winter barley,heat_mj,-0.0115252284872731
HadGEM3-GC3-1LL,-3.5,-3.7835,7,ES,Winter barley,heat_mj,-0.0167302985701737
HadGEM3-GC3-1LL,-2.5,-2.4504,6,ES,Winter barley,heat_mj,-0.0104900145643823
HadGEM3-GC3-1LL,-1.5,-1.3098,8,ES,Winter barley,heat_mj,0.00273618884400473
HadGEM3-GC3-1LL,-0.5,-0.331,6,ES,Winter barley,heat_mj,0.010093103458668
HadGEM3-GC3-1MM,-14.5,-14.3032,4,ES,Winter barley,heat_mj,-0.0434387779284475
HadGEM3-GC3-1MM,-13.5,-13.3931,8,ES,Winter barley,heat_mj,-0.0573577925247334
HadGEM3-GC3-1MM,-12.5,-12.588,13,ES,Winter barley,heat_mj,-0.0486868601126652
HadGEM3-GC3-1MM,-11.5,-11.5321,21,ES,Winter barley,heat_mj,-0.03430885848594
HadGEM3-GC3-1MM,-10.5,-10.4803,10,ES,Winter barley,heat_mj,-0.0285013896170038
HadGEM3-GC3-1MM,-9.5,-9.6161,7,ES,Winter barley,heat_mj,-0.0244264812861093
HadGEM3-GC3-1MM,-8.5,-8.6582,7,ES,Winter barley,heat_mj,-0.0173678488521833
HadGEM3-GC3-1MM,-7.5,-7.6345,8,ES,Winter barley,heat_mj,-0.00913860768715621
HadGEM3-GC3-1MM,-6.5,-6.4299,4,ES,Winter barley,heat_mj,-0.0152749230395552
HadGEM3-GC3-1MM,-5.5,-5.3528,4,ES,Winter barley,heat_mj,-0.000478274007410718
HadGEM3-GC3-1MM,-4.5,-4.3969,4,ES,Winter barley,heat_mj,-0.0158853543356641
IPSL-CM6A-LR,-9.5,-9.3401,5,ES,Winter barley,heat_mj,-0.0348529046692085
IPSL-CM6A-LR,-8.5,-8.4598,8,ES,Winter barley,heat_mj,-0.0356890778233387
IPSL-CM6A-LR,-7.5,-7.5255,19,ES,Winter barley,heat_mj,-0.0261969642127035
IPSL-CM6A-LR,-6.5,-6.5577,11,ES,Winter barley,heat_mj,-0.0268574111170465
IPSL-CM6A-LR,-5.5,-5.5623,13,ES,Winter barley,heat_mj,-0.0255208645954046
IPSL-CM6A-LR,-4.5,-4.3507,11,ES,Winter barley,heat_mj,0.00798920229003504
IPSL-CM6A-LR,-3.5,-3.4644,8,ES,Winter barley,heat_mj,0.00282352251652782
IPSL-CM6A-LR,-2.5,-2.5669,9,ES,Winter barley,heat_mj,-0.0160995251559276
IPSL-CM6A-LR,-1.5,-1.2909,6,ES,Winter barley,heat_mj,-0.00744372661765417
IPSL-CM6A-LR,-0.5,-0.6347,8,ES,Winter barley,heat_mj,0.00203284071331208
EC-Earth3,-9.5,-9.1554,4,FR,Winter barley,heat_mj,-0.0120163195175986
EC-Earth3,-8.5,-8.4726,15,FR,Winter barley,heat_mj,-0.00936591272190084
EC-Earth3,-7.5,-7.5562,20,FR,Winter barley,heat_mj,-0.0103883892699847
EC-Earth3,-6.5,-6.4767,21,FR,Winter barley,heat_mj,-0.00450329544560632
EC-Earth3,-5.5,-5.3342,8,FR,Winter barley,heat_mj,-0.00636067369732028
EC-Earth3,-4.5,-4.5495,8,FR,Winter barley,heat_mj,-0.00622679599087815
EC-Earth3,-3.5,-3.3459,9,FR,Winter barley,heat_mj,-0.00119332884762206
EC-Earth3,-2.5,-2.4493,5,FR,Winter barley,heat_mj,-0.00533857997957075
EC-Earth3,-1.5,-1.3807,6,FR,Winter barley,heat_mj,-0.00414319601216316
EC-Earth3,-0.5,-0.6596,3,FR,Winter barley,heat_mj,0.00457993703790703
HadGEM3-GC3-1LL,-8.5,-8.3848,12,FR,Winter barley,heat_mj,0.00028834001821827
HadGEM3-GC3-1LL,-7.5,-7.5599,19,FR,Winter barley,heat_mj,-0.00552548811182653
HadGEM3-GC3-1LL,-6.5,-6.5442,24,FR,Winter barley,heat_mj,-0.00645818680590964
HadGEM3-GC3-1LL,-5.5,-5.5797,10,FR,Winter barley,heat_mj,-0.00412674504509178
HadGEM3-GC3-1LL,-4.5,-4.5263,6,FR,Winter barley,heat_mj,-0.00376671157329908
HadGEM3-GC3-1LL,-3.5,-3.7835,7,FR,Winter barley,heat_mj,-0.00768559912665415
HadGEM3-GC3-1LL,-2.5,-2.4504,6,FR,Winter barley,heat_mj,-0.00434549597527652
HadGEM3-GC3-1LL,-1.5,-1.3098,8,FR,Winter barley,heat_mj,-0.00109296302325482
HadGEM3-GC3-1LL,-0.5,-0.331,6,FR,Winter barley,heat_mj,0.000622878309909245
HadGEM3-GC3-1MM,-14.5,-14.3032,4,FR,Winter barley,heat_mj,-0.0139652340122904
HadGEM3-GC3-1MM,-13.5,-13.3931,8,FR,Winter barley,heat_mj,-0.0145038765305248
HadGEM3-GC3-1MM,-12.5,-12.588,13,FR,Winter barley,heat_mj,-0.0120359520133797
HadGEM3-GC3-1MM,-11.5,-11.5321,21,FR,Winter barley,heat_mj,-0.0123869313458313
HadGEM3-GC3-1MM,-10.5,-10.4803,10,FR,Winter barley,heat_mj,-0.012294353613954
HadGEM3-GC3-1MM,-9.5,-9.6161,7,FR,Winter barley,heat_mj,-0.00891452638299695
HadGEM3-GC3-1MM,-8.5,-8.6582,7,FR,Winter barley,heat_mj,-0.00862290567482384
HadGEM3-GC3-1MM,-7.5,-7.6345,8,FR,Winter barley,heat_mj,-0.0112166343854399
HadGEM3-GC3-1MM,-6.5,-6.4299,4,FR,Winter barley,heat_mj,-0.00368761041612672
HadGEM3-GC3-1MM,-5.5,-5.3528,4,FR,Winter barley,heat_mj,-0.00905002959837063
HadGEM3-GC3-1MM,-4.5,-4.3969,4,FR,Winter barley,heat_mj,-0.00413189155680084
IPSL-CM6A-LR,-9.5,-9.3401,5,FR,Winter barley,heat_mj,-0.0087715064359148
IPSL-CM6A-LR,-8.5,-8.4598,8,FR,Winter barley,heat_mj,-0.0119946049506392
IPSL-CM6A-LR,-7.5,-7.5255,19,FR,Winter barley,heat_mj,-0.00811749500297627
IPSL-CM6A-LR,-6.5,-6.5577,11,FR,Winter barley,heat_mj,-0.00685266655232456
IPSL-CM6A-LR,-5.5,-5.5623,13,FR,Winter barley,heat_mj,-0.00815381314876926
IPSL-CM6A-LR,-4.5,-4.3507,11,FR,Winter barley,heat_mj,-0.00389967804360792
IPSL-CM6A-LR,-3.5,-3.4644,8,FR,Winter barley,heat_mj,-0.00632604087475978
IPSL-CM6A-LR,-2.5,-2.5669,9,FR,Winter barley,heat_mj,-0.00173791189467068
IPSL-CM6A-LR,-1.5,-1.2909,6,FR,Winter barley,heat_mj,-0.0064007928934805
IPSL-CM6A-LR,-0.5,-0.6347,8,FR,Winter barley,heat_mj,0.00042197877086625
EC-Earth3,-9.5,-9.1554,4,HU,Winter barley,heat_mj,-0.0177589315037814
EC-Earth3,-8.5,-8.4726,15,HU,Winter barley,heat_mj,-0.0255269129652673
EC-Earth3,-7.5,-7.5562,20,HU,Winter barley,heat_mj,-0.020881350409226
EC-Earth3,-6.5,-6.4767,21,HU,Winter barley,heat_mj,-0.00834829799666985
EC-Earth3,-5.5,-5.3342,8,HU,Winter barley,heat_mj,0.00110244396768599
EC-Earth3,-4.5,-4.5495,8,HU,Winter barley,heat_mj,-0.0104230011413582
EC-Earth3,-3.5,-3.3459,9,HU,Winter barley,heat_mj,-0.0202438545311519
EC-Earth3,-2.5,-2.4493,5,HU,Winter barley,heat_mj,0.000372725592010538
EC-Earth3,-1.5,-1.3807,6,HU,Winter barley,heat_mj,-0.0136717475749018
EC-Earth3,-0.5,-0.6596,3,HU,Winter barley,heat_mj,0.0222320545170696
HadGEM3-GC3-1LL,-8.5,-8.3848,12,HU,Winter barley,heat_mj,-0.0065311208408801
HadGEM3-GC3-1LL,-7.5,-7.5599,19,HU,Winter barley,heat_mj,0.00215779420019262
HadGEM3-GC3-1LL,-6.5,-6.5442,24,HU,Winter barley,heat_mj,-0.014509728390359
HadGEM3-GC3-1LL,-5.5,-5.5797,10,HU,Winter barley,heat_mj,-0.00607457018335657
HadGEM3-GC3-1LL,-4.5,-4.5263,6,HU,Winter barley,heat_mj,-0.0171411852432388
HadGEM3-GC3-1LL,-3.5,-3.7835,7,HU,Winter barley,heat_mj,-0.0111417722390204
HadGEM3-GC3-1LL,-2.5,-2.4504,6,HU,Winter barley,heat_mj,-0.00928116167194843
HadGEM3-GC3-1LL,-1.5,-1.3098,8,HU,Winter barley,heat_mj,-0.0038790680474935
HadGEM3-GC3-1LL,-0.5,-0.331,6,HU,Winter barley,heat_mj,-0.00953446673706528
HadGEM3-GC3-1MM,-14.5,-14.3032,4,HU,Winter barley,heat_mj,-0.0104454494812388
HadGEM3-GC3-1MM,-13.5,-13.3931,8,HU,Winter barley,heat_mj,-0.0135494801095911
HadGEM3-GC3-1MM,-12.5,-12.588,13,HU,Winter barley,heat_mj,-0.0129452916752822
HadGEM3-GC3-1MM,-11.5,-11.5321,21,HU,Winter barley,heat_mj,-0.0172228548295991
HadGEM3-GC3-1MM,-10.5,-10.4803,10,HU,Winter barley,heat_mj,-0.0241417135539439
HadGEM3-GC3-1MM,-9.5,-9.6161,7,HU,Winter barley,heat_mj,0.00393549864262833
HadGEM3-GC3-1MM,-8.5,-8.6582,7,HU,Winter barley,heat_mj,-0.00766547311847418
HadGEM3-GC3-1MM,-7.5,-7.6345,8,HU,Winter barley,heat_mj,-0.0179764848715662
HadGEM3-GC3-1MM,-6.5,-6.4299,4,HU,Winter barley,heat_mj,-0.00836225037022243
HadGEM3-GC3-1MM,-5.5,-5.3528,4,HU,Winter barley,heat_mj,-0.00267043258218146
HadGEM3-GC3-1MM,-4.5,-4.3969,4,HU,Winter barley,heat_mj,0.00428598030018373
IPSL-CM6A-LR,-9.5,-9.3401,5,HU,Winter barley,heat_mj,-0.0209760289387102
IPSL-CM6A-LR,-8.5,-8.4598,8,HU,Winter barley,heat_mj,-0.0222300441047986
IPSL-CM6A-LR,-7.5,-7.5255,19,HU,Winter barley,heat_mj,-0.0171938108646478
IPSL-CM6A-LR,-6.5,-6.5577,11,HU,Winter barley,heat_mj,-0.0143533444460784
IPSL-CM6A-LR,-5.5,-5.5623,13,HU,Winter barley,heat_mj,-0.0184763354315596
IPSL-CM6A-LR,-4.5,-4.3507,11,HU,Winter barley,heat_mj,-0.00832546461110282
IPSL-CM6A-LR,-3.5,-3.4644,8,HU,Winter barley,heat_mj,-0.0131823746735475
IPSL-CM6A-LR,-2.5,-2.5669,9,HU,Winter barley,heat_mj,-0.012851131027921
IPSL-CM6A-LR,-1.5,-1.2909,6,HU,Winter barley,heat_mj,-0.00502239938906568
IPSL-CM6A-LR,-0.5,-0.6347,8,HU,Winter barley,heat_mj,0.00136755167792072
EC-Earth3,-9.5,-9.1554,4,IT,Winter barley,heat_mj,-0.0220638127633972
EC-Earth3,-8.5,-8.4726,15,IT,Winter barley,heat_mj,-0.0221515429509272
EC-Earth3,-7.5,-7.5562,20,IT,Winter barley,heat_mj,-0.0198782144945866
EC-Earth3,-6.5,-6.4767,21,IT,Winter barley,heat_mj,-0.00836722135655759
EC-Earth3,-5.5,-5.3342,8,IT,Winter barley,heat_mj,-0.00408021273461907
EC-Earth3,-4.5,-4.5495,8,IT,Winter barley,heat_mj,-0.00165110283486105
EC-Earth3,-3.5,-3.3459,9,IT,Winter barley,heat_mj,-0.0199529552914511
EC-Earth3,-2.5,-2.4493,5,IT,Winter barley,heat_mj,0.000442847048208646
EC-Earth3,-1.5,-1.3807,6,IT,Winter barley,heat_mj,-0.00647630068530553
EC-Earth3,-0.5,-0.6596,3,IT,Winter barley,heat_mj,0.01775404295916
HadGEM3-GC3-1LL,-8.5,-8.3848,12,IT,Winter barley,heat_mj,-0.00506111233972945
HadGEM3-GC3-1LL,-7.5,-7.5599,19,IT,Winter barley,heat_mj,-0.0040916188915424
HadGEM3-GC3-1LL,-6.5,-6.5442,24,IT,Winter barley,heat_mj,-0.0192625185233592
HadGEM3-GC3-1LL,-5.5,-5.5797,10,IT,Winter barley,heat_mj,-0.0108657714764664
HadGEM3-GC3-1LL,-4.5,-4.5263,6,IT,Winter barley,heat_mj,-0.014336425886609
HadGEM3-GC3-1LL,-3.5,-3.7835,7,IT,Winter barley,heat_mj,-0.00454045700103539
HadGEM3-GC3-1LL,-2.5,-2.4504,6,IT,Winter barley,heat_mj,-0.00502308953988506
HadGEM3-GC3-1LL,-1.5,-1.3098,8,IT,Winter barley,heat_mj,-0.00313654977826261
HadGEM3-GC3-1LL,-0.5,-0.331,6,IT,Winter barley,heat_mj,-0.00305648548809636
HadGEM3-GC3-1MM,-14.5,-14.3032,4,IT,Winter barley,heat_mj,-0.0218051691955048
HadGEM3-GC3-1MM,-13.5,-13.3931,8,IT,Winter barley,heat_mj,-0.0228735049828708
HadGEM3-GC3-1MM,-12.5,-12.588,13,IT,Winter barley,heat_mj,-0.0147829716654481
HadGEM3-GC3-1MM,-11.5,-11.5321,21,IT,Winter barley,heat_mj,-0.0188440895393696
HadGEM3-GC3-1MM,-10.5,-10.4803,10,IT,Winter barley,heat_mj,-0.0200197142669757
HadGEM3-GC3-1MM,-9.5,-9.6161,7,IT,Winter barley,heat_mj,-0.00677406069327065
HadGEM3-GC3-1MM,-8.5,-8.6582,7,IT,Winter barley,heat_mj,-0.00798874910506353
HadGEM3-GC3-1MM,-7.5,-7.6345,8,IT,Winter barley,heat_mj,-0.00956253519214687
HadGEM3-GC3-1MM,-6.5,-6.4299,4,IT,Winter barley,heat_mj,-0.00831118580046181
HadGEM3-GC3-1MM,-5.5,-5.3528,4,IT,Winter barley,heat_mj,-0.00592708855828277
HadGEM3-GC3-1MM,-4.5,-4.3969,4,IT,Winter barley,heat_mj,-0.000533235876275222
IPSL-CM6A-LR,-9.5,-9.3401,5,IT,Winter barley,heat_mj,-0.0226266952465307
IPSL-CM6A-LR,-8.5,-8.4598,8,IT,Winter barley,heat_mj,-0.0242691720813994
IPSL-CM6A-LR,-7.5,-7.5255,19,IT,Winter barley,heat_mj,-0.016717392668163
IPSL-CM6A-LR,-6.5,-6.5577,11,IT,Winter barley,heat_mj,-0.0179805386774066
IPSL-CM6A-LR,-5.5,-5.5623,13,IT,Winter barley,heat_mj,-0.0182973119085414
IPSL-CM6A-LR,-4.5,-4.3507,11,IT,Winter barley,heat_mj,-0.00149655878876185
IPSL-CM6A-LR,-3.5,-3.4644,8,IT,Winter barley,heat_mj,-0.00968043026789803
IPSL-CM6A-LR,-2.5,-2.5669,9,IT,Winter barley,heat_mj,-0.0100915479000378
IPSL-CM6A-LR,-1.5,-1.2909,6,IT,Winter barley,heat_mj,-0.00531465933335333
IPSL-CM6A-LR,-0.5,-0.6347,8,IT,Winter barley,heat_mj,0.00368933085150148
EC-Earth3,-9.5,-9.1554,4,LT,Winter barley,heat_mj,-0.00168469382611185
EC-Earth3,-8.5,-8.4726,15,LT,Winter barley,heat_mj,-0.00371136534631117
EC-Earth3,-7.5,-7.5562,20,LT,Winter barley,heat_mj,-0.00364900574680599
EC-Earth3,-6.5,-6.4767,21,LT,Winter barley,heat_mj,-0.00253209218401664
EC-Earth3,-5.5,-5.3342,8,LT,Winter barley,heat_mj,-0.00191310813665077
EC-Earth3,-4.5,-4.5495,8,LT,Winter barley,heat_mj,-0.003498585985414
EC-Earth3,-3.5,-3.3459,9,LT,Winter barley,heat_mj,-0.003009616802162
EC-Earth3,-2.5,-2.4493,5,LT,Winter barley,heat_mj,-0.00335349695413136
EC-Earth3,-1.5,-1.3807,6,LT,Winter barley,heat_mj,-0.000864555870689766
EC-Earth3,-0.5,-0.6596,3,LT,Winter barley,heat_mj,0.00394552986930757
HadGEM3-GC3-1LL,-8.5,-8.3848,12,LT,Winter barley,heat_mj,-0.00278382818621444
HadGEM3-GC3-1LL,-7.5,-7.5599,19,LT,Winter barley,heat_mj,-0.00265498557087875
HadGEM3-GC3-1LL,-6.5,-6.5442,24,LT,Winter barley,heat_mj,-0.00256736035942385
HadGEM3-GC3-1LL,-5.5,-5.5797,10,LT,Winter barley,heat_mj,-0.00171370208739143
HadGEM3-GC3-1LL,-4.5,-4.5263,6,LT,Winter barley,heat_mj,-0.00302576830429785
HadGEM3-GC3-1LL,-3.5,-3.7835,7,LT,Winter barley,heat_mj,-0.0034173360116054
HadGEM3-GC3-1LL,-2.5,-2.4504,6,LT,Winter barley,heat_mj,-0.00254370003369971
HadGEM3-GC3-1LL,-1.5,-1.3098,8,LT,Winter barley,heat_mj,-0.000863237217501445
HadGEM3-GC3-1LL,-0.5,-0.331,6,LT,Winter barley,heat_mj,-0.0010698150091409
HadGEM3-GC3-1MM,-14.5,-14.3032,4,LT,Winter barley,heat_mj,-0.00440905593797232
HadGEM3-GC3-1MM,-13.5,-13.3931,8,LT,Winter barley,heat_mj,-0.00495085381560777
HadGEM3-GC3-1MM,-12.5,-12.588,13,LT,Winter barley,heat_mj,-0.00529872186882136
HadGEM3-GC3-1MM,-11.5,-11.5321,21,LT,Winter barley,heat_mj,-0.00525971287508135
HadGEM3-GC3-1MM,-10.5,-10.4803,10,LT,Winter barley,heat_mj,-0.00560895593296423
HadGEM3-GC3-1MM,-9.5,-9.6161,7,LT,Winter barley,heat_mj,-0.00247754316111982
HadGEM3-GC3-1MM,-8.5,-8.6582,7,LT,Winter barley,heat_mj,-0.0043253508886017
HadGEM3-GC3-1MM,-7.5,-7.6345,8,LT,Winter barley,heat_mj,-0.00450809697352323
HadGEM3-GC3-1MM,-6.5,-6.4299,4,LT,Winter barley,heat_mj,-0.00365031859078316
HadGEM3-GC3-1MM,-5.5,-5.3528,4,LT,Winter barley,heat_mj,-0.00262306301787228
HadGEM3-GC3-1MM,-4.5,-4.3969,4,LT,Winter barley,heat_mj,-0.00167236942401581
IPSL-CM6A-LR,-9.5,-9.3401,5,LT,Winter barley,heat_mj,-0.00498693717245846
IPSL-CM6A-LR,-8.5,-8.4598,8,LT,Winter barley,heat_mj,-0.00454170693520561
IPSL-CM6A-LR,-7.5,-7.5255,19,LT,Winter barley,heat_mj,-0.00417428108928809
IPSL-CM6A-LR,-6.5,-6.5577,11,LT,Winter barley,heat_mj,-0.00362663655655784
IPSL-CM6A-LR,-5.5,-5.5623,13,LT,Winter barley,heat_mj,-0.00387967486758377
IPSL-CM6A-LR,-4.5,-4.3507,11,LT,Winter barley,heat_mj,-0.00409898186596202
IPSL-CM6A-LR,-3.5,-3.4644,8,LT,Winter barley,heat_mj,-0.00350225695543208
IPSL-CM6A-LR,-2.5,-2.5669,9,LT,Winter barley,heat_mj,-0.00365846450305764
IPSL-CM6A-LR,-1.5,-1.2909,6,LT,Winter barley,heat_mj,-0.0030582300062297
IPSL-CM6A-LR,-0.5,-0.6347,8,LT,Winter barley,heat_mj,-0.00133185909981102
EC-Earth3,-9.5,-9.1554,4,LV,Winter barley,heat_mj,-0.00132817532756396
EC-Earth3,-8.5,-8.4726,15,LV,Winter barley,heat_mj,-0.00274398229921762
EC-Earth3,-7.5,-7.5562,20,LV,Winter barley,heat_mj,-0.0027852063667472
EC-Earth3,-6.5,-6.4767,21,LV,Winter barley,heat_mj,-0.00207025325273488
EC-Earth3,-5.5,-5.3342,8,LV,Winter barley,heat_mj,-0.00145269746363862
EC-Earth3,-4.5,-4.5495,8,LV,Winter barley,heat_mj,-0.00294783462959817
EC-Earth3,-3.5,-3.3459,9,LV,Winter barley,heat_mj,-0.00260199397434205
EC-Earth3,-2.5,-2.4493,5,LV,Winter barley,heat_mj,-0.00270586699469682
EC-Earth3,-1.5,-1.3807,6,LV,Winter barley,heat_mj,-0.000706082970223815
EC-Earth3,-0.5,-0.6596,3,LV,Winter barley,heat_mj,0.00278778589286022
HadGEM3-GC3-1LL,-8.5,-8.3848,12,LV,Winter barley,heat_mj,-0.00248160848172901
HadGEM3-GC3-1LL,-7.5,-7.5599,19,LV,Winter barley,heat_mj,-0.00244588239219784
HadGEM3-GC3-1LL,-6.5,-6.5442,24,LV,Winter barley,heat_mj,-0.0022008662563688
HadGEM3-GC3-1LL,-5.5,-5.5797,10,LV,Winter barley,heat_mj,-0.00168406389310289
HadGEM3-GC3-1LL,-4.5,-4.5263,6,LV,Winter barley,heat_mj,-0.00234960610558126
HadGEM3-GC3-1LL,-3.5,-3.7835,7,LV,Winter barley,heat_mj,-0.00270724030411556
HadGEM3-GC3-1LL,-2.5,-2.4504,6,LV,Winter barley,heat_mj,-0.00202904898491977
HadGEM3-GC3-1LL,-1.5,-1.3098,8,LV,Winter barley,heat_mj,-0.000601007336458013
HadGEM3-GC3-1LL,-0.5,-0.331,6,LV,Winter barley,heat_mj,-0.000704633035255359
HadGEM3-GC3-1MM,-14.5,-14.3032,4,LV,Winter barley,heat_mj,-0.00362518079841325
HadGEM3-GC3-1MM,-13.5,-13.3931,8,LV,Winter barley,heat_mj,-0.00387478952548644
HadGEM3-GC3-1MM,-12.5,-12.588,13,LV,Winter barley,heat_mj,-0.0040502666647482
HadGEM3-GC3-1MM,-11.5,-11.5321,21,LV,Winter barley,heat_mj,-0.00400160317719389
HadGEM3-GC3-1MM,-10.5,-10.4803,10,LV,Winter barley,heat_mj,-0.00414120537407456
HadGEM3-GC3-1MM,-9.5,-9.6161,7,LV,Winter barley,heat_mj,-0.00261144916445345
HadGEM3-GC3-1MM,-8.5,-8.6582,7,LV,Winter barley,heat_mj,-0.00350142270270043
HadGEM3-GC3-1MM,-7.5,-7.6345,8,LV,Winter barley,heat_mj,-0.00347377341025197
HadGEM3-GC3-1MM,-6.5,-6.4299,4,LV,Winter barley,heat_mj,-0.00302477547038381
HadGEM3-GC3-1MM,-5.5,-5.3528,4,LV,Winter barley,heat_mj,-0.0019484696078885
HadGEM3-GC3-1MM,-4.5,-4.3969,4,LV,Winter barley,heat_mj,-0.0017499368321376
IPSL-CM6A-LR,-9.5,-9.3401,5,LV,Winter barley,heat_mj,-0.00382767091738697
IPSL-CM6A-LR,-8.5,-8.4598,8,LV,Winter barley,heat_mj,-0.00350909085336989
IPSL-CM6A-LR,-7.5,-7.5255,19,LV,Winter barley,heat_mj,-0.00335558789358692
IPSL-CM6A-LR,-6.5,-6.5577,11,LV,Winter barley,heat_mj,-0.00312374445149719
IPSL-CM6A-LR,-5.5,-5.5623,13,LV,Winter barley,heat_mj,-0.00292809567207649
IPSL-CM6A-LR,-4.5,-4.3507,11,LV,Winter barley,heat_mj,-0.00322507555701393
IPSL-CM6A-LR,-3.5,-3.4644,8,LV,Winter barley,heat_mj,-0.00264770483778182
IPSL-CM6A-LR,-2.5,-2.5669,9,LV,Winter barley,heat_mj,-0.00271532210219876
IPSL-CM6A-LR,-1.5,-1.2909,6,LV,Winter barley,heat_mj,-0.00250039517281016
IPSL-CM6A-LR,-0.5,-0.6347,8,LV,Winter barley,heat_mj,-0.000976141782692401
EC-Earth3,-9.5,-9.1554,4,SE,Winter barley,heat_mj,-0.00188369791926427
EC-Earth3,-8.5,-8.4726,15,SE,Winter barley,heat_mj,-0.00180907681028932
EC-Earth3,-7.5,-7.5562,20,SE,Winter barley,heat_mj,-0.00171459359713247
EC-Earth3,-6.5,-6.4767,21,SE,Winter barley,heat_mj,-0.00142009025167708
EC-Earth3,-5.5,-5.3342,8,SE,Winter barley,heat_mj,-0.00118599262814165
EC-Earth3,-4.5,-4.5495,8,SE,Winter barley,heat_mj,-0.00177880466022243
EC-Earth3,-3.5,-3.3459,9,SE,Winter barley,heat_mj,-0.0012764380767166
EC-Earth3,-2.5,-2.4493,5,SE,Winter barley,heat_mj,-0.00177852767996666
EC-Earth3,-1.5,-1.3807,6,SE,Winter barley,heat_mj,-0.00119023453004229
EC-Earth3,-0.5,-0.6596,3,SE,Winter barley,heat_mj,-0.000358077448801311
HadGEM3-GC3-1LL,-8.5,-8.3848,12,SE,Winter barley,heat_mj,-0.00129548658393255
HadGEM3-GC3-1LL,-7.5,-7.5599,19,SE,Winter barley,heat_mj,-0.00141060210680292
HadGEM3-GC3-1LL,-6.5,-6.5442,24,SE,Winter barley,heat_mj,-0.00130748005464483
HadGEM3-GC3-1LL,-5.5,-5.5797,10,SE,Winter barley,heat_mj,-0.00096923781803989
HadGEM3-GC3-1LL,-4.5,-4.5263,6,SE,Winter barley,heat_mj,-0.00132100080689839
HadGEM3-GC3-1LL,-3.5,-3.7835,7,SE,Winter barley,heat_mj,-0.00153102108743327
HadGEM3-GC3-1LL,-2.5,-2.4504,6,SE,Winter barley,heat_mj,-0.00118002487279574
HadGEM3-GC3-1LL,-1.5,-1.3098,8,SE,Winter barley,heat_mj,-0.000157857130492575
HadGEM3-GC3-1LL,-0.5,-0.331,6,SE,Winter barley,heat_mj,-0.000232355189565048
HadGEM3-GC3-1MM,-14.5,-14.3032,4,SE,Winter barley,heat_mj,-0.00197893185812782
HadGEM3-GC3-1MM,-13.5,-13.3931,8,SE,Winter barley,heat_mj,-0.00199268482281443
HadGEM3-GC3-1MM,-12.5,-12.588,13,SE,Winter barley,heat_mj,-0.00199578848859375
HadGEM3-GC3-1MM,-11.5,-11.5321,21,SE,Winter barley,heat_mj,-0.00199935644322958
HadGEM3-GC3-1MM,-10.5,-10.4803,10,SE,Winter barley,heat_mj,-0.00199733967958798
HadGEM3-GC3-1MM,-9.5,-9.6161,7,SE,Winter barley,heat_mj,-0.0015822256001143
HadGEM3-GC3-1MM,-8.5,-8.6582,7,SE,Winter barley,heat_mj,-0.00182791596563196
HadGEM3-GC3-1MM,-7.5,-7.6345,8,SE,Winter barley,heat_mj,-0.0018279960684936
HadGEM3-GC3-1MM,-6.5,-6.4299,4,SE,Winter barley,heat_mj,-0.00117238386479361
HadGEM3-GC3-1MM,-5.5,-5.3528,4,SE,Winter barley,heat_mj,-0.0017330384198661
HadGEM3-GC3-1MM,-4.5,-4.3969,4,SE,Winter barley,heat_mj,-0.00113709479309078
IPSL-CM6A-LR,-9.5,-9.3401,5,SE,Winter barley,heat_mj,-0.00180135939464427
IPSL-CM6A-LR,-8.5,-8.4598,8,SE,Winter barley,heat_mj,-0.00189217803254316
IPSL-CM6A-LR,-7.5,-7.5255,19,SE,Winter barley,heat_mj,-0.00170295295148339
IPSL-CM6A-LR,-6.5,-6.5577,11,SE,Winter barley,heat_mj,-0.00163192432645
IPSL-CM6A-LR,-5.5,-5.5623,13,SE,Winter barley,heat_mj,-0.00151912722514068
IPSL-CM6A-LR,-4.5,-4.3507,11,SE,Winter barley,heat_mj,-0.00165198537753871
IPSL-CM6A-LR,-3.5,-3.4644,8,SE,Winter barley,heat_mj,-0.00159249062190972
IPSL-CM6A-LR,-2.5,-2.5669,9,SE,Winter barley,heat_mj,-0.00109344542658839
IPSL-CM6A-LR,-1.5,-1.2909,6,SE,Winter barley,heat_mj,-0.00145530670063233
IPSL-CM6A-LR,-0.5,-0.6347,8,SE,Winter barley,heat_mj,-0.000700813140218084
EC-Earth3,-9.5,-9.1554,4,SK,Winter barley,heat_mj,-0.0117949666065618
EC-Earth3,-8.5,-8.4726,15,SK,Winter barley,heat_mj,-0.0148429489445145
EC-Earth3,-7.5,-7.5562,20,SK,Winter barley,heat_mj,-0.0130775141273236
EC-Earth3,-6.5,-6.4767,21,SK,Winter barley,heat_mj,-0.00473964982883017
EC-Earth3,-5.5,-5.3342,8,SK,Winter barley,heat_mj,0.00125179538211789
EC-Earth3,-4.5,-4.5495,8,SK,Winter barley,heat_mj,-0.00768672924352032
EC-Earth3,-3.5,-3.3459,9,SK,Winter barley,heat_mj,-0.0100222059586224
EC-Earth3,-2.5,-2.4493,5,SK,Winter barley,heat_mj,-0.00367202789057768
EC-Earth3,-1.5,-1.3807,6,SK,Winter barley,heat_mj,-0.00613818156977249
EC-Earth3,-0.5,-0.6596,3,SK,Winter barley,heat_mj,0.0189074981457952
HadGEM3-GC3-1LL,-8.5,-8.3848,12,SK,Winter barley,heat_mj,-0.00358430282146173
HadGEM3-GC3-1LL,-7.5,-7.5599,19,SK,Winter barley,heat_mj,0.000644220884273172
HadGEM3-GC3-1LL,-6.5,-6.5442,24,SK,Winter barley,heat_mj,-0.00853416584456146
HadGEM3-GC3-1LL,-5.5,-5.5797,10,SK,Winter barley,heat_mj,-0.00343061687764716
HadGEM3-GC3-1LL,-4.5,-4.5263,6,SK,Winter barley,heat_mj,-0.0100945110090504
HadGEM3-GC3-1LL,-3.5,-3.7835,7,SK,Winter barley,heat_mj,-0.00716116466807148
HadGEM3-GC3-1LL,-2.5,-2.4504,6,SK,Winter barley,heat_mj,-0.00583652530087755
HadGEM3-GC3-1LL,-1.5,-1.3098,8,SK,Winter barley,heat_mj,-0.00211010926030409
HadGEM3-GC3-1LL,-0.5,-0.331,6,SK,Winter barley,heat_mj,-0.00730171144267224
HadGEM3-GC3-1MM,-14.5,-14.3032,4,SK,Winter barley,heat_mj,-0.00804297217664106
HadGEM3-GC3-1MM,-13.5,-13.3931,8,SK,Winter barley,heat_mj,-0.00776931834639936
HadGEM3-GC3-1MM,-12.5,-12.588,13,SK,Winter barley,heat_mj,-0.00785630998681104
HadGEM3-GC3-1MM,-11.5,-11.5321,21,SK,Winter barley,heat_mj,-0.0116653442168237
HadGEM3-GC3-1MM,-10.5,-10.4803,10,SK,Winter barley,heat_mj,-0.0157024637977508
HadGEM3-GC3-1MM,-9.5,-9.6161,7,SK,Winter barley,heat_mj,0.00792528943067014
HadGEM3-GC3-1MM,-8.5,-8.6582,7,SK,Winter barley,heat_mj,-0.00634307856450434
HadGEM3-GC3-1MM,-7.5,-7.6345,8,SK,Winter barley,heat_mj,-0.0117457868070147
HadGEM3-GC3-1MM,-6.5,-6.4299,4,SK,Winter barley,heat_mj,-0.00410933692299175
HadGEM3-GC3-1MM,-5.5,-5.3528,4,SK,Winter barley,heat_mj,-0.00177104274426149
HadGEM3-GC3-1MM,-4.5,-4.3969,4,SK,Winter barley,heat_mj,0.00327798523136999
IPSL-CM6A-LR,-9.5,-9.3401,5,SK,Winter barley,heat_mj,-0.0124857815229396
IPSL-CM6A-LR,-8.5,-8.4598,8,SK,Winter barley,heat_mj,-0.014437692843215
IPSL-CM6A-LR,-7.5,-7.5255,19,SK,Winter barley,heat_mj,-0.0108220025682464
IPSL-CM6A-LR,-6.5,-6.5577,11,SK,Winter barley,heat_mj,-0.00819261136025165
IPSL-CM6A-LR,-5.5,-5.5623,13,SK,Winter barley,heat_mj,-0.0119293865215909
IPSL-CM6A-LR,-4.5,-4.3507,11,SK,Winter barley,heat_mj,-0.00654248511846898
IPSL-CM6A-LR,-3.5,-3.4644,8,SK,Winter barley,heat_mj,-0.00910572055565881
IPSL-CM6A-LR,-2.5,-2.5669,9,SK,Winter barley,heat_mj,-0.00873242103075917
IPSL-CM6A-LR,-1.5,-1.2909,6,SK,Winter barley,heat_mj,-0.00371540246430869
IPSL-CM6A-LR,-0.5,-0.6347,8,SK,Winter barley,heat_mj,-0.00160904706770377
EC-Earth3,-9.5,-9.1554,4,CZ,Soft wheat,frost_mj,-0.0545003494378312
EC-Earth3,-8.5,-8.4726,15,CZ,Soft wheat,frost_mj,-0.0910864291685543
EC-Earth3,-7.5,-7.5562,20,CZ,Soft wheat,frost_mj,-0.0733428852954814
EC-Earth3,-6.5,-6.4767,21,CZ,Soft wheat,frost_mj,-0.0520525756329965
EC-Earth3,-5.5,-5.3342,8,CZ,Soft wheat,frost_mj,-0.0520966607021326
EC-Earth3,-4.5,-4.5495,8,CZ,Soft wheat,frost_mj,-0.0479161077680713
EC-Earth3,-3.5,-3.3459,9,CZ,Soft wheat,frost_mj,-0.0517478378042567
EC-Earth3,-2.5,-2.4493,5,CZ,Soft wheat,frost_mj,-0.0305448571499528
EC-Earth3,-1.5,-1.3807,6,CZ,Soft wheat,frost_mj,-0.00181724999762187
EC-Earth3,-0.5,-0.6596,3,CZ,Soft wheat,frost_mj,-0.00222482800945804
HadGEM3-GC3-1LL,-8.5,-8.3848,12,CZ,Soft wheat,frost_mj,-0.0619059016813371
HadGEM3-GC3-1LL,-7.5,-7.5599,19,CZ,Soft wheat,frost_mj,-0.0504483341522246
HadGEM3-GC3-1LL,-6.5,-6.5442,24,CZ,Soft wheat,frost_mj,-0.0597620504795762
HadGEM3-GC3-1LL,-5.5,-5.5797,10,CZ,Soft wheat,frost_mj,-0.0388109394086027
HadGEM3-GC3-1LL,-4.5,-4.5263,6,CZ,Soft wheat,frost_mj,-0.0593576406313319
HadGEM3-GC3-1LL,-3.5,-3.7835,7,CZ,Soft wheat,frost_mj,-0.0488699621644042
HadGEM3-GC3-1LL,-2.5,-2.4504,6,CZ,Soft wheat,frost_mj,-0.0424923828275535
HadGEM3-GC3-1LL,-1.5,-1.3098,8,CZ,Soft wheat,frost_mj,0.00391794716488658
HadGEM3-GC3-1LL,-0.5,-0.331,6,CZ,Soft wheat,frost_mj,-0.00542540157835081
HadGEM3-GC3-1MM,-14.5,-14.3032,4,CZ,Soft wheat,frost_mj,-0.0971112146004973
HadGEM3-GC3-1MM,-13.5,-13.3931,8,CZ,Soft wheat,frost_mj,-0.108382913146713
HadGEM3-GC3-1MM,-12.5,-12.588,13,CZ,Soft wheat,frost_mj,-0.122268049869891
HadGEM3-GC3-1MM,-11.5,-11.5321,21,CZ,Soft wheat,frost_mj,-0.105775322809606
HadGEM3-GC3-1MM,-10.5,-10.4803,10,CZ,Soft wheat,frost_mj,-0.0873486418731542
HadGEM3-GC3-1MM,-9.5,-9.6161,7,CZ,Soft wheat,frost_mj,-0.0673072908021833
HadGEM3-GC3-1MM,-8.5,-8.6582,7,CZ,Soft wheat,frost_mj,-0.0656332481228799
HadGEM3-GC3-1MM,-7.5,-7.6345,8,CZ,Soft wheat,frost_mj,-0.0707138565118252
HadGEM3-GC3-1MM,-6.5,-6.4299,4,CZ,Soft wheat,frost_mj,-0.0250459737316217
HadGEM3-GC3-1MM,-5.5,-5.3528,4,CZ,Soft wheat,frost_mj,-0.0509859747522741
HadGEM3-GC3-1MM,-4.5,-4.3969,4,CZ,Soft wheat,frost_mj,-0.0277177704196038
IPSL-CM6A-LR,-9.5,-9.3401,5,CZ,Soft wheat,frost_mj,-0.0739592839692795
IPSL-CM6A-LR,-8.5,-8.4598,8,CZ,Soft wheat,frost_mj,-0.0689037144177704
IPSL-CM6A-LR,-7.5,-7.5255,19,CZ,Soft wheat,frost_mj,-0.0578529496847387
IPSL-CM6A-LR,-6.5,-6.5577,11,CZ,Soft wheat,frost_mj,-0.0685278646102742
IPSL-CM6A-LR,-5.5,-5.5623,13,CZ,Soft wheat,frost_mj,-0.041064005295768
IPSL-CM6A-LR,-4.5,-4.3507,11,CZ,Soft wheat,frost_mj,-0.0402584385101726
IPSL-CM6A-LR,-3.5,-3.4644,8,CZ,Soft wheat,frost_mj,-0.034738606914419
IPSL-CM6A-LR,-2.5,-2.5669,9,CZ,Soft wheat,frost_mj,-0.010074961282094
IPSL-CM6A-LR,-1.5,-1.2909,6,CZ,Soft wheat,frost_mj,-0.0388202277027307
IPSL-CM6A-LR,-0.5,-0.6347,8,CZ,Soft wheat,frost_mj,0.0101093710890933
EC-Earth3,-9.5,-9.1554,4,DE,Soft wheat,frost_mj,-0.0585622583689915
EC-Earth3,-8.5,-8.4726,15,DE,Soft wheat,frost_mj,-0.0898181765833883
EC-Earth3,-7.5,-7.5562,20,DE,Soft wheat,frost_mj,-0.0668071792861924
EC-Earth3,-6.5,-6.4767,21,DE,Soft wheat,frost_mj,-0.045755910505549
EC-Earth3,-5.5,-5.3342,8,DE,Soft wheat,frost_mj,-0.0445382552067043
EC-Earth3,-4.5,-4.5495,8,DE,Soft wheat,frost_mj,-0.0538962996715992
EC-Earth3,-3.5,-3.3459,9,DE,Soft wheat,frost_mj,-0.0577893271039914
EC-Earth3,-2.5,-2.4493,5,DE,Soft wheat,frost_mj,-0.0204932275617192
EC-Earth3,-1.5,-1.3807,6,DE,Soft wheat,frost_mj,0.000243962209380629
EC-Earth3,-0.5,-0.6596,3,DE,Soft wheat,frost_mj,-0.00316690275351374
HadGEM3-GC3-1LL,-8.5,-8.3848,12,DE,Soft wheat,frost_mj,-0.0522988141151088
HadGEM3-GC3-1LL,-7.5,-7.5599,19,DE,Soft wheat,frost_mj,-0.0442743220780156
HadGEM3-GC3-1LL,-6.5,-6.5442,24,DE,Soft wheat,frost_mj,-0.0580286427721115
HadGEM3-GC3-1LL,-5.5,-5.5797,10,DE,Soft wheat,frost_mj,-0.0377313367275795
HadGEM3-GC3-1LL,-4.5,-4.5263,6,DE,Soft wheat,frost_mj,-0.0455103503843059
HadGEM3-GC3-1LL,-3.5,-3.7835,7,DE,Soft wheat,frost_mj,-0.0455750137024649
HadGEM3-GC3-1LL,-2.5,-2.4504,6,DE,Soft wheat,frost_mj,-0.0453341886386469
HadGEM3-GC3-1LL,-1.5,-1.3098,8,DE,Soft wheat,frost_mj,-0.000858613388259628
HadGEM3-GC3-1LL,-0.5,-0.331,6,DE,Soft wheat,frost_mj,-0.00892713028546432
HadGEM3-GC3-1MM,-14.5,-14.3032,4,DE,Soft wheat,frost_mj,-0.116771818689794
HadGEM3-GC3-1MM,-13.5,-13.3931,8,DE,Soft wheat,frost_mj,-0.132911074013859
HadGEM3-GC3-1MM,-12.5,-12.588,13,DE,Soft wheat,frost_mj,-0.142452059488453
HadGEM3-GC3-1MM,-11.5,-11.5321,21,DE,Soft wheat,frost_mj,-0.125258076929393
HadGEM3-GC3-1MM,-10.5,-10.4803,10,DE,Soft wheat,frost_mj,-0.0926874272261264
HadGEM3-GC3-1MM,-9.5,-9.6161,7,DE,Soft wheat,frost_mj,-0.0814044434109997
HadGEM3-GC3-1MM,-8.5,-8.6582,7,DE,Soft wheat,frost_mj,-0.0699422790279319
HadGEM3-GC3-1MM,-7.5,-7.6345,8,DE,Soft wheat,frost_mj,-0.0684395134174854
HadGEM3-GC3-1MM,-6.5,-6.4299,4,DE,Soft wheat,frost_mj,-0.0208399943610682
HadGEM3-GC3-1MM,-5.5,-5.3528,4,DE,Soft wheat,frost_mj,-0.0433982566874491
HadGEM3-GC3-1MM,-4.5,-4.3969,4,DE,Soft wheat,frost_mj,-0.0295372490489998
IPSL-CM6A-LR,-9.5,-9.3401,5,DE,Soft wheat,frost_mj,-0.0913147976016929
IPSL-CM6A-LR,-8.5,-8.4598,8,DE,Soft wheat,frost_mj,-0.0926638609847136
IPSL-CM6A-LR,-7.5,-7.5255,19,DE,Soft wheat,frost_mj,-0.0784547801926752
IPSL-CM6A-LR,-6.5,-6.5577,11,DE,Soft wheat,frost_mj,-0.0941013834212444
IPSL-CM6A-LR,-5.5,-5.5623,13,DE,Soft wheat,frost_mj,-0.0508667666037407
IPSL-CM6A-LR,-4.5,-4.3507,11,DE,Soft wheat,frost_mj,-0.0445579243766165
IPSL-CM6A-LR,-3.5,-3.4644,8,DE,Soft wheat,frost_mj,-0.0414424661610737
IPSL-CM6A-LR,-2.5,-2.5669,9,DE,Soft wheat,frost_mj,-0.0122247850825802
IPSL-CM6A-LR,-1.5,-1.2909,6,DE,Soft wheat,frost_mj,-0.0438374258257631
IPSL-CM6A-LR,-0.5,-0.6347,8,DE,Soft wheat,frost_mj,0.00448424475690934
EC-Earth3,-9.5,-9.1554,4,DK,Soft wheat,frost_mj,-0.0558750607669225
EC-Earth3,-8.5,-8.4726,15,DK,Soft wheat,frost_mj,-0.0939783207424223
EC-Earth3,-7.5,-7.5562,20,DK,Soft wheat,frost_mj,-0.0632647597913799
EC-Earth3,-6.5,-6.4767,21,DK,Soft wheat,frost_mj,-0.0406848321373153
EC-Earth3,-5.5,-5.3342,8,DK,Soft wheat,frost_mj,-0.0364761799988337
EC-Earth3,-4.5,-4.5495,8,DK,Soft wheat,frost_mj,-0.0623931671680145
EC-Earth3,-3.5,-3.3459,9,DK,Soft wheat,frost_mj,-0.0731492258536463
EC-Earth3,-2.5,-2.4493,5,DK,Soft wheat,frost_mj,-0.0275258732780237
EC-Earth3,-1.5,-1.3807,6,DK,Soft wheat,frost_mj,-0.00797520818507204
EC-Earth3,-0.5,-0.6596,3,DK,Soft wheat,frost_mj,-0.0163695337592156
HadGEM3-GC3-1LL,-8.5,-8.3848,12,DK,Soft wheat,frost_mj,-0.0519392709306412
HadGEM3-GC3-1LL,-7.5,-7.5599,19,DK,Soft wheat,frost_mj,-0.0428353800504152
HadGEM3-GC3-1LL,-6.5,-6.5442,24,DK,Soft wheat,frost_mj,-0.0630093363544841
HadGEM3-GC3-1LL,-5.5,-5.5797,10,DK,Soft wheat,frost_mj,-0.0348335389816852
HadGEM3-GC3-1LL,-4.5,-4.5263,6,DK,Soft wheat,frost_mj,-0.0314943209188985
HadGEM3-GC3-1LL,-3.5,-3.7835,7,DK,Soft wheat,frost_mj,-0.0531144840096296
HadGEM3-GC3-1LL,-2.5,-2.4504,6,DK,Soft wheat,frost_mj,-0.0310032864563852
HadGEM3-GC3-1LL,-1.5,-1.3098,8,DK,Soft wheat,frost_mj,-0.00316758757740264
HadGEM3-GC3-1LL,-0.5,-0.331,6,DK,Soft wheat,frost_mj,-0.0114741637925021
HadGEM3-GC3-1MM,-14.5,-14.3032,4,DK,Soft wheat,frost_mj,-0.184330207027073
HadGEM3-GC3-1MM,-13.5,-13.3931,8,DK,Soft wheat,frost_mj,-0.187787091477373
HadGEM3-GC3-1MM,-12.5,-12.588,13,DK,Soft wheat,frost_mj,-0.207951835484512
HadGEM3-GC3-1MM,-11.5,-11.5321,21,DK,Soft wheat,frost_mj,-0.185506945549891
HadGEM3-GC3-1MM,-10.5,-10.4803,10,DK,Soft wheat,frost_mj,-0.140675056407195
HadGEM3-GC3-1MM,-9.5,-9.6161,7,DK,Soft wheat,frost_mj,-0.129978804985573
HadGEM3-GC3-1MM,-8.5,-8.6582,7,DK,Soft wheat,frost_mj,-0.112182019904364
HadGEM3-GC3-1MM,-7.5,-7.6345,8,DK,Soft wheat,frost_mj,-0.0860515299020052
HadGEM3-GC3-1MM,-6.5,-6.4299,4,DK,Soft wheat,frost_mj,-0.0257326390781084
HadGEM3-GC3-1MM,-5.5,-5.3528,4,DK,Soft wheat,frost_mj,-0.031683092857741
HadGEM3-GC3-1MM,-4.5,-4.3969,4,DK,Soft wheat,frost_mj,-0.0363718628329428
IPSL-CM6A-LR,-9.5,-9.3401,5,DK,Soft wheat,frost_mj,-0.139260423661181
IPSL-CM6A-LR,-8.5,-8.4598,8,DK,Soft wheat,frost_mj,-0.159966355265699
IPSL-CM6A-LR,-7.5,-7.5255,19,DK,Soft wheat,frost_mj,-0.129531183607253
IPSL-CM6A-LR,-6.5,-6.5577,11,DK,Soft wheat,frost_mj,-0.149263390740116
IPSL-CM6A-LR,-5.5,-5.5623,13,DK,Soft wheat,frost_mj,-0.0652819399882106
IPSL-CM6A-LR,-4.5,-4.3507,11,DK,Soft wheat,frost_mj,-0.0423896399396402
IPSL-CM6A-LR,-3.5,-3.4644,8,DK,Soft wheat,frost_mj,-0.0470144340233982
IPSL-CM6A-LR,-2.5,-2.5669,9,DK,Soft wheat,frost_mj,-0.0189807194443406
IPSL-CM6A-LR,-1.5,-1.2909,6,DK,Soft wheat,frost_mj,-0.0426378963771359
IPSL-CM6A-LR,-0.5,-0.6347,8,DK,Soft wheat,frost_mj,0.00331971272954954
EC-Earth3,-9.5,-9.1554,4,EE,Soft wheat,frost_mj,-0.0611847494830239
EC-Earth3,-8.5,-8.4726,15,EE,Soft wheat,frost_mj,-0.0627292811191299
EC-Earth3,-7.5,-7.5562,20,EE,Soft wheat,frost_mj,-0.0672693105635391
EC-Earth3,-6.5,-6.4767,21,EE,Soft wheat,frost_mj,-0.0441755133711211
EC-Earth3,-5.5,-5.3342,8,EE,Soft wheat,frost_mj,-0.0433863615470139
EC-Earth3,-4.5,-4.5495,8,EE,Soft wheat,frost_mj,-0.0626857340544661
EC-Earth3,-3.5,-3.3459,9,EE,Soft wheat,frost_mj,-0.0786544872442869
EC-Earth3,-2.5,-2.4493,5,EE,Soft wheat,frost_mj,-0.0531889891708391
EC-Earth3,-1.5,-1.3807,6,EE,Soft wheat,frost_mj,-0.00471751417210042
EC-Earth3,-0.5,-0.6596,3,EE,Soft wheat,frost_mj,-0.0351837851613585
HadGEM3-GC3-1LL,-8.5,-8.3848,12,EE,Soft wheat,frost_mj,-0.054813630972515
HadGEM3-GC3-1LL,-7.5,-7.5599,19,EE,Soft wheat,frost_mj,-0.0535442395532438
HadGEM3-GC3-1LL,-6.5,-6.5442,24,EE,Soft wheat,frost_mj,-0.0685728609892921
HadGEM3-GC3-1LL,-5.5,-5.5797,10,EE,Soft wheat,frost_mj,-0.0490656696718684
HadGEM3-GC3-1LL,-4.5,-4.5263,6,EE,Soft wheat,frost_mj,-0.0316574744856491
HadGEM3-GC3-1LL,-3.5,-3.7835,7,EE,Soft wheat,frost_mj,-0.0543349371196598
HadGEM3-GC3-1LL,-2.5,-2.4504,6,EE,Soft wheat,frost_mj,-0.0324653954115311
HadGEM3-GC3-1LL,-1.5,-1.3098,8,EE,Soft wheat,frost_mj,-0.0130022642227425
HadGEM3-GC3-1LL,-0.5,-0.331,6,EE,Soft wheat,frost_mj,-0.0126670646051618
HadGEM3-GC3-1MM,-14.5,-14.3032,4,EE,Soft wheat,frost_mj,-0.124267140218648
HadGEM3-GC3-1MM,-13.5,-13.3931,8,EE,Soft wheat,frost_mj,-0.140902518802521
HadGEM3-GC3-1MM,-12.5,-12.588,13,EE,Soft wheat,frost_mj,-0.153546565297585
HadGEM3-GC3-1MM,-11.5,-11.5321,21,EE,Soft wheat,frost_mj,-0.140792364212416
HadGEM3-GC3-1MM,-10.5,-10.4803,10,EE,Soft wheat,frost_mj,-0.120068130525237
HadGEM3-GC3-1MM,-9.5,-9.6161,7,EE,Soft wheat,frost_mj,-0.120840594498363
HadGEM3-GC3-1MM,-8.5,-8.6582,7,EE,Soft wheat,frost_mj,-0.112108700830895
HadGEM3-GC3-1MM,-7.5,-7.6345,8,EE,Soft wheat,frost_mj,-0.111843875371627
HadGEM3-GC3-1MM,-6.5,-6.4299,4,EE,Soft wheat,frost_mj,-0.0597042392330704
HadGEM3-GC3-1MM,-5.5,-5.3528,4,EE,Soft wheat,frost_mj,-0.0809710363888305
HadGEM3-GC3-1MM,-4.5,-4.3969,4,EE,Soft wheat,frost_mj,-0.0684107900966279
IPSL-CM6A-LR,-9.5,-9.3401,5,EE,Soft wheat,frost_mj,-0.0953956498954125
IPSL-CM6A-LR,-8.5,-8.4598,8,EE,Soft wheat,frost_mj,-0.107714146873869
IPSL-CM6A-LR,-7.5,-7.5255,19,EE,Soft wheat,frost_mj,-0.095489687886557
IPSL-CM6A-LR,-6.5,-6.5577,11,EE,Soft wheat,frost_mj,-0.102310445704777
IPSL-CM6A-LR,-5.5,-5.5623,13,EE,Soft wheat,frost_mj,-0.0528797927251774
IPSL-CM6A-LR,-4.5,-4.3507,11,EE,Soft wheat,frost_mj,-0.05717693079363
IPSL-CM6A-LR,-3.5,-3.4644,8,EE,Soft wheat,frost_mj,-0.0564261030432057
IPSL-CM6A-LR,-2.5,-2.5669,9,EE,Soft wheat,frost_mj,-0.0389991279377873
IPSL-CM6A-LR,-1.5,-1.2909,6,EE,Soft wheat,frost_mj,-0.04820461427561
IPSL-CM6A-LR,-0.5,-0.6347,8,EE,Soft wheat,frost_mj,0.00207941590637348
EC-Earth3,-9.5,-9.1554,4,EL,Soft wheat,frost_mj,-0.0355940581816302
EC-Earth3,-8.5,-8.4726,15,EL,Soft wheat,frost_mj,-0.0458142575533994
EC-Earth3,-7.5,-7.5562,20,EL,Soft wheat,frost_mj,-0.0278077593494756
EC-Earth3,-6.5,-6.4767,21,EL,Soft wheat,frost_mj,-0.017511435330649
EC-Earth3,-5.5,-5.3342,8,EL,Soft wheat,frost_mj,-0.035166142996299
EC-Earth3,-4.5,-4.5495,8,EL,Soft wheat,frost_mj,-0.0113215824581927
EC-Earth3,-3.5,-3.3459,9,EL,Soft wheat,frost_mj,-0.0154355053231033
EC-Earth3,-2.5,-2.4493,5,EL,Soft wheat,frost_mj,-0.0205128518137687
EC-Earth3,-1.5,-1.3807,6,EL,Soft wheat,frost_mj,0.00204607835473798
EC-Earth3,-0.5,-0.6596,3,EL,Soft wheat,frost_mj,-0.00457725249254076
HadGEM3-GC3-1LL,-8.5,-8.3848,12,EL,Soft wheat,frost_mj,-0.0227273199467517
HadGEM3-GC3-1LL,-7.5,-7.5599,19,EL,Soft wheat,frost_mj,-0.0181462399860749
HadGEM3-GC3-1LL,-6.5,-6.5442,24,EL,Soft wheat,frost_mj,-0.0252019277887999
HadGEM3-GC3-1LL,-5.5,-5.5797,10,EL,Soft wheat,frost_mj,-0.00917193503584629
HadGEM3-GC3-1LL,-4.5,-4.5263,6,EL,Soft wheat,frost_mj,-0.0264247689066643
HadGEM3-GC3-1LL,-3.5,-3.7835,7,EL,Soft wheat,frost_mj,-0.0148159301313679
HadGEM3-GC3-1LL,-2.5,-2.4504,6,EL,Soft wheat,frost_mj,-0.016920225382178
HadGEM3-GC3-1LL,-1.5,-1.3098,8,EL,Soft wheat,frost_mj,0.00651279437659559
HadGEM3-GC3-1LL,-0.5,-0.331,6,EL,Soft wheat,frost_mj,-0.00842619423414985
HadGEM3-GC3-1MM,-14.5,-14.3032,4,EL,Soft wheat,frost_mj,-0.0804249698367491
HadGEM3-GC3-1MM,-13.5,-13.3931,8,EL,Soft wheat,frost_mj,-0.0610721749882706
HadGEM3-GC3-1MM,-12.5,-12.588,13,EL,Soft wheat,frost_mj,-0.0496015996593933
HadGEM3-GC3-1MM,-11.5,-11.5321,21,EL,Soft wheat,frost_mj,-0.0558972249638025
HadGEM3-GC3-1MM,-10.5,-10.4803,10,EL,Soft wheat,frost_mj,-0.0534992876623142
HadGEM3-GC3-1MM,-9.5,-9.6161,7,EL,Soft wheat,frost_mj,-0.0383588125859121
HadGEM3-GC3-1MM,-8.5,-8.6582,7,EL,Soft wheat,frost_mj,-0.0359751389289512
HadGEM3-GC3-1MM,-7.5,-7.6345,8,EL,Soft wheat,frost_mj,-0.0369298838169601
HadGEM3-GC3-1MM,-6.5,-6.4299,4,EL,Soft wheat,frost_mj,-0.0135120737715885
HadGEM3-GC3-1MM,-5.5,-5.3528,4,EL,Soft wheat,frost_mj,-0.0383153622364872
HadGEM3-GC3-1MM,-4.5,-4.3969,4,EL,Soft wheat,frost_mj,-0.0110725645834026
IPSL-CM6A-LR,-9.5,-9.3401,5,EL,Soft wheat,frost_mj,-0.0353838297988682
IPSL-CM6A-LR,-8.5,-8.4598,8,EL,Soft wheat,frost_mj,-0.0173561146167796
IPSL-CM6A-LR,-7.5,-7.5255,19,EL,Soft wheat,frost_mj,-0.0200020667459421
IPSL-CM6A-LR,-6.5,-6.5577,11,EL,Soft wheat,frost_mj,-0.0258210917850319
IPSL-CM6A-LR,-5.5,-5.5623,13,EL,Soft wheat,frost_mj,-0.00394478429448569
IPSL-CM6A-LR,-4.5,-4.3507,11,EL,Soft wheat,frost_mj,-0.00791320411560691
IPSL-CM6A-LR,-3.5,-3.4644,8,EL,Soft wheat,frost_mj,-0.00578474336163091
IPSL-CM6A-LR,-2.5,-2.5669,9,EL,Soft wheat,frost_mj,0.00187238086851189
IPSL-CM6A-LR,-1.5,-1.2909,6,EL,Soft wheat,frost_mj,-0.0069253969259759
IPSL-CM6A-LR,-0.5,-0.6347,8,EL,Soft wheat,frost_mj,0.00552447790335802
EC-Earth3,-9.5,-9.1554,4,ES,Soft wheat,frost_mj,-0.0315455631669084
EC-Earth3,-8.5,-8.4726,15,ES,Soft wheat,frost_mj,-0.0348739803384557
EC-Earth3,-7.5,-7.5562,20,ES,Soft wheat,frost_mj,-0.0240900932011412
EC-Earth3,-6.5,-6.4767,21,ES,Soft wheat,frost_mj,-0.0147336018361451
EC-Earth3,-5.5,-5.3342,8,ES,Soft wheat,frost_mj,-0.0175009038826118
EC-Earth3,-4.5,-4.5495,8,ES,Soft wheat,frost_mj,-0.010273434904256
EC-Earth3,-3.5,-3.3459,9,ES,Soft wheat,frost_mj,-0.022864822353329
EC-Earth3,-2.5,-2.4493,5,ES,Soft wheat,frost_mj,-0.00919208666897997
EC-Earth3,-1.5,-1.3807,6,ES,Soft wheat,frost_mj,-0.00295719611947714
EC-Earth3,-0.5,-0.6596,3,ES,Soft wheat,frost_mj,-0.00550520934922798
HadGEM3-GC3-1LL,-8.5,-8.3848,12,ES,Soft wheat,frost_mj,-0.0456440781424972
HadGEM3-GC3-1LL,-7.5,-7.5599,19,ES,Soft wheat,frost_mj,-0.0322920553574287
HadGEM3-GC3-1LL,-6.5,-6.5442,24,ES,Soft wheat,frost_mj,-0.0354063407051496
HadGEM3-GC3-1LL,-5.5,-5.5797,10,ES,Soft wheat,frost_mj,-0.0311700918872694
HadGEM3-GC3-1LL,-4.5,-4.5263,6,ES,Soft wheat,frost_mj,-0.0286783935763455
HadGEM3-GC3-1LL,-3.5,-3.7835,7,ES,Soft wheat,frost_mj,-0.0145931806310046
HadGEM3-GC3-1LL,-2.5,-2.4504,6,ES,Soft wheat,frost_mj,-0.0335742555858917
HadGEM3-GC3-1LL,-1.5,-1.3098,8,ES,Soft wheat,frost_mj,-0.00841316163680792
HadGEM3-GC3-1LL,-0.5,-0.331,6,ES,Soft wheat,frost_mj,-0.00610740775778099
HadGEM3-GC3-1MM,-14.5,-14.3032,4,ES,Soft wheat,frost_mj,-0.0884573902429475
HadGEM3-GC3-1MM,-13.5,-13.3931,8,ES,Soft wheat,frost_mj,-0.101278880582854
HadGEM3-GC3-1MM,-12.5,-12.588,13,ES,Soft wheat,frost_mj,-0.0762488334330727
HadGEM3-GC3-1MM,-11.5,-11.5321,21,ES,Soft wheat,frost_mj,-0.0698929759246936
HadGEM3-GC3-1MM,-10.5,-10.4803,10,ES,Soft wheat,frost_mj,-0.0495309274493427
HadGEM3-GC3-1MM,-9.5,-9.6161,7,ES,Soft wheat,frost_mj,-0.0651372407403189
HadGEM3-GC3-1MM,-8.5,-8.6582,7,ES,Soft wheat,frost_mj,-0.0281636542594631
HadGEM3-GC3-1MM,-7.5,-7.6345,8,ES,Soft wheat,frost_mj,-0.0356338609826292
HadGEM3-GC3-1MM,-6.5,-6.4299,4,ES,Soft wheat,frost_mj,-0.0382327898571671
HadGEM3-GC3-1MM,-5.5,-5.3528,4,ES,Soft wheat,frost_mj,-0.0172774885708471
HadGEM3-GC3-1MM,-4.5,-4.3969,4,ES,Soft wheat,frost_mj,0.000801908083977754
IPSL-CM6A-LR,-9.5,-9.3401,5,ES,Soft wheat,frost_mj,-0.0383363635846479
IPSL-CM6A-LR,-8.5,-8.4598,8,ES,Soft wheat,frost_mj,-0.0308265563949679
IPSL-CM6A-LR,-7.5,-7.5255,19,ES,Soft wheat,frost_mj,-0.0291707995186302
IPSL-CM6A-LR,-6.5,-6.5577,11,ES,Soft wheat,frost_mj,-0.0273720556290384
IPSL-CM6A-LR,-5.5,-5.5623,13,ES,Soft wheat,frost_mj,-0.0279656504287188
IPSL-CM6A-LR,-4.5,-4.3507,11,ES,Soft wheat,frost_mj,-0.0250677257790772
IPSL-CM6A-LR,-3.5,-3.4644,8,ES,Soft wheat,frost_mj,-0.0125008154002018
IPSL-CM6A-LR,-2.5,-2.5669,9,ES,Soft wheat,frost_mj,-0.0100408047133489
IPSL-CM6A-LR,-1.5,-1.2909,6,ES,Soft wheat,frost_mj,-0.0171687144351028
IPSL-CM6A-LR,-0.5,-0.6347,8,ES,Soft wheat,frost_mj,0.00177894737008258
EC-Earth3,-9.5,-9.1554,4,FI,Soft wheat,frost_mj,-0.0746161715906639
EC-Earth3,-8.5,-8.4726,15,FI,Soft wheat,frost_mj,-0.0686710989533731
EC-Earth3,-7.5,-7.5562,20,FI,Soft wheat,frost_mj,-0.0667187673477514
EC-Earth3,-6.5,-6.4767,21,FI,Soft wheat,frost_mj,-0.0417775366209257
EC-Earth3,-5.5,-5.3342,8,FI,Soft wheat,frost_mj,-0.048232915279122
EC-Earth3,-4.5,-4.5495,8,FI,Soft wheat,frost_mj,-0.0743870120290549
EC-Earth3,-3.5,-3.3459,9,FI,Soft wheat,frost_mj,-0.0871166947657006
EC-Earth3,-2.5,-2.4493,5,FI,Soft wheat,frost_mj,-0.0659488563423325
EC-Earth3,-1.5,-1.3807,6,FI,Soft wheat,frost_mj,-0.00323815874421039
EC-Earth3,-0.5,-0.6596,3,FI,Soft wheat,frost_mj,-0.0361424625088979
HadGEM3-GC3-1LL,-8.5,-8.3848,12,FI,Soft wheat,frost_mj,-0.0556395421290474
HadGEM3-GC3-1LL,-7.5,-7.5599,19,FI,Soft wheat,frost_mj,-0.0554432034277902
HadGEM3-GC3-1LL,-6.5,-6.5442,24,FI,Soft wheat,frost_mj,-0.0644482483985901
HadGEM3-GC3-1LL,-5.5,-5.5797,10,FI,Soft wheat,frost_mj,-0.0468829446195037
HadGEM3-GC3-1LL,-4.5,-4.5263,6,FI,Soft wheat,frost_mj,-0.0214452478980324
HadGEM3-GC3-1LL,-3.5,-3.7835,7,FI,Soft wheat,frost_mj,-0.0436526881809231
HadGEM3-GC3-1LL,-2.5,-2.4504,6,FI,Soft wheat,frost_mj,-0.018182800128644
HadGEM3-GC3-1LL,-1.5,-1.3098,8,FI,Soft wheat,frost_mj,-0.0218772263872697
HadGEM3-GC3-1LL,-0.5,-0.331,6,FI,Soft wheat,frost_mj,0.00169113981034615
HadGEM3-GC3-1MM,-14.5,-14.3032,4,FI,Soft wheat,frost_mj,-0.132771198732494
HadGEM3-GC3-1MM,-13.5,-13.3931,8,FI,Soft wheat,frost_mj,-0.146858713145699
HadGEM3-GC3-1MM,-12.5,-12.588,13,FI,Soft wheat,frost_mj,-0.15565309921441
HadGEM3-GC3-1MM,-11.5,-11.5321,21,FI,Soft wheat,frost_mj,-0.146542857606593
HadGEM3-GC3-1MM,-10.5,-10.4803,10,FI,Soft wheat,frost_mj,-0.125755862062096
HadGEM3-GC3-1MM,-9.5,-9.6161,7,FI,Soft wheat,frost_mj,-0.120883769122174
HadGEM3-GC3-1MM,-8.5,-8.6582,7,FI,Soft wheat,frost_mj,-0.115723465308124
HadGEM3-GC3-1MM,-7.5,-7.6345,8,FI,Soft wheat,frost_mj,-0.105245114558187
HadGEM3-GC3-1MM,-6.5,-6.4299,4,FI,Soft wheat,frost_mj,-0.0605035020654802
HadGEM3-GC3-1MM,-5.5,-5.3528,4,FI,Soft wheat,frost_mj,-0.0775599527023551
HadGEM3-GC3-1MM,-4.5,-4.3969,4,FI,Soft wheat,frost_mj,-0.0623273491383643
IPSL-CM6A-LR,-9.5,-9.3401,5,FI,Soft wheat,frost_mj,-0.0947694572723233
IPSL-CM6A-LR,-8.5,-8.4598,8,FI,Soft wheat,frost_mj,-0.10817383570076
IPSL-CM6A-LR,-7.5,-7.5255,19,FI,Soft wheat,frost_mj,-0.0953946840642063
IPSL-CM6A-LR,-6.5,-6.5577,11,FI,Soft wheat,frost_mj,-0.10154494536738
IPSL-CM6A-LR,-5.5,-5.5623,13,FI,Soft wheat,frost_mj,-0.0506014678366525
IPSL-CM6A-LR,-4.5,-4.3507,11,FI,Soft wheat,frost_mj,-0.0609119834651656
IPSL-CM6A-LR,-3.5,-3.4644,8,FI,Soft wheat,frost_mj,-0.0547108749117831
IPSL-CM6A-LR,-2.5,-2.5669,9,FI,Soft wheat,frost_mj,-0.034818395629925
IPSL-CM6A-LR,-1.5,-1.2909,6,FI,Soft wheat,frost_mj,-0.0426628908379169
IPSL-CM6A-LR,-0.5,-0.6347,8,FI,Soft wheat,frost_mj,-0.0035740352842989
EC-Earth3,-9.5,-9.1554,4,FR,Soft wheat,frost_mj,-0.0483450924409106
EC-Earth3,-8.5,-8.4726,15,FR,Soft wheat,frost_mj,-0.0611599406018276
EC-Earth3,-7.5,-7.5562,20,FR,Soft wheat,frost_mj,-0.0431601674387625
EC-Earth3,-6.5,-6.4767,21,FR,Soft wheat,frost_mj,-0.0294722291493735
EC-Earth3,-5.5,-5.3342,8,FR,Soft wheat,frost_mj,-0.0310633667265087
EC-Earth3,-4.5,-4.5495,8,FR,Soft wheat,frost_mj,-0.0374233548068774
EC-Earth3,-3.5,-3.3459,9,FR,Soft wheat,frost_mj,-0.0330147379317167
EC-Earth3,-2.5,-2.4493,5,FR,Soft wheat,frost_mj,-0.0129018252511519
EC-Earth3,-1.5,-1.3807,6,FR,Soft wheat,frost_mj,-0.00193423018469814
EC-Earth3,-0.5,-0.6596,3,FR,Soft wheat,frost_mj,-0.0017008653018287
HadGEM3-GC3-1LL,-8.5,-8.3848,12,FR,Soft wheat,frost_mj,-0.0445251141711406
HadGEM3-GC3-1LL,-7.5,-7.5599,19,FR,Soft wheat,frost_mj,-0.0363348977134539
HadGEM3-GC3-1LL,-6.5,-6.5442,24,FR,Soft wheat,frost_mj,-0.0413014632527673
HadGEM3-GC3-1LL,-5.5,-5.5797,10,FR,Soft wheat,frost_mj,-0.0311342118154488
HadGEM3-GC3-1LL,-4.5,-4.5263,6,FR,Soft wheat,frost_mj,-0.030411610490766
HadGEM3-GC3-1LL,-3.5,-3.7835,7,FR,Soft wheat,frost_mj,-0.0280617123186528
HadGEM3-GC3-1LL,-2.5,-2.4504,6,FR,Soft wheat,frost_mj,-0.0411311183573909
HadGEM3-GC3-1LL,-1.5,-1.3098,8,FR,Soft wheat,frost_mj,-0.00388938172635439
HadGEM3-GC3-1LL,-0.5,-0.331,6,FR,Soft wheat,frost_mj,-0.00656384811933929
HadGEM3-GC3-1MM,-14.5,-14.3032,4,FR,Soft wheat,frost_mj,-0.0894726265545823
HadGEM3-GC3-1MM,-13.5,-13.3931,8,FR,Soft wheat,frost_mj,-0.110960453744734
HadGEM3-GC3-1MM,-12.5,-12.588,13,FR,Soft wheat,frost_mj,-0.100849443098552
HadGEM3-GC3-1MM,-11.5,-11.5321,21,FR,Soft wheat,frost_mj,-0.0875450028209506
HadGEM3-GC3-1MM,-10.5,-10.4803,10,FR,Soft wheat,frost_mj,-0.0619759676460017
HadGEM3-GC3-1MM,-9.5,-9.6161,7,FR,Soft wheat,frost_mj,-0.0640183576017555
HadGEM3-GC3-1MM,-8.5,-8.6582,7,FR,Soft wheat,frost_mj,-0.0453084506072945
HadGEM3-GC3-1MM,-7.5,-7.6345,8,FR,Soft wheat,frost_mj,-0.0400485260374344
HadGEM3-GC3-1MM,-6.5,-6.4299,4,FR,Soft wheat,frost_mj,-0.0187383090340313
HadGEM3-GC3-1MM,-5.5,-5.3528,4,FR,Soft wheat,frost_mj,-0.0298711823632956
HadGEM3-GC3-1MM,-4.5,-4.3969,4,FR,Soft wheat,frost_mj,-0.0137143203168664
IPSL-CM6A-LR,-9.5,-9.3401,5,FR,Soft wheat,frost_mj,-0.0686965692033781
IPSL-CM6A-LR,-8.5,-8.4598,8,FR,Soft wheat,frost_mj,-0.0701057200050964
IPSL-CM6A-LR,-7.5,-7.5255,19,FR,Soft wheat,frost_mj,-0.0557448624024673
IPSL-CM6A-LR,-6.5,-6.5577,11,FR,Soft wheat,frost_mj,-0.0651801811271268
IPSL-CM6A-LR,-5.5,-5.5623,13,FR,Soft wheat,frost_mj,-0.0465269527687723
IPSL-CM6A-LR,-4.5,-4.3507,11,FR,Soft wheat,frost_mj,-0.0405693479376449
IPSL-CM6A-LR,-3.5,-3.4644,8,FR,Soft wheat,frost_mj,-0.0300867070017413
IPSL-CM6A-LR,-2.5,-2.5669,9,FR,Soft wheat,frost_mj,-0.00961946138474679
IPSL-CM6A-LR,-1.5,-1.2909,6,FR,Soft wheat,frost_mj,-0.0304384634937882
IPSL-CM6A-LR,-0.5,-0.6347,8,FR,Soft wheat,frost_mj,-0.000937887826434548
EC-Earth3,-9.5,-9.1554,4,HU,Soft wheat,frost_mj,-0.0363741427976355
EC-Earth3,-8.5,-8.4726,15,HU,Soft wheat,frost_mj,-0.0682412504169522
EC-Earth3,-7.5,-7.5562,20,HU,Soft wheat,frost_mj,-0.0468201505849073
EC-Earth3,-6.5,-6.4767,21,HU,Soft wheat,frost_mj,-0.0307868686999133
EC-Earth3,-5.5,-5.3342,8,HU,Soft wheat,frost_mj,-0.0362325569220738
EC-Earth3,-4.5,-4.5495,8,HU,Soft wheat,frost_mj,-0.0163143307975259
EC-Earth3,-3.5,-3.3459,9,HU,Soft wheat,frost_mj,-0.0356943613039913
EC-Earth3,-2.5,-2.4493,5,HU,Soft wheat,frost_mj,-0.0286752662904568
EC-Earth3,-1.5,-1.3807,6,HU,Soft wheat,frost_mj,-0.00517657404375271
EC-Earth3,-0.5,-0.6596,3,HU,Soft wheat,frost_mj,-0.00936944854898401
HadGEM3-GC3-1LL,-8.5,-8.3848,12,HU,Soft wheat,frost_mj,-0.0384092813773048
HadGEM3-GC3-1LL,-7.5,-7.5599,19,HU,Soft wheat,frost_mj,-0.0289155372877399
HadGEM3-GC3-1LL,-6.5,-6.5442,24,HU,Soft wheat,frost_mj,-0.0400150560865591
HadGEM3-GC3-1LL,-5.5,-5.5797,10,HU,Soft wheat,frost_mj,-0.0207134176575396
HadGEM3-GC3-1LL,-4.5,-4.5263,6,HU,Soft wheat,frost_mj,-0.0368959201084191
HadGEM3-GC3-1LL,-3.5,-3.7835,7,HU,Soft wheat,frost_mj,-0.0287237537888002
HadGEM3-GC3-1LL,-2.5,-2.4504,6,HU,Soft wheat,frost_mj,-0.0325666102469711
HadGEM3-GC3-1LL,-1.5,-1.3098,8,HU,Soft wheat,frost_mj,0.00934689775725366
HadGEM3-GC3-1LL,-0.5,-0.331,6,HU,Soft wheat,frost_mj,-0.0166679526536643
HadGEM3-GC3-1MM,-14.5,-14.3032,4,HU,Soft wheat,frost_mj,-0.0745481048921574
HadGEM3-GC3-1MM,-13.5,-13.3931,8,HU,Soft wheat,frost_mj,-0.0733329106793285
HadGEM3-GC3-1MM,-12.5,-12.588,13,HU,Soft wheat,frost_mj,-0.0764649807623943
HadGEM3-GC3-1MM,-11.5,-11.5321,21,HU,Soft wheat,frost_mj,-0.0777616644876741
HadGEM3-GC3-1MM,-10.5,-10.4803,10,HU,Soft wheat,frost_mj,-0.0640436108277372
HadGEM3-GC3-1MM,-9.5,-9.6161,7,HU,Soft wheat,frost_mj,-0.0455750320748564
HadGEM3-GC3-1MM,-8.5,-8.6582,7,HU,Soft wheat,frost_mj,-0.0446032408373092
HadGEM3-GC3-1MM,-7.5,-7.6345,8,HU,Soft wheat,frost_mj,-0.0466124612049943
HadGEM3-GC3-1MM,-6.5,-6.4299,4,HU,Soft wheat,frost_mj,-0.0145225325234026
HadGEM3-GC3-1MM,-5.5,-5.3528,4,HU,Soft wheat,frost_mj,-0.03778223313282
HadGEM3-GC3-1MM,-4.5,-4.3969,4,HU,Soft wheat,frost_mj,-0.0166423334730858
IPSL-CM6A-LR,-9.5,-9.3401,5,HU,Soft wheat,frost_mj,-0.0539266521199728
IPSL-CM6A-LR,-8.5,-8.4598,8,HU,Soft wheat,frost_mj,-0.0390808069930278
IPSL-CM6A-LR,-7.5,-7.5255,19,HU,Soft wheat,frost_mj,-0.0306686176714918
IPSL-CM6A-LR,-6.5,-6.5577,11,HU,Soft wheat,frost_mj,-0.0467376211457237
IPSL-CM6A-LR,-5.5,-5.5623,13,HU,Soft wheat,frost_mj,-0.0164600606381282
IPSL-CM6A-LR,-4.5,-4.3507,11,HU,Soft wheat,frost_mj,-0.0199318997687705
IPSL-CM6A-LR,-3.5,-3.4644,8,HU,Soft wheat,frost_mj,-0.0099799728112847
IPSL-CM6A-LR,-2.5,-2.5669,9,HU,Soft wheat,frost_mj,0.000395275953352568
IPSL-CM6A-LR,-1.5,-1.2909,6,HU,Soft wheat,frost_mj,-0.0263259704847885
IPSL-CM6A-LR,-0.5,-0.6347,8,HU,Soft wheat,frost_mj,0.00749984406570371
EC-Earth3,-9.5,-9.1554,4,IT,Soft wheat,frost_mj,-0.0219473824499142
EC-Earth3,-8.5,-8.4726,15,IT,Soft wheat,frost_mj,-0.0331263362858541
EC-Earth3,-7.5,-7.5562,20,IT,Soft wheat,frost_mj,-0.0192528399064559
EC-Earth3,-6.5,-6.4767,21,IT,Soft wheat,frost_mj,-0.0126879168979859
EC-Earth3,-5.5,-5.3342,8,IT,Soft wheat,frost_mj,-0.0177866824820672
EC-Earth3,-4.5,-4.5495,8,IT,Soft wheat,frost_mj,-0.00987159613084685
EC-Earth3,-3.5,-3.3459,9,IT,Soft wheat,frost_mj,-0.0147047984584959
EC-Earth3,-2.5,-2.4493,5,IT,Soft wheat,frost_mj,-0.00671988753115937
EC-Earth3,-1.5,-1.3807,6,IT,Soft wheat,frost_mj,-0.00144980765451007
EC-Earth3,-0.5,-0.6596,3,IT,Soft wheat,frost_mj,0.00166884107389187
HadGEM3-GC3-1LL,-8.5,-8.3848,12,IT,Soft wheat,frost_mj,-0.0239204213432055
HadGEM3-GC3-1LL,-7.5,-7.5599,19,IT,Soft wheat,frost_mj,-0.0172726290376899
HadGEM3-GC3-1LL,-6.5,-6.5442,24,IT,Soft wheat,frost_mj,-0.0243860487766225
HadGEM3-GC3-1LL,-5.5,-5.5797,10,IT,Soft wheat,frost_mj,-0.00932702019102718
HadGEM3-GC3-1LL,-4.5,-4.5263,6,IT,Soft wheat,frost_mj,-0.0218785697850608
HadGEM3-GC3-1LL,-3.5,-3.7835,7,IT,Soft wheat,frost_mj,-0.0121336062990519
HadGEM3-GC3-1LL,-2.5,-2.4504,6,IT,Soft wheat,frost_mj,-0.0185415386669803
HadGEM3-GC3-1LL,-1.5,-1.3098,8,IT,Soft wheat,frost_mj,0.00143857294126963
HadGEM3-GC3-1LL,-0.5,-0.331,6,IT,Soft wheat,frost_mj,-0.00672656164014934
HadGEM3-GC3-1MM,-14.5,-14.3032,4,IT,Soft wheat,frost_mj,-0.0560245969007548
HadGEM3-GC3-1MM,-13.5,-13.3931,8,IT,Soft wheat,frost_mj,-0.0525980206135221
HadGEM3-GC3-1MM,-12.5,-12.588,13,IT,Soft wheat,frost_mj,-0.0449342707736977
HadGEM3-GC3-1MM,-11.5,-11.5321,21,IT,Soft wheat,frost_mj,-0.0463718909160073
HadGEM3-GC3-1MM,-10.5,-10.4803,10,IT,Soft wheat,frost_mj,-0.0350703580573834
HadGEM3-GC3-1MM,-9.5,-9.6161,7,IT,Soft wheat,frost_mj,-0.029057974729524
HadGEM3-GC3-1MM,-8.5,-8.6582,7,IT,Soft wheat,frost_mj,-0.0173786952026436
HadGEM3-GC3-1MM,-7.5,-7.6345,8,IT,Soft wheat,frost_mj,-0.0253475373352864
HadGEM3-GC3-1MM,-6.5,-6.4299,4,IT,Soft wheat,frost_mj,-0.0105746307603353
HadGEM3-GC3-1MM,-5.5,-5.3528,4,IT,Soft wheat,frost_mj,-0.0125614078001245
HadGEM3-GC3-1MM,-4.5,-4.3969,4,IT,Soft wheat,frost_mj,-0.00304607912687519
IPSL-CM6A-LR,-9.5,-9.3401,5,IT,Soft wheat,frost_mj,-0.0419976628515902
IPSL-CM6A-LR,-8.5,-8.4598,8,IT,Soft wheat,frost_mj,-0.0226494957991134
IPSL-CM6A-LR,-7.5,-7.5255,19,IT,Soft wheat,frost_mj,-0.0190337053910649
IPSL-CM6A-LR,-6.5,-6.5577,11,IT,Soft wheat,frost_mj,-0.0281990748730712
IPSL-CM6A-LR,-5.5,-5.5623,13,IT,Soft wheat,frost_mj,-0.0142870436309093
IPSL-CM6A-LR,-4.5,-4.3507,11,IT,Soft wheat,frost_mj,-0.0179775000693419
IPSL-CM6A-LR,-3.5,-3.4644,8,IT,Soft wheat,frost_mj,-0.00903412852168061
IPSL-CM6A-LR,-2.5,-2.5669,9,IT,Soft wheat,frost_mj,-0.000913744712838932
IPSL-CM6A-LR,-1.5,-1.2909,6,IT,Soft wheat,frost_mj,-0.0147799624104305
IPSL-CM6A-LR,-0.5,-0.6347,8,IT,Soft wheat,frost_mj,0.00368463415271894
EC-Earth3,-9.5,-9.1554,4,LT,Soft wheat,frost_mj,-0.0669759398490523
EC-Earth3,-8.5,-8.4726,15,LT,Soft wheat,frost_mj,-0.0784510827755068
EC-Earth3,-7.5,-7.5562,20,LT,Soft wheat,frost_mj,-0.0796214936102883
EC-Earth3,-6.5,-6.4767,21,LT,Soft wheat,frost_mj,-0.0518580485356076
EC-Earth3,-5.5,-5.3342,8,LT,Soft wheat,frost_mj,-0.0512575050021782
EC-Earth3,-4.5,-4.5495,8,LT,Soft wheat,frost_mj,-0.0556577078790661
EC-Earth3,-3.5,-3.3459,9,LT,Soft wheat,frost_mj,-0.0777155617510615
EC-Earth3,-2.5,-2.4493,5,LT,Soft wheat,frost_mj,-0.0526939875024517
EC-Earth3,-1.5,-1.3807,6,LT,Soft wheat,frost_mj,-0.00752521150549319
EC-Earth3,-0.5,-0.6596,3,LT,Soft wheat,frost_mj,-0.0234862204361055
HadGEM3-GC3-1LL,-8.5,-8.3848,12,LT,Soft wheat,frost_mj,-0.0491907336342097
HadGEM3-GC3-1LL,-7.5,-7.5599,19,LT,Soft wheat,frost_mj,-0.047607510576035
HadGEM3-GC3-1LL,-6.5,-6.5442,24,LT,Soft wheat,frost_mj,-0.0645745317306487
HadGEM3-GC3-1LL,-5.5,-5.5797,10,LT,Soft wheat,frost_mj,-0.0476007463288155
HadGEM3-GC3-1LL,-4.5,-4.5263,6,LT,Soft wheat,frost_mj,-0.0499994699764631
HadGEM3-GC3-1LL,-3.5,-3.7835,7,LT,Soft wheat,frost_mj,-0.0562010269215228
HadGEM3-GC3-1LL,-2.5,-2.4504,6,LT,Soft wheat,frost_mj,-0.0406662511400005
HadGEM3-GC3-1LL,-1.5,-1.3098,8,LT,Soft wheat,frost_mj,-0.00557004141840447
HadGEM3-GC3-1LL,-0.5,-0.331,6,LT,Soft wheat,frost_mj,-0.0168536945813228
HadGEM3-GC3-1MM,-14.5,-14.3032,4,LT,Soft wheat,frost_mj,-0.121713464733244
HadGEM3-GC3-1MM,-13.5,-13.3931,8,LT,Soft wheat,frost_mj,-0.134596961908955
HadGEM3-GC3-1MM,-12.5,-12.588,13,LT,Soft wheat,frost_mj,-0.146795545879909
HadGEM3-GC3-1MM,-11.5,-11.5321,21,LT,Soft wheat,frost_mj,-0.13438023761146
HadGEM3-GC3-1MM,-10.5,-10.4803,10,LT,Soft wheat,frost_mj,-0.116132185366736
HadGEM3-GC3-1MM,-9.5,-9.6161,7,LT,Soft wheat,frost_mj,-0.114701577791687
HadGEM3-GC3-1MM,-8.5,-8.6582,7,LT,Soft wheat,frost_mj,-0.0994876949250816
HadGEM3-GC3-1MM,-7.5,-7.6345,8,LT,Soft wheat,frost_mj,-0.102006281272403
HadGEM3-GC3-1MM,-6.5,-6.4299,4,LT,Soft wheat,frost_mj,-0.0451444592630591
HadGEM3-GC3-1MM,-5.5,-5.3528,4,LT,Soft wheat,frost_mj,-0.0732685158444167
HadGEM3-GC3-1MM,-4.5,-4.3969,4,LT,Soft wheat,frost_mj,-0.0613449709244715
IPSL-CM6A-LR,-9.5,-9.3401,5,LT,Soft wheat,frost_mj,-0.0857003511164494
IPSL-CM6A-LR,-8.5,-8.4598,8,LT,Soft wheat,frost_mj,-0.0973865978727462
IPSL-CM6A-LR,-7.5,-7.5255,19,LT,Soft wheat,frost_mj,-0.0892461781310555
IPSL-CM6A-LR,-6.5,-6.5577,11,LT,Soft wheat,frost_mj,-0.0970167466312922
IPSL-CM6A-LR,-5.5,-5.5623,13,LT,Soft wheat,frost_mj,-0.0559990529429962
IPSL-CM6A-LR,-4.5,-4.3507,11,LT,Soft wheat,frost_mj,-0.053444161000406
IPSL-CM6A-LR,-3.5,-3.4644,8,LT,Soft wheat,frost_mj,-0.0561948306615908
IPSL-CM6A-LR,-2.5,-2.5669,9,LT,Soft wheat,frost_mj,-0.029718023369019
IPSL-CM6A-LR,-1.5,-1.2909,6,LT,Soft wheat,frost_mj,-0.0457689760894239
IPSL-CM6A-LR,-0.5,-0.6347,8,LT,Soft wheat,frost_mj,0.00834184866484763
EC-Earth3,-9.5,-9.1554,4,LV,Soft wheat,frost_mj,-0.0644782861969006
EC-Earth3,-8.5,-8.4726,15,LV,Soft wheat,frost_mj,-0.0718064037344684
EC-Earth3,-7.5,-7.5562,20,LV,Soft wheat,frost_mj,-0.0736375781833835
EC-Earth3,-6.5,-6.4767,21,LV,Soft wheat,frost_mj,-0.0482043903191843
EC-Earth3,-5.5,-5.3342,8,LV,Soft wheat,frost_mj,-0.0468462776142653
EC-Earth3,-4.5,-4.5495,8,LV,Soft wheat,frost_mj,-0.05977210287915
EC-Earth3,-3.5,-3.3459,9,LV,Soft wheat,frost_mj,-0.0783955245594893
EC-Earth3,-2.5,-2.4493,5,LV,Soft wheat,frost_mj,-0.0532477491218022
EC-Earth3,-1.5,-1.3807,6,LV,Soft wheat,frost_mj,-0.00755779099986579
EC-Earth3,-0.5,-0.6596,3,LV,Soft wheat,frost_mj,-0.0255789164332731
HadGEM3-GC3-1LL,-8.5,-8.3848,12,LV,Soft wheat,frost_mj,-0.0484990068187743
HadGEM3-GC3-1LL,-7.5,-7.5599,19,LV,Soft wheat,frost_mj,-0.0489971466196207
HadGEM3-GC3-1LL,-6.5,-6.5442,24,LV,Soft wheat,frost_mj,-0.0657545253583696
HadGEM3-GC3-1LL,-5.5,-5.5797,10,LV,Soft wheat,frost_mj,-0.048951557812001
HadGEM3-GC3-1LL,-4.5,-4.5263,6,LV,Soft wheat,frost_mj,-0.0413461398340513
HadGEM3-GC3-1LL,-3.5,-3.7835,7,LV,Soft wheat,frost_mj,-0.0552871678583863
HadGEM3-GC3-1LL,-2.5,-2.4504,6,LV,Soft wheat,frost_mj,-0.0327058296461912
HadGEM3-GC3-1LL,-1.5,-1.3098,8,LV,Soft wheat,frost_mj,-0.00927402706430104
HadGEM3-GC3-1LL,-0.5,-0.331,6,LV,Soft wheat,frost_mj,-0.0115825989736431
HadGEM3-GC3-1MM,-14.5,-14.3032,4,LV,Soft wheat,frost_mj,-0.128253077991164
HadGEM3-GC3-1MM,-13.5,-13.3931,8,LV,Soft wheat,frost_mj,-0.141386643225555
HadGEM3-GC3-1MM,-12.5,-12.588,13,LV,Soft wheat,frost_mj,-0.155365088921951
HadGEM3-GC3-1MM,-11.5,-11.5321,21,LV,Soft wheat,frost_mj,-0.141432887632457
HadGEM3-GC3-1MM,-10.5,-10.4803,10,LV,Soft wheat,frost_mj,-0.122325685349833
HadGEM3-GC3-1MM,-9.5,-9.6161,7,LV,Soft wheat,frost_mj,-0.119518095881591
HadGEM3-GC3-1MM,-8.5,-8.6582,7,LV,Soft wheat,frost_mj,-0.104639077439984
HadGEM3-GC3-1MM,-7.5,-7.6345,8,LV,Soft wheat,frost_mj,-0.109631736553302
HadGEM3-GC3-1MM,-6.5,-6.4299,4,LV,Soft wheat,frost_mj,-0.0508770423344599
HadGEM3-GC3-1MM,-5.5,-5.3528,4,LV,Soft wheat,frost_mj,-0.074770787412806
HadGEM3-GC3-1MM,-4.5,-4.3969,4,LV,Soft wheat,frost_mj,-0.064577012472604
IPSL-CM6A-LR,-9.5,-9.3401,5,LV,Soft wheat,frost_mj,-0.0888082789665999
IPSL-CM6A-LR,-8.5,-8.4598,8,LV,Soft wheat,frost_mj,-0.100406846402004
IPSL-CM6A-LR,-7.5,-7.5255,19,LV,Soft wheat,frost_mj,-0.0910488036715295
IPSL-CM6A-LR,-6.5,-6.5577,11,LV,Soft wheat,frost_mj,-0.0976641387709494
IPSL-CM6A-LR,-5.5,-5.5623,13,LV,Soft wheat,frost_mj,-0.0553754485377089
IPSL-CM6A-LR,-4.5,-4.3507,11,LV,Soft wheat,frost_mj,-0.055385289038686
IPSL-CM6A-LR,-3.5,-3.4644,8,LV,Soft wheat,frost_mj,-0.0572811560793451
IPSL-CM6A-LR,-2.5,-2.5669,9,LV,Soft wheat,frost_mj,-0.0341708898657259
IPSL-CM6A-LR,-1.5,-1.2909,6,LV,Soft wheat,frost_mj,-0.0477477198436598
IPSL-CM6A-LR,-0.5,-0.6347,8,LV,Soft wheat,frost_mj,0.00763980409789154
EC-Earth3,-9.5,-9.1554,4,RO,Soft wheat,frost_mj,-0.0331014016642207
EC-Earth3,-8.5,-8.4726,15,RO,Soft wheat,frost_mj,-0.0584739166049356
EC-Earth3,-7.5,-7.5562,20,RO,Soft wheat,frost_mj,-0.0411252088953975
EC-Earth3,-6.5,-6.4767,21,RO,Soft wheat,frost_mj,-0.0288257596620615
EC-Earth3,-5.5,-5.3342,8,RO,Soft wheat,frost_mj,-0.0353243417333337
EC-Earth3,-4.5,-4.5495,8,RO,Soft wheat,frost_mj,-0.00730640040304807
EC-Earth3,-3.5,-3.3459,9,RO,Soft wheat,frost_mj,-0.0305482034025116
EC-Earth3,-2.5,-2.4493,5,RO,Soft wheat,frost_mj,-0.0307308844712696
EC-Earth3,-1.5,-1.3807,6,RO,Soft wheat,frost_mj,-0.00718221810243248
EC-Earth3,-0.5,-0.6596,3,RO,Soft wheat,frost_mj,-0.00664813996976695
HadGEM3-GC3-1LL,-8.5,-8.3848,12,RO,Soft wheat,frost_mj,-0.034043437481156
HadGEM3-GC3-1LL,-7.5,-7.5599,19,RO,Soft wheat,frost_mj,-0.0269465196898009
HadGEM3-GC3-1LL,-6.5,-6.5442,24,RO,Soft wheat,frost_mj,-0.0372187549032829
HadGEM3-GC3-1LL,-5.5,-5.5797,10,RO,Soft wheat,frost_mj,-0.0176279127071365
HadGEM3-GC3-1LL,-4.5,-4.5263,6,RO,Soft wheat,frost_mj,-0.0330570949660554
HadGEM3-GC3-1LL,-3.5,-3.7835,7,RO,Soft wheat,frost_mj,-0.0256346895964881
HadGEM3-GC3-1LL,-2.5,-2.4504,6,RO,Soft wheat,frost_mj,-0.020371426794642
HadGEM3-GC3-1LL,-1.5,-1.3098,8,RO,Soft wheat,frost_mj,0.0116440051139726
HadGEM3-GC3-1LL,-0.5,-0.331,6,RO,Soft wheat,frost_mj,-0.0179799697232618
HadGEM3-GC3-1MM,-14.5,-14.3032,4,RO,Soft wheat,frost_mj,-0.0848652868403597
HadGEM3-GC3-1MM,-13.5,-13.3931,8,RO,Soft wheat,frost_mj,-0.0757204053140332
HadGEM3-GC3-1MM,-12.5,-12.588,13,RO,Soft wheat,frost_mj,-0.072610035616209
HadGEM3-GC3-1MM,-11.5,-11.5321,21,RO,Soft wheat,frost_mj,-0.0795618811673862
HadGEM3-GC3-1MM,-10.5,-10.4803,10,RO,Soft wheat,frost_mj,-0.0707438924604241
HadGEM3-GC3-1MM,-9.5,-9.6161,7,RO,Soft wheat,frost_mj,-0.0451070737968396
HadGEM3-GC3-1MM,-8.5,-8.6582,7,RO,Soft wheat,frost_mj,-0.0513932894734519
HadGEM3-GC3-1MM,-7.5,-7.6345,8,RO,Soft wheat,frost_mj,-0.0527704278051258
HadGEM3-GC3-1MM,-6.5,-6.4299,4,RO,Soft wheat,frost_mj,-0.0199239507612356
HadGEM3-GC3-1MM,-5.5,-5.3528,4,RO,Soft wheat,frost_mj,-0.0495059144988004
HadGEM3-GC3-1MM,-4.5,-4.3969,4,RO,Soft wheat,frost_mj,-0.0214816771660287
IPSL-CM6A-LR,-9.5,-9.3401,5,RO,Soft wheat,frost_mj,-0.05490869322592
IPSL-CM6A-LR,-8.5,-8.4598,8,RO,Soft wheat,frost_mj,-0.0321754568475114
IPSL-CM6A-LR,-7.5,-7.5255,19,RO,Soft wheat,frost_mj,-0.0298869822232199
IPSL-CM6A-LR,-6.5,-6.5577,11,RO,Soft wheat,frost_mj,-0.0436690112104357
IPSL-CM6A-LR,-5.5,-5.5623,13,RO,Soft wheat,frost_mj,-0.00478547643377182
IPSL-CM6A-LR,-4.5,-4.3507,11,RO,Soft wheat,frost_mj,-0.0104100230169209
IPSL-CM6A-LR,-3.5,-3.4644,8,RO,Soft wheat,frost_mj,-0.00508826609336315
IPSL-CM6A-LR,-2.5,-2.5669,9,RO,Soft wheat,frost_mj,0.00305377300567713
IPSL-CM6A-LR,-1.5,-1.2909,6,RO,Soft wheat,frost_mj,-0.0158665902759402
IPSL-CM6A-LR,-0.5,-0.6347,8,RO,Soft wheat,frost_mj,0.00678465785468135
EC-Earth3,-9.5,-9.1554,4,SE,Soft wheat,frost_mj,-0.0678439863433679
EC-Earth3,-8.5,-8.4726,15,SE,Soft wheat,frost_mj,-0.0868550780447802
EC-Earth3,-7.5,-7.5562,20,SE,Soft wheat,frost_mj,-0.0723986911966695
EC-Earth3,-6.5,-6.4767,21,SE,Soft wheat,frost_mj,-0.0455577505485936
EC-Earth3,-5.5,-5.3342,8,SE,Soft wheat,frost_mj,-0.0452689407981863
EC-Earth3,-4.5,-4.5495,8,SE,Soft wheat,frost_mj,-0.0685892303293065
EC-Earth3,-3.5,-3.3459,9,SE,Soft wheat,frost_mj,-0.0935085719797471
EC-Earth3,-2.5,-2.4493,5,SE,Soft wheat,frost_mj,-0.0485056567221763
EC-Earth3,-1.5,-1.3807,6,SE,Soft wheat,frost_mj,-0.00620307273532884
EC-Earth3,-0.5,-0.6596,3,SE,Soft wheat,frost_mj,-0.0346345457394882
HadGEM3-GC3-1LL,-8.5,-8.3848,12,SE,Soft wheat,frost_mj,-0.0590721678543669
HadGEM3-GC3-1LL,-7.5,-7.5599,19,SE,Soft wheat,frost_mj,-0.0512546406632324
HadGEM3-GC3-1LL,-6.5,-6.5442,24,SE,Soft wheat,frost_mj,-0.0748149690761727
HadGEM3-GC3-1LL,-5.5,-5.5797,10,SE,Soft wheat,frost_mj,-0.0431945953710928
HadGEM3-GC3-1LL,-4.5,-4.5263,6,SE,Soft wheat,frost_mj,-0.0330894758898658
HadGEM3-GC3-1LL,-3.5,-3.7835,7,SE,Soft wheat,frost_mj,-0.0588946675143705
HadGEM3-GC3-1LL,-2.5,-2.4504,6,SE,Soft wheat,frost_mj,-0.0344714575326318
HadGEM3-GC3-1LL,-1.5,-1.3098,8,SE,Soft wheat,frost_mj,-0.00685509023861498
HadGEM3-GC3-1LL,-0.5,-0.331,6,SE,Soft wheat,frost_mj,-0.0177117746628615
HadGEM3-GC3-1MM,-14.5,-14.3032,4,SE,Soft wheat,frost_mj,-0.168187559527359
HadGEM3-GC3-1MM,-13.5,-13.3931,8,SE,Soft wheat,frost_mj,-0.173549684099017
HadGEM3-GC3-1MM,-12.5,-12.588,13,SE,Soft wheat,frost_mj,-0.187414254824689
HadGEM3-GC3-1MM,-11.5,-11.5321,21,SE,Soft wheat,frost_mj,-0.164397676158556
HadGEM3-GC3-1MM,-10.5,-10.4803,10,SE,Soft wheat,frost_mj,-0.145177414791325
HadGEM3-GC3-1MM,-9.5,-9.6161,7,SE,Soft wheat,frost_mj,-0.13286261090325
HadGEM3-GC3-1MM,-8.5,-8.6582,7,SE,Soft wheat,frost_mj,-0.126059029815514
HadGEM3-GC3-1MM,-7.5,-7.6345,8,SE,Soft wheat,frost_mj,-0.107703617263268
HadGEM3-GC3-1MM,-6.5,-6.4299,4,SE,Soft wheat,frost_mj,-0.0468157724642729
HadGEM3-GC3-1MM,-5.5,-5.3528,4,SE,Soft wheat,frost_mj,-0.0614703459872247
HadGEM3-GC3-1MM,-4.5,-4.3969,4,SE,Soft wheat,frost_mj,-0.0522386334698802
IPSL-CM6A-LR,-9.5,-9.3401,5,SE,Soft wheat,frost_mj,-0.115251635429046
IPSL-CM6A-LR,-8.5,-8.4598,8,SE,Soft wheat,frost_mj,-0.13932643471545
IPSL-CM6A-LR,-7.5,-7.5255,19,SE,Soft wheat,frost_mj,-0.115123343319479
IPSL-CM6A-LR,-6.5,-6.5577,11,SE,Soft wheat,frost_mj,-0.125758571981029
IPSL-CM6A-LR,-5.5,-5.5623,13,SE,Soft wheat,frost_mj,-0.0676016023231438
IPSL-CM6A-LR,-4.5,-4.3507,11,SE,Soft wheat,frost_mj,-0.0593975481061216
IPSL-CM6A-LR,-3.5,-3.4644,8,SE,Soft wheat,frost_mj,-0.0587957619867636
IPSL-CM6A-LR,-2.5,-2.5669,9,SE,Soft wheat,frost_mj,-0.0306988394411494
IPSL-CM6A-LR,-1.5,-1.2909,6,SE,Soft wheat,frost_mj,-0.05145155345894
IPSL-CM6A-LR,-0.5,-0.6347,8,SE,Soft wheat,frost_mj,0.000220256369904291
EC-Earth3,-9.5,-9.1554,4,SK,Soft wheat,frost_mj,-0.0438481158920166
EC-Earth3,-8.5,-8.4726,15,SK,Soft wheat,frost_mj,-0.0744190523449581
EC-Earth3,-7.5,-7.5562,20,SK,Soft wheat,frost_mj,-0.0589738199442702
EC-Earth3,-6.5,-6.4767,21,SK,Soft wheat,frost_mj,-0.0374036432604479
EC-Earth3,-5.5,-5.3342,8,SK,Soft wheat,frost_mj,-0.0408933168839025
EC-Earth3,-4.5,-4.5495,8,SK,Soft wheat,frost_mj,-0.0257788866677595
EC-Earth3,-3.5,-3.3459,9,SK,Soft wheat,frost_mj,-0.0409187639990617
EC-Earth3,-2.5,-2.4493,5,SK,Soft wheat,frost_mj,-0.0316572216705615
EC-Earth3,-1.5,-1.3807,6,SK,Soft wheat,frost_mj,-0.00148466015849592
EC-Earth3,-0.5,-0.6596,3,SK,Soft wheat,frost_mj,-0.0117200003819153
HadGEM3-GC3-1LL,-8.5,-8.3848,12,SK,Soft wheat,frost_mj,-0.0481745071996218
HadGEM3-GC3-1LL,-7.5,-7.5599,19,SK,Soft wheat,frost_mj,-0.0379802976359915
HadGEM3-GC3-1LL,-6.5,-6.5442,24,SK,Soft wheat,frost_mj,-0.0492646564561738
HadGEM3-GC3-1LL,-5.5,-5.5797,10,SK,Soft wheat,frost_mj,-0.0274257457191536
HadGEM3-GC3-1LL,-4.5,-4.5263,6,SK,Soft wheat,frost_mj,-0.0469914114385477
HadGEM3-GC3-1LL,-3.5,-3.7835,7,SK,Soft wheat,frost_mj,-0.0371078983549834
HadGEM3-GC3-1LL,-2.5,-2.4504,6,SK,Soft wheat,frost_mj,-0.038310808512128
HadGEM3-GC3-1LL,-1.5,-1.3098,8,SK,Soft wheat,frost_mj,0.00909082413156376
HadGEM3-GC3-1LL,-0.5,-0.331,6,SK,Soft wheat,frost_mj,-0.0151621034072849
HadGEM3-GC3-1MM,-14.5,-14.3032,4,SK,Soft wheat,frost_mj,-0.0851096885905207
HadGEM3-GC3-1MM,-13.5,-13.3931,8,SK,Soft wheat,frost_mj,-0.0878911380057449
HadGEM3-GC3-1MM,-12.5,-12.588,13,SK,Soft wheat,frost_mj,-0.099686196736582
HadGEM3-GC3-1MM,-11.5,-11.5321,21,SK,Soft wheat,frost_mj,-0.0913528779625198
HadGEM3-GC3-1MM,-10.5,-10.4803,10,SK,Soft wheat,frost_mj,-0.0802388569844231
HadGEM3-GC3-1MM,-9.5,-9.6161,7,SK,Soft wheat,frost_mj,-0.0537852217405989
HadGEM3-GC3-1MM,-8.5,-8.6582,7,SK,Soft wheat,frost_mj,-0.0531952329946513
HadGEM3-GC3-1MM,-7.5,-7.6345,8,SK,Soft wheat,frost_mj,-0.0590696050071549
HadGEM3-GC3-1MM,-6.5,-6.4299,4,SK,Soft wheat,frost_mj,-0.0228580966472377
HadGEM3-GC3-1MM,-5.5,-5.3528,4,SK,Soft wheat,frost_mj,-0.0485698208254458
HadGEM3-GC3-1MM,-4.5,-4.3969,4,SK,Soft wheat,frost_mj,-0.0232251058181863
IPSL-CM6A-LR,-9.5,-9.3401,5,SK,Soft wheat,frost_mj,-0.0612401944481851
IPSL-CM6A-LR,-8.5,-8.4598,8,SK,Soft wheat,frost_mj,-0.0534816564800356
IPSL-CM6A-LR,-7.5,-7.5255,19,SK,Soft wheat,frost_mj,-0.0419693256448565
IPSL-CM6A-LR,-6.5,-6.5577,11,SK,Soft wheat,frost_mj,-0.0534875562457167
IPSL-CM6A-LR,-5.5,-5.5623,13,SK,Soft wheat,frost_mj,-0.0245549546853978
IPSL-CM6A-LR,-4.5,-4.3507,11,SK,Soft wheat,frost_mj,-0.0286157053236413
IPSL-CM6A-LR,-3.5,-3.4644,8,SK,Soft wheat,frost_mj,-0.0199572870498222
IPSL-CM6A-LR,-2.5,-2.5669,9,SK,Soft wheat,frost_mj,-0.00443505552661195
IPSL-CM6A-LR,-1.5,-1.2909,6,SK,Soft wheat,frost_mj,-0.0312555712350386
IPSL-CM6A-LR,-0.5,-0.6347,8,SK,Soft wheat,frost_mj,0.0087017674877422
EC-Earth3,-9.5,-9.1554,4,EL,Durum wheat,frost_mj,-0.0636654802872826
EC-Earth3,-8.5,-8.4726,15,EL,Durum wheat,frost_mj,-0.0811228234844173
EC-Earth3,-7.5,-7.5562,20,EL,Durum wheat,frost_mj,-0.046695875545393
EC-Earth3,-6.5,-6.4767,21,EL,Durum wheat,frost_mj,-0.0301511578922739
EC-Earth3,-5.5,-5.3342,8,EL,Durum wheat,frost_mj,-0.0646018614259573
EC-Earth3,-4.5,-4.5495,8,EL,Durum wheat,frost_mj,-0.0205664659021826
EC-Earth3,-3.5,-3.3459,9,EL,Durum wheat,frost_mj,-0.0257198487050199
EC-Earth3,-2.5,-2.4493,5,EL,Durum wheat,frost_mj,-0.0369680400934058
EC-Earth3,-1.5,-1.3807,6,EL,Durum wheat,frost_mj,0.00355292436837885
EC-Earth3,-0.5,-0.6596,3,EL,Durum wheat,frost_mj,-0.0088507254175924
HadGEM3-GC3-1LL,-8.5,-8.3848,12,EL,Durum wheat,frost_mj,-0.0403822997144528
HadGEM3-GC3-1LL,-7.5,-7.5599,19,EL,Durum wheat,frost_mj,-0.0312080026416719
HadGEM3-GC3-1LL,-6.5,-6.5442,24,EL,Durum wheat,frost_mj,-0.0439058906713358
HadGEM3-GC3-1LL,-5.5,-5.5797,10,EL,Durum wheat,frost_mj,-0.0150917977492128
HadGEM3-GC3-1LL,-4.5,-4.5263,6,EL,Durum wheat,frost_mj,-0.0445063760224619
HadGEM3-GC3-1LL,-3.5,-3.7835,7,EL,Durum wheat,frost_mj,-0.0242076018233139
HadGEM3-GC3-1LL,-2.5,-2.4504,6,EL,Durum wheat,frost_mj,-0.027421042291181
HadGEM3-GC3-1LL,-1.5,-1.3098,8,EL,Durum wheat,frost_mj,0.0111811364138685
HadGEM3-GC3-1LL,-0.5,-0.331,6,EL,Durum wheat,frost_mj,-0.0149186972078342
HadGEM3-GC3-1MM,-14.5,-14.3032,4,EL,Durum wheat,frost_mj,-0.154663241734435
HadGEM3-GC3-1MM,-13.5,-13.3931,8,EL,Durum wheat,frost_mj,-0.109908044060536
HadGEM3-GC3-1MM,-12.5,-12.588,13,EL,Durum wheat,frost_mj,-0.0878271165805339
HadGEM3-GC3-1MM,-11.5,-11.5321,21,EL,Durum wheat,frost_mj,-0.103711112793807
HadGEM3-GC3-1MM,-10.5,-10.4803,10,EL,Durum wheat,frost_mj,-0.0954471510798805
HadGEM3-GC3-1MM,-9.5,-9.6161,7,EL,Durum wheat,frost_mj,-0.0705966536131272
HadGEM3-GC3-1MM,-8.5,-8.6582,7,EL,Durum wheat,frost_mj,-0.0692005967524514
HadGEM3-GC3-1MM,-7.5,-7.6345,8,EL,Durum wheat,frost_mj,-0.0640076605545294
HadGEM3-GC3-1MM,-6.5,-6.4299,4,EL,Durum wheat,frost_mj,-0.0263762953677444
HadGEM3-GC3-1MM,-5.5,-5.3528,4,EL,Durum wheat,frost_mj,-0.068813112318559
HadGEM3-GC3-1MM,-4.5,-4.3969,4,EL,Durum wheat,frost_mj,-0.0212678266551566
IPSL-CM6A-LR,-9.5,-9.3401,5,EL,Durum wheat,frost_mj,-0.0613294501162051
IPSL-CM6A-LR,-8.5,-8.4598,8,EL,Durum wheat,frost_mj,-0.0303776795279263
IPSL-CM6A-LR,-7.5,-7.5255,19,EL,Durum wheat,frost_mj,-0.0367924140704752
IPSL-CM6A-LR,-6.5,-6.5577,11,EL,Durum wheat,frost_mj,-0.0486080866382496
IPSL-CM6A-LR,-5.5,-5.5623,13,EL,Durum wheat,frost_mj,-0.00557012352589616
IPSL-CM6A-LR,-4.5,-4.3507,11,EL,Durum wheat,frost_mj,-0.012554284251512
IPSL-CM6A-LR,-3.5,-3.4644,8,EL,Durum wheat,frost_mj,-0.00855489314691088
IPSL-CM6A-LR,-2.5,-2.5669,9,EL,Durum wheat,frost_mj,0.00296997514292914
IPSL-CM6A-LR,-1.5,-1.2909,6,EL,Durum wheat,frost_mj,-0.0114664550101268
IPSL-CM6A-LR,-0.5,-0.6347,8,EL,Durum wheat,frost_mj,0.009276628775694
EC-Earth3,-9.5,-9.1554,4,ES,Durum wheat,frost_mj,-0.0198281608524236
EC-Earth3,-8.5,-8.4726,15,ES,Durum wheat,frost_mj,-0.0213878662685925
EC-Earth3,-7.5,-7.5562,20,ES,Durum wheat,frost_mj,-0.0137200914760856
EC-Earth3,-6.5,-6.4767,21,ES,Durum wheat,frost_mj,-0.00730589496399524
EC-Earth3,-5.5,-5.3342,8,ES,Durum wheat,frost_mj,-0.00861796902430629
EC-Earth3,-4.5,-4.5495,8,ES,Durum wheat,frost_mj,-0.00498464876361209
EC-Earth3,-3.5,-3.3459,9,ES,Durum wheat,frost_mj,-0.0114009246215253
EC-Earth3,-2.5,-2.4493,5,ES,Durum wheat,frost_mj,-0.00457370184982821
EC-Earth3,-1.5,-1.3807,6,ES,Durum wheat,frost_mj,-0.00125280615574318
EC-Earth3,-0.5,-0.6596,3,ES,Durum wheat,frost_mj,-0.00242874115124232
HadGEM3-GC3-1LL,-8.5,-8.3848,12,ES,Durum wheat,frost_mj,-0.0316146224030607
HadGEM3-GC3-1LL,-7.5,-7.5599,19,ES,Durum wheat,frost_mj,-0.0187251323461313
HadGEM3-GC3-1LL,-6.5,-6.5442,24,ES,Durum wheat,frost_mj,-0.023513052837781
HadGEM3-GC3-1LL,-5.5,-5.5797,10,ES,Durum wheat,frost_mj,-0.0201915088070135
HadGEM3-GC3-1LL,-4.5,-4.5263,6,ES,Durum wheat,frost_mj,-0.0195002989552598
HadGEM3-GC3-1LL,-3.5,-3.7835,7,ES,Durum wheat,frost_mj,-0.00653884610650822
HadGEM3-GC3-1LL,-2.5,-2.4504,6,ES,Durum wheat,frost_mj,-0.0233389934405217
HadGEM3-GC3-1LL,-1.5,-1.3098,8,ES,Durum wheat,frost_mj,-0.00275650270825434
HadGEM3-GC3-1LL,-0.5,-0.331,6,ES,Durum wheat,frost_mj,-0.0034463361247885
HadGEM3-GC3-1MM,-14.5,-14.3032,4,ES,Durum wheat,frost_mj,-0.060006042903076
HadGEM3-GC3-1MM,-13.5,-13.3931,8,ES,Durum wheat,frost_mj,-0.0856673381335075
HadGEM3-GC3-1MM,-12.5,-12.588,13,ES,Durum wheat,frost_mj,-0.0547194037156634
HadGEM3-GC3-1MM,-11.5,-11.5321,21,ES,Durum wheat,frost_mj,-0.050188062406026
HadGEM3-GC3-1MM,-10.5,-10.4803,10,ES,Durum wheat,frost_mj,-0.0340341860193794
HadGEM3-GC3-1MM,-9.5,-9.6161,7,ES,Durum wheat,frost_mj,-0.0453353576218874
HadGEM3-GC3-1MM,-8.5,-8.6582,7,ES,Durum wheat,frost_mj,-0.0146032807204362
HadGEM3-GC3-1MM,-7.5,-7.6345,8,ES,Durum wheat,frost_mj,-0.0230871288022537
HadGEM3-GC3-1MM,-6.5,-6.4299,4,ES,Durum wheat,frost_mj,-0.0304601372130726
HadGEM3-GC3-1MM,-5.5,-5.3528,4,ES,Durum wheat,frost_mj,-0.00895870144082428
HadGEM3-GC3-1MM,-4.5,-4.3969,4,ES,Durum wheat,frost_mj,0.00043588984056954
IPSL-CM6A-LR,-9.5,-9.3401,5,ES,Durum wheat,frost_mj,-0.0239499482799303
IPSL-CM6A-LR,-8.5,-8.4598,8,ES,Durum wheat,frost_mj,-0.015141485067263
IPSL-CM6A-LR,-7.5,-7.5255,19,ES,Durum wheat,frost_mj,-0.0153893321851781
IPSL-CM6A-LR,-6.5,-6.5577,11,ES,Durum wheat,frost_mj,-0.0156752589890938
IPSL-CM6A-LR,-5.5,-5.5623,13,ES,Durum wheat,frost_mj,-0.0164565346573023
IPSL-CM6A-LR,-4.5,-4.3507,11,ES,Durum wheat,frost_mj,-0.016550980662141
IPSL-CM6A-LR,-3.5,-3.4644,8,ES,Durum wheat,frost_mj,-0.00508847847064554
IPSL-CM6A-LR,-2.5,-2.5669,9,ES,Durum wheat,frost_mj,-0.00504099305708898
IPSL-CM6A-LR,-1.5,-1.2909,6,ES,Durum wheat,frost_mj,-0.00831476359713758
IPSL-CM6A-LR,-0.5,-0.6347,8,ES,Durum wheat,frost_mj,0.00197246026545599
EC-Earth3,-9.5,-9.1554,4,FR,Durum wheat,frost_mj,-0.0727490999533579
EC-Earth3,-8.5,-8.4726,15,FR,Durum wheat,frost_mj,-0.0863775128207253
EC-Earth3,-7.5,-7.5562,20,FR,Durum wheat,frost_mj,-0.060628813609548
EC-Earth3,-6.5,-6.4767,21,FR,Durum wheat,frost_mj,-0.0388978486201668
EC-Earth3,-5.5,-5.3342,8,FR,Durum wheat,frost_mj,-0.0443870650748261
EC-Earth3,-4.5,-4.5495,8,FR,Durum wheat,frost_mj,-0.04432618734902
EC-Earth3,-3.5,-3.3459,9,FR,Durum wheat,frost_mj,-0.0442788380947785
EC-Earth3,-2.5,-2.4493,5,FR,Durum wheat,frost_mj,-0.0187466230933613
EC-Earth3,-1.5,-1.3807,6,FR,Durum wheat,frost_mj,-0.00498812667726383
EC-Earth3,-0.5,-0.6596,3,FR,Durum wheat,frost_mj,-0.00200069368138836
HadGEM3-GC3-1LL,-8.5,-8.3848,12,FR,Durum wheat,frost_mj,-0.0712752672367657
HadGEM3-GC3-1LL,-7.5,-7.5599,19,FR,Durum wheat,frost_mj,-0.0546082161774836
HadGEM3-GC3-1LL,-6.5,-6.5442,24,FR,Durum wheat,frost_mj,-0.0644173398152301
HadGEM3-GC3-1LL,-5.5,-5.5797,10,FR,Durum wheat,frost_mj,-0.0492145147241409
HadGEM3-GC3-1LL,-4.5,-4.5263,6,FR,Durum wheat,frost_mj,-0.0468113773126311
HadGEM3-GC3-1LL,-3.5,-3.7835,7,FR,Durum wheat,frost_mj,-0.0357118090174977
HadGEM3-GC3-1LL,-2.5,-2.4504,6,FR,Durum wheat,frost_mj,-0.0657398097136335
HadGEM3-GC3-1LL,-1.5,-1.3098,8,FR,Durum wheat,frost_mj,-0.00741477394641902
HadGEM3-GC3-1LL,-0.5,-0.331,6,FR,Durum wheat,frost_mj,-0.010558482680501
HadGEM3-GC3-1MM,-14.5,-14.3032,4,FR,Durum wheat,frost_mj,-0.142402100613136
HadGEM3-GC3-1MM,-13.5,-13.3931,8,FR,Durum wheat,frost_mj,-0.179540719568551
HadGEM3-GC3-1MM,-12.5,-12.588,13,FR,Durum wheat,frost_mj,-0.147637666116195
HadGEM3-GC3-1MM,-11.5,-11.5321,21,FR,Durum wheat,frost_mj,-0.127173752139352
HadGEM3-GC3-1MM,-10.5,-10.4803,10,FR,Durum wheat,frost_mj,-0.0903688445451007
HadGEM3-GC3-1MM,-9.5,-9.6161,7,FR,Durum wheat,frost_mj,-0.0982305103363788
HadGEM3-GC3-1MM,-8.5,-8.6582,7,FR,Durum wheat,frost_mj,-0.0562072502388977
HadGEM3-GC3-1MM,-7.5,-7.6345,8,FR,Durum wheat,frost_mj,-0.0597254299517209
HadGEM3-GC3-1MM,-6.5,-6.4299,4,FR,Durum wheat,frost_mj,-0.0341891644133854
HadGEM3-GC3-1MM,-5.5,-5.3528,4,FR,Durum wheat,frost_mj,-0.0356174397766651
HadGEM3-GC3-1MM,-4.5,-4.3969,4,FR,Durum wheat,frost_mj,-0.0116656230876816
IPSL-CM6A-LR,-9.5,-9.3401,5,FR,Durum wheat,frost_mj,-0.0992073804682352
IPSL-CM6A-LR,-8.5,-8.4598,8,FR,Durum wheat,frost_mj,-0.0867007055488894
IPSL-CM6A-LR,-7.5,-7.5255,19,FR,Durum wheat,frost_mj,-0.0725467180582703
IPSL-CM6A-LR,-6.5,-6.5577,11,FR,Durum wheat,frost_mj,-0.0833301342916062
IPSL-CM6A-LR,-5.5,-5.5623,13,FR,Durum wheat,frost_mj,-0.0633832002042935
IPSL-CM6A-LR,-4.5,-4.3507,11,FR,Durum wheat,frost_mj,-0.0593852087167128
IPSL-CM6A-LR,-3.5,-3.4644,8,FR,Durum wheat,frost_mj,-0.0363101989249383
IPSL-CM6A-LR,-2.5,-2.5669,9,FR,Durum wheat,frost_mj,-0.0118601458730402
IPSL-CM6A-LR,-1.5,-1.2909,6,FR,Durum wheat,frost_mj,-0.0422597429710289
IPSL-CM6A-LR,-0.5,-0.6347,8,FR,Durum wheat,frost_mj,0.00135703866780379
EC-Earth3,-9.5,-9.1554,4,HU,Durum wheat,frost_mj,-0.0742216831498837
EC-Earth3,-8.5,-8.4726,15,HU,Durum wheat,frost_mj,-0.14026765454132
EC-Earth3,-7.5,-7.5562,20,HU,Durum wheat,frost_mj,-0.0949734652174736
EC-Earth3,-6.5,-6.4767,21,HU,Durum wheat,frost_mj,-0.0624628236935781
EC-Earth3,-5.5,-5.3342,8,HU,Durum wheat,frost_mj,-0.0734914731935501
EC-Earth3,-4.5,-4.5495,8,HU,Durum wheat,frost_mj,-0.0339251198479464
EC-Earth3,-3.5,-3.3459,9,HU,Durum wheat,frost_mj,-0.0737803285136851
EC-Earth3,-2.5,-2.4493,5,HU,Durum wheat,frost_mj,-0.0585374290765174
EC-Earth3,-1.5,-1.3807,6,HU,Durum wheat,frost_mj,-0.00928766376710889
EC-Earth3,-0.5,-0.6596,3,HU,Durum wheat,frost_mj,-0.0180920645277126
HadGEM3-GC3-1LL,-8.5,-8.3848,12,HU,Durum wheat,frost_mj,-0.0779522732667868
HadGEM3-GC3-1LL,-7.5,-7.5599,19,HU,Durum wheat,frost_mj,-0.057003049027552
HadGEM3-GC3-1LL,-6.5,-6.5442,24,HU,Durum wheat,frost_mj,-0.078653860732097
HadGEM3-GC3-1LL,-5.5,-5.5797,10,HU,Durum wheat,frost_mj,-0.0405294196340658
HadGEM3-GC3-1LL,-4.5,-4.5263,6,HU,Durum wheat,frost_mj,-0.0725500422058595
HadGEM3-GC3-1LL,-3.5,-3.7835,7,HU,Durum wheat,frost_mj,-0.0560110050792669
HadGEM3-GC3-1LL,-2.5,-2.4504,6,HU,Durum wheat,frost_mj,-0.0676921896495536
HadGEM3-GC3-1LL,-1.5,-1.3098,8,HU,Durum wheat,frost_mj,0.0197891017997969
HadGEM3-GC3-1LL,-0.5,-0.331,6,HU,Durum wheat,frost_mj,-0.0321738543928287
HadGEM3-GC3-1MM,-14.5,-14.3032,4,HU,Durum wheat,frost_mj,-0.153092053574966
HadGEM3-GC3-1MM,-13.5,-13.3931,8,HU,Durum wheat,frost_mj,-0.149677601558468
HadGEM3-GC3-1MM,-12.5,-12.588,13,HU,Durum wheat,frost_mj,-0.156829757940384
HadGEM3-GC3-1MM,-11.5,-11.5321,21,HU,Durum wheat,frost_mj,-0.158814611624528
HadGEM3-GC3-1MM,-10.5,-10.4803,10,HU,Durum wheat,frost_mj,-0.129685793284456
HadGEM3-GC3-1MM,-9.5,-9.6161,7,HU,Durum wheat,frost_mj,-0.0925706761660096
HadGEM3-GC3-1MM,-8.5,-8.6582,7,HU,Durum wheat,frost_mj,-0.0902404056660512
HadGEM3-GC3-1MM,-7.5,-7.6345,8,HU,Durum wheat,frost_mj,-0.0947977620773821
HadGEM3-GC3-1MM,-6.5,-6.4299,4,HU,Durum wheat,frost_mj,-0.0283172737530163
HadGEM3-GC3-1MM,-5.5,-5.3528,4,HU,Durum wheat,frost_mj,-0.0764013097705954
HadGEM3-GC3-1MM,-4.5,-4.3969,4,HU,Durum wheat,frost_mj,-0.0326284154022785
IPSL-CM6A-LR,-9.5,-9.3401,5,HU,Durum wheat,frost_mj,-0.110470663221447
IPSL-CM6A-LR,-8.5,-8.4598,8,HU,Durum wheat,frost_mj,-0.0796928767682355
IPSL-CM6A-LR,-7.5,-7.5255,19,HU,Durum wheat,frost_mj,-0.0625464051775862
IPSL-CM6A-LR,-6.5,-6.5577,11,HU,Durum wheat,frost_mj,-0.0952850664101
IPSL-CM6A-LR,-5.5,-5.5623,13,HU,Durum wheat,frost_mj,-0.0336667227123383
IPSL-CM6A-LR,-4.5,-4.3507,11,HU,Durum wheat,frost_mj,-0.0409146654103062
IPSL-CM6A-LR,-3.5,-3.4644,8,HU,Durum wheat,frost_mj,-0.0198219049056884
IPSL-CM6A-LR,-2.5,-2.5669,9,HU,Durum wheat,frost_mj,0.00194693148396915
IPSL-CM6A-LR,-1.5,-1.2909,6,HU,Durum wheat,frost_mj,-0.0543006906679026
IPSL-CM6A-LR,-0.5,-0.6347,8,HU,Durum wheat,frost_mj,0.0157915866185432
EC-Earth3,-9.5,-9.1554,4,IT,Durum wheat,frost_mj,-0.0204857601989785
EC-Earth3,-8.5,-8.4726,15,IT,Durum wheat,frost_mj,-0.0288605077264757
EC-Earth3,-7.5,-7.5562,20,IT,Durum wheat,frost_mj,-0.0170337486396847
EC-Earth3,-6.5,-6.4767,21,IT,Durum wheat,frost_mj,-0.00901407362741782
EC-Earth3,-5.5,-5.3342,8,IT,Durum wheat,frost_mj,-0.0195987193453165
EC-Earth3,-4.5,-4.5495,8,IT,Durum wheat,frost_mj,-0.00793507798031732
EC-Earth3,-3.5,-3.3459,9,IT,Durum wheat,frost_mj,-0.00831920061029924
EC-Earth3,-2.5,-2.4493,5,IT,Durum wheat,frost_mj,-0.00651191858307787
EC-Earth3,-1.5,-1.3807,6,IT,Durum wheat,frost_mj,-0.000850448052437289
EC-Earth3,-0.5,-0.6596,3,IT,Durum wheat,frost_mj,0.000430573493399145
HadGEM3-GC3-1LL,-8.5,-8.3848,12,IT,Durum wheat,frost_mj,-0.0182673588025637
HadGEM3-GC3-1LL,-7.5,-7.5599,19,IT,Durum wheat,frost_mj,-0.0134592834448235
HadGEM3-GC3-1LL,-6.5,-6.5442,24,IT,Durum wheat,frost_mj,-0.0192333332125451
HadGEM3-GC3-1LL,-5.5,-5.5797,10,IT,Durum wheat,frost_mj,-0.00664132105747615
HadGEM3-GC3-1LL,-4.5,-4.5263,6,IT,Durum wheat,frost_mj,-0.0193197963789663
HadGEM3-GC3-1LL,-3.5,-3.7835,7,IT,Durum wheat,frost_mj,-0.00906883199744081
HadGEM3-GC3-1LL,-2.5,-2.4504,6,IT,Durum wheat,frost_mj,-0.0154244909060619
HadGEM3-GC3-1LL,-1.5,-1.3098,8,IT,Durum wheat,frost_mj,0.00310930795729965
HadGEM3-GC3-1LL,-0.5,-0.331,6,IT,Durum wheat,frost_mj,-0.00486032722668381
HadGEM3-GC3-1MM,-14.5,-14.3032,4,IT,Durum wheat,frost_mj,-0.0541330477371686
HadGEM3-GC3-1MM,-13.5,-13.3931,8,IT,Durum wheat,frost_mj,-0.0447586479926939
HadGEM3-GC3-1MM,-12.5,-12.588,13,IT,Durum wheat,frost_mj,-0.0398616463858432
HadGEM3-GC3-1MM,-11.5,-11.5321,21,IT,Durum wheat,frost_mj,-0.0436603825467733
HadGEM3-GC3-1MM,-10.5,-10.4803,10,IT,Durum wheat,frost_mj,-0.0337413369770566
HadGEM3-GC3-1MM,-9.5,-9.6161,7,IT,Durum wheat,frost_mj,-0.0291936479013243
HadGEM3-GC3-1MM,-8.5,-8.6582,7,IT,Durum wheat,frost_mj,-0.0166112694283978
HadGEM3-GC3-1MM,-7.5,-7.6345,8,IT,Durum wheat,frost_mj,-0.0234119046434306
HadGEM3-GC3-1MM,-6.5,-6.4299,4,IT,Durum wheat,frost_mj,-0.0114112429085423
HadGEM3-GC3-1MM,-5.5,-5.3528,4,IT,Durum wheat,frost_mj,-0.0148740147395188
HadGEM3-GC3-1MM,-4.5,-4.3969,4,IT,Durum wheat,frost_mj,-0.00161611571383547
IPSL-CM6A-LR,-9.5,-9.3401,5,IT,Durum wheat,frost_mj,-0.039132409372889
IPSL-CM6A-LR,-8.5,-8.4598,8,IT,Durum wheat,frost_mj,-0.018426877212023
IPSL-CM6A-LR,-7.5,-7.5255,19,IT,Durum wheat,frost_mj,-0.0155519373913371
IPSL-CM6A-LR,-6.5,-6.5577,11,IT,Durum wheat,frost_mj,-0.0225426624202371
IPSL-CM6A-LR,-5.5,-5.5623,13,IT,Durum wheat,frost_mj,-0.00864674892043497
IPSL-CM6A-LR,-4.5,-4.3507,11,IT,Durum wheat,frost_mj,-0.0127862460252105
IPSL-CM6A-LR,-3.5,-3.4644,8,IT,Durum wheat,frost_mj,-0.00522248162485653
IPSL-CM6A-LR,-2.5,-2.5669,9,IT,Durum wheat,frost_mj,-7.5366573451566e-06
IPSL-CM6A-LR,-1.5,-1.2909,6,IT,Durum wheat,frost_mj,-0.00937360083935697
IPSL-CM6A-LR,-0.5,-0.6347,8,IT,Durum wheat,frost_mj,0.00269805690642112
EC-Earth3,-9.5,-9.1554,4,RO,Durum wheat,frost_mj,-0.0685696891755186
EC-Earth3,-8.5,-8.4726,15,RO,Durum wheat,frost_mj,-0.125447678638705
EC-Earth3,-7.5,-7.5562,20,RO,Durum wheat,frost_mj,-0.0915081649894178
EC-Earth3,-6.5,-6.4767,21,RO,Durum wheat,frost_mj,-0.064801716259706
EC-Earth3,-5.5,-5.3342,8,RO,Durum wheat,frost_mj,-0.0750688661462151
EC-Earth3,-4.5,-4.5495,8,RO,Durum wheat,frost_mj,-0.018066386041431
EC-Earth3,-3.5,-3.3459,9,RO,Durum wheat,frost_mj,-0.0667276937626433
EC-Earth3,-2.5,-2.4493,5,RO,Durum wheat,frost_mj,-0.0655807902964156
EC-Earth3,-1.5,-1.3807,6,RO,Durum wheat,frost_mj,-0.0170380682939122
EC-Earth3,-0.5,-0.6596,3,RO,Durum wheat,frost_mj,-0.0173418926358157
HadGEM3-GC3-1LL,-8.5,-8.3848,12,RO,Durum wheat,frost_mj,-0.0735701856556157
HadGEM3-GC3-1LL,-7.5,-7.5599,19,RO,Durum wheat,frost_mj,-0.0576434607326782
HadGEM3-GC3-1LL,-6.5,-6.5442,24,RO,Durum wheat,frost_mj,-0.0820339235809923
HadGEM3-GC3-1LL,-5.5,-5.5797,10,RO,Durum wheat,frost_mj,-0.0407532806437031
HadGEM3-GC3-1LL,-4.5,-4.5263,6,RO,Durum wheat,frost_mj,-0.0717739969784183
HadGEM3-GC3-1LL,-3.5,-3.7835,7,RO,Durum wheat,frost_mj,-0.0575042923807299
HadGEM3-GC3-1LL,-2.5,-2.4504,6,RO,Durum wheat,frost_mj,-0.0452337853152837
HadGEM3-GC3-1LL,-1.5,-1.3098,8,RO,Durum wheat,frost_mj,0.0237320608524384
HadGEM3-GC3-1LL,-0.5,-0.331,6,RO,Durum wheat,frost_mj,-0.0391929701858862
HadGEM3-GC3-1MM,-14.5,-14.3032,4,RO,Durum wheat,frost_mj,-0.175899212524518
HadGEM3-GC3-1MM,-13.5,-13.3931,8,RO,Durum wheat,frost_mj,-0.162449519546748
HadGEM3-GC3-1MM,-12.5,-12.588,13,RO,Durum wheat,frost_mj,-0.157129403500653
HadGEM3-GC3-1MM,-11.5,-11.5321,21,RO,Durum wheat,frost_mj,-0.168902172999329
HadGEM3-GC3-1MM,-10.5,-10.4803,10,RO,Durum wheat,frost_mj,-0.153371580850019
HadGEM3-GC3-1MM,-9.5,-9.6161,7,RO,Durum wheat,frost_mj,-0.0991222499678958
HadGEM3-GC3-1MM,-8.5,-8.6582,7,RO,Durum wheat,frost_mj,-0.110295978879413
HadGEM3-GC3-1MM,-7.5,-7.6345,8,RO,Durum wheat,frost_mj,-0.116390131330016
HadGEM3-GC3-1MM,-6.5,-6.4299,4,RO,Durum wheat,frost_mj,-0.0458435798541586
HadGEM3-GC3-1MM,-5.5,-5.3528,4,RO,Durum wheat,frost_mj,-0.103003329274346
HadGEM3-GC3-1MM,-4.5,-4.3969,4,RO,Durum wheat,frost_mj,-0.044686487216043
IPSL-CM6A-LR,-9.5,-9.3401,5,RO,Durum wheat,frost_mj,-0.116308820108357
IPSL-CM6A-LR,-8.5,-8.4598,8,RO,Durum wheat,frost_mj,-0.0704857152372028
IPSL-CM6A-LR,-7.5,-7.5255,19,RO,Durum wheat,frost_mj,-0.0636657428636678
IPSL-CM6A-LR,-6.5,-6.5577,11,RO,Durum wheat,frost_mj,-0.0930431891957545
IPSL-CM6A-LR,-5.5,-5.5623,13,RO,Durum wheat,frost_mj,-0.0139300537416311
IPSL-CM6A-LR,-4.5,-4.3507,11,RO,Durum wheat,frost_mj,-0.0246182727566163
IPSL-CM6A-LR,-3.5,-3.4644,8,RO,Durum wheat,frost_mj,-0.0140522034662195
IPSL-CM6A-LR,-2.5,-2.5669,9,RO,Durum wheat,frost_mj,0.00431990345046574
IPSL-CM6A-LR,-1.5,-1.2909,6,RO,Durum wheat,frost_mj,-0.0360429131873133
IPSL-CM6A-LR,-0.5,-0.6347,8,RO,Durum wheat,frost_mj,0.0133610739643276
EC-Earth3,-9.5,-9.1554,4,SK,Durum wheat,frost_mj,-0.0881161273265686
EC-Earth3,-8.5,-8.4726,15,SK,Durum wheat,frost_mj,-0.157721266345227
EC-Earth3,-7.5,-7.5562,20,SK,Durum wheat,frost_mj,-0.119149968297824
EC-Earth3,-6.5,-6.4767,21,SK,Durum wheat,frost_mj,-0.0767265336584954
EC-Earth3,-5.5,-5.3342,8,SK,Durum wheat,frost_mj,-0.0858455278390825
EC-Earth3,-4.5,-4.5495,8,SK,Durum wheat,frost_mj,-0.0549780547761166
EC-Earth3,-3.5,-3.3459,9,SK,Durum wheat,frost_mj,-0.0856329709668627
EC-Earth3,-2.5,-2.4493,5,SK,Durum wheat,frost_mj,-0.0632812557348026
EC-Earth3,-1.5,-1.3807,6,SK,Durum wheat,frost_mj,-0.00414985844665709
EC-Earth3,-0.5,-0.6596,3,SK,Durum wheat,frost_mj,-0.0197361432758997
HadGEM3-GC3-1LL,-8.5,-8.3848,12,SK,Durum wheat,frost_mj,-0.100973296904694
HadGEM3-GC3-1LL,-7.5,-7.5599,19,SK,Durum wheat,frost_mj,-0.0748095413284949
HadGEM3-GC3-1LL,-6.5,-6.5442,24,SK,Durum wheat,frost_mj,-0.100060603285194
HadGEM3-GC3-1LL,-5.5,-5.5797,10,SK,Durum wheat,frost_mj,-0.0526390709187662
HadGEM3-GC3-1LL,-4.5,-4.5263,6,SK,Durum wheat,frost_mj,-0.0895001032094778
HadGEM3-GC3-1LL,-3.5,-3.7835,7,SK,Durum wheat,frost_mj,-0.0719433396714587
HadGEM3-GC3-1LL,-2.5,-2.4504,6,SK,Durum wheat,frost_mj,-0.0756448355017308
HadGEM3-GC3-1LL,-1.5,-1.3098,8,SK,Durum wheat,frost_mj,0.0214928930402101
HadGEM3-GC3-1LL,-0.5,-0.331,6,SK,Durum wheat,frost_mj,-0.0264106603699597
HadGEM3-GC3-1MM,-14.5,-14.3032,4,SK,Durum wheat,frost_mj,-0.173582215055993
HadGEM3-GC3-1MM,-13.5,-13.3931,8,SK,Durum wheat,frost_mj,-0.174572667270049
HadGEM3-GC3-1MM,-12.5,-12.588,13,SK,Durum wheat,frost_mj,-0.199865202298537
HadGEM3-GC3-1MM,-11.5,-11.5321,21,SK,Durum wheat,frost_mj,-0.183445628666447
HadGEM3-GC3-1MM,-10.5,-10.4803,10,SK,Durum wheat,frost_mj,-0.157965572848995
HadGEM3-GC3-1MM,-9.5,-9.6161,7,SK,Durum wheat,frost_mj,-0.102698868882282
HadGEM3-GC3-1MM,-8.5,-8.6582,7,SK,Durum wheat,frost_mj,-0.103239797347885
HadGEM3-GC3-1MM,-7.5,-7.6345,8,SK,Durum wheat,frost_mj,-0.112668918609838
HadGEM3-GC3-1MM,-6.5,-6.4299,4,SK,Durum wheat,frost_mj,-0.0390412968116186
HadGEM3-GC3-1MM,-5.5,-5.3528,4,SK,Durum wheat,frost_mj,-0.089895981354298
HadGEM3-GC3-1MM,-4.5,-4.3969,4,SK,Durum wheat,frost_mj,-0.03978353334161
IPSL-CM6A-LR,-9.5,-9.3401,5,SK,Durum wheat,frost_mj,-0.125494174371892
IPSL-CM6A-LR,-8.5,-8.4598,8,SK,Durum wheat,frost_mj,-0.106682128223075
IPSL-CM6A-LR,-7.5,-7.5255,19,SK,Durum wheat,frost_mj,-0.0827241360732642
IPSL-CM6A-LR,-6.5,-6.5577,11,SK,Durum wheat,frost_mj,-0.109446863992544
IPSL-CM6A-LR,-5.5,-5.5623,13,SK,Durum wheat,frost_mj,-0.0506427527123896
IPSL-CM6A-LR,-4.5,-4.3507,11,SK,Durum wheat,frost_mj,-0.059810061013401
IPSL-CM6A-LR,-3.5,-3.4644,8,SK,Durum wheat,frost_mj,-0.0377716526060134
IPSL-CM6A-LR,-2.5,-2.5669,9,SK,Durum wheat,frost_mj,-0.0084459233191675
IPSL-CM6A-LR,-1.5,-1.2909,6,SK,Durum wheat,frost_mj,-0.0650834418047165
IPSL-CM6A-LR,-0.5,-0.6347,8,SK,Durum wheat,frost_mj,0.0173116781662557
EC-Earth3,-9.5,-9.1554,4,CZ,Spring barley,frost_mj,-0.0329020651618575
EC-Earth3,-8.5,-8.4726,15,CZ,Spring barley,frost_mj,-0.0552773858144612
EC-Earth3,-7.5,-7.5562,20,CZ,Spring barley,frost_mj,-0.0445924740142557
EC-Earth3,-6.5,-6.4767,21,CZ,Spring barley,frost_mj,-0.0315939666923458
EC-Earth3,-5.5,-5.3342,8,CZ,Spring barley,frost_mj,-0.0316284341787607
EC-Earth3,-4.5,-4.5495,8,CZ,Spring barley,frost_mj,-0.0288150109402363
EC-Earth3,-3.5,-3.3459,9,CZ,Spring barley,frost_mj,-0.0314130001355215
EC-Earth3,-2.5,-2.4493,5,CZ,Spring barley,frost_mj,-0.0189230070148937
EC-Earth3,-1.5,-1.3807,6,CZ,Spring barley,frost_mj,-0.00102804017010201
EC-Earth3,-0.5,-0.6596,3,CZ,Spring barley,frost_mj,-0.00193057149182555
HadGEM3-GC3-1LL,-8.5,-8.3848,12,CZ,Spring barley,frost_mj,-0.0377847802758133
HadGEM3-GC3-1LL,-7.5,-7.5599,19,CZ,Spring barley,frost_mj,-0.0306938484101441
HadGEM3-GC3-1LL,-6.5,-6.5442,24,CZ,Spring barley,frost_mj,-0.036360359771976
HadGEM3-GC3-1LL,-5.5,-5.5797,10,CZ,Spring barley,frost_mj,-0.0235760681023314
HadGEM3-GC3-1LL,-4.5,-4.5263,6,CZ,Spring barley,frost_mj,-0.0359324629535077
HadGEM3-GC3-1LL,-3.5,-3.7835,7,CZ,Spring barley,frost_mj,-0.0297014972751904
HadGEM3-GC3-1LL,-2.5,-2.4504,6,CZ,Spring barley,frost_mj,-0.0257884770236686
HadGEM3-GC3-1LL,-1.5,-1.3098,8,CZ,Spring barley,frost_mj,0.00281103455225211
HadGEM3-GC3-1LL,-0.5,-0.331,6,CZ,Spring barley,frost_mj,-0.00345767604485741
HadGEM3-GC3-1MM,-14.5,-14.3032,4,CZ,Spring barley,frost_mj,-0.0586438597849638
HadGEM3-GC3-1MM,-13.5,-13.3931,8,CZ,Spring barley,frost_mj,-0.0653043634058782
HadGEM3-GC3-1MM,-12.5,-12.588,13,CZ,Spring barley,frost_mj,-0.0739809802335102
HadGEM3-GC3-1MM,-11.5,-11.5321,21,CZ,Spring barley,frost_mj,-0.0639377076557149
HadGEM3-GC3-1MM,-10.5,-10.4803,10,CZ,Spring barley,frost_mj,-0.0529170842621632
HadGEM3-GC3-1MM,-9.5,-9.6161,7,CZ,Spring barley,frost_mj,-0.040729791356952
HadGEM3-GC3-1MM,-8.5,-8.6582,7,CZ,Spring barley,frost_mj,-0.0396895623158938
HadGEM3-GC3-1MM,-7.5,-7.6345,8,CZ,Spring barley,frost_mj,-0.0428225425672636
HadGEM3-GC3-1MM,-6.5,-6.4299,4,CZ,Spring barley,frost_mj,-0.0148505496125459
HadGEM3-GC3-1MM,-5.5,-5.3528,4,CZ,Spring barley,frost_mj,-0.0309955584880167
HadGEM3-GC3-1MM,-4.5,-4.3969,4,CZ,Spring barley,frost_mj,-0.0169423494675787
IPSL-CM6A-LR,-9.5,-9.3401,5,CZ,Spring barley,frost_mj,-0.0449343150785033
IPSL-CM6A-LR,-8.5,-8.4598,8,CZ,Spring barley,frost_mj,-0.0418172246163859
IPSL-CM6A-LR,-7.5,-7.5255,19,CZ,Spring barley,frost_mj,-0.0350430713985909
IPSL-CM6A-LR,-6.5,-6.5577,11,CZ,Spring barley,frost_mj,-0.0415206312548797
IPSL-CM6A-LR,-5.5,-5.5623,13,CZ,Spring barley,frost_mj,-0.0248491473708723
IPSL-CM6A-LR,-4.5,-4.3507,11,CZ,Spring barley,frost_mj,-0.0244093401016518
IPSL-CM6A-LR,-3.5,-3.4644,8,CZ,Spring barley,frost_mj,-0.0209080867983897
IPSL-CM6A-LR,-2.5,-2.5669,9,CZ,Spring barley,frost_mj,-0.00614552329150047
IPSL-CM6A-LR,-1.5,-1.2909,6,CZ,Spring barley,frost_mj,-0.0236049562667859
IPSL-CM6A-LR,-0.5,-0.6347,8,CZ,Spring barley,frost_mj,0.00642025079420945
EC-Earth3,-9.5,-9.1554,4,DE,Spring barley,frost_mj,-0.0368795162106809
EC-Earth3,-8.5,-8.4726,15,DE,Spring barley,frost_mj,-0.0554727777578323
EC-Earth3,-7.5,-7.5562,20,DE,Spring barley,frost_mj,-0.0416725055754581
EC-Earth3,-6.5,-6.4767,21,DE,Spring barley,frost_mj,-0.0286007745162894
EC-Earth3,-5.5,-5.3342,8,DE,Spring barley,frost_mj,-0.0286290461602846
EC-Earth3,-4.5,-4.5495,8,DE,Spring barley,frost_mj,-0.0328309524731422
EC-Earth3,-3.5,-3.3459,9,DE,Spring barley,frost_mj,-0.0356390407132032
EC-Earth3,-2.5,-2.4493,5,DE,Spring barley,frost_mj,-0.0125540782323783
EC-Earth3,-1.5,-1.3807,6,DE,Spring barley,frost_mj,0.000226612934771966
EC-Earth3,-0.5,-0.6596,3,DE,Spring barley,frost_mj,0.0002299025302187
HadGEM3-GC3-1LL,-8.5,-8.3848,12,DE,Spring barley,frost_mj,-0.0342459522642859
HadGEM3-GC3-1LL,-7.5,-7.5599,19,DE,Spring barley,frost_mj,-0.02836892212051
HadGEM3-GC3-1LL,-6.5,-6.5442,24,DE,Spring barley,frost_mj,-0.036388782159169
HadGEM3-GC3-1LL,-5.5,-5.5797,10,DE,Spring barley,frost_mj,-0.0235956099572379
HadGEM3-GC3-1LL,-4.5,-4.5263,6,DE,Spring barley,frost_mj,-0.0311758362249282
HadGEM3-GC3-1LL,-3.5,-3.7835,7,DE,Spring barley,frost_mj,-0.027224932583114
HadGEM3-GC3-1LL,-2.5,-2.4504,6,DE,Spring barley,frost_mj,-0.0293559793515297
HadGEM3-GC3-1LL,-1.5,-1.3098,8,DE,Spring barley,frost_mj,-0.00131412382011267
HadGEM3-GC3-1LL,-0.5,-0.331,6,DE,Spring barley,frost_mj,-0.00589246567659848
HadGEM3-GC3-1MM,-14.5,-14.3032,4,DE,Spring barley,frost_mj,-0.0684694228282001
HadGEM3-GC3-1MM,-13.5,-13.3931,8,DE,Spring barley,frost_mj,-0.0777885267098315
HadGEM3-GC3-1MM,-12.5,-12.588,13,DE,Spring barley,frost_mj,-0.0823443737834302
HadGEM3-GC3-1MM,-11.5,-11.5321,21,DE,Spring barley,frost_mj,-0.0723561261178223
HadGEM3-GC3-1MM,-10.5,-10.4803,10,DE,Spring barley,frost_mj,-0.0542262879265514
HadGEM3-GC3-1MM,-9.5,-9.6161,7,DE,Spring barley,frost_mj,-0.048095531497288
HadGEM3-GC3-1MM,-8.5,-8.6582,7,DE,Spring barley,frost_mj,-0.0405469380356084
HadGEM3-GC3-1MM,-7.5,-7.6345,8,DE,Spring barley,frost_mj,-0.0404147487065903
HadGEM3-GC3-1MM,-6.5,-6.4299,4,DE,Spring barley,frost_mj,-0.0139193798001427
HadGEM3-GC3-1MM,-5.5,-5.3528,4,DE,Spring barley,frost_mj,-0.026876262796389
HadGEM3-GC3-1MM,-4.5,-4.3969,4,DE,Spring barley,frost_mj,-0.0159805290769102
IPSL-CM6A-LR,-9.5,-9.3401,5,DE,Spring barley,frost_mj,-0.052165724672951
IPSL-CM6A-LR,-8.5,-8.4598,8,DE,Spring barley,frost_mj,-0.0522527295562689
IPSL-CM6A-LR,-7.5,-7.5255,19,DE,Spring barley,frost_mj,-0.0445864471727499
IPSL-CM6A-LR,-6.5,-6.5577,11,DE,Spring barley,frost_mj,-0.0527954775890678
IPSL-CM6A-LR,-5.5,-5.5623,13,DE,Spring barley,frost_mj,-0.0306853773328976
IPSL-CM6A-LR,-4.5,-4.3507,11,DE,Spring barley,frost_mj,-0.0275426503434181
IPSL-CM6A-LR,-3.5,-3.4644,8,DE,Spring barley,frost_mj,-0.0245525274858452
IPSL-CM6A-LR,-2.5,-2.5669,9,DE,Spring barley,frost_mj,-0.00645860606484801
IPSL-CM6A-LR,-1.5,-1.2909,6,DE,Spring barley,frost_mj,-0.0262583449192563
IPSL-CM6A-LR,-0.5,-0.6347,8,DE,Spring barley,frost_mj,0.00261673675508916
EC-Earth3,-9.5,-9.1554,4,DK,Spring barley,frost_mj,-0.0342915080705018
EC-Earth3,-8.5,-8.4726,15,DK,Spring barley,frost_mj,-0.0575912596261457
EC-Earth3,-7.5,-7.5562,20,DK,Spring barley,frost_mj,-0.038748425608386
EC-Earth3,-6.5,-6.4767,21,DK,Spring barley,frost_mj,-0.0249017756965907
EC-Earth3,-5.5,-5.3342,8,DK,Spring barley,frost_mj,-0.0222112762652719
EC-Earth3,-4.5,-4.5495,8,DK,Spring barley,frost_mj,-0.0381966680160401
EC-Earth3,-3.5,-3.3459,9,DK,Spring barley,frost_mj,-0.0441984749483845
EC-Earth3,-2.5,-2.4493,5,DK,Spring barley,frost_mj,-0.0164132251344413
EC-Earth3,-1.5,-1.3807,6,DK,Spring barley,frost_mj,-0.00468304663753886
EC-Earth3,-0.5,-0.6596,3,DK,Spring barley,frost_mj,-0.0100627348495893
HadGEM3-GC3-1LL,-8.5,-8.3848,12,DK,Spring barley,frost_mj,-0.031412914653812
HadGEM3-GC3-1LL,-7.5,-7.5599,19,DK,Spring barley,frost_mj,-0.0260933900984712
HadGEM3-GC3-1LL,-6.5,-6.5442,24,DK,Spring barley,frost_mj,-0.0378752427359777
HadGEM3-GC3-1LL,-5.5,-5.5797,10,DK,Spring barley,frost_mj,-0.0210182249693041
HadGEM3-GC3-1LL,-4.5,-4.5263,6,DK,Spring barley,frost_mj,-0.0191801911948297
HadGEM3-GC3-1LL,-3.5,-3.7835,7,DK,Spring barley,frost_mj,-0.0320056543136574
HadGEM3-GC3-1LL,-2.5,-2.4504,6,DK,Spring barley,frost_mj,-0.0188881607565074
HadGEM3-GC3-1LL,-1.5,-1.3098,8,DK,Spring barley,frost_mj,-0.00190726595118209
HadGEM3-GC3-1LL,-0.5,-0.331,6,DK,Spring barley,frost_mj,-0.00683074856385775
HadGEM3-GC3-1MM,-14.5,-14.3032,4,DK,Spring barley,frost_mj,-0.111989793580749
HadGEM3-GC3-1MM,-13.5,-13.3931,8,DK,Spring barley,frost_mj,-0.115078993214312
HadGEM3-GC3-1MM,-12.5,-12.588,13,DK,Spring barley,frost_mj,-0.126820571451777
HadGEM3-GC3-1MM,-11.5,-11.5321,21,DK,Spring barley,frost_mj,-0.11301012806361
HadGEM3-GC3-1MM,-10.5,-10.4803,10,DK,Spring barley,frost_mj,-0.0855342376917637
HadGEM3-GC3-1MM,-9.5,-9.6161,7,DK,Spring barley,frost_mj,-0.0792739724876003
HadGEM3-GC3-1MM,-8.5,-8.6582,7,DK,Spring barley,frost_mj,-0.0679203247383409
HadGEM3-GC3-1MM,-7.5,-7.6345,8,DK,Spring barley,frost_mj,-0.0514851423063609
HadGEM3-GC3-1MM,-6.5,-6.4299,4,DK,Spring barley,frost_mj,-0.0155467461134797
HadGEM3-GC3-1MM,-5.5,-5.3528,4,DK,Spring barley,frost_mj,-0.0189576721637125
HadGEM3-GC3-1MM,-4.5,-4.3969,4,DK,Spring barley,frost_mj,-0.0214259793646947
IPSL-CM6A-LR,-9.5,-9.3401,5,DK,Spring barley,frost_mj,-0.0856788106634533
IPSL-CM6A-LR,-8.5,-8.4598,8,DK,Spring barley,frost_mj,-0.0984563464416058
IPSL-CM6A-LR,-7.5,-7.5255,19,DK,Spring barley,frost_mj,-0.0793457838387884
IPSL-CM6A-LR,-6.5,-6.5577,11,DK,Spring barley,frost_mj,-0.091612636917816
IPSL-CM6A-LR,-5.5,-5.5623,13,DK,Spring barley,frost_mj,-0.0395634390667131
IPSL-CM6A-LR,-4.5,-4.3507,11,DK,Spring barley,frost_mj,-0.0254597333652614
IPSL-CM6A-LR,-3.5,-3.4644,8,DK,Spring barley,frost_mj,-0.028432424915466
IPSL-CM6A-LR,-2.5,-2.5669,9,DK,Spring barley,frost_mj,-0.0115830394278367
IPSL-CM6A-LR,-1.5,-1.2909,6,DK,Spring barley,frost_mj,-0.0254676020857982
IPSL-CM6A-LR,-0.5,-0.6347,8,DK,Spring barley,frost_mj,0.00199537184568474
EC-Earth3,-9.5,-9.1554,4,EE,Spring barley,frost_mj,-0.0377730034455657
EC-Earth3,-8.5,-8.4726,15,EE,Spring barley,frost_mj,-0.0385481314121038
EC-Earth3,-7.5,-7.5562,20,EE,Spring barley,frost_mj,-0.0412608650048771
EC-Earth3,-6.5,-6.4767,21,EE,Spring barley,frost_mj,-0.0270726786889241
EC-Earth3,-5.5,-5.3342,8,EE,Spring barley,frost_mj,-0.0267119614348566
EC-Earth3,-4.5,-4.5495,8,EE,Spring barley,frost_mj,-0.0387250126332877
EC-Earth3,-3.5,-3.3459,9,EE,Spring barley,frost_mj,-0.0484319902778043
EC-Earth3,-2.5,-2.4493,5,EE,Spring barley,frost_mj,-0.0327430223180209
EC-Earth3,-1.5,-1.3807,6,EE,Spring barley,frost_mj,-0.00291726100274666
EC-Earth3,-0.5,-0.6596,3,EE,Spring barley,frost_mj,-0.0216475917022294
HadGEM3-GC3-1LL,-8.5,-8.3848,12,EE,Spring barley,frost_mj,-0.0338716279639788
HadGEM3-GC3-1LL,-7.5,-7.5599,19,EE,Spring barley,frost_mj,-0.0328209569707595
HadGEM3-GC3-1LL,-6.5,-6.5442,24,EE,Spring barley,frost_mj,-0.0420170681606098
HadGEM3-GC3-1LL,-5.5,-5.5797,10,EE,Spring barley,frost_mj,-0.0299926129750928
HadGEM3-GC3-1LL,-4.5,-4.5263,6,EE,Spring barley,frost_mj,-0.0192033281725619
HadGEM3-GC3-1LL,-3.5,-3.7835,7,EE,Spring barley,frost_mj,-0.033144465274654
HadGEM3-GC3-1LL,-2.5,-2.4504,6,EE,Spring barley,frost_mj,-0.0194612463572731
HadGEM3-GC3-1LL,-1.5,-1.3098,8,EE,Spring barley,frost_mj,-0.00760125272245639
HadGEM3-GC3-1LL,-0.5,-0.331,6,EE,Spring barley,frost_mj,-0.00777042189582903
HadGEM3-GC3-1MM,-14.5,-14.3032,4,EE,Spring barley,frost_mj,-0.0760633644260488
HadGEM3-GC3-1MM,-13.5,-13.3931,8,EE,Spring barley,frost_mj,-0.0863589692138853
HadGEM3-GC3-1MM,-12.5,-12.588,13,EE,Spring barley,frost_mj,-0.0939789408826039
HadGEM3-GC3-1MM,-11.5,-11.5321,21,EE,Spring barley,frost_mj,-0.0861869449891676
HadGEM3-GC3-1MM,-10.5,-10.4803,10,EE,Spring barley,frost_mj,-0.0736544598271463
HadGEM3-GC3-1MM,-9.5,-9.6161,7,EE,Spring barley,frost_mj,-0.0739936568323772
HadGEM3-GC3-1MM,-8.5,-8.6582,7,EE,Spring barley,frost_mj,-0.0686584500270349
HadGEM3-GC3-1MM,-7.5,-7.6345,8,EE,Spring barley,frost_mj,-0.0683806312665699
HadGEM3-GC3-1MM,-6.5,-6.4299,4,EE,Spring barley,frost_mj,-0.0367058778657616
HadGEM3-GC3-1MM,-5.5,-5.3528,4,EE,Spring barley,frost_mj,-0.0496065925353939
HadGEM3-GC3-1MM,-4.5,-4.3969,4,EE,Spring barley,frost_mj,-0.041947413994323
IPSL-CM6A-LR,-9.5,-9.3401,5,EE,Spring barley,frost_mj,-0.0590287316875017
IPSL-CM6A-LR,-8.5,-8.4598,8,EE,Spring barley,frost_mj,-0.0665501200753317
IPSL-CM6A-LR,-7.5,-7.5255,19,EE,Spring barley,frost_mj,-0.0590105332975522
IPSL-CM6A-LR,-6.5,-6.5577,11,EE,Spring barley,frost_mj,-0.0632075037227937
IPSL-CM6A-LR,-5.5,-5.5623,13,EE,Spring barley,frost_mj,-0.0324939703014867
IPSL-CM6A-LR,-4.5,-4.3507,11,EE,Spring barley,frost_mj,-0.0351095221134035
IPSL-CM6A-LR,-3.5,-3.4644,8,EE,Spring barley,frost_mj,-0.0345833693617329
IPSL-CM6A-LR,-2.5,-2.5669,9,EE,Spring barley,frost_mj,-0.023885549464786
IPSL-CM6A-LR,-1.5,-1.2909,6,EE,Spring barley,frost_mj,-0.0295954203409898
IPSL-CM6A-LR,-0.5,-0.6347,8,EE,Spring barley,frost_mj,0.00111228003859046
EC-Earth3,-9.5,-9.1554,4,ES,Spring barley,frost_mj,-0.0189785781246329
EC-Earth3,-8.5,-8.4726,15,ES,Spring barley,frost_mj,-0.0209945462595605
EC-Earth3,-7.5,-7.5562,20,ES,Spring barley,frost_mj,-0.0145060521667684
EC-Earth3,-6.5,-6.4767,21,ES,Spring barley,frost_mj,-0.00873858764992179
EC-Earth3,-5.5,-5.3342,8,ES,Spring barley,frost_mj,-0.0101349325896963
EC-Earth3,-4.5,-4.5495,8,ES,Spring barley,frost_mj,-0.00561312373975571
EC-Earth3,-3.5,-3.3459,9,ES,Spring barley,frost_mj,-0.0135462096602136
EC-Earth3,-2.5,-2.4493,5,ES,Spring barley,frost_mj,-0.00554571745830115
EC-Earth3,-1.5,-1.3807,6,ES,Spring barley,frost_mj,-0.00183429700772976
EC-Earth3,-0.5,-0.6596,3,ES,Spring barley,frost_mj,-0.00303401987311585
HadGEM3-GC3-1LL,-8.5,-8.3848,12,ES,Spring barley,frost_mj,-0.0274606936263875
HadGEM3-GC3-1LL,-7.5,-7.5599,19,ES,Spring barley,frost_mj,-0.0190110526551783
HadGEM3-GC3-1LL,-6.5,-6.5442,24,ES,Spring barley,frost_mj,-0.0214176538366854
HadGEM3-GC3-1LL,-5.5,-5.5797,10,ES,Spring barley,frost_mj,-0.0189722728102339
HadGEM3-GC3-1LL,-4.5,-4.5263,6,ES,Spring barley,frost_mj,-0.0177167404677095
HadGEM3-GC3-1LL,-3.5,-3.7835,7,ES,Spring barley,frost_mj,-0.00838214162011735
HadGEM3-GC3-1LL,-2.5,-2.4504,6,ES,Spring barley,frost_mj,-0.0204363583999042
HadGEM3-GC3-1LL,-1.5,-1.3098,8,ES,Spring barley,frost_mj,-0.00501256231007229
HadGEM3-GC3-1LL,-0.5,-0.331,6,ES,Spring barley,frost_mj,-0.00397494020614406
HadGEM3-GC3-1MM,-14.5,-14.3032,4,ES,Spring barley,frost_mj,-0.0520658710314202
HadGEM3-GC3-1MM,-13.5,-13.3931,8,ES,Spring barley,frost_mj,-0.060570063247998
HadGEM3-GC3-1MM,-12.5,-12.588,13,ES,Spring barley,frost_mj,-0.045176518370517
HadGEM3-GC3-1MM,-11.5,-11.5321,21,ES,Spring barley,frost_mj,-0.041464567067004
HadGEM3-GC3-1MM,-10.5,-10.4803,10,ES,Spring barley,frost_mj,-0.0291330858073792
HadGEM3-GC3-1MM,-9.5,-9.6161,7,ES,Spring barley,frost_mj,-0.0389948930800865
HadGEM3-GC3-1MM,-8.5,-8.6582,7,ES,Spring barley,frost_mj,-0.0164838455221573
HadGEM3-GC3-1MM,-7.5,-7.6345,8,ES,Spring barley,frost_mj,-0.0213596091865678
HadGEM3-GC3-1MM,-6.5,-6.4299,4,ES,Spring barley,frost_mj,-0.0241418422427634
HadGEM3-GC3-1MM,-5.5,-5.3528,4,ES,Spring barley,frost_mj,-0.0102204477410731
HadGEM3-GC3-1MM,-4.5,-4.3969,4,ES,Spring barley,frost_mj,0.000750305790883199
IPSL-CM6A-LR,-9.5,-9.3401,5,ES,Spring barley,frost_mj,-0.0230652433845937
IPSL-CM6A-LR,-8.5,-8.4598,8,ES,Spring barley,frost_mj,-0.0174879762333181
IPSL-CM6A-LR,-7.5,-7.5255,19,ES,Spring barley,frost_mj,-0.0169006892756933
IPSL-CM6A-LR,-6.5,-6.5577,11,ES,Spring barley,frost_mj,-0.0159864204115527
IPSL-CM6A-LR,-5.5,-5.5623,13,ES,Spring barley,frost_mj,-0.0162609461775412
IPSL-CM6A-LR,-4.5,-4.3507,11,ES,Spring barley,frost_mj,-0.0149251669354536
IPSL-CM6A-LR,-3.5,-3.4644,8,ES,Spring barley,frost_mj,-0.00674467780839868
IPSL-CM6A-LR,-2.5,-2.5669,9,ES,Spring barley,frost_mj,-0.00591222065008888
IPSL-CM6A-LR,-1.5,-1.2909,6,ES,Spring barley,frost_mj,-0.00988577133590483
IPSL-CM6A-LR,-0.5,-0.6347,8,ES,Spring barley,frost_mj,0.00154245089970865
EC-Earth3,-9.5,-9.1554,4,FI,Spring barley,frost_mj,-0.0442442828914906
EC-Earth3,-8.5,-8.4726,15,FI,Spring barley,frost_mj,-0.0397922764268591
EC-Earth3,-7.5,-7.5562,20,FI,Spring barley,frost_mj,-0.038112337689382
EC-Earth3,-6.5,-6.4767,21,FI,Spring barley,frost_mj,-0.0230526989478419
EC-Earth3,-5.5,-5.3342,8,FI,Spring barley,frost_mj,-0.028595597403076
EC-Earth3,-4.5,-4.5495,8,FI,Spring barley,frost_mj,-0.0438972966904911
EC-Earth3,-3.5,-3.3459,9,FI,Spring barley,frost_mj,-0.0513522462834871
EC-Earth3,-2.5,-2.4493,5,FI,Spring barley,frost_mj,-0.0408289450987869
EC-Earth3,-1.5,-1.3807,6,FI,Spring barley,frost_mj,0.000107521289856418
EC-Earth3,-0.5,-0.6596,3,FI,Spring barley,frost_mj,-0.0212346577643024
HadGEM3-GC3-1LL,-8.5,-8.3848,12,FI,Spring barley,frost_mj,-0.0302956764465325
HadGEM3-GC3-1LL,-7.5,-7.5599,19,FI,Spring barley,frost_mj,-0.0312179347640894
HadGEM3-GC3-1LL,-6.5,-6.5442,24,FI,Spring barley,frost_mj,-0.0353386314519975
HadGEM3-GC3-1LL,-5.5,-5.5797,10,FI,Spring barley,frost_mj,-0.0259650088192653
HadGEM3-GC3-1LL,-4.5,-4.5263,6,FI,Spring barley,frost_mj,-0.00934294740176308
HadGEM3-GC3-1LL,-3.5,-3.7835,7,FI,Spring barley,frost_mj,-0.0213637801065469
HadGEM3-GC3-1LL,-2.5,-2.4504,6,FI,Spring barley,frost_mj,-0.0107262009184064
HadGEM3-GC3-1LL,-1.5,-1.3098,8,FI,Spring barley,frost_mj,-0.0152460110341176
HadGEM3-GC3-1LL,-0.5,-0.331,6,FI,Spring barley,frost_mj,-0.000655900129516428
HadGEM3-GC3-1MM,-14.5,-14.3032,4,FI,Spring barley,frost_mj,-0.0743678258365637
HadGEM3-GC3-1MM,-13.5,-13.3931,8,FI,Spring barley,frost_mj,-0.085265635439398
HadGEM3-GC3-1MM,-12.5,-12.588,13,FI,Spring barley,frost_mj,-0.0881292841776138
HadGEM3-GC3-1MM,-11.5,-11.5321,21,FI,Spring barley,frost_mj,-0.0829564520025469
HadGEM3-GC3-1MM,-10.5,-10.4803,10,FI,Spring barley,frost_mj,-0.069836259707961
HadGEM3-GC3-1MM,-9.5,-9.6161,7,FI,Spring barley,frost_mj,-0.0695761992913136
HadGEM3-GC3-1MM,-8.5,-8.6582,7,FI,Spring barley,frost_mj,-0.0689901956655243
HadGEM3-GC3-1MM,-7.5,-7.6345,8,FI,Spring barley,frost_mj,-0.0574823780788498
HadGEM3-GC3-1MM,-6.5,-6.4299,4,FI,Spring barley,frost_mj,-0.0355749168119802
HadGEM3-GC3-1MM,-5.5,-5.3528,4,FI,Spring barley,frost_mj,-0.0419125948119234
HadGEM3-GC3-1MM,-4.5,-4.3969,4,FI,Spring barley,frost_mj,-0.035104019473777
IPSL-CM6A-LR,-9.5,-9.3401,5,FI,Spring barley,frost_mj,-0.0557511352878026
IPSL-CM6A-LR,-8.5,-8.4598,8,FI,Spring barley,frost_mj,-0.0628113055090009
IPSL-CM6A-LR,-7.5,-7.5255,19,FI,Spring barley,frost_mj,-0.0542813432591437
IPSL-CM6A-LR,-6.5,-6.5577,11,FI,Spring barley,frost_mj,-0.0572555869207032
IPSL-CM6A-LR,-5.5,-5.5623,13,FI,Spring barley,frost_mj,-0.0276026801615261
IPSL-CM6A-LR,-4.5,-4.3507,11,FI,Spring barley,frost_mj,-0.0353161009447457
IPSL-CM6A-LR,-3.5,-3.4644,8,FI,Spring barley,frost_mj,-0.029925136716667
IPSL-CM6A-LR,-2.5,-2.5669,9,FI,Spring barley,frost_mj,-0.0183491806974176
IPSL-CM6A-LR,-1.5,-1.2909,6,FI,Spring barley,frost_mj,-0.0230165215224095
IPSL-CM6A-LR,-0.5,-0.6347,8,FI,Spring barley,frost_mj,-0.00294405667301287
EC-Earth3,-9.5,-9.1554,4,FR,Spring barley,frost_mj,-0.0306354749971597
EC-Earth3,-8.5,-8.4726,15,FR,Spring barley,frost_mj,-0.0396436781270102
EC-Earth3,-7.5,-7.5562,20,FR,Spring barley,frost_mj,-0.0278210481018251
EC-Earth3,-6.5,-6.4767,21,FR,Spring barley,frost_mj,-0.0186167722124245
EC-Earth3,-5.5,-5.3342,8,FR,Spring barley,frost_mj,-0.0208199311479548
EC-Earth3,-4.5,-4.5495,8,FR,Spring barley,frost_mj,-0.0243013341108785
EC-Earth3,-3.5,-3.3459,9,FR,Spring barley,frost_mj,-0.0224803780118771
EC-Earth3,-2.5,-2.4493,5,FR,Spring barley,frost_mj,-0.00828450724425349
EC-Earth3,-1.5,-1.3807,6,FR,Spring barley,frost_mj,-0.000723870488867035
EC-Earth3,-0.5,-0.6596,3,FR,Spring barley,frost_mj,-0.000653296122731581
HadGEM3-GC3-1LL,-8.5,-8.3848,12,FR,Spring barley,frost_mj,-0.028324150050329
HadGEM3-GC3-1LL,-7.5,-7.5599,19,FR,Spring barley,frost_mj,-0.022962695139618
HadGEM3-GC3-1LL,-6.5,-6.5442,24,FR,Spring barley,frost_mj,-0.0268644863616758
HadGEM3-GC3-1LL,-5.5,-5.5797,10,FR,Spring barley,frost_mj,-0.0197628611898771
HadGEM3-GC3-1LL,-4.5,-4.5263,6,FR,Spring barley,frost_mj,-0.0201235409348593
HadGEM3-GC3-1LL,-3.5,-3.7835,7,FR,Spring barley,frost_mj,-0.017961375821999
HadGEM3-GC3-1LL,-2.5,-2.4504,6,FR,Spring barley,frost_mj,-0.0265103128727282
HadGEM3-GC3-1LL,-1.5,-1.3098,8,FR,Spring barley,frost_mj,-0.00226935429647595
HadGEM3-GC3-1LL,-0.5,-0.331,6,FR,Spring barley,frost_mj,-0.00478676813132904
HadGEM3-GC3-1MM,-14.5,-14.3032,4,FR,Spring barley,frost_mj,-0.0536411857284575
HadGEM3-GC3-1MM,-13.5,-13.3931,8,FR,Spring barley,frost_mj,-0.0661630026293623
HadGEM3-GC3-1MM,-12.5,-12.588,13,FR,Spring barley,frost_mj,-0.061872817939112
HadGEM3-GC3-1MM,-11.5,-11.5321,21,FR,Spring barley,frost_mj,-0.0540301059276012
HadGEM3-GC3-1MM,-10.5,-10.4803,10,FR,Spring barley,frost_mj,-0.0381818355622415
HadGEM3-GC3-1MM,-9.5,-9.6161,7,FR,Spring barley,frost_mj,-0.0392042149874438
HadGEM3-GC3-1MM,-8.5,-8.6582,7,FR,Spring barley,frost_mj,-0.0279234032640229
HadGEM3-GC3-1MM,-7.5,-7.6345,8,FR,Spring barley,frost_mj,-0.025741840077708
HadGEM3-GC3-1MM,-6.5,-6.4299,4,FR,Spring barley,frost_mj,-0.0118841621035889
HadGEM3-GC3-1MM,-5.5,-5.3528,4,FR,Spring barley,frost_mj,-0.0187149327330359
HadGEM3-GC3-1MM,-4.5,-4.3969,4,FR,Spring barley,frost_mj,-0.00924522532671337
IPSL-CM6A-LR,-9.5,-9.3401,5,FR,Spring barley,frost_mj,-0.04176153529814
IPSL-CM6A-LR,-8.5,-8.4598,8,FR,Spring barley,frost_mj,-0.0426680311616975
IPSL-CM6A-LR,-7.5,-7.5255,19,FR,Spring barley,frost_mj,-0.0345986276607201
IPSL-CM6A-LR,-6.5,-6.5577,11,FR,Spring barley,frost_mj,-0.0400576335133071
IPSL-CM6A-LR,-5.5,-5.5623,13,FR,Spring barley,frost_mj,-0.0289954248935461
IPSL-CM6A-LR,-4.5,-4.3507,11,FR,Spring barley,frost_mj,-0.0258873156243413
IPSL-CM6A-LR,-3.5,-3.4644,8,FR,Spring barley,frost_mj,-0.0192620653020305
IPSL-CM6A-LR,-2.5,-2.5669,9,FR,Spring barley,frost_mj,-0.00525304564315181
IPSL-CM6A-LR,-1.5,-1.2909,6,FR,Spring barley,frost_mj,-0.0198065019106202
IPSL-CM6A-LR,-0.5,-0.6347,8,FR,Spring barley,frost_mj,-0.000272110740697247
EC-Earth3,-9.5,-9.1554,4,HU,Spring barley,frost_mj,-0.0225113019218441
EC-Earth3,-8.5,-8.4726,15,HU,Spring barley,frost_mj,-0.0422383777004947
EC-Earth3,-7.5,-7.5562,20,HU,Spring barley,frost_mj,-0.02917416113354
EC-Earth3,-6.5,-6.4767,21,HU,Spring barley,frost_mj,-0.0191583587823283
EC-Earth3,-5.5,-5.3342,8,HU,Spring barley,frost_mj,-0.0225199550615792
EC-Earth3,-4.5,-4.5495,8,HU,Spring barley,frost_mj,-0.0110755220289089
EC-Earth3,-3.5,-3.3459,9,HU,Spring barley,frost_mj,-0.022046795658002
EC-Earth3,-2.5,-2.4493,5,HU,Spring barley,frost_mj,-0.0173304618756464
EC-Earth3,-1.5,-1.3807,6,HU,Spring barley,frost_mj,-0.00304625700958209
EC-Earth3,-0.5,-0.6596,3,HU,Spring barley,frost_mj,-0.00550639790324702
HadGEM3-GC3-1LL,-8.5,-8.3848,12,HU,Spring barley,frost_mj,-0.024495304631724
HadGEM3-GC3-1LL,-7.5,-7.5599,19,HU,Spring barley,frost_mj,-0.0184827406240395
HadGEM3-GC3-1LL,-6.5,-6.5442,24,HU,Spring barley,frost_mj,-0.0256698492522503
HadGEM3-GC3-1LL,-5.5,-5.5797,10,HU,Spring barley,frost_mj,-0.0130124716146413
HadGEM3-GC3-1LL,-4.5,-4.5263,6,HU,Spring barley,frost_mj,-0.0230788457149566
HadGEM3-GC3-1LL,-3.5,-3.7835,7,HU,Spring barley,frost_mj,-0.0177454115420993
HadGEM3-GC3-1LL,-2.5,-2.4504,6,HU,Spring barley,frost_mj,-0.0203752783995839
HadGEM3-GC3-1LL,-1.5,-1.3098,8,HU,Spring barley,frost_mj,0.00559753336641066
HadGEM3-GC3-1LL,-0.5,-0.331,6,HU,Spring barley,frost_mj,-0.00997837279631033
HadGEM3-GC3-1MM,-14.5,-14.3032,4,HU,Spring barley,frost_mj,-0.0459293639445968
HadGEM3-GC3-1MM,-13.5,-13.3931,8,HU,Spring barley,frost_mj,-0.0463116024900131
HadGEM3-GC3-1MM,-12.5,-12.588,13,HU,Spring barley,frost_mj,-0.048653219691901
HadGEM3-GC3-1MM,-11.5,-11.5321,21,HU,Spring barley,frost_mj,-0.0484291394351858
HadGEM3-GC3-1MM,-10.5,-10.4803,10,HU,Spring barley,frost_mj,-0.0406343810197191
HadGEM3-GC3-1MM,-9.5,-9.6161,7,HU,Spring barley,frost_mj,-0.028223760277027
HadGEM3-GC3-1MM,-8.5,-8.6582,7,HU,Spring barley,frost_mj,-0.0276244150571851
HadGEM3-GC3-1MM,-7.5,-7.6345,8,HU,Spring barley,frost_mj,-0.0287672510156678
HadGEM3-GC3-1MM,-6.5,-6.4299,4,HU,Spring barley,frost_mj,-0.00836806348622547
HadGEM3-GC3-1MM,-5.5,-5.3528,4,HU,Spring barley,frost_mj,-0.0238098160727686
HadGEM3-GC3-1MM,-4.5,-4.3969,4,HU,Spring barley,frost_mj,-0.01048917418653
IPSL-CM6A-LR,-9.5,-9.3401,5,HU,Spring barley,frost_mj,-0.0335601893871931
IPSL-CM6A-LR,-8.5,-8.4598,8,HU,Spring barley,frost_mj,-0.024671695053736
IPSL-CM6A-LR,-7.5,-7.5255,19,HU,Spring barley,frost_mj,-0.0194404403742418
IPSL-CM6A-LR,-6.5,-6.5577,11,HU,Spring barley,frost_mj,-0.0292661020650443
IPSL-CM6A-LR,-5.5,-5.5623,13,HU,Spring barley,frost_mj,-0.0108472987514895
IPSL-CM6A-LR,-4.5,-4.3507,11,HU,Spring barley,frost_mj,-0.0129656651100493
IPSL-CM6A-LR,-3.5,-3.4644,8,HU,Spring barley,frost_mj,-0.00657552361018838
IPSL-CM6A-LR,-2.5,-2.5669,9,HU,Spring barley,frost_mj,-0.000292130855827578
IPSL-CM6A-LR,-1.5,-1.2909,6,HU,Spring barley,frost_mj,-0.0165720519874169
IPSL-CM6A-LR,-0.5,-0.6347,8,HU,Spring barley,frost_mj,0.00472548942229868
EC-Earth3,-9.5,-9.1554,4,LT,Spring barley,frost_mj,-0.0409907106536917
EC-Earth3,-8.5,-8.4726,15,LT,Spring barley,frost_mj,-0.0479312014388857
EC-Earth3,-7.5,-7.5562,20,LT,Spring barley,frost_mj,-0.0485672447470788
EC-Earth3,-6.5,-6.4767,21,LT,Spring barley,frost_mj,-0.0315690933761594
EC-Earth3,-5.5,-5.3342,8,LT,Spring barley,frost_mj,-0.0310869225305342
EC-Earth3,-4.5,-4.5495,8,LT,Spring barley,frost_mj,-0.0344093987259335
EC-Earth3,-3.5,-3.3459,9,LT,Spring barley,frost_mj,-0.0478046518033802
EC-Earth3,-2.5,-2.4493,5,LT,Spring barley,frost_mj,-0.0323169912112536
EC-Earth3,-1.5,-1.3807,6,LT,Spring barley,frost_mj,-0.00467721250558284
EC-Earth3,-0.5,-0.6596,3,LT,Spring barley,frost_mj,-0.014299940685728
HadGEM3-GC3-1LL,-8.5,-8.3848,12,LT,Spring barley,frost_mj,-0.030054610033584
HadGEM3-GC3-1LL,-7.5,-7.5599,19,LT,Spring barley,frost_mj,-0.0290653957451506
HadGEM3-GC3-1LL,-6.5,-6.5442,24,LT,Spring barley,frost_mj,-0.0395489727327841
HadGEM3-GC3-1LL,-5.5,-5.5797,10,LT,Spring barley,frost_mj,-0.029065905882461
HadGEM3-GC3-1LL,-4.5,-4.5263,6,LT,Spring barley,frost_mj,-0.0300187341423116
HadGEM3-GC3-1LL,-3.5,-3.7835,7,LT,Spring barley,frost_mj,-0.0343049872589157
HadGEM3-GC3-1LL,-2.5,-2.4504,6,LT,Spring barley,frost_mj,-0.0243303956606908
HadGEM3-GC3-1LL,-1.5,-1.3098,8,LT,Spring barley,frost_mj,-0.00353561974288127
HadGEM3-GC3-1LL,-0.5,-0.331,6,LT,Spring barley,frost_mj,-0.0101077218760552
HadGEM3-GC3-1MM,-14.5,-14.3032,4,LT,Spring barley,frost_mj,-0.0749497825518263
HadGEM3-GC3-1MM,-13.5,-13.3931,8,LT,Spring barley,frost_mj,-0.0828009933492054
HadGEM3-GC3-1MM,-12.5,-12.588,13,LT,Spring barley,frost_mj,-0.0902095642066132
HadGEM3-GC3-1MM,-11.5,-11.5321,21,LT,Spring barley,frost_mj,-0.0826114120270195
HadGEM3-GC3-1MM,-10.5,-10.4803,10,LT,Spring barley,frost_mj,-0.0714626626275563
HadGEM3-GC3-1MM,-9.5,-9.6161,7,LT,Spring barley,frost_mj,-0.0706421733054021
HadGEM3-GC3-1MM,-8.5,-8.6582,7,LT,Spring barley,frost_mj,-0.0612258441220425
HadGEM3-GC3-1MM,-7.5,-7.6345,8,LT,Spring barley,frost_mj,-0.0626056308302561
HadGEM3-GC3-1MM,-6.5,-6.4299,4,LT,Spring barley,frost_mj,-0.0278283860381924
HadGEM3-GC3-1MM,-5.5,-5.3528,4,LT,Spring barley,frost_mj,-0.0451726738320588
HadGEM3-GC3-1MM,-4.5,-4.3969,4,LT,Spring barley,frost_mj,-0.0376848902840173
IPSL-CM6A-LR,-9.5,-9.3401,5,LT,Spring barley,frost_mj,-0.0527166674936607
IPSL-CM6A-LR,-8.5,-8.4598,8,LT,Spring barley,frost_mj,-0.0601278862955979
IPSL-CM6A-LR,-7.5,-7.5255,19,LT,Spring barley,frost_mj,-0.0549332717885152
IPSL-CM6A-LR,-6.5,-6.5577,11,LT,Spring barley,frost_mj,-0.0597237327891858
IPSL-CM6A-LR,-5.5,-5.5623,13,LT,Spring barley,frost_mj,-0.0344915147796042
IPSL-CM6A-LR,-4.5,-4.3507,11,LT,Spring barley,frost_mj,-0.0329646240996495
IPSL-CM6A-LR,-3.5,-3.4644,8,LT,Spring barley,frost_mj,-0.0344882008066603
IPSL-CM6A-LR,-2.5,-2.5669,9,LT,Spring barley,frost_mj,-0.0182748295974012
IPSL-CM6A-LR,-1.5,-1.2909,6,LT,Spring barley,frost_mj,-0.0281806535518433
IPSL-CM6A-LR,-0.5,-0.6347,8,LT,Spring barley,frost_mj,0.00502672418269783
EC-Earth3,-9.5,-9.1554,4,LV,Spring barley,frost_mj,-0.0387034646714052
EC-Earth3,-8.5,-8.4726,15,LV,Spring barley,frost_mj,-0.0429539907860566
EC-Earth3,-7.5,-7.5562,20,LV,Spring barley,frost_mj,-0.0442457380302516
EC-Earth3,-6.5,-6.4767,21,LV,Spring barley,frost_mj,-0.0289263501716019
EC-Earth3,-5.5,-5.3342,8,LV,Spring barley,frost_mj,-0.0281185535044686
EC-Earth3,-4.5,-4.5495,8,LV,Spring barley,frost_mj,-0.0361183567417959
EC-Earth3,-3.5,-3.3459,9,LV,Spring barley,frost_mj,-0.0472971294485658
EC-Earth3,-2.5,-2.4493,5,LV,Spring barley,frost_mj,-0.0319022508980966
EC-Earth3,-1.5,-1.3807,6,LV,Spring barley,frost_mj,-0.00427362008248216
EC-Earth3,-0.5,-0.6596,3,LV,Spring barley,frost_mj,-0.0158198171268395
HadGEM3-GC3-1LL,-8.5,-8.3848,12,LV,Spring barley,frost_mj,-0.029359419052468
HadGEM3-GC3-1LL,-7.5,-7.5599,19,LV,Spring barley,frost_mj,-0.02970096191435
HadGEM3-GC3-1LL,-6.5,-6.5442,24,LV,Spring barley,frost_mj,-0.0398215843191862
HadGEM3-GC3-1LL,-5.5,-5.5797,10,LV,Spring barley,frost_mj,-0.0295743164643393
HadGEM3-GC3-1LL,-4.5,-4.5263,6,LV,Spring barley,frost_mj,-0.0245942404311303
HadGEM3-GC3-1LL,-3.5,-3.7835,7,LV,Spring barley,frost_mj,-0.0334176816323882
HadGEM3-GC3-1LL,-2.5,-2.4504,6,LV,Spring barley,frost_mj,-0.0198108724331837
HadGEM3-GC3-1LL,-1.5,-1.3098,8,LV,Spring barley,frost_mj,-0.00587517926294608
HadGEM3-GC3-1LL,-0.5,-0.331,6,LV,Spring barley,frost_mj,-0.00697836045126446
HadGEM3-GC3-1MM,-14.5,-14.3032,4,LV,Spring barley,frost_mj,-0.0778379763421926
HadGEM3-GC3-1MM,-13.5,-13.3931,8,LV,Spring barley,frost_mj,-0.0860030667825397
HadGEM3-GC3-1MM,-12.5,-12.588,13,LV,Spring barley,frost_mj,-0.0944530372657363
HadGEM3-GC3-1MM,-11.5,-11.5321,21,LV,Spring barley,frost_mj,-0.0859443408033685
HadGEM3-GC3-1MM,-10.5,-10.4803,10,LV,Spring barley,frost_mj,-0.0742046148722749
HadGEM3-GC3-1MM,-9.5,-9.6161,7,LV,Spring barley,frost_mj,-0.0724021247939992
HadGEM3-GC3-1MM,-8.5,-8.6582,7,LV,Spring barley,frost_mj,-0.0635929444217981
HadGEM3-GC3-1MM,-7.5,-7.6345,8,LV,Spring barley,frost_mj,-0.0668347074355669
HadGEM3-GC3-1MM,-6.5,-6.4299,4,LV,Spring barley,frost_mj,-0.0308622135858672
HadGEM3-GC3-1MM,-5.5,-5.3528,4,LV,Spring barley,frost_mj,-0.0453255390144672
HadGEM3-GC3-1MM,-4.5,-4.3969,4,LV,Spring barley,frost_mj,-0.0390369063564457
IPSL-CM6A-LR,-9.5,-9.3401,5,LV,Spring barley,frost_mj,-0.0538693828731339
IPSL-CM6A-LR,-8.5,-8.4598,8,LV,Spring barley,frost_mj,-0.0608077038126992
IPSL-CM6A-LR,-7.5,-7.5255,19,LV,Spring barley,frost_mj,-0.0550838068844282
IPSL-CM6A-LR,-6.5,-6.5577,11,LV,Spring barley,frost_mj,-0.0592087149509742
IPSL-CM6A-LR,-5.5,-5.5623,13,LV,Spring barley,frost_mj,-0.0333089441679841
IPSL-CM6A-LR,-4.5,-4.3507,11,LV,Spring barley,frost_mj,-0.033528671218622
IPSL-CM6A-LR,-3.5,-3.4644,8,LV,Spring barley,frost_mj,-0.0346317122960058
IPSL-CM6A-LR,-2.5,-2.5669,9,LV,Spring barley,frost_mj,-0.0209409287968082
IPSL-CM6A-LR,-1.5,-1.2909,6,LV,Spring barley,frost_mj,-0.0289595994947918
IPSL-CM6A-LR,-0.5,-0.6347,8,LV,Spring barley,frost_mj,0.00450327428130388
EC-Earth3,-9.5,-9.1554,4,SE,Spring barley,frost_mj,-0.0416470758154821
EC-Earth3,-8.5,-8.4726,15,SE,Spring barley,frost_mj,-0.0517804412986041
EC-Earth3,-7.5,-7.5562,20,SE,Spring barley,frost_mj,-0.0431087244579508
EC-Earth3,-6.5,-6.4767,21,SE,Spring barley,frost_mj,-0.0267180832090817
EC-Earth3,-5.5,-5.3342,8,SE,Spring barley,frost_mj,-0.0275941346098438
EC-Earth3,-4.5,-4.5495,8,SE,Spring barley,frost_mj,-0.042012588807938
EC-Earth3,-3.5,-3.3459,9,SE,Spring barley,frost_mj,-0.0552653840645188
EC-Earth3,-2.5,-2.4493,5,SE,Spring barley,frost_mj,-0.030536315353967
EC-Earth3,-1.5,-1.3807,6,SE,Spring barley,frost_mj,-0.00344570143536525
EC-Earth3,-0.5,-0.6596,3,SE,Spring barley,frost_mj,-0.0210140569902102
HadGEM3-GC3-1LL,-8.5,-8.3848,12,SE,Spring barley,frost_mj,-0.0351280876538237
HadGEM3-GC3-1LL,-7.5,-7.5599,19,SE,Spring barley,frost_mj,-0.0307696084395156
HadGEM3-GC3-1LL,-6.5,-6.5442,24,SE,Spring barley,frost_mj,-0.0437514606805035
HadGEM3-GC3-1LL,-5.5,-5.5797,10,SE,Spring barley,frost_mj,-0.0256230284343052
HadGEM3-GC3-1LL,-4.5,-4.5263,6,SE,Spring barley,frost_mj,-0.0194832921577043
HadGEM3-GC3-1LL,-3.5,-3.7835,7,SE,Spring barley,frost_mj,-0.0341401555916163
HadGEM3-GC3-1LL,-2.5,-2.4504,6,SE,Spring barley,frost_mj,-0.0208576184227717
HadGEM3-GC3-1LL,-1.5,-1.3098,8,SE,Spring barley,frost_mj,-0.0051691975170943
HadGEM3-GC3-1LL,-0.5,-0.331,6,SE,Spring barley,frost_mj,-0.0101709332325236
HadGEM3-GC3-1MM,-14.5,-14.3032,4,SE,Spring barley,frost_mj,-0.0990084876020688
HadGEM3-GC3-1MM,-13.5,-13.3931,8,SE,Spring barley,frost_mj,-0.104030343887265
HadGEM3-GC3-1MM,-12.5,-12.588,13,SE,Spring barley,frost_mj,-0.11120836039472
HadGEM3-GC3-1MM,-11.5,-11.5321,21,SE,Spring barley,frost_mj,-0.0977295006768741
HadGEM3-GC3-1MM,-10.5,-10.4803,10,SE,Spring barley,frost_mj,-0.0865725173487456
HadGEM3-GC3-1MM,-9.5,-9.6161,7,SE,Spring barley,frost_mj,-0.0792498956738276
HadGEM3-GC3-1MM,-8.5,-8.6582,7,SE,Spring barley,frost_mj,-0.0756537560141798
HadGEM3-GC3-1MM,-7.5,-7.6345,8,SE,Spring barley,frost_mj,-0.0637674831084458
HadGEM3-GC3-1MM,-6.5,-6.4299,4,SE,Spring barley,frost_mj,-0.0296948066578825
HadGEM3-GC3-1MM,-5.5,-5.3528,4,SE,Spring barley,frost_mj,-0.0362522839486321
HadGEM3-GC3-1MM,-4.5,-4.3969,4,SE,Spring barley,frost_mj,-0.0313881349676906
IPSL-CM6A-LR,-9.5,-9.3401,5,SE,Spring barley,frost_mj,-0.0686906416075709
IPSL-CM6A-LR,-8.5,-8.4598,8,SE,Spring barley,frost_mj,-0.0825612054065828
IPSL-CM6A-LR,-7.5,-7.5255,19,SE,Spring barley,frost_mj,-0.0685081863717234
IPSL-CM6A-LR,-6.5,-6.5577,11,SE,Spring barley,frost_mj,-0.0746070837510026
IPSL-CM6A-LR,-5.5,-5.5623,13,SE,Spring barley,frost_mj,-0.0399243566378359
IPSL-CM6A-LR,-4.5,-4.3507,11,SE,Spring barley,frost_mj,-0.0358200687024965
IPSL-CM6A-LR,-3.5,-3.4644,8,SE,Spring barley,frost_mj,-0.0347030558895589
IPSL-CM6A-LR,-2.5,-2.5669,9,SE,Spring barley,frost_mj,-0.018088933604057
IPSL-CM6A-LR,-1.5,-1.2909,6,SE,Spring barley,frost_mj,-0.0295734062616634
IPSL-CM6A-LR,-0.5,-0.6347,8,SE,Spring barley,frost_mj,-0.00111272757803563
EC-Earth3,-9.5,-9.1554,4,SK,Spring barley,frost_mj,-0.0264030138220126
EC-Earth3,-8.5,-8.4726,15,SK,Spring barley,frost_mj,-0.0454312735368652
EC-Earth3,-7.5,-7.5562,20,SK,Spring barley,frost_mj,-0.0355477076577742
EC-Earth3,-6.5,-6.4767,21,SK,Spring barley,frost_mj,-0.0226227898690389
EC-Earth3,-5.5,-5.3342,8,SK,Spring barley,frost_mj,-0.0249332110453809
EC-Earth3,-4.5,-4.5495,8,SK,Spring barley,frost_mj,-0.0158592284691728
EC-Earth3,-3.5,-3.3459,9,SK,Spring barley,frost_mj,-0.0248987707007161
EC-Earth3,-2.5,-2.4493,5,SK,Spring barley,frost_mj,-0.019042883169647
EC-Earth3,-1.5,-1.3807,6,SK,Spring barley,frost_mj,-0.00090114694025989
EC-Earth3,-0.5,-0.6596,3,SK,Spring barley,frost_mj,-0.0067167987946529
HadGEM3-GC3-1LL,-8.5,-8.3848,12,SK,Spring barley,frost_mj,-0.0293366324324097
HadGEM3-GC3-1LL,-7.5,-7.5599,19,SK,Spring barley,frost_mj,-0.0226357565405888
HadGEM3-GC3-1LL,-6.5,-6.5442,24,SK,Spring barley,frost_mj,-0.0296312047907598
HadGEM3-GC3-1LL,-5.5,-5.5797,10,SK,Spring barley,frost_mj,-0.0162361918111813
HadGEM3-GC3-1LL,-4.5,-4.5263,6,SK,Spring barley,frost_mj,-0.0277226962357382
HadGEM3-GC3-1LL,-3.5,-3.7835,7,SK,Spring barley,frost_mj,-0.0220430413029666
HadGEM3-GC3-1LL,-2.5,-2.4504,6,SK,Spring barley,frost_mj,-0.0228696142213925
HadGEM3-GC3-1LL,-1.5,-1.3098,8,SK,Spring barley,frost_mj,0.00574289221012906
HadGEM3-GC3-1LL,-0.5,-0.331,6,SK,Spring barley,frost_mj,-0.00865668963618961
HadGEM3-GC3-1MM,-14.5,-14.3032,4,SK,Spring barley,frost_mj,-0.0516409427334683
HadGEM3-GC3-1MM,-13.5,-13.3931,8,SK,Spring barley,frost_mj,-0.0527224489495675
HadGEM3-GC3-1MM,-12.5,-12.588,13,SK,Spring barley,frost_mj,-0.0600063861525976
HadGEM3-GC3-1MM,-11.5,-11.5321,21,SK,Spring barley,frost_mj,-0.0551278207991571
HadGEM3-GC3-1MM,-10.5,-10.4803,10,SK,Spring barley,frost_mj,-0.0479380702545256
HadGEM3-GC3-1MM,-9.5,-9.6161,7,SK,Spring barley,frost_mj,-0.0318402338296688
HadGEM3-GC3-1MM,-8.5,-8.6582,7,SK,Spring barley,frost_mj,-0.0316873797338629
HadGEM3-GC3-1MM,-7.5,-7.6345,8,SK,Spring barley,frost_mj,-0.0349743442719129
HadGEM3-GC3-1MM,-6.5,-6.4299,4,SK,Spring barley,frost_mj,-0.0132479143834436
HadGEM3-GC3-1MM,-5.5,-5.3528,4,SK,Spring barley,frost_mj,-0.0284183458165991
HadGEM3-GC3-1MM,-4.5,-4.3969,4,SK,Spring barley,frost_mj,-0.0133967306765267
IPSL-CM6A-LR,-9.5,-9.3401,5,SK,Spring barley,frost_mj,-0.0370206488694346
IPSL-CM6A-LR,-8.5,-8.4598,8,SK,Spring barley,frost_mj,-0.0321607183646516
IPSL-CM6A-LR,-7.5,-7.5255,19,SK,Spring barley,frost_mj,-0.0251992988282164
IPSL-CM6A-LR,-6.5,-6.5577,11,SK,Spring barley,frost_mj,-0.0323434832846388
IPSL-CM6A-LR,-5.5,-5.5623,13,SK,Spring barley,frost_mj,-0.0149541667461987
IPSL-CM6A-LR,-4.5,-4.3507,11,SK,Spring barley,frost_mj,-0.0174791064272844
IPSL-CM6A-LR,-3.5,-3.4644,8,SK,Spring barley,frost_mj,-0.0118835336560434
IPSL-CM6A-LR,-2.5,-2.5669,9,SK,Spring barley,frost_mj,-0.00265031711013819
IPSL-CM6A-LR,-1.5,-1.2909,6,SK,Spring barley,frost_mj,-0.0189713962188466
IPSL-CM6A-LR,-0.5,-0.6347,8,SK,Spring barley,frost_mj,0.00523277105257287
EC-Earth3,-9.5,-9.1554,4,CZ,Winter barley,frost_mj,-0.0639227515131507
EC-Earth3,-8.5,-8.4726,15,CZ,Winter barley,frost_mj,-0.105252480527249
EC-Earth3,-7.5,-7.5562,20,CZ,Winter barley,frost_mj,-0.0848623934935707
EC-Earth3,-6.5,-6.4767,21,CZ,Winter barley,frost_mj,-0.0606096623528368
EC-Earth3,-5.5,-5.3342,8,CZ,Winter barley,frost_mj,-0.0605198480891664
EC-Earth3,-4.5,-4.5495,8,CZ,Winter barley,frost_mj,-0.0568913719001132
EC-Earth3,-3.5,-3.3459,9,CZ,Winter barley,frost_mj,-0.0600801766842621
EC-Earth3,-2.5,-2.4493,5,CZ,Winter barley,frost_mj,-0.0346424207577467
EC-Earth3,-1.5,-1.3807,6,CZ,Winter barley,frost_mj,-0.00225310820289099
EC-Earth3,-0.5,-0.6596,3,CZ,Winter barley,frost_mj,-0.000411981083672789
HadGEM3-GC3-1LL,-8.5,-8.3848,12,CZ,Winter barley,frost_mj,-0.0720580436109573
HadGEM3-GC3-1LL,-7.5,-7.5599,19,CZ,Winter barley,frost_mj,-0.0589759602584913
HadGEM3-GC3-1LL,-6.5,-6.5442,24,CZ,Winter barley,frost_mj,-0.0694268428499948
HadGEM3-GC3-1LL,-5.5,-5.5797,10,CZ,Winter barley,frost_mj,-0.0448234216562612
HadGEM3-GC3-1LL,-4.5,-4.5263,6,CZ,Winter barley,frost_mj,-0.069452214308565
HadGEM3-GC3-1LL,-3.5,-3.7835,7,CZ,Winter barley,frost_mj,-0.0567143098843594
HadGEM3-GC3-1LL,-2.5,-2.4504,6,CZ,Winter barley,frost_mj,-0.0494192403920024
HadGEM3-GC3-1LL,-1.5,-1.3098,8,CZ,Winter barley,frost_mj,0.0026377104268083
HadGEM3-GC3-1LL,-0.5,-0.331,6,CZ,Winter barley,frost_mj,-0.00620222166525511
HadGEM3-GC3-1MM,-14.5,-14.3032,4,CZ,Winter barley,frost_mj,-0.11198880881499
HadGEM3-GC3-1MM,-13.5,-13.3931,8,CZ,Winter barley,frost_mj,-0.126292970824818
HadGEM3-GC3-1MM,-12.5,-12.588,13,CZ,Winter barley,frost_mj,-0.141845851405514
HadGEM3-GC3-1MM,-11.5,-11.5321,21,CZ,Winter barley,frost_mj,-0.122142765893549
HadGEM3-GC3-1MM,-10.5,-10.4803,10,CZ,Winter barley,frost_mj,-0.100647787842012
HadGEM3-GC3-1MM,-9.5,-9.6161,7,CZ,Winter barley,frost_mj,-0.0782423119781342
HadGEM3-GC3-1MM,-8.5,-8.6582,7,CZ,Winter barley,frost_mj,-0.0760058912195274
HadGEM3-GC3-1MM,-7.5,-7.6345,8,CZ,Winter barley,frost_mj,-0.0823172271291817
HadGEM3-GC3-1MM,-6.5,-6.4299,4,CZ,Winter barley,frost_mj,-0.0304579909328916
HadGEM3-GC3-1MM,-5.5,-5.3528,4,CZ,Winter barley,frost_mj,-0.0590548891877365
HadGEM3-GC3-1MM,-4.5,-4.3969,4,CZ,Winter barley,frost_mj,-0.0315189903762427
IPSL-CM6A-LR,-9.5,-9.3401,5,CZ,Winter barley,frost_mj,-0.0845464664433983
IPSL-CM6A-LR,-8.5,-8.4598,8,CZ,Winter barley,frost_mj,-0.0788457282254198
IPSL-CM6A-LR,-7.5,-7.5255,19,CZ,Winter barley,frost_mj,-0.0665393202086806
IPSL-CM6A-LR,-6.5,-6.5577,11,CZ,Winter barley,frost_mj,-0.0783363934650937
IPSL-CM6A-LR,-5.5,-5.5623,13,CZ,Winter barley,frost_mj,-0.047944948375507
IPSL-CM6A-LR,-4.5,-4.3507,11,CZ,Winter barley,frost_mj,-0.0467835439309933
IPSL-CM6A-LR,-3.5,-3.4644,8,CZ,Winter barley,frost_mj,-0.0407695723521566
IPSL-CM6A-LR,-2.5,-2.5669,9,CZ,Winter barley,frost_mj,-0.0112255491204941
IPSL-CM6A-LR,-1.5,-1.2909,6,CZ,Winter barley,frost_mj,-0.0446000376740186
IPSL-CM6A-LR,-0.5,-0.6347,8,CZ,Winter barley,frost_mj,0.0110683037876859
EC-Earth3,-9.5,-9.1554,4,DE,Winter barley,frost_mj,-0.0678493067884184
EC-Earth3,-8.5,-8.4726,15,DE,Winter barley,frost_mj,-0.103232875638166
EC-Earth3,-7.5,-7.5562,20,DE,Winter barley,frost_mj,-0.0771712011325415
EC-Earth3,-6.5,-6.4767,21,DE,Winter barley,frost_mj,-0.0532562712046448
EC-Earth3,-5.5,-5.3342,8,DE,Winter barley,frost_mj,-0.0517446013660521
EC-Earth3,-4.5,-4.5495,8,DE,Winter barley,frost_mj,-0.0622001715511099
EC-Earth3,-3.5,-3.3459,9,DE,Winter barley,frost_mj,-0.0663700470598543
EC-Earth3,-2.5,-2.4493,5,DE,Winter barley,frost_mj,-0.0237125007234119
EC-Earth3,-1.5,-1.3807,6,DE,Winter barley,frost_mj,0.000314281523387601
EC-Earth3,-0.5,-0.6596,3,DE,Winter barley,frost_mj,-0.00299830766013544
HadGEM3-GC3-1LL,-8.5,-8.3848,12,DE,Winter barley,frost_mj,-0.0607177447210163
HadGEM3-GC3-1LL,-7.5,-7.5599,19,DE,Winter barley,frost_mj,-0.0514637733050656
HadGEM3-GC3-1LL,-6.5,-6.5442,24,DE,Winter barley,frost_mj,-0.0668313278873737
HadGEM3-GC3-1LL,-5.5,-5.5797,10,DE,Winter barley,frost_mj,-0.0437771908926329
HadGEM3-GC3-1LL,-4.5,-4.5263,6,DE,Winter barley,frost_mj,-0.0533972356905154
HadGEM3-GC3-1LL,-3.5,-3.7835,7,DE,Winter barley,frost_mj,-0.0524532136406384
HadGEM3-GC3-1LL,-2.5,-2.4504,6,DE,Winter barley,frost_mj,-0.0526266095426893
HadGEM3-GC3-1LL,-1.5,-1.3098,8,DE,Winter barley,frost_mj,-0.00136533967145723
HadGEM3-GC3-1LL,-0.5,-0.331,6,DE,Winter barley,frost_mj,-0.0105567131505764
HadGEM3-GC3-1MM,-14.5,-14.3032,4,DE,Winter barley,frost_mj,-0.132612099840214
HadGEM3-GC3-1MM,-13.5,-13.3931,8,DE,Winter barley,frost_mj,-0.151792136993645
HadGEM3-GC3-1MM,-12.5,-12.588,13,DE,Winter barley,frost_mj,-0.162012932567021
HadGEM3-GC3-1MM,-11.5,-11.5321,21,DE,Winter barley,frost_mj,-0.14237475467707
HadGEM3-GC3-1MM,-10.5,-10.4803,10,DE,Winter barley,frost_mj,-0.105434244414962
HadGEM3-GC3-1MM,-9.5,-9.6161,7,DE,Winter barley,frost_mj,-0.0925905587250102
HadGEM3-GC3-1MM,-8.5,-8.6582,7,DE,Winter barley,frost_mj,-0.0794863672067586
HadGEM3-GC3-1MM,-7.5,-7.6345,8,DE,Winter barley,frost_mj,-0.0782426488871786
HadGEM3-GC3-1MM,-6.5,-6.4299,4,DE,Winter barley,frost_mj,-0.0245796992137312
HadGEM3-GC3-1MM,-5.5,-5.3528,4,DE,Winter barley,frost_mj,-0.050559889220125
HadGEM3-GC3-1MM,-4.5,-4.3969,4,DE,Winter barley,frost_mj,-0.0334804167357409
IPSL-CM6A-LR,-9.5,-9.3401,5,DE,Winter barley,frost_mj,-0.103490396534286
IPSL-CM6A-LR,-8.5,-8.4598,8,DE,Winter barley,frost_mj,-0.104842199086217
IPSL-CM6A-LR,-7.5,-7.5255,19,DE,Winter barley,frost_mj,-0.0889123752651571
IPSL-CM6A-LR,-6.5,-6.5577,11,DE,Winter barley,frost_mj,-0.10648698653942
IPSL-CM6A-LR,-5.5,-5.5623,13,DE,Winter barley,frost_mj,-0.0583185706416599
IPSL-CM6A-LR,-4.5,-4.3507,11,DE,Winter barley,frost_mj,-0.0513912288864155
IPSL-CM6A-LR,-3.5,-3.4644,8,DE,Winter barley,frost_mj,-0.0476589036575863
IPSL-CM6A-LR,-2.5,-2.5669,9,DE,Winter barley,frost_mj,-0.0137629802959392
IPSL-CM6A-LR,-1.5,-1.2909,6,DE,Winter barley,frost_mj,-0.0501994525592252
IPSL-CM6A-LR,-0.5,-0.6347,8,DE,Winter barley,frost_mj,0.00513514141036947
EC-Earth3,-9.5,-9.1554,4,DK,Winter barley,frost_mj,-0.066243151132716
EC-Earth3,-8.5,-8.4726,15,DK,Winter barley,frost_mj,-0.109249445388777
EC-Earth3,-7.5,-7.5562,20,DK,Winter barley,frost_mj,-0.0745476951779054
EC-Earth3,-6.5,-6.4767,21,DK,Winter barley,frost_mj,-0.0479106958915699
EC-Earth3,-5.5,-5.3342,8,DK,Winter barley,frost_mj,-0.0426927261207252
EC-Earth3,-4.5,-4.5495,8,DK,Winter barley,frost_mj,-0.0734353058220689
EC-Earth3,-3.5,-3.3459,9,DK,Winter barley,frost_mj,-0.0845115218190617
EC-Earth3,-2.5,-2.4493,5,DK,Winter barley,frost_mj,-0.0312822898833508
EC-Earth3,-1.5,-1.3807,6,DK,Winter barley,frost_mj,-0.00849582395903687
EC-Earth3,-0.5,-0.6596,3,DK,Winter barley,frost_mj,-0.0198699318422838
HadGEM3-GC3-1LL,-8.5,-8.3848,12,DK,Winter barley,frost_mj,-0.0604404712142022
HadGEM3-GC3-1LL,-7.5,-7.5599,19,DK,Winter barley,frost_mj,-0.0503362850696179
HadGEM3-GC3-1LL,-6.5,-6.5442,24,DK,Winter barley,frost_mj,-0.0727144683814974
HadGEM3-GC3-1LL,-5.5,-5.5797,10,DK,Winter barley,frost_mj,-0.0404139607663521
HadGEM3-GC3-1LL,-4.5,-4.5263,6,DK,Winter barley,frost_mj,-0.0366915657623767
HadGEM3-GC3-1LL,-3.5,-3.7835,7,DK,Winter barley,frost_mj,-0.061466391050669
HadGEM3-GC3-1LL,-2.5,-2.4504,6,DK,Winter barley,frost_mj,-0.0363288478468903
HadGEM3-GC3-1LL,-1.5,-1.3098,8,DK,Winter barley,frost_mj,-0.00407688026400253
HadGEM3-GC3-1LL,-0.5,-0.331,6,DK,Winter barley,frost_mj,-0.0130882226975507
HadGEM3-GC3-1MM,-14.5,-14.3032,4,DK,Winter barley,frost_mj,-0.210624427285197
HadGEM3-GC3-1MM,-13.5,-13.3931,8,DK,Winter barley,frost_mj,-0.216933753176939
HadGEM3-GC3-1MM,-12.5,-12.588,13,DK,Winter barley,frost_mj,-0.238018098945938
HadGEM3-GC3-1MM,-11.5,-11.5321,21,DK,Winter barley,frost_mj,-0.21241750513991
HadGEM3-GC3-1MM,-10.5,-10.4803,10,DK,Winter barley,frost_mj,-0.161040250072463
HadGEM3-GC3-1MM,-9.5,-9.6161,7,DK,Winter barley,frost_mj,-0.148452570653116
HadGEM3-GC3-1MM,-8.5,-8.6582,7,DK,Winter barley,frost_mj,-0.128055380908084
HadGEM3-GC3-1MM,-7.5,-7.6345,8,DK,Winter barley,frost_mj,-0.0973039171162706
HadGEM3-GC3-1MM,-6.5,-6.4299,4,DK,Winter barley,frost_mj,-0.0299099602179895
HadGEM3-GC3-1MM,-5.5,-5.3528,4,DK,Winter barley,frost_mj,-0.0363517726971497
HadGEM3-GC3-1MM,-4.5,-4.3969,4,DK,Winter barley,frost_mj,-0.0400814094840521
IPSL-CM6A-LR,-9.5,-9.3401,5,DK,Winter barley,frost_mj,-0.161553138335341
IPSL-CM6A-LR,-8.5,-8.4598,8,DK,Winter barley,frost_mj,-0.186513796775526
IPSL-CM6A-LR,-7.5,-7.5255,19,DK,Winter barley,frost_mj,-0.150514806974632
IPSL-CM6A-LR,-6.5,-6.5577,11,DK,Winter barley,frost_mj,-0.172781968919212
IPSL-CM6A-LR,-5.5,-5.5623,13,DK,Winter barley,frost_mj,-0.0756410825742357
IPSL-CM6A-LR,-4.5,-4.3507,11,DK,Winter barley,frost_mj,-0.0488161078667963
IPSL-CM6A-LR,-3.5,-3.4644,8,DK,Winter barley,frost_mj,-0.0548137734566876
IPSL-CM6A-LR,-2.5,-2.5669,9,DK,Winter barley,frost_mj,-0.0218597009817014
IPSL-CM6A-LR,-1.5,-1.2909,6,DK,Winter barley,frost_mj,-0.048535280449974
IPSL-CM6A-LR,-0.5,-0.6347,8,DK,Winter barley,frost_mj,0.00323711287220736
EC-Earth3,-9.5,-9.1554,4,EE,Winter barley,frost_mj,-0.0717499466275331
EC-Earth3,-8.5,-8.4726,15,EE,Winter barley,frost_mj,-0.0724262773012939
EC-Earth3,-7.5,-7.5562,20,EE,Winter barley,frost_mj,-0.0777765308274203
EC-Earth3,-6.5,-6.4767,21,EE,Winter barley,frost_mj,-0.0509455916601034
EC-Earth3,-5.5,-5.3342,8,EE,Winter barley,frost_mj,-0.0505226615910033
EC-Earth3,-4.5,-4.5495,8,EE,Winter barley,frost_mj,-0.0732797366628479
EC-Earth3,-3.5,-3.3459,9,EE,Winter barley,frost_mj,-0.0916001367489892
EC-Earth3,-2.5,-2.4493,5,EE,Winter barley,frost_mj,-0.0616867741168515
EC-Earth3,-1.5,-1.3807,6,EE,Winter barley,frost_mj,-0.00495227319012889
EC-Earth3,-0.5,-0.6596,3,EE,Winter barley,frost_mj,-0.0410992786401323
HadGEM3-GC3-1LL,-8.5,-8.3848,12,EE,Winter barley,frost_mj,-0.0646204161172963
HadGEM3-GC3-1LL,-7.5,-7.5599,19,EE,Winter barley,frost_mj,-0.0620705141605618
HadGEM3-GC3-1LL,-6.5,-6.5442,24,EE,Winter barley,frost_mj,-0.0792461385509367
HadGEM3-GC3-1LL,-5.5,-5.5797,10,EE,Winter barley,frost_mj,-0.0561211297587999
HadGEM3-GC3-1LL,-4.5,-4.5263,6,EE,Winter barley,frost_mj,-0.0356436984055006
HadGEM3-GC3-1LL,-3.5,-3.7835,7,EE,Winter barley,frost_mj,-0.0621334190003536
HadGEM3-GC3-1LL,-2.5,-2.4504,6,EE,Winter barley,frost_mj,-0.0366750759091099
HadGEM3-GC3-1LL,-1.5,-1.3098,8,EE,Winter barley,frost_mj,-0.0141768212913206
HadGEM3-GC3-1LL,-0.5,-0.331,6,EE,Winter barley,frost_mj,-0.0147576102621042
HadGEM3-GC3-1MM,-14.5,-14.3032,4,EE,Winter barley,frost_mj,-0.142903309201013
HadGEM3-GC3-1MM,-13.5,-13.3931,8,EE,Winter barley,frost_mj,-0.162209444552746
HadGEM3-GC3-1MM,-12.5,-12.588,13,EE,Winter barley,frost_mj,-0.176274547536306
HadGEM3-GC3-1MM,-11.5,-11.5321,21,EE,Winter barley,frost_mj,-0.161832714698334
HadGEM3-GC3-1MM,-10.5,-10.4803,10,EE,Winter barley,frost_mj,-0.138310588296876
HadGEM3-GC3-1MM,-9.5,-9.6161,7,EE,Winter barley,frost_mj,-0.139418548856363
HadGEM3-GC3-1MM,-8.5,-8.6582,7,EE,Winter barley,frost_mj,-0.129682160855418
HadGEM3-GC3-1MM,-7.5,-7.6345,8,EE,Winter barley,frost_mj,-0.128662589905269
HadGEM3-GC3-1MM,-6.5,-6.4299,4,EE,Winter barley,frost_mj,-0.0694427796453843
HadGEM3-GC3-1MM,-5.5,-5.3528,4,EE,Winter barley,frost_mj,-0.09392434437808
HadGEM3-GC3-1MM,-4.5,-4.3969,4,EE,Winter barley,frost_mj,-0.0792136471031988
IPSL-CM6A-LR,-9.5,-9.3401,5,EE,Winter barley,frost_mj,-0.112119475067372
IPSL-CM6A-LR,-8.5,-8.4598,8,EE,Winter barley,frost_mj,-0.126275052897762
IPSL-CM6A-LR,-7.5,-7.5255,19,EE,Winter barley,frost_mj,-0.112093196667476
IPSL-CM6A-LR,-6.5,-6.5577,11,EE,Winter barley,frost_mj,-0.119752211603864
IPSL-CM6A-LR,-5.5,-5.5623,13,EE,Winter barley,frost_mj,-0.0613016113506344
IPSL-CM6A-LR,-4.5,-4.3507,11,EE,Winter barley,frost_mj,-0.0663818703841791
IPSL-CM6A-LR,-3.5,-3.4644,8,EE,Winter barley,frost_mj,-0.0650748191886434
IPSL-CM6A-LR,-2.5,-2.5669,9,EE,Winter barley,frost_mj,-0.044804716235842
IPSL-CM6A-LR,-1.5,-1.2909,6,EE,Winter barley,frost_mj,-0.0556866451581805
IPSL-CM6A-LR,-0.5,-0.6347,8,EE,Winter barley,frost_mj,0.00163622831747028
EC-Earth3,-9.5,-9.1554,4,EL,Winter barley,frost_mj,-0.0336655014427919
EC-Earth3,-8.5,-8.4726,15,EL,Winter barley,frost_mj,-0.0427683524701032
EC-Earth3,-7.5,-7.5562,20,EL,Winter barley,frost_mj,-0.0256839319734476
EC-Earth3,-6.5,-6.4767,21,EL,Winter barley,frost_mj,-0.016296858897447
EC-Earth3,-5.5,-5.3342,8,EL,Winter barley,frost_mj,-0.0333213324282304
EC-Earth3,-4.5,-4.5495,8,EL,Winter barley,frost_mj,-0.0108786395529291
EC-Earth3,-3.5,-3.3459,9,EL,Winter barley,frost_mj,-0.0139593088169549
EC-Earth3,-2.5,-2.4493,5,EL,Winter barley,frost_mj,-0.0187090990037401
EC-Earth3,-1.5,-1.3807,6,EL,Winter barley,frost_mj,0.00160337373998547
EC-Earth3,-0.5,-0.6596,3,EL,Winter barley,frost_mj,-0.00430786443978215
HadGEM3-GC3-1LL,-8.5,-8.3848,12,EL,Winter barley,frost_mj,-0.0220903819265198
HadGEM3-GC3-1LL,-7.5,-7.5599,19,EL,Winter barley,frost_mj,-0.017523217367192
HadGEM3-GC3-1LL,-6.5,-6.5442,24,EL,Winter barley,frost_mj,-0.0239946781110682
HadGEM3-GC3-1LL,-5.5,-5.5797,10,EL,Winter barley,frost_mj,-0.00889603864759666
HadGEM3-GC3-1LL,-4.5,-4.5263,6,EL,Winter barley,frost_mj,-0.0248989677509108
HadGEM3-GC3-1LL,-3.5,-3.7835,7,EL,Winter barley,frost_mj,-0.0141061467406096
HadGEM3-GC3-1LL,-2.5,-2.4504,6,EL,Winter barley,frost_mj,-0.0160575226108751
HadGEM3-GC3-1LL,-1.5,-1.3098,8,EL,Winter barley,frost_mj,0.00593495903742247
HadGEM3-GC3-1LL,-0.5,-0.331,6,EL,Winter barley,frost_mj,-0.00788096582109415
HadGEM3-GC3-1MM,-14.5,-14.3032,4,EL,Winter barley,frost_mj,-0.0818653621483136
HadGEM3-GC3-1MM,-13.5,-13.3931,8,EL,Winter barley,frost_mj,-0.0605507039712401
HadGEM3-GC3-1MM,-12.5,-12.588,13,EL,Winter barley,frost_mj,-0.0490047958337915
HadGEM3-GC3-1MM,-11.5,-11.5321,21,EL,Winter barley,frost_mj,-0.0557827708808612
HadGEM3-GC3-1MM,-10.5,-10.4803,10,EL,Winter barley,frost_mj,-0.0527779881703836
HadGEM3-GC3-1MM,-9.5,-9.6161,7,EL,Winter barley,frost_mj,-0.0390978961035648
HadGEM3-GC3-1MM,-8.5,-8.6582,7,EL,Winter barley,frost_mj,-0.0363868073540441
HadGEM3-GC3-1MM,-7.5,-7.6345,8,EL,Winter barley,frost_mj,-0.0357031273136637
HadGEM3-GC3-1MM,-6.5,-6.4299,4,EL,Winter barley,frost_mj,-0.0140594735694346
HadGEM3-GC3-1MM,-5.5,-5.3528,4,EL,Winter barley,frost_mj,-0.0355802581810813
HadGEM3-GC3-1MM,-4.5,-4.3969,4,EL,Winter barley,frost_mj,-0.0112456001645183
IPSL-CM6A-LR,-9.5,-9.3401,5,EL,Winter barley,frost_mj,-0.0334471241452507
IPSL-CM6A-LR,-8.5,-8.4598,8,EL,Winter barley,frost_mj,-0.0163906208248652
IPSL-CM6A-LR,-7.5,-7.5255,19,EL,Winter barley,frost_mj,-0.0194002444680455
IPSL-CM6A-LR,-6.5,-6.5577,11,EL,Winter barley,frost_mj,-0.0248950574523434
IPSL-CM6A-LR,-5.5,-5.5623,13,EL,Winter barley,frost_mj,-0.00367095948111427
IPSL-CM6A-LR,-4.5,-4.3507,11,EL,Winter barley,frost_mj,-0.00744545138512826
IPSL-CM6A-LR,-3.5,-3.4644,8,EL,Winter barley,frost_mj,-0.00520999343428513
IPSL-CM6A-LR,-2.5,-2.5669,9,EL,Winter barley,frost_mj,0.00168011201862673
IPSL-CM6A-LR,-1.5,-1.2909,6,EL,Winter barley,frost_mj,-0.00637801050009363
IPSL-CM6A-LR,-0.5,-0.6347,8,EL,Winter barley,frost_mj,0.00516217312284732
EC-Earth3,-9.5,-9.1554,4,ES,Winter barley,frost_mj,-0.02959600808971
EC-Earth3,-8.5,-8.4726,15,ES,Winter barley,frost_mj,-0.0320788615584025
EC-Earth3,-7.5,-7.5562,20,ES,Winter barley,frost_mj,-0.0220141524231824
EC-Earth3,-6.5,-6.4767,21,ES,Winter barley,frost_mj,-0.0127527118934056
EC-Earth3,-5.5,-5.3342,8,ES,Winter barley,frost_mj,-0.0147579568611877
EC-Earth3,-4.5,-4.5495,8,ES,Winter barley,frost_mj,-0.00784254921960611
EC-Earth3,-3.5,-3.3459,9,ES,Winter barley,frost_mj,-0.0197630462557881
EC-Earth3,-2.5,-2.4493,5,ES,Winter barley,frost_mj,-0.00816303876097596
EC-Earth3,-1.5,-1.3807,6,ES,Winter barley,frost_mj,-0.00278395101924222
EC-Earth3,-0.5,-0.6596,3,ES,Winter barley,frost_mj,-0.00436173165806528
HadGEM3-GC3-1LL,-8.5,-8.3848,12,ES,Winter barley,frost_mj,-0.0437183453136456
HadGEM3-GC3-1LL,-7.5,-7.5599,19,ES,Winter barley,frost_mj,-0.0288464867510966
HadGEM3-GC3-1LL,-6.5,-6.5442,24,ES,Winter barley,frost_mj,-0.033408229289069
HadGEM3-GC3-1LL,-5.5,-5.5797,10,ES,Winter barley,frost_mj,-0.0295993038264972
HadGEM3-GC3-1LL,-4.5,-4.5263,6,ES,Winter barley,frost_mj,-0.028302087587797
HadGEM3-GC3-1LL,-3.5,-3.7835,7,ES,Winter barley,frost_mj,-0.0121786679103976
HadGEM3-GC3-1LL,-2.5,-2.4504,6,ES,Winter barley,frost_mj,-0.0317027851862676
HadGEM3-GC3-1LL,-1.5,-1.3098,8,ES,Winter barley,frost_mj,-0.00710789666192372
HadGEM3-GC3-1LL,-0.5,-0.331,6,ES,Winter barley,frost_mj,-0.00610912491032997
HadGEM3-GC3-1MM,-14.5,-14.3032,4,ES,Winter barley,frost_mj,-0.0846382366516337
HadGEM3-GC3-1MM,-13.5,-13.3931,8,ES,Winter barley,frost_mj,-0.102520893027323
HadGEM3-GC3-1MM,-12.5,-12.588,13,ES,Winter barley,frost_mj,-0.0752875790450976
HadGEM3-GC3-1MM,-11.5,-11.5321,21,ES,Winter barley,frost_mj,-0.0686285775915368
HadGEM3-GC3-1MM,-10.5,-10.4803,10,ES,Winter barley,frost_mj,-0.0479090753604228
HadGEM3-GC3-1MM,-9.5,-9.6161,7,ES,Winter barley,frost_mj,-0.0643610052899335
HadGEM3-GC3-1MM,-8.5,-8.6582,7,ES,Winter barley,frost_mj,-0.0249193030740008
HadGEM3-GC3-1MM,-7.5,-7.6345,8,ES,Winter barley,frost_mj,-0.0339119124464212
HadGEM3-GC3-1MM,-6.5,-6.4299,4,ES,Winter barley,frost_mj,-0.0391797783153671
HadGEM3-GC3-1MM,-5.5,-5.3528,4,ES,Winter barley,frost_mj,-0.01465109509913
HadGEM3-GC3-1MM,-4.5,-4.3969,4,ES,Winter barley,frost_mj,0.00141293960157577
IPSL-CM6A-LR,-9.5,-9.3401,5,ES,Winter barley,frost_mj,-0.0364040758217525
IPSL-CM6A-LR,-8.5,-8.4598,8,ES,Winter barley,frost_mj,-0.0260676754025772
IPSL-CM6A-LR,-7.5,-7.5255,19,ES,Winter barley,frost_mj,-0.0257030066253919
IPSL-CM6A-LR,-6.5,-6.5577,11,ES,Winter barley,frost_mj,-0.0246725955129361
IPSL-CM6A-LR,-5.5,-5.5623,13,ES,Winter barley,frost_mj,-0.0252972696531076
IPSL-CM6A-LR,-4.5,-4.3507,11,ES,Winter barley,frost_mj,-0.0234842265790881
IPSL-CM6A-LR,-3.5,-3.4644,8,ES,Winter barley,frost_mj,-0.00979935518184306
IPSL-CM6A-LR,-2.5,-2.5669,9,ES,Winter barley,frost_mj,-0.00896569968990011
IPSL-CM6A-LR,-1.5,-1.2909,6,ES,Winter barley,frost_mj,-0.0145376230496274
IPSL-CM6A-LR,-0.5,-0.6347,8,ES,Winter barley,frost_mj,0.00254426061218093
EC-Earth3,-9.5,-9.1554,4,FR,Winter barley,frost_mj,-0.0562003383341587
EC-Earth3,-8.5,-8.4726,15,FR,Winter barley,frost_mj,-0.0714097490507361
EC-Earth3,-7.5,-7.5562,20,FR,Winter barley,frost_mj,-0.0506751142858922
EC-Earth3,-6.5,-6.4767,21,FR,Winter barley,frost_mj,-0.034024168808997
EC-Earth3,-5.5,-5.3342,8,FR,Winter barley,frost_mj,-0.0372007999981018
EC-Earth3,-4.5,-4.5495,8,FR,Winter barley,frost_mj,-0.0429296760474549
EC-Earth3,-3.5,-3.3459,9,FR,Winter barley,frost_mj,-0.0392832684814865
EC-Earth3,-2.5,-2.4493,5,FR,Winter barley,frost_mj,-0.0154274518519201
EC-Earth3,-1.5,-1.3807,6,FR,Winter barley,frost_mj,-0.0021870288721252
EC-Earth3,-0.5,-0.6596,3,FR,Winter barley,frost_mj,-0.00160170035294176
HadGEM3-GC3-1LL,-8.5,-8.3848,12,FR,Winter barley,frost_mj,-0.052669361354391
HadGEM3-GC3-1LL,-7.5,-7.5599,19,FR,Winter barley,frost_mj,-0.0424422518389933
HadGEM3-GC3-1LL,-6.5,-6.5442,24,FR,Winter barley,frost_mj,-0.0491778624564
HadGEM3-GC3-1LL,-5.5,-5.5797,10,FR,Winter barley,frost_mj,-0.036163758301099
HadGEM3-GC3-1LL,-4.5,-4.5263,6,FR,Winter barley,frost_mj,-0.0367715702807217
HadGEM3-GC3-1LL,-3.5,-3.7835,7,FR,Winter barley,frost_mj,-0.0323228412275295
HadGEM3-GC3-1LL,-2.5,-2.4504,6,FR,Winter barley,frost_mj,-0.0482786980035753
HadGEM3-GC3-1LL,-1.5,-1.3098,8,FR,Winter barley,frost_mj,-0.00503115810735992
HadGEM3-GC3-1LL,-0.5,-0.331,6,FR,Winter barley,frost_mj,-0.00824247596946592
HadGEM3-GC3-1MM,-14.5,-14.3032,4,FR,Winter barley,frost_mj,-0.101995229712245
HadGEM3-GC3-1MM,-13.5,-13.3931,8,FR,Winter barley,frost_mj,-0.12546459528855
HadGEM3-GC3-1MM,-12.5,-12.588,13,FR,Winter barley,frost_mj,-0.11471770222414
HadGEM3-GC3-1MM,-11.5,-11.5321,21,FR,Winter barley,frost_mj,-0.0997162432764196
HadGEM3-GC3-1MM,-10.5,-10.4803,10,FR,Winter barley,frost_mj,-0.0708138017975821
HadGEM3-GC3-1MM,-9.5,-9.6161,7,FR,Winter barley,frost_mj,-0.0732005736354246
HadGEM3-GC3-1MM,-8.5,-8.6582,7,FR,Winter barley,frost_mj,-0.0508740923302575
HadGEM3-GC3-1MM,-7.5,-7.6345,8,FR,Winter barley,frost_mj,-0.0464830352075502
HadGEM3-GC3-1MM,-6.5,-6.4299,4,FR,Winter barley,frost_mj,-0.0222535264426276
HadGEM3-GC3-1MM,-5.5,-5.3528,4,FR,Winter barley,frost_mj,-0.0338851333564024
HadGEM3-GC3-1MM,-4.5,-4.3969,4,FR,Winter barley,frost_mj,-0.0154496973544431
IPSL-CM6A-LR,-9.5,-9.3401,5,FR,Winter barley,frost_mj,-0.0772666987730522
IPSL-CM6A-LR,-8.5,-8.4598,8,FR,Winter barley,frost_mj,-0.0780015885038272
IPSL-CM6A-LR,-7.5,-7.5255,19,FR,Winter barley,frost_mj,-0.0628768343210329
IPSL-CM6A-LR,-6.5,-6.5577,11,FR,Winter barley,frost_mj,-0.072771630759945
IPSL-CM6A-LR,-5.5,-5.5623,13,FR,Winter barley,frost_mj,-0.0527103528483743
IPSL-CM6A-LR,-4.5,-4.3507,11,FR,Winter barley,frost_mj,-0.0464898196355916
IPSL-CM6A-LR,-3.5,-3.4644,8,FR,Winter barley,frost_mj,-0.0339837998407914
IPSL-CM6A-LR,-2.5,-2.5669,9,FR,Winter barley,frost_mj,-0.0101611966313854
IPSL-CM6A-LR,-1.5,-1.2909,6,FR,Winter barley,frost_mj,-0.0353913499391978
IPSL-CM6A-LR,-0.5,-0.6347,8,FR,Winter barley,frost_mj,-0.000368949721017265
EC-Earth3,-9.5,-9.1554,4,HU,Winter barley,frost_mj,-0.0407769859307515
EC-Earth3,-8.5,-8.4726,15,HU,Winter barley,frost_mj,-0.076970530008883
EC-Earth3,-7.5,-7.5562,20,HU,Winter barley,frost_mj,-0.0521079104345153
EC-Earth3,-6.5,-6.4767,21,HU,Winter barley,frost_mj,-0.0343870199000544
EC-Earth3,-5.5,-5.3342,8,HU,Winter barley,frost_mj,-0.0406705046347683
EC-Earth3,-4.5,-4.5495,8,HU,Winter barley,frost_mj,-0.0187375628628488
EC-Earth3,-3.5,-3.3459,9,HU,Winter barley,frost_mj,-0.0403499313660308
EC-Earth3,-2.5,-2.4493,5,HU,Winter barley,frost_mj,-0.0320825411872981
EC-Earth3,-1.5,-1.3807,6,HU,Winter barley,frost_mj,-0.00536531672214482
EC-Earth3,-0.5,-0.6596,3,HU,Winter barley,frost_mj,-0.00984534594392286
HadGEM3-GC3-1LL,-8.5,-8.3848,12,HU,Winter barley,frost_mj,-0.0430846235954754
HadGEM3-GC3-1LL,-7.5,-7.5599,19,HU,Winter barley,frost_mj,-0.031562849536344
HadGEM3-GC3-1LL,-6.5,-6.5442,24,HU,Winter barley,frost_mj,-0.0436636431492169
HadGEM3-GC3-1LL,-5.5,-5.5797,10,HU,Winter barley,frost_mj,-0.0224951507733309
HadGEM3-GC3-1LL,-4.5,-4.5263,6,HU,Winter barley,frost_mj,-0.0400891485328943
HadGEM3-GC3-1LL,-3.5,-3.7835,7,HU,Winter barley,frost_mj,-0.0309682205901851
HadGEM3-GC3-1LL,-2.5,-2.4504,6,HU,Winter barley,frost_mj,-0.0370606840303402
HadGEM3-GC3-1LL,-1.5,-1.3098,8,HU,Winter barley,frost_mj,0.0106703104303215
HadGEM3-GC3-1LL,-0.5,-0.331,6,HU,Winter barley,frost_mj,-0.0179781154480286
HadGEM3-GC3-1MM,-14.5,-14.3032,4,HU,Winter barley,frost_mj,-0.083834115147484
HadGEM3-GC3-1MM,-13.5,-13.3931,8,HU,Winter barley,frost_mj,-0.082312550975745
HadGEM3-GC3-1MM,-12.5,-12.588,13,HU,Winter barley,frost_mj,-0.0857175840385457
HadGEM3-GC3-1MM,-11.5,-11.5321,21,HU,Winter barley,frost_mj,-0.0871727164329445
HadGEM3-GC3-1MM,-10.5,-10.4803,10,HU,Winter barley,frost_mj,-0.0713592077818814
HadGEM3-GC3-1MM,-9.5,-9.6161,7,HU,Winter barley,frost_mj,-0.0507842499326133
HadGEM3-GC3-1MM,-8.5,-8.6582,7,HU,Winter barley,frost_mj,-0.0495292070333247
HadGEM3-GC3-1MM,-7.5,-7.6345,8,HU,Winter barley,frost_mj,-0.0521694571053522
HadGEM3-GC3-1MM,-6.5,-6.4299,4,HU,Winter barley,frost_mj,-0.0156934036773405
HadGEM3-GC3-1MM,-5.5,-5.3528,4,HU,Winter barley,frost_mj,-0.041993125292516
HadGEM3-GC3-1MM,-4.5,-4.3969,4,HU,Winter barley,frost_mj,-0.0178082765487935
IPSL-CM6A-LR,-9.5,-9.3401,5,HU,Winter barley,frost_mj,-0.0608101976384961
IPSL-CM6A-LR,-8.5,-8.4598,8,HU,Winter barley,frost_mj,-0.0434376182750072
IPSL-CM6A-LR,-7.5,-7.5255,19,HU,Winter barley,frost_mj,-0.0342018790838349
IPSL-CM6A-LR,-6.5,-6.5577,11,HU,Winter barley,frost_mj,-0.0523111679520599
IPSL-CM6A-LR,-5.5,-5.5623,13,HU,Winter barley,frost_mj,-0.0185065501085568
IPSL-CM6A-LR,-4.5,-4.3507,11,HU,Winter barley,frost_mj,-0.0223976875769257
IPSL-CM6A-LR,-3.5,-3.4644,8,HU,Winter barley,frost_mj,-0.010790730364878
IPSL-CM6A-LR,-2.5,-2.5669,9,HU,Winter barley,frost_mj,0.00102355719030929
IPSL-CM6A-LR,-1.5,-1.2909,6,HU,Winter barley,frost_mj,-0.0296052969411927
IPSL-CM6A-LR,-0.5,-0.6347,8,HU,Winter barley,frost_mj,0.00864943590673479
EC-Earth3,-9.5,-9.1554,4,IT,Winter barley,frost_mj,-0.0203403724983487
EC-Earth3,-8.5,-8.4726,15,IT,Winter barley,frost_mj,-0.0292334338461685
EC-Earth3,-7.5,-7.5562,20,IT,Winter barley,frost_mj,-0.0176659619643879
EC-Earth3,-6.5,-6.4767,21,IT,Winter barley,frost_mj,-0.010799312287466
EC-Earth3,-5.5,-5.3342,8,IT,Winter barley,frost_mj,-0.0173168675486741
EC-Earth3,-4.5,-4.5495,8,IT,Winter barley,frost_mj,-0.00880590453669671
EC-Earth3,-3.5,-3.3459,9,IT,Winter barley,frost_mj,-0.0118998992483571
EC-Earth3,-2.5,-2.4493,5,IT,Winter barley,frost_mj,-0.00622896801444165
EC-Earth3,-1.5,-1.3807,6,IT,Winter barley,frost_mj,-0.00102780110561307
EC-Earth3,-0.5,-0.6596,3,IT,Winter barley,frost_mj,0.000966915428746879
HadGEM3-GC3-1LL,-8.5,-8.3848,12,IT,Winter barley,frost_mj,-0.0210134468142855
HadGEM3-GC3-1LL,-7.5,-7.5599,19,IT,Winter barley,frost_mj,-0.0153515033678025
HadGEM3-GC3-1LL,-6.5,-6.5442,24,IT,Winter barley,frost_mj,-0.0215326966184044
HadGEM3-GC3-1LL,-5.5,-5.5797,10,IT,Winter barley,frost_mj,-0.0082699371907958
HadGEM3-GC3-1LL,-4.5,-4.5263,6,IT,Winter barley,frost_mj,-0.0199141684625267
HadGEM3-GC3-1LL,-3.5,-3.7835,7,IT,Winter barley,frost_mj,-0.0107799739892632
HadGEM3-GC3-1LL,-2.5,-2.4504,6,IT,Winter barley,frost_mj,-0.016710477739768
HadGEM3-GC3-1LL,-1.5,-1.3098,8,IT,Winter barley,frost_mj,0.00167039590072499
HadGEM3-GC3-1LL,-0.5,-0.331,6,IT,Winter barley,frost_mj,-0.00560949962881233
HadGEM3-GC3-1MM,-14.5,-14.3032,4,IT,Winter barley,frost_mj,-0.0518356311096616
HadGEM3-GC3-1MM,-13.5,-13.3931,8,IT,Winter barley,frost_mj,-0.0472219768088201
HadGEM3-GC3-1MM,-12.5,-12.588,13,IT,Winter barley,frost_mj,-0.0413579884413528
HadGEM3-GC3-1MM,-11.5,-11.5321,21,IT,Winter barley,frost_mj,-0.0425731919952423
HadGEM3-GC3-1MM,-10.5,-10.4803,10,IT,Winter barley,frost_mj,-0.0327748192775655
HadGEM3-GC3-1MM,-9.5,-9.6161,7,IT,Winter barley,frost_mj,-0.027411889036994
HadGEM3-GC3-1MM,-8.5,-8.6582,7,IT,Winter barley,frost_mj,-0.015650819729489
HadGEM3-GC3-1MM,-7.5,-7.6345,8,IT,Winter barley,frost_mj,-0.0234457029570685
HadGEM3-GC3-1MM,-6.5,-6.4299,4,IT,Winter barley,frost_mj,-0.010655670391791
HadGEM3-GC3-1MM,-5.5,-5.3528,4,IT,Winter barley,frost_mj,-0.0125045238639357
HadGEM3-GC3-1MM,-4.5,-4.3969,4,IT,Winter barley,frost_mj,-0.00241883840962844
IPSL-CM6A-LR,-9.5,-9.3401,5,IT,Winter barley,frost_mj,-0.038158754770193
IPSL-CM6A-LR,-8.5,-8.4598,8,IT,Winter barley,frost_mj,-0.0202527966640821
IPSL-CM6A-LR,-7.5,-7.5255,19,IT,Winter barley,frost_mj,-0.0170473169107566
IPSL-CM6A-LR,-6.5,-6.5577,11,IT,Winter barley,frost_mj,-0.0243181044186772
IPSL-CM6A-LR,-5.5,-5.5623,13,IT,Winter barley,frost_mj,-0.0118524751210635
IPSL-CM6A-LR,-4.5,-4.3507,11,IT,Winter barley,frost_mj,-0.0152926194178201
IPSL-CM6A-LR,-3.5,-3.4644,8,IT,Winter barley,frost_mj,-0.00754786215250297
IPSL-CM6A-LR,-2.5,-2.5669,9,IT,Winter barley,frost_mj,-0.00052191684546564
IPSL-CM6A-LR,-1.5,-1.2909,6,IT,Winter barley,frost_mj,-0.0123899512353834
IPSL-CM6A-LR,-0.5,-0.6347,8,IT,Winter barley,frost_mj,0.00319072498757978
EC-Earth3,-9.5,-9.1554,4,LT,Winter barley,frost_mj,-0.0771898819501368
EC-Earth3,-8.5,-8.4726,15,LT,Winter barley,frost_mj,-0.0898382154695941
EC-Earth3,-7.5,-7.5562,20,LT,Winter barley,frost_mj,-0.091307775721122
EC-Earth3,-6.5,-6.4767,21,LT,Winter barley,frost_mj,-0.0594340476068705
EC-Earth3,-5.5,-5.3342,8,LT,Winter barley,frost_mj,-0.0586328268099761
EC-Earth3,-4.5,-4.5495,8,LT,Winter barley,frost_mj,-0.0643785198535866
EC-Earth3,-3.5,-3.3459,9,LT,Winter barley,frost_mj,-0.0894477684940716
EC-Earth3,-2.5,-2.4493,5,LT,Winter barley,frost_mj,-0.0605268776656069
EC-Earth3,-1.5,-1.3807,6,LT,Winter barley,frost_mj,-0.00857232013545556
EC-Earth3,-0.5,-0.6596,3,LT,Winter barley,frost_mj,-0.0270953642953778
HadGEM3-GC3-1LL,-8.5,-8.3848,12,LT,Winter barley,frost_mj,-0.0563344394070697
HadGEM3-GC3-1LL,-7.5,-7.5599,19,LT,Winter barley,frost_mj,-0.0546910191287233
HadGEM3-GC3-1LL,-6.5,-6.5442,24,LT,Winter barley,frost_mj,-0.0739492701529633
HadGEM3-GC3-1LL,-5.5,-5.5797,10,LT,Winter barley,frost_mj,-0.054625621508879
HadGEM3-GC3-1LL,-4.5,-4.5263,6,LT,Winter barley,frost_mj,-0.0568620899465851
HadGEM3-GC3-1LL,-3.5,-3.7835,7,LT,Winter barley,frost_mj,-0.0643659464892241
HadGEM3-GC3-1LL,-2.5,-2.4504,6,LT,Winter barley,frost_mj,-0.046538437806249
HadGEM3-GC3-1LL,-1.5,-1.3098,8,LT,Winter barley,frost_mj,-0.00657558299480114
HadGEM3-GC3-1LL,-0.5,-0.331,6,LT,Winter barley,frost_mj,-0.0191768654550629
HadGEM3-GC3-1MM,-14.5,-14.3032,4,LT,Winter barley,frost_mj,-0.139441979883262
HadGEM3-GC3-1MM,-13.5,-13.3931,8,LT,Winter barley,frost_mj,-0.154188867781738
HadGEM3-GC3-1MM,-12.5,-12.588,13,LT,Winter barley,frost_mj,-0.168419086114628
HadGEM3-GC3-1MM,-11.5,-11.5321,21,LT,Winter barley,frost_mj,-0.154050281038223
HadGEM3-GC3-1MM,-10.5,-10.4803,10,LT,Winter barley,frost_mj,-0.1328878306531
HadGEM3-GC3-1MM,-9.5,-9.6161,7,LT,Winter barley,frost_mj,-0.13184171428013
HadGEM3-GC3-1MM,-8.5,-8.6582,7,LT,Winter barley,frost_mj,-0.114327304163832
HadGEM3-GC3-1MM,-7.5,-7.6345,8,LT,Winter barley,frost_mj,-0.116955070530175
HadGEM3-GC3-1MM,-6.5,-6.4299,4,LT,Winter barley,frost_mj,-0.0524840277540912
HadGEM3-GC3-1MM,-5.5,-5.3528,4,LT,Winter barley,frost_mj,-0.0844187021459328
HadGEM3-GC3-1MM,-4.5,-4.3969,4,LT,Winter barley,frost_mj,-0.0706040647652111
IPSL-CM6A-LR,-9.5,-9.3401,5,LT,Winter barley,frost_mj,-0.0981020007021386
IPSL-CM6A-LR,-8.5,-8.4598,8,LT,Winter barley,frost_mj,-0.111646573680635
IPSL-CM6A-LR,-7.5,-7.5255,19,LT,Winter barley,frost_mj,-0.10231481452383
IPSL-CM6A-LR,-6.5,-6.5577,11,LT,Winter barley,frost_mj,-0.111056950301577
IPSL-CM6A-LR,-5.5,-5.5623,13,LT,Winter barley,frost_mj,-0.0643607232523602
IPSL-CM6A-LR,-4.5,-4.3507,11,LT,Winter barley,frost_mj,-0.0615959653422415
IPSL-CM6A-LR,-3.5,-3.4644,8,LT,Winter barley,frost_mj,-0.064674542763234
IPSL-CM6A-LR,-2.5,-2.5669,9,LT,Winter barley,frost_mj,-0.0341717081808885
IPSL-CM6A-LR,-1.5,-1.2909,6,LT,Winter barley,frost_mj,-0.0525695367782268
IPSL-CM6A-LR,-0.5,-0.6347,8,LT,Winter barley,frost_mj,0.00952695512759408
EC-Earth3,-9.5,-9.1554,4,LV,Winter barley,frost_mj,-0.0749024262353374
EC-Earth3,-8.5,-8.4726,15,LV,Winter barley,frost_mj,-0.0838887677610011
EC-Earth3,-7.5,-7.5562,20,LV,Winter barley,frost_mj,-0.0855071078615673
EC-Earth3,-6.5,-6.4767,21,LV,Winter barley,frost_mj,-0.0559788173259791
EC-Earth3,-5.5,-5.3342,8,LV,Winter barley,frost_mj,-0.054326429000089
EC-Earth3,-4.5,-4.5495,8,LV,Winter barley,frost_mj,-0.070356163653705
EC-Earth3,-3.5,-3.3459,9,LV,Winter barley,frost_mj,-0.0916621349303905
EC-Earth3,-2.5,-2.4493,5,LV,Winter barley,frost_mj,-0.0626688967065067
EC-Earth3,-1.5,-1.3807,6,LV,Winter barley,frost_mj,-0.00987143026222312
EC-Earth3,-0.5,-0.6596,3,LV,Winter barley,frost_mj,-0.0293624928672294
HadGEM3-GC3-1LL,-8.5,-8.3848,12,LV,Winter barley,frost_mj,-0.0559107284934827
HadGEM3-GC3-1LL,-7.5,-7.5599,19,LV,Winter barley,frost_mj,-0.0565342576766616
HadGEM3-GC3-1LL,-6.5,-6.5442,24,LV,Winter barley,frost_mj,-0.0761456528553286
HadGEM3-GC3-1LL,-5.5,-5.5797,10,LV,Winter barley,frost_mj,-0.0565364740065613
HadGEM3-GC3-1LL,-4.5,-4.5263,6,LV,Winter barley,frost_mj,-0.0468711347318131
HadGEM3-GC3-1LL,-3.5,-3.7835,7,LV,Winter barley,frost_mj,-0.0637003789976259
HadGEM3-GC3-1LL,-2.5,-2.4504,6,LV,Winter barley,frost_mj,-0.0363306889253207
HadGEM3-GC3-1LL,-1.5,-1.3098,8,LV,Winter barley,frost_mj,-0.0104505023682685
HadGEM3-GC3-1LL,-0.5,-0.331,6,LV,Winter barley,frost_mj,-0.0129687141784891
HadGEM3-GC3-1MM,-14.5,-14.3032,4,LV,Winter barley,frost_mj,-0.149418618710328
HadGEM3-GC3-1MM,-13.5,-13.3931,8,LV,Winter barley,frost_mj,-0.165189905153696
HadGEM3-GC3-1MM,-12.5,-12.588,13,LV,Winter barley,frost_mj,-0.180843217507256
HadGEM3-GC3-1MM,-11.5,-11.5321,21,LV,Winter barley,frost_mj,-0.165036135105365
HadGEM3-GC3-1MM,-10.5,-10.4803,10,LV,Winter barley,frost_mj,-0.143085176864219
HadGEM3-GC3-1MM,-9.5,-9.6161,7,LV,Winter barley,frost_mj,-0.139121045291924
HadGEM3-GC3-1MM,-8.5,-8.6582,7,LV,Winter barley,frost_mj,-0.121711627071839
HadGEM3-GC3-1MM,-7.5,-7.6345,8,LV,Winter barley,frost_mj,-0.127096965727194
HadGEM3-GC3-1MM,-6.5,-6.4299,4,LV,Winter barley,frost_mj,-0.0588098377966047
HadGEM3-GC3-1MM,-5.5,-5.3528,4,LV,Winter barley,frost_mj,-0.0868501509107619
HadGEM3-GC3-1MM,-4.5,-4.3969,4,LV,Winter barley,frost_mj,-0.0752985860996791
IPSL-CM6A-LR,-9.5,-9.3401,5,LV,Winter barley,frost_mj,-0.103894605854665
IPSL-CM6A-LR,-8.5,-8.4598,8,LV,Winter barley,frost_mj,-0.11760675754421
IPSL-CM6A-LR,-7.5,-7.5255,19,LV,Winter barley,frost_mj,-0.106289889206719
IPSL-CM6A-LR,-6.5,-6.5577,11,LV,Winter barley,frost_mj,-0.11411587287458
IPSL-CM6A-LR,-5.5,-5.5623,13,LV,Winter barley,frost_mj,-0.0644955056108335
IPSL-CM6A-LR,-4.5,-4.3507,11,LV,Winter barley,frost_mj,-0.0643318587135333
IPSL-CM6A-LR,-3.5,-3.4644,8,LV,Winter barley,frost_mj,-0.0661714615956359
IPSL-CM6A-LR,-2.5,-2.5669,9,LV,Winter barley,frost_mj,-0.0395343921793282
IPSL-CM6A-LR,-1.5,-1.2909,6,LV,Winter barley,frost_mj,-0.0553370906448567
IPSL-CM6A-LR,-0.5,-0.6347,8,LV,Winter barley,frost_mj,0.00883082298230983
EC-Earth3,-9.5,-9.1554,4,SE,Winter barley,frost_mj,-0.074052504143217
EC-Earth3,-8.5,-8.4726,15,SE,Winter barley,frost_mj,-0.101036295300736
EC-Earth3,-7.5,-7.5562,20,SE,Winter barley,frost_mj,-0.0820826596261972
EC-Earth3,-6.5,-6.4767,21,SE,Winter barley,frost_mj,-0.0505952202019774
EC-Earth3,-5.5,-5.3342,8,SE,Winter barley,frost_mj,-0.0508198516668095
EC-Earth3,-4.5,-4.5495,8,SE,Winter barley,frost_mj,-0.0777011960396287
EC-Earth3,-3.5,-3.3459,9,SE,Winter barley,frost_mj,-0.107111020971612
EC-Earth3,-2.5,-2.4493,5,SE,Winter barley,frost_mj,-0.0544461087195365
EC-Earth3,-1.5,-1.3807,6,SE,Winter barley,frost_mj,-0.00921602638942989
EC-Earth3,-0.5,-0.6596,3,SE,Winter barley,frost_mj,-0.0339968924374929
HadGEM3-GC3-1LL,-8.5,-8.3848,12,SE,Winter barley,frost_mj,-0.0663400991079826
HadGEM3-GC3-1LL,-7.5,-7.5599,19,SE,Winter barley,frost_mj,-0.0572283529422622
HadGEM3-GC3-1LL,-6.5,-6.5442,24,SE,Winter barley,frost_mj,-0.0864223746568155
HadGEM3-GC3-1LL,-5.5,-5.5797,10,SE,Winter barley,frost_mj,-0.0483409392411642
HadGEM3-GC3-1LL,-4.5,-4.5263,6,SE,Winter barley,frost_mj,-0.0381341078035537
HadGEM3-GC3-1LL,-3.5,-3.7835,7,SE,Winter barley,frost_mj,-0.0667243676736888
HadGEM3-GC3-1LL,-2.5,-2.4504,6,SE,Winter barley,frost_mj,-0.0374313979840301
HadGEM3-GC3-1LL,-1.5,-1.3098,8,SE,Winter barley,frost_mj,-0.00653746805260177
HadGEM3-GC3-1LL,-0.5,-0.331,6,SE,Winter barley,frost_mj,-0.0200328940196207
HadGEM3-GC3-1MM,-14.5,-14.3032,4,SE,Winter barley,frost_mj,-0.201530467709415
HadGEM3-GC3-1MM,-13.5,-13.3931,8,SE,Winter barley,frost_mj,-0.205449137691423
HadGEM3-GC3-1MM,-12.5,-12.588,13,SE,Winter barley,frost_mj,-0.221795766099061
HadGEM3-GC3-1MM,-11.5,-11.5321,21,SE,Winter barley,frost_mj,-0.195074172283467
HadGEM3-GC3-1MM,-10.5,-10.4803,10,SE,Winter barley,frost_mj,-0.172500117502431
HadGEM3-GC3-1MM,-9.5,-9.6161,7,SE,Winter barley,frost_mj,-0.15878793153716
HadGEM3-GC3-1MM,-8.5,-8.6582,7,SE,Winter barley,frost_mj,-0.146510924981459
HadGEM3-GC3-1MM,-7.5,-7.6345,8,SE,Winter barley,frost_mj,-0.125898707229232
HadGEM3-GC3-1MM,-6.5,-6.4299,4,SE,Winter barley,frost_mj,-0.0508309580044734
HadGEM3-GC3-1MM,-5.5,-5.3528,4,SE,Winter barley,frost_mj,-0.0695751601003475
HadGEM3-GC3-1MM,-4.5,-4.3969,4,SE,Winter barley,frost_mj,-0.059401991371528
IPSL-CM6A-LR,-9.5,-9.3401,5,SE,Winter barley,frost_mj,-0.139111033368848
IPSL-CM6A-LR,-8.5,-8.4598,8,SE,Winter barley,frost_mj,-0.166253072611505
IPSL-CM6A-LR,-7.5,-7.5255,19,SE,Winter barley,frost_mj,-0.136551269683081
IPSL-CM6A-LR,-6.5,-6.5577,11,SE,Winter barley,frost_mj,-0.1509482779884
IPSL-CM6A-LR,-5.5,-5.5623,13,SE,Winter barley,frost_mj,-0.0811384015123161
IPSL-CM6A-LR,-4.5,-4.3507,11,SE,Winter barley,frost_mj,-0.0690243465148788
IPSL-CM6A-LR,-3.5,-3.4644,8,SE,Winter barley,frost_mj,-0.0687197128478334
IPSL-CM6A-LR,-2.5,-2.5669,9,SE,Winter barley,frost_mj,-0.0348620362862275
IPSL-CM6A-LR,-1.5,-1.2909,6,SE,Winter barley,frost_mj,-0.0610628996996836
IPSL-CM6A-LR,-0.5,-0.6347,8,SE,Winter barley,frost_mj,0.00218925724025287
EC-Earth3,-9.5,-9.1554,4,SK,Winter barley,frost_mj,-0.0502155918051053
EC-Earth3,-8.5,-8.4726,15,SK,Winter barley,frost_mj,-0.0850212922889683
EC-Earth3,-7.5,-7.5562,20,SK,Winter barley,frost_mj,-0.067514749985423
EC-Earth3,-6.5,-6.4767,21,SK,Winter barley,frost_mj,-0.0428390761425247
EC-Earth3,-5.5,-5.3342,8,SK,Winter barley,frost_mj,-0.0466648734265036
EC-Earth3,-4.5,-4.5495,8,SK,Winter barley,frost_mj,-0.0297367756568667
EC-Earth3,-3.5,-3.3459,9,SK,Winter barley,frost_mj,-0.0470086782047938
EC-Earth3,-2.5,-2.4493,5,SK,Winter barley,frost_mj,-0.0361958282702163
EC-Earth3,-1.5,-1.3807,6,SK,Winter barley,frost_mj,-0.00138245528463431
EC-Earth3,-0.5,-0.6596,3,SK,Winter barley,frost_mj,-0.0133415738396148
HadGEM3-GC3-1LL,-8.5,-8.3848,12,SK,Winter barley,frost_mj,-0.0551961610065322
HadGEM3-GC3-1LL,-7.5,-7.5599,19,SK,Winter barley,frost_mj,-0.0436431765939518
HadGEM3-GC3-1LL,-6.5,-6.5442,24,SK,Winter barley,frost_mj,-0.0562961048117825
HadGEM3-GC3-1LL,-5.5,-5.5797,10,SK,Winter barley,frost_mj,-0.0316726183293531
HadGEM3-GC3-1LL,-4.5,-4.5263,6,SK,Winter barley,frost_mj,-0.053940077691216
HadGEM3-GC3-1LL,-3.5,-3.7835,7,SK,Winter barley,frost_mj,-0.042591442043338
HadGEM3-GC3-1LL,-2.5,-2.4504,6,SK,Winter barley,frost_mj,-0.0441577407110081
HadGEM3-GC3-1LL,-1.5,-1.3098,8,SK,Winter barley,frost_mj,0.0103313498748457
HadGEM3-GC3-1LL,-0.5,-0.331,6,SK,Winter barley,frost_mj,-0.0173317220949743
HadGEM3-GC3-1MM,-14.5,-14.3032,4,SK,Winter barley,frost_mj,-0.0976867654512674
HadGEM3-GC3-1MM,-13.5,-13.3931,8,SK,Winter barley,frost_mj,-0.100988150995038
HadGEM3-GC3-1MM,-12.5,-12.588,13,SK,Winter barley,frost_mj,-0.114697848011707
HadGEM3-GC3-1MM,-11.5,-11.5321,21,SK,Winter barley,frost_mj,-0.104893870011992
HadGEM3-GC3-1MM,-10.5,-10.4803,10,SK,Winter barley,frost_mj,-0.0922410228114528
HadGEM3-GC3-1MM,-9.5,-9.6161,7,SK,Winter barley,frost_mj,-0.061764593464306
HadGEM3-GC3-1MM,-8.5,-8.6582,7,SK,Winter barley,frost_mj,-0.06112913719428
HadGEM3-GC3-1MM,-7.5,-7.6345,8,SK,Winter barley,frost_mj,-0.0681269510916576
HadGEM3-GC3-1MM,-6.5,-6.4299,4,SK,Winter barley,frost_mj,-0.0265240830444743
HadGEM3-GC3-1MM,-5.5,-5.3528,4,SK,Winter barley,frost_mj,-0.0559165352900637
HadGEM3-GC3-1MM,-4.5,-4.3969,4,SK,Winter barley,frost_mj,-0.0264012464237122
IPSL-CM6A-LR,-9.5,-9.3401,5,SK,Winter barley,frost_mj,-0.0701083155461661
IPSL-CM6A-LR,-8.5,-8.4598,8,SK,Winter barley,frost_mj,-0.061385338546587
IPSL-CM6A-LR,-7.5,-7.5255,19,SK,Winter barley,frost_mj,-0.0481352769647558
IPSL-CM6A-LR,-6.5,-6.5577,11,SK,Winter barley,frost_mj,-0.0612235462349118
IPSL-CM6A-LR,-5.5,-5.5623,13,SK,Winter barley,frost_mj,-0.0282165041017049
IPSL-CM6A-LR,-4.5,-4.3507,11,SK,Winter barley,frost_mj,-0.0328187597912366
IPSL-CM6A-LR,-3.5,-3.4644,8,SK,Winter barley,frost_mj,-0.0230127310081181
IPSL-CM6A-LR,-2.5,-2.5669,9,SK,Winter barley,frost_mj,-0.00510521107995289
IPSL-CM6A-LR,-1.5,-1.2909,6,SK,Winter barley,frost_mj,-0.0358954664536505
IPSL-CM6A-LR,-0.5,-0.6347,8,SK,Winter barley,frost_mj,0.0100566484767005
EC-Earth3,-9.5,-9.1554,4,CZ,Soft wheat,precip_mj,0.00557106632979014
EC-Earth3,-8.5,-8.4726,15,CZ,Soft wheat,precip_mj,-0.0329341963701477
EC-Earth3,-7.5,-7.5562,20,CZ,Soft wheat,precip_mj,-0.0280273331521357
EC-Earth3,-6.5,-6.4767,21,CZ,Soft wheat,precip_mj,-0.0459812556576016
EC-Earth3,-5.5,-5.3342,8,CZ,Soft wheat,precip_mj,-0.0171221932138887
EC-Earth3,-4.5,-4.5495,8,CZ,Soft wheat,precip_mj,-0.0231823128034993
EC-Earth3,-3.5,-3.3459,9,CZ,Soft wheat,precip_mj,-0.0681081208556113
EC-Earth3,-2.5,-2.4493,5,CZ,Soft wheat,precip_mj,-0.00289278925475028
EC-Earth3,-1.5,-1.3807,6,CZ,Soft wheat,precip_mj,0.0140525026773674
EC-Earth3,-0.5,-0.6596,3,CZ,Soft wheat,precip_mj,-0.0412317252732684
HadGEM3-GC3-1LL,-8.5,-8.3848,12,CZ,Soft wheat,precip_mj,-0.0603746692936799
HadGEM3-GC3-1LL,-7.5,-7.5599,19,CZ,Soft wheat,precip_mj,-0.0531794259558772
HadGEM3-GC3-1LL,-6.5,-6.5442,24,CZ,Soft wheat,precip_mj,-0.00264046300422384
HadGEM3-GC3-1LL,-5.5,-5.5797,10,CZ,Soft wheat,precip_mj,-0.0121185319972619
HadGEM3-GC3-1LL,-4.5,-4.5263,6,CZ,Soft wheat,precip_mj,-0.0445965810953872
HadGEM3-GC3-1LL,-3.5,-3.7835,7,CZ,Soft wheat,precip_mj,-0.0106535315298092
HadGEM3-GC3-1LL,-2.5,-2.4504,6,CZ,Soft wheat,precip_mj,-0.0208629815763531
HadGEM3-GC3-1LL,-1.5,-1.3098,8,CZ,Soft wheat,precip_mj,-0.00504161692849529
HadGEM3-GC3-1LL,-0.5,-0.331,6,CZ,Soft wheat,precip_mj,0.0347236465850628
HadGEM3-GC3-1MM,-14.5,-14.3032,4,CZ,Soft wheat,precip_mj,-0.0610182337989262
HadGEM3-GC3-1MM,-13.5,-13.3931,8,CZ,Soft wheat,precip_mj,-0.0825647025205472
HadGEM3-GC3-1MM,-12.5,-12.588,13,CZ,Soft wheat,precip_mj,-0.0922421326913776
HadGEM3-GC3-1MM,-11.5,-11.5321,21,CZ,Soft wheat,precip_mj,-0.0648207827815981
HadGEM3-GC3-1MM,-10.5,-10.4803,10,CZ,Soft wheat,precip_mj,-0.0772346373616609
HadGEM3-GC3-1MM,-9.5,-9.6161,7,CZ,Soft wheat,precip_mj,-0.0906453655602779
HadGEM3-GC3-1MM,-8.5,-8.6582,7,CZ,Soft wheat,precip_mj,-0.0364007286536681
HadGEM3-GC3-1MM,-7.5,-7.6345,8,CZ,Soft wheat,precip_mj,-0.0512693103405004
HadGEM3-GC3-1MM,-6.5,-6.4299,4,CZ,Soft wheat,precip_mj,-0.0672779086526662
HadGEM3-GC3-1MM,-5.5,-5.3528,4,CZ,Soft wheat,precip_mj,-0.0708237691095342
HadGEM3-GC3-1MM,-4.5,-4.3969,4,CZ,Soft wheat,precip_mj,-0.0439429716087831
IPSL-CM6A-LR,-9.5,-9.3401,5,CZ,Soft wheat,precip_mj,-0.0352716020773515
IPSL-CM6A-LR,-8.5,-8.4598,8,CZ,Soft wheat,precip_mj,-0.0446847152353812
IPSL-CM6A-LR,-7.5,-7.5255,19,CZ,Soft wheat,precip_mj,-0.0425170762364856
IPSL-CM6A-LR,-6.5,-6.5577,11,CZ,Soft wheat,precip_mj,-0.0528468457939466
IPSL-CM6A-LR,-5.5,-5.5623,13,CZ,Soft wheat,precip_mj,-0.0279330006003832
IPSL-CM6A-LR,-4.5,-4.3507,11,CZ,Soft wheat,precip_mj,-0.0217774435474784
IPSL-CM6A-LR,-3.5,-3.4644,8,CZ,Soft wheat,precip_mj,0.000847250539213447
IPSL-CM6A-LR,-2.5,-2.5669,9,CZ,Soft wheat,precip_mj,-0.0388337763895297
IPSL-CM6A-LR,-1.5,-1.2909,6,CZ,Soft wheat,precip_mj,-0.0293096695868261
IPSL-CM6A-LR,-0.5,-0.6347,8,CZ,Soft wheat,precip_mj,0.011819262383653
EC-Earth3,-9.5,-9.1554,4,DE,Soft wheat,precip_mj,-0.00379567378282696
EC-Earth3,-8.5,-8.4726,15,DE,Soft wheat,precip_mj,-0.051483840163357
EC-Earth3,-7.5,-7.5562,20,DE,Soft wheat,precip_mj,-0.045779859740186
EC-Earth3,-6.5,-6.4767,21,DE,Soft wheat,precip_mj,-0.0477475835916296
EC-Earth3,-5.5,-5.3342,8,DE,Soft wheat,precip_mj,-0.0182133472395284
EC-Earth3,-4.5,-4.5495,8,DE,Soft wheat,precip_mj,-0.0378923896533958
EC-Earth3,-3.5,-3.3459,9,DE,Soft wheat,precip_mj,-0.0501601214043281
EC-Earth3,-2.5,-2.4493,5,DE,Soft wheat,precip_mj,-0.0396705114975496
EC-Earth3,-1.5,-1.3807,6,DE,Soft wheat,precip_mj,-0.01052846800144
EC-Earth3,-0.5,-0.6596,3,DE,Soft wheat,precip_mj,-0.00700078518735412
HadGEM3-GC3-1LL,-8.5,-8.3848,12,DE,Soft wheat,precip_mj,-0.0594030054957782
HadGEM3-GC3-1LL,-7.5,-7.5599,19,DE,Soft wheat,precip_mj,-0.0338637409362858
HadGEM3-GC3-1LL,-6.5,-6.5442,24,DE,Soft wheat,precip_mj,-0.0284820144346637
HadGEM3-GC3-1LL,-5.5,-5.5797,10,DE,Soft wheat,precip_mj,-0.032721194165251
HadGEM3-GC3-1LL,-4.5,-4.5263,6,DE,Soft wheat,precip_mj,-0.0574205027734767
HadGEM3-GC3-1LL,-3.5,-3.7835,7,DE,Soft wheat,precip_mj,-0.015116865406847
HadGEM3-GC3-1LL,-2.5,-2.4504,6,DE,Soft wheat,precip_mj,-0.0496684455212073
HadGEM3-GC3-1LL,-1.5,-1.3098,8,DE,Soft wheat,precip_mj,0.0100966484658854
HadGEM3-GC3-1LL,-0.5,-0.331,6,DE,Soft wheat,precip_mj,-0.0142667214919244
HadGEM3-GC3-1MM,-14.5,-14.3032,4,DE,Soft wheat,precip_mj,-0.047836803194519
HadGEM3-GC3-1MM,-13.5,-13.3931,8,DE,Soft wheat,precip_mj,-0.0611596496568747
HadGEM3-GC3-1MM,-12.5,-12.588,13,DE,Soft wheat,precip_mj,-0.0947458364699212
HadGEM3-GC3-1MM,-11.5,-11.5321,21,DE,Soft wheat,precip_mj,-0.0817017783416341
HadGEM3-GC3-1MM,-10.5,-10.4803,10,DE,Soft wheat,precip_mj,-0.0700477200566999
HadGEM3-GC3-1MM,-9.5,-9.6161,7,DE,Soft wheat,precip_mj,-0.0639178144382381
HadGEM3-GC3-1MM,-8.5,-8.6582,7,DE,Soft wheat,precip_mj,-0.0547174886231543
HadGEM3-GC3-1MM,-7.5,-7.6345,8,DE,Soft wheat,precip_mj,-0.0227805356007551
HadGEM3-GC3-1MM,-6.5,-6.4299,4,DE,Soft wheat,precip_mj,-0.0215176107601404
HadGEM3-GC3-1MM,-5.5,-5.3528,4,DE,Soft wheat,precip_mj,-0.0376564159850307
HadGEM3-GC3-1MM,-4.5,-4.3969,4,DE,Soft wheat,precip_mj,-0.0452627969526462
IPSL-CM6A-LR,-9.5,-9.3401,5,DE,Soft wheat,precip_mj,-0.0552508462859466
IPSL-CM6A-LR,-8.5,-8.4598,8,DE,Soft wheat,precip_mj,-0.0431985344572794
IPSL-CM6A-LR,-7.5,-7.5255,19,DE,Soft wheat,precip_mj,-0.045758227348387
IPSL-CM6A-LR,-6.5,-6.5577,11,DE,Soft wheat,precip_mj,-0.0593823066450847
IPSL-CM6A-LR,-5.5,-5.5623,13,DE,Soft wheat,precip_mj,-0.0456457723992021
IPSL-CM6A-LR,-4.5,-4.3507,11,DE,Soft wheat,precip_mj,-0.018237322881383
IPSL-CM6A-LR,-3.5,-3.4644,8,DE,Soft wheat,precip_mj,-0.00821489596393416
IPSL-CM6A-LR,-2.5,-2.5669,9,DE,Soft wheat,precip_mj,-0.0429639128947305
IPSL-CM6A-LR,-1.5,-1.2909,6,DE,Soft wheat,precip_mj,0.00575231738189361
IPSL-CM6A-LR,-0.5,-0.6347,8,DE,Soft wheat,precip_mj,-0.00309650488992942
EC-Earth3,-9.5,-9.1554,4,DK,Soft wheat,precip_mj,0.00480085227272444
EC-Earth3,-8.5,-8.4726,15,DK,Soft wheat,precip_mj,-0.0363082923496952
EC-Earth3,-7.5,-7.5562,20,DK,Soft wheat,precip_mj,-0.0294630723135655
EC-Earth3,-6.5,-6.4767,21,DK,Soft wheat,precip_mj,-0.0251111421223445
EC-Earth3,-5.5,-5.3342,8,DK,Soft wheat,precip_mj,-0.00554142870292821
EC-Earth3,-4.5,-4.5495,8,DK,Soft wheat,precip_mj,-0.0200389105659396
EC-Earth3,-3.5,-3.3459,9,DK,Soft wheat,precip_mj,-0.033070107934392
EC-Earth3,-2.5,-2.4493,5,DK,Soft wheat,precip_mj,-0.0127073891076274
EC-Earth3,-1.5,-1.3807,6,DK,Soft wheat,precip_mj,-0.00199253990820242
EC-Earth3,-0.5,-0.6596,3,DK,Soft wheat,precip_mj,0.0566485425534766
HadGEM3-GC3-1LL,-8.5,-8.3848,12,DK,Soft wheat,precip_mj,-0.0449636229842733
HadGEM3-GC3-1LL,-7.5,-7.5599,19,DK,Soft wheat,precip_mj,-0.0214303004266567
HadGEM3-GC3-1LL,-6.5,-6.5442,24,DK,Soft wheat,precip_mj,-0.0300587009786348
HadGEM3-GC3-1LL,-5.5,-5.5797,10,DK,Soft wheat,precip_mj,-0.0165763136100757
HadGEM3-GC3-1LL,-4.5,-4.5263,6,DK,Soft wheat,precip_mj,-0.0329329551489204
HadGEM3-GC3-1LL,-3.5,-3.7835,7,DK,Soft wheat,precip_mj,-0.0202323870347099
HadGEM3-GC3-1LL,-2.5,-2.4504,6,DK,Soft wheat,precip_mj,-0.049139305962465
HadGEM3-GC3-1LL,-1.5,-1.3098,8,DK,Soft wheat,precip_mj,0.0172345223131557
HadGEM3-GC3-1LL,-0.5,-0.331,6,DK,Soft wheat,precip_mj,-0.0180795845641985
HadGEM3-GC3-1MM,-14.5,-14.3032,4,DK,Soft wheat,precip_mj,-0.0433817455089286
HadGEM3-GC3-1MM,-13.5,-13.3931,8,DK,Soft wheat,precip_mj,-0.0829371981601611
HadGEM3-GC3-1MM,-12.5,-12.588,13,DK,Soft wheat,precip_mj,-0.0733196727610917
HadGEM3-GC3-1MM,-11.5,-11.5321,21,DK,Soft wheat,precip_mj,-0.068513080925674
HadGEM3-GC3-1MM,-10.5,-10.4803,10,DK,Soft wheat,precip_mj,-0.0464512532579104
HadGEM3-GC3-1MM,-9.5,-9.6161,7,DK,Soft wheat,precip_mj,-0.0364432912202445
HadGEM3-GC3-1MM,-8.5,-8.6582,7,DK,Soft wheat,precip_mj,-0.0561741996815128
HadGEM3-GC3-1MM,-7.5,-7.6345,8,DK,Soft wheat,precip_mj,-0.00121059116462886
HadGEM3-GC3-1MM,-6.5,-6.4299,4,DK,Soft wheat,precip_mj,-0.0173477199844139
HadGEM3-GC3-1MM,-5.5,-5.3528,4,DK,Soft wheat,precip_mj,-0.0140756844423197
HadGEM3-GC3-1MM,-4.5,-4.3969,4,DK,Soft wheat,precip_mj,-0.043106098103611
IPSL-CM6A-LR,-9.5,-9.3401,5,DK,Soft wheat,precip_mj,-0.0376235754847103
IPSL-CM6A-LR,-8.5,-8.4598,8,DK,Soft wheat,precip_mj,0.00598057367418239
IPSL-CM6A-LR,-7.5,-7.5255,19,DK,Soft wheat,precip_mj,-0.0386704600892877
IPSL-CM6A-LR,-6.5,-6.5577,11,DK,Soft wheat,precip_mj,-0.0369373929692756
IPSL-CM6A-LR,-5.5,-5.5623,13,DK,Soft wheat,precip_mj,-0.0320845981597957
IPSL-CM6A-LR,-4.5,-4.3507,11,DK,Soft wheat,precip_mj,0.0194460315755834
IPSL-CM6A-LR,-3.5,-3.4644,8,DK,Soft wheat,precip_mj,0.0205132630011859
IPSL-CM6A-LR,-2.5,-2.5669,9,DK,Soft wheat,precip_mj,-0.0222466359066027
IPSL-CM6A-LR,-1.5,-1.2909,6,DK,Soft wheat,precip_mj,-0.00346870715756964
IPSL-CM6A-LR,-0.5,-0.6347,8,DK,Soft wheat,precip_mj,0.0292313317817273
EC-Earth3,-9.5,-9.1554,4,EE,Soft wheat,precip_mj,-0.0494454017870786
EC-Earth3,-8.5,-8.4726,15,EE,Soft wheat,precip_mj,-0.0531025025198248
EC-Earth3,-7.5,-7.5562,20,EE,Soft wheat,precip_mj,-0.0309884354209566
EC-Earth3,-6.5,-6.4767,21,EE,Soft wheat,precip_mj,-0.017703529148078
EC-Earth3,-5.5,-5.3342,8,EE,Soft wheat,precip_mj,-0.038383424394123
EC-Earth3,-4.5,-4.5495,8,EE,Soft wheat,precip_mj,-0.0128451209054975
EC-Earth3,-3.5,-3.3459,9,EE,Soft wheat,precip_mj,-0.0214101637590124
EC-Earth3,-2.5,-2.4493,5,EE,Soft wheat,precip_mj,-0.00689691914003454
EC-Earth3,-1.5,-1.3807,6,EE,Soft wheat,precip_mj,-0.00640375892252531
EC-Earth3,-0.5,-0.6596,3,EE,Soft wheat,precip_mj,-0.0169406584555576
HadGEM3-GC3-1LL,-8.5,-8.3848,12,EE,Soft wheat,precip_mj,-0.035254165574403
HadGEM3-GC3-1LL,-7.5,-7.5599,19,EE,Soft wheat,precip_mj,-0.0154987166938136
HadGEM3-GC3-1LL,-6.5,-6.5442,24,EE,Soft wheat,precip_mj,-0.0407503760111477
HadGEM3-GC3-1LL,-5.5,-5.5797,10,EE,Soft wheat,precip_mj,-0.0331350597718233
HadGEM3-GC3-1LL,-4.5,-4.5263,6,EE,Soft wheat,precip_mj,-0.0264658272496043
HadGEM3-GC3-1LL,-3.5,-3.7835,7,EE,Soft wheat,precip_mj,-0.0152748560188399
HadGEM3-GC3-1LL,-2.5,-2.4504,6,EE,Soft wheat,precip_mj,0.0130648355140593
HadGEM3-GC3-1LL,-1.5,-1.3098,8,EE,Soft wheat,precip_mj,0.0140575940094621
HadGEM3-GC3-1LL,-0.5,-0.331,6,EE,Soft wheat,precip_mj,0.00733733698714758
HadGEM3-GC3-1MM,-14.5,-14.3032,4,EE,Soft wheat,precip_mj,-0.0545976372035964
HadGEM3-GC3-1MM,-13.5,-13.3931,8,EE,Soft wheat,precip_mj,-0.0566249561710865
HadGEM3-GC3-1MM,-12.5,-12.588,13,EE,Soft wheat,precip_mj,-0.058877741336085
HadGEM3-GC3-1MM,-11.5,-11.5321,21,EE,Soft wheat,precip_mj,-0.0527843751827513
HadGEM3-GC3-1MM,-10.5,-10.4803,10,EE,Soft wheat,precip_mj,-0.0121521923807064
HadGEM3-GC3-1MM,-9.5,-9.6161,7,EE,Soft wheat,precip_mj,-0.0627573069576867
HadGEM3-GC3-1MM,-8.5,-8.6582,7,EE,Soft wheat,precip_mj,-0.0290274388904024
HadGEM3-GC3-1MM,-7.5,-7.6345,8,EE,Soft wheat,precip_mj,0.00787920016100228
HadGEM3-GC3-1MM,-6.5,-6.4299,4,EE,Soft wheat,precip_mj,-0.00433001338288932
HadGEM3-GC3-1MM,-5.5,-5.3528,4,EE,Soft wheat,precip_mj,0.00125532279049205
HadGEM3-GC3-1MM,-4.5,-4.3969,4,EE,Soft wheat,precip_mj,0.00165385437926671
IPSL-CM6A-LR,-9.5,-9.3401,5,EE,Soft wheat,precip_mj,-0.0417062603886894
IPSL-CM6A-LR,-8.5,-8.4598,8,EE,Soft wheat,precip_mj,-0.0339556901019739
IPSL-CM6A-LR,-7.5,-7.5255,19,EE,Soft wheat,precip_mj,-0.051397622679797
IPSL-CM6A-LR,-6.5,-6.5577,11,EE,Soft wheat,precip_mj,-0.0608312604016692
IPSL-CM6A-LR,-5.5,-5.5623,13,EE,Soft wheat,precip_mj,-0.00792920240365302
IPSL-CM6A-LR,-4.5,-4.3507,11,EE,Soft wheat,precip_mj,0.00911320796278422
IPSL-CM6A-LR,-3.5,-3.4644,8,EE,Soft wheat,precip_mj,-0.018042445876959
IPSL-CM6A-LR,-2.5,-2.5669,9,EE,Soft wheat,precip_mj,-0.0029821358126987
IPSL-CM6A-LR,-1.5,-1.2909,6,EE,Soft wheat,precip_mj,-0.0236180873031947
IPSL-CM6A-LR,-0.5,-0.6347,8,EE,Soft wheat,precip_mj,0.00550149299547741
EC-Earth3,-9.5,-9.1554,4,EL,Soft wheat,precip_mj,-0.00791265221224136
EC-Earth3,-8.5,-8.4726,15,EL,Soft wheat,precip_mj,0.00291148402904173
EC-Earth3,-7.5,-7.5562,20,EL,Soft wheat,precip_mj,-0.00976517032373103
EC-Earth3,-6.5,-6.4767,21,EL,Soft wheat,precip_mj,0.00169586952928936
EC-Earth3,-5.5,-5.3342,8,EL,Soft wheat,precip_mj,-0.00270192507018709
EC-Earth3,-4.5,-4.5495,8,EL,Soft wheat,precip_mj,-0.00686172410981996
EC-Earth3,-3.5,-3.3459,9,EL,Soft wheat,precip_mj,-0.0062479907042407
EC-Earth3,-2.5,-2.4493,5,EL,Soft wheat,precip_mj,-0.0198472747186039
EC-Earth3,-1.5,-1.3807,6,EL,Soft wheat,precip_mj,0.000921817783398409
EC-Earth3,-0.5,-0.6596,3,EL,Soft wheat,precip_mj,-0.027910323778755
HadGEM3-GC3-1LL,-8.5,-8.3848,12,EL,Soft wheat,precip_mj,-0.00547293817900301
HadGEM3-GC3-1LL,-7.5,-7.5599,19,EL,Soft wheat,precip_mj,-0.014982862352052
HadGEM3-GC3-1LL,-6.5,-6.5442,24,EL,Soft wheat,precip_mj,0.00226008578536572
HadGEM3-GC3-1LL,-5.5,-5.5797,10,EL,Soft wheat,precip_mj,-0.00619329571866048
HadGEM3-GC3-1LL,-4.5,-4.5263,6,EL,Soft wheat,precip_mj,-0.0131589113716172
HadGEM3-GC3-1LL,-3.5,-3.7835,7,EL,Soft wheat,precip_mj,-0.00568578650813091
HadGEM3-GC3-1LL,-2.5,-2.4504,6,EL,Soft wheat,precip_mj,-0.00210984682640158
HadGEM3-GC3-1LL,-1.5,-1.3098,8,EL,Soft wheat,precip_mj,-0.00442314068381998
HadGEM3-GC3-1LL,-0.5,-0.331,6,EL,Soft wheat,precip_mj,-0.00713261675258224
HadGEM3-GC3-1MM,-14.5,-14.3032,4,EL,Soft wheat,precip_mj,-0.0245644004668061
HadGEM3-GC3-1MM,-13.5,-13.3931,8,EL,Soft wheat,precip_mj,-0.034658752365782
HadGEM3-GC3-1MM,-12.5,-12.588,13,EL,Soft wheat,precip_mj,-0.0347039599575657
HadGEM3-GC3-1MM,-11.5,-11.5321,21,EL,Soft wheat,precip_mj,-0.0391133813220699
HadGEM3-GC3-1MM,-10.5,-10.4803,10,EL,Soft wheat,precip_mj,-0.055384312680657
HadGEM3-GC3-1MM,-9.5,-9.6161,7,EL,Soft wheat,precip_mj,-0.0678104265091527
HadGEM3-GC3-1MM,-8.5,-8.6582,7,EL,Soft wheat,precip_mj,-0.0331246281896853
HadGEM3-GC3-1MM,-7.5,-7.6345,8,EL,Soft wheat,precip_mj,-0.0297125394611512
HadGEM3-GC3-1MM,-6.5,-6.4299,4,EL,Soft wheat,precip_mj,-0.0101022760730244
HadGEM3-GC3-1MM,-5.5,-5.3528,4,EL,Soft wheat,precip_mj,-0.0311337880946295
HadGEM3-GC3-1MM,-4.5,-4.3969,4,EL,Soft wheat,precip_mj,0.000870344350985458
IPSL-CM6A-LR,-9.5,-9.3401,5,EL,Soft wheat,precip_mj,-0.0138264318967112
IPSL-CM6A-LR,-8.5,-8.4598,8,EL,Soft wheat,precip_mj,-0.0403643003538214
IPSL-CM6A-LR,-7.5,-7.5255,19,EL,Soft wheat,precip_mj,-0.0340165291484912
IPSL-CM6A-LR,-6.5,-6.5577,11,EL,Soft wheat,precip_mj,-0.0254113895230308
IPSL-CM6A-LR,-5.5,-5.5623,13,EL,Soft wheat,precip_mj,-0.0230397931575007
IPSL-CM6A-LR,-4.5,-4.3507,11,EL,Soft wheat,precip_mj,-0.00177433342087489
IPSL-CM6A-LR,-3.5,-3.4644,8,EL,Soft wheat,precip_mj,-0.0306035107958173
IPSL-CM6A-LR,-2.5,-2.5669,9,EL,Soft wheat,precip_mj,-0.0303767450572994
IPSL-CM6A-LR,-1.5,-1.2909,6,EL,Soft wheat,precip_mj,0.00298767649925972
IPSL-CM6A-LR,-0.5,-0.6347,8,EL,Soft wheat,precip_mj,-0.044807317022413
EC-Earth3,-9.5,-9.1554,4,ES,Soft wheat,precip_mj,-0.0393033823295936
EC-Earth3,-8.5,-8.4726,15,ES,Soft wheat,precip_mj,-0.0253743629948701
EC-Earth3,-7.5,-7.5562,20,ES,Soft wheat,precip_mj,-0.028005167595556
EC-Earth3,-6.5,-6.4767,21,ES,Soft wheat,precip_mj,-0.0472574000136467
EC-Earth3,-5.5,-5.3342,8,ES,Soft wheat,precip_mj,-0.0626668750187454
EC-Earth3,-4.5,-4.5495,8,ES,Soft wheat,precip_mj,-0.0565943526887849
EC-Earth3,-3.5,-3.3459,9,ES,Soft wheat,precip_mj,0.00793274729161913
EC-Earth3,-2.5,-2.4493,5,ES,Soft wheat,precip_mj,-0.0402365486269504
EC-Earth3,-1.5,-1.3807,6,ES,Soft wheat,precip_mj,-0.0153352057945989
EC-Earth3,-0.5,-0.6596,3,ES,Soft wheat,precip_mj,-0.0385877841907599
HadGEM3-GC3-1LL,-8.5,-8.3848,12,ES,Soft wheat,precip_mj,-0.0246751954222234
HadGEM3-GC3-1LL,-7.5,-7.5599,19,ES,Soft wheat,precip_mj,-0.0174171790119031
HadGEM3-GC3-1LL,-6.5,-6.5442,24,ES,Soft wheat,precip_mj,-0.0163139360707541
HadGEM3-GC3-1LL,-5.5,-5.5797,10,ES,Soft wheat,precip_mj,-0.0101820831192868
HadGEM3-GC3-1LL,-4.5,-4.5263,6,ES,Soft wheat,precip_mj,-0.0497123395358717
HadGEM3-GC3-1LL,-3.5,-3.7835,7,ES,Soft wheat,precip_mj,-0.0121198372161128
HadGEM3-GC3-1LL,-2.5,-2.4504,6,ES,Soft wheat,precip_mj,-0.027054159989546
HadGEM3-GC3-1LL,-1.5,-1.3098,8,ES,Soft wheat,precip_mj,-0.022971438638624
HadGEM3-GC3-1LL,-0.5,-0.331,6,ES,Soft wheat,precip_mj,-0.0307594318789254
HadGEM3-GC3-1MM,-14.5,-14.3032,4,ES,Soft wheat,precip_mj,-0.0462122621235164
HadGEM3-GC3-1MM,-13.5,-13.3931,8,ES,Soft wheat,precip_mj,-0.0240799718041072
HadGEM3-GC3-1MM,-12.5,-12.588,13,ES,Soft wheat,precip_mj,-0.0449152814470019
HadGEM3-GC3-1MM,-11.5,-11.5321,21,ES,Soft wheat,precip_mj,-0.0618432973173308
HadGEM3-GC3-1MM,-10.5,-10.4803,10,ES,Soft wheat,precip_mj,-0.0636718019954877
HadGEM3-GC3-1MM,-9.5,-9.6161,7,ES,Soft wheat,precip_mj,-0.0346713365512806
HadGEM3-GC3-1MM,-8.5,-8.6582,7,ES,Soft wheat,precip_mj,-0.0269187181140866
HadGEM3-GC3-1MM,-7.5,-7.6345,8,ES,Soft wheat,precip_mj,-0.0638518848624784
HadGEM3-GC3-1MM,-6.5,-6.4299,4,ES,Soft wheat,precip_mj,-0.0505090691922103
HadGEM3-GC3-1MM,-5.5,-5.3528,4,ES,Soft wheat,precip_mj,-0.0246732631840962
HadGEM3-GC3-1MM,-4.5,-4.3969,4,ES,Soft wheat,precip_mj,0.0369740847201129
IPSL-CM6A-LR,-9.5,-9.3401,5,ES,Soft wheat,precip_mj,-0.0287284077363436
IPSL-CM6A-LR,-8.5,-8.4598,8,ES,Soft wheat,precip_mj,-0.0505128356496869
IPSL-CM6A-LR,-7.5,-7.5255,19,ES,Soft wheat,precip_mj,-0.0462322043791854
IPSL-CM6A-LR,-6.5,-6.5577,11,ES,Soft wheat,precip_mj,-0.0430310368426892
IPSL-CM6A-LR,-5.5,-5.5623,13,ES,Soft wheat,precip_mj,-0.0391835723812729
IPSL-CM6A-LR,-4.5,-4.3507,11,ES,Soft wheat,precip_mj,-0.033445091040743
IPSL-CM6A-LR,-3.5,-3.4644,8,ES,Soft wheat,precip_mj,-0.0448341248198234
IPSL-CM6A-LR,-2.5,-2.5669,9,ES,Soft wheat,precip_mj,0.00854641008759245
IPSL-CM6A-LR,-1.5,-1.2909,6,ES,Soft wheat,precip_mj,-0.0199547215412421
IPSL-CM6A-LR,-0.5,-0.6347,8,ES,Soft wheat,precip_mj,-0.0285799815429149
EC-Earth3,-9.5,-9.1554,4,FI,Soft wheat,precip_mj,-0.0175472517343125
EC-Earth3,-8.5,-8.4726,15,FI,Soft wheat,precip_mj,-0.0284218853886724
EC-Earth3,-7.5,-7.5562,20,FI,Soft wheat,precip_mj,-0.027916116819001
EC-Earth3,-6.5,-6.4767,21,FI,Soft wheat,precip_mj,-0.0153340357754158
EC-Earth3,-5.5,-5.3342,8,FI,Soft wheat,precip_mj,-0.0291625612194995
EC-Earth3,-4.5,-4.5495,8,FI,Soft wheat,precip_mj,-0.0124261251750567
EC-Earth3,-3.5,-3.3459,9,FI,Soft wheat,precip_mj,-0.0330057746723217
EC-Earth3,-2.5,-2.4493,5,FI,Soft wheat,precip_mj,0.0122965114611321
EC-Earth3,-1.5,-1.3807,6,FI,Soft wheat,precip_mj,0.00167794585132175
EC-Earth3,-0.5,-0.6596,3,FI,Soft wheat,precip_mj,-0.0289174961778845
HadGEM3-GC3-1LL,-8.5,-8.3848,12,FI,Soft wheat,precip_mj,-0.0275981292419843
HadGEM3-GC3-1LL,-7.5,-7.5599,19,FI,Soft wheat,precip_mj,-0.0275140035713964
HadGEM3-GC3-1LL,-6.5,-6.5442,24,FI,Soft wheat,precip_mj,-0.034402274066397
HadGEM3-GC3-1LL,-5.5,-5.5797,10,FI,Soft wheat,precip_mj,-0.0416602916681933
HadGEM3-GC3-1LL,-4.5,-4.5263,6,FI,Soft wheat,precip_mj,-0.0145697328476011
HadGEM3-GC3-1LL,-3.5,-3.7835,7,FI,Soft wheat,precip_mj,-0.0124714247438578
HadGEM3-GC3-1LL,-2.5,-2.4504,6,FI,Soft wheat,precip_mj,-0.0130996367976262
HadGEM3-GC3-1LL,-1.5,-1.3098,8,FI,Soft wheat,precip_mj,0.00416002426022233
HadGEM3-GC3-1LL,-0.5,-0.331,6,FI,Soft wheat,precip_mj,0.00790811845986937
HadGEM3-GC3-1MM,-14.5,-14.3032,4,FI,Soft wheat,precip_mj,-0.0544048330130707
HadGEM3-GC3-1MM,-13.5,-13.3931,8,FI,Soft wheat,precip_mj,-0.067098451818935
HadGEM3-GC3-1MM,-12.5,-12.588,13,FI,Soft wheat,precip_mj,-0.0660177635615438
HadGEM3-GC3-1MM,-11.5,-11.5321,21,FI,Soft wheat,precip_mj,-0.0602966809079588
HadGEM3-GC3-1MM,-10.5,-10.4803,10,FI,Soft wheat,precip_mj,-0.0378712776198707
HadGEM3-GC3-1MM,-9.5,-9.6161,7,FI,Soft wheat,precip_mj,-0.0693400086210946
HadGEM3-GC3-1MM,-8.5,-8.6582,7,FI,Soft wheat,precip_mj,-0.0321181182791076
HadGEM3-GC3-1MM,-7.5,-7.6345,8,FI,Soft wheat,precip_mj,-0.00849606501712749
HadGEM3-GC3-1MM,-6.5,-6.4299,4,FI,Soft wheat,precip_mj,-0.00313730731186285
HadGEM3-GC3-1MM,-5.5,-5.3528,4,FI,Soft wheat,precip_mj,-0.000869642564124276
HadGEM3-GC3-1MM,-4.5,-4.3969,4,FI,Soft wheat,precip_mj,-0.0173549808791314
IPSL-CM6A-LR,-9.5,-9.3401,5,FI,Soft wheat,precip_mj,-0.0655030693235374
IPSL-CM6A-LR,-8.5,-8.4598,8,FI,Soft wheat,precip_mj,-0.0212653469384191
IPSL-CM6A-LR,-7.5,-7.5255,19,FI,Soft wheat,precip_mj,-0.041110655056229
IPSL-CM6A-LR,-6.5,-6.5577,11,FI,Soft wheat,precip_mj,-0.0440961967441913
IPSL-CM6A-LR,-5.5,-5.5623,13,FI,Soft wheat,precip_mj,-0.0194347546002765
IPSL-CM6A-LR,-4.5,-4.3507,11,FI,Soft wheat,precip_mj,-0.00560012974580211
IPSL-CM6A-LR,-3.5,-3.4644,8,FI,Soft wheat,precip_mj,-0.00584378255635975
IPSL-CM6A-LR,-2.5,-2.5669,9,FI,Soft wheat,precip_mj,-0.0201666601563582
IPSL-CM6A-LR,-1.5,-1.2909,6,FI,Soft wheat,precip_mj,-0.0107196793488711
IPSL-CM6A-LR,-0.5,-0.6347,8,FI,Soft wheat,precip_mj,0.0217276910205909
EC-Earth3,-9.5,-9.1554,4,FR,Soft wheat,precip_mj,-0.00157595184631266
EC-Earth3,-8.5,-8.4726,15,FR,Soft wheat,precip_mj,-0.0456764903100339
EC-Earth3,-7.5,-7.5562,20,FR,Soft wheat,precip_mj,-0.0335667462110618
EC-Earth3,-6.5,-6.4767,21,FR,Soft wheat,precip_mj,-0.0485996078822894
EC-Earth3,-5.5,-5.3342,8,FR,Soft wheat,precip_mj,-0.009848328489758
EC-Earth3,-4.5,-4.5495,8,FR,Soft wheat,precip_mj,-0.063624256849114
EC-Earth3,-3.5,-3.3459,9,FR,Soft wheat,precip_mj,-0.024127734287012
EC-Earth3,-2.5,-2.4493,5,FR,Soft wheat,precip_mj,-0.0426037980362507
EC-Earth3,-1.5,-1.3807,6,FR,Soft wheat,precip_mj,-0.0233670401178422
EC-Earth3,-0.5,-0.6596,3,FR,Soft wheat,precip_mj,-0.00150155264176514
HadGEM3-GC3-1LL,-8.5,-8.3848,12,FR,Soft wheat,precip_mj,-0.0522851601919121
HadGEM3-GC3-1LL,-7.5,-7.5599,19,FR,Soft wheat,precip_mj,-0.0326321512045743
HadGEM3-GC3-1LL,-6.5,-6.5442,24,FR,Soft wheat,precip_mj,-0.0373099988061422
HadGEM3-GC3-1LL,-5.5,-5.5797,10,FR,Soft wheat,precip_mj,-0.0115575432180538
HadGEM3-GC3-1LL,-4.5,-4.5263,6,FR,Soft wheat,precip_mj,-0.0817861459809903
HadGEM3-GC3-1LL,-3.5,-3.7835,7,FR,Soft wheat,precip_mj,-0.0159937771958143
HadGEM3-GC3-1LL,-2.5,-2.4504,6,FR,Soft wheat,precip_mj,-0.0769386674235153
HadGEM3-GC3-1LL,-1.5,-1.3098,8,FR,Soft wheat,precip_mj,0.00563984103575906
HadGEM3-GC3-1LL,-0.5,-0.331,6,FR,Soft wheat,precip_mj,-0.0305577577396416
HadGEM3-GC3-1MM,-14.5,-14.3032,4,FR,Soft wheat,precip_mj,-0.060952452880015
HadGEM3-GC3-1MM,-13.5,-13.3931,8,FR,Soft wheat,precip_mj,-0.0598986044721935
HadGEM3-GC3-1MM,-12.5,-12.588,13,FR,Soft wheat,precip_mj,-0.0631630581004045
HadGEM3-GC3-1MM,-11.5,-11.5321,21,FR,Soft wheat,precip_mj,-0.0908734804211951
HadGEM3-GC3-1MM,-10.5,-10.4803,10,FR,Soft wheat,precip_mj,-0.0657583919342377
HadGEM3-GC3-1MM,-9.5,-9.6161,7,FR,Soft wheat,precip_mj,-0.0299093116008982
HadGEM3-GC3-1MM,-8.5,-8.6582,7,FR,Soft wheat,precip_mj,-0.0714545904984624
HadGEM3-GC3-1MM,-7.5,-7.6345,8,FR,Soft wheat,precip_mj,-0.041242703667098
HadGEM3-GC3-1MM,-6.5,-6.4299,4,FR,Soft wheat,precip_mj,-0.0507377967844505
HadGEM3-GC3-1MM,-5.5,-5.3528,4,FR,Soft wheat,precip_mj,-0.0047283088312159
HadGEM3-GC3-1MM,-4.5,-4.3969,4,FR,Soft wheat,precip_mj,0.0107051175931766
IPSL-CM6A-LR,-9.5,-9.3401,5,FR,Soft wheat,precip_mj,-0.0428301075053548
IPSL-CM6A-LR,-8.5,-8.4598,8,FR,Soft wheat,precip_mj,-0.0349875075545027
IPSL-CM6A-LR,-7.5,-7.5255,19,FR,Soft wheat,precip_mj,-0.0469187416628012
IPSL-CM6A-LR,-6.5,-6.5577,11,FR,Soft wheat,precip_mj,-0.0583962684986731
IPSL-CM6A-LR,-5.5,-5.5623,13,FR,Soft wheat,precip_mj,-0.0364159459951509
IPSL-CM6A-LR,-4.5,-4.3507,11,FR,Soft wheat,precip_mj,-0.0236627553914534
IPSL-CM6A-LR,-3.5,-3.4644,8,FR,Soft wheat,precip_mj,-0.0264262997555276
IPSL-CM6A-LR,-2.5,-2.5669,9,FR,Soft wheat,precip_mj,-0.0372279678649828
IPSL-CM6A-LR,-1.5,-1.2909,6,FR,Soft wheat,precip_mj,0.0110045359742652
IPSL-CM6A-LR,-0.5,-0.6347,8,FR,Soft wheat,precip_mj,-0.00377200250970843
EC-Earth3,-9.5,-9.1554,4,HU,Soft wheat,precip_mj,0.00991586663245696
EC-Earth3,-8.5,-8.4726,15,HU,Soft wheat,precip_mj,0.0089730486341803
EC-Earth3,-7.5,-7.5562,20,HU,Soft wheat,precip_mj,-0.0101973812206619
EC-Earth3,-6.5,-6.4767,21,HU,Soft wheat,precip_mj,-0.030880198199592
EC-Earth3,-5.5,-5.3342,8,HU,Soft wheat,precip_mj,-0.0550332200083637
EC-Earth3,-4.5,-4.5495,8,HU,Soft wheat,precip_mj,-0.0102616935219099
EC-Earth3,-3.5,-3.3459,9,HU,Soft wheat,precip_mj,0.00387828344979701
EC-Earth3,-2.5,-2.4493,5,HU,Soft wheat,precip_mj,-0.0658404860312573
EC-Earth3,-1.5,-1.3807,6,HU,Soft wheat,precip_mj,0.0510632507693382
EC-Earth3,-0.5,-0.6596,3,HU,Soft wheat,precip_mj,-0.051880207777565
HadGEM3-GC3-1LL,-8.5,-8.3848,12,HU,Soft wheat,precip_mj,-0.0396389544433109
HadGEM3-GC3-1LL,-7.5,-7.5599,19,HU,Soft wheat,precip_mj,-0.0411623397937112
HadGEM3-GC3-1LL,-6.5,-6.5442,24,HU,Soft wheat,precip_mj,-0.00176244557313634
HadGEM3-GC3-1LL,-5.5,-5.5797,10,HU,Soft wheat,precip_mj,-0.0231602665923216
HadGEM3-GC3-1LL,-4.5,-4.5263,6,HU,Soft wheat,precip_mj,0.0211213315037808
HadGEM3-GC3-1LL,-3.5,-3.7835,7,HU,Soft wheat,precip_mj,0.00026971018885534
HadGEM3-GC3-1LL,-2.5,-2.4504,6,HU,Soft wheat,precip_mj,-0.0341240042082327
HadGEM3-GC3-1LL,-1.5,-1.3098,8,HU,Soft wheat,precip_mj,-0.0132880445799393
HadGEM3-GC3-1LL,-0.5,-0.331,6,HU,Soft wheat,precip_mj,0.014309467345366
HadGEM3-GC3-1MM,-14.5,-14.3032,4,HU,Soft wheat,precip_mj,-0.0886148213769842
HadGEM3-GC3-1MM,-13.5,-13.3931,8,HU,Soft wheat,precip_mj,-0.0590273029580181
HadGEM3-GC3-1MM,-12.5,-12.588,13,HU,Soft wheat,precip_mj,-0.0618689691845384
HadGEM3-GC3-1MM,-11.5,-11.5321,21,HU,Soft wheat,precip_mj,-0.053729300094427
HadGEM3-GC3-1MM,-10.5,-10.4803,10,HU,Soft wheat,precip_mj,-0.0598305696445113
HadGEM3-GC3-1MM,-9.5,-9.6161,7,HU,Soft wheat,precip_mj,-0.0625029109668443
HadGEM3-GC3-1MM,-8.5,-8.6582,7,HU,Soft wheat,precip_mj,-0.0492283797275033
HadGEM3-GC3-1MM,-7.5,-7.6345,8,HU,Soft wheat,precip_mj,-0.0260694920979812
HadGEM3-GC3-1MM,-6.5,-6.4299,4,HU,Soft wheat,precip_mj,-0.0363682925700344
HadGEM3-GC3-1MM,-5.5,-5.3528,4,HU,Soft wheat,precip_mj,-0.0449873913795693
HadGEM3-GC3-1MM,-4.5,-4.3969,4,HU,Soft wheat,precip_mj,0.00237326817838528
IPSL-CM6A-LR,-9.5,-9.3401,5,HU,Soft wheat,precip_mj,-0.0513462381321436
IPSL-CM6A-LR,-8.5,-8.4598,8,HU,Soft wheat,precip_mj,-0.0379541789211067
IPSL-CM6A-LR,-7.5,-7.5255,19,HU,Soft wheat,precip_mj,-0.0389250554544834
IPSL-CM6A-LR,-6.5,-6.5577,11,HU,Soft wheat,precip_mj,-0.0415441912148588
IPSL-CM6A-LR,-5.5,-5.5623,13,HU,Soft wheat,precip_mj,-0.02730435761395
IPSL-CM6A-LR,-4.5,-4.3507,11,HU,Soft wheat,precip_mj,-0.0292800317752048
IPSL-CM6A-LR,-3.5,-3.4644,8,HU,Soft wheat,precip_mj,-0.00846856163837676
IPSL-CM6A-LR,-2.5,-2.5669,9,HU,Soft wheat,precip_mj,-0.0355907938039937
IPSL-CM6A-LR,-1.5,-1.2909,6,HU,Soft wheat,precip_mj,-0.0227042834344862
IPSL-CM6A-LR,-0.5,-0.6347,8,HU,Soft wheat,precip_mj,-0.0297484705058379
EC-Earth3,-9.5,-9.1554,4,IT,Soft wheat,precip_mj,-0.0385479445411221
EC-Earth3,-8.5,-8.4726,15,IT,Soft wheat,precip_mj,-0.0440269943315154
EC-Earth3,-7.5,-7.5562,20,IT,Soft wheat,precip_mj,-0.0266140643308772
EC-Earth3,-6.5,-6.4767,21,IT,Soft wheat,precip_mj,-0.039673846867858
EC-Earth3,-5.5,-5.3342,8,IT,Soft wheat,precip_mj,-0.0664164524918137
EC-Earth3,-4.5,-4.5495,8,IT,Soft wheat,precip_mj,-0.0771911339639814
EC-Earth3,-3.5,-3.3459,9,IT,Soft wheat,precip_mj,0.0116819958894776
EC-Earth3,-2.5,-2.4493,5,IT,Soft wheat,precip_mj,-0.0759927132807041
EC-Earth3,-1.5,-1.3807,6,IT,Soft wheat,precip_mj,-0.0398928927549615
EC-Earth3,-0.5,-0.6596,3,IT,Soft wheat,precip_mj,-0.0824437586298921
HadGEM3-GC3-1LL,-8.5,-8.3848,12,IT,Soft wheat,precip_mj,-0.0336296153779991
HadGEM3-GC3-1LL,-7.5,-7.5599,19,IT,Soft wheat,precip_mj,-0.0384700065936834
HadGEM3-GC3-1LL,-6.5,-6.5442,24,IT,Soft wheat,precip_mj,8.03316532854244e-05
HadGEM3-GC3-1LL,-5.5,-5.5797,10,IT,Soft wheat,precip_mj,-0.0207328287641108
HadGEM3-GC3-1LL,-4.5,-4.5263,6,IT,Soft wheat,precip_mj,-0.0413356661095644
HadGEM3-GC3-1LL,-3.5,-3.7835,7,IT,Soft wheat,precip_mj,-0.00782142732348661
HadGEM3-GC3-1LL,-2.5,-2.4504,6,IT,Soft wheat,precip_mj,-0.0553480463806905
HadGEM3-GC3-1LL,-1.5,-1.3098,8,IT,Soft wheat,precip_mj,-0.015947596454009
HadGEM3-GC3-1LL,-0.5,-0.331,6,IT,Soft wheat,precip_mj,-0.00696734981379824
HadGEM3-GC3-1MM,-14.5,-14.3032,4,IT,Soft wheat,precip_mj,-0.0737527971678364
HadGEM3-GC3-1MM,-13.5,-13.3931,8,IT,Soft wheat,precip_mj,-0.0881830390403885
HadGEM3-GC3-1MM,-12.5,-12.588,13,IT,Soft wheat,precip_mj,-0.0864444297694168
HadGEM3-GC3-1MM,-11.5,-11.5321,21,IT,Soft wheat,precip_mj,-0.0910982207107232
HadGEM3-GC3-1MM,-10.5,-10.4803,10,IT,Soft wheat,precip_mj,-0.105389287474819
HadGEM3-GC3-1MM,-9.5,-9.6161,7,IT,Soft wheat,precip_mj,-0.0625483462101715
HadGEM3-GC3-1MM,-8.5,-8.6582,7,IT,Soft wheat,precip_mj,-0.0935889530580907
HadGEM3-GC3-1MM,-7.5,-7.6345,8,IT,Soft wheat,precip_mj,-0.0993613083703823
HadGEM3-GC3-1MM,-6.5,-6.4299,4,IT,Soft wheat,precip_mj,-0.0642612077769231
HadGEM3-GC3-1MM,-5.5,-5.3528,4,IT,Soft wheat,precip_mj,-0.0807061887513924
HadGEM3-GC3-1MM,-4.5,-4.3969,4,IT,Soft wheat,precip_mj,-0.00585723059137992
IPSL-CM6A-LR,-9.5,-9.3401,5,IT,Soft wheat,precip_mj,-0.0470849606203518
IPSL-CM6A-LR,-8.5,-8.4598,8,IT,Soft wheat,precip_mj,-0.0651709165707586
IPSL-CM6A-LR,-7.5,-7.5255,19,IT,Soft wheat,precip_mj,-0.0645721415165338
IPSL-CM6A-LR,-6.5,-6.5577,11,IT,Soft wheat,precip_mj,-0.0784440240784799
IPSL-CM6A-LR,-5.5,-5.5623,13,IT,Soft wheat,precip_mj,-0.0535151375150756
IPSL-CM6A-LR,-4.5,-4.3507,11,IT,Soft wheat,precip_mj,-0.0476886138174665
IPSL-CM6A-LR,-3.5,-3.4644,8,IT,Soft wheat,precip_mj,-0.0410828238766713
IPSL-CM6A-LR,-2.5,-2.5669,9,IT,Soft wheat,precip_mj,-0.020536683310733
IPSL-CM6A-LR,-1.5,-1.2909,6,IT,Soft wheat,precip_mj,-0.0315886687420144
IPSL-CM6A-LR,-0.5,-0.6347,8,IT,Soft wheat,precip_mj,-0.0563223344115387
EC-Earth3,-9.5,-9.1554,4,LT,Soft wheat,precip_mj,-0.0249153641294972
EC-Earth3,-8.5,-8.4726,15,LT,Soft wheat,precip_mj,-0.0498069230431326
EC-Earth3,-7.5,-7.5562,20,LT,Soft wheat,precip_mj,-0.0466989776053915
EC-Earth3,-6.5,-6.4767,21,LT,Soft wheat,precip_mj,-0.0311134334444866
EC-Earth3,-5.5,-5.3342,8,LT,Soft wheat,precip_mj,-0.0255861568644684
EC-Earth3,-4.5,-4.5495,8,LT,Soft wheat,precip_mj,-0.0112714677064122
EC-Earth3,-3.5,-3.3459,9,LT,Soft wheat,precip_mj,-0.0407339457081327
EC-Earth3,-2.5,-2.4493,5,LT,Soft wheat,precip_mj,-0.0127022910577763
EC-Earth3,-1.5,-1.3807,6,LT,Soft wheat,precip_mj,-0.0269533567477052
EC-Earth3,-0.5,-0.6596,3,LT,Soft wheat,precip_mj,-0.0513050137377695
HadGEM3-GC3-1LL,-8.5,-8.3848,12,LT,Soft wheat,precip_mj,-0.0509955722121071
HadGEM3-GC3-1LL,-7.5,-7.5599,19,LT,Soft wheat,precip_mj,-0.0404568728566017
HadGEM3-GC3-1LL,-6.5,-6.5442,24,LT,Soft wheat,precip_mj,-0.0381097159275979
HadGEM3-GC3-1LL,-5.5,-5.5797,10,LT,Soft wheat,precip_mj,-0.051545685099367
HadGEM3-GC3-1LL,-4.5,-4.5263,6,LT,Soft wheat,precip_mj,-0.0227925860610277
HadGEM3-GC3-1LL,-3.5,-3.7835,7,LT,Soft wheat,precip_mj,-0.0207181392394511
HadGEM3-GC3-1LL,-2.5,-2.4504,6,LT,Soft wheat,precip_mj,-0.0195596722322359
HadGEM3-GC3-1LL,-1.5,-1.3098,8,LT,Soft wheat,precip_mj,0.0120612056570603
HadGEM3-GC3-1LL,-0.5,-0.331,6,LT,Soft wheat,precip_mj,0.00499622617985942
HadGEM3-GC3-1MM,-14.5,-14.3032,4,LT,Soft wheat,precip_mj,-0.0557205699039177
HadGEM3-GC3-1MM,-13.5,-13.3931,8,LT,Soft wheat,precip_mj,-0.052728680650265
HadGEM3-GC3-1MM,-12.5,-12.588,13,LT,Soft wheat,precip_mj,-0.0815866515879332
HadGEM3-GC3-1MM,-11.5,-11.5321,21,LT,Soft wheat,precip_mj,-0.0665543286947176
HadGEM3-GC3-1MM,-10.5,-10.4803,10,LT,Soft wheat,precip_mj,-0.0385855484242327
HadGEM3-GC3-1MM,-9.5,-9.6161,7,LT,Soft wheat,precip_mj,-0.0643903592704023
HadGEM3-GC3-1MM,-8.5,-8.6582,7,LT,Soft wheat,precip_mj,-0.0399877375378128
HadGEM3-GC3-1MM,-7.5,-7.6345,8,LT,Soft wheat,precip_mj,-0.00875751946515411
HadGEM3-GC3-1MM,-6.5,-6.4299,4,LT,Soft wheat,precip_mj,-0.0221182141098887
HadGEM3-GC3-1MM,-5.5,-5.3528,4,LT,Soft wheat,precip_mj,-0.00221556825200839
HadGEM3-GC3-1MM,-4.5,-4.3969,4,LT,Soft wheat,precip_mj,-0.0110588050453998
IPSL-CM6A-LR,-9.5,-9.3401,5,LT,Soft wheat,precip_mj,-0.0395307429851218
IPSL-CM6A-LR,-8.5,-8.4598,8,LT,Soft wheat,precip_mj,-0.027849318631332
IPSL-CM6A-LR,-7.5,-7.5255,19,LT,Soft wheat,precip_mj,-0.0529840920491699
IPSL-CM6A-LR,-6.5,-6.5577,11,LT,Soft wheat,precip_mj,-0.0630977671970191
IPSL-CM6A-LR,-5.5,-5.5623,13,LT,Soft wheat,precip_mj,-0.0276962839349397
IPSL-CM6A-LR,-4.5,-4.3507,11,LT,Soft wheat,precip_mj,-0.0142349592903214
IPSL-CM6A-LR,-3.5,-3.4644,8,LT,Soft wheat,precip_mj,0.00876010767785428
IPSL-CM6A-LR,-2.5,-2.5669,9,LT,Soft wheat,precip_mj,0.00177712639800053
IPSL-CM6A-LR,-1.5,-1.2909,6,LT,Soft wheat,precip_mj,-0.0194289713092594
IPSL-CM6A-LR,-0.5,-0.6347,8,LT,Soft wheat,precip_mj,-0.000126020723101246
EC-Earth3,-9.5,-9.1554,4,LV,Soft wheat,precip_mj,-0.028749055444462
EC-Earth3,-8.5,-8.4726,15,LV,Soft wheat,precip_mj,-0.049180999834577
EC-Earth3,-7.5,-7.5562,20,LV,Soft wheat,precip_mj,-0.0398431944298771
EC-Earth3,-6.5,-6.4767,21,LV,Soft wheat,precip_mj,-0.021017396812615
EC-Earth3,-5.5,-5.3342,8,LV,Soft wheat,precip_mj,-0.0321621993252834
EC-Earth3,-4.5,-4.5495,8,LV,Soft wheat,precip_mj,-0.0160341491993103
EC-Earth3,-3.5,-3.3459,9,LV,Soft wheat,precip_mj,-0.0313143835309265
EC-Earth3,-2.5,-2.4493,5,LV,Soft wheat,precip_mj,-0.013168888306176
EC-Earth3,-1.5,-1.3807,6,LV,Soft wheat,precip_mj,-0.0202732935916865
EC-Earth3,-0.5,-0.6596,3,LV,Soft wheat,precip_mj,-0.037679071521632
HadGEM3-GC3-1LL,-8.5,-8.3848,12,LV,Soft wheat,precip_mj,-0.0519385119778222
HadGEM3-GC3-1LL,-7.5,-7.5599,19,LV,Soft wheat,precip_mj,-0.0287853006534819
HadGEM3-GC3-1LL,-6.5,-6.5442,24,LV,Soft wheat,precip_mj,-0.0341785708095552
HadGEM3-GC3-1LL,-5.5,-5.5797,10,LV,Soft wheat,precip_mj,-0.0378276507084403
HadGEM3-GC3-1LL,-4.5,-4.5263,6,LV,Soft wheat,precip_mj,-0.028542884242587
HadGEM3-GC3-1LL,-3.5,-3.7835,7,LV,Soft wheat,precip_mj,-0.0144584416777004
HadGEM3-GC3-1LL,-2.5,-2.4504,6,LV,Soft wheat,precip_mj,-0.00489377783578572
HadGEM3-GC3-1LL,-1.5,-1.3098,8,LV,Soft wheat,precip_mj,0.0180933359345023
HadGEM3-GC3-1LL,-0.5,-0.331,6,LV,Soft wheat,precip_mj,0.00168321983634665
HadGEM3-GC3-1MM,-14.5,-14.3032,4,LV,Soft wheat,precip_mj,-0.0577375851360713
HadGEM3-GC3-1MM,-13.5,-13.3931,8,LV,Soft wheat,precip_mj,-0.0545786809140308
HadGEM3-GC3-1MM,-12.5,-12.588,13,LV,Soft wheat,precip_mj,-0.0713158867396223
HadGEM3-GC3-1MM,-11.5,-11.5321,21,LV,Soft wheat,precip_mj,-0.0619522267476841
HadGEM3-GC3-1MM,-10.5,-10.4803,10,LV,Soft wheat,precip_mj,-0.0303330247632743
HadGEM3-GC3-1MM,-9.5,-9.6161,7,LV,Soft wheat,precip_mj,-0.0599388121832311
HadGEM3-GC3-1MM,-8.5,-8.6582,7,LV,Soft wheat,precip_mj,-0.0379174882844569
HadGEM3-GC3-1MM,-7.5,-7.6345,8,LV,Soft wheat,precip_mj,-0.00542019037401396
HadGEM3-GC3-1MM,-6.5,-6.4299,4,LV,Soft wheat,precip_mj,-0.0159170774261094
HadGEM3-GC3-1MM,-5.5,-5.3528,4,LV,Soft wheat,precip_mj,-0.00671437409155214
HadGEM3-GC3-1MM,-4.5,-4.3969,4,LV,Soft wheat,precip_mj,-0.00045387525972893
IPSL-CM6A-LR,-9.5,-9.3401,5,LV,Soft wheat,precip_mj,-0.0321813987932351
IPSL-CM6A-LR,-8.5,-8.4598,8,LV,Soft wheat,precip_mj,-0.0233071545861395
IPSL-CM6A-LR,-7.5,-7.5255,19,LV,Soft wheat,precip_mj,-0.0443342913314958
IPSL-CM6A-LR,-6.5,-6.5577,11,LV,Soft wheat,precip_mj,-0.0571715156487464
IPSL-CM6A-LR,-5.5,-5.5623,13,LV,Soft wheat,precip_mj,-0.0194184273709721
IPSL-CM6A-LR,-4.5,-4.3507,11,LV,Soft wheat,precip_mj,0.000171136975553866
IPSL-CM6A-LR,-3.5,-3.4644,8,LV,Soft wheat,precip_mj,-0.000223589102163082
IPSL-CM6A-LR,-2.5,-2.5669,9,LV,Soft wheat,precip_mj,0.00890698800681639
IPSL-CM6A-LR,-1.5,-1.2909,6,LV,Soft wheat,precip_mj,-0.0126506581079383
IPSL-CM6A-LR,-0.5,-0.6347,8,LV,Soft wheat,precip_mj,0.0120803048746926
EC-Earth3,-9.5,-9.1554,4,RO,Soft wheat,precip_mj,0.00115863160869576
EC-Earth3,-8.5,-8.4726,15,RO,Soft wheat,precip_mj,-0.000484899438396765
EC-Earth3,-7.5,-7.5562,20,RO,Soft wheat,precip_mj,-0.00621801116901516
EC-Earth3,-6.5,-6.4767,21,RO,Soft wheat,precip_mj,-0.0275582860380958
EC-Earth3,-5.5,-5.3342,8,RO,Soft wheat,precip_mj,-0.0175653481878771
EC-Earth3,-4.5,-4.5495,8,RO,Soft wheat,precip_mj,0.0185354286502637
EC-Earth3,-3.5,-3.3459,9,RO,Soft wheat,precip_mj,0.00482443653518514
EC-Earth3,-2.5,-2.4493,5,RO,Soft wheat,precip_mj,-0.071086070512626
EC-Earth3,-1.5,-1.3807,6,RO,Soft wheat,precip_mj,0.0466228844246583
EC-Earth3,-0.5,-0.6596,3,RO,Soft wheat,precip_mj,-0.0334828239930709
HadGEM3-GC3-1LL,-8.5,-8.3848,12,RO,Soft wheat,precip_mj,-0.0307133691290459
HadGEM3-GC3-1LL,-7.5,-7.5599,19,RO,Soft wheat,precip_mj,-0.0459806334371273
HadGEM3-GC3-1LL,-6.5,-6.5442,24,RO,Soft wheat,precip_mj,0.00205333196345411
HadGEM3-GC3-1LL,-5.5,-5.5797,10,RO,Soft wheat,precip_mj,-0.0324169205201927
HadGEM3-GC3-1LL,-4.5,-4.5263,6,RO,Soft wheat,precip_mj,0.00664211459127357
HadGEM3-GC3-1LL,-3.5,-3.7835,7,RO,Soft wheat,precip_mj,-0.000641559154881922
HadGEM3-GC3-1LL,-2.5,-2.4504,6,RO,Soft wheat,precip_mj,-0.0251770567899541
HadGEM3-GC3-1LL,-1.5,-1.3098,8,RO,Soft wheat,precip_mj,-3.32964209104421e-05
HadGEM3-GC3-1LL,-0.5,-0.331,6,RO,Soft wheat,precip_mj,0.0384952672649293
HadGEM3-GC3-1MM,-14.5,-14.3032,4,RO,Soft wheat,precip_mj,-0.0764942934759493
HadGEM3-GC3-1MM,-13.5,-13.3931,8,RO,Soft wheat,precip_mj,-0.0668878419641653
HadGEM3-GC3-1MM,-12.5,-12.588,13,RO,Soft wheat,precip_mj,-0.0635911943022408
HadGEM3-GC3-1MM,-11.5,-11.5321,21,RO,Soft wheat,precip_mj,-0.0702976217170252
HadGEM3-GC3-1MM,-10.5,-10.4803,10,RO,Soft wheat,precip_mj,-0.0492696402987139
HadGEM3-GC3-1MM,-9.5,-9.6161,7,RO,Soft wheat,precip_mj,-0.0926974345164389
HadGEM3-GC3-1MM,-8.5,-8.6582,7,RO,Soft wheat,precip_mj,-0.0545065684971439
HadGEM3-GC3-1MM,-7.5,-7.6345,8,RO,Soft wheat,precip_mj,-0.0143292316258502
HadGEM3-GC3-1MM,-6.5,-6.4299,4,RO,Soft wheat,precip_mj,-0.00720519643662413
HadGEM3-GC3-1MM,-5.5,-5.3528,4,RO,Soft wheat,precip_mj,-0.00304959930191035
HadGEM3-GC3-1MM,-4.5,-4.3969,4,RO,Soft wheat,precip_mj,-0.0234675992865189
IPSL-CM6A-LR,-9.5,-9.3401,5,RO,Soft wheat,precip_mj,-0.0198572573350285
IPSL-CM6A-LR,-8.5,-8.4598,8,RO,Soft wheat,precip_mj,-0.0410740231561135
IPSL-CM6A-LR,-7.5,-7.5255,19,RO,Soft wheat,precip_mj,-0.0405243603145554
IPSL-CM6A-LR,-6.5,-6.5577,11,RO,Soft wheat,precip_mj,-0.0426695137554043
IPSL-CM6A-LR,-5.5,-5.5623,13,RO,Soft wheat,precip_mj,-0.0271524344627241
IPSL-CM6A-LR,-4.5,-4.3507,11,RO,Soft wheat,precip_mj,-0.0199630767604194
IPSL-CM6A-LR,-3.5,-3.4644,8,RO,Soft wheat,precip_mj,-0.0297465605240155
IPSL-CM6A-LR,-2.5,-2.5669,9,RO,Soft wheat,precip_mj,-0.0424788076463051
IPSL-CM6A-LR,-1.5,-1.2909,6,RO,Soft wheat,precip_mj,-0.0213052073902408
IPSL-CM6A-LR,-0.5,-0.6347,8,RO,Soft wheat,precip_mj,-0.0337981873216778
EC-Earth3,-9.5,-9.1554,4,SE,Soft wheat,precip_mj,0.0300992435949644
EC-Earth3,-8.5,-8.4726,15,SE,Soft wheat,precip_mj,-0.0348427432662014
EC-Earth3,-7.5,-7.5562,20,SE,Soft wheat,precip_mj,-0.0241329541208922
EC-Earth3,-6.5,-6.4767,21,SE,Soft wheat,precip_mj,-0.0246191641956963
EC-Earth3,-5.5,-5.3342,8,SE,Soft wheat,precip_mj,0.00611328398003249
EC-Earth3,-4.5,-4.5495,8,SE,Soft wheat,precip_mj,-0.0216077737719443
EC-Earth3,-3.5,-3.3459,9,SE,Soft wheat,precip_mj,-0.0415632805128188
EC-Earth3,-2.5,-2.4493,5,SE,Soft wheat,precip_mj,-0.00144274518462041
EC-Earth3,-1.5,-1.3807,6,SE,Soft wheat,precip_mj,0.00375151554803069
EC-Earth3,-0.5,-0.6596,3,SE,Soft wheat,precip_mj,0.0413621834380562
HadGEM3-GC3-1LL,-8.5,-8.3848,12,SE,Soft wheat,precip_mj,-0.0543904954585993
HadGEM3-GC3-1LL,-7.5,-7.5599,19,SE,Soft wheat,precip_mj,-0.0346048945893931
HadGEM3-GC3-1LL,-6.5,-6.5442,24,SE,Soft wheat,precip_mj,-0.0329977686750143
HadGEM3-GC3-1LL,-5.5,-5.5797,10,SE,Soft wheat,precip_mj,-0.0454569638516896
HadGEM3-GC3-1LL,-4.5,-4.5263,6,SE,Soft wheat,precip_mj,-0.0199384257099888
HadGEM3-GC3-1LL,-3.5,-3.7835,7,SE,Soft wheat,precip_mj,-0.0455668221522248
HadGEM3-GC3-1LL,-2.5,-2.4504,6,SE,Soft wheat,precip_mj,-0.0382744290133783
HadGEM3-GC3-1LL,-1.5,-1.3098,8,SE,Soft wheat,precip_mj,-0.00635047380407551
HadGEM3-GC3-1LL,-0.5,-0.331,6,SE,Soft wheat,precip_mj,0.0113876942062637
HadGEM3-GC3-1MM,-14.5,-14.3032,4,SE,Soft wheat,precip_mj,-0.0379892646013229
HadGEM3-GC3-1MM,-13.5,-13.3931,8,SE,Soft wheat,precip_mj,-0.0801838603493064
HadGEM3-GC3-1MM,-12.5,-12.588,13,SE,Soft wheat,precip_mj,-0.0915936684593871
HadGEM3-GC3-1MM,-11.5,-11.5321,21,SE,Soft wheat,precip_mj,-0.07532048103622
HadGEM3-GC3-1MM,-10.5,-10.4803,10,SE,Soft wheat,precip_mj,-0.0453307949690296
HadGEM3-GC3-1MM,-9.5,-9.6161,7,SE,Soft wheat,precip_mj,-0.0513930679615918
HadGEM3-GC3-1MM,-8.5,-8.6582,7,SE,Soft wheat,precip_mj,-0.0513466563396118
HadGEM3-GC3-1MM,-7.5,-7.6345,8,SE,Soft wheat,precip_mj,-0.000738704098565213
HadGEM3-GC3-1MM,-6.5,-6.4299,4,SE,Soft wheat,precip_mj,-0.0293639041390944
HadGEM3-GC3-1MM,-5.5,-5.3528,4,SE,Soft wheat,precip_mj,-0.00596622328417385
HadGEM3-GC3-1MM,-4.5,-4.3969,4,SE,Soft wheat,precip_mj,-0.0267026112299934
IPSL-CM6A-LR,-9.5,-9.3401,5,SE,Soft wheat,precip_mj,-0.0528429246493557
IPSL-CM6A-LR,-8.5,-8.4598,8,SE,Soft wheat,precip_mj,-0.00916793081980401
IPSL-CM6A-LR,-7.5,-7.5255,19,SE,Soft wheat,precip_mj,-0.0461649123296625
IPSL-CM6A-LR,-6.5,-6.5577,11,SE,Soft wheat,precip_mj,-0.0432004316746243
IPSL-CM6A-LR,-5.5,-5.5623,13,SE,Soft wheat,precip_mj,-0.0222557045108614
IPSL-CM6A-LR,-4.5,-4.3507,11,SE,Soft wheat,precip_mj,0.00208661063171891
IPSL-CM6A-LR,-3.5,-3.4644,8,SE,Soft wheat,precip_mj,0.0190978528102821
IPSL-CM6A-LR,-2.5,-2.5669,9,SE,Soft wheat,precip_mj,-0.0168912487921635
IPSL-CM6A-LR,-1.5,-1.2909,6,SE,Soft wheat,precip_mj,-0.0067907127470887
IPSL-CM6A-LR,-0.5,-0.6347,8,SE,Soft wheat,precip_mj,0.0322207569058252
EC-Earth3,-9.5,-9.1554,4,SK,Soft wheat,precip_mj,0.0434289458838149
EC-Earth3,-8.5,-8.4726,15,SK,Soft wheat,precip_mj,-0.00723544257854143
EC-Earth3,-7.5,-7.5562,20,SK,Soft wheat,precip_mj,-0.0120745670045308
EC-Earth3,-6.5,-6.4767,21,SK,Soft wheat,precip_mj,-0.0419493800966596
EC-Earth3,-5.5,-5.3342,8,SK,Soft wheat,precip_mj,-0.0591397508925925
EC-Earth3,-4.5,-4.5495,8,SK,Soft wheat,precip_mj,-0.00333483340606546
EC-Earth3,-3.5,-3.3459,9,SK,Soft wheat,precip_mj,-0.0321069703119273
EC-Earth3,-2.5,-2.4493,5,SK,Soft wheat,precip_mj,-0.0402235527937203
EC-Earth3,-1.5,-1.3807,6,SK,Soft wheat,precip_mj,0.0447059410708465
EC-Earth3,-0.5,-0.6596,3,SK,Soft wheat,precip_mj,-0.0773687485711251
HadGEM3-GC3-1LL,-8.5,-8.3848,12,SK,Soft wheat,precip_mj,-0.059612632884547
HadGEM3-GC3-1LL,-7.5,-7.5599,19,SK,Soft wheat,precip_mj,-0.0414950873571625
HadGEM3-GC3-1LL,-6.5,-6.5442,24,SK,Soft wheat,precip_mj,0.00855659611627243
HadGEM3-GC3-1LL,-5.5,-5.5797,10,SK,Soft wheat,precip_mj,-0.0205988542184084
HadGEM3-GC3-1LL,-4.5,-4.5263,6,SK,Soft wheat,precip_mj,0.0100140413681903
HadGEM3-GC3-1LL,-3.5,-3.7835,7,SK,Soft wheat,precip_mj,-0.0127957008618565
HadGEM3-GC3-1LL,-2.5,-2.4504,6,SK,Soft wheat,precip_mj,-0.0416470946572305
HadGEM3-GC3-1LL,-1.5,-1.3098,8,SK,Soft wheat,precip_mj,-0.00629349467479867
HadGEM3-GC3-1LL,-0.5,-0.331,6,SK,Soft wheat,precip_mj,0.0463647550134381
HadGEM3-GC3-1MM,-14.5,-14.3032,4,SK,Soft wheat,precip_mj,-0.0801377283418092
HadGEM3-GC3-1MM,-13.5,-13.3931,8,SK,Soft wheat,precip_mj,-0.0816988156234364
HadGEM3-GC3-1MM,-12.5,-12.588,13,SK,Soft wheat,precip_mj,-0.0805236440248048
HadGEM3-GC3-1MM,-11.5,-11.5321,21,SK,Soft wheat,precip_mj,-0.064770257080843
HadGEM3-GC3-1MM,-10.5,-10.4803,10,SK,Soft wheat,precip_mj,-0.075939082080143
HadGEM3-GC3-1MM,-9.5,-9.6161,7,SK,Soft wheat,precip_mj,-0.0998129726327431
HadGEM3-GC3-1MM,-8.5,-8.6582,7,SK,Soft wheat,precip_mj,-0.0560120562890215
HadGEM3-GC3-1MM,-7.5,-7.6345,8,SK,Soft wheat,precip_mj,-0.0458256964021173
HadGEM3-GC3-1MM,-6.5,-6.4299,4,SK,Soft wheat,precip_mj,-0.058322725491622
HadGEM3-GC3-1MM,-5.5,-5.3528,4,SK,Soft wheat,precip_mj,-0.0643572575045476
HadGEM3-GC3-1MM,-4.5,-4.3969,4,SK,Soft wheat,precip_mj,-0.0253861020887976
IPSL-CM6A-LR,-9.5,-9.3401,5,SK,Soft wheat,precip_mj,-0.0569400554719874
IPSL-CM6A-LR,-8.5,-8.4598,8,SK,Soft wheat,precip_mj,-0.0343088561797713
IPSL-CM6A-LR,-7.5,-7.5255,19,SK,Soft wheat,precip_mj,-0.0397185256559529
IPSL-CM6A-LR,-6.5,-6.5577,11,SK,Soft wheat,precip_mj,-0.0504187818366856
IPSL-CM6A-LR,-5.5,-5.5623,13,SK,Soft wheat,precip_mj,-0.027171254243013
IPSL-CM6A-LR,-4.5,-4.3507,11,SK,Soft wheat,precip_mj,-0.0161926321430079
IPSL-CM6A-LR,-3.5,-3.4644,8,SK,Soft wheat,precip_mj,-0.00191118470822238
IPSL-CM6A-LR,-2.5,-2.5669,9,SK,Soft wheat,precip_mj,-0.0364330575316069
IPSL-CM6A-LR,-1.5,-1.2909,6,SK,Soft wheat,precip_mj,-0.0343283963214582
IPSL-CM6A-LR,-0.5,-0.6347,8,SK,Soft wheat,precip_mj,-0.0100225396488653
EC-Earth3,-9.5,-9.1554,4,EL,Durum wheat,precip_mj,-0.00952457362232767
EC-Earth3,-8.5,-8.4726,15,EL,Durum wheat,precip_mj,0.00436143729644929
EC-Earth3,-7.5,-7.5562,20,EL,Durum wheat,precip_mj,-0.0114753247726774
EC-Earth3,-6.5,-6.4767,21,EL,Durum wheat,precip_mj,0.00376350884557638
EC-Earth3,-5.5,-5.3342,8,EL,Durum wheat,precip_mj,0.00154978155135986
EC-Earth3,-4.5,-4.5495,8,EL,Durum wheat,precip_mj,-0.00252391083518213
EC-Earth3,-3.5,-3.3459,9,EL,Durum wheat,precip_mj,-0.00609838695520163
EC-Earth3,-2.5,-2.4493,5,EL,Durum wheat,precip_mj,-0.0200442014760284
EC-Earth3,-1.5,-1.3807,6,EL,Durum wheat,precip_mj,0.00326805631839789
EC-Earth3,-0.5,-0.6596,3,EL,Durum wheat,precip_mj,-0.0285375480594921
HadGEM3-GC3-1LL,-8.5,-8.3848,12,EL,Durum wheat,precip_mj,-0.00922192874214307
HadGEM3-GC3-1LL,-7.5,-7.5599,19,EL,Durum wheat,precip_mj,-0.020296579313169
HadGEM3-GC3-1LL,-6.5,-6.5442,24,EL,Durum wheat,precip_mj,0.00234854228663465
HadGEM3-GC3-1LL,-5.5,-5.5797,10,EL,Durum wheat,precip_mj,-0.00749920926372545
HadGEM3-GC3-1LL,-4.5,-4.5263,6,EL,Durum wheat,precip_mj,-0.00806318290287106
HadGEM3-GC3-1LL,-3.5,-3.7835,7,EL,Durum wheat,precip_mj,-0.00676076598249422
HadGEM3-GC3-1LL,-2.5,-2.4504,6,EL,Durum wheat,precip_mj,0.000570630883829528
HadGEM3-GC3-1LL,-1.5,-1.3098,8,EL,Durum wheat,precip_mj,-0.0056904689900004
HadGEM3-GC3-1LL,-0.5,-0.331,6,EL,Durum wheat,precip_mj,-0.00517057679016041
HadGEM3-GC3-1MM,-14.5,-14.3032,4,EL,Durum wheat,precip_mj,-0.0212243344550027
HadGEM3-GC3-1MM,-13.5,-13.3931,8,EL,Durum wheat,precip_mj,-0.0406037585143622
HadGEM3-GC3-1MM,-12.5,-12.588,13,EL,Durum wheat,precip_mj,-0.0389660661230907
HadGEM3-GC3-1MM,-11.5,-11.5321,21,EL,Durum wheat,precip_mj,-0.0432043554610641
HadGEM3-GC3-1MM,-10.5,-10.4803,10,EL,Durum wheat,precip_mj,-0.0621756948693871
HadGEM3-GC3-1MM,-9.5,-9.6161,7,EL,Durum wheat,precip_mj,-0.0816102688094548
HadGEM3-GC3-1MM,-8.5,-8.6582,7,EL,Durum wheat,precip_mj,-0.0358164158855345
HadGEM3-GC3-1MM,-7.5,-7.6345,8,EL,Durum wheat,precip_mj,-0.0304300352378918
HadGEM3-GC3-1MM,-6.5,-6.4299,4,EL,Durum wheat,precip_mj,-0.00631765050979804
HadGEM3-GC3-1MM,-5.5,-5.3528,4,EL,Durum wheat,precip_mj,-0.0366819448689906
HadGEM3-GC3-1MM,-4.5,-4.3969,4,EL,Durum wheat,precip_mj,0.00352580473054572
IPSL-CM6A-LR,-9.5,-9.3401,5,EL,Durum wheat,precip_mj,-0.0120843329800356
IPSL-CM6A-LR,-8.5,-8.4598,8,EL,Durum wheat,precip_mj,-0.0478686540151405
IPSL-CM6A-LR,-7.5,-7.5255,19,EL,Durum wheat,precip_mj,-0.0393965836027204
IPSL-CM6A-LR,-6.5,-6.5577,11,EL,Durum wheat,precip_mj,-0.025105550268998
IPSL-CM6A-LR,-5.5,-5.5623,13,EL,Durum wheat,precip_mj,-0.0279291284132669
IPSL-CM6A-LR,-4.5,-4.3507,11,EL,Durum wheat,precip_mj,-0.00397222389607801
IPSL-CM6A-LR,-3.5,-3.4644,8,EL,Durum wheat,precip_mj,-0.0334056079752773
IPSL-CM6A-LR,-2.5,-2.5669,9,EL,Durum wheat,precip_mj,-0.0338555473854087
IPSL-CM6A-LR,-1.5,-1.2909,6,EL,Durum wheat,precip_mj,0.00295628181353341
IPSL-CM6A-LR,-0.5,-0.6347,8,EL,Durum wheat,precip_mj,-0.0512630254831864
EC-Earth3,-9.5,-9.1554,4,ES,Durum wheat,precip_mj,-0.0656915130228042
EC-Earth3,-8.5,-8.4726,15,ES,Durum wheat,precip_mj,-0.0391583449267278
EC-Earth3,-7.5,-7.5562,20,ES,Durum wheat,precip_mj,-0.0409807373911947
EC-Earth3,-6.5,-6.4767,21,ES,Durum wheat,precip_mj,-0.0556122845239772
EC-Earth3,-5.5,-5.3342,8,ES,Durum wheat,precip_mj,-0.0933886145796502
EC-Earth3,-4.5,-4.5495,8,ES,Durum wheat,precip_mj,-0.0829417218995116
EC-Earth3,-3.5,-3.3459,9,ES,Durum wheat,precip_mj,0.02258231658957
EC-Earth3,-2.5,-2.4493,5,ES,Durum wheat,precip_mj,-0.0539429419959213
EC-Earth3,-1.5,-1.3807,6,ES,Durum wheat,precip_mj,-0.0228284093123458
EC-Earth3,-0.5,-0.6596,3,ES,Durum wheat,precip_mj,-0.0458191044778311
HadGEM3-GC3-1LL,-8.5,-8.3848,12,ES,Durum wheat,precip_mj,-0.0503409263254119
HadGEM3-GC3-1LL,-7.5,-7.5599,19,ES,Durum wheat,precip_mj,-0.0335221121277673
HadGEM3-GC3-1LL,-6.5,-6.5442,24,ES,Durum wheat,precip_mj,-0.0328075011690203
HadGEM3-GC3-1LL,-5.5,-5.5797,10,ES,Durum wheat,precip_mj,-0.0217714293526573
HadGEM3-GC3-1LL,-4.5,-4.5263,6,ES,Durum wheat,precip_mj,-0.0649758254219771
HadGEM3-GC3-1LL,-3.5,-3.7835,7,ES,Durum wheat,precip_mj,-0.0069970158415124
HadGEM3-GC3-1LL,-2.5,-2.4504,6,ES,Durum wheat,precip_mj,-0.0586916632189722
HadGEM3-GC3-1LL,-1.5,-1.3098,8,ES,Durum wheat,precip_mj,-0.0469426038835595
HadGEM3-GC3-1LL,-0.5,-0.331,6,ES,Durum wheat,precip_mj,-0.01658543213553
HadGEM3-GC3-1MM,-14.5,-14.3032,4,ES,Durum wheat,precip_mj,-0.0588471837336661
HadGEM3-GC3-1MM,-13.5,-13.3931,8,ES,Durum wheat,precip_mj,-0.0509722005558921
HadGEM3-GC3-1MM,-12.5,-12.588,13,ES,Durum wheat,precip_mj,-0.0685966965507437
HadGEM3-GC3-1MM,-11.5,-11.5321,21,ES,Durum wheat,precip_mj,-0.0906042394529949
HadGEM3-GC3-1MM,-10.5,-10.4803,10,ES,Durum wheat,precip_mj,-0.0905228628410319
HadGEM3-GC3-1MM,-9.5,-9.6161,7,ES,Durum wheat,precip_mj,-0.0613611291829622
HadGEM3-GC3-1MM,-8.5,-8.6582,7,ES,Durum wheat,precip_mj,-0.0347935787921704
HadGEM3-GC3-1MM,-7.5,-7.6345,8,ES,Durum wheat,precip_mj,-0.0853936411684647
HadGEM3-GC3-1MM,-6.5,-6.4299,4,ES,Durum wheat,precip_mj,-0.0687184784408716
HadGEM3-GC3-1MM,-5.5,-5.3528,4,ES,Durum wheat,precip_mj,-0.0152448483197477
HadGEM3-GC3-1MM,-4.5,-4.3969,4,ES,Durum wheat,precip_mj,0.0803569992119429
IPSL-CM6A-LR,-9.5,-9.3401,5,ES,Durum wheat,precip_mj,-0.044971131421879
IPSL-CM6A-LR,-8.5,-8.4598,8,ES,Durum wheat,precip_mj,-0.0807697111095328
IPSL-CM6A-LR,-7.5,-7.5255,19,ES,Durum wheat,precip_mj,-0.0575614638183681
IPSL-CM6A-LR,-6.5,-6.5577,11,ES,Durum wheat,precip_mj,-0.0599226072440313
IPSL-CM6A-LR,-5.5,-5.5623,13,ES,Durum wheat,precip_mj,-0.0455941509339703
IPSL-CM6A-LR,-4.5,-4.3507,11,ES,Durum wheat,precip_mj,-0.0348125537251453
IPSL-CM6A-LR,-3.5,-3.4644,8,ES,Durum wheat,precip_mj,-0.0642591778851824
IPSL-CM6A-LR,-2.5,-2.5669,9,ES,Durum wheat,precip_mj,0.00433701382247971
IPSL-CM6A-LR,-1.5,-1.2909,6,ES,Durum wheat,precip_mj,-0.0275098035684953
IPSL-CM6A-LR,-0.5,-0.6347,8,ES,Durum wheat,precip_mj,-0.0358238089659685
EC-Earth3,-9.5,-9.1554,4,FR,Durum wheat,precip_mj,-0.0301845350028875
EC-Earth3,-8.5,-8.4726,15,FR,Durum wheat,precip_mj,-0.0684554789943348
EC-Earth3,-7.5,-7.5562,20,FR,Durum wheat,precip_mj,-0.0371969433326253
EC-Earth3,-6.5,-6.4767,21,FR,Durum wheat,precip_mj,-0.0708677096942633
EC-Earth3,-5.5,-5.3342,8,FR,Durum wheat,precip_mj,-0.0397652665421001
EC-Earth3,-4.5,-4.5495,8,FR,Durum wheat,precip_mj,-0.096046915311171
EC-Earth3,-3.5,-3.3459,9,FR,Durum wheat,precip_mj,-0.0107084876920483
EC-Earth3,-2.5,-2.4493,5,FR,Durum wheat,precip_mj,-0.0655274845945284
EC-Earth3,-1.5,-1.3807,6,FR,Durum wheat,precip_mj,-0.0337172602880955
EC-Earth3,-0.5,-0.6596,3,FR,Durum wheat,precip_mj,-0.0356519836657022
HadGEM3-GC3-1LL,-8.5,-8.3848,12,FR,Durum wheat,precip_mj,-0.0521361866231731
HadGEM3-GC3-1LL,-7.5,-7.5599,19,FR,Durum wheat,precip_mj,-0.0262355861582378
HadGEM3-GC3-1LL,-6.5,-6.5442,24,FR,Durum wheat,precip_mj,-0.0394673781570717
HadGEM3-GC3-1LL,-5.5,-5.5797,10,FR,Durum wheat,precip_mj,-0.0131943616749311
HadGEM3-GC3-1LL,-4.5,-4.5263,6,FR,Durum wheat,precip_mj,-0.0984475360315555
HadGEM3-GC3-1LL,-3.5,-3.7835,7,FR,Durum wheat,precip_mj,-0.0220896712743415
HadGEM3-GC3-1LL,-2.5,-2.4504,6,FR,Durum wheat,precip_mj,-0.0862237230251079
HadGEM3-GC3-1LL,-1.5,-1.3098,8,FR,Durum wheat,precip_mj,0.00116400425787398
HadGEM3-GC3-1LL,-0.5,-0.331,6,FR,Durum wheat,precip_mj,-0.0365077010667209
HadGEM3-GC3-1MM,-14.5,-14.3032,4,FR,Durum wheat,precip_mj,-0.0773637488630318
HadGEM3-GC3-1MM,-13.5,-13.3931,8,FR,Durum wheat,precip_mj,-0.0583685950731283
HadGEM3-GC3-1MM,-12.5,-12.588,13,FR,Durum wheat,precip_mj,-0.0750814863811632
HadGEM3-GC3-1MM,-11.5,-11.5321,21,FR,Durum wheat,precip_mj,-0.111022614060091
HadGEM3-GC3-1MM,-10.5,-10.4803,10,FR,Durum wheat,precip_mj,-0.098532758008964
HadGEM3-GC3-1MM,-9.5,-9.6161,7,FR,Durum wheat,precip_mj,-0.0357719606147761
HadGEM3-GC3-1MM,-8.5,-8.6582,7,FR,Durum wheat,precip_mj,-0.0798088948860804
HadGEM3-GC3-1MM,-7.5,-7.6345,8,FR,Durum wheat,precip_mj,-0.0800497093935588
HadGEM3-GC3-1MM,-6.5,-6.4299,4,FR,Durum wheat,precip_mj,-0.0612816647629913
HadGEM3-GC3-1MM,-5.5,-5.3528,4,FR,Durum wheat,precip_mj,-0.0246061545621978
HadGEM3-GC3-1MM,-4.5,-4.3969,4,FR,Durum wheat,precip_mj,0.0288778388712544
IPSL-CM6A-LR,-9.5,-9.3401,5,FR,Durum wheat,precip_mj,-0.040190727444273
IPSL-CM6A-LR,-8.5,-8.4598,8,FR,Durum wheat,precip_mj,-0.0542944952216356
IPSL-CM6A-LR,-7.5,-7.5255,19,FR,Durum wheat,precip_mj,-0.0588083962307659
IPSL-CM6A-LR,-6.5,-6.5577,11,FR,Durum wheat,precip_mj,-0.0646719181939403
IPSL-CM6A-LR,-5.5,-5.5623,13,FR,Durum wheat,precip_mj,-0.0389229994138729
IPSL-CM6A-LR,-4.5,-4.3507,11,FR,Durum wheat,precip_mj,-0.0499720629468777
IPSL-CM6A-LR,-3.5,-3.4644,8,FR,Durum wheat,precip_mj,-0.0429836496620515
IPSL-CM6A-LR,-2.5,-2.5669,9,FR,Durum wheat,precip_mj,-0.0170790630178398
IPSL-CM6A-LR,-1.5,-1.2909,6,FR,Durum wheat,precip_mj,0.020704989424654
IPSL-CM6A-LR,-0.5,-0.6347,8,FR,Durum wheat,precip_mj,-0.0354167292589337
EC-Earth3,-9.5,-9.1554,4,HU,Durum wheat,precip_mj,0.00865538610841884
EC-Earth3,-8.5,-8.4726,15,HU,Durum wheat,precip_mj,0.0117639474323381
EC-Earth3,-7.5,-7.5562,20,HU,Durum wheat,precip_mj,-0.0135424628107789
EC-Earth3,-6.5,-6.4767,21,HU,Durum wheat,precip_mj,-0.0412037524943544
EC-Earth3,-5.5,-5.3342,8,HU,Durum wheat,precip_mj,-0.0767391075260958
EC-Earth3,-4.5,-4.5495,8,HU,Durum wheat,precip_mj,-0.016132166151694
EC-Earth3,-3.5,-3.3459,9,HU,Durum wheat,precip_mj,0.00420696132759961
EC-Earth3,-2.5,-2.4493,5,HU,Durum wheat,precip_mj,-0.0904696422000298
EC-Earth3,-1.5,-1.3807,6,HU,Durum wheat,precip_mj,0.0682288449726711
EC-Earth3,-0.5,-0.6596,3,HU,Durum wheat,precip_mj,-0.0584893126630165
HadGEM3-GC3-1LL,-8.5,-8.3848,12,HU,Durum wheat,precip_mj,-0.0476231731016989
HadGEM3-GC3-1LL,-7.5,-7.5599,19,HU,Durum wheat,precip_mj,-0.0507106730350355
HadGEM3-GC3-1LL,-6.5,-6.5442,24,HU,Durum wheat,precip_mj,0.00157094811244766
HadGEM3-GC3-1LL,-5.5,-5.5797,10,HU,Durum wheat,precip_mj,-0.0300945186075902
HadGEM3-GC3-1LL,-4.5,-4.5263,6,HU,Durum wheat,precip_mj,0.0292285245563985
HadGEM3-GC3-1LL,-3.5,-3.7835,7,HU,Durum wheat,precip_mj,0.00223977933628114
HadGEM3-GC3-1LL,-2.5,-2.4504,6,HU,Durum wheat,precip_mj,-0.0434206914825143
HadGEM3-GC3-1LL,-1.5,-1.3098,8,HU,Durum wheat,precip_mj,-0.0158189683956236
HadGEM3-GC3-1LL,-0.5,-0.331,6,HU,Durum wheat,precip_mj,0.0203475618167714
HadGEM3-GC3-1MM,-14.5,-14.3032,4,HU,Durum wheat,precip_mj,-0.121219637894539
HadGEM3-GC3-1MM,-13.5,-13.3931,8,HU,Durum wheat,precip_mj,-0.0798030808885774
HadGEM3-GC3-1MM,-12.5,-12.588,13,HU,Durum wheat,precip_mj,-0.0768065506739583
HadGEM3-GC3-1MM,-11.5,-11.5321,21,HU,Durum wheat,precip_mj,-0.0684343563657718
HadGEM3-GC3-1MM,-10.5,-10.4803,10,HU,Durum wheat,precip_mj,-0.0783644389050454
HadGEM3-GC3-1MM,-9.5,-9.6161,7,HU,Durum wheat,precip_mj,-0.0798369113172337
HadGEM3-GC3-1MM,-8.5,-8.6582,7,HU,Durum wheat,precip_mj,-0.0654413369587175
HadGEM3-GC3-1MM,-7.5,-7.6345,8,HU,Durum wheat,precip_mj,-0.0324212536146477
HadGEM3-GC3-1MM,-6.5,-6.4299,4,HU,Durum wheat,precip_mj,-0.0470416276453896
HadGEM3-GC3-1MM,-5.5,-5.3528,4,HU,Durum wheat,precip_mj,-0.0614848281022701
HadGEM3-GC3-1MM,-4.5,-4.3969,4,HU,Durum wheat,precip_mj,-0.000565422836651934
IPSL-CM6A-LR,-9.5,-9.3401,5,HU,Durum wheat,precip_mj,-0.0716122288971632
IPSL-CM6A-LR,-8.5,-8.4598,8,HU,Durum wheat,precip_mj,-0.0497366230861668
IPSL-CM6A-LR,-7.5,-7.5255,19,HU,Durum wheat,precip_mj,-0.0523422766765194
IPSL-CM6A-LR,-6.5,-6.5577,11,HU,Durum wheat,precip_mj,-0.0549492813125919
IPSL-CM6A-LR,-5.5,-5.5623,13,HU,Durum wheat,precip_mj,-0.037034247626851
IPSL-CM6A-LR,-4.5,-4.3507,11,HU,Durum wheat,precip_mj,-0.0429268091739601
IPSL-CM6A-LR,-3.5,-3.4644,8,HU,Durum wheat,precip_mj,-0.0133006570463134
IPSL-CM6A-LR,-2.5,-2.5669,9,HU,Durum wheat,precip_mj,-0.047119921838483
IPSL-CM6A-LR,-1.5,-1.2909,6,HU,Durum wheat,precip_mj,-0.029684918483167
IPSL-CM6A-LR,-0.5,-0.6347,8,HU,Durum wheat,precip_mj,-0.0416344624765533
EC-Earth3,-9.5,-9.1554,4,IT,Durum wheat,precip_mj,-0.0308174257514229
EC-Earth3,-8.5,-8.4726,15,IT,Durum wheat,precip_mj,-0.0226598774863112
EC-Earth3,-7.5,-7.5562,20,IT,Durum wheat,precip_mj,-0.0229060615743573
EC-Earth3,-6.5,-6.4767,21,IT,Durum wheat,precip_mj,-0.0264939469080516
EC-Earth3,-5.5,-5.3342,8,IT,Durum wheat,precip_mj,-0.0642379299235737
EC-Earth3,-4.5,-4.5495,8,IT,Durum wheat,precip_mj,-0.0552624332678884
EC-Earth3,-3.5,-3.3459,9,IT,Durum wheat,precip_mj,-0.00775015915684255
EC-Earth3,-2.5,-2.4493,5,IT,Durum wheat,precip_mj,-0.0519037763331766
EC-Earth3,-1.5,-1.3807,6,IT,Durum wheat,precip_mj,-0.0147874089099241
EC-Earth3,-0.5,-0.6596,3,IT,Durum wheat,precip_mj,-0.0836520181408004
HadGEM3-GC3-1LL,-8.5,-8.3848,12,IT,Durum wheat,precip_mj,-0.0300059976220061
HadGEM3-GC3-1LL,-7.5,-7.5599,19,IT,Durum wheat,precip_mj,-0.0432161018189083
HadGEM3-GC3-1LL,-6.5,-6.5442,24,IT,Durum wheat,precip_mj,0.00352845932787528
HadGEM3-GC3-1LL,-5.5,-5.5797,10,IT,Durum wheat,precip_mj,-0.0257635540200029
HadGEM3-GC3-1LL,-4.5,-4.5263,6,IT,Durum wheat,precip_mj,-0.0278369831716142
HadGEM3-GC3-1LL,-3.5,-3.7835,7,IT,Durum wheat,precip_mj,-0.0348158417437727
HadGEM3-GC3-1LL,-2.5,-2.4504,6,IT,Durum wheat,precip_mj,-0.0154288483417159
HadGEM3-GC3-1LL,-1.5,-1.3098,8,IT,Durum wheat,precip_mj,-0.0329744782250522
HadGEM3-GC3-1LL,-0.5,-0.331,6,IT,Durum wheat,precip_mj,-0.0270327948555061
HadGEM3-GC3-1MM,-14.5,-14.3032,4,IT,Durum wheat,precip_mj,-0.0926224839118358
HadGEM3-GC3-1MM,-13.5,-13.3931,8,IT,Durum wheat,precip_mj,-0.0551163403829914
HadGEM3-GC3-1MM,-12.5,-12.588,13,IT,Durum wheat,precip_mj,-0.0822589433867536
HadGEM3-GC3-1MM,-11.5,-11.5321,21,IT,Durum wheat,precip_mj,-0.0875250984103296
HadGEM3-GC3-1MM,-10.5,-10.4803,10,IT,Durum wheat,precip_mj,-0.100385809640394
HadGEM3-GC3-1MM,-9.5,-9.6161,7,IT,Durum wheat,precip_mj,-0.0798521980244307
HadGEM3-GC3-1MM,-8.5,-8.6582,7,IT,Durum wheat,precip_mj,-0.0984474846698724
HadGEM3-GC3-1MM,-7.5,-7.6345,8,IT,Durum wheat,precip_mj,-0.0914577010185202
HadGEM3-GC3-1MM,-6.5,-6.4299,4,IT,Durum wheat,precip_mj,-0.0437724843887996
HadGEM3-GC3-1MM,-5.5,-5.3528,4,IT,Durum wheat,precip_mj,-0.0727593301939802
HadGEM3-GC3-1MM,-4.5,-4.3969,4,IT,Durum wheat,precip_mj,-0.0133111179858294
IPSL-CM6A-LR,-9.5,-9.3401,5,IT,Durum wheat,precip_mj,-0.0303285868419991
IPSL-CM6A-LR,-8.5,-8.4598,8,IT,Durum wheat,precip_mj,-0.0551041427417896
IPSL-CM6A-LR,-7.5,-7.5255,19,IT,Durum wheat,precip_mj,-0.0635803964459213
IPSL-CM6A-LR,-6.5,-6.5577,11,IT,Durum wheat,precip_mj,-0.0749580023720533
IPSL-CM6A-LR,-5.5,-5.5623,13,IT,Durum wheat,precip_mj,-0.0440924302123641
IPSL-CM6A-LR,-4.5,-4.3507,11,IT,Durum wheat,precip_mj,-0.0206771500914809
IPSL-CM6A-LR,-3.5,-3.4644,8,IT,Durum wheat,precip_mj,-0.0456634494208336
IPSL-CM6A-LR,-2.5,-2.5669,9,IT,Durum wheat,precip_mj,-0.0338683408313121
IPSL-CM6A-LR,-1.5,-1.2909,6,IT,Durum wheat,precip_mj,-0.0276883305097701
IPSL-CM6A-LR,-0.5,-0.6347,8,IT,Durum wheat,precip_mj,-0.0586949678760631
EC-Earth3,-9.5,-9.1554,4,RO,Durum wheat,precip_mj,0.00218433916635758
EC-Earth3,-8.5,-8.4726,15,RO,Durum wheat,precip_mj,-0.00146960858844652
EC-Earth3,-7.5,-7.5562,20,RO,Durum wheat,precip_mj,-0.0118431496656509
EC-Earth3,-6.5,-6.4767,21,RO,Durum wheat,precip_mj,-0.0376280581095083
EC-Earth3,-5.5,-5.3342,8,RO,Durum wheat,precip_mj,-0.0313099076195264
EC-Earth3,-4.5,-4.5495,8,RO,Durum wheat,precip_mj,0.0188839416769079
EC-Earth3,-3.5,-3.3459,9,RO,Durum wheat,precip_mj,0.00430823151502015
EC-Earth3,-2.5,-2.4493,5,RO,Durum wheat,precip_mj,-0.0875097714972956
EC-Earth3,-1.5,-1.3807,6,RO,Durum wheat,precip_mj,0.0636917651431844
EC-Earth3,-0.5,-0.6596,3,RO,Durum wheat,precip_mj,-0.0388427071263068
HadGEM3-GC3-1LL,-8.5,-8.3848,12,RO,Durum wheat,precip_mj,-0.0433114235237576
HadGEM3-GC3-1LL,-7.5,-7.5599,19,RO,Durum wheat,precip_mj,-0.0663603576623794
HadGEM3-GC3-1LL,-6.5,-6.5442,24,RO,Durum wheat,precip_mj,0.00121699056187962
HadGEM3-GC3-1LL,-5.5,-5.5797,10,RO,Durum wheat,precip_mj,-0.0456836987678895
HadGEM3-GC3-1LL,-4.5,-4.5263,6,RO,Durum wheat,precip_mj,0.0139931410023657
HadGEM3-GC3-1LL,-3.5,-3.7835,7,RO,Durum wheat,precip_mj,-0.00719763509650324
HadGEM3-GC3-1LL,-2.5,-2.4504,6,RO,Durum wheat,precip_mj,-0.0359996469260508
HadGEM3-GC3-1LL,-1.5,-1.3098,8,RO,Durum wheat,precip_mj,-0.00332439627808535
HadGEM3-GC3-1LL,-0.5,-0.331,6,RO,Durum wheat,precip_mj,0.047619886315253
HadGEM3-GC3-1MM,-14.5,-14.3032,4,RO,Durum wheat,precip_mj,-0.104710986777785
HadGEM3-GC3-1MM,-13.5,-13.3931,8,RO,Durum wheat,precip_mj,-0.0870118692178225
HadGEM3-GC3-1MM,-12.5,-12.588,13,RO,Durum wheat,precip_mj,-0.0880540645576315
HadGEM3-GC3-1MM,-11.5,-11.5321,21,RO,Durum wheat,precip_mj,-0.0940190539405891
HadGEM3-GC3-1MM,-10.5,-10.4803,10,RO,Durum wheat,precip_mj,-0.0651874765786547
HadGEM3-GC3-1MM,-9.5,-9.6161,7,RO,Durum wheat,precip_mj,-0.119693587864096
HadGEM3-GC3-1MM,-8.5,-8.6582,7,RO,Durum wheat,precip_mj,-0.0731784185347624
HadGEM3-GC3-1MM,-7.5,-7.6345,8,RO,Durum wheat,precip_mj,-0.0112892868967302
HadGEM3-GC3-1MM,-6.5,-6.4299,4,RO,Durum wheat,precip_mj,-0.00362782652035949
HadGEM3-GC3-1MM,-5.5,-5.3528,4,RO,Durum wheat,precip_mj,-0.0179923521867392
HadGEM3-GC3-1MM,-4.5,-4.3969,4,RO,Durum wheat,precip_mj,-0.0295510671870875
IPSL-CM6A-LR,-9.5,-9.3401,5,RO,Durum wheat,precip_mj,-0.0293999588057115
IPSL-CM6A-LR,-8.5,-8.4598,8,RO,Durum wheat,precip_mj,-0.0518147943907038
IPSL-CM6A-LR,-7.5,-7.5255,19,RO,Durum wheat,precip_mj,-0.0516432295965115
IPSL-CM6A-LR,-6.5,-6.5577,11,RO,Durum wheat,precip_mj,-0.0584280049341521
IPSL-CM6A-LR,-5.5,-5.5623,13,RO,Durum wheat,precip_mj,-0.0317922147101785
IPSL-CM6A-LR,-4.5,-4.3507,11,RO,Durum wheat,precip_mj,-0.0246823805970684
IPSL-CM6A-LR,-3.5,-3.4644,8,RO,Durum wheat,precip_mj,-0.0345210166651817
IPSL-CM6A-LR,-2.5,-2.5669,9,RO,Durum wheat,precip_mj,-0.0535117038055399
IPSL-CM6A-LR,-1.5,-1.2909,6,RO,Durum wheat,precip_mj,-0.0269928319424414
IPSL-CM6A-LR,-0.5,-0.6347,8,RO,Durum wheat,precip_mj,-0.0433785860646037
EC-Earth3,-9.5,-9.1554,4,SK,Durum wheat,precip_mj,0.0468711260643465
EC-Earth3,-8.5,-8.4726,15,SK,Durum wheat,precip_mj,-0.0132244678205723
EC-Earth3,-7.5,-7.5562,20,SK,Durum wheat,precip_mj,-0.00652717857903519
EC-Earth3,-6.5,-6.4767,21,SK,Durum wheat,precip_mj,-0.0503757913946872
EC-Earth3,-5.5,-5.3342,8,SK,Durum wheat,precip_mj,-0.0712440609285974
EC-Earth3,-4.5,-4.5495,8,SK,Durum wheat,precip_mj,-0.00592558177418612
EC-Earth3,-3.5,-3.3459,9,SK,Durum wheat,precip_mj,-0.0499054197741325
EC-Earth3,-2.5,-2.4493,5,SK,Durum wheat,precip_mj,-0.0395446792448962
EC-Earth3,-1.5,-1.3807,6,SK,Durum wheat,precip_mj,0.0566604321351021
EC-Earth3,-0.5,-0.6596,3,SK,Durum wheat,precip_mj,-0.0905301948899006
HadGEM3-GC3-1LL,-8.5,-8.3848,12,SK,Durum wheat,precip_mj,-0.0574146642224081
HadGEM3-GC3-1LL,-7.5,-7.5599,19,SK,Durum wheat,precip_mj,-0.0449613951466537
HadGEM3-GC3-1LL,-6.5,-6.5442,24,SK,Durum wheat,precip_mj,0.0132523693976388
HadGEM3-GC3-1LL,-5.5,-5.5797,10,SK,Durum wheat,precip_mj,-0.0229295773351479
HadGEM3-GC3-1LL,-4.5,-4.5263,6,SK,Durum wheat,precip_mj,0.0122891390392497
HadGEM3-GC3-1LL,-3.5,-3.7835,7,SK,Durum wheat,precip_mj,-0.0123191733897017
HadGEM3-GC3-1LL,-2.5,-2.4504,6,SK,Durum wheat,precip_mj,-0.0408170571247347
HadGEM3-GC3-1LL,-1.5,-1.3098,8,SK,Durum wheat,precip_mj,-0.0109774511305626
HadGEM3-GC3-1LL,-0.5,-0.331,6,SK,Durum wheat,precip_mj,0.0677771447060079
HadGEM3-GC3-1MM,-14.5,-14.3032,4,SK,Durum wheat,precip_mj,-0.10840576026397
HadGEM3-GC3-1MM,-13.5,-13.3931,8,SK,Durum wheat,precip_mj,-0.110023810895252
HadGEM3-GC3-1MM,-12.5,-12.588,13,SK,Durum wheat,precip_mj,-0.0938371849768994
HadGEM3-GC3-1MM,-11.5,-11.5321,21,SK,Durum wheat,precip_mj,-0.0811877214988657
HadGEM3-GC3-1MM,-10.5,-10.4803,10,SK,Durum wheat,precip_mj,-0.0998506646383439
HadGEM3-GC3-1MM,-9.5,-9.6161,7,SK,Durum wheat,precip_mj,-0.124958673364845
HadGEM3-GC3-1MM,-8.5,-8.6582,7,SK,Durum wheat,precip_mj,-0.0654973234374305
HadGEM3-GC3-1MM,-7.5,-7.6345,8,SK,Durum wheat,precip_mj,-0.06417895770502
HadGEM3-GC3-1MM,-6.5,-6.4299,4,SK,Durum wheat,precip_mj,-0.0768232633926933
HadGEM3-GC3-1MM,-5.5,-5.3528,4,SK,Durum wheat,precip_mj,-0.0851546938161202
HadGEM3-GC3-1MM,-4.5,-4.3969,4,SK,Durum wheat,precip_mj,-0.0539421580516041
IPSL-CM6A-LR,-9.5,-9.3401,5,SK,Durum wheat,precip_mj,-0.0836690048303752
IPSL-CM6A-LR,-8.5,-8.4598,8,SK,Durum wheat,precip_mj,-0.0377513345808317
IPSL-CM6A-LR,-7.5,-7.5255,19,SK,Durum wheat,precip_mj,-0.0496755546063524
IPSL-CM6A-LR,-6.5,-6.5577,11,SK,Durum wheat,precip_mj,-0.0621776871228153
IPSL-CM6A-LR,-5.5,-5.5623,13,SK,Durum wheat,precip_mj,-0.0372646092144981
IPSL-CM6A-LR,-4.5,-4.3507,11,SK,Durum wheat,precip_mj,-0.0220364917983984
IPSL-CM6A-LR,-3.5,-3.4644,8,SK,Durum wheat,precip_mj,-0.00590052413979145
IPSL-CM6A-LR,-2.5,-2.5669,9,SK,Durum wheat,precip_mj,-0.0460365209079069
IPSL-CM6A-LR,-1.5,-1.2909,6,SK,Durum wheat,precip_mj,-0.0453096626724072
IPSL-CM6A-LR,-0.5,-0.6347,8,SK,Durum wheat,precip_mj,-0.013632658269092
EC-Earth3,-9.5,-9.1554,4,CZ,Spring barley,precip_mj,0.0086263983774298
EC-Earth3,-8.5,-8.4726,15,CZ,Spring barley,precip_mj,-0.0401728635821434
EC-Earth3,-7.5,-7.5562,20,CZ,Spring barley,precip_mj,-0.0356771822648241
EC-Earth3,-6.5,-6.4767,21,CZ,Spring barley,precip_mj,-0.0579623885771825
EC-Earth3,-5.5,-5.3342,8,CZ,Spring barley,precip_mj,-0.0245599902368688
EC-Earth3,-4.5,-4.5495,8,CZ,Spring barley,precip_mj,-0.0283834544721164
EC-Earth3,-3.5,-3.3459,9,CZ,Spring barley,precip_mj,-0.0869979887949232
EC-Earth3,-2.5,-2.4493,5,CZ,Spring barley,precip_mj,-0.00025594274829646
EC-Earth3,-1.5,-1.3807,6,CZ,Spring barley,precip_mj,0.0186346323512484
EC-Earth3,-0.5,-0.6596,3,CZ,Spring barley,precip_mj,-0.0525593935496802
HadGEM3-GC3-1LL,-8.5,-8.3848,12,CZ,Spring barley,precip_mj,-0.0756987363936617
HadGEM3-GC3-1LL,-7.5,-7.5599,19,CZ,Spring barley,precip_mj,-0.066656517924944
HadGEM3-GC3-1LL,-6.5,-6.5442,24,CZ,Spring barley,precip_mj,-0.00176699550864916
HadGEM3-GC3-1LL,-5.5,-5.5797,10,CZ,Spring barley,precip_mj,-0.01334140700678
HadGEM3-GC3-1LL,-4.5,-4.5263,6,CZ,Spring barley,precip_mj,-0.0542789768227405
HadGEM3-GC3-1LL,-3.5,-3.7835,7,CZ,Spring barley,precip_mj,-0.0133855745959659
HadGEM3-GC3-1LL,-2.5,-2.4504,6,CZ,Spring barley,precip_mj,-0.0254358528264971
HadGEM3-GC3-1LL,-1.5,-1.3098,8,CZ,Spring barley,precip_mj,-0.00664808406104571
HadGEM3-GC3-1LL,-0.5,-0.331,6,CZ,Spring barley,precip_mj,0.0471103648256158
HadGEM3-GC3-1MM,-14.5,-14.3032,4,CZ,Spring barley,precip_mj,-0.0748937512238999
HadGEM3-GC3-1MM,-13.5,-13.3931,8,CZ,Spring barley,precip_mj,-0.106674029612486
HadGEM3-GC3-1MM,-12.5,-12.588,13,CZ,Spring barley,precip_mj,-0.114211224909301
HadGEM3-GC3-1MM,-11.5,-11.5321,21,CZ,Spring barley,precip_mj,-0.0816069651856297
HadGEM3-GC3-1MM,-10.5,-10.4803,10,CZ,Spring barley,precip_mj,-0.097433904312727
HadGEM3-GC3-1MM,-9.5,-9.6161,7,CZ,Spring barley,precip_mj,-0.117043361046669
HadGEM3-GC3-1MM,-8.5,-8.6582,7,CZ,Spring barley,precip_mj,-0.045830483526442
HadGEM3-GC3-1MM,-7.5,-7.6345,8,CZ,Spring barley,precip_mj,-0.0644867937361661
HadGEM3-GC3-1MM,-6.5,-6.4299,4,CZ,Spring barley,precip_mj,-0.0860127759654174
HadGEM3-GC3-1MM,-5.5,-5.3528,4,CZ,Spring barley,precip_mj,-0.0886983534943513
HadGEM3-GC3-1MM,-4.5,-4.3969,4,CZ,Spring barley,precip_mj,-0.0526889413867853
IPSL-CM6A-LR,-9.5,-9.3401,5,CZ,Spring barley,precip_mj,-0.0442617767132471
IPSL-CM6A-LR,-8.5,-8.4598,8,CZ,Spring barley,precip_mj,-0.055635365057852
IPSL-CM6A-LR,-7.5,-7.5255,19,CZ,Spring barley,precip_mj,-0.053070411234581
IPSL-CM6A-LR,-6.5,-6.5577,11,CZ,Spring barley,precip_mj,-0.0666129786735487
IPSL-CM6A-LR,-5.5,-5.5623,13,CZ,Spring barley,precip_mj,-0.0345829202003789
IPSL-CM6A-LR,-4.5,-4.3507,11,CZ,Spring barley,precip_mj,-0.0274239876238995
IPSL-CM6A-LR,-3.5,-3.4644,8,CZ,Spring barley,precip_mj,0.0017388686450926
IPSL-CM6A-LR,-2.5,-2.5669,9,CZ,Spring barley,precip_mj,-0.0480435612218164
IPSL-CM6A-LR,-1.5,-1.2909,6,CZ,Spring barley,precip_mj,-0.0383716691696524
IPSL-CM6A-LR,-0.5,-0.6347,8,CZ,Spring barley,precip_mj,0.0162813214576318
EC-Earth3,-9.5,-9.1554,4,DE,Spring barley,precip_mj,-0.00429602617791257
EC-Earth3,-8.5,-8.4726,15,DE,Spring barley,precip_mj,-0.0658103033578793
EC-Earth3,-7.5,-7.5562,20,DE,Spring barley,precip_mj,-0.0565458607155439
EC-Earth3,-6.5,-6.4767,21,DE,Spring barley,precip_mj,-0.0662079800752953
EC-Earth3,-5.5,-5.3342,8,DE,Spring barley,precip_mj,-0.0174430391097569
EC-Earth3,-4.5,-4.5495,8,DE,Spring barley,precip_mj,-0.0524995312286596
EC-Earth3,-3.5,-3.3459,9,DE,Spring barley,precip_mj,-0.0666656070269277
EC-Earth3,-2.5,-2.4493,5,DE,Spring barley,precip_mj,-0.0607152697337394
EC-Earth3,-1.5,-1.3807,6,DE,Spring barley,precip_mj,-0.013998411496654
EC-Earth3,-0.5,-0.6596,3,DE,Spring barley,precip_mj,-0.0145865913237152
HadGEM3-GC3-1LL,-8.5,-8.3848,12,DE,Spring barley,precip_mj,-0.0785625643757714
HadGEM3-GC3-1LL,-7.5,-7.5599,19,DE,Spring barley,precip_mj,-0.0500901644663669
HadGEM3-GC3-1LL,-6.5,-6.5442,24,DE,Spring barley,precip_mj,-0.0346830062886384
HadGEM3-GC3-1LL,-5.5,-5.5797,10,DE,Spring barley,precip_mj,-0.0382916888446128
HadGEM3-GC3-1LL,-4.5,-4.5263,6,DE,Spring barley,precip_mj,-0.0787653226812035
HadGEM3-GC3-1LL,-3.5,-3.7835,7,DE,Spring barley,precip_mj,-0.0208608268902098
HadGEM3-GC3-1LL,-2.5,-2.4504,6,DE,Spring barley,precip_mj,-0.0688861226442419
HadGEM3-GC3-1LL,-1.5,-1.3098,8,DE,Spring barley,precip_mj,0.00904774947075513
HadGEM3-GC3-1LL,-0.5,-0.331,6,DE,Spring barley,precip_mj,-0.0229876604456371
HadGEM3-GC3-1MM,-14.5,-14.3032,4,DE,Spring barley,precip_mj,-0.0768714020143895
HadGEM3-GC3-1MM,-13.5,-13.3931,8,DE,Spring barley,precip_mj,-0.0738375864929081
HadGEM3-GC3-1MM,-12.5,-12.588,13,DE,Spring barley,precip_mj,-0.121506815994599
HadGEM3-GC3-1MM,-11.5,-11.5321,21,DE,Spring barley,precip_mj,-0.104716800316689
HadGEM3-GC3-1MM,-10.5,-10.4803,10,DE,Spring barley,precip_mj,-0.0924173533763024
HadGEM3-GC3-1MM,-9.5,-9.6161,7,DE,Spring barley,precip_mj,-0.0829435379702261
HadGEM3-GC3-1MM,-8.5,-8.6582,7,DE,Spring barley,precip_mj,-0.0719411754104207
HadGEM3-GC3-1MM,-7.5,-7.6345,8,DE,Spring barley,precip_mj,-0.0357186538044896
HadGEM3-GC3-1MM,-6.5,-6.4299,4,DE,Spring barley,precip_mj,-0.0359416347476715
HadGEM3-GC3-1MM,-5.5,-5.3528,4,DE,Spring barley,precip_mj,-0.0497099188803689
HadGEM3-GC3-1MM,-4.5,-4.3969,4,DE,Spring barley,precip_mj,-0.0542134874957538
IPSL-CM6A-LR,-9.5,-9.3401,5,DE,Spring barley,precip_mj,-0.0726844752249196
IPSL-CM6A-LR,-8.5,-8.4598,8,DE,Spring barley,precip_mj,-0.0613736555010138
IPSL-CM6A-LR,-7.5,-7.5255,19,DE,Spring barley,precip_mj,-0.0574070550140209
IPSL-CM6A-LR,-6.5,-6.5577,11,DE,Spring barley,precip_mj,-0.077341245839179
IPSL-CM6A-LR,-5.5,-5.5623,13,DE,Spring barley,precip_mj,-0.0596992246012284
IPSL-CM6A-LR,-4.5,-4.3507,11,DE,Spring barley,precip_mj,-0.030144470060457
IPSL-CM6A-LR,-3.5,-3.4644,8,DE,Spring barley,precip_mj,-0.00982116088864215
IPSL-CM6A-LR,-2.5,-2.5669,9,DE,Spring barley,precip_mj,-0.0568917482442245
IPSL-CM6A-LR,-1.5,-1.2909,6,DE,Spring barley,precip_mj,0.00135770862842072
IPSL-CM6A-LR,-0.5,-0.6347,8,DE,Spring barley,precip_mj,-0.00591815120627326
EC-Earth3,-9.5,-9.1554,4,DK,Spring barley,precip_mj,0.00293175528815395
EC-Earth3,-8.5,-8.4726,15,DK,Spring barley,precip_mj,-0.0475765921791497
EC-Earth3,-7.5,-7.5562,20,DK,Spring barley,precip_mj,-0.0381884484515972
EC-Earth3,-6.5,-6.4767,21,DK,Spring barley,precip_mj,-0.0327122498106176
EC-Earth3,-5.5,-5.3342,8,DK,Spring barley,precip_mj,-0.00757166158614898
EC-Earth3,-4.5,-4.5495,8,DK,Spring barley,precip_mj,-0.025490860608079
EC-Earth3,-3.5,-3.3459,9,DK,Spring barley,precip_mj,-0.0436445013393519
EC-Earth3,-2.5,-2.4493,5,DK,Spring barley,precip_mj,-0.0125318054563769
EC-Earth3,-1.5,-1.3807,6,DK,Spring barley,precip_mj,-0.00222390758048955
EC-Earth3,-0.5,-0.6596,3,DK,Spring barley,precip_mj,0.0730975999025189
HadGEM3-GC3-1LL,-8.5,-8.3848,12,DK,Spring barley,precip_mj,-0.0563273391728931
HadGEM3-GC3-1LL,-7.5,-7.5599,19,DK,Spring barley,precip_mj,-0.0277872173510996
HadGEM3-GC3-1LL,-6.5,-6.5442,24,DK,Spring barley,precip_mj,-0.0388333184828939
HadGEM3-GC3-1LL,-5.5,-5.5797,10,DK,Spring barley,precip_mj,-0.0192220136375771
HadGEM3-GC3-1LL,-4.5,-4.5263,6,DK,Spring barley,precip_mj,-0.043515445951794
HadGEM3-GC3-1LL,-3.5,-3.7835,7,DK,Spring barley,precip_mj,-0.0265908926775382
HadGEM3-GC3-1LL,-2.5,-2.4504,6,DK,Spring barley,precip_mj,-0.064373856276306
HadGEM3-GC3-1LL,-1.5,-1.3098,8,DK,Spring barley,precip_mj,0.0221652299572045
HadGEM3-GC3-1LL,-0.5,-0.331,6,DK,Spring barley,precip_mj,-0.0239289906288426
HadGEM3-GC3-1MM,-14.5,-14.3032,4,DK,Spring barley,precip_mj,-0.0599298376898984
HadGEM3-GC3-1MM,-13.5,-13.3931,8,DK,Spring barley,precip_mj,-0.105829904663827
HadGEM3-GC3-1MM,-12.5,-12.588,13,DK,Spring barley,precip_mj,-0.0935894355625928
HadGEM3-GC3-1MM,-11.5,-11.5321,21,DK,Spring barley,precip_mj,-0.0871088865173451
HadGEM3-GC3-1MM,-10.5,-10.4803,10,DK,Spring barley,precip_mj,-0.0596752590679627
HadGEM3-GC3-1MM,-9.5,-9.6161,7,DK,Spring barley,precip_mj,-0.0474349852701034
HadGEM3-GC3-1MM,-8.5,-8.6582,7,DK,Spring barley,precip_mj,-0.0733414148711492
HadGEM3-GC3-1MM,-7.5,-7.6345,8,DK,Spring barley,precip_mj,-0.00263194883683763
HadGEM3-GC3-1MM,-6.5,-6.4299,4,DK,Spring barley,precip_mj,-0.0210464233468442
HadGEM3-GC3-1MM,-5.5,-5.3528,4,DK,Spring barley,precip_mj,-0.0223309528019311
HadGEM3-GC3-1MM,-4.5,-4.3969,4,DK,Spring barley,precip_mj,-0.0559620435250498
IPSL-CM6A-LR,-9.5,-9.3401,5,DK,Spring barley,precip_mj,-0.0475657621703883
IPSL-CM6A-LR,-8.5,-8.4598,8,DK,Spring barley,precip_mj,0.00768639092943835
IPSL-CM6A-LR,-7.5,-7.5255,19,DK,Spring barley,precip_mj,-0.0501753085287662
IPSL-CM6A-LR,-6.5,-6.5577,11,DK,Spring barley,precip_mj,-0.0473322099705827
IPSL-CM6A-LR,-5.5,-5.5623,13,DK,Spring barley,precip_mj,-0.0419539639253479
IPSL-CM6A-LR,-4.5,-4.3507,11,DK,Spring barley,precip_mj,0.0247190850871336
IPSL-CM6A-LR,-3.5,-3.4644,8,DK,Spring barley,precip_mj,0.0271264259796864
IPSL-CM6A-LR,-2.5,-2.5669,9,DK,Spring barley,precip_mj,-0.0310436876972678
IPSL-CM6A-LR,-1.5,-1.2909,6,DK,Spring barley,precip_mj,-0.00401973780898809
IPSL-CM6A-LR,-0.5,-0.6347,8,DK,Spring barley,precip_mj,0.0389277314885106
EC-Earth3,-9.5,-9.1554,4,EE,Spring barley,precip_mj,-0.0603889869641534
EC-Earth3,-8.5,-8.4726,15,EE,Spring barley,precip_mj,-0.0662375702023122
EC-Earth3,-7.5,-7.5562,20,EE,Spring barley,precip_mj,-0.0385908955126016
EC-Earth3,-6.5,-6.4767,21,EE,Spring barley,precip_mj,-0.0219029251320788
EC-Earth3,-5.5,-5.3342,8,EE,Spring barley,precip_mj,-0.04845019891817
EC-Earth3,-4.5,-4.5495,8,EE,Spring barley,precip_mj,-0.0160932190040732
EC-Earth3,-3.5,-3.3459,9,EE,Spring barley,precip_mj,-0.0278553980869742
EC-Earth3,-2.5,-2.4493,5,EE,Spring barley,precip_mj,-0.00835313294607186
EC-Earth3,-1.5,-1.3807,6,EE,Spring barley,precip_mj,-0.00724255262065844
EC-Earth3,-0.5,-0.6596,3,EE,Spring barley,precip_mj,-0.0207064135043519
HadGEM3-GC3-1LL,-8.5,-8.3848,12,EE,Spring barley,precip_mj,-0.0431591674143316
HadGEM3-GC3-1LL,-7.5,-7.5599,19,EE,Spring barley,precip_mj,-0.0183306956496261
HadGEM3-GC3-1LL,-6.5,-6.5442,24,EE,Spring barley,precip_mj,-0.050758579715446
HadGEM3-GC3-1LL,-5.5,-5.5797,10,EE,Spring barley,precip_mj,-0.0416234470926678
HadGEM3-GC3-1LL,-4.5,-4.5263,6,EE,Spring barley,precip_mj,-0.0317696655334525
HadGEM3-GC3-1LL,-3.5,-3.7835,7,EE,Spring barley,precip_mj,-0.0187991272538176
HadGEM3-GC3-1LL,-2.5,-2.4504,6,EE,Spring barley,precip_mj,0.0175122339750706
HadGEM3-GC3-1LL,-1.5,-1.3098,8,EE,Spring barley,precip_mj,0.0174033696718171
HadGEM3-GC3-1LL,-0.5,-0.331,6,EE,Spring barley,precip_mj,0.00988988327723206
HadGEM3-GC3-1MM,-14.5,-14.3032,4,EE,Spring barley,precip_mj,-0.0668469826782711
HadGEM3-GC3-1MM,-13.5,-13.3931,8,EE,Spring barley,precip_mj,-0.0719018620900355
HadGEM3-GC3-1MM,-12.5,-12.588,13,EE,Spring barley,precip_mj,-0.0750520573963234
HadGEM3-GC3-1MM,-11.5,-11.5321,21,EE,Spring barley,precip_mj,-0.0668445553523467
HadGEM3-GC3-1MM,-10.5,-10.4803,10,EE,Spring barley,precip_mj,-0.0158618066099456
HadGEM3-GC3-1MM,-9.5,-9.6161,7,EE,Spring barley,precip_mj,-0.0795349014556352
HadGEM3-GC3-1MM,-8.5,-8.6582,7,EE,Spring barley,precip_mj,-0.0374712285900997
HadGEM3-GC3-1MM,-7.5,-7.6345,8,EE,Spring barley,precip_mj,0.0106466506962342
HadGEM3-GC3-1MM,-6.5,-6.4299,4,EE,Spring barley,precip_mj,-0.00617870882624319
HadGEM3-GC3-1MM,-5.5,-5.3528,4,EE,Spring barley,precip_mj,0.00279177550931829
HadGEM3-GC3-1MM,-4.5,-4.3969,4,EE,Spring barley,precip_mj,0.00103819283107217
IPSL-CM6A-LR,-9.5,-9.3401,5,EE,Spring barley,precip_mj,-0.052168078753856
IPSL-CM6A-LR,-8.5,-8.4598,8,EE,Spring barley,precip_mj,-0.0407096339196496
IPSL-CM6A-LR,-7.5,-7.5255,19,EE,Spring barley,precip_mj,-0.0637516628763511
IPSL-CM6A-LR,-6.5,-6.5577,11,EE,Spring barley,precip_mj,-0.0740256895664885
IPSL-CM6A-LR,-5.5,-5.5623,13,EE,Spring barley,precip_mj,-0.00837346180364897
IPSL-CM6A-LR,-4.5,-4.3507,11,EE,Spring barley,precip_mj,0.0138499006666488
IPSL-CM6A-LR,-3.5,-3.4644,8,EE,Spring barley,precip_mj,-0.022698493434774
IPSL-CM6A-LR,-2.5,-2.5669,9,EE,Spring barley,precip_mj,-0.00555081102667849
IPSL-CM6A-LR,-1.5,-1.2909,6,EE,Spring barley,precip_mj,-0.0294268253742481
IPSL-CM6A-LR,-0.5,-0.6347,8,EE,Spring barley,precip_mj,0.00910357965057184
EC-Earth3,-9.5,-9.1554,4,ES,Spring barley,precip_mj,-0.050168640413486
EC-Earth3,-8.5,-8.4726,15,ES,Spring barley,precip_mj,-0.0313612829650497
EC-Earth3,-7.5,-7.5562,20,ES,Spring barley,precip_mj,-0.030464412573775
EC-Earth3,-6.5,-6.4767,21,ES,Spring barley,precip_mj,-0.0564303166577622
EC-Earth3,-5.5,-5.3342,8,ES,Spring barley,precip_mj,-0.0740671550574632
EC-Earth3,-4.5,-4.5495,8,ES,Spring barley,precip_mj,-0.0698791356707738
EC-Earth3,-3.5,-3.3459,9,ES,Spring barley,precip_mj,0.00602104287605388
EC-Earth3,-2.5,-2.4493,5,ES,Spring barley,precip_mj,-0.046752937385034
EC-Earth3,-1.5,-1.3807,6,ES,Spring barley,precip_mj,-0.0151449234681294
EC-Earth3,-0.5,-0.6596,3,ES,Spring barley,precip_mj,-0.048215112848832
HadGEM3-GC3-1LL,-8.5,-8.3848,12,ES,Spring barley,precip_mj,-0.0332696827010731
HadGEM3-GC3-1LL,-7.5,-7.5599,19,ES,Spring barley,precip_mj,-0.0200712504958552
HadGEM3-GC3-1LL,-6.5,-6.5442,24,ES,Spring barley,precip_mj,-0.0186206519500401
HadGEM3-GC3-1LL,-5.5,-5.5797,10,ES,Spring barley,precip_mj,-0.0186531269649492
HadGEM3-GC3-1LL,-4.5,-4.5263,6,ES,Spring barley,precip_mj,-0.0552989389868047
HadGEM3-GC3-1LL,-3.5,-3.7835,7,ES,Spring barley,precip_mj,-0.0209912930687993
HadGEM3-GC3-1LL,-2.5,-2.4504,6,ES,Spring barley,precip_mj,-0.0242479976540193
HadGEM3-GC3-1LL,-1.5,-1.3098,8,ES,Spring barley,precip_mj,-0.031296035886603
HadGEM3-GC3-1LL,-0.5,-0.331,6,ES,Spring barley,precip_mj,-0.0378508638644691
HadGEM3-GC3-1MM,-14.5,-14.3032,4,ES,Spring barley,precip_mj,-0.0553919185973862
HadGEM3-GC3-1MM,-13.5,-13.3931,8,ES,Spring barley,precip_mj,-0.0276925477883987
HadGEM3-GC3-1MM,-12.5,-12.588,13,ES,Spring barley,precip_mj,-0.0542911359087138
HadGEM3-GC3-1MM,-11.5,-11.5321,21,ES,Spring barley,precip_mj,-0.0755425383919651
HadGEM3-GC3-1MM,-10.5,-10.4803,10,ES,Spring barley,precip_mj,-0.078765889308668
HadGEM3-GC3-1MM,-9.5,-9.6161,7,ES,Spring barley,precip_mj,-0.0449616524548136
HadGEM3-GC3-1MM,-8.5,-8.6582,7,ES,Spring barley,precip_mj,-0.0359204590849566
HadGEM3-GC3-1MM,-7.5,-7.6345,8,ES,Spring barley,precip_mj,-0.0766914914397058
HadGEM3-GC3-1MM,-6.5,-6.4299,4,ES,Spring barley,precip_mj,-0.0597937556977678
HadGEM3-GC3-1MM,-5.5,-5.3528,4,ES,Spring barley,precip_mj,-0.0324277646746947
HadGEM3-GC3-1MM,-4.5,-4.3969,4,ES,Spring barley,precip_mj,0.0488256850656717
IPSL-CM6A-LR,-9.5,-9.3401,5,ES,Spring barley,precip_mj,-0.0331081846288931
IPSL-CM6A-LR,-8.5,-8.4598,8,ES,Spring barley,precip_mj,-0.0634393657496635
IPSL-CM6A-LR,-7.5,-7.5255,19,ES,Spring barley,precip_mj,-0.0539689658922166
IPSL-CM6A-LR,-6.5,-6.5577,11,ES,Spring barley,precip_mj,-0.0498717003203772
IPSL-CM6A-LR,-5.5,-5.5623,13,ES,Spring barley,precip_mj,-0.045647917236693
IPSL-CM6A-LR,-4.5,-4.3507,11,ES,Spring barley,precip_mj,-0.0413177194012661
IPSL-CM6A-LR,-3.5,-3.4644,8,ES,Spring barley,precip_mj,-0.0538192021643374
IPSL-CM6A-LR,-2.5,-2.5669,9,ES,Spring barley,precip_mj,0.0163939931988082
IPSL-CM6A-LR,-1.5,-1.2909,6,ES,Spring barley,precip_mj,-0.0234958049722908
IPSL-CM6A-LR,-0.5,-0.6347,8,ES,Spring barley,precip_mj,-0.0339977573811187
EC-Earth3,-9.5,-9.1554,4,FI,Spring barley,precip_mj,-0.0206768843688621
EC-Earth3,-8.5,-8.4726,15,FI,Spring barley,precip_mj,-0.0375198625480592
EC-Earth3,-7.5,-7.5562,20,FI,Spring barley,precip_mj,-0.0426380682767662
EC-Earth3,-6.5,-6.4767,21,FI,Spring barley,precip_mj,-0.0192557571776165
EC-Earth3,-5.5,-5.3342,8,FI,Spring barley,precip_mj,-0.0452571292037516
EC-Earth3,-4.5,-4.5495,8,FI,Spring barley,precip_mj,-0.0251879936842162
EC-Earth3,-3.5,-3.3459,9,FI,Spring barley,precip_mj,-0.046785468253846
EC-Earth3,-2.5,-2.4493,5,FI,Spring barley,precip_mj,0.0209370610517312
EC-Earth3,-1.5,-1.3807,6,FI,Spring barley,precip_mj,0.0065565252771523
EC-Earth3,-0.5,-0.6596,3,FI,Spring barley,precip_mj,-0.0183830129199223
HadGEM3-GC3-1LL,-8.5,-8.3848,12,FI,Spring barley,precip_mj,-0.0327890978682402
HadGEM3-GC3-1LL,-7.5,-7.5599,19,FI,Spring barley,precip_mj,-0.0348755212028336
HadGEM3-GC3-1LL,-6.5,-6.5442,24,FI,Spring barley,precip_mj,-0.0453128990237604
HadGEM3-GC3-1LL,-5.5,-5.5797,10,FI,Spring barley,precip_mj,-0.0488250759426791
HadGEM3-GC3-1LL,-4.5,-4.5263,6,FI,Spring barley,precip_mj,-0.0237562586672461
HadGEM3-GC3-1LL,-3.5,-3.7835,7,FI,Spring barley,precip_mj,-0.0132001407969722
HadGEM3-GC3-1LL,-2.5,-2.4504,6,FI,Spring barley,precip_mj,-0.0152351588164221
HadGEM3-GC3-1LL,-1.5,-1.3098,8,FI,Spring barley,precip_mj,0.00337735907548076
HadGEM3-GC3-1LL,-0.5,-0.331,6,FI,Spring barley,precip_mj,-0.000458115829845771
HadGEM3-GC3-1MM,-14.5,-14.3032,4,FI,Spring barley,precip_mj,-0.0854832578024836
HadGEM3-GC3-1MM,-13.5,-13.3931,8,FI,Spring barley,precip_mj,-0.087769502603972
HadGEM3-GC3-1MM,-12.5,-12.588,13,FI,Spring barley,precip_mj,-0.0914199770409203
HadGEM3-GC3-1MM,-11.5,-11.5321,21,FI,Spring barley,precip_mj,-0.0744004084014339
HadGEM3-GC3-1MM,-10.5,-10.4803,10,FI,Spring barley,precip_mj,-0.0551505594393473
HadGEM3-GC3-1MM,-9.5,-9.6161,7,FI,Spring barley,precip_mj,-0.0844295385571563
HadGEM3-GC3-1MM,-8.5,-8.6582,7,FI,Spring barley,precip_mj,-0.0454805648249891
HadGEM3-GC3-1MM,-7.5,-7.6345,8,FI,Spring barley,precip_mj,-0.019196720233238
HadGEM3-GC3-1MM,-6.5,-6.4299,4,FI,Spring barley,precip_mj,0.00819270452496849
HadGEM3-GC3-1MM,-5.5,-5.3528,4,FI,Spring barley,precip_mj,-0.00932296804344689
HadGEM3-GC3-1MM,-4.5,-4.3969,4,FI,Spring barley,precip_mj,-0.0226253820253591
IPSL-CM6A-LR,-9.5,-9.3401,5,FI,Spring barley,precip_mj,-0.0845542832862897
IPSL-CM6A-LR,-8.5,-8.4598,8,FI,Spring barley,precip_mj,-0.0211756003049732
IPSL-CM6A-LR,-7.5,-7.5255,19,FI,Spring barley,precip_mj,-0.0582444861821866
IPSL-CM6A-LR,-6.5,-6.5577,11,FI,Spring barley,precip_mj,-0.0609332938974815
IPSL-CM6A-LR,-5.5,-5.5623,13,FI,Spring barley,precip_mj,-0.0334339637651825
IPSL-CM6A-LR,-4.5,-4.3507,11,FI,Spring barley,precip_mj,-0.0134923084036042
IPSL-CM6A-LR,-3.5,-3.4644,8,FI,Spring barley,precip_mj,-0.00550895185764404
IPSL-CM6A-LR,-2.5,-2.5669,9,FI,Spring barley,precip_mj,-0.0226757277490038
IPSL-CM6A-LR,-1.5,-1.2909,6,FI,Spring barley,precip_mj,-0.0136199009438731
IPSL-CM6A-LR,-0.5,-0.6347,8,FI,Spring barley,precip_mj,0.0245651702532599
EC-Earth3,-9.5,-9.1554,4,FR,Spring barley,precip_mj,0.0126647211780508
EC-Earth3,-8.5,-8.4726,15,FR,Spring barley,precip_mj,-0.0545001142798643
EC-Earth3,-7.5,-7.5562,20,FR,Spring barley,precip_mj,-0.034692199822511
EC-Earth3,-6.5,-6.4767,21,FR,Spring barley,precip_mj,-0.0647547946459835
EC-Earth3,-5.5,-5.3342,8,FR,Spring barley,precip_mj,-0.0146684361728001
EC-Earth3,-4.5,-4.5495,8,FR,Spring barley,precip_mj,-0.075879314398571
EC-Earth3,-3.5,-3.3459,9,FR,Spring barley,precip_mj,-0.0404273595376656
EC-Earth3,-2.5,-2.4493,5,FR,Spring barley,precip_mj,-0.0586222046986348
EC-Earth3,-1.5,-1.3807,6,FR,Spring barley,precip_mj,-0.03039585666379
EC-Earth3,-0.5,-0.6596,3,FR,Spring barley,precip_mj,-0.00362765197880224
HadGEM3-GC3-1LL,-8.5,-8.3848,12,FR,Spring barley,precip_mj,-0.0733942303871351
HadGEM3-GC3-1LL,-7.5,-7.5599,19,FR,Spring barley,precip_mj,-0.0416230915384945
HadGEM3-GC3-1LL,-6.5,-6.5442,24,FR,Spring barley,precip_mj,-0.0518082820734997
HadGEM3-GC3-1LL,-5.5,-5.5797,10,FR,Spring barley,precip_mj,-0.0116047480232711
HadGEM3-GC3-1LL,-4.5,-4.5263,6,FR,Spring barley,precip_mj,-0.109047376506808
HadGEM3-GC3-1LL,-3.5,-3.7835,7,FR,Spring barley,precip_mj,-0.0164435756911014
HadGEM3-GC3-1LL,-2.5,-2.4504,6,FR,Spring barley,precip_mj,-0.099184415787177
HadGEM3-GC3-1LL,-1.5,-1.3098,8,FR,Spring barley,precip_mj,0.00643411688145518
HadGEM3-GC3-1LL,-0.5,-0.331,6,FR,Spring barley,precip_mj,-0.0391336940969032
HadGEM3-GC3-1MM,-14.5,-14.3032,4,FR,Spring barley,precip_mj,-0.0794824806521508
HadGEM3-GC3-1MM,-13.5,-13.3931,8,FR,Spring barley,precip_mj,-0.0786334607844532
HadGEM3-GC3-1MM,-12.5,-12.588,13,FR,Spring barley,precip_mj,-0.0842523240452168
HadGEM3-GC3-1MM,-11.5,-11.5321,21,FR,Spring barley,precip_mj,-0.117709851438161
HadGEM3-GC3-1MM,-10.5,-10.4803,10,FR,Spring barley,precip_mj,-0.0874465565380379
HadGEM3-GC3-1MM,-9.5,-9.6161,7,FR,Spring barley,precip_mj,-0.0357009117355423
HadGEM3-GC3-1MM,-8.5,-8.6582,7,FR,Spring barley,precip_mj,-0.0933481134458443
HadGEM3-GC3-1MM,-7.5,-7.6345,8,FR,Spring barley,precip_mj,-0.0488700130591066
HadGEM3-GC3-1MM,-6.5,-6.4299,4,FR,Spring barley,precip_mj,-0.057822164059222
HadGEM3-GC3-1MM,-5.5,-5.3528,4,FR,Spring barley,precip_mj,-0.00719407260350267
HadGEM3-GC3-1MM,-4.5,-4.3969,4,FR,Spring barley,precip_mj,0.0166488830371005
IPSL-CM6A-LR,-9.5,-9.3401,5,FR,Spring barley,precip_mj,-0.0601492090838813
IPSL-CM6A-LR,-8.5,-8.4598,8,FR,Spring barley,precip_mj,-0.050900134310916
IPSL-CM6A-LR,-7.5,-7.5255,19,FR,Spring barley,precip_mj,-0.0562868345528067
IPSL-CM6A-LR,-6.5,-6.5577,11,FR,Spring barley,precip_mj,-0.0724392655701795
IPSL-CM6A-LR,-5.5,-5.5623,13,FR,Spring barley,precip_mj,-0.0454399728101983
IPSL-CM6A-LR,-4.5,-4.3507,11,FR,Spring barley,precip_mj,-0.0305433955463945
IPSL-CM6A-LR,-3.5,-3.4644,8,FR,Spring barley,precip_mj,-0.031512952682849
IPSL-CM6A-LR,-2.5,-2.5669,9,FR,Spring barley,precip_mj,-0.0540262428628336
IPSL-CM6A-LR,-1.5,-1.2909,6,FR,Spring barley,precip_mj,0.019617837004288
IPSL-CM6A-LR,-0.5,-0.6347,8,FR,Spring barley,precip_mj,-0.00189735561517798
EC-Earth3,-9.5,-9.1554,4,HU,Spring barley,precip_mj,0.0222655759792001
EC-Earth3,-8.5,-8.4726,15,HU,Spring barley,precip_mj,0.00735488861706255
EC-Earth3,-7.5,-7.5562,20,HU,Spring barley,precip_mj,-0.00985465741099896
EC-Earth3,-6.5,-6.4767,21,HU,Spring barley,precip_mj,-0.0400211057659569
EC-Earth3,-5.5,-5.3342,8,HU,Spring barley,precip_mj,-0.0684888736797983
EC-Earth3,-4.5,-4.5495,8,HU,Spring barley,precip_mj,-0.0087685614032813
EC-Earth3,-3.5,-3.3459,9,HU,Spring barley,precip_mj,-0.00448167627676248
EC-Earth3,-2.5,-2.4493,5,HU,Spring barley,precip_mj,-0.0769448445940666
EC-Earth3,-1.5,-1.3807,6,HU,Spring barley,precip_mj,0.0658321219805614
EC-Earth3,-0.5,-0.6596,3,HU,Spring barley,precip_mj,-0.0794554738886091
HadGEM3-GC3-1LL,-8.5,-8.3848,12,HU,Spring barley,precip_mj,-0.0518684554683013
HadGEM3-GC3-1LL,-7.5,-7.5599,19,HU,Spring barley,precip_mj,-0.0519591751856482
HadGEM3-GC3-1LL,-6.5,-6.5442,24,HU,Spring barley,precip_mj,-0.00217080304954747
HadGEM3-GC3-1LL,-5.5,-5.5797,10,HU,Spring barley,precip_mj,-0.0254687778670811
HadGEM3-GC3-1LL,-4.5,-4.5263,6,HU,Spring barley,precip_mj,0.0267770635962707
HadGEM3-GC3-1LL,-3.5,-3.7835,7,HU,Spring barley,precip_mj,-0.00135531075712943
HadGEM3-GC3-1LL,-2.5,-2.4504,6,HU,Spring barley,precip_mj,-0.0425835796859537
HadGEM3-GC3-1LL,-1.5,-1.3098,8,HU,Spring barley,precip_mj,-0.0202266861797226
HadGEM3-GC3-1LL,-0.5,-0.331,6,HU,Spring barley,precip_mj,0.0226579144538718
HadGEM3-GC3-1MM,-14.5,-14.3032,4,HU,Spring barley,precip_mj,-0.112663467496916
HadGEM3-GC3-1MM,-13.5,-13.3931,8,HU,Spring barley,precip_mj,-0.0798320613289098
HadGEM3-GC3-1MM,-12.5,-12.588,13,HU,Spring barley,precip_mj,-0.0835525082039792
HadGEM3-GC3-1MM,-11.5,-11.5321,21,HU,Spring barley,precip_mj,-0.0700079740731926
HadGEM3-GC3-1MM,-10.5,-10.4803,10,HU,Spring barley,precip_mj,-0.0783222391060593
HadGEM3-GC3-1MM,-9.5,-9.6161,7,HU,Spring barley,precip_mj,-0.0867179714353903
HadGEM3-GC3-1MM,-8.5,-8.6582,7,HU,Spring barley,precip_mj,-0.0666650914595422
HadGEM3-GC3-1MM,-7.5,-7.6345,8,HU,Spring barley,precip_mj,-0.0375401371846506
HadGEM3-GC3-1MM,-6.5,-6.4299,4,HU,Spring barley,precip_mj,-0.0518754364525377
HadGEM3-GC3-1MM,-5.5,-5.3528,4,HU,Spring barley,precip_mj,-0.060953498992501
HadGEM3-GC3-1MM,-4.5,-4.3969,4,HU,Spring barley,precip_mj,-0.00437110463043513
IPSL-CM6A-LR,-9.5,-9.3401,5,HU,Spring barley,precip_mj,-0.0679664273584266
IPSL-CM6A-LR,-8.5,-8.4598,8,HU,Spring barley,precip_mj,-0.0472393985665798
IPSL-CM6A-LR,-7.5,-7.5255,19,HU,Spring barley,precip_mj,-0.0490830271540353
IPSL-CM6A-LR,-6.5,-6.5577,11,HU,Spring barley,precip_mj,-0.0524339875788237
IPSL-CM6A-LR,-5.5,-5.5623,13,HU,Spring barley,precip_mj,-0.0361780235107764
IPSL-CM6A-LR,-4.5,-4.3507,11,HU,Spring barley,precip_mj,-0.0343088441701786
IPSL-CM6A-LR,-3.5,-3.4644,8,HU,Spring barley,precip_mj,-0.0104988025324993
IPSL-CM6A-LR,-2.5,-2.5669,9,HU,Spring barley,precip_mj,-0.0457734392518987
IPSL-CM6A-LR,-1.5,-1.2909,6,HU,Spring barley,precip_mj,-0.0321458842639698
IPSL-CM6A-LR,-0.5,-0.6347,8,HU,Spring barley,precip_mj,-0.036811281944391
EC-Earth3,-9.5,-9.1554,4,LT,Spring barley,precip_mj,-0.0305426291435592
EC-Earth3,-8.5,-8.4726,15,LT,Spring barley,precip_mj,-0.0626239199440543
EC-Earth3,-7.5,-7.5562,20,LT,Spring barley,precip_mj,-0.0588044800326672
EC-Earth3,-6.5,-6.4767,21,LT,Spring barley,precip_mj,-0.037900171606613
EC-Earth3,-5.5,-5.3342,8,LT,Spring barley,precip_mj,-0.0332056580172884
EC-Earth3,-4.5,-4.5495,8,LT,Spring barley,precip_mj,-0.0152646964909022
EC-Earth3,-3.5,-3.3459,9,LT,Spring barley,precip_mj,-0.0520253719510621
EC-Earth3,-2.5,-2.4493,5,LT,Spring barley,precip_mj,-0.0166325034938333
EC-Earth3,-1.5,-1.3807,6,LT,Spring barley,precip_mj,-0.0336400836072265
EC-Earth3,-0.5,-0.6596,3,LT,Spring barley,precip_mj,-0.0646502198796212
HadGEM3-GC3-1LL,-8.5,-8.3848,12,LT,Spring barley,precip_mj,-0.0640266606373789
HadGEM3-GC3-1LL,-7.5,-7.5599,19,LT,Spring barley,precip_mj,-0.049911453060338
HadGEM3-GC3-1LL,-6.5,-6.5442,24,LT,Spring barley,precip_mj,-0.0470509267434755
HadGEM3-GC3-1LL,-5.5,-5.5797,10,LT,Spring barley,precip_mj,-0.0632287239206675
HadGEM3-GC3-1LL,-4.5,-4.5263,6,LT,Spring barley,precip_mj,-0.0273272336165279
HadGEM3-GC3-1LL,-3.5,-3.7835,7,LT,Spring barley,precip_mj,-0.0270977060154098
HadGEM3-GC3-1LL,-2.5,-2.4504,6,LT,Spring barley,precip_mj,-0.0231428323147888
HadGEM3-GC3-1LL,-1.5,-1.3098,8,LT,Spring barley,precip_mj,0.0157289871874115
HadGEM3-GC3-1LL,-0.5,-0.331,6,LT,Spring barley,precip_mj,0.00781678691264713
HadGEM3-GC3-1MM,-14.5,-14.3032,4,LT,Spring barley,precip_mj,-0.0682017008496398
HadGEM3-GC3-1MM,-13.5,-13.3931,8,LT,Spring barley,precip_mj,-0.0654751512555229
HadGEM3-GC3-1MM,-12.5,-12.588,13,LT,Spring barley,precip_mj,-0.102739550879625
HadGEM3-GC3-1MM,-11.5,-11.5321,21,LT,Spring barley,precip_mj,-0.0841204959137154
HadGEM3-GC3-1MM,-10.5,-10.4803,10,LT,Spring barley,precip_mj,-0.0479108782080437
HadGEM3-GC3-1MM,-9.5,-9.6161,7,LT,Spring barley,precip_mj,-0.0816945970438862
HadGEM3-GC3-1MM,-8.5,-8.6582,7,LT,Spring barley,precip_mj,-0.051182803425237
HadGEM3-GC3-1MM,-7.5,-7.6345,8,LT,Spring barley,precip_mj,-0.00963649078790026
HadGEM3-GC3-1MM,-6.5,-6.4299,4,LT,Spring barley,precip_mj,-0.0265533661949132
HadGEM3-GC3-1MM,-5.5,-5.3528,4,LT,Spring barley,precip_mj,-0.00416635598109432
HadGEM3-GC3-1MM,-4.5,-4.3969,4,LT,Spring barley,precip_mj,-0.0124417297621067
IPSL-CM6A-LR,-9.5,-9.3401,5,LT,Spring barley,precip_mj,-0.0506768399662606
IPSL-CM6A-LR,-8.5,-8.4598,8,LT,Spring barley,precip_mj,-0.0344980349829181
IPSL-CM6A-LR,-7.5,-7.5255,19,LT,Spring barley,precip_mj,-0.0663289132236631
IPSL-CM6A-LR,-6.5,-6.5577,11,LT,Spring barley,precip_mj,-0.0793356679873237
IPSL-CM6A-LR,-5.5,-5.5623,13,LT,Spring barley,precip_mj,-0.0345592949570504
IPSL-CM6A-LR,-4.5,-4.3507,11,LT,Spring barley,precip_mj,-0.0147954231173907
IPSL-CM6A-LR,-3.5,-3.4644,8,LT,Spring barley,precip_mj,0.010379497583306
IPSL-CM6A-LR,-2.5,-2.5669,9,LT,Spring barley,precip_mj,0.00291326254411647
IPSL-CM6A-LR,-1.5,-1.2909,6,LT,Spring barley,precip_mj,-0.0243310055964558
IPSL-CM6A-LR,-0.5,-0.6347,8,LT,Spring barley,precip_mj,0.00174979717756734
EC-Earth3,-9.5,-9.1554,4,LV,Spring barley,precip_mj,-0.0390665136496608
EC-Earth3,-8.5,-8.4726,15,LV,Spring barley,precip_mj,-0.0624910026454306
EC-Earth3,-7.5,-7.5562,20,LV,Spring barley,precip_mj,-0.0490978675357693
EC-Earth3,-6.5,-6.4767,21,LV,Spring barley,precip_mj,-0.0257697666063879
EC-Earth3,-5.5,-5.3342,8,LV,Spring barley,precip_mj,-0.0408494747642559
EC-Earth3,-4.5,-4.5495,8,LV,Spring barley,precip_mj,-0.0196172449070113
EC-Earth3,-3.5,-3.3459,9,LV,Spring barley,precip_mj,-0.0380990761583003
EC-Earth3,-2.5,-2.4493,5,LV,Spring barley,precip_mj,-0.0148372085169847
EC-Earth3,-1.5,-1.3807,6,LV,Spring barley,precip_mj,-0.02374660397713
EC-Earth3,-0.5,-0.6596,3,LV,Spring barley,precip_mj,-0.0449926222685128
HadGEM3-GC3-1LL,-8.5,-8.3848,12,LV,Spring barley,precip_mj,-0.0655468518538048
HadGEM3-GC3-1LL,-7.5,-7.5599,19,LV,Spring barley,precip_mj,-0.0361851849679235
HadGEM3-GC3-1LL,-6.5,-6.5442,24,LV,Spring barley,precip_mj,-0.0435529074591498
HadGEM3-GC3-1LL,-5.5,-5.5797,10,LV,Spring barley,precip_mj,-0.0473321358092774
HadGEM3-GC3-1LL,-4.5,-4.5263,6,LV,Spring barley,precip_mj,-0.0382420861560195
HadGEM3-GC3-1LL,-3.5,-3.7835,7,LV,Spring barley,precip_mj,-0.0182853478334566
HadGEM3-GC3-1LL,-2.5,-2.4504,6,LV,Spring barley,precip_mj,-0.00562678720721992
HadGEM3-GC3-1LL,-1.5,-1.3098,8,LV,Spring barley,precip_mj,0.022825118011707
HadGEM3-GC3-1LL,-0.5,-0.331,6,LV,Spring barley,precip_mj,0.00200651628128317
HadGEM3-GC3-1MM,-14.5,-14.3032,4,LV,Spring barley,precip_mj,-0.0751438491613087
HadGEM3-GC3-1MM,-13.5,-13.3931,8,LV,Spring barley,precip_mj,-0.0686562393875247
HadGEM3-GC3-1MM,-12.5,-12.588,13,LV,Spring barley,precip_mj,-0.0871531603327729
HadGEM3-GC3-1MM,-11.5,-11.5321,21,LV,Spring barley,precip_mj,-0.077441125032478
HadGEM3-GC3-1MM,-10.5,-10.4803,10,LV,Spring barley,precip_mj,-0.0372331570496832
HadGEM3-GC3-1MM,-9.5,-9.6161,7,LV,Spring barley,precip_mj,-0.0759177145752462
HadGEM3-GC3-1MM,-8.5,-8.6582,7,LV,Spring barley,precip_mj,-0.0473148693127481
HadGEM3-GC3-1MM,-7.5,-7.6345,8,LV,Spring barley,precip_mj,-0.00635159704980797
HadGEM3-GC3-1MM,-6.5,-6.4299,4,LV,Spring barley,precip_mj,-0.0190331060751434
HadGEM3-GC3-1MM,-5.5,-5.3528,4,LV,Spring barley,precip_mj,-0.00821161112203565
HadGEM3-GC3-1MM,-4.5,-4.3969,4,LV,Spring barley,precip_mj,0.00160084672520912
IPSL-CM6A-LR,-9.5,-9.3401,5,LV,Spring barley,precip_mj,-0.0401348845466627
IPSL-CM6A-LR,-8.5,-8.4598,8,LV,Spring barley,precip_mj,-0.0297012756004456
IPSL-CM6A-LR,-7.5,-7.5255,19,LV,Spring barley,precip_mj,-0.0553671219047506
IPSL-CM6A-LR,-6.5,-6.5577,11,LV,Spring barley,precip_mj,-0.0723544703000459
IPSL-CM6A-LR,-5.5,-5.5623,13,LV,Spring barley,precip_mj,-0.0237061344529966
IPSL-CM6A-LR,-4.5,-4.3507,11,LV,Spring barley,precip_mj,-0.000265065300798471
IPSL-CM6A-LR,-3.5,-3.4644,8,LV,Spring barley,precip_mj,-0.000164886971165118
IPSL-CM6A-LR,-2.5,-2.5669,9,LV,Spring barley,precip_mj,0.0117371736774147
IPSL-CM6A-LR,-1.5,-1.2909,6,LV,Spring barley,precip_mj,-0.0145497247944329
IPSL-CM6A-LR,-0.5,-0.6347,8,LV,Spring barley,precip_mj,0.0147844908476862
EC-Earth3,-9.5,-9.1554,4,SE,Spring barley,precip_mj,0.0304708383865384
EC-Earth3,-8.5,-8.4726,15,SE,Spring barley,precip_mj,-0.046286626079553
EC-Earth3,-7.5,-7.5562,20,SE,Spring barley,precip_mj,-0.0329411612619255
EC-Earth3,-6.5,-6.4767,21,SE,Spring barley,precip_mj,-0.0298669753852654
EC-Earth3,-5.5,-5.3342,8,SE,Spring barley,precip_mj,0.00348097709855647
EC-Earth3,-4.5,-4.5495,8,SE,Spring barley,precip_mj,-0.0314580246838208
EC-Earth3,-3.5,-3.3459,9,SE,Spring barley,precip_mj,-0.0560249335928174
EC-Earth3,-2.5,-2.4493,5,SE,Spring barley,precip_mj,-0.00300950981424145
EC-Earth3,-1.5,-1.3807,6,SE,Spring barley,precip_mj,0.00199862933370617
EC-Earth3,-0.5,-0.6596,3,SE,Spring barley,precip_mj,0.0479145214116976
HadGEM3-GC3-1LL,-8.5,-8.3848,12,SE,Spring barley,precip_mj,-0.0655543635583112
HadGEM3-GC3-1LL,-7.5,-7.5599,19,SE,Spring barley,precip_mj,-0.0453633503833456
HadGEM3-GC3-1LL,-6.5,-6.5442,24,SE,Spring barley,precip_mj,-0.0416445279059098
HadGEM3-GC3-1LL,-5.5,-5.5797,10,SE,Spring barley,precip_mj,-0.0545993253731811
HadGEM3-GC3-1LL,-4.5,-4.5263,6,SE,Spring barley,precip_mj,-0.0292674339945223
HadGEM3-GC3-1LL,-3.5,-3.7835,7,SE,Spring barley,precip_mj,-0.0555632709094833
HadGEM3-GC3-1LL,-2.5,-2.4504,6,SE,Spring barley,precip_mj,-0.0491363219215245
HadGEM3-GC3-1LL,-1.5,-1.3098,8,SE,Spring barley,precip_mj,-0.00823735430238282
HadGEM3-GC3-1LL,-0.5,-0.331,6,SE,Spring barley,precip_mj,0.0135250032878086
HadGEM3-GC3-1MM,-14.5,-14.3032,4,SE,Spring barley,precip_mj,-0.0537860713889078
HadGEM3-GC3-1MM,-13.5,-13.3931,8,SE,Spring barley,precip_mj,-0.100511213405906
HadGEM3-GC3-1MM,-12.5,-12.588,13,SE,Spring barley,precip_mj,-0.112384497666852
HadGEM3-GC3-1MM,-11.5,-11.5321,21,SE,Spring barley,precip_mj,-0.0928652370392075
HadGEM3-GC3-1MM,-10.5,-10.4803,10,SE,Spring barley,precip_mj,-0.0589030318423292
HadGEM3-GC3-1MM,-9.5,-9.6161,7,SE,Spring barley,precip_mj,-0.066737880060672
HadGEM3-GC3-1MM,-8.5,-8.6582,7,SE,Spring barley,precip_mj,-0.062284557363207
HadGEM3-GC3-1MM,-7.5,-7.6345,8,SE,Spring barley,precip_mj,-0.0037955198790418
HadGEM3-GC3-1MM,-6.5,-6.4299,4,SE,Spring barley,precip_mj,-0.0376423826216869
HadGEM3-GC3-1MM,-5.5,-5.3528,4,SE,Spring barley,precip_mj,-0.00448550182179098
HadGEM3-GC3-1MM,-4.5,-4.3969,4,SE,Spring barley,precip_mj,-0.0319657416211477
IPSL-CM6A-LR,-9.5,-9.3401,5,SE,Spring barley,precip_mj,-0.0716326035338682
IPSL-CM6A-LR,-8.5,-8.4598,8,SE,Spring barley,precip_mj,-0.0141215171247936
IPSL-CM6A-LR,-7.5,-7.5255,19,SE,Spring barley,precip_mj,-0.0576392890657042
IPSL-CM6A-LR,-6.5,-6.5577,11,SE,Spring barley,precip_mj,-0.0581468106412569
IPSL-CM6A-LR,-5.5,-5.5623,13,SE,Spring barley,precip_mj,-0.029400762118852
IPSL-CM6A-LR,-4.5,-4.3507,11,SE,Spring barley,precip_mj,-0.000385124218465897
IPSL-CM6A-LR,-3.5,-3.4644,8,SE,Spring barley,precip_mj,0.0239713904638253
IPSL-CM6A-LR,-2.5,-2.5669,9,SE,Spring barley,precip_mj,-0.0208230256404245
IPSL-CM6A-LR,-1.5,-1.2909,6,SE,Spring barley,precip_mj,-0.00684270327897384
IPSL-CM6A-LR,-0.5,-0.6347,8,SE,Spring barley,precip_mj,0.0411207418440436
EC-Earth3,-9.5,-9.1554,4,SK,Spring barley,precip_mj,0.0506405807999171
EC-Earth3,-8.5,-8.4726,15,SK,Spring barley,precip_mj,-0.0109512896025292
EC-Earth3,-7.5,-7.5562,20,SK,Spring barley,precip_mj,-0.0127136905934667
EC-Earth3,-6.5,-6.4767,21,SK,Spring barley,precip_mj,-0.0519013552804135
EC-Earth3,-5.5,-5.3342,8,SK,Spring barley,precip_mj,-0.0730171949512178
EC-Earth3,-4.5,-4.5495,8,SK,Spring barley,precip_mj,-0.00476354218454128
EC-Earth3,-3.5,-3.3459,9,SK,Spring barley,precip_mj,-0.0442625531761081
EC-Earth3,-2.5,-2.4493,5,SK,Spring barley,precip_mj,-0.0480961211044485
EC-Earth3,-1.5,-1.3807,6,SK,Spring barley,precip_mj,0.0554636766768556
EC-Earth3,-0.5,-0.6596,3,SK,Spring barley,precip_mj,-0.0944632209057913
HadGEM3-GC3-1LL,-8.5,-8.3848,12,SK,Spring barley,precip_mj,-0.0695460477744102
HadGEM3-GC3-1LL,-7.5,-7.5599,19,SK,Spring barley,precip_mj,-0.0491462922217288
HadGEM3-GC3-1LL,-6.5,-6.5442,24,SK,Spring barley,precip_mj,0.0122986883327959
HadGEM3-GC3-1LL,-5.5,-5.5797,10,SK,Spring barley,precip_mj,-0.024530343792748
HadGEM3-GC3-1LL,-4.5,-4.5263,6,SK,Spring barley,precip_mj,0.0122734642402238
HadGEM3-GC3-1LL,-3.5,-3.7835,7,SK,Spring barley,precip_mj,-0.0144813611540159
HadGEM3-GC3-1LL,-2.5,-2.4504,6,SK,Spring barley,precip_mj,-0.0481222438766074
HadGEM3-GC3-1LL,-1.5,-1.3098,8,SK,Spring barley,precip_mj,-0.00792586198173635
HadGEM3-GC3-1LL,-0.5,-0.331,6,SK,Spring barley,precip_mj,0.0619924120135839
HadGEM3-GC3-1MM,-14.5,-14.3032,4,SK,Spring barley,precip_mj,-0.103857732080325
HadGEM3-GC3-1MM,-13.5,-13.3931,8,SK,Spring barley,precip_mj,-0.1046331660849
HadGEM3-GC3-1MM,-12.5,-12.588,13,SK,Spring barley,precip_mj,-0.097682000639592
HadGEM3-GC3-1MM,-11.5,-11.5321,21,SK,Spring barley,precip_mj,-0.0805935582942516
HadGEM3-GC3-1MM,-10.5,-10.4803,10,SK,Spring barley,precip_mj,-0.0969484968074751
HadGEM3-GC3-1MM,-9.5,-9.6161,7,SK,Spring barley,precip_mj,-0.125370786784961
HadGEM3-GC3-1MM,-8.5,-8.6582,7,SK,Spring barley,precip_mj,-0.0678590990214512
HadGEM3-GC3-1MM,-7.5,-7.6345,8,SK,Spring barley,precip_mj,-0.0596672219745198
HadGEM3-GC3-1MM,-6.5,-6.4299,4,SK,Spring barley,precip_mj,-0.075231212792158
HadGEM3-GC3-1MM,-5.5,-5.3528,4,SK,Spring barley,precip_mj,-0.0819028255399683
HadGEM3-GC3-1MM,-4.5,-4.3969,4,SK,Spring barley,precip_mj,-0.041063730538087
IPSL-CM6A-LR,-9.5,-9.3401,5,SK,Spring barley,precip_mj,-0.0748053772741828
IPSL-CM6A-LR,-8.5,-8.4598,8,SK,Spring barley,precip_mj,-0.0408710814850795
IPSL-CM6A-LR,-7.5,-7.5255,19,SK,Spring barley,precip_mj,-0.0497097386410183
IPSL-CM6A-LR,-6.5,-6.5577,11,SK,Spring barley,precip_mj,-0.0626727076046585
IPSL-CM6A-LR,-5.5,-5.5623,13,SK,Spring barley,precip_mj,-0.034255848918557
IPSL-CM6A-LR,-4.5,-4.3507,11,SK,Spring barley,precip_mj,-0.0210938416513586
IPSL-CM6A-LR,-3.5,-3.4644,8,SK,Spring barley,precip_mj,-0.00347867466305929
IPSL-CM6A-LR,-2.5,-2.5669,9,SK,Spring barley,precip_mj,-0.0456573555482394
IPSL-CM6A-LR,-1.5,-1.2909,6,SK,Spring barley,precip_mj,-0.0434093491342989
IPSL-CM6A-LR,-0.5,-0.6347,8,SK,Spring barley,precip_mj,-0.0127565181090684
EC-Earth3,-9.5,-9.1554,4,CZ,Winter barley,precip_mj,0.00450536954252691
EC-Earth3,-8.5,-8.4726,15,CZ,Winter barley,precip_mj,-0.037291331932604
EC-Earth3,-7.5,-7.5562,20,CZ,Winter barley,precip_mj,-0.0303308541362253
EC-Earth3,-6.5,-6.4767,21,CZ,Winter barley,precip_mj,-0.0492676870033599
EC-Earth3,-5.5,-5.3342,8,CZ,Winter barley,precip_mj,-0.0164869422740691
EC-Earth3,-4.5,-4.5495,8,CZ,Winter barley,precip_mj,-0.0257737759269812
EC-Earth3,-3.5,-3.3459,9,CZ,Winter barley,precip_mj,-0.0728996706800249
EC-Earth3,-2.5,-2.4493,5,CZ,Winter barley,precip_mj,-0.00723950113614477
EC-Earth3,-1.5,-1.3807,6,CZ,Winter barley,precip_mj,0.0109512929466961
EC-Earth3,-0.5,-0.6596,3,CZ,Winter barley,precip_mj,-0.0433871508180907
HadGEM3-GC3-1LL,-8.5,-8.3848,12,CZ,Winter barley,precip_mj,-0.0649713903703838
HadGEM3-GC3-1LL,-7.5,-7.5599,19,CZ,Winter barley,precip_mj,-0.0572456350569065
HadGEM3-GC3-1LL,-6.5,-6.5442,24,CZ,Winter barley,precip_mj,-0.00367422690631027
HadGEM3-GC3-1LL,-5.5,-5.5797,10,CZ,Winter barley,precip_mj,-0.0124887316850119
HadGEM3-GC3-1LL,-4.5,-4.5263,6,CZ,Winter barley,precip_mj,-0.04840386281311
HadGEM3-GC3-1LL,-3.5,-3.7835,7,CZ,Winter barley,precip_mj,-0.011347163098194
HadGEM3-GC3-1LL,-2.5,-2.4504,6,CZ,Winter barley,precip_mj,-0.0205954645474121
HadGEM3-GC3-1LL,-1.5,-1.3098,8,CZ,Winter barley,precip_mj,-0.00534043938433807
HadGEM3-GC3-1LL,-0.5,-0.331,6,CZ,Winter barley,precip_mj,0.0315949443200067
HadGEM3-GC3-1MM,-14.5,-14.3032,4,CZ,Winter barley,precip_mj,-0.0655649888672391
HadGEM3-GC3-1MM,-13.5,-13.3931,8,CZ,Winter barley,precip_mj,-0.0850936073029034
HadGEM3-GC3-1MM,-12.5,-12.588,13,CZ,Winter barley,precip_mj,-0.0996207850615971
HadGEM3-GC3-1MM,-11.5,-11.5321,21,CZ,Winter barley,precip_mj,-0.0678082173858158
HadGEM3-GC3-1MM,-10.5,-10.4803,10,CZ,Winter barley,precip_mj,-0.0805118765029971
HadGEM3-GC3-1MM,-9.5,-9.6161,7,CZ,Winter barley,precip_mj,-0.0906119547666517
HadGEM3-GC3-1MM,-8.5,-8.6582,7,CZ,Winter barley,precip_mj,-0.038286432123812
HadGEM3-GC3-1MM,-7.5,-7.6345,8,CZ,Winter barley,precip_mj,-0.0557265817366007
HadGEM3-GC3-1MM,-6.5,-6.4299,4,CZ,Winter barley,precip_mj,-0.0698184309265444
HadGEM3-GC3-1MM,-5.5,-5.3528,4,CZ,Winter barley,precip_mj,-0.0747289244456092
HadGEM3-GC3-1MM,-4.5,-4.3969,4,CZ,Winter barley,precip_mj,-0.0462789514709355
IPSL-CM6A-LR,-9.5,-9.3401,5,CZ,Winter barley,precip_mj,-0.0373763373542137
IPSL-CM6A-LR,-8.5,-8.4598,8,CZ,Winter barley,precip_mj,-0.0498325225618237
IPSL-CM6A-LR,-7.5,-7.5255,19,CZ,Winter barley,precip_mj,-0.0464690987664798
IPSL-CM6A-LR,-6.5,-6.5577,11,CZ,Winter barley,precip_mj,-0.0560884272528136
IPSL-CM6A-LR,-5.5,-5.5623,13,CZ,Winter barley,precip_mj,-0.0308490572070963
IPSL-CM6A-LR,-4.5,-4.3507,11,CZ,Winter barley,precip_mj,-0.0232812349334685
IPSL-CM6A-LR,-3.5,-3.4644,8,CZ,Winter barley,precip_mj,-0.00110497066825179
IPSL-CM6A-LR,-2.5,-2.5669,9,CZ,Winter barley,precip_mj,-0.0422305481917372
IPSL-CM6A-LR,-1.5,-1.2909,6,CZ,Winter barley,precip_mj,-0.0291506353887395
IPSL-CM6A-LR,-0.5,-0.6347,8,CZ,Winter barley,precip_mj,0.0119907780108642
EC-Earth3,-9.5,-9.1554,4,DE,Winter barley,precip_mj,-0.0046023201651117
EC-Earth3,-8.5,-8.4726,15,DE,Winter barley,precip_mj,-0.0538514811649184
EC-Earth3,-7.5,-7.5562,20,DE,Winter barley,precip_mj,-0.0471357237491433
EC-Earth3,-6.5,-6.4767,21,DE,Winter barley,precip_mj,-0.0505479385745094
EC-Earth3,-5.5,-5.3342,8,DE,Winter barley,precip_mj,-0.0184913096421785
EC-Earth3,-4.5,-4.5495,8,DE,Winter barley,precip_mj,-0.0386170789153056
EC-Earth3,-3.5,-3.3459,9,DE,Winter barley,precip_mj,-0.0528258087221699
EC-Earth3,-2.5,-2.4493,5,DE,Winter barley,precip_mj,-0.0430850036792947
EC-Earth3,-1.5,-1.3807,6,DE,Winter barley,precip_mj,-0.0112527545210389
EC-Earth3,-0.5,-0.6596,3,DE,Winter barley,precip_mj,-0.00864166192070987
HadGEM3-GC3-1LL,-8.5,-8.3848,12,DE,Winter barley,precip_mj,-0.0627853041183022
HadGEM3-GC3-1LL,-7.5,-7.5599,19,DE,Winter barley,precip_mj,-0.0369489880710041
HadGEM3-GC3-1LL,-6.5,-6.5442,24,DE,Winter barley,precip_mj,-0.0291387813204923
HadGEM3-GC3-1LL,-5.5,-5.5797,10,DE,Winter barley,precip_mj,-0.0340043983791749
HadGEM3-GC3-1LL,-4.5,-4.5263,6,DE,Winter barley,precip_mj,-0.060459409486489
HadGEM3-GC3-1LL,-3.5,-3.7835,7,DE,Winter barley,precip_mj,-0.0156526739299008
HadGEM3-GC3-1LL,-2.5,-2.4504,6,DE,Winter barley,precip_mj,-0.0514126597226568
HadGEM3-GC3-1LL,-1.5,-1.3098,8,DE,Winter barley,precip_mj,0.0105989991089676
HadGEM3-GC3-1LL,-0.5,-0.331,6,DE,Winter barley,precip_mj,-0.0147109215824289
HadGEM3-GC3-1MM,-14.5,-14.3032,4,DE,Winter barley,precip_mj,-0.0522588205370834
HadGEM3-GC3-1MM,-13.5,-13.3931,8,DE,Winter barley,precip_mj,-0.0638953280474468
HadGEM3-GC3-1MM,-12.5,-12.588,13,DE,Winter barley,precip_mj,-0.0997971605650628
HadGEM3-GC3-1MM,-11.5,-11.5321,21,DE,Winter barley,precip_mj,-0.0854435357249411
HadGEM3-GC3-1MM,-10.5,-10.4803,10,DE,Winter barley,precip_mj,-0.0736049701364669
HadGEM3-GC3-1MM,-9.5,-9.6161,7,DE,Winter barley,precip_mj,-0.0664312130110884
HadGEM3-GC3-1MM,-8.5,-8.6582,7,DE,Winter barley,precip_mj,-0.0572879907819976
HadGEM3-GC3-1MM,-7.5,-7.6345,8,DE,Winter barley,precip_mj,-0.0254182508232296
HadGEM3-GC3-1MM,-6.5,-6.4299,4,DE,Winter barley,precip_mj,-0.0238926916280291
HadGEM3-GC3-1MM,-5.5,-5.3528,4,DE,Winter barley,precip_mj,-0.0396710488610235
HadGEM3-GC3-1MM,-4.5,-4.3969,4,DE,Winter barley,precip_mj,-0.0485880551941752
IPSL-CM6A-LR,-9.5,-9.3401,5,DE,Winter barley,precip_mj,-0.0585647902259182
IPSL-CM6A-LR,-8.5,-8.4598,8,DE,Winter barley,precip_mj,-0.0466888896544471
IPSL-CM6A-LR,-7.5,-7.5255,19,DE,Winter barley,precip_mj,-0.0486004413009857
IPSL-CM6A-LR,-6.5,-6.5577,11,DE,Winter barley,precip_mj,-0.062691215102267
IPSL-CM6A-LR,-5.5,-5.5623,13,DE,Winter barley,precip_mj,-0.0477408783954174
IPSL-CM6A-LR,-4.5,-4.3507,11,DE,Winter barley,precip_mj,-0.0209838758249077
IPSL-CM6A-LR,-3.5,-3.4644,8,DE,Winter barley,precip_mj,-0.00880382414807611
IPSL-CM6A-LR,-2.5,-2.5669,9,DE,Winter barley,precip_mj,-0.0448709311698005
IPSL-CM6A-LR,-1.5,-1.2909,6,DE,Winter barley,precip_mj,0.00477025777183321
IPSL-CM6A-LR,-0.5,-0.6347,8,DE,Winter barley,precip_mj,-0.00410757137309363
EC-Earth3,-9.5,-9.1554,4,DK,Winter barley,precip_mj,-0.000450507492295932
EC-Earth3,-8.5,-8.4726,15,DK,Winter barley,precip_mj,-0.0400092887149069
EC-Earth3,-7.5,-7.5562,20,DK,Winter barley,precip_mj,-0.0315917689807015
EC-Earth3,-6.5,-6.4767,21,DK,Winter barley,precip_mj,-0.0278398689628855
EC-Earth3,-5.5,-5.3342,8,DK,Winter barley,precip_mj,-0.00668695777669761
EC-Earth3,-4.5,-4.5495,8,DK,Winter barley,precip_mj,-0.0211405583908437
EC-Earth3,-3.5,-3.3459,9,DK,Winter barley,precip_mj,-0.0362747805570023
EC-Earth3,-2.5,-2.4493,5,DK,Winter barley,precip_mj,-0.0115606805369562
EC-Earth3,-1.5,-1.3807,6,DK,Winter barley,precip_mj,-0.00287299425930816
EC-Earth3,-0.5,-0.6596,3,DK,Winter barley,precip_mj,0.061771819776989
HadGEM3-GC3-1LL,-8.5,-8.3848,12,DK,Winter barley,precip_mj,-0.0481008900229493
HadGEM3-GC3-1LL,-7.5,-7.5599,19,DK,Winter barley,precip_mj,-0.02362338120085
HadGEM3-GC3-1LL,-6.5,-6.5442,24,DK,Winter barley,precip_mj,-0.0322346979077086
HadGEM3-GC3-1LL,-5.5,-5.5797,10,DK,Winter barley,precip_mj,-0.0150853978186268
HadGEM3-GC3-1LL,-4.5,-4.5263,6,DK,Winter barley,precip_mj,-0.036401842500751
HadGEM3-GC3-1LL,-3.5,-3.7835,7,DK,Winter barley,precip_mj,-0.0217569636068586
HadGEM3-GC3-1LL,-2.5,-2.4504,6,DK,Winter barley,precip_mj,-0.0537978409783229
HadGEM3-GC3-1LL,-1.5,-1.3098,8,DK,Winter barley,precip_mj,0.0171399582801788
HadGEM3-GC3-1LL,-0.5,-0.331,6,DK,Winter barley,precip_mj,-0.0208823017443753
HadGEM3-GC3-1MM,-14.5,-14.3032,4,DK,Winter barley,precip_mj,-0.0501655848503152
HadGEM3-GC3-1MM,-13.5,-13.3931,8,DK,Winter barley,precip_mj,-0.0886353510995188
HadGEM3-GC3-1MM,-12.5,-12.588,13,DK,Winter barley,precip_mj,-0.0779372756093772
HadGEM3-GC3-1MM,-11.5,-11.5321,21,DK,Winter barley,precip_mj,-0.0728538309342641
HadGEM3-GC3-1MM,-10.5,-10.4803,10,DK,Winter barley,precip_mj,-0.0502771976090407
HadGEM3-GC3-1MM,-9.5,-9.6161,7,DK,Winter barley,precip_mj,-0.0394524338631372
HadGEM3-GC3-1MM,-8.5,-8.6582,7,DK,Winter barley,precip_mj,-0.0612077992527746
HadGEM3-GC3-1MM,-7.5,-7.6345,8,DK,Winter barley,precip_mj,-0.00327509202460842
HadGEM3-GC3-1MM,-6.5,-6.4299,4,DK,Winter barley,precip_mj,-0.0207353480833112
HadGEM3-GC3-1MM,-5.5,-5.3528,4,DK,Winter barley,precip_mj,-0.018525346867634
HadGEM3-GC3-1MM,-4.5,-4.3969,4,DK,Winter barley,precip_mj,-0.0456140444227583
IPSL-CM6A-LR,-9.5,-9.3401,5,DK,Winter barley,precip_mj,-0.0395312446067114
IPSL-CM6A-LR,-8.5,-8.4598,8,DK,Winter barley,precip_mj,0.00595240259693639
IPSL-CM6A-LR,-7.5,-7.5255,19,DK,Winter barley,precip_mj,-0.042627800772796
IPSL-CM6A-LR,-6.5,-6.5577,11,DK,Winter barley,precip_mj,-0.0415406720273808
IPSL-CM6A-LR,-5.5,-5.5623,13,DK,Winter barley,precip_mj,-0.0361438175084901
IPSL-CM6A-LR,-4.5,-4.3507,11,DK,Winter barley,precip_mj,0.0208801077931558
IPSL-CM6A-LR,-3.5,-3.4644,8,DK,Winter barley,precip_mj,0.021384575237348
IPSL-CM6A-LR,-2.5,-2.5669,9,DK,Winter barley,precip_mj,-0.0255037183098622
IPSL-CM6A-LR,-1.5,-1.2909,6,DK,Winter barley,precip_mj,-0.00612651870637764
IPSL-CM6A-LR,-0.5,-0.6347,8,DK,Winter barley,precip_mj,0.0319732117828135
EC-Earth3,-9.5,-9.1554,4,EE,Winter barley,precip_mj,-0.0489628359331991
EC-Earth3,-8.5,-8.4726,15,EE,Winter barley,precip_mj,-0.0540642686202773
EC-Earth3,-7.5,-7.5562,20,EE,Winter barley,precip_mj,-0.0307441174014121
EC-Earth3,-6.5,-6.4767,21,EE,Winter barley,precip_mj,-0.0178649867186143
EC-Earth3,-5.5,-5.3342,8,EE,Winter barley,precip_mj,-0.0394869151660171
EC-Earth3,-4.5,-4.5495,8,EE,Winter barley,precip_mj,-0.012697090331869
EC-Earth3,-3.5,-3.3459,9,EE,Winter barley,precip_mj,-0.0227260168032343
EC-Earth3,-2.5,-2.4493,5,EE,Winter barley,precip_mj,-0.00629503982990876
EC-Earth3,-1.5,-1.3807,6,EE,Winter barley,precip_mj,-0.00511804143931148
EC-Earth3,-0.5,-0.6596,3,EE,Winter barley,precip_mj,-0.0157767928048348
HadGEM3-GC3-1LL,-8.5,-8.3848,12,EE,Winter barley,precip_mj,-0.0337245016690809
HadGEM3-GC3-1LL,-7.5,-7.5599,19,EE,Winter barley,precip_mj,-0.0142584139370304
HadGEM3-GC3-1LL,-6.5,-6.5442,24,EE,Winter barley,precip_mj,-0.0419369682060568
HadGEM3-GC3-1LL,-5.5,-5.5797,10,EE,Winter barley,precip_mj,-0.0344366186519303
HadGEM3-GC3-1LL,-4.5,-4.5263,6,EE,Winter barley,precip_mj,-0.0255537614277315
HadGEM3-GC3-1LL,-3.5,-3.7835,7,EE,Winter barley,precip_mj,-0.0146330193705912
HadGEM3-GC3-1LL,-2.5,-2.4504,6,EE,Winter barley,precip_mj,0.0163866063962854
HadGEM3-GC3-1LL,-1.5,-1.3098,8,EE,Winter barley,precip_mj,0.0134412915150514
HadGEM3-GC3-1LL,-0.5,-0.331,6,EE,Winter barley,precip_mj,0.00784575693994423
HadGEM3-GC3-1MM,-14.5,-14.3032,4,EE,Winter barley,precip_mj,-0.0536791545160861
HadGEM3-GC3-1MM,-13.5,-13.3931,8,EE,Winter barley,precip_mj,-0.0600585113918211
HadGEM3-GC3-1MM,-12.5,-12.588,13,EE,Winter barley,precip_mj,-0.062201652899084
HadGEM3-GC3-1MM,-11.5,-11.5321,21,EE,Winter barley,precip_mj,-0.0552159994313215
HadGEM3-GC3-1MM,-10.5,-10.4803,10,EE,Winter barley,precip_mj,-0.013427934347468
HadGEM3-GC3-1MM,-9.5,-9.6161,7,EE,Winter barley,precip_mj,-0.0655027253877222
HadGEM3-GC3-1MM,-8.5,-8.6582,7,EE,Winter barley,precip_mj,-0.0319468952537302
HadGEM3-GC3-1MM,-7.5,-7.6345,8,EE,Winter barley,precip_mj,0.00970408385039304
HadGEM3-GC3-1MM,-6.5,-6.4299,4,EE,Winter barley,precip_mj,-0.00589489794863068
HadGEM3-GC3-1MM,-5.5,-5.3528,4,EE,Winter barley,precip_mj,0.0022014848644733
HadGEM3-GC3-1MM,-4.5,-4.3969,4,EE,Winter barley,precip_mj,-0.000233741936123203
IPSL-CM6A-LR,-9.5,-9.3401,5,EE,Winter barley,precip_mj,-0.0412967339442117
IPSL-CM6A-LR,-8.5,-8.4598,8,EE,Winter barley,precip_mj,-0.0313520996273217
IPSL-CM6A-LR,-7.5,-7.5255,19,EE,Winter barley,precip_mj,-0.0510254352379217
IPSL-CM6A-LR,-6.5,-6.5577,11,EE,Winter barley,precip_mj,-0.0591298616644536
IPSL-CM6A-LR,-5.5,-5.5623,13,EE,Winter barley,precip_mj,-0.00500713858057343
IPSL-CM6A-LR,-4.5,-4.3507,11,EE,Winter barley,precip_mj,0.0140808229859022
IPSL-CM6A-LR,-3.5,-3.4644,8,EE,Winter barley,precip_mj,-0.0192373654967007
IPSL-CM6A-LR,-2.5,-2.5669,9,EE,Winter barley,precip_mj,-0.00632763249111226
IPSL-CM6A-LR,-1.5,-1.2909,6,EE,Winter barley,precip_mj,-0.024774629629556
IPSL-CM6A-LR,-0.5,-0.6347,8,EE,Winter barley,precip_mj,0.00867219479944446
EC-Earth3,-9.5,-9.1554,4,EL,Winter barley,precip_mj,-0.00687374222439044
EC-Earth3,-8.5,-8.4726,15,EL,Winter barley,precip_mj,0.0010695994282305
EC-Earth3,-7.5,-7.5562,20,EL,Winter barley,precip_mj,-0.0100069499347654
EC-Earth3,-6.5,-6.4767,21,EL,Winter barley,precip_mj,0.00159916404820884
EC-Earth3,-5.5,-5.3342,8,EL,Winter barley,precip_mj,-0.0032432176477936
EC-Earth3,-4.5,-4.5495,8,EL,Winter barley,precip_mj,-0.00472179806045144
EC-Earth3,-3.5,-3.3459,9,EL,Winter barley,precip_mj,-0.00539700710831398
EC-Earth3,-2.5,-2.4493,5,EL,Winter barley,precip_mj,-0.0143972134607373
EC-Earth3,-1.5,-1.3807,6,EL,Winter barley,precip_mj,0.00281107529542127
EC-Earth3,-0.5,-0.6596,3,EL,Winter barley,precip_mj,-0.021853720880548
HadGEM3-GC3-1LL,-8.5,-8.3848,12,EL,Winter barley,precip_mj,-0.00691030506317413
HadGEM3-GC3-1LL,-7.5,-7.5599,19,EL,Winter barley,precip_mj,-0.0163232286539334
HadGEM3-GC3-1LL,-6.5,-6.5442,24,EL,Winter barley,precip_mj,0.00113713333401012
HadGEM3-GC3-1LL,-5.5,-5.5797,10,EL,Winter barley,precip_mj,-0.0070352385411094
HadGEM3-GC3-1LL,-4.5,-4.5263,6,EL,Winter barley,precip_mj,-0.0065238147494713
HadGEM3-GC3-1LL,-3.5,-3.7835,7,EL,Winter barley,precip_mj,-0.0073227115923479
HadGEM3-GC3-1LL,-2.5,-2.4504,6,EL,Winter barley,precip_mj,4.1257598464768e-06
HadGEM3-GC3-1LL,-1.5,-1.3098,8,EL,Winter barley,precip_mj,-0.00910494955467356
HadGEM3-GC3-1LL,-0.5,-0.331,6,EL,Winter barley,precip_mj,-0.00800019909213216
HadGEM3-GC3-1MM,-14.5,-14.3032,4,EL,Winter barley,precip_mj,-0.0159088539101417
HadGEM3-GC3-1MM,-13.5,-13.3931,8,EL,Winter barley,precip_mj,-0.0322779360508018
HadGEM3-GC3-1MM,-12.5,-12.588,13,EL,Winter barley,precip_mj,-0.0313373478292715
HadGEM3-GC3-1MM,-11.5,-11.5321,21,EL,Winter barley,precip_mj,-0.0347158951435909
HadGEM3-GC3-1MM,-10.5,-10.4803,10,EL,Winter barley,precip_mj,-0.0489311262413722
HadGEM3-GC3-1MM,-9.5,-9.6161,7,EL,Winter barley,precip_mj,-0.0631683162508423
HadGEM3-GC3-1MM,-8.5,-8.6582,7,EL,Winter barley,precip_mj,-0.0314110352201396
HadGEM3-GC3-1MM,-7.5,-7.6345,8,EL,Winter barley,precip_mj,-0.0237494282728474
HadGEM3-GC3-1MM,-6.5,-6.4299,4,EL,Winter barley,precip_mj,-0.0056197580859826
HadGEM3-GC3-1MM,-5.5,-5.3528,4,EL,Winter barley,precip_mj,-0.0299271927377695
HadGEM3-GC3-1MM,-4.5,-4.3969,4,EL,Winter barley,precip_mj,0.00173359479134246
IPSL-CM6A-LR,-9.5,-9.3401,5,EL,Winter barley,precip_mj,-0.0131696755947773
IPSL-CM6A-LR,-8.5,-8.4598,8,EL,Winter barley,precip_mj,-0.0404501482470399
IPSL-CM6A-LR,-7.5,-7.5255,19,EL,Winter barley,precip_mj,-0.0310167220703833
IPSL-CM6A-LR,-6.5,-6.5577,11,EL,Winter barley,precip_mj,-0.0214672268881887
IPSL-CM6A-LR,-5.5,-5.5623,13,EL,Winter barley,precip_mj,-0.0226028700157046
IPSL-CM6A-LR,-4.5,-4.3507,11,EL,Winter barley,precip_mj,-0.00389838869475386
IPSL-CM6A-LR,-3.5,-3.4644,8,EL,Winter barley,precip_mj,-0.0268937625739149
IPSL-CM6A-LR,-2.5,-2.5669,9,EL,Winter barley,precip_mj,-0.0276191516613267
IPSL-CM6A-LR,-1.5,-1.2909,6,EL,Winter barley,precip_mj,0.00512702654619002
IPSL-CM6A-LR,-0.5,-0.6347,8,EL,Winter barley,precip_mj,-0.0411354186998058
EC-Earth3,-9.5,-9.1554,4,ES,Winter barley,precip_mj,-0.0442465405411608
EC-Earth3,-8.5,-8.4726,15,ES,Winter barley,precip_mj,-0.0277131783638364
EC-Earth3,-7.5,-7.5562,20,ES,Winter barley,precip_mj,-0.0239188501105521
EC-Earth3,-6.5,-6.4767,21,ES,Winter barley,precip_mj,-0.0477047492033893
EC-Earth3,-5.5,-5.3342,8,ES,Winter barley,precip_mj,-0.0578734263824811
EC-Earth3,-4.5,-4.5495,8,ES,Winter barley,precip_mj,-0.0606076350621944
EC-Earth3,-3.5,-3.3459,9,ES,Winter barley,precip_mj,0.00457124768190459
EC-Earth3,-2.5,-2.4493,5,ES,Winter barley,precip_mj,-0.0342636362287364
EC-Earth3,-1.5,-1.3807,6,ES,Winter barley,precip_mj,-0.0112825350621578
EC-Earth3,-0.5,-0.6596,3,ES,Winter barley,precip_mj,-0.0436507486480285
HadGEM3-GC3-1LL,-8.5,-8.3848,12,ES,Winter barley,precip_mj,-0.0295263729462717
HadGEM3-GC3-1LL,-7.5,-7.5599,19,ES,Winter barley,precip_mj,-0.0186736484156455
HadGEM3-GC3-1LL,-6.5,-6.5442,24,ES,Winter barley,precip_mj,-0.0169901597755169
HadGEM3-GC3-1LL,-5.5,-5.5797,10,ES,Winter barley,precip_mj,-0.0157654784230038
HadGEM3-GC3-1LL,-4.5,-4.5263,6,ES,Winter barley,precip_mj,-0.046184488820872
HadGEM3-GC3-1LL,-3.5,-3.7835,7,ES,Winter barley,precip_mj,-0.0169287345919886
HadGEM3-GC3-1LL,-2.5,-2.4504,6,ES,Winter barley,precip_mj,-0.0190813923042441
HadGEM3-GC3-1LL,-1.5,-1.3098,8,ES,Winter barley,precip_mj,-0.0325175542420593
HadGEM3-GC3-1LL,-0.5,-0.331,6,ES,Winter barley,precip_mj,-0.0288632047153503
HadGEM3-GC3-1MM,-14.5,-14.3032,4,ES,Winter barley,precip_mj,-0.0477858672830278
HadGEM3-GC3-1MM,-13.5,-13.3931,8,ES,Winter barley,precip_mj,-0.025338600603963
HadGEM3-GC3-1MM,-12.5,-12.588,13,ES,Winter barley,precip_mj,-0.0468881887453217
HadGEM3-GC3-1MM,-11.5,-11.5321,21,ES,Winter barley,precip_mj,-0.0651706307780806
HadGEM3-GC3-1MM,-10.5,-10.4803,10,ES,Winter barley,precip_mj,-0.0676562086762467
HadGEM3-GC3-1MM,-9.5,-9.6161,7,ES,Winter barley,precip_mj,-0.0418313160148994
HadGEM3-GC3-1MM,-8.5,-8.6582,7,ES,Winter barley,precip_mj,-0.036713830058237
HadGEM3-GC3-1MM,-7.5,-7.6345,8,ES,Winter barley,precip_mj,-0.0619982477318661
HadGEM3-GC3-1MM,-6.5,-6.4299,4,ES,Winter barley,precip_mj,-0.0535286338348796
HadGEM3-GC3-1MM,-5.5,-5.3528,4,ES,Winter barley,precip_mj,-0.0203335537461353
HadGEM3-GC3-1MM,-4.5,-4.3969,4,ES,Winter barley,precip_mj,0.0376980791366885
IPSL-CM6A-LR,-9.5,-9.3401,5,ES,Winter barley,precip_mj,-0.0280457520942464
IPSL-CM6A-LR,-8.5,-8.4598,8,ES,Winter barley,precip_mj,-0.0544271362827983
IPSL-CM6A-LR,-7.5,-7.5255,19,ES,Winter barley,precip_mj,-0.0451883661591682
IPSL-CM6A-LR,-6.5,-6.5577,11,ES,Winter barley,precip_mj,-0.0415732646409746
IPSL-CM6A-LR,-5.5,-5.5623,13,ES,Winter barley,precip_mj,-0.0352796183407841
IPSL-CM6A-LR,-4.5,-4.3507,11,ES,Winter barley,precip_mj,-0.0310117535565303
IPSL-CM6A-LR,-3.5,-3.4644,8,ES,Winter barley,precip_mj,-0.0475307504508939
IPSL-CM6A-LR,-2.5,-2.5669,9,ES,Winter barley,precip_mj,0.0153269804935839
IPSL-CM6A-LR,-1.5,-1.2909,6,ES,Winter barley,precip_mj,-0.0201873651350828
IPSL-CM6A-LR,-0.5,-0.6347,8,ES,Winter barley,precip_mj,-0.0304283408602201
EC-Earth3,-9.5,-9.1554,4,FR,Winter barley,precip_mj,-0.000159853046792545
EC-Earth3,-8.5,-8.4726,15,FR,Winter barley,precip_mj,-0.0485517248016807
EC-Earth3,-7.5,-7.5562,20,FR,Winter barley,precip_mj,-0.0334669626314052
EC-Earth3,-6.5,-6.4767,21,FR,Winter barley,precip_mj,-0.0549263906221999
EC-Earth3,-5.5,-5.3342,8,FR,Winter barley,precip_mj,-0.0116597041469937
EC-Earth3,-4.5,-4.5495,8,FR,Winter barley,precip_mj,-0.0673741240491818
EC-Earth3,-3.5,-3.3459,9,FR,Winter barley,precip_mj,-0.027152287693819
EC-Earth3,-2.5,-2.4493,5,FR,Winter barley,precip_mj,-0.0482510868849918
EC-Earth3,-1.5,-1.3807,6,FR,Winter barley,precip_mj,-0.0229015784989691
EC-Earth3,-0.5,-0.6596,3,FR,Winter barley,precip_mj,-0.00213599489513733
HadGEM3-GC3-1LL,-8.5,-8.3848,12,FR,Winter barley,precip_mj,-0.0571072587562757
HadGEM3-GC3-1LL,-7.5,-7.5599,19,FR,Winter barley,precip_mj,-0.0350001752230309
HadGEM3-GC3-1LL,-6.5,-6.5442,24,FR,Winter barley,precip_mj,-0.0413944182630235
HadGEM3-GC3-1LL,-5.5,-5.5797,10,FR,Winter barley,precip_mj,-0.0129381481136849
HadGEM3-GC3-1LL,-4.5,-4.5263,6,FR,Winter barley,precip_mj,-0.0883507496176941
HadGEM3-GC3-1LL,-3.5,-3.7835,7,FR,Winter barley,precip_mj,-0.0157135214511833
HadGEM3-GC3-1LL,-2.5,-2.4504,6,FR,Winter barley,precip_mj,-0.0813713230145427
HadGEM3-GC3-1LL,-1.5,-1.3098,8,FR,Winter barley,precip_mj,0.00705086145956104
HadGEM3-GC3-1LL,-0.5,-0.331,6,FR,Winter barley,precip_mj,-0.0339727183000714
HadGEM3-GC3-1MM,-14.5,-14.3032,4,FR,Winter barley,precip_mj,-0.0670093574336441
HadGEM3-GC3-1MM,-13.5,-13.3931,8,FR,Winter barley,precip_mj,-0.0641856767312459
HadGEM3-GC3-1MM,-12.5,-12.588,13,FR,Winter barley,precip_mj,-0.0703913223570545
HadGEM3-GC3-1MM,-11.5,-11.5321,21,FR,Winter barley,precip_mj,-0.0969273536484085
HadGEM3-GC3-1MM,-10.5,-10.4803,10,FR,Winter barley,precip_mj,-0.0728199822903003
HadGEM3-GC3-1MM,-9.5,-9.6161,7,FR,Winter barley,precip_mj,-0.0313066546402559
HadGEM3-GC3-1MM,-8.5,-8.6582,7,FR,Winter barley,precip_mj,-0.0762189022013599
HadGEM3-GC3-1MM,-7.5,-7.6345,8,FR,Winter barley,precip_mj,-0.0447706770080109
HadGEM3-GC3-1MM,-6.5,-6.4299,4,FR,Winter barley,precip_mj,-0.0514849131929717
HadGEM3-GC3-1MM,-5.5,-5.3528,4,FR,Winter barley,precip_mj,-0.00597790609999933
HadGEM3-GC3-1MM,-4.5,-4.3969,4,FR,Winter barley,precip_mj,0.0120799997233361
IPSL-CM6A-LR,-9.5,-9.3401,5,FR,Winter barley,precip_mj,-0.0463700778949891
IPSL-CM6A-LR,-8.5,-8.4598,8,FR,Winter barley,precip_mj,-0.0415623840913723
IPSL-CM6A-LR,-7.5,-7.5255,19,FR,Winter barley,precip_mj,-0.0489304416468888
IPSL-CM6A-LR,-6.5,-6.5577,11,FR,Winter barley,precip_mj,-0.0605134287309685
IPSL-CM6A-LR,-5.5,-5.5623,13,FR,Winter barley,precip_mj,-0.0387993656162158
IPSL-CM6A-LR,-4.5,-4.3507,11,FR,Winter barley,precip_mj,-0.0290142362656857
IPSL-CM6A-LR,-3.5,-3.4644,8,FR,Winter barley,precip_mj,-0.0291235216735328
IPSL-CM6A-LR,-2.5,-2.5669,9,FR,Winter barley,precip_mj,-0.0395399508957488
IPSL-CM6A-LR,-1.5,-1.2909,6,FR,Winter barley,precip_mj,0.0125176224880459
IPSL-CM6A-LR,-0.5,-0.6347,8,FR,Winter barley,precip_mj,-0.00517735975424161
EC-Earth3,-9.5,-9.1554,4,HU,Winter barley,precip_mj,0.00746551508472885
EC-Earth3,-8.5,-8.4726,15,HU,Winter barley,precip_mj,0.00893281944056131
EC-Earth3,-7.5,-7.5562,20,HU,Winter barley,precip_mj,-0.010252833166246
EC-Earth3,-6.5,-6.4767,21,HU,Winter barley,precip_mj,-0.032204654725836
EC-Earth3,-5.5,-5.3342,8,HU,Winter barley,precip_mj,-0.0588249044466444
EC-Earth3,-4.5,-4.5495,8,HU,Winter barley,precip_mj,-0.0133569437348042
EC-Earth3,-3.5,-3.3459,9,HU,Winter barley,precip_mj,0.00334757133141069
EC-Earth3,-2.5,-2.4493,5,HU,Winter barley,precip_mj,-0.0704866595230925
EC-Earth3,-1.5,-1.3807,6,HU,Winter barley,precip_mj,0.0539089617639868
EC-Earth3,-0.5,-0.6596,3,HU,Winter barley,precip_mj,-0.0497986389623614
HadGEM3-GC3-1LL,-8.5,-8.3848,12,HU,Winter barley,precip_mj,-0.0385962407072464
HadGEM3-GC3-1LL,-7.5,-7.5599,19,HU,Winter barley,precip_mj,-0.0413346556506713
HadGEM3-GC3-1LL,-6.5,-6.5442,24,HU,Winter barley,precip_mj,0.000224747862019316
HadGEM3-GC3-1LL,-5.5,-5.5797,10,HU,Winter barley,precip_mj,-0.0231769025995377
HadGEM3-GC3-1LL,-4.5,-4.5263,6,HU,Winter barley,precip_mj,0.0228583662185392
HadGEM3-GC3-1LL,-3.5,-3.7835,7,HU,Winter barley,precip_mj,0.002573014541779
HadGEM3-GC3-1LL,-2.5,-2.4504,6,HU,Winter barley,precip_mj,-0.0338613980027407
HadGEM3-GC3-1LL,-1.5,-1.3098,8,HU,Winter barley,precip_mj,-0.0138253324785569
HadGEM3-GC3-1LL,-0.5,-0.331,6,HU,Winter barley,precip_mj,0.0148821524705324
HadGEM3-GC3-1MM,-14.5,-14.3032,4,HU,Winter barley,precip_mj,-0.0971455360697785
HadGEM3-GC3-1MM,-13.5,-13.3931,8,HU,Winter barley,precip_mj,-0.0646042035129918
HadGEM3-GC3-1MM,-12.5,-12.588,13,HU,Winter barley,precip_mj,-0.063650867647558
HadGEM3-GC3-1MM,-11.5,-11.5321,21,HU,Winter barley,precip_mj,-0.0558802335060357
HadGEM3-GC3-1MM,-10.5,-10.4803,10,HU,Winter barley,precip_mj,-0.0634032778596942
HadGEM3-GC3-1MM,-9.5,-9.6161,7,HU,Winter barley,precip_mj,-0.0642340184138864
HadGEM3-GC3-1MM,-8.5,-8.6582,7,HU,Winter barley,precip_mj,-0.0534172466664265
HadGEM3-GC3-1MM,-7.5,-7.6345,8,HU,Winter barley,precip_mj,-0.0255491877253799
HadGEM3-GC3-1MM,-6.5,-6.4299,4,HU,Winter barley,precip_mj,-0.0401233658701086
HadGEM3-GC3-1MM,-5.5,-5.3528,4,HU,Winter barley,precip_mj,-0.0480386522329435
HadGEM3-GC3-1MM,-4.5,-4.3969,4,HU,Winter barley,precip_mj,-0.00121664471107162
IPSL-CM6A-LR,-9.5,-9.3401,5,HU,Winter barley,precip_mj,-0.056001474967759
IPSL-CM6A-LR,-8.5,-8.4598,8,HU,Winter barley,precip_mj,-0.0397748013533471
IPSL-CM6A-LR,-7.5,-7.5255,19,HU,Winter barley,precip_mj,-0.041502858530724
IPSL-CM6A-LR,-6.5,-6.5577,11,HU,Winter barley,precip_mj,-0.0428578793211995
IPSL-CM6A-LR,-5.5,-5.5623,13,HU,Winter barley,precip_mj,-0.0291599225234307
IPSL-CM6A-LR,-4.5,-4.3507,11,HU,Winter barley,precip_mj,-0.0335469889037343
IPSL-CM6A-LR,-3.5,-3.4644,8,HU,Winter barley,precip_mj,-0.0106131607691494
IPSL-CM6A-LR,-2.5,-2.5669,9,HU,Winter barley,precip_mj,-0.0378277701034767
IPSL-CM6A-LR,-1.5,-1.2909,6,HU,Winter barley,precip_mj,-0.0237507450059662
IPSL-CM6A-LR,-0.5,-0.6347,8,HU,Winter barley,precip_mj,-0.0337815453396267
EC-Earth3,-9.5,-9.1554,4,IT,Winter barley,precip_mj,-0.0351274900130326
EC-Earth3,-8.5,-8.4726,15,IT,Winter barley,precip_mj,-0.0361775159344334
EC-Earth3,-7.5,-7.5562,20,IT,Winter barley,precip_mj,-0.0255994206839165
EC-Earth3,-6.5,-6.4767,21,IT,Winter barley,precip_mj,-0.0346536606720228
EC-Earth3,-5.5,-5.3342,8,IT,Winter barley,precip_mj,-0.0648644339607564
EC-Earth3,-4.5,-4.5495,8,IT,Winter barley,precip_mj,-0.0681065118330966
EC-Earth3,-3.5,-3.3459,9,IT,Winter barley,precip_mj,0.00277961730965823
EC-Earth3,-2.5,-2.4493,5,IT,Winter barley,precip_mj,-0.063588391611735
EC-Earth3,-1.5,-1.3807,6,IT,Winter barley,precip_mj,-0.0272448553483811
EC-Earth3,-0.5,-0.6596,3,IT,Winter barley,precip_mj,-0.0800691571112424
HadGEM3-GC3-1LL,-8.5,-8.3848,12,IT,Winter barley,precip_mj,-0.0328274895404574
HadGEM3-GC3-1LL,-7.5,-7.5599,19,IT,Winter barley,precip_mj,-0.0398537675276742
HadGEM3-GC3-1LL,-6.5,-6.5442,24,IT,Winter barley,precip_mj,0.00148045476754985
HadGEM3-GC3-1LL,-5.5,-5.5797,10,IT,Winter barley,precip_mj,-0.022696621620453
HadGEM3-GC3-1LL,-4.5,-4.5263,6,IT,Winter barley,precip_mj,-0.0329191056563049
HadGEM3-GC3-1LL,-3.5,-3.7835,7,IT,Winter barley,precip_mj,-0.0161555103758311
HadGEM3-GC3-1LL,-2.5,-2.4504,6,IT,Winter barley,precip_mj,-0.0348510611455842
HadGEM3-GC3-1LL,-1.5,-1.3098,8,IT,Winter barley,precip_mj,-0.0216623002653607
HadGEM3-GC3-1LL,-0.5,-0.331,6,IT,Winter barley,precip_mj,-0.018404040549528
HadGEM3-GC3-1MM,-14.5,-14.3032,4,IT,Winter barley,precip_mj,-0.0812125234716461
HadGEM3-GC3-1MM,-13.5,-13.3931,8,IT,Winter barley,precip_mj,-0.0730767123397441
HadGEM3-GC3-1MM,-12.5,-12.588,13,IT,Winter barley,precip_mj,-0.0813703609036574
HadGEM3-GC3-1MM,-11.5,-11.5321,21,IT,Winter barley,precip_mj,-0.08501319102182
HadGEM3-GC3-1MM,-10.5,-10.4803,10,IT,Winter barley,precip_mj,-0.0988230776629993
HadGEM3-GC3-1MM,-9.5,-9.6161,7,IT,Winter barley,precip_mj,-0.066318680832923
HadGEM3-GC3-1MM,-8.5,-8.6582,7,IT,Winter barley,precip_mj,-0.0887624548816811
HadGEM3-GC3-1MM,-7.5,-7.6345,8,IT,Winter barley,precip_mj,-0.0940870462047656
HadGEM3-GC3-1MM,-6.5,-6.4299,4,IT,Winter barley,precip_mj,-0.0541511975795911
HadGEM3-GC3-1MM,-5.5,-5.3528,4,IT,Winter barley,precip_mj,-0.0704842365740856
HadGEM3-GC3-1MM,-4.5,-4.3969,4,IT,Winter barley,precip_mj,-0.0105403773721957
IPSL-CM6A-LR,-9.5,-9.3401,5,IT,Winter barley,precip_mj,-0.0436205122900555
IPSL-CM6A-LR,-8.5,-8.4598,8,IT,Winter barley,precip_mj,-0.0578567300245559
IPSL-CM6A-LR,-7.5,-7.5255,19,IT,Winter barley,precip_mj,-0.0640656321597932
IPSL-CM6A-LR,-6.5,-6.5577,11,IT,Winter barley,precip_mj,-0.0756393588944566
IPSL-CM6A-LR,-5.5,-5.5623,13,IT,Winter barley,precip_mj,-0.0474251301368678
IPSL-CM6A-LR,-4.5,-4.3507,11,IT,Winter barley,precip_mj,-0.0368766657453445
IPSL-CM6A-LR,-3.5,-3.4644,8,IT,Winter barley,precip_mj,-0.0432130676031787
IPSL-CM6A-LR,-2.5,-2.5669,9,IT,Winter barley,precip_mj,-0.0278576554849655
IPSL-CM6A-LR,-1.5,-1.2909,6,IT,Winter barley,precip_mj,-0.0283941988692892
IPSL-CM6A-LR,-0.5,-0.6347,8,IT,Winter barley,precip_mj,-0.0570208878413922
EC-Earth3,-9.5,-9.1554,4,LT,Winter barley,precip_mj,-0.0253537359618124
EC-Earth3,-8.5,-8.4726,15,LT,Winter barley,precip_mj,-0.0509521537024139
EC-Earth3,-7.5,-7.5562,20,LT,Winter barley,precip_mj,-0.0484334648698211
EC-Earth3,-6.5,-6.4767,21,LT,Winter barley,precip_mj,-0.0317763050503154
EC-Earth3,-5.5,-5.3342,8,LT,Winter barley,precip_mj,-0.0267934445194507
EC-Earth3,-4.5,-4.5495,8,LT,Winter barley,precip_mj,-0.0117948362463806
EC-Earth3,-3.5,-3.3459,9,LT,Winter barley,precip_mj,-0.0423951784756875
EC-Earth3,-2.5,-2.4493,5,LT,Winter barley,precip_mj,-0.0140227281165685
EC-Earth3,-1.5,-1.3807,6,LT,Winter barley,precip_mj,-0.0274634483740292
EC-Earth3,-0.5,-0.6596,3,LT,Winter barley,precip_mj,-0.0524287951726542
HadGEM3-GC3-1LL,-8.5,-8.3848,12,LT,Winter barley,precip_mj,-0.0524063952493905
HadGEM3-GC3-1LL,-7.5,-7.5599,19,LT,Winter barley,precip_mj,-0.0416122002855551
HadGEM3-GC3-1LL,-6.5,-6.5442,24,LT,Winter barley,precip_mj,-0.038966553054081
HadGEM3-GC3-1LL,-5.5,-5.5797,10,LT,Winter barley,precip_mj,-0.05288009072162
HadGEM3-GC3-1LL,-4.5,-4.5263,6,LT,Winter barley,precip_mj,-0.0222563142608671
HadGEM3-GC3-1LL,-3.5,-3.7835,7,LT,Winter barley,precip_mj,-0.0220094284554627
HadGEM3-GC3-1LL,-2.5,-2.4504,6,LT,Winter barley,precip_mj,-0.0196961587689442
HadGEM3-GC3-1LL,-1.5,-1.3098,8,LT,Winter barley,precip_mj,0.0129611507068315
HadGEM3-GC3-1LL,-0.5,-0.331,6,LT,Winter barley,precip_mj,0.00527901350339462
HadGEM3-GC3-1MM,-14.5,-14.3032,4,LT,Winter barley,precip_mj,-0.0564072304998839
HadGEM3-GC3-1MM,-13.5,-13.3931,8,LT,Winter barley,precip_mj,-0.0546238753173574
HadGEM3-GC3-1MM,-12.5,-12.588,13,LT,Winter barley,precip_mj,-0.0838796749407696
HadGEM3-GC3-1MM,-11.5,-11.5321,21,LT,Winter barley,precip_mj,-0.0688894493016737
HadGEM3-GC3-1MM,-10.5,-10.4803,10,LT,Winter barley,precip_mj,-0.0389359610213165
HadGEM3-GC3-1MM,-9.5,-9.6161,7,LT,Winter barley,precip_mj,-0.0682966329380098
HadGEM3-GC3-1MM,-8.5,-8.6582,7,LT,Winter barley,precip_mj,-0.0415937053180056
HadGEM3-GC3-1MM,-7.5,-7.6345,8,LT,Winter barley,precip_mj,-0.00902857569396244
HadGEM3-GC3-1MM,-6.5,-6.4299,4,LT,Winter barley,precip_mj,-0.0222718313318444
HadGEM3-GC3-1MM,-5.5,-5.3528,4,LT,Winter barley,precip_mj,-0.0022576243812395
HadGEM3-GC3-1MM,-4.5,-4.3969,4,LT,Winter barley,precip_mj,-0.0116723452289608
IPSL-CM6A-LR,-9.5,-9.3401,5,LT,Winter barley,precip_mj,-0.0409573324262104
IPSL-CM6A-LR,-8.5,-8.4598,8,LT,Winter barley,precip_mj,-0.0294212451030733
IPSL-CM6A-LR,-7.5,-7.5255,19,LT,Winter barley,precip_mj,-0.0551808088158043
IPSL-CM6A-LR,-6.5,-6.5577,11,LT,Winter barley,precip_mj,-0.0652662429040103
IPSL-CM6A-LR,-5.5,-5.5623,13,LT,Winter barley,precip_mj,-0.0287214371620786
IPSL-CM6A-LR,-4.5,-4.3507,11,LT,Winter barley,precip_mj,-0.0133884525340952
IPSL-CM6A-LR,-3.5,-3.4644,8,LT,Winter barley,precip_mj,0.00828742344922486
IPSL-CM6A-LR,-2.5,-2.5669,9,LT,Winter barley,precip_mj,0.00209220467018815
IPSL-CM6A-LR,-1.5,-1.2909,6,LT,Winter barley,precip_mj,-0.0215311399019662
IPSL-CM6A-LR,-0.5,-0.6347,8,LT,Winter barley,precip_mj,0.000355239078405132
EC-Earth3,-9.5,-9.1554,4,LV,Winter barley,precip_mj,-0.0285689467217585
EC-Earth3,-8.5,-8.4726,15,LV,Winter barley,precip_mj,-0.0509265830803821
EC-Earth3,-7.5,-7.5562,20,LV,Winter barley,precip_mj,-0.0411881147730663
EC-Earth3,-6.5,-6.4767,21,LV,Winter barley,precip_mj,-0.0212405255085792
EC-Earth3,-5.5,-5.3342,8,LV,Winter barley,precip_mj,-0.0343980759412223
EC-Earth3,-4.5,-4.5495,8,LV,Winter barley,precip_mj,-0.0173710116533774
EC-Earth3,-3.5,-3.3459,9,LV,Winter barley,precip_mj,-0.0334505411966889
EC-Earth3,-2.5,-2.4493,5,LV,Winter barley,precip_mj,-0.0145821344557676
EC-Earth3,-1.5,-1.3807,6,LV,Winter barley,precip_mj,-0.0195259324684285
EC-Earth3,-0.5,-0.6596,3,LV,Winter barley,precip_mj,-0.0394191561147538
HadGEM3-GC3-1LL,-8.5,-8.3848,12,LV,Winter barley,precip_mj,-0.0544722498730153
HadGEM3-GC3-1LL,-7.5,-7.5599,19,LV,Winter barley,precip_mj,-0.0285761767792838
HadGEM3-GC3-1LL,-6.5,-6.5442,24,LV,Winter barley,precip_mj,-0.0345520802032512
HadGEM3-GC3-1LL,-5.5,-5.5797,10,LV,Winter barley,precip_mj,-0.0385608023275892
HadGEM3-GC3-1LL,-4.5,-4.5263,6,LV,Winter barley,precip_mj,-0.0289565351983733
HadGEM3-GC3-1LL,-3.5,-3.7835,7,LV,Winter barley,precip_mj,-0.0152429129891655
HadGEM3-GC3-1LL,-2.5,-2.4504,6,LV,Winter barley,precip_mj,-0.00490640354396769
HadGEM3-GC3-1LL,-1.5,-1.3098,8,LV,Winter barley,precip_mj,0.0193371641414305
HadGEM3-GC3-1LL,-0.5,-0.331,6,LV,Winter barley,precip_mj,0.00328132670416339
HadGEM3-GC3-1MM,-14.5,-14.3032,4,LV,Winter barley,precip_mj,-0.0591586592522653
HadGEM3-GC3-1MM,-13.5,-13.3931,8,LV,Winter barley,precip_mj,-0.0561649341753693
HadGEM3-GC3-1MM,-12.5,-12.588,13,LV,Winter barley,precip_mj,-0.0743022723109669
HadGEM3-GC3-1MM,-11.5,-11.5321,21,LV,Winter barley,precip_mj,-0.0639706589159485
HadGEM3-GC3-1MM,-10.5,-10.4803,10,LV,Winter barley,precip_mj,-0.0294170074035157
HadGEM3-GC3-1MM,-9.5,-9.6161,7,LV,Winter barley,precip_mj,-0.0628912507838103
HadGEM3-GC3-1MM,-8.5,-8.6582,7,LV,Winter barley,precip_mj,-0.0394358210324674
HadGEM3-GC3-1MM,-7.5,-7.6345,8,LV,Winter barley,precip_mj,-0.00623673877568745
HadGEM3-GC3-1MM,-6.5,-6.4299,4,LV,Winter barley,precip_mj,-0.0150770217106675
HadGEM3-GC3-1MM,-5.5,-5.3528,4,LV,Winter barley,precip_mj,-0.00446581852559015
HadGEM3-GC3-1MM,-4.5,-4.3969,4,LV,Winter barley,precip_mj,0.00185726019334648
IPSL-CM6A-LR,-9.5,-9.3401,5,LV,Winter barley,precip_mj,-0.0349419556440053
IPSL-CM6A-LR,-8.5,-8.4598,8,LV,Winter barley,precip_mj,-0.0234562526602625
IPSL-CM6A-LR,-7.5,-7.5255,19,LV,Winter barley,precip_mj,-0.046301960589954
IPSL-CM6A-LR,-6.5,-6.5577,11,LV,Winter barley,precip_mj,-0.0591464055934766
IPSL-CM6A-LR,-5.5,-5.5623,13,LV,Winter barley,precip_mj,-0.0200676842249285
IPSL-CM6A-LR,-4.5,-4.3507,11,LV,Winter barley,precip_mj,0.00307352880284944
IPSL-CM6A-LR,-3.5,-3.4644,8,LV,Winter barley,precip_mj,-0.000403486975462661
IPSL-CM6A-LR,-2.5,-2.5669,9,LV,Winter barley,precip_mj,0.00882454366310538
IPSL-CM6A-LR,-1.5,-1.2909,6,LV,Winter barley,precip_mj,-0.0130388529056499
IPSL-CM6A-LR,-0.5,-0.6347,8,LV,Winter barley,precip_mj,0.0153388667632555
EC-Earth3,-9.5,-9.1554,4,SE,Winter barley,precip_mj,0.0284939431410388
EC-Earth3,-8.5,-8.4726,15,SE,Winter barley,precip_mj,-0.036498525257609
EC-Earth3,-7.5,-7.5562,20,SE,Winter barley,precip_mj,-0.0261873952678031
EC-Earth3,-6.5,-6.4767,21,SE,Winter barley,precip_mj,-0.0273073913216608
EC-Earth3,-5.5,-5.3342,8,SE,Winter barley,precip_mj,0.00916381798297437
EC-Earth3,-4.5,-4.5495,8,SE,Winter barley,precip_mj,-0.0245982439009765
EC-Earth3,-3.5,-3.3459,9,SE,Winter barley,precip_mj,-0.0412764430905999
EC-Earth3,-2.5,-2.4493,5,SE,Winter barley,precip_mj,-0.00633953420074476
EC-Earth3,-1.5,-1.3807,6,SE,Winter barley,precip_mj,0.0031435958509489
EC-Earth3,-0.5,-0.6596,3,SE,Winter barley,precip_mj,0.0322291657107927
HadGEM3-GC3-1LL,-8.5,-8.3848,12,SE,Winter barley,precip_mj,-0.0597538580889974
HadGEM3-GC3-1LL,-7.5,-7.5599,19,SE,Winter barley,precip_mj,-0.0314690030562941
HadGEM3-GC3-1LL,-6.5,-6.5442,24,SE,Winter barley,precip_mj,-0.0308750624510019
HadGEM3-GC3-1LL,-5.5,-5.5797,10,SE,Winter barley,precip_mj,-0.0436477532421436
HadGEM3-GC3-1LL,-4.5,-4.5263,6,SE,Winter barley,precip_mj,-0.0158216819520554
HadGEM3-GC3-1LL,-3.5,-3.7835,7,SE,Winter barley,precip_mj,-0.0429444810491089
HadGEM3-GC3-1LL,-2.5,-2.4504,6,SE,Winter barley,precip_mj,-0.0391339298719629
HadGEM3-GC3-1LL,-1.5,-1.3098,8,SE,Winter barley,precip_mj,0.00221704553505029
HadGEM3-GC3-1LL,-0.5,-0.331,6,SE,Winter barley,precip_mj,0.0198431676935564
HadGEM3-GC3-1MM,-14.5,-14.3032,4,SE,Winter barley,precip_mj,-0.0332566727477271
HadGEM3-GC3-1MM,-13.5,-13.3931,8,SE,Winter barley,precip_mj,-0.0760356994614626
HadGEM3-GC3-1MM,-12.5,-12.588,13,SE,Winter barley,precip_mj,-0.0934731808688812
HadGEM3-GC3-1MM,-11.5,-11.5321,21,SE,Winter barley,precip_mj,-0.0754602955038374
HadGEM3-GC3-1MM,-10.5,-10.4803,10,SE,Winter barley,precip_mj,-0.0467458603064042
HadGEM3-GC3-1MM,-9.5,-9.6161,7,SE,Winter barley,precip_mj,-0.0519832026486893
HadGEM3-GC3-1MM,-8.5,-8.6582,7,SE,Winter barley,precip_mj,-0.0551131670005097
HadGEM3-GC3-1MM,-7.5,-7.6345,8,SE,Winter barley,precip_mj,-0.00162887206425019
HadGEM3-GC3-1MM,-6.5,-6.4299,4,SE,Winter barley,precip_mj,-0.028305893608084
HadGEM3-GC3-1MM,-5.5,-5.3528,4,SE,Winter barley,precip_mj,-0.00747899134286057
HadGEM3-GC3-1MM,-4.5,-4.3969,4,SE,Winter barley,precip_mj,-0.0256552707803178
IPSL-CM6A-LR,-9.5,-9.3401,5,SE,Winter barley,precip_mj,-0.0512669569462135
IPSL-CM6A-LR,-8.5,-8.4598,8,SE,Winter barley,precip_mj,-0.00630823765985744
IPSL-CM6A-LR,-7.5,-7.5255,19,SE,Winter barley,precip_mj,-0.0458475102397409
IPSL-CM6A-LR,-6.5,-6.5577,11,SE,Winter barley,precip_mj,-0.0391302751506197
IPSL-CM6A-LR,-5.5,-5.5623,13,SE,Winter barley,precip_mj,-0.015740574463304
IPSL-CM6A-LR,-4.5,-4.3507,11,SE,Winter barley,precip_mj,0.00927105953363153
IPSL-CM6A-LR,-3.5,-3.4644,8,SE,Winter barley,precip_mj,0.0250334895472477
IPSL-CM6A-LR,-2.5,-2.5669,9,SE,Winter barley,precip_mj,-0.010779450752288
IPSL-CM6A-LR,-1.5,-1.2909,6,SE,Winter barley,precip_mj,-0.00135919432018898
IPSL-CM6A-LR,-0.5,-0.6347,8,SE,Winter barley,precip_mj,0.0322957230952733
EC-Earth3,-9.5,-9.1554,4,SK,Winter barley,precip_mj,0.045526218127649
EC-Earth3,-8.5,-8.4726,15,SK,Winter barley,precip_mj,-0.00824474852363825
EC-Earth3,-7.5,-7.5562,20,SK,Winter barley,precip_mj,-0.0126956854874502
EC-Earth3,-6.5,-6.4767,21,SK,Winter barley,precip_mj,-0.0443623906398761
EC-Earth3,-5.5,-5.3342,8,SK,Winter barley,precip_mj,-0.061617180277923
EC-Earth3,-4.5,-4.5495,8,SK,Winter barley,precip_mj,-0.00324594299203056
EC-Earth3,-3.5,-3.3459,9,SK,Winter barley,precip_mj,-0.0326784117833002
EC-Earth3,-2.5,-2.4493,5,SK,Winter barley,precip_mj,-0.0418197744547452
EC-Earth3,-1.5,-1.3807,6,SK,Winter barley,precip_mj,0.0471231094493521
EC-Earth3,-0.5,-0.6596,3,SK,Winter barley,precip_mj,-0.081227895480501
HadGEM3-GC3-1LL,-8.5,-8.3848,12,SK,Winter barley,precip_mj,-0.0623306156570475
HadGEM3-GC3-1LL,-7.5,-7.5599,19,SK,Winter barley,precip_mj,-0.043332057413398
HadGEM3-GC3-1LL,-6.5,-6.5442,24,SK,Winter barley,precip_mj,0.00887858946030192
HadGEM3-GC3-1LL,-5.5,-5.5797,10,SK,Winter barley,precip_mj,-0.0214402136435784
HadGEM3-GC3-1LL,-4.5,-4.5263,6,SK,Winter barley,precip_mj,0.00955531757891861
HadGEM3-GC3-1LL,-3.5,-3.7835,7,SK,Winter barley,precip_mj,-0.0141522897200329
HadGEM3-GC3-1LL,-2.5,-2.4504,6,SK,Winter barley,precip_mj,-0.0441372945297245
HadGEM3-GC3-1LL,-1.5,-1.3098,8,SK,Winter barley,precip_mj,-0.0071315615323326
HadGEM3-GC3-1LL,-0.5,-0.331,6,SK,Winter barley,precip_mj,0.0486992378272453
HadGEM3-GC3-1MM,-14.5,-14.3032,4,SK,Winter barley,precip_mj,-0.083150254109197
HadGEM3-GC3-1MM,-13.5,-13.3931,8,SK,Winter barley,precip_mj,-0.085111591834434
HadGEM3-GC3-1MM,-12.5,-12.588,13,SK,Winter barley,precip_mj,-0.0840166523281539
HadGEM3-GC3-1MM,-11.5,-11.5321,21,SK,Winter barley,precip_mj,-0.0673636652883188
HadGEM3-GC3-1MM,-10.5,-10.4803,10,SK,Winter barley,precip_mj,-0.0791551697607283
HadGEM3-GC3-1MM,-9.5,-9.6161,7,SK,Winter barley,precip_mj,-0.104693961407804
HadGEM3-GC3-1MM,-8.5,-8.6582,7,SK,Winter barley,precip_mj,-0.0590525264120606
HadGEM3-GC3-1MM,-7.5,-7.6345,8,SK,Winter barley,precip_mj,-0.0486039727851105
HadGEM3-GC3-1MM,-6.5,-6.4299,4,SK,Winter barley,precip_mj,-0.0611113714319187
HadGEM3-GC3-1MM,-5.5,-5.3528,4,SK,Winter barley,precip_mj,-0.0677029720692832
HadGEM3-GC3-1MM,-4.5,-4.3969,4,SK,Winter barley,precip_mj,-0.0257911419801933
IPSL-CM6A-LR,-9.5,-9.3401,5,SK,Winter barley,precip_mj,-0.0599727523040267
IPSL-CM6A-LR,-8.5,-8.4598,8,SK,Winter barley,precip_mj,-0.0361278096972911
IPSL-CM6A-LR,-7.5,-7.5255,19,SK,Winter barley,precip_mj,-0.041306263422859
IPSL-CM6A-LR,-6.5,-6.5577,11,SK,Winter barley,precip_mj,-0.0527191972374588
IPSL-CM6A-LR,-5.5,-5.5623,13,SK,Winter barley,precip_mj,-0.0291292751446477
IPSL-CM6A-LR,-4.5,-4.3507,11,SK,Winter barley,precip_mj,-0.0166493815541472
IPSL-CM6A-LR,-3.5,-3.4644,8,SK,Winter barley,precip_mj,-0.00154070267648386
IPSL-CM6A-LR,-2.5,-2.5669,9,SK,Winter barley,precip_mj,-0.038071414323595
IPSL-CM6A-LR,-1.5,-1.2909,6,SK,Winter barley,precip_mj,-0.0362203448043923
IPSL-CM6A-LR,-0.5,-0.6347,8,SK,Winter barley,precip_mj,-0.0101819868273818
EC-Earth3,-9.5,-9.1554,4,CZ,Soft wheat,precip_mj2,-0.00616714360498549
EC-Earth3,-8.5,-8.4726,15,CZ,Soft wheat,precip_mj2,0.0299680291754307
EC-Earth3,-7.5,-7.5562,20,CZ,Soft wheat,precip_mj2,0.0260289031814952
EC-Earth3,-6.5,-6.4767,21,CZ,Soft wheat,precip_mj2,0.0415685456784626
EC-Earth3,-5.5,-5.3342,8,CZ,Soft wheat,precip_mj2,0.0165355216346404
EC-Earth3,-4.5,-4.5495,8,CZ,Soft wheat,precip_mj2,0.0211044901112129
EC-Earth3,-3.5,-3.3459,9,CZ,Soft wheat,precip_mj2,0.0588783537455162
EC-Earth3,-2.5,-2.4493,5,CZ,Soft wheat,precip_mj2,0.00230644531217294
EC-Earth3,-1.5,-1.3807,6,CZ,Soft wheat,precip_mj2,-0.0147940115718786
EC-Earth3,-0.5,-0.6596,3,CZ,Soft wheat,precip_mj2,0.0383960617959891
HadGEM3-GC3-1LL,-8.5,-8.3848,12,CZ,Soft wheat,precip_mj2,0.0535057665106931
HadGEM3-GC3-1LL,-7.5,-7.5599,19,CZ,Soft wheat,precip_mj2,0.0471900805191938
HadGEM3-GC3-1LL,-6.5,-6.5442,24,CZ,Soft wheat,precip_mj2,0.00163675073321116
HadGEM3-GC3-1LL,-5.5,-5.5797,10,CZ,Soft wheat,precip_mj2,0.0110527881614924
HadGEM3-GC3-1LL,-4.5,-4.5263,6,CZ,Soft wheat,precip_mj2,0.0393633771133211
HadGEM3-GC3-1LL,-3.5,-3.7835,7,CZ,Soft wheat,precip_mj2,0.0106201104638226
HadGEM3-GC3-1LL,-2.5,-2.4504,6,CZ,Soft wheat,precip_mj2,0.019227404419544
HadGEM3-GC3-1LL,-1.5,-1.3098,8,CZ,Soft wheat,precip_mj2,0.00483524324991022
HadGEM3-GC3-1LL,-0.5,-0.331,6,CZ,Soft wheat,precip_mj2,-0.0374852442958056
HadGEM3-GC3-1MM,-14.5,-14.3032,4,CZ,Soft wheat,precip_mj2,0.0528178378179604
HadGEM3-GC3-1MM,-13.5,-13.3931,8,CZ,Soft wheat,precip_mj2,0.0692799568564243
HadGEM3-GC3-1MM,-12.5,-12.588,13,CZ,Soft wheat,precip_mj2,0.0761844276975439
HadGEM3-GC3-1MM,-11.5,-11.5321,21,CZ,Soft wheat,precip_mj2,0.0561398775709158
HadGEM3-GC3-1MM,-10.5,-10.4803,10,CZ,Soft wheat,precip_mj2,0.0655679318335725
HadGEM3-GC3-1MM,-9.5,-9.6161,7,CZ,Soft wheat,precip_mj2,0.0747779613762035
HadGEM3-GC3-1MM,-8.5,-8.6582,7,CZ,Soft wheat,precip_mj2,0.0335060344870227
HadGEM3-GC3-1MM,-7.5,-7.6345,8,CZ,Soft wheat,precip_mj2,0.0447586355356379
HadGEM3-GC3-1MM,-6.5,-6.4299,4,CZ,Soft wheat,precip_mj2,0.0582010937784988
HadGEM3-GC3-1MM,-5.5,-5.3528,4,CZ,Soft wheat,precip_mj2,0.0608643142234192
HadGEM3-GC3-1MM,-4.5,-4.3969,4,CZ,Soft wheat,precip_mj2,0.0372847005157258
IPSL-CM6A-LR,-9.5,-9.3401,5,CZ,Soft wheat,precip_mj2,0.0323528501328651
IPSL-CM6A-LR,-8.5,-8.4598,8,CZ,Soft wheat,precip_mj2,0.0400880755880455
IPSL-CM6A-LR,-7.5,-7.5255,19,CZ,Soft wheat,precip_mj2,0.0381491884024526
IPSL-CM6A-LR,-6.5,-6.5577,11,CZ,Soft wheat,precip_mj2,0.046611745042755
IPSL-CM6A-LR,-5.5,-5.5623,13,CZ,Soft wheat,precip_mj2,0.0256029376631342
IPSL-CM6A-LR,-4.5,-4.3507,11,CZ,Soft wheat,precip_mj2,0.0206391389071311
IPSL-CM6A-LR,-3.5,-3.4644,8,CZ,Soft wheat,precip_mj2,-0.00134942182897425
IPSL-CM6A-LR,-2.5,-2.5669,9,CZ,Soft wheat,precip_mj2,0.0352160376146665
IPSL-CM6A-LR,-1.5,-1.2909,6,CZ,Soft wheat,precip_mj2,0.0277310896465963
IPSL-CM6A-LR,-0.5,-0.6347,8,CZ,Soft wheat,precip_mj2,-0.0116276151522907
EC-Earth3,-9.5,-9.1554,4,DE,Soft wheat,precip_mj2,0.00325752289214891
EC-Earth3,-8.5,-8.4726,15,DE,Soft wheat,precip_mj2,0.0465974127076918
EC-Earth3,-7.5,-7.5562,20,DE,Soft wheat,precip_mj2,0.04095385028077
EC-Earth3,-6.5,-6.4767,21,DE,Soft wheat,precip_mj2,0.044029394211447
EC-Earth3,-5.5,-5.3342,8,DE,Soft wheat,precip_mj2,0.0165229997508518
EC-Earth3,-4.5,-4.5495,8,DE,Soft wheat,precip_mj2,0.0348735024489639
EC-Earth3,-3.5,-3.3459,9,DE,Soft wheat,precip_mj2,0.0460534955659224
EC-Earth3,-2.5,-2.4493,5,DE,Soft wheat,precip_mj2,0.0366851557247406
EC-Earth3,-1.5,-1.3807,6,DE,Soft wheat,precip_mj2,0.00934460894150112
EC-Earth3,-0.5,-0.6596,3,DE,Soft wheat,precip_mj2,0.00731439713634793
HadGEM3-GC3-1LL,-8.5,-8.3848,12,DE,Soft wheat,precip_mj2,0.0531324320594402
HadGEM3-GC3-1LL,-7.5,-7.5599,19,DE,Soft wheat,precip_mj2,0.0320679737403154
HadGEM3-GC3-1LL,-6.5,-6.5442,24,DE,Soft wheat,precip_mj2,0.0250645181184574
HadGEM3-GC3-1LL,-5.5,-5.5797,10,DE,Soft wheat,precip_mj2,0.0280460765096534
HadGEM3-GC3-1LL,-4.5,-4.5263,6,DE,Soft wheat,precip_mj2,0.0511711186252464
HadGEM3-GC3-1LL,-3.5,-3.7835,7,DE,Soft wheat,precip_mj2,0.0132232638909379
HadGEM3-GC3-1LL,-2.5,-2.4504,6,DE,Soft wheat,precip_mj2,0.0441333793677167
HadGEM3-GC3-1LL,-1.5,-1.3098,8,DE,Soft wheat,precip_mj2,-0.0090139621172886
HadGEM3-GC3-1LL,-0.5,-0.331,6,DE,Soft wheat,precip_mj2,0.0137110934346403
HadGEM3-GC3-1MM,-14.5,-14.3032,4,DE,Soft wheat,precip_mj2,0.0450730876839741
HadGEM3-GC3-1MM,-13.5,-13.3931,8,DE,Soft wheat,precip_mj2,0.0546507823400547
HadGEM3-GC3-1MM,-12.5,-12.588,13,DE,Soft wheat,precip_mj2,0.0790664926360459
HadGEM3-GC3-1MM,-11.5,-11.5321,21,DE,Soft wheat,precip_mj2,0.0701860091664654
HadGEM3-GC3-1MM,-10.5,-10.4803,10,DE,Soft wheat,precip_mj2,0.0610517819357486
HadGEM3-GC3-1MM,-9.5,-9.6161,7,DE,Soft wheat,precip_mj2,0.0566479740369416
HadGEM3-GC3-1MM,-8.5,-8.6582,7,DE,Soft wheat,precip_mj2,0.0496020968080309
HadGEM3-GC3-1MM,-7.5,-7.6345,8,DE,Soft wheat,precip_mj2,0.0228681613266965
HadGEM3-GC3-1MM,-6.5,-6.4299,4,DE,Soft wheat,precip_mj2,0.0219092920776727
HadGEM3-GC3-1MM,-5.5,-5.3528,4,DE,Soft wheat,precip_mj2,0.0345505391347176
HadGEM3-GC3-1MM,-4.5,-4.3969,4,DE,Soft wheat,precip_mj2,0.0400520501324024
IPSL-CM6A-LR,-9.5,-9.3401,5,DE,Soft wheat,precip_mj2,0.0487079240789736
IPSL-CM6A-LR,-8.5,-8.4598,8,DE,Soft wheat,precip_mj2,0.040431616599591
IPSL-CM6A-LR,-7.5,-7.5255,19,DE,Soft wheat,precip_mj2,0.0410638608804404
IPSL-CM6A-LR,-6.5,-6.5577,11,DE,Soft wheat,precip_mj2,0.0518649688927867
IPSL-CM6A-LR,-5.5,-5.5623,13,DE,Soft wheat,precip_mj2,0.041091435808319
IPSL-CM6A-LR,-4.5,-4.3507,11,DE,Soft wheat,precip_mj2,0.0175080516909579
IPSL-CM6A-LR,-3.5,-3.4644,8,DE,Soft wheat,precip_mj2,0.00762878181903448
IPSL-CM6A-LR,-2.5,-2.5669,9,DE,Soft wheat,precip_mj2,0.0396375523010456
IPSL-CM6A-LR,-1.5,-1.2909,6,DE,Soft wheat,precip_mj2,-0.00373216966071305
IPSL-CM6A-LR,-0.5,-0.6347,8,DE,Soft wheat,precip_mj2,0.00371632914927986
EC-Earth3,-9.5,-9.1554,4,DK,Soft wheat,precip_mj2,-0.00401786213370905
EC-Earth3,-8.5,-8.4726,15,DK,Soft wheat,precip_mj2,0.0269675322796385
EC-Earth3,-7.5,-7.5562,20,DK,Soft wheat,precip_mj2,0.0216298202664663
EC-Earth3,-6.5,-6.4767,21,DK,Soft wheat,precip_mj2,0.0191039682236447
EC-Earth3,-5.5,-5.3342,8,DK,Soft wheat,precip_mj2,0.00489522089367032
EC-Earth3,-4.5,-4.5495,8,DK,Soft wheat,precip_mj2,0.0153565565078817
EC-Earth3,-3.5,-3.3459,9,DK,Soft wheat,precip_mj2,0.0251864105954026
EC-Earth3,-2.5,-2.4493,5,DK,Soft wheat,precip_mj2,0.00847791126734566
EC-Earth3,-1.5,-1.3807,6,DK,Soft wheat,precip_mj2,0.0015305642455648
EC-Earth3,-0.5,-0.6596,3,DK,Soft wheat,precip_mj2,-0.0510253388971464
HadGEM3-GC3-1LL,-8.5,-8.3848,12,DK,Soft wheat,precip_mj2,0.0329295028818639
HadGEM3-GC3-1LL,-7.5,-7.5599,19,DK,Soft wheat,precip_mj2,0.0166293223141822
HadGEM3-GC3-1LL,-6.5,-6.5442,24,DK,Soft wheat,precip_mj2,0.0225923044122178
HadGEM3-GC3-1LL,-5.5,-5.5797,10,DK,Soft wheat,precip_mj2,0.0126057007751316
HadGEM3-GC3-1LL,-4.5,-4.5263,6,DK,Soft wheat,precip_mj2,0.0247426416336788
HadGEM3-GC3-1LL,-3.5,-3.7835,7,DK,Soft wheat,precip_mj2,0.0155060769806873
HadGEM3-GC3-1LL,-2.5,-2.4504,6,DK,Soft wheat,precip_mj2,0.0355923326684021
HadGEM3-GC3-1LL,-1.5,-1.3098,8,DK,Soft wheat,precip_mj2,-0.0137506701021453
HadGEM3-GC3-1LL,-0.5,-0.331,6,DK,Soft wheat,precip_mj2,0.0143097309658715
HadGEM3-GC3-1MM,-14.5,-14.3032,4,DK,Soft wheat,precip_mj2,0.0317553537228348
HadGEM3-GC3-1MM,-13.5,-13.3931,8,DK,Soft wheat,precip_mj2,0.0551012041874203
HadGEM3-GC3-1MM,-12.5,-12.588,13,DK,Soft wheat,precip_mj2,0.0499993254182555
HadGEM3-GC3-1MM,-11.5,-11.5321,21,DK,Soft wheat,precip_mj2,0.0471735035493755
HadGEM3-GC3-1MM,-10.5,-10.4803,10,DK,Soft wheat,precip_mj2,0.0337815503787294
HadGEM3-GC3-1MM,-9.5,-9.6161,7,DK,Soft wheat,precip_mj2,0.0266638559676689
HadGEM3-GC3-1MM,-8.5,-8.6582,7,DK,Soft wheat,precip_mj2,0.0399885696325773
HadGEM3-GC3-1MM,-7.5,-7.6345,8,DK,Soft wheat,precip_mj2,0.00106571037945886
HadGEM3-GC3-1MM,-6.5,-6.4299,4,DK,Soft wheat,precip_mj2,0.0130518084680784
HadGEM3-GC3-1MM,-5.5,-5.3528,4,DK,Soft wheat,precip_mj2,0.011150885314251
HadGEM3-GC3-1MM,-4.5,-4.3969,4,DK,Soft wheat,precip_mj2,0.0314646711520615
IPSL-CM6A-LR,-9.5,-9.3401,5,DK,Soft wheat,precip_mj2,0.0272513626238301
IPSL-CM6A-LR,-8.5,-8.4598,8,DK,Soft wheat,precip_mj2,-0.00435624572025301
IPSL-CM6A-LR,-7.5,-7.5255,19,DK,Soft wheat,precip_mj2,0.0290376371391397
IPSL-CM6A-LR,-6.5,-6.5577,11,DK,Soft wheat,precip_mj2,0.0278173150697003
IPSL-CM6A-LR,-5.5,-5.5623,13,DK,Soft wheat,precip_mj2,0.0243867371122621
IPSL-CM6A-LR,-4.5,-4.3507,11,DK,Soft wheat,precip_mj2,-0.0162867379778429
IPSL-CM6A-LR,-3.5,-3.4644,8,DK,Soft wheat,precip_mj2,-0.0171214244367637
IPSL-CM6A-LR,-2.5,-2.5669,9,DK,Soft wheat,precip_mj2,0.017071683030443
IPSL-CM6A-LR,-1.5,-1.2909,6,DK,Soft wheat,precip_mj2,0.00316597589871916
IPSL-CM6A-LR,-0.5,-0.6347,8,DK,Soft wheat,precip_mj2,-0.0241146767508184
EC-Earth3,-9.5,-9.1554,4,EE,Soft wheat,precip_mj2,0.0358139533205745
EC-Earth3,-8.5,-8.4726,15,EE,Soft wheat,precip_mj2,0.0379514244638513
EC-Earth3,-7.5,-7.5562,20,EE,Soft wheat,precip_mj2,0.0230841845321767
EC-Earth3,-6.5,-6.4767,21,EE,Soft wheat,precip_mj2,0.0136839340293372
EC-Earth3,-5.5,-5.3342,8,EE,Soft wheat,precip_mj2,0.0283176121372017
EC-Earth3,-4.5,-4.5495,8,EE,Soft wheat,precip_mj2,0.0101524391998994
EC-Earth3,-3.5,-3.3459,9,EE,Soft wheat,precip_mj2,0.0160410004021389
EC-Earth3,-2.5,-2.4493,5,EE,Soft wheat,precip_mj2,0.0048241539954627
EC-Earth3,-1.5,-1.3807,6,EE,Soft wheat,precip_mj2,0.00502463755619317
EC-Earth3,-0.5,-0.6596,3,EE,Soft wheat,precip_mj2,0.0129127211672451
HadGEM3-GC3-1LL,-8.5,-8.3848,12,EE,Soft wheat,precip_mj2,0.0264572968258731
HadGEM3-GC3-1LL,-7.5,-7.5599,19,EE,Soft wheat,precip_mj2,0.0120241573224799
HadGEM3-GC3-1LL,-6.5,-6.5442,24,EE,Soft wheat,precip_mj2,0.0300913673045131
HadGEM3-GC3-1LL,-5.5,-5.5797,10,EE,Soft wheat,precip_mj2,0.0248806253985369
HadGEM3-GC3-1LL,-4.5,-4.5263,6,EE,Soft wheat,precip_mj2,0.0199776692907528
HadGEM3-GC3-1LL,-3.5,-3.7835,7,EE,Soft wheat,precip_mj2,0.0120126469419926
HadGEM3-GC3-1LL,-2.5,-2.4504,6,EE,Soft wheat,precip_mj2,-0.0114436929887902
HadGEM3-GC3-1LL,-1.5,-1.3098,8,EE,Soft wheat,precip_mj2,-0.0116967046387648
HadGEM3-GC3-1LL,-0.5,-0.331,6,EE,Soft wheat,precip_mj2,-0.00543992141856195
HadGEM3-GC3-1MM,-14.5,-14.3032,4,EE,Soft wheat,precip_mj2,0.0382547092043723
HadGEM3-GC3-1MM,-13.5,-13.3931,8,EE,Soft wheat,precip_mj2,0.0399811670623192
HadGEM3-GC3-1MM,-12.5,-12.588,13,EE,Soft wheat,precip_mj2,0.041403001965551
HadGEM3-GC3-1MM,-11.5,-11.5321,21,EE,Soft wheat,precip_mj2,0.037622928134895
HadGEM3-GC3-1MM,-10.5,-10.4803,10,EE,Soft wheat,precip_mj2,0.00915457837016048
HadGEM3-GC3-1MM,-9.5,-9.6161,7,EE,Soft wheat,precip_mj2,0.0439532982013512
HadGEM3-GC3-1MM,-8.5,-8.6582,7,EE,Soft wheat,precip_mj2,0.0214687470015623
HadGEM3-GC3-1MM,-7.5,-7.6345,8,EE,Soft wheat,precip_mj2,-0.00689203590429654
HadGEM3-GC3-1MM,-6.5,-6.4299,4,EE,Soft wheat,precip_mj2,0.0030427840806251
HadGEM3-GC3-1MM,-5.5,-5.3528,4,EE,Soft wheat,precip_mj2,-0.00121145842108941
HadGEM3-GC3-1MM,-4.5,-4.3969,4,EE,Soft wheat,precip_mj2,-0.00116774272869347
IPSL-CM6A-LR,-9.5,-9.3401,5,EE,Soft wheat,precip_mj2,0.0303240087275226
IPSL-CM6A-LR,-8.5,-8.4598,8,EE,Soft wheat,precip_mj2,0.0258338071978732
IPSL-CM6A-LR,-7.5,-7.5255,19,EE,Soft wheat,precip_mj2,0.0373593010994043
IPSL-CM6A-LR,-6.5,-6.5577,11,EE,Soft wheat,precip_mj2,0.043144945673969
IPSL-CM6A-LR,-5.5,-5.5623,13,EE,Soft wheat,precip_mj2,0.0063222929328099
IPSL-CM6A-LR,-4.5,-4.3507,11,EE,Soft wheat,precip_mj2,-0.00735227768180294
IPSL-CM6A-LR,-3.5,-3.4644,8,EE,Soft wheat,precip_mj2,0.0140377930823894
IPSL-CM6A-LR,-2.5,-2.5669,9,EE,Soft wheat,precip_mj2,0.0017020782210341
IPSL-CM6A-LR,-1.5,-1.2909,6,EE,Soft wheat,precip_mj2,0.018151841051012
IPSL-CM6A-LR,-0.5,-0.6347,8,EE,Soft wheat,precip_mj2,-0.00422021929689155
EC-Earth3,-9.5,-9.1554,4,EL,Soft wheat,precip_mj2,0.00310342392901005
EC-Earth3,-8.5,-8.4726,15,EL,Soft wheat,precip_mj2,-0.00268380792164688
EC-Earth3,-7.5,-7.5562,20,EL,Soft wheat,precip_mj2,0.00493726773710599
EC-Earth3,-6.5,-6.4767,21,EL,Soft wheat,precip_mj2,-0.00138855217753559
EC-Earth3,-5.5,-5.3342,8,EL,Soft wheat,precip_mj2,0.000239801063576201
EC-Earth3,-4.5,-4.5495,8,EL,Soft wheat,precip_mj2,0.00332691369913503
EC-Earth3,-3.5,-3.3459,9,EL,Soft wheat,precip_mj2,0.00307371965892932
EC-Earth3,-2.5,-2.4493,5,EL,Soft wheat,precip_mj2,0.010717661463965
EC-Earth3,-1.5,-1.3807,6,EL,Soft wheat,precip_mj2,-0.000257405995534231
EC-Earth3,-0.5,-0.6596,3,EL,Soft wheat,precip_mj2,0.0141195657564939
HadGEM3-GC3-1LL,-8.5,-8.3848,12,EL,Soft wheat,precip_mj2,0.00272371080017044
HadGEM3-GC3-1LL,-7.5,-7.5599,19,EL,Soft wheat,precip_mj2,0.0075827728154229
HadGEM3-GC3-1LL,-6.5,-6.5442,24,EL,Soft wheat,precip_mj2,-0.00219354030493736
HadGEM3-GC3-1LL,-5.5,-5.5797,10,EL,Soft wheat,precip_mj2,0.00310686378995285
HadGEM3-GC3-1LL,-4.5,-4.5263,6,EL,Soft wheat,precip_mj2,0.00779504337655038
HadGEM3-GC3-1LL,-3.5,-3.7835,7,EL,Soft wheat,precip_mj2,0.00288500263270171
HadGEM3-GC3-1LL,-2.5,-2.4504,6,EL,Soft wheat,precip_mj2,0.00152468008702107
HadGEM3-GC3-1LL,-1.5,-1.3098,8,EL,Soft wheat,precip_mj2,0.00184407714494778
HadGEM3-GC3-1LL,-0.5,-0.331,6,EL,Soft wheat,precip_mj2,0.00243675172443126
HadGEM3-GC3-1MM,-14.5,-14.3032,4,EL,Soft wheat,precip_mj2,0.0127994735293106
HadGEM3-GC3-1MM,-13.5,-13.3931,8,EL,Soft wheat,precip_mj2,0.0176246000994863
HadGEM3-GC3-1MM,-12.5,-12.588,13,EL,Soft wheat,precip_mj2,0.0178669580087895
HadGEM3-GC3-1MM,-11.5,-11.5321,21,EL,Soft wheat,precip_mj2,0.0199797065959117
HadGEM3-GC3-1MM,-10.5,-10.4803,10,EL,Soft wheat,precip_mj2,0.0266085987228206
HadGEM3-GC3-1MM,-9.5,-9.6161,7,EL,Soft wheat,precip_mj2,0.0313395465688645
HadGEM3-GC3-1MM,-8.5,-8.6582,7,EL,Soft wheat,precip_mj2,0.0170573560517425
HadGEM3-GC3-1MM,-7.5,-7.6345,8,EL,Soft wheat,precip_mj2,0.0159165184851718
HadGEM3-GC3-1MM,-6.5,-6.4299,4,EL,Soft wheat,precip_mj2,0.00581879177691094
HadGEM3-GC3-1MM,-5.5,-5.3528,4,EL,Soft wheat,precip_mj2,0.0153525169778545
HadGEM3-GC3-1MM,-4.5,-4.3969,4,EL,Soft wheat,precip_mj2,-0.0020437663472671
IPSL-CM6A-LR,-9.5,-9.3401,5,EL,Soft wheat,precip_mj2,0.0068310514096764
IPSL-CM6A-LR,-8.5,-8.4598,8,EL,Soft wheat,precip_mj2,0.0198804698488661
IPSL-CM6A-LR,-7.5,-7.5255,19,EL,Soft wheat,precip_mj2,0.0176562636091613
IPSL-CM6A-LR,-6.5,-6.5577,11,EL,Soft wheat,precip_mj2,0.0136478273105825
IPSL-CM6A-LR,-5.5,-5.5623,13,EL,Soft wheat,precip_mj2,0.0118290963416934
IPSL-CM6A-LR,-4.5,-4.3507,11,EL,Soft wheat,precip_mj2,0.000859499272203768
IPSL-CM6A-LR,-3.5,-3.4644,8,EL,Soft wheat,precip_mj2,0.0162486366008033
IPSL-CM6A-LR,-2.5,-2.5669,9,EL,Soft wheat,precip_mj2,0.0156963056365311
IPSL-CM6A-LR,-1.5,-1.2909,6,EL,Soft wheat,precip_mj2,-0.00132778359125063
IPSL-CM6A-LR,-0.5,-0.6347,8,EL,Soft wheat,precip_mj2,0.0225091719174037
EC-Earth3,-9.5,-9.1554,4,ES,Soft wheat,precip_mj2,0.024911583792109
EC-Earth3,-8.5,-8.4726,15,ES,Soft wheat,precip_mj2,0.0174251035060904
EC-Earth3,-7.5,-7.5562,20,ES,Soft wheat,precip_mj2,0.018915966805812
EC-Earth3,-6.5,-6.4767,21,ES,Soft wheat,precip_mj2,0.0306661865978281
EC-Earth3,-5.5,-5.3342,8,ES,Soft wheat,precip_mj2,0.0374357477881326
EC-Earth3,-4.5,-4.5495,8,ES,Soft wheat,precip_mj2,0.0343682111465804
EC-Earth3,-3.5,-3.3459,9,ES,Soft wheat,precip_mj2,-0.00537890008267104
EC-Earth3,-2.5,-2.4493,5,ES,Soft wheat,precip_mj2,0.0263175365971953
EC-Earth3,-1.5,-1.3807,6,ES,Soft wheat,precip_mj2,0.0108746682118103
EC-Earth3,-0.5,-0.6596,3,ES,Soft wheat,precip_mj2,0.0245798650633602
HadGEM3-GC3-1LL,-8.5,-8.3848,12,ES,Soft wheat,precip_mj2,0.0150383730101051
HadGEM3-GC3-1LL,-7.5,-7.5599,19,ES,Soft wheat,precip_mj2,0.0108821105513552
HadGEM3-GC3-1LL,-6.5,-6.5442,24,ES,Soft wheat,precip_mj2,0.0107274334943192
HadGEM3-GC3-1LL,-5.5,-5.5797,10,ES,Soft wheat,precip_mj2,0.00553711855349133
HadGEM3-GC3-1LL,-4.5,-4.5263,6,ES,Soft wheat,precip_mj2,0.031980427957605
HadGEM3-GC3-1LL,-3.5,-3.7835,7,ES,Soft wheat,precip_mj2,0.00621368887288043
HadGEM3-GC3-1LL,-2.5,-2.4504,6,ES,Soft wheat,precip_mj2,0.0167420753089721
HadGEM3-GC3-1LL,-1.5,-1.3098,8,ES,Soft wheat,precip_mj2,0.0123854872472856
HadGEM3-GC3-1LL,-0.5,-0.331,6,ES,Soft wheat,precip_mj2,0.0207491267412996
HadGEM3-GC3-1MM,-14.5,-14.3032,4,ES,Soft wheat,precip_mj2,0.0289744527027426
HadGEM3-GC3-1MM,-13.5,-13.3931,8,ES,Soft wheat,precip_mj2,0.0144916440137128
HadGEM3-GC3-1MM,-12.5,-12.588,13,ES,Soft wheat,precip_mj2,0.0276570936897887
HadGEM3-GC3-1MM,-11.5,-11.5321,21,ES,Soft wheat,precip_mj2,0.0370289933531551
HadGEM3-GC3-1MM,-10.5,-10.4803,10,ES,Soft wheat,precip_mj2,0.038675347923411
HadGEM3-GC3-1MM,-9.5,-9.6161,7,ES,Soft wheat,precip_mj2,0.0206363815762498
HadGEM3-GC3-1MM,-8.5,-8.6582,7,ES,Soft wheat,precip_mj2,0.0178792137810444
HadGEM3-GC3-1MM,-7.5,-7.6345,8,ES,Soft wheat,precip_mj2,0.0385961352518568
HadGEM3-GC3-1MM,-6.5,-6.4299,4,ES,Soft wheat,precip_mj2,0.0314189339127077
HadGEM3-GC3-1MM,-5.5,-5.3528,4,ES,Soft wheat,precip_mj2,0.0161501943350032
HadGEM3-GC3-1MM,-4.5,-4.3969,4,ES,Soft wheat,precip_mj2,-0.029233396804931
IPSL-CM6A-LR,-9.5,-9.3401,5,ES,Soft wheat,precip_mj2,0.0187599458625685
IPSL-CM6A-LR,-8.5,-8.4598,8,ES,Soft wheat,precip_mj2,0.0310159982889503
IPSL-CM6A-LR,-7.5,-7.5255,19,ES,Soft wheat,precip_mj2,0.0298282518397141
IPSL-CM6A-LR,-6.5,-6.5577,11,ES,Soft wheat,precip_mj2,0.0281895230380835
IPSL-CM6A-LR,-5.5,-5.5623,13,ES,Soft wheat,precip_mj2,0.0252203480796125
IPSL-CM6A-LR,-4.5,-4.3507,11,ES,Soft wheat,precip_mj2,0.0222658643589759
IPSL-CM6A-LR,-3.5,-3.4644,8,ES,Soft wheat,precip_mj2,0.027926533374699
IPSL-CM6A-LR,-2.5,-2.5669,9,ES,Soft wheat,precip_mj2,-0.00613807592662513
IPSL-CM6A-LR,-1.5,-1.2909,6,ES,Soft wheat,precip_mj2,0.0124232265257397
IPSL-CM6A-LR,-0.5,-0.6347,8,ES,Soft wheat,precip_mj2,0.0195252778841266
EC-Earth3,-9.5,-9.1554,4,FI,Soft wheat,precip_mj2,0.0119115980157243
EC-Earth3,-8.5,-8.4726,15,FI,Soft wheat,precip_mj2,0.0194567750824054
EC-Earth3,-7.5,-7.5562,20,FI,Soft wheat,precip_mj2,0.019083282550165
EC-Earth3,-6.5,-6.4767,21,FI,Soft wheat,precip_mj2,0.0107293979817895
EC-Earth3,-5.5,-5.3342,8,FI,Soft wheat,precip_mj2,0.0200696693059111
EC-Earth3,-4.5,-4.5495,8,FI,Soft wheat,precip_mj2,0.00857454366774491
EC-Earth3,-3.5,-3.3459,9,FI,Soft wheat,precip_mj2,0.0219823401972784
EC-Earth3,-2.5,-2.4493,5,FI,Soft wheat,precip_mj2,-0.00943928518112191
EC-Earth3,-1.5,-1.3807,6,FI,Soft wheat,precip_mj2,-0.00150107534933054
EC-Earth3,-0.5,-0.6596,3,FI,Soft wheat,precip_mj2,0.0189492989692547
HadGEM3-GC3-1LL,-8.5,-8.3848,12,FI,Soft wheat,precip_mj2,0.019198783743923
HadGEM3-GC3-1LL,-7.5,-7.5599,19,FI,Soft wheat,precip_mj2,0.0191782115385135
HadGEM3-GC3-1LL,-6.5,-6.5442,24,FI,Soft wheat,precip_mj2,0.0235878742925577
HadGEM3-GC3-1LL,-5.5,-5.5797,10,FI,Soft wheat,precip_mj2,0.0279295344176124
HadGEM3-GC3-1LL,-4.5,-4.5263,6,FI,Soft wheat,precip_mj2,0.0103271398834725
HadGEM3-GC3-1LL,-3.5,-3.7835,7,FI,Soft wheat,precip_mj2,0.00879770727459522
HadGEM3-GC3-1LL,-2.5,-2.4504,6,FI,Soft wheat,precip_mj2,0.00950704193866503
HadGEM3-GC3-1LL,-1.5,-1.3098,8,FI,Soft wheat,precip_mj2,-0.00320439433441466
HadGEM3-GC3-1LL,-0.5,-0.331,6,FI,Soft wheat,precip_mj2,-0.00587111025907159
HadGEM3-GC3-1MM,-14.5,-14.3032,4,FI,Soft wheat,precip_mj2,0.03470222339658
HadGEM3-GC3-1MM,-13.5,-13.3931,8,FI,Soft wheat,precip_mj2,0.0425540640082357
HadGEM3-GC3-1MM,-12.5,-12.588,13,FI,Soft wheat,precip_mj2,0.0419020638685678
HadGEM3-GC3-1MM,-11.5,-11.5321,21,FI,Soft wheat,precip_mj2,0.0387383263144977
HadGEM3-GC3-1MM,-10.5,-10.4803,10,FI,Soft wheat,precip_mj2,0.0257856733712836
HadGEM3-GC3-1MM,-9.5,-9.6161,7,FI,Soft wheat,precip_mj2,0.043524832270268
HadGEM3-GC3-1MM,-8.5,-8.6582,7,FI,Soft wheat,precip_mj2,0.0216077049001185
HadGEM3-GC3-1MM,-7.5,-7.6345,8,FI,Soft wheat,precip_mj2,0.00607347685333653
HadGEM3-GC3-1MM,-6.5,-6.4299,4,FI,Soft wheat,precip_mj2,0.00205123260980959
HadGEM3-GC3-1MM,-5.5,-5.3528,4,FI,Soft wheat,precip_mj2,0.000258002259112571
HadGEM3-GC3-1MM,-4.5,-4.3969,4,FI,Soft wheat,precip_mj2,0.0121868910787087
IPSL-CM6A-LR,-9.5,-9.3401,5,FI,Soft wheat,precip_mj2,0.0412341140844133
IPSL-CM6A-LR,-8.5,-8.4598,8,FI,Soft wheat,precip_mj2,0.0151583651643644
IPSL-CM6A-LR,-7.5,-7.5255,19,FI,Soft wheat,precip_mj2,0.0280336967798154
IPSL-CM6A-LR,-6.5,-6.5577,11,FI,Soft wheat,precip_mj2,0.0296839965043445
IPSL-CM6A-LR,-5.5,-5.5623,13,FI,Soft wheat,precip_mj2,0.0137942835786292
IPSL-CM6A-LR,-4.5,-4.3507,11,FI,Soft wheat,precip_mj2,0.00382313341397437
IPSL-CM6A-LR,-3.5,-3.4644,8,FI,Soft wheat,precip_mj2,0.00430449448076739
IPSL-CM6A-LR,-2.5,-2.5669,9,FI,Soft wheat,precip_mj2,0.0139556922498045
IPSL-CM6A-LR,-1.5,-1.2909,6,FI,Soft wheat,precip_mj2,0.00771662853189162
IPSL-CM6A-LR,-0.5,-0.6347,8,FI,Soft wheat,precip_mj2,-0.0170158993309946
EC-Earth3,-9.5,-9.1554,4,FR,Soft wheat,precip_mj2,0.000796701015710199
EC-Earth3,-8.5,-8.4726,15,FR,Soft wheat,precip_mj2,0.0411548686585189
EC-Earth3,-7.5,-7.5562,20,FR,Soft wheat,precip_mj2,0.0304458284746436
EC-Earth3,-6.5,-6.4767,21,FR,Soft wheat,precip_mj2,0.0444178571207502
EC-Earth3,-5.5,-5.3342,8,FR,Soft wheat,precip_mj2,0.00913875476124026
EC-Earth3,-4.5,-4.5495,8,FR,Soft wheat,precip_mj2,0.0552328824078006
EC-Earth3,-3.5,-3.3459,9,FR,Soft wheat,precip_mj2,0.0220613561130043
EC-Earth3,-2.5,-2.4493,5,FR,Soft wheat,precip_mj2,0.0389948814560509
EC-Earth3,-1.5,-1.3807,6,FR,Soft wheat,precip_mj2,0.0206383776632525
EC-Earth3,-0.5,-0.6596,3,FR,Soft wheat,precip_mj2,0.00129814841303916
HadGEM3-GC3-1LL,-8.5,-8.3848,12,FR,Soft wheat,precip_mj2,0.0468938886283352
HadGEM3-GC3-1LL,-7.5,-7.5599,19,FR,Soft wheat,precip_mj2,0.0303003323409287
HadGEM3-GC3-1LL,-6.5,-6.5442,24,FR,Soft wheat,precip_mj2,0.0342589123720503
HadGEM3-GC3-1LL,-5.5,-5.5797,10,FR,Soft wheat,precip_mj2,0.0112034073575261
HadGEM3-GC3-1LL,-4.5,-4.5263,6,FR,Soft wheat,precip_mj2,0.0697114931856032
HadGEM3-GC3-1LL,-3.5,-3.7835,7,FR,Soft wheat,precip_mj2,0.0145124759841088
HadGEM3-GC3-1LL,-2.5,-2.4504,6,FR,Soft wheat,precip_mj2,0.0652752416868723
HadGEM3-GC3-1LL,-1.5,-1.3098,8,FR,Soft wheat,precip_mj2,-0.00697446035126837
HadGEM3-GC3-1LL,-0.5,-0.331,6,FR,Soft wheat,precip_mj2,0.0282990689508483
HadGEM3-GC3-1MM,-14.5,-14.3032,4,FR,Soft wheat,precip_mj2,0.0541858211065652
HadGEM3-GC3-1MM,-13.5,-13.3931,8,FR,Soft wheat,precip_mj2,0.0524552041792665
HadGEM3-GC3-1MM,-12.5,-12.588,13,FR,Soft wheat,precip_mj2,0.0560558697098639
HadGEM3-GC3-1MM,-11.5,-11.5321,21,FR,Soft wheat,precip_mj2,0.0759147183852636
HadGEM3-GC3-1MM,-10.5,-10.4803,10,FR,Soft wheat,precip_mj2,0.0579218210381572
HadGEM3-GC3-1MM,-9.5,-9.6161,7,FR,Soft wheat,precip_mj2,0.0276708979017011
HadGEM3-GC3-1MM,-8.5,-8.6582,7,FR,Soft wheat,precip_mj2,0.0618392370068246
HadGEM3-GC3-1MM,-7.5,-7.6345,8,FR,Soft wheat,precip_mj2,0.0373088155568349
HadGEM3-GC3-1MM,-6.5,-6.4299,4,FR,Soft wheat,precip_mj2,0.043630045930134
HadGEM3-GC3-1MM,-5.5,-5.3528,4,FR,Soft wheat,precip_mj2,0.00462894145713365
HadGEM3-GC3-1MM,-4.5,-4.3969,4,FR,Soft wheat,precip_mj2,-0.0115053756047214
IPSL-CM6A-LR,-9.5,-9.3401,5,FR,Soft wheat,precip_mj2,0.0384884829244028
IPSL-CM6A-LR,-8.5,-8.4598,8,FR,Soft wheat,precip_mj2,0.0325613992645763
IPSL-CM6A-LR,-7.5,-7.5255,19,FR,Soft wheat,precip_mj2,0.0420194641272569
IPSL-CM6A-LR,-6.5,-6.5577,11,FR,Soft wheat,precip_mj2,0.0509126042921131
IPSL-CM6A-LR,-5.5,-5.5623,13,FR,Soft wheat,precip_mj2,0.0329789784984928
IPSL-CM6A-LR,-4.5,-4.3507,11,FR,Soft wheat,precip_mj2,0.0225238393528846
IPSL-CM6A-LR,-3.5,-3.4644,8,FR,Soft wheat,precip_mj2,0.0238651482310711
IPSL-CM6A-LR,-2.5,-2.5669,9,FR,Soft wheat,precip_mj2,0.033881926985401
IPSL-CM6A-LR,-1.5,-1.2909,6,FR,Soft wheat,precip_mj2,-0.0114735977097071
IPSL-CM6A-LR,-0.5,-0.6347,8,FR,Soft wheat,precip_mj2,0.00332078164297558
EC-Earth3,-9.5,-9.1554,4,HU,Soft wheat,precip_mj2,-0.00981698450010567
EC-Earth3,-8.5,-8.4726,15,HU,Soft wheat,precip_mj2,-0.00795057960365735
EC-Earth3,-7.5,-7.5562,20,HU,Soft wheat,precip_mj2,0.00797182079552159
EC-Earth3,-6.5,-6.4767,21,HU,Soft wheat,precip_mj2,0.0240643179071718
EC-Earth3,-5.5,-5.3342,8,HU,Soft wheat,precip_mj2,0.04079548701275
EC-Earth3,-4.5,-4.5495,8,HU,Soft wheat,precip_mj2,0.00807470481739655
EC-Earth3,-3.5,-3.3459,9,HU,Soft wheat,precip_mj2,-0.00354010348683298
EC-Earth3,-2.5,-2.4493,5,HU,Soft wheat,precip_mj2,0.0473886757113874
EC-Earth3,-1.5,-1.3807,6,HU,Soft wheat,precip_mj2,-0.0469422965007753
EC-Earth3,-0.5,-0.6596,3,HU,Soft wheat,precip_mj2,0.0378678931219825
HadGEM3-GC3-1LL,-8.5,-8.3848,12,HU,Soft wheat,precip_mj2,0.0303638316872186
HadGEM3-GC3-1LL,-7.5,-7.5599,19,HU,Soft wheat,precip_mj2,0.0310685678850443
HadGEM3-GC3-1LL,-6.5,-6.5442,24,HU,Soft wheat,precip_mj2,0.00130913462611593
HadGEM3-GC3-1LL,-5.5,-5.5797,10,HU,Soft wheat,precip_mj2,0.0179354362477968
HadGEM3-GC3-1LL,-4.5,-4.5263,6,HU,Soft wheat,precip_mj2,-0.0186106907612603
HadGEM3-GC3-1LL,-3.5,-3.7835,7,HU,Soft wheat,precip_mj2,-0.000678673774130376
HadGEM3-GC3-1LL,-2.5,-2.4504,6,HU,Soft wheat,precip_mj2,0.026207618718838
HadGEM3-GC3-1LL,-1.5,-1.3098,8,HU,Soft wheat,precip_mj2,0.0108850305628736
HadGEM3-GC3-1LL,-0.5,-0.331,6,HU,Soft wheat,precip_mj2,-0.0124024784530921
HadGEM3-GC3-1MM,-14.5,-14.3032,4,HU,Soft wheat,precip_mj2,0.0607812850525885
HadGEM3-GC3-1MM,-13.5,-13.3931,8,HU,Soft wheat,precip_mj2,0.0435054242647121
HadGEM3-GC3-1MM,-12.5,-12.588,13,HU,Soft wheat,precip_mj2,0.0457655111657668
HadGEM3-GC3-1MM,-11.5,-11.5321,21,HU,Soft wheat,precip_mj2,0.0403635717846045
HadGEM3-GC3-1MM,-10.5,-10.4803,10,HU,Soft wheat,precip_mj2,0.0442463516811312
HadGEM3-GC3-1MM,-9.5,-9.6161,7,HU,Soft wheat,precip_mj2,0.0456937831250496
HadGEM3-GC3-1MM,-8.5,-8.6582,7,HU,Soft wheat,precip_mj2,0.0369523593095802
HadGEM3-GC3-1MM,-7.5,-7.6345,8,HU,Soft wheat,precip_mj2,0.0204362878403488
HadGEM3-GC3-1MM,-6.5,-6.4299,4,HU,Soft wheat,precip_mj2,0.0280004605654386
HadGEM3-GC3-1MM,-5.5,-5.3528,4,HU,Soft wheat,precip_mj2,0.0337857169775101
HadGEM3-GC3-1MM,-4.5,-4.3969,4,HU,Soft wheat,precip_mj2,-0.00326460803260024
IPSL-CM6A-LR,-9.5,-9.3401,5,HU,Soft wheat,precip_mj2,0.0379876023660202
IPSL-CM6A-LR,-8.5,-8.4598,8,HU,Soft wheat,precip_mj2,0.0293267590898813
IPSL-CM6A-LR,-7.5,-7.5255,19,HU,Soft wheat,precip_mj2,0.029960646527818
IPSL-CM6A-LR,-6.5,-6.5577,11,HU,Soft wheat,precip_mj2,0.0316625041357613
IPSL-CM6A-LR,-5.5,-5.5623,13,HU,Soft wheat,precip_mj2,0.0215894534094394
IPSL-CM6A-LR,-4.5,-4.3507,11,HU,Soft wheat,precip_mj2,0.0227070134329652
IPSL-CM6A-LR,-3.5,-3.4644,8,HU,Soft wheat,precip_mj2,0.00700338664694909
IPSL-CM6A-LR,-2.5,-2.5669,9,HU,Soft wheat,precip_mj2,0.0275082351317145
IPSL-CM6A-LR,-1.5,-1.2909,6,HU,Soft wheat,precip_mj2,0.0180807661840592
IPSL-CM6A-LR,-0.5,-0.6347,8,HU,Soft wheat,precip_mj2,0.0233190103052574
EC-Earth3,-9.5,-9.1554,4,IT,Soft wheat,precip_mj2,0.0360302509378758
EC-Earth3,-8.5,-8.4726,15,IT,Soft wheat,precip_mj2,0.0439630280495006
EC-Earth3,-7.5,-7.5562,20,IT,Soft wheat,precip_mj2,0.0268394562790289
EC-Earth3,-6.5,-6.4767,21,IT,Soft wheat,precip_mj2,0.0397976293789177
EC-Earth3,-5.5,-5.3342,8,IT,Soft wheat,precip_mj2,0.0628714180858323
EC-Earth3,-4.5,-4.5495,8,IT,Soft wheat,precip_mj2,0.0713793934821826
EC-Earth3,-3.5,-3.3459,9,IT,Soft wheat,precip_mj2,-0.014811845972039
EC-Earth3,-2.5,-2.4493,5,IT,Soft wheat,precip_mj2,0.0712389262229961
EC-Earth3,-1.5,-1.3807,6,IT,Soft wheat,precip_mj2,0.0370446797093218
EC-Earth3,-0.5,-0.6596,3,IT,Soft wheat,precip_mj2,0.0727196704810362
HadGEM3-GC3-1LL,-8.5,-8.3848,12,IT,Soft wheat,precip_mj2,0.0329596487389499
HadGEM3-GC3-1LL,-7.5,-7.5599,19,IT,Soft wheat,precip_mj2,0.036840135800158
HadGEM3-GC3-1LL,-6.5,-6.5442,24,IT,Soft wheat,precip_mj2,-0.000161763324056112
HadGEM3-GC3-1LL,-5.5,-5.5797,10,IT,Soft wheat,precip_mj2,0.0190110836859443
HadGEM3-GC3-1LL,-4.5,-4.5263,6,IT,Soft wheat,precip_mj2,0.0396526424002285
HadGEM3-GC3-1LL,-3.5,-3.7835,7,IT,Soft wheat,precip_mj2,0.00541767088585795
HadGEM3-GC3-1LL,-2.5,-2.4504,6,IT,Soft wheat,precip_mj2,0.0519378310864009
HadGEM3-GC3-1LL,-1.5,-1.3098,8,IT,Soft wheat,precip_mj2,0.015492842163951
HadGEM3-GC3-1LL,-0.5,-0.331,6,IT,Soft wheat,precip_mj2,0.00619498436263976
HadGEM3-GC3-1MM,-14.5,-14.3032,4,IT,Soft wheat,precip_mj2,0.0643975640429331
HadGEM3-GC3-1MM,-13.5,-13.3931,8,IT,Soft wheat,precip_mj2,0.0789934935323014
HadGEM3-GC3-1MM,-12.5,-12.588,13,IT,Soft wheat,precip_mj2,0.0798101380356485
HadGEM3-GC3-1MM,-11.5,-11.5321,21,IT,Soft wheat,precip_mj2,0.0822863661906971
HadGEM3-GC3-1MM,-10.5,-10.4803,10,IT,Soft wheat,precip_mj2,0.0923906195466263
HadGEM3-GC3-1MM,-9.5,-9.6161,7,IT,Soft wheat,precip_mj2,0.0570083719791449
HadGEM3-GC3-1MM,-8.5,-8.6582,7,IT,Soft wheat,precip_mj2,0.0838815693459657
HadGEM3-GC3-1MM,-7.5,-7.6345,8,IT,Soft wheat,precip_mj2,0.0877280334742677
HadGEM3-GC3-1MM,-6.5,-6.4299,4,IT,Soft wheat,precip_mj2,0.0593392072947167
HadGEM3-GC3-1MM,-5.5,-5.3528,4,IT,Soft wheat,precip_mj2,0.0727463059420001
HadGEM3-GC3-1MM,-4.5,-4.3969,4,IT,Soft wheat,precip_mj2,0.003863322262879
IPSL-CM6A-LR,-9.5,-9.3401,5,IT,Soft wheat,precip_mj2,0.0467793432448341
IPSL-CM6A-LR,-8.5,-8.4598,8,IT,Soft wheat,precip_mj2,0.0621705882330778
IPSL-CM6A-LR,-7.5,-7.5255,19,IT,Soft wheat,precip_mj2,0.0617704697784588
IPSL-CM6A-LR,-6.5,-6.5577,11,IT,Soft wheat,precip_mj2,0.0725237895593155
IPSL-CM6A-LR,-5.5,-5.5623,13,IT,Soft wheat,precip_mj2,0.0517285918940484
IPSL-CM6A-LR,-4.5,-4.3507,11,IT,Soft wheat,precip_mj2,0.0475561142639541
IPSL-CM6A-LR,-3.5,-3.4644,8,IT,Soft wheat,precip_mj2,0.0403046144477556
IPSL-CM6A-LR,-2.5,-2.5669,9,IT,Soft wheat,precip_mj2,0.0213929323492792
IPSL-CM6A-LR,-1.5,-1.2909,6,IT,Soft wheat,precip_mj2,0.0321221611908035
IPSL-CM6A-LR,-0.5,-0.6347,8,IT,Soft wheat,precip_mj2,0.0540835015612508
EC-Earth3,-9.5,-9.1554,4,LT,Soft wheat,precip_mj2,0.0192809264052183
EC-Earth3,-8.5,-8.4726,15,LT,Soft wheat,precip_mj2,0.0365649758367766
EC-Earth3,-7.5,-7.5562,20,LT,Soft wheat,precip_mj2,0.034599065049722
EC-Earth3,-6.5,-6.4767,21,LT,Soft wheat,precip_mj2,0.0237136674193776
EC-Earth3,-5.5,-5.3342,8,LT,Soft wheat,precip_mj2,0.0196688964640443
EC-Earth3,-4.5,-4.5495,8,LT,Soft wheat,precip_mj2,0.00863821499067612
EC-Earth3,-3.5,-3.3459,9,LT,Soft wheat,precip_mj2,0.0302988330442519
EC-Earth3,-2.5,-2.4493,5,LT,Soft wheat,precip_mj2,0.00968735313095757
EC-Earth3,-1.5,-1.3807,6,LT,Soft wheat,precip_mj2,0.0204427723540201
EC-Earth3,-0.5,-0.6596,3,LT,Soft wheat,precip_mj2,0.0377157281666649
HadGEM3-GC3-1LL,-8.5,-8.3848,12,LT,Soft wheat,precip_mj2,0.0375539539150849
HadGEM3-GC3-1LL,-7.5,-7.5599,19,LT,Soft wheat,precip_mj2,0.0305180295083042
HadGEM3-GC3-1LL,-6.5,-6.5442,24,LT,Soft wheat,precip_mj2,0.0286215411259363
HadGEM3-GC3-1LL,-5.5,-5.5797,10,LT,Soft wheat,precip_mj2,0.0379499262679912
HadGEM3-GC3-1LL,-4.5,-4.5263,6,LT,Soft wheat,precip_mj2,0.0178085581260924
HadGEM3-GC3-1LL,-3.5,-3.7835,7,LT,Soft wheat,precip_mj2,0.0162165828399926
HadGEM3-GC3-1LL,-2.5,-2.4504,6,LT,Soft wheat,precip_mj2,0.0152463859396651
HadGEM3-GC3-1LL,-1.5,-1.3098,8,LT,Soft wheat,precip_mj2,-0.0099009429244422
HadGEM3-GC3-1LL,-0.5,-0.331,6,LT,Soft wheat,precip_mj2,-0.00399235235776628
HadGEM3-GC3-1MM,-14.5,-14.3032,4,LT,Soft wheat,precip_mj2,0.0405395415847655
HadGEM3-GC3-1MM,-13.5,-13.3931,8,LT,Soft wheat,precip_mj2,0.0384068794530281
HadGEM3-GC3-1MM,-12.5,-12.588,13,LT,Soft wheat,precip_mj2,0.0560693878278527
HadGEM3-GC3-1MM,-11.5,-11.5321,21,LT,Soft wheat,precip_mj2,0.0471969946844067
HadGEM3-GC3-1MM,-10.5,-10.4803,10,LT,Soft wheat,precip_mj2,0.029174545241239
HadGEM3-GC3-1MM,-9.5,-9.6161,7,LT,Soft wheat,precip_mj2,0.0459180640241206
HadGEM3-GC3-1MM,-8.5,-8.6582,7,LT,Soft wheat,precip_mj2,0.0299016036713933
HadGEM3-GC3-1MM,-7.5,-7.6345,8,LT,Soft wheat,precip_mj2,0.00693083843034971
HadGEM3-GC3-1MM,-6.5,-6.4299,4,LT,Soft wheat,precip_mj2,0.0171125576380553
HadGEM3-GC3-1MM,-5.5,-5.3528,4,LT,Soft wheat,precip_mj2,0.00138603190392359
HadGEM3-GC3-1MM,-4.5,-4.3969,4,LT,Soft wheat,precip_mj2,0.00885899356042626
IPSL-CM6A-LR,-9.5,-9.3401,5,LT,Soft wheat,precip_mj2,0.0291296352625389
IPSL-CM6A-LR,-8.5,-8.4598,8,LT,Soft wheat,precip_mj2,0.0216235340483558
IPSL-CM6A-LR,-7.5,-7.5255,19,LT,Soft wheat,precip_mj2,0.0388697987352345
IPSL-CM6A-LR,-6.5,-6.5577,11,LT,Soft wheat,precip_mj2,0.04527901922306
IPSL-CM6A-LR,-5.5,-5.5623,13,LT,Soft wheat,precip_mj2,0.0214104738896213
IPSL-CM6A-LR,-4.5,-4.3507,11,LT,Soft wheat,precip_mj2,0.0114274603798462
IPSL-CM6A-LR,-3.5,-3.4644,8,LT,Soft wheat,precip_mj2,-0.00752132204669405
IPSL-CM6A-LR,-2.5,-2.5669,9,LT,Soft wheat,precip_mj2,-0.00170904647736967
IPSL-CM6A-LR,-1.5,-1.2909,6,LT,Soft wheat,precip_mj2,0.0147763511891039
IPSL-CM6A-LR,-0.5,-0.6347,8,LT,Soft wheat,precip_mj2,9.39807104964999e-05
EC-Earth3,-9.5,-9.1554,4,LV,Soft wheat,precip_mj2,0.0218284363455867
EC-Earth3,-8.5,-8.4726,15,LV,Soft wheat,precip_mj2,0.0352391645928472
EC-Earth3,-7.5,-7.5562,20,LV,Soft wheat,precip_mj2,0.0292203470840065
EC-Earth3,-6.5,-6.4767,21,LV,Soft wheat,precip_mj2,0.0159970043297776
EC-Earth3,-5.5,-5.3342,8,LV,Soft wheat,precip_mj2,0.0238506911186642
EC-Earth3,-4.5,-4.5495,8,LV,Soft wheat,precip_mj2,0.0121388114480552
EC-Earth3,-3.5,-3.3459,9,LV,Soft wheat,precip_mj2,0.0228519009234297
EC-Earth3,-2.5,-2.4493,5,LV,Soft wheat,precip_mj2,0.00963969398425714
EC-Earth3,-1.5,-1.3807,6,LV,Soft wheat,precip_mj2,0.0156633605225081
EC-Earth3,-0.5,-0.6596,3,LV,Soft wheat,precip_mj2,0.027557898688693
HadGEM3-GC3-1LL,-8.5,-8.3848,12,LV,Soft wheat,precip_mj2,0.0370759277018341
HadGEM3-GC3-1LL,-7.5,-7.5599,19,LV,Soft wheat,precip_mj2,0.021786822468328
HadGEM3-GC3-1LL,-6.5,-6.5442,24,LV,Soft wheat,precip_mj2,0.0254667583695093
HadGEM3-GC3-1LL,-5.5,-5.5797,10,LV,Soft wheat,precip_mj2,0.028064146009433
HadGEM3-GC3-1LL,-4.5,-4.5263,6,LV,Soft wheat,precip_mj2,0.0215327463582848
HadGEM3-GC3-1LL,-3.5,-3.7835,7,LV,Soft wheat,precip_mj2,0.0111418340680007
HadGEM3-GC3-1LL,-2.5,-2.4504,6,LV,Soft wheat,precip_mj2,0.00349864084948934
HadGEM3-GC3-1LL,-1.5,-1.3098,8,LV,Soft wheat,precip_mj2,-0.0149279089585199
HadGEM3-GC3-1LL,-0.5,-0.331,6,LV,Soft wheat,precip_mj2,-0.00102202890057557
HadGEM3-GC3-1MM,-14.5,-14.3032,4,LV,Soft wheat,precip_mj2,0.0405762072983502
HadGEM3-GC3-1MM,-13.5,-13.3931,8,LV,Soft wheat,precip_mj2,0.0384982349168535
HadGEM3-GC3-1MM,-12.5,-12.588,13,LV,Soft wheat,precip_mj2,0.0485895163746682
HadGEM3-GC3-1MM,-11.5,-11.5321,21,LV,Soft wheat,precip_mj2,0.043138938860863
HadGEM3-GC3-1MM,-10.5,-10.4803,10,LV,Soft wheat,precip_mj2,0.0227466148013343
HadGEM3-GC3-1MM,-9.5,-9.6161,7,LV,Soft wheat,precip_mj2,0.0418070929317428
HadGEM3-GC3-1MM,-8.5,-8.6582,7,LV,Soft wheat,precip_mj2,0.027455019369764
HadGEM3-GC3-1MM,-7.5,-7.6345,8,LV,Soft wheat,precip_mj2,0.00384095167125123
HadGEM3-GC3-1MM,-6.5,-6.4299,4,LV,Soft wheat,precip_mj2,0.0122693567576952
HadGEM3-GC3-1MM,-5.5,-5.3528,4,LV,Soft wheat,precip_mj2,0.00537760301759899
HadGEM3-GC3-1MM,-4.5,-4.3969,4,LV,Soft wheat,precip_mj2,0.000403109409008819
IPSL-CM6A-LR,-9.5,-9.3401,5,LV,Soft wheat,precip_mj2,0.0231887256398189
IPSL-CM6A-LR,-8.5,-8.4598,8,LV,Soft wheat,precip_mj2,0.0178986344770925
IPSL-CM6A-LR,-7.5,-7.5255,19,LV,Soft wheat,precip_mj2,0.0323209448938576
IPSL-CM6A-LR,-6.5,-6.5577,11,LV,Soft wheat,precip_mj2,0.0405582409864872
IPSL-CM6A-LR,-5.5,-5.5623,13,LV,Soft wheat,precip_mj2,0.0149319774268588
IPSL-CM6A-LR,-4.5,-4.3507,11,LV,Soft wheat,precip_mj2,0.000384057907517779
IPSL-CM6A-LR,-3.5,-3.4644,8,LV,Soft wheat,precip_mj2,0.000140384295573673
IPSL-CM6A-LR,-2.5,-2.5669,9,LV,Soft wheat,precip_mj2,-0.00781278218933683
IPSL-CM6A-LR,-1.5,-1.2909,6,LV,Soft wheat,precip_mj2,0.00962095798663827
IPSL-CM6A-LR,-0.5,-0.6347,8,LV,Soft wheat,precip_mj2,-0.00948804897722075
EC-Earth3,-9.5,-9.1554,4,RO,Soft wheat,precip_mj2,-0.00225238284091968
EC-Earth3,-8.5,-8.4726,15,RO,Soft wheat,precip_mj2,1.27370205601076e-05
EC-Earth3,-7.5,-7.5562,20,RO,Soft wheat,precip_mj2,0.00520744731504835
EC-Earth3,-6.5,-6.4767,21,RO,Soft wheat,precip_mj2,0.0225667956733355
EC-Earth3,-5.5,-5.3342,8,RO,Soft wheat,precip_mj2,0.0147678177595838
EC-Earth3,-4.5,-4.5495,8,RO,Soft wheat,precip_mj2,-0.0166230112572483
EC-Earth3,-3.5,-3.3459,9,RO,Soft wheat,precip_mj2,-0.00443169013394357
EC-Earth3,-2.5,-2.4493,5,RO,Soft wheat,precip_mj2,0.0523366980054343
EC-Earth3,-1.5,-1.3807,6,RO,Soft wheat,precip_mj2,-0.0447598614640279
EC-Earth3,-0.5,-0.6596,3,RO,Soft wheat,precip_mj2,0.0273234741936896
HadGEM3-GC3-1LL,-8.5,-8.3848,12,RO,Soft wheat,precip_mj2,0.0246965290611166
HadGEM3-GC3-1LL,-7.5,-7.5599,19,RO,Soft wheat,precip_mj2,0.0360975247718156
HadGEM3-GC3-1LL,-6.5,-6.5442,24,RO,Soft wheat,precip_mj2,-0.00224198382484048
HadGEM3-GC3-1LL,-5.5,-5.5797,10,RO,Soft wheat,precip_mj2,0.0258651595902215
HadGEM3-GC3-1LL,-4.5,-4.5263,6,RO,Soft wheat,precip_mj2,-0.0070551673468574
HadGEM3-GC3-1LL,-3.5,-3.7835,7,RO,Soft wheat,precip_mj2,-0.000952643137800649
HadGEM3-GC3-1LL,-2.5,-2.4504,6,RO,Soft wheat,precip_mj2,0.0195591682983525
HadGEM3-GC3-1LL,-1.5,-1.3098,8,RO,Soft wheat,precip_mj2,-0.00061239787714295
HadGEM3-GC3-1LL,-0.5,-0.331,6,RO,Soft wheat,precip_mj2,-0.0356017458003065
HadGEM3-GC3-1MM,-14.5,-14.3032,4,RO,Soft wheat,precip_mj2,0.0544073758478215
HadGEM3-GC3-1MM,-13.5,-13.3931,8,RO,Soft wheat,precip_mj2,0.0484937538822642
HadGEM3-GC3-1MM,-12.5,-12.588,13,RO,Soft wheat,precip_mj2,0.0476518444588423
HadGEM3-GC3-1MM,-11.5,-11.5321,21,RO,Soft wheat,precip_mj2,0.0514908461609822
HadGEM3-GC3-1MM,-10.5,-10.4803,10,RO,Soft wheat,precip_mj2,0.0367055748739314
HadGEM3-GC3-1MM,-9.5,-9.6161,7,RO,Soft wheat,precip_mj2,0.0639541029746458
HadGEM3-GC3-1MM,-8.5,-8.6582,7,RO,Soft wheat,precip_mj2,0.0415551874206353
HadGEM3-GC3-1MM,-7.5,-7.6345,8,RO,Soft wheat,precip_mj2,0.00908621158512569
HadGEM3-GC3-1MM,-6.5,-6.4299,4,RO,Soft wheat,precip_mj2,0.00527379947718392
HadGEM3-GC3-1MM,-5.5,-5.3528,4,RO,Soft wheat,precip_mj2,0.00139595777937626
HadGEM3-GC3-1MM,-4.5,-4.3969,4,RO,Soft wheat,precip_mj2,0.0157140667394996
IPSL-CM6A-LR,-9.5,-9.3401,5,RO,Soft wheat,precip_mj2,0.0162234601258712
IPSL-CM6A-LR,-8.5,-8.4598,8,RO,Soft wheat,precip_mj2,0.0320317978976974
IPSL-CM6A-LR,-7.5,-7.5255,19,RO,Soft wheat,precip_mj2,0.0315272467836069
IPSL-CM6A-LR,-6.5,-6.5577,11,RO,Soft wheat,precip_mj2,0.0330897977182961
IPSL-CM6A-LR,-5.5,-5.5623,13,RO,Soft wheat,precip_mj2,0.0209189367459151
IPSL-CM6A-LR,-4.5,-4.3507,11,RO,Soft wheat,precip_mj2,0.0165518591586314
IPSL-CM6A-LR,-3.5,-3.4644,8,RO,Soft wheat,precip_mj2,0.0224408000666221
IPSL-CM6A-LR,-2.5,-2.5669,9,RO,Soft wheat,precip_mj2,0.0324281276878536
IPSL-CM6A-LR,-1.5,-1.2909,6,RO,Soft wheat,precip_mj2,0.0164093454370367
IPSL-CM6A-LR,-0.5,-0.6347,8,RO,Soft wheat,precip_mj2,0.02638767215148
EC-Earth3,-9.5,-9.1554,4,SE,Soft wheat,precip_mj2,-0.027308671644117
EC-Earth3,-8.5,-8.4726,15,SE,Soft wheat,precip_mj2,0.0280364174795217
EC-Earth3,-7.5,-7.5562,20,SE,Soft wheat,precip_mj2,0.019235809900913
EC-Earth3,-6.5,-6.4767,21,SE,Soft wheat,precip_mj2,0.0198974874752184
EC-Earth3,-5.5,-5.3342,8,SE,Soft wheat,precip_mj2,-0.00567156627240837
EC-Earth3,-4.5,-4.5495,8,SE,Soft wheat,precip_mj2,0.0172246715845176
EC-Earth3,-3.5,-3.3459,9,SE,Soft wheat,precip_mj2,0.0326454298860336
EC-Earth3,-2.5,-2.4493,5,SE,Soft wheat,precip_mj2,0.00096496084508215
EC-Earth3,-1.5,-1.3807,6,SE,Soft wheat,precip_mj2,-0.00306897844070253
EC-Earth3,-0.5,-0.6596,3,SE,Soft wheat,precip_mj2,-0.040262563395625
HadGEM3-GC3-1LL,-8.5,-8.3848,12,SE,Soft wheat,precip_mj2,0.0426161154689776
HadGEM3-GC3-1LL,-7.5,-7.5599,19,SE,Soft wheat,precip_mj2,0.0281000197210042
HadGEM3-GC3-1LL,-6.5,-6.5442,24,SE,Soft wheat,precip_mj2,0.0269394980433741
HadGEM3-GC3-1LL,-5.5,-5.5797,10,SE,Soft wheat,precip_mj2,0.0356432772898159
HadGEM3-GC3-1LL,-4.5,-4.5263,6,SE,Soft wheat,precip_mj2,0.0163687331061716
HadGEM3-GC3-1LL,-3.5,-3.7835,7,SE,Soft wheat,precip_mj2,0.03557005498877
HadGEM3-GC3-1LL,-2.5,-2.4504,6,SE,Soft wheat,precip_mj2,0.031214218324163
HadGEM3-GC3-1LL,-1.5,-1.3098,8,SE,Soft wheat,precip_mj2,0.00464157551325107
HadGEM3-GC3-1LL,-0.5,-0.331,6,SE,Soft wheat,precip_mj2,-0.00908454204653199
HadGEM3-GC3-1MM,-14.5,-14.3032,4,SE,Soft wheat,precip_mj2,0.0290029171789052
HadGEM3-GC3-1MM,-13.5,-13.3931,8,SE,Soft wheat,precip_mj2,0.058753575275844
HadGEM3-GC3-1MM,-12.5,-12.588,13,SE,Soft wheat,precip_mj2,0.0653998119452145
HadGEM3-GC3-1MM,-11.5,-11.5321,21,SE,Soft wheat,precip_mj2,0.0556412111704638
HadGEM3-GC3-1MM,-10.5,-10.4803,10,SE,Soft wheat,precip_mj2,0.0352712680643001
HadGEM3-GC3-1MM,-9.5,-9.6161,7,SE,Soft wheat,precip_mj2,0.0398378530808196
HadGEM3-GC3-1MM,-8.5,-8.6582,7,SE,Soft wheat,precip_mj2,0.039433476986542
HadGEM3-GC3-1MM,-7.5,-7.6345,8,SE,Soft wheat,precip_mj2,0.000743712398904714
HadGEM3-GC3-1MM,-6.5,-6.4299,4,SE,Soft wheat,precip_mj2,0.023195097361471
HadGEM3-GC3-1MM,-5.5,-5.3528,4,SE,Soft wheat,precip_mj2,0.00489141733964307
HadGEM3-GC3-1MM,-4.5,-4.3969,4,SE,Soft wheat,precip_mj2,0.0220077388499957
IPSL-CM6A-LR,-9.5,-9.3401,5,SE,Soft wheat,precip_mj2,0.0398105989064402
IPSL-CM6A-LR,-8.5,-8.4598,8,SE,Soft wheat,precip_mj2,0.00849307256315834
IPSL-CM6A-LR,-7.5,-7.5255,19,SE,Soft wheat,precip_mj2,0.0371679115804372
IPSL-CM6A-LR,-6.5,-6.5577,11,SE,Soft wheat,precip_mj2,0.0344692728423854
IPSL-CM6A-LR,-5.5,-5.5623,13,SE,Soft wheat,precip_mj2,0.0185863737216651
IPSL-CM6A-LR,-4.5,-4.3507,11,SE,Soft wheat,precip_mj2,-0.00154370374182142
IPSL-CM6A-LR,-3.5,-3.4644,8,SE,Soft wheat,precip_mj2,-0.0165360796122373
IPSL-CM6A-LR,-2.5,-2.5669,9,SE,Soft wheat,precip_mj2,0.0148873106497362
IPSL-CM6A-LR,-1.5,-1.2909,6,SE,Soft wheat,precip_mj2,0.00565640740565888
IPSL-CM6A-LR,-0.5,-0.6347,8,SE,Soft wheat,precip_mj2,-0.0288985891193225
EC-Earth3,-9.5,-9.1554,4,SK,Soft wheat,precip_mj2,-0.0490392949306573
EC-Earth3,-8.5,-8.4726,15,SK,Soft wheat,precip_mj2,0.00613538813725389
EC-Earth3,-7.5,-7.5562,20,SK,Soft wheat,precip_mj2,0.0143223614876423
EC-Earth3,-6.5,-6.4767,21,SK,Soft wheat,precip_mj2,0.0400087838201595
EC-Earth3,-5.5,-5.3342,8,SK,Soft wheat,precip_mj2,0.0546767048513584
EC-Earth3,-4.5,-4.5495,8,SK,Soft wheat,precip_mj2,0.00319233018870783
EC-Earth3,-3.5,-3.3459,9,SK,Soft wheat,precip_mj2,0.0294838112076738
EC-Earth3,-2.5,-2.4493,5,SK,Soft wheat,precip_mj2,0.0382975055239492
EC-Earth3,-1.5,-1.3807,6,SK,Soft wheat,precip_mj2,-0.0468725415232543
EC-Earth3,-0.5,-0.6596,3,SK,Soft wheat,precip_mj2,0.0691182713576254
HadGEM3-GC3-1LL,-8.5,-8.3848,12,SK,Soft wheat,precip_mj2,0.0579852593262242
HadGEM3-GC3-1LL,-7.5,-7.5599,19,SK,Soft wheat,precip_mj2,0.0405168805423579
HadGEM3-GC3-1LL,-6.5,-6.5442,24,SK,Soft wheat,precip_mj2,-0.00866980711380964
HadGEM3-GC3-1LL,-5.5,-5.5797,10,SK,Soft wheat,precip_mj2,0.0201643377600625
HadGEM3-GC3-1LL,-4.5,-4.5263,6,SK,Soft wheat,precip_mj2,-0.00990034236069497
HadGEM3-GC3-1LL,-3.5,-3.7835,7,SK,Soft wheat,precip_mj2,0.0135024041081427
HadGEM3-GC3-1LL,-2.5,-2.4504,6,SK,Soft wheat,precip_mj2,0.0413867382878211
HadGEM3-GC3-1LL,-1.5,-1.3098,8,SK,Soft wheat,precip_mj2,0.00569589072076989
HadGEM3-GC3-1LL,-0.5,-0.331,6,SK,Soft wheat,precip_mj2,-0.0486611607648152
HadGEM3-GC3-1MM,-14.5,-14.3032,4,SK,Soft wheat,precip_mj2,0.0686681598210484
HadGEM3-GC3-1MM,-13.5,-13.3931,8,SK,Soft wheat,precip_mj2,0.071427524781541
HadGEM3-GC3-1MM,-12.5,-12.588,13,SK,Soft wheat,precip_mj2,0.0734253414518104
HadGEM3-GC3-1MM,-11.5,-11.5321,21,SK,Soft wheat,precip_mj2,0.0596932657066447
HadGEM3-GC3-1MM,-10.5,-10.4803,10,SK,Soft wheat,precip_mj2,0.0668203254368671
HadGEM3-GC3-1MM,-9.5,-9.6161,7,SK,Soft wheat,precip_mj2,0.0857672266471153
HadGEM3-GC3-1MM,-8.5,-8.6582,7,SK,Soft wheat,precip_mj2,0.0531522044330535
HadGEM3-GC3-1MM,-7.5,-7.6345,8,SK,Soft wheat,precip_mj2,0.0401589552758668
HadGEM3-GC3-1MM,-6.5,-6.4299,4,SK,Soft wheat,precip_mj2,0.0525898445847299
HadGEM3-GC3-1MM,-5.5,-5.3528,4,SK,Soft wheat,precip_mj2,0.0570473740240632
HadGEM3-GC3-1MM,-4.5,-4.3969,4,SK,Soft wheat,precip_mj2,0.0181643556661635
IPSL-CM6A-LR,-9.5,-9.3401,5,SK,Soft wheat,precip_mj2,0.0490411732652821
IPSL-CM6A-LR,-8.5,-8.4598,8,SK,Soft wheat,precip_mj2,0.033383310939403
IPSL-CM6A-LR,-7.5,-7.5255,19,SK,Soft wheat,precip_mj2,0.0376362506439298
IPSL-CM6A-LR,-6.5,-6.5577,11,SK,Soft wheat,precip_mj2,0.046990174327574
IPSL-CM6A-LR,-5.5,-5.5623,13,SK,Soft wheat,precip_mj2,0.0252713011382679
IPSL-CM6A-LR,-4.5,-4.3507,11,SK,Soft wheat,precip_mj2,0.0155419111966198
IPSL-CM6A-LR,-3.5,-3.4644,8,SK,Soft wheat,precip_mj2,0.000932634016260032
IPSL-CM6A-LR,-2.5,-2.5669,9,SK,Soft wheat,precip_mj2,0.0346934512945716
IPSL-CM6A-LR,-1.5,-1.2909,6,SK,Soft wheat,precip_mj2,0.0325687896478634
IPSL-CM6A-LR,-0.5,-0.6347,8,SK,Soft wheat,precip_mj2,0.00945659258339987
EC-Earth3,-9.5,-9.1554,4,EL,Durum wheat,precip_mj2,0.00300209821608315
EC-Earth3,-8.5,-8.4726,15,EL,Durum wheat,precip_mj2,-0.00376070634982
EC-Earth3,-7.5,-7.5562,20,EL,Durum wheat,precip_mj2,0.00490538197198842
EC-Earth3,-6.5,-6.4767,21,EL,Durum wheat,precip_mj2,-0.00235097756555997
EC-Earth3,-5.5,-5.3342,8,EL,Durum wheat,precip_mj2,-0.00258342277940945
EC-Earth3,-4.5,-4.5495,8,EL,Durum wheat,precip_mj2,0.000434137630428485
EC-Earth3,-3.5,-3.3459,9,EL,Durum wheat,precip_mj2,0.00243802082894527
EC-Earth3,-2.5,-2.4493,5,EL,Durum wheat,precip_mj2,0.00977324213511928
EC-Earth3,-1.5,-1.3807,6,EL,Durum wheat,precip_mj2,-0.00105749461681609
EC-Earth3,-0.5,-0.6596,3,EL,Durum wheat,precip_mj2,0.0127517795457457
HadGEM3-GC3-1LL,-8.5,-8.3848,12,EL,Durum wheat,precip_mj2,0.00431932001998787
HadGEM3-GC3-1LL,-7.5,-7.5599,19,EL,Durum wheat,precip_mj2,0.00914975917553429
HadGEM3-GC3-1LL,-6.5,-6.5442,24,EL,Durum wheat,precip_mj2,-0.00237134969644869
HadGEM3-GC3-1LL,-5.5,-5.5797,10,EL,Durum wheat,precip_mj2,0.00326073283896868
HadGEM3-GC3-1LL,-4.5,-4.5263,6,EL,Durum wheat,precip_mj2,0.0047852265718699
HadGEM3-GC3-1LL,-3.5,-3.7835,7,EL,Durum wheat,precip_mj2,0.00295859758229176
HadGEM3-GC3-1LL,-2.5,-2.4504,6,EL,Durum wheat,precip_mj2,0.000245749230492678
HadGEM3-GC3-1LL,-1.5,-1.3098,8,EL,Durum wheat,precip_mj2,0.00145430478444732
HadGEM3-GC3-1LL,-0.5,-0.331,6,EL,Durum wheat,precip_mj2,0.000126909530931393
HadGEM3-GC3-1MM,-14.5,-14.3032,4,EL,Durum wheat,precip_mj2,0.0108994350274795
HadGEM3-GC3-1MM,-13.5,-13.3931,8,EL,Durum wheat,precip_mj2,0.0180656989461798
HadGEM3-GC3-1MM,-12.5,-12.588,13,EL,Durum wheat,precip_mj2,0.0178399204712934
HadGEM3-GC3-1MM,-11.5,-11.5321,21,EL,Durum wheat,precip_mj2,0.0198549984313029
HadGEM3-GC3-1MM,-10.5,-10.4803,10,EL,Durum wheat,precip_mj2,0.0263884490920909
HadGEM3-GC3-1MM,-9.5,-9.6161,7,EL,Durum wheat,precip_mj2,0.0327180781655277
HadGEM3-GC3-1MM,-8.5,-8.6582,7,EL,Durum wheat,precip_mj2,0.016062990025903
HadGEM3-GC3-1MM,-7.5,-7.6345,8,EL,Durum wheat,precip_mj2,0.014802560517307
HadGEM3-GC3-1MM,-6.5,-6.4299,4,EL,Durum wheat,precip_mj2,0.00334567118354647
HadGEM3-GC3-1MM,-5.5,-5.3528,4,EL,Durum wheat,precip_mj2,0.0155269340042406
HadGEM3-GC3-1MM,-4.5,-4.3969,4,EL,Durum wheat,precip_mj2,-0.00359263798925885
IPSL-CM6A-LR,-9.5,-9.3401,5,EL,Durum wheat,precip_mj2,0.00441529359174832
IPSL-CM6A-LR,-8.5,-8.4598,8,EL,Durum wheat,precip_mj2,0.0202280096360942
IPSL-CM6A-LR,-7.5,-7.5255,19,EL,Durum wheat,precip_mj2,0.0180188968484531
IPSL-CM6A-LR,-6.5,-6.5577,11,EL,Durum wheat,precip_mj2,0.0119657789593649
IPSL-CM6A-LR,-5.5,-5.5623,13,EL,Durum wheat,precip_mj2,0.0126373685969359
IPSL-CM6A-LR,-4.5,-4.3507,11,EL,Durum wheat,precip_mj2,0.00153904357588861
IPSL-CM6A-LR,-3.5,-3.4644,8,EL,Durum wheat,precip_mj2,0.0157044832195764
IPSL-CM6A-LR,-2.5,-2.5669,9,EL,Durum wheat,precip_mj2,0.0153946138966189
IPSL-CM6A-LR,-1.5,-1.2909,6,EL,Durum wheat,precip_mj2,-0.000654058873929896
IPSL-CM6A-LR,-0.5,-0.6347,8,EL,Durum wheat,precip_mj2,0.022639998694358
EC-Earth3,-9.5,-9.1554,4,ES,Durum wheat,precip_mj2,0.0325019625175627
EC-Earth3,-8.5,-8.4726,15,ES,Durum wheat,precip_mj2,0.0206763590578863
EC-Earth3,-7.5,-7.5562,20,ES,Durum wheat,precip_mj2,0.02161034812532
EC-Earth3,-6.5,-6.4767,21,ES,Durum wheat,precip_mj2,0.0287042984001224
EC-Earth3,-5.5,-5.3342,8,ES,Durum wheat,precip_mj2,0.0417444017571103
EC-Earth3,-4.5,-4.5495,8,ES,Durum wheat,precip_mj2,0.038528495550193
EC-Earth3,-3.5,-3.3459,9,ES,Durum wheat,precip_mj2,-0.0174549516355232
EC-Earth3,-2.5,-2.4493,5,ES,Durum wheat,precip_mj2,0.0274570314302698
EC-Earth3,-1.5,-1.3807,6,ES,Durum wheat,precip_mj2,0.0131943258856327
EC-Earth3,-0.5,-0.6596,3,ES,Durum wheat,precip_mj2,0.0240442897545662
HadGEM3-GC3-1LL,-8.5,-8.3848,12,ES,Durum wheat,precip_mj2,0.0238752948556931
HadGEM3-GC3-1LL,-7.5,-7.5599,19,ES,Durum wheat,precip_mj2,0.0161577558060053
HadGEM3-GC3-1LL,-6.5,-6.5442,24,ES,Durum wheat,precip_mj2,0.0170051594829713
HadGEM3-GC3-1LL,-5.5,-5.5797,10,ES,Durum wheat,precip_mj2,0.0103224134368004
HadGEM3-GC3-1LL,-4.5,-4.5263,6,ES,Durum wheat,precip_mj2,0.0318681542182292
HadGEM3-GC3-1LL,-3.5,-3.7835,7,ES,Durum wheat,precip_mj2,-0.000693082942777751
HadGEM3-GC3-1LL,-2.5,-2.4504,6,ES,Durum wheat,precip_mj2,0.0268486697751565
HadGEM3-GC3-1LL,-1.5,-1.3098,8,ES,Durum wheat,precip_mj2,0.0228629987111443
HadGEM3-GC3-1LL,-0.5,-0.331,6,ES,Durum wheat,precip_mj2,0.00962219014436626
HadGEM3-GC3-1MM,-14.5,-14.3032,4,ES,Durum wheat,precip_mj2,0.0292233581076565
HadGEM3-GC3-1MM,-13.5,-13.3931,8,ES,Durum wheat,precip_mj2,0.0254955149317141
HadGEM3-GC3-1MM,-12.5,-12.588,13,ES,Durum wheat,precip_mj2,0.0336841809422165
HadGEM3-GC3-1MM,-11.5,-11.5321,21,ES,Durum wheat,precip_mj2,0.0417031238443528
HadGEM3-GC3-1MM,-10.5,-10.4803,10,ES,Durum wheat,precip_mj2,0.0422804411314669
HadGEM3-GC3-1MM,-9.5,-9.6161,7,ES,Durum wheat,precip_mj2,0.0301227457579675
HadGEM3-GC3-1MM,-8.5,-8.6582,7,ES,Durum wheat,precip_mj2,0.0186100689423091
HadGEM3-GC3-1MM,-7.5,-7.6345,8,ES,Durum wheat,precip_mj2,0.0401184256560829
HadGEM3-GC3-1MM,-6.5,-6.4299,4,ES,Durum wheat,precip_mj2,0.0339755515350064
HadGEM3-GC3-1MM,-5.5,-5.3528,4,ES,Durum wheat,precip_mj2,0.00797629582323486
HadGEM3-GC3-1MM,-4.5,-4.3969,4,ES,Durum wheat,precip_mj2,-0.0563023719861106
IPSL-CM6A-LR,-9.5,-9.3401,5,ES,Durum wheat,precip_mj2,0.0227636326245934
IPSL-CM6A-LR,-8.5,-8.4598,8,ES,Durum wheat,precip_mj2,0.0374752768976462
IPSL-CM6A-LR,-7.5,-7.5255,19,ES,Durum wheat,precip_mj2,0.028866953093524
IPSL-CM6A-LR,-6.5,-6.5577,11,ES,Durum wheat,precip_mj2,0.0300914151971427
IPSL-CM6A-LR,-5.5,-5.5623,13,ES,Durum wheat,precip_mj2,0.0226519517848284
IPSL-CM6A-LR,-4.5,-4.3507,11,ES,Durum wheat,precip_mj2,0.018914465212698
IPSL-CM6A-LR,-3.5,-3.4644,8,ES,Durum wheat,precip_mj2,0.0303404833236576
IPSL-CM6A-LR,-2.5,-2.5669,9,ES,Durum wheat,precip_mj2,-0.00307997845858266
IPSL-CM6A-LR,-1.5,-1.2909,6,ES,Durum wheat,precip_mj2,0.0141631780490179
IPSL-CM6A-LR,-0.5,-0.6347,8,ES,Durum wheat,precip_mj2,0.0194534463541433
EC-Earth3,-9.5,-9.1554,4,FR,Durum wheat,precip_mj2,0.0277300512211293
EC-Earth3,-8.5,-8.4726,15,FR,Durum wheat,precip_mj2,0.0596839271448854
EC-Earth3,-7.5,-7.5562,20,FR,Durum wheat,precip_mj2,0.0333685870037187
EC-Earth3,-6.5,-6.4767,21,FR,Durum wheat,precip_mj2,0.062093744543046
EC-Earth3,-5.5,-5.3342,8,FR,Durum wheat,precip_mj2,0.0347395194740033
EC-Earth3,-4.5,-4.5495,8,FR,Durum wheat,precip_mj2,0.0795438599494756
EC-Earth3,-3.5,-3.3459,9,FR,Durum wheat,precip_mj2,0.00960982504085429
EC-Earth3,-2.5,-2.4493,5,FR,Durum wheat,precip_mj2,0.0568413696660941
EC-Earth3,-1.5,-1.3807,6,FR,Durum wheat,precip_mj2,0.0291808761771352
EC-Earth3,-0.5,-0.6596,3,FR,Durum wheat,precip_mj2,0.0325061957284815
HadGEM3-GC3-1LL,-8.5,-8.3848,12,FR,Durum wheat,precip_mj2,0.0462022582181431
HadGEM3-GC3-1LL,-7.5,-7.5599,19,FR,Durum wheat,precip_mj2,0.0235791219998782
HadGEM3-GC3-1LL,-6.5,-6.5442,24,FR,Durum wheat,precip_mj2,0.0352784603145303
HadGEM3-GC3-1LL,-5.5,-5.5797,10,FR,Durum wheat,precip_mj2,0.0117139124157427
HadGEM3-GC3-1LL,-4.5,-4.5263,6,FR,Durum wheat,precip_mj2,0.0821250415491003
HadGEM3-GC3-1LL,-3.5,-3.7835,7,FR,Durum wheat,precip_mj2,0.0195324763508023
HadGEM3-GC3-1LL,-2.5,-2.4504,6,FR,Durum wheat,precip_mj2,0.0717185854952845
HadGEM3-GC3-1LL,-1.5,-1.3098,8,FR,Durum wheat,precip_mj2,-0.0024548043146979
HadGEM3-GC3-1LL,-0.5,-0.331,6,FR,Durum wheat,precip_mj2,0.0333941181823063
HadGEM3-GC3-1MM,-14.5,-14.3032,4,FR,Durum wheat,precip_mj2,0.0662386694074651
HadGEM3-GC3-1MM,-13.5,-13.3931,8,FR,Durum wheat,precip_mj2,0.0509744929925699
HadGEM3-GC3-1MM,-12.5,-12.588,13,FR,Durum wheat,precip_mj2,0.0655092681262417
HadGEM3-GC3-1MM,-11.5,-11.5321,21,FR,Durum wheat,precip_mj2,0.0911542385971363
HadGEM3-GC3-1MM,-10.5,-10.4803,10,FR,Durum wheat,precip_mj2,0.0824891202173967
HadGEM3-GC3-1MM,-9.5,-9.6161,7,FR,Durum wheat,precip_mj2,0.0326802186098649
HadGEM3-GC3-1MM,-8.5,-8.6582,7,FR,Durum wheat,precip_mj2,0.067904371487642
HadGEM3-GC3-1MM,-7.5,-7.6345,8,FR,Durum wheat,precip_mj2,0.0687130148143164
HadGEM3-GC3-1MM,-6.5,-6.4299,4,FR,Durum wheat,precip_mj2,0.0510675990887944
HadGEM3-GC3-1MM,-5.5,-5.3528,4,FR,Durum wheat,precip_mj2,0.02094005601766
HadGEM3-GC3-1MM,-4.5,-4.3969,4,FR,Durum wheat,precip_mj2,-0.0310381409759624
IPSL-CM6A-LR,-9.5,-9.3401,5,FR,Durum wheat,precip_mj2,0.0344707487098167
IPSL-CM6A-LR,-8.5,-8.4598,8,FR,Durum wheat,precip_mj2,0.0493678070673937
IPSL-CM6A-LR,-7.5,-7.5255,19,FR,Durum wheat,precip_mj2,0.0523937203371304
IPSL-CM6A-LR,-6.5,-6.5577,11,FR,Durum wheat,precip_mj2,0.0557384773177196
IPSL-CM6A-LR,-5.5,-5.5623,13,FR,Durum wheat,precip_mj2,0.0351102866730621
IPSL-CM6A-LR,-4.5,-4.3507,11,FR,Durum wheat,precip_mj2,0.0452483167147363
IPSL-CM6A-LR,-3.5,-3.4644,8,FR,Durum wheat,precip_mj2,0.0385769583367732
IPSL-CM6A-LR,-2.5,-2.5669,9,FR,Durum wheat,precip_mj2,0.014621512438107
IPSL-CM6A-LR,-1.5,-1.2909,6,FR,Durum wheat,precip_mj2,-0.0198440191422939
IPSL-CM6A-LR,-0.5,-0.6347,8,FR,Durum wheat,precip_mj2,0.0327652688166976
EC-Earth3,-9.5,-9.1554,4,HU,Durum wheat,precip_mj2,-0.00873757327626503
EC-Earth3,-8.5,-8.4726,15,HU,Durum wheat,precip_mj2,-0.0104782369240188
EC-Earth3,-7.5,-7.5562,20,HU,Durum wheat,precip_mj2,0.0106270713431134
EC-Earth3,-6.5,-6.4767,21,HU,Durum wheat,precip_mj2,0.0319895894035223
EC-Earth3,-5.5,-5.3342,8,HU,Durum wheat,precip_mj2,0.056273184366663
EC-Earth3,-4.5,-4.5495,8,HU,Durum wheat,precip_mj2,0.0126806701966575
EC-Earth3,-3.5,-3.3459,9,HU,Durum wheat,precip_mj2,-0.00410742917021026
EC-Earth3,-2.5,-2.4493,5,HU,Durum wheat,precip_mj2,0.0646142131807328
EC-Earth3,-1.5,-1.3807,6,HU,Durum wheat,precip_mj2,-0.0626917621608166
EC-Earth3,-0.5,-0.6596,3,HU,Durum wheat,precip_mj2,0.0427637837845329
HadGEM3-GC3-1LL,-8.5,-8.3848,12,HU,Durum wheat,precip_mj2,0.03662886046864
HadGEM3-GC3-1LL,-7.5,-7.5599,19,HU,Durum wheat,precip_mj2,0.038287908573366
HadGEM3-GC3-1LL,-6.5,-6.5442,24,HU,Durum wheat,precip_mj2,-0.00151706493084732
HadGEM3-GC3-1LL,-5.5,-5.5797,10,HU,Durum wheat,precip_mj2,0.0233317865213456
HadGEM3-GC3-1LL,-4.5,-4.5263,6,HU,Durum wheat,precip_mj2,-0.0258614998088539
HadGEM3-GC3-1LL,-3.5,-3.7835,7,HU,Durum wheat,precip_mj2,-0.00241909354557754
HadGEM3-GC3-1LL,-2.5,-2.4504,6,HU,Durum wheat,precip_mj2,0.0333616420090203
HadGEM3-GC3-1LL,-1.5,-1.3098,8,HU,Durum wheat,precip_mj2,0.0130226494860972
HadGEM3-GC3-1LL,-0.5,-0.331,6,HU,Durum wheat,precip_mj2,-0.0177327270485859
HadGEM3-GC3-1MM,-14.5,-14.3032,4,HU,Durum wheat,precip_mj2,0.0824283656791002
HadGEM3-GC3-1MM,-13.5,-13.3931,8,HU,Durum wheat,precip_mj2,0.0584651970252274
HadGEM3-GC3-1MM,-12.5,-12.588,13,HU,Durum wheat,precip_mj2,0.056896391016134
HadGEM3-GC3-1MM,-11.5,-11.5321,21,HU,Durum wheat,precip_mj2,0.0513468778335076
HadGEM3-GC3-1MM,-10.5,-10.4803,10,HU,Durum wheat,precip_mj2,0.0577491524997311
HadGEM3-GC3-1MM,-9.5,-9.6161,7,HU,Durum wheat,precip_mj2,0.0582461483993955
HadGEM3-GC3-1MM,-8.5,-8.6582,7,HU,Durum wheat,precip_mj2,0.0489105185023794
HadGEM3-GC3-1MM,-7.5,-7.6345,8,HU,Durum wheat,precip_mj2,0.0252654344264945
HadGEM3-GC3-1MM,-6.5,-6.4299,4,HU,Durum wheat,precip_mj2,0.0361415997816501
HadGEM3-GC3-1MM,-5.5,-5.3528,4,HU,Durum wheat,precip_mj2,0.0459813749041099
HadGEM3-GC3-1MM,-4.5,-4.3969,4,HU,Durum wheat,precip_mj2,-0.000917667833177975
IPSL-CM6A-LR,-9.5,-9.3401,5,HU,Durum wheat,precip_mj2,0.0526190747410769
IPSL-CM6A-LR,-8.5,-8.4598,8,HU,Durum wheat,precip_mj2,0.0382391747019784
IPSL-CM6A-LR,-7.5,-7.5255,19,HU,Durum wheat,precip_mj2,0.0400865894368483
IPSL-CM6A-LR,-6.5,-6.5577,11,HU,Durum wheat,precip_mj2,0.0416765055987746
IPSL-CM6A-LR,-5.5,-5.5623,13,HU,Durum wheat,precip_mj2,0.0291935311439698
IPSL-CM6A-LR,-4.5,-4.3507,11,HU,Durum wheat,precip_mj2,0.0331083316963354
IPSL-CM6A-LR,-3.5,-3.4644,8,HU,Durum wheat,precip_mj2,0.0109301465754508
IPSL-CM6A-LR,-2.5,-2.5669,9,HU,Durum wheat,precip_mj2,0.0363034717131683
IPSL-CM6A-LR,-1.5,-1.2909,6,HU,Durum wheat,precip_mj2,0.0236167598901275
IPSL-CM6A-LR,-0.5,-0.6347,8,HU,Durum wheat,precip_mj2,0.0324884661229291
EC-Earth3,-9.5,-9.1554,4,IT,Durum wheat,precip_mj2,0.0229339930048098
EC-Earth3,-8.5,-8.4726,15,IT,Durum wheat,precip_mj2,0.0186891899781257
EC-Earth3,-7.5,-7.5562,20,IT,Durum wheat,precip_mj2,0.0174519089577196
EC-Earth3,-6.5,-6.4767,21,IT,Durum wheat,precip_mj2,0.0201657210268917
EC-Earth3,-5.5,-5.3342,8,IT,Durum wheat,precip_mj2,0.0448617164187776
EC-Earth3,-4.5,-4.5495,8,IT,Durum wheat,precip_mj2,0.0396603149077334
EC-Earth3,-3.5,-3.3459,9,IT,Durum wheat,precip_mj2,0.00536671270459571
EC-Earth3,-2.5,-2.4493,5,IT,Durum wheat,precip_mj2,0.0402805137382677
EC-Earth3,-1.5,-1.3807,6,IT,Durum wheat,precip_mj2,0.0107834124719157
EC-Earth3,-0.5,-0.6596,3,IT,Durum wheat,precip_mj2,0.0591606328631618
HadGEM3-GC3-1LL,-8.5,-8.3848,12,IT,Durum wheat,precip_mj2,0.0239817665184662
HadGEM3-GC3-1LL,-7.5,-7.5599,19,IT,Durum wheat,precip_mj2,0.032200755883881
HadGEM3-GC3-1LL,-6.5,-6.5442,24,IT,Durum wheat,precip_mj2,-0.00371196542780464
HadGEM3-GC3-1LL,-5.5,-5.5797,10,IT,Durum wheat,precip_mj2,0.0162311989517543
HadGEM3-GC3-1LL,-4.5,-4.5263,6,IT,Durum wheat,precip_mj2,0.0193311861012676
HadGEM3-GC3-1LL,-3.5,-3.7835,7,IT,Durum wheat,precip_mj2,0.022708866770359
HadGEM3-GC3-1LL,-2.5,-2.4504,6,IT,Durum wheat,precip_mj2,0.0136513720253437
HadGEM3-GC3-1LL,-1.5,-1.3098,8,IT,Durum wheat,precip_mj2,0.0213734539069975
HadGEM3-GC3-1LL,-0.5,-0.331,6,IT,Durum wheat,precip_mj2,0.0200899393561037
HadGEM3-GC3-1MM,-14.5,-14.3032,4,IT,Durum wheat,precip_mj2,0.0629389138928362
HadGEM3-GC3-1MM,-13.5,-13.3931,8,IT,Durum wheat,precip_mj2,0.0421474677803333
HadGEM3-GC3-1MM,-12.5,-12.588,13,IT,Durum wheat,precip_mj2,0.0565618822250804
HadGEM3-GC3-1MM,-11.5,-11.5321,21,IT,Durum wheat,precip_mj2,0.0598212986154019
HadGEM3-GC3-1MM,-10.5,-10.4803,10,IT,Durum wheat,precip_mj2,0.0668502450841158
HadGEM3-GC3-1MM,-9.5,-9.6161,7,IT,Durum wheat,precip_mj2,0.0560245181189037
HadGEM3-GC3-1MM,-8.5,-8.6582,7,IT,Durum wheat,precip_mj2,0.0656794707824688
HadGEM3-GC3-1MM,-7.5,-7.6345,8,IT,Durum wheat,precip_mj2,0.061587117851054
HadGEM3-GC3-1MM,-6.5,-6.4299,4,IT,Durum wheat,precip_mj2,0.0343983385331332
HadGEM3-GC3-1MM,-5.5,-5.3528,4,IT,Durum wheat,precip_mj2,0.0524103297186994
HadGEM3-GC3-1MM,-4.5,-4.3969,4,IT,Durum wheat,precip_mj2,0.00829419588370378
IPSL-CM6A-LR,-9.5,-9.3401,5,IT,Durum wheat,precip_mj2,0.024413440351938
IPSL-CM6A-LR,-8.5,-8.4598,8,IT,Durum wheat,precip_mj2,0.0374717052375887
IPSL-CM6A-LR,-7.5,-7.5255,19,IT,Durum wheat,precip_mj2,0.0458127524496843
IPSL-CM6A-LR,-6.5,-6.5577,11,IT,Durum wheat,precip_mj2,0.0516310011408491
IPSL-CM6A-LR,-5.5,-5.5623,13,IT,Durum wheat,precip_mj2,0.0314782708224825
IPSL-CM6A-LR,-4.5,-4.3507,11,IT,Durum wheat,precip_mj2,0.0182373412177458
IPSL-CM6A-LR,-3.5,-3.4644,8,IT,Durum wheat,precip_mj2,0.0332670774411257
IPSL-CM6A-LR,-2.5,-2.5669,9,IT,Durum wheat,precip_mj2,0.0251579797232608
IPSL-CM6A-LR,-1.5,-1.2909,6,IT,Durum wheat,precip_mj2,0.0229098659499858
IPSL-CM6A-LR,-0.5,-0.6347,8,IT,Durum wheat,precip_mj2,0.0409444343727565
EC-Earth3,-9.5,-9.1554,4,RO,Durum wheat,precip_mj2,-0.00428217887571119
EC-Earth3,-8.5,-8.4726,15,RO,Durum wheat,precip_mj2,0.00089531369227312
EC-Earth3,-7.5,-7.5562,20,RO,Durum wheat,precip_mj2,0.0105523611798809
EC-Earth3,-6.5,-6.4767,21,RO,Durum wheat,precip_mj2,0.0321541235681673
EC-Earth3,-5.5,-5.3342,8,RO,Durum wheat,precip_mj2,0.0269069899827899
EC-Earth3,-4.5,-4.5495,8,RO,Durum wheat,precip_mj2,-0.0173889295749917
EC-Earth3,-3.5,-3.3459,9,RO,Durum wheat,precip_mj2,-0.00445404959976964
EC-Earth3,-2.5,-2.4493,5,RO,Durum wheat,precip_mj2,0.0683950547901921
EC-Earth3,-1.5,-1.3807,6,RO,Durum wheat,precip_mj2,-0.0638870308858128
EC-Earth3,-0.5,-0.6596,3,RO,Durum wheat,precip_mj2,0.0341319195991683
HadGEM3-GC3-1LL,-8.5,-8.3848,12,RO,Durum wheat,precip_mj2,0.0364069048312469
HadGEM3-GC3-1LL,-7.5,-7.5599,19,RO,Durum wheat,precip_mj2,0.0536360850840104
HadGEM3-GC3-1LL,-6.5,-6.5442,24,RO,Durum wheat,precip_mj2,-0.00185212928257672
HadGEM3-GC3-1LL,-5.5,-5.5797,10,RO,Durum wheat,precip_mj2,0.0382163191324934
HadGEM3-GC3-1LL,-4.5,-4.5263,6,RO,Durum wheat,precip_mj2,-0.014444239413668
HadGEM3-GC3-1LL,-3.5,-3.7835,7,RO,Durum wheat,precip_mj2,0.00455647569496251
HadGEM3-GC3-1LL,-2.5,-2.4504,6,RO,Durum wheat,precip_mj2,0.0285965424568681
HadGEM3-GC3-1LL,-1.5,-1.3098,8,RO,Durum wheat,precip_mj2,0.00219127145274081
HadGEM3-GC3-1LL,-0.5,-0.331,6,RO,Durum wheat,precip_mj2,-0.0450737029702562
HadGEM3-GC3-1MM,-14.5,-14.3032,4,RO,Durum wheat,precip_mj2,0.0775776178179289
HadGEM3-GC3-1MM,-13.5,-13.3931,8,RO,Durum wheat,precip_mj2,0.0659293087379202
HadGEM3-GC3-1MM,-12.5,-12.588,13,RO,Durum wheat,precip_mj2,0.0684162712356619
HadGEM3-GC3-1MM,-11.5,-11.5321,21,RO,Durum wheat,precip_mj2,0.0716703905727832
HadGEM3-GC3-1MM,-10.5,-10.4803,10,RO,Durum wheat,precip_mj2,0.0509786566047881
HadGEM3-GC3-1MM,-9.5,-9.6161,7,RO,Durum wheat,precip_mj2,0.0862344871757126
HadGEM3-GC3-1MM,-8.5,-8.6582,7,RO,Durum wheat,precip_mj2,0.0577043257914339
HadGEM3-GC3-1MM,-7.5,-7.6345,8,RO,Durum wheat,precip_mj2,0.00579976685198704
HadGEM3-GC3-1MM,-6.5,-6.4299,4,RO,Durum wheat,precip_mj2,0.00199943741747002
HadGEM3-GC3-1MM,-5.5,-5.3528,4,RO,Durum wheat,precip_mj2,0.0139509054445782
HadGEM3-GC3-1MM,-4.5,-4.3969,4,RO,Durum wheat,precip_mj2,0.0200502508992346
IPSL-CM6A-LR,-9.5,-9.3401,5,RO,Durum wheat,precip_mj2,0.0255751368074676
IPSL-CM6A-LR,-8.5,-8.4598,8,RO,Durum wheat,precip_mj2,0.042802881810733
IPSL-CM6A-LR,-7.5,-7.5255,19,RO,Durum wheat,precip_mj2,0.0420008543609825
IPSL-CM6A-LR,-6.5,-6.5577,11,RO,Durum wheat,precip_mj2,0.0473616211712583
IPSL-CM6A-LR,-5.5,-5.5623,13,RO,Durum wheat,precip_mj2,0.0252627739210179
IPSL-CM6A-LR,-4.5,-4.3507,11,RO,Durum wheat,precip_mj2,0.0214910806826578
IPSL-CM6A-LR,-3.5,-3.4644,8,RO,Durum wheat,precip_mj2,0.0270644254842652
IPSL-CM6A-LR,-2.5,-2.5669,9,RO,Durum wheat,precip_mj2,0.0423744309183333
IPSL-CM6A-LR,-1.5,-1.2909,6,RO,Durum wheat,precip_mj2,0.0210983664918386
IPSL-CM6A-LR,-0.5,-0.6347,8,RO,Durum wheat,precip_mj2,0.0352983748962095
EC-Earth3,-9.5,-9.1554,4,SK,Durum wheat,precip_mj2,-0.046014893592129
EC-Earth3,-8.5,-8.4726,15,SK,Durum wheat,precip_mj2,0.0105116824794796
EC-Earth3,-7.5,-7.5562,20,SK,Durum wheat,precip_mj2,0.00692096952718302
EC-Earth3,-6.5,-6.4767,21,SK,Durum wheat,precip_mj2,0.0416828936606914
EC-Earth3,-5.5,-5.3342,8,SK,Durum wheat,precip_mj2,0.057235797300279
EC-Earth3,-4.5,-4.5495,8,SK,Durum wheat,precip_mj2,0.00485286769430121
EC-Earth3,-3.5,-3.3459,9,SK,Durum wheat,precip_mj2,0.0390016072801327
EC-Earth3,-2.5,-2.4493,5,SK,Durum wheat,precip_mj2,0.0338565620983156
EC-Earth3,-1.5,-1.3807,6,SK,Durum wheat,precip_mj2,-0.0536495988699263
EC-Earth3,-0.5,-0.6596,3,SK,Durum wheat,precip_mj2,0.0701496534030912
HadGEM3-GC3-1LL,-8.5,-8.3848,12,SK,Durum wheat,precip_mj2,0.0486341675892466
HadGEM3-GC3-1LL,-7.5,-7.5599,19,SK,Durum wheat,precip_mj2,0.0379354548373266
HadGEM3-GC3-1LL,-6.5,-6.5442,24,SK,Durum wheat,precip_mj2,-0.0113281196661884
HadGEM3-GC3-1LL,-5.5,-5.5797,10,SK,Durum wheat,precip_mj2,0.0201808632013087
HadGEM3-GC3-1LL,-4.5,-4.5263,6,SK,Durum wheat,precip_mj2,-0.0113351967664353
HadGEM3-GC3-1LL,-3.5,-3.7835,7,SK,Durum wheat,precip_mj2,0.0113884557493253
HadGEM3-GC3-1LL,-2.5,-2.4504,6,SK,Durum wheat,precip_mj2,0.0355878157281521
HadGEM3-GC3-1LL,-1.5,-1.3098,8,SK,Durum wheat,precip_mj2,0.00943793710733026
HadGEM3-GC3-1LL,-0.5,-0.331,6,SK,Durum wheat,precip_mj2,-0.0640006352460248
HadGEM3-GC3-1MM,-14.5,-14.3032,4,SK,Durum wheat,precip_mj2,0.0801155518419372
HadGEM3-GC3-1MM,-13.5,-13.3931,8,SK,Durum wheat,precip_mj2,0.0818522738997156
HadGEM3-GC3-1MM,-12.5,-12.588,13,SK,Durum wheat,precip_mj2,0.0734698802795925
HadGEM3-GC3-1MM,-11.5,-11.5321,21,SK,Durum wheat,precip_mj2,0.0640837259929807
HadGEM3-GC3-1MM,-10.5,-10.4803,10,SK,Durum wheat,precip_mj2,0.0758305046819175
HadGEM3-GC3-1MM,-9.5,-9.6161,7,SK,Durum wheat,precip_mj2,0.0920112726175973
HadGEM3-GC3-1MM,-8.5,-8.6582,7,SK,Durum wheat,precip_mj2,0.0535298007894174
HadGEM3-GC3-1MM,-7.5,-7.6345,8,SK,Durum wheat,precip_mj2,0.0508929585120556
HadGEM3-GC3-1MM,-6.5,-6.4299,4,SK,Durum wheat,precip_mj2,0.0600564258945115
HadGEM3-GC3-1MM,-5.5,-5.3528,4,SK,Durum wheat,precip_mj2,0.06576389376362
HadGEM3-GC3-1MM,-4.5,-4.3969,4,SK,Durum wheat,precip_mj2,0.038999069048411
IPSL-CM6A-LR,-9.5,-9.3401,5,SK,Durum wheat,precip_mj2,0.0633873145041848
IPSL-CM6A-LR,-8.5,-8.4598,8,SK,Durum wheat,precip_mj2,0.032155680175212
IPSL-CM6A-LR,-7.5,-7.5255,19,SK,Durum wheat,precip_mj2,0.0409618332163583
IPSL-CM6A-LR,-6.5,-6.5577,11,SK,Durum wheat,precip_mj2,0.050582017967269
IPSL-CM6A-LR,-5.5,-5.5623,13,SK,Durum wheat,precip_mj2,0.0312774675326891
IPSL-CM6A-LR,-4.5,-4.3507,11,SK,Durum wheat,precip_mj2,0.0184036241505952
IPSL-CM6A-LR,-3.5,-3.4644,8,SK,Durum wheat,precip_mj2,0.00472610479049233
IPSL-CM6A-LR,-2.5,-2.5669,9,SK,Durum wheat,precip_mj2,0.0382109692581593
IPSL-CM6A-LR,-1.5,-1.2909,6,SK,Durum wheat,precip_mj2,0.037140634583688
IPSL-CM6A-LR,-0.5,-0.6347,8,SK,Durum wheat,precip_mj2,0.0118105960766631
EC-Earth3,-9.5,-9.1554,4,CZ,Spring barley,precip_mj2,-0.00905538820644714
EC-Earth3,-8.5,-8.4726,15,CZ,Spring barley,precip_mj2,0.0354677429970836
EC-Earth3,-7.5,-7.5562,20,CZ,Spring barley,precip_mj2,0.032112195253678
EC-Earth3,-6.5,-6.4767,21,CZ,Spring barley,precip_mj2,0.0508207531947383
EC-Earth3,-5.5,-5.3342,8,CZ,Spring barley,precip_mj2,0.0229330434002802
EC-Earth3,-4.5,-4.5495,8,CZ,Spring barley,precip_mj2,0.0250618043504872
EC-Earth3,-3.5,-3.3459,9,CZ,Spring barley,precip_mj2,0.072839216024252
EC-Earth3,-2.5,-2.4493,5,CZ,Spring barley,precip_mj2,-0.000397342661076384
EC-Earth3,-1.5,-1.3807,6,CZ,Spring barley,precip_mj2,-0.0191998361442651
EC-Earth3,-0.5,-0.6596,3,CZ,Spring barley,precip_mj2,0.0475287088600048
HadGEM3-GC3-1LL,-8.5,-8.3848,12,CZ,Spring barley,precip_mj2,0.0651818156840301
HadGEM3-GC3-1LL,-7.5,-7.5599,19,CZ,Spring barley,precip_mj2,0.0574075463464065
HadGEM3-GC3-1LL,-6.5,-6.5442,24,CZ,Spring barley,precip_mj2,0.000475717265784313
HadGEM3-GC3-1LL,-5.5,-5.5797,10,CZ,Spring barley,precip_mj2,0.0117434043242876
HadGEM3-GC3-1LL,-4.5,-4.5263,6,CZ,Spring barley,precip_mj2,0.046544126036995
HadGEM3-GC3-1LL,-3.5,-3.7835,7,CZ,Spring barley,precip_mj2,0.01298211425585
HadGEM3-GC3-1LL,-2.5,-2.4504,6,CZ,Spring barley,precip_mj2,0.0228514091352366
HadGEM3-GC3-1LL,-1.5,-1.3098,8,CZ,Spring barley,precip_mj2,0.00621244798132146
HadGEM3-GC3-1LL,-0.5,-0.331,6,CZ,Spring barley,precip_mj2,-0.0495383480833014
HadGEM3-GC3-1MM,-14.5,-14.3032,4,CZ,Spring barley,precip_mj2,0.0629143780315608
HadGEM3-GC3-1MM,-13.5,-13.3931,8,CZ,Spring barley,precip_mj2,0.086507622162837
HadGEM3-GC3-1MM,-12.5,-12.588,13,CZ,Spring barley,precip_mj2,0.0916973802225194
HadGEM3-GC3-1MM,-11.5,-11.5321,21,CZ,Spring barley,precip_mj2,0.068530665588471
HadGEM3-GC3-1MM,-10.5,-10.4803,10,CZ,Spring barley,precip_mj2,0.08022235996776
HadGEM3-GC3-1MM,-9.5,-9.6161,7,CZ,Spring barley,precip_mj2,0.0934193540482098
HadGEM3-GC3-1MM,-8.5,-8.6582,7,CZ,Spring barley,precip_mj2,0.0409023632224162
HadGEM3-GC3-1MM,-7.5,-7.6345,8,CZ,Spring barley,precip_mj2,0.0545036581116169
HadGEM3-GC3-1MM,-6.5,-6.4299,4,CZ,Spring barley,precip_mj2,0.0720369374496045
HadGEM3-GC3-1MM,-5.5,-5.3528,4,CZ,Spring barley,precip_mj2,0.0740404148701078
HadGEM3-GC3-1MM,-4.5,-4.3969,4,CZ,Spring barley,precip_mj2,0.0431089578740734
IPSL-CM6A-LR,-9.5,-9.3401,5,CZ,Spring barley,precip_mj2,0.039409120218358
IPSL-CM6A-LR,-8.5,-8.4598,8,CZ,Spring barley,precip_mj2,0.0484649320245734
IPSL-CM6A-LR,-7.5,-7.5255,19,CZ,Spring barley,precip_mj2,0.0461467668460344
IPSL-CM6A-LR,-6.5,-6.5577,11,CZ,Spring barley,precip_mj2,0.0569657332473518
IPSL-CM6A-LR,-5.5,-5.5623,13,CZ,Spring barley,precip_mj2,0.0307305276336872
IPSL-CM6A-LR,-4.5,-4.3507,11,CZ,Spring barley,precip_mj2,0.0252787220961177
IPSL-CM6A-LR,-3.5,-3.4644,8,CZ,Spring barley,precip_mj2,-0.00241779948652728
IPSL-CM6A-LR,-2.5,-2.5669,9,CZ,Spring barley,precip_mj2,0.0422478297157732
IPSL-CM6A-LR,-1.5,-1.2909,6,CZ,Spring barley,precip_mj2,0.0352287702198826
IPSL-CM6A-LR,-0.5,-0.6347,8,CZ,Spring barley,precip_mj2,-0.0155413646618123
EC-Earth3,-9.5,-9.1554,4,DE,Spring barley,precip_mj2,0.00405282472969079
EC-Earth3,-8.5,-8.4726,15,DE,Spring barley,precip_mj2,0.060631201157891
EC-Earth3,-7.5,-7.5562,20,DE,Spring barley,precip_mj2,0.0522478383796975
EC-Earth3,-6.5,-6.4767,21,DE,Spring barley,precip_mj2,0.0615599120983035
EC-Earth3,-5.5,-5.3342,8,DE,Spring barley,precip_mj2,0.0160683342159825
EC-Earth3,-4.5,-4.5495,8,DE,Spring barley,precip_mj2,0.0491168844462026
EC-Earth3,-3.5,-3.3459,9,DE,Spring barley,precip_mj2,0.0621861148415883
EC-Earth3,-2.5,-2.4493,5,DE,Spring barley,precip_mj2,0.0560460837916822
EC-Earth3,-1.5,-1.3807,6,DE,Spring barley,precip_mj2,0.0119224562373822
EC-Earth3,-0.5,-0.6596,3,DE,Spring barley,precip_mj2,0.0151849531628232
HadGEM3-GC3-1LL,-8.5,-8.3848,12,DE,Spring barley,precip_mj2,0.0714882562576312
HadGEM3-GC3-1LL,-7.5,-7.5599,19,DE,Spring barley,precip_mj2,0.047386137419134
HadGEM3-GC3-1LL,-6.5,-6.5442,24,DE,Spring barley,precip_mj2,0.0311765762964004
HadGEM3-GC3-1LL,-5.5,-5.5797,10,DE,Spring barley,precip_mj2,0.0342393734392132
HadGEM3-GC3-1LL,-4.5,-4.5263,6,DE,Spring barley,precip_mj2,0.07110201465154
HadGEM3-GC3-1LL,-3.5,-3.7835,7,DE,Spring barley,precip_mj2,0.0186960072075104
HadGEM3-GC3-1LL,-2.5,-2.4504,6,DE,Spring barley,precip_mj2,0.0616925322018499
HadGEM3-GC3-1LL,-1.5,-1.3098,8,DE,Spring barley,precip_mj2,-0.0078401817405968
HadGEM3-GC3-1LL,-0.5,-0.331,6,DE,Spring barley,precip_mj2,0.0215772784164722
HadGEM3-GC3-1MM,-14.5,-14.3032,4,DE,Spring barley,precip_mj2,0.0716271674020071
HadGEM3-GC3-1MM,-13.5,-13.3931,8,DE,Spring barley,precip_mj2,0.0680808862550087
HadGEM3-GC3-1MM,-12.5,-12.588,13,DE,Spring barley,precip_mj2,0.103619548012599
HadGEM3-GC3-1MM,-11.5,-11.5321,21,DE,Spring barley,precip_mj2,0.0917489286406837
HadGEM3-GC3-1MM,-10.5,-10.4803,10,DE,Spring barley,precip_mj2,0.0820409459343301
HadGEM3-GC3-1MM,-9.5,-9.6161,7,DE,Spring barley,precip_mj2,0.0753366482917982
HadGEM3-GC3-1MM,-8.5,-8.6582,7,DE,Spring barley,precip_mj2,0.0656573450776933
HadGEM3-GC3-1MM,-7.5,-7.6345,8,DE,Spring barley,precip_mj2,0.0358738047313839
HadGEM3-GC3-1MM,-6.5,-6.4299,4,DE,Spring barley,precip_mj2,0.0353090572628029
HadGEM3-GC3-1MM,-5.5,-5.3528,4,DE,Spring barley,precip_mj2,0.0467209306754421
HadGEM3-GC3-1MM,-4.5,-4.3969,4,DE,Spring barley,precip_mj2,0.0487847131929509
IPSL-CM6A-LR,-9.5,-9.3401,5,DE,Spring barley,precip_mj2,0.0649363475947308
IPSL-CM6A-LR,-8.5,-8.4598,8,DE,Spring barley,precip_mj2,0.0578376766029486
IPSL-CM6A-LR,-7.5,-7.5255,19,DE,Spring barley,precip_mj2,0.0525965173321022
IPSL-CM6A-LR,-6.5,-6.5577,11,DE,Spring barley,precip_mj2,0.0689544841550104
IPSL-CM6A-LR,-5.5,-5.5623,13,DE,Spring barley,precip_mj2,0.0544646105635803
IPSL-CM6A-LR,-4.5,-4.3507,11,DE,Spring barley,precip_mj2,0.0292677789959794
IPSL-CM6A-LR,-3.5,-3.4644,8,DE,Spring barley,precip_mj2,0.00934103537442616
IPSL-CM6A-LR,-2.5,-2.5669,9,DE,Spring barley,precip_mj2,0.0530074562479766
IPSL-CM6A-LR,-1.5,-1.2909,6,DE,Spring barley,precip_mj2,0.0008644554639688
IPSL-CM6A-LR,-0.5,-0.6347,8,DE,Spring barley,precip_mj2,0.00654396225593134
EC-Earth3,-9.5,-9.1554,4,DK,Spring barley,precip_mj2,-0.00258241461985643
EC-Earth3,-8.5,-8.4726,15,DK,Spring barley,precip_mj2,0.0347768167696103
EC-Earth3,-7.5,-7.5562,20,DK,Spring barley,precip_mj2,0.0276531501007191
EC-Earth3,-6.5,-6.4767,21,DK,Spring barley,precip_mj2,0.024529849801682
EC-Earth3,-5.5,-5.3342,8,DK,Spring barley,precip_mj2,0.00655290963419695
EC-Earth3,-4.5,-4.5495,8,DK,Spring barley,precip_mj2,0.0192525834786202
EC-Earth3,-3.5,-3.3459,9,DK,Spring barley,precip_mj2,0.0326383164389632
EC-Earth3,-2.5,-2.4493,5,DK,Spring barley,precip_mj2,0.00784612568905904
EC-Earth3,-1.5,-1.3807,6,DK,Spring barley,precip_mj2,0.00166688104704364
EC-Earth3,-0.5,-0.6596,3,DK,Spring barley,precip_mj2,-0.0645151390994188
HadGEM3-GC3-1LL,-8.5,-8.3848,12,DK,Spring barley,precip_mj2,0.0407297267406844
HadGEM3-GC3-1LL,-7.5,-7.5599,19,DK,Spring barley,precip_mj2,0.0212017184014268
HadGEM3-GC3-1LL,-6.5,-6.5442,24,DK,Spring barley,precip_mj2,0.0287417890928508
HadGEM3-GC3-1LL,-5.5,-5.5797,10,DK,Spring barley,precip_mj2,0.0144924325262396
HadGEM3-GC3-1LL,-4.5,-4.5263,6,DK,Spring barley,precip_mj2,0.0321598000471763
HadGEM3-GC3-1LL,-3.5,-3.7835,7,DK,Spring barley,precip_mj2,0.0201080654679933
HadGEM3-GC3-1LL,-2.5,-2.4504,6,DK,Spring barley,precip_mj2,0.045858506672927
HadGEM3-GC3-1LL,-1.5,-1.3098,8,DK,Spring barley,precip_mj2,-0.0174869221378293
HadGEM3-GC3-1LL,-0.5,-0.331,6,DK,Spring barley,precip_mj2,0.018605105977988
HadGEM3-GC3-1MM,-14.5,-14.3032,4,DK,Spring barley,precip_mj2,0.0429696668018591
HadGEM3-GC3-1MM,-13.5,-13.3931,8,DK,Spring barley,precip_mj2,0.0693387567122697
HadGEM3-GC3-1MM,-12.5,-12.588,13,DK,Spring barley,precip_mj2,0.0628977512429314
HadGEM3-GC3-1MM,-11.5,-11.5321,21,DK,Spring barley,precip_mj2,0.0591685868728023
HadGEM3-GC3-1MM,-10.5,-10.4803,10,DK,Spring barley,precip_mj2,0.0427616142238311
HadGEM3-GC3-1MM,-9.5,-9.6161,7,DK,Spring barley,precip_mj2,0.0341989701570029
HadGEM3-GC3-1MM,-8.5,-8.6582,7,DK,Spring barley,precip_mj2,0.0513287647600136
HadGEM3-GC3-1MM,-7.5,-7.6345,8,DK,Spring barley,precip_mj2,0.00217952630869101
HadGEM3-GC3-1MM,-6.5,-6.4299,4,DK,Spring barley,precip_mj2,0.0155133309677615
HadGEM3-GC3-1MM,-5.5,-5.3528,4,DK,Spring barley,precip_mj2,0.0173586123855581
HadGEM3-GC3-1MM,-4.5,-4.3969,4,DK,Spring barley,precip_mj2,0.0402249449746852
IPSL-CM6A-LR,-9.5,-9.3401,5,DK,Spring barley,precip_mj2,0.0340133147814089
IPSL-CM6A-LR,-8.5,-8.4598,8,DK,Spring barley,precip_mj2,-0.00552535365986318
IPSL-CM6A-LR,-7.5,-7.5255,19,DK,Spring barley,precip_mj2,0.0370335615458817
IPSL-CM6A-LR,-6.5,-6.5577,11,DK,Spring barley,precip_mj2,0.0351516993352124
IPSL-CM6A-LR,-5.5,-5.5623,13,DK,Spring barley,precip_mj2,0.031382660111154
IPSL-CM6A-LR,-4.5,-4.3507,11,DK,Spring barley,precip_mj2,-0.0203908133592004
IPSL-CM6A-LR,-3.5,-3.4644,8,DK,Spring barley,precip_mj2,-0.0223331787570746
IPSL-CM6A-LR,-2.5,-2.5669,9,DK,Spring barley,precip_mj2,0.0233658591258429
IPSL-CM6A-LR,-1.5,-1.2909,6,DK,Spring barley,precip_mj2,0.00361436464472385
IPSL-CM6A-LR,-0.5,-0.6347,8,DK,Spring barley,precip_mj2,-0.0318412025441996
EC-Earth3,-9.5,-9.1554,4,EE,Spring barley,precip_mj2,0.042274239746914
EC-Earth3,-8.5,-8.4726,15,EE,Spring barley,precip_mj2,0.0456513315513505
EC-Earth3,-7.5,-7.5562,20,EE,Spring barley,precip_mj2,0.0277096778772005
EC-Earth3,-6.5,-6.4767,21,EE,Spring barley,precip_mj2,0.0163289762078869
EC-Earth3,-5.5,-5.3342,8,EE,Spring barley,precip_mj2,0.0344245494976331
EC-Earth3,-4.5,-4.5495,8,EE,Spring barley,precip_mj2,0.0122649190511388
EC-Earth3,-3.5,-3.3459,9,EE,Spring barley,precip_mj2,0.0200990465066709
EC-Earth3,-2.5,-2.4493,5,EE,Spring barley,precip_mj2,0.00559711123269536
EC-Earth3,-1.5,-1.3807,6,EE,Spring barley,precip_mj2,0.00546202052740135
EC-Earth3,-0.5,-0.6596,3,EE,Spring barley,precip_mj2,0.0152017454229067
HadGEM3-GC3-1LL,-8.5,-8.3848,12,EE,Spring barley,precip_mj2,0.0312702272408066
HadGEM3-GC3-1LL,-7.5,-7.5599,19,EE,Spring barley,precip_mj2,0.0137255230446558
HadGEM3-GC3-1LL,-6.5,-6.5442,24,EE,Spring barley,precip_mj2,0.0361632477290633
HadGEM3-GC3-1LL,-5.5,-5.5797,10,EE,Spring barley,precip_mj2,0.0301097042398839
HadGEM3-GC3-1LL,-4.5,-4.5263,6,EE,Spring barley,precip_mj2,0.0231582201516765
HadGEM3-GC3-1LL,-3.5,-3.7835,7,EE,Spring barley,precip_mj2,0.0142609549573993
HadGEM3-GC3-1LL,-2.5,-2.4504,6,EE,Spring barley,precip_mj2,-0.0148192674482725
HadGEM3-GC3-1LL,-1.5,-1.3098,8,EE,Spring barley,precip_mj2,-0.0139826729789153
HadGEM3-GC3-1LL,-0.5,-0.331,6,EE,Spring barley,precip_mj2,-0.00713271826185846
HadGEM3-GC3-1MM,-14.5,-14.3032,4,EE,Spring barley,precip_mj2,0.0451981802807462
HadGEM3-GC3-1MM,-13.5,-13.3931,8,EE,Spring barley,precip_mj2,0.048872836711633
HadGEM3-GC3-1MM,-12.5,-12.588,13,EE,Spring barley,precip_mj2,0.0507853971775344
HadGEM3-GC3-1MM,-11.5,-11.5321,21,EE,Spring barley,precip_mj2,0.0458900703876065
HadGEM3-GC3-1MM,-10.5,-10.4803,10,EE,Spring barley,precip_mj2,0.0115144416274514
HadGEM3-GC3-1MM,-9.5,-9.6161,7,EE,Spring barley,precip_mj2,0.0536362582853079
HadGEM3-GC3-1MM,-8.5,-8.6582,7,EE,Spring barley,precip_mj2,0.026686483025297
HadGEM3-GC3-1MM,-7.5,-7.6345,8,EE,Spring barley,precip_mj2,-0.00895471145350879
HadGEM3-GC3-1MM,-6.5,-6.4299,4,EE,Spring barley,precip_mj2,0.00422084801799367
HadGEM3-GC3-1MM,-5.5,-5.3528,4,EE,Spring barley,precip_mj2,-0.00246238965774369
HadGEM3-GC3-1MM,-4.5,-4.3969,4,EE,Spring barley,precip_mj2,-0.000603969899979256
IPSL-CM6A-LR,-9.5,-9.3401,5,EE,Spring barley,precip_mj2,0.0365335599756771
IPSL-CM6A-LR,-8.5,-8.4598,8,EE,Spring barley,precip_mj2,0.029953103142641
IPSL-CM6A-LR,-7.5,-7.5255,19,EE,Spring barley,precip_mj2,0.0447283825440423
IPSL-CM6A-LR,-6.5,-6.5577,11,EE,Spring barley,precip_mj2,0.0507965990669628
IPSL-CM6A-LR,-5.5,-5.5623,13,EE,Spring barley,precip_mj2,0.0064407799710172
IPSL-CM6A-LR,-4.5,-4.3507,11,EE,Spring barley,precip_mj2,-0.0108316249630082
IPSL-CM6A-LR,-3.5,-3.4644,8,EE,Spring barley,precip_mj2,0.0169980786738254
IPSL-CM6A-LR,-2.5,-2.5669,9,EE,Spring barley,precip_mj2,0.0034610850575958
IPSL-CM6A-LR,-1.5,-1.2909,6,EE,Spring barley,precip_mj2,0.0218245790827838
IPSL-CM6A-LR,-0.5,-0.6347,8,EE,Spring barley,precip_mj2,-0.00686018408657697
EC-Earth3,-9.5,-9.1554,4,ES,Spring barley,precip_mj2,0.0299493351171548
EC-Earth3,-8.5,-8.4726,15,ES,Spring barley,precip_mj2,0.0203723477762959
EC-Earth3,-7.5,-7.5562,20,ES,Spring barley,precip_mj2,0.0191585582014842
EC-Earth3,-6.5,-6.4767,21,ES,Spring barley,precip_mj2,0.0340442743704055
EC-Earth3,-5.5,-5.3342,8,ES,Spring barley,precip_mj2,0.0416357028387217
EC-Earth3,-4.5,-4.5495,8,ES,Spring barley,precip_mj2,0.039466434486036
EC-Earth3,-3.5,-3.3459,9,ES,Spring barley,precip_mj2,-0.00298902702300149
EC-Earth3,-2.5,-2.4493,5,ES,Spring barley,precip_mj2,0.0286439265653634
EC-Earth3,-1.5,-1.3807,6,ES,Spring barley,precip_mj2,0.00982248340083286
EC-Earth3,-0.5,-0.6596,3,ES,Spring barley,precip_mj2,0.0285755296870626
HadGEM3-GC3-1LL,-8.5,-8.3848,12,ES,Spring barley,precip_mj2,0.0195821192630658
HadGEM3-GC3-1LL,-7.5,-7.5599,19,ES,Spring barley,precip_mj2,0.0119122135982663
HadGEM3-GC3-1LL,-6.5,-6.5442,24,ES,Spring barley,precip_mj2,0.0119179011526014
HadGEM3-GC3-1LL,-5.5,-5.5797,10,ES,Spring barley,precip_mj2,0.0107265600562401
HadGEM3-GC3-1LL,-4.5,-4.5263,6,ES,Spring barley,precip_mj2,0.0331541315354233
HadGEM3-GC3-1LL,-3.5,-3.7835,7,ES,Spring barley,precip_mj2,0.011906607102781
HadGEM3-GC3-1LL,-2.5,-2.4504,6,ES,Spring barley,precip_mj2,0.0143953012773731
HadGEM3-GC3-1LL,-1.5,-1.3098,8,ES,Spring barley,precip_mj2,0.0164134623591494
HadGEM3-GC3-1LL,-0.5,-0.331,6,ES,Spring barley,precip_mj2,0.0234757657786121
HadGEM3-GC3-1MM,-14.5,-14.3032,4,ES,Spring barley,precip_mj2,0.031348609150965
HadGEM3-GC3-1MM,-13.5,-13.3931,8,ES,Spring barley,precip_mj2,0.0151560900047367
HadGEM3-GC3-1MM,-12.5,-12.588,13,ES,Spring barley,precip_mj2,0.0309423634003421
HadGEM3-GC3-1MM,-11.5,-11.5321,21,ES,Spring barley,precip_mj2,0.0420429200063171
HadGEM3-GC3-1MM,-10.5,-10.4803,10,ES,Spring barley,precip_mj2,0.0444299376545501
HadGEM3-GC3-1MM,-9.5,-9.6161,7,ES,Spring barley,precip_mj2,0.0245502632462168
HadGEM3-GC3-1MM,-8.5,-8.6582,7,ES,Spring barley,precip_mj2,0.0220247673691933
HadGEM3-GC3-1MM,-7.5,-7.6345,8,ES,Spring barley,precip_mj2,0.0431011569956322
HadGEM3-GC3-1MM,-6.5,-6.4299,4,ES,Spring barley,precip_mj2,0.0344541517989354
HadGEM3-GC3-1MM,-5.5,-5.3528,4,ES,Spring barley,precip_mj2,0.0192153681654262
HadGEM3-GC3-1MM,-4.5,-4.3969,4,ES,Spring barley,precip_mj2,-0.0374970853671207
IPSL-CM6A-LR,-9.5,-9.3401,5,ES,Spring barley,precip_mj2,0.0200604492432851
IPSL-CM6A-LR,-8.5,-8.4598,8,ES,Spring barley,precip_mj2,0.036576608132826
IPSL-CM6A-LR,-7.5,-7.5255,19,ES,Spring barley,precip_mj2,0.0323421360363065
IPSL-CM6A-LR,-6.5,-6.5577,11,ES,Spring barley,precip_mj2,0.0304950308626631
IPSL-CM6A-LR,-5.5,-5.5623,13,ES,Spring barley,precip_mj2,0.0272321561425604
IPSL-CM6A-LR,-4.5,-4.3507,11,ES,Spring barley,precip_mj2,0.0255373724290943
IPSL-CM6A-LR,-3.5,-3.4644,8,ES,Spring barley,precip_mj2,0.0311343315011307
IPSL-CM6A-LR,-2.5,-2.5669,9,ES,Spring barley,precip_mj2,-0.0114863162266855
IPSL-CM6A-LR,-1.5,-1.2909,6,ES,Spring barley,precip_mj2,0.0132753460245324
IPSL-CM6A-LR,-0.5,-0.6347,8,ES,Spring barley,precip_mj2,0.021832772482352
EC-Earth3,-9.5,-9.1554,4,FI,Spring barley,precip_mj2,0.0141214146844682
EC-Earth3,-8.5,-8.4726,15,FI,Spring barley,precip_mj2,0.0255647008236314
EC-Earth3,-7.5,-7.5562,20,FI,Spring barley,precip_mj2,0.0287725784430015
EC-Earth3,-6.5,-6.4767,21,FI,Spring barley,precip_mj2,0.0133333964649231
EC-Earth3,-5.5,-5.3342,8,FI,Spring barley,precip_mj2,0.0307056629251762
EC-Earth3,-4.5,-4.5495,8,FI,Spring barley,precip_mj2,0.0172625149939874
EC-Earth3,-3.5,-3.3459,9,FI,Spring barley,precip_mj2,0.0308900011777225
EC-Earth3,-2.5,-2.4493,5,FI,Spring barley,precip_mj2,-0.0161339129110402
EC-Earth3,-1.5,-1.3807,6,FI,Spring barley,precip_mj2,-0.00514496735254266
EC-Earth3,-0.5,-0.6596,3,FI,Spring barley,precip_mj2,0.0112922071330415
HadGEM3-GC3-1LL,-8.5,-8.3848,12,FI,Spring barley,precip_mj2,0.0226462134896809
HadGEM3-GC3-1LL,-7.5,-7.5599,19,FI,Spring barley,precip_mj2,0.0241662164470488
HadGEM3-GC3-1LL,-6.5,-6.5442,24,FI,Spring barley,precip_mj2,0.030860721140624
HadGEM3-GC3-1LL,-5.5,-5.5797,10,FI,Spring barley,precip_mj2,0.032711042399261
HadGEM3-GC3-1LL,-4.5,-4.5263,6,FI,Spring barley,precip_mj2,0.016443315880195
HadGEM3-GC3-1LL,-3.5,-3.7835,7,FI,Spring barley,precip_mj2,0.00918088228180899
HadGEM3-GC3-1LL,-2.5,-2.4504,6,FI,Spring barley,precip_mj2,0.0110356119727023
HadGEM3-GC3-1LL,-1.5,-1.3098,8,FI,Spring barley,precip_mj2,-0.00250509559987363
HadGEM3-GC3-1LL,-0.5,-0.331,6,FI,Spring barley,precip_mj2,0.000332882711928556
HadGEM3-GC3-1MM,-14.5,-14.3032,4,FI,Spring barley,precip_mj2,0.0534284814602463
HadGEM3-GC3-1MM,-13.5,-13.3931,8,FI,Spring barley,precip_mj2,0.0553207261472872
HadGEM3-GC3-1MM,-12.5,-12.588,13,FI,Spring barley,precip_mj2,0.057169985157121
HadGEM3-GC3-1MM,-11.5,-11.5321,21,FI,Spring barley,precip_mj2,0.0477945520976259
HadGEM3-GC3-1MM,-10.5,-10.4803,10,FI,Spring barley,precip_mj2,0.0369503528117264
HadGEM3-GC3-1MM,-9.5,-9.6161,7,FI,Spring barley,precip_mj2,0.0531204306409044
HadGEM3-GC3-1MM,-8.5,-8.6582,7,FI,Spring barley,precip_mj2,0.0305425195585745
HadGEM3-GC3-1MM,-7.5,-7.6345,8,FI,Spring barley,precip_mj2,0.0135573178803281
HadGEM3-GC3-1MM,-6.5,-6.4299,4,FI,Spring barley,precip_mj2,-0.00674855278377153
HadGEM3-GC3-1MM,-5.5,-5.3528,4,FI,Spring barley,precip_mj2,0.00626157930476935
HadGEM3-GC3-1MM,-4.5,-4.3969,4,FI,Spring barley,precip_mj2,0.0157553260408815
IPSL-CM6A-LR,-9.5,-9.3401,5,FI,Spring barley,precip_mj2,0.0532007432851716
IPSL-CM6A-LR,-8.5,-8.4598,8,FI,Spring barley,precip_mj2,0.014908946807535
IPSL-CM6A-LR,-7.5,-7.5255,19,FI,Spring barley,precip_mj2,0.0390200660962966
IPSL-CM6A-LR,-6.5,-6.5577,11,FI,Spring barley,precip_mj2,0.0405241988476796
IPSL-CM6A-LR,-5.5,-5.5623,13,FI,Spring barley,precip_mj2,0.0231776576581032
IPSL-CM6A-LR,-4.5,-4.3507,11,FI,Spring barley,precip_mj2,0.00931105848733665
IPSL-CM6A-LR,-3.5,-3.4644,8,FI,Spring barley,precip_mj2,0.00408697273525436
IPSL-CM6A-LR,-2.5,-2.5669,9,FI,Spring barley,precip_mj2,0.0156846344795262
IPSL-CM6A-LR,-1.5,-1.2909,6,FI,Spring barley,precip_mj2,0.00981598942040779
IPSL-CM6A-LR,-0.5,-0.6347,8,FI,Spring barley,precip_mj2,-0.0187814708575811
EC-Earth3,-9.5,-9.1554,4,FR,Spring barley,precip_mj2,-0.0128161690036549
EC-Earth3,-8.5,-8.4726,15,FR,Spring barley,precip_mj2,0.0489702703171434
EC-Earth3,-7.5,-7.5562,20,FR,Spring barley,precip_mj2,0.0319978531295573
EC-Earth3,-6.5,-6.4767,21,FR,Spring barley,precip_mj2,0.0582138437194045
EC-Earth3,-5.5,-5.3342,8,FR,Spring barley,precip_mj2,0.0136353862121086
EC-Earth3,-4.5,-4.5495,8,FR,Spring barley,precip_mj2,0.0658518399708625
EC-Earth3,-3.5,-3.3459,9,FR,Spring barley,precip_mj2,0.0359676244847882
EC-Earth3,-2.5,-2.4493,5,FR,Spring barley,precip_mj2,0.0527888337158533
EC-Earth3,-1.5,-1.3807,6,FR,Spring barley,precip_mj2,0.026571114124887
EC-Earth3,-0.5,-0.6596,3,FR,Spring barley,precip_mj2,0.00279389734263696
HadGEM3-GC3-1LL,-8.5,-8.3848,12,FR,Spring barley,precip_mj2,0.0644482172183666
HadGEM3-GC3-1LL,-7.5,-7.5599,19,FR,Spring barley,precip_mj2,0.038406574325372
HadGEM3-GC3-1LL,-6.5,-6.5442,24,FR,Spring barley,precip_mj2,0.0467050538709097
HadGEM3-GC3-1LL,-5.5,-5.5797,10,FR,Spring barley,precip_mj2,0.0116482013807851
HadGEM3-GC3-1LL,-4.5,-4.5263,6,FR,Spring barley,precip_mj2,0.0913988631508974
HadGEM3-GC3-1LL,-3.5,-3.7835,7,FR,Spring barley,precip_mj2,0.0151989125985944
HadGEM3-GC3-1LL,-2.5,-2.4504,6,FR,Spring barley,precip_mj2,0.0835272037088311
HadGEM3-GC3-1LL,-1.5,-1.3098,8,FR,Spring barley,precip_mj2,-0.00794042509182065
HadGEM3-GC3-1LL,-0.5,-0.331,6,FR,Spring barley,precip_mj2,0.0356464263266578
HadGEM3-GC3-1MM,-14.5,-14.3032,4,FR,Spring barley,precip_mj2,0.069649889664137
HadGEM3-GC3-1MM,-13.5,-13.3931,8,FR,Spring barley,precip_mj2,0.0679427900195327
HadGEM3-GC3-1MM,-12.5,-12.588,13,FR,Spring barley,precip_mj2,0.0736048359082477
HadGEM3-GC3-1MM,-11.5,-11.5321,21,FR,Spring barley,precip_mj2,0.09722971251764
HadGEM3-GC3-1MM,-10.5,-10.4803,10,FR,Spring barley,precip_mj2,0.0758209353191359
HadGEM3-GC3-1MM,-9.5,-9.6161,7,FR,Spring barley,precip_mj2,0.0327609434847474
HadGEM3-GC3-1MM,-8.5,-8.6582,7,FR,Spring barley,precip_mj2,0.079888365395921
HadGEM3-GC3-1MM,-7.5,-7.6345,8,FR,Spring barley,precip_mj2,0.0437492424000902
HadGEM3-GC3-1MM,-6.5,-6.4299,4,FR,Spring barley,precip_mj2,0.0500446277139204
HadGEM3-GC3-1MM,-5.5,-5.3528,4,FR,Spring barley,precip_mj2,0.00691853949712892
HadGEM3-GC3-1MM,-4.5,-4.3969,4,FR,Spring barley,precip_mj2,-0.0172979004795619
IPSL-CM6A-LR,-9.5,-9.3401,5,FR,Spring barley,precip_mj2,0.0534350435545966
IPSL-CM6A-LR,-8.5,-8.4598,8,FR,Spring barley,precip_mj2,0.0461303992198667
IPSL-CM6A-LR,-7.5,-7.5255,19,FR,Spring barley,precip_mj2,0.0502201780723635
IPSL-CM6A-LR,-6.5,-6.5577,11,FR,Spring barley,precip_mj2,0.0628422243920882
IPSL-CM6A-LR,-5.5,-5.5623,13,FR,Spring barley,precip_mj2,0.0410370257210544
IPSL-CM6A-LR,-4.5,-4.3507,11,FR,Spring barley,precip_mj2,0.0286867676136583
IPSL-CM6A-LR,-3.5,-3.4644,8,FR,Spring barley,precip_mj2,0.0282179844076923
IPSL-CM6A-LR,-2.5,-2.5669,9,FR,Spring barley,precip_mj2,0.0482536518988599
IPSL-CM6A-LR,-1.5,-1.2909,6,FR,Spring barley,precip_mj2,-0.0197343316425746
IPSL-CM6A-LR,-0.5,-0.6347,8,FR,Spring barley,precip_mj2,0.000980462935921093
EC-Earth3,-9.5,-9.1554,4,HU,Spring barley,precip_mj2,-0.0209513146111155
EC-Earth3,-8.5,-8.4726,15,HU,Spring barley,precip_mj2,-0.0065769805363684
EC-Earth3,-7.5,-7.5562,20,HU,Spring barley,precip_mj2,0.00766228897096012
EC-Earth3,-6.5,-6.4767,21,HU,Spring barley,precip_mj2,0.0309749820688639
EC-Earth3,-5.5,-5.3342,8,HU,Spring barley,precip_mj2,0.0506269609792825
EC-Earth3,-4.5,-4.5495,8,HU,Spring barley,precip_mj2,0.00685757342701771
EC-Earth3,-3.5,-3.3459,9,HU,Spring barley,precip_mj2,0.00309022649217856
EC-Earth3,-2.5,-2.4493,5,HU,Spring barley,precip_mj2,0.0557183422693301
EC-Earth3,-1.5,-1.3807,6,HU,Spring barley,precip_mj2,-0.0597287016952982
EC-Earth3,-0.5,-0.6596,3,HU,Spring barley,precip_mj2,0.0569296663321439
HadGEM3-GC3-1LL,-8.5,-8.3848,12,HU,Spring barley,precip_mj2,0.0394188555180181
HadGEM3-GC3-1LL,-7.5,-7.5599,19,HU,Spring barley,precip_mj2,0.0391299114075793
HadGEM3-GC3-1LL,-6.5,-6.5442,24,HU,Spring barley,precip_mj2,0.00178424180538975
HadGEM3-GC3-1LL,-5.5,-5.5797,10,HU,Spring barley,precip_mj2,0.0196327111517742
HadGEM3-GC3-1LL,-4.5,-4.5263,6,HU,Spring barley,precip_mj2,-0.0232129063948334
HadGEM3-GC3-1LL,-3.5,-3.7835,7,HU,Spring barley,precip_mj2,0.000709629644817691
HadGEM3-GC3-1LL,-2.5,-2.4504,6,HU,Spring barley,precip_mj2,0.0324959418503132
HadGEM3-GC3-1LL,-1.5,-1.3098,8,HU,Spring barley,precip_mj2,0.0163005337275893
HadGEM3-GC3-1LL,-0.5,-0.331,6,HU,Spring barley,precip_mj2,-0.0194475398644792
HadGEM3-GC3-1MM,-14.5,-14.3032,4,HU,Spring barley,precip_mj2,0.0767089514230098
HadGEM3-GC3-1MM,-13.5,-13.3931,8,HU,Spring barley,precip_mj2,0.0579134310433203
HadGEM3-GC3-1MM,-12.5,-12.588,13,HU,Spring barley,precip_mj2,0.0610781803529491
HadGEM3-GC3-1MM,-11.5,-11.5321,21,HU,Spring barley,precip_mj2,0.0522304519590166
HadGEM3-GC3-1MM,-10.5,-10.4803,10,HU,Spring barley,precip_mj2,0.0574405025110264
HadGEM3-GC3-1MM,-9.5,-9.6161,7,HU,Spring barley,precip_mj2,0.0623737291010466
HadGEM3-GC3-1MM,-8.5,-8.6582,7,HU,Spring barley,precip_mj2,0.049403183328881
HadGEM3-GC3-1MM,-7.5,-7.6345,8,HU,Spring barley,precip_mj2,0.0291082396997937
HadGEM3-GC3-1MM,-6.5,-6.4299,4,HU,Spring barley,precip_mj2,0.0391365312765655
HadGEM3-GC3-1MM,-5.5,-5.3528,4,HU,Spring barley,precip_mj2,0.045187305013673
HadGEM3-GC3-1MM,-4.5,-4.3969,4,HU,Spring barley,precip_mj2,0.000632548860341883
IPSL-CM6A-LR,-9.5,-9.3401,5,HU,Spring barley,precip_mj2,0.0495825689001446
IPSL-CM6A-LR,-8.5,-8.4598,8,HU,Spring barley,precip_mj2,0.0363238728075708
IPSL-CM6A-LR,-7.5,-7.5255,19,HU,Spring barley,precip_mj2,0.0375871383254481
IPSL-CM6A-LR,-6.5,-6.5577,11,HU,Spring barley,precip_mj2,0.0399063758002574
IPSL-CM6A-LR,-5.5,-5.5623,13,HU,Spring barley,precip_mj2,0.0284284879531656
IPSL-CM6A-LR,-4.5,-4.3507,11,HU,Spring barley,precip_mj2,0.0263869944724955
IPSL-CM6A-LR,-3.5,-3.4644,8,HU,Spring barley,precip_mj2,0.00858818769376369
IPSL-CM6A-LR,-2.5,-2.5669,9,HU,Spring barley,precip_mj2,0.0351254863075095
IPSL-CM6A-LR,-1.5,-1.2909,6,HU,Spring barley,precip_mj2,0.0252597015662093
IPSL-CM6A-LR,-0.5,-0.6347,8,HU,Spring barley,precip_mj2,0.0286472034507603
EC-Earth3,-9.5,-9.1554,4,LT,Spring barley,precip_mj2,0.0228358128619362
EC-Earth3,-8.5,-8.4726,15,LT,Spring barley,precip_mj2,0.0443140593376923
EC-Earth3,-7.5,-7.5562,20,LT,Spring barley,precip_mj2,0.0420104816592388
EC-Earth3,-6.5,-6.4767,21,LT,Spring barley,precip_mj2,0.0279187984262615
EC-Earth3,-5.5,-5.3342,8,LT,Spring barley,precip_mj2,0.0245481673881845
EC-Earth3,-4.5,-4.5495,8,LT,Spring barley,precip_mj2,0.0112824333871067
EC-Earth3,-3.5,-3.3459,9,LT,Spring barley,precip_mj2,0.0372469785289652
EC-Earth3,-2.5,-2.4493,5,LT,Spring barley,precip_mj2,0.0122143512539859
EC-Earth3,-1.5,-1.3807,6,LT,Spring barley,precip_mj2,0.024650728001963
EC-Earth3,-0.5,-0.6596,3,LT,Spring barley,precip_mj2,0.0457909895197606
HadGEM3-GC3-1LL,-8.5,-8.3848,12,LT,Spring barley,precip_mj2,0.0454434371463484
HadGEM3-GC3-1LL,-7.5,-7.5599,19,LT,Spring barley,precip_mj2,0.0363687103033929
HadGEM3-GC3-1LL,-6.5,-6.5442,24,LT,Spring barley,precip_mj2,0.0341348816729882
HadGEM3-GC3-1LL,-5.5,-5.5797,10,LT,Spring barley,precip_mj2,0.045020686651178
HadGEM3-GC3-1LL,-4.5,-4.5263,6,LT,Spring barley,precip_mj2,0.0206408860987733
HadGEM3-GC3-1LL,-3.5,-3.7835,7,LT,Spring barley,precip_mj2,0.0204002142619926
HadGEM3-GC3-1LL,-2.5,-2.4504,6,LT,Spring barley,precip_mj2,0.0174041592716446
HadGEM3-GC3-1LL,-1.5,-1.3098,8,LT,Spring barley,precip_mj2,-0.0124798838789529
HadGEM3-GC3-1LL,-0.5,-0.331,6,LT,Spring barley,precip_mj2,-0.00609235692699744
HadGEM3-GC3-1MM,-14.5,-14.3032,4,LT,Spring barley,precip_mj2,0.0479843591055306
HadGEM3-GC3-1MM,-13.5,-13.3931,8,LT,Spring barley,precip_mj2,0.0460299868204483
HadGEM3-GC3-1MM,-12.5,-12.588,13,LT,Spring barley,precip_mj2,0.0680379148229523
HadGEM3-GC3-1MM,-11.5,-11.5321,21,LT,Spring barley,precip_mj2,0.0574504901408631
HadGEM3-GC3-1MM,-10.5,-10.4803,10,LT,Spring barley,precip_mj2,0.0349693852606327
HadGEM3-GC3-1MM,-9.5,-9.6161,7,LT,Spring barley,precip_mj2,0.0561070704653158
HadGEM3-GC3-1MM,-8.5,-8.6582,7,LT,Spring barley,precip_mj2,0.0368008627377581
HadGEM3-GC3-1MM,-7.5,-7.6345,8,LT,Spring barley,precip_mj2,0.00736253670339291
HadGEM3-GC3-1MM,-6.5,-6.4299,4,LT,Spring barley,precip_mj2,0.0197919825285777
HadGEM3-GC3-1MM,-5.5,-5.3528,4,LT,Spring barley,precip_mj2,0.00277691450703693
HadGEM3-GC3-1MM,-4.5,-4.3969,4,LT,Spring barley,precip_mj2,0.00961880471321363
IPSL-CM6A-LR,-9.5,-9.3401,5,LT,Spring barley,precip_mj2,0.0358827012473581
IPSL-CM6A-LR,-8.5,-8.4598,8,LT,Spring barley,precip_mj2,0.0258531608665747
IPSL-CM6A-LR,-7.5,-7.5255,19,LT,Spring barley,precip_mj2,0.0469428021472962
IPSL-CM6A-LR,-6.5,-6.5577,11,LT,Spring barley,precip_mj2,0.0548785262388128
IPSL-CM6A-LR,-5.5,-5.5623,13,LT,Spring barley,precip_mj2,0.0257588964532243
IPSL-CM6A-LR,-4.5,-4.3507,11,LT,Spring barley,precip_mj2,0.0115442872988394
IPSL-CM6A-LR,-3.5,-3.4644,8,LT,Spring barley,precip_mj2,-0.00861923073407979
IPSL-CM6A-LR,-2.5,-2.5669,9,LT,Spring barley,precip_mj2,-0.00263686002480693
IPSL-CM6A-LR,-1.5,-1.2909,6,LT,Spring barley,precip_mj2,0.0178717353428633
IPSL-CM6A-LR,-0.5,-0.6347,8,LT,Spring barley,precip_mj2,-0.00138377747821526
EC-Earth3,-9.5,-9.1554,4,LV,Spring barley,precip_mj2,0.0287627960394899
EC-Earth3,-8.5,-8.4726,15,LV,Spring barley,precip_mj2,0.0436548611281544
EC-Earth3,-7.5,-7.5562,20,LV,Spring barley,precip_mj2,0.035138846526174
EC-Earth3,-6.5,-6.4767,21,LV,Spring barley,precip_mj2,0.0191092561093402
EC-Earth3,-5.5,-5.3342,8,LV,Spring barley,precip_mj2,0.0295273517033003
EC-Earth3,-4.5,-4.5495,8,LV,Spring barley,precip_mj2,0.014432949733394
EC-Earth3,-3.5,-3.3459,9,LV,Spring barley,precip_mj2,0.0269508782320719
EC-Earth3,-2.5,-2.4493,5,LV,Spring barley,precip_mj2,0.0104811073688529
EC-Earth3,-1.5,-1.3807,6,LV,Spring barley,precip_mj2,0.0179508657110446
EC-Earth3,-0.5,-0.6596,3,LV,Spring barley,precip_mj2,0.0320218321652198
HadGEM3-GC3-1LL,-8.5,-8.3848,12,LV,Spring barley,precip_mj2,0.0456141628415934
HadGEM3-GC3-1LL,-7.5,-7.5599,19,LV,Spring barley,precip_mj2,0.0267337067409128
HadGEM3-GC3-1LL,-6.5,-6.5442,24,LV,Spring barley,precip_mj2,0.0316247104780398
HadGEM3-GC3-1LL,-5.5,-5.5797,10,LV,Spring barley,precip_mj2,0.0342804240529278
HadGEM3-GC3-1LL,-4.5,-4.5263,6,LV,Spring barley,precip_mj2,0.0280092361325992
HadGEM3-GC3-1LL,-3.5,-3.7835,7,LV,Spring barley,precip_mj2,0.0137031498005082
HadGEM3-GC3-1LL,-2.5,-2.4504,6,LV,Spring barley,precip_mj2,0.00387520531703629
HadGEM3-GC3-1LL,-1.5,-1.3098,8,LV,Spring barley,precip_mj2,-0.0183071488758961
HadGEM3-GC3-1LL,-0.5,-0.331,6,LV,Spring barley,precip_mj2,-0.0010857957522888
HadGEM3-GC3-1MM,-14.5,-14.3032,4,LV,Spring barley,precip_mj2,0.0512913651307933
HadGEM3-GC3-1MM,-13.5,-13.3931,8,LV,Spring barley,precip_mj2,0.0472257900682311
HadGEM3-GC3-1MM,-12.5,-12.588,13,LV,Spring barley,precip_mj2,0.0580826601148489
HadGEM3-GC3-1MM,-11.5,-11.5321,21,LV,Spring barley,precip_mj2,0.0526324192831899
HadGEM3-GC3-1MM,-10.5,-10.4803,10,LV,Spring barley,precip_mj2,0.0272896503171947
HadGEM3-GC3-1MM,-9.5,-9.6161,7,LV,Spring barley,precip_mj2,0.0516035561777814
HadGEM3-GC3-1MM,-8.5,-8.6582,7,LV,Spring barley,precip_mj2,0.0333195863702674
HadGEM3-GC3-1MM,-7.5,-7.6345,8,LV,Spring barley,precip_mj2,0.00427984078756171
HadGEM3-GC3-1MM,-6.5,-6.4299,4,LV,Spring barley,precip_mj2,0.0144246923875407
HadGEM3-GC3-1MM,-5.5,-5.3528,4,LV,Spring barley,precip_mj2,0.00650521882492643
HadGEM3-GC3-1MM,-4.5,-4.3969,4,LV,Spring barley,precip_mj2,-0.00121110782844339
IPSL-CM6A-LR,-9.5,-9.3401,5,LV,Spring barley,precip_mj2,0.0280785669509573
IPSL-CM6A-LR,-8.5,-8.4598,8,LV,Spring barley,precip_mj2,0.0222900834838159
IPSL-CM6A-LR,-7.5,-7.5255,19,LV,Spring barley,precip_mj2,0.0394025198460425
IPSL-CM6A-LR,-6.5,-6.5577,11,LV,Spring barley,precip_mj2,0.0500727056790122
IPSL-CM6A-LR,-5.5,-5.5623,13,LV,Spring barley,precip_mj2,0.0177801619604285
IPSL-CM6A-LR,-4.5,-4.3507,11,LV,Spring barley,precip_mj2,0.000924495183735152
IPSL-CM6A-LR,-3.5,-3.4644,8,LV,Spring barley,precip_mj2,0.000161113554807195
IPSL-CM6A-LR,-2.5,-2.5669,9,LV,Spring barley,precip_mj2,-0.0100476539393521
IPSL-CM6A-LR,-1.5,-1.2909,6,LV,Spring barley,precip_mj2,0.0108615809830234
IPSL-CM6A-LR,-0.5,-0.6347,8,LV,Spring barley,precip_mj2,-0.0112588705644811
EC-Earth3,-9.5,-9.1554,4,SE,Spring barley,precip_mj2,-0.0269546042110219
EC-Earth3,-8.5,-8.4726,15,SE,Spring barley,precip_mj2,0.0364439203254608
EC-Earth3,-7.5,-7.5562,20,SE,Spring barley,precip_mj2,0.0256999419310442
EC-Earth3,-6.5,-6.4767,21,SE,Spring barley,precip_mj2,0.0237262305547905
EC-Earth3,-5.5,-5.3342,8,SE,Spring barley,precip_mj2,-0.003402563780875
EC-Earth3,-4.5,-4.5495,8,SE,Spring barley,precip_mj2,0.0243540583668255
EC-Earth3,-3.5,-3.3459,9,SE,Spring barley,precip_mj2,0.0428935674442173
EC-Earth3,-2.5,-2.4493,5,SE,Spring barley,precip_mj2,0.00240925052460322
EC-Earth3,-1.5,-1.3807,6,SE,Spring barley,precip_mj2,-0.00157802124983341
EC-Earth3,-0.5,-0.6596,3,SE,Spring barley,precip_mj2,-0.0458921178387127
HadGEM3-GC3-1LL,-8.5,-8.3848,12,SE,Spring barley,precip_mj2,0.0506692607385566
HadGEM3-GC3-1LL,-7.5,-7.5599,19,SE,Spring barley,precip_mj2,0.0361195251161056
HadGEM3-GC3-1LL,-6.5,-6.5442,24,SE,Spring barley,precip_mj2,0.0334155070316003
HadGEM3-GC3-1LL,-5.5,-5.5797,10,SE,Spring barley,precip_mj2,0.0421698395156679
HadGEM3-GC3-1LL,-4.5,-4.5263,6,SE,Spring barley,precip_mj2,0.0233804551814221
HadGEM3-GC3-1LL,-3.5,-3.7835,7,SE,Spring barley,precip_mj2,0.0428049280764103
HadGEM3-GC3-1LL,-2.5,-2.4504,6,SE,Spring barley,precip_mj2,0.039416630427533
HadGEM3-GC3-1LL,-1.5,-1.3098,8,SE,Spring barley,precip_mj2,0.00605930544731639
HadGEM3-GC3-1LL,-0.5,-0.331,6,SE,Spring barley,precip_mj2,-0.0106775415510368
HadGEM3-GC3-1MM,-14.5,-14.3032,4,SE,Spring barley,precip_mj2,0.0401130287220681
HadGEM3-GC3-1MM,-13.5,-13.3931,8,SE,Spring barley,precip_mj2,0.0725450210361772
HadGEM3-GC3-1MM,-12.5,-12.588,13,SE,Spring barley,precip_mj2,0.0793492292384128
HadGEM3-GC3-1MM,-11.5,-11.5321,21,SE,Spring barley,precip_mj2,0.0676775769489905
HadGEM3-GC3-1MM,-10.5,-10.4803,10,SE,Spring barley,precip_mj2,0.0450369957608836
HadGEM3-GC3-1MM,-9.5,-9.6161,7,SE,Spring barley,precip_mj2,0.0505659325694545
HadGEM3-GC3-1MM,-8.5,-8.6582,7,SE,Spring barley,precip_mj2,0.0471583078280018
HadGEM3-GC3-1MM,-7.5,-7.6345,8,SE,Spring barley,precip_mj2,0.00328564896199409
HadGEM3-GC3-1MM,-6.5,-6.4299,4,SE,Spring barley,precip_mj2,0.0292563164290449
HadGEM3-GC3-1MM,-5.5,-5.3528,4,SE,Spring barley,precip_mj2,0.00348631653141527
HadGEM3-GC3-1MM,-4.5,-4.3969,4,SE,Spring barley,precip_mj2,0.0262726737339505
IPSL-CM6A-LR,-9.5,-9.3401,5,SE,Spring barley,precip_mj2,0.0525405275875267
IPSL-CM6A-LR,-8.5,-8.4598,8,SE,Spring barley,precip_mj2,0.0125893587465542
IPSL-CM6A-LR,-7.5,-7.5255,19,SE,Spring barley,precip_mj2,0.0457513147513844
IPSL-CM6A-LR,-6.5,-6.5577,11,SE,Spring barley,precip_mj2,0.0453076102629925
IPSL-CM6A-LR,-5.5,-5.5623,13,SE,Spring barley,precip_mj2,0.0240931798617376
IPSL-CM6A-LR,-4.5,-4.3507,11,SE,Spring barley,precip_mj2,0.000108206432944877
IPSL-CM6A-LR,-3.5,-3.4644,8,SE,Spring barley,precip_mj2,-0.0204293715520926
IPSL-CM6A-LR,-2.5,-2.5669,9,SE,Spring barley,precip_mj2,0.0181234566702936
IPSL-CM6A-LR,-1.5,-1.2909,6,SE,Spring barley,precip_mj2,0.00564273991677438
IPSL-CM6A-LR,-0.5,-0.6347,8,SE,Spring barley,precip_mj2,-0.036172252508574
EC-Earth3,-9.5,-9.1554,4,SK,Spring barley,precip_mj2,-0.0538577102318621
EC-Earth3,-8.5,-8.4726,15,SK,Spring barley,precip_mj2,0.0088552370784575
EC-Earth3,-7.5,-7.5562,20,SK,Spring barley,precip_mj2,0.0148326999001804
EC-Earth3,-6.5,-6.4767,21,SK,Spring barley,precip_mj2,0.0464346902358126
EC-Earth3,-5.5,-5.3342,8,SK,Spring barley,precip_mj2,0.0634666580083019
EC-Earth3,-4.5,-4.5495,8,SK,Spring barley,precip_mj2,0.00436628103370467
EC-Earth3,-3.5,-3.3459,9,SK,Spring barley,precip_mj2,0.0382471501612623
EC-Earth3,-2.5,-2.4493,5,SK,Spring barley,precip_mj2,0.0432377639688295
EC-Earth3,-1.5,-1.3807,6,SK,Spring barley,precip_mj2,-0.0545279812873387
EC-Earth3,-0.5,-0.6596,3,SK,Spring barley,precip_mj2,0.0794081493028615
HadGEM3-GC3-1LL,-8.5,-8.3848,12,SK,Spring barley,precip_mj2,0.0644691002294282
HadGEM3-GC3-1LL,-7.5,-7.5599,19,SK,Spring barley,precip_mj2,0.0454422389435039
HadGEM3-GC3-1LL,-6.5,-6.5442,24,SK,Spring barley,precip_mj2,-0.0116889847224313
HadGEM3-GC3-1LL,-5.5,-5.5797,10,SK,Spring barley,precip_mj2,0.0227120119507876
HadGEM3-GC3-1LL,-4.5,-4.5263,6,SK,Spring barley,precip_mj2,-0.0115424202402199
HadGEM3-GC3-1LL,-3.5,-3.7835,7,SK,Spring barley,precip_mj2,0.0143967999201167
HadGEM3-GC3-1LL,-2.5,-2.4504,6,SK,Spring barley,precip_mj2,0.0454427931185085
HadGEM3-GC3-1LL,-1.5,-1.3098,8,SK,Spring barley,precip_mj2,0.00662089805892144
HadGEM3-GC3-1LL,-0.5,-0.331,6,SK,Spring barley,precip_mj2,-0.0613487007409219
HadGEM3-GC3-1MM,-14.5,-14.3032,4,SK,Spring barley,precip_mj2,0.0830957989235314
HadGEM3-GC3-1MM,-13.5,-13.3931,8,SK,Spring barley,precip_mj2,0.085431278347499
HadGEM3-GC3-1MM,-12.5,-12.588,13,SK,Spring barley,precip_mj2,0.084061584329533
HadGEM3-GC3-1MM,-11.5,-11.5321,21,SK,Spring barley,precip_mj2,0.0697572148013745
HadGEM3-GC3-1MM,-10.5,-10.4803,10,SK,Spring barley,precip_mj2,0.0797570457939123
HadGEM3-GC3-1MM,-9.5,-9.6161,7,SK,Spring barley,precip_mj2,0.100848652720159
HadGEM3-GC3-1MM,-8.5,-8.6582,7,SK,Spring barley,precip_mj2,0.0606755418027106
HadGEM3-GC3-1MM,-7.5,-7.6345,8,SK,Spring barley,precip_mj2,0.0488441578859722
HadGEM3-GC3-1MM,-6.5,-6.4299,4,SK,Spring barley,precip_mj2,0.0634721695349566
HadGEM3-GC3-1MM,-5.5,-5.3528,4,SK,Spring barley,precip_mj2,0.0678580662230379
HadGEM3-GC3-1MM,-4.5,-4.3969,4,SK,Spring barley,precip_mj2,0.0294287723779484
IPSL-CM6A-LR,-9.5,-9.3401,5,SK,Spring barley,precip_mj2,0.0599729973851253
IPSL-CM6A-LR,-8.5,-8.4598,8,SK,Spring barley,precip_mj2,0.0374805772940957
IPSL-CM6A-LR,-7.5,-7.5255,19,SK,Spring barley,precip_mj2,0.0442312717071902
IPSL-CM6A-LR,-6.5,-6.5577,11,SK,Spring barley,precip_mj2,0.0548323024057458
IPSL-CM6A-LR,-5.5,-5.5623,13,SK,Spring barley,precip_mj2,0.0297415321129358
IPSL-CM6A-LR,-4.5,-4.3507,11,SK,Spring barley,precip_mj2,0.0190313831638297
IPSL-CM6A-LR,-3.5,-3.4644,8,SK,Spring barley,precip_mj2,0.00212670978737512
IPSL-CM6A-LR,-2.5,-2.5669,9,SK,Spring barley,precip_mj2,0.0407994632642941
IPSL-CM6A-LR,-1.5,-1.2909,6,SK,Spring barley,precip_mj2,0.0385296003302339
IPSL-CM6A-LR,-0.5,-0.6347,8,SK,Spring barley,precip_mj2,0.0113043794438617
EC-Earth3,-9.5,-9.1554,4,CZ,Winter barley,precip_mj2,-0.00505044633976815
EC-Earth3,-8.5,-8.4726,15,CZ,Winter barley,precip_mj2,0.0331237834451038
EC-Earth3,-7.5,-7.5562,20,CZ,Winter barley,precip_mj2,0.0275378096710569
EC-Earth3,-6.5,-6.4767,21,CZ,Winter barley,precip_mj2,0.0435630600042163
EC-Earth3,-5.5,-5.3342,8,CZ,Winter barley,precip_mj2,0.0157549602039041
EC-Earth3,-4.5,-4.5495,8,CZ,Winter barley,precip_mj2,0.0230020162890165
EC-Earth3,-3.5,-3.3459,9,CZ,Winter barley,precip_mj2,0.0616626841012185
EC-Earth3,-2.5,-2.4493,5,CZ,Winter barley,precip_mj2,0.00624839992381998
EC-Earth3,-1.5,-1.3807,6,CZ,Winter barley,precip_mj2,-0.0112977279791622
EC-Earth3,-0.5,-0.6596,3,CZ,Winter barley,precip_mj2,0.0393913209188399
HadGEM3-GC3-1LL,-8.5,-8.3848,12,CZ,Winter barley,precip_mj2,0.0561220408258412
HadGEM3-GC3-1LL,-7.5,-7.5599,19,CZ,Winter barley,precip_mj2,0.0496304826641237
HadGEM3-GC3-1LL,-6.5,-6.5442,24,CZ,Winter barley,precip_mj2,0.00260618535883623
HadGEM3-GC3-1LL,-5.5,-5.5797,10,CZ,Winter barley,precip_mj2,0.0111742299173564
HadGEM3-GC3-1LL,-4.5,-4.5263,6,CZ,Winter barley,precip_mj2,0.0418273081257622
HadGEM3-GC3-1LL,-3.5,-3.7835,7,CZ,Winter barley,precip_mj2,0.0109663043590803
HadGEM3-GC3-1LL,-2.5,-2.4504,6,CZ,Winter barley,precip_mj2,0.0185531305406169
HadGEM3-GC3-1LL,-1.5,-1.3098,8,CZ,Winter barley,precip_mj2,0.00508481815823505
HadGEM3-GC3-1LL,-0.5,-0.331,6,CZ,Winter barley,precip_mj2,-0.0331854323964002
HadGEM3-GC3-1MM,-14.5,-14.3032,4,CZ,Winter barley,precip_mj2,0.0556696166247395
HadGEM3-GC3-1MM,-13.5,-13.3931,8,CZ,Winter barley,precip_mj2,0.0702251374451901
HadGEM3-GC3-1MM,-12.5,-12.588,13,CZ,Winter barley,precip_mj2,0.0803685317756436
HadGEM3-GC3-1MM,-11.5,-11.5321,21,CZ,Winter barley,precip_mj2,0.0576720179759875
HadGEM3-GC3-1MM,-10.5,-10.4803,10,CZ,Winter barley,precip_mj2,0.0670880780996177
HadGEM3-GC3-1MM,-9.5,-9.6161,7,CZ,Winter barley,precip_mj2,0.0738043635322606
HadGEM3-GC3-1MM,-8.5,-8.6582,7,CZ,Winter barley,precip_mj2,0.0345537245295282
HadGEM3-GC3-1MM,-7.5,-7.6345,8,CZ,Winter barley,precip_mj2,0.0476639084077146
HadGEM3-GC3-1MM,-6.5,-6.4299,4,CZ,Winter barley,precip_mj2,0.0592388851745364
HadGEM3-GC3-1MM,-5.5,-5.3528,4,CZ,Winter barley,precip_mj2,0.0628275440239791
HadGEM3-GC3-1MM,-4.5,-4.3969,4,CZ,Winter barley,precip_mj2,0.0387935350111844
IPSL-CM6A-LR,-9.5,-9.3401,5,CZ,Winter barley,precip_mj2,0.033574857012328
IPSL-CM6A-LR,-8.5,-8.4598,8,CZ,Winter barley,precip_mj2,0.0435628069670357
IPSL-CM6A-LR,-7.5,-7.5255,19,CZ,Winter barley,precip_mj2,0.0407928211205597
IPSL-CM6A-LR,-6.5,-6.5577,11,CZ,Winter barley,precip_mj2,0.0484460223710923
IPSL-CM6A-LR,-5.5,-5.5623,13,CZ,Winter barley,precip_mj2,0.027694429860703
IPSL-CM6A-LR,-4.5,-4.3507,11,CZ,Winter barley,precip_mj2,0.0215087883069815
IPSL-CM6A-LR,-3.5,-3.4644,8,CZ,Winter barley,precip_mj2,0.000592769331393585
IPSL-CM6A-LR,-2.5,-2.5669,9,CZ,Winter barley,precip_mj2,0.0374554079234279
IPSL-CM6A-LR,-1.5,-1.2909,6,CZ,Winter barley,precip_mj2,0.0270236438085511
IPSL-CM6A-LR,-0.5,-0.6347,8,CZ,Winter barley,precip_mj2,-0.0115378506058352
EC-Earth3,-9.5,-9.1554,4,DE,Winter barley,precip_mj2,0.00395425335136714
EC-Earth3,-8.5,-8.4726,15,DE,Winter barley,precip_mj2,0.0471020558244646
EC-Earth3,-7.5,-7.5562,20,DE,Winter barley,precip_mj2,0.0408724420191562
EC-Earth3,-6.5,-6.4767,21,DE,Winter barley,precip_mj2,0.04497480226059
EC-Earth3,-5.5,-5.3342,8,DE,Winter barley,precip_mj2,0.0162939214998962
EC-Earth3,-4.5,-4.5495,8,DE,Winter barley,precip_mj2,0.0344573010154895
EC-Earth3,-3.5,-3.3459,9,DE,Winter barley,precip_mj2,0.0466767136758241
EC-Earth3,-2.5,-2.4493,5,DE,Winter barley,precip_mj2,0.0385603410169762
EC-Earth3,-1.5,-1.3807,6,DE,Winter barley,precip_mj2,0.00957960483249563
EC-Earth3,-0.5,-0.6596,3,DE,Winter barley,precip_mj2,0.00855804998052815
HadGEM3-GC3-1LL,-8.5,-8.3848,12,DE,Winter barley,precip_mj2,0.0542275412362118
HadGEM3-GC3-1LL,-7.5,-7.5599,19,DE,Winter barley,precip_mj2,0.0336594087399517
HadGEM3-GC3-1LL,-6.5,-6.5442,24,DE,Winter barley,precip_mj2,0.0249316771303701
HadGEM3-GC3-1LL,-5.5,-5.5797,10,DE,Winter barley,precip_mj2,0.0283542885927448
HadGEM3-GC3-1LL,-4.5,-4.5263,6,DE,Winter barley,precip_mj2,0.0521561980979485
HadGEM3-GC3-1LL,-3.5,-3.7835,7,DE,Winter barley,precip_mj2,0.0134451962933095
HadGEM3-GC3-1LL,-2.5,-2.4504,6,DE,Winter barley,precip_mj2,0.0443630499703117
HadGEM3-GC3-1LL,-1.5,-1.3098,8,DE,Winter barley,precip_mj2,-0.00926181463072998
HadGEM3-GC3-1LL,-0.5,-0.331,6,DE,Winter barley,precip_mj2,0.0136973482551869
HadGEM3-GC3-1MM,-14.5,-14.3032,4,DE,Winter barley,precip_mj2,0.047289584692964
HadGEM3-GC3-1MM,-13.5,-13.3931,8,DE,Winter barley,precip_mj2,0.0550735167726879
HadGEM3-GC3-1MM,-12.5,-12.588,13,DE,Winter barley,precip_mj2,0.0804110892828687
HadGEM3-GC3-1MM,-11.5,-11.5321,21,DE,Winter barley,precip_mj2,0.0709339557390009
HadGEM3-GC3-1MM,-10.5,-10.4803,10,DE,Winter barley,precip_mj2,0.0620496561877189
HadGEM3-GC3-1MM,-9.5,-9.6161,7,DE,Winter barley,precip_mj2,0.0569333402862342
HadGEM3-GC3-1MM,-8.5,-8.6582,7,DE,Winter barley,precip_mj2,0.0499916997319265
HadGEM3-GC3-1MM,-7.5,-7.6345,8,DE,Winter barley,precip_mj2,0.0244627816003808
HadGEM3-GC3-1MM,-6.5,-6.4299,4,DE,Winter barley,precip_mj2,0.0232005460500086
HadGEM3-GC3-1MM,-5.5,-5.3528,4,DE,Winter barley,precip_mj2,0.0352197850789646
HadGEM3-GC3-1MM,-4.5,-4.3969,4,DE,Winter barley,precip_mj2,0.0414136468688933
IPSL-CM6A-LR,-9.5,-9.3401,5,DE,Winter barley,precip_mj2,0.049919641876472
IPSL-CM6A-LR,-8.5,-8.4598,8,DE,Winter barley,precip_mj2,0.0420230983731778
IPSL-CM6A-LR,-7.5,-7.5255,19,DE,Winter barley,precip_mj2,0.0420696763257569
IPSL-CM6A-LR,-6.5,-6.5577,11,DE,Winter barley,precip_mj2,0.0529421636088398
IPSL-CM6A-LR,-5.5,-5.5623,13,DE,Winter barley,precip_mj2,0.0416107428291642
IPSL-CM6A-LR,-4.5,-4.3507,11,DE,Winter barley,precip_mj2,0.0194798383586653
IPSL-CM6A-LR,-3.5,-3.4644,8,DE,Winter barley,precip_mj2,0.00784995632821236
IPSL-CM6A-LR,-2.5,-2.5669,9,DE,Winter barley,precip_mj2,0.0399566209230444
IPSL-CM6A-LR,-1.5,-1.2909,6,DE,Winter barley,precip_mj2,-0.0028477157679388
IPSL-CM6A-LR,-0.5,-0.6347,8,DE,Winter barley,precip_mj2,0.0045619667162359
EC-Earth3,-9.5,-9.1554,4,DK,Winter barley,precip_mj2,-4.2458672211849e-05
EC-Earth3,-8.5,-8.4726,15,DK,Winter barley,precip_mj2,0.0292362717644502
EC-Earth3,-7.5,-7.5562,20,DK,Winter barley,precip_mj2,0.0229334337142167
EC-Earth3,-6.5,-6.4767,21,DK,Winter barley,precip_mj2,0.0208291743204048
EC-Earth3,-5.5,-5.3342,8,DK,Winter barley,precip_mj2,0.0057155106269272
EC-Earth3,-4.5,-4.5495,8,DK,Winter barley,precip_mj2,0.0159358592460902
EC-Earth3,-3.5,-3.3459,9,DK,Winter barley,precip_mj2,0.0270953872974678
EC-Earth3,-2.5,-2.4493,5,DK,Winter barley,precip_mj2,0.00763050773270877
EC-Earth3,-1.5,-1.3807,6,DK,Winter barley,precip_mj2,0.00218618244390676
EC-Earth3,-0.5,-0.6596,3,DK,Winter barley,precip_mj2,-0.0547056036571156
HadGEM3-GC3-1LL,-8.5,-8.3848,12,DK,Winter barley,precip_mj2,0.0347168869469326
HadGEM3-GC3-1LL,-7.5,-7.5599,19,DK,Winter barley,precip_mj2,0.0179803012595164
HadGEM3-GC3-1LL,-6.5,-6.5442,24,DK,Winter barley,precip_mj2,0.0238837495838923
HadGEM3-GC3-1LL,-5.5,-5.5797,10,DK,Winter barley,precip_mj2,0.0115478897383826
HadGEM3-GC3-1LL,-4.5,-4.5263,6,DK,Winter barley,precip_mj2,0.0268941660605261
HadGEM3-GC3-1LL,-3.5,-3.7835,7,DK,Winter barley,precip_mj2,0.0164701298810668
HadGEM3-GC3-1LL,-2.5,-2.4504,6,DK,Winter barley,precip_mj2,0.0383226204824193
HadGEM3-GC3-1LL,-1.5,-1.3098,8,DK,Winter barley,precip_mj2,-0.0135647662474088
HadGEM3-GC3-1LL,-0.5,-0.331,6,DK,Winter barley,precip_mj2,0.0161472464989864
HadGEM3-GC3-1MM,-14.5,-14.3032,4,DK,Winter barley,precip_mj2,0.0359344049186467
HadGEM3-GC3-1MM,-13.5,-13.3931,8,DK,Winter barley,precip_mj2,0.0581819801023024
HadGEM3-GC3-1MM,-12.5,-12.588,13,DK,Winter barley,precip_mj2,0.0525062039974685
HadGEM3-GC3-1MM,-11.5,-11.5321,21,DK,Winter barley,precip_mj2,0.0495894374461521
HadGEM3-GC3-1MM,-10.5,-10.4803,10,DK,Winter barley,precip_mj2,0.0360396254753799
HadGEM3-GC3-1MM,-9.5,-9.6161,7,DK,Winter barley,precip_mj2,0.0285302628577997
HadGEM3-GC3-1MM,-8.5,-8.6582,7,DK,Winter barley,precip_mj2,0.0428839311798125
HadGEM3-GC3-1MM,-7.5,-7.6345,8,DK,Winter barley,precip_mj2,0.00258514664383838
HadGEM3-GC3-1MM,-6.5,-6.4299,4,DK,Winter barley,precip_mj2,0.0151477612556984
HadGEM3-GC3-1MM,-5.5,-5.3528,4,DK,Winter barley,precip_mj2,0.0142927806227163
HadGEM3-GC3-1MM,-4.5,-4.3969,4,DK,Winter barley,precip_mj2,0.0329938146596376
IPSL-CM6A-LR,-9.5,-9.3401,5,DK,Winter barley,precip_mj2,0.0284446019810841
IPSL-CM6A-LR,-8.5,-8.4598,8,DK,Winter barley,precip_mj2,-0.00431780513446594
IPSL-CM6A-LR,-7.5,-7.5255,19,DK,Winter barley,precip_mj2,0.0313735613986406
IPSL-CM6A-LR,-6.5,-6.5577,11,DK,Winter barley,precip_mj2,0.0306522049817396
IPSL-CM6A-LR,-5.5,-5.5623,13,DK,Winter barley,precip_mj2,0.0269155263022104
IPSL-CM6A-LR,-4.5,-4.3507,11,DK,Winter barley,precip_mj2,-0.0172919182063673
IPSL-CM6A-LR,-3.5,-3.4644,8,DK,Winter barley,precip_mj2,-0.0175232970328777
IPSL-CM6A-LR,-2.5,-2.5669,9,DK,Winter barley,precip_mj2,0.0191752427863562
IPSL-CM6A-LR,-1.5,-1.2909,6,DK,Winter barley,precip_mj2,0.00508426181768989
IPSL-CM6A-LR,-0.5,-0.6347,8,DK,Winter barley,precip_mj2,-0.0261095299455191
EC-Earth3,-9.5,-9.1554,4,EE,Winter barley,precip_mj2,0.0339687934650912
EC-Earth3,-8.5,-8.4726,15,EE,Winter barley,precip_mj2,0.0369378034269692
EC-Earth3,-7.5,-7.5562,20,EE,Winter barley,precip_mj2,0.0219119009157908
EC-Earth3,-6.5,-6.4767,21,EE,Winter barley,precip_mj2,0.0132021852147167
EC-Earth3,-5.5,-5.3342,8,EE,Winter barley,precip_mj2,0.0278289591943896
EC-Earth3,-4.5,-4.5495,8,EE,Winter barley,precip_mj2,0.00961790615057811
EC-Earth3,-3.5,-3.3459,9,EE,Winter barley,precip_mj2,0.0163043652268407
EC-Earth3,-2.5,-2.4493,5,EE,Winter barley,precip_mj2,0.00412668742841023
EC-Earth3,-1.5,-1.3807,6,EE,Winter barley,precip_mj2,0.00380050214166437
EC-Earth3,-0.5,-0.6596,3,EE,Winter barley,precip_mj2,0.0115210465962628
HadGEM3-GC3-1LL,-8.5,-8.3848,12,EE,Winter barley,precip_mj2,0.0243239346194385
HadGEM3-GC3-1LL,-7.5,-7.5599,19,EE,Winter barley,precip_mj2,0.0105715921104226
HadGEM3-GC3-1LL,-6.5,-6.5442,24,EE,Winter barley,precip_mj2,0.0295967594717756
HadGEM3-GC3-1LL,-5.5,-5.5797,10,EE,Winter barley,precip_mj2,0.0246671821042503
HadGEM3-GC3-1LL,-4.5,-4.5263,6,EE,Winter barley,precip_mj2,0.0184338300379907
HadGEM3-GC3-1LL,-3.5,-3.7835,7,EE,Winter barley,precip_mj2,0.0110509892081414
HadGEM3-GC3-1LL,-2.5,-2.4504,6,EE,Winter barley,precip_mj2,-0.0137679026641011
HadGEM3-GC3-1LL,-1.5,-1.3098,8,EE,Winter barley,precip_mj2,-0.0107325181111283
HadGEM3-GC3-1LL,-0.5,-0.331,6,EE,Winter barley,precip_mj2,-0.00561839259605465
HadGEM3-GC3-1MM,-14.5,-14.3032,4,EE,Winter barley,precip_mj2,0.035938696877898
HadGEM3-GC3-1MM,-13.5,-13.3931,8,EE,Winter barley,precip_mj2,0.0403770632713321
HadGEM3-GC3-1MM,-12.5,-12.588,13,EE,Winter barley,precip_mj2,0.0417013624605603
HadGEM3-GC3-1MM,-11.5,-11.5321,21,EE,Winter barley,precip_mj2,0.0375592030642358
HadGEM3-GC3-1MM,-10.5,-10.4803,10,EE,Winter barley,precip_mj2,0.00964568028877977
HadGEM3-GC3-1MM,-9.5,-9.6161,7,EE,Winter barley,precip_mj2,0.043781642753784
HadGEM3-GC3-1MM,-8.5,-8.6582,7,EE,Winter barley,precip_mj2,0.022535228719182
HadGEM3-GC3-1MM,-7.5,-7.6345,8,EE,Winter barley,precip_mj2,-0.00806831267828317
HadGEM3-GC3-1MM,-6.5,-6.4299,4,EE,Winter barley,precip_mj2,0.00406435791660109
HadGEM3-GC3-1MM,-5.5,-5.3528,4,EE,Winter barley,precip_mj2,-0.00203239412769249
HadGEM3-GC3-1MM,-4.5,-4.3969,4,EE,Winter barley,precip_mj2,0.000339579127027511
IPSL-CM6A-LR,-9.5,-9.3401,5,EE,Winter barley,precip_mj2,0.0287671502559196
IPSL-CM6A-LR,-8.5,-8.4598,8,EE,Winter barley,precip_mj2,0.0229836110304637
IPSL-CM6A-LR,-7.5,-7.5255,19,EE,Winter barley,precip_mj2,0.035592662200979
IPSL-CM6A-LR,-6.5,-6.5577,11,EE,Winter barley,precip_mj2,0.0403306532028788
IPSL-CM6A-LR,-5.5,-5.5623,13,EE,Winter barley,precip_mj2,0.0038187282411341
IPSL-CM6A-LR,-4.5,-4.3507,11,EE,Winter barley,precip_mj2,-0.0110597412122462
IPSL-CM6A-LR,-3.5,-3.4644,8,EE,Winter barley,precip_mj2,0.0142217749938052
IPSL-CM6A-LR,-2.5,-2.5669,9,EE,Winter barley,precip_mj2,0.00419540448167088
IPSL-CM6A-LR,-1.5,-1.2909,6,EE,Winter barley,precip_mj2,0.0181733092273928
IPSL-CM6A-LR,-0.5,-0.6347,8,EE,Winter barley,precip_mj2,-0.00659483934569627
EC-Earth3,-9.5,-9.1554,4,EL,Winter barley,precip_mj2,0.00242542552320369
EC-Earth3,-8.5,-8.4726,15,EL,Winter barley,precip_mj2,-0.00140725275672733
EC-Earth3,-7.5,-7.5562,20,EL,Winter barley,precip_mj2,0.00435859828275973
EC-Earth3,-6.5,-6.4767,21,EL,Winter barley,precip_mj2,-0.000996253739195758
EC-Earth3,-5.5,-5.3342,8,EL,Winter barley,precip_mj2,0.000767393712471801
EC-Earth3,-4.5,-4.5495,8,EL,Winter barley,precip_mj2,0.00235847326729408
EC-Earth3,-3.5,-3.3459,9,EL,Winter barley,precip_mj2,0.0024300617910296
EC-Earth3,-2.5,-2.4493,5,EL,Winter barley,precip_mj2,0.00724520615072007
EC-Earth3,-1.5,-1.3807,6,EL,Winter barley,precip_mj2,-0.00118809195387864
EC-Earth3,-0.5,-0.6596,3,EL,Winter barley,precip_mj2,0.0101196431891945
HadGEM3-GC3-1LL,-8.5,-8.3848,12,EL,Winter barley,precip_mj2,0.00267000496314813
HadGEM3-GC3-1LL,-7.5,-7.5599,19,EL,Winter barley,precip_mj2,0.00676999583705645
HadGEM3-GC3-1LL,-6.5,-6.5442,24,EL,Winter barley,precip_mj2,-0.00109055280933239
HadGEM3-GC3-1LL,-5.5,-5.5797,10,EL,Winter barley,precip_mj2,0.00298921060851946
HadGEM3-GC3-1LL,-4.5,-4.5263,6,EL,Winter barley,precip_mj2,0.00416115465495608
HadGEM3-GC3-1LL,-3.5,-3.7835,7,EL,Winter barley,precip_mj2,0.00307423070075909
HadGEM3-GC3-1LL,-2.5,-2.4504,6,EL,Winter barley,precip_mj2,0.000316687479275325
HadGEM3-GC3-1LL,-1.5,-1.3098,8,EL,Winter barley,precip_mj2,0.00319546799553271
HadGEM3-GC3-1LL,-0.5,-0.331,6,EL,Winter barley,precip_mj2,0.00305373717681987
HadGEM3-GC3-1MM,-14.5,-14.3032,4,EL,Winter barley,precip_mj2,0.00797020921415312
HadGEM3-GC3-1MM,-13.5,-13.3931,8,EL,Winter barley,precip_mj2,0.0140570747562918
HadGEM3-GC3-1MM,-12.5,-12.588,13,EL,Winter barley,precip_mj2,0.0138471414557054
HadGEM3-GC3-1MM,-11.5,-11.5321,21,EL,Winter barley,precip_mj2,0.0153682772942144
HadGEM3-GC3-1MM,-10.5,-10.4803,10,EL,Winter barley,precip_mj2,0.0204040325349405
HadGEM3-GC3-1MM,-9.5,-9.6161,7,EL,Winter barley,precip_mj2,0.024700923775405
HadGEM3-GC3-1MM,-8.5,-8.6582,7,EL,Winter barley,precip_mj2,0.0136047628201683
HadGEM3-GC3-1MM,-7.5,-7.6345,8,EL,Winter barley,precip_mj2,0.0114562410012351
HadGEM3-GC3-1MM,-6.5,-6.4299,4,EL,Winter barley,precip_mj2,0.00297685918600804
HadGEM3-GC3-1MM,-5.5,-5.3528,4,EL,Winter barley,precip_mj2,0.0126925770657275
HadGEM3-GC3-1MM,-4.5,-4.3969,4,EL,Winter barley,precip_mj2,-0.0016353876654807
IPSL-CM6A-LR,-9.5,-9.3401,5,EL,Winter barley,precip_mj2,0.00593305129704671
IPSL-CM6A-LR,-8.5,-8.4598,8,EL,Winter barley,precip_mj2,0.0166254871683569
IPSL-CM6A-LR,-7.5,-7.5255,19,EL,Winter barley,precip_mj2,0.0137830871854854
IPSL-CM6A-LR,-6.5,-6.5577,11,EL,Winter barley,precip_mj2,0.010302691187204
IPSL-CM6A-LR,-5.5,-5.5623,13,EL,Winter barley,precip_mj2,0.00975131364186033
IPSL-CM6A-LR,-4.5,-4.3507,11,EL,Winter barley,precip_mj2,0.00146880719751374
IPSL-CM6A-LR,-3.5,-3.4644,8,EL,Winter barley,precip_mj2,0.0124633610059745
IPSL-CM6A-LR,-2.5,-2.5669,9,EL,Winter barley,precip_mj2,0.0123532390289814
IPSL-CM6A-LR,-1.5,-1.2909,6,EL,Winter barley,precip_mj2,-0.00218180624870176
IPSL-CM6A-LR,-0.5,-0.6347,8,EL,Winter barley,precip_mj2,0.0177073640372249
EC-Earth3,-9.5,-9.1554,4,ES,Winter barley,precip_mj2,0.0255741660396283
EC-Earth3,-8.5,-8.4726,15,ES,Winter barley,precip_mj2,0.0181637740166688
EC-Earth3,-7.5,-7.5562,20,ES,Winter barley,precip_mj2,0.0155844185073681
EC-Earth3,-6.5,-6.4767,21,ES,Winter barley,precip_mj2,0.0291067904573519
EC-Earth3,-5.5,-5.3342,8,ES,Winter barley,precip_mj2,0.0323318007995953
EC-Earth3,-4.5,-4.5495,8,ES,Winter barley,precip_mj2,0.0332353250560338
EC-Earth3,-3.5,-3.3459,9,ES,Winter barley,precip_mj2,-0.00254180075834626
EC-Earth3,-2.5,-2.4493,5,ES,Winter barley,precip_mj2,0.0218181669682769
EC-Earth3,-1.5,-1.3807,6,ES,Winter barley,precip_mj2,0.00835705467823822
EC-Earth3,-0.5,-0.6596,3,ES,Winter barley,precip_mj2,0.0266168555018581
HadGEM3-GC3-1LL,-8.5,-8.3848,12,ES,Winter barley,precip_mj2,0.0163279662300219
HadGEM3-GC3-1LL,-7.5,-7.5599,19,ES,Winter barley,precip_mj2,0.0109872726304867
HadGEM3-GC3-1LL,-6.5,-6.5442,24,ES,Winter barley,precip_mj2,0.0105219751398007
HadGEM3-GC3-1LL,-5.5,-5.5797,10,ES,Winter barley,precip_mj2,0.00743395379185944
HadGEM3-GC3-1LL,-4.5,-4.5263,6,ES,Winter barley,precip_mj2,0.0288174784649892
HadGEM3-GC3-1LL,-3.5,-3.7835,7,ES,Winter barley,precip_mj2,0.00783470342302671
HadGEM3-GC3-1LL,-2.5,-2.4504,6,ES,Winter barley,precip_mj2,0.0121639255055215
HadGEM3-GC3-1LL,-1.5,-1.3098,8,ES,Winter barley,precip_mj2,0.0146080596593918
HadGEM3-GC3-1LL,-0.5,-0.331,6,ES,Winter barley,precip_mj2,0.0193501632788007
HadGEM3-GC3-1MM,-14.5,-14.3032,4,ES,Winter barley,precip_mj2,0.0287416716247694
HadGEM3-GC3-1MM,-13.5,-13.3931,8,ES,Winter barley,precip_mj2,0.015318524354291
HadGEM3-GC3-1MM,-12.5,-12.588,13,ES,Winter barley,precip_mj2,0.0272893233372477
HadGEM3-GC3-1MM,-11.5,-11.5321,21,ES,Winter barley,precip_mj2,0.0369331373741701
HadGEM3-GC3-1MM,-10.5,-10.4803,10,ES,Winter barley,precip_mj2,0.0395454994945033
HadGEM3-GC3-1MM,-9.5,-9.6161,7,ES,Winter barley,precip_mj2,0.022895861520944
HadGEM3-GC3-1MM,-8.5,-8.6582,7,ES,Winter barley,precip_mj2,0.0233493785016925
HadGEM3-GC3-1MM,-7.5,-7.6345,8,ES,Winter barley,precip_mj2,0.0361171075917694
HadGEM3-GC3-1MM,-6.5,-6.4299,4,ES,Winter barley,precip_mj2,0.03177300917356
HadGEM3-GC3-1MM,-5.5,-5.3528,4,ES,Winter barley,precip_mj2,0.013717080379759
HadGEM3-GC3-1MM,-4.5,-4.3969,4,ES,Winter barley,precip_mj2,-0.0308434133783017
IPSL-CM6A-LR,-9.5,-9.3401,5,ES,Winter barley,precip_mj2,0.016836789264733
IPSL-CM6A-LR,-8.5,-8.4598,8,ES,Winter barley,precip_mj2,0.0308287001233549
IPSL-CM6A-LR,-7.5,-7.5255,19,ES,Winter barley,precip_mj2,0.0274002481564364
IPSL-CM6A-LR,-6.5,-6.5577,11,ES,Winter barley,precip_mj2,0.0263897659038397
IPSL-CM6A-LR,-5.5,-5.5623,13,ES,Winter barley,precip_mj2,0.0221050836780057
IPSL-CM6A-LR,-4.5,-4.3507,11,ES,Winter barley,precip_mj2,0.0197709803104878
IPSL-CM6A-LR,-3.5,-3.4644,8,ES,Winter barley,precip_mj2,0.026840813424002
IPSL-CM6A-LR,-2.5,-2.5669,9,ES,Winter barley,precip_mj2,-0.00953674008450359
IPSL-CM6A-LR,-1.5,-1.2909,6,ES,Winter barley,precip_mj2,0.0118952844286645
IPSL-CM6A-LR,-0.5,-0.6347,8,ES,Winter barley,precip_mj2,0.0194713092179943
EC-Earth3,-9.5,-9.1554,4,FR,Winter barley,precip_mj2,-0.000628012886672918
EC-Earth3,-8.5,-8.4726,15,FR,Winter barley,precip_mj2,0.0440705316120701
EC-Earth3,-7.5,-7.5562,20,FR,Winter barley,precip_mj2,0.0307044157697703
EC-Earth3,-6.5,-6.4767,21,FR,Winter barley,precip_mj2,0.0503390733239499
EC-Earth3,-5.5,-5.3342,8,FR,Winter barley,precip_mj2,0.0107621441532498
EC-Earth3,-4.5,-4.5495,8,FR,Winter barley,precip_mj2,0.0589619627342936
EC-Earth3,-3.5,-3.3459,9,FR,Winter barley,precip_mj2,0.0248248816460159
EC-Earth3,-2.5,-2.4493,5,FR,Winter barley,precip_mj2,0.0444141888546677
EC-Earth3,-1.5,-1.3807,6,FR,Winter barley,precip_mj2,0.0201709420940324
EC-Earth3,-0.5,-0.6596,3,FR,Winter barley,precip_mj2,0.00179841718750237
HadGEM3-GC3-1LL,-8.5,-8.3848,12,FR,Winter barley,precip_mj2,0.0514101324022662
HadGEM3-GC3-1LL,-7.5,-7.5599,19,FR,Winter barley,precip_mj2,0.0326838855277738
HadGEM3-GC3-1LL,-6.5,-6.5442,24,FR,Winter barley,precip_mj2,0.0380707001609444
HadGEM3-GC3-1LL,-5.5,-5.5797,10,FR,Winter barley,precip_mj2,0.012676293452706
HadGEM3-GC3-1LL,-4.5,-4.5263,6,FR,Winter barley,precip_mj2,0.0757037519133545
HadGEM3-GC3-1LL,-3.5,-3.7835,7,FR,Winter barley,precip_mj2,0.0142331187420349
HadGEM3-GC3-1LL,-2.5,-2.4504,6,FR,Winter barley,precip_mj2,0.0694109580496636
HadGEM3-GC3-1LL,-1.5,-1.3098,8,FR,Winter barley,precip_mj2,-0.00847853583931194
HadGEM3-GC3-1LL,-0.5,-0.331,6,FR,Winter barley,precip_mj2,0.0314713441766103
HadGEM3-GC3-1MM,-14.5,-14.3032,4,FR,Winter barley,precip_mj2,0.0599779761348558
HadGEM3-GC3-1MM,-13.5,-13.3931,8,FR,Winter barley,precip_mj2,0.0566180427716795
HadGEM3-GC3-1MM,-12.5,-12.588,13,FR,Winter barley,precip_mj2,0.0626896962947535
HadGEM3-GC3-1MM,-11.5,-11.5321,21,FR,Winter barley,precip_mj2,0.0815278279715517
HadGEM3-GC3-1MM,-10.5,-10.4803,10,FR,Winter barley,precip_mj2,0.064261248301204
HadGEM3-GC3-1MM,-9.5,-9.6161,7,FR,Winter barley,precip_mj2,0.0291334261844968
HadGEM3-GC3-1MM,-8.5,-8.6582,7,FR,Winter barley,precip_mj2,0.0664355836914929
HadGEM3-GC3-1MM,-7.5,-7.6345,8,FR,Winter barley,precip_mj2,0.0406181180706258
HadGEM3-GC3-1MM,-6.5,-6.4299,4,FR,Winter barley,precip_mj2,0.0444033804183696
HadGEM3-GC3-1MM,-5.5,-5.3528,4,FR,Winter barley,precip_mj2,0.00609970025514569
HadGEM3-GC3-1MM,-4.5,-4.3969,4,FR,Winter barley,precip_mj2,-0.0131651889052075
IPSL-CM6A-LR,-9.5,-9.3401,5,FR,Winter barley,precip_mj2,0.0419254484010424
IPSL-CM6A-LR,-8.5,-8.4598,8,FR,Winter barley,precip_mj2,0.0388802245930036
IPSL-CM6A-LR,-7.5,-7.5255,19,FR,Winter barley,precip_mj2,0.0441403833745873
IPSL-CM6A-LR,-6.5,-6.5577,11,FR,Winter barley,precip_mj2,0.0531378754731028
IPSL-CM6A-LR,-5.5,-5.5623,13,FR,Winter barley,precip_mj2,0.0353972809805816
IPSL-CM6A-LR,-4.5,-4.3507,11,FR,Winter barley,precip_mj2,0.0278613589110113
IPSL-CM6A-LR,-3.5,-3.4644,8,FR,Winter barley,precip_mj2,0.0265591520678223
IPSL-CM6A-LR,-2.5,-2.5669,9,FR,Winter barley,precip_mj2,0.0361572359838752
IPSL-CM6A-LR,-1.5,-1.2909,6,FR,Winter barley,precip_mj2,-0.0130355303728354
IPSL-CM6A-LR,-0.5,-0.6347,8,FR,Winter barley,precip_mj2,0.00465470623846138
EC-Earth3,-9.5,-9.1554,4,HU,Winter barley,precip_mj2,-0.00723811742113252
EC-Earth3,-8.5,-8.4726,15,HU,Winter barley,precip_mj2,-0.00754253306372499
EC-Earth3,-7.5,-7.5562,20,HU,Winter barley,precip_mj2,0.00764384106699522
EC-Earth3,-6.5,-6.4767,21,HU,Winter barley,precip_mj2,0.0240669305194735
EC-Earth3,-5.5,-5.3342,8,HU,Winter barley,precip_mj2,0.0416736862980797
EC-Earth3,-4.5,-4.5495,8,HU,Winter barley,precip_mj2,0.0101831134909875
EC-Earth3,-3.5,-3.3459,9,HU,Winter barley,precip_mj2,-0.00293011802858135
EC-Earth3,-2.5,-2.4493,5,HU,Winter barley,precip_mj2,0.0484964592494253
EC-Earth3,-1.5,-1.3807,6,HU,Winter barley,precip_mj2,-0.0476514088085568
EC-Earth3,-0.5,-0.6596,3,HU,Winter barley,precip_mj2,0.035014320990109
HadGEM3-GC3-1LL,-8.5,-8.3848,12,HU,Winter barley,precip_mj2,0.0284907882507888
HadGEM3-GC3-1LL,-7.5,-7.5599,19,HU,Winter barley,precip_mj2,0.0299956816610815
HadGEM3-GC3-1LL,-6.5,-6.5442,24,HU,Winter barley,precip_mj2,-0.000367172003786072
HadGEM3-GC3-1LL,-5.5,-5.5797,10,HU,Winter barley,precip_mj2,0.0171869639260459
HadGEM3-GC3-1LL,-4.5,-4.5263,6,HU,Winter barley,precip_mj2,-0.0193744914592108
HadGEM3-GC3-1LL,-3.5,-3.7835,7,HU,Winter barley,precip_mj2,-0.00259128821045815
HadGEM3-GC3-1LL,-2.5,-2.4504,6,HU,Winter barley,precip_mj2,0.0249694970504614
HadGEM3-GC3-1LL,-1.5,-1.3098,8,HU,Winter barley,precip_mj2,0.0109484528213248
HadGEM3-GC3-1LL,-0.5,-0.331,6,HU,Winter barley,precip_mj2,-0.0123922301127052
HadGEM3-GC3-1MM,-14.5,-14.3032,4,HU,Winter barley,precip_mj2,0.0635477405826895
HadGEM3-GC3-1MM,-13.5,-13.3931,8,HU,Winter barley,precip_mj2,0.0455510507520521
HadGEM3-GC3-1MM,-12.5,-12.588,13,HU,Winter barley,precip_mj2,0.0452224747103224
HadGEM3-GC3-1MM,-11.5,-11.5321,21,HU,Winter barley,precip_mj2,0.0402824028278893
HadGEM3-GC3-1MM,-10.5,-10.4803,10,HU,Winter barley,precip_mj2,0.0449547857495485
HadGEM3-GC3-1MM,-9.5,-9.6161,7,HU,Winter barley,precip_mj2,0.0450977991877644
HadGEM3-GC3-1MM,-8.5,-8.6582,7,HU,Winter barley,precip_mj2,0.0383554266428928
HadGEM3-GC3-1MM,-7.5,-7.6345,8,HU,Winter barley,precip_mj2,0.019250591537683
HadGEM3-GC3-1MM,-6.5,-6.4299,4,HU,Winter barley,precip_mj2,0.0296366919440184
HadGEM3-GC3-1MM,-5.5,-5.3528,4,HU,Winter barley,precip_mj2,0.0346181642819186
HadGEM3-GC3-1MM,-4.5,-4.3969,4,HU,Winter barley,precip_mj2,0.000111294631057795
IPSL-CM6A-LR,-9.5,-9.3401,5,HU,Winter barley,precip_mj2,0.0397162596427082
IPSL-CM6A-LR,-8.5,-8.4598,8,HU,Winter barley,precip_mj2,0.029454746042554
IPSL-CM6A-LR,-7.5,-7.5255,19,HU,Winter barley,precip_mj2,0.0306103343493167
IPSL-CM6A-LR,-6.5,-6.5577,11,HU,Winter barley,precip_mj2,0.0313188735319992
IPSL-CM6A-LR,-5.5,-5.5623,13,HU,Winter barley,precip_mj2,0.0221303032419842
IPSL-CM6A-LR,-4.5,-4.3507,11,HU,Winter barley,precip_mj2,0.0249603202565491
IPSL-CM6A-LR,-3.5,-3.4644,8,HU,Winter barley,precip_mj2,0.00841770628291046
IPSL-CM6A-LR,-2.5,-2.5669,9,HU,Winter barley,precip_mj2,0.0280429840028837
IPSL-CM6A-LR,-1.5,-1.2909,6,HU,Winter barley,precip_mj2,0.0181723302884576
IPSL-CM6A-LR,-0.5,-0.6347,8,HU,Winter barley,precip_mj2,0.0253799669824691
EC-Earth3,-9.5,-9.1554,4,IT,Winter barley,precip_mj2,0.0289576645972651
EC-Earth3,-8.5,-8.4726,15,IT,Winter barley,precip_mj2,0.034532960443952
EC-Earth3,-7.5,-7.5562,20,IT,Winter barley,precip_mj2,0.0235912691536667
EC-Earth3,-6.5,-6.4767,21,IT,Winter barley,precip_mj2,0.0321046314191291
EC-Earth3,-5.5,-5.3342,8,IT,Winter barley,precip_mj2,0.0550083224185672
EC-Earth3,-4.5,-4.5495,8,IT,Winter barley,precip_mj2,0.0580766733472284
EC-Earth3,-3.5,-3.3459,9,IT,Winter barley,precip_mj2,-0.004933875028328
EC-Earth3,-2.5,-2.4493,5,IT,Winter barley,precip_mj2,0.0569485617597264
EC-Earth3,-1.5,-1.3807,6,IT,Winter barley,precip_mj2,0.0237661522222936
EC-Earth3,-0.5,-0.6596,3,IT,Winter barley,precip_mj2,0.0643479598757054
HadGEM3-GC3-1LL,-8.5,-8.3848,12,IT,Winter barley,precip_mj2,0.0298815280333851
HadGEM3-GC3-1LL,-7.5,-7.5599,19,IT,Winter barley,precip_mj2,0.0346179796499198
HadGEM3-GC3-1LL,-6.5,-6.5442,24,IT,Winter barley,precip_mj2,-0.00153995877597586
HadGEM3-GC3-1LL,-5.5,-5.5797,10,IT,Winter barley,precip_mj2,0.0172406554321053
HadGEM3-GC3-1LL,-4.5,-4.5263,6,IT,Winter barley,precip_mj2,0.0295261102408479
HadGEM3-GC3-1LL,-3.5,-3.7835,7,IT,Winter barley,precip_mj2,0.00999854572330245
HadGEM3-GC3-1LL,-2.5,-2.4504,6,IT,Winter barley,precip_mj2,0.032574036258045
HadGEM3-GC3-1LL,-1.5,-1.3098,8,IT,Winter barley,precip_mj2,0.0173313129890021
HadGEM3-GC3-1LL,-0.5,-0.331,6,IT,Winter barley,precip_mj2,0.0149272976882456
HadGEM3-GC3-1MM,-14.5,-14.3032,4,IT,Winter barley,precip_mj2,0.063534916360245
HadGEM3-GC3-1MM,-13.5,-13.3931,8,IT,Winter barley,precip_mj2,0.0628531292860841
HadGEM3-GC3-1MM,-12.5,-12.588,13,IT,Winter barley,precip_mj2,0.0689386020136919
HadGEM3-GC3-1MM,-11.5,-11.5321,21,IT,Winter barley,precip_mj2,0.0703214668249861
HadGEM3-GC3-1MM,-10.5,-10.4803,10,IT,Winter barley,precip_mj2,0.0785519044539788
HadGEM3-GC3-1MM,-9.5,-9.6161,7,IT,Winter barley,precip_mj2,0.0542668827903659
HadGEM3-GC3-1MM,-8.5,-8.6582,7,IT,Winter barley,precip_mj2,0.0719325830541834
HadGEM3-GC3-1MM,-7.5,-7.6345,8,IT,Winter barley,precip_mj2,0.0753519609181261
HadGEM3-GC3-1MM,-6.5,-6.4299,4,IT,Winter barley,precip_mj2,0.0478181148458592
HadGEM3-GC3-1MM,-5.5,-5.3528,4,IT,Winter barley,precip_mj2,0.0590272293382926
HadGEM3-GC3-1MM,-4.5,-4.3969,4,IT,Winter barley,precip_mj2,0.00721991557586153
IPSL-CM6A-LR,-9.5,-9.3401,5,IT,Winter barley,precip_mj2,0.0406273996405504
IPSL-CM6A-LR,-8.5,-8.4598,8,IT,Winter barley,precip_mj2,0.0510157262940038
IPSL-CM6A-LR,-7.5,-7.5255,19,IT,Winter barley,precip_mj2,0.0560446013531661
IPSL-CM6A-LR,-6.5,-6.5577,11,IT,Winter barley,precip_mj2,0.0639584417672882
IPSL-CM6A-LR,-5.5,-5.5623,13,IT,Winter barley,precip_mj2,0.0425859757056609
IPSL-CM6A-LR,-4.5,-4.3507,11,IT,Winter barley,precip_mj2,0.0361067981397314
IPSL-CM6A-LR,-3.5,-3.4644,8,IT,Winter barley,precip_mj2,0.0381681523607944
IPSL-CM6A-LR,-2.5,-2.5669,9,IT,Winter barley,precip_mj2,0.0260160254588073
IPSL-CM6A-LR,-1.5,-1.2909,6,IT,Winter barley,precip_mj2,0.0280921198667885
IPSL-CM6A-LR,-0.5,-0.6347,8,IT,Winter barley,precip_mj2,0.0488728241818478
EC-Earth3,-9.5,-9.1554,4,LT,Winter barley,precip_mj2,0.0188262794596398
EC-Earth3,-8.5,-8.4726,15,LT,Winter barley,precip_mj2,0.0358236072329517
EC-Earth3,-7.5,-7.5562,20,LT,Winter barley,precip_mj2,0.0343423944324871
EC-Earth3,-6.5,-6.4767,21,LT,Winter barley,precip_mj2,0.0232094485917947
EC-Earth3,-5.5,-5.3342,8,LT,Winter barley,precip_mj2,0.0196456985895074
EC-Earth3,-4.5,-4.5495,8,LT,Winter barley,precip_mj2,0.00861439475480363
EC-Earth3,-3.5,-3.3459,9,LT,Winter barley,precip_mj2,0.0301597338798886
EC-Earth3,-2.5,-2.4493,5,LT,Winter barley,precip_mj2,0.0102252003960111
EC-Earth3,-1.5,-1.3807,6,LT,Winter barley,precip_mj2,0.0199461356807885
EC-Earth3,-0.5,-0.6596,3,LT,Winter barley,precip_mj2,0.0369179668154353
HadGEM3-GC3-1LL,-8.5,-8.3848,12,LT,Winter barley,precip_mj2,0.0369530217088627
HadGEM3-GC3-1LL,-7.5,-7.5599,19,LT,Winter barley,precip_mj2,0.0300676469754895
HadGEM3-GC3-1LL,-6.5,-6.5442,24,LT,Winter barley,precip_mj2,0.0280524598223926
HadGEM3-GC3-1LL,-5.5,-5.5797,10,LT,Winter barley,precip_mj2,0.0373169861593976
HadGEM3-GC3-1LL,-4.5,-4.5263,6,LT,Winter barley,precip_mj2,0.0167288060819527
HadGEM3-GC3-1LL,-3.5,-3.7835,7,LT,Winter barley,precip_mj2,0.0164474712126444
HadGEM3-GC3-1LL,-2.5,-2.4504,6,LT,Winter barley,precip_mj2,0.0147042555678492
HadGEM3-GC3-1LL,-1.5,-1.3098,8,LT,Winter barley,precip_mj2,-0.0102212470372118
HadGEM3-GC3-1LL,-0.5,-0.331,6,LT,Winter barley,precip_mj2,-0.00405353972407923
HadGEM3-GC3-1MM,-14.5,-14.3032,4,LT,Winter barley,precip_mj2,0.03941137435502
HadGEM3-GC3-1MM,-13.5,-13.3931,8,LT,Winter barley,precip_mj2,0.038092472412849
HadGEM3-GC3-1MM,-12.5,-12.588,13,LT,Winter barley,precip_mj2,0.0552093336958824
HadGEM3-GC3-1MM,-11.5,-11.5321,21,LT,Winter barley,precip_mj2,0.0467477352012049
HadGEM3-GC3-1MM,-10.5,-10.4803,10,LT,Winter barley,precip_mj2,0.0282290083488333
HadGEM3-GC3-1MM,-9.5,-9.6161,7,LT,Winter barley,precip_mj2,0.0464769174922342
HadGEM3-GC3-1MM,-8.5,-8.6582,7,LT,Winter barley,precip_mj2,0.029691880165661
HadGEM3-GC3-1MM,-7.5,-7.6345,8,LT,Winter barley,precip_mj2,0.00684040172938839
HadGEM3-GC3-1MM,-6.5,-6.4299,4,LT,Winter barley,precip_mj2,0.0164980851600609
HadGEM3-GC3-1MM,-5.5,-5.3528,4,LT,Winter barley,precip_mj2,0.00135313151012394
HadGEM3-GC3-1MM,-4.5,-4.3969,4,LT,Winter barley,precip_mj2,0.00895249073635868
IPSL-CM6A-LR,-9.5,-9.3401,5,LT,Winter barley,precip_mj2,0.0287847701076264
IPSL-CM6A-LR,-8.5,-8.4598,8,LT,Winter barley,precip_mj2,0.0218566991251829
IPSL-CM6A-LR,-7.5,-7.5255,19,LT,Winter barley,precip_mj2,0.0387106452145395
IPSL-CM6A-LR,-6.5,-6.5577,11,LT,Winter barley,precip_mj2,0.0448068402906708
IPSL-CM6A-LR,-5.5,-5.5623,13,LT,Winter barley,precip_mj2,0.0212333515841254
IPSL-CM6A-LR,-4.5,-4.3507,11,LT,Winter barley,precip_mj2,0.0103447095672735
IPSL-CM6A-LR,-3.5,-3.4644,8,LT,Winter barley,precip_mj2,-0.00684380735903562
IPSL-CM6A-LR,-2.5,-2.5669,9,LT,Winter barley,precip_mj2,-0.00190104589360772
IPSL-CM6A-LR,-1.5,-1.2909,6,LT,Winter barley,precip_mj2,0.0157044174130429
IPSL-CM6A-LR,-0.5,-0.6347,8,LT,Winter barley,precip_mj2,-0.000248531936395908
EC-Earth3,-9.5,-9.1554,4,LV,Winter barley,precip_mj2,0.0207961443823218
EC-Earth3,-8.5,-8.4726,15,LV,Winter barley,precip_mj2,0.034869473771578
EC-Earth3,-7.5,-7.5562,20,LV,Winter barley,precip_mj2,0.0288940644052399
EC-Earth3,-6.5,-6.4767,21,LV,Winter barley,precip_mj2,0.0154809481062466
EC-Earth3,-5.5,-5.3342,8,LV,Winter barley,precip_mj2,0.0243358615374723
EC-Earth3,-4.5,-4.5495,8,LV,Winter barley,precip_mj2,0.012582578031049
EC-Earth3,-3.5,-3.3459,9,LV,Winter barley,precip_mj2,0.0233070161633372
EC-Earth3,-2.5,-2.4493,5,LV,Winter barley,precip_mj2,0.0102492996231415
EC-Earth3,-1.5,-1.3807,6,LV,Winter barley,precip_mj2,0.0144935267899508
EC-Earth3,-0.5,-0.6596,3,LV,Winter barley,precip_mj2,0.0275563365720114
HadGEM3-GC3-1LL,-8.5,-8.3848,12,LV,Winter barley,precip_mj2,0.0371107576990325
HadGEM3-GC3-1LL,-7.5,-7.5599,19,LV,Winter barley,precip_mj2,0.0207078226493927
HadGEM3-GC3-1LL,-6.5,-6.5442,24,LV,Winter barley,precip_mj2,0.024663585775417
HadGEM3-GC3-1LL,-5.5,-5.5797,10,LV,Winter barley,precip_mj2,0.0273692656477873
HadGEM3-GC3-1LL,-4.5,-4.5263,6,LV,Winter barley,precip_mj2,0.0208994724398239
HadGEM3-GC3-1LL,-3.5,-3.7835,7,LV,Winter barley,precip_mj2,0.011221005774861
HadGEM3-GC3-1LL,-2.5,-2.4504,6,LV,Winter barley,precip_mj2,0.00333232099023893
HadGEM3-GC3-1LL,-1.5,-1.3098,8,LV,Winter barley,precip_mj2,-0.0152808310224902
HadGEM3-GC3-1LL,-0.5,-0.331,6,LV,Winter barley,precip_mj2,-0.00218771549069903
HadGEM3-GC3-1MM,-14.5,-14.3032,4,LV,Winter barley,precip_mj2,0.0397809061741549
HadGEM3-GC3-1MM,-13.5,-13.3931,8,LV,Winter barley,precip_mj2,0.0378691929898053
HadGEM3-GC3-1MM,-12.5,-12.588,13,LV,Winter barley,precip_mj2,0.0483885207311312
HadGEM3-GC3-1MM,-11.5,-11.5321,21,LV,Winter barley,precip_mj2,0.042594097403975
HadGEM3-GC3-1MM,-10.5,-10.4803,10,LV,Winter barley,precip_mj2,0.02114539414644
HadGEM3-GC3-1MM,-9.5,-9.6161,7,LV,Winter barley,precip_mj2,0.0418661492834484
HadGEM3-GC3-1MM,-8.5,-8.6582,7,LV,Winter barley,precip_mj2,0.0272489142810086
HadGEM3-GC3-1MM,-7.5,-7.6345,8,LV,Winter barley,precip_mj2,0.00426376427498532
HadGEM3-GC3-1MM,-6.5,-6.4299,4,LV,Winter barley,precip_mj2,0.0110980382901315
HadGEM3-GC3-1MM,-5.5,-5.3528,4,LV,Winter barley,precip_mj2,0.00345882607957767
HadGEM3-GC3-1MM,-4.5,-4.3969,4,LV,Winter barley,precip_mj2,-0.00135837358964639
IPSL-CM6A-LR,-9.5,-9.3401,5,LV,Winter barley,precip_mj2,0.0240506457182086
IPSL-CM6A-LR,-8.5,-8.4598,8,LV,Winter barley,precip_mj2,0.0172434152370186
IPSL-CM6A-LR,-7.5,-7.5255,19,LV,Winter barley,precip_mj2,0.0322589217685113
IPSL-CM6A-LR,-6.5,-6.5577,11,LV,Winter barley,precip_mj2,0.0401158674199095
IPSL-CM6A-LR,-5.5,-5.5623,13,LV,Winter barley,precip_mj2,0.0147618989429108
IPSL-CM6A-LR,-4.5,-4.3507,11,LV,Winter barley,precip_mj2,-0.00184135775591147
IPSL-CM6A-LR,-3.5,-3.4644,8,LV,Winter barley,precip_mj2,0.000267948963626177
IPSL-CM6A-LR,-2.5,-2.5669,9,LV,Winter barley,precip_mj2,-0.0074155079649803
IPSL-CM6A-LR,-1.5,-1.2909,6,LV,Winter barley,precip_mj2,0.00950128830439024
IPSL-CM6A-LR,-0.5,-0.6347,8,LV,Winter barley,precip_mj2,-0.011616344192532
EC-Earth3,-9.5,-9.1554,4,SE,Winter barley,precip_mj2,-0.0244260306060265
EC-Earth3,-8.5,-8.4726,15,SE,Winter barley,precip_mj2,0.027830987869121
EC-Earth3,-7.5,-7.5562,20,SE,Winter barley,precip_mj2,0.0195753009094721
EC-Earth3,-6.5,-6.4767,21,SE,Winter barley,precip_mj2,0.0207083357605007
EC-Earth3,-5.5,-5.3342,8,SE,Winter barley,precip_mj2,-0.00724572368961242
EC-Earth3,-4.5,-4.5495,8,SE,Winter barley,precip_mj2,0.018128834447507
EC-Earth3,-3.5,-3.3459,9,SE,Winter barley,precip_mj2,0.0310721224058325
EC-Earth3,-2.5,-2.4493,5,SE,Winter barley,precip_mj2,0.00465709791992226
EC-Earth3,-1.5,-1.3807,6,SE,Winter barley,precip_mj2,-0.00246199665954377
EC-Earth3,-0.5,-0.6596,3,SE,Winter barley,precip_mj2,-0.0317467631250572
HadGEM3-GC3-1LL,-8.5,-8.3848,12,SE,Winter barley,precip_mj2,0.0440973479521461
HadGEM3-GC3-1LL,-7.5,-7.5599,19,SE,Winter barley,precip_mj2,0.0253314282140051
HadGEM3-GC3-1LL,-6.5,-6.5442,24,SE,Winter barley,precip_mj2,0.0246863906533427
HadGEM3-GC3-1LL,-5.5,-5.5797,10,SE,Winter barley,precip_mj2,0.0332759552253609
HadGEM3-GC3-1LL,-4.5,-4.5263,6,SE,Winter barley,precip_mj2,0.0131288601623656
HadGEM3-GC3-1LL,-3.5,-3.7835,7,SE,Winter barley,precip_mj2,0.0326316989007268
HadGEM3-GC3-1LL,-2.5,-2.4504,6,SE,Winter barley,precip_mj2,0.0306954999228722
HadGEM3-GC3-1LL,-1.5,-1.3098,8,SE,Winter barley,precip_mj2,-0.00177199002264882
HadGEM3-GC3-1LL,-0.5,-0.331,6,SE,Winter barley,precip_mj2,-0.0149607912705677
HadGEM3-GC3-1MM,-14.5,-14.3032,4,SE,Winter barley,precip_mj2,0.0255147213580997
HadGEM3-GC3-1MM,-13.5,-13.3931,8,SE,Winter barley,precip_mj2,0.0544067479200572
HadGEM3-GC3-1MM,-12.5,-12.588,13,SE,Winter barley,precip_mj2,0.0638267247237844
HadGEM3-GC3-1MM,-11.5,-11.5321,21,SE,Winter barley,precip_mj2,0.0536749842563637
HadGEM3-GC3-1MM,-10.5,-10.4803,10,SE,Winter barley,precip_mj2,0.0349185433438902
HadGEM3-GC3-1MM,-9.5,-9.6161,7,SE,Winter barley,precip_mj2,0.0386846082083836
HadGEM3-GC3-1MM,-8.5,-8.6582,7,SE,Winter barley,precip_mj2,0.040048725927096
HadGEM3-GC3-1MM,-7.5,-7.6345,8,SE,Winter barley,precip_mj2,0.00112858317391703
HadGEM3-GC3-1MM,-6.5,-6.4299,4,SE,Winter barley,precip_mj2,0.0214285658235466
HadGEM3-GC3-1MM,-5.5,-5.3528,4,SE,Winter barley,precip_mj2,0.00611132351671858
HadGEM3-GC3-1MM,-4.5,-4.3969,4,SE,Winter barley,precip_mj2,0.0206381065413431
IPSL-CM6A-LR,-9.5,-9.3401,5,SE,Winter barley,precip_mj2,0.0371509354091607
IPSL-CM6A-LR,-8.5,-8.4598,8,SE,Winter barley,precip_mj2,0.0063152535297441
IPSL-CM6A-LR,-7.5,-7.5255,19,SE,Winter barley,precip_mj2,0.0357105010327534
IPSL-CM6A-LR,-6.5,-6.5577,11,SE,Winter barley,precip_mj2,0.0305863696355806
IPSL-CM6A-LR,-5.5,-5.5623,13,SE,Winter barley,precip_mj2,0.0137343240716404
IPSL-CM6A-LR,-4.5,-4.3507,11,SE,Winter barley,precip_mj2,-0.0071203384365153
IPSL-CM6A-LR,-3.5,-3.4644,8,SE,Winter barley,precip_mj2,-0.020615741361966
IPSL-CM6A-LR,-2.5,-2.5669,9,SE,Winter barley,precip_mj2,0.0103700557192764
IPSL-CM6A-LR,-1.5,-1.2909,6,SE,Winter barley,precip_mj2,0.00184237546511779
IPSL-CM6A-LR,-0.5,-0.6347,8,SE,Winter barley,precip_mj2,-0.02753147603796
EC-Earth3,-9.5,-9.1554,4,SK,Winter barley,precip_mj2,-0.0492869948634772
EC-Earth3,-8.5,-8.4726,15,SK,Winter barley,precip_mj2,0.00705367711606859
EC-Earth3,-7.5,-7.5562,20,SK,Winter barley,precip_mj2,0.0142235701980572
EC-Earth3,-6.5,-6.4767,21,SK,Winter barley,precip_mj2,0.0407249740043848
EC-Earth3,-5.5,-5.3342,8,SK,Winter barley,precip_mj2,0.0547519145356089
EC-Earth3,-4.5,-4.5495,8,SK,Winter barley,precip_mj2,0.00296718475635488
EC-Earth3,-3.5,-3.3459,9,SK,Winter barley,precip_mj2,0.0289279363462667
EC-Earth3,-2.5,-2.4493,5,SK,Winter barley,precip_mj2,0.038124051000418
EC-Earth3,-1.5,-1.3807,6,SK,Winter barley,precip_mj2,-0.0477982352671131
EC-Earth3,-0.5,-0.6596,3,SK,Winter barley,precip_mj2,0.0696856912692528
HadGEM3-GC3-1LL,-8.5,-8.3848,12,SK,Winter barley,precip_mj2,0.057908200901839
HadGEM3-GC3-1LL,-7.5,-7.5599,19,SK,Winter barley,precip_mj2,0.040521205407346
HadGEM3-GC3-1LL,-6.5,-6.5442,24,SK,Winter barley,precip_mj2,-0.00867175255898732
HadGEM3-GC3-1LL,-5.5,-5.5797,10,SK,Winter barley,precip_mj2,0.0201330123910758
HadGEM3-GC3-1LL,-4.5,-4.5263,6,SK,Winter barley,precip_mj2,-0.00891495469893146
HadGEM3-GC3-1LL,-3.5,-3.7835,7,SK,Winter barley,precip_mj2,0.0143449803583177
HadGEM3-GC3-1LL,-2.5,-2.4504,6,SK,Winter barley,precip_mj2,0.0419209108927127
HadGEM3-GC3-1LL,-1.5,-1.3098,8,SK,Winter barley,precip_mj2,0.0064419541779251
HadGEM3-GC3-1LL,-0.5,-0.331,6,SK,Winter barley,precip_mj2,-0.0495407711562046
HadGEM3-GC3-1MM,-14.5,-14.3032,4,SK,Winter barley,precip_mj2,0.0687374634031051
HadGEM3-GC3-1MM,-13.5,-13.3931,8,SK,Winter barley,precip_mj2,0.071757853462005
HadGEM3-GC3-1MM,-12.5,-12.588,13,SK,Winter barley,precip_mj2,0.0734904398793337
HadGEM3-GC3-1MM,-11.5,-11.5321,21,SK,Winter barley,precip_mj2,0.0596921889245411
HadGEM3-GC3-1MM,-10.5,-10.4803,10,SK,Winter barley,precip_mj2,0.0671344448415672
HadGEM3-GC3-1MM,-9.5,-9.6161,7,SK,Winter barley,precip_mj2,0.0865064476778075
HadGEM3-GC3-1MM,-8.5,-8.6582,7,SK,Winter barley,precip_mj2,0.0537713204890038
HadGEM3-GC3-1MM,-7.5,-7.6345,8,SK,Winter barley,precip_mj2,0.0414130009070867
HadGEM3-GC3-1MM,-6.5,-6.4299,4,SK,Winter barley,precip_mj2,0.0531385489519261
HadGEM3-GC3-1MM,-5.5,-5.3528,4,SK,Winter barley,precip_mj2,0.057958641038547
HadGEM3-GC3-1MM,-4.5,-4.3969,4,SK,Winter barley,precip_mj2,0.0181804564566582
IPSL-CM6A-LR,-9.5,-9.3401,5,SK,Winter barley,precip_mj2,0.0502282520053
IPSL-CM6A-LR,-8.5,-8.4598,8,SK,Winter barley,precip_mj2,0.0337497226311842
IPSL-CM6A-LR,-7.5,-7.5255,19,SK,Winter barley,precip_mj2,0.0376619678396279
IPSL-CM6A-LR,-6.5,-6.5577,11,SK,Winter barley,precip_mj2,0.0472927528730726
IPSL-CM6A-LR,-5.5,-5.5623,13,SK,Winter barley,precip_mj2,0.0263277645981489
IPSL-CM6A-LR,-4.5,-4.3507,11,SK,Winter barley,precip_mj2,0.0153708616500581
IPSL-CM6A-LR,-3.5,-3.4644,8,SK,Winter barley,precip_mj2,0.000534342986650106
IPSL-CM6A-LR,-2.5,-2.5669,9,SK,Winter barley,precip_mj2,0.0349076438393357
IPSL-CM6A-LR,-1.5,-1.2909,6,SK,Winter barley,precip_mj2,0.0331806664158806
IPSL-CM6A-LR,-0.5,-0.6347,8,SK,Winter barley,precip_mj2,0.00925730657463968
