model,bin_id,delta_sv,n_years,cntr,country_id,component,dln,fuel
EC-Earth3,-9.5,-9.1554,4,AT,AUT,hdd_calendar,0.0352843057764366,Electricity
EC-Earth3,-8.5,-8.4726,15,AT,AUT,hdd_calendar,0.0535137556900617,Electricity
EC-Earth3,-7.5,-7.5562,20,AT,AUT,hdd_calendar,0.0382883738617102,Electricity
EC-Earth3,-6.5,-6.4767,21,AT,AUT,hdd_calendar,0.0281859517414933,Electricity
EC-Earth3,-5.5,-5.3342,8,AT,AUT,hdd_calendar,0.0223686731253785,Electricity
EC-Earth3,-4.5,-4.5495,8,AT,AUT,hdd_calendar,0.0327797290584711,Electricity
EC-Earth3,-3.5,-3.3459,9,AT,AUT,hdd_calendar,0.0271136267728252,Electricity
EC-Earth3,-2.5,-2.4493,5,AT,AUT,hdd_calendar,0.0211605485335078,Electricity
EC-Earth3,-1.5,-1.3807,6,AT,AUT,hdd_calendar,0.00558921874931446,Electricity
EC-Earth3,-0.5,-0.6596,3,AT,AUT,hdd_calendar,-0.00475397464904291,Electricity
HadGEM3-GC3-1LL,-8.5,-8.3848,12,AT,AUT,hdd_calendar,0.0429516352570985,Electricity
HadGEM3-GC3-1LL,-7.5,-7.5599,19,AT,AUT,hdd_calendar,0.0286500487244393,Electricity
HadGEM3-GC3-1LL,-6.5,-6.5442,24,AT,AUT,hdd_calendar,0.0389816490174395,Electricity
HadGEM3-GC3-1LL,-5.5,-5.5797,10,AT,AUT,hdd_calendar,0.0222781276176214,Electricity
HadGEM3-GC3-1LL,-4.5,-4.5263,6,AT,AUT,hdd_calendar,0.0315094080155124,Electricity
HadGEM3-GC3-1LL,-3.5,-3.7835,7,AT,AUT,hdd_calendar,0.0323195275080325,Electricity
HadGEM3-GC3-1LL,-2.5,-2.4504,6,AT,AUT,hdd_calendar,0.020272688136736,Electricity
HadGEM3-GC3-1LL,-1.5,-1.3098,8,AT,AUT,hdd_calendar,0.0112276056850149,Electricity
HadGEM3-GC3-1LL,-0.5,-0.331,6,AT,AUT,hdd_calendar,0.00695260148849199,Electricity
HadGEM3-GC3-1MM,-14.5,-14.3032,4,AT,AUT,hdd_calendar,0.0729620286561282,Electricity
HadGEM3-GC3-1MM,-13.5,-13.3931,8,AT,AUT,hdd_calendar,0.085921126133059,Electricity
HadGEM3-GC3-1MM,-12.5,-12.588,13,AT,AUT,hdd_calendar,0.0768248811826156,Electricity
HadGEM3-GC3-1MM,-11.5,-11.5321,21,AT,AUT,hdd_calendar,0.0724693589553164,Electricity
HadGEM3-GC3-1MM,-10.5,-10.4803,10,AT,AUT,hdd_calendar,0.0697814173330046,Electricity
HadGEM3-GC3-1MM,-9.5,-9.6161,7,AT,AUT,hdd_calendar,0.047014906854173,Electricity
HadGEM3-GC3-1MM,-8.5,-8.6582,7,AT,AUT,hdd_calendar,0.0404286437672796,Electricity
HadGEM3-GC3-1MM,-7.5,-7.6345,8,AT,AUT,hdd_calendar,0.0387695995646292,Electricity
HadGEM3-GC3-1MM,-6.5,-6.4299,4,AT,AUT,hdd_calendar,0.0293346010935013,Electricity
HadGEM3-GC3-1MM,-5.5,-5.3528,4,AT,AUT,hdd_calendar,0.0195765053854508,Electricity
HadGEM3-GC3-1MM,-4.5,-4.3969,4,AT,AUT,hdd_calendar,0.0139056502993772,Electricity
IPSL-CM6A-LR,-9.5,-9.3401,5,AT,AUT,hdd_calendar,0.057533413353799,Electricity
IPSL-CM6A-LR,-8.5,-8.4598,8,AT,AUT,hdd_calendar,0.0544607371964682,Electricity
IPSL-CM6A-LR,-7.5,-7.5255,19,AT,AUT,hdd_calendar,0.0411795862348658,Electricity
IPSL-CM6A-LR,-6.5,-6.5577,11,AT,AUT,hdd_calendar,0.0504751319499133,Electricity
IPSL-CM6A-LR,-5.5,-5.5623,13,AT,AUT,hdd_calendar,0.0299860329670333,Electricity
IPSL-CM6A-LR,-4.5,-4.3507,11,AT,AUT,hdd_calendar,0.0159208935960469,Electricity
IPSL-CM6A-LR,-3.5,-3.4644,8,AT,AUT,hdd_calendar,0.0202529686745691,Electricity
IPSL-CM6A-LR,-2.5,-2.5669,9,AT,AUT,hdd_calendar,0.00813606743343747,Electricity
IPSL-CM6A-LR,-1.5,-1.2909,6,AT,AUT,hdd_calendar,0.0219488237824932,Electricity
IPSL-CM6A-LR,-0.5,-0.6347,8,AT,AUT,hdd_calendar,-0.00206357275356847,Electricity
EC-Earth3,-9.5,-9.1554,4,BE,BEL,hdd_calendar,0.0434644903809035,Electricity
EC-Earth3,-8.5,-8.4726,15,BE,BEL,hdd_calendar,0.0630395046917103,Electricity
EC-Earth3,-7.5,-7.5562,20,BE,BEL,hdd_calendar,0.042981959987671,Electricity
EC-Earth3,-6.5,-6.4767,21,BE,BEL,hdd_calendar,0.0337599056141397,Electricity
EC-Earth3,-5.5,-5.3342,8,BE,BEL,hdd_calendar,0.0273521800774327,Electricity
EC-Earth3,-4.5,-4.5495,8,BE,BEL,hdd_calendar,0.0425601163324493,Electricity
EC-Earth3,-3.5,-3.3459,9,BE,BEL,hdd_calendar,0.0313886309693481,Electricity
EC-Earth3,-2.5,-2.4493,5,BE,BEL,hdd_calendar,0.0192653181072473,Electricity
EC-Earth3,-1.5,-1.3807,6,BE,BEL,hdd_calendar,0.00666523412772644,Electricity
EC-Earth3,-0.5,-0.6596,3,BE,BEL,hdd_calendar,0.00749242642492037,Electricity
HadGEM3-GC3-1LL,-8.5,-8.3848,12,BE,BEL,hdd_calendar,0.0424303369231219,Electricity
HadGEM3-GC3-1LL,-7.5,-7.5599,19,BE,BEL,hdd_calendar,0.0375156430658885,Electricity
HadGEM3-GC3-1LL,-6.5,-6.5442,24,BE,BEL,hdd_calendar,0.0391153984130067,Electricity
HadGEM3-GC3-1LL,-5.5,-5.5797,10,BE,BEL,hdd_calendar,0.0303175361372613,Electricity
HadGEM3-GC3-1LL,-4.5,-4.5263,6,BE,BEL,hdd_calendar,0.0281347146890387,Electricity
HadGEM3-GC3-1LL,-3.5,-3.7835,7,BE,BEL,hdd_calendar,0.0388726141840968,Electricity
HadGEM3-GC3-1LL,-2.5,-2.4504,6,BE,BEL,hdd_calendar,0.0232204681541985,Electricity
HadGEM3-GC3-1LL,-1.5,-1.3098,8,BE,BEL,hdd_calendar,0.0132285905804013,Electricity
HadGEM3-GC3-1LL,-0.5,-0.331,6,BE,BEL,hdd_calendar,0.0035785791456081,Electricity
HadGEM3-GC3-1MM,-14.5,-14.3032,4,BE,BEL,hdd_calendar,0.101596607481136,Electricity
HadGEM3-GC3-1MM,-13.5,-13.3931,8,BE,BEL,hdd_calendar,0.108645122346103,Electricity
HadGEM3-GC3-1MM,-12.5,-12.588,13,BE,BEL,hdd_calendar,0.100246979905549,Electricity
HadGEM3-GC3-1MM,-11.5,-11.5321,21,BE,BEL,hdd_calendar,0.0961129381781839,Electricity
HadGEM3-GC3-1MM,-10.5,-10.4803,10,BE,BEL,hdd_calendar,0.0768463899343553,Electricity
HadGEM3-GC3-1MM,-9.5,-9.6161,7,BE,BEL,hdd_calendar,0.0635175432225778,Electricity
HadGEM3-GC3-1MM,-8.5,-8.6582,7,BE,BEL,hdd_calendar,0.0544503183123933,Electricity
HadGEM3-GC3-1MM,-7.5,-7.6345,8,BE,BEL,hdd_calendar,0.0486360777608657,Electricity
HadGEM3-GC3-1MM,-6.5,-6.4299,4,BE,BEL,hdd_calendar,0.0353482728786643,Electricity
HadGEM3-GC3-1MM,-5.5,-5.3528,4,BE,BEL,hdd_calendar,0.0284685663018311,Electricity
HadGEM3-GC3-1MM,-4.5,-4.3969,4,BE,BEL,hdd_calendar,0.0210204247938376,Electricity
IPSL-CM6A-LR,-9.5,-9.3401,5,BE,BEL,hdd_calendar,0.0800088287852552,Electricity
IPSL-CM6A-LR,-8.5,-8.4598,8,BE,BEL,hdd_calendar,0.0871145636396863,Electricity
IPSL-CM6A-LR,-7.5,-7.5255,19,BE,BEL,hdd_calendar,0.0647068989123671,Electricity
IPSL-CM6A-LR,-6.5,-6.5577,11,BE,BEL,hdd_calendar,0.0733166993986375,Electricity
IPSL-CM6A-LR,-5.5,-5.5623,13,BE,BEL,hdd_calendar,0.0463253780234867,Electricity
IPSL-CM6A-LR,-4.5,-4.3507,11,BE,BEL,hdd_calendar,0.0279792887958344,Electricity
IPSL-CM6A-LR,-3.5,-3.4644,8,BE,BEL,hdd_calendar,0.0369296693692282,Electricity
IPSL-CM6A-LR,-2.5,-2.5669,9,BE,BEL,hdd_calendar,0.0147047917548308,Electricity
IPSL-CM6A-LR,-1.5,-1.2909,6,BE,BEL,hdd_calendar,0.0247600586394311,Electricity
IPSL-CM6A-LR,-0.5,-0.6347,8,BE,BEL,hdd_calendar,0.00419247321497734,Electricity
EC-Earth3,-9.5,-9.1554,4,BG,BGR,hdd_calendar,0.020084961839056,Electricity
EC-Earth3,-8.5,-8.4726,15,BG,BGR,hdd_calendar,0.0419534912519696,Electricity
EC-Earth3,-7.5,-7.5562,20,BG,BGR,hdd_calendar,0.0299125975408161,Electricity
EC-Earth3,-6.5,-6.4767,21,BG,BGR,hdd_calendar,0.0226062758699004,Electricity
EC-Earth3,-5.5,-5.3342,8,BG,BGR,hdd_calendar,0.0224869712599471,Electricity
EC-Earth3,-4.5,-4.5495,8,BG,BGR,hdd_calendar,0.0225959501779907,Electricity
EC-Earth3,-3.5,-3.3459,9,BG,BGR,hdd_calendar,0.0275629993936617,Electricity
EC-Earth3,-2.5,-2.4493,5,BG,BGR,hdd_calendar,0.0255184005649382,Electricity
EC-Earth3,-1.5,-1.3807,6,BG,BGR,hdd_calendar,0.00691392673991315,Electricity
EC-Earth3,-0.5,-0.6596,3,BG,BGR,hdd_calendar,-0.00986830476267534,Electricity
HadGEM3-GC3-1LL,-8.5,-8.3848,12,BG,BGR,hdd_calendar,0.0339424317889988,Electricity
HadGEM3-GC3-1LL,-7.5,-7.5599,19,BG,BGR,hdd_calendar,0.0223217042740924,Electricity
HadGEM3-GC3-1LL,-6.5,-6.5442,24,BG,BGR,hdd_calendar,0.0285275755808675,Electricity
HadGEM3-GC3-1LL,-5.5,-5.5797,10,BG,BGR,hdd_calendar,0.0139253883999772,Electricity
HadGEM3-GC3-1LL,-4.5,-4.5263,6,BG,BGR,hdd_calendar,0.0308160955829169,Electricity
HadGEM3-GC3-1LL,-3.5,-3.7835,7,BG,BGR,hdd_calendar,0.0241323348527387,Electricity
HadGEM3-GC3-1LL,-2.5,-2.4504,6,BG,BGR,hdd_calendar,0.0144165670261449,Electricity
HadGEM3-GC3-1LL,-1.5,-1.3098,8,BG,BGR,hdd_calendar,0.00474504683961194,Electricity
HadGEM3-GC3-1LL,-0.5,-0.331,6,BG,BGR,hdd_calendar,0.00484640263853807,Electricity
HadGEM3-GC3-1MM,-14.5,-14.3032,4,BG,BGR,hdd_calendar,0.0621747932287866,Electricity
HadGEM3-GC3-1MM,-13.5,-13.3931,8,BG,BGR,hdd_calendar,0.0749324651597456,Electricity
HadGEM3-GC3-1MM,-12.5,-12.588,13,BG,BGR,hdd_calendar,0.0593630364957234,Electricity
HadGEM3-GC3-1MM,-11.5,-11.5321,21,BG,BGR,hdd_calendar,0.0614929247940839,Electricity
HadGEM3-GC3-1MM,-10.5,-10.4803,10,BG,BGR,hdd_calendar,0.0611477969292963,Electricity
HadGEM3-GC3-1MM,-9.5,-9.6161,7,BG,BGR,hdd_calendar,0.0418634489819049,Electricity
HadGEM3-GC3-1MM,-8.5,-8.6582,7,BG,BGR,hdd_calendar,0.0376275109410548,Electricity
HadGEM3-GC3-1MM,-7.5,-7.6345,8,BG,BGR,hdd_calendar,0.0391174486406422,Electricity
HadGEM3-GC3-1MM,-6.5,-6.4299,4,BG,BGR,hdd_calendar,0.0185116544284358,Electricity
HadGEM3-GC3-1MM,-5.5,-5.3528,4,BG,BGR,hdd_calendar,0.0197138519985966,Electricity
HadGEM3-GC3-1MM,-4.5,-4.3969,4,BG,BGR,hdd_calendar,0.0195448200492657,Electricity
IPSL-CM6A-LR,-9.5,-9.3401,5,BG,BGR,hdd_calendar,0.04670763364691,Electricity
IPSL-CM6A-LR,-8.5,-8.4598,8,BG,BGR,hdd_calendar,0.0334034269436246,Electricity
IPSL-CM6A-LR,-7.5,-7.5255,19,BG,BGR,hdd_calendar,0.0309385500880557,Electricity
IPSL-CM6A-LR,-6.5,-6.5577,11,BG,BGR,hdd_calendar,0.0394463051533771,Electricity
IPSL-CM6A-LR,-5.5,-5.5623,13,BG,BGR,hdd_calendar,0.0158808023265563,Electricity
IPSL-CM6A-LR,-4.5,-4.3507,11,BG,BGR,hdd_calendar,0.0103916906011536,Electricity
IPSL-CM6A-LR,-3.5,-3.4644,8,BG,BGR,hdd_calendar,0.011298021685078,Electricity
IPSL-CM6A-LR,-2.5,-2.5669,9,BG,BGR,hdd_calendar,0.0054547424548584,Electricity
IPSL-CM6A-LR,-1.5,-1.2909,6,BG,BGR,hdd_calendar,0.0107757355141497,Electricity
IPSL-CM6A-LR,-0.5,-0.6347,8,BG,BGR,hdd_calendar,0.000119677378614318,Electricity
EC-Earth3,-9.5,-9.1554,4,CY,CYP,hdd_calendar,0.011782229537285,Electricity
EC-Earth3,-8.5,-8.4726,15,CY,CYP,hdd_calendar,0.0176723285113263,Electricity
EC-Earth3,-7.5,-7.5562,20,CY,CYP,hdd_calendar,0.0131053346226414,Electricity
EC-Earth3,-6.5,-6.4767,21,CY,CYP,hdd_calendar,0.0146086360787256,Electricity
EC-Earth3,-5.5,-5.3342,8,CY,CYP,hdd_calendar,0.0143056683494972,Electricity
EC-Earth3,-4.5,-4.5495,8,CY,CYP,hdd_calendar,0.0118119578379998,Electricity
EC-Earth3,-3.5,-3.3459,9,CY,CYP,hdd_calendar,0.010759818292325,Electricity
EC-Earth3,-2.5,-2.4493,5,CY,CYP,hdd_calendar,0.0095213130545827,Electricity
EC-Earth3,-1.5,-1.3807,6,CY,CYP,hdd_calendar,0.00279794565417318,Electricity
EC-Earth3,-0.5,-0.6596,3,CY,CYP,hdd_calendar,-0.00147346132477109,Electricity
HadGEM3-GC3-1LL,-8.5,-8.3848,12,CY,CYP,hdd_calendar,0.0163547217637197,Electricity
HadGEM3-GC3-1LL,-7.5,-7.5599,19,CY,CYP,hdd_calendar,0.0162169464666138,Electricity
HadGEM3-GC3-1LL,-6.5,-6.5442,24,CY,CYP,hdd_calendar,0.0145739685932525,Electricity
HadGEM3-GC3-1LL,-5.5,-5.5797,10,CY,CYP,hdd_calendar,0.0092106476525046,Electricity
HadGEM3-GC3-1LL,-4.5,-4.5263,6,CY,CYP,hdd_calendar,0.0144573292792254,Electricity
HadGEM3-GC3-1LL,-3.5,-3.7835,7,CY,CYP,hdd_calendar,0.013690693251011,Electricity
HadGEM3-GC3-1LL,-2.5,-2.4504,6,CY,CYP,hdd_calendar,0.0101740868952943,Electricity
HadGEM3-GC3-1LL,-1.5,-1.3098,8,CY,CYP,hdd_calendar,0.00164176637521297,Electricity
HadGEM3-GC3-1LL,-0.5,-0.331,6,CY,CYP,hdd_calendar,0.00290985080620564,Electricity
HadGEM3-GC3-1MM,-14.5,-14.3032,4,CY,CYP,hdd_calendar,0.0370214077367005,Electricity
HadGEM3-GC3-1MM,-13.5,-13.3931,8,CY,CYP,hdd_calendar,0.0380635384438275,Electricity
HadGEM3-GC3-1MM,-12.5,-12.588,13,CY,CYP,hdd_calendar,0.0328020765396981,Electricity
HadGEM3-GC3-1MM,-11.5,-11.5321,21,CY,CYP,hdd_calendar,0.0311552032338294,Electricity
HadGEM3-GC3-1MM,-10.5,-10.4803,10,CY,CYP,hdd_calendar,0.030280892977885,Electricity
HadGEM3-GC3-1MM,-9.5,-9.6161,7,CY,CYP,hdd_calendar,0.0252403896975637,Electricity
HadGEM3-GC3-1MM,-8.5,-8.6582,7,CY,CYP,hdd_calendar,0.018573161257501,Electricity
HadGEM3-GC3-1MM,-7.5,-7.6345,8,CY,CYP,hdd_calendar,0.0231162979518818,Electricity
HadGEM3-GC3-1MM,-6.5,-6.4299,4,CY,CYP,hdd_calendar,0.00944392628055893,Electricity
HadGEM3-GC3-1MM,-5.5,-5.3528,4,CY,CYP,hdd_calendar,0.00709287433562661,Electricity
HadGEM3-GC3-1MM,-4.5,-4.3969,4,CY,CYP,hdd_calendar,0.00526686704971397,Electricity
IPSL-CM6A-LR,-9.5,-9.3401,5,CY,CYP,hdd_calendar,0.0194531003202265,Electricity
IPSL-CM6A-LR,-8.5,-8.4598,8,CY,CYP,hdd_calendar,0.0183518298650317,Electricity
IPSL-CM6A-LR,-7.5,-7.5255,19,CY,CYP,hdd_calendar,0.0164177010289958,Electricity
IPSL-CM6A-LR,-6.5,-6.5577,11,CY,CYP,hdd_calendar,0.0201266000984898,Electricity
IPSL-CM6A-LR,-5.5,-5.5623,13,CY,CYP,hdd_calendar,0.00870498696385696,Electricity
IPSL-CM6A-LR,-4.5,-4.3507,11,CY,CYP,hdd_calendar,0.00763763845681324,Electricity
IPSL-CM6A-LR,-3.5,-3.4644,8,CY,CYP,hdd_calendar,0.00511639897970098,Electricity
IPSL-CM6A-LR,-2.5,-2.5669,9,CY,CYP,hdd_calendar,0.0044840901384783,Electricity
IPSL-CM6A-LR,-1.5,-1.2909,6,CY,CYP,hdd_calendar,0.00335219673778229,Electricity
IPSL-CM6A-LR,-0.5,-0.6347,8,CY,CYP,hdd_calendar,0.000732769995362407,Electricity
EC-Earth3,-9.5,-9.1554,4,CZ,CZE,hdd_calendar,0.0367476091551954,Electricity
EC-Earth3,-8.5,-8.4726,15,CZ,CZE,hdd_calendar,0.0617684008345635,Electricity
EC-Earth3,-7.5,-7.5562,20,CZ,CZE,hdd_calendar,0.0430431126865081,Electricity
EC-Earth3,-6.5,-6.4767,21,CZ,CZE,hdd_calendar,0.0292673722654898,Electricity
EC-Earth3,-5.5,-5.3342,8,CZ,CZE,hdd_calendar,0.0256769390764618,Electricity
EC-Earth3,-4.5,-4.5495,8,CZ,CZE,hdd_calendar,0.0361349638608405,Electricity
EC-Earth3,-3.5,-3.3459,9,CZ,CZE,hdd_calendar,0.0313197246823621,Electricity
EC-Earth3,-2.5,-2.4493,5,CZ,CZE,hdd_calendar,0.0234611276017406,Electricity
EC-Earth3,-1.5,-1.3807,6,CZ,CZE,hdd_calendar,0.00606891610072339,Electricity
EC-Earth3,-0.5,-0.6596,3,CZ,CZE,hdd_calendar,-0.00514925853716821,Electricity
HadGEM3-GC3-1LL,-8.5,-8.3848,12,CZ,CZE,hdd_calendar,0.0429482803391495,Electricity
HadGEM3-GC3-1LL,-7.5,-7.5599,19,CZ,CZE,hdd_calendar,0.0277020793810811,Electricity
HadGEM3-GC3-1LL,-6.5,-6.5442,24,CZ,CZE,hdd_calendar,0.0393212412676113,Electricity
HadGEM3-GC3-1LL,-5.5,-5.5797,10,CZ,CZE,hdd_calendar,0.0264060373005134,Electricity
HadGEM3-GC3-1LL,-4.5,-4.5263,6,CZ,CZE,hdd_calendar,0.0299789317240412,Electricity
HadGEM3-GC3-1LL,-3.5,-3.7835,7,CZ,CZE,hdd_calendar,0.0349778899370939,Electricity
HadGEM3-GC3-1LL,-2.5,-2.4504,6,CZ,CZE,hdd_calendar,0.0179259230314052,Electricity
HadGEM3-GC3-1LL,-1.5,-1.3098,8,CZ,CZE,hdd_calendar,0.0100496194393862,Electricity
HadGEM3-GC3-1LL,-0.5,-0.331,6,CZ,CZE,hdd_calendar,0.00390613096802954,Electricity
HadGEM3-GC3-1MM,-14.5,-14.3032,4,CZ,CZE,hdd_calendar,0.0818363271458117,Electricity
HadGEM3-GC3-1MM,-13.5,-13.3931,8,CZ,CZE,hdd_calendar,0.101630846282649,Electricity
HadGEM3-GC3-1MM,-12.5,-12.588,13,CZ,CZE,hdd_calendar,0.0884905086827395,Electricity
HadGEM3-GC3-1MM,-11.5,-11.5321,21,CZ,CZE,hdd_calendar,0.083369431456343,Electricity
HadGEM3-GC3-1MM,-10.5,-10.4803,10,CZ,CZE,hdd_calendar,0.0784785575165475,Electricity
HadGEM3-GC3-1MM,-9.5,-9.6161,7,CZ,CZE,hdd_calendar,0.051474692475954,Electricity
HadGEM3-GC3-1MM,-8.5,-8.6582,7,CZ,CZE,hdd_calendar,0.0506973207103029,Electricity
HadGEM3-GC3-1MM,-7.5,-7.6345,8,CZ,CZE,hdd_calendar,0.0432530932732499,Electricity
HadGEM3-GC3-1MM,-6.5,-6.4299,4,CZ,CZE,hdd_calendar,0.0322595863073435,Electricity
HadGEM3-GC3-1MM,-5.5,-5.3528,4,CZ,CZE,hdd_calendar,0.0214355958900273,Electricity
HadGEM3-GC3-1MM,-4.5,-4.3969,4,CZ,CZE,hdd_calendar,0.0235899564509825,Electricity
IPSL-CM6A-LR,-9.5,-9.3401,5,CZ,CZE,hdd_calendar,0.0658582135603012,Electricity
IPSL-CM6A-LR,-8.5,-8.4598,8,CZ,CZE,hdd_calendar,0.0644106596574697,Electricity
IPSL-CM6A-LR,-7.5,-7.5255,19,CZ,CZE,hdd_calendar,0.0493109008678755,Electricity
IPSL-CM6A-LR,-6.5,-6.5577,11,CZ,CZE,hdd_calendar,0.058234740312606,Electricity
IPSL-CM6A-LR,-5.5,-5.5623,13,CZ,CZE,hdd_calendar,0.0354957028840901,Electricity
IPSL-CM6A-LR,-4.5,-4.3507,11,CZ,CZE,hdd_calendar,0.0180845733735271,Electricity
IPSL-CM6A-LR,-3.5,-3.4644,8,CZ,CZE,hdd_calendar,0.0249277858984484,Electricity
IPSL-CM6A-LR,-2.5,-2.5669,9,CZ,CZE,hdd_calendar,0.0114016140959701,Electricity
IPSL-CM6A-LR,-1.5,-1.2909,6,CZ,CZE,hdd_calendar,0.021850394217556,Electricity
IPSL-CM6A-LR,-0.5,-0.6347,8,CZ,CZE,hdd_calendar,-0.000531586749020253,Electricity
EC-Earth3,-9.5,-9.1554,4,DE,DEU,hdd_calendar,0.0398398370287957,Electricity
EC-Earth3,-8.5,-8.4726,15,DE,DEU,hdd_calendar,0.0614152025282652,Electricity
EC-Earth3,-7.5,-7.5562,20,DE,DEU,hdd_calendar,0.0416177012421401,Electricity
EC-Earth3,-6.5,-6.4767,21,DE,DEU,hdd_calendar,0.0300379596415107,Electricity
EC-Earth3,-5.5,-5.3342,8,DE,DEU,hdd_calendar,0.0241793968961901,Electricity
EC-Earth3,-4.5,-4.5495,8,DE,DEU,hdd_calendar,0.0387739236810968,Electricity
EC-Earth3,-3.5,-3.3459,9,DE,DEU,hdd_calendar,0.0325490784494768,Electricity
EC-Earth3,-2.5,-2.4493,5,DE,DEU,hdd_calendar,0.0195676894066181,Electricity
EC-Earth3,-1.5,-1.3807,6,DE,DEU,hdd_calendar,0.00630922141803758,Electricity
EC-Earth3,-0.5,-0.6596,3,DE,DEU,hdd_calendar,0.00139618638134561,Electricity
HadGEM3-GC3-1LL,-8.5,-8.3848,12,DE,DEU,hdd_calendar,0.0404665916169695,Electricity
HadGEM3-GC3-1LL,-7.5,-7.5599,19,DE,DEU,hdd_calendar,0.0312246127585077,Electricity
HadGEM3-GC3-1LL,-6.5,-6.5442,24,DE,DEU,hdd_calendar,0.0385543443013343,Electricity
HadGEM3-GC3-1LL,-5.5,-5.5797,10,DE,DEU,hdd_calendar,0.0266229886612159,Electricity
HadGEM3-GC3-1LL,-4.5,-4.5263,6,DE,DEU,hdd_calendar,0.0283321143334717,Electricity
HadGEM3-GC3-1LL,-3.5,-3.7835,7,DE,DEU,hdd_calendar,0.0348696379179392,Electricity
HadGEM3-GC3-1LL,-2.5,-2.4504,6,DE,DEU,hdd_calendar,0.0193983406039255,Electricity
HadGEM3-GC3-1LL,-1.5,-1.3098,8,DE,DEU,hdd_calendar,0.0108157895067742,Electricity
HadGEM3-GC3-1LL,-0.5,-0.331,6,DE,DEU,hdd_calendar,0.00409596340864422,Electricity
HadGEM3-GC3-1MM,-14.5,-14.3032,4,DE,DEU,hdd_calendar,0.0902897698172253,Electricity
HadGEM3-GC3-1MM,-13.5,-13.3931,8,DE,DEU,hdd_calendar,0.105091425508617,Electricity
HadGEM3-GC3-1MM,-12.5,-12.588,13,DE,DEU,hdd_calendar,0.0941272740747646,Electricity
HadGEM3-GC3-1MM,-11.5,-11.5321,21,DE,DEU,hdd_calendar,0.0896949801417324,Electricity
HadGEM3-GC3-1MM,-10.5,-10.4803,10,DE,DEU,hdd_calendar,0.0757423982679352,Electricity
HadGEM3-GC3-1MM,-9.5,-9.6161,7,DE,DEU,hdd_calendar,0.0567686411688897,Electricity
HadGEM3-GC3-1MM,-8.5,-8.6582,7,DE,DEU,hdd_calendar,0.0509233117110346,Electricity
HadGEM3-GC3-1MM,-7.5,-7.6345,8,DE,DEU,hdd_calendar,0.0458858464953006,Electricity
HadGEM3-GC3-1MM,-6.5,-6.4299,4,DE,DEU,hdd_calendar,0.0338040041467361,Electricity
HadGEM3-GC3-1MM,-5.5,-5.3528,4,DE,DEU,hdd_calendar,0.0242324045997844,Electricity
HadGEM3-GC3-1MM,-4.5,-4.3969,4,DE,DEU,hdd_calendar,0.0217948516870668,Electricity
IPSL-CM6A-LR,-9.5,-9.3401,5,DE,DEU,hdd_calendar,0.0732632070957838,Electricity
IPSL-CM6A-LR,-8.5,-8.4598,8,DE,DEU,hdd_calendar,0.0748310907223864,Electricity
IPSL-CM6A-LR,-7.5,-7.5255,19,DE,DEU,hdd_calendar,0.0573269554309037,Electricity
IPSL-CM6A-LR,-6.5,-6.5577,11,DE,DEU,hdd_calendar,0.0677498094921169,Electricity
IPSL-CM6A-LR,-5.5,-5.5623,13,DE,DEU,hdd_calendar,0.0398789963766338,Electricity
IPSL-CM6A-LR,-4.5,-4.3507,11,DE,DEU,hdd_calendar,0.0217758218469227,Electricity
IPSL-CM6A-LR,-3.5,-3.4644,8,DE,DEU,hdd_calendar,0.0311299108801805,Electricity
IPSL-CM6A-LR,-2.5,-2.5669,9,DE,DEU,hdd_calendar,0.0117176473667666,Electricity
IPSL-CM6A-LR,-1.5,-1.2909,6,DE,DEU,hdd_calendar,0.0238071314728816,Electricity
IPSL-CM6A-LR,-0.5,-0.6347,8,DE,DEU,hdd_calendar,0.001591871289938,Electricity
EC-Earth3,-9.5,-9.1554,4,DK,DNK,hdd_calendar,0.0433974852140886,Electricity
EC-Earth3,-8.5,-8.4726,15,DK,DNK,hdd_calendar,0.063615954149082,Electricity
EC-Earth3,-7.5,-7.5562,20,DK,DNK,hdd_calendar,0.0469469884041387,Electricity
EC-Earth3,-6.5,-6.4767,21,DK,DNK,hdd_calendar,0.0310885894741085,Electricity
EC-Earth3,-5.5,-5.3342,8,DK,DNK,hdd_calendar,0.0276454930983412,Electricity
EC-Earth3,-4.5,-4.5495,8,DK,DNK,hdd_calendar,0.0454862198522746,Electricity
EC-Earth3,-3.5,-3.3459,9,DK,DNK,hdd_calendar,0.0447481192650599,Electricity
EC-Earth3,-2.5,-2.4493,5,DK,DNK,hdd_calendar,0.037835758153523,Electricity
EC-Earth3,-1.5,-1.3807,6,DK,DNK,hdd_calendar,0.0123132571333138,Electricity
EC-Earth3,-0.5,-0.6596,3,DK,DNK,hdd_calendar,0.00860208417498767,Electricity
HadGEM3-GC3-1LL,-8.5,-8.3848,12,DK,DNK,hdd_calendar,0.044871058369458,Electricity
HadGEM3-GC3-1LL,-7.5,-7.5599,19,DK,DNK,hdd_calendar,0.0350008897634776,Electricity
HadGEM3-GC3-1LL,-6.5,-6.5442,24,DK,DNK,hdd_calendar,0.0439392112706881,Electricity
HadGEM3-GC3-1LL,-5.5,-5.5797,10,DK,DNK,hdd_calendar,0.0313028382620188,Electricity
HadGEM3-GC3-1LL,-4.5,-4.5263,6,DK,DNK,hdd_calendar,0.0271996804182172,Electricity
HadGEM3-GC3-1LL,-3.5,-3.7835,7,DK,DNK,hdd_calendar,0.0377328180877876,Electricity
HadGEM3-GC3-1LL,-2.5,-2.4504,6,DK,DNK,hdd_calendar,0.0240036364725282,Electricity
HadGEM3-GC3-1LL,-1.5,-1.3098,8,DK,DNK,hdd_calendar,0.0108962143453852,Electricity
HadGEM3-GC3-1LL,-0.5,-0.331,6,DK,DNK,hdd_calendar,0.00388085725281369,Electricity
HadGEM3-GC3-1MM,-14.5,-14.3032,4,DK,DNK,hdd_calendar,0.125604474877967,Electricity
HadGEM3-GC3-1MM,-13.5,-13.3931,8,DK,DNK,hdd_calendar,0.145432450002129,Electricity
HadGEM3-GC3-1MM,-12.5,-12.588,13,DK,DNK,hdd_calendar,0.147138649440395,Electricity
HadGEM3-GC3-1MM,-11.5,-11.5321,21,DK,DNK,hdd_calendar,0.130126680612032,Electricity
HadGEM3-GC3-1MM,-10.5,-10.4803,10,DK,DNK,hdd_calendar,0.111553556631397,Electricity
HadGEM3-GC3-1MM,-9.5,-9.6161,7,DK,DNK,hdd_calendar,0.0838991543620582,Electricity
HadGEM3-GC3-1MM,-8.5,-8.6582,7,DK,DNK,hdd_calendar,0.0800453787524663,Electricity
HadGEM3-GC3-1MM,-7.5,-7.6345,8,DK,DNK,hdd_calendar,0.0621556888349104,Electricity
HadGEM3-GC3-1MM,-6.5,-6.4299,4,DK,DNK,hdd_calendar,0.0373297060577813,Electricity
HadGEM3-GC3-1MM,-5.5,-5.3528,4,DK,DNK,hdd_calendar,0.0326882702674945,Electricity
HadGEM3-GC3-1MM,-4.5,-4.3969,4,DK,DNK,hdd_calendar,0.0293534072724487,Electricity
IPSL-CM6A-LR,-9.5,-9.3401,5,DK,DNK,hdd_calendar,0.108909471242052,Electricity
IPSL-CM6A-LR,-8.5,-8.4598,8,DK,DNK,hdd_calendar,0.113423830195804,Electricity
IPSL-CM6A-LR,-7.5,-7.5255,19,DK,DNK,hdd_calendar,0.0893031630021544,Electricity
IPSL-CM6A-LR,-6.5,-6.5577,11,DK,DNK,hdd_calendar,0.108771621391214,Electricity
IPSL-CM6A-LR,-5.5,-5.5623,13,DK,DNK,hdd_calendar,0.0551401453580084,Electricity
IPSL-CM6A-LR,-4.5,-4.3507,11,DK,DNK,hdd_calendar,0.0311548491036014,Electricity
IPSL-CM6A-LR,-3.5,-3.4644,8,DK,DNK,hdd_calendar,0.0408036863171125,Electricity
IPSL-CM6A-LR,-2.5,-2.5669,9,DK,DNK,hdd_calendar,0.0225348161175866,Electricity
IPSL-CM6A-LR,-1.5,-1.2909,6,DK,DNK,hdd_calendar,0.0290353237740167,Electricity
IPSL-CM6A-LR,-0.5,-0.6347,8,DK,DNK,hdd_calendar,0.00789989984826038,Electricity
EC-Earth3,-9.5,-9.1554,4,EE,EST,hdd_calendar,0.0316750477700281,Electricity
EC-Earth3,-8.5,-8.4726,15,EE,EST,hdd_calendar,0.0495184584583208,Electricity
EC-Earth3,-7.5,-7.5562,20,EE,EST,hdd_calendar,0.036163089256313,Electricity
EC-Earth3,-6.5,-6.4767,21,EE,EST,hdd_calendar,0.0176156303979881,Electricity
EC-Earth3,-5.5,-5.3342,8,EE,EST,hdd_calendar,0.0240036364725282,Electricity
EC-Earth3,-4.5,-4.5495,8,EE,EST,hdd_calendar,0.0391781912939522,Electricity
EC-Earth3,-3.5,-3.3459,9,EE,EST,hdd_calendar,0.0569387541473374,Electricity
EC-Earth3,-2.5,-2.4493,5,EE,EST,hdd_calendar,0.0477813005827577,Electricity
EC-Earth3,-1.5,-1.3807,6,EE,EST,hdd_calendar,0.00919484226127816,Electricity
EC-Earth3,-0.5,-0.6596,3,EE,EST,hdd_calendar,0.0029602304907399,Electricity
HadGEM3-GC3-1LL,-8.5,-8.3848,12,EE,EST,hdd_calendar,0.0376009511739585,Electricity
HadGEM3-GC3-1LL,-7.5,-7.5599,19,EE,EST,hdd_calendar,0.0267611367269828,Electricity
HadGEM3-GC3-1LL,-6.5,-6.5442,24,EE,EST,hdd_calendar,0.0502661578385562,Electricity
HadGEM3-GC3-1LL,-5.5,-5.5797,10,EE,EST,hdd_calendar,0.0369086824936139,Electricity
HadGEM3-GC3-1LL,-4.5,-4.5263,6,EE,EST,hdd_calendar,0.0298999234063421,Electricity
HadGEM3-GC3-1LL,-3.5,-3.7835,7,EE,EST,hdd_calendar,0.0242232344907238,Electricity
HadGEM3-GC3-1LL,-2.5,-2.4504,6,EE,EST,hdd_calendar,0.013433315129023,Electricity
HadGEM3-GC3-1LL,-1.5,-1.3098,8,EE,EST,hdd_calendar,0.00479570610064195,Electricity
HadGEM3-GC3-1LL,-0.5,-0.331,6,EE,EST,hdd_calendar,0.0018586990974824,Electricity
HadGEM3-GC3-1MM,-14.5,-14.3032,4,EE,EST,hdd_calendar,0.140495240917771,Electricity
HadGEM3-GC3-1MM,-13.5,-13.3931,8,EE,EST,hdd_calendar,0.174650188120406,Electricity
HadGEM3-GC3-1MM,-12.5,-12.588,13,EE,EST,hdd_calendar,0.172586242598177,Electricity
HadGEM3-GC3-1MM,-11.5,-11.5321,21,EE,EST,hdd_calendar,0.149170387750315,Electricity
HadGEM3-GC3-1MM,-10.5,-10.4803,10,EE,EST,hdd_calendar,0.141058009765284,Electricity
HadGEM3-GC3-1MM,-9.5,-9.6161,7,EE,EST,hdd_calendar,0.0994475029583009,Electricity
HadGEM3-GC3-1MM,-8.5,-8.6582,7,EE,EST,hdd_calendar,0.103917670187291,Electricity
HadGEM3-GC3-1MM,-7.5,-7.6345,8,EE,EST,hdd_calendar,0.0847142689546357,Electricity
HadGEM3-GC3-1MM,-6.5,-6.4299,4,EE,EST,hdd_calendar,0.050666455465172,Electricity
HadGEM3-GC3-1MM,-5.5,-5.3528,4,EE,EST,hdd_calendar,0.0444165974563988,Electricity
HadGEM3-GC3-1MM,-4.5,-4.3969,4,EE,EST,hdd_calendar,0.0340648117404054,Electricity
IPSL-CM6A-LR,-9.5,-9.3401,5,EE,EST,hdd_calendar,0.126877833985512,Electricity
IPSL-CM6A-LR,-8.5,-8.4598,8,EE,EST,hdd_calendar,0.125422396025501,Electricity
IPSL-CM6A-LR,-7.5,-7.5255,19,EE,EST,hdd_calendar,0.103091316619584,Electricity
IPSL-CM6A-LR,-6.5,-6.5577,11,EE,EST,hdd_calendar,0.118177003392226,Electricity
IPSL-CM6A-LR,-5.5,-5.5623,13,EE,EST,hdd_calendar,0.0547218802819324,Electricity
IPSL-CM6A-LR,-4.5,-4.3507,11,EE,EST,hdd_calendar,0.041618428141029,Electricity
IPSL-CM6A-LR,-3.5,-3.4644,8,EE,EST,hdd_calendar,0.0418592180576025,Electricity
IPSL-CM6A-LR,-2.5,-2.5669,9,EE,EST,hdd_calendar,0.032370764560487,Electricity
IPSL-CM6A-LR,-1.5,-1.2909,6,EE,EST,hdd_calendar,0.0457494877191065,Electricity
IPSL-CM6A-LR,-0.5,-0.6347,8,EE,EST,hdd_calendar,0.0200572278506775,Electricity
EC-Earth3,-9.5,-9.1554,4,EL,GRC,hdd_calendar,0.01572725891509,Electricity
EC-Earth3,-8.5,-8.4726,15,EL,GRC,hdd_calendar,0.0261485846247931,Electricity
EC-Earth3,-7.5,-7.5562,20,EL,GRC,hdd_calendar,0.0202110135617734,Electricity
EC-Earth3,-6.5,-6.4767,21,EL,GRC,hdd_calendar,0.0184640145935599,Electricity
EC-Earth3,-5.5,-5.3342,8,EL,GRC,hdd_calendar,0.0176471479882757,Electricity
EC-Earth3,-4.5,-4.5495,8,EL,GRC,hdd_calendar,0.0184354045988281,Electricity
EC-Earth3,-3.5,-3.3459,9,EL,GRC,hdd_calendar,0.0166446798666792,Electricity
EC-Earth3,-2.5,-2.4493,5,EL,GRC,hdd_calendar,0.0163454584624938,Electricity
EC-Earth3,-1.5,-1.3807,6,EL,GRC,hdd_calendar,0.00309616058297386,Electricity
EC-Earth3,-0.5,-0.6596,3,EL,GRC,hdd_calendar,-0.00547673580585745,Electricity
HadGEM3-GC3-1LL,-8.5,-8.3848,12,EL,GRC,hdd_calendar,0.0242187239899257,Electricity
HadGEM3-GC3-1LL,-7.5,-7.5599,19,EL,GRC,hdd_calendar,0.0195346807416865,Electricity
HadGEM3-GC3-1LL,-6.5,-6.5442,24,EL,GRC,hdd_calendar,0.0196743944358296,Electricity
HadGEM3-GC3-1LL,-5.5,-5.5797,10,EL,GRC,hdd_calendar,0.0101078831811006,Electricity
HadGEM3-GC3-1LL,-4.5,-4.5263,6,EL,GRC,hdd_calendar,0.0214820242267549,Electricity
HadGEM3-GC3-1LL,-3.5,-3.7835,7,EL,GRC,hdd_calendar,0.0161859507524515,Electricity
HadGEM3-GC3-1LL,-2.5,-2.4504,6,EL,GRC,hdd_calendar,0.0115431543565521,Electricity
HadGEM3-GC3-1LL,-1.5,-1.3098,8,EL,GRC,hdd_calendar,0.00206431829089047,Electricity
HadGEM3-GC3-1LL,-0.5,-0.331,6,EL,GRC,hdd_calendar,0.00465686841285219,Electricity
HadGEM3-GC3-1MM,-14.5,-14.3032,4,EL,GRC,hdd_calendar,0.0493809813761436,Electricity
HadGEM3-GC3-1MM,-13.5,-13.3931,8,EL,GRC,hdd_calendar,0.0548808102005501,Electricity
HadGEM3-GC3-1MM,-12.5,-12.588,13,EL,GRC,hdd_calendar,0.044739601501156,Electricity
HadGEM3-GC3-1MM,-11.5,-11.5321,21,EL,GRC,hdd_calendar,0.0456636204580449,Electricity
HadGEM3-GC3-1MM,-10.5,-10.4803,10,EL,GRC,hdd_calendar,0.0438736785400841,Electricity
HadGEM3-GC3-1MM,-9.5,-9.6161,7,EL,GRC,hdd_calendar,0.0332922300520481,Electricity
HadGEM3-GC3-1MM,-8.5,-8.6582,7,EL,GRC,hdd_calendar,0.0256841335116191,Electricity
HadGEM3-GC3-1MM,-7.5,-7.6345,8,EL,GRC,hdd_calendar,0.030108487472172,Electricity
HadGEM3-GC3-1MM,-6.5,-6.4299,4,EL,GRC,hdd_calendar,0.0145282485169808,Electricity
HadGEM3-GC3-1MM,-5.5,-5.3528,4,EL,GRC,hdd_calendar,0.0133114384153088,Electricity
HadGEM3-GC3-1MM,-4.5,-4.3969,4,EL,GRC,hdd_calendar,0.013090647537398,Electricity
IPSL-CM6A-LR,-9.5,-9.3401,5,EL,GRC,hdd_calendar,0.0292566178896199,Electricity
IPSL-CM6A-LR,-8.5,-8.4598,8,EL,GRC,hdd_calendar,0.0223038672936635,Electricity
IPSL-CM6A-LR,-7.5,-7.5255,19,EL,GRC,hdd_calendar,0.0213784690927289,Electricity
IPSL-CM6A-LR,-6.5,-6.5577,11,EL,GRC,hdd_calendar,0.0264413198542771,Electricity
IPSL-CM6A-LR,-5.5,-5.5623,13,EL,GRC,hdd_calendar,0.0104866534175435,Electricity
IPSL-CM6A-LR,-4.5,-4.3507,11,EL,GRC,hdd_calendar,0.00777013907736599,Electricity
IPSL-CM6A-LR,-3.5,-3.4644,8,EL,GRC,hdd_calendar,0.00778559033836447,Electricity
IPSL-CM6A-LR,-2.5,-2.5669,9,EL,GRC,hdd_calendar,0.00361365667660828,Electricity
IPSL-CM6A-LR,-1.5,-1.2909,6,EL,GRC,hdd_calendar,0.00669729223257251,Electricity
IPSL-CM6A-LR,-0.5,-0.6347,8,EL,GRC,hdd_calendar,-0.000392655869065239,Electricity
EC-Earth3,-9.5,-9.1554,4,ES,ESP,hdd_calendar,0.0269808092989106,Electricity
EC-Earth3,-8.5,-8.4726,15,ES,ESP,hdd_calendar,0.0305745787674545,Electricity
EC-Earth3,-7.5,-7.5562,20,ES,ESP,hdd_calendar,0.0237105657512493,Electricity
EC-Earth3,-6.5,-6.4767,21,ES,ESP,hdd_calendar,0.0207344180386847,Electricity
EC-Earth3,-5.5,-5.3342,8,ES,ESP,hdd_calendar,0.0161932756566402,Electricity
EC-Earth3,-4.5,-4.5495,8,ES,ESP,hdd_calendar,0.0204459323719361,Electricity
EC-Earth3,-3.5,-3.3459,9,ES,ESP,hdd_calendar,0.0227092159356358,Electricity
EC-Earth3,-2.5,-2.4493,5,ES,ESP,hdd_calendar,0.00992681080401942,Electricity
EC-Earth3,-1.5,-1.3807,6,ES,ESP,hdd_calendar,0.00604820880160479,Electricity
EC-Earth3,-0.5,-0.6596,3,ES,ESP,hdd_calendar,0.00689894143974092,Electricity
HadGEM3-GC3-1LL,-8.5,-8.3848,12,ES,ESP,hdd_calendar,0.0297984557768177,Electricity
HadGEM3-GC3-1LL,-7.5,-7.5599,19,ES,ESP,hdd_calendar,0.025706425077547,Electricity
HadGEM3-GC3-1LL,-6.5,-6.5442,24,ES,ESP,hdd_calendar,0.0261981628567062,Electricity
HadGEM3-GC3-1LL,-5.5,-5.5797,10,ES,ESP,hdd_calendar,0.0198654383745926,Electricity
HadGEM3-GC3-1LL,-4.5,-4.5263,6,ES,ESP,hdd_calendar,0.0156462190081884,Electricity
HadGEM3-GC3-1LL,-3.5,-3.7835,7,ES,ESP,hdd_calendar,0.0183606458438644,Electricity
HadGEM3-GC3-1LL,-2.5,-2.4504,6,ES,ESP,hdd_calendar,0.0179995821188189,Electricity
HadGEM3-GC3-1LL,-1.5,-1.3098,8,ES,ESP,hdd_calendar,0.00733353378316875,Electricity
HadGEM3-GC3-1LL,-0.5,-0.331,6,ES,ESP,hdd_calendar,0.00163952976324696,Electricity
HadGEM3-GC3-1MM,-14.5,-14.3032,4,ES,ESP,hdd_calendar,0.0611215540155618,Electricity
HadGEM3-GC3-1MM,-13.5,-13.3931,8,ES,ESP,hdd_calendar,0.0606181672157463,Electricity
HadGEM3-GC3-1MM,-12.5,-12.588,13,ES,ESP,hdd_calendar,0.0549128310285301,Electricity
HadGEM3-GC3-1MM,-11.5,-11.5321,21,ES,ESP,hdd_calendar,0.0511001531638134,Electricity
HadGEM3-GC3-1MM,-10.5,-10.4803,10,ES,ESP,hdd_calendar,0.0402042929486562,Electricity
HadGEM3-GC3-1MM,-9.5,-9.6161,7,ES,ESP,hdd_calendar,0.0425675903441024,Electricity
HadGEM3-GC3-1MM,-8.5,-8.6582,7,ES,ESP,hdd_calendar,0.0271556191624869,Electricity
HadGEM3-GC3-1MM,-7.5,-7.6345,8,ES,ESP,hdd_calendar,0.0268549253220906,Electricity
HadGEM3-GC3-1MM,-6.5,-6.4299,4,ES,ESP,hdd_calendar,0.0230159672667734,Electricity
HadGEM3-GC3-1MM,-5.5,-5.3528,4,ES,ESP,hdd_calendar,0.0171052169089127,Electricity
HadGEM3-GC3-1MM,-4.5,-4.3969,4,ES,ESP,hdd_calendar,0.00208875327661908,Electricity
IPSL-CM6A-LR,-9.5,-9.3401,5,ES,ESP,hdd_calendar,0.035267698932589,Electricity
IPSL-CM6A-LR,-8.5,-8.4598,8,ES,ESP,hdd_calendar,0.0372813952393155,Electricity
IPSL-CM6A-LR,-7.5,-7.5255,19,ES,ESP,hdd_calendar,0.0299153373904745,Electricity
IPSL-CM6A-LR,-6.5,-6.5577,11,ES,ESP,hdd_calendar,0.0310399990791471,Electricity
IPSL-CM6A-LR,-5.5,-5.5623,13,ES,ESP,hdd_calendar,0.0226949948112186,Electricity
IPSL-CM6A-LR,-4.5,-4.3507,11,ES,ESP,hdd_calendar,0.0149720855232014,Electricity
IPSL-CM6A-LR,-3.5,-3.4644,8,ES,ESP,hdd_calendar,0.0150896753973142,Electricity
IPSL-CM6A-LR,-2.5,-2.5669,9,ES,ESP,hdd_calendar,0.0110938562894478,Electricity
IPSL-CM6A-LR,-1.5,-1.2909,6,ES,ESP,hdd_calendar,0.0124248640704174,Electricity
IPSL-CM6A-LR,-0.5,-0.6347,8,ES,ESP,hdd_calendar,0.00238536530017745,Electricity
EC-Earth3,-9.5,-9.1554,4,FI,FIN,hdd_calendar,0.0348551185785933,Electricity
EC-Earth3,-8.5,-8.4726,15,FI,FIN,hdd_calendar,0.0529057513655363,Electricity
EC-Earth3,-7.5,-7.5562,20,FI,FIN,hdd_calendar,0.039116647188021,Electricity
EC-Earth3,-6.5,-6.4767,21,FI,FIN,hdd_calendar,0.0179478604671051,Electricity
EC-Earth3,-5.5,-5.3342,8,FI,FIN,hdd_calendar,0.0292942488859479,Electricity
EC-Earth3,-4.5,-4.5495,8,FI,FIN,hdd_calendar,0.0476413259505519,Electricity
EC-Earth3,-3.5,-3.3459,9,FI,FIN,hdd_calendar,0.0667102136118848,Electricity
EC-Earth3,-2.5,-2.4493,5,FI,FIN,hdd_calendar,0.0534656312559265,Electricity
EC-Earth3,-1.5,-1.3807,6,FI,FIN,hdd_calendar,0.0140684383736363,Electricity
EC-Earth3,-0.5,-0.6596,3,FI,FIN,hdd_calendar,0.00445352310827624,Electricity
HadGEM3-GC3-1LL,-8.5,-8.3848,12,FI,FIN,hdd_calendar,0.0381855642650062,Electricity
HadGEM3-GC3-1LL,-7.5,-7.5599,19,FI,FIN,hdd_calendar,0.0296749761578611,Electricity
HadGEM3-GC3-1LL,-6.5,-6.5442,24,FI,FIN,hdd_calendar,0.0499162771733409,Electricity
HadGEM3-GC3-1LL,-5.5,-5.5797,10,FI,FIN,hdd_calendar,0.0357825110918642,Electricity
HadGEM3-GC3-1LL,-4.5,-4.5263,6,FI,FIN,hdd_calendar,0.0285830435576244,Electricity
HadGEM3-GC3-1LL,-3.5,-3.7835,7,FI,FIN,hdd_calendar,0.0210497430490253,Electricity
HadGEM3-GC3-1LL,-2.5,-2.4504,6,FI,FIN,hdd_calendar,0.00904476559835923,Electricity
HadGEM3-GC3-1LL,-1.5,-1.3098,8,FI,FIN,hdd_calendar,0.00730033873390663,Electricity
HadGEM3-GC3-1LL,-0.5,-0.331,6,FI,FIN,hdd_calendar,0.00118234763896248,Electricity
HadGEM3-GC3-1MM,-14.5,-14.3032,4,FI,FIN,hdd_calendar,0.159318362200906,Electricity
HadGEM3-GC3-1MM,-13.5,-13.3931,8,FI,FIN,hdd_calendar,0.186346009882071,Electricity
HadGEM3-GC3-1MM,-12.5,-12.588,13,FI,FIN,hdd_calendar,0.18934534380535,Electricity
HadGEM3-GC3-1MM,-11.5,-11.5321,21,FI,FIN,hdd_calendar,0.163151150934883,Electricity
HadGEM3-GC3-1MM,-10.5,-10.4803,10,FI,FIN,hdd_calendar,0.151926956083117,Electricity
HadGEM3-GC3-1MM,-9.5,-9.6161,7,FI,FIN,hdd_calendar,0.111753491102725,Electricity
HadGEM3-GC3-1MM,-8.5,-8.6582,7,FI,FIN,hdd_calendar,0.1138868275112,Electricity
HadGEM3-GC3-1MM,-7.5,-7.6345,8,FI,FIN,hdd_calendar,0.0919532126900755,Electricity
HadGEM3-GC3-1MM,-6.5,-6.4299,4,FI,FIN,hdd_calendar,0.0535671920776162,Electricity
HadGEM3-GC3-1MM,-5.5,-5.3528,4,FI,FIN,hdd_calendar,0.0529965578113561,Electricity
HadGEM3-GC3-1MM,-4.5,-4.3969,4,FI,FIN,hdd_calendar,0.0303262775623618,Electricity
IPSL-CM6A-LR,-9.5,-9.3401,5,FI,FIN,hdd_calendar,0.145030046232578,Electricity
IPSL-CM6A-LR,-8.5,-8.4598,8,FI,FIN,hdd_calendar,0.140364231371862,Electricity
IPSL-CM6A-LR,-7.5,-7.5255,19,FI,FIN,hdd_calendar,0.120354233310533,Electricity
IPSL-CM6A-LR,-6.5,-6.5577,11,FI,FIN,hdd_calendar,0.126845030343344,Electricity
IPSL-CM6A-LR,-5.5,-5.5623,13,FI,FIN,hdd_calendar,0.0591592811456203,Electricity
IPSL-CM6A-LR,-4.5,-4.3507,11,FI,FIN,hdd_calendar,0.0503898238418433,Electricity
IPSL-CM6A-LR,-3.5,-3.4644,8,FI,FIN,hdd_calendar,0.0449461339777836,Electricity
IPSL-CM6A-LR,-2.5,-2.5669,9,FI,FIN,hdd_calendar,0.0369982401644193,Electricity
IPSL-CM6A-LR,-1.5,-1.2909,6,FI,FIN,hdd_calendar,0.0487279093205032,Electricity
IPSL-CM6A-LR,-0.5,-0.6347,8,FI,FIN,hdd_calendar,0.0258811790258242,Electricity
EC-Earth3,-9.5,-9.1554,4,FR,FRA,hdd_calendar,0.0405250417430144,Electricity
EC-Earth3,-8.5,-8.4726,15,FR,FRA,hdd_calendar,0.0533971163760345,Electricity
EC-Earth3,-7.5,-7.5562,20,FR,FRA,hdd_calendar,0.0377995064012406,Electricity
EC-Earth3,-6.5,-6.4767,21,FR,FRA,hdd_calendar,0.0312918043096531,Electricity
EC-Earth3,-5.5,-5.3342,8,FR,FRA,hdd_calendar,0.0260808339206562,Electricity
EC-Earth3,-4.5,-4.5495,8,FR,FRA,hdd_calendar,0.0370343614476703,Electricity
EC-Earth3,-3.5,-3.3459,9,FR,FRA,hdd_calendar,0.0273302240032997,Electricity
EC-Earth3,-2.5,-2.4493,5,FR,FRA,hdd_calendar,0.0157558316329557,Electricity
EC-Earth3,-1.5,-1.3807,6,FR,FRA,hdd_calendar,0.00722815208270381,Electricity
EC-Earth3,-0.5,-0.6596,3,FR,FRA,hdd_calendar,0.0077766998057996,Electricity
HadGEM3-GC3-1LL,-8.5,-8.3848,12,FR,FRA,hdd_calendar,0.0400998990851429,Electricity
HadGEM3-GC3-1LL,-7.5,-7.5599,19,FR,FRA,hdd_calendar,0.035060625941403,Electricity
HadGEM3-GC3-1LL,-6.5,-6.5442,24,FR,FRA,hdd_calendar,0.0363553446932242,Electricity
HadGEM3-GC3-1LL,-5.5,-5.5797,10,FR,FRA,hdd_calendar,0.0270229507960367,Electricity
HadGEM3-GC3-1LL,-4.5,-4.5263,6,FR,FRA,hdd_calendar,0.0251901777589269,Electricity
HadGEM3-GC3-1LL,-3.5,-3.7835,7,FR,FRA,hdd_calendar,0.033441561177645,Electricity
HadGEM3-GC3-1LL,-2.5,-2.4504,6,FR,FRA,hdd_calendar,0.0212379539459646,Electricity
HadGEM3-GC3-1LL,-1.5,-1.3098,8,FR,FRA,hdd_calendar,0.0122063657197718,Electricity
HadGEM3-GC3-1LL,-0.5,-0.331,6,FR,FRA,hdd_calendar,0.0038186980785918,Electricity
HadGEM3-GC3-1MM,-14.5,-14.3032,4,FR,FRA,hdd_calendar,0.0889783510293913,Electricity
HadGEM3-GC3-1MM,-13.5,-13.3931,8,FR,FRA,hdd_calendar,0.0903342038416167,Electricity
HadGEM3-GC3-1MM,-12.5,-12.588,13,FR,FRA,hdd_calendar,0.08282157335527,Electricity
HadGEM3-GC3-1MM,-11.5,-11.5321,21,FR,FRA,hdd_calendar,0.0806531780542281,Electricity
HadGEM3-GC3-1MM,-10.5,-10.4803,10,FR,FRA,hdd_calendar,0.0622361136735213,Electricity
HadGEM3-GC3-1MM,-9.5,-9.6161,7,FR,FRA,hdd_calendar,0.0548291817410015,Electricity
HadGEM3-GC3-1MM,-8.5,-8.6582,7,FR,FRA,hdd_calendar,0.0435160442867199,Electricity
HadGEM3-GC3-1MM,-7.5,-7.6345,8,FR,FRA,hdd_calendar,0.0423619338738282,Electricity
HadGEM3-GC3-1MM,-6.5,-6.4299,4,FR,FRA,hdd_calendar,0.0328528476313264,Electricity
HadGEM3-GC3-1MM,-5.5,-5.3528,4,FR,FRA,hdd_calendar,0.0222522015572488,Electricity
HadGEM3-GC3-1MM,-4.5,-4.3969,4,FR,FRA,hdd_calendar,0.012283528832599,Electricity
IPSL-CM6A-LR,-9.5,-9.3401,5,FR,FRA,hdd_calendar,0.0620895969513149,Electricity
IPSL-CM6A-LR,-8.5,-8.4598,8,FR,FRA,hdd_calendar,0.0679262036225026,Electricity
IPSL-CM6A-LR,-7.5,-7.5255,19,FR,FRA,hdd_calendar,0.0513950318130982,Electricity
IPSL-CM6A-LR,-6.5,-6.5577,11,FR,FRA,hdd_calendar,0.0558792710590409,Electricity
IPSL-CM6A-LR,-5.5,-5.5623,13,FR,FRA,hdd_calendar,0.0378261220836361,Electricity
IPSL-CM6A-LR,-4.5,-4.3507,11,FR,FRA,hdd_calendar,0.0231990339561909,Electricity
IPSL-CM6A-LR,-3.5,-3.4644,8,FR,FRA,hdd_calendar,0.0288071334381851,Electricity
IPSL-CM6A-LR,-2.5,-2.5669,9,FR,FRA,hdd_calendar,0.0122573231957306,Electricity
IPSL-CM6A-LR,-1.5,-1.2909,6,FR,FRA,hdd_calendar,0.0223211264826678,Electricity
IPSL-CM6A-LR,-0.5,-0.6347,8,FR,FRA,hdd_calendar,0.00323699258309997,Electricity
EC-Earth3,-9.5,-9.1554,4,HR,HRV,hdd_calendar,0.0214473008259827,Electricity
EC-Earth3,-8.5,-8.4726,15,HR,HRV,hdd_calendar,0.043143983886175,Electricity
EC-Earth3,-7.5,-7.5562,20,HR,HRV,hdd_calendar,0.0293752887928495,Electricity
EC-Earth3,-6.5,-6.4767,21,HR,HRV,hdd_calendar,0.0238862888980451,Electricity
EC-Earth3,-5.5,-5.3342,8,HR,HRV,hdd_calendar,0.0168399547297445,Electricity
EC-Earth3,-4.5,-4.5495,8,HR,HRV,hdd_calendar,0.0256795298186558,Electricity
EC-Earth3,-3.5,-3.3459,9,HR,HRV,hdd_calendar,0.0266525119391671,Electricity
EC-Earth3,-2.5,-2.4493,5,HR,HRV,hdd_calendar,0.0177974483123912,Electricity
EC-Earth3,-1.5,-1.3807,6,HR,HRV,hdd_calendar,0.00559449342586762,Electricity
EC-Earth3,-0.5,-0.6596,3,HR,HRV,hdd_calendar,-0.0099865097050787,Electricity
HadGEM3-GC3-1LL,-8.5,-8.3848,12,HR,HRV,hdd_calendar,0.036188400248395,Electricity
HadGEM3-GC3-1LL,-7.5,-7.5599,19,HR,HRV,hdd_calendar,0.0210224936599061,Electricity
HadGEM3-GC3-1LL,-6.5,-6.5442,24,HR,HRV,hdd_calendar,0.0323492930856134,Electricity
HadGEM3-GC3-1LL,-5.5,-5.5797,10,HR,HRV,hdd_calendar,0.0175243766297751,Electricity
HadGEM3-GC3-1LL,-4.5,-4.5263,6,HR,HRV,hdd_calendar,0.0282923958326421,Electricity
HadGEM3-GC3-1LL,-3.5,-3.7835,7,HR,HRV,hdd_calendar,0.0256523177064027,Electricity
HadGEM3-GC3-1LL,-2.5,-2.4504,6,HR,HRV,hdd_calendar,0.0165026736452709,Electricity
HadGEM3-GC3-1LL,-1.5,-1.3098,8,HR,HRV,hdd_calendar,0.00757001822170769,Electricity
HadGEM3-GC3-1LL,-0.5,-0.331,6,HR,HRV,hdd_calendar,0.00565402458102945,Electricity
HadGEM3-GC3-1MM,-14.5,-14.3032,4,HR,HRV,hdd_calendar,0.0645688440387654,Electricity
HadGEM3-GC3-1MM,-13.5,-13.3931,8,HR,HRV,hdd_calendar,0.0773150533333986,Electricity
HadGEM3-GC3-1MM,-12.5,-12.588,13,HR,HRV,hdd_calendar,0.0651648452124066,Electricity
HadGEM3-GC3-1MM,-11.5,-11.5321,21,HR,HRV,hdd_calendar,0.062935092189764,Electricity
HadGEM3-GC3-1MM,-10.5,-10.4803,10,HR,HRV,hdd_calendar,0.0610217824834449,Electricity
HadGEM3-GC3-1MM,-9.5,-9.6161,7,HR,HRV,hdd_calendar,0.0431193438776828,Electricity
HadGEM3-GC3-1MM,-8.5,-8.6582,7,HR,HRV,hdd_calendar,0.037458478991724,Electricity
HadGEM3-GC3-1MM,-7.5,-7.6345,8,HR,HRV,hdd_calendar,0.0320045193510537,Electricity
HadGEM3-GC3-1MM,-6.5,-6.4299,4,HR,HRV,hdd_calendar,0.0289912438798534,Electricity
HadGEM3-GC3-1MM,-5.5,-5.3528,4,HR,HRV,hdd_calendar,0.0193970918289111,Electricity
HadGEM3-GC3-1MM,-4.5,-4.3969,4,HR,HRV,hdd_calendar,0.0140858839469711,Electricity
IPSL-CM6A-LR,-9.5,-9.3401,5,HR,HRV,hdd_calendar,0.0475252271510831,Electricity
IPSL-CM6A-LR,-8.5,-8.4598,8,HR,HRV,hdd_calendar,0.0396874492001785,Electricity
IPSL-CM6A-LR,-7.5,-7.5255,19,HR,HRV,hdd_calendar,0.030915196131444,Electricity
IPSL-CM6A-LR,-6.5,-6.5577,11,HR,HRV,hdd_calendar,0.0418099566790513,Electricity
IPSL-CM6A-LR,-5.5,-5.5623,13,HR,HRV,hdd_calendar,0.0194182464504229,Electricity
IPSL-CM6A-LR,-4.5,-4.3507,11,HR,HRV,hdd_calendar,0.0101893890488284,Electricity
IPSL-CM6A-LR,-3.5,-3.4644,8,HR,HRV,hdd_calendar,0.0117914369232118,Electricity
IPSL-CM6A-LR,-2.5,-2.5669,9,HR,HRV,hdd_calendar,0.0033549925027398,Electricity
IPSL-CM6A-LR,-1.5,-1.2909,6,HR,HRV,hdd_calendar,0.015673617504772,Electricity
IPSL-CM6A-LR,-0.5,-0.6347,8,HR,HRV,hdd_calendar,-0.00367603951202677,Electricity
EC-Earth3,-9.5,-9.1554,4,HU,HUN,hdd_calendar,0.024760375492793,Electricity
EC-Earth3,-8.5,-8.4726,15,HU,HUN,hdd_calendar,0.0539416754744576,Electricity
EC-Earth3,-7.5,-7.5562,20,HU,HUN,hdd_calendar,0.036252479181221,Electricity
EC-Earth3,-6.5,-6.4767,21,HU,HUN,hdd_calendar,0.0250384795523326,Electricity
EC-Earth3,-5.5,-5.3342,8,HU,HUN,hdd_calendar,0.0182495794213192,Electricity
EC-Earth3,-4.5,-4.5495,8,HU,HUN,hdd_calendar,0.0255761797073933,Electricity
EC-Earth3,-3.5,-3.3459,9,HU,HUN,hdd_calendar,0.0326660532552988,Electricity
EC-Earth3,-2.5,-2.4493,5,HU,HUN,hdd_calendar,0.022406844636265,Electricity
EC-Earth3,-1.5,-1.3807,6,HU,HUN,hdd_calendar,0.0086801978479004,Electricity
EC-Earth3,-0.5,-0.6596,3,HU,HUN,hdd_calendar,-0.00968493985832903,Electricity
HadGEM3-GC3-1LL,-8.5,-8.3848,12,HU,HUN,hdd_calendar,0.0389576427156711,Electricity
HadGEM3-GC3-1LL,-7.5,-7.5599,19,HU,HUN,hdd_calendar,0.0213000199280213,Electricity
HadGEM3-GC3-1LL,-6.5,-6.5442,24,HU,HUN,hdd_calendar,0.035711685046274,Electricity
HadGEM3-GC3-1LL,-5.5,-5.5797,10,HU,HUN,hdd_calendar,0.01999631745147,Electricity
HadGEM3-GC3-1LL,-4.5,-4.5263,6,HU,HUN,hdd_calendar,0.0312630079305908,Electricity
HadGEM3-GC3-1LL,-3.5,-3.7835,7,HU,HUN,hdd_calendar,0.0296580897375178,Electricity
HadGEM3-GC3-1LL,-2.5,-2.4504,6,HU,HUN,hdd_calendar,0.019526666215475,Electricity
HadGEM3-GC3-1LL,-1.5,-1.3098,8,HU,HUN,hdd_calendar,0.0102348109101714,Electricity
HadGEM3-GC3-1LL,-0.5,-0.331,6,HU,HUN,hdd_calendar,0.00680889916967616,Electricity
HadGEM3-GC3-1MM,-14.5,-14.3032,4,HU,HUN,hdd_calendar,0.0732932336114275,Electricity
HadGEM3-GC3-1MM,-13.5,-13.3931,8,HU,HUN,hdd_calendar,0.0925093462554227,Electricity
HadGEM3-GC3-1MM,-12.5,-12.588,13,HU,HUN,hdd_calendar,0.0787832772584826,Electricity
HadGEM3-GC3-1MM,-11.5,-11.5321,21,HU,HUN,hdd_calendar,0.0729304178736753,Electricity
HadGEM3-GC3-1MM,-10.5,-10.4803,10,HU,HUN,hdd_calendar,0.0738757591979735,Electricity
HadGEM3-GC3-1MM,-9.5,-9.6161,7,HU,HUN,hdd_calendar,0.0498069814019354,Electricity
HadGEM3-GC3-1MM,-8.5,-8.6582,7,HU,HUN,hdd_calendar,0.0447824698971711,Electricity
HadGEM3-GC3-1MM,-7.5,-7.6345,8,HU,HUN,hdd_calendar,0.0361312361742305,Electricity
HadGEM3-GC3-1MM,-6.5,-6.4299,4,HU,HUN,hdd_calendar,0.0317252037933658,Electricity
HadGEM3-GC3-1MM,-5.5,-5.3528,4,HU,HUN,hdd_calendar,0.0202303043399802,Electricity
HadGEM3-GC3-1MM,-4.5,-4.3969,4,HU,HUN,hdd_calendar,0.0217931928665254,Electricity
IPSL-CM6A-LR,-9.5,-9.3401,5,HU,HUN,hdd_calendar,0.0548751627553359,Electricity
IPSL-CM6A-LR,-8.5,-8.4598,8,HU,HUN,hdd_calendar,0.0482018209092327,Electricity
IPSL-CM6A-LR,-7.5,-7.5255,19,HU,HUN,hdd_calendar,0.0385025667343213,Electricity
IPSL-CM6A-LR,-6.5,-6.5577,11,HU,HUN,hdd_calendar,0.0492604093527429,Electricity
IPSL-CM6A-LR,-5.5,-5.5623,13,HU,HUN,hdd_calendar,0.0250275015152661,Electricity
IPSL-CM6A-LR,-4.5,-4.3507,11,HU,HUN,hdd_calendar,0.0126230838059046,Electricity
IPSL-CM6A-LR,-3.5,-3.4644,8,HU,HUN,hdd_calendar,0.0135725442239068,Electricity
IPSL-CM6A-LR,-2.5,-2.5669,9,HU,HUN,hdd_calendar,0.00834306587089123,Electricity
IPSL-CM6A-LR,-1.5,-1.2909,6,HU,HUN,hdd_calendar,0.0193521918436936,Electricity
IPSL-CM6A-LR,-0.5,-0.6347,8,HU,HUN,hdd_calendar,-0.00275090224915488,Electricity
EC-Earth3,-9.5,-9.1554,4,IE,IRL,hdd_calendar,0.07507450865802,Electricity
EC-Earth3,-8.5,-8.4726,15,IE,IRL,hdd_calendar,0.0863432493647763,Electricity
EC-Earth3,-7.5,-7.5562,20,IE,IRL,hdd_calendar,0.0693079452182344,Electricity
EC-Earth3,-6.5,-6.4767,21,IE,IRL,hdd_calendar,0.0607633792476392,Electricity
EC-Earth3,-5.5,-5.3342,8,IE,IRL,hdd_calendar,0.0542579883217499,Electricity
EC-Earth3,-4.5,-4.5495,8,IE,IRL,hdd_calendar,0.0667182281380963,Electricity
EC-Earth3,-3.5,-3.3459,9,IE,IRL,hdd_calendar,0.0463157233151668,Electricity
EC-Earth3,-2.5,-2.4493,5,IE,IRL,hdd_calendar,0.0412377008691158,Electricity
EC-Earth3,-1.5,-1.3807,6,IE,IRL,hdd_calendar,0.0185417741362447,Electricity
EC-Earth3,-0.5,-0.6596,3,IE,IRL,hdd_calendar,0.0238158915364151,Electricity
HadGEM3-GC3-1LL,-8.5,-8.3848,12,IE,IRL,hdd_calendar,0.0674927482234908,Electricity
HadGEM3-GC3-1LL,-7.5,-7.5599,19,IE,IRL,hdd_calendar,0.0640024966121068,Electricity
HadGEM3-GC3-1LL,-6.5,-6.5442,24,IE,IRL,hdd_calendar,0.0539263360440574,Electricity
HadGEM3-GC3-1LL,-5.5,-5.5797,10,IE,IRL,hdd_calendar,0.0470098744772495,Electricity
HadGEM3-GC3-1LL,-4.5,-4.5263,6,IE,IRL,hdd_calendar,0.0409665303066707,Electricity
HadGEM3-GC3-1LL,-3.5,-3.7835,7,IE,IRL,hdd_calendar,0.0530749696991976,Electricity
HadGEM3-GC3-1LL,-2.5,-2.4504,6,IE,IRL,hdd_calendar,0.045914680151229,Electricity
HadGEM3-GC3-1LL,-1.5,-1.3098,8,IE,IRL,hdd_calendar,0.0259773347019294,Electricity
HadGEM3-GC3-1LL,-0.5,-0.331,6,IE,IRL,hdd_calendar,0.00915296170221472,Electricity
HadGEM3-GC3-1MM,-14.5,-14.3032,4,IE,IRL,hdd_calendar,0.148925031417644,Electricity
HadGEM3-GC3-1MM,-13.5,-13.3931,8,IE,IRL,hdd_calendar,0.147983026372862,Electricity
HadGEM3-GC3-1MM,-12.5,-12.588,13,IE,IRL,hdd_calendar,0.14902131756278,Electricity
HadGEM3-GC3-1MM,-11.5,-11.5321,21,IE,IRL,hdd_calendar,0.140114140877196,Electricity
HadGEM3-GC3-1MM,-10.5,-10.4803,10,IE,IRL,hdd_calendar,0.109328500493883,Electricity
HadGEM3-GC3-1MM,-9.5,-9.6161,7,IE,IRL,hdd_calendar,0.0985093933460261,Electricity
HadGEM3-GC3-1MM,-8.5,-8.6582,7,IE,IRL,hdd_calendar,0.08591887088266,Electricity
HadGEM3-GC3-1MM,-7.5,-7.6345,8,IE,IRL,hdd_calendar,0.0714852124134081,Electricity
HadGEM3-GC3-1MM,-6.5,-6.4299,4,IE,IRL,hdd_calendar,0.0468533675549283,Electricity
HadGEM3-GC3-1MM,-5.5,-5.3528,4,IE,IRL,hdd_calendar,0.0385703919921904,Electricity
HadGEM3-GC3-1MM,-4.5,-4.3969,4,IE,IRL,hdd_calendar,0.0195726472298095,Electricity
IPSL-CM6A-LR,-9.5,-9.3401,5,IE,IRL,hdd_calendar,0.102635047778519,Electricity
IPSL-CM6A-LR,-8.5,-8.4598,8,IE,IRL,hdd_calendar,0.12063561773429,Electricity
IPSL-CM6A-LR,-7.5,-7.5255,19,IE,IRL,hdd_calendar,0.094592601194292,Electricity
IPSL-CM6A-LR,-6.5,-6.5577,11,IE,IRL,hdd_calendar,0.104506309179877,Electricity
IPSL-CM6A-LR,-5.5,-5.5623,13,IE,IRL,hdd_calendar,0.0723726627646528,Electricity
IPSL-CM6A-LR,-4.5,-4.3507,11,IE,IRL,hdd_calendar,0.043309716832856,Electricity
IPSL-CM6A-LR,-3.5,-3.4644,8,IE,IRL,hdd_calendar,0.0563824714745259,Electricity
IPSL-CM6A-LR,-2.5,-2.5669,9,IE,IRL,hdd_calendar,0.0294254261777541,Electricity
IPSL-CM6A-LR,-1.5,-1.2909,6,IE,IRL,hdd_calendar,0.0287009875619651,Electricity
IPSL-CM6A-LR,-0.5,-0.6347,8,IE,IRL,hdd_calendar,0.0138723806963829,Electricity
EC-Earth3,-9.5,-9.1554,4,IT,ITA,hdd_calendar,0.021633647879617,Electricity
EC-Earth3,-8.5,-8.4726,15,IT,ITA,hdd_calendar,0.0325400201710145,Electricity
EC-Earth3,-7.5,-7.5562,20,IT,ITA,hdd_calendar,0.0254783838491797,Electricity
EC-Earth3,-6.5,-6.4767,21,IT,ITA,hdd_calendar,0.0207160964589965,Electricity
EC-Earth3,-5.5,-5.3342,8,IT,ITA,hdd_calendar,0.0151029646000788,Electricity
EC-Earth3,-4.5,-4.5495,8,IT,ITA,hdd_calendar,0.0212409174568196,Electricity
EC-Earth3,-3.5,-3.3459,9,IT,ITA,hdd_calendar,0.0186884586043485,Electricity
EC-Earth3,-2.5,-2.4493,5,IT,ITA,hdd_calendar,0.0123756958840314,Electricity
EC-Earth3,-1.5,-1.3807,6,IT,ITA,hdd_calendar,0.00267634851695471,Electricity
EC-Earth3,-0.5,-0.6596,3,IT,ITA,hdd_calendar,-0.00403162353775548,Electricity
HadGEM3-GC3-1LL,-8.5,-8.3848,12,IT,ITA,hdd_calendar,0.0311090731120305,Electricity
HadGEM3-GC3-1LL,-7.5,-7.5599,19,IT,ITA,hdd_calendar,0.0224138713255248,Electricity
HadGEM3-GC3-1LL,-6.5,-6.5442,24,IT,ITA,hdd_calendar,0.0275908638510715,Electricity
HadGEM3-GC3-1LL,-5.5,-5.5797,10,IT,ITA,hdd_calendar,0.01612464894615,Electricity
HadGEM3-GC3-1LL,-4.5,-4.5263,6,IT,ITA,hdd_calendar,0.0222149619680148,Electricity
HadGEM3-GC3-1LL,-3.5,-3.7835,7,IT,ITA,hdd_calendar,0.0216826855969717,Electricity
HadGEM3-GC3-1LL,-2.5,-2.4504,6,IT,ITA,hdd_calendar,0.0132730991585248,Electricity
HadGEM3-GC3-1LL,-1.5,-1.3098,8,IT,ITA,hdd_calendar,0.00672504485938402,Electricity
HadGEM3-GC3-1LL,-0.5,-0.331,6,IT,ITA,hdd_calendar,0.00396564348475833,Electricity
HadGEM3-GC3-1MM,-14.5,-14.3032,4,IT,ITA,hdd_calendar,0.0569902148609886,Electricity
HadGEM3-GC3-1MM,-13.5,-13.3931,8,IT,ITA,hdd_calendar,0.0605940118065134,Electricity
HadGEM3-GC3-1MM,-12.5,-12.588,13,IT,ITA,hdd_calendar,0.0543732111148652,Electricity
HadGEM3-GC3-1MM,-11.5,-11.5321,21,IT,ITA,hdd_calendar,0.0532061469910038,Electricity
HadGEM3-GC3-1MM,-10.5,-10.4803,10,IT,ITA,hdd_calendar,0.0477026836721526,Electricity
HadGEM3-GC3-1MM,-9.5,-9.6161,7,IT,ITA,hdd_calendar,0.036356761214136,Electricity
HadGEM3-GC3-1MM,-8.5,-8.6582,7,IT,ITA,hdd_calendar,0.028267793101016,Electricity
HadGEM3-GC3-1MM,-7.5,-7.6345,8,IT,ITA,hdd_calendar,0.0268894437000993,Electricity
HadGEM3-GC3-1MM,-6.5,-6.4299,4,IT,ITA,hdd_calendar,0.0230689749703677,Electricity
HadGEM3-GC3-1MM,-5.5,-5.3528,4,IT,ITA,hdd_calendar,0.0143226479620058,Electricity
HadGEM3-GC3-1MM,-4.5,-4.3969,4,IT,ITA,hdd_calendar,0.00608898969311829,Electricity
IPSL-CM6A-LR,-9.5,-9.3401,5,IT,ITA,hdd_calendar,0.0367684096464792,Electricity
IPSL-CM6A-LR,-8.5,-8.4598,8,IT,ITA,hdd_calendar,0.0350295370350755,Electricity
IPSL-CM6A-LR,-7.5,-7.5255,19,IT,ITA,hdd_calendar,0.0271838004732586,Electricity
IPSL-CM6A-LR,-6.5,-6.5577,11,IT,ITA,hdd_calendar,0.0328319912247434,Electricity
IPSL-CM6A-LR,-5.5,-5.5623,13,IT,ITA,hdd_calendar,0.0180118648461989,Electricity
IPSL-CM6A-LR,-4.5,-4.3507,11,IT,ITA,hdd_calendar,0.0111668443932718,Electricity
IPSL-CM6A-LR,-3.5,-3.4644,8,IT,ITA,hdd_calendar,0.0132806477239101,Electricity
IPSL-CM6A-LR,-2.5,-2.5669,9,IT,ITA,hdd_calendar,0.00288217273312633,Electricity
IPSL-CM6A-LR,-1.5,-1.2909,6,IT,ITA,hdd_calendar,0.0140606661470544,Electricity
IPSL-CM6A-LR,-0.5,-0.6347,8,IT,ITA,hdd_calendar,-0.0013688810769273,Electricity
EC-Earth3,-9.5,-9.1554,4,LT,LTU,hdd_calendar,0.025045301218829,Electricity
EC-Earth3,-8.5,-8.4726,15,LT,LTU,hdd_calendar,0.0522846255841436,Electricity
EC-Earth3,-7.5,-7.5562,20,LT,LTU,hdd_calendar,0.0401031980877928,Electricity
EC-Earth3,-6.5,-6.4767,21,LT,LTU,hdd_calendar,0.0222113833888692,Electricity
EC-Earth3,-5.5,-5.3342,8,LT,LTU,hdd_calendar,0.0231235483023382,Electricity
EC-Earth3,-4.5,-4.5495,8,LT,LTU,hdd_calendar,0.0297905344427714,Electricity
EC-Earth3,-3.5,-3.3459,9,LT,LTU,hdd_calendar,0.0454300995303609,Electricity
EC-Earth3,-2.5,-2.4493,5,LT,LTU,hdd_calendar,0.0399504934058138,Electricity
EC-Earth3,-1.5,-1.3807,6,LT,LTU,hdd_calendar,0.00333818063612866,Electricity
EC-Earth3,-0.5,-0.6596,3,LT,LTU,hdd_calendar,0.000651506427264226,Electricity
HadGEM3-GC3-1LL,-8.5,-8.3848,12,LT,LTU,hdd_calendar,0.0355489528873141,Electricity
HadGEM3-GC3-1LL,-7.5,-7.5599,19,LT,LTU,hdd_calendar,0.0219486746750288,Electricity
HadGEM3-GC3-1LL,-6.5,-6.5442,24,LT,LTU,hdd_calendar,0.0424312315679083,Electricity
HadGEM3-GC3-1LL,-5.5,-5.5797,10,LT,LTU,hdd_calendar,0.0308435313563666,Electricity
HadGEM3-GC3-1LL,-4.5,-4.5263,6,LT,LTU,hdd_calendar,0.0284849867613481,Electricity
HadGEM3-GC3-1LL,-3.5,-3.7835,7,LT,LTU,hdd_calendar,0.029534889695057,Electricity
HadGEM3-GC3-1LL,-2.5,-2.4504,6,LT,LTU,hdd_calendar,0.0161145282770038,Electricity
HadGEM3-GC3-1LL,-1.5,-1.3098,8,LT,LTU,hdd_calendar,0.0106316231498068,Electricity
HadGEM3-GC3-1LL,-0.5,-0.331,6,LT,LTU,hdd_calendar,0.00121725742406521,Electricity
HadGEM3-GC3-1MM,-14.5,-14.3032,4,LT,LTU,hdd_calendar,0.104322124184477,Electricity
HadGEM3-GC3-1MM,-13.5,-13.3931,8,LT,LTU,hdd_calendar,0.139690377463371,Electricity
HadGEM3-GC3-1MM,-12.5,-12.588,13,LT,LTU,hdd_calendar,0.128532721817593,Electricity
HadGEM3-GC3-1MM,-11.5,-11.5321,21,LT,LTU,hdd_calendar,0.113306594451919,Electricity
HadGEM3-GC3-1MM,-10.5,-10.4803,10,LT,LTU,hdd_calendar,0.111205614363219,Electricity
HadGEM3-GC3-1MM,-9.5,-9.6161,7,LT,LTU,hdd_calendar,0.0744532337691629,Electricity
HadGEM3-GC3-1MM,-8.5,-8.6582,7,LT,LTU,hdd_calendar,0.0797358502948042,Electricity
HadGEM3-GC3-1MM,-7.5,-7.6345,8,LT,LTU,hdd_calendar,0.0596603567797377,Electricity
HadGEM3-GC3-1MM,-6.5,-6.4299,4,LT,LTU,hdd_calendar,0.038836194685917,Electricity
HadGEM3-GC3-1MM,-5.5,-5.3528,4,LT,LTU,hdd_calendar,0.0315574392574823,Electricity
HadGEM3-GC3-1MM,-4.5,-4.3969,4,LT,LTU,hdd_calendar,0.0319619305315344,Electricity
IPSL-CM6A-LR,-9.5,-9.3401,5,LT,LTU,hdd_calendar,0.0942768102231251,Electricity
IPSL-CM6A-LR,-8.5,-8.4598,8,LT,LTU,hdd_calendar,0.095572516811898,Electricity
IPSL-CM6A-LR,-7.5,-7.5255,19,LT,LTU,hdd_calendar,0.0775555263966103,Electricity
IPSL-CM6A-LR,-6.5,-6.5577,11,LT,LTU,hdd_calendar,0.0930032460928157,Electricity
IPSL-CM6A-LR,-5.5,-5.5623,13,LT,LTU,hdd_calendar,0.0480799814723846,Electricity
IPSL-CM6A-LR,-4.5,-4.3507,11,LT,LTU,hdd_calendar,0.0322291311077398,Electricity
IPSL-CM6A-LR,-3.5,-3.4644,8,LT,LTU,hdd_calendar,0.0331029567644249,Electricity
IPSL-CM6A-LR,-2.5,-2.5669,9,LT,LTU,hdd_calendar,0.0251346538668709,Electricity
IPSL-CM6A-LR,-1.5,-1.2909,6,LT,LTU,hdd_calendar,0.0359188325911922,Electricity
IPSL-CM6A-LR,-0.5,-0.6347,8,LT,LTU,hdd_calendar,0.0115967771284371,Electricity
EC-Earth3,-9.5,-9.1554,4,LU,LUX,hdd_calendar,0.0426241020731101,Electricity
EC-Earth3,-8.5,-8.4726,15,LU,LUX,hdd_calendar,0.063106808073454,Electricity
EC-Earth3,-7.5,-7.5562,20,LU,LUX,hdd_calendar,0.0424768770904479,Electricity
EC-Earth3,-6.5,-6.4767,21,LU,LUX,hdd_calendar,0.0321532913236591,Electricity
EC-Earth3,-5.5,-5.3342,8,LU,LUX,hdd_calendar,0.0260575731562098,Electricity
EC-Earth3,-4.5,-4.5495,8,LU,LUX,hdd_calendar,0.04101131846129,Electricity
EC-Earth3,-3.5,-3.3459,9,LU,LUX,hdd_calendar,0.0321842124840892,Electricity
EC-Earth3,-2.5,-2.4493,5,LU,LUX,hdd_calendar,0.0165729591763026,Electricity
EC-Earth3,-1.5,-1.3807,6,LU,LUX,hdd_calendar,0.00656184673959786,Electricity
EC-Earth3,-0.5,-0.6596,3,LU,LUX,hdd_calendar,0.00387690590500708,Electricity
HadGEM3-GC3-1LL,-8.5,-8.3848,12,LU,LUX,hdd_calendar,0.0409523278206866,Electricity
HadGEM3-GC3-1LL,-7.5,-7.5599,19,LU,LUX,hdd_calendar,0.0338548311536636,Electricity
HadGEM3-GC3-1LL,-6.5,-6.5442,24,LU,LUX,hdd_calendar,0.0377410189983296,Electricity
HadGEM3-GC3-1LL,-5.5,-5.5797,10,LU,LUX,hdd_calendar,0.0277849644928547,Electricity
HadGEM3-GC3-1LL,-4.5,-4.5263,6,LU,LUX,hdd_calendar,0.028475238860863,Electricity
HadGEM3-GC3-1LL,-3.5,-3.7835,7,LU,LUX,hdd_calendar,0.0363430060505451,Electricity
HadGEM3-GC3-1LL,-2.5,-2.4504,6,LU,LUX,hdd_calendar,0.0202621760604958,Electricity
HadGEM3-GC3-1LL,-1.5,-1.3098,8,LU,LUX,hdd_calendar,0.0118913016474939,Electricity
HadGEM3-GC3-1LL,-0.5,-0.331,6,LU,LUX,hdd_calendar,0.00428503167350385,Electricity
HadGEM3-GC3-1MM,-14.5,-14.3032,4,LU,LUX,hdd_calendar,0.0930656289282342,Electricity
HadGEM3-GC3-1MM,-13.5,-13.3931,8,LU,LUX,hdd_calendar,0.100849802745687,Electricity
HadGEM3-GC3-1MM,-12.5,-12.588,13,LU,LUX,hdd_calendar,0.0898606198962482,Electricity
HadGEM3-GC3-1MM,-11.5,-11.5321,21,LU,LUX,hdd_calendar,0.0882177165766191,Electricity
HadGEM3-GC3-1MM,-10.5,-10.4803,10,LU,LUX,hdd_calendar,0.0702172584514468,Electricity
HadGEM3-GC3-1MM,-9.5,-9.6161,7,LU,LUX,hdd_calendar,0.0566437823058875,Electricity
HadGEM3-GC3-1MM,-8.5,-8.6582,7,LU,LUX,hdd_calendar,0.0468728447174656,Electricity
HadGEM3-GC3-1MM,-7.5,-7.6345,8,LU,LUX,hdd_calendar,0.0473293931350263,Electricity
HadGEM3-GC3-1MM,-6.5,-6.4299,4,LU,LUX,hdd_calendar,0.0363731071199209,Electricity
HadGEM3-GC3-1MM,-5.5,-5.3528,4,LU,LUX,hdd_calendar,0.0249325386988762,Electricity
HadGEM3-GC3-1MM,-4.5,-4.3969,4,LU,LUX,hdd_calendar,0.0184925313961265,Electricity
IPSL-CM6A-LR,-9.5,-9.3401,5,LU,LUX,hdd_calendar,0.069816196649076,Electricity
IPSL-CM6A-LR,-8.5,-8.4598,8,LU,LUX,hdd_calendar,0.0759266950939341,Electricity
IPSL-CM6A-LR,-7.5,-7.5255,19,LU,LUX,hdd_calendar,0.0567331908692285,Electricity
IPSL-CM6A-LR,-6.5,-6.5577,11,LU,LUX,hdd_calendar,0.063383160120287,Electricity
IPSL-CM6A-LR,-5.5,-5.5623,13,LU,LUX,hdd_calendar,0.041194198766377,Electricity
IPSL-CM6A-LR,-4.5,-4.3507,11,LU,LUX,hdd_calendar,0.0241202198712562,Electricity
IPSL-CM6A-LR,-3.5,-3.4644,8,LU,LUX,hdd_calendar,0.0328023561161938,Electricity
IPSL-CM6A-LR,-2.5,-2.5669,9,LU,LUX,hdd_calendar,0.0110409417780187,Electricity
IPSL-CM6A-LR,-1.5,-1.2909,6,LU,LUX,hdd_calendar,0.024127582052311,Electricity
IPSL-CM6A-LR,-0.5,-0.6347,8,LU,LUX,hdd_calendar,0.00206237989385327,Electricity
EC-Earth3,-9.5,-9.1554,4,LV,LVA,hdd_calendar,0.0264037447732482,Electricity
EC-Earth3,-8.5,-8.4726,15,LV,LVA,hdd_calendar,0.0497434616221009,Electricity
EC-Earth3,-7.5,-7.5562,20,LV,LVA,hdd_calendar,0.0358786667679694,Electricity
EC-Earth3,-6.5,-6.4767,21,LV,LVA,hdd_calendar,0.0187995623037598,Electricity
EC-Earth3,-5.5,-5.3342,8,LV,LVA,hdd_calendar,0.0209833902273672,Electricity
EC-Earth3,-4.5,-4.5495,8,LV,LVA,hdd_calendar,0.0330774221111463,Electricity
EC-Earth3,-3.5,-3.3459,9,LV,LVA,hdd_calendar,0.0501363597907958,Electricity
EC-Earth3,-2.5,-2.4493,5,LV,LVA,hdd_calendar,0.0422623487260419,Electricity
EC-Earth3,-1.5,-1.3807,6,LV,LVA,hdd_calendar,0.00499004904205475,Electricity
EC-Earth3,-0.5,-0.6596,3,LV,LVA,hdd_calendar,0.00156238528885284,Electricity
HadGEM3-GC3-1LL,-8.5,-8.3848,12,LV,LVA,hdd_calendar,0.0339103923225858,Electricity
HadGEM3-GC3-1LL,-7.5,-7.5599,19,LV,LVA,hdd_calendar,0.0225743668725188,Electricity
HadGEM3-GC3-1LL,-6.5,-6.5442,24,LV,LVA,hdd_calendar,0.0442148736954982,Electricity
HadGEM3-GC3-1LL,-5.5,-5.5797,10,LV,LVA,hdd_calendar,0.033565972718254,Electricity
HadGEM3-GC3-1LL,-4.5,-4.5263,6,LV,LVA,hdd_calendar,0.0291515344040837,Electricity
HadGEM3-GC3-1LL,-3.5,-3.7835,7,LV,LVA,hdd_calendar,0.0275977041560009,Electricity
HadGEM3-GC3-1LL,-2.5,-2.4504,6,LV,LVA,hdd_calendar,0.0153161882741713,Electricity
HadGEM3-GC3-1LL,-1.5,-1.3098,8,LV,LVA,hdd_calendar,0.00893205899370563,Electricity
HadGEM3-GC3-1LL,-0.5,-0.331,6,LV,LVA,hdd_calendar,0.000333031521738159,Electricity
HadGEM3-GC3-1MM,-14.5,-14.3032,4,LV,LVA,hdd_calendar,0.116844243598549,Electricity
HadGEM3-GC3-1MM,-13.5,-13.3931,8,LV,LVA,hdd_calendar,0.154041206736148,Electricity
HadGEM3-GC3-1MM,-12.5,-12.588,13,LV,LVA,hdd_calendar,0.14463975744451,Electricity
HadGEM3-GC3-1MM,-11.5,-11.5321,21,LV,LVA,hdd_calendar,0.126151475611119,Electricity
HadGEM3-GC3-1MM,-10.5,-10.4803,10,LV,LVA,hdd_calendar,0.122797042261371,Electricity
HadGEM3-GC3-1MM,-9.5,-9.6161,7,LV,LVA,hdd_calendar,0.0819882303751696,Electricity
HadGEM3-GC3-1MM,-8.5,-8.6582,7,LV,LVA,hdd_calendar,0.0873377961523266,Electricity
HadGEM3-GC3-1MM,-7.5,-7.6345,8,LV,LVA,hdd_calendar,0.0685783437564905,Electricity
HadGEM3-GC3-1MM,-6.5,-6.4299,4,LV,LVA,hdd_calendar,0.0437970745802484,Electricity
HadGEM3-GC3-1MM,-5.5,-5.3528,4,LV,LVA,hdd_calendar,0.0338480654024664,Electricity
HadGEM3-GC3-1MM,-4.5,-4.3969,4,LV,LVA,hdd_calendar,0.0334015817387527,Electricity
IPSL-CM6A-LR,-9.5,-9.3401,5,LV,LVA,hdd_calendar,0.105623795071826,Electricity
IPSL-CM6A-LR,-8.5,-8.4598,8,LV,LVA,hdd_calendar,0.105445406629104,Electricity
IPSL-CM6A-LR,-7.5,-7.5255,19,LV,LVA,hdd_calendar,0.0844192598363197,Electricity
IPSL-CM6A-LR,-6.5,-6.5577,11,LV,LVA,hdd_calendar,0.101751660605679,Electricity
IPSL-CM6A-LR,-5.5,-5.5623,13,LV,LVA,hdd_calendar,0.0494516396758364,Electricity
IPSL-CM6A-LR,-4.5,-4.3507,11,LV,LVA,hdd_calendar,0.0347818508982735,Electricity
IPSL-CM6A-LR,-3.5,-3.4644,8,LV,LVA,hdd_calendar,0.0371008260999267,Electricity
IPSL-CM6A-LR,-2.5,-2.5669,9,LV,LVA,hdd_calendar,0.0273422271541839,Electricity
IPSL-CM6A-LR,-1.5,-1.2909,6,LV,LVA,hdd_calendar,0.0410543173263364,Electricity
IPSL-CM6A-LR,-0.5,-0.6347,8,LV,LVA,hdd_calendar,0.0137802695602496,Electricity
EC-Earth3,-9.5,-9.1554,4,MT,MLT,hdd_calendar,0.0161856519727217,Electricity
EC-Earth3,-8.5,-8.4726,15,MT,MLT,hdd_calendar,0.0221264407070471,Electricity
EC-Earth3,-7.5,-7.5562,20,MT,MLT,hdd_calendar,0.0174261357083723,Electricity
EC-Earth3,-6.5,-6.4767,21,MT,MLT,hdd_calendar,0.0157953321205988,Electricity
EC-Earth3,-5.5,-5.3342,8,MT,MLT,hdd_calendar,0.0152392177584857,Electricity
EC-Earth3,-4.5,-4.5495,8,MT,MLT,hdd_calendar,0.0192179301736181,Electricity
EC-Earth3,-3.5,-3.3459,9,MT,MLT,hdd_calendar,0.0140476203735214,Electricity
EC-Earth3,-2.5,-2.4493,5,MT,MLT,hdd_calendar,0.0114090028226719,Electricity
EC-Earth3,-1.5,-1.3807,6,MT,MLT,hdd_calendar,0.00211735423453487,Electricity
EC-Earth3,-0.5,-0.6596,3,MT,MLT,hdd_calendar,-0.00159027911591473,Electricity
HadGEM3-GC3-1LL,-8.5,-8.3848,12,MT,MLT,hdd_calendar,0.0225401659126729,Electricity
HadGEM3-GC3-1LL,-7.5,-7.5599,19,MT,MLT,hdd_calendar,0.0178501007561556,Electricity
HadGEM3-GC3-1LL,-6.5,-6.5442,24,MT,MLT,hdd_calendar,0.0192392994195105,Electricity
HadGEM3-GC3-1LL,-5.5,-5.5797,10,MT,MLT,hdd_calendar,0.0125392995309367,Electricity
HadGEM3-GC3-1LL,-4.5,-4.5263,6,MT,MLT,hdd_calendar,0.0179435640258865,Electricity
HadGEM3-GC3-1LL,-3.5,-3.7835,7,MT,MLT,hdd_calendar,0.0141697670621143,Electricity
HadGEM3-GC3-1LL,-2.5,-2.4504,6,MT,MLT,hdd_calendar,0.0114814724391765,Electricity
HadGEM3-GC3-1LL,-1.5,-1.3098,8,MT,MLT,hdd_calendar,0.00215843221137516,Electricity
HadGEM3-GC3-1LL,-0.5,-0.331,6,MT,MLT,hdd_calendar,0.00273372156748975,Electricity
HadGEM3-GC3-1MM,-14.5,-14.3032,4,MT,MLT,hdd_calendar,0.0411012833536175,Electricity
HadGEM3-GC3-1MM,-13.5,-13.3931,8,MT,MLT,hdd_calendar,0.0409009145503196,Electricity
HadGEM3-GC3-1MM,-12.5,-12.588,13,MT,MLT,hdd_calendar,0.0397418751190877,Electricity
HadGEM3-GC3-1MM,-11.5,-11.5321,21,MT,MLT,hdd_calendar,0.0366242583108672,Electricity
HadGEM3-GC3-1MM,-10.5,-10.4803,10,MT,MLT,hdd_calendar,0.0339794335970111,Electricity
HadGEM3-GC3-1MM,-9.5,-9.6161,7,MT,MLT,hdd_calendar,0.027254703896586,Electricity
HadGEM3-GC3-1MM,-8.5,-8.6582,7,MT,MLT,hdd_calendar,0.0198689113359509,Electricity
HadGEM3-GC3-1MM,-7.5,-7.6345,8,MT,MLT,hdd_calendar,0.0210501305025123,Electricity
HadGEM3-GC3-1MM,-6.5,-6.4299,4,MT,MLT,hdd_calendar,0.0167484281626477,Electricity
HadGEM3-GC3-1MM,-5.5,-5.3528,4,MT,MLT,hdd_calendar,0.00970555170607837,Electricity
HadGEM3-GC3-1MM,-4.5,-4.3969,4,MT,MLT,hdd_calendar,0.00306119883617899,Electricity
IPSL-CM6A-LR,-9.5,-9.3401,5,MT,MLT,hdd_calendar,0.0229568563235567,Electricity
IPSL-CM6A-LR,-8.5,-8.4598,8,MT,MLT,hdd_calendar,0.023028100321888,Electricity
IPSL-CM6A-LR,-7.5,-7.5255,19,MT,MLT,hdd_calendar,0.0188419619149436,Electricity
IPSL-CM6A-LR,-6.5,-6.5577,11,MT,MLT,hdd_calendar,0.0217222041582468,Electricity
IPSL-CM6A-LR,-5.5,-5.5623,13,MT,MLT,hdd_calendar,0.0125968640490112,Electricity
IPSL-CM6A-LR,-4.5,-4.3507,11,MT,MLT,hdd_calendar,0.0069730162206918,Electricity
IPSL-CM6A-LR,-3.5,-3.4644,8,MT,MLT,hdd_calendar,0.00713543039668787,Electricity
IPSL-CM6A-LR,-2.5,-2.5669,9,MT,MLT,hdd_calendar,0.00152150612196508,Electricity
IPSL-CM6A-LR,-1.5,-1.2909,6,MT,MLT,hdd_calendar,0.00693656396405393,Electricity
IPSL-CM6A-LR,-0.5,-0.6347,8,MT,MLT,hdd_calendar,0.000321961986909435,Electricity
EC-Earth3,-9.5,-9.1554,4,NL,NLD,hdd_calendar,0.0433520633527456,Electricity
EC-Earth3,-8.5,-8.4726,15,NL,NLD,hdd_calendar,0.0636886253995441,Electricity
EC-Earth3,-7.5,-7.5562,20,NL,NLD,hdd_calendar,0.0437615683652881,Electricity
EC-Earth3,-6.5,-6.4767,21,NL,NLD,hdd_calendar,0.0330822121884402,Electricity
EC-Earth3,-5.5,-5.3342,8,NL,NLD,hdd_calendar,0.0272217483229485,Electricity
EC-Earth3,-4.5,-4.5495,8,NL,NLD,hdd_calendar,0.0440334844650552,Electricity
EC-Earth3,-3.5,-3.3459,9,NL,NLD,hdd_calendar,0.0331606986300139,Electricity
EC-Earth3,-2.5,-2.4493,5,NL,NLD,hdd_calendar,0.0217553754858669,Electricity
EC-Earth3,-1.5,-1.3807,6,NL,NLD,hdd_calendar,0.00745129140317892,Electricity
EC-Earth3,-0.5,-0.6596,3,NL,NLD,hdd_calendar,0.00723288624469852,Electricity
HadGEM3-GC3-1LL,-8.5,-8.3848,12,NL,NLD,hdd_calendar,0.0448544701640434,Electricity
HadGEM3-GC3-1LL,-7.5,-7.5599,19,NL,NLD,hdd_calendar,0.0397634194532905,Electricity
HadGEM3-GC3-1LL,-6.5,-6.5442,24,NL,NLD,hdd_calendar,0.0417870314063997,Electricity
HadGEM3-GC3-1LL,-5.5,-5.5797,10,NL,NLD,hdd_calendar,0.0315532828869122,Electricity
HadGEM3-GC3-1LL,-4.5,-4.5263,6,NL,NLD,hdd_calendar,0.0299266881962019,Electricity
HadGEM3-GC3-1LL,-3.5,-3.7835,7,NL,NLD,hdd_calendar,0.0404641127053738,Electricity
HadGEM3-GC3-1LL,-2.5,-2.4504,6,NL,NLD,hdd_calendar,0.0247933096039924,Electricity
HadGEM3-GC3-1LL,-1.5,-1.3098,8,NL,NLD,hdd_calendar,0.0126304459869594,Electricity
HadGEM3-GC3-1LL,-0.5,-0.331,6,NL,NLD,hdd_calendar,0.00408904854998266,Electricity
HadGEM3-GC3-1MM,-14.5,-14.3032,4,NL,NLD,hdd_calendar,0.106354962161946,Electricity
HadGEM3-GC3-1MM,-13.5,-13.3931,8,NL,NLD,hdd_calendar,0.117275909707988,Electricity
HadGEM3-GC3-1MM,-12.5,-12.588,13,NL,NLD,hdd_calendar,0.110493570305408,Electricity
HadGEM3-GC3-1MM,-11.5,-11.5321,21,NL,NLD,hdd_calendar,0.104359326496845,Electricity
HadGEM3-GC3-1MM,-10.5,-10.4803,10,NL,NLD,hdd_calendar,0.085063366805663,Electricity
HadGEM3-GC3-1MM,-9.5,-9.6161,7,NL,NLD,hdd_calendar,0.0681282069598989,Electricity
HadGEM3-GC3-1MM,-8.5,-8.6582,7,NL,NLD,hdd_calendar,0.0608957866760267,Electricity
HadGEM3-GC3-1MM,-7.5,-7.6345,8,NL,NLD,hdd_calendar,0.04999418582349,Electricity
HadGEM3-GC3-1MM,-6.5,-6.4299,4,NL,NLD,hdd_calendar,0.036203665125063,Electricity
HadGEM3-GC3-1MM,-5.5,-5.3528,4,NL,NLD,hdd_calendar,0.0296036095977125,Electricity
HadGEM3-GC3-1MM,-4.5,-4.3969,4,NL,NLD,hdd_calendar,0.0256984291897685,Electricity
IPSL-CM6A-LR,-9.5,-9.3401,5,NL,NLD,hdd_calendar,0.0874712100560988,Electricity
IPSL-CM6A-LR,-8.5,-8.4598,8,NL,NLD,hdd_calendar,0.0935267624003253,Electricity
IPSL-CM6A-LR,-7.5,-7.5255,19,NL,NLD,hdd_calendar,0.0707052871824291,Electricity
IPSL-CM6A-LR,-6.5,-6.5577,11,NL,NLD,hdd_calendar,0.0822569779413182,Electricity
IPSL-CM6A-LR,-5.5,-5.5623,13,NL,NLD,hdd_calendar,0.0492327126412306,Electricity
IPSL-CM6A-LR,-4.5,-4.3507,11,NL,NLD,hdd_calendar,0.0290657976120535,Electricity
IPSL-CM6A-LR,-3.5,-3.4644,8,NL,NLD,hdd_calendar,0.0377532085335443,Electricity
IPSL-CM6A-LR,-2.5,-2.5669,9,NL,NLD,hdd_calendar,0.0175644306223996,Electricity
IPSL-CM6A-LR,-1.5,-1.2909,6,NL,NLD,hdd_calendar,0.0254065326897718,Electricity
IPSL-CM6A-LR,-0.5,-0.6347,8,NL,NLD,hdd_calendar,0.0053474037189232,Electricity
EC-Earth3,-9.5,-9.1554,4,NO,NOR,hdd_calendar,0.0496826630534916,Electricity
EC-Earth3,-8.5,-8.4726,15,NO,NOR,hdd_calendar,0.0703868868306352,Electricity
EC-Earth3,-7.5,-7.5562,20,NO,NOR,hdd_calendar,0.054023386364949,Electricity
EC-Earth3,-6.5,-6.4767,21,NO,NOR,hdd_calendar,0.0313616238798586,Electricity
EC-Earth3,-5.5,-5.3342,8,NO,NOR,hdd_calendar,0.0338364536586762,Electricity
EC-Earth3,-4.5,-4.5495,8,NO,NOR,hdd_calendar,0.0554226294493148,Electricity
EC-Earth3,-3.5,-3.3459,9,NO,NOR,hdd_calendar,0.0556748820022141,Electricity
EC-Earth3,-2.5,-2.4493,5,NO,NOR,hdd_calendar,0.0528384293453595,Electricity
EC-Earth3,-1.5,-1.3807,6,NO,NOR,hdd_calendar,0.0200061026288212,Electricity
EC-Earth3,-0.5,-0.6596,3,NO,NOR,hdd_calendar,0.0182873036098124,Electricity
HadGEM3-GC3-1LL,-8.5,-8.3848,12,NO,NOR,hdd_calendar,0.0517799713708807,Electricity
HadGEM3-GC3-1LL,-7.5,-7.5599,19,NO,NOR,hdd_calendar,0.0432148285701982,Electricity
HadGEM3-GC3-1LL,-6.5,-6.5442,24,NO,NOR,hdd_calendar,0.0497518116401073,Electricity
HadGEM3-GC3-1LL,-5.5,-5.5797,10,NO,NOR,hdd_calendar,0.0383373556637657,Electricity
HadGEM3-GC3-1LL,-4.5,-4.5263,6,NO,NOR,hdd_calendar,0.0320855219810892,Electricity
HadGEM3-GC3-1LL,-3.5,-3.7835,7,NO,NOR,hdd_calendar,0.0415628483336738,Electricity
HadGEM3-GC3-1LL,-2.5,-2.4504,6,NO,NOR,hdd_calendar,0.0254329806262698,Electricity
HadGEM3-GC3-1LL,-1.5,-1.3098,8,NO,NOR,hdd_calendar,0.0137271500260569,Electricity
HadGEM3-GC3-1LL,-0.5,-0.331,6,NO,NOR,hdd_calendar,-0.00127470107472544,Electricity
HadGEM3-GC3-1MM,-14.5,-14.3032,4,NO,NOR,hdd_calendar,0.156370768567774,Electricity
HadGEM3-GC3-1MM,-13.5,-13.3931,8,NO,NOR,hdd_calendar,0.180775932803499,Electricity
HadGEM3-GC3-1MM,-12.5,-12.588,13,NO,NOR,hdd_calendar,0.193911070280587,Electricity
HadGEM3-GC3-1MM,-11.5,-11.5321,21,NO,NOR,hdd_calendar,0.161582204917597,Electricity
HadGEM3-GC3-1MM,-10.5,-10.4803,10,NO,NOR,hdd_calendar,0.140404974986509,Electricity
HadGEM3-GC3-1MM,-9.5,-9.6161,7,NO,NOR,hdd_calendar,0.107208304180709,Electricity
HadGEM3-GC3-1MM,-8.5,-8.6582,7,NO,NOR,hdd_calendar,0.103165628052155,Electricity
HadGEM3-GC3-1MM,-7.5,-7.6345,8,NO,NOR,hdd_calendar,0.0789641259743672,Electricity
HadGEM3-GC3-1MM,-6.5,-6.4299,4,NO,NOR,hdd_calendar,0.0489708612953105,Electricity
HadGEM3-GC3-1MM,-5.5,-5.3528,4,NO,NOR,hdd_calendar,0.0485883074569584,Electricity
HadGEM3-GC3-1MM,-4.5,-4.3969,4,NO,NOR,hdd_calendar,0.0345773313724154,Electricity
IPSL-CM6A-LR,-9.5,-9.3401,5,NO,NOR,hdd_calendar,0.135851959922612,Electricity
IPSL-CM6A-LR,-8.5,-8.4598,8,NO,NOR,hdd_calendar,0.148038736649248,Electricity
IPSL-CM6A-LR,-7.5,-7.5255,19,NO,NOR,hdd_calendar,0.123079899121338,Electricity
IPSL-CM6A-LR,-6.5,-6.5577,11,NO,NOR,hdd_calendar,0.136270989174443,Electricity
IPSL-CM6A-LR,-5.5,-5.5623,13,NO,NOR,hdd_calendar,0.0644751113589568,Electricity
IPSL-CM6A-LR,-4.5,-4.3507,11,NO,NOR,hdd_calendar,0.0415739568397716,Electricity
IPSL-CM6A-LR,-3.5,-3.4644,8,NO,NOR,hdd_calendar,0.0462035013097724,Electricity
IPSL-CM6A-LR,-2.5,-2.5669,9,NO,NOR,hdd_calendar,0.0307923315807781,Electricity
IPSL-CM6A-LR,-1.5,-1.2909,6,NO,NOR,hdd_calendar,0.0307160817511704,Electricity
IPSL-CM6A-LR,-0.5,-0.6347,8,NO,NOR,hdd_calendar,0.0174373165089983,Electricity
EC-Earth3,-9.5,-9.1554,4,PL,POL,hdd_calendar,0.0292426390648324,Electricity
EC-Earth3,-8.5,-8.4726,15,PL,POL,hdd_calendar,0.0560531303625317,Electricity
EC-Earth3,-7.5,-7.5562,20,PL,POL,hdd_calendar,0.0413214992641088,Electricity
EC-Earth3,-6.5,-6.4767,21,PL,POL,hdd_calendar,0.025331736657942,Electricity
EC-Earth3,-5.5,-5.3342,8,PL,POL,hdd_calendar,0.0235733309687019,Electricity
EC-Earth3,-4.5,-4.5495,8,PL,POL,hdd_calendar,0.0299846537229876,Electricity
EC-Earth3,-3.5,-3.3459,9,PL,POL,hdd_calendar,0.0355126079428665,Electricity
EC-Earth3,-2.5,-2.4493,5,PL,POL,hdd_calendar,0.0305790519913865,Electricity
EC-Earth3,-1.5,-1.3807,6,PL,POL,hdd_calendar,0.00549956788634375,Electricity
EC-Earth3,-0.5,-0.6596,3,PL,POL,hdd_calendar,-0.000819699647107806,Electricity
HadGEM3-GC3-1LL,-8.5,-8.3848,12,PL,POL,hdd_calendar,0.0384916259741209,Electricity
HadGEM3-GC3-1LL,-7.5,-7.5599,19,PL,POL,hdd_calendar,0.02316071333784,Electricity
HadGEM3-GC3-1LL,-6.5,-6.5442,24,PL,POL,hdd_calendar,0.0385714543828742,Electricity
HadGEM3-GC3-1LL,-5.5,-5.5797,10,PL,POL,hdd_calendar,0.0250774525158403,Electricity
HadGEM3-GC3-1LL,-4.5,-4.5263,6,PL,POL,hdd_calendar,0.027157874412886,Electricity
HadGEM3-GC3-1LL,-3.5,-3.7835,7,PL,POL,hdd_calendar,0.0318320952069078,Electricity
HadGEM3-GC3-1LL,-2.5,-2.4504,6,PL,POL,hdd_calendar,0.0171822681911415,Electricity
HadGEM3-GC3-1LL,-1.5,-1.3098,8,PL,POL,hdd_calendar,0.00904940656818868,Electricity
HadGEM3-GC3-1LL,-0.5,-0.331,6,PL,POL,hdd_calendar,0.00219786266369403,Electricity
HadGEM3-GC3-1MM,-14.5,-14.3032,4,PL,POL,hdd_calendar,0.0843545285583369,Electricity
HadGEM3-GC3-1MM,-13.5,-13.3931,8,PL,POL,hdd_calendar,0.112305729235565,Electricity
HadGEM3-GC3-1MM,-12.5,-12.588,13,PL,POL,hdd_calendar,0.099496000161097,Electricity
HadGEM3-GC3-1MM,-11.5,-11.5321,21,PL,POL,hdd_calendar,0.0903231885276841,Electricity
HadGEM3-GC3-1MM,-10.5,-10.4803,10,PL,POL,hdd_calendar,0.0871484855878373,Electricity
HadGEM3-GC3-1MM,-9.5,-9.6161,7,PL,POL,hdd_calendar,0.057332286022756,Electricity
HadGEM3-GC3-1MM,-8.5,-8.6582,7,PL,POL,hdd_calendar,0.0579818540529831,Electricity
HadGEM3-GC3-1MM,-7.5,-7.6345,8,PL,POL,hdd_calendar,0.0466183555526003,Electricity
HadGEM3-GC3-1MM,-6.5,-6.4299,4,PL,POL,hdd_calendar,0.0321718924798431,Electricity
HadGEM3-GC3-1MM,-5.5,-5.3528,4,PL,POL,hdd_calendar,0.0242664756553999,Electricity
HadGEM3-GC3-1MM,-4.5,-4.3969,4,PL,POL,hdd_calendar,0.027856237860838,Electricity
IPSL-CM6A-LR,-9.5,-9.3401,5,PL,POL,hdd_calendar,0.0750766148009547,Electricity
IPSL-CM6A-LR,-8.5,-8.4598,8,PL,POL,hdd_calendar,0.0734309902701003,Electricity
IPSL-CM6A-LR,-7.5,-7.5255,19,PL,POL,hdd_calendar,0.0584660619051901,Electricity
IPSL-CM6A-LR,-6.5,-6.5577,11,PL,POL,hdd_calendar,0.0689192966122749,Electricity
IPSL-CM6A-LR,-5.5,-5.5623,13,PL,POL,hdd_calendar,0.0385135074945216,Electricity
IPSL-CM6A-LR,-4.5,-4.3507,11,PL,POL,hdd_calendar,0.0212085238601786,Electricity
IPSL-CM6A-LR,-3.5,-3.4644,8,PL,POL,hdd_calendar,0.0258631742994979,Electricity
IPSL-CM6A-LR,-2.5,-2.5669,9,PL,POL,hdd_calendar,0.0177740943557795,Electricity
IPSL-CM6A-LR,-1.5,-1.2909,6,PL,POL,hdd_calendar,0.0238382762945082,Electricity
IPSL-CM6A-LR,-0.5,-0.6347,8,PL,POL,hdd_calendar,0.00168936893322277,Electricity
EC-Earth3,-9.5,-9.1554,4,PT,PRT,hdd_calendar,0.0387837088584481,Electricity
EC-Earth3,-8.5,-8.4726,15,PT,PRT,hdd_calendar,0.0363054309695162,Electricity
EC-Earth3,-7.5,-7.5562,20,PT,PRT,hdd_calendar,0.0295064288077896,Electricity
EC-Earth3,-6.5,-6.4767,21,PT,PRT,hdd_calendar,0.0278111142144239,Electricity
EC-Earth3,-5.5,-5.3342,8,PT,PRT,hdd_calendar,0.0255213640757931,Electricity
EC-Earth3,-4.5,-4.5495,8,PT,PRT,hdd_calendar,0.0245378698790415,Electricity
EC-Earth3,-3.5,-3.3459,9,PT,PRT,hdd_calendar,0.0280237414586587,Electricity
EC-Earth3,-2.5,-2.4493,5,PT,PRT,hdd_calendar,0.0139597949473876,Electricity
EC-Earth3,-1.5,-1.3807,6,PT,PRT,hdd_calendar,0.00780124662212651,Electricity
EC-Earth3,-0.5,-0.6596,3,PT,PRT,hdd_calendar,0.00960432863538759,Electricity
HadGEM3-GC3-1LL,-8.5,-8.3848,12,PT,PRT,hdd_calendar,0.0365237988511305,Electricity
HadGEM3-GC3-1LL,-7.5,-7.5599,19,PT,PRT,hdd_calendar,0.0316440147789998,Electricity
HadGEM3-GC3-1LL,-6.5,-6.5442,24,PT,PRT,hdd_calendar,0.0293034562718746,Electricity
HadGEM3-GC3-1LL,-5.5,-5.5797,10,PT,PRT,hdd_calendar,0.0228602245202073,Electricity
HadGEM3-GC3-1LL,-4.5,-4.5263,6,PT,PRT,hdd_calendar,0.0192421691733992,Electricity
HadGEM3-GC3-1LL,-3.5,-3.7835,7,PT,PRT,hdd_calendar,0.0217930251206279,Electricity
HadGEM3-GC3-1LL,-2.5,-2.4504,6,PT,PRT,hdd_calendar,0.0196605274416404,Electricity
HadGEM3-GC3-1LL,-1.5,-1.3098,8,PT,PRT,hdd_calendar,0.00951044684811453,Electricity
HadGEM3-GC3-1LL,-0.5,-0.331,6,PT,PRT,hdd_calendar,0.00204575441157263,Electricity
HadGEM3-GC3-1MM,-14.5,-14.3032,4,PT,PRT,hdd_calendar,0.076416475837623,Electricity
HadGEM3-GC3-1MM,-13.5,-13.3931,8,PT,PRT,hdd_calendar,0.0764199239477373,Electricity
HadGEM3-GC3-1MM,-12.5,-12.588,13,PT,PRT,hdd_calendar,0.071749989993317,Electricity
HadGEM3-GC3-1MM,-11.5,-11.5321,21,PT,PRT,hdd_calendar,0.0644542363139407,Electricity
HadGEM3-GC3-1MM,-10.5,-10.4803,10,PT,PRT,hdd_calendar,0.0524358578299116,Electricity
HadGEM3-GC3-1MM,-9.5,-9.6161,7,PT,PRT,hdd_calendar,0.0547887549797159,Electricity
HadGEM3-GC3-1MM,-8.5,-8.6582,7,PT,PRT,hdd_calendar,0.0352202827589097,Electricity
HadGEM3-GC3-1MM,-7.5,-7.6345,8,PT,PRT,hdd_calendar,0.0354022497807772,Electricity
HadGEM3-GC3-1MM,-6.5,-6.4299,4,PT,PRT,hdd_calendar,0.0287558777472975,Electricity
HadGEM3-GC3-1MM,-5.5,-5.3528,4,PT,PRT,hdd_calendar,0.0220138346369718,Electricity
HadGEM3-GC3-1MM,-4.5,-4.3969,4,PT,PRT,hdd_calendar,0.00391889829466882,Electricity
IPSL-CM6A-LR,-9.5,-9.3401,5,PT,PRT,hdd_calendar,0.044314999357843,Electricity
IPSL-CM6A-LR,-8.5,-8.4598,8,PT,PRT,hdd_calendar,0.0501622112974362,Electricity
IPSL-CM6A-LR,-7.5,-7.5255,19,PT,PRT,hdd_calendar,0.0391956927825862,Electricity
IPSL-CM6A-LR,-6.5,-6.5577,11,PT,PRT,hdd_calendar,0.0387213260230296,Electricity
IPSL-CM6A-LR,-5.5,-5.5623,13,PT,PRT,hdd_calendar,0.0319585196982862,Electricity
IPSL-CM6A-LR,-4.5,-4.3507,11,PT,PRT,hdd_calendar,0.0216418860670251,Electricity
IPSL-CM6A-LR,-3.5,-3.4644,8,PT,PRT,hdd_calendar,0.0224744275945044,Electricity
IPSL-CM6A-LR,-2.5,-2.5669,9,PT,PRT,hdd_calendar,0.0173073879922065,Electricity
IPSL-CM6A-LR,-1.5,-1.2909,6,PT,PRT,hdd_calendar,0.0158984901995207,Electricity
IPSL-CM6A-LR,-0.5,-0.6347,8,PT,PRT,hdd_calendar,0.00595067388145392,Electricity
EC-Earth3,-9.5,-9.1554,4,RO,ROU,hdd_calendar,0.0180141014581649,Electricity
EC-Earth3,-8.5,-8.4726,15,RO,ROU,hdd_calendar,0.0480430587365125,Electricity
EC-Earth3,-7.5,-7.5562,20,RO,ROU,hdd_calendar,0.033748088847586,Electricity
EC-Earth3,-6.5,-6.4767,21,RO,ROU,hdd_calendar,0.0233092430108158,Electricity
EC-Earth3,-5.5,-5.3342,8,RO,ROU,hdd_calendar,0.0237210964659226,Electricity
EC-Earth3,-4.5,-4.5495,8,RO,ROU,hdd_calendar,0.0224436182646727,Electricity
EC-Earth3,-3.5,-3.3459,9,RO,ROU,hdd_calendar,0.0323778844419121,Electricity
EC-Earth3,-2.5,-2.4493,5,RO,ROU,hdd_calendar,0.0256543679340382,Electricity
EC-Earth3,-1.5,-1.3807,6,RO,ROU,hdd_calendar,0.0110346047107817,Electricity
EC-Earth3,-0.5,-0.6596,3,RO,ROU,hdd_calendar,-0.0100353051228037,Electricity
HadGEM3-GC3-1LL,-8.5,-8.3848,12,RO,ROU,hdd_calendar,0.0372945166961828,Electricity
HadGEM3-GC3-1LL,-7.5,-7.5599,19,RO,ROU,hdd_calendar,0.0223333905716148,Electricity
HadGEM3-GC3-1LL,-6.5,-6.5442,24,RO,ROU,hdd_calendar,0.0339568952130456,Electricity
HadGEM3-GC3-1LL,-5.5,-5.5797,10,RO,ROU,hdd_calendar,0.0174118377710189,Electricity
HadGEM3-GC3-1LL,-4.5,-4.5263,6,RO,ROU,hdd_calendar,0.0293936103725377,Electricity
HadGEM3-GC3-1LL,-3.5,-3.7835,7,RO,ROU,hdd_calendar,0.0288404030411794,Electricity
HadGEM3-GC3-1LL,-2.5,-2.4504,6,RO,ROU,hdd_calendar,0.0162280922495777,Electricity
HadGEM3-GC3-1LL,-1.5,-1.3098,8,RO,ROU,hdd_calendar,0.00722474124945565,Electricity
HadGEM3-GC3-1LL,-0.5,-0.331,6,RO,ROU,hdd_calendar,0.00617349634856717,Electricity
HadGEM3-GC3-1MM,-14.5,-14.3032,4,RO,ROU,hdd_calendar,0.0700490652316032,Electricity
HadGEM3-GC3-1MM,-13.5,-13.3931,8,RO,ROU,hdd_calendar,0.0878947311702949,Electricity
HadGEM3-GC3-1MM,-12.5,-12.588,13,RO,ROU,hdd_calendar,0.07207437328212,Electricity
HadGEM3-GC3-1MM,-11.5,-11.5321,21,RO,ROU,hdd_calendar,0.0711730186598199,Electricity
HadGEM3-GC3-1MM,-10.5,-10.4803,10,RO,ROU,hdd_calendar,0.0726254744705436,Electricity
HadGEM3-GC3-1MM,-9.5,-9.6161,7,RO,ROU,hdd_calendar,0.0475030660541867,Electricity
HadGEM3-GC3-1MM,-8.5,-8.6582,7,RO,ROU,hdd_calendar,0.0472618847305191,Electricity
HadGEM3-GC3-1MM,-7.5,-7.6345,8,RO,ROU,hdd_calendar,0.0431088690783087,Electricity
HadGEM3-GC3-1MM,-6.5,-6.4299,4,RO,ROU,hdd_calendar,0.0257412603089175,Electricity
HadGEM3-GC3-1MM,-5.5,-5.3528,4,RO,ROU,hdd_calendar,0.0239849048473129,Electricity
HadGEM3-GC3-1MM,-4.5,-4.3969,4,RO,ROU,hdd_calendar,0.0212482237225752,Electricity
IPSL-CM6A-LR,-9.5,-9.3401,5,RO,ROU,hdd_calendar,0.0558352657186097,Electricity
IPSL-CM6A-LR,-8.5,-8.4598,8,RO,ROU,hdd_calendar,0.0427893317820988,Electricity
IPSL-CM6A-LR,-7.5,-7.5255,19,RO,ROU,hdd_calendar,0.0366018006934449,Electricity
IPSL-CM6A-LR,-6.5,-6.5577,11,RO,ROU,hdd_calendar,0.0469350225301205,Electricity
IPSL-CM6A-LR,-5.5,-5.5623,13,RO,ROU,hdd_calendar,0.0217894651799154,Electricity
IPSL-CM6A-LR,-4.5,-4.3507,11,RO,ROU,hdd_calendar,0.0113141625680993,Electricity
IPSL-CM6A-LR,-3.5,-3.4644,8,RO,ROU,hdd_calendar,0.0129068725875246,Electricity
IPSL-CM6A-LR,-2.5,-2.5669,9,RO,ROU,hdd_calendar,0.0090359309810935,Electricity
IPSL-CM6A-LR,-1.5,-1.2909,6,RO,ROU,hdd_calendar,0.015805838548829,Electricity
IPSL-CM6A-LR,-0.5,-0.6347,8,RO,ROU,hdd_calendar,0.00122694940925122,Electricity
EC-Earth3,-9.5,-9.1554,4,SE,SWE,hdd_calendar,0.0403691498889838,Electricity
EC-Earth3,-8.5,-8.4726,15,SE,SWE,hdd_calendar,0.0605913651490203,Electricity
EC-Earth3,-7.5,-7.5562,20,SE,SWE,hdd_calendar,0.0467189098989053,Electricity
EC-Earth3,-6.5,-6.4767,21,SE,SWE,hdd_calendar,0.0260831078094883,Electricity
EC-Earth3,-5.5,-5.3342,8,SE,SWE,hdd_calendar,0.0287565487308873,Electricity
EC-Earth3,-4.5,-4.5495,8,SE,SWE,hdd_calendar,0.0469238953855896,Electricity
EC-Earth3,-3.5,-3.3459,9,SE,SWE,hdd_calendar,0.0576600801448072,Electricity
EC-Earth3,-2.5,-2.4493,5,SE,SWE,hdd_calendar,0.0498516950028225,Electricity
EC-Earth3,-1.5,-1.3807,6,SE,SWE,hdd_calendar,0.0149196928878978,Electricity
EC-Earth3,-0.5,-0.6596,3,SE,SWE,hdd_calendar,0.0110280998976473,Electricity
HadGEM3-GC3-1LL,-8.5,-8.3848,12,SE,SWE,hdd_calendar,0.0408594152319321,Electricity
HadGEM3-GC3-1LL,-7.5,-7.5599,19,SE,SWE,hdd_calendar,0.0316310237911639,Electricity
HadGEM3-GC3-1LL,-6.5,-6.5442,24,SE,SWE,hdd_calendar,0.0457863545396794,Electricity
HadGEM3-GC3-1LL,-5.5,-5.5797,10,SE,SWE,hdd_calendar,0.0314267279265024,Electricity
HadGEM3-GC3-1LL,-4.5,-4.5263,6,SE,SWE,hdd_calendar,0.0254780483573848,Electricity
HadGEM3-GC3-1LL,-3.5,-3.7835,7,SE,SWE,hdd_calendar,0.0319030330830962,Electricity
HadGEM3-GC3-1LL,-2.5,-2.4504,6,SE,SWE,hdd_calendar,0.0162781364423171,Electricity
HadGEM3-GC3-1LL,-1.5,-1.3098,8,SE,SWE,hdd_calendar,0.00875900114283598,Electricity
HadGEM3-GC3-1LL,-0.5,-0.331,6,SE,SWE,hdd_calendar,0.000979263272449216,Electricity
HadGEM3-GC3-1MM,-14.5,-14.3032,4,SE,SWE,hdd_calendar,0.143357246866337,Electricity
HadGEM3-GC3-1MM,-13.5,-13.3931,8,SE,SWE,hdd_calendar,0.165545444044492,Electricity
HadGEM3-GC3-1MM,-12.5,-12.588,13,SE,SWE,hdd_calendar,0.171549759336264,Electricity
HadGEM3-GC3-1MM,-11.5,-11.5321,21,SE,SWE,hdd_calendar,0.146405748976002,Electricity
HadGEM3-GC3-1MM,-10.5,-10.4803,10,SE,SWE,hdd_calendar,0.131024139801825,Electricity
HadGEM3-GC3-1MM,-9.5,-9.6161,7,SE,SWE,hdd_calendar,0.0954026088562138,Electricity
HadGEM3-GC3-1MM,-8.5,-8.6582,7,SE,SWE,hdd_calendar,0.095088719005218,Electricity
HadGEM3-GC3-1MM,-7.5,-7.6345,8,SE,SWE,hdd_calendar,0.0748766057758946,Electricity
HadGEM3-GC3-1MM,-6.5,-6.4299,4,SE,SWE,hdd_calendar,0.0429178437779788,Electricity
HadGEM3-GC3-1MM,-5.5,-5.3528,4,SE,SWE,hdd_calendar,0.0443279717072459,Electricity
HadGEM3-GC3-1MM,-4.5,-4.3969,4,SE,SWE,hdd_calendar,0.0289336138448626,Electricity
IPSL-CM6A-LR,-9.5,-9.3401,5,SE,SWE,hdd_calendar,0.123329318632414,Electricity
IPSL-CM6A-LR,-8.5,-8.4598,8,SE,SWE,hdd_calendar,0.128618607717087,Electricity
IPSL-CM6A-LR,-7.5,-7.5255,19,SE,SWE,hdd_calendar,0.107528270160879,Electricity
IPSL-CM6A-LR,-6.5,-6.5577,11,SE,SWE,hdd_calendar,0.12172794174162,Electricity
IPSL-CM6A-LR,-5.5,-5.5623,13,SE,SWE,hdd_calendar,0.0584308539051586,Electricity
IPSL-CM6A-LR,-4.5,-4.3507,11,SE,SWE,hdd_calendar,0.0383895246378727,Electricity
IPSL-CM6A-LR,-3.5,-3.4644,8,SE,SWE,hdd_calendar,0.0447264427674227,Electricity
IPSL-CM6A-LR,-2.5,-2.5669,9,SE,SWE,hdd_calendar,0.0302675478598211,Electricity
IPSL-CM6A-LR,-1.5,-1.2909,6,SE,SWE,hdd_calendar,0.0348625553133802,Electricity
IPSL-CM6A-LR,-0.5,-0.6347,8,SE,SWE,hdd_calendar,0.0122879834180979,Electricity
EC-Earth3,-9.5,-9.1554,4,SI,SVN,hdd_calendar,0.0289805640577157,Electricity
EC-Earth3,-8.5,-8.4726,15,SI,SVN,hdd_calendar,0.0464566485074581,Electricity
EC-Earth3,-7.5,-7.5562,20,SI,SVN,hdd_calendar,0.0335234770908999,Electricity
EC-Earth3,-6.5,-6.4767,21,SI,SVN,hdd_calendar,0.0271337376420862,Electricity
EC-Earth3,-5.5,-5.3342,8,SI,SVN,hdd_calendar,0.0181218316011942,Electricity
EC-Earth3,-4.5,-4.5495,8,SI,SVN,hdd_calendar,0.0299092985381663,Electricity
EC-Earth3,-3.5,-3.3459,9,SI,SVN,hdd_calendar,0.0294162001533943,Electricity
EC-Earth3,-2.5,-2.4493,5,SI,SVN,hdd_calendar,0.01889758182317,Electricity
EC-Earth3,-1.5,-1.3807,6,SI,SVN,hdd_calendar,0.00599208847969111,Electricity
EC-Earth3,-0.5,-0.6596,3,SI,SVN,hdd_calendar,-0.00866422471077652,Electricity
HadGEM3-GC3-1LL,-8.5,-8.3848,12,SI,SVN,hdd_calendar,0.0410488376270197,Electricity
HadGEM3-GC3-1LL,-7.5,-7.5599,19,SI,SVN,hdd_calendar,0.025891150587506,Electricity
HadGEM3-GC3-1LL,-6.5,-6.5442,24,SI,SVN,hdd_calendar,0.0370087336022265,Electricity
HadGEM3-GC3-1LL,-5.5,-5.5797,10,SI,SVN,hdd_calendar,0.0201722083441632,Electricity
HadGEM3-GC3-1LL,-4.5,-4.5263,6,SI,SVN,hdd_calendar,0.030385212287666,Electricity
HadGEM3-GC3-1LL,-3.5,-3.7835,7,SI,SVN,hdd_calendar,0.0279674533908476,Electricity
HadGEM3-GC3-1LL,-2.5,-2.4504,6,SI,SVN,hdd_calendar,0.0197494700441552,Electricity
HadGEM3-GC3-1LL,-1.5,-1.3098,8,SI,SVN,hdd_calendar,0.0104304585418977,Electricity
HadGEM3-GC3-1LL,-0.5,-0.331,6,SI,SVN,hdd_calendar,0.00684261609506369,Electricity
HadGEM3-GC3-1MM,-14.5,-14.3032,4,SI,SVN,hdd_calendar,0.0738672973493688,Electricity
HadGEM3-GC3-1MM,-13.5,-13.3931,8,SI,SVN,hdd_calendar,0.0851445185431629,Electricity
HadGEM3-GC3-1MM,-12.5,-12.588,13,SI,SVN,hdd_calendar,0.0765921057922536,Electricity
HadGEM3-GC3-1MM,-11.5,-11.5321,21,SI,SVN,hdd_calendar,0.0731687102402201,Electricity
HadGEM3-GC3-1MM,-10.5,-10.4803,10,SI,SVN,hdd_calendar,0.0698182655151446,Electricity
HadGEM3-GC3-1MM,-9.5,-9.6161,7,SI,SVN,hdd_calendar,0.0508337167633631,Electricity
HadGEM3-GC3-1MM,-8.5,-8.6582,7,SI,SVN,hdd_calendar,0.0427712338636072,Electricity
HadGEM3-GC3-1MM,-7.5,-7.6345,8,SI,SVN,hdd_calendar,0.0365666858855786,Electricity
HadGEM3-GC3-1MM,-6.5,-6.4299,4,SI,SVN,hdd_calendar,0.0304003280568696,Electricity
HadGEM3-GC3-1MM,-5.5,-5.3528,4,SI,SVN,hdd_calendar,0.0204439007827337,Electricity
HadGEM3-GC3-1MM,-4.5,-4.3969,4,SI,SVN,hdd_calendar,0.0121372171331561,Electricity
IPSL-CM6A-LR,-9.5,-9.3401,5,SI,SVN,hdd_calendar,0.0519616401778194,Electricity
IPSL-CM6A-LR,-8.5,-8.4598,8,SI,SVN,hdd_calendar,0.0461864657819647,Electricity
IPSL-CM6A-LR,-7.5,-7.5255,19,SI,SVN,hdd_calendar,0.0359300156510222,Electricity
IPSL-CM6A-LR,-6.5,-6.5577,11,SI,SVN,hdd_calendar,0.0456485606041405,Electricity
IPSL-CM6A-LR,-5.5,-5.5623,13,SI,SVN,hdd_calendar,0.0239805061771131,Electricity
IPSL-CM6A-LR,-4.5,-4.3507,11,SI,SVN,hdd_calendar,0.0128056099807637,Electricity
IPSL-CM6A-LR,-3.5,-3.4644,8,SI,SVN,hdd_calendar,0.0155828110589522,Electricity
IPSL-CM6A-LR,-2.5,-2.5669,9,SI,SVN,hdd_calendar,0.00577687049326228,Electricity
IPSL-CM6A-LR,-1.5,-1.2909,6,SI,SVN,hdd_calendar,0.0186058530690707,Electricity
IPSL-CM6A-LR,-0.5,-0.6347,8,SI,SVN,hdd_calendar,-0.00319727408227034,Electricity
EC-Earth3,-9.5,-9.1554,4,SK,SVK,hdd_calendar,0.0303857900790906,Electricity
EC-Earth3,-8.5,-8.4726,15,SK,SVK,hdd_calendar,0.0571676900204911,Electricity
EC-Earth3,-7.5,-7.5562,20,SK,SVK,hdd_calendar,0.0408022138809016,Electricity
EC-Earth3,-6.5,-6.4767,21,SK,SVK,hdd_calendar,0.0264163443539901,Electricity
EC-Earth3,-5.5,-5.3342,8,SK,SVK,hdd_calendar,0.0218317557845059,Electricity
EC-Earth3,-4.5,-4.5495,8,SK,SVK,hdd_calendar,0.0286708492157232,Electricity
EC-Earth3,-3.5,-3.3459,9,SK,SVK,hdd_calendar,0.0319898695426764,Electricity
EC-Earth3,-2.5,-2.4493,5,SK,SVK,hdd_calendar,0.0252167748028893,Electricity
EC-Earth3,-1.5,-1.3807,6,SK,SVK,hdd_calendar,0.00658165939393005,Electricity
EC-Earth3,-0.5,-0.6596,3,SK,SVK,hdd_calendar,-0.00784834594244397,Electricity
HadGEM3-GC3-1LL,-8.5,-8.3848,12,SK,SVK,hdd_calendar,0.04208548863483,Electricity
HadGEM3-GC3-1LL,-7.5,-7.5599,19,SK,SVK,hdd_calendar,0.0252331952624064,Electricity
HadGEM3-GC3-1LL,-6.5,-6.5442,24,SK,SVK,hdd_calendar,0.040052632018928,Electricity
HadGEM3-GC3-1LL,-5.5,-5.5797,10,SK,SVK,hdd_calendar,0.02304338440179,Electricity
HadGEM3-GC3-1LL,-4.5,-4.5263,6,SK,SVK,hdd_calendar,0.0325228355357423,Electricity
HadGEM3-GC3-1LL,-3.5,-3.7835,7,SK,SVK,hdd_calendar,0.0333290223188889,Electricity
HadGEM3-GC3-1LL,-2.5,-2.4504,6,SK,SVK,hdd_calendar,0.0212636749835737,Electricity
HadGEM3-GC3-1LL,-1.5,-1.3098,8,SK,SVK,hdd_calendar,0.0110437748198424,Electricity
HadGEM3-GC3-1LL,-0.5,-0.331,6,SK,SVK,hdd_calendar,0.00627727514378981,Electricity
HadGEM3-GC3-1MM,-14.5,-14.3032,4,SK,SVK,hdd_calendar,0.0790957319501336,Electricity
HadGEM3-GC3-1MM,-13.5,-13.3931,8,SK,SVK,hdd_calendar,0.0987225983816856,Electricity
HadGEM3-GC3-1MM,-12.5,-12.588,13,SK,SVK,hdd_calendar,0.0879757897156296,Electricity
HadGEM3-GC3-1MM,-11.5,-11.5321,21,SK,SVK,hdd_calendar,0.080108208910278,Electricity
HadGEM3-GC3-1MM,-10.5,-10.4803,10,SK,SVK,hdd_calendar,0.0808813124747606,Electricity
HadGEM3-GC3-1MM,-9.5,-9.6161,7,SK,SVK,hdd_calendar,0.0529438296842575,Electricity
HadGEM3-GC3-1MM,-8.5,-8.6582,7,SK,SVK,hdd_calendar,0.049143863230881,Electricity
HadGEM3-GC3-1MM,-7.5,-7.6345,8,SK,SVK,hdd_calendar,0.0421226350318988,Electricity
HadGEM3-GC3-1MM,-6.5,-6.4299,4,SK,SVK,hdd_calendar,0.0333418828376934,Electricity
HadGEM3-GC3-1MM,-5.5,-5.3528,4,SK,SVK,hdd_calendar,0.022438902741111,Electricity
HadGEM3-GC3-1MM,-4.5,-4.3969,4,SK,SVK,hdd_calendar,0.0230547352075175,Electricity
IPSL-CM6A-LR,-9.5,-9.3401,5,SK,SVK,hdd_calendar,0.0609871336364049,Electricity
IPSL-CM6A-LR,-8.5,-8.4598,8,SK,SVK,hdd_calendar,0.0580083951816463,Electricity
IPSL-CM6A-LR,-7.5,-7.5255,19,SK,SVK,hdd_calendar,0.0456362219614614,Electricity
IPSL-CM6A-LR,-6.5,-6.5577,11,SK,SVK,hdd_calendar,0.0547854187002,Electricity
IPSL-CM6A-LR,-5.5,-5.5623,13,SK,SVK,hdd_calendar,0.0306283506468038,Electricity
IPSL-CM6A-LR,-4.5,-4.3507,11,SK,SVK,hdd_calendar,0.0167527268630703,Electricity
IPSL-CM6A-LR,-3.5,-3.4644,8,SK,SVK,hdd_calendar,0.0187470578378578,Electricity
IPSL-CM6A-LR,-2.5,-2.5669,9,SK,SVK,hdd_calendar,0.012404585455259,Electricity
IPSL-CM6A-LR,-1.5,-1.2909,6,SK,SVK,hdd_calendar,0.021288762314459,Electricity
IPSL-CM6A-LR,-0.5,-0.6347,8,SK,SVK,hdd_calendar,-0.00183480462631225,Electricity
EC-Earth3,-9.5,-9.1554,4,UK,GBR,hdd_calendar,0.0755242913243836,Electricity
EC-Earth3,-8.5,-8.4726,15,UK,GBR,hdd_calendar,0.0889977163613303,Electricity
EC-Earth3,-7.5,-7.5562,20,UK,GBR,hdd_calendar,0.0712521201696843,Electricity
EC-Earth3,-6.5,-6.4767,21,UK,GBR,hdd_calendar,0.0618456385011229,Electricity
EC-Earth3,-5.5,-5.3342,8,UK,GBR,hdd_calendar,0.0552590026455685,Electricity
EC-Earth3,-4.5,-4.5495,8,UK,GBR,hdd_calendar,0.0670316706666988,Electricity
EC-Earth3,-3.5,-3.3459,9,UK,GBR,hdd_calendar,0.0473298031805535,Electricity
EC-Earth3,-2.5,-2.4493,5,UK,GBR,hdd_calendar,0.0437418861799873,Electricity
EC-Earth3,-1.5,-1.3807,6,UK,GBR,hdd_calendar,0.0190946646142411,Electricity
EC-Earth3,-0.5,-0.6596,3,UK,GBR,hdd_calendar,0.0238036460859012,Electricity
HadGEM3-GC3-1LL,-8.5,-8.3848,12,UK,GBR,hdd_calendar,0.0716575247269558,Electricity
HadGEM3-GC3-1LL,-7.5,-7.5599,19,UK,GBR,hdd_calendar,0.0670999618853942,Electricity
HadGEM3-GC3-1LL,-6.5,-6.5442,24,UK,GBR,hdd_calendar,0.0568926985792708,Electricity
HadGEM3-GC3-1LL,-5.5,-5.5797,10,UK,GBR,hdd_calendar,0.0495274608214839,Electricity
HadGEM3-GC3-1LL,-4.5,-4.5263,6,UK,GBR,hdd_calendar,0.0443815012869656,Electricity
HadGEM3-GC3-1LL,-3.5,-3.7835,7,UK,GBR,hdd_calendar,0.0567745868290327,Electricity
HadGEM3-GC3-1LL,-2.5,-2.4504,6,UK,GBR,hdd_calendar,0.0489625299157371,Electricity
HadGEM3-GC3-1LL,-1.5,-1.3098,8,UK,GBR,hdd_calendar,0.0270734982264684,Electricity
HadGEM3-GC3-1LL,-0.5,-0.331,6,UK,GBR,hdd_calendar,0.00971642017175054,Electricity
HadGEM3-GC3-1MM,-14.5,-14.3032,4,UK,GBR,hdd_calendar,0.153200520213426,Electricity
HadGEM3-GC3-1MM,-13.5,-13.3931,8,UK,GBR,hdd_calendar,0.152346637680104,Electricity
HadGEM3-GC3-1MM,-12.5,-12.588,13,UK,GBR,hdd_calendar,0.156242927555484,Electricity
HadGEM3-GC3-1MM,-11.5,-11.5321,21,UK,GBR,hdd_calendar,0.145599431723824,Electricity
HadGEM3-GC3-1MM,-10.5,-10.4803,10,UK,GBR,hdd_calendar,0.114616428972944,Electricity
HadGEM3-GC3-1MM,-9.5,-9.6161,7,UK,GBR,hdd_calendar,0.100904786123185,Electricity
HadGEM3-GC3-1MM,-8.5,-8.6582,7,UK,GBR,hdd_calendar,0.088419160761024,Electricity
HadGEM3-GC3-1MM,-7.5,-7.6345,8,UK,GBR,hdd_calendar,0.0737383380310955,Electricity
HadGEM3-GC3-1MM,-6.5,-6.4299,4,UK,GBR,hdd_calendar,0.0478961878840781,Electricity
HadGEM3-GC3-1MM,-5.5,-5.3528,4,UK,GBR,hdd_calendar,0.0395639136659229,Electricity
HadGEM3-GC3-1MM,-4.5,-4.3969,4,UK,GBR,hdd_calendar,0.0219225435918927,Electricity
IPSL-CM6A-LR,-9.5,-9.3401,5,UK,GBR,hdd_calendar,0.108018442311662,Electricity
IPSL-CM6A-LR,-8.5,-8.4598,8,UK,GBR,hdd_calendar,0.128379868028149,Electricity
IPSL-CM6A-LR,-7.5,-7.5255,19,UK,GBR,hdd_calendar,0.100143573878988,Electricity
IPSL-CM6A-LR,-6.5,-6.5577,11,UK,GBR,hdd_calendar,0.113662290308246,Electricity
IPSL-CM6A-LR,-5.5,-5.5623,13,UK,GBR,hdd_calendar,0.0761905593906235,Electricity
IPSL-CM6A-LR,-4.5,-4.3507,11,UK,GBR,hdd_calendar,0.0451856378424766,Electricity
IPSL-CM6A-LR,-3.5,-3.4644,8,UK,GBR,hdd_calendar,0.0588035852892933,Electricity
IPSL-CM6A-LR,-2.5,-2.5669,9,UK,GBR,hdd_calendar,0.0308861760911851,Electricity
IPSL-CM6A-LR,-1.5,-1.2909,6,UK,GBR,hdd_calendar,0.0292932424105632,Electricity
IPSL-CM6A-LR,-0.5,-0.6347,8,UK,GBR,hdd_calendar,0.0151266354100524,Electricity
EC-Earth3,-9.5,-9.1554,4,AT,AUT,cdd_jja,-0.00869187331067263,Electricity
EC-Earth3,-8.5,-8.4726,15,AT,AUT,cdd_jja,-0.00694993084610429,Electricity
EC-Earth3,-7.5,-7.5562,20,AT,AUT,cdd_jja,-0.007110874501126,Electricity
EC-Earth3,-6.5,-6.4767,21,AT,AUT,cdd_jja,-0.00285690253321876,Electricity
EC-Earth3,-5.5,-5.3342,8,AT,AUT,cdd_jja,-0.000866086221616845,Electricity
EC-Earth3,-4.5,-4.5495,8,AT,AUT,cdd_jja,-0.0036384606238242,Electricity
EC-Earth3,-3.5,-3.3459,9,AT,AUT,cdd_jja,-0.00260829038318522,Electricity
EC-Earth3,-2.5,-2.4493,5,AT,AUT,cdd_jja,-0.0037266525128361,Electricity
EC-Earth3,-1.5,-1.3807,6,AT,AUT,cdd_jja,-0.00254439269900993,Electricity
EC-Earth3,-0.5,-0.6596,3,AT,AUT,cdd_jja,0.00808674261425766,Electricity
HadGEM3-GC3-1LL,-8.5,-8.3848,12,AT,AUT,cdd_jja,-0.00427346839440987,Electricity
HadGEM3-GC3-1LL,-7.5,-7.5599,19,AT,AUT,cdd_jja,-0.0023944403179897,Electricity
HadGEM3-GC3-1LL,-6.5,-6.5442,24,AT,AUT,cdd_jja,-0.0051362397873596,Electricity
HadGEM3-GC3-1LL,-5.5,-5.5797,10,AT,AUT,cdd_jja,-0.00191422632292492,Electricity
HadGEM3-GC3-1LL,-4.5,-4.5263,6,AT,AUT,cdd_jja,-0.00521278615986993,Electricity
HadGEM3-GC3-1LL,-3.5,-3.7835,7,AT,AUT,cdd_jja,-0.0041108673250546,Electricity
HadGEM3-GC3-1LL,-2.5,-2.4504,6,AT,AUT,cdd_jja,-0.00340507051595938,Electricity
HadGEM3-GC3-1LL,-1.5,-1.3098,8,AT,AUT,cdd_jja,-0.000572331339077214,Electricity
HadGEM3-GC3-1LL,-0.5,-0.331,6,AT,AUT,cdd_jja,-0.00285611744221866,Electricity
HadGEM3-GC3-1MM,-14.5,-14.3032,4,AT,AUT,cdd_jja,-0.00576823804244487,Electricity
HadGEM3-GC3-1MM,-13.5,-13.3931,8,AT,AUT,cdd_jja,-0.00630131483151679,Electricity
HadGEM3-GC3-1MM,-12.5,-12.588,13,AT,AUT,cdd_jja,-0.0051554745168622,Electricity
HadGEM3-GC3-1MM,-11.5,-11.5321,21,AT,AUT,cdd_jja,-0.00705465326228509,Electricity
HadGEM3-GC3-1MM,-10.5,-10.4803,10,AT,AUT,cdd_jja,-0.00927052899391736,Electricity
HadGEM3-GC3-1MM,-9.5,-9.6161,7,AT,AUT,cdd_jja,-0.00192565375859313,Electricity
HadGEM3-GC3-1MM,-8.5,-8.6582,7,AT,AUT,cdd_jja,-0.00486028030082237,Electricity
HadGEM3-GC3-1MM,-7.5,-7.6345,8,AT,AUT,cdd_jja,-0.00738225429016262,Electricity
HadGEM3-GC3-1MM,-6.5,-6.4299,4,AT,AUT,cdd_jja,-0.00234087966531581,Electricity
HadGEM3-GC3-1MM,-5.5,-5.3528,4,AT,AUT,cdd_jja,-0.0032048286947657,Electricity
HadGEM3-GC3-1MM,-4.5,-4.3969,4,AT,AUT,cdd_jja,-0.00103178403880587,Electricity
IPSL-CM6A-LR,-9.5,-9.3401,5,AT,AUT,cdd_jja,-0.00749543824267789,Electricity
IPSL-CM6A-LR,-8.5,-8.4598,8,AT,AUT,cdd_jja,-0.00794102100140466,Electricity
IPSL-CM6A-LR,-7.5,-7.5255,19,AT,AUT,cdd_jja,-0.00606892789548543,Electricity
IPSL-CM6A-LR,-6.5,-6.5577,11,AT,AUT,cdd_jja,-0.00564319049259466,Electricity
IPSL-CM6A-LR,-5.5,-5.5623,13,AT,AUT,cdd_jja,-0.00550261558740903,Electricity
IPSL-CM6A-LR,-4.5,-4.3507,11,AT,AUT,cdd_jja,-0.00280142276921128,Electricity
IPSL-CM6A-LR,-3.5,-3.4644,8,AT,AUT,cdd_jja,-0.00514823423319455,Electricity
IPSL-CM6A-LR,-2.5,-2.5669,9,AT,AUT,cdd_jja,-0.0035272393988092,Electricity
IPSL-CM6A-LR,-1.5,-1.2909,6,AT,AUT,cdd_jja,-0.00320539570493244,Electricity
IPSL-CM6A-LR,-0.5,-0.6347,8,AT,AUT,cdd_jja,-0.000245297321366427,Electricity
EC-Earth3,-9.5,-9.1554,4,BE,BEL,cdd_jja,-0.00593903895113458,Electricity
EC-Earth3,-8.5,-8.4726,15,BE,BEL,cdd_jja,-0.00577033161844515,Electricity
EC-Earth3,-7.5,-7.5562,20,BE,BEL,cdd_jja,-0.00534537930655448,Electricity
EC-Earth3,-6.5,-6.4767,21,BE,BEL,cdd_jja,-0.00376080397134071,Electricity
EC-Earth3,-5.5,-5.3342,8,BE,BEL,cdd_jja,-0.00317102616559447,Electricity
EC-Earth3,-4.5,-4.5495,8,BE,BEL,cdd_jja,-0.00411775867938886,Electricity
EC-Earth3,-3.5,-3.3459,9,BE,BEL,cdd_jja,-0.00160359198388301,Electricity
EC-Earth3,-2.5,-2.4493,5,BE,BEL,cdd_jja,-0.0042543645134073,Electricity
EC-Earth3,-1.5,-1.3807,6,BE,BEL,cdd_jja,-0.00131550720301081,Electricity
EC-Earth3,-0.5,-0.6596,3,BE,BEL,cdd_jja,-0.00037632028605077,Electricity
HadGEM3-GC3-1LL,-8.5,-8.3848,12,BE,BEL,cdd_jja,-0.00339355584795783,Electricity
HadGEM3-GC3-1LL,-7.5,-7.5599,19,BE,BEL,cdd_jja,-0.00406825433021552,Electricity
HadGEM3-GC3-1LL,-6.5,-6.5442,24,BE,BEL,cdd_jja,-0.00368526077066385,Electricity
HadGEM3-GC3-1LL,-5.5,-5.5797,10,BE,BEL,cdd_jja,-0.0029207129850607,Electricity
HadGEM3-GC3-1LL,-4.5,-4.5263,6,BE,BEL,cdd_jja,-0.00336703721862092,Electricity
HadGEM3-GC3-1LL,-3.5,-3.7835,7,BE,BEL,cdd_jja,-0.00462754443545764,Electricity
HadGEM3-GC3-1LL,-2.5,-2.4504,6,BE,BEL,cdd_jja,-0.00223807636046861,Electricity
HadGEM3-GC3-1LL,-1.5,-1.3098,8,BE,BEL,cdd_jja,-0.00072546770026454,Electricity
HadGEM3-GC3-1LL,-0.5,-0.331,6,BE,BEL,cdd_jja,-0.00112167695831799,Electricity
HadGEM3-GC3-1MM,-14.5,-14.3032,4,BE,BEL,cdd_jja,-0.00755868168435308,Electricity
HadGEM3-GC3-1MM,-13.5,-13.3931,8,BE,BEL,cdd_jja,-0.00789483148089843,Electricity
HadGEM3-GC3-1MM,-12.5,-12.588,13,BE,BEL,cdd_jja,-0.00629267883051562,Electricity
HadGEM3-GC3-1MM,-11.5,-11.5321,21,BE,BEL,cdd_jja,-0.00712317426012766,Electricity
HadGEM3-GC3-1MM,-10.5,-10.4803,10,BE,BEL,cdd_jja,-0.00707205611278743,Electricity
HadGEM3-GC3-1MM,-9.5,-9.6161,7,BE,BEL,cdd_jja,-0.00476864273464334,Electricity
HadGEM3-GC3-1MM,-8.5,-8.6582,7,BE,BEL,cdd_jja,-0.00537647763339201,Electricity
HadGEM3-GC3-1MM,-7.5,-7.6345,8,BE,BEL,cdd_jja,-0.00612645761932653,Electricity
HadGEM3-GC3-1MM,-6.5,-6.4299,4,BE,BEL,cdd_jja,-0.00324229498193742,Electricity
HadGEM3-GC3-1MM,-5.5,-5.3528,4,BE,BEL,cdd_jja,-0.00431486013658212,Electricity
HadGEM3-GC3-1MM,-4.5,-4.3969,4,BE,BEL,cdd_jja,-0.00171141114789756,Electricity
IPSL-CM6A-LR,-9.5,-9.3401,5,BE,BEL,cdd_jja,-0.00572104535010517,Electricity
IPSL-CM6A-LR,-8.5,-8.4598,8,BE,BEL,cdd_jja,-0.00652681041321387,Electricity
IPSL-CM6A-LR,-7.5,-7.5255,19,BE,BEL,cdd_jja,-0.00498654910333941,Electricity
IPSL-CM6A-LR,-6.5,-6.5577,11,BE,BEL,cdd_jja,-0.00499191389184013,Electricity
IPSL-CM6A-LR,-5.5,-5.5623,13,BE,BEL,cdd_jja,-0.00426522493890876,Electricity
IPSL-CM6A-LR,-4.5,-4.3507,11,BE,BEL,cdd_jja,-0.00373262792767024,Electricity
IPSL-CM6A-LR,-3.5,-3.4644,8,BE,BEL,cdd_jja,-0.00471617248613627,Electricity
IPSL-CM6A-LR,-2.5,-2.5669,9,BE,BEL,cdd_jja,-0.00205807244061099,Electricity
IPSL-CM6A-LR,-1.5,-1.2909,6,BE,BEL,cdd_jja,-0.00323924185027034,Electricity
IPSL-CM6A-LR,-0.5,-0.6347,8,BE,BEL,cdd_jja,-0.00149053887986776,Electricity
EC-Earth3,-9.5,-9.1554,4,BG,BGR,cdd_jja,-0.0103259529950598,Electricity
EC-Earth3,-8.5,-8.4726,15,BG,BGR,cdd_jja,-0.0102962503855557,Electricity
EC-Earth3,-7.5,-7.5562,20,BG,BGR,cdd_jja,-0.0114632009248799,Electricity
EC-Earth3,-6.5,-6.4767,21,BG,BGR,cdd_jja,-0.00844723023180629,Electricity
EC-Earth3,-5.5,-5.3342,8,BG,BGR,cdd_jja,-0.00661325765555887,Electricity
EC-Earth3,-4.5,-4.5495,8,BG,BGR,cdd_jja,-0.00582258378611887,Electricity
EC-Earth3,-3.5,-3.3459,9,BG,BGR,cdd_jja,-0.00975427589848263,Electricity
EC-Earth3,-2.5,-2.4493,5,BG,BGR,cdd_jja,-0.00129775542317508,Electricity
EC-Earth3,-1.5,-1.3807,6,BG,BGR,cdd_jja,-0.00538415407872638,Electricity
EC-Earth3,-0.5,-0.6596,3,BG,BGR,cdd_jja,0.00387896016685665,Electricity
HadGEM3-GC3-1LL,-8.5,-8.3848,12,BG,BGR,cdd_jja,-0.00885172656152753,Electricity
HadGEM3-GC3-1LL,-7.5,-7.5599,19,BG,BGR,cdd_jja,-0.00286632362522003,Electricity
HadGEM3-GC3-1LL,-6.5,-6.5442,24,BG,BGR,cdd_jja,-0.00942863759810536,Electricity
HadGEM3-GC3-1LL,-5.5,-5.5797,10,BG,BGR,cdd_jja,-0.00215690667429099,Electricity
HadGEM3-GC3-1LL,-4.5,-4.5263,6,BG,BGR,cdd_jja,-0.00691547407443297,Electricity
HadGEM3-GC3-1LL,-3.5,-3.7835,7,BG,BGR,cdd_jja,-0.00428062144574417,Electricity
HadGEM3-GC3-1LL,-2.5,-2.4504,6,BG,BGR,cdd_jja,-0.00469410270579995,Electricity
HadGEM3-GC3-1LL,-1.5,-1.3098,8,BG,BGR,cdd_jja,-0.00610133470732314,Electricity
HadGEM3-GC3-1LL,-0.5,-0.331,6,BG,BGR,cdd_jja,-0.00176841747773858,Electricity
HadGEM3-GC3-1MM,-14.5,-14.3032,4,BG,BGR,cdd_jja,-0.00562365044992536,Electricity
HadGEM3-GC3-1MM,-13.5,-13.3931,8,BG,BGR,cdd_jja,-0.00519970130986816,Electricity
HadGEM3-GC3-1MM,-12.5,-12.588,13,BG,BGR,cdd_jja,-0.00962722200496549,Electricity
HadGEM3-GC3-1MM,-11.5,-11.5321,21,BG,BGR,cdd_jja,-0.00659197296622267,Electricity
HadGEM3-GC3-1MM,-10.5,-10.4803,10,BG,BGR,cdd_jja,-0.00789090602589791,Electricity
HadGEM3-GC3-1MM,-9.5,-9.6161,7,BG,BGR,cdd_jja,-0.00277590731170783,Electricity
HadGEM3-GC3-1MM,-8.5,-8.6582,7,BG,BGR,cdd_jja,-0.00394281423486526,Electricity
HadGEM3-GC3-1MM,-7.5,-7.6345,8,BG,BGR,cdd_jja,-0.00717529557930136,Electricity
HadGEM3-GC3-1MM,-6.5,-6.4299,4,BG,BGR,cdd_jja,-0.00688686186909578,Electricity
HadGEM3-GC3-1MM,-5.5,-5.3528,4,BG,BGR,cdd_jja,-0.00292620862206145,Electricity
HadGEM3-GC3-1MM,-4.5,-4.3969,4,BG,BGR,cdd_jja,-0.00213126036828753,Electricity
IPSL-CM6A-LR,-9.5,-9.3401,5,BG,BGR,cdd_jja,-0.0143523358052696,Electricity
IPSL-CM6A-LR,-8.5,-8.4598,8,BG,BGR,cdd_jja,-0.0112899138946898,Electricity
IPSL-CM6A-LR,-7.5,-7.5255,19,BG,BGR,cdd_jja,-0.00983849871632732,Electricity
IPSL-CM6A-LR,-6.5,-6.5577,11,BG,BGR,cdd_jja,-0.0107165357676124,Electricity
IPSL-CM6A-LR,-5.5,-5.5623,13,BG,BGR,cdd_jja,-0.00734068808332368,Electricity
IPSL-CM6A-LR,-4.5,-4.3507,11,BG,BGR,cdd_jja,-0.00563660445142711,Electricity
IPSL-CM6A-LR,-3.5,-3.4644,8,BG,BGR,cdd_jja,-0.00499060540683996,Electricity
IPSL-CM6A-LR,-2.5,-2.5669,9,BG,BGR,cdd_jja,-0.00526974887354428,Electricity
IPSL-CM6A-LR,-1.5,-1.2909,6,BG,BGR,cdd_jja,-0.00439288945875932,Electricity
IPSL-CM6A-LR,-0.5,-0.6347,8,BG,BGR,cdd_jja,0.00156045559504386,Electricity
EC-Earth3,-9.5,-9.1554,4,CY,CYP,cdd_jja,-0.0126889896730452,Electricity
EC-Earth3,-8.5,-8.4726,15,CY,CYP,cdd_jja,-0.012037276910624,Electricity
EC-Earth3,-7.5,-7.5562,20,CY,CYP,cdd_jja,-0.014112926666404,Electricity
EC-Earth3,-6.5,-6.4767,21,CY,CYP,cdd_jja,-0.0108062106062912,Electricity
EC-Earth3,-5.5,-5.3342,8,CY,CYP,cdd_jja,-0.0108310718212946,Electricity
EC-Earth3,-4.5,-4.5495,8,CY,CYP,cdd_jja,-0.00680660812241829,Electricity
EC-Earth3,-3.5,-3.3459,9,CY,CYP,cdd_jja,-0.0114953460397175,Electricity
EC-Earth3,-2.5,-2.4493,5,CY,CYP,cdd_jja,-0.00246126028533205,Electricity
EC-Earth3,-1.5,-1.3807,6,CY,CYP,cdd_jja,-0.00303852025124326,Electricity
EC-Earth3,-0.5,-0.6596,3,CY,CYP,cdd_jja,0.00215468224979069,Electricity
HadGEM3-GC3-1LL,-8.5,-8.3848,12,CY,CYP,cdd_jja,-0.01084659917663,Electricity
HadGEM3-GC3-1LL,-7.5,-7.5599,19,CY,CYP,cdd_jja,-0.0106533795582706,Electricity
HadGEM3-GC3-1LL,-6.5,-6.5442,24,CY,CYP,cdd_jja,-0.0112845927223558,Electricity
HadGEM3-GC3-1LL,-5.5,-5.5797,10,CY,CYP,cdd_jja,-0.00849935155097999,Electricity
HadGEM3-GC3-1LL,-4.5,-4.5263,6,CY,CYP,cdd_jja,-0.00733427650682281,Electricity
HadGEM3-GC3-1LL,-3.5,-3.7835,7,CY,CYP,cdd_jja,-0.00582668370578609,Electricity
HadGEM3-GC3-1LL,-2.5,-2.4504,6,CY,CYP,cdd_jja,-0.00364871042299225,Electricity
HadGEM3-GC3-1LL,-1.5,-1.3098,8,CY,CYP,cdd_jja,-0.00412896803422371,Electricity
HadGEM3-GC3-1LL,-0.5,-0.331,6,CY,CYP,cdd_jja,-0.000871363777784223,Electricity
HadGEM3-GC3-1MM,-14.5,-14.3032,4,CY,CYP,cdd_jja,-0.017653643460715,Electricity
HadGEM3-GC3-1MM,-13.5,-13.3931,8,CY,CYP,cdd_jja,-0.0167751702477632,Electricity
HadGEM3-GC3-1MM,-12.5,-12.588,13,CY,CYP,cdd_jja,-0.0222831942398396,Electricity
HadGEM3-GC3-1MM,-11.5,-11.5321,21,CY,CYP,cdd_jja,-0.0176785919080517,Electricity
HadGEM3-GC3-1MM,-10.5,-10.4803,10,CY,CYP,cdd_jja,-0.0162283543661894,Electricity
HadGEM3-GC3-1MM,-9.5,-9.6161,7,CY,CYP,cdd_jja,-0.0134691956624838,Electricity
HadGEM3-GC3-1MM,-8.5,-8.6582,7,CY,CYP,cdd_jja,-0.0103038395985568,Electricity
HadGEM3-GC3-1MM,-7.5,-7.6345,8,CY,CYP,cdd_jja,-0.0118290533309292,Electricity
HadGEM3-GC3-1MM,-6.5,-6.4299,4,CY,CYP,cdd_jja,-0.00853014456465081,Electricity
HadGEM3-GC3-1MM,-5.5,-5.3528,4,CY,CYP,cdd_jja,-0.00466959042012998,Electricity
HadGEM3-GC3-1MM,-4.5,-4.3969,4,CY,CYP,cdd_jja,-0.0015489409270423,Electricity
IPSL-CM6A-LR,-9.5,-9.3401,5,CY,CYP,cdd_jja,-0.019849979149678,Electricity
IPSL-CM6A-LR,-8.5,-8.4598,8,CY,CYP,cdd_jja,-0.0140480694265619,Electricity
IPSL-CM6A-LR,-7.5,-7.5255,19,CY,CYP,cdd_jja,-0.0132381608276193,Electricity
IPSL-CM6A-LR,-6.5,-6.5577,11,CY,CYP,cdd_jja,-0.0149937987685228,Electricity
IPSL-CM6A-LR,-5.5,-5.5623,13,CY,CYP,cdd_jja,-0.00916742037590345,Electricity
IPSL-CM6A-LR,-4.5,-4.3507,11,CY,CYP,cdd_jja,-0.00925888347741579,Electricity
IPSL-CM6A-LR,-3.5,-3.4644,8,CY,CYP,cdd_jja,-0.00471272680896913,Electricity
IPSL-CM6A-LR,-2.5,-2.5669,9,CY,CYP,cdd_jja,-0.00761747627702768,Electricity
IPSL-CM6A-LR,-1.5,-1.2909,6,CY,CYP,cdd_jja,-0.00498048645617192,Electricity
IPSL-CM6A-LR,-0.5,-0.6347,8,CY,CYP,cdd_jja,0.000834071955279192,Electricity
EC-Earth3,-9.5,-9.1554,4,CZ,CZE,cdd_jja,-0.00803178624425024,Electricity
EC-Earth3,-8.5,-8.4726,15,CZ,CZE,cdd_jja,-0.00734504969999093,Electricity
EC-Earth3,-7.5,-7.5562,20,CZ,CZE,cdd_jja,-0.00693457795543555,Electricity
EC-Earth3,-6.5,-6.4767,21,CZ,CZE,cdd_jja,-0.003152707375592,Electricity
EC-Earth3,-5.5,-5.3342,8,CZ,CZE,cdd_jja,-0.00177495990273946,Electricity
EC-Earth3,-4.5,-4.5495,8,CZ,CZE,cdd_jja,-0.0040339720232109,Electricity
EC-Earth3,-3.5,-3.3459,9,CZ,CZE,cdd_jja,-0.00244045537382924,Electricity
EC-Earth3,-2.5,-2.4493,5,CZ,CZE,cdd_jja,-0.00451440409910904,Electricity
EC-Earth3,-1.5,-1.3807,6,CZ,CZE,cdd_jja,-0.00260497555451811,Electricity
EC-Earth3,-0.5,-0.6596,3,CZ,CZE,cdd_jja,0.0062648953323452,Electricity
HadGEM3-GC3-1LL,-8.5,-8.3848,12,CZ,CZE,cdd_jja,-0.00408029239221714,Electricity
HadGEM3-GC3-1LL,-7.5,-7.5599,19,CZ,CZE,cdd_jja,-0.00274153777236986,Electricity
HadGEM3-GC3-1LL,-6.5,-6.5442,24,CZ,CZE,cdd_jja,-0.0047485356818073,Electricity
HadGEM3-GC3-1LL,-5.5,-5.5797,10,CZ,CZE,cdd_jja,-0.00211904784161922,Electricity
HadGEM3-GC3-1LL,-4.5,-4.5263,6,CZ,CZE,cdd_jja,-0.00488710424332599,Electricity
HadGEM3-GC3-1LL,-3.5,-3.7835,7,CZ,CZE,cdd_jja,-0.00441295289542869,Electricity
HadGEM3-GC3-1LL,-2.5,-2.4504,6,CZ,CZE,cdd_jja,-0.00364548282665848,Electricity
HadGEM3-GC3-1LL,-1.5,-1.3098,8,CZ,CZE,cdd_jja,-0.000684337655092325,Electricity
HadGEM3-GC3-1LL,-0.5,-0.331,6,CZ,CZE,cdd_jja,-0.00326414668144037,Electricity
HadGEM3-GC3-1MM,-14.5,-14.3032,4,CZ,CZE,cdd_jja,-0.00699808309411079,Electricity
HadGEM3-GC3-1MM,-13.5,-13.3931,8,CZ,CZE,cdd_jja,-0.0078140107240542,Electricity
HadGEM3-GC3-1MM,-12.5,-12.588,13,CZ,CZE,cdd_jja,-0.00607294058281931,Electricity
HadGEM3-GC3-1MM,-11.5,-11.5321,21,CZ,CZE,cdd_jja,-0.00814204791359845,Electricity
HadGEM3-GC3-1MM,-10.5,-10.4803,10,CZ,CZE,cdd_jja,-0.0100273567180195,Electricity
HadGEM3-GC3-1MM,-9.5,-9.6161,7,CZ,CZE,cdd_jja,-0.00180823903791062,Electricity
HadGEM3-GC3-1MM,-8.5,-8.6582,7,CZ,CZE,cdd_jja,-0.00602976057781348,Electricity
HadGEM3-GC3-1MM,-7.5,-7.6345,8,CZ,CZE,cdd_jja,-0.00806885998592191,Electricity
HadGEM3-GC3-1MM,-6.5,-6.4299,4,CZ,CZE,cdd_jja,-0.00243613737332866,Electricity
HadGEM3-GC3-1MM,-5.5,-5.3528,4,CZ,CZE,cdd_jja,-0.00352087143847501,Electricity
HadGEM3-GC3-1MM,-4.5,-4.3969,4,CZ,CZE,cdd_jja,-0.00222590744996697,Electricity
IPSL-CM6A-LR,-9.5,-9.3401,5,CZ,CZE,cdd_jja,-0.00784519628322507,Electricity
IPSL-CM6A-LR,-8.5,-8.4598,8,CZ,CZE,cdd_jja,-0.00764709165419835,Electricity
IPSL-CM6A-LR,-7.5,-7.5255,19,CZ,CZE,cdd_jja,-0.0061576431784974,Electricity
IPSL-CM6A-LR,-6.5,-6.5577,11,CZ,CZE,cdd_jja,-0.00555307949224917,Electricity
IPSL-CM6A-LR,-5.5,-5.5623,13,CZ,CZE,cdd_jja,-0.00563211198625983,Electricity
IPSL-CM6A-LR,-4.5,-4.3507,11,CZ,CZE,cdd_jja,-0.00343307209496316,Electricity
IPSL-CM6A-LR,-3.5,-3.4644,8,CZ,CZE,cdd_jja,-0.00540866636439636,Electricity
IPSL-CM6A-LR,-2.5,-2.5669,9,CZ,CZE,cdd_jja,-0.0039008118663596,Electricity
IPSL-CM6A-LR,-1.5,-1.2909,6,CZ,CZE,cdd_jja,-0.00381763583651504,Electricity
IPSL-CM6A-LR,-0.5,-0.6347,8,CZ,CZE,cdd_jja,-0.00105184747547524,Electricity
EC-Earth3,-9.5,-9.1554,4,DE,DEU,cdd_jja,-0.00723269445464244,Electricity
EC-Earth3,-8.5,-8.4726,15,DE,DEU,cdd_jja,-0.00644568434320293,Electricity
EC-Earth3,-7.5,-7.5562,20,DE,DEU,cdd_jja,-0.00609029981715498,Electricity
EC-Earth3,-6.5,-6.4767,21,DE,DEU,cdd_jja,-0.0031549318000923,Electricity
EC-Earth3,-5.5,-5.3342,8,DE,DEU,cdd_jja,-0.00240739431949145,Electricity
EC-Earth3,-4.5,-4.5495,8,DE,DEU,cdd_jja,-0.00441142632959515,Electricity
EC-Earth3,-3.5,-3.3459,9,DE,DEU,cdd_jja,-0.001786343722241,Electricity
EC-Earth3,-2.5,-2.4493,5,DE,DEU,cdd_jja,-0.00421916626690255,Electricity
EC-Earth3,-1.5,-1.3807,6,DE,DEU,cdd_jja,-0.00199016206910183,Electricity
EC-Earth3,-0.5,-0.6596,3,DE,DEU,cdd_jja,0.0015432272092082,Electricity
HadGEM3-GC3-1LL,-8.5,-8.3848,12,DE,DEU,cdd_jja,-0.00346194599730039,Electricity
HadGEM3-GC3-1LL,-7.5,-7.5599,19,DE,DEU,cdd_jja,-0.00363427347182364,Electricity
HadGEM3-GC3-1LL,-6.5,-6.5442,24,DE,DEU,cdd_jja,-0.00387302836818918,Electricity
HadGEM3-GC3-1LL,-5.5,-5.5797,10,DE,DEU,cdd_jja,-0.00239160526715599,Electricity
HadGEM3-GC3-1LL,-4.5,-4.5263,6,DE,DEU,cdd_jja,-0.00372333768416899,Electricity
HadGEM3-GC3-1LL,-3.5,-3.7835,7,DE,DEU,cdd_jja,-0.00461768718178964,Electricity
HadGEM3-GC3-1LL,-2.5,-2.4504,6,DE,DEU,cdd_jja,-0.00277686686737463,Electricity
HadGEM3-GC3-1LL,-1.5,-1.3098,8,DE,DEU,cdd_jja,-0.000666542259089924,Electricity
HadGEM3-GC3-1LL,-0.5,-0.331,6,DE,DEU,cdd_jja,-0.00171995991656538,Electricity
HadGEM3-GC3-1MM,-14.5,-14.3032,4,DE,DEU,cdd_jja,-0.00812106853742895,Electricity
HadGEM3-GC3-1MM,-13.5,-13.3931,8,DE,DEU,cdd_jja,-0.00906928400089022,Electricity
HadGEM3-GC3-1MM,-12.5,-12.588,13,DE,DEU,cdd_jja,-0.00674528379207668,Electricity
HadGEM3-GC3-1MM,-11.5,-11.5321,21,DE,DEU,cdd_jja,-0.00818409389827079,Electricity
HadGEM3-GC3-1MM,-10.5,-10.4803,10,DE,DEU,cdd_jja,-0.00866443874183559,Electricity
HadGEM3-GC3-1MM,-9.5,-9.6161,7,DE,DEU,cdd_jja,-0.0041723661200629,Electricity
HadGEM3-GC3-1MM,-8.5,-8.6582,7,DE,DEU,cdd_jja,-0.00597681055147301,Electricity
HadGEM3-GC3-1MM,-7.5,-7.6345,8,DE,DEU,cdd_jja,-0.00747393547250832,Electricity
HadGEM3-GC3-1MM,-6.5,-6.4299,4,DE,DEU,cdd_jja,-0.00338766766545703,Electricity
HadGEM3-GC3-1MM,-5.5,-5.3528,4,DE,DEU,cdd_jja,-0.00454013763744585,Electricity
HadGEM3-GC3-1MM,-4.5,-4.3969,4,DE,DEU,cdd_jja,-0.00210539598145071,Electricity
IPSL-CM6A-LR,-9.5,-9.3401,5,DE,DEU,cdd_jja,-0.00691665171093313,Electricity
IPSL-CM6A-LR,-8.5,-8.4598,8,DE,DEU,cdd_jja,-0.00715292048579834,Electricity
IPSL-CM6A-LR,-7.5,-7.5255,19,DE,DEU,cdd_jja,-0.00548080750407275,Electricity
IPSL-CM6A-LR,-6.5,-6.5577,11,DE,DEU,cdd_jja,-0.00550636657774287,Electricity
IPSL-CM6A-LR,-5.5,-5.5623,13,DE,DEU,cdd_jja,-0.0048918584054933,Electricity
IPSL-CM6A-LR,-4.5,-4.3507,11,DE,DEU,cdd_jja,-0.00357011409064831,Electricity
IPSL-CM6A-LR,-3.5,-3.4644,8,DE,DEU,cdd_jja,-0.00540164416156208,Electricity
IPSL-CM6A-LR,-2.5,-2.5669,9,DE,DEU,cdd_jja,-0.00287155756522074,Electricity
IPSL-CM6A-LR,-1.5,-1.2909,6,DE,DEU,cdd_jja,-0.0037476318890056,Electricity
IPSL-CM6A-LR,-0.5,-0.6347,8,DE,DEU,cdd_jja,-0.00113894896032032,Electricity
EC-Earth3,-9.5,-9.1554,4,DK,DNK,cdd_jja,-0.00252206122167359,Electricity
EC-Earth3,-8.5,-8.4726,15,DK,DNK,cdd_jja,-0.00250915083633851,Electricity
EC-Earth3,-7.5,-7.5562,20,DK,DNK,cdd_jja,-0.0024082666428249,Electricity
EC-Earth3,-6.5,-6.4767,21,DK,DNK,cdd_jja,-0.00191723583842532,Electricity
EC-Earth3,-5.5,-5.3342,8,DK,DNK,cdd_jja,-0.00152264037853875,Electricity
EC-Earth3,-4.5,-4.5495,8,DK,DNK,cdd_jja,-0.00229957515547691,Electricity
EC-Earth3,-3.5,-3.3459,9,DK,DNK,cdd_jja,-0.00140269592018924,Electricity
EC-Earth3,-2.5,-2.4493,5,DK,DNK,cdd_jja,-0.002285443517475,Electricity
EC-Earth3,-1.5,-1.3807,6,DK,DNK,cdd_jja,-0.000823124297444382,Electricity
EC-Earth3,-0.5,-0.6596,3,DK,DNK,cdd_jja,-0.000362755658215606,Electricity
HadGEM3-GC3-1LL,-8.5,-8.3848,12,DK,DNK,cdd_jja,-0.00196639125826529,Electricity
HadGEM3-GC3-1LL,-7.5,-7.5599,19,DK,DNK,cdd_jja,-0.0020213476282727,Electricity
HadGEM3-GC3-1LL,-6.5,-6.5442,24,DK,DNK,cdd_jja,-0.00179812008724259,Electricity
HadGEM3-GC3-1LL,-5.5,-5.5797,10,DK,DNK,cdd_jja,-0.00152281484320544,Electricity
HadGEM3-GC3-1LL,-4.5,-4.5263,6,DK,DNK,cdd_jja,-0.00169806460089576,Electricity
HadGEM3-GC3-1LL,-3.5,-3.7835,7,DK,DNK,cdd_jja,-0.00221779484296587,Electricity
HadGEM3-GC3-1LL,-2.5,-2.4504,6,DK,DNK,cdd_jja,-0.00155696630171005,Electricity
HadGEM3-GC3-1LL,-1.5,-1.3098,8,DK,DNK,cdd_jja,-0.000277180739204061,Electricity
HadGEM3-GC3-1LL,-0.5,-0.331,6,DK,DNK,cdd_jja,-0.000465297266062774,Electricity
HadGEM3-GC3-1MM,-14.5,-14.3032,4,DK,DNK,cdd_jja,-0.00305967409207945,Electricity
HadGEM3-GC3-1MM,-13.5,-13.3931,8,DK,DNK,cdd_jja,-0.00308287789274925,Electricity
HadGEM3-GC3-1MM,-12.5,-12.588,13,DK,DNK,cdd_jja,-0.00303686283690971,Electricity
HadGEM3-GC3-1MM,-11.5,-11.5321,21,DK,DNK,cdd_jja,-0.00306778669908055,Electricity
HadGEM3-GC3-1MM,-10.5,-10.4803,10,DK,DNK,cdd_jja,-0.00304523714091084,Electricity
HadGEM3-GC3-1MM,-9.5,-9.6161,7,DK,DNK,cdd_jja,-0.00245589549683133,Electricity
HadGEM3-GC3-1MM,-8.5,-8.6582,7,DK,DNK,cdd_jja,-0.00261679553568637,Electricity
HadGEM3-GC3-1MM,-7.5,-7.6345,8,DK,DNK,cdd_jja,-0.00271750526453329,Electricity
HadGEM3-GC3-1MM,-6.5,-6.4299,4,DK,DNK,cdd_jja,-0.00127568564283877,Electricity
HadGEM3-GC3-1MM,-5.5,-5.3528,4,DK,DNK,cdd_jja,-0.00216685116029233,Electricity
HadGEM3-GC3-1MM,-4.5,-4.3969,4,DK,DNK,cdd_jja,-0.00106501955781035,Electricity
IPSL-CM6A-LR,-9.5,-9.3401,5,DK,DNK,cdd_jja,-0.00274520153037036,Electricity
IPSL-CM6A-LR,-8.5,-8.4598,8,DK,DNK,cdd_jja,-0.00286632362522003,Electricity
IPSL-CM6A-LR,-7.5,-7.5255,19,DK,DNK,cdd_jja,-0.00260122456418427,Electricity
IPSL-CM6A-LR,-6.5,-6.5577,11,DK,DNK,cdd_jja,-0.00255695415501163,Electricity
IPSL-CM6A-LR,-5.5,-5.5623,13,DK,DNK,cdd_jja,-0.00220191855829706,Electricity
IPSL-CM6A-LR,-4.5,-4.3507,11,DK,DNK,cdd_jja,-0.00214674410745629,Electricity
IPSL-CM6A-LR,-3.5,-3.4644,8,DK,DNK,cdd_jja,-0.00236735467848605,Electricity
IPSL-CM6A-LR,-2.5,-2.5669,9,DK,DNK,cdd_jja,-0.00158832632554762,Electricity
IPSL-CM6A-LR,-1.5,-1.2909,6,DK,DNK,cdd_jja,-0.00194641505392926,Electricity
IPSL-CM6A-LR,-0.5,-0.6347,8,DK,DNK,cdd_jja,-0.00122221222249822,Electricity
EC-Earth3,-9.5,-9.1554,4,EE,EST,cdd_jja,-0.00198135160343397,Electricity
EC-Earth3,-8.5,-8.4726,15,EE,EST,cdd_jja,-0.00218207320246105,Electricity
EC-Earth3,-7.5,-7.5562,20,EE,EST,cdd_jja,-0.00240320716749089,Electricity
EC-Earth3,-6.5,-6.4767,21,EE,EST,cdd_jja,-0.00155810032204354,Electricity
EC-Earth3,-5.5,-5.3342,8,EE,EST,cdd_jja,-0.00120576892766267,Electricity
EC-Earth3,-4.5,-4.5495,8,EE,EST,cdd_jja,-0.00277329034170748,Electricity
EC-Earth3,-3.5,-3.3459,9,EE,EST,cdd_jja,-0.00245829438599832,Electricity
EC-Earth3,-2.5,-2.4493,5,EE,EST,cdd_jja,-0.00254478524450999,Electricity
EC-Earth3,-1.5,-1.3807,6,EE,EST,cdd_jja,0.000212410731695323,Electricity
EC-Earth3,-0.5,-0.6596,3,EE,EST,cdd_jja,0.00156965860621176,Electricity
HadGEM3-GC3-1LL,-8.5,-8.3848,12,EE,EST,cdd_jja,-0.00255010641684404,Electricity
HadGEM3-GC3-1LL,-7.5,-7.5599,19,EE,EST,cdd_jja,-0.00241524522949251,Electricity
HadGEM3-GC3-1LL,-6.5,-6.5442,24,EE,EST,cdd_jja,-0.00231492804614564,Electricity
HadGEM3-GC3-1LL,-5.5,-5.5797,10,EE,EST,cdd_jja,-0.00172593533139951,Electricity
HadGEM3-GC3-1LL,-4.5,-4.5263,6,EE,EST,cdd_jja,-0.00184683934541583,Electricity
HadGEM3-GC3-1LL,-3.5,-3.7835,7,EE,EST,cdd_jja,-0.00232731503748065,Electricity
HadGEM3-GC3-1LL,-2.5,-2.4504,6,EE,EST,cdd_jja,-0.00210897250711786,Electricity
HadGEM3-GC3-1LL,-1.5,-1.3098,8,EE,EST,cdd_jja,7.76803928438134e-05,Electricity
HadGEM3-GC3-1LL,-0.5,-0.331,6,EE,EST,cdd_jja,-0.000526185434737655,Electricity
HadGEM3-GC3-1MM,-14.5,-14.3032,4,EE,EST,cdd_jja,-0.00404090699371183,Electricity
HadGEM3-GC3-1MM,-13.5,-13.3931,8,EE,EST,cdd_jja,-0.00424694976507296,Electricity
HadGEM3-GC3-1MM,-12.5,-12.588,13,EE,EST,cdd_jja,-0.00434007028091886,Electricity
HadGEM3-GC3-1MM,-11.5,-11.5321,21,EE,EST,cdd_jja,-0.00426417815090862,Electricity
HadGEM3-GC3-1MM,-10.5,-10.4803,10,EE,EST,cdd_jja,-0.00444378952526618,Electricity
HadGEM3-GC3-1MM,-9.5,-9.6161,7,EE,EST,cdd_jja,-0.00342814346812916,Electricity
HadGEM3-GC3-1MM,-8.5,-8.6582,7,EE,EST,cdd_jja,-0.00357604588931578,Electricity
HadGEM3-GC3-1MM,-7.5,-7.6345,8,EE,EST,cdd_jja,-0.00357813946531606,Electricity
HadGEM3-GC3-1MM,-6.5,-6.4299,4,EE,EST,cdd_jja,-0.00285698976555211,Electricity
HadGEM3-GC3-1MM,-5.5,-5.3528,4,EE,EST,cdd_jja,-0.00260131179651761,Electricity
HadGEM3-GC3-1MM,-4.5,-4.3969,4,EE,EST,cdd_jja,-0.00172829060439983,Electricity
IPSL-CM6A-LR,-9.5,-9.3401,5,EE,EST,cdd_jja,-0.00355018150247896,Electricity
IPSL-CM6A-LR,-8.5,-8.4598,8,EE,EST,cdd_jja,-0.00371701334000147,Electricity
IPSL-CM6A-LR,-7.5,-7.5255,19,EE,EST,cdd_jja,-0.00348022117113619,Electricity
IPSL-CM6A-LR,-6.5,-6.5577,11,EE,EST,cdd_jja,-0.00341571286062748,Electricity
IPSL-CM6A-LR,-5.5,-5.5623,13,EE,EST,cdd_jja,-0.00254687882051027,Electricity
IPSL-CM6A-LR,-4.5,-4.3507,11,EE,EST,cdd_jja,-0.00270359170736474,Electricity
IPSL-CM6A-LR,-3.5,-3.4644,8,EE,EST,cdd_jja,-0.00216122467479157,Electricity
IPSL-CM6A-LR,-2.5,-2.5669,9,EE,EST,cdd_jja,-0.00194222790192869,Electricity
IPSL-CM6A-LR,-1.5,-1.2909,6,EE,EST,cdd_jja,-0.00231614929881247,Electricity
IPSL-CM6A-LR,-0.5,-0.6347,8,EE,EST,cdd_jja,-0.000862117150449642,Electricity
EC-Earth3,-9.5,-9.1554,4,EL,GRC,cdd_jja,-0.0140191082918913,Electricity
EC-Earth3,-8.5,-8.4726,15,EL,GRC,cdd_jja,-0.0145243579666262,Electricity
EC-Earth3,-7.5,-7.5562,20,EL,GRC,cdd_jja,-0.0159908207224907,Electricity
EC-Earth3,-6.5,-6.4767,21,EL,GRC,cdd_jja,-0.0127613052773883,Electricity
EC-Earth3,-5.5,-5.3342,8,EL,GRC,cdd_jja,-0.00949598095944778,Electricity
EC-Earth3,-4.5,-4.5495,8,EL,GRC,cdd_jja,-0.00864860607333346,Electricity
EC-Earth3,-3.5,-3.3459,9,EL,GRC,cdd_jja,-0.0122011428488127,Electricity
EC-Earth3,-2.5,-2.4493,5,EL,GRC,cdd_jja,-0.00607342036065271,Electricity
EC-Earth3,-1.5,-1.3807,6,EL,GRC,cdd_jja,-0.00635657651469091,Electricity
EC-Earth3,-0.5,-0.6596,3,EL,GRC,cdd_jja,-0.000791022798773384,Electricity
HadGEM3-GC3-1LL,-8.5,-8.3848,12,EL,GRC,cdd_jja,-0.0148311976991676,Electricity
HadGEM3-GC3-1LL,-7.5,-7.5599,19,EL,GRC,cdd_jja,-0.00848190508431097,Electricity
HadGEM3-GC3-1LL,-6.5,-6.5442,24,EL,GRC,cdd_jja,-0.0147345442738212,Electricity
HadGEM3-GC3-1LL,-5.5,-5.5797,10,EL,GRC,cdd_jja,-0.00840021200413328,Electricity
HadGEM3-GC3-1LL,-4.5,-4.5263,6,EL,GRC,cdd_jja,-0.0113877013403697,Electricity
HadGEM3-GC3-1LL,-3.5,-3.7835,7,EL,GRC,cdd_jja,-0.00823198444927725,Electricity
HadGEM3-GC3-1LL,-2.5,-2.4504,6,EL,GRC,cdd_jja,-0.00787297978139548,Electricity
HadGEM3-GC3-1LL,-1.5,-1.3098,8,EL,GRC,cdd_jja,-0.00616867806866556,Electricity
HadGEM3-GC3-1LL,-0.5,-0.331,6,EL,GRC,cdd_jja,-0.000422727887390363,Electricity
HadGEM3-GC3-1MM,-14.5,-14.3032,4,EL,GRC,cdd_jja,-0.0188685281672122,Electricity
HadGEM3-GC3-1MM,-13.5,-13.3931,8,EL,GRC,cdd_jja,-0.0164152932565479,Electricity
HadGEM3-GC3-1MM,-12.5,-12.588,13,EL,GRC,cdd_jja,-0.0214021912892207,Electricity
HadGEM3-GC3-1MM,-11.5,-11.5321,21,EL,GRC,cdd_jja,-0.0183188336186381,Electricity
HadGEM3-GC3-1MM,-10.5,-10.4803,10,EL,GRC,cdd_jja,-0.016316851568368,Electricity
HadGEM3-GC3-1MM,-9.5,-9.6161,7,EL,GRC,cdd_jja,-0.0145318599472938,Electricity
HadGEM3-GC3-1MM,-8.5,-8.6582,7,EL,GRC,cdd_jja,-0.0124337914818441,Electricity
HadGEM3-GC3-1MM,-7.5,-7.6345,8,EL,GRC,cdd_jja,-0.0124668089200152,Electricity
HadGEM3-GC3-1MM,-6.5,-6.4299,4,EL,GRC,cdd_jja,-0.00867355452067016,Electricity
HadGEM3-GC3-1MM,-5.5,-5.3528,4,EL,GRC,cdd_jja,-0.00764024391603076,Electricity
HadGEM3-GC3-1MM,-4.5,-4.3969,4,EL,GRC,cdd_jja,-0.00603181053764709,Electricity
IPSL-CM6A-LR,-9.5,-9.3401,5,EL,GRC,cdd_jja,-0.0204498322899256,Electricity
IPSL-CM6A-LR,-8.5,-8.4598,8,EL,GRC,cdd_jja,-0.0166108681479077,Electricity
IPSL-CM6A-LR,-7.5,-7.5255,19,EL,GRC,cdd_jja,-0.0140675658530645,Electricity
IPSL-CM6A-LR,-6.5,-6.5577,11,EL,GRC,cdd_jja,-0.0166218594219091,Electricity
IPSL-CM6A-LR,-5.5,-5.5623,13,EL,GRC,cdd_jja,-0.0100478563163556,Electricity
IPSL-CM6A-LR,-4.5,-4.3507,11,EL,GRC,cdd_jja,-0.00840509701480061,Electricity
IPSL-CM6A-LR,-3.5,-3.4644,8,EL,GRC,cdd_jja,-0.00491480050916306,Electricity
IPSL-CM6A-LR,-2.5,-2.5669,9,EL,GRC,cdd_jja,-0.00757063251402136,Electricity
IPSL-CM6A-LR,-1.5,-1.2909,6,EL,GRC,cdd_jja,-0.00551827379124448,Electricity
IPSL-CM6A-LR,-0.5,-0.6347,8,EL,GRC,cdd_jja,0.00277106591720718,Electricity
EC-Earth3,-9.5,-9.1554,4,ES,ESP,cdd_jja,-0.014407292175277,Electricity
EC-Earth3,-8.5,-8.4726,15,ES,ESP,cdd_jja,-0.0119808812071164,Electricity
EC-Earth3,-7.5,-7.5562,20,ES,ESP,cdd_jja,-0.0113699931767006,Electricity
EC-Earth3,-6.5,-6.4767,21,ES,ESP,cdd_jja,-0.00705535112095185,Electricity
EC-Earth3,-5.5,-5.3342,8,ES,ESP,cdd_jja,-0.0111258734918343,Electricity
EC-Earth3,-4.5,-4.5495,8,ES,ESP,cdd_jja,-0.00813563633709759,Electricity
EC-Earth3,-3.5,-3.3459,9,ES,ESP,cdd_jja,-0.0108160242437925,Electricity
EC-Earth3,-2.5,-2.4493,5,ES,ESP,cdd_jja,-0.0063144869138519,Electricity
EC-Earth3,-1.5,-1.3807,6,ES,ESP,cdd_jja,-0.00690832102309868,Electricity
EC-Earth3,-0.5,-0.6596,3,ES,ESP,cdd_jja,0.00103086809930574,Electricity
HadGEM3-GC3-1LL,-8.5,-8.3848,12,ES,ESP,cdd_jja,-0.0117460517657513,Electricity
HadGEM3-GC3-1LL,-7.5,-7.5599,19,ES,ESP,cdd_jja,-0.0114516862568783,Electricity
HadGEM3-GC3-1LL,-6.5,-6.5442,24,ES,ESP,cdd_jja,-0.0109842954148152,Electricity
HadGEM3-GC3-1LL,-5.5,-5.5797,10,ES,ESP,cdd_jja,-0.00857812234799062,Electricity
HadGEM3-GC3-1LL,-4.5,-4.5263,6,ES,ESP,cdd_jja,-0.00553210011607968,Electricity
HadGEM3-GC3-1LL,-3.5,-3.7835,7,ES,ESP,cdd_jja,-0.00869941890750698,Electricity
HadGEM3-GC3-1LL,-2.5,-2.4504,6,ES,ESP,cdd_jja,-0.00333724737678357,Electricity
HadGEM3-GC3-1LL,-1.5,-1.3098,8,ES,ESP,cdd_jja,9.71768193464433e-05,Electricity
HadGEM3-GC3-1LL,-0.5,-0.331,6,ES,ESP,cdd_jja,0.00147339772636544,Electricity
HadGEM3-GC3-1MM,-14.5,-14.3032,4,ES,ESP,cdd_jja,-0.0202687379659011,Electricity
HadGEM3-GC3-1MM,-13.5,-13.3931,8,ES,ESP,cdd_jja,-0.0268915039457946,Electricity
HadGEM3-GC3-1MM,-12.5,-12.588,13,ES,ESP,cdd_jja,-0.0233402756553155,Electricity
HadGEM3-GC3-1MM,-11.5,-11.5321,21,ES,ESP,cdd_jja,-0.0198281710663417,Electricity
HadGEM3-GC3-1MM,-10.5,-10.4803,10,ES,ESP,cdd_jja,-0.0166677436292487,Electricity
HadGEM3-GC3-1MM,-9.5,-9.6161,7,ES,ESP,cdd_jja,-0.014878957401674,Electricity
HadGEM3-GC3-1MM,-8.5,-8.6582,7,ES,ESP,cdd_jja,-0.0130286287629244,Electricity
HadGEM3-GC3-1MM,-7.5,-7.6345,8,ES,ESP,cdd_jja,-0.0100602433076906,Electricity
HadGEM3-GC3-1MM,-6.5,-6.4299,4,ES,ESP,cdd_jja,-0.00858566794482497,Electricity
HadGEM3-GC3-1MM,-5.5,-5.3528,4,ES,ESP,cdd_jja,-0.00264942042835744,Electricity
HadGEM3-GC3-1MM,-4.5,-4.3969,4,ES,ESP,cdd_jja,-0.00552494706474538,Electricity
IPSL-CM6A-LR,-9.5,-9.3401,5,ES,ESP,cdd_jja,-0.0160085725023264,Electricity
IPSL-CM6A-LR,-8.5,-8.4598,8,ES,ESP,cdd_jja,-0.0156931840011172,Electricity
IPSL-CM6A-LR,-7.5,-7.5255,19,ES,ESP,cdd_jja,-0.0124917573673519,Electricity
IPSL-CM6A-LR,-6.5,-6.5577,11,ES,ESP,cdd_jja,-0.0125306193718572,Electricity
IPSL-CM6A-LR,-5.5,-5.5623,13,ES,ESP,cdd_jja,-0.0105174715829189,Electricity
IPSL-CM6A-LR,-4.5,-4.3507,11,ES,ESP,cdd_jja,-0.00104534866664103,Electricity
IPSL-CM6A-LR,-3.5,-3.4644,8,ES,ESP,cdd_jja,-0.00256070514534547,Electricity
IPSL-CM6A-LR,-2.5,-2.5669,9,ES,ESP,cdd_jja,-0.00540783765722958,Electricity
IPSL-CM6A-LR,-1.5,-1.2909,6,ES,ESP,cdd_jja,-0.00230380592364414,Electricity
IPSL-CM6A-LR,-0.5,-0.6347,8,ES,ESP,cdd_jja,-0.000363409900715695,Electricity
EC-Earth3,-9.5,-9.1554,4,FI,FIN,cdd_jja,-0.00228871472997544,Electricity
EC-Earth3,-8.5,-8.4726,15,FI,FIN,cdd_jja,-0.00229573693280972,Electricity
EC-Earth3,-7.5,-7.5562,20,FI,FIN,cdd_jja,-0.00208703357528156,Electricity
EC-Earth3,-6.5,-6.4767,21,FI,FIN,cdd_jja,-0.00142869115552608,Electricity
EC-Earth3,-5.5,-5.3342,8,FI,FIN,cdd_jja,-0.00134534066101483,Electricity
EC-Earth3,-4.5,-4.5495,8,FI,FIN,cdd_jja,-0.00267345293619401,Electricity
EC-Earth3,-3.5,-3.3459,9,FI,FIN,cdd_jja,-0.00240961874399175,Electricity
EC-Earth3,-2.5,-2.4493,5,FI,FIN,cdd_jja,-0.00244503507132986,Electricity
EC-Earth3,-1.5,-1.3807,6,FI,FIN,cdd_jja,-0.00044231154622634,Electricity
EC-Earth3,-0.5,-0.6596,3,FI,FIN,cdd_jja,0.000341383736546057,Electricity
HadGEM3-GC3-1LL,-8.5,-8.3848,12,FI,FIN,cdd_jja,-0.00226128016113841,Electricity
HadGEM3-GC3-1LL,-7.5,-7.5599,19,FI,FIN,cdd_jja,-0.00214281865245576,Electricity
HadGEM3-GC3-1LL,-6.5,-6.5442,24,FI,FIN,cdd_jja,-0.00195670846926398,Electricity
HadGEM3-GC3-1LL,-5.5,-5.5797,10,FI,FIN,cdd_jja,-0.0014359750553604,Electricity
HadGEM3-GC3-1LL,-4.5,-4.5263,6,FI,FIN,cdd_jja,-0.00168249362939365,Electricity
HadGEM3-GC3-1LL,-3.5,-3.7835,7,FI,FIN,cdd_jja,-0.00201127229377134,Electricity
HadGEM3-GC3-1LL,-2.5,-2.4504,6,FI,FIN,cdd_jja,-0.00171878228006522,Electricity
HadGEM3-GC3-1LL,-1.5,-1.3098,8,FI,FIN,cdd_jja,-3.18398016709621e-06,Electricity
HadGEM3-GC3-1LL,-0.5,-0.331,6,FI,FIN,cdd_jja,-0.000256201363034564,Electricity
HadGEM3-GC3-1MM,-14.5,-14.3032,4,FI,FIN,cdd_jja,-0.00356496738298095,Electricity
HadGEM3-GC3-1MM,-13.5,-13.3931,8,FI,FIN,cdd_jja,-0.00366755260699479,Electricity
HadGEM3-GC3-1MM,-12.5,-12.588,13,FI,FIN,cdd_jja,-0.00372338130033566,Electricity
HadGEM3-GC3-1MM,-11.5,-11.5321,21,FI,FIN,cdd_jja,-0.00372102602733534,Electricity
HadGEM3-GC3-1MM,-10.5,-10.4803,10,FI,FIN,cdd_jja,-0.00378775876234434,Electricity
HadGEM3-GC3-1MM,-9.5,-9.6161,7,FI,FIN,cdd_jja,-0.00321887310043426,Electricity
HadGEM3-GC3-1MM,-8.5,-8.6582,7,FI,FIN,cdd_jja,-0.00327269545010819,Electricity
HadGEM3-GC3-1MM,-7.5,-7.6345,8,FI,FIN,cdd_jja,-0.00300772723757244,Electricity
HadGEM3-GC3-1MM,-6.5,-6.4299,4,FI,FIN,cdd_jja,-0.00251102633150543,Electricity
HadGEM3-GC3-1MM,-5.5,-5.3528,4,FI,FIN,cdd_jja,-0.00244224363666282,Electricity
HadGEM3-GC3-1MM,-4.5,-4.3969,4,FI,FIN,cdd_jja,-0.00160843337838366,Electricity
IPSL-CM6A-LR,-9.5,-9.3401,5,FI,FIN,cdd_jja,-0.00278585179770918,Electricity
IPSL-CM6A-LR,-8.5,-8.4598,8,FI,FIN,cdd_jja,-0.00309116496441703,Electricity
IPSL-CM6A-LR,-7.5,-7.5255,19,FI,FIN,cdd_jja,-0.00292742987472828,Electricity
IPSL-CM6A-LR,-6.5,-6.5577,11,FI,FIN,cdd_jja,-0.00278240612054205,Electricity
IPSL-CM6A-LR,-5.5,-5.5623,13,FI,FIN,cdd_jja,-0.00216253315979175,Electricity
IPSL-CM6A-LR,-4.5,-4.3507,11,FI,FIN,cdd_jja,-0.0023526560303174,Electricity
IPSL-CM6A-LR,-3.5,-3.4644,8,FI,FIN,cdd_jja,-0.00181164109891108,Electricity
IPSL-CM6A-LR,-2.5,-2.5669,9,FI,FIN,cdd_jja,-0.00157545955637921,Electricity
IPSL-CM6A-LR,-1.5,-1.2909,6,FI,FIN,cdd_jja,-0.00205270765211027,Electricity
IPSL-CM6A-LR,-0.5,-0.6347,8,FI,FIN,cdd_jja,-0.0008321528439456,Electricity
EC-Earth3,-9.5,-9.1554,4,FR,FRA,cdd_jja,-0.00850388763231394,Electricity
EC-Earth3,-8.5,-8.4726,15,FR,FRA,cdd_jja,-0.00760037873969204,Electricity
EC-Earth3,-7.5,-7.5562,20,FR,FRA,cdd_jja,-0.00792627873706934,Electricity
EC-Earth3,-6.5,-6.4767,21,FR,FRA,cdd_jja,-0.0040053598178737,Electricity
EC-Earth3,-5.5,-5.3342,8,FR,FRA,cdd_jja,-0.00579026420661451,Electricity
EC-Earth3,-4.5,-4.5495,8,FR,FRA,cdd_jja,-0.00455296079044758,Electricity
EC-Earth3,-3.5,-3.3459,9,FR,FRA,cdd_jja,-0.00215555457312414,Electricity
EC-Earth3,-2.5,-2.4493,5,FR,FRA,cdd_jja,-0.00494463396716709,Electricity
EC-Earth3,-1.5,-1.3807,6,FR,FRA,cdd_jja,-0.00266071701552563,Electricity
EC-Earth3,-0.5,-0.6596,3,FR,FRA,cdd_jja,0.000473497105397214,Electricity
HadGEM3-GC3-1LL,-8.5,-8.3848,12,FR,FRA,cdd_jja,-0.00421175151856821,Electricity
HadGEM3-GC3-1LL,-7.5,-7.5599,19,FR,FRA,cdd_jja,-0.00565989548443025,Electricity
HadGEM3-GC3-1LL,-6.5,-6.5442,24,FR,FRA,cdd_jja,-0.00513733019152642,Electricity
HadGEM3-GC3-1LL,-5.5,-5.5797,10,FR,FRA,cdd_jja,-0.00398097838070375,Electricity
HadGEM3-GC3-1LL,-4.5,-4.5263,6,FR,FRA,cdd_jja,-0.0032601339941065,Electricity
HadGEM3-GC3-1LL,-3.5,-3.7835,7,FR,FRA,cdd_jja,-0.00605252821681655,Electricity
HadGEM3-GC3-1LL,-2.5,-2.4504,6,FR,FRA,cdd_jja,-0.00157319151571224,Electricity
HadGEM3-GC3-1LL,-1.5,-1.3098,8,FR,FRA,cdd_jja,-0.000717442325596791,Electricity
HadGEM3-GC3-1LL,-0.5,-0.331,6,FR,FRA,cdd_jja,-0.000734365398265741,Electricity
HadGEM3-GC3-1MM,-14.5,-14.3032,4,FR,FRA,cdd_jja,-0.0112297672008484,Electricity
HadGEM3-GC3-1MM,-13.5,-13.3931,8,FR,FRA,cdd_jja,-0.0132173995322832,Electricity
HadGEM3-GC3-1MM,-12.5,-12.588,13,FR,FRA,cdd_jja,-0.0101346524880339,Electricity
HadGEM3-GC3-1MM,-11.5,-11.5321,21,FR,FRA,cdd_jja,-0.0109320868633082,Electricity
HadGEM3-GC3-1MM,-10.5,-10.4803,10,FR,FRA,cdd_jja,-0.00965736077613622,Electricity
HadGEM3-GC3-1MM,-9.5,-9.6161,7,FR,FRA,cdd_jja,-0.00750577527417928,Electricity
HadGEM3-GC3-1MM,-8.5,-8.6582,7,FR,FRA,cdd_jja,-0.00771884024837469,Electricity
HadGEM3-GC3-1MM,-7.5,-7.6345,8,FR,FRA,cdd_jja,-0.00874129042751263,Electricity
HadGEM3-GC3-1MM,-6.5,-6.4299,4,FR,FRA,cdd_jja,-0.00326820298494092,Electricity
HadGEM3-GC3-1MM,-5.5,-5.3528,4,FR,FRA,cdd_jja,-0.00454079187994594,Electricity
HadGEM3-GC3-1MM,-4.5,-4.3969,4,FR,FRA,cdd_jja,-0.00257579633901417,Electricity
IPSL-CM6A-LR,-9.5,-9.3401,5,FR,FRA,cdd_jja,-0.00832379648012297,Electricity
IPSL-CM6A-LR,-8.5,-8.4598,8,FR,FRA,cdd_jja,-0.00924693264774752,Electricity
IPSL-CM6A-LR,-7.5,-7.5255,19,FR,FRA,cdd_jja,-0.00658019660122108,Electricity
IPSL-CM6A-LR,-6.5,-6.5577,11,FR,FRA,cdd_jja,-0.00641746468336579,Electricity
IPSL-CM6A-LR,-5.5,-5.5623,13,FR,FRA,cdd_jja,-0.00571232211677066,Electricity
IPSL-CM6A-LR,-4.5,-4.3507,11,FR,FRA,cdd_jja,-0.00308004284191553,Electricity
IPSL-CM6A-LR,-3.5,-3.4644,8,FR,FRA,cdd_jja,-0.00543535945839996,Electricity
IPSL-CM6A-LR,-2.5,-2.5669,9,FR,FRA,cdd_jja,-0.00244442444499645,Electricity
IPSL-CM6A-LR,-1.5,-1.2909,6,FR,FRA,cdd_jja,-0.00348488810097015,Electricity
IPSL-CM6A-LR,-0.5,-0.6347,8,FR,FRA,cdd_jja,-0.000396078409553435,Electricity
EC-Earth3,-9.5,-9.1554,4,HR,HRV,cdd_jja,-0.0151908129933827,Electricity
EC-Earth3,-8.5,-8.4726,15,HR,HRV,cdd_jja,-0.0121846123216438,Electricity
EC-Earth3,-7.5,-7.5562,20,HR,HRV,cdd_jja,-0.0127772687943905,Electricity
EC-Earth3,-6.5,-6.4767,21,HR,HRV,cdd_jja,-0.0076047403563593,Electricity
EC-Earth3,-5.5,-5.3342,8,HR,HRV,cdd_jja,-0.00314490008175762,Electricity
EC-Earth3,-4.5,-4.5495,8,HR,HRV,cdd_jja,-0.00593079549563346,Electricity
EC-Earth3,-3.5,-3.3459,9,HR,HRV,cdd_jja,-0.00920746001690886,Electricity
EC-Earth3,-2.5,-2.4493,5,HR,HRV,cdd_jja,-0.00331085959594667,Electricity
EC-Earth3,-1.5,-1.3807,6,HR,HRV,cdd_jja,-0.00742547791133511,Electricity
EC-Earth3,-0.5,-0.6596,3,HR,HRV,cdd_jja,0.0114461033875442,Electricity
HadGEM3-GC3-1LL,-8.5,-8.3848,12,HR,HRV,cdd_jja,-0.0081399107214315,Electricity
HadGEM3-GC3-1LL,-7.5,-7.5599,19,HR,HRV,cdd_jja,-0.00311528470458695,Electricity
HadGEM3-GC3-1LL,-6.5,-6.5442,24,HR,HRV,cdd_jja,-0.00972522753147871,Electricity
HadGEM3-GC3-1LL,-5.5,-5.5797,10,HR,HRV,cdd_jja,-0.00324251306277078,Electricity
HadGEM3-GC3-1LL,-4.5,-4.5263,6,HR,HRV,cdd_jja,-0.00945454560110885,Electricity
HadGEM3-GC3-1LL,-3.5,-3.7835,7,HR,HRV,cdd_jja,-0.00533338486071953,Electricity
HadGEM3-GC3-1LL,-2.5,-2.4504,6,HR,HRV,cdd_jja,-0.00523974095087357,Electricity
HadGEM3-GC3-1LL,-1.5,-1.3098,8,HR,HRV,cdd_jja,-0.00232683525964725,Electricity
HadGEM3-GC3-1LL,-0.5,-0.331,6,HR,HRV,cdd_jja,-0.00360282621565273,Electricity
HadGEM3-GC3-1MM,-14.5,-14.3032,4,HR,HRV,cdd_jja,-0.00797573947007602,Electricity
HadGEM3-GC3-1MM,-13.5,-13.3931,8,HR,HRV,cdd_jja,-0.00896386372604266,Electricity
HadGEM3-GC3-1MM,-12.5,-12.588,13,HR,HRV,cdd_jja,-0.009450663762275,Electricity
HadGEM3-GC3-1MM,-11.5,-11.5321,21,HR,HRV,cdd_jja,-0.0108169401832927,Electricity
HadGEM3-GC3-1MM,-10.5,-10.4803,10,HR,HRV,cdd_jja,-0.0135475739139944,Electricity
HadGEM3-GC3-1MM,-9.5,-9.6161,7,HR,HRV,cdd_jja,-0.00375212435417287,Electricity
HadGEM3-GC3-1MM,-8.5,-8.6582,7,HR,HRV,cdd_jja,-0.00607219910798588,Electricity
HadGEM3-GC3-1MM,-7.5,-7.6345,8,HR,HRV,cdd_jja,-0.00986226952716386,Electricity
HadGEM3-GC3-1MM,-6.5,-6.4299,4,HR,HRV,cdd_jja,-0.0055031389814091,Electricity
HadGEM3-GC3-1MM,-5.5,-5.3528,4,HR,HRV,cdd_jja,-0.00465148971096087,Electricity
HadGEM3-GC3-1MM,-4.5,-4.3969,4,HR,HRV,cdd_jja,-0.000749543824267788,Electricity
IPSL-CM6A-LR,-9.5,-9.3401,5,HR,HRV,cdd_jja,-0.0127476534172198,Electricity
IPSL-CM6A-LR,-8.5,-8.4598,8,HR,HRV,cdd_jja,-0.0128138627582287,Electricity
IPSL-CM6A-LR,-7.5,-7.5255,19,HR,HRV,cdd_jja,-0.00938576290626625,Electricity
IPSL-CM6A-LR,-6.5,-6.5577,11,HR,HRV,cdd_jja,-0.00974899834231525,Electricity
IPSL-CM6A-LR,-5.5,-5.5623,13,HR,HRV,cdd_jja,-0.00808443095742401,Electricity
IPSL-CM6A-LR,-4.5,-4.3507,11,HR,HRV,cdd_jja,-0.00223807636046861,Electricity
IPSL-CM6A-LR,-3.5,-3.4644,8,HR,HRV,cdd_jja,-0.00680390392008459,Electricity
IPSL-CM6A-LR,-2.5,-2.5669,9,HR,HRV,cdd_jja,-0.00443681093859858,Electricity
IPSL-CM6A-LR,-1.5,-1.2909,6,HR,HRV,cdd_jja,-0.00360949948915363,Electricity
IPSL-CM6A-LR,-0.5,-0.6347,8,HR,HRV,cdd_jja,0.00170888141023055,Electricity
EC-Earth3,-9.5,-9.1554,4,HU,HUN,cdd_jja,-0.0127946280287261,Electricity
EC-Earth3,-8.5,-8.4726,15,HU,HUN,cdd_jja,-0.0121764124823094,Electricity
EC-Earth3,-7.5,-7.5562,20,HU,HUN,cdd_jja,-0.0120336131526235,Electricity
EC-Earth3,-6.5,-6.4767,21,HU,HUN,cdd_jja,-0.00616510154299841,Electricity
EC-Earth3,-5.5,-5.3342,8,HU,HUN,cdd_jja,-0.00113907980882034,Electricity
EC-Earth3,-4.5,-4.5495,8,HU,HUN,cdd_jja,-0.00587570827712603,Electricity
EC-Earth3,-3.5,-3.3459,9,HU,HUN,cdd_jja,-0.00879925631302045,Electricity
EC-Earth3,-2.5,-2.4493,5,HU,HUN,cdd_jja,-0.00330662882777943,Electricity
EC-Earth3,-1.5,-1.3807,6,HU,HUN,cdd_jja,-0.00780624704638648,Electricity
EC-Earth3,-0.5,-0.6596,3,HU,HUN,cdd_jja,0.0117566941104194,Electricity
HadGEM3-GC3-1LL,-8.5,-8.3848,12,HU,HUN,cdd_jja,-0.00789587826889858,Electricity
HadGEM3-GC3-1LL,-7.5,-7.5599,19,HU,HUN,cdd_jja,-0.00256777096434642,Electricity
HadGEM3-GC3-1LL,-6.5,-6.5442,24,HU,HUN,cdd_jja,-0.00907953380005826,Electricity
HadGEM3-GC3-1LL,-5.5,-5.5797,10,HU,HUN,cdd_jja,-0.00112573326181854,Electricity
HadGEM3-GC3-1LL,-4.5,-4.5263,6,HU,HUN,cdd_jja,-0.00963677394546677,Electricity
HadGEM3-GC3-1LL,-3.5,-3.7835,7,HU,HUN,cdd_jja,-0.00605684621731714,Electricity
HadGEM3-GC3-1LL,-2.5,-2.4504,6,HU,HUN,cdd_jja,-0.00588805165229436,Electricity
HadGEM3-GC3-1LL,-1.5,-1.3098,8,HU,HUN,cdd_jja,-0.00257544740968079,Electricity
HadGEM3-GC3-1LL,-0.5,-0.331,6,HU,HUN,cdd_jja,-0.00622559716617323,Electricity
HadGEM3-GC3-1MM,-14.5,-14.3032,4,HU,HUN,cdd_jja,-0.00712640185646143,Electricity
HadGEM3-GC3-1MM,-13.5,-13.3931,8,HU,HUN,cdd_jja,-0.00774125895804438,Electricity
HadGEM3-GC3-1MM,-12.5,-12.588,13,HU,HUN,cdd_jja,-0.00963869305680037,Electricity
HadGEM3-GC3-1MM,-11.5,-11.5321,21,HU,HUN,cdd_jja,-0.00986763431566459,Electricity
HadGEM3-GC3-1MM,-10.5,-10.4803,10,HU,HUN,cdd_jja,-0.0141763009565792,Electricity
HadGEM3-GC3-1MM,-9.5,-9.6161,7,HU,HUN,cdd_jja,-0.00253466629384196,Electricity
HadGEM3-GC3-1MM,-8.5,-8.6582,7,HU,HUN,cdd_jja,-0.00604459007448215,Electricity
HadGEM3-GC3-1MM,-7.5,-7.6345,8,HU,HUN,cdd_jja,-0.0111147513693328,Electricity
HadGEM3-GC3-1MM,-6.5,-6.4299,4,HU,HUN,cdd_jja,-0.00575114050510923,Electricity
HadGEM3-GC3-1MM,-5.5,-5.3528,4,HU,HUN,cdd_jja,-0.00362986823898971,Electricity
HadGEM3-GC3-1MM,-4.5,-4.3969,4,HU,HUN,cdd_jja,-0.00107029711397773,Electricity
IPSL-CM6A-LR,-9.5,-9.3401,5,HU,HUN,cdd_jja,-0.0121262102744693,Electricity
IPSL-CM6A-LR,-8.5,-8.4598,8,HU,HUN,cdd_jja,-0.0119335576662766,Electricity
IPSL-CM6A-LR,-7.5,-7.5255,19,HU,HUN,cdd_jja,-0.00903007306705159,Electricity
IPSL-CM6A-LR,-6.5,-6.5577,11,HU,HUN,cdd_jja,-0.00781545005755439,Electricity
IPSL-CM6A-LR,-5.5,-5.5623,13,HU,HUN,cdd_jja,-0.00807361414808922,Electricity
IPSL-CM6A-LR,-4.5,-4.3507,11,HU,HUN,cdd_jja,-0.00426731851490904,Electricity
IPSL-CM6A-LR,-3.5,-3.4644,8,HU,HUN,cdd_jja,-0.00703048990594849,Electricity
IPSL-CM6A-LR,-2.5,-2.5669,9,HU,HUN,cdd_jja,-0.00573866628144088,Electricity
IPSL-CM6A-LR,-1.5,-1.2909,6,HU,HUN,cdd_jja,-0.00461088305978873,Electricity
IPSL-CM6A-LR,-0.5,-0.6347,8,HU,HUN,cdd_jja,0.00102567777547171,Electricity
EC-Earth3,-9.5,-9.1554,4,IE,IRL,cdd_jja,-0.000432585141058361,Electricity
EC-Earth3,-8.5,-8.4726,15,IE,IRL,cdd_jja,-0.000471447145563604,Electricity
EC-Earth3,-7.5,-7.5562,20,IE,IRL,cdd_jja,-0.000454436840561309,Electricity
EC-Earth3,-6.5,-6.4767,21,IE,IRL,cdd_jja,-0.000430317100391388,Electricity
EC-Earth3,-5.5,-5.3342,8,IE,IRL,cdd_jja,-0.000420547079056737,Electricity
EC-Earth3,-4.5,-4.5495,8,IE,IRL,cdd_jja,-0.000425432089724062,Electricity
EC-Earth3,-3.5,-3.3459,9,IE,IRL,cdd_jja,-0.000219651015362967,Electricity
EC-Earth3,-2.5,-2.4493,5,IE,IRL,cdd_jja,-0.000427263968724309,Electricity
EC-Earth3,-1.5,-1.3807,6,IE,IRL,cdd_jja,-0.000216510651362543,Electricity
EC-Earth3,-0.5,-0.6596,3,IE,IRL,cdd_jja,-0.000323588340543656,Electricity
HadGEM3-GC3-1LL,-8.5,-8.3848,12,IE,IRL,cdd_jja,-0.000418104573723074,Electricity
HadGEM3-GC3-1LL,-7.5,-7.5599,19,IE,IRL,cdd_jja,-0.000432105363224963,Electricity
HadGEM3-GC3-1LL,-6.5,-6.5442,24,IE,IRL,cdd_jja,-0.00038076913505137,Electricity
HadGEM3-GC3-1LL,-5.5,-5.5797,10,IE,IRL,cdd_jja,-0.000368643840716401,Electricity
HadGEM3-GC3-1LL,-4.5,-4.5263,6,IE,IRL,cdd_jja,-0.000297767569873506,Electricity
HadGEM3-GC3-1LL,-3.5,-3.7835,7,IE,IRL,cdd_jja,-0.000416141846222809,Electricity
HadGEM3-GC3-1LL,-2.5,-2.4504,6,IE,IRL,cdd_jja,-0.000358917435548422,Electricity
HadGEM3-GC3-1LL,-1.5,-1.3098,8,IE,IRL,cdd_jja,-0.000235658148531793,Electricity
HadGEM3-GC3-1LL,-0.5,-0.331,6,IE,IRL,cdd_jja,-0.000105943668847626,Electricity
HadGEM3-GC3-1MM,-14.5,-14.3032,4,IE,IRL,cdd_jja,-0.000501498684400991,Electricity
HadGEM3-GC3-1MM,-13.5,-13.3931,8,IE,IRL,cdd_jja,-0.000501106138900938,Electricity
HadGEM3-GC3-1MM,-12.5,-12.588,13,IE,IRL,cdd_jja,-0.000495566885733524,Electricity
HadGEM3-GC3-1MM,-11.5,-11.5321,21,IE,IRL,cdd_jja,-0.000499099795234001,Electricity
HadGEM3-GC3-1MM,-10.5,-10.4803,10,IE,IRL,cdd_jja,-0.000479210823231318,Electricity
HadGEM3-GC3-1MM,-9.5,-9.6161,7,IE,IRL,cdd_jja,-0.00047942890406468,Electricity
HadGEM3-GC3-1MM,-8.5,-8.6582,7,IE,IRL,cdd_jja,-0.000469876963563392,Electricity
HadGEM3-GC3-1MM,-7.5,-7.6345,8,IE,IRL,cdd_jja,-0.000460499487728793,Electricity
HadGEM3-GC3-1MM,-6.5,-6.4299,4,IE,IRL,cdd_jja,-0.000237359179032022,Electricity
HadGEM3-GC3-1MM,-5.5,-5.3528,4,IE,IRL,cdd_jja,-0.000347359151380196,Electricity
HadGEM3-GC3-1MM,-4.5,-4.3969,4,IE,IRL,cdd_jja,-0.000203164104360742,Electricity
IPSL-CM6A-LR,-9.5,-9.3401,5,IE,IRL,cdd_jja,-0.00047890551006461,Electricity
IPSL-CM6A-LR,-8.5,-8.4598,8,IE,IRL,cdd_jja,-0.000487410662565757,Electricity
IPSL-CM6A-LR,-7.5,-7.5255,19,IE,IRL,cdd_jja,-0.000453695365727875,Electricity
IPSL-CM6A-LR,-6.5,-6.5577,11,IE,IRL,cdd_jja,-0.000450249688560744,Electricity
IPSL-CM6A-LR,-5.5,-5.5623,13,IE,IRL,cdd_jja,-0.000423425746057125,Electricity
IPSL-CM6A-LR,-4.5,-4.3507,11,IE,IRL,cdd_jja,-0.000378239397384362,Electricity
IPSL-CM6A-LR,-3.5,-3.4644,8,IE,IRL,cdd_jja,-0.000439040333725898,Electricity
IPSL-CM6A-LR,-2.5,-2.5669,9,IE,IRL,cdd_jja,-0.000257553464201414,Electricity
IPSL-CM6A-LR,-1.5,-1.2909,6,IE,IRL,cdd_jja,-0.000234349663531616,Electricity
IPSL-CM6A-LR,-0.5,-0.6347,8,IE,IRL,cdd_jja,-0.000183711294024785,Electricity
EC-Earth3,-9.5,-9.1554,4,IT,ITA,cdd_jja,-0.0151096869233718,Electricity
EC-Earth3,-8.5,-8.4726,15,IT,ITA,cdd_jja,-0.0114804729268822,Electricity
EC-Earth3,-7.5,-7.5562,20,IT,ITA,cdd_jja,-0.013870769709038,Electricity
EC-Earth3,-6.5,-6.4767,21,IT,ITA,cdd_jja,-0.00721250016947305,Electricity
EC-Earth3,-5.5,-5.3342,8,IT,ITA,cdd_jja,-0.00569949896376892,Electricity
EC-Earth3,-4.5,-4.5495,8,IT,ITA,cdd_jja,-0.00422396404523653,Electricity
EC-Earth3,-3.5,-3.3459,9,IT,ITA,cdd_jja,-0.00989506888450162,Electricity
EC-Earth3,-2.5,-2.4493,5,IT,ITA,cdd_jja,-0.00372425362366911,Electricity
EC-Earth3,-1.5,-1.3807,6,IT,ITA,cdd_jja,-0.00494886473533433,Electricity
EC-Earth3,-0.5,-0.6596,3,IT,ITA,cdd_jja,0.00824253956161201,Electricity
HadGEM3-GC3-1LL,-8.5,-8.3848,12,IT,ITA,cdd_jja,-0.00977966050748605,Electricity
HadGEM3-GC3-1LL,-7.5,-7.5599,19,IT,ITA,cdd_jja,-0.00617282160449945,Electricity
HadGEM3-GC3-1LL,-6.5,-6.5442,24,IT,ITA,cdd_jja,-0.011666975655574,Electricity
HadGEM3-GC3-1LL,-5.5,-5.5797,10,IT,ITA,cdd_jja,-0.00537416597655837,Electricity
HadGEM3-GC3-1LL,-4.5,-4.5263,6,IT,ITA,cdd_jja,-0.00856586620515563,Electricity
HadGEM3-GC3-1LL,-3.5,-3.7835,7,IT,ITA,cdd_jja,-0.0058033054404496,Electricity
HadGEM3-GC3-1LL,-2.5,-2.4504,6,IT,ITA,cdd_jja,-0.00331356379828037,Electricity
HadGEM3-GC3-1LL,-1.5,-1.3098,8,IT,ITA,cdd_jja,-0.00207652207911348,Electricity
HadGEM3-GC3-1LL,-0.5,-0.331,6,IT,ITA,cdd_jja,-0.00182053879691228,Electricity
HadGEM3-GC3-1MM,-14.5,-14.3032,4,IT,ITA,cdd_jja,-0.0144773833551198,Electricity
HadGEM3-GC3-1MM,-13.5,-13.3931,8,IT,ITA,cdd_jja,-0.0161789372493494,Electricity
HadGEM3-GC3-1MM,-12.5,-12.588,13,IT,ITA,cdd_jja,-0.0132861822271258,Electricity
HadGEM3-GC3-1MM,-11.5,-11.5321,21,IT,ITA,cdd_jja,-0.0150665941506993,Electricity
HadGEM3-GC3-1MM,-10.5,-10.4803,10,IT,ITA,cdd_jja,-0.0148431921450025,Electricity
HadGEM3-GC3-1MM,-9.5,-9.6161,7,IT,ITA,cdd_jja,-0.00845547368730741,Electricity
HadGEM3-GC3-1MM,-8.5,-8.6582,7,IT,ITA,cdd_jja,-0.00908071143655842,Electricity
HadGEM3-GC3-1MM,-7.5,-7.6345,8,IT,ITA,cdd_jja,-0.00994051693017442,Electricity
HadGEM3-GC3-1MM,-6.5,-6.4299,4,IT,ITA,cdd_jja,-0.0069324407632686,Electricity
HadGEM3-GC3-1MM,-5.5,-5.3528,4,IT,ITA,cdd_jja,-0.00719008145980335,Electricity
HadGEM3-GC3-1MM,-4.5,-4.3969,4,IT,ITA,cdd_jja,-0.00342408716462861,Electricity
IPSL-CM6A-LR,-9.5,-9.3401,5,IT,ITA,cdd_jja,-0.015968532861321,Electricity
IPSL-CM6A-LR,-8.5,-8.4598,8,IT,ITA,cdd_jja,-0.0155368200435961,Electricity
IPSL-CM6A-LR,-7.5,-7.5255,19,IT,ITA,cdd_jja,-0.0108481257424635,Electricity
IPSL-CM6A-LR,-6.5,-6.5577,11,IT,ITA,cdd_jja,-0.012259981057654,Electricity
IPSL-CM6A-LR,-5.5,-5.5623,13,IT,ITA,cdd_jja,-0.00957235286729141,Electricity
IPSL-CM6A-LR,-4.5,-4.3507,11,IT,ITA,cdd_jja,-0.00156630016137798,Electricity
IPSL-CM6A-LR,-3.5,-3.4644,8,IT,ITA,cdd_jja,-0.00660340040189087,Electricity
IPSL-CM6A-LR,-2.5,-2.5669,9,IT,ITA,cdd_jja,-0.00495566885733524,Electricity
IPSL-CM6A-LR,-1.5,-1.2909,6,IT,ITA,cdd_jja,-0.00370139875233269,Electricity
IPSL-CM6A-LR,-0.5,-0.6347,8,IT,ITA,cdd_jja,0.00197965057293374,Electricity
EC-Earth3,-9.5,-9.1554,4,LT,LTU,cdd_jja,-0.00291508649955994,Electricity
EC-Earth3,-8.5,-8.4726,15,LT,LTU,cdd_jja,-0.00375020524283928,Electricity
EC-Earth3,-7.5,-7.5562,20,LT,LTU,cdd_jja,-0.004210181336568,Electricity
EC-Earth3,-6.5,-6.4767,21,LT,LTU,cdd_jja,-0.00276622452270653,Electricity
EC-Earth3,-5.5,-5.3342,8,LT,LTU,cdd_jja,-0.00174678385906899,Electricity
EC-Earth3,-4.5,-4.5495,8,LT,LTU,cdd_jja,-0.0037239483105024,Electricity
EC-Earth3,-3.5,-3.3459,9,LT,LTU,cdd_jja,-0.00304436481757739,Electricity
EC-Earth3,-2.5,-2.4493,5,LT,LTU,cdd_jja,-0.00368473737666378,Electricity
EC-Earth3,-1.5,-1.3807,6,LT,LTU,cdd_jja,0.000543152123573277,Electricity
EC-Earth3,-0.5,-0.6596,3,LT,LTU,cdd_jja,0.0060605535914843,Electricity
HadGEM3-GC3-1LL,-8.5,-8.3848,12,LT,LTU,cdd_jja,-0.00356078023098039,Electricity
HadGEM3-GC3-1LL,-7.5,-7.5599,19,LT,LTU,cdd_jja,-0.00311545916925364,Electricity
HadGEM3-GC3-1LL,-6.5,-6.5442,24,LT,LTU,cdd_jja,-0.00331234254561354,Electricity
HadGEM3-GC3-1LL,-5.5,-5.5797,10,LT,LTU,cdd_jja,-0.00150401627536958,Electricity
HadGEM3-GC3-1LL,-4.5,-4.5263,6,LT,LTU,cdd_jja,-0.003120605876921,Electricity
HadGEM3-GC3-1LL,-3.5,-3.7835,7,LT,LTU,cdd_jja,-0.00386020521518745,Electricity
HadGEM3-GC3-1LL,-2.5,-2.4504,6,LT,LTU,cdd_jja,-0.00338457091762328,Electricity
HadGEM3-GC3-1LL,-1.5,-1.3098,8,LT,LTU,cdd_jja,-0.000344873029879861,Electricity
HadGEM3-GC3-1LL,-0.5,-0.331,6,LT,LTU,cdd_jja,-0.0019956140899359,Electricity
HadGEM3-GC3-1MM,-14.5,-14.3032,4,LT,LTU,cdd_jja,-0.00572558143143911,Electricity
HadGEM3-GC3-1MM,-13.5,-13.3931,8,LT,LTU,cdd_jja,-0.00626428470601179,Electricity
HadGEM3-GC3-1MM,-12.5,-12.588,13,LT,LTU,cdd_jja,-0.00668600942156868,Electricity
HadGEM3-GC3-1MM,-11.5,-11.5321,21,LT,LTU,cdd_jja,-0.00637637825436024,Electricity
HadGEM3-GC3-1MM,-10.5,-10.4803,10,LT,LTU,cdd_jja,-0.00741391962716689,Electricity
HadGEM3-GC3-1MM,-9.5,-9.6161,7,LT,LTU,cdd_jja,-0.0039159030600283,Electricity
HadGEM3-GC3-1MM,-8.5,-8.6582,7,LT,LTU,cdd_jja,-0.00488784571815943,Electricity
HadGEM3-GC3-1MM,-7.5,-7.6345,8,LT,LTU,cdd_jja,-0.00551186221474361,Electricity
HadGEM3-GC3-1MM,-6.5,-6.4299,4,LT,LTU,cdd_jja,-0.00367269931466216,Electricity
HadGEM3-GC3-1MM,-5.5,-5.3528,4,LT,LTU,cdd_jja,-0.00330117680694537,Electricity
HadGEM3-GC3-1MM,-4.5,-4.3969,4,LT,LTU,cdd_jja,-0.00128222806783965,Electricity
IPSL-CM6A-LR,-9.5,-9.3401,5,LT,LTU,cdd_jja,-0.00612820226599343,Electricity
IPSL-CM6A-LR,-8.5,-8.4598,8,LT,LTU,cdd_jja,-0.0058201412807852,Electricity
IPSL-CM6A-LR,-7.5,-7.5255,19,LT,LTU,cdd_jja,-0.0049506529981679,Electricity
IPSL-CM6A-LR,-6.5,-6.5577,11,LT,LTU,cdd_jja,-0.00434486805925284,Electricity
IPSL-CM6A-LR,-5.5,-5.5623,13,LT,LTU,cdd_jja,-0.00439040333725898,Electricity
IPSL-CM6A-LR,-4.5,-4.3507,11,LT,LTU,cdd_jja,-0.00405547479338046,Electricity
IPSL-CM6A-LR,-3.5,-3.4644,8,LT,LTU,cdd_jja,-0.00397203706653587,Electricity
IPSL-CM6A-LR,-2.5,-2.5669,9,LT,LTU,cdd_jja,-0.00402062547620909,Electricity
IPSL-CM6A-LR,-1.5,-1.2909,6,LT,LTU,cdd_jja,-0.00397399979403614,Electricity
IPSL-CM6A-LR,-0.5,-0.6347,8,LT,LTU,cdd_jja,-0.00153084021787319,Electricity
EC-Earth3,-9.5,-9.1554,4,LU,LUX,cdd_jja,-0.00741186966733328,Electricity
EC-Earth3,-8.5,-8.4726,15,LU,LUX,cdd_jja,-0.00664871759906365,Electricity
EC-Earth3,-7.5,-7.5562,20,LU,LUX,cdd_jja,-0.00640948292486471,Electricity
EC-Earth3,-6.5,-6.4767,21,LU,LUX,cdd_jja,-0.00348977311163748,Electricity
EC-Earth3,-5.5,-5.3342,8,LU,LUX,cdd_jja,-0.00322947182893569,Electricity
EC-Earth3,-4.5,-4.5495,8,LU,LUX,cdd_jja,-0.0043552487069209,Electricity
EC-Earth3,-3.5,-3.3459,9,LU,LUX,cdd_jja,-0.00120995607966324,Electricity
EC-Earth3,-2.5,-2.4493,5,LU,LUX,cdd_jja,-0.00426252073657506,Electricity
EC-Earth3,-1.5,-1.3807,6,LU,LUX,cdd_jja,-0.00145913523986352,Electricity
EC-Earth3,-0.5,-0.6596,3,LU,LUX,cdd_jja,0.000235832613198483,Electricity
HadGEM3-GC3-1LL,-8.5,-8.3848,12,LU,LUX,cdd_jja,-0.00300615705557223,Electricity
HadGEM3-GC3-1LL,-7.5,-7.5599,19,LU,LUX,cdd_jja,-0.00430417417574735,Electricity
HadGEM3-GC3-1LL,-6.5,-6.5442,24,LU,LUX,cdd_jja,-0.0036999594188325,Electricity
HadGEM3-GC3-1LL,-5.5,-5.5797,10,LU,LUX,cdd_jja,-0.0031657486094271,Electricity
HadGEM3-GC3-1LL,-4.5,-4.5263,6,LU,LUX,cdd_jja,-0.0035769618288159,Electricity
HadGEM3-GC3-1LL,-3.5,-3.7835,7,LU,LUX,cdd_jja,-0.00508760776151971,Electricity
HadGEM3-GC3-1LL,-2.5,-2.4504,6,LU,LUX,cdd_jja,-0.00165309633305635,Electricity
HadGEM3-GC3-1LL,-1.5,-1.3098,8,LU,LUX,cdd_jja,-0.000326554239877389,Electricity
HadGEM3-GC3-1LL,-0.5,-0.331,6,LU,LUX,cdd_jja,-0.00155142704854264,Electricity
HadGEM3-GC3-1MM,-14.5,-14.3032,4,LU,LUX,cdd_jja,-0.00885525947102801,Electricity
HadGEM3-GC3-1MM,-13.5,-13.3931,8,LU,LUX,cdd_jja,-0.00969958122547525,Electricity
HadGEM3-GC3-1MM,-12.5,-12.588,13,LU,LUX,cdd_jja,-0.00696585074693977,Electricity
HadGEM3-GC3-1MM,-11.5,-11.5321,21,LU,LUX,cdd_jja,-0.00837050939462928,Electricity
HadGEM3-GC3-1MM,-10.5,-10.4803,10,LU,LUX,cdd_jja,-0.00843903039247185,Electricity
HadGEM3-GC3-1MM,-9.5,-9.6161,7,LU,LUX,cdd_jja,-0.0047898401916462,Electricity
HadGEM3-GC3-1MM,-8.5,-8.6582,7,LU,LUX,cdd_jja,-0.00595173125563629,Electricity
HadGEM3-GC3-1MM,-7.5,-7.6345,8,LU,LUX,cdd_jja,-0.00767173478836833,Electricity
HadGEM3-GC3-1MM,-6.5,-6.4299,4,LU,LUX,cdd_jja,-0.00254652989117689,Electricity
HadGEM3-GC3-1MM,-5.5,-5.3528,4,LU,LUX,cdd_jja,-0.00494786156350085,Electricity
HadGEM3-GC3-1MM,-4.5,-4.3969,4,LU,LUX,cdd_jja,-0.00207708908928022,Electricity
IPSL-CM6A-LR,-9.5,-9.3401,5,LU,LUX,cdd_jja,-0.0064528810107039,Electricity
IPSL-CM6A-LR,-8.5,-8.4598,8,LU,LUX,cdd_jja,-0.00752697273118214,Electricity
IPSL-CM6A-LR,-7.5,-7.5255,19,LU,LUX,cdd_jja,-0.00530067273571512,Electricity
IPSL-CM6A-LR,-6.5,-6.5577,11,LU,LUX,cdd_jja,-0.00501769104634361,Electricity
IPSL-CM6A-LR,-5.5,-5.5623,13,LU,LUX,cdd_jja,-0.00477836913981132,Electricity
IPSL-CM6A-LR,-4.5,-4.3507,11,LU,LUX,cdd_jja,-0.00354206889547786,Electricity
IPSL-CM6A-LR,-3.5,-3.4644,8,LU,LUX,cdd_jja,-0.00525378535654213,Electricity
IPSL-CM6A-LR,-2.5,-2.5669,9,LU,LUX,cdd_jja,-0.00213160929762091,Electricity
IPSL-CM6A-LR,-1.5,-1.2909,6,LU,LUX,cdd_jja,-0.00364766363499211,Electricity
IPSL-CM6A-LR,-0.5,-0.6347,8,LU,LUX,cdd_jja,-0.000854702402115309,Electricity
EC-Earth3,-9.5,-9.1554,4,LV,LVA,cdd_jja,-0.00275300882420474,Electricity
EC-Earth3,-8.5,-8.4726,15,LV,LVA,cdd_jja,-0.00305082001024492,Electricity
EC-Earth3,-7.5,-7.5562,20,LV,LVA,cdd_jja,-0.00338077631112277,Electricity
EC-Earth3,-6.5,-6.4767,21,LV,LVA,cdd_jja,-0.00227528095064029,Electricity
EC-Earth3,-5.5,-5.3342,8,LV,LVA,cdd_jja,-0.00140256507168922,Electricity
EC-Earth3,-4.5,-4.5495,8,LV,LVA,cdd_jja,-0.00355685477597986,Electricity
EC-Earth3,-3.5,-3.3459,9,LV,LVA,cdd_jja,-0.00309513403558423,Electricity
EC-Earth3,-2.5,-2.4493,5,LV,LVA,cdd_jja,-0.00319671608776461,Electricity
EC-Earth3,-1.5,-1.3807,6,LV,LVA,cdd_jja,0.00060303712041469,Electricity
EC-Earth3,-0.5,-0.6596,3,LV,LVA,cdd_jja,0.0039657999547017,Electricity
HadGEM3-GC3-1LL,-8.5,-8.3848,12,LV,LVA,cdd_jja,-0.00322497936376842,Electricity
HadGEM3-GC3-1LL,-7.5,-7.5599,19,LV,LVA,cdd_jja,-0.00295713248423228,Electricity
HadGEM3-GC3-1LL,-6.5,-6.5442,24,LV,LVA,cdd_jja,-0.00287504685855454,Electricity
HadGEM3-GC3-1LL,-5.5,-5.5797,10,LV,LVA,cdd_jja,-0.00172698211939966,Electricity
HadGEM3-GC3-1LL,-4.5,-4.5263,6,LV,LVA,cdd_jja,-0.00262569323368757,Electricity
HadGEM3-GC3-1LL,-3.5,-3.7835,7,LV,LVA,cdd_jja,-0.00330632351461273,Electricity
HadGEM3-GC3-1LL,-2.5,-2.4504,6,LV,LVA,cdd_jja,-0.00282323085254755,Electricity
HadGEM3-GC3-1LL,-1.5,-1.3098,8,LV,LVA,cdd_jja,-9.58247181795946e-05,Electricity
HadGEM3-GC3-1LL,-0.5,-0.331,6,LV,LVA,cdd_jja,-0.00123294179949967,Electricity
HadGEM3-GC3-1MM,-14.5,-14.3032,4,LV,LVA,cdd_jja,-0.0053872944427268,Electricity
HadGEM3-GC3-1MM,-13.5,-13.3931,8,LV,LVA,cdd_jja,-0.00595046638680279,Electricity
HadGEM3-GC3-1MM,-12.5,-12.588,13,LV,LVA,cdd_jja,-0.00613583509516112,Electricity
HadGEM3-GC3-1MM,-11.5,-11.5321,21,LV,LVA,cdd_jja,-0.00591047036196406,Electricity
HadGEM3-GC3-1MM,-10.5,-10.4803,10,LV,LVA,cdd_jja,-0.00638859078102856,Electricity
HadGEM3-GC3-1MM,-9.5,-9.6161,7,LV,LVA,cdd_jja,-0.00419452313273256,Electricity
HadGEM3-GC3-1MM,-8.5,-8.6582,7,LV,LVA,cdd_jja,-0.00461642231295614,Electricity
HadGEM3-GC3-1MM,-7.5,-7.6345,8,LV,LVA,cdd_jja,-0.00487362684782417,Electricity
HadGEM3-GC3-1MM,-6.5,-6.4299,4,LV,LVA,cdd_jja,-0.00355205699764588,Electricity
HadGEM3-GC3-1MM,-5.5,-5.3528,4,LV,LVA,cdd_jja,-0.00300354008557188,Electricity
HadGEM3-GC3-1MM,-4.5,-4.3969,4,LV,LVA,cdd_jja,-0.00181434530124478,Electricity
IPSL-CM6A-LR,-9.5,-9.3401,5,LV,LVA,cdd_jja,-0.00519974492603484,Electricity
IPSL-CM6A-LR,-8.5,-8.4598,8,LV,LVA,cdd_jja,-0.00506963790085062,Electricity
IPSL-CM6A-LR,-7.5,-7.5255,19,LV,LVA,cdd_jja,-0.00440401158126082,Electricity
IPSL-CM6A-LR,-6.5,-6.5577,11,LV,LVA,cdd_jja,-0.00413830189389164,Electricity
IPSL-CM6A-LR,-5.5,-5.5623,13,LV,LVA,cdd_jja,-0.0036189205811549,Electricity
IPSL-CM6A-LR,-4.5,-4.3507,11,LV,LVA,cdd_jja,-0.00358080005148309,Electricity
IPSL-CM6A-LR,-3.5,-3.4644,8,LV,LVA,cdd_jja,-0.00320783821026611,Electricity
IPSL-CM6A-LR,-2.5,-2.5669,9,LV,LVA,cdd_jja,-0.00308239811491585,Electricity
IPSL-CM6A-LR,-1.5,-1.2909,6,LV,LVA,cdd_jja,-0.0032582148827729,Electricity
IPSL-CM6A-LR,-0.5,-0.6347,8,LV,LVA,cdd_jja,-0.00124288628550101,Electricity
EC-Earth3,-9.5,-9.1554,4,MT,MLT,cdd_jja,-0.0150937670225363,Electricity
EC-Earth3,-8.5,-8.4726,15,MT,MLT,cdd_jja,-0.0157033901841186,Electricity
EC-Earth3,-7.5,-7.5562,20,MT,MLT,cdd_jja,-0.0170593295736348,Electricity
EC-Earth3,-6.5,-6.4767,21,MT,MLT,cdd_jja,-0.0129469356827467,Electricity
EC-Earth3,-5.5,-5.3342,8,MT,MLT,cdd_jja,-0.0104302828657405,Electricity
EC-Earth3,-4.5,-4.5495,8,MT,MLT,cdd_jja,-0.00996441858951098,Electricity
EC-Earth3,-3.5,-3.3459,9,MT,MLT,cdd_jja,-0.0141809678864132,Electricity
EC-Earth3,-2.5,-2.4493,5,MT,MLT,cdd_jja,-0.0074145302535003,Electricity
EC-Earth3,-1.5,-1.3807,6,MT,MLT,cdd_jja,-0.00761058492269342,Electricity
EC-Earth3,-0.5,-0.6596,3,MT,MLT,cdd_jja,0.00679749234358373,Electricity
HadGEM3-GC3-1LL,-8.5,-8.3848,12,MT,MLT,cdd_jja,-0.0152400556455561,Electricity
HadGEM3-GC3-1LL,-7.5,-7.5599,19,MT,MLT,cdd_jja,-0.0114075903123723,Electricity
HadGEM3-GC3-1LL,-6.5,-6.5442,24,MT,MLT,cdd_jja,-0.0173037545716678,Electricity
HadGEM3-GC3-1LL,-5.5,-5.5797,10,MT,MLT,cdd_jja,-0.010169676269872,Electricity
HadGEM3-GC3-1LL,-4.5,-4.5263,6,MT,MLT,cdd_jja,-0.01171146414558,Electricity
HadGEM3-GC3-1LL,-3.5,-3.7835,7,MT,MLT,cdd_jja,-0.00948516415011299,Electricity
HadGEM3-GC3-1LL,-2.5,-2.4504,6,MT,MLT,cdd_jja,-0.00766069989820018,Electricity
HadGEM3-GC3-1LL,-1.5,-1.3098,8,MT,MLT,cdd_jja,-0.00473039135647152,Electricity
HadGEM3-GC3-1LL,-0.5,-0.331,6,MT,MLT,cdd_jja,-0.00098960720563351,Electricity
HadGEM3-GC3-1MM,-14.5,-14.3032,4,MT,MLT,cdd_jja,-0.0237787489788747,Electricity
HadGEM3-GC3-1MM,-13.5,-13.3931,8,MT,MLT,cdd_jja,-0.0240770399427483,Electricity
HadGEM3-GC3-1MM,-12.5,-12.588,13,MT,MLT,cdd_jja,-0.0242439153964374,Electricity
HadGEM3-GC3-1MM,-11.5,-11.5321,21,MT,MLT,cdd_jja,-0.0237145459815327,Electricity
HadGEM3-GC3-1MM,-10.5,-10.4803,10,MT,MLT,cdd_jja,-0.023239784007302,Electricity
HadGEM3-GC3-1MM,-9.5,-9.6161,7,MT,MLT,cdd_jja,-0.0170961852344731,Electricity
HadGEM3-GC3-1MM,-8.5,-8.6582,7,MT,MLT,cdd_jja,-0.0160159872506607,Electricity
HadGEM3-GC3-1MM,-7.5,-7.6345,8,MT,MLT,cdd_jja,-0.0163698452108751,Electricity
HadGEM3-GC3-1MM,-6.5,-6.4299,4,MT,MLT,cdd_jja,-0.0101897397065414,Electricity
HadGEM3-GC3-1MM,-5.5,-5.3528,4,MT,MLT,cdd_jja,-0.00929949012858794,Electricity
HadGEM3-GC3-1MM,-4.5,-4.3969,4,MT,MLT,cdd_jja,-0.0075758228378554,Electricity
IPSL-CM6A-LR,-9.5,-9.3401,5,MT,MLT,cdd_jja,-0.0199879807010299,Electricity
IPSL-CM6A-LR,-8.5,-8.4598,8,MT,MLT,cdd_jja,-0.0191856613150884,Electricity
IPSL-CM6A-LR,-7.5,-7.5255,19,MT,MLT,cdd_jja,-0.014977529938354,Electricity
IPSL-CM6A-LR,-6.5,-6.5577,11,MT,MLT,cdd_jja,-0.0172416887664928,Electricity
IPSL-CM6A-LR,-5.5,-5.5623,13,MT,MLT,cdd_jja,-0.0130297191670912,Electricity
IPSL-CM6A-LR,-4.5,-4.3507,11,MT,MLT,cdd_jja,-0.00287151394905407,Electricity
IPSL-CM6A-LR,-3.5,-3.4644,8,MT,MLT,cdd_jja,-0.00541965763839784,Electricity
IPSL-CM6A-LR,-2.5,-2.5669,9,MT,MLT,cdd_jja,-0.00570935621743692,Electricity
IPSL-CM6A-LR,-1.5,-1.2909,6,MT,MLT,cdd_jja,-0.00430801239841453,Electricity
IPSL-CM6A-LR,-0.5,-0.6347,8,MT,MLT,cdd_jja,0.00255878603401187,Electricity
EC-Earth3,-9.5,-9.1554,4,NL,NLD,cdd_jja,-0.00488082351532514,Electricity
EC-Earth3,-8.5,-8.4726,15,NL,NLD,cdd_jja,-0.00481064510314901,Electricity
EC-Earth3,-7.5,-7.5562,20,NL,NLD,cdd_jja,-0.00450520108794114,Electricity
EC-Earth3,-6.5,-6.4767,21,NL,NLD,cdd_jja,-0.00320195002776531,Electricity
EC-Earth3,-5.5,-5.3342,8,NL,NLD,cdd_jja,-0.00254509055767669,Electricity
EC-Earth3,-4.5,-4.5495,8,NL,NLD,cdd_jja,-0.00380995939118067,Electricity
EC-Earth3,-3.5,-3.3459,9,NL,NLD,cdd_jja,-0.00171804080523178,Electricity
EC-Earth3,-2.5,-2.4493,5,NL,NLD,cdd_jja,-0.00374580001000535,Electricity
EC-Earth3,-1.5,-1.3807,6,NL,NLD,cdd_jja,-0.00107068965947778,Electricity
EC-Earth3,-0.5,-0.6596,3,NL,NLD,cdd_jja,1.6225214002189e-05,Electricity
HadGEM3-GC3-1LL,-8.5,-8.3848,12,NL,NLD,cdd_jja,-0.00338286988712305,Electricity
HadGEM3-GC3-1LL,-7.5,-7.5599,19,NL,NLD,cdd_jja,-0.0035788809401495,Electricity
HadGEM3-GC3-1LL,-6.5,-6.5442,24,NL,NLD,cdd_jja,-0.00334378980178445,Electricity
HadGEM3-GC3-1LL,-5.5,-5.5797,10,NL,NLD,cdd_jja,-0.00258853225968256,Electricity
HadGEM3-GC3-1LL,-4.5,-4.5263,6,NL,NLD,cdd_jja,-0.00312605789775507,Electricity
HadGEM3-GC3-1LL,-3.5,-3.7835,7,NL,NLD,cdd_jja,-0.003975482743703,Electricity
HadGEM3-GC3-1LL,-2.5,-2.4504,6,NL,NLD,cdd_jja,-0.00240150613699066,Electricity
HadGEM3-GC3-1LL,-1.5,-1.3098,8,NL,NLD,cdd_jja,-0.000777545403271566,Electricity
HadGEM3-GC3-1LL,-0.5,-0.331,6,NL,NLD,cdd_jja,-0.000997501731801241,Electricity
HadGEM3-GC3-1MM,-14.5,-14.3032,4,NL,NLD,cdd_jja,-0.00637506976936007,Electricity
HadGEM3-GC3-1MM,-13.5,-13.3931,8,NL,NLD,cdd_jja,-0.00649318234870934,Electricity
HadGEM3-GC3-1MM,-12.5,-12.588,13,NL,NLD,cdd_jja,-0.00554269884458111,Electricity
HadGEM3-GC3-1MM,-11.5,-11.5321,21,NL,NLD,cdd_jja,-0.00606504605665158,Electricity
HadGEM3-GC3-1MM,-10.5,-10.4803,10,NL,NLD,cdd_jja,-0.00611101749632445,Electricity
HadGEM3-GC3-1MM,-9.5,-9.6161,7,NL,NLD,cdd_jja,-0.00420006238589997,Electricity
HadGEM3-GC3-1MM,-8.5,-8.6582,7,NL,NLD,cdd_jja,-0.00467648177446424,Electricity
HadGEM3-GC3-1MM,-7.5,-7.6345,8,NL,NLD,cdd_jja,-0.0051255974426915,Electricity
HadGEM3-GC3-1MM,-6.5,-6.4299,4,NL,NLD,cdd_jja,-0.00325799680193954,Electricity
HadGEM3-GC3-1MM,-5.5,-5.3528,4,NL,NLD,cdd_jja,-0.00383957476835134,Electricity
HadGEM3-GC3-1MM,-4.5,-4.3969,4,NL,NLD,cdd_jja,-0.00168668078139422,Electricity
IPSL-CM6A-LR,-9.5,-9.3401,5,NL,NLD,cdd_jja,-0.00503422157351251,Electricity
IPSL-CM6A-LR,-8.5,-8.4598,8,NL,NLD,cdd_jja,-0.00554884872408193,Electricity
IPSL-CM6A-LR,-7.5,-7.5255,19,NL,NLD,cdd_jja,-0.00453634303094534,Electricity
IPSL-CM6A-LR,-6.5,-6.5577,11,NL,NLD,cdd_jja,-0.00467347225896384,Electricity
IPSL-CM6A-LR,-5.5,-5.5623,13,NL,NLD,cdd_jja,-0.00384428531435197,Electricity
IPSL-CM6A-LR,-4.5,-4.3507,11,NL,NLD,cdd_jja,-0.00341492776962738,Electricity
IPSL-CM6A-LR,-3.5,-3.4644,8,NL,NLD,cdd_jja,-0.0039618308835345,Electricity
IPSL-CM6A-LR,-2.5,-2.5669,9,NL,NLD,cdd_jja,-0.00211992016495267,Electricity
IPSL-CM6A-LR,-1.5,-1.2909,6,NL,NLD,cdd_jja,-0.00309491595475087,Electricity
IPSL-CM6A-LR,-0.5,-0.6347,8,NL,NLD,cdd_jja,-0.00157406383904569,Electricity
EC-Earth3,-9.5,-9.1554,4,NO,NOR,cdd_jja,-0.00143414317636015,Electricity
EC-Earth3,-8.5,-8.4726,15,NO,NOR,cdd_jja,-0.00145787037103002,Electricity
EC-Earth3,-7.5,-7.5562,20,NO,NOR,cdd_jja,-0.00135428197518271,Electricity
EC-Earth3,-6.5,-6.4767,21,NO,NOR,cdd_jja,-0.00105415913230888,Electricity
EC-Earth3,-5.5,-5.3342,8,NO,NOR,cdd_jja,-0.000863905413283217,Electricity
EC-Earth3,-4.5,-4.5495,8,NO,NOR,cdd_jja,-0.00150528114420308,Electricity
EC-Earth3,-3.5,-3.3459,9,NO,NOR,cdd_jja,-0.00087302119211778,Electricity
EC-Earth3,-2.5,-2.4493,5,NO,NOR,cdd_jja,-0.00133086009367955,Electricity
EC-Earth3,-1.5,-1.3807,6,NO,NOR,cdd_jja,-0.000494389249233365,Electricity
EC-Earth3,-0.5,-0.6596,3,NO,NOR,cdd_jja,-0.000507997493235201,Electricity
HadGEM3-GC3-1LL,-8.5,-8.3848,12,NO,NOR,cdd_jja,-0.00104678800014122,Electricity
HadGEM3-GC3-1LL,-7.5,-7.5599,19,NO,NOR,cdd_jja,-0.00111587600815054,Electricity
HadGEM3-GC3-1LL,-6.5,-6.5442,24,NO,NOR,cdd_jja,-0.00089609414428756,Electricity
HadGEM3-GC3-1LL,-5.5,-5.5797,10,NO,NOR,cdd_jja,-0.000827006136278239,Electricity
HadGEM3-GC3-1LL,-4.5,-4.5263,6,NO,NOR,cdd_jja,-0.000797696072274285,Electricity
HadGEM3-GC3-1LL,-3.5,-3.7835,7,NO,NOR,cdd_jja,-0.0011931638554943,Electricity
HadGEM3-GC3-1LL,-2.5,-2.4504,6,NO,NOR,cdd_jja,-0.000923223399957886,Electricity
HadGEM3-GC3-1LL,-1.5,-1.3098,8,NO,NOR,cdd_jja,-8.95439901787471e-05,Electricity
HadGEM3-GC3-1LL,-0.5,-0.331,6,NO,NOR,cdd_jja,-9.9444860013416e-06,Electricity
HadGEM3-GC3-1MM,-14.5,-14.3032,4,NO,NOR,cdd_jja,-0.00173417878690063,Electricity
HadGEM3-GC3-1MM,-13.5,-13.3931,8,NO,NOR,cdd_jja,-0.00175860384023725,Electricity
HadGEM3-GC3-1MM,-12.5,-12.588,13,NO,NOR,cdd_jja,-0.00174277117173512,Electricity
HadGEM3-GC3-1MM,-11.5,-11.5321,21,NO,NOR,cdd_jja,-0.00176405586107132,Electricity
HadGEM3-GC3-1MM,-10.5,-10.4803,10,NO,NOR,cdd_jja,-0.00174634769740227,Electricity
HadGEM3-GC3-1MM,-9.5,-9.6161,7,NO,NOR,cdd_jja,-0.00149804086053544,Electricity
HadGEM3-GC3-1MM,-8.5,-8.6582,7,NO,NOR,cdd_jja,-0.00150427797236961,Electricity
HadGEM3-GC3-1MM,-7.5,-7.6345,8,NO,NOR,cdd_jja,-0.00146532873553102,Electricity
HadGEM3-GC3-1MM,-6.5,-6.4299,4,NO,NOR,cdd_jja,-0.00062715686058461,Electricity
HadGEM3-GC3-1MM,-5.5,-5.3528,4,NO,NOR,cdd_jja,-0.00134241837784777,Electricity
HadGEM3-GC3-1MM,-4.5,-4.3969,4,NO,NOR,cdd_jja,-0.000795951425607383,Electricity
IPSL-CM6A-LR,-9.5,-9.3401,5,NO,NOR,cdd_jja,-0.00154335805770822,Electricity
IPSL-CM6A-LR,-8.5,-8.4598,8,NO,NOR,cdd_jja,-0.00163927000822116,Electricity
IPSL-CM6A-LR,-7.5,-7.5255,19,NO,NOR,cdd_jja,-0.00144247386419461,Electricity
IPSL-CM6A-LR,-6.5,-6.5577,11,NO,NOR,cdd_jja,-0.00135777126851651,Electricity
IPSL-CM6A-LR,-5.5,-5.5623,13,NO,NOR,cdd_jja,-0.0011941234111611,Electricity
IPSL-CM6A-LR,-4.5,-4.3507,11,NO,NOR,cdd_jja,-0.00115002746665515,Electricity
IPSL-CM6A-LR,-3.5,-3.4644,8,NO,NOR,cdd_jja,-0.0011928585423276,Electricity
IPSL-CM6A-LR,-2.5,-2.5669,9,NO,NOR,cdd_jja,-0.0006228824762507,Electricity
IPSL-CM6A-LR,-1.5,-1.2909,6,NO,NOR,cdd_jja,-0.000936133785292961,Electricity
IPSL-CM6A-LR,-0.5,-0.6347,8,NO,NOR,cdd_jja,-0.000566835702076472,Electricity
EC-Earth3,-9.5,-9.1554,4,PL,POL,cdd_jja,-0.00593101357646683,Electricity
EC-Earth3,-8.5,-8.4726,15,PL,POL,cdd_jja,-0.00663698485022874,Electricity
EC-Earth3,-7.5,-7.5562,20,PL,POL,cdd_jja,-0.00637650910286026,Electricity
EC-Earth3,-6.5,-6.4767,21,PL,POL,cdd_jja,-0.00346142260330032,Electricity
EC-Earth3,-5.5,-5.3342,8,PL,POL,cdd_jja,-0.00180326679490995,Electricity
EC-Earth3,-4.5,-4.5495,8,PL,POL,cdd_jja,-0.00387800061118985,Electricity
EC-Earth3,-3.5,-3.3459,9,PL,POL,cdd_jja,-0.00335565339911938,Electricity
EC-Earth3,-2.5,-2.4493,5,PL,POL,cdd_jja,-0.00451497110927579,Electricity
EC-Earth3,-1.5,-1.3807,6,PL,POL,cdd_jja,-0.00188133973325381,Electricity
EC-Earth3,-0.5,-0.6596,3,PL,POL,cdd_jja,0.00673695310424222,Electricity
HadGEM3-GC3-1LL,-8.5,-8.3848,12,PL,POL,cdd_jja,-0.00387987610635677,Electricity
HadGEM3-GC3-1LL,-7.5,-7.5599,19,PL,POL,cdd_jja,-0.00284612934005064,Electricity
HadGEM3-GC3-1LL,-6.5,-6.5442,24,PL,POL,cdd_jja,-0.0042279767325704,Electricity
HadGEM3-GC3-1LL,-5.5,-5.5797,10,PL,POL,cdd_jja,-0.00162714471388619,Electricity
HadGEM3-GC3-1LL,-4.5,-4.5263,6,PL,POL,cdd_jja,-0.00448792908593881,Electricity
HadGEM3-GC3-1LL,-3.5,-3.7835,7,PL,POL,cdd_jja,-0.00459897584628712,Electricity
HadGEM3-GC3-1LL,-2.5,-2.4504,6,PL,POL,cdd_jja,-0.00409145813088532,Electricity
HadGEM3-GC3-1LL,-1.5,-1.3098,8,PL,POL,cdd_jja,-0.00100352076280205,Electricity
HadGEM3-GC3-1LL,-0.5,-0.331,6,PL,POL,cdd_jja,-0.00356924176731486,Electricity
HadGEM3-GC3-1MM,-14.5,-14.3032,4,PL,POL,cdd_jja,-0.00623109280317398,Electricity
HadGEM3-GC3-1MM,-13.5,-13.3931,8,PL,POL,cdd_jja,-0.00688441936376212,Electricity
HadGEM3-GC3-1MM,-12.5,-12.588,13,PL,POL,cdd_jja,-0.00689741698143054,Electricity
HadGEM3-GC3-1MM,-11.5,-11.5321,21,PL,POL,cdd_jja,-0.00756696875602087,Electricity
HadGEM3-GC3-1MM,-10.5,-10.4803,10,PL,POL,cdd_jja,-0.00944163521577378,Electricity
HadGEM3-GC3-1MM,-9.5,-9.6161,7,PL,POL,cdd_jja,-0.00222560213680026,Electricity
HadGEM3-GC3-1MM,-8.5,-8.6582,7,PL,POL,cdd_jja,-0.00571009769227036,Electricity
HadGEM3-GC3-1MM,-7.5,-7.6345,8,PL,POL,cdd_jja,-0.00778640169055047,Electricity
HadGEM3-GC3-1MM,-6.5,-6.4299,4,PL,POL,cdd_jja,-0.00346578421996757,Electricity
HadGEM3-GC3-1MM,-5.5,-5.3528,4,PL,POL,cdd_jja,-0.00417345652422971,Electricity
HadGEM3-GC3-1MM,-4.5,-4.3969,4,PL,POL,cdd_jja,-0.00201031273810455,Electricity
IPSL-CM6A-LR,-9.5,-9.3401,5,PL,POL,cdd_jja,-0.00771683390470775,Electricity
IPSL-CM6A-LR,-8.5,-8.4598,8,PL,POL,cdd_jja,-0.00731809490898729,Electricity
IPSL-CM6A-LR,-7.5,-7.5255,19,PL,POL,cdd_jja,-0.00598034346097348,Electricity
IPSL-CM6A-LR,-6.5,-6.5577,11,PL,POL,cdd_jja,-0.0046768743199643,Electricity
IPSL-CM6A-LR,-5.5,-5.5623,13,PL,POL,cdd_jja,-0.00556446331175071,Electricity
IPSL-CM6A-LR,-4.5,-4.3507,11,PL,POL,cdd_jja,-0.00412591490255663,Electricity
IPSL-CM6A-LR,-3.5,-3.4644,8,PL,POL,cdd_jja,-0.00521963389803752,Electricity
IPSL-CM6A-LR,-2.5,-2.5669,9,PL,POL,cdd_jja,-0.00459845245228705,Electricity
IPSL-CM6A-LR,-1.5,-1.2909,6,PL,POL,cdd_jja,-0.00443672370626523,Electricity
IPSL-CM6A-LR,-0.5,-0.6347,8,PL,POL,cdd_jja,-0.00152216060070536,Electricity
EC-Earth3,-9.5,-9.1554,4,PT,PRT,cdd_jja,-0.0151932118825497,Electricity
EC-Earth3,-8.5,-8.4726,15,PT,PRT,cdd_jja,-0.0109780583029811,Electricity
EC-Earth3,-7.5,-7.5562,20,PT,PRT,cdd_jja,-0.0102795453937202,Electricity
EC-Earth3,-6.5,-6.4767,21,PT,PRT,cdd_jja,-0.00824184170294525,Electricity
EC-Earth3,-5.5,-5.3342,8,PT,PRT,cdd_jja,-0.0127752624507235,Electricity
EC-Earth3,-4.5,-4.5495,8,PT,PRT,cdd_jja,-0.00963982707713385,Electricity
EC-Earth3,-3.5,-3.3459,9,PT,PRT,cdd_jja,-0.00683460970142207,Electricity
EC-Earth3,-2.5,-2.4493,5,PT,PRT,cdd_jja,-0.00451850401877626,Electricity
EC-Earth3,-1.5,-1.3807,6,PT,PRT,cdd_jja,-0.00451327007877556,Electricity
EC-Earth3,-0.5,-0.6596,3,PT,PRT,cdd_jja,-0.00419024874839864,Electricity
HadGEM3-GC3-1LL,-8.5,-8.3848,12,PT,PRT,cdd_jja,-0.00838054111296396,Electricity
HadGEM3-GC3-1LL,-7.5,-7.5599,19,PT,PRT,cdd_jja,-0.0104238712892396,Electricity
HadGEM3-GC3-1LL,-6.5,-6.5442,24,PT,PRT,cdd_jja,-0.00850899072381463,Electricity
HadGEM3-GC3-1LL,-5.5,-5.5797,10,PT,PRT,cdd_jja,-0.00723544227314281,Electricity
HadGEM3-GC3-1LL,-4.5,-4.5263,6,PT,PRT,cdd_jja,-0.00283954329888309,Electricity
HadGEM3-GC3-1LL,-3.5,-3.7835,7,PT,PRT,cdd_jja,-0.00808347140175721,Electricity
HadGEM3-GC3-1LL,-2.5,-2.4504,6,PT,PRT,cdd_jja,-0.00265910321735874,Electricity
HadGEM3-GC3-1LL,-1.5,-1.3098,8,PT,PRT,cdd_jja,-0.00136845722935129,Electricity
HadGEM3-GC3-1LL,-0.5,-0.331,6,PT,PRT,cdd_jja,-0.00132034859751146,Electricity
HadGEM3-GC3-1MM,-14.5,-14.3032,4,PT,PRT,cdd_jja,-0.0184649041608245,Electricity
HadGEM3-GC3-1MM,-13.5,-13.3931,8,PT,PRT,cdd_jja,-0.0201710813687213,Electricity
HadGEM3-GC3-1MM,-12.5,-12.588,13,PT,PRT,cdd_jja,-0.0201165611603806,Electricity
HadGEM3-GC3-1MM,-11.5,-11.5321,21,PT,PRT,cdd_jja,-0.0170971447901399,Electricity
HadGEM3-GC3-1MM,-10.5,-10.4803,10,PT,PRT,cdd_jja,-0.0149835925855215,Electricity
HadGEM3-GC3-1MM,-9.5,-9.6161,7,PT,PRT,cdd_jja,-0.0151403490885426,Electricity
HadGEM3-GC3-1MM,-8.5,-8.6582,7,PT,PRT,cdd_jja,-0.0117492793620851,Electricity
HadGEM3-GC3-1MM,-7.5,-7.6345,8,PT,PRT,cdd_jja,-0.0101928364543751,Electricity
HadGEM3-GC3-1MM,-6.5,-6.4299,4,PT,PRT,cdd_jja,-0.0102059213043769,Electricity
HadGEM3-GC3-1MM,-5.5,-5.3528,4,PT,PRT,cdd_jja,-0.00317578032776178,Electricity
HadGEM3-GC3-1MM,-4.5,-4.3969,4,PT,PRT,cdd_jja,-0.00154161341104131,Electricity
IPSL-CM6A-LR,-9.5,-9.3401,5,PT,PRT,cdd_jja,-0.0129238191144102,Electricity
IPSL-CM6A-LR,-8.5,-8.4598,8,PT,PRT,cdd_jja,-0.0153983387144107,Electricity
IPSL-CM6A-LR,-7.5,-7.5255,19,PT,PRT,cdd_jja,-0.0105199140882526,Electricity
IPSL-CM6A-LR,-6.5,-6.5577,11,PT,PRT,cdd_jja,-0.0121944259591452,Electricity
IPSL-CM6A-LR,-5.5,-5.5623,13,PT,PRT,cdd_jja,-0.00964083024896732,Electricity
IPSL-CM6A-LR,-4.5,-4.3507,11,PT,PRT,cdd_jja,-0.00799972836174592,Electricity
IPSL-CM6A-LR,-3.5,-3.4644,8,PT,PRT,cdd_jja,-0.00556223888725041,Electricity
IPSL-CM6A-LR,-2.5,-2.5669,9,PT,PRT,cdd_jja,-0.0055406488847475,Electricity
IPSL-CM6A-LR,-1.5,-1.2909,6,PT,PRT,cdd_jja,-0.00302185887557435,Electricity
IPSL-CM6A-LR,-0.5,-0.6347,8,PT,PRT,cdd_jja,-0.00143082834769303,Electricity
EC-Earth3,-9.5,-9.1554,4,RO,ROU,cdd_jja,-0.00917064797223722,Electricity
EC-Earth3,-8.5,-8.4726,15,RO,ROU,cdd_jja,-0.00963236871263285,Electricity
EC-Earth3,-7.5,-7.5562,20,RO,ROU,cdd_jja,-0.010572733266093,Electricity
EC-Earth3,-6.5,-6.4767,21,RO,ROU,cdd_jja,-0.00602265114264586,Electricity
EC-Earth3,-5.5,-5.3342,8,RO,ROU,cdd_jja,-0.00375199350567285,Electricity
EC-Earth3,-4.5,-4.5495,8,RO,ROU,cdd_jja,-0.00452936444427773,Electricity
EC-Earth3,-3.5,-3.3459,9,RO,ROU,cdd_jja,-0.00866339195383546,Electricity
EC-Earth3,-2.5,-2.4493,5,RO,ROU,cdd_jja,0.000280539184037847,Electricity
EC-Earth3,-1.5,-1.3807,6,RO,ROU,cdd_jja,-0.00564131499742774,Electricity
EC-Earth3,-0.5,-0.6596,3,RO,ROU,cdd_jja,0.00788436360089702,Electricity
HadGEM3-GC3-1LL,-8.5,-8.3848,12,RO,ROU,cdd_jja,-0.00807418115825597,Electricity
HadGEM3-GC3-1LL,-7.5,-7.5599,19,RO,ROU,cdd_jja,-0.0021362326112882,Electricity
HadGEM3-GC3-1LL,-6.5,-6.5442,24,RO,ROU,cdd_jja,-0.00861938324166285,Electricity
HadGEM3-GC3-1LL,-5.5,-5.5797,10,RO,ROU,cdd_jja,-0.000512708039235837,Electricity
HadGEM3-GC3-1LL,-4.5,-4.5263,6,RO,ROU,cdd_jja,-0.00778936758988421,Electricity
HadGEM3-GC3-1LL,-3.5,-3.7835,7,RO,ROU,cdd_jja,-0.005005783832842,Electricity
HadGEM3-GC3-1LL,-2.5,-2.4504,6,RO,ROU,cdd_jja,-0.00510195748035498,Electricity
HadGEM3-GC3-1LL,-1.5,-1.3098,8,RO,ROU,cdd_jja,-0.00504957446418125,Electricity
HadGEM3-GC3-1LL,-0.5,-0.331,6,RO,ROU,cdd_jja,-0.00514086310102689,Electricity
HadGEM3-GC3-1MM,-14.5,-14.3032,4,RO,ROU,cdd_jja,-0.0038563233763536,Electricity
HadGEM3-GC3-1MM,-13.5,-13.3931,8,RO,ROU,cdd_jja,-0.00394072065886498,Electricity
HadGEM3-GC3-1MM,-12.5,-12.588,13,RO,ROU,cdd_jja,-0.00960624262879599,Electricity
HadGEM3-GC3-1MM,-11.5,-11.5321,21,RO,ROU,cdd_jja,-0.00606286524831795,Electricity
HadGEM3-GC3-1MM,-10.5,-10.4803,10,RO,ROU,cdd_jja,-0.0104582844447443,Electricity
HadGEM3-GC3-1MM,-9.5,-9.6161,7,RO,ROU,cdd_jja,-0.00169575294406211,Electricity
HadGEM3-GC3-1MM,-8.5,-8.6582,7,RO,ROU,cdd_jja,-0.00440684663209453,Electricity
HadGEM3-GC3-1MM,-7.5,-7.6345,8,RO,ROU,cdd_jja,-0.0101247516181993,Electricity
HadGEM3-GC3-1MM,-6.5,-6.4299,4,RO,ROU,cdd_jja,-0.00866692486333593,Electricity
HadGEM3-GC3-1MM,-5.5,-5.3528,4,RO,ROU,cdd_jja,-0.00276722769454,Electricity
HadGEM3-GC3-1MM,-4.5,-4.3969,4,RO,ROU,cdd_jja,0.000504377351401379,Electricity
IPSL-CM6A-LR,-9.5,-9.3401,5,RO,ROU,cdd_jja,-0.0135344890639926,Electricity
IPSL-CM6A-LR,-8.5,-8.4598,8,RO,ROU,cdd_jja,-0.0110289147533213,Electricity
IPSL-CM6A-LR,-7.5,-7.5255,19,RO,ROU,cdd_jja,-0.00963188893479945,Electricity
IPSL-CM6A-LR,-6.5,-6.5577,11,RO,ROU,cdd_jja,-0.00886725391686296,Electricity
IPSL-CM6A-LR,-5.5,-5.5623,13,RO,ROU,cdd_jja,-0.00729026779465021,Electricity
IPSL-CM6A-LR,-4.5,-4.3507,11,RO,ROU,cdd_jja,-0.00514343645486057,Electricity
IPSL-CM6A-LR,-3.5,-3.4644,8,RO,ROU,cdd_jja,-0.00567271863743198,Electricity
IPSL-CM6A-LR,-2.5,-2.5669,9,RO,ROU,cdd_jja,-0.00590767892729701,Electricity
IPSL-CM6A-LR,-1.5,-1.2909,6,RO,ROU,cdd_jja,-0.00516236587119646,Electricity
IPSL-CM6A-LR,-0.5,-0.6347,8,RO,ROU,cdd_jja,0.00115875069998966,Electricity
EC-Earth3,-9.5,-9.1554,4,SE,SWE,cdd_jja,-0.00325053843743853,Electricity
EC-Earth3,-8.5,-8.4726,15,SE,SWE,cdd_jja,-0.00313670024242318,Electricity
EC-Earth3,-7.5,-7.5562,20,SE,SWE,cdd_jja,-0.00280473759787839,Electricity
EC-Earth3,-6.5,-6.4767,21,SE,SWE,cdd_jja,-0.0020658361182787,Electricity
EC-Earth3,-5.5,-5.3342,8,SE,SWE,cdd_jja,-0.00174037228256813,Electricity
EC-Earth3,-4.5,-4.5495,8,SE,SWE,cdd_jja,-0.00300934103573933,Electricity
EC-Earth3,-3.5,-3.3459,9,SE,SWE,cdd_jja,-0.00205362359161039,Electricity
EC-Earth3,-2.5,-2.4493,5,SE,SWE,cdd_jja,-0.00294147428039684,Electricity
EC-Earth3,-1.5,-1.3807,6,SE,SWE,cdd_jja,-0.000974167082631426,Electricity
EC-Earth3,-0.5,-0.6596,3,SE,SWE,cdd_jja,-0.000566355924243075,Electricity
HadGEM3-GC3-1LL,-8.5,-8.3848,12,SE,SWE,cdd_jja,-0.00233403192714822,Electricity
HadGEM3-GC3-1LL,-7.5,-7.5599,19,SE,SWE,cdd_jja,-0.0023222991783133,Electricity
HadGEM3-GC3-1LL,-6.5,-6.5442,24,SE,SWE,cdd_jja,-0.00210360771861713,Electricity
HadGEM3-GC3-1LL,-5.5,-5.5797,10,SE,SWE,cdd_jja,-0.00162492028938589,Electricity
HadGEM3-GC3-1LL,-4.5,-4.5263,6,SE,SWE,cdd_jja,-0.00173513834256742,Electricity
HadGEM3-GC3-1LL,-3.5,-3.7835,7,SE,SWE,cdd_jja,-0.00245729121416485,Electricity
HadGEM3-GC3-1LL,-2.5,-2.4504,6,SE,SWE,cdd_jja,-0.00191762838392538,Electricity
HadGEM3-GC3-1LL,-1.5,-1.3098,8,SE,SWE,cdd_jja,-8.90642123453491e-05,Electricity
HadGEM3-GC3-1LL,-0.5,-0.331,6,SE,SWE,cdd_jja,-0.000453957062727911,Electricity
HadGEM3-GC3-1MM,-14.5,-14.3032,4,SE,SWE,cdd_jja,-0.00404797281271278,Electricity
HadGEM3-GC3-1MM,-13.5,-13.3931,8,SE,SWE,cdd_jja,-0.00409490380805245,Electricity
HadGEM3-GC3-1MM,-12.5,-12.588,13,SE,SWE,cdd_jja,-0.00402699343654329,Electricity
HadGEM3-GC3-1MM,-11.5,-11.5321,21,SE,SWE,cdd_jja,-0.00408203703888405,Electricity
HadGEM3-GC3-1MM,-10.5,-10.4803,10,SE,SWE,cdd_jja,-0.00408744544355144,Electricity
HadGEM3-GC3-1MM,-9.5,-9.6161,7,SE,SWE,cdd_jja,-0.00316064551792641,Electricity
HadGEM3-GC3-1MM,-8.5,-8.6582,7,SE,SWE,cdd_jja,-0.00335787782361968,Electricity
HadGEM3-GC3-1MM,-7.5,-7.6345,8,SE,SWE,cdd_jja,-0.00342705306396235,Electricity
HadGEM3-GC3-1MM,-6.5,-6.4299,4,SE,SWE,cdd_jja,-0.00185346900275005,Electricity
HadGEM3-GC3-1MM,-5.5,-5.3528,4,SE,SWE,cdd_jja,-0.0028473069765508,Electricity
HadGEM3-GC3-1MM,-4.5,-4.3969,4,SE,SWE,cdd_jja,-0.00142175618502514,Electricity
IPSL-CM6A-LR,-9.5,-9.3401,5,SE,SWE,cdd_jja,-0.00337942420995592,Electricity
IPSL-CM6A-LR,-8.5,-8.4598,8,SE,SWE,cdd_jja,-0.003693765923165,Electricity
IPSL-CM6A-LR,-7.5,-7.5255,19,SE,SWE,cdd_jja,-0.00327055825794124,Electricity
IPSL-CM6A-LR,-6.5,-6.5577,11,SE,SWE,cdd_jja,-0.00316500713459366,Electricity
IPSL-CM6A-LR,-5.5,-5.5623,13,SE,SWE,cdd_jja,-0.00253863536500916,Electricity
IPSL-CM6A-LR,-4.5,-4.3507,11,SE,SWE,cdd_jja,-0.00260392876651797,Electricity
IPSL-CM6A-LR,-3.5,-3.4644,8,SE,SWE,cdd_jja,-0.00260139902885096,Electricity
IPSL-CM6A-LR,-2.5,-2.5669,9,SE,SWE,cdd_jja,-0.00173269583723376,Electricity
IPSL-CM6A-LR,-1.5,-1.2909,6,SE,SWE,cdd_jja,-0.00217361166612658,Electricity
IPSL-CM6A-LR,-0.5,-0.6347,8,SE,SWE,cdd_jja,-0.0011656856704906,Electricity
EC-Earth3,-9.5,-9.1554,4,SI,SVN,cdd_jja,-0.0102094542138774,Electricity
EC-Earth3,-8.5,-8.4726,15,SI,SVN,cdd_jja,-0.00749338828284428,Electricity
EC-Earth3,-7.5,-7.5562,20,SI,SVN,cdd_jja,-0.00842454982513656,Electricity
EC-Earth3,-6.5,-6.4767,21,SI,SVN,cdd_jja,-0.00464123991179282,Electricity
EC-Earth3,-5.5,-5.3342,8,SI,SVN,cdd_jja,-0.00231915881431288,Electricity
EC-Earth3,-4.5,-4.5495,8,SI,SVN,cdd_jja,-0.00393182296086378,Electricity
EC-Earth3,-3.5,-3.3459,9,SI,SVN,cdd_jja,-0.00511456255252335,Electricity
EC-Earth3,-2.5,-2.4493,5,SI,SVN,cdd_jja,-0.00263773129568919,Electricity
EC-Earth3,-1.5,-1.3807,6,SI,SVN,cdd_jja,-0.0042400584107387,Electricity
EC-Earth3,-0.5,-0.6596,3,SI,SVN,cdd_jja,0.00927170663041752,Electricity
HadGEM3-GC3-1LL,-8.5,-8.3848,12,SI,SVN,cdd_jja,-0.00455745325561485,Electricity
HadGEM3-GC3-1LL,-7.5,-7.5599,19,SI,SVN,cdd_jja,-0.00226913107113947,Electricity
HadGEM3-GC3-1LL,-6.5,-6.5442,24,SI,SVN,cdd_jja,-0.00577826976077955,Electricity
HadGEM3-GC3-1LL,-5.5,-5.5797,10,SI,SVN,cdd_jja,-0.00228849664914208,Electricity
HadGEM3-GC3-1LL,-4.5,-4.5263,6,SI,SVN,cdd_jja,-0.00564576384642835,Electricity
HadGEM3-GC3-1LL,-3.5,-3.7835,7,SI,SVN,cdd_jja,-0.00365185078699268,Electricity
HadGEM3-GC3-1LL,-2.5,-2.4504,6,SI,SVN,cdd_jja,-0.00340965021346,Electricity
HadGEM3-GC3-1LL,-1.5,-1.3098,8,SI,SVN,cdd_jja,-0.000853655614115168,Electricity
HadGEM3-GC3-1LL,-0.5,-0.331,6,SI,SVN,cdd_jja,-0.00214914299662328,Electricity
HadGEM3-GC3-1MM,-14.5,-14.3032,4,SI,SVN,cdd_jja,-0.00640625532853094,Electricity
HadGEM3-GC3-1MM,-13.5,-13.3931,8,SI,SVN,cdd_jja,-0.00692550579276766,Electricity
HadGEM3-GC3-1MM,-12.5,-12.588,13,SI,SVN,cdd_jja,-0.00636752417252572,Electricity
HadGEM3-GC3-1MM,-11.5,-11.5321,21,SI,SVN,cdd_jja,-0.00770558093370624,Electricity
HadGEM3-GC3-1MM,-10.5,-10.4803,10,SI,SVN,cdd_jja,-0.00939064791693357,Electricity
HadGEM3-GC3-1MM,-9.5,-9.6161,7,SI,SVN,cdd_jja,-0.00319832988593149,Electricity
HadGEM3-GC3-1MM,-8.5,-8.6582,7,SI,SVN,cdd_jja,-0.00440091483342707,Electricity
HadGEM3-GC3-1MM,-7.5,-7.6345,8,SI,SVN,cdd_jja,-0.00695778175610535,Electricity
HadGEM3-GC3-1MM,-6.5,-6.4299,4,SI,SVN,cdd_jja,-0.00355140275514579,Electricity
HadGEM3-GC3-1MM,-5.5,-5.3528,4,SI,SVN,cdd_jja,-0.00370829010666696,Electricity
HadGEM3-GC3-1MM,-4.5,-4.3969,4,SI,SVN,cdd_jja,-0.000646784135587259,Electricity
IPSL-CM6A-LR,-9.5,-9.3401,5,SI,SVN,cdd_jja,-0.00854274963681918,Electricity
IPSL-CM6A-LR,-8.5,-8.4598,8,SI,SVN,cdd_jja,-0.00904874078638744,Electricity
IPSL-CM6A-LR,-7.5,-7.5255,19,SI,SVN,cdd_jja,-0.00682488329625409,Electricity
IPSL-CM6A-LR,-6.5,-6.5577,11,SI,SVN,cdd_jja,-0.00676853120891315,Electricity
IPSL-CM6A-LR,-5.5,-5.5623,13,SI,SVN,cdd_jja,-0.00588669955112751,Electricity
IPSL-CM6A-LR,-4.5,-4.3507,11,SI,SVN,cdd_jja,-0.00195666485309731,Electricity
IPSL-CM6A-LR,-3.5,-3.4644,8,SI,SVN,cdd_jja,-0.00537700102739208,Electricity
IPSL-CM6A-LR,-2.5,-2.5669,9,SI,SVN,cdd_jja,-0.00321080410959984,Electricity
IPSL-CM6A-LR,-1.5,-1.2909,6,SI,SVN,cdd_jja,-0.00261400410101933,Electricity
IPSL-CM6A-LR,-0.5,-0.6347,8,SI,SVN,cdd_jja,0.000766466896936738,Electricity
EC-Earth3,-9.5,-9.1554,4,SK,SVK,cdd_jja,-0.00868943080533897,Electricity
EC-Earth3,-8.5,-8.4726,15,SK,SVK,cdd_jja,-0.008133717225764,Electricity
EC-Earth3,-7.5,-7.5562,20,SK,SVK,cdd_jja,-0.00803824143691778,Electricity
EC-Earth3,-6.5,-6.4767,21,SK,SVK,cdd_jja,-0.00389378966352532,Electricity
EC-Earth3,-5.5,-5.3342,8,SK,SVK,cdd_jja,-0.000664448683089641,Electricity
EC-Earth3,-4.5,-4.5495,8,SK,SVK,cdd_jja,-0.00406184275371465,Electricity
EC-Earth3,-3.5,-3.3459,9,SK,SVK,cdd_jja,-0.00440183077292719,Electricity
EC-Earth3,-2.5,-2.4493,5,SK,SVK,cdd_jja,-0.00366109741432726,Electricity
EC-Earth3,-1.5,-1.3807,6,SK,SVK,cdd_jja,-0.00369049471066456,Electricity
EC-Earth3,-0.5,-0.6596,3,SK,SVK,cdd_jja,0.00937459716759807,Electricity
HadGEM3-GC3-1LL,-8.5,-8.3848,12,SK,SVK,cdd_jja,-0.00502187819834418,Electricity
HadGEM3-GC3-1LL,-7.5,-7.5599,19,SK,SVK,cdd_jja,-0.00235104223215052,Electricity
HadGEM3-GC3-1LL,-6.5,-6.5442,24,SK,SVK,cdd_jja,-0.00580217142011611,Electricity
HadGEM3-GC3-1LL,-5.5,-5.5797,10,SK,SVK,cdd_jja,-0.000943155988127242,Electricity
HadGEM3-GC3-1LL,-4.5,-4.5263,6,SK,SVK,cdd_jja,-0.00612000242665899,Electricity
HadGEM3-GC3-1LL,-3.5,-3.7835,7,SK,SVK,cdd_jja,-0.00442468564426361,Electricity
HadGEM3-GC3-1LL,-2.5,-2.4504,6,SK,SVK,cdd_jja,-0.00406698946138202,Electricity
HadGEM3-GC3-1LL,-1.5,-1.3098,8,SK,SVK,cdd_jja,-0.00156337787821092,Electricity
HadGEM3-GC3-1LL,-0.5,-0.331,6,SK,SVK,cdd_jja,-0.00463321453712507,Electricity
HadGEM3-GC3-1MM,-14.5,-14.3032,4,SK,SVK,cdd_jja,-0.00552643001441224,Electricity
HadGEM3-GC3-1MM,-13.5,-13.3931,8,SK,SVK,cdd_jja,-0.00523904309220681,Electricity
HadGEM3-GC3-1MM,-12.5,-12.588,13,SK,SVK,cdd_jja,-0.00606317056148466,Electricity
HadGEM3-GC3-1MM,-11.5,-11.5321,21,SK,SVK,cdd_jja,-0.00695385630110482,Electricity
HadGEM3-GC3-1MM,-10.5,-10.4803,10,SK,SVK,cdd_jja,-0.00985952170866349,Electricity
HadGEM3-GC3-1MM,-9.5,-9.6161,7,SK,SVK,cdd_jja,-0.000561340065075731,Electricity
HadGEM3-GC3-1MM,-8.5,-8.6582,7,SK,SVK,cdd_jja,-0.0047992176674808,Electricity
HadGEM3-GC3-1MM,-7.5,-7.6345,8,SK,SVK,cdd_jja,-0.00799968474557925,Electricity
HadGEM3-GC3-1MM,-6.5,-6.4299,4,SK,SVK,cdd_jja,-0.00326296904494021,Electricity
HadGEM3-GC3-1MM,-5.5,-5.3528,4,SK,SVK,cdd_jja,-0.00266333398552598,Electricity
HadGEM3-GC3-1MM,-4.5,-4.3969,4,SK,SVK,cdd_jja,-0.000930071138125477,Electricity
IPSL-CM6A-LR,-9.5,-9.3401,5,SK,SVK,cdd_jja,-0.00813328106409727,Electricity
IPSL-CM6A-LR,-8.5,-8.4598,8,SK,SVK,cdd_jja,-0.0083677615761289,Electricity
IPSL-CM6A-LR,-7.5,-7.5255,19,SK,SVK,cdd_jja,-0.00649545038937631,Electricity
IPSL-CM6A-LR,-6.5,-6.5577,11,SK,SVK,cdd_jja,-0.00513410259519265,Electricity
IPSL-CM6A-LR,-5.5,-5.5623,13,SK,SVK,cdd_jja,-0.0059599747111374,Electricity
IPSL-CM6A-LR,-4.5,-4.3507,11,SK,SVK,cdd_jja,-0.00361346856032083,Electricity
IPSL-CM6A-LR,-3.5,-3.4644,8,SK,SVK,cdd_jja,-0.00532675520338531,Electricity
IPSL-CM6A-LR,-2.5,-2.5669,9,SK,SVK,cdd_jja,-0.004523999655777,Electricity
IPSL-CM6A-LR,-1.5,-1.2909,6,SK,SVK,cdd_jja,-0.00375526471817329,Electricity
IPSL-CM6A-LR,-0.5,-0.6347,8,SK,SVK,cdd_jja,-0.000371129962216736,Electricity
EC-Earth3,-9.5,-9.1554,4,UK,GBR,cdd_jja,-0.000312597066542173,Electricity
EC-Earth3,-8.5,-8.4726,15,UK,GBR,cdd_jja,-0.000343128383212959,Electricity
EC-Earth3,-7.5,-7.5562,20,UK,GBR,cdd_jja,-0.000330479694877919,Electricity
EC-Earth3,-6.5,-6.4767,21,UK,GBR,cdd_jja,-0.000310634339041908,Electricity
EC-Earth3,-5.5,-5.3342,8,UK,GBR,cdd_jja,-0.000300384539873859,Electricity
EC-Earth3,-4.5,-4.5495,8,UK,GBR,cdd_jja,-0.0003058801768746,Electricity
EC-Earth3,-3.5,-3.3459,9,UK,GBR,cdd_jja,-0.00015645118985444,Electricity
EC-Earth3,-2.5,-2.4493,5,UK,GBR,cdd_jja,-0.000313643854542314,Electricity
EC-Earth3,-1.5,-1.3807,6,UK,GBR,cdd_jja,-0.000158544765854723,Electricity
EC-Earth3,-0.5,-0.6596,3,UK,GBR,cdd_jja,-0.000220959500363143,Electricity
HadGEM3-GC3-1LL,-8.5,-8.3848,12,UK,GBR,cdd_jja,-0.000304484459541078,Electricity
HadGEM3-GC3-1LL,-7.5,-7.5599,19,UK,GBR,cdd_jja,-0.000313164076708916,Electricity
HadGEM3-GC3-1LL,-6.5,-6.5442,24,UK,GBR,cdd_jja,-0.000272557425536771,Electricity
HadGEM3-GC3-1LL,-5.5,-5.5797,10,UK,GBR,cdd_jja,-0.000264706515535712,Electricity
HadGEM3-GC3-1LL,-4.5,-4.5263,6,UK,GBR,cdd_jja,-0.000228374248697477,Electricity
HadGEM3-GC3-1LL,-3.5,-3.7835,7,UK,GBR,cdd_jja,-0.000304091914041025,Electricity
HadGEM3-GC3-1LL,-2.5,-2.4504,6,UK,GBR,cdd_jja,-0.000265447990369145,Electricity
HadGEM3-GC3-1LL,-1.5,-1.3098,8,UK,GBR,cdd_jja,-0.000159678786188209,Electricity
HadGEM3-GC3-1LL,-0.5,-0.331,6,UK,GBR,cdd_jja,-5.72680268410594e-05,Electricity
HadGEM3-GC3-1MM,-14.5,-14.3032,4,UK,GBR,cdd_jja,-0.000362188648048863,Electricity
HadGEM3-GC3-1MM,-13.5,-13.3931,8,UK,GBR,cdd_jja,-0.000362188648048863,Electricity
HadGEM3-GC3-1MM,-12.5,-12.588,13,UK,GBR,cdd_jja,-0.000359702526548528,Electricity
HadGEM3-GC3-1MM,-11.5,-11.5321,21,UK,GBR,cdd_jja,-0.000362014183382173,Electricity
HadGEM3-GC3-1MM,-10.5,-10.4803,10,UK,GBR,cdd_jja,-0.000352375010547539,Electricity
HadGEM3-GC3-1MM,-9.5,-9.6161,7,UK,GBR,cdd_jja,-0.000347969777713612,Electricity
HadGEM3-GC3-1MM,-8.5,-8.6582,7,UK,GBR,cdd_jja,-0.000339159312045756,Electricity
HadGEM3-GC3-1MM,-7.5,-7.6345,8,UK,GBR,cdd_jja,-0.000334317917545103,Electricity
HadGEM3-GC3-1MM,-6.5,-6.4299,4,UK,GBR,cdd_jja,-0.00016704991835587,Electricity
HadGEM3-GC3-1MM,-5.5,-5.3528,4,UK,GBR,cdd_jja,-0.000258818333034917,Electricity
HadGEM3-GC3-1MM,-4.5,-4.3969,4,UK,GBR,cdd_jja,-0.000142537632685897,Electricity
IPSL-CM6A-LR,-9.5,-9.3401,5,UK,GBR,cdd_jja,-0.000348275090880319,Electricity
IPSL-CM6A-LR,-8.5,-8.4598,8,UK,GBR,cdd_jja,-0.000357608950548245,Electricity
IPSL-CM6A-LR,-7.5,-7.5255,19,UK,GBR,cdd_jja,-0.000332311573878166,Electricity
IPSL-CM6A-LR,-6.5,-6.5577,11,UK,GBR,cdd_jja,-0.000335495554045262,Electricity
IPSL-CM6A-LR,-5.5,-5.5623,13,UK,GBR,cdd_jja,-0.000310067328875165,Electricity
IPSL-CM6A-LR,-4.5,-4.3507,11,UK,GBR,cdd_jja,-0.000272295728536736,Electricity
IPSL-CM6A-LR,-3.5,-3.4644,8,UK,GBR,cdd_jja,-0.000319095875376383,Electricity
IPSL-CM6A-LR,-2.5,-2.5669,9,UK,GBR,cdd_jja,-0.000186851658025208,Electricity
IPSL-CM6A-LR,-1.5,-1.2909,6,UK,GBR,cdd_jja,-0.000166919069855853,Electricity
IPSL-CM6A-LR,-0.5,-0.6347,8,UK,GBR,cdd_jja,-0.000131371894017724,Electricity
EC-Earth3,-9.5,-9.1554,4,AT,AUT,hdd_octmar,0.0440598904356701,Natural gas
EC-Earth3,-8.5,-8.4726,15,AT,AUT,hdd_octmar,0.0721899459325586,Natural gas
EC-Earth3,-7.5,-7.5562,20,AT,AUT,hdd_octmar,0.0493619135788078,Natural gas
EC-Earth3,-6.5,-6.4767,21,AT,AUT,hdd_octmar,0.042833590152254,Natural gas
EC-Earth3,-5.5,-5.3342,8,AT,AUT,hdd_octmar,0.0314436288039916,Natural gas
EC-Earth3,-4.5,-4.5495,8,AT,AUT,hdd_octmar,0.0464778966871258,Natural gas
EC-Earth3,-3.5,-3.3459,9,AT,AUT,hdd_octmar,0.038184477881281,Natural gas
EC-Earth3,-2.5,-2.4493,5,AT,AUT,hdd_octmar,0.0346440782865005,Natural gas
EC-Earth3,-1.5,-1.3807,6,AT,AUT,hdd_octmar,0.00779277251892136,Natural gas
EC-Earth3,-0.5,-0.6596,3,AT,AUT,hdd_octmar,-0.00644805800186906,Natural gas
HadGEM3-GC3-1LL,-8.5,-8.3848,12,AT,AUT,hdd_octmar,0.063686564017858,Natural gas
HadGEM3-GC3-1LL,-7.5,-7.5599,19,AT,AUT,hdd_octmar,0.0410029019671058,Natural gas
HadGEM3-GC3-1LL,-6.5,-6.5442,24,AT,AUT,hdd_octmar,0.0598741630019396,Natural gas
HadGEM3-GC3-1LL,-5.5,-5.5797,10,AT,AUT,hdd_octmar,0.0347683615676678,Natural gas
HadGEM3-GC3-1LL,-4.5,-4.5263,6,AT,AUT,hdd_octmar,0.0460424298928531,Natural gas
HadGEM3-GC3-1LL,-3.5,-3.7835,7,AT,AUT,hdd_octmar,0.046846778723846,Natural gas
HadGEM3-GC3-1LL,-2.5,-2.4504,6,AT,AUT,hdd_octmar,0.0263514447757479,Natural gas
HadGEM3-GC3-1LL,-1.5,-1.3098,8,AT,AUT,hdd_octmar,0.0146784052124158,Natural gas
HadGEM3-GC3-1LL,-0.5,-0.331,6,AT,AUT,hdd_octmar,0.00516666306803867,Natural gas
HadGEM3-GC3-1MM,-14.5,-14.3032,4,AT,AUT,hdd_octmar,0.107737898870155,Natural gas
HadGEM3-GC3-1MM,-13.5,-13.3931,8,AT,AUT,hdd_octmar,0.128824436028701,Natural gas
HadGEM3-GC3-1MM,-12.5,-12.588,13,AT,AUT,hdd_octmar,0.107709545584196,Natural gas
HadGEM3-GC3-1MM,-11.5,-11.5321,21,AT,AUT,hdd_octmar,0.105326546961323,Natural gas
HadGEM3-GC3-1MM,-10.5,-10.4803,10,AT,AUT,hdd_octmar,0.0961094558017949,Natural gas
HadGEM3-GC3-1MM,-9.5,-9.6161,7,AT,AUT,hdd_octmar,0.0735549954593663,Natural gas
HadGEM3-GC3-1MM,-8.5,-8.6582,7,AT,AUT,hdd_octmar,0.0547059293437166,Natural gas
HadGEM3-GC3-1MM,-7.5,-7.6345,8,AT,AUT,hdd_octmar,0.046217385373126,Natural gas
HadGEM3-GC3-1MM,-6.5,-6.4299,4,AT,AUT,hdd_octmar,0.0376355566118489,Natural gas
HadGEM3-GC3-1MM,-5.5,-5.3528,4,AT,AUT,hdd_octmar,0.0246860818731634,Natural gas
HadGEM3-GC3-1MM,-4.5,-4.3969,4,AT,AUT,hdd_octmar,0.0134036646212086,Natural gas
IPSL-CM6A-LR,-9.5,-9.3401,5,AT,AUT,hdd_octmar,0.0830239596868801,Natural gas
IPSL-CM6A-LR,-8.5,-8.4598,8,AT,AUT,hdd_octmar,0.0785750976644122,Natural gas
IPSL-CM6A-LR,-7.5,-7.5255,19,AT,AUT,hdd_octmar,0.0587207711681342,Natural gas
IPSL-CM6A-LR,-6.5,-6.5577,11,AT,AUT,hdd_octmar,0.0850169559681851,Natural gas
IPSL-CM6A-LR,-5.5,-5.5623,13,AT,AUT,hdd_octmar,0.0455598453930497,Natural gas
IPSL-CM6A-LR,-4.5,-4.3507,11,AT,AUT,hdd_octmar,0.0171114560645848,Natural gas
IPSL-CM6A-LR,-3.5,-3.4644,8,AT,AUT,hdd_octmar,0.0210626476552153,Natural gas
IPSL-CM6A-LR,-2.5,-2.5669,9,AT,AUT,hdd_octmar,0.00924160063266811,Natural gas
IPSL-CM6A-LR,-1.5,-1.2909,6,AT,AUT,hdd_octmar,0.0364424867102282,Natural gas
IPSL-CM6A-LR,-0.5,-0.6347,8,AT,AUT,hdd_octmar,-0.00709018139934638,Natural gas
EC-Earth3,-9.5,-9.1554,4,BE,BEL,hdd_octmar,0.0547944197012088,Natural gas
EC-Earth3,-8.5,-8.4726,15,BE,BEL,hdd_octmar,0.0875460608095236,Natural gas
EC-Earth3,-7.5,-7.5562,20,BE,BEL,hdd_octmar,0.0547071279520152,Natural gas
EC-Earth3,-6.5,-6.4767,21,BE,BEL,hdd_octmar,0.0457972938301318,Natural gas
EC-Earth3,-5.5,-5.3342,8,BE,BEL,hdd_octmar,0.0364932829032959,Natural gas
EC-Earth3,-4.5,-4.5495,8,BE,BEL,hdd_octmar,0.0583764812671953,Natural gas
EC-Earth3,-3.5,-3.3459,9,BE,BEL,hdd_octmar,0.0462454493398412,Natural gas
EC-Earth3,-2.5,-2.4493,5,BE,BEL,hdd_octmar,0.0259482577428957,Natural gas
EC-Earth3,-1.5,-1.3807,6,BE,BEL,hdd_octmar,0.0102111507522628,Natural gas
EC-Earth3,-0.5,-0.6596,3,BE,BEL,hdd_octmar,0.00683359656080756,Natural gas
HadGEM3-GC3-1LL,-8.5,-8.3848,12,BE,BEL,hdd_octmar,0.0515210204377687,Natural gas
HadGEM3-GC3-1LL,-7.5,-7.5599,19,BE,BEL,hdd_octmar,0.044835927312024,Natural gas
HadGEM3-GC3-1LL,-6.5,-6.5442,24,BE,BEL,hdd_octmar,0.051655429892493,Natural gas
HadGEM3-GC3-1LL,-5.5,-5.5797,10,BE,BEL,hdd_octmar,0.0389303842248876,Natural gas
HadGEM3-GC3-1LL,-4.5,-4.5263,6,BE,BEL,hdd_octmar,0.0333795465314916,Natural gas
HadGEM3-GC3-1LL,-3.5,-3.7835,7,BE,BEL,hdd_octmar,0.0467608095769128,Natural gas
HadGEM3-GC3-1LL,-2.5,-2.4504,6,BE,BEL,hdd_octmar,0.0215220866154598,Natural gas
HadGEM3-GC3-1LL,-1.5,-1.3098,8,BE,BEL,hdd_octmar,0.0155416511753221,Natural gas
HadGEM3-GC3-1LL,-0.5,-0.331,6,BE,BEL,hdd_octmar,-0.00529917128201345,Natural gas
HadGEM3-GC3-1MM,-14.5,-14.3032,4,BE,BEL,hdd_octmar,0.118183191553849,Natural gas
HadGEM3-GC3-1MM,-13.5,-13.3931,8,BE,BEL,hdd_octmar,0.134611647544843,Natural gas
HadGEM3-GC3-1MM,-12.5,-12.588,13,BE,BEL,hdd_octmar,0.124965289289138,Natural gas
HadGEM3-GC3-1MM,-11.5,-11.5321,21,BE,BEL,hdd_octmar,0.11995985970292,Natural gas
HadGEM3-GC3-1MM,-10.5,-10.4803,10,BE,BEL,hdd_octmar,0.0896287047252988,Natural gas
HadGEM3-GC3-1MM,-9.5,-9.6161,7,BE,BEL,hdd_octmar,0.0829174075422678,Natural gas
HadGEM3-GC3-1MM,-8.5,-8.6582,7,BE,BEL,hdd_octmar,0.0604651182244635,Natural gas
HadGEM3-GC3-1MM,-7.5,-7.6345,8,BE,BEL,hdd_octmar,0.0523214014619801,Natural gas
HadGEM3-GC3-1MM,-6.5,-6.4299,4,BE,BEL,hdd_octmar,0.0388496641556759,Natural gas
HadGEM3-GC3-1MM,-5.5,-5.3528,4,BE,BEL,hdd_octmar,0.0259344530818017,Natural gas
HadGEM3-GC3-1MM,-4.5,-4.3969,4,BE,BEL,hdd_octmar,0.0270408512040384,Natural gas
IPSL-CM6A-LR,-9.5,-9.3401,5,BE,BEL,hdd_octmar,0.111684502684195,Natural gas
IPSL-CM6A-LR,-8.5,-8.4598,8,BE,BEL,hdd_octmar,0.116354983247939,Natural gas
IPSL-CM6A-LR,-7.5,-7.5255,19,BE,BEL,hdd_octmar,0.0856258903151878,Natural gas
IPSL-CM6A-LR,-6.5,-6.5577,11,BE,BEL,hdd_octmar,0.104793124937131,Natural gas
IPSL-CM6A-LR,-5.5,-5.5623,13,BE,BEL,hdd_octmar,0.0621948753246066,Natural gas
IPSL-CM6A-LR,-4.5,-4.3507,11,BE,BEL,hdd_octmar,0.0337604146511977,Natural gas
IPSL-CM6A-LR,-3.5,-3.4644,8,BE,BEL,hdd_octmar,0.0447265233062875,Natural gas
IPSL-CM6A-LR,-2.5,-2.5669,9,BE,BEL,hdd_octmar,0.0217222955326444,Natural gas
IPSL-CM6A-LR,-1.5,-1.2909,6,BE,BEL,hdd_octmar,0.0323710623078532,Natural gas
IPSL-CM6A-LR,-0.5,-0.6347,8,BE,BEL,hdd_octmar,-0.00233381435131011,Natural gas
EC-Earth3,-9.5,-9.1554,4,BG,BGR,hdd_octmar,0.0269245861990755,Natural gas
EC-Earth3,-8.5,-8.4726,15,BG,BGR,hdd_octmar,0.0643680348325855,Natural gas
EC-Earth3,-7.5,-7.5562,20,BG,BGR,hdd_octmar,0.043426487946848,Natural gas
EC-Earth3,-6.5,-6.4767,21,BG,BGR,hdd_octmar,0.0363481686365256,Natural gas
EC-Earth3,-5.5,-5.3342,8,BG,BGR,hdd_octmar,0.0357051359499942,Natural gas
EC-Earth3,-4.5,-4.5495,8,BG,BGR,hdd_octmar,0.0356842223017499,Natural gas
EC-Earth3,-3.5,-3.3459,9,BG,BGR,hdd_octmar,0.0428382605914865,Natural gas
EC-Earth3,-2.5,-2.4493,5,BG,BGR,hdd_octmar,0.0443649155820001,Natural gas
EC-Earth3,-1.5,-1.3807,6,BG,BGR,hdd_octmar,0.00904916200376399,Natural gas
EC-Earth3,-0.5,-0.6596,3,BG,BGR,hdd_octmar,-0.0201573677392173,Natural gas
HadGEM3-GC3-1LL,-8.5,-8.3848,12,BG,BGR,hdd_octmar,0.0516306724314291,Natural gas
HadGEM3-GC3-1LL,-7.5,-7.5599,19,BG,BGR,hdd_octmar,0.0304510158074793,Natural gas
HadGEM3-GC3-1LL,-6.5,-6.5442,24,BG,BGR,hdd_octmar,0.0414222908776492,Natural gas
HadGEM3-GC3-1LL,-5.5,-5.5797,10,BG,BGR,hdd_octmar,0.020434452912794,Natural gas
HadGEM3-GC3-1LL,-4.5,-4.5263,6,BG,BGR,hdd_octmar,0.0468116884326218,Natural gas
HadGEM3-GC3-1LL,-3.5,-3.7835,7,BG,BGR,hdd_octmar,0.0388455723549325,Natural gas
HadGEM3-GC3-1LL,-2.5,-2.4504,6,BG,BGR,hdd_octmar,0.0170577253477516,Natural gas
HadGEM3-GC3-1LL,-1.5,-1.3098,8,BG,BGR,hdd_octmar,0.0045734759542002,Natural gas
HadGEM3-GC3-1LL,-0.5,-0.331,6,BG,BGR,hdd_octmar,0.0074593940866317,Natural gas
HadGEM3-GC3-1MM,-14.5,-14.3032,4,BG,BGR,hdd_octmar,0.108356463414867,Natural gas
HadGEM3-GC3-1MM,-13.5,-13.3931,8,BG,BGR,hdd_octmar,0.125572363726712,Natural gas
HadGEM3-GC3-1MM,-12.5,-12.588,13,BG,BGR,hdd_octmar,0.0888690763832394,Natural gas
HadGEM3-GC3-1MM,-11.5,-11.5321,21,BG,BGR,hdd_octmar,0.101925061935217,Natural gas
HadGEM3-GC3-1MM,-10.5,-10.4803,10,BG,BGR,hdd_octmar,0.0927781926894575,Natural gas
HadGEM3-GC3-1MM,-9.5,-9.6161,7,BG,BGR,hdd_octmar,0.067626306832671,Natural gas
HadGEM3-GC3-1MM,-8.5,-8.6582,7,BG,BGR,hdd_octmar,0.0652011089314238,Natural gas
HadGEM3-GC3-1MM,-7.5,-7.6345,8,BG,BGR,hdd_octmar,0.0567264109532479,Natural gas
HadGEM3-GC3-1MM,-6.5,-6.4299,4,BG,BGR,hdd_octmar,0.0278961615533816,Natural gas
HadGEM3-GC3-1MM,-5.5,-5.3528,4,BG,BGR,hdd_octmar,0.0308492017505339,Natural gas
HadGEM3-GC3-1MM,-4.5,-4.3969,4,BG,BGR,hdd_octmar,0.0321843687325182,Natural gas
IPSL-CM6A-LR,-9.5,-9.3401,5,BG,BGR,hdd_octmar,0.0714604067919258,Natural gas
IPSL-CM6A-LR,-8.5,-8.4598,8,BG,BGR,hdd_octmar,0.0527906359452165,Natural gas
IPSL-CM6A-LR,-7.5,-7.5255,19,BG,BGR,hdd_octmar,0.0511983054862044,Natural gas
IPSL-CM6A-LR,-6.5,-6.5577,11,BG,BGR,hdd_octmar,0.0722341704456444,Natural gas
IPSL-CM6A-LR,-5.5,-5.5623,13,BG,BGR,hdd_octmar,0.0264351820313664,Natural gas
IPSL-CM6A-LR,-4.5,-4.3507,11,BG,BGR,hdd_octmar,0.0103036089165365,Natural gas
IPSL-CM6A-LR,-3.5,-3.4644,8,BG,BGR,hdd_octmar,0.0105884230470731,Natural gas
IPSL-CM6A-LR,-2.5,-2.5669,9,BG,BGR,hdd_octmar,0.00699743391582816,Natural gas
IPSL-CM6A-LR,-1.5,-1.2909,6,BG,BGR,hdd_octmar,0.0167538574783996,Natural gas
IPSL-CM6A-LR,-0.5,-0.6347,8,BG,BGR,hdd_octmar,0.00206090364111812,Natural gas
EC-Earth3,-9.5,-9.1554,4,CZ,CZE,hdd_octmar,0.0445808717323489,Natural gas
EC-Earth3,-8.5,-8.4726,15,CZ,CZE,hdd_octmar,0.0848011651431189,Natural gas
EC-Earth3,-7.5,-7.5562,20,CZ,CZE,hdd_octmar,0.0549218028314241,Natural gas
EC-Earth3,-6.5,-6.4767,21,CZ,CZE,hdd_octmar,0.0450223728994352,Natural gas
EC-Earth3,-5.5,-5.3342,8,CZ,CZE,hdd_octmar,0.0369841336672274,Natural gas
EC-Earth3,-4.5,-4.5495,8,CZ,CZE,hdd_octmar,0.0509616423442145,Natural gas
EC-Earth3,-3.5,-3.3459,9,CZ,CZE,hdd_octmar,0.045821555315348,Natural gas
EC-Earth3,-2.5,-2.4493,5,CZ,CZE,hdd_octmar,0.0349569150524316,Natural gas
EC-Earth3,-1.5,-1.3807,6,CZ,CZE,hdd_octmar,0.0103634980001452,Natural gas
EC-Earth3,-0.5,-0.6596,3,CZ,CZE,hdd_octmar,-0.00909785029947899,Natural gas
HadGEM3-GC3-1LL,-8.5,-8.3848,12,CZ,CZE,hdd_octmar,0.0611142679464498,Natural gas
HadGEM3-GC3-1LL,-7.5,-7.5599,19,CZ,CZE,hdd_octmar,0.0361804461373647,Natural gas
HadGEM3-GC3-1LL,-6.5,-6.5442,24,CZ,CZE,hdd_octmar,0.0587986807075423,Natural gas
HadGEM3-GC3-1LL,-5.5,-5.5797,10,CZ,CZE,hdd_octmar,0.0403840067718287,Natural gas
HadGEM3-GC3-1LL,-4.5,-4.5263,6,CZ,CZE,hdd_octmar,0.0381815433575155,Natural gas
HadGEM3-GC3-1LL,-3.5,-3.7835,7,CZ,CZE,hdd_octmar,0.0478638185308571,Natural gas
HadGEM3-GC3-1LL,-2.5,-2.4504,6,CZ,CZE,hdd_octmar,0.0146239718631317,Natural gas
HadGEM3-GC3-1LL,-1.5,-1.3098,8,CZ,CZE,hdd_octmar,0.00940771121032397,Natural gas
HadGEM3-GC3-1LL,-0.5,-0.331,6,CZ,CZE,hdd_octmar,-0.0050961931663459,Natural gas
HadGEM3-GC3-1MM,-14.5,-14.3032,4,CZ,CZE,hdd_octmar,0.115954276094326,Natural gas
HadGEM3-GC3-1MM,-13.5,-13.3931,8,CZ,CZE,hdd_octmar,0.154032119168353,Natural gas
HadGEM3-GC3-1MM,-12.5,-12.588,13,CZ,CZE,hdd_octmar,0.120752346444888,Natural gas
HadGEM3-GC3-1MM,-11.5,-11.5321,21,CZ,CZE,hdd_octmar,0.118743974912305,Natural gas
HadGEM3-GC3-1MM,-10.5,-10.4803,10,CZ,CZE,hdd_octmar,0.106099855970515,Natural gas
HadGEM3-GC3-1MM,-9.5,-9.6161,7,CZ,CZE,hdd_octmar,0.0796379739060141,Natural gas
HadGEM3-GC3-1MM,-8.5,-8.6582,7,CZ,CZE,hdd_octmar,0.0693020438967364,Natural gas
HadGEM3-GC3-1MM,-7.5,-7.6345,8,CZ,CZE,hdd_octmar,0.0491508758556153,Natural gas
HadGEM3-GC3-1MM,-6.5,-6.4299,4,CZ,CZE,hdd_octmar,0.0442112457318571,Natural gas
HadGEM3-GC3-1MM,-5.5,-5.3528,4,CZ,CZE,hdd_octmar,0.0267774880289145,Natural gas
HadGEM3-GC3-1MM,-4.5,-4.3969,4,CZ,CZE,hdd_octmar,0.0279320371396979,Natural gas
IPSL-CM6A-LR,-9.5,-9.3401,5,CZ,CZE,hdd_octmar,0.0979616362736763,Natural gas
IPSL-CM6A-LR,-8.5,-8.4598,8,CZ,CZE,hdd_octmar,0.0943367554595059,Natural gas
IPSL-CM6A-LR,-7.5,-7.5255,19,CZ,CZE,hdd_octmar,0.0705169367356555,Natural gas
IPSL-CM6A-LR,-6.5,-6.5577,11,CZ,CZE,hdd_octmar,0.0975566719940367,Natural gas
IPSL-CM6A-LR,-5.5,-5.5623,13,CZ,CZE,hdd_octmar,0.0525526915322867,Natural gas
IPSL-CM6A-LR,-4.5,-4.3507,11,CZ,CZE,hdd_octmar,0.018336475077061,Natural gas
IPSL-CM6A-LR,-3.5,-3.4644,8,CZ,CZE,hdd_octmar,0.0263342096150406,Natural gas
IPSL-CM6A-LR,-2.5,-2.5669,9,CZ,CZE,hdd_octmar,0.0144285573791415,Natural gas
IPSL-CM6A-LR,-1.5,-1.2909,6,CZ,CZE,hdd_octmar,0.0356049488287606,Natural gas
IPSL-CM6A-LR,-0.5,-0.6347,8,CZ,CZE,hdd_octmar,-0.00500369367075152,Natural gas
EC-Earth3,-9.5,-9.1554,4,DE,DEU,hdd_octmar,0.0482938295908052,Natural gas
EC-Earth3,-8.5,-8.4726,15,DE,DEU,hdd_octmar,0.085807500138084,Natural gas
EC-Earth3,-7.5,-7.5562,20,DE,DEU,hdd_octmar,0.0536088720999447,Natural gas
EC-Earth3,-6.5,-6.4767,21,DE,DEU,hdd_octmar,0.0438004950673277,Natural gas
EC-Earth3,-5.5,-5.3342,8,DE,DEU,hdd_octmar,0.0339784786988992,Natural gas
EC-Earth3,-4.5,-4.5495,8,DE,DEU,hdd_octmar,0.0527674904056575,Natural gas
EC-Earth3,-3.5,-3.3459,9,DE,DEU,hdd_octmar,0.0478032268147975,Natural gas
EC-Earth3,-2.5,-2.4493,5,DE,DEU,hdd_octmar,0.0283062509167808,Natural gas
EC-Earth3,-1.5,-1.3807,6,DE,DEU,hdd_octmar,0.0103322515217407,Natural gas
EC-Earth3,-0.5,-0.6596,3,DE,DEU,hdd_octmar,-0.00119633507595139,Natural gas
HadGEM3-GC3-1LL,-8.5,-8.3848,12,DE,DEU,hdd_octmar,0.0524042707598651,Natural gas
HadGEM3-GC3-1LL,-7.5,-7.5599,19,DE,DEU,hdd_octmar,0.0389850242307749,Natural gas
HadGEM3-GC3-1LL,-6.5,-6.5442,24,DE,DEU,hdd_octmar,0.0541706474100961,Natural gas
HadGEM3-GC3-1LL,-5.5,-5.5797,10,DE,DEU,hdd_octmar,0.0371436725649014,Natural gas
HadGEM3-GC3-1LL,-4.5,-4.5263,6,DE,DEU,hdd_octmar,0.03570550793188,Natural gas
HadGEM3-GC3-1LL,-3.5,-3.7835,7,DE,DEU,hdd_octmar,0.0441891334753143,Natural gas
HadGEM3-GC3-1LL,-2.5,-2.4504,6,DE,DEU,hdd_octmar,0.016643998828136,Natural gas
HadGEM3-GC3-1LL,-1.5,-1.3098,8,DE,DEU,hdd_octmar,0.0113638399536174,Natural gas
HadGEM3-GC3-1LL,-0.5,-0.331,6,DE,DEU,hdd_octmar,-0.00541663489527495,Natural gas
HadGEM3-GC3-1MM,-14.5,-14.3032,4,DE,DEU,hdd_octmar,0.11317259555255,Natural gas
HadGEM3-GC3-1MM,-13.5,-13.3931,8,DE,DEU,hdd_octmar,0.141634789542109,Natural gas
HadGEM3-GC3-1MM,-12.5,-12.588,13,DE,DEU,hdd_octmar,0.122118015941506,Natural gas
HadGEM3-GC3-1MM,-11.5,-11.5321,21,DE,DEU,hdd_octmar,0.117643280512317,Natural gas
HadGEM3-GC3-1MM,-10.5,-10.4803,10,DE,DEU,hdd_octmar,0.0924052601833145,Natural gas
HadGEM3-GC3-1MM,-9.5,-9.6161,7,DE,DEU,hdd_octmar,0.0785163658577815,Natural gas
HadGEM3-GC3-1MM,-8.5,-8.6582,7,DE,DEU,hdd_octmar,0.0604218443317525,Natural gas
HadGEM3-GC3-1MM,-7.5,-7.6345,8,DE,DEU,hdd_octmar,0.0502223076805898,Natural gas
HadGEM3-GC3-1MM,-6.5,-6.4299,4,DE,DEU,hdd_octmar,0.0414833785695565,Natural gas
HadGEM3-GC3-1MM,-5.5,-5.3528,4,DE,DEU,hdd_octmar,0.0248951770242858,Natural gas
HadGEM3-GC3-1MM,-4.5,-4.3969,4,DE,DEU,hdd_octmar,0.0255686295628089,Natural gas
IPSL-CM6A-LR,-9.5,-9.3401,5,DE,DEU,hdd_octmar,0.105748415751105,Natural gas
IPSL-CM6A-LR,-8.5,-8.4598,8,DE,DEU,hdd_octmar,0.105595035220206,Natural gas
IPSL-CM6A-LR,-7.5,-7.5255,19,DE,DEU,hdd_octmar,0.0783745994279832,Natural gas
IPSL-CM6A-LR,-6.5,-6.5577,11,DE,DEU,hdd_octmar,0.104320294628999,Natural gas
IPSL-CM6A-LR,-5.5,-5.5623,13,DE,DEU,hdd_octmar,0.0565904309083393,Natural gas
IPSL-CM6A-LR,-4.5,-4.3507,11,DE,DEU,hdd_octmar,0.0246550833826827,Natural gas
IPSL-CM6A-LR,-3.5,-3.4644,8,DE,DEU,hdd_octmar,0.0354326798843292,Natural gas
IPSL-CM6A-LR,-2.5,-2.5669,9,DE,DEU,hdd_octmar,0.0158576704529425,Natural gas
IPSL-CM6A-LR,-1.5,-1.2909,6,DE,DEU,hdd_octmar,0.0357134022141224,Natural gas
IPSL-CM6A-LR,-0.5,-0.6347,8,DE,DEU,hdd_octmar,-0.00396855074529972,Natural gas
EC-Earth3,-9.5,-9.1554,4,DK,DNK,hdd_octmar,0.0449433887456904,Natural gas
EC-Earth3,-8.5,-8.4726,15,DK,DNK,hdd_octmar,0.0804692707580649,Natural gas
EC-Earth3,-7.5,-7.5562,20,DK,DNK,hdd_octmar,0.0551464798904282,Natural gas
EC-Earth3,-6.5,-6.4767,21,DK,DNK,hdd_octmar,0.0373184627198918,Natural gas
EC-Earth3,-5.5,-5.3342,8,DK,DNK,hdd_octmar,0.035241977170892,Natural gas
EC-Earth3,-4.5,-4.5495,8,DK,DNK,hdd_octmar,0.0517385471783019,Natural gas
EC-Earth3,-3.5,-3.3459,9,DK,DNK,hdd_octmar,0.061163741537257,Natural gas
EC-Earth3,-2.5,-2.4493,5,DK,DNK,hdd_octmar,0.0488656070805516,Natural gas
EC-Earth3,-1.5,-1.3807,6,DK,DNK,hdd_octmar,0.0191422291729557,Natural gas
EC-Earth3,-0.5,-0.6596,3,DK,DNK,hdd_octmar,0.00735933095936004,Natural gas
HadGEM3-GC3-1LL,-8.5,-8.3848,12,DK,DNK,hdd_octmar,0.0502464451718441,Natural gas
HadGEM3-GC3-1LL,-7.5,-7.5599,19,DK,DNK,hdd_octmar,0.0352908307918896,Natural gas
HadGEM3-GC3-1LL,-6.5,-6.5442,24,DK,DNK,hdd_octmar,0.053032754821531,Natural gas
HadGEM3-GC3-1LL,-5.5,-5.5797,10,DK,DNK,hdd_octmar,0.0340860641265275,Natural gas
HadGEM3-GC3-1LL,-4.5,-4.5263,6,DK,DNK,hdd_octmar,0.0278437534388089,Natural gas
HadGEM3-GC3-1LL,-3.5,-3.7835,7,DK,DNK,hdd_octmar,0.0358819100083754,Natural gas
HadGEM3-GC3-1LL,-2.5,-2.4504,6,DK,DNK,hdd_octmar,0.0145096080989183,Natural gas
HadGEM3-GC3-1LL,-1.5,-1.3098,8,DK,DNK,hdd_octmar,0.0120367138536515,Natural gas
HadGEM3-GC3-1LL,-0.5,-0.331,6,DK,DNK,hdd_octmar,-0.00380405208914886,Natural gas
HadGEM3-GC3-1MM,-14.5,-14.3032,4,DK,DNK,hdd_octmar,0.141639459981342,Natural gas
HadGEM3-GC3-1MM,-13.5,-13.3931,8,DK,DNK,hdd_octmar,0.184076889425253,Natural gas
HadGEM3-GC3-1MM,-12.5,-12.588,13,DK,DNK,hdd_octmar,0.180601132015955,Natural gas
HadGEM3-GC3-1MM,-11.5,-11.5321,21,DK,DNK,hdd_octmar,0.155494214636025,Natural gas
HadGEM3-GC3-1MM,-10.5,-10.4803,10,DK,DNK,hdd_octmar,0.129972578784785,Natural gas
HadGEM3-GC3-1MM,-9.5,-9.6161,7,DK,DNK,hdd_octmar,0.100559351107279,Natural gas
HadGEM3-GC3-1MM,-8.5,-8.6582,7,DK,DNK,hdd_octmar,0.0933714624659372,Natural gas
HadGEM3-GC3-1MM,-7.5,-7.6345,8,DK,DNK,hdd_octmar,0.0635589328997188,Natural gas
HadGEM3-GC3-1MM,-6.5,-6.4299,4,DK,DNK,hdd_octmar,0.0449159034174642,Natural gas
HadGEM3-GC3-1MM,-5.5,-5.3528,4,DK,DNK,hdd_octmar,0.0356646725870867,Natural gas
HadGEM3-GC3-1MM,-4.5,-4.3969,4,DK,DNK,hdd_octmar,0.034081517681257,Natural gas
IPSL-CM6A-LR,-9.5,-9.3401,5,DK,DNK,hdd_octmar,0.150224388591667,Natural gas
IPSL-CM6A-LR,-8.5,-8.4598,8,DK,DNK,hdd_octmar,0.145884517261729,Natural gas
IPSL-CM6A-LR,-7.5,-7.5255,19,DK,DNK,hdd_octmar,0.115873060049266,Natural gas
IPSL-CM6A-LR,-6.5,-6.5577,11,DK,DNK,hdd_octmar,0.149120098366783,Natural gas
IPSL-CM6A-LR,-5.5,-5.5623,13,DK,DNK,hdd_octmar,0.0695394510024978,Natural gas
IPSL-CM6A-LR,-4.5,-4.3507,11,DK,DNK,hdd_octmar,0.0311216991475195,Natural gas
IPSL-CM6A-LR,-3.5,-3.4644,8,DK,DNK,hdd_octmar,0.0400999366050637,Natural gas
IPSL-CM6A-LR,-2.5,-2.5669,9,DK,DNK,hdd_octmar,0.0318132134731627,Natural gas
IPSL-CM6A-LR,-1.5,-1.2909,6,DK,DNK,hdd_octmar,0.0377277667881988,Natural gas
IPSL-CM6A-LR,-0.5,-0.6347,8,DK,DNK,hdd_octmar,0.00122873883133388,Natural gas
EC-Earth3,-9.5,-9.1554,4,EE,EST,hdd_octmar,0.0339217721269798,Natural gas
EC-Earth3,-8.5,-8.4726,15,EE,EST,hdd_octmar,0.0732184758467079,Natural gas
EC-Earth3,-7.5,-7.5562,20,EE,EST,hdd_octmar,0.0414143965954068,Natural gas
EC-Earth3,-6.5,-6.4767,21,EE,EST,hdd_octmar,0.0206909964200122,Natural gas
EC-Earth3,-5.5,-5.3342,8,EE,EST,hdd_octmar,0.0346993382621974,Natural gas
EC-Earth3,-4.5,-4.5495,8,EE,EST,hdd_octmar,0.0420134114254557,Natural gas
EC-Earth3,-3.5,-3.3459,9,EE,EST,hdd_octmar,0.0757313788103551,Natural gas
EC-Earth3,-2.5,-2.4493,5,EE,EST,hdd_octmar,0.0665266870470193,Natural gas
EC-Earth3,-1.5,-1.3807,6,EE,EST,hdd_octmar,0.0220763396252545,Natural gas
EC-Earth3,-0.5,-0.6596,3,EE,EST,hdd_octmar,-0.00203887404721651,Natural gas
HadGEM3-GC3-1LL,-8.5,-8.3848,12,EE,EST,hdd_octmar,0.0461474527786016,Natural gas
HadGEM3-GC3-1LL,-7.5,-7.5599,19,EE,EST,hdd_octmar,0.0251962343638342,Natural gas
HadGEM3-GC3-1LL,-6.5,-6.5442,24,EE,EST,hdd_octmar,0.0717899827427165,Natural gas
HadGEM3-GC3-1LL,-5.5,-5.5797,10,EE,EST,hdd_octmar,0.0505520076253424,Natural gas
HadGEM3-GC3-1LL,-4.5,-4.5263,6,EE,EST,hdd_octmar,0.0466903396752201,Natural gas
HadGEM3-GC3-1LL,-3.5,-3.7835,7,EE,EST,hdd_octmar,0.0196071238675247,Natural gas
HadGEM3-GC3-1LL,-2.5,-2.4504,6,EE,EST,hdd_octmar,0.00065811861856535,Natural gas
HadGEM3-GC3-1LL,-1.5,-1.3098,8,EE,EST,hdd_octmar,-0.00202130823594413,Natural gas
HadGEM3-GC3-1LL,-0.5,-0.331,6,EE,EST,hdd_octmar,-0.00545949547477957,Natural gas
HadGEM3-GC3-1MM,-14.5,-14.3032,4,EE,EST,hdd_octmar,0.191850318886114,Natural gas
HadGEM3-GC3-1MM,-13.5,-13.3931,8,EE,EST,hdd_octmar,0.262226729131591,Natural gas
HadGEM3-GC3-1MM,-12.5,-12.588,13,EE,EST,hdd_octmar,0.240742047361311,Natural gas
HadGEM3-GC3-1MM,-11.5,-11.5321,21,EE,EST,hdd_octmar,0.203511827010987,Natural gas
HadGEM3-GC3-1MM,-10.5,-10.4803,10,EE,EST,hdd_octmar,0.195911038476443,Natural gas
HadGEM3-GC3-1MM,-9.5,-9.6161,7,EE,EST,hdd_octmar,0.125284491078448,Natural gas
HadGEM3-GC3-1MM,-8.5,-8.6582,7,EE,EST,hdd_octmar,0.146061787295958,Natural gas
HadGEM3-GC3-1MM,-7.5,-7.6345,8,EE,EST,hdd_octmar,0.102952847885594,Natural gas
HadGEM3-GC3-1MM,-6.5,-6.4299,4,EE,EST,hdd_octmar,0.0693593704384653,Natural gas
HadGEM3-GC3-1MM,-5.5,-5.3528,4,EE,EST,hdd_octmar,0.0570136223003817,Natural gas
HadGEM3-GC3-1MM,-4.5,-4.3969,4,EE,EST,hdd_octmar,0.0399276676606324,Natural gas
IPSL-CM6A-LR,-9.5,-9.3401,5,EE,EST,hdd_octmar,0.199084167956008,Natural gas
IPSL-CM6A-LR,-8.5,-8.4598,8,EE,EST,hdd_octmar,0.182723949975393,Natural gas
IPSL-CM6A-LR,-7.5,-7.5255,19,EE,EST,hdd_octmar,0.149417146568229,Natural gas
IPSL-CM6A-LR,-6.5,-6.5577,11,EE,EST,hdd_octmar,0.176548306707868,Natural gas
IPSL-CM6A-LR,-5.5,-5.5623,13,EE,EST,hdd_octmar,0.0788810320997963,Natural gas
IPSL-CM6A-LR,-4.5,-4.3507,11,EE,EST,hdd_octmar,0.054981443927109,Natural gas
IPSL-CM6A-LR,-3.5,-3.4644,8,EE,EST,hdd_octmar,0.0553605348000275,Natural gas
IPSL-CM6A-LR,-2.5,-2.5669,9,EE,EST,hdd_octmar,0.0537302621886671,Natural gas
IPSL-CM6A-LR,-1.5,-1.2909,6,EE,EST,hdd_octmar,0.0782041903929806,Natural gas
IPSL-CM6A-LR,-0.5,-0.6347,8,EE,EST,hdd_octmar,0.0346840043422396,Natural gas
EC-Earth3,-9.5,-9.1554,4,EL,GRC,hdd_octmar,0.0253685033082656,Natural gas
EC-Earth3,-8.5,-8.4726,15,EL,GRC,hdd_octmar,0.0430660374995386,Natural gas
EC-Earth3,-7.5,-7.5562,20,EL,GRC,hdd_octmar,0.0326093787026687,Natural gas
EC-Earth3,-6.5,-6.4767,21,EL,GRC,hdd_octmar,0.0320903399780601,Natural gas
EC-Earth3,-5.5,-5.3342,8,EL,GRC,hdd_octmar,0.031032671482859,Natural gas
EC-Earth3,-4.5,-4.5495,8,EL,GRC,hdd_octmar,0.0331918196731406,Natural gas
EC-Earth3,-3.5,-3.3459,9,EL,GRC,hdd_octmar,0.0281724201005455,Natural gas
EC-Earth3,-2.5,-2.4493,5,EL,GRC,hdd_octmar,0.028222430998521,Natural gas
EC-Earth3,-1.5,-1.3807,6,EL,GRC,hdd_octmar,0.0035105583812777,Natural gas
EC-Earth3,-0.5,-0.6596,3,EL,GRC,hdd_octmar,-0.010559656447907,Natural gas
HadGEM3-GC3-1LL,-8.5,-8.3848,12,EL,GRC,hdd_octmar,0.0397832973576336,Natural gas
HadGEM3-GC3-1LL,-7.5,-7.5599,19,EL,GRC,hdd_octmar,0.030376578099005,Natural gas
HadGEM3-GC3-1LL,-6.5,-6.5442,24,EL,GRC,hdd_octmar,0.031495954255923,Natural gas
HadGEM3-GC3-1LL,-5.5,-5.5797,10,EL,GRC,hdd_octmar,0.0158436591352452,Natural gas
HadGEM3-GC3-1LL,-4.5,-4.5263,6,EL,GRC,hdd_octmar,0.0348964059990133,Natural gas
HadGEM3-GC3-1LL,-3.5,-3.7835,7,EL,GRC,hdd_octmar,0.0272710666600083,Natural gas
HadGEM3-GC3-1LL,-2.5,-2.4504,6,EL,GRC,hdd_octmar,0.0157735612154382,Natural gas
HadGEM3-GC3-1LL,-1.5,-1.3098,8,EL,GRC,hdd_octmar,0.00312175464800858,Natural gas
HadGEM3-GC3-1LL,-0.5,-0.331,6,EL,GRC,hdd_octmar,0.00829577469112132,Natural gas
HadGEM3-GC3-1MM,-14.5,-14.3032,4,EL,GRC,hdd_octmar,0.0879596633351773,Natural gas
HadGEM3-GC3-1MM,-13.5,-13.3931,8,EL,GRC,hdd_octmar,0.095369790487605,Natural gas
HadGEM3-GC3-1MM,-12.5,-12.588,13,EL,GRC,hdd_octmar,0.0726221062211801,Natural gas
HadGEM3-GC3-1MM,-11.5,-11.5321,21,EL,GRC,hdd_octmar,0.0798354549560364,Natural gas
HadGEM3-GC3-1MM,-10.5,-10.4803,10,EL,GRC,hdd_octmar,0.0718344552437261,Natural gas
HadGEM3-GC3-1MM,-9.5,-9.6161,7,EL,GRC,hdd_octmar,0.0571362936600439,Natural gas
HadGEM3-GC3-1MM,-8.5,-8.6582,7,EL,GRC,hdd_octmar,0.0468036701564175,Natural gas
HadGEM3-GC3-1MM,-7.5,-7.6345,8,EL,GRC,hdd_octmar,0.0492662729028447,Natural gas
HadGEM3-GC3-1MM,-6.5,-6.4299,4,EL,GRC,hdd_octmar,0.0240829339110504,Natural gas
HadGEM3-GC3-1MM,-5.5,-5.3528,4,EL,GRC,hdd_octmar,0.0227989764353403,Natural gas
HadGEM3-GC3-1MM,-4.5,-4.3969,4,EL,GRC,hdd_octmar,0.0238958683538296,Natural gas
IPSL-CM6A-LR,-9.5,-9.3401,5,EL,GRC,hdd_octmar,0.0467722583527304,Natural gas
IPSL-CM6A-LR,-8.5,-8.4598,8,EL,GRC,hdd_octmar,0.0386434621969984,Natural gas
IPSL-CM6A-LR,-7.5,-7.5255,19,EL,GRC,hdd_octmar,0.0369471834665744,Natural gas
IPSL-CM6A-LR,-6.5,-6.5577,11,EL,GRC,hdd_octmar,0.0499829993340789,Natural gas
IPSL-CM6A-LR,-5.5,-5.5623,13,EL,GRC,hdd_octmar,0.0189542956580014,Natural gas
IPSL-CM6A-LR,-4.5,-4.3507,11,EL,GRC,hdd_octmar,0.0108443879158023,Natural gas
IPSL-CM6A-LR,-3.5,-3.4644,8,EL,GRC,hdd_octmar,0.0104681902353286,Natural gas
IPSL-CM6A-LR,-2.5,-2.5669,9,EL,GRC,hdd_octmar,0.00651307216923723,Natural gas
IPSL-CM6A-LR,-1.5,-1.2909,6,EL,GRC,hdd_octmar,0.0120560155803908,Natural gas
IPSL-CM6A-LR,-0.5,-0.6347,8,EL,GRC,hdd_octmar,0.0011837290231559,Natural gas
EC-Earth3,-9.5,-9.1554,4,ES,ESP,hdd_octmar,0.0423900637504564,Natural gas
EC-Earth3,-8.5,-8.4726,15,ES,ESP,hdd_octmar,0.0494543717430815,Natural gas
EC-Earth3,-7.5,-7.5562,20,ES,ESP,hdd_octmar,0.0362464935877489,Natural gas
EC-Earth3,-6.5,-6.4767,21,ES,ESP,hdd_octmar,0.0335892616524236,Natural gas
EC-Earth3,-5.5,-5.3342,8,ES,ESP,hdd_octmar,0.0244328035402758,Natural gas
EC-Earth3,-4.5,-4.5495,8,ES,ESP,hdd_octmar,0.0377157807052129,Natural gas
EC-Earth3,-3.5,-3.3459,9,ES,ESP,hdd_octmar,0.0370095110981009,Natural gas
EC-Earth3,-2.5,-2.4493,5,ES,ESP,hdd_octmar,0.014731102646233,Natural gas
EC-Earth3,-1.5,-1.3807,6,ES,ESP,hdd_octmar,0.00784497397689083,Natural gas
EC-Earth3,-0.5,-0.6596,3,ES,ESP,hdd_octmar,0.012646929471594,Natural gas
HadGEM3-GC3-1LL,-8.5,-8.3848,12,ES,ESP,hdd_octmar,0.0470684799277638,Natural gas
HadGEM3-GC3-1LL,-7.5,-7.5599,19,ES,ESP,hdd_octmar,0.0403063865516651,Natural gas
HadGEM3-GC3-1LL,-6.5,-6.5442,24,ES,ESP,hdd_octmar,0.0435754460264379,Natural gas
HadGEM3-GC3-1LL,-5.5,-5.5797,10,ES,ESP,hdd_octmar,0.0325925981864885,Natural gas
HadGEM3-GC3-1LL,-4.5,-4.5263,6,ES,ESP,hdd_octmar,0.0275005794835274,Natural gas
HadGEM3-GC3-1LL,-3.5,-3.7835,7,ES,ESP,hdd_octmar,0.0303631867511174,Natural gas
HadGEM3-GC3-1LL,-2.5,-2.4504,6,ES,ESP,hdd_octmar,0.0324888152403592,Natural gas
HadGEM3-GC3-1LL,-1.5,-1.3098,8,ES,ESP,hdd_octmar,0.0091014874556954,Natural gas
HadGEM3-GC3-1LL,-0.5,-0.331,6,ES,ESP,hdd_octmar,-0.000304198519917159,Natural gas
HadGEM3-GC3-1MM,-14.5,-14.3032,4,ES,ESP,hdd_octmar,0.0884906881427718,Natural gas
HadGEM3-GC3-1MM,-13.5,-13.3931,8,ES,ESP,hdd_octmar,0.0866398716044715,Natural gas
HadGEM3-GC3-1MM,-12.5,-12.588,13,ES,ESP,hdd_octmar,0.0813436761775442,Natural gas
HadGEM3-GC3-1MM,-11.5,-11.5321,21,ES,ESP,hdd_octmar,0.0771291214117897,Natural gas
HadGEM3-GC3-1MM,-10.5,-10.4803,10,ES,ESP,hdd_octmar,0.0622214926950993,Natural gas
HadGEM3-GC3-1MM,-9.5,-9.6161,7,ES,ESP,hdd_octmar,0.0651338215414204,Natural gas
HadGEM3-GC3-1MM,-8.5,-8.6582,7,ES,ESP,hdd_octmar,0.0373763265687891,Natural gas
HadGEM3-GC3-1MM,-7.5,-7.6345,8,ES,ESP,hdd_octmar,0.0427660547743268,Natural gas
HadGEM3-GC3-1MM,-6.5,-6.4299,4,ES,ESP,hdd_octmar,0.0372868442596015,Natural gas
HadGEM3-GC3-1MM,-5.5,-5.3528,4,ES,ESP,hdd_octmar,0.0246972826610571,Natural gas
HadGEM3-GC3-1MM,-4.5,-4.3969,4,ES,ESP,hdd_octmar,0.00368729110833827,Natural gas
IPSL-CM6A-LR,-9.5,-9.3401,5,ES,ESP,hdd_octmar,0.0574100309966487,Natural gas
IPSL-CM6A-LR,-8.5,-8.4598,8,ES,ESP,hdd_octmar,0.0607768390447373,Natural gas
IPSL-CM6A-LR,-7.5,-7.5255,19,ES,ESP,hdd_octmar,0.0486859398297255,Natural gas
IPSL-CM6A-LR,-6.5,-6.5577,11,ES,ESP,hdd_octmar,0.0520140617616942,Natural gas
IPSL-CM6A-LR,-5.5,-5.5623,13,ES,ESP,hdd_octmar,0.0382048542223569,Natural gas
IPSL-CM6A-LR,-4.5,-4.3507,11,ES,ESP,hdd_octmar,0.0267969137496157,Natural gas
IPSL-CM6A-LR,-3.5,-3.4644,8,ES,ESP,hdd_octmar,0.0272066311311291,Natural gas
IPSL-CM6A-LR,-2.5,-2.5669,9,ES,ESP,hdd_octmar,0.0178148324792519,Natural gas
IPSL-CM6A-LR,-1.5,-1.2909,6,ES,ESP,hdd_octmar,0.0186913871274045,Natural gas
IPSL-CM6A-LR,-0.5,-0.6347,8,ES,ESP,hdd_octmar,0.00514905592544564,Natural gas
EC-Earth3,-9.5,-9.1554,4,FR,FRA,hdd_octmar,0.0536962465117796,Natural gas
EC-Earth3,-8.5,-8.4726,15,FR,FRA,hdd_octmar,0.0769741289593862,Natural gas
EC-Earth3,-7.5,-7.5562,20,FR,FRA,hdd_octmar,0.0501292708778271,Natural gas
EC-Earth3,-6.5,-6.4767,21,FR,FRA,hdd_octmar,0.0445676043784231,Natural gas
EC-Earth3,-5.5,-5.3342,8,FR,FRA,hdd_octmar,0.0328003707353504,Natural gas
EC-Earth3,-4.5,-4.5495,8,FR,FRA,hdd_octmar,0.0546959684954422,Natural gas
EC-Earth3,-3.5,-3.3459,9,FR,FRA,hdd_octmar,0.040881098565177,Natural gas
EC-Earth3,-2.5,-2.4493,5,FR,FRA,hdd_octmar,0.0246059817737613,Natural gas
EC-Earth3,-1.5,-1.3807,6,FR,FRA,hdd_octmar,0.0102032151386997,Natural gas
EC-Earth3,-0.5,-0.6596,3,FR,FRA,hdd_octmar,0.00875666024758821,Natural gas
HadGEM3-GC3-1LL,-8.5,-8.3848,12,FR,FRA,hdd_octmar,0.0547899972499003,Natural gas
HadGEM3-GC3-1LL,-7.5,-7.5599,19,FR,FRA,hdd_octmar,0.0469995392849348,Natural gas
HadGEM3-GC3-1LL,-6.5,-6.5442,24,FR,FRA,hdd_octmar,0.0528786716581816,Natural gas
HadGEM3-GC3-1LL,-5.5,-5.5797,10,FR,FRA,hdd_octmar,0.0379865421867316,Natural gas
HadGEM3-GC3-1LL,-4.5,-4.5263,6,FR,FRA,hdd_octmar,0.0361578379049742,Natural gas
HadGEM3-GC3-1LL,-3.5,-3.7835,7,FR,FRA,hdd_octmar,0.0453673654328249,Natural gas
HadGEM3-GC3-1LL,-2.5,-2.4504,6,FR,FRA,hdd_octmar,0.0279724591712847,Natural gas
HadGEM3-GC3-1LL,-1.5,-1.3098,8,FR,FRA,hdd_octmar,0.0147243656409685,Natural gas
HadGEM3-GC3-1LL,-0.5,-0.331,6,FR,FRA,hdd_octmar,-0.0019843167039705,Natural gas
HadGEM3-GC3-1MM,-14.5,-14.3032,4,FR,FRA,hdd_octmar,0.111523186539733,Natural gas
HadGEM3-GC3-1MM,-13.5,-13.3931,8,FR,FRA,hdd_octmar,0.114471432303691,Natural gas
HadGEM3-GC3-1MM,-12.5,-12.588,13,FR,FRA,hdd_octmar,0.107176040897363,Natural gas
HadGEM3-GC3-1MM,-11.5,-11.5321,21,FR,FRA,hdd_octmar,0.106016449365461,Natural gas
HadGEM3-GC3-1MM,-10.5,-10.4803,10,FR,FRA,hdd_octmar,0.0774848187572254,Natural gas
HadGEM3-GC3-1MM,-9.5,-9.6161,7,FR,FRA,hdd_octmar,0.0734549736634152,Natural gas
HadGEM3-GC3-1MM,-8.5,-8.6582,7,FR,FRA,hdd_octmar,0.0497708869965497,Natural gas
HadGEM3-GC3-1MM,-7.5,-7.6345,8,FR,FRA,hdd_octmar,0.052457009525003,Natural gas
HadGEM3-GC3-1MM,-6.5,-6.4299,4,FR,FRA,hdd_octmar,0.04128626950142,Natural gas
HadGEM3-GC3-1MM,-5.5,-5.3528,4,FR,FRA,hdd_octmar,0.0199097517972575,Natural gas
HadGEM3-GC3-1MM,-4.5,-4.3969,4,FR,FRA,hdd_octmar,0.0152789079700077,Natural gas
IPSL-CM6A-LR,-9.5,-9.3401,5,FR,FRA,hdd_octmar,0.0902597513288444,Natural gas
IPSL-CM6A-LR,-8.5,-8.4598,8,FR,FRA,hdd_octmar,0.0945617631690751,Natural gas
IPSL-CM6A-LR,-7.5,-7.5255,19,FR,FRA,hdd_octmar,0.0722577292984097,Natural gas
IPSL-CM6A-LR,-6.5,-6.5577,11,FR,FRA,hdd_octmar,0.0858973544291574,Natural gas
IPSL-CM6A-LR,-5.5,-5.5623,13,FR,FRA,hdd_octmar,0.0543001384376641,Natural gas
IPSL-CM6A-LR,-4.5,-4.3507,11,FR,FRA,hdd_octmar,0.0313657192645835,Natural gas
IPSL-CM6A-LR,-3.5,-3.4644,8,FR,FRA,hdd_octmar,0.0393020767914114,Natural gas
IPSL-CM6A-LR,-2.5,-2.5669,9,FR,FRA,hdd_octmar,0.0188476195194272,Natural gas
IPSL-CM6A-LR,-1.5,-1.2909,6,FR,FRA,hdd_octmar,0.0298710960475666,Natural gas
IPSL-CM6A-LR,-0.5,-0.6347,8,FR,FRA,hdd_octmar,-0.000240630948771423,Natural gas
EC-Earth3,-9.5,-9.1554,4,HR,HRV,hdd_octmar,0.0266408880141963,Natural gas
EC-Earth3,-8.5,-8.4726,15,HR,HRV,hdd_octmar,0.0643268688372271,Natural gas
EC-Earth3,-7.5,-7.5562,20,HR,HRV,hdd_octmar,0.0412500632645385,Natural gas
EC-Earth3,-6.5,-6.4767,21,HR,HRV,hdd_octmar,0.0392014763569714,Natural gas
EC-Earth3,-5.5,-5.3342,8,HR,HRV,hdd_octmar,0.0257891321584282,Natural gas
EC-Earth3,-4.5,-4.5495,8,HR,HRV,hdd_octmar,0.0399945004061087,Natural gas
EC-Earth3,-3.5,-3.3459,9,HR,HRV,hdd_octmar,0.0416335765887656,Natural gas
EC-Earth3,-2.5,-2.4493,5,HR,HRV,hdd_octmar,0.033322178658442,Natural gas
EC-Earth3,-1.5,-1.3807,6,HR,HRV,hdd_octmar,0.00763108439257408,Natural gas
EC-Earth3,-0.5,-0.6596,3,HR,HRV,hdd_octmar,-0.0180264488409334,Natural gas
HadGEM3-GC3-1LL,-8.5,-8.3848,12,HR,HRV,hdd_octmar,0.0559767847907836,Natural gas
HadGEM3-GC3-1LL,-7.5,-7.5599,19,HR,HRV,hdd_octmar,0.0299728950903052,Natural gas
HadGEM3-GC3-1LL,-6.5,-6.5442,24,HR,HRV,hdd_octmar,0.0524010469168552,Natural gas
HadGEM3-GC3-1LL,-5.5,-5.5797,10,HR,HRV,hdd_octmar,0.028197797531419,Natural gas
HadGEM3-GC3-1LL,-4.5,-4.5263,6,HR,HRV,hdd_octmar,0.0446661382468311,Natural gas
HadGEM3-GC3-1LL,-3.5,-3.7835,7,HR,HRV,hdd_octmar,0.0385480281776385,Natural gas
HadGEM3-GC3-1LL,-2.5,-2.4504,6,HR,HRV,hdd_octmar,0.0212388430751076,Natural gas
HadGEM3-GC3-1LL,-1.5,-1.3098,8,HR,HRV,hdd_octmar,0.00964887946626373,Natural gas
HadGEM3-GC3-1LL,-0.5,-0.331,6,HR,HRV,hdd_octmar,0.00734866747863468,Natural gas
HadGEM3-GC3-1MM,-14.5,-14.3032,4,HR,HRV,hdd_octmar,0.108127157247952,Natural gas
HadGEM3-GC3-1MM,-13.5,-13.3931,8,HR,HRV,hdd_octmar,0.126459044548421,Natural gas
HadGEM3-GC3-1MM,-12.5,-12.588,13,HR,HRV,hdd_octmar,0.0973927933076954,Natural gas
HadGEM3-GC3-1MM,-11.5,-11.5321,21,HR,HRV,hdd_octmar,0.101224413387712,Natural gas
HadGEM3-GC3-1MM,-10.5,-10.4803,10,HR,HRV,hdd_octmar,0.0913819793468866,Natural gas
HadGEM3-GC3-1MM,-9.5,-9.6161,7,HR,HRV,hdd_octmar,0.0732753477439098,Natural gas
HadGEM3-GC3-1MM,-8.5,-8.6582,7,HR,HRV,hdd_octmar,0.0594098882771802,Natural gas
HadGEM3-GC3-1MM,-7.5,-7.6345,8,HR,HRV,hdd_octmar,0.0422630112708062,Natural gas
HadGEM3-GC3-1MM,-6.5,-6.4299,4,HR,HRV,hdd_octmar,0.042456400520085,Natural gas
HadGEM3-GC3-1MM,-5.5,-5.3528,4,HR,HRV,hdd_octmar,0.0305280987204746,Natural gas
HadGEM3-GC3-1MM,-4.5,-4.3969,4,HR,HRV,hdd_octmar,0.01859372121673,Natural gas
IPSL-CM6A-LR,-9.5,-9.3401,5,HR,HRV,hdd_octmar,0.0761710200680126,Natural gas
IPSL-CM6A-LR,-8.5,-8.4598,8,HR,HRV,hdd_octmar,0.0633721153304219,Natural gas
IPSL-CM6A-LR,-7.5,-7.5255,19,HR,HRV,hdd_octmar,0.0494167602412983,Natural gas
IPSL-CM6A-LR,-6.5,-6.5577,11,HR,HRV,hdd_octmar,0.0775468157381868,Natural gas
IPSL-CM6A-LR,-5.5,-5.5623,13,HR,HRV,hdd_octmar,0.0329876842804951,Natural gas
IPSL-CM6A-LR,-4.5,-4.3507,11,HR,HRV,hdd_octmar,0.012598819814368,Natural gas
IPSL-CM6A-LR,-3.5,-3.4644,8,HR,HRV,hdd_octmar,0.0125201249798677,Natural gas
IPSL-CM6A-LR,-2.5,-2.5669,9,HR,HRV,hdd_octmar,0.00449163993933119,Natural gas
IPSL-CM6A-LR,-1.5,-1.2909,6,HR,HRV,hdd_octmar,0.0267114819098509,Natural gas
IPSL-CM6A-LR,-0.5,-0.6347,8,HR,HRV,hdd_octmar,-0.00719942007980033,Natural gas
EC-Earth3,-9.5,-9.1554,4,HU,HUN,hdd_octmar,0.0348301105607053,Natural gas
EC-Earth3,-8.5,-8.4726,15,HU,HUN,hdd_octmar,0.083592926646823,Natural gas
EC-Earth3,-7.5,-7.5562,20,HU,HUN,hdd_octmar,0.0523818691840778,Natural gas
EC-Earth3,-6.5,-6.4767,21,HU,HUN,hdd_octmar,0.0433153480256446,Natural gas
EC-Earth3,-5.5,-5.3342,8,HU,HUN,hdd_octmar,0.0294508391792897,Natural gas
EC-Earth3,-4.5,-4.5495,8,HU,HUN,hdd_octmar,0.0405913246761636,Natural gas
EC-Earth3,-3.5,-3.3459,9,HU,HUN,hdd_octmar,0.0507370479478518,Natural gas
EC-Earth3,-2.5,-2.4493,5,HU,HUN,hdd_octmar,0.0403133302135328,Natural gas
EC-Earth3,-1.5,-1.3807,6,HU,HUN,hdd_octmar,0.0135831252154315,Natural gas
EC-Earth3,-0.5,-0.6596,3,HU,HUN,hdd_octmar,-0.0210030478908511,Natural gas
HadGEM3-GC3-1LL,-8.5,-8.3848,12,HU,HUN,hdd_octmar,0.0610978180808347,Natural gas
HadGEM3-GC3-1LL,-7.5,-7.5599,19,HU,HUN,hdd_octmar,0.0295591685706896,Natural gas
HadGEM3-GC3-1LL,-6.5,-6.5442,24,HU,HUN,hdd_octmar,0.0574257782298129,Natural gas
HadGEM3-GC3-1LL,-5.5,-5.5797,10,HU,HUN,hdd_octmar,0.0317478686552294,Natural gas
HadGEM3-GC3-1LL,-4.5,-4.5263,6,HU,HUN,hdd_octmar,0.0474974577046959,Natural gas
HadGEM3-GC3-1LL,-3.5,-3.7835,7,HU,HUN,hdd_octmar,0.0435010083179636,Natural gas
HadGEM3-GC3-1LL,-2.5,-2.4504,6,HU,HUN,hdd_octmar,0.024549605852407,Natural gas
HadGEM3-GC3-1LL,-1.5,-1.3098,8,HU,HUN,hdd_octmar,0.0132122179439999,Natural gas
HadGEM3-GC3-1LL,-0.5,-0.331,6,HU,HUN,hdd_octmar,0.00639598053786151,Natural gas
HadGEM3-GC3-1MM,-14.5,-14.3032,4,HU,HUN,hdd_octmar,0.124877212244852,Natural gas
HadGEM3-GC3-1MM,-13.5,-13.3931,8,HU,HUN,hdd_octmar,0.157207976515081,Natural gas
HadGEM3-GC3-1MM,-12.5,-12.588,13,HU,HUN,hdd_octmar,0.120158663355202,Natural gas
HadGEM3-GC3-1MM,-11.5,-11.5321,21,HU,HUN,hdd_octmar,0.118593322248569,Natural gas
HadGEM3-GC3-1MM,-10.5,-10.4803,10,HU,HUN,hdd_octmar,0.114403070299351,Natural gas
HadGEM3-GC3-1MM,-9.5,-9.6161,7,HU,HUN,hdd_octmar,0.0857173151964456,Natural gas
HadGEM3-GC3-1MM,-8.5,-8.6582,7,HU,HUN,hdd_octmar,0.0729718931877642,Natural gas
HadGEM3-GC3-1MM,-7.5,-7.6345,8,HU,HUN,hdd_octmar,0.0469894131113778,Natural gas
HadGEM3-GC3-1MM,-6.5,-6.4299,4,HU,HUN,hdd_octmar,0.0489242148932205,Natural gas
HadGEM3-GC3-1MM,-5.5,-5.3528,4,HU,HUN,hdd_octmar,0.0301865780180187,Natural gas
HadGEM3-GC3-1MM,-4.5,-4.3969,4,HU,HUN,hdd_octmar,0.0296727470398108,Natural gas
IPSL-CM6A-LR,-9.5,-9.3401,5,HU,HUN,hdd_octmar,0.0906703366680913,Natural gas
IPSL-CM6A-LR,-8.5,-8.4598,8,HU,HUN,hdd_octmar,0.0789808885704648,Natural gas
IPSL-CM6A-LR,-7.5,-7.5255,19,HU,HUN,hdd_octmar,0.0645286070132754,Natural gas
IPSL-CM6A-LR,-6.5,-6.5577,11,HU,HUN,hdd_octmar,0.095055217806207,Natural gas
IPSL-CM6A-LR,-5.5,-5.5623,13,HU,HUN,hdd_octmar,0.0437268839852662,Natural gas
IPSL-CM6A-LR,-4.5,-4.3507,11,HU,HUN,hdd_octmar,0.0150351358408676,Natural gas
IPSL-CM6A-LR,-3.5,-3.4644,8,HU,HUN,hdd_octmar,0.0131000034084598,Natural gas
IPSL-CM6A-LR,-2.5,-2.5669,9,HU,HUN,hdd_octmar,0.0130810323322856,Natural gas
IPSL-CM6A-LR,-1.5,-1.2909,6,HU,HUN,hdd_octmar,0.0339888941917007,Natural gas
IPSL-CM6A-LR,-0.5,-0.6347,8,HU,HUN,hdd_octmar,-0.00582990677036348,Natural gas
EC-Earth3,-9.5,-9.1554,4,IE,IRL,hdd_octmar,0.0903916395730096,Natural gas
EC-Earth3,-8.5,-8.4726,15,IE,IRL,hdd_octmar,0.0998347303938022,Natural gas
EC-Earth3,-7.5,-7.5562,20,IE,IRL,hdd_octmar,0.0785424045897853,Natural gas
EC-Earth3,-6.5,-6.4767,21,IE,IRL,hdd_octmar,0.0681019890019273,Natural gas
EC-Earth3,-5.5,-5.3342,8,IE,IRL,hdd_octmar,0.062876924777823,Natural gas
EC-Earth3,-4.5,-4.5495,8,IE,IRL,hdd_octmar,0.0813163561746005,Natural gas
EC-Earth3,-3.5,-3.3459,9,IE,IRL,hdd_octmar,0.0629240838146743,Natural gas
EC-Earth3,-2.5,-2.4493,5,IE,IRL,hdd_octmar,0.0460471003320855,Natural gas
EC-Earth3,-1.5,-1.3807,6,IE,IRL,hdd_octmar,0.0229645910371485,Natural gas
EC-Earth3,-0.5,-0.6596,3,IE,IRL,hdd_octmar,0.0256848119051305,Natural gas
HadGEM3-GC3-1LL,-8.5,-8.3848,12,IE,IRL,hdd_octmar,0.0736050476886624,Natural gas
HadGEM3-GC3-1LL,-7.5,-7.5599,19,IE,IRL,hdd_octmar,0.0691231619410025,Natural gas
HadGEM3-GC3-1LL,-6.5,-6.5442,24,IE,IRL,hdd_octmar,0.0613048053346044,Natural gas
HadGEM3-GC3-1LL,-5.5,-5.5797,10,IE,IRL,hdd_octmar,0.051002684345611,Natural gas
HadGEM3-GC3-1LL,-4.5,-4.5263,6,IE,IRL,hdd_octmar,0.0447428905092613,Natural gas
HadGEM3-GC3-1LL,-3.5,-3.7835,7,IE,IRL,hdd_octmar,0.0551397842164843,Natural gas
HadGEM3-GC3-1LL,-2.5,-2.4504,6,IE,IRL,hdd_octmar,0.0507257231659962,Natural gas
HadGEM3-GC3-1LL,-1.5,-1.3098,8,IE,IRL,hdd_octmar,0.0306180356741893,Natural gas
HadGEM3-GC3-1LL,-0.5,-0.331,6,IE,IRL,hdd_octmar,0.00771883078629476,Natural gas
HadGEM3-GC3-1MM,-14.5,-14.3032,4,IE,IRL,hdd_octmar,0.163526088844855,Natural gas
HadGEM3-GC3-1MM,-13.5,-13.3931,8,IE,IRL,hdd_octmar,0.166133475207487,Natural gas
HadGEM3-GC3-1MM,-12.5,-12.588,13,IE,IRL,hdd_octmar,0.173790887651309,Natural gas
HadGEM3-GC3-1MM,-11.5,-11.5321,21,IE,IRL,hdd_octmar,0.158179386544104,Natural gas
HadGEM3-GC3-1MM,-10.5,-10.4803,10,IE,IRL,hdd_octmar,0.122466438974509,Natural gas
HadGEM3-GC3-1MM,-9.5,-9.6161,7,IE,IRL,hdd_octmar,0.109210699149874,Natural gas
HadGEM3-GC3-1MM,-8.5,-8.6582,7,IE,IRL,hdd_octmar,0.091539162359284,Natural gas
HadGEM3-GC3-1MM,-7.5,-7.6345,8,IE,IRL,hdd_octmar,0.0763241939423078,Natural gas
HadGEM3-GC3-1MM,-6.5,-6.4299,4,IE,IRL,hdd_octmar,0.0528526742574985,Natural gas
HadGEM3-GC3-1MM,-5.5,-5.3528,4,IE,IRL,hdd_octmar,0.034422335751262,Natural gas
HadGEM3-GC3-1MM,-4.5,-4.3969,4,IE,IRL,hdd_octmar,0.0250620728970338,Natural gas
IPSL-CM6A-LR,-9.5,-9.3401,5,IE,IRL,hdd_octmar,0.12479971601865,Natural gas
IPSL-CM6A-LR,-8.5,-8.4598,8,IE,IRL,hdd_octmar,0.139531273309411,Natural gas
IPSL-CM6A-LR,-7.5,-7.5255,19,IE,IRL,hdd_octmar,0.112410487331253,Natural gas
IPSL-CM6A-LR,-6.5,-6.5577,11,IE,IRL,hdd_octmar,0.126962046720621,Natural gas
IPSL-CM6A-LR,-5.5,-5.5623,13,IE,IRL,hdd_octmar,0.0842859702313299,Natural gas
IPSL-CM6A-LR,-4.5,-4.3507,11,IE,IRL,hdd_octmar,0.0501710155116744,Natural gas
IPSL-CM6A-LR,-3.5,-3.4644,8,IE,IRL,hdd_octmar,0.0611773395417478,Natural gas
IPSL-CM6A-LR,-2.5,-2.5669,9,IE,IRL,hdd_octmar,0.038262511414651,Natural gas
IPSL-CM6A-LR,-1.5,-1.2909,6,IE,IRL,hdd_octmar,0.0330013236163066,Natural gas
IPSL-CM6A-LR,-0.5,-0.6347,8,IE,IRL,hdd_octmar,0.0109967764950054,Natural gas
EC-Earth3,-9.5,-9.1554,4,IT,ITA,hdd_octmar,0.0316157324231404,Natural gas
EC-Earth3,-8.5,-8.4726,15,IT,ITA,hdd_octmar,0.0511929737458418,Natural gas
EC-Earth3,-7.5,-7.5562,20,IT,ITA,hdd_octmar,0.03908917915879,Natural gas
EC-Earth3,-6.5,-6.4767,21,IT,ITA,hdd_octmar,0.0338056311159788,Natural gas
EC-Earth3,-5.5,-5.3342,8,IT,ITA,hdd_octmar,0.0236017133448282,Natural gas
EC-Earth3,-4.5,-4.5495,8,IT,ITA,hdd_octmar,0.0345006172725559,Natural gas
EC-Earth3,-3.5,-3.3459,9,IT,ITA,hdd_octmar,0.0282414434060158,Natural gas
EC-Earth3,-2.5,-2.4493,5,IT,ITA,hdd_octmar,0.0228475407370934,Natural gas
EC-Earth3,-1.5,-1.3807,6,IT,ITA,hdd_octmar,0.00338313391974175,Natural gas
EC-Earth3,-0.5,-0.6596,3,IT,ITA,hdd_octmar,-0.00625570203560623,Natural gas
HadGEM3-GC3-1LL,-8.5,-8.3848,12,IT,ITA,hdd_octmar,0.0504239631939968,Natural gas
HadGEM3-GC3-1LL,-7.5,-7.5599,19,IT,ITA,hdd_octmar,0.0359329955206876,Natural gas
HadGEM3-GC3-1LL,-6.5,-6.5442,24,IT,ITA,hdd_octmar,0.0460905808813997,Natural gas
HadGEM3-GC3-1LL,-5.5,-5.5797,10,IT,ITA,hdd_octmar,0.0270649060326514,Natural gas
HadGEM3-GC3-1LL,-4.5,-4.5263,6,IT,ITA,hdd_octmar,0.0391705191978114,Natural gas
HadGEM3-GC3-1LL,-3.5,-3.7835,7,IT,ITA,hdd_octmar,0.035506373629032,Natural gas
HadGEM3-GC3-1LL,-2.5,-2.4504,6,IT,ITA,hdd_octmar,0.0196155554569355,Natural gas
HadGEM3-GC3-1LL,-1.5,-1.3098,8,IT,ITA,hdd_octmar,0.00964102651534195,Natural gas
HadGEM3-GC3-1LL,-0.5,-0.331,6,IT,ITA,hdd_octmar,0.00444402625795285,Natural gas
HadGEM3-GC3-1MM,-14.5,-14.3032,4,IT,ITA,hdd_octmar,0.094282528766825,Natural gas
HadGEM3-GC3-1MM,-13.5,-13.3931,8,IT,ITA,hdd_octmar,0.0975883317856476,Natural gas
HadGEM3-GC3-1MM,-12.5,-12.588,13,IT,ITA,hdd_octmar,0.0856071672269375,Natural gas
HadGEM3-GC3-1MM,-11.5,-11.5321,21,IT,ITA,hdd_octmar,0.0878085146955934,Natural gas
HadGEM3-GC3-1MM,-10.5,-10.4803,10,IT,ITA,hdd_octmar,0.0754686769363614,Natural gas
HadGEM3-GC3-1MM,-9.5,-9.6161,7,IT,ITA,hdd_octmar,0.0601381048155526,Natural gas
HadGEM3-GC3-1MM,-8.5,-8.6582,7,IT,ITA,hdd_octmar,0.0442911805059767,Natural gas
HadGEM3-GC3-1MM,-7.5,-7.6345,8,IT,ITA,hdd_octmar,0.0403297387478272,Natural gas
HadGEM3-GC3-1MM,-6.5,-6.4299,4,IT,ITA,hdd_octmar,0.0335372255197367,Natural gas
HadGEM3-GC3-1MM,-5.5,-5.3528,4,IT,ITA,hdd_octmar,0.0220903922742724,Natural gas
HadGEM3-GC3-1MM,-4.5,-4.3969,4,IT,ITA,hdd_octmar,0.00843010148320432,Natural gas
IPSL-CM6A-LR,-9.5,-9.3401,5,IT,ITA,hdd_octmar,0.0567129782740396,Natural gas
IPSL-CM6A-LR,-8.5,-8.4598,8,IT,ITA,hdd_octmar,0.0560938350908387,Natural gas
IPSL-CM6A-LR,-7.5,-7.5255,19,IT,ITA,hdd_octmar,0.0438608801267841,Natural gas
IPSL-CM6A-LR,-6.5,-6.5577,11,IT,ITA,hdd_octmar,0.0588181064282435,Natural gas
IPSL-CM6A-LR,-5.5,-5.5623,13,IT,ITA,hdd_octmar,0.0299379701243636,Natural gas
IPSL-CM6A-LR,-4.5,-4.3507,11,IT,ITA,hdd_octmar,0.0163478185844232,Natural gas
IPSL-CM6A-LR,-3.5,-3.4644,8,IT,ITA,hdd_octmar,0.0189701668851275,Natural gas
IPSL-CM6A-LR,-2.5,-2.5669,9,IT,ITA,hdd_octmar,0.00369154823436429,Natural gas
IPSL-CM6A-LR,-1.5,-1.2909,6,IT,ITA,hdd_octmar,0.0238023355752192,Natural gas
IPSL-CM6A-LR,-0.5,-0.6347,8,IT,ITA,hdd_octmar,-0.0019843167039705,Natural gas
EC-Earth3,-9.5,-9.1554,4,LT,LTU,hdd_octmar,0.025585658066913,Natural gas
EC-Earth3,-8.5,-8.4726,15,LT,LTU,hdd_octmar,0.0766486034780184,Natural gas
EC-Earth3,-7.5,-7.5562,20,LT,LTU,hdd_octmar,0.0487143344470059,Natural gas
EC-Earth3,-6.5,-6.4767,21,LT,LTU,hdd_octmar,0.0300832497164164,Natural gas
EC-Earth3,-5.5,-5.3342,8,LT,LTU,hdd_octmar,0.0340403930172193,Natural gas
EC-Earth3,-4.5,-4.5495,8,LT,LTU,hdd_octmar,0.0316751668622221,Natural gas
EC-Earth3,-3.5,-3.3459,9,LT,LTU,hdd_octmar,0.0636649890684834,Natural gas
EC-Earth3,-2.5,-2.4493,5,LT,LTU,hdd_octmar,0.0574041206177971,Natural gas
EC-Earth3,-1.5,-1.3807,6,LT,LTU,hdd_octmar,0.0145329189637598,Natural gas
EC-Earth3,-0.5,-0.6596,3,LT,LTU,hdd_octmar,-0.00281176974320169,Natural gas
HadGEM3-GC3-1LL,-8.5,-8.3848,12,LT,LTU,hdd_octmar,0.0478586107844563,Natural gas
HadGEM3-GC3-1LL,-7.5,-7.5599,19,LT,LTU,hdd_octmar,0.0201762148214295,Natural gas
HadGEM3-GC3-1LL,-6.5,-6.5442,24,LT,LTU,hdd_octmar,0.0620793542834152,Natural gas
HadGEM3-GC3-1LL,-5.5,-5.5797,10,LT,LTU,hdd_octmar,0.0436798489423768,Natural gas
HadGEM3-GC3-1LL,-4.5,-4.5263,6,LT,LTU,hdd_octmar,0.0382765227323483,Natural gas
HadGEM3-GC3-1LL,-3.5,-3.7835,7,LT,LTU,hdd_octmar,0.0332587764125788,Natural gas
HadGEM3-GC3-1LL,-2.5,-2.4504,6,LT,LTU,hdd_octmar,0.0040726643419942,Natural gas
HadGEM3-GC3-1LL,-1.5,-1.3098,8,LT,LTU,hdd_octmar,0.00869429128474107,Natural gas
HadGEM3-GC3-1LL,-0.5,-0.331,6,LT,LTU,hdd_octmar,-0.00833528743365405,Natural gas
HadGEM3-GC3-1MM,-14.5,-14.3032,4,LT,LTU,hdd_octmar,0.145403586014752,Natural gas
HadGEM3-GC3-1MM,-13.5,-13.3931,8,LT,LTU,hdd_octmar,0.210053913767314,Natural gas
HadGEM3-GC3-1MM,-12.5,-12.588,13,LT,LTU,hdd_octmar,0.175681795570631,Natural gas
HadGEM3-GC3-1MM,-11.5,-11.5321,21,LT,LTU,hdd_octmar,0.158667137458987,Natural gas
HadGEM3-GC3-1MM,-10.5,-10.4803,10,LT,LTU,hdd_octmar,0.153799506495786,Natural gas
HadGEM3-GC3-1MM,-9.5,-9.6161,7,LT,LTU,hdd_octmar,0.0982149146065639,Natural gas
HadGEM3-GC3-1MM,-8.5,-8.6582,7,LT,LTU,hdd_octmar,0.116194948374418,Natural gas
HadGEM3-GC3-1MM,-7.5,-7.6345,8,LT,LTU,hdd_octmar,0.0688306601848267,Natural gas
HadGEM3-GC3-1MM,-6.5,-6.4299,4,LT,LTU,hdd_octmar,0.0529472403191249,Natural gas
HadGEM3-GC3-1MM,-5.5,-5.3528,4,LT,LTU,hdd_octmar,0.0415149970298468,Natural gas
HadGEM3-GC3-1MM,-4.5,-4.3969,4,LT,LTU,hdd_octmar,0.0425833703370939,Natural gas
IPSL-CM6A-LR,-9.5,-9.3401,5,LT,LTU,hdd_octmar,0.146069846903483,Natural gas
IPSL-CM6A-LR,-8.5,-8.4598,8,LT,LTU,hdd_octmar,0.140965222147727,Natural gas
IPSL-CM6A-LR,-7.5,-7.5255,19,LT,LTU,hdd_octmar,0.115900628040134,Natural gas
IPSL-CM6A-LR,-6.5,-6.5577,11,LT,LTU,hdd_octmar,0.147585714419309,Natural gas
IPSL-CM6A-LR,-5.5,-5.5623,13,LT,LTU,hdd_octmar,0.0697619788328285,Natural gas
IPSL-CM6A-LR,-4.5,-4.3507,11,LT,LTU,hdd_octmar,0.0408501827373376,Natural gas
IPSL-CM6A-LR,-3.5,-3.4644,8,LT,LTU,hdd_octmar,0.0352109373490907,Natural gas
IPSL-CM6A-LR,-2.5,-2.5669,9,LT,LTU,hdd_octmar,0.0382762334131038,Natural gas
IPSL-CM6A-LR,-1.5,-1.2909,6,LT,LTU,hdd_octmar,0.0624493109344721,Natural gas
IPSL-CM6A-LR,-0.5,-0.6347,8,LT,LTU,hdd_octmar,0.0202885946822522,Natural gas
EC-Earth3,-9.5,-9.1554,4,LU,LUX,hdd_octmar,0.0543799078865011,Natural gas
EC-Earth3,-8.5,-8.4726,15,LU,LUX,hdd_octmar,0.0908892686735262,Natural gas
EC-Earth3,-7.5,-7.5562,20,LU,LUX,hdd_octmar,0.0568744597437837,Natural gas
EC-Earth3,-6.5,-6.4767,21,LU,LUX,hdd_octmar,0.0468569875600443,Natural gas
EC-Earth3,-5.5,-5.3342,8,LU,LUX,hdd_octmar,0.0354688034585694,Natural gas
EC-Earth3,-4.5,-4.5495,8,LU,LUX,hdd_octmar,0.0593651677882468,Natural gas
EC-Earth3,-3.5,-3.3459,9,LU,LUX,hdd_octmar,0.0493028924529325,Natural gas
EC-Earth3,-2.5,-2.4493,5,LU,LUX,hdd_octmar,0.026019595602322,Natural gas
EC-Earth3,-1.5,-1.3807,6,LU,LUX,hdd_octmar,0.0116441076388834,Natural gas
EC-Earth3,-0.5,-0.6596,3,LU,LUX,hdd_octmar,-0.000191612002491303,Natural gas
HadGEM3-GC3-1LL,-8.5,-8.3848,12,LU,LUX,hdd_octmar,0.0539079042047818,Natural gas
HadGEM3-GC3-1LL,-7.5,-7.5599,19,LU,LUX,hdd_octmar,0.0433046432135986,Natural gas
HadGEM3-GC3-1LL,-6.5,-6.5442,24,LU,LUX,hdd_octmar,0.0533519979421614,Natural gas
HadGEM3-GC3-1LL,-5.5,-5.5797,10,LU,LUX,hdd_octmar,0.0388710324484473,Natural gas
HadGEM3-GC3-1LL,-4.5,-4.5263,6,LU,LUX,hdd_octmar,0.0370331112821869,Natural gas
HadGEM3-GC3-1LL,-3.5,-3.7835,7,LU,LUX,hdd_octmar,0.0467103027030897,Natural gas
HadGEM3-GC3-1LL,-2.5,-2.4504,6,LU,LUX,hdd_octmar,0.0219933876647282,Natural gas
HadGEM3-GC3-1LL,-1.5,-1.3098,8,LU,LUX,hdd_octmar,0.0127305427332506,Natural gas
HadGEM3-GC3-1LL,-0.5,-0.331,6,LU,LUX,hdd_octmar,-0.00453131800714647,Natural gas
HadGEM3-GC3-1MM,-14.5,-14.3032,4,LU,LUX,hdd_octmar,0.118086021619022,Natural gas
HadGEM3-GC3-1MM,-13.5,-13.3931,8,LU,LUX,hdd_octmar,0.135206487911507,Natural gas
HadGEM3-GC3-1MM,-12.5,-12.588,13,LU,LUX,hdd_octmar,0.119435695894551,Natural gas
HadGEM3-GC3-1MM,-11.5,-11.5321,21,LU,LUX,hdd_octmar,0.11731461385058,Natural gas
HadGEM3-GC3-1MM,-10.5,-10.4803,10,LU,LUX,hdd_octmar,0.0865318728636368,Natural gas
HadGEM3-GC3-1MM,-9.5,-9.6161,7,LU,LUX,hdd_octmar,0.0792788047296445,Natural gas
HadGEM3-GC3-1MM,-8.5,-8.6582,7,LU,LUX,hdd_octmar,0.0534965335704427,Natural gas
HadGEM3-GC3-1MM,-7.5,-7.6345,8,LU,LUX,hdd_octmar,0.0557635978389177,Natural gas
HadGEM3-GC3-1MM,-6.5,-6.4299,4,LU,LUX,hdd_octmar,0.0456547834365619,Natural gas
HadGEM3-GC3-1MM,-5.5,-5.3528,4,LU,LUX,hdd_octmar,0.022210955736582,Natural gas
HadGEM3-GC3-1MM,-4.5,-4.3969,4,LU,LUX,hdd_octmar,0.0222677036398219,Natural gas
IPSL-CM6A-LR,-9.5,-9.3401,5,LU,LUX,hdd_octmar,0.102686591518026,Natural gas
IPSL-CM6A-LR,-8.5,-8.4598,8,LU,LUX,hdd_octmar,0.106933715364445,Natural gas
IPSL-CM6A-LR,-7.5,-7.5255,19,LU,LUX,hdd_octmar,0.0781854259734097,Natural gas
IPSL-CM6A-LR,-6.5,-6.5577,11,LU,LUX,hdd_octmar,0.0983672618544463,Natural gas
IPSL-CM6A-LR,-5.5,-5.5623,13,LU,LUX,hdd_octmar,0.0580043753874651,Natural gas
IPSL-CM6A-LR,-4.5,-4.3507,11,LU,LUX,hdd_octmar,0.030497100229994,Natural gas
IPSL-CM6A-LR,-3.5,-3.4644,8,LU,LUX,hdd_octmar,0.0405608634928512,Natural gas
IPSL-CM6A-LR,-2.5,-2.5669,9,LU,LUX,hdd_octmar,0.0163460413376356,Natural gas
IPSL-CM6A-LR,-1.5,-1.2909,6,LU,LUX,hdd_octmar,0.0332037230934851,Natural gas
IPSL-CM6A-LR,-0.5,-0.6347,8,LU,LUX,hdd_octmar,-0.00370572487734412,Natural gas
EC-Earth3,-9.5,-9.1554,4,LV,LVA,hdd_octmar,0.027378610756316,Natural gas
EC-Earth3,-8.5,-8.4726,15,LV,LVA,hdd_octmar,0.0748456486090202,Natural gas
EC-Earth3,-7.5,-7.5562,20,LV,LVA,hdd_octmar,0.0425982496125247,Natural gas
EC-Earth3,-6.5,-6.4767,21,LV,LVA,hdd_octmar,0.0239081850873806,Natural gas
EC-Earth3,-5.5,-5.3342,8,LV,LVA,hdd_octmar,0.0313067808013495,Natural gas
EC-Earth3,-4.5,-4.5495,8,LV,LVA,hdd_octmar,0.0347252530002393,Natural gas
EC-Earth3,-3.5,-3.3459,9,LV,LVA,hdd_octmar,0.068810366506392,Natural gas
EC-Earth3,-2.5,-2.4493,5,LV,LVA,hdd_octmar,0.0607996539337311,Natural gas
EC-Earth3,-1.5,-1.3807,6,LV,LVA,hdd_octmar,0.0160522583105199,Natural gas
EC-Earth3,-0.5,-0.6596,3,LV,LVA,hdd_octmar,-0.00160774704161109,Natural gas
HadGEM3-GC3-1LL,-8.5,-8.3848,12,LV,LVA,hdd_octmar,0.0436083457576681,Natural gas
HadGEM3-GC3-1LL,-7.5,-7.5599,19,LV,LVA,hdd_octmar,0.0198055555379218,Natural gas
HadGEM3-GC3-1LL,-6.5,-6.5442,24,LV,LVA,hdd_octmar,0.0645340627476,Natural gas
HadGEM3-GC3-1LL,-5.5,-5.5797,10,LV,LVA,hdd_octmar,0.0474628220579989,Natural gas
HadGEM3-GC3-1LL,-4.5,-4.5263,6,LV,LVA,hdd_octmar,0.0428128004979717,Natural gas
HadGEM3-GC3-1LL,-3.5,-3.7835,7,LV,LVA,hdd_octmar,0.0279353849766698,Natural gas
HadGEM3-GC3-1LL,-2.5,-2.4504,6,LV,LVA,hdd_octmar,0.00249951161575954,Natural gas
HadGEM3-GC3-1LL,-1.5,-1.3098,8,LV,LVA,hdd_octmar,0.00503448550462901,Natural gas
HadGEM3-GC3-1LL,-0.5,-0.331,6,LV,LVA,hdd_octmar,-0.00770787798632491,Natural gas
HadGEM3-GC3-1MM,-14.5,-14.3032,4,LV,LVA,hdd_octmar,0.158600552701435,Natural gas
HadGEM3-GC3-1MM,-13.5,-13.3931,8,LV,LVA,hdd_octmar,0.229417678818905,Natural gas
HadGEM3-GC3-1MM,-12.5,-12.588,13,LV,LVA,hdd_octmar,0.196620035950717,Natural gas
HadGEM3-GC3-1MM,-11.5,-11.5321,21,LV,LVA,hdd_octmar,0.17339948004484,Natural gas
HadGEM3-GC3-1MM,-10.5,-10.4803,10,LV,LVA,hdd_octmar,0.16860484019389,Natural gas
HadGEM3-GC3-1MM,-9.5,-9.6161,7,LV,LVA,hdd_octmar,0.102980994514951,Natural gas
HadGEM3-GC3-1MM,-8.5,-8.6582,7,LV,LVA,hdd_octmar,0.12480095595827,Natural gas
HadGEM3-GC3-1MM,-7.5,-7.6345,8,LV,LVA,hdd_octmar,0.0792118479902062,Natural gas
HadGEM3-GC3-1MM,-6.5,-6.4299,4,LV,LVA,hdd_octmar,0.0601722031550813,Natural gas
HadGEM3-GC3-1MM,-5.5,-5.3528,4,LV,LVA,hdd_octmar,0.0430453718392181,Natural gas
HadGEM3-GC3-1MM,-4.5,-4.3969,4,LV,LVA,hdd_octmar,0.0425391044926875,Natural gas
IPSL-CM6A-LR,-9.5,-9.3401,5,LV,LVA,hdd_octmar,0.165902350462463,Natural gas
IPSL-CM6A-LR,-8.5,-8.4598,8,LV,LVA,hdd_octmar,0.155728687218021,Natural gas
IPSL-CM6A-LR,-7.5,-7.5255,19,LV,LVA,hdd_octmar,0.125934756746091,Natural gas
IPSL-CM6A-LR,-6.5,-6.5577,11,LV,LVA,hdd_octmar,0.160146220099443,Natural gas
IPSL-CM6A-LR,-5.5,-5.5623,13,LV,LVA,hdd_octmar,0.0718440854414354,Natural gas
IPSL-CM6A-LR,-4.5,-4.3507,11,LV,LVA,hdd_octmar,0.0455735260601818,Natural gas
IPSL-CM6A-LR,-3.5,-3.4644,8,LV,LVA,hdd_octmar,0.04509813321017,Natural gas
IPSL-CM6A-LR,-2.5,-2.5669,9,LV,LVA,hdd_octmar,0.0439987200811215,Natural gas
IPSL-CM6A-LR,-1.5,-1.2909,6,LV,LVA,hdd_octmar,0.072819752596485,Natural gas
IPSL-CM6A-LR,-0.5,-0.6347,8,LV,LVA,hdd_octmar,0.0246998452029368,Natural gas
EC-Earth3,-9.5,-9.1554,4,NL,NLD,hdd_octmar,0.0517604941095622,Natural gas
EC-Earth3,-8.5,-8.4726,15,NL,NLD,hdd_octmar,0.0850719266246376,Natural gas
EC-Earth3,-7.5,-7.5562,20,NL,NLD,hdd_octmar,0.0531951042490085,Natural gas
EC-Earth3,-6.5,-6.4767,21,NL,NLD,hdd_octmar,0.0431114192896023,Natural gas
EC-Earth3,-5.5,-5.3342,8,NL,NLD,hdd_octmar,0.0366057454267598,Natural gas
EC-Earth3,-4.5,-4.5495,8,NL,NLD,hdd_octmar,0.0561461605427701,Natural gas
EC-Earth3,-3.5,-3.3459,9,NL,NLD,hdd_octmar,0.047820544638146,Natural gas
EC-Earth3,-2.5,-2.4493,5,NL,NLD,hdd_octmar,0.02609878641267,Natural gas
EC-Earth3,-1.5,-1.3807,6,NL,NLD,hdd_octmar,0.0108997305541405,Natural gas
EC-Earth3,-0.5,-0.6596,3,NL,NLD,hdd_octmar,0.0089708804824701,Natural gas
HadGEM3-GC3-1LL,-8.5,-8.3848,12,NL,NLD,hdd_octmar,0.0508535196094179,Natural gas
HadGEM3-GC3-1LL,-7.5,-7.5599,19,NL,NLD,hdd_octmar,0.0444798993160231,Natural gas
HadGEM3-GC3-1LL,-6.5,-6.5442,24,NL,NLD,hdd_octmar,0.0517814904204478,Natural gas
HadGEM3-GC3-1LL,-5.5,-5.5797,10,NL,NLD,hdd_octmar,0.0373991414577829,Natural gas
HadGEM3-GC3-1LL,-4.5,-4.5263,6,NL,NLD,hdd_octmar,0.0325114648040704,Natural gas
HadGEM3-GC3-1LL,-3.5,-3.7835,7,NL,NLD,hdd_octmar,0.0454692884695254,Natural gas
HadGEM3-GC3-1LL,-2.5,-2.4504,6,NL,NLD,hdd_octmar,0.0198470108525246,Natural gas
HadGEM3-GC3-1LL,-1.5,-1.3098,8,NL,NLD,hdd_octmar,0.0151139546693298,Natural gas
HadGEM3-GC3-1LL,-0.5,-0.331,6,NL,NLD,hdd_octmar,-0.0047552924336996,Natural gas
HadGEM3-GC3-1MM,-14.5,-14.3032,4,NL,NLD,hdd_octmar,0.118124666403821,Natural gas
HadGEM3-GC3-1MM,-13.5,-13.3931,8,NL,NLD,hdd_octmar,0.141288846388345,Natural gas
HadGEM3-GC3-1MM,-12.5,-12.588,13,NL,NLD,hdd_octmar,0.133655034128609,Natural gas
HadGEM3-GC3-1MM,-11.5,-11.5321,21,NL,NLD,hdd_octmar,0.125421752394296,Natural gas
HadGEM3-GC3-1MM,-10.5,-10.4803,10,NL,NLD,hdd_octmar,0.095710732551572,Natural gas
HadGEM3-GC3-1MM,-9.5,-9.6161,7,NL,NLD,hdd_octmar,0.0856910698078386,Natural gas
HadGEM3-GC3-1MM,-8.5,-8.6582,7,NL,NLD,hdd_octmar,0.0680660720842904,Natural gas
HadGEM3-GC3-1MM,-7.5,-7.6345,8,NL,NLD,hdd_octmar,0.0498186660032106,Natural gas
HadGEM3-GC3-1MM,-6.5,-6.4299,4,NL,NLD,hdd_octmar,0.0377307839746056,Natural gas
HadGEM3-GC3-1MM,-5.5,-5.3528,4,NL,NLD,hdd_octmar,0.0268652757539558,Natural gas
HadGEM3-GC3-1MM,-4.5,-4.3969,4,NL,NLD,hdd_octmar,0.0330798117942037,Natural gas
IPSL-CM6A-LR,-9.5,-9.3401,5,NL,NLD,hdd_octmar,0.114947362460872,Natural gas
IPSL-CM6A-LR,-8.5,-8.4598,8,NL,NLD,hdd_octmar,0.120346555538836,Natural gas
IPSL-CM6A-LR,-7.5,-7.5255,19,NL,NLD,hdd_octmar,0.0887626069012684,Natural gas
IPSL-CM6A-LR,-6.5,-6.5577,11,NL,NLD,hdd_octmar,0.110394138853785,Natural gas
IPSL-CM6A-LR,-5.5,-5.5623,13,NL,NLD,hdd_octmar,0.0629102378222596,Natural gas
IPSL-CM6A-LR,-4.5,-4.3507,11,NL,NLD,hdd_octmar,0.0323863135651697,Natural gas
IPSL-CM6A-LR,-3.5,-3.4644,8,NL,NLD,hdd_octmar,0.043049752959206,Natural gas
IPSL-CM6A-LR,-2.5,-2.5669,9,NL,NLD,hdd_octmar,0.0243140173247538,Natural gas
IPSL-CM6A-LR,-1.5,-1.2909,6,NL,NLD,hdd_octmar,0.0314336266243965,Natural gas
IPSL-CM6A-LR,-0.5,-0.6347,8,NL,NLD,hdd_octmar,-0.00104642637598677,Natural gas
EC-Earth3,-9.5,-9.1554,4,PL,POL,hdd_octmar,0.0338453091837941,Natural gas
EC-Earth3,-8.5,-8.4726,15,PL,POL,hdd_octmar,0.078471645368848,Natural gas
EC-Earth3,-7.5,-7.5562,20,PL,POL,hdd_octmar,0.0523618234935669,Natural gas
EC-Earth3,-6.5,-6.4767,21,PL,POL,hdd_octmar,0.0381172318225982,Natural gas
EC-Earth3,-5.5,-5.3342,8,PL,POL,hdd_octmar,0.035943989651978,Natural gas
EC-Earth3,-4.5,-4.5495,8,PL,POL,hdd_octmar,0.037829607162258,Natural gas
EC-Earth3,-3.5,-3.3459,9,PL,POL,hdd_octmar,0.0508668696259849,Natural gas
EC-Earth3,-2.5,-2.4493,5,PL,POL,hdd_octmar,0.0445262317264616,Natural gas
EC-Earth3,-1.5,-1.3807,6,PL,POL,hdd_octmar,0.0123120217804407,Natural gas
EC-Earth3,-0.5,-0.6596,3,PL,POL,hdd_octmar,-0.00204110593853112,Natural gas
HadGEM3-GC3-1LL,-8.5,-8.3848,12,PL,POL,hdd_octmar,0.0528045646002725,Natural gas
HadGEM3-GC3-1LL,-7.5,-7.5599,19,PL,POL,hdd_octmar,0.0260387733350994,Natural gas
HadGEM3-GC3-1LL,-6.5,-6.5442,24,PL,POL,hdd_octmar,0.0562975158389571,Natural gas
HadGEM3-GC3-1LL,-5.5,-5.5797,10,PL,POL,hdd_octmar,0.0346985116357846,Natural gas
HadGEM3-GC3-1LL,-4.5,-4.5263,6,PL,POL,hdd_octmar,0.0323860242459252,Natural gas
HadGEM3-GC3-1LL,-3.5,-3.7835,7,PL,POL,hdd_octmar,0.0394543827079732,Natural gas
HadGEM3-GC3-1LL,-2.5,-2.4504,6,PL,POL,hdd_octmar,0.00927049122579611,Natural gas
HadGEM3-GC3-1LL,-1.5,-1.3098,8,PL,POL,hdd_octmar,0.00658023556527872,Natural gas
HadGEM3-GC3-1LL,-0.5,-0.331,6,PL,POL,hdd_octmar,-0.00857591838242547,Natural gas
HadGEM3-GC3-1MM,-14.5,-14.3032,4,PL,POL,hdd_octmar,0.117574215875526,Natural gas
HadGEM3-GC3-1MM,-13.5,-13.3931,8,PL,POL,hdd_octmar,0.168588225002992,Natural gas
HadGEM3-GC3-1MM,-12.5,-12.588,13,PL,POL,hdd_octmar,0.133326574123475,Natural gas
HadGEM3-GC3-1MM,-11.5,-11.5321,21,PL,POL,hdd_octmar,0.126765846941539,Natural gas
HadGEM3-GC3-1MM,-10.5,-10.4803,10,PL,POL,hdd_octmar,0.116706795449235,Natural gas
HadGEM3-GC3-1MM,-9.5,-9.6161,7,PL,POL,hdd_octmar,0.0841568511856476,Natural gas
HadGEM3-GC3-1MM,-8.5,-8.6582,7,PL,POL,hdd_octmar,0.0810766758462039,Natural gas
HadGEM3-GC3-1MM,-7.5,-7.6345,8,PL,POL,hdd_octmar,0.050221935698704,Natural gas
HadGEM3-GC3-1MM,-6.5,-6.4299,4,PL,POL,hdd_octmar,0.0419112404008313,Natural gas
HadGEM3-GC3-1MM,-5.5,-5.3528,4,PL,POL,hdd_octmar,0.0302963126743204,Natural gas
HadGEM3-GC3-1MM,-4.5,-4.3969,4,PL,POL,hdd_octmar,0.032644344999931,Natural gas
IPSL-CM6A-LR,-9.5,-9.3401,5,PL,POL,hdd_octmar,0.112216808762729,Natural gas
IPSL-CM6A-LR,-8.5,-8.4598,8,PL,POL,hdd_octmar,0.107350169751223,Natural gas
IPSL-CM6A-LR,-7.5,-7.5255,19,PL,POL,hdd_octmar,0.0857926208626532,Natural gas
IPSL-CM6A-LR,-6.5,-6.5577,11,PL,POL,hdd_octmar,0.114340990655749,Natural gas
IPSL-CM6A-LR,-5.5,-5.5623,13,PL,POL,hdd_octmar,0.0559972437945009,Natural gas
IPSL-CM6A-LR,-4.5,-4.3507,11,PL,POL,hdd_octmar,0.0233364902602755,Natural gas
IPSL-CM6A-LR,-3.5,-3.4644,8,PL,POL,hdd_octmar,0.0245644851278378,Natural gas
IPSL-CM6A-LR,-2.5,-2.5669,9,PL,POL,hdd_octmar,0.0251442808937886,Natural gas
IPSL-CM6A-LR,-1.5,-1.2909,6,PL,POL,hdd_octmar,0.0392786832639286,Natural gas
IPSL-CM6A-LR,-0.5,-0.6347,8,PL,POL,hdd_octmar,-0.000278862420364277,Natural gas
EC-Earth3,-9.5,-9.1554,4,PT,PRT,hdd_octmar,0.0571063284525793,Natural gas
EC-Earth3,-8.5,-8.4726,15,PT,PRT,hdd_octmar,0.0555780615405607,Natural gas
EC-Earth3,-7.5,-7.5562,20,PT,PRT,hdd_octmar,0.0429355958515958,Natural gas
EC-Earth3,-6.5,-6.4767,21,PT,PRT,hdd_octmar,0.0417101221945926,Natural gas
EC-Earth3,-5.5,-5.3342,8,PT,PRT,hdd_octmar,0.0330164508796611,Natural gas
EC-Earth3,-4.5,-4.5495,8,PT,PRT,hdd_octmar,0.0411286731758162,Natural gas
EC-Earth3,-3.5,-3.3459,9,PT,PRT,hdd_octmar,0.0425277383795113,Natural gas
EC-Earth3,-2.5,-2.4493,5,PT,PRT,hdd_octmar,0.0199352945534136,Natural gas
EC-Earth3,-1.5,-1.3807,6,PT,PRT,hdd_octmar,0.011980833908145,Natural gas
EC-Earth3,-0.5,-0.6596,3,PT,PRT,hdd_octmar,0.0113015949847321,Natural gas
HadGEM3-GC3-1LL,-8.5,-8.3848,12,PT,PRT,hdd_octmar,0.0557924057694045,Natural gas
HadGEM3-GC3-1LL,-7.5,-7.5599,19,PT,PRT,hdd_octmar,0.0481298682418226,Natural gas
HadGEM3-GC3-1LL,-6.5,-6.5442,24,PT,PRT,hdd_octmar,0.0471194001147934,Natural gas
HadGEM3-GC3-1LL,-5.5,-5.5797,10,PT,PRT,hdd_octmar,0.0370577860806095,Natural gas
HadGEM3-GC3-1LL,-4.5,-4.5263,6,PT,PRT,hdd_octmar,0.0335220155937409,Natural gas
HadGEM3-GC3-1LL,-3.5,-3.7835,7,PT,PRT,hdd_octmar,0.0353185641080397,Natural gas
HadGEM3-GC3-1LL,-2.5,-2.4504,6,PT,PRT,hdd_octmar,0.0360128889634865,Natural gas
HadGEM3-GC3-1LL,-1.5,-1.3098,8,PT,PRT,hdd_octmar,0.0114588193284502,Natural gas
HadGEM3-GC3-1LL,-0.5,-0.331,6,PT,PRT,hdd_octmar,0.00111677228371762,Natural gas
HadGEM3-GC3-1MM,-14.5,-14.3032,4,PT,PRT,hdd_octmar,0.102491797003845,Natural gas
HadGEM3-GC3-1MM,-13.5,-13.3931,8,PT,PRT,hdd_octmar,0.10309895410406,Natural gas
HadGEM3-GC3-1MM,-12.5,-12.588,13,PT,PRT,hdd_octmar,0.0974246184245889,Natural gas
HadGEM3-GC3-1MM,-11.5,-11.5321,21,PT,PRT,hdd_octmar,0.09164724376276,Natural gas
HadGEM3-GC3-1MM,-10.5,-10.4803,10,PT,PRT,hdd_octmar,0.0760249138495469,Natural gas
HadGEM3-GC3-1MM,-9.5,-9.6161,7,PT,PRT,hdd_octmar,0.0759746549636476,Natural gas
HadGEM3-GC3-1MM,-8.5,-8.6582,7,PT,PRT,hdd_octmar,0.0474852649651069,Natural gas
HadGEM3-GC3-1MM,-7.5,-7.6345,8,PT,PRT,hdd_octmar,0.0539668013366951,Natural gas
HadGEM3-GC3-1MM,-6.5,-6.4299,4,PT,PRT,hdd_octmar,0.0446205498001642,Natural gas
HadGEM3-GC3-1MM,-5.5,-5.3528,4,PT,PRT,hdd_octmar,0.031747455342023,Natural gas
HadGEM3-GC3-1MM,-4.5,-4.3969,4,PT,PRT,hdd_octmar,0.00687145605051463,Natural gas
IPSL-CM6A-LR,-9.5,-9.3401,5,PT,PRT,hdd_octmar,0.0677410839100908,Natural gas
IPSL-CM6A-LR,-8.5,-8.4598,8,PT,PRT,hdd_octmar,0.0726807966964902,Natural gas
IPSL-CM6A-LR,-7.5,-7.5255,19,PT,PRT,hdd_octmar,0.0606413136443557,Natural gas
IPSL-CM6A-LR,-6.5,-6.5577,11,PT,PRT,hdd_octmar,0.0590897771988163,Natural gas
IPSL-CM6A-LR,-5.5,-5.5623,13,PT,PRT,hdd_octmar,0.0481780192303693,Natural gas
IPSL-CM6A-LR,-4.5,-4.3507,11,PT,PRT,hdd_octmar,0.0333850022658162,Natural gas
IPSL-CM6A-LR,-3.5,-3.4644,8,PT,PRT,hdd_octmar,0.0367572660482294,Natural gas
IPSL-CM6A-LR,-2.5,-2.5669,9,PT,PRT,hdd_octmar,0.0271111557804486,Natural gas
IPSL-CM6A-LR,-1.5,-1.2909,6,PT,PRT,hdd_octmar,0.0216372356747654,Natural gas
IPSL-CM6A-LR,-0.5,-0.6347,8,PT,PRT,hdd_octmar,0.00909400648665939,Natural gas
EC-Earth3,-9.5,-9.1554,4,RO,ROU,hdd_octmar,0.0236259334987238,Natural gas
EC-Earth3,-8.5,-8.4726,15,RO,ROU,hdd_octmar,0.0749102907945026,Natural gas
EC-Earth3,-7.5,-7.5562,20,RO,ROU,hdd_octmar,0.0484639906378838,Natural gas
EC-Earth3,-6.5,-6.4767,21,RO,ROU,hdd_octmar,0.0391769668838313,Natural gas
EC-Earth3,-5.5,-5.3342,8,RO,ROU,hdd_octmar,0.0374249735331834,Natural gas
EC-Earth3,-4.5,-4.5495,8,RO,ROU,hdd_octmar,0.0375803379674727,Natural gas
EC-Earth3,-3.5,-3.3459,9,RO,ROU,hdd_octmar,0.0492642889994539,Natural gas
EC-Earth3,-2.5,-2.4493,5,RO,ROU,hdd_octmar,0.0434609169369419,Natural gas
EC-Earth3,-1.5,-1.3807,6,RO,ROU,hdd_octmar,0.0172262744733253,Natural gas
EC-Earth3,-0.5,-0.6596,3,RO,ROU,hdd_octmar,-0.0241078153660763,Natural gas
HadGEM3-GC3-1LL,-8.5,-8.3848,12,RO,ROU,hdd_octmar,0.0583868554286762,Natural gas
HadGEM3-GC3-1LL,-7.5,-7.5599,19,RO,ROU,hdd_octmar,0.0309430651797095,Natural gas
HadGEM3-GC3-1LL,-6.5,-6.5442,24,RO,ROU,hdd_octmar,0.0526403965946867,Natural gas
HadGEM3-GC3-1LL,-5.5,-5.5797,10,RO,ROU,hdd_octmar,0.0264416297173864,Natural gas
HadGEM3-GC3-1LL,-4.5,-4.5263,6,RO,ROU,hdd_octmar,0.0419929110904178,Natural gas
HadGEM3-GC3-1LL,-3.5,-3.7835,7,RO,ROU,hdd_octmar,0.0462561128205666,Natural gas
HadGEM3-GC3-1LL,-2.5,-2.4504,6,RO,ROU,hdd_octmar,0.0186446414037597,Natural gas
HadGEM3-GC3-1LL,-1.5,-1.3098,8,RO,ROU,hdd_octmar,0.0078496857474439,Natural gas
HadGEM3-GC3-1LL,-0.5,-0.331,6,RO,ROU,hdd_octmar,0.00689712280063264,Natural gas
HadGEM3-GC3-1MM,-14.5,-14.3032,4,RO,ROU,hdd_octmar,0.123291536128463,Natural gas
HadGEM3-GC3-1MM,-13.5,-13.3931,8,RO,ROU,hdd_octmar,0.149795658802659,Natural gas
HadGEM3-GC3-1MM,-12.5,-12.588,13,RO,ROU,hdd_octmar,0.111555424969833,Natural gas
HadGEM3-GC3-1MM,-11.5,-11.5321,21,RO,ROU,hdd_octmar,0.118884418739843,Natural gas
HadGEM3-GC3-1MM,-10.5,-10.4803,10,RO,ROU,hdd_octmar,0.113035954206512,Natural gas
HadGEM3-GC3-1MM,-9.5,-9.6161,7,RO,ROU,hdd_octmar,0.0782459350268279,Natural gas
HadGEM3-GC3-1MM,-8.5,-8.6582,7,RO,ROU,hdd_octmar,0.0803120464143468,Natural gas
HadGEM3-GC3-1MM,-7.5,-7.6345,8,RO,ROU,hdd_octmar,0.0591029205587801,Natural gas
HadGEM3-GC3-1MM,-6.5,-6.4299,4,RO,ROU,hdd_octmar,0.0379879474516334,Natural gas
HadGEM3-GC3-1MM,-5.5,-5.3528,4,RO,ROU,hdd_octmar,0.0362886928661233,Natural gas
HadGEM3-GC3-1MM,-4.5,-4.3969,4,RO,ROU,hdd_octmar,0.0317771725615638,Natural gas
IPSL-CM6A-LR,-9.5,-9.3401,5,RO,ROU,hdd_octmar,0.0894348195001723,Natural gas
IPSL-CM6A-LR,-8.5,-8.4598,8,RO,ROU,hdd_octmar,0.0693944607296895,Natural gas
IPSL-CM6A-LR,-7.5,-7.5255,19,RO,ROU,hdd_octmar,0.063021501737425,Natural gas
IPSL-CM6A-LR,-6.5,-6.5577,11,RO,ROU,hdd_octmar,0.0893667468150767,Natural gas
IPSL-CM6A-LR,-5.5,-5.5623,13,RO,ROU,hdd_octmar,0.037943681607227,Natural gas
IPSL-CM6A-LR,-4.5,-4.3507,11,RO,ROU,hdd_octmar,0.010776852537875,Natural gas
IPSL-CM6A-LR,-3.5,-3.4644,8,RO,ROU,hdd_octmar,0.0115394567350206,Natural gas
IPSL-CM6A-LR,-2.5,-2.5669,9,RO,ROU,hdd_octmar,0.0133161248840911,Natural gas
IPSL-CM6A-LR,-1.5,-1.2909,6,RO,ROU,hdd_octmar,0.0266877164004824,Natural gas
IPSL-CM6A-LR,-0.5,-0.6347,8,RO,ROU,hdd_octmar,0.00158497348393794,Natural gas
EC-Earth3,-9.5,-9.1554,4,SE,SWE,hdd_octmar,0.038357821440049,Natural gas
EC-Earth3,-8.5,-8.4726,15,SE,SWE,hdd_octmar,0.0774628304946445,Natural gas
EC-Earth3,-7.5,-7.5562,20,SE,SWE,hdd_octmar,0.0577570487647499,Natural gas
EC-Earth3,-6.5,-6.4767,21,SE,SWE,hdd_octmar,0.0319883342787183,Natural gas
EC-Earth3,-5.5,-5.3342,8,SE,SWE,hdd_octmar,0.039045905266079,Natural gas
EC-Earth3,-4.5,-4.5495,8,SE,SWE,hdd_octmar,0.0534906231915911,Natural gas
EC-Earth3,-3.5,-3.3459,9,SE,SWE,hdd_octmar,0.0778399787954929,Natural gas
EC-Earth3,-2.5,-2.4493,5,SE,SWE,hdd_octmar,0.0661035783176183,Natural gas
EC-Earth3,-1.5,-1.3807,6,SE,SWE,hdd_octmar,0.0284452894794168,Natural gas
EC-Earth3,-0.5,-0.6596,3,SE,SWE,hdd_octmar,0.0100500412644045,Natural gas
HadGEM3-GC3-1LL,-8.5,-8.3848,12,SE,SWE,hdd_octmar,0.0494195707711019,Natural gas
HadGEM3-GC3-1LL,-7.5,-7.5599,19,SE,SWE,hdd_octmar,0.0335423506034962,Natural gas
HadGEM3-GC3-1LL,-6.5,-6.5442,24,SE,SWE,hdd_octmar,0.0606679723461691,Natural gas
HadGEM3-GC3-1LL,-5.5,-5.5797,10,SE,SWE,hdd_octmar,0.039008376426937,Natural gas
HadGEM3-GC3-1LL,-4.5,-4.5263,6,SE,SWE,hdd_octmar,0.0329058069343054,Natural gas
HadGEM3-GC3-1LL,-3.5,-3.7835,7,SE,SWE,hdd_octmar,0.0311561281376134,Natural gas
HadGEM3-GC3-1LL,-2.5,-2.4504,6,SE,SWE,hdd_octmar,0.00449544242083016,Natural gas
HadGEM3-GC3-1LL,-1.5,-1.3098,8,SE,SWE,hdd_octmar,0.00852913132745995,Natural gas
HadGEM3-GC3-1LL,-0.5,-0.331,6,SE,SWE,hdd_octmar,-0.00857054531074216,Natural gas
HadGEM3-GC3-1MM,-14.5,-14.3032,4,SE,SWE,hdd_octmar,0.183341274580486,Natural gas
HadGEM3-GC3-1MM,-13.5,-13.3931,8,SE,SWE,hdd_octmar,0.235221505525945,Natural gas
HadGEM3-GC3-1MM,-12.5,-12.588,13,SE,SWE,hdd_octmar,0.240227596413293,Natural gas
HadGEM3-GC3-1MM,-11.5,-11.5321,21,SE,SWE,hdd_octmar,0.19785642107637,Natural gas
HadGEM3-GC3-1MM,-10.5,-10.4803,10,SE,SWE,hdd_octmar,0.175422441533609,Natural gas
HadGEM3-GC3-1MM,-9.5,-9.6161,7,SE,SWE,hdd_octmar,0.123132575869278,Natural gas
HadGEM3-GC3-1MM,-8.5,-8.6582,7,SE,SWE,hdd_octmar,0.123509848164089,Natural gas
HadGEM3-GC3-1MM,-7.5,-7.6345,8,SE,SWE,hdd_octmar,0.0908871607761735,Natural gas
HadGEM3-GC3-1MM,-6.5,-6.4299,4,SE,SWE,hdd_octmar,0.0569140551489577,Natural gas
HadGEM3-GC3-1MM,-5.5,-5.3528,4,SE,SWE,hdd_octmar,0.0581174992120593,Natural gas
HadGEM3-GC3-1MM,-4.5,-4.3969,4,SE,SWE,hdd_octmar,0.0323576296286449,Natural gas
IPSL-CM6A-LR,-9.5,-9.3401,5,SE,SWE,hdd_octmar,0.188249988876404,Natural gas
IPSL-CM6A-LR,-8.5,-8.4598,8,SE,SWE,hdd_octmar,0.183388929593185,Natural gas
IPSL-CM6A-LR,-7.5,-7.5255,19,SE,SWE,hdd_octmar,0.157524781087793,Natural gas
IPSL-CM6A-LR,-6.5,-6.5577,11,SE,SWE,hdd_octmar,0.182261617822704,Natural gas
IPSL-CM6A-LR,-5.5,-5.5623,13,SE,SWE,hdd_octmar,0.0827776663471808,Natural gas
IPSL-CM6A-LR,-4.5,-4.3507,11,SE,SWE,hdd_octmar,0.0465591127321852,Natural gas
IPSL-CM6A-LR,-3.5,-3.4644,8,SE,SWE,hdd_octmar,0.0543346914217199,Natural gas
IPSL-CM6A-LR,-2.5,-2.5669,9,SE,SWE,hdd_octmar,0.0488586220873633,Natural gas
IPSL-CM6A-LR,-1.5,-1.2909,6,SE,SWE,hdd_octmar,0.0522829220024634,Natural gas
IPSL-CM6A-LR,-0.5,-0.6347,8,SE,SWE,hdd_octmar,0.0120455587562687,Natural gas
EC-Earth3,-9.5,-9.1554,4,SI,SVN,hdd_octmar,0.0345743936798999,Natural gas
EC-Earth3,-8.5,-8.4726,15,SI,SVN,hdd_octmar,0.06572514874583,Natural gas
EC-Earth3,-7.5,-7.5562,20,SI,SVN,hdd_octmar,0.0445160642215839,Natural gas
EC-Earth3,-6.5,-6.4767,21,SI,SVN,hdd_octmar,0.042217216167536,Natural gas
EC-Earth3,-5.5,-5.3342,8,SI,SVN,hdd_octmar,0.0254072307557061,Natural gas
EC-Earth3,-4.5,-4.5495,8,SI,SVN,hdd_octmar,0.0444738236118889,Natural gas
EC-Earth3,-3.5,-3.3459,9,SI,SVN,hdd_octmar,0.0441945892096388,Natural gas
EC-Earth3,-2.5,-2.4493,5,SI,SVN,hdd_octmar,0.0343546350480522,Natural gas
EC-Earth3,-1.5,-1.3807,6,SI,SVN,hdd_octmar,0.00785249627724747,Natural gas
EC-Earth3,-0.5,-0.6596,3,SI,SVN,hdd_octmar,-0.0124005121379329,Natural gas
HadGEM3-GC3-1LL,-8.5,-8.3848,12,SI,SVN,hdd_octmar,0.0608415225615404,Natural gas
HadGEM3-GC3-1LL,-7.5,-7.5599,19,SI,SVN,hdd_octmar,0.0362404592149354,Natural gas
HadGEM3-GC3-1LL,-6.5,-6.5442,24,SI,SVN,hdd_octmar,0.0575362155185654,Natural gas
HadGEM3-GC3-1LL,-5.5,-5.5797,10,SI,SVN,hdd_octmar,0.0312002699880579,Natural gas
HadGEM3-GC3-1LL,-4.5,-4.5263,6,SI,SVN,hdd_octmar,0.0457913007886388,Natural gas
HadGEM3-GC3-1LL,-3.5,-3.7835,7,SI,SVN,hdd_octmar,0.0400391382324009,Natural gas
HadGEM3-GC3-1LL,-2.5,-2.4504,6,SI,SVN,hdd_octmar,0.0275812995527391,Natural gas
HadGEM3-GC3-1LL,-1.5,-1.3098,8,SI,SVN,hdd_octmar,0.0137331992406787,Natural gas
HadGEM3-GC3-1LL,-0.5,-0.331,6,SI,SVN,hdd_octmar,0.00716267653575054,Natural gas
HadGEM3-GC3-1MM,-14.5,-14.3032,4,SI,SVN,hdd_octmar,0.115792298648734,Natural gas
HadGEM3-GC3-1MM,-13.5,-13.3931,8,SI,SVN,hdd_octmar,0.131093236212643,Natural gas
HadGEM3-GC3-1MM,-12.5,-12.588,13,SI,SVN,hdd_octmar,0.111910585008101,Natural gas
HadGEM3-GC3-1MM,-11.5,-11.5321,21,SI,SVN,hdd_octmar,0.112334644357876,Natural gas
HadGEM3-GC3-1MM,-10.5,-10.4803,10,SI,SVN,hdd_octmar,0.0999677759149453,Natural gas
HadGEM3-GC3-1MM,-9.5,-9.6161,7,SI,SVN,hdd_octmar,0.0833962722232135,Natural gas
HadGEM3-GC3-1MM,-8.5,-8.6582,7,SI,SVN,hdd_octmar,0.0643229836930868,Natural gas
HadGEM3-GC3-1MM,-7.5,-7.6345,8,SI,SVN,hdd_octmar,0.0445529317595956,Natural gas
HadGEM3-GC3-1MM,-6.5,-6.4299,4,SI,SVN,hdd_octmar,0.0402597234906615,Natural gas
HadGEM3-GC3-1MM,-5.5,-5.3528,4,SI,SVN,hdd_octmar,0.0274362679486101,Natural gas
HadGEM3-GC3-1MM,-4.5,-4.3969,4,SI,SVN,hdd_octmar,0.0128052284296488,Natural gas
IPSL-CM6A-LR,-9.5,-9.3401,5,SI,SVN,hdd_octmar,0.0769034937324109,Natural gas
IPSL-CM6A-LR,-8.5,-8.4598,8,SI,SVN,hdd_octmar,0.0671708770105287,Natural gas
IPSL-CM6A-LR,-7.5,-7.5255,19,SI,SVN,hdd_octmar,0.0529488935719505,Natural gas
IPSL-CM6A-LR,-6.5,-6.5577,11,SI,SVN,hdd_octmar,0.0792557005214063,Natural gas
IPSL-CM6A-LR,-5.5,-5.5623,13,SI,SVN,hdd_octmar,0.0379865008554109,Natural gas
IPSL-CM6A-LR,-4.5,-4.3507,11,SI,SVN,hdd_octmar,0.0143578808208455,Natural gas
IPSL-CM6A-LR,-3.5,-3.4644,8,SI,SVN,hdd_octmar,0.0157428933755227,Natural gas
IPSL-CM6A-LR,-2.5,-2.5669,9,SI,SVN,hdd_octmar,0.00698499318831523,Natural gas
IPSL-CM6A-LR,-1.5,-1.2909,6,SI,SVN,hdd_octmar,0.0306749902340325,Natural gas
IPSL-CM6A-LR,-0.5,-0.6347,8,SI,SVN,hdd_octmar,-0.00737367292762245,Natural gas
EC-Earth3,-9.5,-9.1554,4,SK,SVK,hdd_octmar,0.0367712773659267,Natural gas
EC-Earth3,-8.5,-8.4726,15,SK,SVK,hdd_octmar,0.081041089579132,Natural gas
EC-Earth3,-7.5,-7.5562,20,SK,SVK,hdd_octmar,0.052566124211495,Natural gas
EC-Earth3,-6.5,-6.4767,21,SK,SVK,hdd_octmar,0.0417846838970288,Natural gas
EC-Earth3,-5.5,-5.3342,8,SK,SVK,hdd_octmar,0.0333054394735824,Natural gas
EC-Earth3,-4.5,-4.5495,8,SK,SVK,hdd_octmar,0.0408259625834421,Natural gas
EC-Earth3,-3.5,-3.3459,9,SK,SVK,hdd_octmar,0.0456974373594633,Natural gas
EC-Earth3,-2.5,-2.4493,5,SK,SVK,hdd_octmar,0.0398555858374346,Natural gas
EC-Earth3,-1.5,-1.3807,6,SK,SVK,hdd_octmar,0.010618470917179,Natural gas
EC-Earth3,-0.5,-0.6596,3,SK,SVK,hdd_octmar,-0.0145136998996618,Natural gas
HadGEM3-GC3-1LL,-8.5,-8.3848,12,SK,SVK,hdd_octmar,0.0623961588561279,Natural gas
HadGEM3-GC3-1LL,-7.5,-7.5599,19,SK,SVK,hdd_octmar,0.033248278257136,Natural gas
HadGEM3-GC3-1LL,-6.5,-6.5442,24,SK,SVK,hdd_octmar,0.0614912095906949,Natural gas
HadGEM3-GC3-1LL,-5.5,-5.5797,10,SK,SVK,hdd_octmar,0.0347302954213575,Natural gas
HadGEM3-GC3-1LL,-4.5,-4.5263,6,SK,SVK,hdd_octmar,0.0439824768721097,Natural gas
HadGEM3-GC3-1LL,-3.5,-3.7835,7,SK,SVK,hdd_octmar,0.0466683514126391,Natural gas
HadGEM3-GC3-1LL,-2.5,-2.4504,6,SK,SVK,hdd_octmar,0.0232560595103082,Natural gas
HadGEM3-GC3-1LL,-1.5,-1.3098,8,SK,SVK,hdd_octmar,0.0121375622760153,Natural gas
HadGEM3-GC3-1LL,-0.5,-0.331,6,SK,SVK,hdd_octmar,0.00167813428066257,Natural gas
HadGEM3-GC3-1MM,-14.5,-14.3032,4,SK,SVK,hdd_octmar,0.124927801781317,Natural gas
HadGEM3-GC3-1MM,-13.5,-13.3931,8,SK,SVK,hdd_octmar,0.160062730831749,Natural gas
HadGEM3-GC3-1MM,-12.5,-12.588,13,SK,SVK,hdd_octmar,0.127903284885577,Natural gas
HadGEM3-GC3-1MM,-11.5,-11.5321,21,SK,SVK,hdd_octmar,0.123290254857523,Natural gas
HadGEM3-GC3-1MM,-10.5,-10.4803,10,SK,SVK,hdd_octmar,0.117942147291871,Natural gas
HadGEM3-GC3-1MM,-9.5,-9.6161,7,SK,SVK,hdd_octmar,0.088170453070446,Natural gas
HadGEM3-GC3-1MM,-8.5,-8.6582,7,SK,SVK,hdd_octmar,0.0748061771978082,Natural gas
HadGEM3-GC3-1MM,-7.5,-7.6345,8,SK,SVK,hdd_octmar,0.0500179243000204,Natural gas
HadGEM3-GC3-1MM,-6.5,-6.4299,4,SK,SVK,hdd_octmar,0.0478468313580736,Natural gas
HadGEM3-GC3-1MM,-5.5,-5.3528,4,SK,SVK,hdd_octmar,0.0310247358692959,Natural gas
HadGEM3-GC3-1MM,-4.5,-4.3969,4,SK,SVK,hdd_octmar,0.0277229006572549,Natural gas
IPSL-CM6A-LR,-9.5,-9.3401,5,SK,SVK,hdd_octmar,0.0936551193194959,Natural gas
IPSL-CM6A-LR,-8.5,-8.4598,8,SK,SVK,hdd_octmar,0.086754690013212,Natural gas
IPSL-CM6A-LR,-7.5,-7.5255,19,SK,SVK,hdd_octmar,0.0697177129884221,Natural gas
IPSL-CM6A-LR,-6.5,-6.5577,11,SK,SVK,hdd_octmar,0.0980806291458016,Natural gas
IPSL-CM6A-LR,-5.5,-5.5623,13,SK,SVK,hdd_octmar,0.0476456718205143,Natural gas
IPSL-CM6A-LR,-4.5,-4.3507,11,SK,SVK,hdd_octmar,0.0178772014420991,Natural gas
IPSL-CM6A-LR,-3.5,-3.4644,8,SK,SVK,hdd_octmar,0.0169462134446624,Natural gas
IPSL-CM6A-LR,-2.5,-2.5669,9,SK,SVK,hdd_octmar,0.0167258761743256,Natural gas
IPSL-CM6A-LR,-1.5,-1.2909,6,SK,SVK,hdd_octmar,0.0352347441897799,Natural gas
IPSL-CM6A-LR,-0.5,-0.6347,8,SK,SVK,hdd_octmar,-0.00546329795627854,Natural gas
EC-Earth3,-9.5,-9.1554,4,UK,GBR,hdd_octmar,0.0924266698074065,Natural gas
EC-Earth3,-8.5,-8.4726,15,UK,GBR,hdd_octmar,0.103532726314186,Natural gas
EC-Earth3,-7.5,-7.5562,20,UK,GBR,hdd_octmar,0.0817075984557874,Natural gas
EC-Earth3,-6.5,-6.4767,21,UK,GBR,hdd_octmar,0.0697192009159652,Natural gas
EC-Earth3,-5.5,-5.3342,8,UK,GBR,hdd_octmar,0.0656570760607344,Natural gas
EC-Earth3,-4.5,-4.5495,8,UK,GBR,hdd_octmar,0.0818183663951051,Natural gas
EC-Earth3,-3.5,-3.3459,9,UK,GBR,hdd_octmar,0.0646194532560441,Natural gas
EC-Earth3,-2.5,-2.4493,5,UK,GBR,hdd_octmar,0.0505983813671015,Natural gas
EC-Earth3,-1.5,-1.3807,6,UK,GBR,hdd_octmar,0.0233705885998042,Natural gas
EC-Earth3,-0.5,-0.6596,3,UK,GBR,hdd_octmar,0.026039269310947,Natural gas
HadGEM3-GC3-1LL,-8.5,-8.3848,12,UK,GBR,hdd_octmar,0.0775484689910125,Natural gas
HadGEM3-GC3-1LL,-7.5,-7.5599,19,UK,GBR,hdd_octmar,0.0721253864097175,Natural gas
HadGEM3-GC3-1LL,-6.5,-6.5442,24,UK,GBR,hdd_octmar,0.0638683391660368,Natural gas
HadGEM3-GC3-1LL,-5.5,-5.5797,10,UK,GBR,hdd_octmar,0.053145671989522,Natural gas
HadGEM3-GC3-1LL,-4.5,-4.5263,6,UK,GBR,hdd_octmar,0.0468280556355956,Natural gas
HadGEM3-GC3-1LL,-3.5,-3.7835,7,UK,GBR,hdd_octmar,0.0581574252677984,Natural gas
HadGEM3-GC3-1LL,-2.5,-2.4504,6,UK,GBR,hdd_octmar,0.0521898438683801,Natural gas
HadGEM3-GC3-1LL,-1.5,-1.3098,8,UK,GBR,hdd_octmar,0.0324774491271829,Natural gas
HadGEM3-GC3-1LL,-0.5,-0.331,6,UK,GBR,hdd_octmar,0.00877050624000292,Natural gas
HadGEM3-GC3-1MM,-14.5,-14.3032,4,UK,GBR,hdd_octmar,0.170996105080891,Natural gas
HadGEM3-GC3-1MM,-13.5,-13.3931,8,UK,GBR,hdd_octmar,0.174458099160416,Natural gas
HadGEM3-GC3-1MM,-12.5,-12.588,13,UK,GBR,hdd_octmar,0.185392837343139,Natural gas
HadGEM3-GC3-1MM,-11.5,-11.5321,21,UK,GBR,hdd_octmar,0.167878979540794,Natural gas
HadGEM3-GC3-1MM,-10.5,-10.4803,10,UK,GBR,hdd_octmar,0.128566528587902,Natural gas
HadGEM3-GC3-1MM,-9.5,-9.6161,7,UK,GBR,hdd_octmar,0.114126439770302,Natural gas
HadGEM3-GC3-1MM,-8.5,-8.6582,7,UK,GBR,hdd_octmar,0.0960912700207129,Natural gas
HadGEM3-GC3-1MM,-7.5,-7.6345,8,UK,GBR,hdd_octmar,0.0794247456228276,Natural gas
HadGEM3-GC3-1MM,-6.5,-6.4299,4,UK,GBR,hdd_octmar,0.0533121132177429,Natural gas
HadGEM3-GC3-1MM,-5.5,-5.3528,4,UK,GBR,hdd_octmar,0.0343612480593547,Natural gas
HadGEM3-GC3-1MM,-4.5,-4.3969,4,UK,GBR,hdd_octmar,0.0279454698189062,Natural gas
IPSL-CM6A-LR,-9.5,-9.3401,5,UK,GBR,hdd_octmar,0.130831484959024,Natural gas
IPSL-CM6A-LR,-8.5,-8.4598,8,UK,GBR,hdd_octmar,0.147615596964133,Natural gas
IPSL-CM6A-LR,-7.5,-7.5255,19,UK,GBR,hdd_octmar,0.117151644453293,Natural gas
IPSL-CM6A-LR,-6.5,-6.5577,11,UK,GBR,hdd_octmar,0.136152975154184,Natural gas
IPSL-CM6A-LR,-5.5,-5.5623,13,UK,GBR,hdd_octmar,0.0874064436083986,Natural gas
IPSL-CM6A-LR,-4.5,-4.3507,11,UK,GBR,hdd_octmar,0.0521959609038349,Natural gas
IPSL-CM6A-LR,-3.5,-3.4644,8,UK,GBR,hdd_octmar,0.0632747387389919,Natural gas
IPSL-CM6A-LR,-2.5,-2.5669,9,UK,GBR,hdd_octmar,0.0396416135904766,Natural gas
IPSL-CM6A-LR,-1.5,-1.2909,6,UK,GBR,hdd_octmar,0.0341123508464551,Natural gas
IPSL-CM6A-LR,-0.5,-0.6347,8,UK,GBR,hdd_octmar,0.0120506425087075,Natural gas
