model,bin_id,delta_sv,n_years,cntr,crop,component,dln
EC-Earth3,-4.5,-4.5546,8,CZ,Soft wheat,gdd,0.000571263181467552
EC-Earth3,-3.5,-3.4737,8,CZ,Soft wheat,gdd,0.000268424101475291
EC-Earth3,-2.5,-2.5448,11,CZ,Soft wheat,gdd,0.000534188818367856
IPSL-CM6A-LR,-5.5,-5.3985,4,CZ,Soft wheat,gdd,-2.03033063719077e-05
IPSL-CM6A-LR,-4.5,-4.3046,12,CZ,Soft wheat,gdd,0.00061291176983409
IPSL-CM6A-LR,-3.5,-3.5013,7,CZ,Soft wheat,gdd,0.000803407878583596
IPSL-CM6A-LR,-2.5,-2.2964,6,CZ,Soft wheat,gdd,0.000412773789872816
EC-Earth3,-4.5,-4.5546,8,DE,Soft wheat,gdd,0.000293246599545877
EC-Earth3,-3.5,-3.4737,8,DE,Soft wheat,gdd,0.000177746415960587
EC-Earth3,-2.5,-2.5448,11,DE,Soft wheat,gdd,0.000367823389482979
IPSL-CM6A-LR,-5.5,-5.3985,4,DE,Soft wheat,gdd,-0.000232012876262129
IPSL-CM6A-LR,-4.5,-4.3046,12,DE,Soft wheat,gdd,0.000282947845195761
IPSL-CM6A-LR,-3.5,-3.5013,7,DE,Soft wheat,gdd,0.00054136906355068
IPSL-CM6A-LR,-2.5,-2.2964,6,DE,Soft wheat,gdd,0.000228764850449081
EC-Earth3,-4.5,-4.5546,8,DK,Soft wheat,gdd,0.000388823525449725
EC-Earth3,-3.5,-3.4737,8,DK,Soft wheat,gdd,7.55986711658906e-05
EC-Earth3,-2.5,-2.5448,11,DK,Soft wheat,gdd,-2.24206839935441e-06
IPSL-CM6A-LR,-5.5,-5.3985,4,DK,Soft wheat,gdd,-0.000135803881935679
IPSL-CM6A-LR,-4.5,-4.3046,12,DK,Soft wheat,gdd,-4.5095437046328e-05
IPSL-CM6A-LR,-3.5,-3.5013,7,DK,Soft wheat,gdd,0.000335476696641567
IPSL-CM6A-LR,-2.5,-2.2964,6,DK,Soft wheat,gdd,5.42350590497677e-05
EC-Earth3,-4.5,-4.5546,8,EE,Soft wheat,gdd,0.000389263435998953
EC-Earth3,-3.5,-3.4737,8,EE,Soft wheat,gdd,0.000458771726252549
EC-Earth3,-2.5,-2.5448,11,EE,Soft wheat,gdd,0.000211472692859682
IPSL-CM6A-LR,-5.5,-5.3985,4,EE,Soft wheat,gdd,0.0008216316293351
IPSL-CM6A-LR,-4.5,-4.3046,12,EE,Soft wheat,gdd,0.000562216552186363
IPSL-CM6A-LR,-3.5,-3.5013,7,EE,Soft wheat,gdd,0.000574626228130845
IPSL-CM6A-LR,-2.5,-2.2964,6,EE,Soft wheat,gdd,0.000631854312624451
EC-Earth3,-4.5,-4.5546,8,EL,Soft wheat,gdd,0.000261318233407008
EC-Earth3,-3.5,-3.4737,8,EL,Soft wheat,gdd,0.000668447717583274
EC-Earth3,-2.5,-2.5448,11,EL,Soft wheat,gdd,0.000453454740934128
IPSL-CM6A-LR,-5.5,-5.3985,4,EL,Soft wheat,gdd,0.000264082789450503
IPSL-CM6A-LR,-4.5,-4.3046,12,EL,Soft wheat,gdd,0.000578434180510477
IPSL-CM6A-LR,-3.5,-3.5013,7,EL,Soft wheat,gdd,0.000495989768233564
IPSL-CM6A-LR,-2.5,-2.2964,6,EL,Soft wheat,gdd,0.000276404110926398
EC-Earth3,-4.5,-4.5546,8,ES,Soft wheat,gdd,0.000502527815725143
EC-Earth3,-3.5,-3.4737,8,ES,Soft wheat,gdd,0.000386378954623249
EC-Earth3,-2.5,-2.5448,11,ES,Soft wheat,gdd,0.000503102772375893
IPSL-CM6A-LR,-5.5,-5.3985,4,ES,Soft wheat,gdd,0.000184421813976852
IPSL-CM6A-LR,-4.5,-4.3046,12,ES,Soft wheat,gdd,0.000306134632475484
IPSL-CM6A-LR,-3.5,-3.5013,7,ES,Soft wheat,gdd,0.000584542212432855
IPSL-CM6A-LR,-2.5,-2.2964,6,ES,Soft wheat,gdd,0.000176110514001684
EC-Earth3,-4.5,-4.5546,8,FI,Soft wheat,gdd,0.000522326694401471
EC-Earth3,-3.5,-3.4737,8,FI,Soft wheat,gdd,0.000627058910086196
EC-Earth3,-2.5,-2.5448,11,FI,Soft wheat,gdd,0.000657796175791552
IPSL-CM6A-LR,-5.5,-5.3985,4,FI,Soft wheat,gdd,0.000607848449655653
IPSL-CM6A-LR,-4.5,-4.3046,12,FI,Soft wheat,gdd,0.000514739799055645
IPSL-CM6A-LR,-3.5,-3.5013,7,FI,Soft wheat,gdd,0.000666200869323415
IPSL-CM6A-LR,-2.5,-2.2964,6,FI,Soft wheat,gdd,0.000800529177798368
EC-Earth3,-4.5,-4.5546,8,FR,Soft wheat,gdd,0.000444678710266424
EC-Earth3,-3.5,-3.4737,8,FR,Soft wheat,gdd,0.000193361107254227
EC-Earth3,-2.5,-2.5448,11,FR,Soft wheat,gdd,0.000323413799178706
IPSL-CM6A-LR,-5.5,-5.3985,4,FR,Soft wheat,gdd,-0.00012056875813431
IPSL-CM6A-LR,-4.5,-4.3046,12,FR,Soft wheat,gdd,0.000262127377702228
IPSL-CM6A-LR,-3.5,-3.5013,7,FR,Soft wheat,gdd,0.000346231733149555
IPSL-CM6A-LR,-2.5,-2.2964,6,FR,Soft wheat,gdd,2.71348371801548e-05
EC-Earth3,-4.5,-4.5546,8,HU,Soft wheat,gdd,0.000744090626873577
EC-Earth3,-3.5,-3.4737,8,HU,Soft wheat,gdd,0.00061969314853175
EC-Earth3,-2.5,-2.5448,11,HU,Soft wheat,gdd,0.000758153167909544
IPSL-CM6A-LR,-5.5,-5.3985,4,HU,Soft wheat,gdd,2.60370089592609e-06
IPSL-CM6A-LR,-4.5,-4.3046,12,HU,Soft wheat,gdd,0.000740653059826946
IPSL-CM6A-LR,-3.5,-3.5013,7,HU,Soft wheat,gdd,0.0007736439809272
IPSL-CM6A-LR,-2.5,-2.2964,6,HU,Soft wheat,gdd,0.000616993882659442
EC-Earth3,-4.5,-4.5546,8,IT,Soft wheat,gdd,0.00049996356162734
EC-Earth3,-3.5,-3.4737,8,IT,Soft wheat,gdd,0.000718653322161072
EC-Earth3,-2.5,-2.5448,11,IT,Soft wheat,gdd,0.000729596102005654
IPSL-CM6A-LR,-5.5,-5.3985,4,IT,Soft wheat,gdd,2.10149585874288e-06
IPSL-CM6A-LR,-4.5,-4.3046,12,IT,Soft wheat,gdd,0.000466094653862717
IPSL-CM6A-LR,-3.5,-3.5013,7,IT,Soft wheat,gdd,0.000487418217413407
IPSL-CM6A-LR,-2.5,-2.2964,6,IT,Soft wheat,gdd,0.000352477954833378
EC-Earth3,-4.5,-4.5546,8,LT,Soft wheat,gdd,0.000163329933462305
EC-Earth3,-3.5,-3.4737,8,LT,Soft wheat,gdd,4.7951689524564e-05
EC-Earth3,-2.5,-2.5448,11,LT,Soft wheat,gdd,5.80691036689985e-05
IPSL-CM6A-LR,-5.5,-5.3985,4,LT,Soft wheat,gdd,0.000390576085413448
IPSL-CM6A-LR,-4.5,-4.3046,12,LT,Soft wheat,gdd,0.000171912761782656
IPSL-CM6A-LR,-3.5,-3.5013,7,LT,Soft wheat,gdd,0.000440570928902873
IPSL-CM6A-LR,-2.5,-2.2964,6,LT,Soft wheat,gdd,0.000122907164470097
EC-Earth3,-4.5,-4.5546,8,LV,Soft wheat,gdd,-0.000247701181875367
EC-Earth3,-3.5,-3.4737,8,LV,Soft wheat,gdd,0.000242319266139878
EC-Earth3,-2.5,-2.5448,11,LV,Soft wheat,gdd,6.71346440931089e-05
IPSL-CM6A-LR,-5.5,-5.3985,4,LV,Soft wheat,gdd,0.000414144797644955
IPSL-CM6A-LR,-4.5,-4.3046,12,LV,Soft wheat,gdd,0.000108372067365272
IPSL-CM6A-LR,-3.5,-3.5013,7,LV,Soft wheat,gdd,0.000264210873300905
IPSL-CM6A-LR,-2.5,-2.2964,6,LV,Soft wheat,gdd,0.00016687911801518
EC-Earth3,-4.5,-4.5546,8,RO,Soft wheat,gdd,0.000634674675755566
EC-Earth3,-3.5,-3.4737,8,RO,Soft wheat,gdd,0.000778943433348408
EC-Earth3,-2.5,-2.5448,11,RO,Soft wheat,gdd,0.000711194214589003
IPSL-CM6A-LR,-5.5,-5.3985,4,RO,Soft wheat,gdd,0.000392870368720698
IPSL-CM6A-LR,-4.5,-4.3046,12,RO,Soft wheat,gdd,0.00076515665531763
IPSL-CM6A-LR,-3.5,-3.5013,7,RO,Soft wheat,gdd,0.000690590686317421
IPSL-CM6A-LR,-2.5,-2.2964,6,RO,Soft wheat,gdd,0.00059378320237975
EC-Earth3,-4.5,-4.5546,8,SE,Soft wheat,gdd,5.76825273358853e-06
EC-Earth3,-3.5,-3.4737,8,SE,Soft wheat,gdd,9.23183599990121e-06
EC-Earth3,-2.5,-2.5448,11,SE,Soft wheat,gdd,0.000335918803679443
IPSL-CM6A-LR,-5.5,-5.3985,4,SE,Soft wheat,gdd,2.506104454074e-05
IPSL-CM6A-LR,-4.5,-4.3046,12,SE,Soft wheat,gdd,0.000338378488855513
IPSL-CM6A-LR,-3.5,-3.5013,7,SE,Soft wheat,gdd,0.000324330454660113
IPSL-CM6A-LR,-2.5,-2.2964,6,SE,Soft wheat,gdd,0.000191514868873289
EC-Earth3,-4.5,-4.5546,8,SK,Soft wheat,gdd,0.000670735502542918
EC-Earth3,-3.5,-3.4737,8,SK,Soft wheat,gdd,0.000822829765844973
EC-Earth3,-2.5,-2.5448,11,SK,Soft wheat,gdd,0.00094643630782264
IPSL-CM6A-LR,-5.5,-5.3985,4,SK,Soft wheat,gdd,0.000519961136317203
IPSL-CM6A-LR,-4.5,-4.3046,12,SK,Soft wheat,gdd,0.000855935853820709
IPSL-CM6A-LR,-3.5,-3.5013,7,SK,Soft wheat,gdd,0.000761049511042831
IPSL-CM6A-LR,-2.5,-2.2964,6,SK,Soft wheat,gdd,0.000615275418119504
EC-Earth3,-4.5,-4.5546,8,EL,Durum wheat,gdd,0.000742220009196138
EC-Earth3,-3.5,-3.4737,8,EL,Durum wheat,gdd,0.00226165116685023
EC-Earth3,-2.5,-2.5448,11,EL,Durum wheat,gdd,0.00134899209351624
IPSL-CM6A-LR,-5.5,-5.3985,4,EL,Durum wheat,gdd,0.000518028496496298
IPSL-CM6A-LR,-4.5,-4.3046,12,EL,Durum wheat,gdd,0.00200388600129706
IPSL-CM6A-LR,-3.5,-3.5013,7,EL,Durum wheat,gdd,0.00160841285890745
IPSL-CM6A-LR,-2.5,-2.2964,6,EL,Durum wheat,gdd,0.00100729928697907
EC-Earth3,-4.5,-4.5546,8,ES,Durum wheat,gdd,0.000146956103438214
EC-Earth3,-3.5,-3.4737,8,ES,Durum wheat,gdd,0.00142677546569191
EC-Earth3,-2.5,-2.5448,11,ES,Durum wheat,gdd,0.00102308542520923
IPSL-CM6A-LR,-5.5,-5.3985,4,ES,Durum wheat,gdd,0.000279516575539317
IPSL-CM6A-LR,-4.5,-4.3046,12,ES,Durum wheat,gdd,-6.53538065402145e-06
IPSL-CM6A-LR,-3.5,-3.5013,7,ES,Durum wheat,gdd,0.0010219667248471
IPSL-CM6A-LR,-2.5,-2.2964,6,ES,Durum wheat,gdd,0.000199380737337139
EC-Earth3,-4.5,-4.5546,8,FR,Durum wheat,gdd,0.00181425175219635
EC-Earth3,-3.5,-3.4737,8,FR,Durum wheat,gdd,0.00115403438545204
EC-Earth3,-2.5,-2.5448,11,FR,Durum wheat,gdd,0.00155088284902542
IPSL-CM6A-LR,-5.5,-5.3985,4,FR,Durum wheat,gdd,-0.000400366722018123
IPSL-CM6A-LR,-4.5,-4.3046,12,FR,Durum wheat,gdd,0.00113606892535354
IPSL-CM6A-LR,-3.5,-3.5013,7,FR,Durum wheat,gdd,0.00125825373975607
IPSL-CM6A-LR,-2.5,-2.2964,6,FR,Durum wheat,gdd,0.000322089579345087
EC-Earth3,-4.5,-4.5546,8,HU,Durum wheat,gdd,0.00221562897462014
EC-Earth3,-3.5,-3.4737,8,HU,Durum wheat,gdd,0.00244658376843462
EC-Earth3,-2.5,-2.5448,11,HU,Durum wheat,gdd,0.00254520410749735
IPSL-CM6A-LR,-5.5,-5.3985,4,HU,Durum wheat,gdd,8.75965623339927e-06
IPSL-CM6A-LR,-4.5,-4.3046,12,HU,Durum wheat,gdd,0.00246403305187437
IPSL-CM6A-LR,-3.5,-3.5013,7,HU,Durum wheat,gdd,0.00196215117549977
IPSL-CM6A-LR,-2.5,-2.2964,6,HU,Durum wheat,gdd,0.00194448659483226
EC-Earth3,-4.5,-4.5546,8,IT,Durum wheat,gdd,0.00113330417564972
EC-Earth3,-3.5,-3.4737,8,IT,Durum wheat,gdd,0.00129018817775968
EC-Earth3,-2.5,-2.5448,11,IT,Durum wheat,gdd,0.00154238782303116
IPSL-CM6A-LR,-5.5,-5.3985,4,IT,Durum wheat,gdd,-0.000574659162212579
IPSL-CM6A-LR,-4.5,-4.3046,12,IT,Durum wheat,gdd,0.00112132250334494
IPSL-CM6A-LR,-3.5,-3.5013,7,IT,Durum wheat,gdd,0.00162029035706093
IPSL-CM6A-LR,-2.5,-2.2964,6,IT,Durum wheat,gdd,0.00120713682577534
EC-Earth3,-4.5,-4.5546,8,RO,Durum wheat,gdd,0.00176790571593931
EC-Earth3,-3.5,-3.4737,8,RO,Durum wheat,gdd,0.00234009920852325
EC-Earth3,-2.5,-2.5448,11,RO,Durum wheat,gdd,0.00164321255150576
IPSL-CM6A-LR,-5.5,-5.3985,4,RO,Durum wheat,gdd,0.000875378270770545
IPSL-CM6A-LR,-4.5,-4.3046,12,RO,Durum wheat,gdd,0.00215821174145024
IPSL-CM6A-LR,-3.5,-3.5013,7,RO,Durum wheat,gdd,0.00163052846854336
IPSL-CM6A-LR,-2.5,-2.2964,6,RO,Durum wheat,gdd,0.00148614089775057
EC-Earth3,-4.5,-4.5546,8,SK,Durum wheat,gdd,0.00212594826194466
EC-Earth3,-3.5,-3.4737,8,SK,Durum wheat,gdd,0.00238012837121732
EC-Earth3,-2.5,-2.5448,11,SK,Durum wheat,gdd,0.00336961038826602
IPSL-CM6A-LR,-5.5,-5.3985,4,SK,Durum wheat,gdd,0.00203008199675439
IPSL-CM6A-LR,-4.5,-4.3046,12,SK,Durum wheat,gdd,0.00299463286711863
IPSL-CM6A-LR,-3.5,-3.5013,7,SK,Durum wheat,gdd,0.00187626234433133
IPSL-CM6A-LR,-2.5,-2.2964,6,SK,Durum wheat,gdd,0.00187527003402478
EC-Earth3,-4.5,-4.5546,8,CZ,Spring barley,gdd,-0.000737798352992729
EC-Earth3,-3.5,-3.4737,8,CZ,Spring barley,gdd,-0.000304424267065252
EC-Earth3,-2.5,-2.5448,11,CZ,Spring barley,gdd,-0.000688344877696222
IPSL-CM6A-LR,-5.5,-5.3985,4,CZ,Spring barley,gdd,2.5141766124493e-05
IPSL-CM6A-LR,-4.5,-4.3046,12,CZ,Spring barley,gdd,-0.000787354819080732
IPSL-CM6A-LR,-3.5,-3.5013,7,CZ,Spring barley,gdd,-0.00104860994490474
IPSL-CM6A-LR,-2.5,-2.2964,6,CZ,Spring barley,gdd,-0.000490833256914321
EC-Earth3,-4.5,-4.5546,8,DE,Spring barley,gdd,-0.000409946153175985
EC-Earth3,-3.5,-3.4737,8,DE,Spring barley,gdd,-0.000256479100161417
EC-Earth3,-2.5,-2.5448,11,DE,Spring barley,gdd,-0.000570427847684884
IPSL-CM6A-LR,-5.5,-5.3985,4,DE,Spring barley,gdd,0.000283985085780932
IPSL-CM6A-LR,-4.5,-4.3046,12,DE,Spring barley,gdd,-0.000459992069721184
IPSL-CM6A-LR,-3.5,-3.5013,7,DE,Spring barley,gdd,-0.000724747775606529
IPSL-CM6A-LR,-2.5,-2.2964,6,DE,Spring barley,gdd,-0.000311810391006453
EC-Earth3,-4.5,-4.5546,8,DK,Spring barley,gdd,-0.000366916394191213
EC-Earth3,-3.5,-3.4737,8,DK,Spring barley,gdd,-4.12142324031813e-05
EC-Earth3,-2.5,-2.5448,11,DK,Spring barley,gdd,1.31162851236793e-05
IPSL-CM6A-LR,-5.5,-5.3985,4,DK,Spring barley,gdd,7.20443052701342e-05
IPSL-CM6A-LR,-4.5,-4.3046,12,DK,Spring barley,gdd,6.45787270685792e-05
IPSL-CM6A-LR,-3.5,-3.5013,7,DK,Spring barley,gdd,-0.000427466978080373
IPSL-CM6A-LR,-2.5,-2.2964,6,DK,Spring barley,gdd,2.81403484081868e-06
EC-Earth3,-4.5,-4.5546,8,EE,Spring barley,gdd,-0.000451926950811057
EC-Earth3,-3.5,-3.4737,8,EE,Spring barley,gdd,-0.00053652966468051
EC-Earth3,-2.5,-2.5448,11,EE,Spring barley,gdd,-0.000285179964138606
IPSL-CM6A-LR,-5.5,-5.3985,4,EE,Spring barley,gdd,-0.00103007549617636
IPSL-CM6A-LR,-4.5,-4.3046,12,EE,Spring barley,gdd,-0.000700356116057702
IPSL-CM6A-LR,-3.5,-3.5013,7,EE,Spring barley,gdd,-0.000721004343142964
IPSL-CM6A-LR,-2.5,-2.2964,6,EE,Spring barley,gdd,-0.000806597686740525
EC-Earth3,-4.5,-4.5546,8,ES,Spring barley,gdd,-0.000634093242594559
EC-Earth3,-3.5,-3.4737,8,ES,Spring barley,gdd,-0.000410834210268546
EC-Earth3,-2.5,-2.5448,11,ES,Spring barley,gdd,-0.000691439951318489
IPSL-CM6A-LR,-5.5,-5.3985,4,ES,Spring barley,gdd,-0.000187209755575722
IPSL-CM6A-LR,-4.5,-4.3046,12,ES,Spring barley,gdd,-0.000288778218835757
IPSL-CM6A-LR,-3.5,-3.5013,7,ES,Spring barley,gdd,-0.000625287700807302
IPSL-CM6A-LR,-2.5,-2.2964,6,ES,Spring barley,gdd,-0.000288579242980456
EC-Earth3,-4.5,-4.5546,8,FI,Spring barley,gdd,-0.000514242567729727
EC-Earth3,-3.5,-3.4737,8,FI,Spring barley,gdd,-0.000620363849104947
EC-Earth3,-2.5,-2.5448,11,FI,Spring barley,gdd,-0.00074980005650084
IPSL-CM6A-LR,-5.5,-5.3985,4,FI,Spring barley,gdd,-0.00080126412732742
IPSL-CM6A-LR,-4.5,-4.3046,12,FI,Spring barley,gdd,-0.000624332205221524
IPSL-CM6A-LR,-3.5,-3.5013,7,FI,Spring barley,gdd,-0.000800780281176732
IPSL-CM6A-LR,-2.5,-2.2964,6,FI,Spring barley,gdd,-0.000859754841628133
EC-Earth3,-4.5,-4.5546,8,FR,Spring barley,gdd,-0.000408760883248118
EC-Earth3,-3.5,-3.4737,8,FR,Spring barley,gdd,-0.000318622783191223
EC-Earth3,-2.5,-2.5448,11,FR,Spring barley,gdd,-0.000539970001655774
IPSL-CM6A-LR,-5.5,-5.3985,4,FR,Spring barley,gdd,0.000297204073504793
IPSL-CM6A-LR,-4.5,-4.3046,12,FR,Spring barley,gdd,-0.000265267581993873
IPSL-CM6A-LR,-3.5,-3.5013,7,FR,Spring barley,gdd,-0.000356478398211569
IPSL-CM6A-LR,-2.5,-2.2964,6,FR,Spring barley,gdd,3.79067798991686e-05
EC-Earth3,-4.5,-4.5546,8,HU,Spring barley,gdd,-0.000867065188433637
EC-Earth3,-3.5,-3.4737,8,HU,Spring barley,gdd,-0.000835025828110873
EC-Earth3,-2.5,-2.5448,11,HU,Spring barley,gdd,-0.00103997013676449
IPSL-CM6A-LR,-5.5,-5.3985,4,HU,Spring barley,gdd,-4.10289051806589e-05
IPSL-CM6A-LR,-4.5,-4.3046,12,HU,Spring barley,gdd,-0.000959438272893276
IPSL-CM6A-LR,-3.5,-3.5013,7,HU,Spring barley,gdd,-0.000977368895639603
IPSL-CM6A-LR,-2.5,-2.2964,6,HU,Spring barley,gdd,-0.000901925962621078
EC-Earth3,-4.5,-4.5546,8,LT,Spring barley,gdd,-0.000222010213867301
EC-Earth3,-3.5,-3.4737,8,LT,Spring barley,gdd,-6.76443750322734e-05
EC-Earth3,-2.5,-2.5448,11,LT,Spring barley,gdd,-0.000138181484919648
IPSL-CM6A-LR,-5.5,-5.3985,4,LT,Spring barley,gdd,-0.000527154654095447
IPSL-CM6A-LR,-4.5,-4.3046,12,LT,Spring barley,gdd,-0.00023255147878577
IPSL-CM6A-LR,-3.5,-3.5013,7,LT,Spring barley,gdd,-0.000537490762137266
IPSL-CM6A-LR,-2.5,-2.2964,6,LT,Spring barley,gdd,-0.000156203839821233
EC-Earth3,-4.5,-4.5546,8,LV,Spring barley,gdd,0.000229111698738587
EC-Earth3,-3.5,-3.4737,8,LV,Spring barley,gdd,-0.00020097413950614
EC-Earth3,-2.5,-2.5448,11,LV,Spring barley,gdd,-8.38137814275014e-05
IPSL-CM6A-LR,-5.5,-5.3985,4,LV,Spring barley,gdd,-0.000493023613513853
IPSL-CM6A-LR,-4.5,-4.3046,12,LV,Spring barley,gdd,-0.000162541854248048
IPSL-CM6A-LR,-3.5,-3.5013,7,LV,Spring barley,gdd,-0.000314218088091868
IPSL-CM6A-LR,-2.5,-2.2964,6,LV,Spring barley,gdd,-6.73925173538352e-05
EC-Earth3,-4.5,-4.5546,8,SE,Spring barley,gdd,-0.000121134354791214
EC-Earth3,-3.5,-3.4737,8,SE,Spring barley,gdd,-5.58631362675825e-05
EC-Earth3,-2.5,-2.5448,11,SE,Spring barley,gdd,-0.000402266184081728
IPSL-CM6A-LR,-5.5,-5.3985,4,SE,Spring barley,gdd,-0.000142676334592269
IPSL-CM6A-LR,-4.5,-4.3046,12,SE,Spring barley,gdd,-0.000427064051807048
IPSL-CM6A-LR,-3.5,-3.5013,7,SE,Spring barley,gdd,-0.000437081826180085
IPSL-CM6A-LR,-2.5,-2.2964,6,SE,Spring barley,gdd,-0.000246043768644158
EC-Earth3,-4.5,-4.5546,8,SK,Spring barley,gdd,-0.00086930708068462
EC-Earth3,-3.5,-3.4737,8,SK,Spring barley,gdd,-0.00103578390011351
EC-Earth3,-2.5,-2.5448,11,SK,Spring barley,gdd,-0.00132138663681597
IPSL-CM6A-LR,-5.5,-5.3985,4,SK,Spring barley,gdd,-0.000693955223097358
IPSL-CM6A-LR,-4.5,-4.3046,12,SK,Spring barley,gdd,-0.00113676388198147
IPSL-CM6A-LR,-3.5,-3.5013,7,SK,Spring barley,gdd,-0.000950328766688483
IPSL-CM6A-LR,-2.5,-2.2964,6,SK,Spring barley,gdd,-0.0008112257355215
EC-Earth3,-4.5,-4.5546,8,CZ,Winter barley,gdd,0.000102581302176686
EC-Earth3,-3.5,-3.4737,8,CZ,Winter barley,gdd,4.6607666216069e-05
EC-Earth3,-2.5,-2.5448,11,CZ,Winter barley,gdd,9.47049979432557e-05
IPSL-CM6A-LR,-5.5,-5.3985,4,CZ,Winter barley,gdd,-1.2588200110853e-06
IPSL-CM6A-LR,-4.5,-4.3046,12,CZ,Winter barley,gdd,0.000104560497327853
IPSL-CM6A-LR,-3.5,-3.5013,7,CZ,Winter barley,gdd,0.000142152307860482
IPSL-CM6A-LR,-2.5,-2.2964,6,CZ,Winter barley,gdd,7.39874981318178e-05
EC-Earth3,-4.5,-4.5546,8,DE,Winter barley,gdd,5.45955158619408e-05
EC-Earth3,-3.5,-3.4737,8,DE,Winter barley,gdd,3.16123831552663e-05
EC-Earth3,-2.5,-2.5448,11,DE,Winter barley,gdd,6.93807574475219e-05
IPSL-CM6A-LR,-5.5,-5.3985,4,DE,Winter barley,gdd,-4.27777917920494e-05
IPSL-CM6A-LR,-4.5,-4.3046,12,DE,Winter barley,gdd,5.18726459312308e-05
IPSL-CM6A-LR,-3.5,-3.5013,7,DE,Winter barley,gdd,9.91075658270486e-05
IPSL-CM6A-LR,-2.5,-2.2964,6,DE,Winter barley,gdd,4.30110415870841e-05
EC-Earth3,-4.5,-4.5546,8,DK,Winter barley,gdd,7.85472770936473e-05
EC-Earth3,-3.5,-3.4737,8,DK,Winter barley,gdd,2.64984339722745e-05
EC-Earth3,-2.5,-2.5448,11,DK,Winter barley,gdd,9.84389710167146e-06
IPSL-CM6A-LR,-5.5,-5.3985,4,DK,Winter barley,gdd,-1.25458236692529e-05
IPSL-CM6A-LR,-4.5,-4.3046,12,DK,Winter barley,gdd,2.72488812750256e-06
IPSL-CM6A-LR,-3.5,-3.5013,7,DK,Winter barley,gdd,7.95579328361316e-05
IPSL-CM6A-LR,-2.5,-2.2964,6,DK,Winter barley,gdd,2.27168882763947e-05
EC-Earth3,-4.5,-4.5546,8,EE,Winter barley,gdd,5.33277647097658e-05
EC-Earth3,-3.5,-3.4737,8,EE,Winter barley,gdd,7.23907694308135e-05
EC-Earth3,-2.5,-2.5448,11,EE,Winter barley,gdd,4.50849071731302e-05
IPSL-CM6A-LR,-5.5,-5.3985,4,EE,Winter barley,gdd,0.000145977260000689
IPSL-CM6A-LR,-4.5,-4.3046,12,EE,Winter barley,gdd,9.34683568967264e-05
IPSL-CM6A-LR,-3.5,-3.5013,7,EE,Winter barley,gdd,9.4835981825855e-05
IPSL-CM6A-LR,-2.5,-2.2964,6,EE,Winter barley,gdd,0.000109171665653388
EC-Earth3,-4.5,-4.5546,8,EL,Winter barley,gdd,2.88992976866737e-05
EC-Earth3,-3.5,-3.4737,8,EL,Winter barley,gdd,0.00010749615160676
EC-Earth3,-2.5,-2.5448,11,EL,Winter barley,gdd,8.23482920111532e-05
IPSL-CM6A-LR,-5.5,-5.3985,4,EL,Winter barley,gdd,4.09111657612766e-05
IPSL-CM6A-LR,-4.5,-4.3046,12,EL,Winter barley,gdd,7.6792121704722e-05
IPSL-CM6A-LR,-3.5,-3.5013,7,EL,Winter barley,gdd,7.54243178272854e-05
IPSL-CM6A-LR,-2.5,-2.2964,6,EL,Winter barley,gdd,6.14841836914561e-05
EC-Earth3,-4.5,-4.5546,8,ES,Winter barley,gdd,5.74528778400373e-05
EC-Earth3,-3.5,-3.4737,8,ES,Winter barley,gdd,1.23619732512076e-05
EC-Earth3,-2.5,-2.5448,11,ES,Winter barley,gdd,9.10585898316303e-05
IPSL-CM6A-LR,-5.5,-5.3985,4,ES,Winter barley,gdd,3.2882484797314e-05
IPSL-CM6A-LR,-4.5,-4.3046,12,ES,Winter barley,gdd,2.90996239915544e-05
IPSL-CM6A-LR,-3.5,-3.5013,7,ES,Winter barley,gdd,9.18774044519667e-05
IPSL-CM6A-LR,-2.5,-2.2964,6,ES,Winter barley,gdd,4.90855433502682e-06
EC-Earth3,-4.5,-4.5546,8,FR,Winter barley,gdd,7.963647122225e-05
EC-Earth3,-3.5,-3.4737,8,FR,Winter barley,gdd,4.06903877827533e-05
EC-Earth3,-2.5,-2.5448,11,FR,Winter barley,gdd,6.50824840523089e-05
IPSL-CM6A-LR,-5.5,-5.3985,4,FR,Winter barley,gdd,-2.52032179972031e-05
IPSL-CM6A-LR,-4.5,-4.3046,12,FR,Winter barley,gdd,4.50637210130416e-05
IPSL-CM6A-LR,-3.5,-3.5013,7,FR,Winter barley,gdd,6.02722350799352e-05
IPSL-CM6A-LR,-2.5,-2.2964,6,FR,Winter barley,gdd,9.13206600889986e-06
EC-Earth3,-4.5,-4.5546,8,HU,Winter barley,gdd,0.000138627219523956
EC-Earth3,-3.5,-3.4737,8,HU,Winter barley,gdd,0.000124796820084292
EC-Earth3,-2.5,-2.5448,11,HU,Winter barley,gdd,0.000143185904261221
IPSL-CM6A-LR,-5.5,-5.3985,4,HU,Winter barley,gdd,-2.56914461352935e-06
IPSL-CM6A-LR,-4.5,-4.3046,12,HU,Winter barley,gdd,0.000141136558159598
IPSL-CM6A-LR,-3.5,-3.5013,7,HU,Winter barley,gdd,0.000133563168728092
IPSL-CM6A-LR,-2.5,-2.2964,6,HU,Winter barley,gdd,0.00011425320209021
EC-Earth3,-4.5,-4.5546,8,IT,Winter barley,gdd,7.29184006976841e-05
EC-Earth3,-3.5,-3.4737,8,IT,Winter barley,gdd,0.000106035042434647
EC-Earth3,-2.5,-2.5448,11,IT,Winter barley,gdd,0.000109824159402638
IPSL-CM6A-LR,-5.5,-5.3985,4,IT,Winter barley,gdd,-4.86657682958554e-06
IPSL-CM6A-LR,-4.5,-4.3046,12,IT,Winter barley,gdd,7.43082773645823e-05
IPSL-CM6A-LR,-3.5,-3.5013,7,IT,Winter barley,gdd,9.17810607244389e-05
IPSL-CM6A-LR,-2.5,-2.2964,6,IT,Winter barley,gdd,5.87541717288259e-05
EC-Earth3,-4.5,-4.5546,8,LT,Winter barley,gdd,3.11715923994805e-05
EC-Earth3,-3.5,-3.4737,8,LT,Winter barley,gdd,1.10627573867657e-05
EC-Earth3,-2.5,-2.5448,11,LT,Winter barley,gdd,1.81752756069021e-05
IPSL-CM6A-LR,-5.5,-5.3985,4,LT,Winter barley,gdd,7.83809301348507e-05
IPSL-CM6A-LR,-4.5,-4.3046,12,LT,Winter barley,gdd,3.30947914113614e-05
IPSL-CM6A-LR,-3.5,-3.5013,7,LT,Winter barley,gdd,8.32511531525898e-05
IPSL-CM6A-LR,-2.5,-2.2964,6,LT,Winter barley,gdd,1.87087851067457e-05
EC-Earth3,-4.5,-4.5546,8,LV,Winter barley,gdd,-4.69361721650708e-05
EC-Earth3,-3.5,-3.4737,8,LV,Winter barley,gdd,3.28116648125711e-05
EC-Earth3,-2.5,-2.5448,11,LV,Winter barley,gdd,8.45335277489208e-06
IPSL-CM6A-LR,-5.5,-5.3985,4,LV,Winter barley,gdd,6.10950292995577e-05
IPSL-CM6A-LR,-4.5,-4.3046,12,LV,Winter barley,gdd,1.73119336608554e-05
IPSL-CM6A-LR,-3.5,-3.5013,7,LV,Winter barley,gdd,3.78740448151168e-05
IPSL-CM6A-LR,-2.5,-2.2964,6,LV,Winter barley,gdd,1.49846949017969e-05
EC-Earth3,-4.5,-4.5546,8,SE,Winter barley,gdd,1.81900979402834e-05
EC-Earth3,-3.5,-3.4737,8,SE,Winter barley,gdd,-6.58599315992745e-06
EC-Earth3,-2.5,-2.5448,11,SE,Winter barley,gdd,5.16949771677796e-05
IPSL-CM6A-LR,-5.5,-5.3985,4,SE,Winter barley,gdd,1.99336889888349e-05
IPSL-CM6A-LR,-4.5,-4.3046,12,SE,Winter barley,gdd,6.50415683487704e-05
IPSL-CM6A-LR,-3.5,-3.5013,7,SE,Winter barley,gdd,6.75286872785595e-05
IPSL-CM6A-LR,-2.5,-2.2964,6,SE,Winter barley,gdd,4.57137922571847e-05
EC-Earth3,-4.5,-4.5546,8,SK,Winter barley,gdd,0.000124314183953119
EC-Earth3,-3.5,-3.4737,8,SK,Winter barley,gdd,0.000149106947802682
EC-Earth3,-2.5,-2.5448,11,SK,Winter barley,gdd,0.000166129154806314
IPSL-CM6A-LR,-5.5,-5.3985,4,SK,Winter barley,gdd,9.37202957750432e-05
IPSL-CM6A-LR,-4.5,-4.3046,12,SK,Winter barley,gdd,0.000156279805543573
IPSL-CM6A-LR,-3.5,-3.5013,7,SK,Winter barley,gdd,0.00013910178805263
IPSL-CM6A-LR,-2.5,-2.2964,6,SK,Winter barley,gdd,0.000112974275666424
EC-Earth3,-4.5,-4.5546,8,CZ,Soft wheat,heat,-0.00626418041441168
EC-Earth3,-3.5,-3.4737,8,CZ,Soft wheat,heat,-0.0120060962541259
EC-Earth3,-2.5,-2.5448,11,CZ,Soft wheat,heat,-0.0103963605577871
IPSL-CM6A-LR,-5.5,-5.3985,4,CZ,Soft wheat,heat,-0.01055655928596
IPSL-CM6A-LR,-4.5,-4.3046,12,CZ,Soft wheat,heat,-0.0190385535855836
IPSL-CM6A-LR,-3.5,-3.5013,7,CZ,Soft wheat,heat,-0.0335685321006828
IPSL-CM6A-LR,-2.5,-2.2964,6,CZ,Soft wheat,heat,-0.0128005218637403
EC-Earth3,-4.5,-4.5546,8,DE,Soft wheat,heat,-0.00348582112232996
EC-Earth3,-3.5,-3.4737,8,DE,Soft wheat,heat,-0.0072018413942674
EC-Earth3,-2.5,-2.5448,11,DE,Soft wheat,heat,-0.00789252250429518
IPSL-CM6A-LR,-5.5,-5.3985,4,DE,Soft wheat,heat,-0.00588796434567157
IPSL-CM6A-LR,-4.5,-4.3046,12,DE,Soft wheat,heat,-0.011041929769887
IPSL-CM6A-LR,-3.5,-3.5013,7,DE,Soft wheat,heat,-0.0273679039379557
IPSL-CM6A-LR,-2.5,-2.2964,6,DE,Soft wheat,heat,-0.00774383524499677
EC-Earth3,-4.5,-4.5546,8,DK,Soft wheat,heat,-0.000479575340192891
EC-Earth3,-3.5,-3.4737,8,DK,Soft wheat,heat,-0.000994965944568167
EC-Earth3,-2.5,-2.5448,11,DK,Soft wheat,heat,-0.000813930644522168
IPSL-CM6A-LR,-5.5,-5.3985,4,DK,Soft wheat,heat,-0.00112995095117107
IPSL-CM6A-LR,-4.5,-4.3046,12,DK,Soft wheat,heat,-0.00123618032051067
IPSL-CM6A-LR,-3.5,-3.5013,7,DK,Soft wheat,heat,-0.00333501673665115
IPSL-CM6A-LR,-2.5,-2.2964,6,DK,Soft wheat,heat,-0.000750190125708031
EC-Earth3,-4.5,-4.5546,8,EE,Soft wheat,heat,-0.00381863143232614
EC-Earth3,-3.5,-3.4737,8,EE,Soft wheat,heat,-0.00424962195695915
EC-Earth3,-2.5,-2.5448,11,EE,Soft wheat,heat,-0.00322536140380739
IPSL-CM6A-LR,-5.5,-5.3985,4,EE,Soft wheat,heat,-0.0168783862281369
IPSL-CM6A-LR,-4.5,-4.3046,12,EE,Soft wheat,heat,-0.00977928196039937
IPSL-CM6A-LR,-3.5,-3.5013,7,EE,Soft wheat,heat,-0.0134649927461249
IPSL-CM6A-LR,-2.5,-2.2964,6,EE,Soft wheat,heat,-0.00597768532494895
EC-Earth3,-4.5,-4.5546,8,EL,Soft wheat,heat,-0.0387554475003914
EC-Earth3,-3.5,-3.4737,8,EL,Soft wheat,heat,-0.0492473871761234
EC-Earth3,-2.5,-2.5448,11,EL,Soft wheat,heat,-0.0497420207704171
IPSL-CM6A-LR,-5.5,-5.3985,4,EL,Soft wheat,heat,-0.02664603662356
IPSL-CM6A-LR,-4.5,-4.3046,12,EL,Soft wheat,heat,-0.0503494366382866
IPSL-CM6A-LR,-3.5,-3.5013,7,EL,Soft wheat,heat,-0.0555889388835583
IPSL-CM6A-LR,-2.5,-2.2964,6,EL,Soft wheat,heat,-0.0382838163785409
EC-Earth3,-4.5,-4.5546,8,ES,Soft wheat,heat,-0.0226317473301902
EC-Earth3,-3.5,-3.4737,8,ES,Soft wheat,heat,-0.0158767219838023
EC-Earth3,-2.5,-2.5448,11,ES,Soft wheat,heat,-0.0246122027733903
IPSL-CM6A-LR,-5.5,-5.3985,4,ES,Soft wheat,heat,-0.0120656396653178
IPSL-CM6A-LR,-4.5,-4.3046,12,ES,Soft wheat,heat,-0.014333385091727
IPSL-CM6A-LR,-3.5,-3.5013,7,ES,Soft wheat,heat,-0.0198653599086418
IPSL-CM6A-LR,-2.5,-2.2964,6,ES,Soft wheat,heat,-0.0176922725706904
EC-Earth3,-4.5,-4.5546,8,FI,Soft wheat,heat,-0.00234590515029701
EC-Earth3,-3.5,-3.4737,8,FI,Soft wheat,heat,-0.00373885087079838
EC-Earth3,-2.5,-2.5448,11,FI,Soft wheat,heat,-0.00239626080150882
IPSL-CM6A-LR,-5.5,-5.3985,4,FI,Soft wheat,heat,-0.0132267494609486
IPSL-CM6A-LR,-4.5,-4.3046,12,FI,Soft wheat,heat,-0.00816220402012027
IPSL-CM6A-LR,-3.5,-3.5013,7,FI,Soft wheat,heat,-0.0104676743096704
IPSL-CM6A-LR,-2.5,-2.2964,6,FI,Soft wheat,heat,-0.00522110470228463
EC-Earth3,-4.5,-4.5546,8,FR,Soft wheat,heat,-0.00513425133642283
EC-Earth3,-3.5,-3.4737,8,FR,Soft wheat,heat,-0.00426582616319773
EC-Earth3,-2.5,-2.5448,11,FR,Soft wheat,heat,-0.0102799490847474
IPSL-CM6A-LR,-5.5,-5.3985,4,FR,Soft wheat,heat,-0.00890790017019252
IPSL-CM6A-LR,-4.5,-4.3046,12,FR,Soft wheat,heat,-0.0103983541641552
IPSL-CM6A-LR,-3.5,-3.5013,7,FR,Soft wheat,heat,-0.0203172087192669
IPSL-CM6A-LR,-2.5,-2.2964,6,FR,Soft wheat,heat,-0.00933651502277276
EC-Earth3,-4.5,-4.5546,8,HU,Soft wheat,heat,-0.0337038957445788
EC-Earth3,-3.5,-3.4737,8,HU,Soft wheat,heat,-0.0606632533475171
EC-Earth3,-2.5,-2.5448,11,HU,Soft wheat,heat,-0.0469822765753185
IPSL-CM6A-LR,-5.5,-5.3985,4,HU,Soft wheat,heat,-0.0242645996569676
IPSL-CM6A-LR,-4.5,-4.3046,12,HU,Soft wheat,heat,-0.0468071006379524
IPSL-CM6A-LR,-3.5,-3.5013,7,HU,Soft wheat,heat,-0.0489900890830901
IPSL-CM6A-LR,-2.5,-2.2964,6,HU,Soft wheat,heat,-0.0364341943533349
EC-Earth3,-4.5,-4.5546,8,IT,Soft wheat,heat,-0.035983617570166
EC-Earth3,-3.5,-3.4737,8,IT,Soft wheat,heat,-0.0437269965479519
EC-Earth3,-2.5,-2.5448,11,IT,Soft wheat,heat,-0.0531811462697611
IPSL-CM6A-LR,-5.5,-5.3985,4,IT,Soft wheat,heat,-0.0134216246903629
IPSL-CM6A-LR,-4.5,-4.3046,12,IT,Soft wheat,heat,-0.0258454375548622
IPSL-CM6A-LR,-3.5,-3.5013,7,IT,Soft wheat,heat,-0.0380983666302929
IPSL-CM6A-LR,-2.5,-2.2964,6,IT,Soft wheat,heat,-0.0254451434246304
EC-Earth3,-4.5,-4.5546,8,LT,Soft wheat,heat,-0.00419452882066094
EC-Earth3,-3.5,-3.4737,8,LT,Soft wheat,heat,-0.00796835025212518
EC-Earth3,-2.5,-2.5448,11,LT,Soft wheat,heat,-0.00391066073074461
IPSL-CM6A-LR,-5.5,-5.3985,4,LT,Soft wheat,heat,-0.0218036308594361
IPSL-CM6A-LR,-4.5,-4.3046,12,LT,Soft wheat,heat,-0.0153364329473109
IPSL-CM6A-LR,-3.5,-3.5013,7,LT,Soft wheat,heat,-0.0220453188926711
IPSL-CM6A-LR,-2.5,-2.2964,6,LT,Soft wheat,heat,-0.00794356330264804
EC-Earth3,-4.5,-4.5546,8,LV,Soft wheat,heat,-0.00442573392661207
EC-Earth3,-3.5,-3.4737,8,LV,Soft wheat,heat,-0.00567472408552313
EC-Earth3,-2.5,-2.5448,11,LV,Soft wheat,heat,-0.00347448720057872
IPSL-CM6A-LR,-5.5,-5.3985,4,LV,Soft wheat,heat,-0.019097313753456
IPSL-CM6A-LR,-4.5,-4.3046,12,LV,Soft wheat,heat,-0.0123308416518252
IPSL-CM6A-LR,-3.5,-3.5013,7,LV,Soft wheat,heat,-0.0181898535647256
IPSL-CM6A-LR,-2.5,-2.2964,6,LV,Soft wheat,heat,-0.00689891867733133
EC-Earth3,-4.5,-4.5546,8,RO,Soft wheat,heat,-0.035107697789733
EC-Earth3,-3.5,-3.4737,8,RO,Soft wheat,heat,-0.0585476813445025
EC-Earth3,-2.5,-2.5448,11,RO,Soft wheat,heat,-0.043310239657491
IPSL-CM6A-LR,-5.5,-5.3985,4,RO,Soft wheat,heat,-0.0369862433488434
IPSL-CM6A-LR,-4.5,-4.3046,12,RO,Soft wheat,heat,-0.0633922266927308
IPSL-CM6A-LR,-3.5,-3.5013,7,RO,Soft wheat,heat,-0.0545110548058168
IPSL-CM6A-LR,-2.5,-2.2964,6,RO,Soft wheat,heat,-0.0515272080830772
EC-Earth3,-4.5,-4.5546,8,SE,Soft wheat,heat,-0.000767686148387725
EC-Earth3,-3.5,-3.4737,8,SE,Soft wheat,heat,-0.00248727821297199
EC-Earth3,-2.5,-2.5448,11,SE,Soft wheat,heat,-0.00173744875938253
IPSL-CM6A-LR,-5.5,-5.3985,4,SE,Soft wheat,heat,-0.00605265193776648
IPSL-CM6A-LR,-4.5,-4.3046,12,SE,Soft wheat,heat,-0.00478637738559591
IPSL-CM6A-LR,-3.5,-3.5013,7,SE,Soft wheat,heat,-0.0103625265243987
IPSL-CM6A-LR,-2.5,-2.2964,6,SE,Soft wheat,heat,-0.00314339832271927
EC-Earth3,-4.5,-4.5546,8,SK,Soft wheat,heat,-0.0164589788369397
EC-Earth3,-3.5,-3.4737,8,SK,Soft wheat,heat,-0.0345807253194163
EC-Earth3,-2.5,-2.5448,11,SK,Soft wheat,heat,-0.0237426349244118
IPSL-CM6A-LR,-5.5,-5.3985,4,SK,Soft wheat,heat,-0.0172449836243984
IPSL-CM6A-LR,-4.5,-4.3046,12,SK,Soft wheat,heat,-0.0300907623345253
IPSL-CM6A-LR,-3.5,-3.5013,7,SK,Soft wheat,heat,-0.0376478383660663
IPSL-CM6A-LR,-2.5,-2.2964,6,SK,Soft wheat,heat,-0.0230469112560307
EC-Earth3,-4.5,-4.5546,8,EL,Durum wheat,heat,-0.000154302977172622
EC-Earth3,-3.5,-3.4737,8,EL,Durum wheat,heat,-0.000195415638551944
EC-Earth3,-2.5,-2.5448,11,EL,Durum wheat,heat,-0.000195722666159583
IPSL-CM6A-LR,-5.5,-5.3985,4,EL,Durum wheat,heat,-0.000106050738319884
IPSL-CM6A-LR,-4.5,-4.3046,12,EL,Durum wheat,heat,-0.000197331506436543
IPSL-CM6A-LR,-3.5,-3.5013,7,EL,Durum wheat,heat,-0.000216238666704264
IPSL-CM6A-LR,-2.5,-2.2964,6,EL,Durum wheat,heat,-0.00015182390136838
EC-Earth3,-4.5,-4.5546,8,ES,Durum wheat,heat,-0.000166771501110569
EC-Earth3,-3.5,-3.4737,8,ES,Durum wheat,heat,-0.000117895824628531
EC-Earth3,-2.5,-2.5448,11,ES,Durum wheat,heat,-0.000147366322265499
IPSL-CM6A-LR,-5.5,-5.3985,4,ES,Durum wheat,heat,-9.91497162479516e-05
IPSL-CM6A-LR,-4.5,-4.3046,12,ES,Durum wheat,heat,-0.000108725724262301
IPSL-CM6A-LR,-3.5,-3.5013,7,ES,Durum wheat,heat,-8.80078720955627e-05
IPSL-CM6A-LR,-2.5,-2.2964,6,ES,Durum wheat,heat,-9.74540445519289e-05
EC-Earth3,-4.5,-4.5546,8,FR,Durum wheat,heat,-5.62895936314691e-05
EC-Earth3,-3.5,-3.4737,8,FR,Durum wheat,heat,-5.31082496513974e-05
EC-Earth3,-2.5,-2.5448,11,FR,Durum wheat,heat,-9.08443059837216e-05
IPSL-CM6A-LR,-5.5,-5.3985,4,FR,Durum wheat,heat,-3.40691001358207e-05
IPSL-CM6A-LR,-4.5,-4.3046,12,FR,Durum wheat,heat,-5.27956132517199e-05
IPSL-CM6A-LR,-3.5,-3.5013,7,FR,Durum wheat,heat,-9.39008036847637e-05
IPSL-CM6A-LR,-2.5,-2.2964,6,FR,Durum wheat,heat,-4.76605848740453e-05
EC-Earth3,-4.5,-4.5546,8,HU,Durum wheat,heat,-0.000131792535777226
EC-Earth3,-3.5,-3.4737,8,HU,Durum wheat,heat,-0.000233486256781402
EC-Earth3,-2.5,-2.5448,11,HU,Durum wheat,heat,-0.000183775618862676
IPSL-CM6A-LR,-5.5,-5.3985,4,HU,Durum wheat,heat,-8.58777067232787e-05
IPSL-CM6A-LR,-4.5,-4.3046,12,HU,Durum wheat,heat,-0.000175143235783247
IPSL-CM6A-LR,-3.5,-3.5013,7,HU,Durum wheat,heat,-0.000183714266646294
IPSL-CM6A-LR,-2.5,-2.2964,6,HU,Durum wheat,heat,-0.00013675579979746
EC-Earth3,-4.5,-4.5546,8,IT,Durum wheat,heat,-0.000117132549683194
EC-Earth3,-3.5,-3.4737,8,IT,Durum wheat,heat,-0.000140340843412722
EC-Earth3,-2.5,-2.5448,11,IT,Durum wheat,heat,-0.000160218932694339
IPSL-CM6A-LR,-5.5,-5.3985,4,IT,Durum wheat,heat,-2.36920498991204e-05
IPSL-CM6A-LR,-4.5,-4.3046,12,IT,Durum wheat,heat,-8.21438538825127e-05
IPSL-CM6A-LR,-3.5,-3.5013,7,IT,Durum wheat,heat,-0.000127408791679035
IPSL-CM6A-LR,-2.5,-2.2964,6,IT,Durum wheat,heat,-6.29840781264773e-05
EC-Earth3,-4.5,-4.5546,8,RO,Durum wheat,heat,-0.000121464610059978
EC-Earth3,-3.5,-3.4737,8,RO,Durum wheat,heat,-0.000209151985290054
EC-Earth3,-2.5,-2.5448,11,RO,Durum wheat,heat,-0.000146810199997146
IPSL-CM6A-LR,-5.5,-5.3985,4,RO,Durum wheat,heat,-0.000130448398441379
IPSL-CM6A-LR,-4.5,-4.3046,12,RO,Durum wheat,heat,-0.000219322841145111
IPSL-CM6A-LR,-3.5,-3.5013,7,RO,Durum wheat,heat,-0.000190828675601054
IPSL-CM6A-LR,-2.5,-2.2964,6,RO,Durum wheat,heat,-0.000173026491079749
EC-Earth3,-4.5,-4.5546,8,SK,Durum wheat,heat,-6.57873159423034e-05
EC-Earth3,-3.5,-3.4737,8,SK,Durum wheat,heat,-0.000140115237831492
EC-Earth3,-2.5,-2.5448,11,SK,Durum wheat,heat,-9.98610878585288e-05
IPSL-CM6A-LR,-5.5,-5.3985,4,SK,Durum wheat,heat,-5.78022116413422e-05
IPSL-CM6A-LR,-4.5,-4.3046,12,SK,Durum wheat,heat,-0.000114262878461791
IPSL-CM6A-LR,-3.5,-3.5013,7,SK,Durum wheat,heat,-0.000151286646545192
IPSL-CM6A-LR,-2.5,-2.2964,6,SK,Durum wheat,heat,-8.73000703912799e-05
EC-Earth3,-4.5,-4.5546,8,CZ,Spring barley,heat,-0.0102022912120043
EC-Earth3,-3.5,-3.4737,8,CZ,Spring barley,heat,-0.0197206326246778
EC-Earth3,-2.5,-2.5448,11,CZ,Spring barley,heat,-0.016778528418802
IPSL-CM6A-LR,-5.5,-5.3985,4,CZ,Spring barley,heat,-0.0172093626185654
IPSL-CM6A-LR,-4.5,-4.3046,12,CZ,Spring barley,heat,-0.03083738281047
IPSL-CM6A-LR,-3.5,-3.5013,7,CZ,Spring barley,heat,-0.054108105094902
IPSL-CM6A-LR,-2.5,-2.2964,6,CZ,Spring barley,heat,-0.0204935935784667
EC-Earth3,-4.5,-4.5546,8,DE,Spring barley,heat,-0.00692610309889946
EC-Earth3,-3.5,-3.4737,8,DE,Spring barley,heat,-0.012239495399436
EC-Earth3,-2.5,-2.5448,11,DE,Spring barley,heat,-0.0146846854106941
IPSL-CM6A-LR,-5.5,-5.3985,4,DE,Spring barley,heat,-0.0103836584537042
IPSL-CM6A-LR,-4.5,-4.3046,12,DE,Spring barley,heat,-0.0205358031954776
IPSL-CM6A-LR,-3.5,-3.5013,7,DE,Spring barley,heat,-0.046242562821789
IPSL-CM6A-LR,-2.5,-2.2964,6,DE,Spring barley,heat,-0.0150123241795035
EC-Earth3,-4.5,-4.5546,8,DK,Spring barley,heat,-0.000905445543821096
EC-Earth3,-3.5,-3.4737,8,DK,Spring barley,heat,-0.00162573698166608
EC-Earth3,-2.5,-2.5448,11,DK,Spring barley,heat,-0.00147889561709954
IPSL-CM6A-LR,-5.5,-5.3985,4,DK,Spring barley,heat,-0.00196527330352718
IPSL-CM6A-LR,-4.5,-4.3046,12,DK,Spring barley,heat,-0.002244767545858
IPSL-CM6A-LR,-3.5,-3.5013,7,DK,Spring barley,heat,-0.00575601365777558
IPSL-CM6A-LR,-2.5,-2.2964,6,DK,Spring barley,heat,-0.00131732264571432
EC-Earth3,-4.5,-4.5546,8,EE,Spring barley,heat,-0.00608116294927604
EC-Earth3,-3.5,-3.4737,8,EE,Spring barley,heat,-0.00681416713732801
EC-Earth3,-2.5,-2.5448,11,EE,Spring barley,heat,-0.00513592031527258
IPSL-CM6A-LR,-5.5,-5.3985,4,EE,Spring barley,heat,-0.0264916845032363
IPSL-CM6A-LR,-4.5,-4.3046,12,EE,Spring barley,heat,-0.0153483136230949
IPSL-CM6A-LR,-3.5,-3.5013,7,EE,Spring barley,heat,-0.0211349432515911
IPSL-CM6A-LR,-2.5,-2.2964,6,EE,Spring barley,heat,-0.00938445285780415
EC-Earth3,-4.5,-4.5546,8,ES,Spring barley,heat,-0.0361624604894346
EC-Earth3,-3.5,-3.4737,8,ES,Spring barley,heat,-0.0245610449096548
EC-Earth3,-2.5,-2.5448,11,ES,Spring barley,heat,-0.0410904345300999
IPSL-CM6A-LR,-5.5,-5.3985,4,ES,Spring barley,heat,-0.0168692418737321
IPSL-CM6A-LR,-4.5,-4.3046,12,ES,Spring barley,heat,-0.0219582115403012
IPSL-CM6A-LR,-3.5,-3.5013,7,ES,Spring barley,heat,-0.033806280189933
IPSL-CM6A-LR,-2.5,-2.2964,6,ES,Spring barley,heat,-0.0270272922771935
EC-Earth3,-4.5,-4.5546,8,FI,Spring barley,heat,-0.00462355334809123
EC-Earth3,-3.5,-3.4737,8,FI,Spring barley,heat,-0.00630668068599166
EC-Earth3,-2.5,-2.5448,11,FI,Spring barley,heat,-0.00425076740147588
IPSL-CM6A-LR,-5.5,-5.3985,4,FI,Spring barley,heat,-0.0213657861850008
IPSL-CM6A-LR,-4.5,-4.3046,12,FI,Spring barley,heat,-0.0136425347164134
IPSL-CM6A-LR,-3.5,-3.5013,7,FI,Spring barley,heat,-0.016487796720083
IPSL-CM6A-LR,-2.5,-2.2964,6,FI,Spring barley,heat,-0.00841103482341643
EC-Earth3,-4.5,-4.5546,8,FR,Spring barley,heat,-0.00735050748718483
EC-Earth3,-3.5,-3.4737,8,FR,Spring barley,heat,-0.00753686171928059
EC-Earth3,-2.5,-2.5448,11,FR,Spring barley,heat,-0.0175859233150304
IPSL-CM6A-LR,-5.5,-5.3985,4,FR,Spring barley,heat,-0.0133580783530677
IPSL-CM6A-LR,-4.5,-4.3046,12,FR,Spring barley,heat,-0.0182294528202996
IPSL-CM6A-LR,-3.5,-3.5013,7,FR,Spring barley,heat,-0.0374572463169859
IPSL-CM6A-LR,-2.5,-2.2964,6,FR,Spring barley,heat,-0.0163115729953961
EC-Earth3,-4.5,-4.5546,8,HU,Spring barley,heat,-0.0481258250151172
EC-Earth3,-3.5,-3.4737,8,HU,Spring barley,heat,-0.0901553065436495
EC-Earth3,-2.5,-2.5448,11,HU,Spring barley,heat,-0.0689197905932819
IPSL-CM6A-LR,-5.5,-5.3985,4,HU,Spring barley,heat,-0.0369402743113184
IPSL-CM6A-LR,-4.5,-4.3046,12,HU,Spring barley,heat,-0.070275056343158
IPSL-CM6A-LR,-3.5,-3.5013,7,HU,Spring barley,heat,-0.0766517573678223
IPSL-CM6A-LR,-2.5,-2.2964,6,HU,Spring barley,heat,-0.0546844581919295
EC-Earth3,-4.5,-4.5546,8,LT,Spring barley,heat,-0.00678175561762742
EC-Earth3,-3.5,-3.4737,8,LT,Spring barley,heat,-0.0126871630027927
EC-Earth3,-2.5,-2.5448,11,LT,Spring barley,heat,-0.00627545047846534
IPSL-CM6A-LR,-5.5,-5.3985,4,LT,Spring barley,heat,-0.0347880140025414
IPSL-CM6A-LR,-4.5,-4.3046,12,LT,Spring barley,heat,-0.024205945508338
IPSL-CM6A-LR,-3.5,-3.5013,7,LT,Spring barley,heat,-0.0351302107874814
IPSL-CM6A-LR,-2.5,-2.2964,6,LT,Spring barley,heat,-0.0125377600985552
EC-Earth3,-4.5,-4.5546,8,LV,Spring barley,heat,-0.00701237882127517
EC-Earth3,-3.5,-3.4737,8,LV,Spring barley,heat,-0.00883411431458888
EC-Earth3,-2.5,-2.5448,11,LV,Spring barley,heat,-0.00546934845864618
IPSL-CM6A-LR,-5.5,-5.3985,4,LV,Spring barley,heat,-0.0314392525420708
IPSL-CM6A-LR,-4.5,-4.3046,12,LV,Spring barley,heat,-0.0200747765508216
IPSL-CM6A-LR,-3.5,-3.5013,7,LV,Spring barley,heat,-0.0293250261770751
IPSL-CM6A-LR,-2.5,-2.2964,6,LV,Spring barley,heat,-0.0114852097604957
EC-Earth3,-4.5,-4.5546,8,SE,Spring barley,heat,-0.00185779125106643
EC-Earth3,-3.5,-3.4737,8,SE,Spring barley,heat,-0.00475832719415505
EC-Earth3,-2.5,-2.5448,11,SE,Spring barley,heat,-0.00317359851002305
IPSL-CM6A-LR,-5.5,-5.3985,4,SE,Spring barley,heat,-0.0103989361476679
IPSL-CM6A-LR,-4.5,-4.3046,12,SE,Spring barley,heat,-0.00796496041828356
IPSL-CM6A-LR,-3.5,-3.5013,7,SE,Spring barley,heat,-0.0163742735286063
IPSL-CM6A-LR,-2.5,-2.2964,6,SE,Spring barley,heat,-0.00515478829085808
EC-Earth3,-4.5,-4.5546,8,SK,Spring barley,heat,-0.0277712938554631
EC-Earth3,-3.5,-3.4737,8,SK,Spring barley,heat,-0.0584751116805187
EC-Earth3,-2.5,-2.5448,11,SK,Spring barley,heat,-0.0407455036074351
IPSL-CM6A-LR,-5.5,-5.3985,4,SK,Spring barley,heat,-0.0273405020537673
IPSL-CM6A-LR,-4.5,-4.3046,12,SK,Spring barley,heat,-0.0494688337747262
IPSL-CM6A-LR,-3.5,-3.5013,7,SK,Spring barley,heat,-0.0630174981893464
IPSL-CM6A-LR,-2.5,-2.2964,6,SK,Spring barley,heat,-0.0379353402580625
EC-Earth3,-4.5,-4.5546,8,CZ,Winter barley,heat,-0.000176822303559075
EC-Earth3,-3.5,-3.4737,8,CZ,Winter barley,heat,-0.000328660138559071
EC-Earth3,-2.5,-2.5448,11,CZ,Winter barley,heat,-0.000296189749419604
IPSL-CM6A-LR,-5.5,-5.3985,4,CZ,Winter barley,heat,-0.00030159488958666
IPSL-CM6A-LR,-4.5,-4.3046,12,CZ,Winter barley,heat,-0.00055396330014258
IPSL-CM6A-LR,-3.5,-3.5013,7,CZ,Winter barley,heat,-0.00098505042929145
IPSL-CM6A-LR,-2.5,-2.2964,6,CZ,Winter barley,heat,-0.000374042939527448
EC-Earth3,-4.5,-4.5546,8,DE,Winter barley,heat,-0.000110220103536927
EC-Earth3,-3.5,-3.4737,8,DE,Winter barley,heat,-0.000220999441729015
EC-Earth3,-2.5,-2.5448,11,DE,Winter barley,heat,-0.000243401943188614
IPSL-CM6A-LR,-5.5,-5.3985,4,DE,Winter barley,heat,-0.00018039882137672
IPSL-CM6A-LR,-4.5,-4.3046,12,DE,Winter barley,heat,-0.000340007811845742
IPSL-CM6A-LR,-3.5,-3.5013,7,DE,Winter barley,heat,-0.00082987927291223
IPSL-CM6A-LR,-2.5,-2.2964,6,DE,Winter barley,heat,-0.00023797021081062
EC-Earth3,-4.5,-4.5546,8,DK,Winter barley,heat,-1.45447926601892e-05
EC-Earth3,-3.5,-3.4737,8,DK,Winter barley,heat,-2.78233156199783e-05
EC-Earth3,-2.5,-2.5448,11,DK,Winter barley,heat,-2.70590736260804e-05
IPSL-CM6A-LR,-5.5,-5.3985,4,DK,Winter barley,heat,-3.46828243448981e-05
IPSL-CM6A-LR,-4.5,-4.3046,12,DK,Winter barley,heat,-3.92923808317115e-05
IPSL-CM6A-LR,-3.5,-3.5013,7,DK,Winter barley,heat,-0.000103154742296771
IPSL-CM6A-LR,-2.5,-2.2964,6,DK,Winter barley,heat,-2.33018379293699e-05
EC-Earth3,-4.5,-4.5546,8,EE,Winter barley,heat,-0.000107170828994436
EC-Earth3,-3.5,-3.4737,8,EE,Winter barley,heat,-0.00011988034157548
EC-Earth3,-2.5,-2.5448,11,EE,Winter barley,heat,-9.07144251937076e-05
IPSL-CM6A-LR,-5.5,-5.3985,4,EE,Winter barley,heat,-0.000466028162607316
IPSL-CM6A-LR,-4.5,-4.3046,12,EE,Winter barley,heat,-0.000270466797848658
IPSL-CM6A-LR,-3.5,-3.5013,7,EE,Winter barley,heat,-0.000369971731736087
IPSL-CM6A-LR,-2.5,-2.2964,6,EE,Winter barley,heat,-0.000165387579671887
EC-Earth3,-4.5,-4.5546,8,EL,Winter barley,heat,-0.00119404961266869
EC-Earth3,-3.5,-3.4737,8,EL,Winter barley,heat,-0.00149850171931239
EC-Earth3,-2.5,-2.5448,11,EL,Winter barley,heat,-0.00146425125973073
IPSL-CM6A-LR,-5.5,-5.3985,4,EL,Winter barley,heat,-0.000825203567523481
IPSL-CM6A-LR,-4.5,-4.3046,12,EL,Winter barley,heat,-0.00148576486648293
IPSL-CM6A-LR,-3.5,-3.5013,7,EL,Winter barley,heat,-0.00165921960282527
IPSL-CM6A-LR,-2.5,-2.2964,6,EL,Winter barley,heat,-0.001141719759748
EC-Earth3,-4.5,-4.5546,8,ES,Winter barley,heat,-0.000667138084981093
EC-Earth3,-3.5,-3.4737,8,ES,Winter barley,heat,-0.000425428575431564
EC-Earth3,-2.5,-2.5448,11,ES,Winter barley,heat,-0.000720063145787724
IPSL-CM6A-LR,-5.5,-5.3985,4,ES,Winter barley,heat,-0.000283291176512506
IPSL-CM6A-LR,-4.5,-4.3046,12,ES,Winter barley,heat,-0.000390884411818117
IPSL-CM6A-LR,-3.5,-3.5013,7,ES,Winter barley,heat,-0.00056860585594288
IPSL-CM6A-LR,-2.5,-2.2964,6,ES,Winter barley,heat,-0.000436919408672709
EC-Earth3,-4.5,-4.5546,8,FR,Winter barley,heat,-0.000162211228175138
EC-Earth3,-3.5,-3.4737,8,FR,Winter barley,heat,-0.000152510711297517
EC-Earth3,-2.5,-2.5448,11,FR,Winter barley,heat,-0.00033912556400868
IPSL-CM6A-LR,-5.5,-5.3985,4,FR,Winter barley,heat,-0.000251011726808793
IPSL-CM6A-LR,-4.5,-4.3046,12,FR,Winter barley,heat,-0.000322689191050301
IPSL-CM6A-LR,-3.5,-3.5013,7,FR,Winter barley,heat,-0.000631913557450643
IPSL-CM6A-LR,-2.5,-2.2964,6,FR,Winter barley,heat,-0.000293058195830057
EC-Earth3,-4.5,-4.5546,8,HU,Winter barley,heat,-0.00103710928998425
EC-Earth3,-3.5,-3.4737,8,HU,Winter barley,heat,-0.00185002887827913
EC-Earth3,-2.5,-2.5448,11,HU,Winter barley,heat,-0.00144800677356452
IPSL-CM6A-LR,-5.5,-5.3985,4,HU,Winter barley,heat,-0.000696661661733145
IPSL-CM6A-LR,-4.5,-4.3046,12,HU,Winter barley,heat,-0.00139397897836494
IPSL-CM6A-LR,-3.5,-3.5013,7,HU,Winter barley,heat,-0.00146055071242369
IPSL-CM6A-LR,-2.5,-2.2964,6,HU,Winter barley,heat,-0.00108817609665064
EC-Earth3,-4.5,-4.5546,8,IT,Winter barley,heat,-0.000923738045048093
EC-Earth3,-3.5,-3.4737,8,IT,Winter barley,heat,-0.00111372336421636
EC-Earth3,-2.5,-2.5448,11,IT,Winter barley,heat,-0.00133761282645457
IPSL-CM6A-LR,-5.5,-5.3985,4,IT,Winter barley,heat,-0.000266152628056541
IPSL-CM6A-LR,-4.5,-4.3046,12,IT,Winter barley,heat,-0.000667182046370898
IPSL-CM6A-LR,-3.5,-3.5013,7,IT,Winter barley,heat,-0.00104032977048576
IPSL-CM6A-LR,-2.5,-2.2964,6,IT,Winter barley,heat,-0.000593504794481966
EC-Earth3,-4.5,-4.5546,8,LT,Winter barley,heat,-0.000124398719092775
EC-Earth3,-3.5,-3.4737,8,LT,Winter barley,heat,-0.000235036049210068
EC-Earth3,-2.5,-2.5448,11,LT,Winter barley,heat,-0.000114376297497442
IPSL-CM6A-LR,-5.5,-5.3985,4,LT,Winter barley,heat,-0.000649468192763763
IPSL-CM6A-LR,-4.5,-4.3046,12,LT,Winter barley,heat,-0.000453815928365276
IPSL-CM6A-LR,-3.5,-3.5013,7,LT,Winter barley,heat,-0.000655326885607872
IPSL-CM6A-LR,-2.5,-2.2964,6,LT,Winter barley,heat,-0.000234918470925105
EC-Earth3,-4.5,-4.5546,8,LV,Winter barley,heat,-0.000129562614752419
EC-Earth3,-3.5,-3.4737,8,LV,Winter barley,heat,-0.000167059246648546
EC-Earth3,-2.5,-2.5448,11,LV,Winter barley,heat,-0.000101616792431038
IPSL-CM6A-LR,-5.5,-5.3985,4,LV,Winter barley,heat,-0.00053811266188593
IPSL-CM6A-LR,-4.5,-4.3046,12,LV,Winter barley,heat,-0.000346394403447312
IPSL-CM6A-LR,-3.5,-3.5013,7,LV,Winter barley,heat,-0.000517610181568269
IPSL-CM6A-LR,-2.5,-2.2964,6,LV,Winter barley,heat,-0.000193535181562297
EC-Earth3,-4.5,-4.5546,8,SE,Winter barley,heat,-2.49586795528308e-05
EC-Earth3,-3.5,-3.4737,8,SE,Winter barley,heat,-6.95995893701744e-05
EC-Earth3,-2.5,-2.5448,11,SE,Winter barley,heat,-4.78183232378516e-05
IPSL-CM6A-LR,-5.5,-5.3985,4,SE,Winter barley,heat,-0.000131575627193578
IPSL-CM6A-LR,-4.5,-4.3046,12,SE,Winter barley,heat,-0.000116360645372795
IPSL-CM6A-LR,-3.5,-3.5013,7,SE,Winter barley,heat,-0.000278417059655046
IPSL-CM6A-LR,-2.5,-2.2964,6,SE,Winter barley,heat,-8.33929511254977e-05
EC-Earth3,-4.5,-4.5546,8,SK,Winter barley,heat,-0.000495188023962204
EC-Earth3,-3.5,-3.4737,8,SK,Winter barley,heat,-0.00103216100403508
EC-Earth3,-2.5,-2.5448,11,SK,Winter barley,heat,-0.000710171657060275
IPSL-CM6A-LR,-5.5,-5.3985,4,SK,Winter barley,heat,-0.000519388985006054
IPSL-CM6A-LR,-4.5,-4.3046,12,SK,Winter barley,heat,-0.000901778131141193
IPSL-CM6A-LR,-3.5,-3.5013,7,SK,Winter barley,heat,-0.00112411810019961
IPSL-CM6A-LR,-2.5,-2.2964,6,SK,Winter barley,heat,-0.000688839362638057
EC-Earth3,-4.5,-4.5546,8,CZ,Soft wheat,frost,-0.00498833036874133
EC-Earth3,-3.5,-3.4737,8,CZ,Soft wheat,frost,-0.00569813381183586
EC-Earth3,-2.5,-2.5448,11,CZ,Soft wheat,frost,-0.00376784643284054
IPSL-CM6A-LR,-5.5,-5.3985,4,CZ,Soft wheat,frost,-0.00445799920456209
IPSL-CM6A-LR,-4.5,-4.3046,12,CZ,Soft wheat,frost,-0.00292398084020794
IPSL-CM6A-LR,-3.5,-3.5013,7,CZ,Soft wheat,frost,-0.00101313998306143
IPSL-CM6A-LR,-2.5,-2.2964,6,CZ,Soft wheat,frost,-0.00160157553023718
EC-Earth3,-4.5,-4.5546,8,DE,Soft wheat,frost,-0.00398768614109635
EC-Earth3,-3.5,-3.4737,8,DE,Soft wheat,frost,-0.00424748599453143
EC-Earth3,-2.5,-2.5448,11,DE,Soft wheat,frost,-0.00284688655451843
IPSL-CM6A-LR,-5.5,-5.3985,4,DE,Soft wheat,frost,-0.00439012205957201
IPSL-CM6A-LR,-4.5,-4.3046,12,DE,Soft wheat,frost,-0.00269156887839634
IPSL-CM6A-LR,-3.5,-3.5013,7,DE,Soft wheat,frost,-0.00108035546611255
IPSL-CM6A-LR,-2.5,-2.2964,6,DE,Soft wheat,frost,-0.00112019879193679
EC-Earth3,-4.5,-4.5546,8,DK,Soft wheat,frost,-0.00192383744403655
EC-Earth3,-3.5,-3.4737,8,DK,Soft wheat,frost,-0.00285209367731928
EC-Earth3,-2.5,-2.5448,11,DK,Soft wheat,frost,-0.0014565718553054
IPSL-CM6A-LR,-5.5,-5.3985,4,DK,Soft wheat,frost,-0.00269525120681029
IPSL-CM6A-LR,-4.5,-4.3046,12,DK,Soft wheat,frost,-0.00144801733733919
IPSL-CM6A-LR,-3.5,-3.5013,7,DK,Soft wheat,frost,-9.49064077429328e-05
IPSL-CM6A-LR,-2.5,-2.2964,6,DK,Soft wheat,frost,-0.000607680566918914
EC-Earth3,-4.5,-4.5546,8,EE,Soft wheat,frost,0.00328377420819626
EC-Earth3,-3.5,-3.4737,8,EE,Soft wheat,frost,0.000390632346887489
EC-Earth3,-2.5,-2.5448,11,EE,Soft wheat,frost,0.00463686848674123
IPSL-CM6A-LR,-5.5,-5.3985,4,EE,Soft wheat,frost,0.00192407637049976
IPSL-CM6A-LR,-4.5,-4.3046,12,EE,Soft wheat,frost,0.00323319477864443
IPSL-CM6A-LR,-3.5,-3.5013,7,EE,Soft wheat,frost,0.00558109735794775
IPSL-CM6A-LR,-2.5,-2.2964,6,EE,Soft wheat,frost,0.0050686206372252
EC-Earth3,-4.5,-4.5546,8,EL,Soft wheat,frost,-0.00156725850383676
EC-Earth3,-3.5,-3.4737,8,EL,Soft wheat,frost,-0.00176579918615436
EC-Earth3,-2.5,-2.5448,11,EL,Soft wheat,frost,-0.000322548973234097
IPSL-CM6A-LR,-5.5,-5.3985,4,EL,Soft wheat,frost,-0.000201100174070064
IPSL-CM6A-LR,-4.5,-4.3046,12,EL,Soft wheat,frost,0.000639531867314666
IPSL-CM6A-LR,-3.5,-3.5013,7,EL,Soft wheat,frost,0.00189472956847607
IPSL-CM6A-LR,-2.5,-2.2964,6,EL,Soft wheat,frost,0.000673920366757149
EC-Earth3,-4.5,-4.5546,8,ES,Soft wheat,frost,-0.00366314478837113
EC-Earth3,-3.5,-3.4737,8,ES,Soft wheat,frost,-0.0031967842126376
EC-Earth3,-2.5,-2.5448,11,ES,Soft wheat,frost,-0.00244383232982233
IPSL-CM6A-LR,-5.5,-5.3985,4,ES,Soft wheat,frost,-0.00209524107093897
IPSL-CM6A-LR,-4.5,-4.3046,12,ES,Soft wheat,frost,-0.000836832185701921
IPSL-CM6A-LR,-3.5,-3.5013,7,ES,Soft wheat,frost,-0.000196511971210218
IPSL-CM6A-LR,-2.5,-2.2964,6,ES,Soft wheat,frost,-0.000817989989699512
EC-Earth3,-4.5,-4.5546,8,FI,Soft wheat,frost,0.00708162719990091
EC-Earth3,-3.5,-3.4737,8,FI,Soft wheat,frost,0.00324104938487554
EC-Earth3,-2.5,-2.5448,11,FI,Soft wheat,frost,0.00849208101742849
IPSL-CM6A-LR,-5.5,-5.3985,4,FI,Soft wheat,frost,0.00579035006209142
IPSL-CM6A-LR,-4.5,-4.3046,12,FI,Soft wheat,frost,0.00707135610399248
IPSL-CM6A-LR,-3.5,-3.5013,7,FI,Soft wheat,frost,0.0092609421846284
IPSL-CM6A-LR,-2.5,-2.2964,6,FI,Soft wheat,frost,0.00984503639636923
EC-Earth3,-4.5,-4.5546,8,FR,Soft wheat,frost,-0.00267425702091404
EC-Earth3,-3.5,-3.4737,8,FR,Soft wheat,frost,-0.00268889497434775
EC-Earth3,-2.5,-2.5448,11,FR,Soft wheat,frost,-0.00206006076036046
IPSL-CM6A-LR,-5.5,-5.3985,4,FR,Soft wheat,frost,-0.00286643158525575
IPSL-CM6A-LR,-4.5,-4.3046,12,FR,Soft wheat,frost,-0.00145052332670132
IPSL-CM6A-LR,-3.5,-3.5013,7,FR,Soft wheat,frost,-0.00103085379424767
IPSL-CM6A-LR,-2.5,-2.2964,6,FR,Soft wheat,frost,-0.00104640887584785
EC-Earth3,-4.5,-4.5546,8,HU,Soft wheat,frost,-0.00121735495545183
EC-Earth3,-3.5,-3.4737,8,HU,Soft wheat,frost,-0.0021127008343911
EC-Earth3,-2.5,-2.5448,11,HU,Soft wheat,frost,-0.000322648864457933
IPSL-CM6A-LR,-5.5,-5.3985,4,HU,Soft wheat,frost,-0.00128554166064904
IPSL-CM6A-LR,-4.5,-4.3046,12,HU,Soft wheat,frost,0.000433853363229928
IPSL-CM6A-LR,-3.5,-3.5013,7,HU,Soft wheat,frost,0.00267346534675466
IPSL-CM6A-LR,-2.5,-2.2964,6,HU,Soft wheat,frost,0.000379629896051112
EC-Earth3,-4.5,-4.5546,8,IT,Soft wheat,frost,-0.000754693185037824
EC-Earth3,-3.5,-3.4737,8,IT,Soft wheat,frost,-0.000961452190810663
EC-Earth3,-2.5,-2.5448,11,IT,Soft wheat,frost,-0.000242910424635585
IPSL-CM6A-LR,-5.5,-5.3985,4,IT,Soft wheat,frost,-0.00123922873500041
IPSL-CM6A-LR,-4.5,-4.3046,12,IT,Soft wheat,frost,0.000105976521646985
IPSL-CM6A-LR,-3.5,-3.5013,7,IT,Soft wheat,frost,0.00044815451002217
IPSL-CM6A-LR,-2.5,-2.2964,6,IT,Soft wheat,frost,0.000223744924700732
EC-Earth3,-4.5,-4.5546,8,LT,Soft wheat,frost,-0.000594808661066284
EC-Earth3,-3.5,-3.4737,8,LT,Soft wheat,frost,-0.00243338238684207
EC-Earth3,-2.5,-2.5448,11,LT,Soft wheat,frost,0.000444153181665327
IPSL-CM6A-LR,-5.5,-5.3985,4,LT,Soft wheat,frost,-0.00030768841279883
IPSL-CM6A-LR,-4.5,-4.3046,12,LT,Soft wheat,frost,0.00106856915544876
IPSL-CM6A-LR,-3.5,-3.5013,7,LT,Soft wheat,frost,0.00343343066375856
IPSL-CM6A-LR,-2.5,-2.2964,6,LT,Soft wheat,frost,0.00262036293391827
EC-Earth3,-4.5,-4.5546,8,LV,Soft wheat,frost,0.00105434093803287
EC-Earth3,-3.5,-3.4737,8,LV,Soft wheat,frost,-0.00113213137404218
EC-Earth3,-2.5,-2.5448,11,LV,Soft wheat,frost,0.0021924558637989
IPSL-CM6A-LR,-5.5,-5.3985,4,LV,Soft wheat,frost,0.000962728443541133
IPSL-CM6A-LR,-4.5,-4.3046,12,LV,Soft wheat,frost,0.00168434165142069
IPSL-CM6A-LR,-3.5,-3.5013,7,LV,Soft wheat,frost,0.0043577602122664
IPSL-CM6A-LR,-2.5,-2.2964,6,LV,Soft wheat,frost,0.0034066680821515
EC-Earth3,-4.5,-4.5546,8,RO,Soft wheat,frost,-0.000380978020740877
EC-Earth3,-3.5,-3.4737,8,RO,Soft wheat,frost,-0.00148146225341074
EC-Earth3,-2.5,-2.5448,11,RO,Soft wheat,frost,0.000243050354356248
IPSL-CM6A-LR,-5.5,-5.3985,4,RO,Soft wheat,frost,0.000294140164713132
IPSL-CM6A-LR,-4.5,-4.3046,12,RO,Soft wheat,frost,0.00162892398046965
IPSL-CM6A-LR,-3.5,-3.5013,7,RO,Soft wheat,frost,0.0038934416262782
IPSL-CM6A-LR,-2.5,-2.2964,6,RO,Soft wheat,frost,0.0011826850535729
EC-Earth3,-4.5,-4.5546,8,SE,Soft wheat,frost,-0.00262678655700847
EC-Earth3,-3.5,-3.4737,8,SE,Soft wheat,frost,-0.0045051806819792
EC-Earth3,-2.5,-2.5448,11,SE,Soft wheat,frost,-0.00154686636358569
IPSL-CM6A-LR,-5.5,-5.3985,4,SE,Soft wheat,frost,-0.00325603500890616
IPSL-CM6A-LR,-4.5,-4.3046,12,SE,Soft wheat,frost,-0.00167388349347224
IPSL-CM6A-LR,-3.5,-3.5013,7,SE,Soft wheat,frost,-9.78244642641016e-05
IPSL-CM6A-LR,-2.5,-2.2964,6,SE,Soft wheat,frost,-1.84808629718895e-05
EC-Earth3,-4.5,-4.5546,8,SK,Soft wheat,frost,-0.00285174388048287
EC-Earth3,-3.5,-3.4737,8,SK,Soft wheat,frost,-0.00405409684262301
EC-Earth3,-2.5,-2.5448,11,SK,Soft wheat,frost,-0.00133625928922051
IPSL-CM6A-LR,-5.5,-5.3985,4,SK,Soft wheat,frost,-0.00308196193005938
IPSL-CM6A-LR,-4.5,-4.3046,12,SK,Soft wheat,frost,-0.000941457895598012
IPSL-CM6A-LR,-3.5,-3.5013,7,SK,Soft wheat,frost,0.00172927105872381
IPSL-CM6A-LR,-2.5,-2.2964,6,SK,Soft wheat,frost,-0.000608317425485467
EC-Earth3,-4.5,-4.5546,8,EL,Durum wheat,frost,0.00103521313335287
EC-Earth3,-3.5,-3.4737,8,EL,Durum wheat,frost,0.00120353790234492
EC-Earth3,-2.5,-2.5448,11,EL,Durum wheat,frost,0.000303242243773032
IPSL-CM6A-LR,-5.5,-5.3985,4,EL,Durum wheat,frost,0.000211753598116075
IPSL-CM6A-LR,-4.5,-4.3046,12,EL,Durum wheat,frost,-0.000359375786290022
IPSL-CM6A-LR,-3.5,-3.5013,7,EL,Durum wheat,frost,-0.00123047817631665
IPSL-CM6A-LR,-2.5,-2.2964,6,EL,Durum wheat,frost,-0.000344213631222536
EC-Earth3,-4.5,-4.5546,8,ES,Durum wheat,frost,0.000729420938633218
EC-Earth3,-3.5,-3.4737,8,ES,Durum wheat,frost,0.000680384783699651
EC-Earth3,-2.5,-2.5448,11,ES,Durum wheat,frost,0.00048567279584329
IPSL-CM6A-LR,-5.5,-5.3985,4,ES,Durum wheat,frost,0.000479852423221818
IPSL-CM6A-LR,-4.5,-4.3046,12,ES,Durum wheat,frost,0.000152917849511164
IPSL-CM6A-LR,-3.5,-3.5013,7,ES,Durum wheat,frost,4.47780658480924e-05
IPSL-CM6A-LR,-2.5,-2.2964,6,ES,Durum wheat,frost,0.000242681277945291
EC-Earth3,-4.5,-4.5546,8,FR,Durum wheat,frost,0.00177773743115124
EC-Earth3,-3.5,-3.4737,8,FR,Durum wheat,frost,0.00175675102088203
EC-Earth3,-2.5,-2.5448,11,FR,Durum wheat,frost,0.00114672020079899
IPSL-CM6A-LR,-5.5,-5.3985,4,FR,Durum wheat,frost,0.00181545399795926
IPSL-CM6A-LR,-4.5,-4.3046,12,FR,Durum wheat,frost,0.000576860552707171
IPSL-CM6A-LR,-3.5,-3.5013,7,FR,Durum wheat,frost,0.000301923232997009
IPSL-CM6A-LR,-2.5,-2.2964,6,FR,Durum wheat,frost,0.000579543626865191
EC-Earth3,-4.5,-4.5546,8,HU,Durum wheat,frost,0.00102974589789703
EC-Earth3,-3.5,-3.4737,8,HU,Durum wheat,frost,0.00178918281646255
EC-Earth3,-2.5,-2.5448,11,HU,Durum wheat,frost,0.00026995426685006
IPSL-CM6A-LR,-5.5,-5.3985,4,HU,Durum wheat,frost,0.00107112628659154
IPSL-CM6A-LR,-4.5,-4.3046,12,HU,Durum wheat,frost,-0.000398502796590508
IPSL-CM6A-LR,-3.5,-3.5013,7,HU,Durum wheat,frost,-0.00229522121471626
IPSL-CM6A-LR,-2.5,-2.2964,6,HU,Durum wheat,frost,-0.000403068038342777
EC-Earth3,-4.5,-4.5546,8,IT,Durum wheat,frost,0.000331075233469726
EC-Earth3,-3.5,-3.4737,8,IT,Durum wheat,frost,0.00040779657526966
EC-Earth3,-2.5,-2.5448,11,IT,Durum wheat,frost,0.000147995292048516
IPSL-CM6A-LR,-5.5,-5.3985,4,IT,Durum wheat,frost,0.000408143210552502
IPSL-CM6A-LR,-4.5,-4.3046,12,IT,Durum wheat,frost,6.54677180429084e-05
IPSL-CM6A-LR,-3.5,-3.5013,7,IT,Durum wheat,frost,-2.67459205952054e-05
IPSL-CM6A-LR,-2.5,-2.2964,6,IT,Durum wheat,frost,7.24138882274989e-05
EC-Earth3,-4.5,-4.5546,8,RO,Durum wheat,frost,0.000507022441530649
EC-Earth3,-3.5,-3.4737,8,RO,Durum wheat,frost,0.00153272150515544
EC-Earth3,-2.5,-2.5448,11,RO,Durum wheat,frost,-0.000110406015765699
IPSL-CM6A-LR,-5.5,-5.3985,4,RO,Durum wheat,frost,-9.4669697188581e-05
IPSL-CM6A-LR,-4.5,-4.3046,12,RO,Durum wheat,frost,-0.00152192335683689
IPSL-CM6A-LR,-3.5,-3.5013,7,RO,Durum wheat,frost,-0.00354101744428159
IPSL-CM6A-LR,-2.5,-2.2964,6,RO,Durum wheat,frost,-0.00102018907895057
EC-Earth3,-4.5,-4.5546,8,SK,Durum wheat,frost,0.00233371913606439
EC-Earth3,-3.5,-3.4737,8,SK,Durum wheat,frost,0.00316693089409463
EC-Earth3,-2.5,-2.5448,11,SK,Durum wheat,frost,0.00112711452229385
IPSL-CM6A-LR,-5.5,-5.3985,4,SK,Durum wheat,frost,0.00239557996762222
IPSL-CM6A-LR,-4.5,-4.3046,12,SK,Durum wheat,frost,0.000885654085734842
IPSL-CM6A-LR,-3.5,-3.5013,7,SK,Durum wheat,frost,-0.00136721537488007
IPSL-CM6A-LR,-2.5,-2.2964,6,SK,Durum wheat,frost,0.000566015638584322
EC-Earth3,-4.5,-4.5546,8,CZ,Spring barley,frost,-0.0037249999649586
EC-Earth3,-3.5,-3.4737,8,CZ,Spring barley,frost,-0.00428053622452371
EC-Earth3,-2.5,-2.5448,11,CZ,Spring barley,frost,-0.00282107528704238
IPSL-CM6A-LR,-5.5,-5.3985,4,CZ,Spring barley,frost,-0.00331102048133949
IPSL-CM6A-LR,-4.5,-4.3046,12,CZ,Spring barley,frost,-0.00213491874149348
IPSL-CM6A-LR,-3.5,-3.5013,7,CZ,Spring barley,frost,-0.000700405801741493
IPSL-CM6A-LR,-2.5,-2.2964,6,CZ,Spring barley,frost,-0.00121726936742437
EC-Earth3,-4.5,-4.5546,8,DE,Spring barley,frost,-0.00315836551397874
EC-Earth3,-3.5,-3.4737,8,DE,Spring barley,frost,-0.00336243793580704
EC-Earth3,-2.5,-2.5448,11,DE,Spring barley,frost,-0.00223471099486651
IPSL-CM6A-LR,-5.5,-5.3985,4,DE,Spring barley,frost,-0.00333436158545873
IPSL-CM6A-LR,-4.5,-4.3046,12,DE,Spring barley,frost,-0.00193266885600883
IPSL-CM6A-LR,-3.5,-3.5013,7,DE,Spring barley,frost,-0.000640004922310427
IPSL-CM6A-LR,-2.5,-2.2964,6,DE,Spring barley,frost,-0.000678333133520382
EC-Earth3,-4.5,-4.5546,8,DK,Spring barley,frost,-0.00135900686339411
EC-Earth3,-3.5,-3.4737,8,DK,Spring barley,frost,-0.00205664642361376
EC-Earth3,-2.5,-2.5448,11,DK,Spring barley,frost,-0.000993597421738182
IPSL-CM6A-LR,-5.5,-5.3985,4,DK,Spring barley,frost,-0.00197086250488905
IPSL-CM6A-LR,-4.5,-4.3046,12,DK,Spring barley,frost,-0.00102270377665919
IPSL-CM6A-LR,-3.5,-3.5013,7,DK,Spring barley,frost,1.55364128495887e-05
IPSL-CM6A-LR,-2.5,-2.2964,6,DK,Spring barley,frost,-0.000366994271276224
EC-Earth3,-4.5,-4.5546,8,EE,Spring barley,frost,0.00246494422105764
EC-Earth3,-3.5,-3.4737,8,EE,Spring barley,frost,0.000244300359769117
EC-Earth3,-2.5,-2.5448,11,EE,Spring barley,frost,0.00347878097264511
IPSL-CM6A-LR,-5.5,-5.3985,4,EE,Spring barley,frost,0.00141136235004046
IPSL-CM6A-LR,-4.5,-4.3046,12,EE,Spring barley,frost,0.00241075962349178
IPSL-CM6A-LR,-3.5,-3.5013,7,EE,Spring barley,frost,0.00419101805095744
IPSL-CM6A-LR,-2.5,-2.2964,6,EE,Spring barley,frost,0.00380399179418107
EC-Earth3,-4.5,-4.5546,8,ES,Spring barley,frost,-0.00276146547481682
EC-Earth3,-3.5,-3.4737,8,ES,Spring barley,frost,-0.00241040341500513
EC-Earth3,-2.5,-2.5448,11,ES,Spring barley,frost,-0.00177663332708074
IPSL-CM6A-LR,-5.5,-5.3985,4,ES,Spring barley,frost,-0.00157271731310359
IPSL-CM6A-LR,-4.5,-4.3046,12,ES,Spring barley,frost,-0.000536517261468951
IPSL-CM6A-LR,-3.5,-3.5013,7,ES,Spring barley,frost,-1.13599719731602e-06
IPSL-CM6A-LR,-2.5,-2.2964,6,ES,Spring barley,frost,-0.000588298081958225
EC-Earth3,-4.5,-4.5546,8,FI,Spring barley,frost,0.00766019044931983
EC-Earth3,-3.5,-3.4737,8,FI,Spring barley,frost,0.00458420424849601
EC-Earth3,-2.5,-2.5448,11,FI,Spring barley,frost,0.0088205767414466
IPSL-CM6A-LR,-5.5,-5.3985,4,FI,Spring barley,frost,0.006880928170228
IPSL-CM6A-LR,-4.5,-4.3046,12,FI,Spring barley,frost,0.00766420217953751
IPSL-CM6A-LR,-3.5,-3.5013,7,FI,Spring barley,frost,0.00937080690356125
IPSL-CM6A-LR,-2.5,-2.2964,6,FI,Spring barley,frost,0.0103385644947316
EC-Earth3,-4.5,-4.5546,8,FR,Spring barley,frost,-0.00240803738776797
EC-Earth3,-3.5,-3.4737,8,FR,Spring barley,frost,-0.0024243234975224
EC-Earth3,-2.5,-2.5448,11,FR,Spring barley,frost,-0.00182437347159187
IPSL-CM6A-LR,-5.5,-5.3985,4,FR,Spring barley,frost,-0.00265680280494627
IPSL-CM6A-LR,-4.5,-4.3046,12,FR,Spring barley,frost,-0.00131457182363601
IPSL-CM6A-LR,-3.5,-3.5013,7,FR,Spring barley,frost,-0.000855070002267724
IPSL-CM6A-LR,-2.5,-2.2964,6,FR,Spring barley,frost,-0.000835328309814665
EC-Earth3,-4.5,-4.5546,8,HU,Spring barley,frost,-0.00104604211399342
EC-Earth3,-3.5,-3.4737,8,HU,Spring barley,frost,-0.00170561269613207
EC-Earth3,-2.5,-2.5448,11,HU,Spring barley,frost,-0.00035179204309447
IPSL-CM6A-LR,-5.5,-5.3985,4,HU,Spring barley,frost,-0.00116093567882164
IPSL-CM6A-LR,-4.5,-4.3046,12,HU,Spring barley,frost,0.000154472246188891
IPSL-CM6A-LR,-3.5,-3.5013,7,HU,Spring barley,frost,0.0017723797699193
IPSL-CM6A-LR,-2.5,-2.2964,6,HU,Spring barley,frost,0.000140766583020509
EC-Earth3,-4.5,-4.5546,8,LT,Spring barley,frost,-0.000379642467359191
EC-Earth3,-3.5,-3.4737,8,LT,Spring barley,frost,-0.00178917634644376
EC-Earth3,-2.5,-2.5448,11,LT,Spring barley,frost,0.000447174664397161
IPSL-CM6A-LR,-5.5,-5.3985,4,LT,Spring barley,frost,-0.000205574836494805
IPSL-CM6A-LR,-4.5,-4.3046,12,LT,Spring barley,frost,0.000840291248852247
IPSL-CM6A-LR,-3.5,-3.5013,7,LT,Spring barley,frost,0.00263840979467655
IPSL-CM6A-LR,-2.5,-2.2964,6,LT,Spring barley,frost,0.00201754648792624
EC-Earth3,-4.5,-4.5546,8,LV,Spring barley,frost,0.000976311567370558
EC-Earth3,-3.5,-3.4737,8,LV,Spring barley,frost,-0.000680551173208098
EC-Earth3,-2.5,-2.5448,11,LV,Spring barley,frost,0.00182381975995008
IPSL-CM6A-LR,-5.5,-5.3985,4,LV,Spring barley,frost,0.000930184947593631
IPSL-CM6A-LR,-4.5,-4.3046,12,LV,Spring barley,frost,0.0014854099337152
IPSL-CM6A-LR,-3.5,-3.5013,7,LV,Spring barley,frost,0.00349989473775042
IPSL-CM6A-LR,-2.5,-2.2964,6,LV,Spring barley,frost,0.00278940580710437
EC-Earth3,-4.5,-4.5546,8,SE,Spring barley,frost,-0.000949542654943441
EC-Earth3,-3.5,-3.4737,8,SE,Spring barley,frost,-0.00243770432954773
EC-Earth3,-2.5,-2.5448,11,SE,Spring barley,frost,-0.000254146504066823
IPSL-CM6A-LR,-5.5,-5.3985,4,SE,Spring barley,frost,-0.0013668759026923
IPSL-CM6A-LR,-4.5,-4.3046,12,SE,Spring barley,frost,-0.000206527121098888
IPSL-CM6A-LR,-3.5,-3.5013,7,SE,Spring barley,frost,0.00102545618913783
IPSL-CM6A-LR,-2.5,-2.2964,6,SE,Spring barley,frost,0.00126794170739317
EC-Earth3,-4.5,-4.5546,8,SK,Spring barley,frost,-0.00220454430667977
EC-Earth3,-3.5,-3.4737,8,SK,Spring barley,frost,-0.00304124772715061
EC-Earth3,-2.5,-2.5448,11,SK,Spring barley,frost,-0.00110637491291645
IPSL-CM6A-LR,-5.5,-5.3985,4,SK,Spring barley,frost,-0.00229940498552542
IPSL-CM6A-LR,-4.5,-4.3046,12,SK,Spring barley,frost,-0.000796575503864423
IPSL-CM6A-LR,-3.5,-3.5013,7,SK,Spring barley,frost,0.00117335561655916
IPSL-CM6A-LR,-2.5,-2.2964,6,SK,Spring barley,frost,-0.000552657539223155
EC-Earth3,-4.5,-4.5546,8,CZ,Winter barley,frost,-0.00463969895513724
EC-Earth3,-3.5,-3.4737,8,CZ,Winter barley,frost,-0.00527729932951653
EC-Earth3,-2.5,-2.5448,11,CZ,Winter barley,frost,-0.00349453332455658
IPSL-CM6A-LR,-5.5,-5.3985,4,CZ,Winter barley,frost,-0.00404279913574725
IPSL-CM6A-LR,-4.5,-4.3046,12,CZ,Winter barley,frost,-0.00270959831455653
IPSL-CM6A-LR,-3.5,-3.5013,7,CZ,Winter barley,frost,-0.000947326038541084
IPSL-CM6A-LR,-2.5,-2.2964,6,CZ,Winter barley,frost,-0.00143650458966595
EC-Earth3,-4.5,-4.5546,8,DE,Winter barley,frost,-0.00361825762111908
EC-Earth3,-3.5,-3.4737,8,DE,Winter barley,frost,-0.00383842519676436
EC-Earth3,-2.5,-2.5448,11,DE,Winter barley,frost,-0.00257136523801433
IPSL-CM6A-LR,-5.5,-5.3985,4,DE,Winter barley,frost,-0.0039054313369819
IPSL-CM6A-LR,-4.5,-4.3046,12,DE,Winter barley,frost,-0.00239840261246653
IPSL-CM6A-LR,-3.5,-3.5013,7,DE,Winter barley,frost,-0.000949224417257459
IPSL-CM6A-LR,-2.5,-2.2964,6,DE,Winter barley,frost,-0.000983221837895748
EC-Earth3,-4.5,-4.5546,8,DK,Winter barley,frost,-0.00174839829706575
EC-Earth3,-3.5,-3.4737,8,DK,Winter barley,frost,-0.00259029391061948
EC-Earth3,-2.5,-2.5448,11,DK,Winter barley,frost,-0.0012669559404889
IPSL-CM6A-LR,-5.5,-5.3985,4,DK,Winter barley,frost,-0.00245457701272769
IPSL-CM6A-LR,-4.5,-4.3046,12,DK,Winter barley,frost,-0.00129943781583601
IPSL-CM6A-LR,-3.5,-3.5013,7,DK,Winter barley,frost,5.96132684228237e-06
IPSL-CM6A-LR,-2.5,-2.2964,6,DK,Winter barley,frost,-0.000471790006845672
EC-Earth3,-4.5,-4.5546,8,EE,Winter barley,frost,0.00289062132231483
EC-Earth3,-3.5,-3.4737,8,EE,Winter barley,frost,0.000229020793070501
EC-Earth3,-2.5,-2.5448,11,EE,Winter barley,frost,0.00408103114383082
IPSL-CM6A-LR,-5.5,-5.3985,4,EE,Winter barley,frost,0.00165332424075023
IPSL-CM6A-LR,-4.5,-4.3046,12,EE,Winter barley,frost,0.00284780684409159
IPSL-CM6A-LR,-3.5,-3.5013,7,EE,Winter barley,frost,0.00491607896328005
IPSL-CM6A-LR,-2.5,-2.2964,6,EE,Winter barley,frost,0.00449490179326598
EC-Earth3,-4.5,-4.5546,8,EL,Winter barley,frost,-0.00113175175349209
EC-Earth3,-3.5,-3.4737,8,EL,Winter barley,frost,-0.00127515379501968
EC-Earth3,-2.5,-2.5448,11,EL,Winter barley,frost,-0.000270873016870895
IPSL-CM6A-LR,-5.5,-5.3985,4,EL,Winter barley,frost,-0.000201086228678949
IPSL-CM6A-LR,-4.5,-4.3046,12,EL,Winter barley,frost,0.000390738633163002
IPSL-CM6A-LR,-3.5,-3.5013,7,EL,Winter barley,frost,0.00123259624748127
IPSL-CM6A-LR,-2.5,-2.2964,6,EL,Winter barley,frost,0.00040313088394629
EC-Earth3,-4.5,-4.5546,8,ES,Winter barley,frost,-0.00238549284305329
EC-Earth3,-3.5,-3.4737,8,ES,Winter barley,frost,-0.00210038772387914
EC-Earth3,-2.5,-2.5448,11,ES,Winter barley,frost,-0.00151336533151486
IPSL-CM6A-LR,-5.5,-5.3985,4,ES,Winter barley,frost,-0.0013627109826101
IPSL-CM6A-LR,-4.5,-4.3046,12,ES,Winter barley,frost,-0.000414244542681441
IPSL-CM6A-LR,-3.5,-3.5013,7,ES,Winter barley,frost,8.18867914142735e-05
IPSL-CM6A-LR,-2.5,-2.2964,6,ES,Winter barley,frost,-0.000517806654636418
EC-Earth3,-4.5,-4.5546,8,FR,Winter barley,frost,-0.00245733596352257
EC-Earth3,-3.5,-3.4737,8,FR,Winter barley,frost,-0.00247838606839543
EC-Earth3,-2.5,-2.5448,11,FR,Winter barley,frost,-0.00181652099337214
IPSL-CM6A-LR,-5.5,-5.3985,4,FR,Winter barley,frost,-0.00267551639270304
IPSL-CM6A-LR,-4.5,-4.3046,12,FR,Winter barley,frost,-0.00124752791998086
IPSL-CM6A-LR,-3.5,-3.5013,7,FR,Winter barley,frost,-0.000816135961794192
IPSL-CM6A-LR,-2.5,-2.2964,6,FR,Winter barley,frost,-0.00083624099108885
EC-Earth3,-4.5,-4.5546,8,HU,Winter barley,frost,-0.00103540530518554
EC-Earth3,-3.5,-3.4737,8,HU,Winter barley,frost,-0.00178772885625039
EC-Earth3,-2.5,-2.5448,11,HU,Winter barley,frost,-0.000261651799277563
IPSL-CM6A-LR,-5.5,-5.3985,4,HU,Winter barley,frost,-0.00108040985505407
IPSL-CM6A-LR,-4.5,-4.3046,12,HU,Winter barley,frost,0.000376549096226037
IPSL-CM6A-LR,-3.5,-3.5013,7,HU,Winter barley,frost,0.00224928330057301
IPSL-CM6A-LR,-2.5,-2.2964,6,HU,Winter barley,frost,0.000365104788329092
EC-Earth3,-4.5,-4.5546,8,IT,Winter barley,frost,-0.000525637605441134
EC-Earth3,-3.5,-3.4737,8,IT,Winter barley,frost,-0.000684801600253335
EC-Earth3,-2.5,-2.5448,11,IT,Winter barley,frost,-0.000126575200442859
IPSL-CM6A-LR,-5.5,-5.3985,4,IT,Winter barley,frost,-0.000828232142495128
IPSL-CM6A-LR,-4.5,-4.3046,12,IT,Winter barley,frost,5.58518802012446e-05
IPSL-CM6A-LR,-3.5,-3.5013,7,IT,Winter barley,frost,0.000323057471995608
IPSL-CM6A-LR,-2.5,-2.2964,6,IT,Winter barley,frost,0.000139234987142383
EC-Earth3,-4.5,-4.5546,8,LT,Winter barley,frost,-0.000381969303188622
EC-Earth3,-3.5,-3.4737,8,LT,Winter barley,frost,-0.00202697153346407
EC-Earth3,-2.5,-2.5448,11,LT,Winter barley,frost,0.000508815020510266
IPSL-CM6A-LR,-5.5,-5.3985,4,LT,Winter barley,frost,-0.000203724245730998
IPSL-CM6A-LR,-4.5,-4.3046,12,LT,Winter barley,frost,0.00104208310201072
IPSL-CM6A-LR,-3.5,-3.5013,7,LT,Winter barley,frost,0.00316335633544882
IPSL-CM6A-LR,-2.5,-2.2964,6,LT,Winter barley,frost,0.00244924043104517
EC-Earth3,-4.5,-4.5546,8,LV,Winter barley,frost,0.000879478570379297
EC-Earth3,-3.5,-3.4737,8,LV,Winter barley,frost,-0.00107635567111079
EC-Earth3,-2.5,-2.5448,11,LV,Winter barley,frost,0.00188312851839659
IPSL-CM6A-LR,-5.5,-5.3985,4,LV,Winter barley,frost,0.000709291809651412
IPSL-CM6A-LR,-4.5,-4.3046,12,LV,Winter barley,frost,0.00134250812209322
IPSL-CM6A-LR,-3.5,-3.5013,7,LV,Winter barley,frost,0.00373178600521634
IPSL-CM6A-LR,-2.5,-2.2964,6,LV,Winter barley,frost,0.00286118545799514
EC-Earth3,-4.5,-4.5546,8,SE,Winter barley,frost,-0.00284156572538874
EC-Earth3,-3.5,-3.4737,8,SE,Winter barley,frost,-0.00434273134413851
EC-Earth3,-2.5,-2.5448,11,SE,Winter barley,frost,-0.00190607766462631
IPSL-CM6A-LR,-5.5,-5.3985,4,SE,Winter barley,frost,-0.00322971466119568
IPSL-CM6A-LR,-4.5,-4.3046,12,SE,Winter barley,frost,-0.00172771814652448
IPSL-CM6A-LR,-3.5,-3.5013,7,SE,Winter barley,frost,-0.000241719821368606
IPSL-CM6A-LR,-2.5,-2.2964,6,SE,Winter barley,frost,-0.000305030009515503
EC-Earth3,-4.5,-4.5546,8,SK,Winter barley,frost,-0.00243742561196932
EC-Earth3,-3.5,-3.4737,8,SK,Winter barley,frost,-0.00350481031576364
EC-Earth3,-2.5,-2.5448,11,SK,Winter barley,frost,-0.00107720084104602
IPSL-CM6A-LR,-5.5,-5.3985,4,SK,Winter barley,frost,-0.00267988145580602
IPSL-CM6A-LR,-4.5,-4.3046,12,SK,Winter barley,frost,-0.000780789753177152
IPSL-CM6A-LR,-3.5,-3.5013,7,SK,Winter barley,frost,0.00161250076440338
IPSL-CM6A-LR,-2.5,-2.2964,6,SK,Winter barley,frost,-0.000453629388433047
EC-Earth3,-4.5,-4.5546,8,CZ,Soft wheat,precip,-0.0246200644853492
EC-Earth3,-3.5,-3.4737,8,CZ,Soft wheat,precip,-0.062088460566751
EC-Earth3,-2.5,-2.5448,11,CZ,Soft wheat,precip,-0.0285569457432395
IPSL-CM6A-LR,-5.5,-5.3985,4,CZ,Soft wheat,precip,-0.0747685421834917
IPSL-CM6A-LR,-4.5,-4.3046,12,CZ,Soft wheat,precip,-0.0328571190034292
IPSL-CM6A-LR,-3.5,-3.5013,7,CZ,Soft wheat,precip,-0.0511385401347896
IPSL-CM6A-LR,-2.5,-2.2964,6,CZ,Soft wheat,precip,-0.0362352538373653
EC-Earth3,-4.5,-4.5546,8,DE,Soft wheat,precip,0.00925333837217225
EC-Earth3,-3.5,-3.4737,8,DE,Soft wheat,precip,-0.00262079732810628
EC-Earth3,-2.5,-2.5448,11,DE,Soft wheat,precip,0.0100748889190342
IPSL-CM6A-LR,-5.5,-5.3985,4,DE,Soft wheat,precip,-0.0147750951286918
IPSL-CM6A-LR,-4.5,-4.3046,12,DE,Soft wheat,precip,0.0087446279032975
IPSL-CM6A-LR,-3.5,-3.5013,7,DE,Soft wheat,precip,-0.0249720029877694
IPSL-CM6A-LR,-2.5,-2.2964,6,DE,Soft wheat,precip,0.0164610777774783
EC-Earth3,-4.5,-4.5546,8,DK,Soft wheat,precip,0.065558903834452
EC-Earth3,-3.5,-3.4737,8,DK,Soft wheat,precip,0.0522359482984521
EC-Earth3,-2.5,-2.5448,11,DK,Soft wheat,precip,0.0672987178834135
IPSL-CM6A-LR,-5.5,-5.3985,4,DK,Soft wheat,precip,0.0438251084601126
IPSL-CM6A-LR,-4.5,-4.3046,12,DK,Soft wheat,precip,0.0794372849086706
IPSL-CM6A-LR,-3.5,-3.5013,7,DK,Soft wheat,precip,0.00778531536499927
IPSL-CM6A-LR,-2.5,-2.2964,6,DK,Soft wheat,precip,0.0794854156909841
EC-Earth3,-4.5,-4.5546,8,EE,Soft wheat,precip,0.123624364571701
EC-Earth3,-3.5,-3.4737,8,EE,Soft wheat,precip,0.118326571585644
EC-Earth3,-2.5,-2.5448,11,EE,Soft wheat,precip,0.127766275098528
IPSL-CM6A-LR,-5.5,-5.3985,4,EE,Soft wheat,precip,0.0524314861303561
IPSL-CM6A-LR,-4.5,-4.3046,12,EE,Soft wheat,precip,0.0538273574805133
IPSL-CM6A-LR,-3.5,-3.5013,7,EE,Soft wheat,precip,0.0478979762863707
IPSL-CM6A-LR,-2.5,-2.2964,6,EE,Soft wheat,precip,0.0906427815959241
EC-Earth3,-4.5,-4.5546,8,EL,Soft wheat,precip,0.0143503864031962
EC-Earth3,-3.5,-3.4737,8,EL,Soft wheat,precip,-0.00145389616451614
EC-Earth3,-2.5,-2.5448,11,EL,Soft wheat,precip,-0.00781109322127404
IPSL-CM6A-LR,-5.5,-5.3985,4,EL,Soft wheat,precip,-0.0187607097182836
IPSL-CM6A-LR,-4.5,-4.3046,12,EL,Soft wheat,precip,-0.00711346763670873
IPSL-CM6A-LR,-3.5,-3.5013,7,EL,Soft wheat,precip,0.0211520253116842
IPSL-CM6A-LR,-2.5,-2.2964,6,EL,Soft wheat,precip,0.0282907641340099
EC-Earth3,-4.5,-4.5546,8,ES,Soft wheat,precip,-0.00248164599598103
EC-Earth3,-3.5,-3.4737,8,ES,Soft wheat,precip,-0.0364702100000979
EC-Earth3,-2.5,-2.5448,11,ES,Soft wheat,precip,-0.0328021063770268
IPSL-CM6A-LR,-5.5,-5.3985,4,ES,Soft wheat,precip,0.00636902587830932
IPSL-CM6A-LR,-4.5,-4.3046,12,ES,Soft wheat,precip,-0.0318558146820088
IPSL-CM6A-LR,-3.5,-3.5013,7,ES,Soft wheat,precip,0.00187778752823356
IPSL-CM6A-LR,-2.5,-2.2964,6,ES,Soft wheat,precip,0.0113951740766177
EC-Earth3,-4.5,-4.5546,8,FI,Soft wheat,precip,0.127084968327891
EC-Earth3,-3.5,-3.4737,8,FI,Soft wheat,precip,0.106775199450542
EC-Earth3,-2.5,-2.5448,11,FI,Soft wheat,precip,0.109223972214023
IPSL-CM6A-LR,-5.5,-5.3985,4,FI,Soft wheat,precip,0.0815801537121472
IPSL-CM6A-LR,-4.5,-4.3046,12,FI,Soft wheat,precip,0.0786355866755409
IPSL-CM6A-LR,-3.5,-3.5013,7,FI,Soft wheat,precip,0.0807587456937289
IPSL-CM6A-LR,-2.5,-2.2964,6,FI,Soft wheat,precip,0.09228756385963
EC-Earth3,-4.5,-4.5546,8,FR,Soft wheat,precip,0.0118981797857529
EC-Earth3,-3.5,-3.4737,8,FR,Soft wheat,precip,0.0239989980322974
EC-Earth3,-2.5,-2.5448,11,FR,Soft wheat,precip,-0.0130133983638536
IPSL-CM6A-LR,-5.5,-5.3985,4,FR,Soft wheat,precip,-0.0558266809718392
IPSL-CM6A-LR,-4.5,-4.3046,12,FR,Soft wheat,precip,-0.0149850859055672
IPSL-CM6A-LR,-3.5,-3.5013,7,FR,Soft wheat,precip,-0.0344393929954618
IPSL-CM6A-LR,-2.5,-2.2964,6,FR,Soft wheat,precip,0.00533651378493634
EC-Earth3,-4.5,-4.5546,8,HU,Soft wheat,precip,-0.0325150586283605
EC-Earth3,-3.5,-3.4737,8,HU,Soft wheat,precip,-0.0939840095877421
EC-Earth3,-2.5,-2.5448,11,HU,Soft wheat,precip,-0.069091472330031
IPSL-CM6A-LR,-5.5,-5.3985,4,HU,Soft wheat,precip,-0.0473535243327832
IPSL-CM6A-LR,-4.5,-4.3046,12,HU,Soft wheat,precip,-0.0462504715037473
IPSL-CM6A-LR,-3.5,-3.5013,7,HU,Soft wheat,precip,-0.00750950830676925
IPSL-CM6A-LR,-2.5,-2.2964,6,HU,Soft wheat,precip,-0.0400906710984078
EC-Earth3,-4.5,-4.5546,8,IT,Soft wheat,precip,-0.032379809582478
EC-Earth3,-3.5,-3.4737,8,IT,Soft wheat,precip,-0.0181395424715803
EC-Earth3,-2.5,-2.5448,11,IT,Soft wheat,precip,-0.0802778860908174
IPSL-CM6A-LR,-5.5,-5.3985,4,IT,Soft wheat,precip,0.011983451873388
IPSL-CM6A-LR,-4.5,-4.3046,12,IT,Soft wheat,precip,-0.0264809724379518
IPSL-CM6A-LR,-3.5,-3.5013,7,IT,Soft wheat,precip,0.0520755380177232
IPSL-CM6A-LR,-2.5,-2.2964,6,IT,Soft wheat,precip,-0.0176914936013057
EC-Earth3,-4.5,-4.5546,8,LT,Soft wheat,precip,0.0978467162033747
EC-Earth3,-3.5,-3.4737,8,LT,Soft wheat,precip,0.0403421452656889
EC-Earth3,-2.5,-2.5448,11,LT,Soft wheat,precip,0.101336359816549
IPSL-CM6A-LR,-5.5,-5.3985,4,LT,Soft wheat,precip,0.051080701813662
IPSL-CM6A-LR,-4.5,-4.3046,12,LT,Soft wheat,precip,0.0414786221800363
IPSL-CM6A-LR,-3.5,-3.5013,7,LT,Soft wheat,precip,0.0169345103767267
IPSL-CM6A-LR,-2.5,-2.2964,6,LT,Soft wheat,precip,0.0533851385150092
EC-Earth3,-4.5,-4.5546,8,LV,Soft wheat,precip,0.108194917840141
EC-Earth3,-3.5,-3.4737,8,LV,Soft wheat,precip,0.0830179516055502
EC-Earth3,-2.5,-2.5448,11,LV,Soft wheat,precip,0.109400892968021
IPSL-CM6A-LR,-5.5,-5.3985,4,LV,Soft wheat,precip,0.0602512633174793
IPSL-CM6A-LR,-4.5,-4.3046,12,LV,Soft wheat,precip,0.057034468348533
IPSL-CM6A-LR,-3.5,-3.5013,7,LV,Soft wheat,precip,0.0360615362812064
IPSL-CM6A-LR,-2.5,-2.2964,6,LV,Soft wheat,precip,0.071872055405538
EC-Earth3,-4.5,-4.5546,8,RO,Soft wheat,precip,-0.00173469183339007
EC-Earth3,-3.5,-3.4737,8,RO,Soft wheat,precip,-0.0758387775903681
EC-Earth3,-2.5,-2.5448,11,RO,Soft wheat,precip,-0.0176488301069789
IPSL-CM6A-LR,-5.5,-5.3985,4,RO,Soft wheat,precip,-0.0562370442407474
IPSL-CM6A-LR,-4.5,-4.3046,12,RO,Soft wheat,precip,-0.0253312460413931
IPSL-CM6A-LR,-3.5,-3.5013,7,RO,Soft wheat,precip,0.0149707883698351
IPSL-CM6A-LR,-2.5,-2.2964,6,RO,Soft wheat,precip,-0.0419134173616789
EC-Earth3,-4.5,-4.5546,8,SE,Soft wheat,precip,0.10481003400457
EC-Earth3,-3.5,-3.4737,8,SE,Soft wheat,precip,0.0594199351628059
EC-Earth3,-2.5,-2.5448,11,SE,Soft wheat,precip,0.0823040489504357
IPSL-CM6A-LR,-5.5,-5.3985,4,SE,Soft wheat,precip,0.0543999586985983
IPSL-CM6A-LR,-4.5,-4.3046,12,SE,Soft wheat,precip,0.0597973429566055
IPSL-CM6A-LR,-3.5,-3.5013,7,SE,Soft wheat,precip,0.0324413708846766
IPSL-CM6A-LR,-2.5,-2.2964,6,SE,Soft wheat,precip,0.0641799728254353
EC-Earth3,-4.5,-4.5546,8,SK,Soft wheat,precip,-0.0350487170147376
EC-Earth3,-3.5,-3.4737,8,SK,Soft wheat,precip,-0.0891998336384695
EC-Earth3,-2.5,-2.5448,11,SK,Soft wheat,precip,-0.0424550795523285
IPSL-CM6A-LR,-5.5,-5.3985,4,SK,Soft wheat,precip,-0.0582413919815208
IPSL-CM6A-LR,-4.5,-4.3046,12,SK,Soft wheat,precip,-0.0314373562798831
IPSL-CM6A-LR,-3.5,-3.5013,7,SK,Soft wheat,precip,-0.00687565132649081
IPSL-CM6A-LR,-2.5,-2.2964,6,SK,Soft wheat,precip,-0.0336046488711616
EC-Earth3,-4.5,-4.5546,8,EL,Durum wheat,precip,0.0146813885515568
EC-Earth3,-3.5,-3.4737,8,EL,Durum wheat,precip,0.00320536009130256
EC-Earth3,-2.5,-2.5448,11,EL,Durum wheat,precip,-0.0118409506052468
IPSL-CM6A-LR,-5.5,-5.3985,4,EL,Durum wheat,precip,-0.0176166378464165
IPSL-CM6A-LR,-4.5,-4.3046,12,EL,Durum wheat,precip,-0.00323058424223687
IPSL-CM6A-LR,-3.5,-3.5013,7,EL,Durum wheat,precip,0.0250075188625775
IPSL-CM6A-LR,-2.5,-2.2964,6,EL,Durum wheat,precip,0.0285511128883525
EC-Earth3,-4.5,-4.5546,8,ES,Durum wheat,precip,-0.0160966460044534
EC-Earth3,-3.5,-3.4737,8,ES,Durum wheat,precip,-0.0474142066430939
EC-Earth3,-2.5,-2.5448,11,ES,Durum wheat,precip,-0.0397878380385132
IPSL-CM6A-LR,-5.5,-5.3985,4,ES,Durum wheat,precip,-0.0177412312921394
IPSL-CM6A-LR,-4.5,-4.3046,12,ES,Durum wheat,precip,-0.0540972224256599
IPSL-CM6A-LR,-3.5,-3.5013,7,ES,Durum wheat,precip,-0.0116958669427204
IPSL-CM6A-LR,-2.5,-2.2964,6,ES,Durum wheat,precip,0.0161232974653874
EC-Earth3,-4.5,-4.5546,8,FR,Durum wheat,precip,-0.014251698881172
EC-Earth3,-3.5,-3.4737,8,FR,Durum wheat,precip,-0.0114765451501923
EC-Earth3,-2.5,-2.5448,11,FR,Durum wheat,precip,-0.0618884162119859
IPSL-CM6A-LR,-5.5,-5.3985,4,FR,Durum wheat,precip,-0.046897644962352
IPSL-CM6A-LR,-4.5,-4.3046,12,FR,Durum wheat,precip,-0.0389226586685089
IPSL-CM6A-LR,-3.5,-3.5013,7,FR,Durum wheat,precip,-0.0232247928248674
IPSL-CM6A-LR,-2.5,-2.2964,6,FR,Durum wheat,precip,-0.00869691476851271
EC-Earth3,-4.5,-4.5546,8,HU,Durum wheat,precip,-0.0355488288345761
EC-Earth3,-3.5,-3.4737,8,HU,Durum wheat,precip,-0.0990219204341662
EC-Earth3,-2.5,-2.5448,11,HU,Durum wheat,precip,-0.0760754304008732
IPSL-CM6A-LR,-5.5,-5.3985,4,HU,Durum wheat,precip,-0.0491140166429295
IPSL-CM6A-LR,-4.5,-4.3046,12,HU,Durum wheat,precip,-0.0497692973963576
IPSL-CM6A-LR,-3.5,-3.5013,7,HU,Durum wheat,precip,-0.00677919742388682
IPSL-CM6A-LR,-2.5,-2.2964,6,HU,Durum wheat,precip,-0.0412558595775202
EC-Earth3,-4.5,-4.5546,8,IT,Durum wheat,precip,-0.00811951232971738
EC-Earth3,-3.5,-3.4737,8,IT,Durum wheat,precip,-0.0159298008755668
EC-Earth3,-2.5,-2.5448,11,IT,Durum wheat,precip,-0.0254644034009564
IPSL-CM6A-LR,-5.5,-5.3985,4,IT,Durum wheat,precip,0.00632269666095554
IPSL-CM6A-LR,-4.5,-4.3046,12,IT,Durum wheat,precip,0.00752195171528961
IPSL-CM6A-LR,-3.5,-3.5013,7,IT,Durum wheat,precip,0.0670269994757445
IPSL-CM6A-LR,-2.5,-2.2964,6,IT,Durum wheat,precip,0.0311580953552811
EC-Earth3,-4.5,-4.5546,8,RO,Durum wheat,precip,-0.00761336470307906
EC-Earth3,-3.5,-3.4737,8,RO,Durum wheat,precip,-0.0921237194042929
EC-Earth3,-2.5,-2.5448,11,RO,Durum wheat,precip,-0.0244809695317327
IPSL-CM6A-LR,-5.5,-5.3985,4,RO,Durum wheat,precip,-0.0649482539919684
IPSL-CM6A-LR,-4.5,-4.3046,12,RO,Durum wheat,precip,-0.0326352651007277
IPSL-CM6A-LR,-3.5,-3.5013,7,RO,Durum wheat,precip,0.00979628177336806
IPSL-CM6A-LR,-2.5,-2.2964,6,RO,Durum wheat,precip,-0.0509102190246527
EC-Earth3,-4.5,-4.5546,8,SK,Durum wheat,precip,-0.0277375565433937
EC-Earth3,-3.5,-3.4737,8,SK,Durum wheat,precip,-0.0846241161975285
EC-Earth3,-2.5,-2.5448,11,SK,Durum wheat,precip,-0.0421492708889691
IPSL-CM6A-LR,-5.5,-5.3985,4,SK,Durum wheat,precip,-0.0551184551178919
IPSL-CM6A-LR,-4.5,-4.3046,12,SK,Durum wheat,precip,-0.02802893874499
IPSL-CM6A-LR,-3.5,-3.5013,7,SK,Durum wheat,precip,-0.00145865610806589
IPSL-CM6A-LR,-2.5,-2.2964,6,SK,Durum wheat,precip,-0.0238759751085482
EC-Earth3,-4.5,-4.5546,8,CZ,Spring barley,precip,-0.0340392149932348
EC-Earth3,-3.5,-3.4737,8,CZ,Spring barley,precip,-0.0877386489410928
EC-Earth3,-2.5,-2.5448,11,CZ,Spring barley,precip,-0.0398493768869094
IPSL-CM6A-LR,-5.5,-5.3985,4,CZ,Spring barley,precip,-0.105008639537493
IPSL-CM6A-LR,-4.5,-4.3046,12,CZ,Spring barley,precip,-0.0477221956975201
IPSL-CM6A-LR,-3.5,-3.5013,7,CZ,Spring barley,precip,-0.0726646618504972
IPSL-CM6A-LR,-2.5,-2.2964,6,CZ,Spring barley,precip,-0.0496640656789405
EC-Earth3,-4.5,-4.5546,8,DE,Spring barley,precip,0.011330433052065
EC-Earth3,-3.5,-3.4737,8,DE,Spring barley,precip,0.00223503485498767
EC-Earth3,-2.5,-2.5448,11,DE,Spring barley,precip,0.00811141595892307
IPSL-CM6A-LR,-5.5,-5.3985,4,DE,Spring barley,precip,-0.029758782066421
IPSL-CM6A-LR,-4.5,-4.3046,12,DE,Spring barley,precip,0.0104937574324753
IPSL-CM6A-LR,-3.5,-3.5013,7,DE,Spring barley,precip,-0.0268997436352726
IPSL-CM6A-LR,-2.5,-2.2964,6,DE,Spring barley,precip,0.02112240835595
EC-Earth3,-4.5,-4.5546,8,DK,Spring barley,precip,0.0963932025073458
EC-Earth3,-3.5,-3.4737,8,DK,Spring barley,precip,0.0801600645778372
EC-Earth3,-2.5,-2.5448,11,DK,Spring barley,precip,0.0979586981417647
IPSL-CM6A-LR,-5.5,-5.3985,4,DK,Spring barley,precip,0.0635085888952576
IPSL-CM6A-LR,-4.5,-4.3046,12,DK,Spring barley,precip,0.115568532047199
IPSL-CM6A-LR,-3.5,-3.5013,7,DK,Spring barley,precip,0.0126210494681196
IPSL-CM6A-LR,-2.5,-2.2964,6,DK,Spring barley,precip,0.113468397570504
EC-Earth3,-4.5,-4.5546,8,EE,Spring barley,precip,0.171633504000797
EC-Earth3,-3.5,-3.4737,8,EE,Spring barley,precip,0.16364917883543
EC-Earth3,-2.5,-2.5448,11,EE,Spring barley,precip,0.177039980565026
IPSL-CM6A-LR,-5.5,-5.3985,4,EE,Spring barley,precip,0.0722195051871104
IPSL-CM6A-LR,-4.5,-4.3046,12,EE,Spring barley,precip,0.0747025321064754
IPSL-CM6A-LR,-3.5,-3.5013,7,EE,Spring barley,precip,0.0678222486992142
IPSL-CM6A-LR,-2.5,-2.2964,6,EE,Spring barley,precip,0.126788317031118
EC-Earth3,-4.5,-4.5546,8,ES,Spring barley,precip,-0.0132189166008376
EC-Earth3,-3.5,-3.4737,8,ES,Spring barley,precip,-0.0557472459077703
EC-Earth3,-2.5,-2.5448,11,ES,Spring barley,precip,-0.0559654200680634
IPSL-CM6A-LR,-5.5,-5.3985,4,ES,Spring barley,precip,0.00906676793100351
IPSL-CM6A-LR,-4.5,-4.3046,12,ES,Spring barley,precip,-0.0489420496172527
IPSL-CM6A-LR,-3.5,-3.5013,7,ES,Spring barley,precip,0.00120461386707597
IPSL-CM6A-LR,-2.5,-2.2964,6,ES,Spring barley,precip,0.00659186646493784
EC-Earth3,-4.5,-4.5546,8,FI,Spring barley,precip,0.175293856276763
EC-Earth3,-3.5,-3.4737,8,FI,Spring barley,precip,0.154391633650267
EC-Earth3,-2.5,-2.5448,11,FI,Spring barley,precip,0.151636939049606
IPSL-CM6A-LR,-5.5,-5.3985,4,FI,Spring barley,precip,0.11067632320204
IPSL-CM6A-LR,-4.5,-4.3046,12,FI,Spring barley,precip,0.101199914668583
IPSL-CM6A-LR,-3.5,-3.5013,7,FI,Spring barley,precip,0.104123281247308
IPSL-CM6A-LR,-2.5,-2.2964,6,FI,Spring barley,precip,0.124404931438599
EC-Earth3,-4.5,-4.5546,8,FR,Spring barley,precip,0.0268164745782676
EC-Earth3,-3.5,-3.4737,8,FR,Spring barley,precip,0.0289218701566122
EC-Earth3,-2.5,-2.5448,11,FR,Spring barley,precip,-0.0190787196964661
IPSL-CM6A-LR,-5.5,-5.3985,4,FR,Spring barley,precip,-0.0644823156590915
IPSL-CM6A-LR,-4.5,-4.3046,12,FR,Spring barley,precip,-0.0174612730133361
IPSL-CM6A-LR,-3.5,-3.5013,7,FR,Spring barley,precip,-0.0512455600065856
IPSL-CM6A-LR,-2.5,-2.2964,6,FR,Spring barley,precip,0.0102930522903671
EC-Earth3,-4.5,-4.5546,8,HU,Spring barley,precip,-0.0456452982025726
EC-Earth3,-3.5,-3.4737,8,HU,Spring barley,precip,-0.133837313423728
EC-Earth3,-2.5,-2.5448,11,HU,Spring barley,precip,-0.0926174711571201
IPSL-CM6A-LR,-5.5,-5.3985,4,HU,Spring barley,precip,-0.0712469820533743
IPSL-CM6A-LR,-4.5,-4.3046,12,HU,Spring barley,precip,-0.0646478957307554
IPSL-CM6A-LR,-3.5,-3.5013,7,HU,Spring barley,precip,-0.0112131221573765
IPSL-CM6A-LR,-2.5,-2.2964,6,HU,Spring barley,precip,-0.055087844825384
EC-Earth3,-4.5,-4.5546,8,LT,Spring barley,precip,0.139670407470869
EC-Earth3,-3.5,-3.4737,8,LT,Spring barley,precip,0.0633561593322793
EC-Earth3,-2.5,-2.5448,11,LT,Spring barley,precip,0.142544407533843
IPSL-CM6A-LR,-5.5,-5.3985,4,LT,Spring barley,precip,0.0730855198905053
IPSL-CM6A-LR,-4.5,-4.3046,12,LT,Spring barley,precip,0.0607156162092864
IPSL-CM6A-LR,-3.5,-3.5013,7,LT,Spring barley,precip,0.0264206422809845
IPSL-CM6A-LR,-2.5,-2.2964,6,LT,Spring barley,precip,0.0778735954223605
EC-Earth3,-4.5,-4.5546,8,LV,Spring barley,precip,0.152212260263328
EC-Earth3,-3.5,-3.4737,8,LV,Spring barley,precip,0.121106233474921
EC-Earth3,-2.5,-2.5448,11,LV,Spring barley,precip,0.155511847986668
IPSL-CM6A-LR,-5.5,-5.3985,4,LV,Spring barley,precip,0.0881558655877598
IPSL-CM6A-LR,-4.5,-4.3046,12,LV,Spring barley,precip,0.0813950358891812
IPSL-CM6A-LR,-3.5,-3.5013,7,LV,Spring barley,precip,0.0521708296289149
IPSL-CM6A-LR,-2.5,-2.2964,6,LV,Spring barley,precip,0.101684253865719
EC-Earth3,-4.5,-4.5546,8,SE,Spring barley,precip,0.144186867993453
EC-Earth3,-3.5,-3.4737,8,SE,Spring barley,precip,0.0881199423408138
EC-Earth3,-2.5,-2.5448,11,SE,Spring barley,precip,0.117445059214078
IPSL-CM6A-LR,-5.5,-5.3985,4,SE,Spring barley,precip,0.0833912473227581
IPSL-CM6A-LR,-4.5,-4.3046,12,SE,Spring barley,precip,0.0898726389762447
IPSL-CM6A-LR,-3.5,-3.5013,7,SE,Spring barley,precip,0.0536488448168457
IPSL-CM6A-LR,-2.5,-2.2964,6,SE,Spring barley,precip,0.0970829845167852
EC-Earth3,-4.5,-4.5546,8,SK,Spring barley,precip,-0.0440575822447619
EC-Earth3,-3.5,-3.4737,8,SK,Spring barley,precip,-0.118680369077448
EC-Earth3,-2.5,-2.5448,11,SK,Spring barley,precip,-0.0568360603169395
IPSL-CM6A-LR,-5.5,-5.3985,4,SK,Spring barley,precip,-0.0781659075967233
IPSL-CM6A-LR,-4.5,-4.3046,12,SK,Spring barley,precip,-0.0418941016255548
IPSL-CM6A-LR,-3.5,-3.5013,7,SK,Spring barley,precip,-0.007943421550923
IPSL-CM6A-LR,-2.5,-2.2964,6,SK,Spring barley,precip,-0.0418044981260029
EC-Earth3,-4.5,-4.5546,8,CZ,Winter barley,precip,-0.0255730280304869
EC-Earth3,-3.5,-3.4737,8,CZ,Winter barley,precip,-0.0641816891038525
EC-Earth3,-2.5,-2.5448,11,CZ,Winter barley,precip,-0.0298265838521306
IPSL-CM6A-LR,-5.5,-5.3985,4,CZ,Winter barley,precip,-0.0812806180631801
IPSL-CM6A-LR,-4.5,-4.3046,12,CZ,Winter barley,precip,-0.033408145213479
IPSL-CM6A-LR,-3.5,-3.5013,7,CZ,Winter barley,precip,-0.0548195800199793
IPSL-CM6A-LR,-2.5,-2.2964,6,CZ,Winter barley,precip,-0.0394502004667571
EC-Earth3,-4.5,-4.5546,8,DE,Winter barley,precip,0.00913459243221585
EC-Earth3,-3.5,-3.4737,8,DE,Winter barley,precip,-0.00297275038801471
EC-Earth3,-2.5,-2.5448,11,DE,Winter barley,precip,0.0112999045597422
IPSL-CM6A-LR,-5.5,-5.3985,4,DE,Winter barley,precip,-0.0163494400041153
IPSL-CM6A-LR,-4.5,-4.3046,12,DE,Winter barley,precip,0.00992566591946414
IPSL-CM6A-LR,-3.5,-3.5013,7,DE,Winter barley,precip,-0.0242770797387839
IPSL-CM6A-LR,-2.5,-2.2964,6,DE,Winter barley,precip,0.0181741563206589
EC-Earth3,-4.5,-4.5546,8,DK,Winter barley,precip,0.0784467002799622
EC-Earth3,-3.5,-3.4737,8,DK,Winter barley,precip,0.0631984989508278
EC-Earth3,-2.5,-2.5448,11,DK,Winter barley,precip,0.0794015913544414
IPSL-CM6A-LR,-5.5,-5.3985,4,DK,Winter barley,precip,0.0500401534871616
IPSL-CM6A-LR,-4.5,-4.3046,12,DK,Winter barley,precip,0.0919131770992757
IPSL-CM6A-LR,-3.5,-3.5013,7,DK,Winter barley,precip,0.0103124721988101
IPSL-CM6A-LR,-2.5,-2.2964,6,DK,Winter barley,precip,0.0901873486035539
EC-Earth3,-4.5,-4.5546,8,EE,Winter barley,precip,0.131819952853599
EC-Earth3,-3.5,-3.4737,8,EE,Winter barley,precip,0.125496915708255
EC-Earth3,-2.5,-2.5448,11,EE,Winter barley,precip,0.13589331926453
IPSL-CM6A-LR,-5.5,-5.3985,4,EE,Winter barley,precip,0.0543243685712022
IPSL-CM6A-LR,-4.5,-4.3046,12,EE,Winter barley,precip,0.0573359341779615
IPSL-CM6A-LR,-3.5,-3.5013,7,EE,Winter barley,precip,0.0517842033586531
IPSL-CM6A-LR,-2.5,-2.2964,6,EE,Winter barley,precip,0.0980359002017147
EC-Earth3,-4.5,-4.5546,8,EL,Winter barley,precip,0.0210259754143531
EC-Earth3,-3.5,-3.4737,8,EL,Winter barley,precip,0.00881513424511513
EC-Earth3,-2.5,-2.5448,11,EL,Winter barley,precip,-0.0017439205599008
IPSL-CM6A-LR,-5.5,-5.3985,4,EL,Winter barley,precip,-0.0199553903574505
IPSL-CM6A-LR,-4.5,-4.3046,12,EL,Winter barley,precip,-0.00117397017221087
IPSL-CM6A-LR,-3.5,-3.5013,7,EL,Winter barley,precip,0.0292022345168783
IPSL-CM6A-LR,-2.5,-2.2964,6,EL,Winter barley,precip,0.0345868911995159
EC-Earth3,-4.5,-4.5546,8,ES,Winter barley,precip,-0.00932695171763217
EC-Earth3,-3.5,-3.4737,8,ES,Winter barley,precip,-0.0422245663447503
EC-Earth3,-2.5,-2.5448,11,ES,Winter barley,precip,-0.0421163630281174
IPSL-CM6A-LR,-5.5,-5.3985,4,ES,Winter barley,precip,0.0007580738625292
IPSL-CM6A-LR,-4.5,-4.3046,12,ES,Winter barley,precip,-0.0390963417600399
IPSL-CM6A-LR,-3.5,-3.5013,7,ES,Winter barley,precip,0.00685922424489624
IPSL-CM6A-LR,-2.5,-2.2964,6,ES,Winter barley,precip,0.012037379890766
EC-Earth3,-4.5,-4.5546,8,FR,Winter barley,precip,0.0158371874933578
EC-Earth3,-3.5,-3.4737,8,FR,Winter barley,precip,0.0240136631479652
EC-Earth3,-2.5,-2.5448,11,FR,Winter barley,precip,-0.0180831412733148
IPSL-CM6A-LR,-5.5,-5.3985,4,FR,Winter barley,precip,-0.0578836165292493
IPSL-CM6A-LR,-4.5,-4.3046,12,FR,Winter barley,precip,-0.01794646823384
IPSL-CM6A-LR,-3.5,-3.5013,7,FR,Winter barley,precip,-0.0357932606286847
IPSL-CM6A-LR,-2.5,-2.2964,6,FR,Winter barley,precip,0.00799630063075742
EC-Earth3,-4.5,-4.5546,8,HU,Winter barley,precip,-0.0347995019150817
EC-Earth3,-3.5,-3.4737,8,HU,Winter barley,precip,-0.100924893263576
EC-Earth3,-2.5,-2.5448,11,HU,Winter barley,precip,-0.0758441863390371
IPSL-CM6A-LR,-5.5,-5.3985,4,HU,Winter barley,precip,-0.0509801361292965
IPSL-CM6A-LR,-4.5,-4.3046,12,HU,Winter barley,precip,-0.0512506368240679
IPSL-CM6A-LR,-3.5,-3.5013,7,HU,Winter barley,precip,-0.00683545530515136
IPSL-CM6A-LR,-2.5,-2.2964,6,HU,Winter barley,precip,-0.0426572525989785
EC-Earth3,-4.5,-4.5546,8,IT,Winter barley,precip,-0.0207705919442355
EC-Earth3,-3.5,-3.4737,8,IT,Winter barley,precip,-0.0207428031295273
EC-Earth3,-2.5,-2.5448,11,IT,Winter barley,precip,-0.0613833848266991
IPSL-CM6A-LR,-5.5,-5.3985,4,IT,Winter barley,precip,0.00871853918038529
IPSL-CM6A-LR,-4.5,-4.3046,12,IT,Winter barley,precip,-0.0125949885468571
IPSL-CM6A-LR,-3.5,-3.5013,7,IT,Winter barley,precip,0.062551244988089
IPSL-CM6A-LR,-2.5,-2.2964,6,IT,Winter barley,precip,0.00492010745924525
EC-Earth3,-4.5,-4.5546,8,LT,Winter barley,precip,0.106376956648438
EC-Earth3,-3.5,-3.4737,8,LT,Winter barley,precip,0.0449722611167684
EC-Earth3,-2.5,-2.5448,11,LT,Winter barley,precip,0.109217554523292
IPSL-CM6A-LR,-5.5,-5.3985,4,LT,Winter barley,precip,0.0540667055663725
IPSL-CM6A-LR,-4.5,-4.3046,12,LT,Winter barley,precip,0.0447687022148861
IPSL-CM6A-LR,-3.5,-3.5013,7,LT,Winter barley,precip,0.0182532327590647
IPSL-CM6A-LR,-2.5,-2.2964,6,LT,Winter barley,precip,0.0583377385209425
EC-Earth3,-4.5,-4.5546,8,LV,Winter barley,precip,0.118010867526524
EC-Earth3,-3.5,-3.4737,8,LV,Winter barley,precip,0.0911497756564486
EC-Earth3,-2.5,-2.5448,11,LV,Winter barley,precip,0.11864426997842
IPSL-CM6A-LR,-5.5,-5.3985,4,LV,Winter barley,precip,0.0652985061476553
IPSL-CM6A-LR,-4.5,-4.3046,12,LV,Winter barley,precip,0.0630534213663993
IPSL-CM6A-LR,-3.5,-3.5013,7,LV,Winter barley,precip,0.040962349920016
IPSL-CM6A-LR,-2.5,-2.2964,6,LV,Winter barley,precip,0.0807497848941258
EC-Earth3,-4.5,-4.5546,8,SE,Winter barley,precip,0.0995826345703152
EC-Earth3,-3.5,-3.4737,8,SE,Winter barley,precip,0.060254705341821
EC-Earth3,-2.5,-2.5448,11,SE,Winter barley,precip,0.0914768948627261
IPSL-CM6A-LR,-5.5,-5.3985,4,SE,Winter barley,precip,0.0721718758052939
IPSL-CM6A-LR,-4.5,-4.3046,12,SE,Winter barley,precip,0.0710203472585859
IPSL-CM6A-LR,-3.5,-3.5013,7,SE,Winter barley,precip,0.0401764827092881
IPSL-CM6A-LR,-2.5,-2.2964,6,SE,Winter barley,precip,0.076101820285812
EC-Earth3,-4.5,-4.5546,8,SK,Winter barley,precip,-0.0377916539630456
EC-Earth3,-3.5,-3.4737,8,SK,Winter barley,precip,-0.0958807022037266
EC-Earth3,-2.5,-2.5448,11,SK,Winter barley,precip,-0.0459268948543372
IPSL-CM6A-LR,-5.5,-5.3985,4,SK,Winter barley,precip,-0.0619968477062935
IPSL-CM6A-LR,-4.5,-4.3046,12,SK,Winter barley,precip,-0.032932921717929
IPSL-CM6A-LR,-3.5,-3.5013,7,SK,Winter barley,precip,-0.00609561189521485
IPSL-CM6A-LR,-2.5,-2.2964,6,SK,Winter barley,precip,-0.0345420257433446
EC-Earth3,-4.5,-4.5546,8,CZ,Soft wheat,precip2,0.0197701414495907
EC-Earth3,-3.5,-3.4737,8,CZ,Soft wheat,precip2,0.0447425854284678
EC-Earth3,-2.5,-2.5448,11,CZ,Soft wheat,precip2,0.0226322612733994
IPSL-CM6A-LR,-5.5,-5.3985,4,CZ,Soft wheat,precip2,0.0522264803177476
IPSL-CM6A-LR,-4.5,-4.3046,12,CZ,Soft wheat,precip2,0.025959235251311
IPSL-CM6A-LR,-3.5,-3.5013,7,CZ,Soft wheat,precip2,0.0386567593485685
IPSL-CM6A-LR,-2.5,-2.2964,6,CZ,Soft wheat,precip2,0.0278940571760921
EC-Earth3,-4.5,-4.5546,8,DE,Soft wheat,precip2,-0.00683756919208905
EC-Earth3,-3.5,-3.4737,8,DE,Soft wheat,precip2,0.00100869707861639
EC-Earth3,-2.5,-2.5448,11,DE,Soft wheat,precip2,-0.0071180554940648
IPSL-CM6A-LR,-5.5,-5.3985,4,DE,Soft wheat,precip2,0.0127965083835711
IPSL-CM6A-LR,-4.5,-4.3046,12,DE,Soft wheat,precip2,-0.00579437269384342
IPSL-CM6A-LR,-3.5,-3.5013,7,DE,Soft wheat,precip2,0.0198764790866584
IPSL-CM6A-LR,-2.5,-2.2964,6,DE,Soft wheat,precip2,-0.0121222947845751
EC-Earth3,-4.5,-4.5546,8,DK,Soft wheat,precip2,-0.0454847045203169
EC-Earth3,-3.5,-3.4737,8,DK,Soft wheat,precip2,-0.0356726179801006
EC-Earth3,-2.5,-2.5448,11,DK,Soft wheat,precip2,-0.0469249993157854
IPSL-CM6A-LR,-5.5,-5.3985,4,DK,Soft wheat,precip2,-0.0271155849441571
IPSL-CM6A-LR,-4.5,-4.3046,12,DK,Soft wheat,precip2,-0.0567513038508734
IPSL-CM6A-LR,-3.5,-3.5013,7,DK,Soft wheat,precip2,-0.0018105545361693
IPSL-CM6A-LR,-2.5,-2.2964,6,DK,Soft wheat,precip2,-0.0553125631707239
EC-Earth3,-4.5,-4.5546,8,EE,Soft wheat,precip2,-0.088924600254265
EC-Earth3,-3.5,-3.4737,8,EE,Soft wheat,precip2,-0.0845888638197495
EC-Earth3,-2.5,-2.5448,11,EE,Soft wheat,precip2,-0.0929426713423639
IPSL-CM6A-LR,-5.5,-5.3985,4,EE,Soft wheat,precip2,-0.03048461164363
IPSL-CM6A-LR,-4.5,-4.3046,12,EE,Soft wheat,precip2,-0.0314493079792748
IPSL-CM6A-LR,-3.5,-3.5013,7,EE,Soft wheat,precip2,-0.0276586499883705
IPSL-CM6A-LR,-2.5,-2.2964,6,EE,Soft wheat,precip2,-0.059950821924053
EC-Earth3,-4.5,-4.5546,8,EL,Soft wheat,precip2,-0.00686792950520386
EC-Earth3,-3.5,-3.4737,8,EL,Soft wheat,precip2,0.00242905296283872
EC-Earth3,-2.5,-2.5448,11,EL,Soft wheat,precip2,0.00261926698274464
IPSL-CM6A-LR,-5.5,-5.3985,4,EL,Soft wheat,precip2,0.0113108401388629
IPSL-CM6A-LR,-4.5,-4.3046,12,EL,Soft wheat,precip2,0.00506248066959937
IPSL-CM6A-LR,-3.5,-3.5013,7,EL,Soft wheat,precip2,-0.00898140156451248
IPSL-CM6A-LR,-2.5,-2.2964,6,EL,Soft wheat,precip2,-0.0131860469986762
EC-Earth3,-4.5,-4.5546,8,ES,Soft wheat,precip2,-0.00240526653663796
EC-Earth3,-3.5,-3.4737,8,ES,Soft wheat,precip2,0.0167811443576911
EC-Earth3,-2.5,-2.5448,11,ES,Soft wheat,precip2,0.0160942759307312
IPSL-CM6A-LR,-5.5,-5.3985,4,ES,Soft wheat,precip2,-0.00601135423794764
IPSL-CM6A-LR,-4.5,-4.3046,12,ES,Soft wheat,precip2,0.0151441853811747
IPSL-CM6A-LR,-3.5,-3.5013,7,ES,Soft wheat,precip2,-0.00221169327299556
IPSL-CM6A-LR,-2.5,-2.2964,6,ES,Soft wheat,precip2,-0.0097388351221776
EC-Earth3,-4.5,-4.5546,8,FI,Soft wheat,precip2,-0.0840342482361246
EC-Earth3,-3.5,-3.4737,8,FI,Soft wheat,precip2,-0.0670655253288104
EC-Earth3,-2.5,-2.5448,11,FI,Soft wheat,precip2,-0.0685442246167065
IPSL-CM6A-LR,-5.5,-5.3985,4,FI,Soft wheat,precip2,-0.0483851343441235
IPSL-CM6A-LR,-4.5,-4.3046,12,FI,Soft wheat,precip2,-0.0453944334946041
IPSL-CM6A-LR,-3.5,-3.5013,7,FI,Soft wheat,precip2,-0.0472465717634941
IPSL-CM6A-LR,-2.5,-2.2964,6,FI,Soft wheat,precip2,-0.055822798570155
EC-Earth3,-4.5,-4.5546,8,FR,Soft wheat,precip2,-0.0114499192146972
EC-Earth3,-3.5,-3.4737,8,FR,Soft wheat,precip2,-0.0211361562622129
EC-Earth3,-2.5,-2.5448,11,FR,Soft wheat,precip2,0.0102138309407055
IPSL-CM6A-LR,-5.5,-5.3985,4,FR,Soft wheat,precip2,0.041093080240149
IPSL-CM6A-LR,-4.5,-4.3046,12,FR,Soft wheat,precip2,0.0129178428708118
IPSL-CM6A-LR,-3.5,-3.5013,7,FR,Soft wheat,precip2,0.0273062412762999
IPSL-CM6A-LR,-2.5,-2.2964,6,FR,Soft wheat,precip2,-0.00430106176636672
EC-Earth3,-4.5,-4.5546,8,HU,Soft wheat,precip2,0.0190622856007232
EC-Earth3,-3.5,-3.4737,8,HU,Soft wheat,precip2,0.0527092799572098
EC-Earth3,-2.5,-2.5448,11,HU,Soft wheat,precip2,0.0406393679194351
IPSL-CM6A-LR,-5.5,-5.3985,4,HU,Soft wheat,precip2,0.027842223422626
IPSL-CM6A-LR,-4.5,-4.3046,12,HU,Soft wheat,precip2,0.0282336015048671
IPSL-CM6A-LR,-3.5,-3.5013,7,HU,Soft wheat,precip2,0.00333255700338282
IPSL-CM6A-LR,-2.5,-2.2964,6,HU,Soft wheat,precip2,0.0245986149506226
EC-Earth3,-4.5,-4.5546,8,IT,Soft wheat,precip2,0.0194206934909633
EC-Earth3,-3.5,-3.4737,8,IT,Soft wheat,precip2,0.00919274940296044
EC-Earth3,-2.5,-2.5448,11,IT,Soft wheat,precip2,0.0569038609551946
IPSL-CM6A-LR,-5.5,-5.3985,4,IT,Soft wheat,precip2,-0.013393700018534
IPSL-CM6A-LR,-4.5,-4.3046,12,IT,Soft wheat,precip2,0.0204134079759545
IPSL-CM6A-LR,-3.5,-3.5013,7,IT,Soft wheat,precip2,-0.0556721678143364
IPSL-CM6A-LR,-2.5,-2.2964,6,IT,Soft wheat,precip2,0.0120674996308077
EC-Earth3,-4.5,-4.5546,8,LT,Soft wheat,precip2,-0.0730595080324485
EC-Earth3,-3.5,-3.4737,8,LT,Soft wheat,precip2,-0.0259957799439398
EC-Earth3,-2.5,-2.5448,11,LT,Soft wheat,precip2,-0.076486055419622
IPSL-CM6A-LR,-5.5,-5.3985,4,LT,Soft wheat,precip2,-0.0336973926078871
IPSL-CM6A-LR,-4.5,-4.3046,12,LT,Soft wheat,precip2,-0.02674098764835
IPSL-CM6A-LR,-3.5,-3.5013,7,LT,Soft wheat,precip2,-0.00928527831619261
IPSL-CM6A-LR,-2.5,-2.2964,6,LT,Soft wheat,precip2,-0.035552785057304
EC-Earth3,-4.5,-4.5546,8,LV,Soft wheat,precip2,-0.0806255007530336
EC-Earth3,-3.5,-3.4737,8,LV,Soft wheat,precip2,-0.0594314404130502
EC-Earth3,-2.5,-2.5448,11,LV,Soft wheat,precip2,-0.0818954073236032
IPSL-CM6A-LR,-5.5,-5.3985,4,LV,Soft wheat,precip2,-0.0398581914413874
IPSL-CM6A-LR,-4.5,-4.3046,12,LV,Soft wheat,precip2,-0.0377744200425043
IPSL-CM6A-LR,-3.5,-3.5013,7,LV,Soft wheat,precip2,-0.0226701754367376
IPSL-CM6A-LR,-2.5,-2.2964,6,LV,Soft wheat,precip2,-0.0499257370995697
EC-Earth3,-4.5,-4.5546,8,RO,Soft wheat,precip2,0.00219319043941206
EC-Earth3,-3.5,-3.4737,8,RO,Soft wheat,precip2,0.0461215776349808
EC-Earth3,-2.5,-2.5448,11,RO,Soft wheat,precip2,0.0113298567357813
IPSL-CM6A-LR,-5.5,-5.3985,4,RO,Soft wheat,precip2,0.0349658482901449
IPSL-CM6A-LR,-4.5,-4.3046,12,RO,Soft wheat,precip2,0.0171986110181641
IPSL-CM6A-LR,-3.5,-3.5013,7,RO,Soft wheat,precip2,-0.0113404717083883
IPSL-CM6A-LR,-2.5,-2.2964,6,RO,Soft wheat,precip2,0.0279855717162791
EC-Earth3,-4.5,-4.5546,8,SE,Soft wheat,precip2,-0.0805395472040822
EC-Earth3,-3.5,-3.4737,8,SE,Soft wheat,precip2,-0.0415868429999761
EC-Earth3,-2.5,-2.5448,11,SE,Soft wheat,precip2,-0.0607784699855078
IPSL-CM6A-LR,-5.5,-5.3985,4,SE,Soft wheat,precip2,-0.0400571103932141
IPSL-CM6A-LR,-4.5,-4.3046,12,SE,Soft wheat,precip2,-0.0442259504987164
IPSL-CM6A-LR,-3.5,-3.5013,7,SE,Soft wheat,precip2,-0.0227988918764557
IPSL-CM6A-LR,-2.5,-2.2964,6,SE,Soft wheat,precip2,-0.0456476742536661
EC-Earth3,-4.5,-4.5546,8,SK,Soft wheat,precip2,0.0283438448595625
EC-Earth3,-3.5,-3.4737,8,SK,Soft wheat,precip2,0.0639918115126221
EC-Earth3,-2.5,-2.5448,11,SK,Soft wheat,precip2,0.0325258003852251
IPSL-CM6A-LR,-5.5,-5.3985,4,SK,Soft wheat,precip2,0.0441511959458415
IPSL-CM6A-LR,-4.5,-4.3046,12,SK,Soft wheat,precip2,0.0250706800456853
IPSL-CM6A-LR,-3.5,-3.5013,7,SK,Soft wheat,precip2,0.00675600525334155
IPSL-CM6A-LR,-2.5,-2.2964,6,SK,Soft wheat,precip2,0.0281015809987884
EC-Earth3,-4.5,-4.5546,8,EL,Durum wheat,precip2,-0.00518404827455766
EC-Earth3,-3.5,-3.4737,8,EL,Durum wheat,precip2,0.000698576520156083
EC-Earth3,-2.5,-2.5448,11,EL,Durum wheat,precip2,0.00400463715173026
IPSL-CM6A-LR,-5.5,-5.3985,4,EL,Durum wheat,precip2,0.00860696611907966
IPSL-CM6A-LR,-4.5,-4.3046,12,EL,Durum wheat,precip2,0.00273951438006116
IPSL-CM6A-LR,-3.5,-3.5013,7,EL,Durum wheat,precip2,-0.00825176208914593
IPSL-CM6A-LR,-2.5,-2.2964,6,EL,Durum wheat,precip2,-0.0101616998908708
EC-Earth3,-4.5,-4.5546,8,ES,Durum wheat,precip2,0.00356509306060311
EC-Earth3,-3.5,-3.4737,8,ES,Durum wheat,precip2,0.0172401082160399
EC-Earth3,-2.5,-2.5448,11,ES,Durum wheat,precip2,0.0148504188468473
IPSL-CM6A-LR,-5.5,-5.3985,4,ES,Durum wheat,precip2,0.00543184886312976
IPSL-CM6A-LR,-4.5,-4.3046,12,ES,Durum wheat,precip2,0.0195175055729082
IPSL-CM6A-LR,-3.5,-3.5013,7,ES,Durum wheat,precip2,0.0049464721107367
IPSL-CM6A-LR,-2.5,-2.2964,6,ES,Durum wheat,precip2,-0.0130020995382333
EC-Earth3,-4.5,-4.5546,8,FR,Durum wheat,precip2,0.0084947330821313
EC-Earth3,-3.5,-3.4737,8,FR,Durum wheat,precip2,0.00707781490000288
EC-Earth3,-2.5,-2.5448,11,FR,Durum wheat,precip2,0.0397582387466929
IPSL-CM6A-LR,-5.5,-5.3985,4,FR,Durum wheat,precip2,0.0308335207359592
IPSL-CM6A-LR,-4.5,-4.3046,12,FR,Durum wheat,precip2,0.027539088694622
IPSL-CM6A-LR,-3.5,-3.5013,7,FR,Durum wheat,precip2,0.0157384447998595
IPSL-CM6A-LR,-2.5,-2.2964,6,FR,Durum wheat,precip2,0.00700352855343062
EC-Earth3,-4.5,-4.5546,8,HU,Durum wheat,precip2,0.0190647595198997
EC-Earth3,-3.5,-3.4737,8,HU,Durum wheat,precip2,0.0504581032933049
EC-Earth3,-2.5,-2.5448,11,HU,Durum wheat,precip2,0.0406515783057553
IPSL-CM6A-LR,-5.5,-5.3985,4,HU,Durum wheat,precip2,0.0261824062000178
IPSL-CM6A-LR,-4.5,-4.3046,12,HU,Durum wheat,precip2,0.027778924394175
IPSL-CM6A-LR,-3.5,-3.5013,7,HU,Durum wheat,precip2,0.00268748955733285
IPSL-CM6A-LR,-2.5,-2.2964,6,HU,Durum wheat,precip2,0.0231841695906381
EC-Earth3,-4.5,-4.5546,8,IT,Durum wheat,precip2,0.00266230090186948
EC-Earth3,-3.5,-3.4737,8,IT,Durum wheat,precip2,0.00952418393333912
EC-Earth3,-2.5,-2.5448,11,IT,Durum wheat,precip2,0.0138421578302011
IPSL-CM6A-LR,-5.5,-5.3985,4,IT,Durum wheat,precip2,-0.00293324852222056
IPSL-CM6A-LR,-4.5,-4.3046,12,IT,Durum wheat,precip2,-0.00389094182568173
IPSL-CM6A-LR,-3.5,-3.5013,7,IT,Durum wheat,precip2,-0.0471765409884527
IPSL-CM6A-LR,-2.5,-2.2964,6,IT,Durum wheat,precip2,-0.018727187373573
EC-Earth3,-4.5,-4.5546,8,RO,Durum wheat,precip2,0.00679734564573876
EC-Earth3,-3.5,-3.4737,8,RO,Durum wheat,precip2,0.0525253833898238
EC-Earth3,-2.5,-2.5448,11,RO,Durum wheat,precip2,0.015801991217295
IPSL-CM6A-LR,-5.5,-5.3985,4,RO,Durum wheat,precip2,0.0383102609498203
IPSL-CM6A-LR,-4.5,-4.3046,12,RO,Durum wheat,precip2,0.0212719815546667
IPSL-CM6A-LR,-3.5,-3.5013,7,RO,Durum wheat,precip2,-0.00662136167575821
IPSL-CM6A-LR,-2.5,-2.2964,6,RO,Durum wheat,precip2,0.0322916942254201
EC-Earth3,-4.5,-4.5546,8,SK,Durum wheat,precip2,0.0171106465753714
EC-Earth3,-3.5,-3.4737,8,SK,Durum wheat,precip2,0.0477193545108166
EC-Earth3,-2.5,-2.5448,11,SK,Durum wheat,precip2,0.0256573158757363
IPSL-CM6A-LR,-5.5,-5.3985,4,SK,Durum wheat,precip2,0.0314829700580971
IPSL-CM6A-LR,-4.5,-4.3046,12,SK,Durum wheat,precip2,0.0171701068577185
IPSL-CM6A-LR,-3.5,-3.5013,7,SK,Durum wheat,precip2,0.000325021408174256
IPSL-CM6A-LR,-2.5,-2.2964,6,SK,Durum wheat,precip2,0.0152597930358357
EC-Earth3,-4.5,-4.5546,8,CZ,Spring barley,precip2,0.0276950825404662
EC-Earth3,-3.5,-3.4737,8,CZ,Spring barley,precip2,0.063458684465463
EC-Earth3,-2.5,-2.5448,11,CZ,Spring barley,precip2,0.0318388381757151
IPSL-CM6A-LR,-5.5,-5.3985,4,CZ,Spring barley,precip2,0.0734958151411056
IPSL-CM6A-LR,-4.5,-4.3046,12,CZ,Spring barley,precip2,0.0378400666891368
IPSL-CM6A-LR,-3.5,-3.5013,7,CZ,Spring barley,precip2,0.0550526050397285
IPSL-CM6A-LR,-2.5,-2.2964,6,CZ,Spring barley,precip2,0.0384458486199299
EC-Earth3,-4.5,-4.5546,8,DE,Spring barley,precip2,-0.00956964398006963
EC-Earth3,-3.5,-3.4737,8,DE,Spring barley,precip2,-0.00393506659681153
EC-Earth3,-2.5,-2.5448,11,DE,Spring barley,precip2,-0.00638536636470759
IPSL-CM6A-LR,-5.5,-5.3985,4,DE,Spring barley,precip2,0.025303982769683
IPSL-CM6A-LR,-4.5,-4.3046,12,DE,Spring barley,precip2,-0.00802480746998288
IPSL-CM6A-LR,-3.5,-3.5013,7,DE,Spring barley,precip2,0.0221424457882439
IPSL-CM6A-LR,-2.5,-2.2964,6,DE,Spring barley,precip2,-0.0163615126459994
EC-Earth3,-4.5,-4.5546,8,DK,Spring barley,precip2,-0.068601929495422
EC-Earth3,-3.5,-3.4737,8,DK,Spring barley,precip2,-0.0569769633357344
EC-Earth3,-2.5,-2.5448,11,DK,Spring barley,precip2,-0.0700255934873913
IPSL-CM6A-LR,-5.5,-5.3985,4,DK,Spring barley,precip2,-0.0399621802678632
IPSL-CM6A-LR,-4.5,-4.3046,12,DK,Spring barley,precip2,-0.0846483559911878
IPSL-CM6A-LR,-3.5,-3.5013,7,DK,Spring barley,precip2,-0.00325534859651488
IPSL-CM6A-LR,-2.5,-2.2964,6,DK,Spring barley,precip2,-0.0806998050036891
EC-Earth3,-4.5,-4.5546,8,EE,Spring barley,precip2,-0.122791465731369
EC-Earth3,-3.5,-3.4737,8,EE,Spring barley,precip2,-0.11622784445564
EC-Earth3,-2.5,-2.5448,11,EE,Spring barley,precip2,-0.127971643538147
IPSL-CM6A-LR,-5.5,-5.3985,4,EE,Spring barley,precip2,-0.0416834986195512
IPSL-CM6A-LR,-4.5,-4.3046,12,EE,Spring barley,precip2,-0.0433577580779681
IPSL-CM6A-LR,-3.5,-3.5013,7,EE,Spring barley,precip2,-0.0391163493131447
IPSL-CM6A-LR,-2.5,-2.2964,6,EE,Spring barley,precip2,-0.0835431230097209
EC-Earth3,-4.5,-4.5546,8,ES,Spring barley,precip2,0.004723341789515
EC-Earth3,-3.5,-3.4737,8,ES,Spring barley,precip2,0.0265291667484446
EC-Earth3,-2.5,-2.5448,11,ES,Spring barley,precip2,0.0280590803063025
IPSL-CM6A-LR,-5.5,-5.3985,4,ES,Spring barley,precip2,-0.0073657993400516
IPSL-CM6A-LR,-4.5,-4.3046,12,ES,Spring barley,precip2,0.0240262192723772
IPSL-CM6A-LR,-3.5,-3.5013,7,ES,Spring barley,precip2,-0.0012303690128412
IPSL-CM6A-LR,-2.5,-2.2964,6,ES,Spring barley,precip2,-0.00537388540713096
EC-Earth3,-4.5,-4.5546,8,FI,Spring barley,precip2,-0.118178957405555
EC-Earth3,-3.5,-3.4737,8,FI,Spring barley,precip2,-0.101004555904801
EC-Earth3,-2.5,-2.5448,11,FI,Spring barley,precip2,-0.0983364508541614
IPSL-CM6A-LR,-5.5,-5.3985,4,FI,Spring barley,precip2,-0.0671487104955229
IPSL-CM6A-LR,-4.5,-4.3046,12,FI,Spring barley,precip2,-0.0592511610054874
IPSL-CM6A-LR,-3.5,-3.5013,7,FI,Spring barley,precip2,-0.0617402548363133
IPSL-CM6A-LR,-2.5,-2.2964,6,FI,Spring barley,precip2,-0.076752133144182
EC-Earth3,-4.5,-4.5546,8,FR,Spring barley,precip2,-0.0265663506518066
EC-Earth3,-3.5,-3.4737,8,FR,Spring barley,precip2,-0.0272977403875437
EC-Earth3,-2.5,-2.5448,11,FR,Spring barley,precip2,0.0140359020161674
IPSL-CM6A-LR,-5.5,-5.3985,4,FR,Spring barley,precip2,0.0480422437373049
IPSL-CM6A-LR,-4.5,-4.3046,12,FR,Spring barley,precip2,0.0139306262462302
IPSL-CM6A-LR,-3.5,-3.5013,7,FR,Spring barley,precip2,0.0400175578410666
IPSL-CM6A-LR,-2.5,-2.2964,6,FR,Spring barley,precip2,-0.0100570338278127
EC-Earth3,-4.5,-4.5546,8,HU,Spring barley,precip2,0.0268404199420157
EC-Earth3,-3.5,-3.4737,8,HU,Spring barley,precip2,0.0760337803900135
EC-Earth3,-2.5,-2.5448,11,HU,Spring barley,precip2,0.0554488566340105
IPSL-CM6A-LR,-5.5,-5.3985,4,HU,Spring barley,precip2,0.0422824732157526
IPSL-CM6A-LR,-4.5,-4.3046,12,HU,Spring barley,precip2,0.0395439617262083
IPSL-CM6A-LR,-3.5,-3.5013,7,HU,Spring barley,precip2,0.00467215216184279
IPSL-CM6A-LR,-2.5,-2.2964,6,HU,Spring barley,precip2,0.0340359461355867
EC-Earth3,-4.5,-4.5546,8,LT,Spring barley,precip2,-0.104490742615393
EC-Earth3,-3.5,-3.4737,8,LT,Spring barley,precip2,-0.0415481520176571
EC-Earth3,-2.5,-2.5448,11,LT,Spring barley,precip2,-0.107384226415239
IPSL-CM6A-LR,-5.5,-5.3985,4,LT,Spring barley,precip2,-0.0481842298151644
IPSL-CM6A-LR,-4.5,-4.3046,12,LT,Spring barley,precip2,-0.0392979440593986
IPSL-CM6A-LR,-3.5,-3.5013,7,LT,Spring barley,precip2,-0.0148360392274629
IPSL-CM6A-LR,-2.5,-2.2964,6,LT,Spring barley,precip2,-0.0521538204347285
EC-Earth3,-4.5,-4.5546,8,LV,Spring barley,precip2,-0.113943966062742
EC-Earth3,-3.5,-3.4737,8,LV,Spring barley,precip2,-0.0878419165110872
EC-Earth3,-2.5,-2.5448,11,LV,Spring barley,precip2,-0.117427663458632
IPSL-CM6A-LR,-5.5,-5.3985,4,LV,Spring barley,precip2,-0.0589724424064808
IPSL-CM6A-LR,-4.5,-4.3046,12,LV,Spring barley,precip2,-0.0540248270773295
IPSL-CM6A-LR,-3.5,-3.5013,7,LV,Spring barley,precip2,-0.0329408505590226
IPSL-CM6A-LR,-2.5,-2.2964,6,LV,Spring barley,precip2,-0.0708390158391338
EC-Earth3,-4.5,-4.5546,8,SE,Spring barley,precip2,-0.110776307566178
EC-Earth3,-3.5,-3.4737,8,SE,Spring barley,precip2,-0.0624820947775118
EC-Earth3,-2.5,-2.5448,11,SE,Spring barley,precip2,-0.0874544164847633
IPSL-CM6A-LR,-5.5,-5.3985,4,SE,Spring barley,precip2,-0.0621667524141661
IPSL-CM6A-LR,-4.5,-4.3046,12,SE,Spring barley,precip2,-0.0668063201032304
IPSL-CM6A-LR,-3.5,-3.5013,7,SE,Spring barley,precip2,-0.0374549256115376
IPSL-CM6A-LR,-2.5,-2.2964,6,SE,Spring barley,precip2,-0.0700875747402367
EC-Earth3,-4.5,-4.5546,8,SK,Spring barley,precip2,0.0350665249806774
EC-Earth3,-3.5,-3.4737,8,SK,Spring barley,precip2,0.0829211235354186
EC-Earth3,-2.5,-2.5448,11,SK,Spring barley,precip2,0.0424052940513432
IPSL-CM6A-LR,-5.5,-5.3985,4,SK,Spring barley,precip2,0.0575573438092066
IPSL-CM6A-LR,-4.5,-4.3046,12,SK,Spring barley,precip2,0.0328058929357253
IPSL-CM6A-LR,-3.5,-3.5013,7,SK,Spring barley,precip2,0.00826810236115886
IPSL-CM6A-LR,-2.5,-2.2964,6,SK,Spring barley,precip2,0.0347792776152919
EC-Earth3,-4.5,-4.5546,8,CZ,Winter barley,precip2,0.0202182476747795
EC-Earth3,-3.5,-3.4737,8,CZ,Winter barley,precip2,0.0456154714119921
EC-Earth3,-2.5,-2.5448,11,CZ,Winter barley,precip2,0.0233403559333727
IPSL-CM6A-LR,-5.5,-5.3985,4,CZ,Winter barley,precip2,0.0558420553274924
IPSL-CM6A-LR,-4.5,-4.3046,12,CZ,Winter barley,precip2,0.0261263344423509
IPSL-CM6A-LR,-3.5,-3.5013,7,CZ,Winter barley,precip2,0.0407084942639422
IPSL-CM6A-LR,-2.5,-2.2964,6,CZ,Winter barley,precip2,0.0299220986107216
EC-Earth3,-4.5,-4.5546,8,DE,Winter barley,precip2,-0.00638874108875494
EC-Earth3,-3.5,-3.4737,8,DE,Winter barley,precip2,0.00105525177021772
EC-Earth3,-2.5,-2.5448,11,DE,Winter barley,precip2,-0.00779176855330626
IPSL-CM6A-LR,-5.5,-5.3985,4,DE,Winter barley,precip2,0.0132694065969074
IPSL-CM6A-LR,-4.5,-4.3046,12,DE,Winter barley,precip2,-0.00663584602329443
IPSL-CM6A-LR,-3.5,-3.5013,7,DE,Winter barley,precip2,0.0187343175280775
IPSL-CM6A-LR,-2.5,-2.2964,6,DE,Winter barley,precip2,-0.013324614423375
EC-Earth3,-4.5,-4.5546,8,DK,Winter barley,precip2,-0.0543911150500782
EC-Earth3,-3.5,-3.4737,8,DK,Winter barley,precip2,-0.0433502726308976
EC-Earth3,-2.5,-2.5448,11,DK,Winter barley,precip2,-0.0552820280514732
IPSL-CM6A-LR,-5.5,-5.3985,4,DK,Winter barley,precip2,-0.0309113453124717
IPSL-CM6A-LR,-4.5,-4.3046,12,DK,Winter barley,precip2,-0.0656246242830978
IPSL-CM6A-LR,-3.5,-3.5013,7,DK,Winter barley,precip2,-0.00298239500004186
IPSL-CM6A-LR,-2.5,-2.2964,6,DK,Winter barley,precip2,-0.0626371465526202
EC-Earth3,-4.5,-4.5546,8,EE,Winter barley,precip2,-0.0904697683792355
EC-Earth3,-3.5,-3.4737,8,EE,Winter barley,precip2,-0.0855357015530303
EC-Earth3,-2.5,-2.5448,11,EE,Winter barley,precip2,-0.0941970393407497
IPSL-CM6A-LR,-5.5,-5.3985,4,EE,Winter barley,precip2,-0.0299006721713011
IPSL-CM6A-LR,-4.5,-4.3046,12,EE,Winter barley,precip2,-0.0318604168035441
IPSL-CM6A-LR,-3.5,-3.5013,7,EE,Winter barley,precip2,-0.0285968103901675
IPSL-CM6A-LR,-2.5,-2.2964,6,EE,Winter barley,precip2,-0.0620756750795222
EC-Earth3,-4.5,-4.5546,8,EL,Winter barley,precip2,-0.00838600783250691
EC-Earth3,-3.5,-3.4737,8,EL,Winter barley,precip2,-0.00145358174291741
EC-Earth3,-2.5,-2.5448,11,EL,Winter barley,precip2,0.000348796536350693
IPSL-CM6A-LR,-5.5,-5.3985,4,EL,Winter barley,precip2,0.00958562107475624
IPSL-CM6A-LR,-4.5,-4.3046,12,EL,Winter barley,precip2,0.00234523370938404
IPSL-CM6A-LR,-3.5,-3.5013,7,EL,Winter barley,precip2,-0.0109998845170964
IPSL-CM6A-LR,-2.5,-2.2964,6,EL,Winter barley,precip2,-0.0136918246343864
EC-Earth3,-4.5,-4.5546,8,ES,Winter barley,precip2,0.00162326038769044
EC-Earth3,-3.5,-3.4737,8,ES,Winter barley,precip2,0.0182160622103909
EC-Earth3,-2.5,-2.5448,11,ES,Winter barley,precip2,0.0199129034561989
IPSL-CM6A-LR,-5.5,-5.3985,4,ES,Winter barley,precip2,-0.00217749569638188
IPSL-CM6A-LR,-4.5,-4.3046,12,ES,Winter barley,precip2,0.0169558328731187
IPSL-CM6A-LR,-3.5,-3.5013,7,ES,Winter barley,precip2,-0.00410578412138424
IPSL-CM6A-LR,-2.5,-2.2964,6,ES,Winter barley,precip2,-0.00976666139697902
EC-Earth3,-4.5,-4.5546,8,FR,Winter barley,precip2,-0.0156382613354629
EC-Earth3,-3.5,-3.4737,8,FR,Winter barley,precip2,-0.0215130248995219
EC-Earth3,-2.5,-2.5448,11,FR,Winter barley,precip2,0.0138165073160158
IPSL-CM6A-LR,-5.5,-5.3985,4,FR,Winter barley,precip2,0.0429331149832359
IPSL-CM6A-LR,-4.5,-4.3046,12,FR,Winter barley,precip2,0.0150794398979601
IPSL-CM6A-LR,-3.5,-3.5013,7,FR,Winter barley,precip2,0.0281057992575974
IPSL-CM6A-LR,-2.5,-2.2964,6,FR,Winter barley,precip2,-0.00705164929782116
EC-Earth3,-4.5,-4.5546,8,HU,Winter barley,precip2,0.0196187358969152
EC-Earth3,-3.5,-3.4737,8,HU,Winter barley,precip2,0.0544863894613638
EC-Earth3,-2.5,-2.5448,11,HU,Winter barley,precip2,0.0429366159957944
IPSL-CM6A-LR,-5.5,-5.3985,4,HU,Winter barley,precip2,0.028821873520344
IPSL-CM6A-LR,-4.5,-4.3046,12,HU,Winter barley,precip2,0.0302208358114276
IPSL-CM6A-LR,-3.5,-3.5013,7,HU,Winter barley,precip2,0.00266781787032077
IPSL-CM6A-LR,-2.5,-2.2964,6,HU,Winter barley,precip2,0.0252519483283254
EC-Earth3,-4.5,-4.5546,8,IT,Winter barley,precip2,0.0109816861273543
EC-Earth3,-3.5,-3.4737,8,IT,Winter barley,precip2,0.0132628268230944
EC-Earth3,-2.5,-2.5448,11,IT,Winter barley,precip2,0.042317951146462
IPSL-CM6A-LR,-5.5,-5.3985,4,IT,Winter barley,precip2,-0.00613245728350477
IPSL-CM6A-LR,-4.5,-4.3046,12,IT,Winter barley,precip2,0.0110083354861027
IPSL-CM6A-LR,-3.5,-3.5013,7,IT,Winter barley,precip2,-0.0565439145874369
IPSL-CM6A-LR,-2.5,-2.2964,6,IT,Winter barley,precip2,-0.00322165796350921
EC-Earth3,-4.5,-4.5546,8,LT,Winter barley,precip2,-0.0765337527111242
EC-Earth3,-3.5,-3.4737,8,LT,Winter barley,precip2,-0.0279999539884473
EC-Earth3,-2.5,-2.5448,11,LT,Winter barley,precip2,-0.0792929280594018
IPSL-CM6A-LR,-5.5,-5.3985,4,LT,Winter barley,precip2,-0.0341388532392647
IPSL-CM6A-LR,-4.5,-4.3046,12,LT,Winter barley,precip2,-0.0277798473083157
IPSL-CM6A-LR,-3.5,-3.5013,7,LT,Winter barley,precip2,-0.00969318304012734
IPSL-CM6A-LR,-2.5,-2.2964,6,LT,Winter barley,precip2,-0.0374631914519729
EC-Earth3,-4.5,-4.5546,8,LV,Winter barley,precip2,-0.0843719595062177
EC-Earth3,-3.5,-3.4737,8,LV,Winter barley,precip2,-0.0626560386914368
EC-Earth3,-2.5,-2.5448,11,LV,Winter barley,precip2,-0.0849632750870365
IPSL-CM6A-LR,-5.5,-5.3985,4,LV,Winter barley,precip2,-0.0413629381756242
IPSL-CM6A-LR,-4.5,-4.3046,12,LV,Winter barley,precip2,-0.0401405663782401
IPSL-CM6A-LR,-3.5,-3.5013,7,LV,Winter barley,precip2,-0.0248175112978231
IPSL-CM6A-LR,-2.5,-2.2964,6,LV,Winter barley,precip2,-0.0541181000557983
EC-Earth3,-4.5,-4.5546,8,SE,Winter barley,precip2,-0.0722794804460234
EC-Earth3,-3.5,-3.4737,8,SE,Winter barley,precip2,-0.0411586228883803
EC-Earth3,-2.5,-2.5448,11,SE,Winter barley,precip2,-0.0649167690717917
IPSL-CM6A-LR,-5.5,-5.3985,4,SE,Winter barley,precip2,-0.050312354069002
IPSL-CM6A-LR,-4.5,-4.3046,12,SE,Winter barley,precip2,-0.050431975814161
IPSL-CM6A-LR,-3.5,-3.5013,7,SE,Winter barley,precip2,-0.026337678759808
IPSL-CM6A-LR,-2.5,-2.2964,6,SE,Winter barley,precip2,-0.052323271875081
EC-Earth3,-4.5,-4.5546,8,SK,Winter barley,precip2,0.0291155975540016
EC-Earth3,-3.5,-3.4737,8,SK,Winter barley,precip2,0.066031097086352
EC-Earth3,-2.5,-2.5448,11,SK,Winter barley,precip2,0.0337901374358244
IPSL-CM6A-LR,-5.5,-5.3985,4,SK,Winter barley,precip2,0.045063428532596
IPSL-CM6A-LR,-4.5,-4.3046,12,SK,Winter barley,precip2,0.0250339148402896
IPSL-CM6A-LR,-3.5,-3.5013,7,SK,Winter barley,precip2,0.00554089410579657
IPSL-CM6A-LR,-2.5,-2.2964,6,SK,Winter barley,precip2,0.0273907072116073
