model,bin_id,delta_sv,n_years,cntr,crop,component,dln
EC-Earth3,-4.5,-4.5546,8,CZ,Soft wheat,gdd_mj,-0.170559900645283
EC-Earth3,-3.5,-3.4737,8,CZ,Soft wheat,gdd_mj,-0.223119294549267
EC-Earth3,-2.5,-2.5448,11,CZ,Soft wheat,gdd_mj,-0.151753827422787
IPSL-CM6A-LR,-5.5,-5.3985,4,CZ,Soft wheat,gdd_mj,-0.188980690251661
IPSL-CM6A-LR,-4.5,-4.3046,12,CZ,Soft wheat,gdd_mj,-0.171772811205803
IPSL-CM6A-LR,-3.5,-3.5013,7,CZ,Soft wheat,gdd_mj,-0.171133557175024
IPSL-CM6A-LR,-2.5,-2.2964,6,CZ,Soft wheat,gdd_mj,-0.140176503597774
EC-Earth3,-4.5,-4.5546,8,DE,Soft wheat,gdd_mj,-0.164560982739224
EC-Earth3,-3.5,-3.4737,8,DE,Soft wheat,gdd_mj,-0.209398712923774
EC-Earth3,-2.5,-2.5448,11,DE,Soft wheat,gdd_mj,-0.142228222285014
IPSL-CM6A-LR,-5.5,-5.3985,4,DE,Soft wheat,gdd_mj,-0.186260193246597
IPSL-CM6A-LR,-4.5,-4.3046,12,DE,Soft wheat,gdd_mj,-0.157238033741867
IPSL-CM6A-LR,-3.5,-3.5013,7,DE,Soft wheat,gdd_mj,-0.171700547893382
IPSL-CM6A-LR,-2.5,-2.2964,6,DE,Soft wheat,gdd_mj,-0.124129782720426
EC-Earth3,-4.5,-4.5546,8,DK,Soft wheat,gdd_mj,-0.154257465166507
EC-Earth3,-3.5,-3.4737,8,DK,Soft wheat,gdd_mj,-0.194167131159676
EC-Earth3,-2.5,-2.5448,11,DK,Soft wheat,gdd_mj,-0.135143257362805
IPSL-CM6A-LR,-5.5,-5.3985,4,DK,Soft wheat,gdd_mj,-0.172424137236118
IPSL-CM6A-LR,-4.5,-4.3046,12,DK,Soft wheat,gdd_mj,-0.131911062035282
IPSL-CM6A-LR,-3.5,-3.5013,7,DK,Soft wheat,gdd_mj,-0.158075015805784
IPSL-CM6A-LR,-2.5,-2.2964,6,DK,Soft wheat,gdd_mj,-0.10595498732634
EC-Earth3,-4.5,-4.5546,8,EE,Soft wheat,gdd_mj,-0.161771745159225
EC-Earth3,-3.5,-3.4737,8,EE,Soft wheat,gdd_mj,-0.204184239894159
EC-Earth3,-2.5,-2.5448,11,EE,Soft wheat,gdd_mj,-0.126229290085184
IPSL-CM6A-LR,-5.5,-5.3985,4,EE,Soft wheat,gdd_mj,-0.214456866564589
IPSL-CM6A-LR,-4.5,-4.3046,12,EE,Soft wheat,gdd_mj,-0.178453597241663
IPSL-CM6A-LR,-3.5,-3.5013,7,EE,Soft wheat,gdd_mj,-0.181739682619144
IPSL-CM6A-LR,-2.5,-2.2964,6,EE,Soft wheat,gdd_mj,-0.127273471220406
EC-Earth3,-4.5,-4.5546,8,EL,Soft wheat,gdd_mj,-0.229896287217132
EC-Earth3,-3.5,-3.4737,8,EL,Soft wheat,gdd_mj,-0.235373677595849
EC-Earth3,-2.5,-2.5448,11,EL,Soft wheat,gdd_mj,-0.200461858986431
IPSL-CM6A-LR,-5.5,-5.3985,4,EL,Soft wheat,gdd_mj,-0.189545028679586
IPSL-CM6A-LR,-4.5,-4.3046,12,EL,Soft wheat,gdd_mj,-0.176160335322093
IPSL-CM6A-LR,-3.5,-3.5013,7,EL,Soft wheat,gdd_mj,-0.146698997123202
IPSL-CM6A-LR,-2.5,-2.2964,6,EL,Soft wheat,gdd_mj,-0.146056406847422
EC-Earth3,-4.5,-4.5546,8,ES,Soft wheat,gdd_mj,-0.238291288174201
EC-Earth3,-3.5,-3.4737,8,ES,Soft wheat,gdd_mj,-0.233160174174541
EC-Earth3,-2.5,-2.5448,11,ES,Soft wheat,gdd_mj,-0.220405371446973
IPSL-CM6A-LR,-5.5,-5.3985,4,ES,Soft wheat,gdd_mj,-0.187634903659863
IPSL-CM6A-LR,-4.5,-4.3046,12,ES,Soft wheat,gdd_mj,-0.175480723820924
IPSL-CM6A-LR,-3.5,-3.5013,7,ES,Soft wheat,gdd_mj,-0.151914494133726
IPSL-CM6A-LR,-2.5,-2.2964,6,ES,Soft wheat,gdd_mj,-0.14245284894511
EC-Earth3,-4.5,-4.5546,8,FI,Soft wheat,gdd_mj,-0.16375412961821
EC-Earth3,-3.5,-3.4737,8,FI,Soft wheat,gdd_mj,-0.214388787996245
EC-Earth3,-2.5,-2.5448,11,FI,Soft wheat,gdd_mj,-0.133895535219668
IPSL-CM6A-LR,-5.5,-5.3985,4,FI,Soft wheat,gdd_mj,-0.202511482816991
IPSL-CM6A-LR,-4.5,-4.3046,12,FI,Soft wheat,gdd_mj,-0.174635944483063
IPSL-CM6A-LR,-3.5,-3.5013,7,FI,Soft wheat,gdd_mj,-0.177805278161784
IPSL-CM6A-LR,-2.5,-2.2964,6,FI,Soft wheat,gdd_mj,-0.123207249386761
EC-Earth3,-4.5,-4.5546,8,FR,Soft wheat,gdd_mj,-0.18009182872004
EC-Earth3,-3.5,-3.4737,8,FR,Soft wheat,gdd_mj,-0.200804480955198
EC-Earth3,-2.5,-2.5448,11,FR,Soft wheat,gdd_mj,-0.167275896492079
IPSL-CM6A-LR,-5.5,-5.3985,4,FR,Soft wheat,gdd_mj,-0.187460799513282
IPSL-CM6A-LR,-4.5,-4.3046,12,FR,Soft wheat,gdd_mj,-0.14959412899917
IPSL-CM6A-LR,-3.5,-3.5013,7,FR,Soft wheat,gdd_mj,-0.160613506407939
IPSL-CM6A-LR,-2.5,-2.2964,6,FR,Soft wheat,gdd_mj,-0.119859238091125
EC-Earth3,-4.5,-4.5546,8,HU,Soft wheat,gdd_mj,-0.199694530316817
EC-Earth3,-3.5,-3.4737,8,HU,Soft wheat,gdd_mj,-0.249116467467044
EC-Earth3,-2.5,-2.5448,11,HU,Soft wheat,gdd_mj,-0.183446346456024
IPSL-CM6A-LR,-5.5,-5.3985,4,HU,Soft wheat,gdd_mj,-0.20000909048408
IPSL-CM6A-LR,-4.5,-4.3046,12,HU,Soft wheat,gdd_mj,-0.184396551062952
IPSL-CM6A-LR,-3.5,-3.5013,7,HU,Soft wheat,gdd_mj,-0.1632573873732
IPSL-CM6A-LR,-2.5,-2.2964,6,HU,Soft wheat,gdd_mj,-0.159483518125688
EC-Earth3,-4.5,-4.5546,8,IT,Soft wheat,gdd_mj,-0.217585163567797
EC-Earth3,-3.5,-3.4737,8,IT,Soft wheat,gdd_mj,-0.228361363289397
EC-Earth3,-2.5,-2.5448,11,IT,Soft wheat,gdd_mj,-0.199608080825577
IPSL-CM6A-LR,-5.5,-5.3985,4,IT,Soft wheat,gdd_mj,-0.184734880712551
IPSL-CM6A-LR,-4.5,-4.3046,12,IT,Soft wheat,gdd_mj,-0.173118972904387
IPSL-CM6A-LR,-3.5,-3.5013,7,IT,Soft wheat,gdd_mj,-0.155488446804275
IPSL-CM6A-LR,-2.5,-2.2964,6,IT,Soft wheat,gdd_mj,-0.144494096866155
EC-Earth3,-4.5,-4.5546,8,LT,Soft wheat,gdd_mj,-0.149956642935612
EC-Earth3,-3.5,-3.4737,8,LT,Soft wheat,gdd_mj,-0.204278590392758
EC-Earth3,-2.5,-2.5448,11,LT,Soft wheat,gdd_mj,-0.115667359365778
IPSL-CM6A-LR,-5.5,-5.3985,4,LT,Soft wheat,gdd_mj,-0.218254821300986
IPSL-CM6A-LR,-4.5,-4.3046,12,LT,Soft wheat,gdd_mj,-0.177853247829765
IPSL-CM6A-LR,-3.5,-3.5013,7,LT,Soft wheat,gdd_mj,-0.182543377878552
IPSL-CM6A-LR,-2.5,-2.2964,6,LT,Soft wheat,gdd_mj,-0.139709653386173
EC-Earth3,-4.5,-4.5546,8,LV,Soft wheat,gdd_mj,-0.155397809931719
EC-Earth3,-3.5,-3.4737,8,LV,Soft wheat,gdd_mj,-0.203881351896867
EC-Earth3,-2.5,-2.5448,11,LV,Soft wheat,gdd_mj,-0.120234097647861
IPSL-CM6A-LR,-5.5,-5.3985,4,LV,Soft wheat,gdd_mj,-0.217601994966705
IPSL-CM6A-LR,-4.5,-4.3046,12,LV,Soft wheat,gdd_mj,-0.178977641801441
IPSL-CM6A-LR,-3.5,-3.5013,7,LV,Soft wheat,gdd_mj,-0.183071933190798
IPSL-CM6A-LR,-2.5,-2.2964,6,LV,Soft wheat,gdd_mj,-0.135864019946845
EC-Earth3,-4.5,-4.5546,8,RO,Soft wheat,gdd_mj,-0.199635876447981
EC-Earth3,-3.5,-3.4737,8,RO,Soft wheat,gdd_mj,-0.237742377924811
EC-Earth3,-2.5,-2.5448,11,RO,Soft wheat,gdd_mj,-0.175550779487814
IPSL-CM6A-LR,-5.5,-5.3985,4,RO,Soft wheat,gdd_mj,-0.203613702398698
IPSL-CM6A-LR,-4.5,-4.3046,12,RO,Soft wheat,gdd_mj,-0.18625523911271
IPSL-CM6A-LR,-3.5,-3.5013,7,RO,Soft wheat,gdd_mj,-0.15691668723436
IPSL-CM6A-LR,-2.5,-2.2964,6,RO,Soft wheat,gdd_mj,-0.168205360005894
EC-Earth3,-4.5,-4.5546,8,SE,Soft wheat,gdd_mj,-0.155990659761803
EC-Earth3,-3.5,-3.4737,8,SE,Soft wheat,gdd_mj,-0.205984464237035
EC-Earth3,-2.5,-2.5448,11,SE,Soft wheat,gdd_mj,-0.139485084578227
IPSL-CM6A-LR,-5.5,-5.3985,4,SE,Soft wheat,gdd_mj,-0.189371255596769
IPSL-CM6A-LR,-4.5,-4.3046,12,SE,Soft wheat,gdd_mj,-0.158948493506557
IPSL-CM6A-LR,-3.5,-3.5013,7,SE,Soft wheat,gdd_mj,-0.173075537701879
IPSL-CM6A-LR,-2.5,-2.2964,6,SE,Soft wheat,gdd_mj,-0.118312039367114
EC-Earth3,-4.5,-4.5546,8,SK,Soft wheat,gdd_mj,-0.193777936258987
EC-Earth3,-3.5,-3.4737,8,SK,Soft wheat,gdd_mj,-0.247246165625054
EC-Earth3,-2.5,-2.5448,11,SK,Soft wheat,gdd_mj,-0.170303383034886
IPSL-CM6A-LR,-5.5,-5.3985,4,SK,Soft wheat,gdd_mj,-0.201067499856225
IPSL-CM6A-LR,-4.5,-4.3046,12,SK,Soft wheat,gdd_mj,-0.183550693888055
IPSL-CM6A-LR,-3.5,-3.5013,7,SK,Soft wheat,gdd_mj,-0.168021994974786
IPSL-CM6A-LR,-2.5,-2.2964,6,SK,Soft wheat,gdd_mj,-0.154583368833541
EC-Earth3,-4.5,-4.5546,8,EL,Durum wheat,gdd_mj,-0.270416565308496
EC-Earth3,-3.5,-3.4737,8,EL,Durum wheat,gdd_mj,-0.273578942477081
EC-Earth3,-2.5,-2.5448,11,EL,Durum wheat,gdd_mj,-0.236134360214421
IPSL-CM6A-LR,-5.5,-5.3985,4,EL,Durum wheat,gdd_mj,-0.227477893037238
IPSL-CM6A-LR,-4.5,-4.3046,12,EL,Durum wheat,gdd_mj,-0.210222318922066
IPSL-CM6A-LR,-3.5,-3.5013,7,EL,Durum wheat,gdd_mj,-0.174237673945525
IPSL-CM6A-LR,-2.5,-2.2964,6,EL,Durum wheat,gdd_mj,-0.174918734779957
EC-Earth3,-4.5,-4.5546,8,ES,Durum wheat,gdd_mj,-0.263207238534833
EC-Earth3,-3.5,-3.4737,8,ES,Durum wheat,gdd_mj,-0.255243172869689
EC-Earth3,-2.5,-2.5448,11,ES,Durum wheat,gdd_mj,-0.242499338271949
IPSL-CM6A-LR,-5.5,-5.3985,4,ES,Durum wheat,gdd_mj,-0.205355014711961
IPSL-CM6A-LR,-4.5,-4.3046,12,ES,Durum wheat,gdd_mj,-0.198415245403317
IPSL-CM6A-LR,-3.5,-3.5013,7,ES,Durum wheat,gdd_mj,-0.167643261088335
IPSL-CM6A-LR,-2.5,-2.2964,6,ES,Durum wheat,gdd_mj,-0.161429930926526
EC-Earth3,-4.5,-4.5546,8,FR,Durum wheat,gdd_mj,-0.246922373826815
EC-Earth3,-3.5,-3.4737,8,FR,Durum wheat,gdd_mj,-0.260304933648188
EC-Earth3,-2.5,-2.5448,11,FR,Durum wheat,gdd_mj,-0.231087760169169
IPSL-CM6A-LR,-5.5,-5.3985,4,FR,Durum wheat,gdd_mj,-0.226449650581283
IPSL-CM6A-LR,-4.5,-4.3046,12,FR,Durum wheat,gdd_mj,-0.19422452422477
IPSL-CM6A-LR,-3.5,-3.5013,7,FR,Durum wheat,gdd_mj,-0.189695939055293
IPSL-CM6A-LR,-2.5,-2.2964,6,FR,Durum wheat,gdd_mj,-0.155405762947807
EC-Earth3,-4.5,-4.5546,8,HU,Durum wheat,gdd_mj,-0.243316026623785
EC-Earth3,-3.5,-3.4737,8,HU,Durum wheat,gdd_mj,-0.301952811677172
EC-Earth3,-2.5,-2.5448,11,HU,Durum wheat,gdd_mj,-0.224356098041899
IPSL-CM6A-LR,-5.5,-5.3985,4,HU,Durum wheat,gdd_mj,-0.242701193379722
IPSL-CM6A-LR,-4.5,-4.3046,12,HU,Durum wheat,gdd_mj,-0.223896251390619
IPSL-CM6A-LR,-3.5,-3.5013,7,HU,Durum wheat,gdd_mj,-0.197781168086861
IPSL-CM6A-LR,-2.5,-2.2964,6,HU,Durum wheat,gdd_mj,-0.193695313301166
EC-Earth3,-4.5,-4.5546,8,IT,Durum wheat,gdd_mj,-0.263040194118175
EC-Earth3,-3.5,-3.4737,8,IT,Durum wheat,gdd_mj,-0.262332820457961
EC-Earth3,-2.5,-2.5448,11,IT,Durum wheat,gdd_mj,-0.231265143887471
IPSL-CM6A-LR,-5.5,-5.3985,4,IT,Durum wheat,gdd_mj,-0.21115060613303
IPSL-CM6A-LR,-4.5,-4.3046,12,IT,Durum wheat,gdd_mj,-0.194947553298227
IPSL-CM6A-LR,-3.5,-3.5013,7,IT,Durum wheat,gdd_mj,-0.170929001241916
IPSL-CM6A-LR,-2.5,-2.2964,6,IT,Durum wheat,gdd_mj,-0.156163131054635
EC-Earth3,-4.5,-4.5546,8,RO,Durum wheat,gdd_mj,-0.2427520327365
EC-Earth3,-3.5,-3.4737,8,RO,Durum wheat,gdd_mj,-0.292369481945466
EC-Earth3,-2.5,-2.5448,11,RO,Durum wheat,gdd_mj,-0.212345536272262
IPSL-CM6A-LR,-5.5,-5.3985,4,RO,Durum wheat,gdd_mj,-0.249042762727251
IPSL-CM6A-LR,-4.5,-4.3046,12,RO,Durum wheat,gdd_mj,-0.228069999330966
IPSL-CM6A-LR,-3.5,-3.5013,7,RO,Durum wheat,gdd_mj,-0.192868374044252
IPSL-CM6A-LR,-2.5,-2.2964,6,RO,Durum wheat,gdd_mj,-0.205243674157982
EC-Earth3,-4.5,-4.5546,8,SK,Durum wheat,gdd_mj,-0.238082236481914
EC-Earth3,-3.5,-3.4737,8,SK,Durum wheat,gdd_mj,-0.301660350590329
EC-Earth3,-2.5,-2.5448,11,SK,Durum wheat,gdd_mj,-0.212837579819628
IPSL-CM6A-LR,-5.5,-5.3985,4,SK,Durum wheat,gdd_mj,-0.243796671612491
IPSL-CM6A-LR,-4.5,-4.3046,12,SK,Durum wheat,gdd_mj,-0.223677371638141
IPSL-CM6A-LR,-3.5,-3.5013,7,SK,Durum wheat,gdd_mj,-0.205059979766175
IPSL-CM6A-LR,-2.5,-2.2964,6,SK,Durum wheat,gdd_mj,-0.187194625737426
EC-Earth3,-4.5,-4.5546,8,CZ,Spring barley,gdd_mj,-0.33156909962564
EC-Earth3,-3.5,-3.4737,8,CZ,Spring barley,gdd_mj,-0.433993014016792
EC-Earth3,-2.5,-2.5448,11,CZ,Spring barley,gdd_mj,-0.295272419770232
IPSL-CM6A-LR,-5.5,-5.3985,4,CZ,Spring barley,gdd_mj,-0.367452873097846
IPSL-CM6A-LR,-4.5,-4.3046,12,CZ,Spring barley,gdd_mj,-0.334413067413494
IPSL-CM6A-LR,-3.5,-3.5013,7,CZ,Spring barley,gdd_mj,-0.331950377035372
IPSL-CM6A-LR,-2.5,-2.2964,6,CZ,Spring barley,gdd_mj,-0.273005082376738
EC-Earth3,-4.5,-4.5546,8,DE,Spring barley,gdd_mj,-0.325741407822785
EC-Earth3,-3.5,-3.4737,8,DE,Spring barley,gdd_mj,-0.409031401186318
EC-Earth3,-2.5,-2.5448,11,DE,Spring barley,gdd_mj,-0.283189437208803
IPSL-CM6A-LR,-5.5,-5.3985,4,DE,Spring barley,gdd_mj,-0.360809605074396
IPSL-CM6A-LR,-4.5,-4.3046,12,DE,Spring barley,gdd_mj,-0.307031540686346
IPSL-CM6A-LR,-3.5,-3.5013,7,DE,Spring barley,gdd_mj,-0.332533738259423
IPSL-CM6A-LR,-2.5,-2.2964,6,DE,Spring barley,gdd_mj,-0.240556318085244
EC-Earth3,-4.5,-4.5546,8,DK,Spring barley,gdd_mj,-0.296592121964757
EC-Earth3,-3.5,-3.4737,8,DK,Spring barley,gdd_mj,-0.372575069889659
EC-Earth3,-2.5,-2.5448,11,DK,Spring barley,gdd_mj,-0.260029456121578
IPSL-CM6A-LR,-5.5,-5.3985,4,DK,Spring barley,gdd_mj,-0.333077988670959
IPSL-CM6A-LR,-4.5,-4.3046,12,DK,Spring barley,gdd_mj,-0.252845393905351
IPSL-CM6A-LR,-3.5,-3.5013,7,DK,Spring barley,gdd_mj,-0.305648642655943
IPSL-CM6A-LR,-2.5,-2.2964,6,DK,Spring barley,gdd_mj,-0.204206132563022
EC-Earth3,-4.5,-4.5546,8,EE,Spring barley,gdd_mj,-0.314809188245545
EC-Earth3,-3.5,-3.4737,8,EE,Spring barley,gdd_mj,-0.397411129041153
EC-Earth3,-2.5,-2.5448,11,EE,Spring barley,gdd_mj,-0.245509388623196
IPSL-CM6A-LR,-5.5,-5.3985,4,EE,Spring barley,gdd_mj,-0.415317654644946
IPSL-CM6A-LR,-4.5,-4.3046,12,EE,Spring barley,gdd_mj,-0.34534775940037
IPSL-CM6A-LR,-3.5,-3.5013,7,EE,Spring barley,gdd_mj,-0.351501457729492
IPSL-CM6A-LR,-2.5,-2.2964,6,EE,Spring barley,gdd_mj,-0.245886306860262
EC-Earth3,-4.5,-4.5546,8,ES,Spring barley,gdd_mj,-0.470512806739272
EC-Earth3,-3.5,-3.4737,8,ES,Spring barley,gdd_mj,-0.458219447716373
EC-Earth3,-2.5,-2.5448,11,ES,Spring barley,gdd_mj,-0.433539190428877
IPSL-CM6A-LR,-5.5,-5.3985,4,ES,Spring barley,gdd_mj,-0.368420943930774
IPSL-CM6A-LR,-4.5,-4.3046,12,ES,Spring barley,gdd_mj,-0.34707229847427
IPSL-CM6A-LR,-3.5,-3.5013,7,ES,Spring barley,gdd_mj,-0.298687949510745
IPSL-CM6A-LR,-2.5,-2.2964,6,ES,Spring barley,gdd_mj,-0.282338784022773
EC-Earth3,-4.5,-4.5546,8,FI,Spring barley,gdd_mj,-0.321736294206672
EC-Earth3,-3.5,-3.4737,8,FI,Spring barley,gdd_mj,-0.412999444254107
EC-Earth3,-2.5,-2.5448,11,FI,Spring barley,gdd_mj,-0.262794500321664
IPSL-CM6A-LR,-5.5,-5.3985,4,FI,Spring barley,gdd_mj,-0.383972703040695
IPSL-CM6A-LR,-4.5,-4.3046,12,FI,Spring barley,gdd_mj,-0.336013260027244
IPSL-CM6A-LR,-3.5,-3.5013,7,FI,Spring barley,gdd_mj,-0.338204606236265
IPSL-CM6A-LR,-2.5,-2.2964,6,FI,Spring barley,gdd_mj,-0.230589354950594
EC-Earth3,-4.5,-4.5546,8,FR,Spring barley,gdd_mj,-0.351056170660768
EC-Earth3,-3.5,-3.4737,8,FR,Spring barley,gdd_mj,-0.396745087238411
EC-Earth3,-2.5,-2.5448,11,FR,Spring barley,gdd_mj,-0.323341285906281
IPSL-CM6A-LR,-5.5,-5.3985,4,FR,Spring barley,gdd_mj,-0.366456557246665
IPSL-CM6A-LR,-4.5,-4.3046,12,FR,Spring barley,gdd_mj,-0.300105771787647
IPSL-CM6A-LR,-3.5,-3.5013,7,FR,Spring barley,gdd_mj,-0.320161959229023
IPSL-CM6A-LR,-2.5,-2.2964,6,FR,Spring barley,gdd_mj,-0.239254201485588
EC-Earth3,-4.5,-4.5546,8,HU,Spring barley,gdd_mj,-0.387771000085706
EC-Earth3,-3.5,-3.4737,8,HU,Spring barley,gdd_mj,-0.485921273382171
EC-Earth3,-2.5,-2.5448,11,HU,Spring barley,gdd_mj,-0.355074664995232
IPSL-CM6A-LR,-5.5,-5.3985,4,HU,Spring barley,gdd_mj,-0.390322034882584
IPSL-CM6A-LR,-4.5,-4.3046,12,HU,Spring barley,gdd_mj,-0.359744666699498
IPSL-CM6A-LR,-3.5,-3.5013,7,HU,Spring barley,gdd_mj,-0.320256378985115
IPSL-CM6A-LR,-2.5,-2.2964,6,HU,Spring barley,gdd_mj,-0.308163510572104
EC-Earth3,-4.5,-4.5546,8,LT,Spring barley,gdd_mj,-0.291551946493171
EC-Earth3,-3.5,-3.4737,8,LT,Spring barley,gdd_mj,-0.395932636878688
EC-Earth3,-2.5,-2.5448,11,LT,Spring barley,gdd_mj,-0.224989322433087
IPSL-CM6A-LR,-5.5,-5.3985,4,LT,Spring barley,gdd_mj,-0.423037445231639
IPSL-CM6A-LR,-4.5,-4.3046,12,LT,Spring barley,gdd_mj,-0.344219819796276
IPSL-CM6A-LR,-3.5,-3.5013,7,LT,Spring barley,gdd_mj,-0.353692524327055
IPSL-CM6A-LR,-2.5,-2.2964,6,LT,Spring barley,gdd_mj,-0.269601578174975
EC-Earth3,-4.5,-4.5546,8,LV,Spring barley,gdd_mj,-0.302045853256423
EC-Earth3,-3.5,-3.4737,8,LV,Spring barley,gdd_mj,-0.39523919106429
EC-Earth3,-2.5,-2.5448,11,LV,Spring barley,gdd_mj,-0.233612026564212
IPSL-CM6A-LR,-5.5,-5.3985,4,LV,Spring barley,gdd_mj,-0.421380868664347
IPSL-CM6A-LR,-4.5,-4.3046,12,LV,Spring barley,gdd_mj,-0.347285511243245
IPSL-CM6A-LR,-3.5,-3.5013,7,LV,Spring barley,gdd_mj,-0.355037698544131
IPSL-CM6A-LR,-2.5,-2.2964,6,LV,Spring barley,gdd_mj,-0.262547196232836
EC-Earth3,-4.5,-4.5546,8,SE,Spring barley,gdd_mj,-0.30828422253513
EC-Earth3,-3.5,-3.4737,8,SE,Spring barley,gdd_mj,-0.403220762918636
EC-Earth3,-2.5,-2.5448,11,SE,Spring barley,gdd_mj,-0.273258728631801
IPSL-CM6A-LR,-5.5,-5.3985,4,SE,Spring barley,gdd_mj,-0.363548851503956
IPSL-CM6A-LR,-4.5,-4.3046,12,SE,Spring barley,gdd_mj,-0.30509233151703
IPSL-CM6A-LR,-3.5,-3.5013,7,SE,Spring barley,gdd_mj,-0.33217852435198
IPSL-CM6A-LR,-2.5,-2.2964,6,SE,Spring barley,gdd_mj,-0.225716626817633
EC-Earth3,-4.5,-4.5546,8,SK,Spring barley,gdd_mj,-0.376344262102554
EC-Earth3,-3.5,-3.4737,8,SK,Spring barley,gdd_mj,-0.479191946480846
EC-Earth3,-2.5,-2.5448,11,SK,Spring barley,gdd_mj,-0.332479847671185
IPSL-CM6A-LR,-5.5,-5.3985,4,SK,Spring barley,gdd_mj,-0.389463490846301
IPSL-CM6A-LR,-4.5,-4.3046,12,SK,Spring barley,gdd_mj,-0.356030063148086
IPSL-CM6A-LR,-3.5,-3.5013,7,SK,Spring barley,gdd_mj,-0.326234600704434
IPSL-CM6A-LR,-2.5,-2.2964,6,SK,Spring barley,gdd_mj,-0.299150981752625
EC-Earth3,-4.5,-4.5546,8,CZ,Winter barley,gdd_mj,-0.353725847796605
EC-Earth3,-3.5,-3.4737,8,CZ,Winter barley,gdd_mj,-0.461970735835212
EC-Earth3,-2.5,-2.5448,11,CZ,Winter barley,gdd_mj,-0.314541495443704
IPSL-CM6A-LR,-5.5,-5.3985,4,CZ,Winter barley,gdd_mj,-0.390148636493564
IPSL-CM6A-LR,-4.5,-4.3046,12,CZ,Winter barley,gdd_mj,-0.355038726102575
IPSL-CM6A-LR,-3.5,-3.5013,7,CZ,Winter barley,gdd_mj,-0.355813381701974
IPSL-CM6A-LR,-2.5,-2.2964,6,CZ,Winter barley,gdd_mj,-0.288792516209592
EC-Earth3,-4.5,-4.5546,8,DE,Winter barley,gdd_mj,-0.343339938490287
EC-Earth3,-3.5,-3.4737,8,DE,Winter barley,gdd_mj,-0.436468580023233
EC-Earth3,-2.5,-2.5448,11,DE,Winter barley,gdd_mj,-0.296577318050065
IPSL-CM6A-LR,-5.5,-5.3985,4,DE,Winter barley,gdd_mj,-0.387763755433256
IPSL-CM6A-LR,-4.5,-4.3046,12,DE,Winter barley,gdd_mj,-0.327961311542324
IPSL-CM6A-LR,-3.5,-3.5013,7,DE,Winter barley,gdd_mj,-0.357959214189461
IPSL-CM6A-LR,-2.5,-2.2964,6,DE,Winter barley,gdd_mj,-0.258458304263653
EC-Earth3,-4.5,-4.5546,8,DK,Winter barley,gdd_mj,-0.316552489557191
EC-Earth3,-3.5,-3.4737,8,DK,Winter barley,gdd_mj,-0.39695544707445
EC-Earth3,-2.5,-2.5448,11,DK,Winter barley,gdd_mj,-0.276927183700096
IPSL-CM6A-LR,-5.5,-5.3985,4,DK,Winter barley,gdd_mj,-0.356277562451368
IPSL-CM6A-LR,-4.5,-4.3046,12,DK,Winter barley,gdd_mj,-0.270601539223645
IPSL-CM6A-LR,-3.5,-3.5013,7,DK,Winter barley,gdd_mj,-0.328186629816479
IPSL-CM6A-LR,-2.5,-2.2964,6,DK,Winter barley,gdd_mj,-0.218430931714454
EC-Earth3,-4.5,-4.5546,8,EE,Winter barley,gdd_mj,-0.338754931746348
EC-Earth3,-3.5,-3.4737,8,EE,Winter barley,gdd_mj,-0.427196715141834
EC-Earth3,-2.5,-2.5448,11,EE,Winter barley,gdd_mj,-0.264100365821907
IPSL-CM6A-LR,-5.5,-5.3985,4,EE,Winter barley,gdd_mj,-0.44462309320484
IPSL-CM6A-LR,-4.5,-4.3046,12,EE,Winter barley,gdd_mj,-0.369774204830839
IPSL-CM6A-LR,-3.5,-3.5013,7,EE,Winter barley,gdd_mj,-0.376456249244912
IPSL-CM6A-LR,-2.5,-2.2964,6,EE,Winter barley,gdd_mj,-0.262602674755666
EC-Earth3,-4.5,-4.5546,8,EL,Winter barley,gdd_mj,-0.46218386173084
EC-Earth3,-3.5,-3.4737,8,EL,Winter barley,gdd_mj,-0.467398328859869
EC-Earth3,-2.5,-2.5448,11,EL,Winter barley,gdd_mj,-0.400533300836362
IPSL-CM6A-LR,-5.5,-5.3985,4,EL,Winter barley,gdd_mj,-0.388397394112487
IPSL-CM6A-LR,-4.5,-4.3046,12,EL,Winter barley,gdd_mj,-0.359211262391487
IPSL-CM6A-LR,-3.5,-3.5013,7,EL,Winter barley,gdd_mj,-0.299076706697321
IPSL-CM6A-LR,-2.5,-2.2964,6,EL,Winter barley,gdd_mj,-0.298859405641962
EC-Earth3,-4.5,-4.5546,8,ES,Winter barley,gdd_mj,-0.502003910503342
EC-Earth3,-3.5,-3.4737,8,ES,Winter barley,gdd_mj,-0.485891797922114
EC-Earth3,-2.5,-2.5448,11,ES,Winter barley,gdd_mj,-0.458431380630189
IPSL-CM6A-LR,-5.5,-5.3985,4,ES,Winter barley,gdd_mj,-0.386194060937291
IPSL-CM6A-LR,-4.5,-4.3046,12,ES,Winter barley,gdd_mj,-0.368049968073088
IPSL-CM6A-LR,-3.5,-3.5013,7,ES,Winter barley,gdd_mj,-0.315375091255407
IPSL-CM6A-LR,-2.5,-2.2964,6,ES,Winter barley,gdd_mj,-0.298939566735277
EC-Earth3,-4.5,-4.5546,8,FR,Winter barley,gdd_mj,-0.380247022216631
EC-Earth3,-3.5,-3.4737,8,FR,Winter barley,gdd_mj,-0.42441785607099
EC-Earth3,-2.5,-2.5448,11,FR,Winter barley,gdd_mj,-0.352773263082378
IPSL-CM6A-LR,-5.5,-5.3985,4,FR,Winter barley,gdd_mj,-0.391493847019849
IPSL-CM6A-LR,-4.5,-4.3046,12,FR,Winter barley,gdd_mj,-0.318614826776782
IPSL-CM6A-LR,-3.5,-3.5013,7,FR,Winter barley,gdd_mj,-0.336220461266846
IPSL-CM6A-LR,-2.5,-2.2964,6,FR,Winter barley,gdd_mj,-0.254480974442379
EC-Earth3,-4.5,-4.5546,8,HU,Winter barley,gdd_mj,-0.416882177652682
EC-Earth3,-3.5,-3.4737,8,HU,Winter barley,gdd_mj,-0.517973260447373
EC-Earth3,-2.5,-2.5448,11,HU,Winter barley,gdd_mj,-0.384414461756742
IPSL-CM6A-LR,-5.5,-5.3985,4,HU,Winter barley,gdd_mj,-0.416123663319991
IPSL-CM6A-LR,-4.5,-4.3046,12,HU,Winter barley,gdd_mj,-0.383993849790009
IPSL-CM6A-LR,-3.5,-3.5013,7,HU,Winter barley,gdd_mj,-0.339296780851021
IPSL-CM6A-LR,-2.5,-2.2964,6,HU,Winter barley,gdd_mj,-0.331844790792251
EC-Earth3,-4.5,-4.5546,8,IT,Winter barley,gdd_mj,-0.457431167187289
EC-Earth3,-3.5,-3.4737,8,IT,Winter barley,gdd_mj,-0.470365976630427
EC-Earth3,-2.5,-2.5448,11,IT,Winter barley,gdd_mj,-0.411072455912792
IPSL-CM6A-LR,-5.5,-5.3985,4,IT,Winter barley,gdd_mj,-0.378018296472269
IPSL-CM6A-LR,-4.5,-4.3046,12,IT,Winter barley,gdd_mj,-0.350837206510319
IPSL-CM6A-LR,-3.5,-3.5013,7,IT,Winter barley,gdd_mj,-0.312749459387086
IPSL-CM6A-LR,-2.5,-2.2964,6,IT,Winter barley,gdd_mj,-0.287445519513584
EC-Earth3,-4.5,-4.5546,8,LT,Winter barley,gdd_mj,-0.312242410522417
EC-Earth3,-3.5,-3.4737,8,LT,Winter barley,gdd_mj,-0.424967791203515
EC-Earth3,-2.5,-2.5448,11,LT,Winter barley,gdd_mj,-0.240855591258896
IPSL-CM6A-LR,-5.5,-5.3985,4,LT,Winter barley,gdd_mj,-0.455003702829554
IPSL-CM6A-LR,-4.5,-4.3046,12,LT,Winter barley,gdd_mj,-0.370359859694802
IPSL-CM6A-LR,-3.5,-3.5013,7,LT,Winter barley,gdd_mj,-0.380431650499169
IPSL-CM6A-LR,-2.5,-2.2964,6,LT,Winter barley,gdd_mj,-0.290381936494675
EC-Earth3,-4.5,-4.5546,8,LV,Winter barley,gdd_mj,-0.325287132881144
EC-Earth3,-3.5,-3.4737,8,LV,Winter barley,gdd_mj,-0.426570698059395
EC-Earth3,-2.5,-2.5448,11,LV,Winter barley,gdd_mj,-0.252044407487967
IPSL-CM6A-LR,-5.5,-5.3985,4,LV,Winter barley,gdd_mj,-0.452619333384238
IPSL-CM6A-LR,-4.5,-4.3046,12,LV,Winter barley,gdd_mj,-0.37111828421485
IPSL-CM6A-LR,-3.5,-3.5013,7,LV,Winter barley,gdd_mj,-0.379813321355227
IPSL-CM6A-LR,-2.5,-2.2964,6,LV,Winter barley,gdd_mj,-0.281498113922023
EC-Earth3,-4.5,-4.5546,8,SE,Winter barley,gdd_mj,-0.332081124316928
EC-Earth3,-3.5,-3.4737,8,SE,Winter barley,gdd_mj,-0.435869808515126
EC-Earth3,-2.5,-2.5448,11,SE,Winter barley,gdd_mj,-0.293083611109728
IPSL-CM6A-LR,-5.5,-5.3985,4,SE,Winter barley,gdd_mj,-0.387801805227667
IPSL-CM6A-LR,-4.5,-4.3046,12,SE,Winter barley,gdd_mj,-0.325139145545982
IPSL-CM6A-LR,-3.5,-3.5013,7,SE,Winter barley,gdd_mj,-0.352054337517636
IPSL-CM6A-LR,-2.5,-2.2964,6,SE,Winter barley,gdd_mj,-0.243954276279126
EC-Earth3,-4.5,-4.5546,8,SK,Winter barley,gdd_mj,-0.403880285636148
EC-Earth3,-3.5,-3.4737,8,SK,Winter barley,gdd_mj,-0.515581398190758
EC-Earth3,-2.5,-2.5448,11,SK,Winter barley,gdd_mj,-0.355018587003071
IPSL-CM6A-LR,-5.5,-5.3985,4,SK,Winter barley,gdd_mj,-0.419138608493436
IPSL-CM6A-LR,-4.5,-4.3046,12,SK,Winter barley,gdd_mj,-0.382777775443974
IPSL-CM6A-LR,-3.5,-3.5013,7,SK,Winter barley,gdd_mj,-0.350468223162645
IPSL-CM6A-LR,-2.5,-2.2964,6,SK,Winter barley,gdd_mj,-0.322393273297747
EC-Earth3,-4.5,-4.5546,8,CZ,Soft wheat,heat_mj,-0.0632573119807389
EC-Earth3,-3.5,-3.4737,8,CZ,Soft wheat,heat_mj,-0.108633570736882
EC-Earth3,-2.5,-2.5448,11,CZ,Soft wheat,heat_mj,-0.0664670270117121
IPSL-CM6A-LR,-5.5,-5.3985,4,CZ,Soft wheat,heat_mj,-0.0768621797924243
IPSL-CM6A-LR,-4.5,-4.3046,12,CZ,Soft wheat,heat_mj,-0.078880705791024
IPSL-CM6A-LR,-3.5,-3.5013,7,CZ,Soft wheat,heat_mj,-0.0891924038598742
IPSL-CM6A-LR,-2.5,-2.2964,6,CZ,Soft wheat,heat_mj,-0.0547971909319044
EC-Earth3,-4.5,-4.5546,8,DE,Soft wheat,heat_mj,-0.0471232265319098
EC-Earth3,-3.5,-3.4737,8,DE,Soft wheat,heat_mj,-0.0825394085237772
EC-Earth3,-2.5,-2.5448,11,DE,Soft wheat,heat_mj,-0.0495269674923259
IPSL-CM6A-LR,-5.5,-5.3985,4,DE,Soft wheat,heat_mj,-0.0597849482508909
IPSL-CM6A-LR,-4.5,-4.3046,12,DE,Soft wheat,heat_mj,-0.0571054016634458
IPSL-CM6A-LR,-3.5,-3.5013,7,DE,Soft wheat,heat_mj,-0.0779923420771665
IPSL-CM6A-LR,-2.5,-2.2964,6,DE,Soft wheat,heat_mj,-0.0359223816847392
EC-Earth3,-4.5,-4.5546,8,DK,Soft wheat,heat_mj,-0.0100728584216382
EC-Earth3,-3.5,-3.4737,8,DK,Soft wheat,heat_mj,-0.0157450435452563
EC-Earth3,-2.5,-2.5448,11,DK,Soft wheat,heat_mj,-0.00795466456360883
IPSL-CM6A-LR,-5.5,-5.3985,4,DK,Soft wheat,heat_mj,-0.0144642974370255
IPSL-CM6A-LR,-4.5,-4.3046,12,DK,Soft wheat,heat_mj,-0.0106581432371178
IPSL-CM6A-LR,-3.5,-3.5013,7,DK,Soft wheat,heat_mj,-0.0174044641154543
IPSL-CM6A-LR,-2.5,-2.2964,6,DK,Soft wheat,heat_mj,-0.00517871229060508
EC-Earth3,-4.5,-4.5546,8,EE,Soft wheat,heat_mj,-0.0242075446134211
EC-Earth3,-3.5,-3.4737,8,EE,Soft wheat,heat_mj,-0.0313958860028692
EC-Earth3,-2.5,-2.5448,11,EE,Soft wheat,heat_mj,-0.0139142068720222
IPSL-CM6A-LR,-5.5,-5.3985,4,EE,Soft wheat,heat_mj,-0.0759355448185281
IPSL-CM6A-LR,-4.5,-4.3046,12,EE,Soft wheat,heat_mj,-0.0457930407304519
IPSL-CM6A-LR,-3.5,-3.5013,7,EE,Soft wheat,heat_mj,-0.0470036661387477
IPSL-CM6A-LR,-2.5,-2.2964,6,EE,Soft wheat,heat_mj,-0.0223592447454959
EC-Earth3,-4.5,-4.5546,8,EL,Soft wheat,heat_mj,-0.23879031153132
EC-Earth3,-3.5,-3.4737,8,EL,Soft wheat,heat_mj,-0.263963795837963
EC-Earth3,-2.5,-2.5448,11,EL,Soft wheat,heat_mj,-0.204898533926626
IPSL-CM6A-LR,-5.5,-5.3985,4,EL,Soft wheat,heat_mj,-0.168362411570827
IPSL-CM6A-LR,-4.5,-4.3046,12,EL,Soft wheat,heat_mj,-0.175923052046486
IPSL-CM6A-LR,-3.5,-3.5013,7,EL,Soft wheat,heat_mj,-0.155266336087705
IPSL-CM6A-LR,-2.5,-2.2964,6,EL,Soft wheat,heat_mj,-0.137204207339681
EC-Earth3,-4.5,-4.5546,8,ES,Soft wheat,heat_mj,-0.238905313145191
EC-Earth3,-3.5,-3.4737,8,ES,Soft wheat,heat_mj,-0.244394901415341
EC-Earth3,-2.5,-2.5448,11,ES,Soft wheat,heat_mj,-0.22712085989415
IPSL-CM6A-LR,-5.5,-5.3985,4,ES,Soft wheat,heat_mj,-0.15500282010658
IPSL-CM6A-LR,-4.5,-4.3046,12,ES,Soft wheat,heat_mj,-0.157723081639681
IPSL-CM6A-LR,-3.5,-3.5013,7,ES,Soft wheat,heat_mj,-0.137151609972728
IPSL-CM6A-LR,-2.5,-2.2964,6,ES,Soft wheat,heat_mj,-0.129388204625341
EC-Earth3,-4.5,-4.5546,8,FI,Soft wheat,heat_mj,-0.0192938437085375
EC-Earth3,-3.5,-3.4737,8,FI,Soft wheat,heat_mj,-0.0281632609066833
EC-Earth3,-2.5,-2.5448,11,FI,Soft wheat,heat_mj,-0.0114152143525775
IPSL-CM6A-LR,-5.5,-5.3985,4,FI,Soft wheat,heat_mj,-0.0521896808624362
IPSL-CM6A-LR,-4.5,-4.3046,12,FI,Soft wheat,heat_mj,-0.0363299760131981
IPSL-CM6A-LR,-3.5,-3.5013,7,FI,Soft wheat,heat_mj,-0.0380540861643028
IPSL-CM6A-LR,-2.5,-2.2964,6,FI,Soft wheat,heat_mj,-0.0168687553978267
EC-Earth3,-4.5,-4.5546,8,FR,Soft wheat,heat_mj,-0.0785101258866238
EC-Earth3,-3.5,-3.4737,8,FR,Soft wheat,heat_mj,-0.100809267449275
EC-Earth3,-2.5,-2.5448,11,FR,Soft wheat,heat_mj,-0.0848029591865218
IPSL-CM6A-LR,-5.5,-5.3985,4,FR,Soft wheat,heat_mj,-0.071817868725987
IPSL-CM6A-LR,-4.5,-4.3046,12,FR,Soft wheat,heat_mj,-0.0676310363217125
IPSL-CM6A-LR,-3.5,-3.5013,7,FR,Soft wheat,heat_mj,-0.0781131408678919
IPSL-CM6A-LR,-2.5,-2.2964,6,FR,Soft wheat,heat_mj,-0.0485082958486308
EC-Earth3,-4.5,-4.5546,8,HU,Soft wheat,heat_mj,-0.174996967933883
EC-Earth3,-3.5,-3.4737,8,HU,Soft wheat,heat_mj,-0.265681551606215
EC-Earth3,-2.5,-2.5448,11,HU,Soft wheat,heat_mj,-0.174783813159226
IPSL-CM6A-LR,-5.5,-5.3985,4,HU,Soft wheat,heat_mj,-0.155420451343642
IPSL-CM6A-LR,-4.5,-4.3046,12,HU,Soft wheat,heat_mj,-0.157184704217078
IPSL-CM6A-LR,-3.5,-3.5013,7,HU,Soft wheat,heat_mj,-0.139006501003304
IPSL-CM6A-LR,-2.5,-2.2964,6,HU,Soft wheat,heat_mj,-0.125781694894054
EC-Earth3,-4.5,-4.5546,8,IT,Soft wheat,heat_mj,-0.219606255183626
EC-Earth3,-3.5,-3.4737,8,IT,Soft wheat,heat_mj,-0.267637642996538
EC-Earth3,-2.5,-2.5448,11,IT,Soft wheat,heat_mj,-0.220169066503707
IPSL-CM6A-LR,-5.5,-5.3985,4,IT,Soft wheat,heat_mj,-0.149622982110299
IPSL-CM6A-LR,-4.5,-4.3046,12,IT,Soft wheat,heat_mj,-0.144229641641324
IPSL-CM6A-LR,-3.5,-3.5013,7,IT,Soft wheat,heat_mj,-0.145526208954788
IPSL-CM6A-LR,-2.5,-2.2964,6,IT,Soft wheat,heat_mj,-0.127064882462442
EC-Earth3,-4.5,-4.5546,8,LT,Soft wheat,heat_mj,-0.031582387287456
EC-Earth3,-3.5,-3.4737,8,LT,Soft wheat,heat_mj,-0.055265881850842
EC-Earth3,-2.5,-2.5448,11,LT,Soft wheat,heat_mj,-0.0187948832778988
IPSL-CM6A-LR,-5.5,-5.3985,4,LT,Soft wheat,heat_mj,-0.100865712789658
IPSL-CM6A-LR,-4.5,-4.3046,12,LT,Soft wheat,heat_mj,-0.0641738991762829
IPSL-CM6A-LR,-3.5,-3.5013,7,LT,Soft wheat,heat_mj,-0.0658353733808404
IPSL-CM6A-LR,-2.5,-2.2964,6,LT,Soft wheat,heat_mj,-0.0320527488515476
EC-Earth3,-4.5,-4.5546,8,LV,Soft wheat,heat_mj,-0.0265917589511624
EC-Earth3,-3.5,-3.4737,8,LV,Soft wheat,heat_mj,-0.0410640848369718
EC-Earth3,-2.5,-2.5448,11,LV,Soft wheat,heat_mj,-0.0152976868226736
IPSL-CM6A-LR,-5.5,-5.3985,4,LV,Soft wheat,heat_mj,-0.0887167734395226
IPSL-CM6A-LR,-4.5,-4.3046,12,LV,Soft wheat,heat_mj,-0.0536447868897383
IPSL-CM6A-LR,-3.5,-3.5013,7,LV,Soft wheat,heat_mj,-0.0553203289911033
IPSL-CM6A-LR,-2.5,-2.2964,6,LV,Soft wheat,heat_mj,-0.0267977767198231
EC-Earth3,-4.5,-4.5546,8,RO,Soft wheat,heat_mj,-0.191381012453816
EC-Earth3,-3.5,-3.4737,8,RO,Soft wheat,heat_mj,-0.249707234280131
EC-Earth3,-2.5,-2.5448,11,RO,Soft wheat,heat_mj,-0.168041050895304
IPSL-CM6A-LR,-5.5,-5.3985,4,RO,Soft wheat,heat_mj,-0.186625302516065
IPSL-CM6A-LR,-4.5,-4.3046,12,RO,Soft wheat,heat_mj,-0.184861008698755
IPSL-CM6A-LR,-3.5,-3.5013,7,RO,Soft wheat,heat_mj,-0.147211369145003
IPSL-CM6A-LR,-2.5,-2.2964,6,RO,Soft wheat,heat_mj,-0.15476400467619
EC-Earth3,-4.5,-4.5546,8,SE,Soft wheat,heat_mj,-0.0156766822658165
EC-Earth3,-3.5,-3.4737,8,SE,Soft wheat,heat_mj,-0.0264672633239071
EC-Earth3,-2.5,-2.5448,11,SE,Soft wheat,heat_mj,-0.0137478825707428
IPSL-CM6A-LR,-5.5,-5.3985,4,SE,Soft wheat,heat_mj,-0.0332900914068842
IPSL-CM6A-LR,-4.5,-4.3046,12,SE,Soft wheat,heat_mj,-0.0290677966096325
IPSL-CM6A-LR,-3.5,-3.5013,7,SE,Soft wheat,heat_mj,-0.0374821778599443
IPSL-CM6A-LR,-2.5,-2.2964,6,SE,Soft wheat,heat_mj,-0.0131003624160417
EC-Earth3,-4.5,-4.5546,8,SK,Soft wheat,heat_mj,-0.123595052845438
EC-Earth3,-3.5,-3.4737,8,SK,Soft wheat,heat_mj,-0.194483454555721
EC-Earth3,-2.5,-2.5448,11,SK,Soft wheat,heat_mj,-0.116018871679979
IPSL-CM6A-LR,-5.5,-5.3985,4,SK,Soft wheat,heat_mj,-0.118240861758143
IPSL-CM6A-LR,-4.5,-4.3046,12,SK,Soft wheat,heat_mj,-0.115655202117004
IPSL-CM6A-LR,-3.5,-3.5013,7,SK,Soft wheat,heat_mj,-0.108833846953663
IPSL-CM6A-LR,-2.5,-2.2964,6,SK,Soft wheat,heat_mj,-0.0891614159996762
EC-Earth3,-4.5,-4.5546,8,EL,Durum wheat,heat_mj,0.0949052720494855
EC-Earth3,-3.5,-3.4737,8,EL,Durum wheat,heat_mj,0.103262601952661
EC-Earth3,-2.5,-2.5448,11,EL,Durum wheat,heat_mj,0.0814645445273136
IPSL-CM6A-LR,-5.5,-5.3985,4,EL,Durum wheat,heat_mj,0.0691557717782202
IPSL-CM6A-LR,-4.5,-4.3046,12,EL,Durum wheat,heat_mj,0.0719032236975999
IPSL-CM6A-LR,-3.5,-3.5013,7,EL,Durum wheat,heat_mj,0.0634022849214554
IPSL-CM6A-LR,-2.5,-2.2964,6,EL,Durum wheat,heat_mj,0.0565413595538856
EC-Earth3,-4.5,-4.5546,8,ES,Durum wheat,heat_mj,0.111608456569115
EC-Earth3,-3.5,-3.4737,8,ES,Durum wheat,heat_mj,0.11079251229857
EC-Earth3,-2.5,-2.5448,11,ES,Durum wheat,heat_mj,0.105143753284287
IPSL-CM6A-LR,-5.5,-5.3985,4,ES,Durum wheat,heat_mj,0.0761706947597503
IPSL-CM6A-LR,-4.5,-4.3046,12,ES,Durum wheat,heat_mj,0.0764668522951568
IPSL-CM6A-LR,-3.5,-3.5013,7,ES,Durum wheat,heat_mj,0.065102282035392
IPSL-CM6A-LR,-2.5,-2.2964,6,ES,Durum wheat,heat_mj,0.062278845314286
EC-Earth3,-4.5,-4.5546,8,FR,Durum wheat,heat_mj,0.0540254712258168
EC-Earth3,-3.5,-3.4737,8,FR,Durum wheat,heat_mj,0.0640407619434234
EC-Earth3,-2.5,-2.5448,11,FR,Durum wheat,heat_mj,0.0568107504238038
IPSL-CM6A-LR,-5.5,-5.3985,4,FR,Durum wheat,heat_mj,0.0385850240427266
IPSL-CM6A-LR,-4.5,-4.3046,12,FR,Durum wheat,heat_mj,0.0392701264014643
IPSL-CM6A-LR,-3.5,-3.5013,7,FR,Durum wheat,heat_mj,0.0400586413637066
IPSL-CM6A-LR,-2.5,-2.2964,6,FR,Durum wheat,heat_mj,0.0302865955768459
EC-Earth3,-4.5,-4.5546,8,HU,Durum wheat,heat_mj,0.0688050057807102
EC-Earth3,-3.5,-3.4737,8,HU,Durum wheat,heat_mj,0.103783761855405
EC-Earth3,-2.5,-2.5448,11,HU,Durum wheat,heat_mj,0.0691400504675011
IPSL-CM6A-LR,-5.5,-5.3985,4,HU,Durum wheat,heat_mj,0.0600781601765989
IPSL-CM6A-LR,-4.5,-4.3046,12,HU,Durum wheat,heat_mj,0.0614576082605473
IPSL-CM6A-LR,-3.5,-3.5013,7,HU,Durum wheat,heat_mj,0.054403487298317
IPSL-CM6A-LR,-2.5,-2.2964,6,HU,Durum wheat,heat_mj,0.0492763721329498
EC-Earth3,-4.5,-4.5546,8,IT,Durum wheat,heat_mj,0.0811022174213264
EC-Earth3,-3.5,-3.4737,8,IT,Durum wheat,heat_mj,0.0898643696682898
EC-Earth3,-2.5,-2.5448,11,IT,Durum wheat,heat_mj,0.0733930278803633
IPSL-CM6A-LR,-5.5,-5.3985,4,IT,Durum wheat,heat_mj,0.0529150130050822
IPSL-CM6A-LR,-4.5,-4.3046,12,IT,Durum wheat,heat_mj,0.0522063918767775
IPSL-CM6A-LR,-3.5,-3.5013,7,IT,Durum wheat,heat_mj,0.0533931590699076
IPSL-CM6A-LR,-2.5,-2.2964,6,IT,Durum wheat,heat_mj,0.041956782174667
EC-Earth3,-4.5,-4.5546,8,RO,Durum wheat,heat_mj,0.0679785453888358
EC-Earth3,-3.5,-3.4737,8,RO,Durum wheat,heat_mj,0.0906406314396918
EC-Earth3,-2.5,-2.5448,11,RO,Durum wheat,heat_mj,0.0592279497778053
IPSL-CM6A-LR,-5.5,-5.3985,4,RO,Durum wheat,heat_mj,0.0668896626653078
IPSL-CM6A-LR,-4.5,-4.3046,12,RO,Durum wheat,heat_mj,0.065635636208842
IPSL-CM6A-LR,-3.5,-3.5013,7,RO,Durum wheat,heat_mj,0.0521836230748105
IPSL-CM6A-LR,-2.5,-2.2964,6,RO,Durum wheat,heat_mj,0.0538598281514354
EC-Earth3,-4.5,-4.5546,8,SK,Durum wheat,heat_mj,0.0524992376281837
EC-Earth3,-3.5,-3.4737,8,SK,Durum wheat,heat_mj,0.0817882142101383
EC-Earth3,-2.5,-2.5448,11,SK,Durum wheat,heat_mj,0.0508398796021421
IPSL-CM6A-LR,-5.5,-5.3985,4,SK,Durum wheat,heat_mj,0.0478982101081115
IPSL-CM6A-LR,-4.5,-4.3046,12,SK,Durum wheat,heat_mj,0.0482883609459034
IPSL-CM6A-LR,-3.5,-3.5013,7,SK,Durum wheat,heat_mj,0.0463853623664324
IPSL-CM6A-LR,-2.5,-2.2964,6,SK,Durum wheat,heat_mj,0.0373945546816326
EC-Earth3,-4.5,-4.5546,8,CZ,Spring barley,heat_mj,-0.0696346713442857
EC-Earth3,-3.5,-3.4737,8,CZ,Spring barley,heat_mj,-0.119270409286382
EC-Earth3,-2.5,-2.5448,11,CZ,Spring barley,heat_mj,-0.0728269822127729
IPSL-CM6A-LR,-5.5,-5.3985,4,CZ,Spring barley,heat_mj,-0.0841430350095894
IPSL-CM6A-LR,-4.5,-4.3046,12,CZ,Spring barley,heat_mj,-0.0863341937361246
IPSL-CM6A-LR,-3.5,-3.5013,7,CZ,Spring barley,heat_mj,-0.09686624204816
IPSL-CM6A-LR,-2.5,-2.2964,6,CZ,Spring barley,heat_mj,-0.0598798009211575
EC-Earth3,-4.5,-4.5546,8,DE,Spring barley,heat_mj,-0.0552731764381969
EC-Earth3,-3.5,-3.4737,8,DE,Spring barley,heat_mj,-0.094804987173861
EC-Earth3,-2.5,-2.5448,11,DE,Spring barley,heat_mj,-0.0596852450700158
IPSL-CM6A-LR,-5.5,-5.3985,4,DE,Spring barley,heat_mj,-0.0659875346108862
IPSL-CM6A-LR,-4.5,-4.3046,12,DE,Spring barley,heat_mj,-0.0644635758920751
IPSL-CM6A-LR,-3.5,-3.5013,7,DE,Spring barley,heat_mj,-0.0868705096077206
IPSL-CM6A-LR,-2.5,-2.2964,6,DE,Spring barley,heat_mj,-0.0406964021747951
EC-Earth3,-4.5,-4.5546,8,DK,Spring barley,heat_mj,-0.0110918866235916
EC-Earth3,-3.5,-3.4737,8,DK,Spring barley,heat_mj,-0.0171048876342045
EC-Earth3,-2.5,-2.5448,11,DK,Spring barley,heat_mj,-0.0087770861162655
IPSL-CM6A-LR,-5.5,-5.3985,4,DK,Spring barley,heat_mj,-0.015986894592468
IPSL-CM6A-LR,-4.5,-4.3046,12,DK,Spring barley,heat_mj,-0.0116486742334317
IPSL-CM6A-LR,-3.5,-3.5013,7,DK,Spring barley,heat_mj,-0.0193375151931978
IPSL-CM6A-LR,-2.5,-2.2964,6,DK,Spring barley,heat_mj,-0.00577698081915603
EC-Earth3,-4.5,-4.5546,8,EE,Spring barley,heat_mj,-0.0262215412188337
EC-Earth3,-3.5,-3.4737,8,EE,Spring barley,heat_mj,-0.0339211778975946
EC-Earth3,-2.5,-2.5448,11,EE,Spring barley,heat_mj,-0.0149746789436682
IPSL-CM6A-LR,-5.5,-5.3985,4,EE,Spring barley,heat_mj,-0.0808196590652285
IPSL-CM6A-LR,-4.5,-4.3046,12,EE,Spring barley,heat_mj,-0.0488228638103282
IPSL-CM6A-LR,-3.5,-3.5013,7,EE,Spring barley,heat_mj,-0.0501655176320303
IPSL-CM6A-LR,-2.5,-2.2964,6,EE,Spring barley,heat_mj,-0.023741128090204
EC-Earth3,-4.5,-4.5546,8,ES,Spring barley,heat_mj,-0.276154499829419
EC-Earth3,-3.5,-3.4737,8,ES,Spring barley,heat_mj,-0.281812333440625
EC-Earth3,-2.5,-2.5448,11,ES,Spring barley,heat_mj,-0.262115181411196
IPSL-CM6A-LR,-5.5,-5.3985,4,ES,Spring barley,heat_mj,-0.180456818175946
IPSL-CM6A-LR,-4.5,-4.3046,12,ES,Spring barley,heat_mj,-0.184219449141381
IPSL-CM6A-LR,-3.5,-3.5013,7,ES,Spring barley,heat_mj,-0.161739660254419
IPSL-CM6A-LR,-2.5,-2.2964,6,ES,Spring barley,heat_mj,-0.151304213784972
EC-Earth3,-4.5,-4.5546,8,FI,Spring barley,heat_mj,-0.019488977097693
EC-Earth3,-3.5,-3.4737,8,FI,Spring barley,heat_mj,-0.0279630647918258
EC-Earth3,-2.5,-2.5448,11,FI,Spring barley,heat_mj,-0.0116396417662081
IPSL-CM6A-LR,-5.5,-5.3985,4,FI,Spring barley,heat_mj,-0.0518441607302065
IPSL-CM6A-LR,-4.5,-4.3046,12,FI,Spring barley,heat_mj,-0.0370992655427877
IPSL-CM6A-LR,-3.5,-3.5013,7,FI,Spring barley,heat_mj,-0.0382311450027346
IPSL-CM6A-LR,-2.5,-2.2964,6,FI,Spring barley,heat_mj,-0.0168626103923907
EC-Earth3,-4.5,-4.5546,8,FR,Spring barley,heat_mj,-0.0896132420432107
EC-Earth3,-3.5,-3.4737,8,FR,Spring barley,heat_mj,-0.119324669351583
EC-Earth3,-2.5,-2.5448,11,FR,Spring barley,heat_mj,-0.0982574219780585
IPSL-CM6A-LR,-5.5,-5.3985,4,FR,Spring barley,heat_mj,-0.0835861147245832
IPSL-CM6A-LR,-4.5,-4.3046,12,FR,Spring barley,heat_mj,-0.0813300246832402
IPSL-CM6A-LR,-3.5,-3.5013,7,FR,Spring barley,heat_mj,-0.0958720852521935
IPSL-CM6A-LR,-2.5,-2.2964,6,FR,Spring barley,heat_mj,-0.0581349270828139
EC-Earth3,-4.5,-4.5546,8,HU,Spring barley,heat_mj,-0.180163191268228
EC-Earth3,-3.5,-3.4737,8,HU,Spring barley,heat_mj,-0.277438525715306
EC-Earth3,-2.5,-2.5448,11,HU,Spring barley,heat_mj,-0.180504717689729
IPSL-CM6A-LR,-5.5,-5.3985,4,HU,Spring barley,heat_mj,-0.161885886665369
IPSL-CM6A-LR,-4.5,-4.3046,12,HU,Spring barley,heat_mj,-0.163620608365399
IPSL-CM6A-LR,-3.5,-3.5013,7,HU,Spring barley,heat_mj,-0.146927143769322
IPSL-CM6A-LR,-2.5,-2.2964,6,HU,Spring barley,heat_mj,-0.130353594556042
EC-Earth3,-4.5,-4.5546,8,LT,Spring barley,heat_mj,-0.0341539182661975
EC-Earth3,-3.5,-3.4737,8,LT,Spring barley,heat_mj,-0.0589882037261853
EC-Earth3,-2.5,-2.5448,11,LT,Spring barley,heat_mj,-0.0203042822423095
IPSL-CM6A-LR,-5.5,-5.3985,4,LT,Spring barley,heat_mj,-0.108605416938141
IPSL-CM6A-LR,-4.5,-4.3046,12,LT,Spring barley,heat_mj,-0.0687249970527566
IPSL-CM6A-LR,-3.5,-3.5013,7,LT,Spring barley,heat_mj,-0.0708208079823501
IPSL-CM6A-LR,-2.5,-2.2964,6,LT,Spring barley,heat_mj,-0.0342287986810411
EC-Earth3,-4.5,-4.5546,8,LV,Spring barley,heat_mj,-0.0284486766587722
EC-Earth3,-3.5,-3.4737,8,LV,Spring barley,heat_mj,-0.04342882828086
EC-Earth3,-2.5,-2.5448,11,LV,Spring barley,heat_mj,-0.0163113736757056
IPSL-CM6A-LR,-5.5,-5.3985,4,LV,Spring barley,heat_mj,-0.0963078082570133
IPSL-CM6A-LR,-4.5,-4.3046,12,LV,Spring barley,heat_mj,-0.0578765843474143
IPSL-CM6A-LR,-3.5,-3.5013,7,LV,Spring barley,heat_mj,-0.0595021440356153
IPSL-CM6A-LR,-2.5,-2.2964,6,LV,Spring barley,heat_mj,-0.0290018824284892
EC-Earth3,-4.5,-4.5546,8,SE,Spring barley,heat_mj,-0.0170569677630981
EC-Earth3,-3.5,-3.4737,8,SE,Spring barley,heat_mj,-0.0281802085281223
EC-Earth3,-2.5,-2.5448,11,SE,Spring barley,heat_mj,-0.0145257289333237
IPSL-CM6A-LR,-5.5,-5.3985,4,SE,Spring barley,heat_mj,-0.0348228288435503
IPSL-CM6A-LR,-4.5,-4.3046,12,SE,Spring barley,heat_mj,-0.030094118670656
IPSL-CM6A-LR,-3.5,-3.5013,7,SE,Spring barley,heat_mj,-0.0389365611645745
IPSL-CM6A-LR,-2.5,-2.2964,6,SE,Spring barley,heat_mj,-0.0135697090251537
EC-Earth3,-4.5,-4.5546,8,SK,Spring barley,heat_mj,-0.140317815947622
EC-Earth3,-3.5,-3.4737,8,SK,Spring barley,heat_mj,-0.219957722664757
EC-Earth3,-2.5,-2.5448,11,SK,Spring barley,heat_mj,-0.133222120372166
IPSL-CM6A-LR,-5.5,-5.3985,4,SK,Spring barley,heat_mj,-0.132065679167549
IPSL-CM6A-LR,-4.5,-4.3046,12,SK,Spring barley,heat_mj,-0.130581519822951
IPSL-CM6A-LR,-3.5,-3.5013,7,SK,Spring barley,heat_mj,-0.123790709301307
IPSL-CM6A-LR,-2.5,-2.2964,6,SK,Spring barley,heat_mj,-0.100773619459687
EC-Earth3,-4.5,-4.5546,8,CZ,Winter barley,heat_mj,0.0486914992756516
EC-Earth3,-3.5,-3.4737,8,CZ,Winter barley,heat_mj,0.0842970556495001
EC-Earth3,-2.5,-2.5448,11,CZ,Winter barley,heat_mj,0.0517679412242
IPSL-CM6A-LR,-5.5,-5.3985,4,CZ,Winter barley,heat_mj,0.0598078117996429
IPSL-CM6A-LR,-4.5,-4.3046,12,CZ,Winter barley,heat_mj,0.0617651218888218
IPSL-CM6A-LR,-3.5,-3.5013,7,CZ,Winter barley,heat_mj,0.0708272947442861
IPSL-CM6A-LR,-2.5,-2.2964,6,CZ,Winter barley,heat_mj,0.0426231296584899
EC-Earth3,-4.5,-4.5546,8,DE,Winter barley,heat_mj,0.0389356114674619
EC-Earth3,-3.5,-3.4737,8,DE,Winter barley,heat_mj,0.0680741984680233
EC-Earth3,-2.5,-2.5448,11,DE,Winter barley,heat_mj,0.0408196326430238
IPSL-CM6A-LR,-5.5,-5.3985,4,DE,Winter barley,heat_mj,0.0489764279422755
IPSL-CM6A-LR,-4.5,-4.3046,12,DE,Winter barley,heat_mj,0.0469293817408756
IPSL-CM6A-LR,-3.5,-3.5013,7,DE,Winter barley,heat_mj,0.0640639739316557
IPSL-CM6A-LR,-2.5,-2.2964,6,DE,Winter barley,heat_mj,0.0294333725008318
EC-Earth3,-4.5,-4.5546,8,DK,Winter barley,heat_mj,0.00842227809982241
EC-Earth3,-3.5,-3.4737,8,DK,Winter barley,heat_mj,0.0129078590033168
EC-Earth3,-2.5,-2.5448,11,DK,Winter barley,heat_mj,0.00668397856597886
IPSL-CM6A-LR,-5.5,-5.3985,4,DK,Winter barley,heat_mj,0.0120961419980232
IPSL-CM6A-LR,-4.5,-4.3046,12,DK,Winter barley,heat_mj,0.00882880826104761
IPSL-CM6A-LR,-3.5,-3.5013,7,DK,Winter barley,heat_mj,0.0147052216888036
IPSL-CM6A-LR,-2.5,-2.2964,6,DK,Winter barley,heat_mj,0.00440640242305355
EC-Earth3,-4.5,-4.5546,8,EE,Winter barley,heat_mj,0.0191528274856299
EC-Earth3,-3.5,-3.4737,8,EE,Winter barley,heat_mj,0.0246785000813885
EC-Earth3,-2.5,-2.5448,11,EE,Winter barley,heat_mj,0.0108644690240928
IPSL-CM6A-LR,-5.5,-5.3985,4,EE,Winter barley,heat_mj,0.0585258948548155
IPSL-CM6A-LR,-4.5,-4.3046,12,EE,Winter barley,heat_mj,0.0353973850281824
IPSL-CM6A-LR,-3.5,-3.5013,7,EE,Winter barley,heat_mj,0.0363369352831454
IPSL-CM6A-LR,-2.5,-2.2964,6,EE,Winter barley,heat_mj,0.0171275233155376
EC-Earth3,-4.5,-4.5546,8,EL,Winter barley,heat_mj,0.188250488689691
EC-Earth3,-3.5,-3.4737,8,EL,Winter barley,heat_mj,0.204853145075466
EC-Earth3,-2.5,-2.5448,11,EL,Winter barley,heat_mj,0.159084861539974
IPSL-CM6A-LR,-5.5,-5.3985,4,EL,Winter barley,heat_mj,0.136868173685521
IPSL-CM6A-LR,-4.5,-4.3046,12,EL,Winter barley,heat_mj,0.142259944454827
IPSL-CM6A-LR,-3.5,-3.5013,7,EL,Winter barley,heat_mj,0.126796577520767
IPSL-CM6A-LR,-2.5,-2.2964,6,EL,Winter barley,heat_mj,0.111364941045655
EC-Earth3,-4.5,-4.5546,8,ES,Winter barley,heat_mj,0.211751933191386
EC-Earth3,-3.5,-3.4737,8,ES,Winter barley,heat_mj,0.213693473203595
EC-Earth3,-2.5,-2.5448,11,ES,Winter barley,heat_mj,0.198268367717267
IPSL-CM6A-LR,-5.5,-5.3985,4,ES,Winter barley,heat_mj,0.138643100047798
IPSL-CM6A-LR,-4.5,-4.3046,12,ES,Winter barley,heat_mj,0.141326847525618
IPSL-CM6A-LR,-3.5,-3.5013,7,ES,Winter barley,heat_mj,0.124700775610065
IPSL-CM6A-LR,-2.5,-2.2964,6,ES,Winter barley,heat_mj,0.115231940508327
EC-Earth3,-4.5,-4.5546,8,FR,Winter barley,heat_mj,0.0669133354470962
EC-Earth3,-3.5,-3.4737,8,FR,Winter barley,heat_mj,0.0872747032387142
EC-Earth3,-2.5,-2.5448,11,FR,Winter barley,heat_mj,0.072751685558669
IPSL-CM6A-LR,-5.5,-5.3985,4,FR,Winter barley,heat_mj,0.0600362197261161
IPSL-CM6A-LR,-4.5,-4.3046,12,FR,Winter barley,heat_mj,0.0583344474508117
IPSL-CM6A-LR,-3.5,-3.5013,7,FR,Winter barley,heat_mj,0.066351226237272
IPSL-CM6A-LR,-2.5,-2.2964,6,FR,Winter barley,heat_mj,0.0422967249369918
EC-Earth3,-4.5,-4.5546,8,HU,Winter barley,heat_mj,0.145549340314624
EC-Earth3,-3.5,-3.4737,8,HU,Winter barley,heat_mj,0.219950410203344
EC-Earth3,-2.5,-2.5448,11,HU,Winter barley,heat_mj,0.146202039043261
IPSL-CM6A-LR,-5.5,-5.3985,4,HU,Winter barley,heat_mj,0.127371757143328
IPSL-CM6A-LR,-4.5,-4.3046,12,HU,Winter barley,heat_mj,0.130061349463195
IPSL-CM6A-LR,-3.5,-3.5013,7,HU,Winter barley,heat_mj,0.11517012603975
IPSL-CM6A-LR,-2.5,-2.2964,6,HU,Winter barley,heat_mj,0.104360762474767
EC-Earth3,-4.5,-4.5546,8,IT,Winter barley,heat_mj,0.171153257782252
EC-Earth3,-3.5,-3.4737,8,IT,Winter barley,heat_mj,0.199587288234396
EC-Earth3,-2.5,-2.5448,11,IT,Winter barley,heat_mj,0.162910648135885
IPSL-CM6A-LR,-5.5,-5.3985,4,IT,Winter barley,heat_mj,0.114327437084121
IPSL-CM6A-LR,-4.5,-4.3046,12,IT,Winter barley,heat_mj,0.11137240245799
IPSL-CM6A-LR,-3.5,-3.5013,7,IT,Winter barley,heat_mj,0.113818009331469
IPSL-CM6A-LR,-2.5,-2.2964,6,IT,Winter barley,heat_mj,0.093682201909198
EC-Earth3,-4.5,-4.5546,8,LT,Winter barley,heat_mj,0.0256237508005844
EC-Earth3,-3.5,-3.4737,8,LT,Winter barley,heat_mj,0.044663539047888
EC-Earth3,-2.5,-2.5448,11,LT,Winter barley,heat_mj,0.0152017842440477
IPSL-CM6A-LR,-5.5,-5.3985,4,LT,Winter barley,heat_mj,0.082177370376957
IPSL-CM6A-LR,-4.5,-4.3046,12,LT,Winter barley,heat_mj,0.0520588258492203
IPSL-CM6A-LR,-3.5,-3.5013,7,LT,Winter barley,heat_mj,0.0535201926959302
IPSL-CM6A-LR,-2.5,-2.2964,6,LT,Winter barley,heat_mj,0.0259486706593367
EC-Earth3,-4.5,-4.5546,8,LV,Winter barley,heat_mj,0.0213754851929147
EC-Earth3,-3.5,-3.4737,8,LV,Winter barley,heat_mj,0.0328244399093872
EC-Earth3,-2.5,-2.5448,11,LV,Winter barley,heat_mj,0.0123269528786116
IPSL-CM6A-LR,-5.5,-5.3985,4,LV,Winter barley,heat_mj,0.0694352511657804
IPSL-CM6A-LR,-4.5,-4.3046,12,LV,Winter barley,heat_mj,0.0420689065271415
IPSL-CM6A-LR,-3.5,-3.5013,7,LV,Winter barley,heat_mj,0.0435879136960193
IPSL-CM6A-LR,-2.5,-2.2964,6,LV,Winter barley,heat_mj,0.0209137700258997
EC-Earth3,-4.5,-4.5546,8,SE,Winter barley,heat_mj,0.0135685687869348
EC-Earth3,-3.5,-3.4737,8,SE,Winter barley,heat_mj,0.0220925933723942
EC-Earth3,-2.5,-2.5448,11,SE,Winter barley,heat_mj,0.0109700651215163
IPSL-CM6A-LR,-5.5,-5.3985,4,SE,Winter barley,heat_mj,0.0240937860492807
IPSL-CM6A-LR,-4.5,-4.3046,12,SE,Winter barley,heat_mj,0.0212819087913134
IPSL-CM6A-LR,-3.5,-3.5013,7,SE,Winter barley,heat_mj,0.0275511550345056
IPSL-CM6A-LR,-2.5,-2.2964,6,SE,Winter barley,heat_mj,0.00961659826891781
EC-Earth3,-4.5,-4.5546,8,SK,Winter barley,heat_mj,0.100616353883925
EC-Earth3,-3.5,-3.4737,8,SK,Winter barley,heat_mj,0.158403088548695
EC-Earth3,-2.5,-2.5448,11,SK,Winter barley,heat_mj,0.0943366935281323
IPSL-CM6A-LR,-5.5,-5.3985,4,SK,Winter barley,heat_mj,0.0961738942765253
IPSL-CM6A-LR,-4.5,-4.3046,12,SK,Winter barley,heat_mj,0.0940983576928784
IPSL-CM6A-LR,-3.5,-3.5013,7,SK,Winter barley,heat_mj,0.0884788908921545
IPSL-CM6A-LR,-2.5,-2.2964,6,SK,Winter barley,heat_mj,0.0725113922066128
EC-Earth3,-4.5,-4.5546,8,CZ,Soft wheat,frost_mj,0.0691196304777651
EC-Earth3,-3.5,-3.4737,8,CZ,Soft wheat,frost_mj,0.0716523986768057
EC-Earth3,-2.5,-2.5448,11,CZ,Soft wheat,frost_mj,0.0630003066676115
IPSL-CM6A-LR,-5.5,-5.3985,4,CZ,Soft wheat,frost_mj,0.0637011837921793
IPSL-CM6A-LR,-4.5,-4.3046,12,CZ,Soft wheat,frost_mj,0.0607493696977004
IPSL-CM6A-LR,-3.5,-3.5013,7,CZ,Soft wheat,frost_mj,0.048427565297464
IPSL-CM6A-LR,-2.5,-2.2964,6,CZ,Soft wheat,frost_mj,0.0487244952024624
EC-Earth3,-4.5,-4.5546,8,DE,Soft wheat,frost_mj,0.0531753298773095
EC-Earth3,-3.5,-3.4737,8,DE,Soft wheat,frost_mj,0.0546534981582485
EC-Earth3,-2.5,-2.5448,11,DE,Soft wheat,frost_mj,0.0469716809358014
IPSL-CM6A-LR,-5.5,-5.3985,4,DE,Soft wheat,frost_mj,0.0517339445030002
IPSL-CM6A-LR,-4.5,-4.3046,12,DE,Soft wheat,frost_mj,0.0485777407161873
IPSL-CM6A-LR,-3.5,-3.5013,7,DE,Soft wheat,frost_mj,0.0367976706767858
IPSL-CM6A-LR,-2.5,-2.2964,6,DE,Soft wheat,frost_mj,0.0365758108734377
EC-Earth3,-4.5,-4.5546,8,DK,Soft wheat,frost_mj,0.0479453045744845
EC-Earth3,-3.5,-3.4737,8,DK,Soft wheat,frost_mj,0.0514112970124569
EC-Earth3,-2.5,-2.5448,11,DK,Soft wheat,frost_mj,0.0447325002033659
IPSL-CM6A-LR,-5.5,-5.3985,4,DK,Soft wheat,frost_mj,0.0478618472453175
IPSL-CM6A-LR,-4.5,-4.3046,12,DK,Soft wheat,frost_mj,0.0443645347650204
IPSL-CM6A-LR,-3.5,-3.5013,7,DK,Soft wheat,frost_mj,0.037809339405154
IPSL-CM6A-LR,-2.5,-2.2964,6,DK,Soft wheat,frost_mj,0.0378891207222534
EC-Earth3,-4.5,-4.5546,8,EE,Soft wheat,frost_mj,0.104038263592246
EC-Earth3,-3.5,-3.4737,8,EE,Soft wheat,frost_mj,0.11431411165955
EC-Earth3,-2.5,-2.5448,11,EE,Soft wheat,frost_mj,0.0969388940656026
IPSL-CM6A-LR,-5.5,-5.3985,4,EE,Soft wheat,frost_mj,0.100257607905893
IPSL-CM6A-LR,-4.5,-4.3046,12,EE,Soft wheat,frost_mj,0.0980164001547806
IPSL-CM6A-LR,-3.5,-3.5013,7,EE,Soft wheat,frost_mj,0.0923215142681577
IPSL-CM6A-LR,-2.5,-2.2964,6,EE,Soft wheat,frost_mj,0.0873015254551333
EC-Earth3,-4.5,-4.5546,8,EL,Soft wheat,frost_mj,0.0284737200892712
EC-Earth3,-3.5,-3.4737,8,EL,Soft wheat,frost_mj,0.0281850878540941
EC-Earth3,-2.5,-2.5448,11,EL,Soft wheat,frost_mj,0.0240950702771661
IPSL-CM6A-LR,-5.5,-5.3985,4,EL,Soft wheat,frost_mj,0.0256566896694795
IPSL-CM6A-LR,-4.5,-4.3046,12,EL,Soft wheat,frost_mj,0.0219783999079123
IPSL-CM6A-LR,-3.5,-3.5013,7,EL,Soft wheat,frost_mj,0.0173175256518841
IPSL-CM6A-LR,-2.5,-2.2964,6,EL,Soft wheat,frost_mj,0.0201928405584147
EC-Earth3,-4.5,-4.5546,8,ES,Soft wheat,frost_mj,0.0343648654318734
EC-Earth3,-3.5,-3.4737,8,ES,Soft wheat,frost_mj,0.0331792903788338
EC-Earth3,-2.5,-2.5448,11,ES,Soft wheat,frost_mj,0.0300260961764954
IPSL-CM6A-LR,-5.5,-5.3985,4,ES,Soft wheat,frost_mj,0.032636386347628
IPSL-CM6A-LR,-4.5,-4.3046,12,ES,Soft wheat,frost_mj,0.0300963604446834
IPSL-CM6A-LR,-3.5,-3.5013,7,ES,Soft wheat,frost_mj,0.0237121179104312
IPSL-CM6A-LR,-2.5,-2.2964,6,ES,Soft wheat,frost_mj,0.0235840860308775
EC-Earth3,-4.5,-4.5546,8,FI,Soft wheat,frost_mj,0.121748819092332
EC-Earth3,-3.5,-3.4737,8,FI,Soft wheat,frost_mj,0.135243851723899
EC-Earth3,-2.5,-2.5448,11,FI,Soft wheat,frost_mj,0.116709182242561
IPSL-CM6A-LR,-5.5,-5.3985,4,FI,Soft wheat,frost_mj,0.112614199554665
IPSL-CM6A-LR,-4.5,-4.3046,12,FI,Soft wheat,frost_mj,0.114184987557068
IPSL-CM6A-LR,-3.5,-3.5013,7,FI,Soft wheat,frost_mj,0.110859779131501
IPSL-CM6A-LR,-2.5,-2.2964,6,FI,Soft wheat,frost_mj,0.100672309431827
EC-Earth3,-4.5,-4.5546,8,FR,Soft wheat,frost_mj,0.0281679879609679
EC-Earth3,-3.5,-3.4737,8,FR,Soft wheat,frost_mj,0.0283014326955953
EC-Earth3,-2.5,-2.5448,11,FR,Soft wheat,frost_mj,0.0246846420509814
IPSL-CM6A-LR,-5.5,-5.3985,4,FR,Soft wheat,frost_mj,0.0278543888611657
IPSL-CM6A-LR,-4.5,-4.3046,12,FR,Soft wheat,frost_mj,0.0255360239047576
IPSL-CM6A-LR,-3.5,-3.5013,7,FR,Soft wheat,frost_mj,0.0196322041101468
IPSL-CM6A-LR,-2.5,-2.2964,6,FR,Soft wheat,frost_mj,0.019659139124664
EC-Earth3,-4.5,-4.5546,8,HU,Soft wheat,frost_mj,0.0384443502344111
EC-Earth3,-3.5,-3.4737,8,HU,Soft wheat,frost_mj,0.0404668104016395
EC-Earth3,-2.5,-2.5448,11,HU,Soft wheat,frost_mj,0.0339460986832478
IPSL-CM6A-LR,-5.5,-5.3985,4,HU,Soft wheat,frost_mj,0.0387435002645687
IPSL-CM6A-LR,-4.5,-4.3046,12,HU,Soft wheat,frost_mj,0.0332786164083578
IPSL-CM6A-LR,-3.5,-3.5013,7,HU,Soft wheat,frost_mj,0.0262833067984455
IPSL-CM6A-LR,-2.5,-2.2964,6,HU,Soft wheat,frost_mj,0.0299083782850822
EC-Earth3,-4.5,-4.5546,8,IT,Soft wheat,frost_mj,0.0184197153100996
EC-Earth3,-3.5,-3.4737,8,IT,Soft wheat,frost_mj,0.018214344830502
EC-Earth3,-2.5,-2.5448,11,IT,Soft wheat,frost_mj,0.0157703745359532
IPSL-CM6A-LR,-5.5,-5.3985,4,IT,Soft wheat,frost_mj,0.0181310266383444
IPSL-CM6A-LR,-4.5,-4.3046,12,IT,Soft wheat,frost_mj,0.017103508799313
IPSL-CM6A-LR,-3.5,-3.5013,7,IT,Soft wheat,frost_mj,0.0131121075451767
IPSL-CM6A-LR,-2.5,-2.2964,6,IT,Soft wheat,frost_mj,0.0139437829936734
EC-Earth3,-4.5,-4.5546,8,LT,Soft wheat,frost_mj,0.0829237046020372
EC-Earth3,-3.5,-3.4737,8,LT,Soft wheat,frost_mj,0.0907697110136304
EC-Earth3,-2.5,-2.5448,11,LT,Soft wheat,frost_mj,0.0740910301965803
IPSL-CM6A-LR,-5.5,-5.3985,4,LT,Soft wheat,frost_mj,0.0773053171365881
IPSL-CM6A-LR,-4.5,-4.3046,12,LT,Soft wheat,frost_mj,0.0725197190974871
IPSL-CM6A-LR,-3.5,-3.5013,7,LT,Soft wheat,frost_mj,0.0670590713829385
IPSL-CM6A-LR,-2.5,-2.2964,6,LT,Soft wheat,frost_mj,0.0626865394720713
EC-Earth3,-4.5,-4.5546,8,LV,Soft wheat,frost_mj,0.0905619122539363
EC-Earth3,-3.5,-3.4737,8,LV,Soft wheat,frost_mj,0.0996541918771301
EC-Earth3,-2.5,-2.5448,11,LV,Soft wheat,frost_mj,0.0830092888637359
IPSL-CM6A-LR,-5.5,-5.3985,4,LV,Soft wheat,frost_mj,0.0846085876040465
IPSL-CM6A-LR,-4.5,-4.3046,12,LV,Soft wheat,frost_mj,0.0821030372364499
IPSL-CM6A-LR,-3.5,-3.5013,7,LV,Soft wheat,frost_mj,0.0764091358467083
IPSL-CM6A-LR,-2.5,-2.2964,6,LV,Soft wheat,frost_mj,0.0716229619203159
EC-Earth3,-4.5,-4.5546,8,RO,Soft wheat,frost_mj,0.0418721550755069
EC-Earth3,-3.5,-3.4737,8,RO,Soft wheat,frost_mj,0.0441127106560615
EC-Earth3,-2.5,-2.5448,11,RO,Soft wheat,frost_mj,0.0384081555016647
IPSL-CM6A-LR,-5.5,-5.3985,4,RO,Soft wheat,frost_mj,0.0398808463823739
IPSL-CM6A-LR,-4.5,-4.3046,12,RO,Soft wheat,frost_mj,0.0315758463859883
IPSL-CM6A-LR,-3.5,-3.5013,7,RO,Soft wheat,frost_mj,0.0265235041490869
IPSL-CM6A-LR,-2.5,-2.2964,6,RO,Soft wheat,frost_mj,0.0329329291714514
EC-Earth3,-4.5,-4.5546,8,SE,Soft wheat,frost_mj,0.0926608727022901
EC-Earth3,-3.5,-3.4737,8,SE,Soft wheat,frost_mj,0.100278071974874
EC-Earth3,-2.5,-2.5448,11,SE,Soft wheat,frost_mj,0.0850865869642672
IPSL-CM6A-LR,-5.5,-5.3985,4,SE,Soft wheat,frost_mj,0.0885771953122471
IPSL-CM6A-LR,-4.5,-4.3046,12,SE,Soft wheat,frost_mj,0.0840154434648388
IPSL-CM6A-LR,-3.5,-3.5013,7,SE,Soft wheat,frost_mj,0.0772041726429426
IPSL-CM6A-LR,-2.5,-2.2964,6,SE,Soft wheat,frost_mj,0.0724487733253184
EC-Earth3,-4.5,-4.5546,8,SK,Soft wheat,frost_mj,0.0613730368930676
EC-Earth3,-3.5,-3.4737,8,SK,Soft wheat,frost_mj,0.0639447221992326
EC-Earth3,-2.5,-2.5448,11,SK,Soft wheat,frost_mj,0.0540880839063166
IPSL-CM6A-LR,-5.5,-5.3985,4,SK,Soft wheat,frost_mj,0.05831821547369
IPSL-CM6A-LR,-4.5,-4.3046,12,SK,Soft wheat,frost_mj,0.0535591835556406
IPSL-CM6A-LR,-3.5,-3.5013,7,SK,Soft wheat,frost_mj,0.0435960394624544
IPSL-CM6A-LR,-2.5,-2.2964,6,SK,Soft wheat,frost_mj,0.0464338431862608
EC-Earth3,-4.5,-4.5546,8,EL,Durum wheat,frost_mj,0.0432942631579193
EC-Earth3,-3.5,-3.4737,8,EL,Durum wheat,frost_mj,0.0427285881896948
EC-Earth3,-2.5,-2.5448,11,EL,Durum wheat,frost_mj,0.0374988396558306
IPSL-CM6A-LR,-5.5,-5.3985,4,EL,Durum wheat,frost_mj,0.0396180374555918
IPSL-CM6A-LR,-4.5,-4.3046,12,EL,Durum wheat,frost_mj,0.0343409875651772
IPSL-CM6A-LR,-3.5,-3.5013,7,EL,Durum wheat,frost_mj,0.0276537232031403
IPSL-CM6A-LR,-2.5,-2.2964,6,EL,Durum wheat,frost_mj,0.031950168744145
EC-Earth3,-4.5,-4.5546,8,ES,Durum wheat,frost_mj,0.0157772255769284
EC-Earth3,-3.5,-3.4737,8,ES,Durum wheat,frost_mj,0.0154514730895342
EC-Earth3,-2.5,-2.5448,11,ES,Durum wheat,frost_mj,0.0138460658315974
IPSL-CM6A-LR,-5.5,-5.3985,4,ES,Durum wheat,frost_mj,0.0153188809335527
IPSL-CM6A-LR,-4.5,-4.3046,12,ES,Durum wheat,frost_mj,0.0142888390570041
IPSL-CM6A-LR,-3.5,-3.5013,7,ES,Durum wheat,frost_mj,0.0114750334644195
IPSL-CM6A-LR,-2.5,-2.2964,6,ES,Durum wheat,frost_mj,0.0114309751167399
EC-Earth3,-4.5,-4.5546,8,FR,Durum wheat,frost_mj,0.0470155767368596
EC-Earth3,-3.5,-3.4737,8,FR,Durum wheat,frost_mj,0.0467736949078076
EC-Earth3,-2.5,-2.5448,11,FR,Durum wheat,frost_mj,0.0405676348154022
IPSL-CM6A-LR,-5.5,-5.3985,4,FR,Durum wheat,frost_mj,0.0461650896038013
IPSL-CM6A-LR,-4.5,-4.3046,12,FR,Durum wheat,frost_mj,0.0420994210125793
IPSL-CM6A-LR,-3.5,-3.5013,7,FR,Durum wheat,frost_mj,0.0314931319360069
IPSL-CM6A-LR,-2.5,-2.2964,6,FR,Durum wheat,frost_mj,0.0328173098214113
EC-Earth3,-4.5,-4.5546,8,HU,Durum wheat,frost_mj,0.0783576330349593
EC-Earth3,-3.5,-3.4737,8,HU,Durum wheat,frost_mj,0.0826696607341171
EC-Earth3,-2.5,-2.5448,11,HU,Durum wheat,frost_mj,0.0689783186969302
IPSL-CM6A-LR,-5.5,-5.3985,4,HU,Durum wheat,frost_mj,0.0797167902825729
IPSL-CM6A-LR,-4.5,-4.3046,12,HU,Durum wheat,frost_mj,0.068454692459778
IPSL-CM6A-LR,-3.5,-3.5013,7,HU,Durum wheat,frost_mj,0.0537414660241478
IPSL-CM6A-LR,-2.5,-2.2964,6,HU,Durum wheat,frost_mj,0.0613875898315653
EC-Earth3,-4.5,-4.5546,8,IT,Durum wheat,frost_mj,0.0122438821465677
EC-Earth3,-3.5,-3.4737,8,IT,Durum wheat,frost_mj,0.0121155591713729
EC-Earth3,-2.5,-2.5448,11,IT,Durum wheat,frost_mj,0.0104618392673784
IPSL-CM6A-LR,-5.5,-5.3985,4,IT,Durum wheat,frost_mj,0.0119557698250473
IPSL-CM6A-LR,-4.5,-4.3046,12,IT,Durum wheat,frost_mj,0.01122704385033
IPSL-CM6A-LR,-3.5,-3.5013,7,IT,Durum wheat,frost_mj,0.0091944400242695
IPSL-CM6A-LR,-2.5,-2.2964,6,IT,Durum wheat,frost_mj,0.00964245459457268
EC-Earth3,-4.5,-4.5546,8,RO,Durum wheat,frost_mj,0.0942056382601749
EC-Earth3,-3.5,-3.4737,8,RO,Durum wheat,frost_mj,0.0994712025336784
EC-Earth3,-2.5,-2.5448,11,RO,Durum wheat,frost_mj,0.08618283848327
IPSL-CM6A-LR,-5.5,-5.3985,4,RO,Durum wheat,frost_mj,0.0900260164778283
IPSL-CM6A-LR,-4.5,-4.3046,12,RO,Durum wheat,frost_mj,0.0704732166678229
IPSL-CM6A-LR,-3.5,-3.5013,7,RO,Durum wheat,frost_mj,0.0597036392272059
IPSL-CM6A-LR,-2.5,-2.2964,6,RO,Durum wheat,frost_mj,0.0736978940496127
EC-Earth3,-4.5,-4.5546,8,SK,Durum wheat,frost_mj,0.113970184682885
EC-Earth3,-3.5,-3.4737,8,SK,Durum wheat,frost_mj,0.118604270503133
EC-Earth3,-2.5,-2.5448,11,SK,Durum wheat,frost_mj,0.101044795770307
IPSL-CM6A-LR,-5.5,-5.3985,4,SK,Durum wheat,frost_mj,0.110092948087013
IPSL-CM6A-LR,-4.5,-4.3046,12,SK,Durum wheat,frost_mj,0.10153719181191
IPSL-CM6A-LR,-3.5,-3.5013,7,SK,Durum wheat,frost_mj,0.0815492311685899
IPSL-CM6A-LR,-2.5,-2.2964,6,SK,Durum wheat,frost_mj,0.0875949479132609
EC-Earth3,-4.5,-4.5546,8,CZ,Spring barley,frost_mj,0.042091594949957
EC-Earth3,-3.5,-3.4737,8,CZ,Spring barley,frost_mj,0.0436554195133874
EC-Earth3,-2.5,-2.5448,11,CZ,Spring barley,frost_mj,0.0384222951292801
IPSL-CM6A-LR,-5.5,-5.3985,4,CZ,Spring barley,frost_mj,0.0388453286807225
IPSL-CM6A-LR,-4.5,-4.3046,12,CZ,Spring barley,frost_mj,0.0370629791155501
IPSL-CM6A-LR,-3.5,-3.5013,7,CZ,Spring barley,frost_mj,0.0295998487173158
IPSL-CM6A-LR,-2.5,-2.2964,6,CZ,Spring barley,frost_mj,0.0298107776682999
EC-Earth3,-4.5,-4.5546,8,DE,Spring barley,frost_mj,0.0338731221884448
EC-Earth3,-3.5,-3.4737,8,DE,Spring barley,frost_mj,0.0346479046042287
EC-Earth3,-2.5,-2.5448,11,DE,Spring barley,frost_mj,0.0299107519697593
IPSL-CM6A-LR,-5.5,-5.3985,4,DE,Spring barley,frost_mj,0.0325153111506373
IPSL-CM6A-LR,-4.5,-4.3046,12,DE,Spring barley,frost_mj,0.0306161548393039
IPSL-CM6A-LR,-3.5,-3.5013,7,DE,Spring barley,frost_mj,0.0226549156144491
IPSL-CM6A-LR,-2.5,-2.2964,6,DE,Spring barley,frost_mj,0.02255936114643
EC-Earth3,-4.5,-4.5546,8,DK,Spring barley,frost_mj,0.0288281349504519
EC-Earth3,-3.5,-3.4737,8,DK,Spring barley,frost_mj,0.030984908834507
EC-Earth3,-2.5,-2.5448,11,DK,Spring barley,frost_mj,0.0268811530571913
IPSL-CM6A-LR,-5.5,-5.3985,4,DK,Spring barley,frost_mj,0.028850680201364
IPSL-CM6A-LR,-4.5,-4.3046,12,DK,Spring barley,frost_mj,0.026668693338534
IPSL-CM6A-LR,-3.5,-3.5013,7,DK,Spring barley,frost_mj,0.0226483583909676
IPSL-CM6A-LR,-2.5,-2.2964,6,DK,Spring barley,frost_mj,0.0227332279301987
EC-Earth3,-4.5,-4.5546,8,EE,Spring barley,frost_mj,0.0637184820778423
EC-Earth3,-3.5,-3.4737,8,EE,Spring barley,frost_mj,0.0700529767048698
EC-Earth3,-2.5,-2.5448,11,EE,Spring barley,frost_mj,0.0594384942289482
IPSL-CM6A-LR,-5.5,-5.3985,4,EE,Spring barley,frost_mj,0.0614448910590593
IPSL-CM6A-LR,-4.5,-4.3046,12,EE,Spring barley,frost_mj,0.0600606415229462
IPSL-CM6A-LR,-3.5,-3.5013,7,EE,Spring barley,frost_mj,0.056550703350052
IPSL-CM6A-LR,-2.5,-2.2964,6,EE,Spring barley,frost_mj,0.0535211462977834
EC-Earth3,-4.5,-4.5546,8,ES,Spring barley,frost_mj,0.0213114111916443
EC-Earth3,-3.5,-3.4737,8,ES,Spring barley,frost_mj,0.0205755509160347
EC-Earth3,-2.5,-2.5448,11,ES,Spring barley,frost_mj,0.0185243635094175
IPSL-CM6A-LR,-5.5,-5.3985,4,ES,Spring barley,frost_mj,0.0203232592219719
IPSL-CM6A-LR,-4.5,-4.3046,12,ES,Spring barley,frost_mj,0.0187201553365974
IPSL-CM6A-LR,-3.5,-3.5013,7,ES,Spring barley,frost_mj,0.0146371870927955
IPSL-CM6A-LR,-2.5,-2.2964,6,ES,Spring barley,frost_mj,0.0146719477571461
EC-Earth3,-4.5,-4.5546,8,FI,Spring barley,frost_mj,0.0772665731953081
EC-Earth3,-3.5,-3.4737,8,FI,Spring barley,frost_mj,0.0869096480815183
EC-Earth3,-2.5,-2.5448,11,FI,Spring barley,frost_mj,0.0739031311465319
IPSL-CM6A-LR,-5.5,-5.3985,4,FI,Spring barley,frost_mj,0.0705453066673822
IPSL-CM6A-LR,-4.5,-4.3046,12,FI,Spring barley,frost_mj,0.0727394667356459
IPSL-CM6A-LR,-3.5,-3.5013,7,FI,Spring barley,frost_mj,0.0703490761760383
IPSL-CM6A-LR,-2.5,-2.2964,6,FI,Spring barley,frost_mj,0.0624883129803386
EC-Earth3,-4.5,-4.5546,8,FR,Spring barley,frost_mj,0.0206222722156186
EC-Earth3,-3.5,-3.4737,8,FR,Spring barley,frost_mj,0.0206673312490101
EC-Earth3,-2.5,-2.5448,11,FR,Spring barley,frost_mj,0.0178322238629509
IPSL-CM6A-LR,-5.5,-5.3985,4,FR,Spring barley,frost_mj,0.0203915900417035
IPSL-CM6A-LR,-4.5,-4.3046,12,FR,Spring barley,frost_mj,0.0187749354188436
IPSL-CM6A-LR,-3.5,-3.5013,7,FR,Spring barley,frost_mj,0.0140342156352376
IPSL-CM6A-LR,-2.5,-2.2964,6,FR,Spring barley,frost_mj,0.0138200159137596
EC-Earth3,-4.5,-4.5546,8,HU,Spring barley,frost_mj,0.0244299351568174
EC-Earth3,-3.5,-3.4737,8,HU,Spring barley,frost_mj,0.0256163777800269
EC-Earth3,-2.5,-2.5448,11,HU,Spring barley,frost_mj,0.0216401761981192
IPSL-CM6A-LR,-5.5,-5.3985,4,HU,Spring barley,frost_mj,0.024345368697975
IPSL-CM6A-LR,-4.5,-4.3046,12,HU,Spring barley,frost_mj,0.0213681754084082
IPSL-CM6A-LR,-3.5,-3.5013,7,HU,Spring barley,frost_mj,0.0170758652102342
IPSL-CM6A-LR,-2.5,-2.2964,6,HU,Spring barley,frost_mj,0.0189625837998329
EC-Earth3,-4.5,-4.5546,8,LT,Spring barley,frost_mj,0.050763570850798
EC-Earth3,-3.5,-3.4737,8,LT,Spring barley,frost_mj,0.055638644799401
EC-Earth3,-2.5,-2.5448,11,LT,Spring barley,frost_mj,0.0454161010876286
IPSL-CM6A-LR,-5.5,-5.3985,4,LT,Spring barley,frost_mj,0.0473671012557897
IPSL-CM6A-LR,-4.5,-4.3046,12,LT,Spring barley,frost_mj,0.0445144644459294
IPSL-CM6A-LR,-3.5,-3.5013,7,LT,Spring barley,frost_mj,0.0411804867526251
IPSL-CM6A-LR,-2.5,-2.2964,6,LT,Spring barley,frost_mj,0.0384447289246566
EC-Earth3,-4.5,-4.5546,8,LV,Spring barley,frost_mj,0.0557699986341815
EC-Earth3,-3.5,-3.4737,8,LV,Spring barley,frost_mj,0.0613727943157089
EC-Earth3,-2.5,-2.5448,11,LV,Spring barley,frost_mj,0.0511667263060273
IPSL-CM6A-LR,-5.5,-5.3985,4,LV,Spring barley,frost_mj,0.0519716821993299
IPSL-CM6A-LR,-4.5,-4.3046,12,LV,Spring barley,frost_mj,0.0505181451660433
IPSL-CM6A-LR,-3.5,-3.5013,7,LV,Spring barley,frost_mj,0.0470450205552371
IPSL-CM6A-LR,-2.5,-2.2964,6,LV,Spring barley,frost_mj,0.044157788368107
EC-Earth3,-4.5,-4.5546,8,SE,Spring barley,frost_mj,0.0608023368589899
EC-Earth3,-3.5,-3.4737,8,SE,Spring barley,frost_mj,0.0663049509606566
EC-Earth3,-2.5,-2.5448,11,SE,Spring barley,frost_mj,0.0557024766858971
IPSL-CM6A-LR,-5.5,-5.3985,4,SE,Spring barley,frost_mj,0.0579259198211693
IPSL-CM6A-LR,-4.5,-4.3046,12,SE,Spring barley,frost_mj,0.0551330164205235
IPSL-CM6A-LR,-3.5,-3.5013,7,SE,Spring barley,frost_mj,0.0509706328969903
IPSL-CM6A-LR,-2.5,-2.2964,6,SE,Spring barley,frost_mj,0.0470651572833662
EC-Earth3,-4.5,-4.5546,8,SK,Spring barley,frost_mj,0.0362166624008849
EC-Earth3,-3.5,-3.4737,8,SK,Spring barley,frost_mj,0.0377052935198044
EC-Earth3,-2.5,-2.5448,11,SK,Spring barley,frost_mj,0.0319925651204117
IPSL-CM6A-LR,-5.5,-5.3985,4,SK,Spring barley,frost_mj,0.0345496617728265
IPSL-CM6A-LR,-4.5,-4.3046,12,SK,Spring barley,frost_mj,0.0318204405251612
IPSL-CM6A-LR,-3.5,-3.5013,7,SK,Spring barley,frost_mj,0.025797421340361
IPSL-CM6A-LR,-2.5,-2.2964,6,SK,Spring barley,frost_mj,0.0275428852172262
EC-Earth3,-4.5,-4.5546,8,CZ,Winter barley,frost_mj,0.0823635344624464
EC-Earth3,-3.5,-3.4737,8,CZ,Winter barley,frost_mj,0.0853174283303867
EC-Earth3,-2.5,-2.5448,11,CZ,Winter barley,frost_mj,0.0750746598413269
IPSL-CM6A-LR,-5.5,-5.3985,4,CZ,Winter barley,frost_mj,0.0752246753281342
IPSL-CM6A-LR,-4.5,-4.3046,12,CZ,Winter barley,frost_mj,0.0718377098435117
IPSL-CM6A-LR,-3.5,-3.5013,7,CZ,Winter barley,frost_mj,0.056724625612196
IPSL-CM6A-LR,-2.5,-2.2964,6,CZ,Winter barley,frost_mj,0.0569947235177404
EC-Earth3,-4.5,-4.5546,8,DE,Winter barley,frost_mj,0.0621170482068265
EC-Earth3,-3.5,-3.4737,8,DE,Winter barley,frost_mj,0.0637527580173161
EC-Earth3,-2.5,-2.5448,11,DE,Winter barley,frost_mj,0.0547608149548161
IPSL-CM6A-LR,-5.5,-5.3985,4,DE,Winter barley,frost_mj,0.060169645700259
IPSL-CM6A-LR,-4.5,-4.3046,12,DE,Winter barley,frost_mj,0.0565162858880442
IPSL-CM6A-LR,-3.5,-3.5013,7,DE,Winter barley,frost_mj,0.0426686792295526
IPSL-CM6A-LR,-2.5,-2.2964,6,DE,Winter barley,frost_mj,0.0423721761179146
EC-Earth3,-4.5,-4.5546,8,DK,Winter barley,frost_mj,0.0569904607634153
EC-Earth3,-3.5,-3.4737,8,DK,Winter barley,frost_mj,0.0611595279631466
EC-Earth3,-2.5,-2.5448,11,DK,Winter barley,frost_mj,0.0528174153987417
IPSL-CM6A-LR,-5.5,-5.3985,4,DK,Winter barley,frost_mj,0.0568656959501651
IPSL-CM6A-LR,-4.5,-4.3046,12,DK,Winter barley,frost_mj,0.0525042149800053
IPSL-CM6A-LR,-3.5,-3.5013,7,DK,Winter barley,frost_mj,0.0444257612420855
IPSL-CM6A-LR,-2.5,-2.2964,6,DK,Winter barley,frost_mj,0.0444879646426548
EC-Earth3,-4.5,-4.5546,8,EE,Winter barley,frost_mj,0.121151787461882
EC-Earth3,-3.5,-3.4737,8,EE,Winter barley,frost_mj,0.133254477945816
EC-Earth3,-2.5,-2.5448,11,EE,Winter barley,frost_mj,0.113056650343507
IPSL-CM6A-LR,-5.5,-5.3985,4,EE,Winter barley,frost_mj,0.116553742494672
IPSL-CM6A-LR,-4.5,-4.3046,12,EE,Winter barley,frost_mj,0.11395431326973
IPSL-CM6A-LR,-3.5,-3.5013,7,EE,Winter barley,frost_mj,0.107445786056478
IPSL-CM6A-LR,-2.5,-2.2964,6,EE,Winter barley,frost_mj,0.101585591209726
EC-Earth3,-4.5,-4.5546,8,EL,Winter barley,frost_mj,0.026176930687521
EC-Earth3,-3.5,-3.4737,8,EL,Winter barley,frost_mj,0.0258653312621929
EC-Earth3,-2.5,-2.5448,11,EL,Winter barley,frost_mj,0.0222338664673612
IPSL-CM6A-LR,-5.5,-5.3985,4,EL,Winter barley,frost_mj,0.0236462733697664
IPSL-CM6A-LR,-4.5,-4.3046,12,EL,Winter barley,frost_mj,0.0204843625552706
IPSL-CM6A-LR,-3.5,-3.5013,7,EL,Winter barley,frost_mj,0.0163364042714621
IPSL-CM6A-LR,-2.5,-2.2964,6,EL,Winter barley,frost_mj,0.0188215221665784
EC-Earth3,-4.5,-4.5546,8,ES,Winter barley,frost_mj,0.0299058853421593
EC-Earth3,-3.5,-3.4737,8,ES,Winter barley,frost_mj,0.0290355640203685
EC-Earth3,-2.5,-2.5448,11,ES,Winter barley,frost_mj,0.0262152303197834
IPSL-CM6A-LR,-5.5,-5.3985,4,ES,Winter barley,frost_mj,0.0284897503652568
IPSL-CM6A-LR,-4.5,-4.3046,12,ES,Winter barley,frost_mj,0.0264607839659788
IPSL-CM6A-LR,-3.5,-3.5013,7,ES,Winter barley,frost_mj,0.0208254241065777
IPSL-CM6A-LR,-2.5,-2.2964,6,ES,Winter barley,frost_mj,0.021043749723175
EC-Earth3,-4.5,-4.5546,8,FR,Winter barley,frost_mj,0.0348179887165985
EC-Earth3,-3.5,-3.4737,8,FR,Winter barley,frost_mj,0.0349186414637204
EC-Earth3,-2.5,-2.5448,11,FR,Winter barley,frost_mj,0.0302037191682826
IPSL-CM6A-LR,-5.5,-5.3985,4,FR,Winter barley,frost_mj,0.0344233988434084
IPSL-CM6A-LR,-4.5,-4.3046,12,FR,Winter barley,frost_mj,0.0316838561478436
IPSL-CM6A-LR,-3.5,-3.5013,7,FR,Winter barley,frost_mj,0.0238078518135657
IPSL-CM6A-LR,-2.5,-2.2964,6,FR,Winter barley,frost_mj,0.0237980898337343
EC-Earth3,-4.5,-4.5546,8,HU,Winter barley,frost_mj,0.0427382667596208
EC-Earth3,-3.5,-3.4737,8,HU,Winter barley,frost_mj,0.0450539175460179
EC-Earth3,-2.5,-2.5448,11,HU,Winter barley,frost_mj,0.0376627694181027
IPSL-CM6A-LR,-5.5,-5.3985,4,HU,Winter barley,frost_mj,0.04338415188564
IPSL-CM6A-LR,-4.5,-4.3046,12,HU,Winter barley,frost_mj,0.0372312239225555
IPSL-CM6A-LR,-3.5,-3.5013,7,HU,Winter barley,frost_mj,0.0292242899517624
IPSL-CM6A-LR,-2.5,-2.2964,6,HU,Winter barley,frost_mj,0.0333434896864036
EC-Earth3,-4.5,-4.5546,8,IT,Winter barley,frost_mj,0.0163718075101154
EC-Earth3,-3.5,-3.4737,8,IT,Winter barley,frost_mj,0.0161695948751794
EC-Earth3,-2.5,-2.5448,11,IT,Winter barley,frost_mj,0.0138179554542886
IPSL-CM6A-LR,-5.5,-5.3985,4,IT,Winter barley,frost_mj,0.0160535772238329
IPSL-CM6A-LR,-4.5,-4.3046,12,IT,Winter barley,frost_mj,0.0150478813798843
IPSL-CM6A-LR,-3.5,-3.5013,7,IT,Winter barley,frost_mj,0.0115606638141182
IPSL-CM6A-LR,-2.5,-2.2964,6,IT,Winter barley,frost_mj,0.0123201032636659
EC-Earth3,-4.5,-4.5546,8,LT,Winter barley,frost_mj,0.095916548380227
EC-Earth3,-3.5,-3.4737,8,LT,Winter barley,frost_mj,0.105081655185948
EC-Earth3,-2.5,-2.5448,11,LT,Winter barley,frost_mj,0.085738388451188
IPSL-CM6A-LR,-5.5,-5.3985,4,LT,Winter barley,frost_mj,0.0893657264811671
IPSL-CM6A-LR,-4.5,-4.3046,12,LT,Winter barley,frost_mj,0.0839745517027934
IPSL-CM6A-LR,-3.5,-3.5013,7,LT,Winter barley,frost_mj,0.077694349260703
IPSL-CM6A-LR,-2.5,-2.2964,6,LT,Winter barley,frost_mj,0.0724244969103347
EC-Earth3,-4.5,-4.5546,8,LV,Winter barley,frost_mj,0.103458142257347
EC-Earth3,-3.5,-3.4737,8,LV,Winter barley,frost_mj,0.113878777572911
EC-Earth3,-2.5,-2.5448,11,LV,Winter barley,frost_mj,0.0950017853675581
IPSL-CM6A-LR,-5.5,-5.3985,4,LV,Winter barley,frost_mj,0.0971141829385334
IPSL-CM6A-LR,-4.5,-4.3046,12,LV,Winter barley,frost_mj,0.0940116307361595
IPSL-CM6A-LR,-3.5,-3.5013,7,LV,Winter barley,frost_mj,0.0874226897885506
IPSL-CM6A-LR,-2.5,-2.2964,6,LV,Winter barley,frost_mj,0.0819295299567592
EC-Earth3,-4.5,-4.5546,8,SE,Winter barley,frost_mj,0.100362422565069
EC-Earth3,-3.5,-3.4737,8,SE,Winter barley,frost_mj,0.109052387509753
EC-Earth3,-2.5,-2.5448,11,SE,Winter barley,frost_mj,0.0924616406143626
IPSL-CM6A-LR,-5.5,-5.3985,4,SE,Winter barley,frost_mj,0.0967162623514415
IPSL-CM6A-LR,-4.5,-4.3046,12,SE,Winter barley,frost_mj,0.0904827114776328
IPSL-CM6A-LR,-3.5,-3.5013,7,SE,Winter barley,frost_mj,0.081262644592726
IPSL-CM6A-LR,-2.5,-2.2964,6,SE,Winter barley,frost_mj,0.0776970106682527
EC-Earth3,-4.5,-4.5546,8,SK,Winter barley,frost_mj,0.0708626515258288
EC-Earth3,-3.5,-3.4737,8,SK,Winter barley,frost_mj,0.0738821981000963
EC-Earth3,-2.5,-2.5448,11,SK,Winter barley,frost_mj,0.0623496126547958
IPSL-CM6A-LR,-5.5,-5.3985,4,SK,Winter barley,frost_mj,0.0674955974433564
IPSL-CM6A-LR,-4.5,-4.3046,12,SK,Winter barley,frost_mj,0.0619647206174837
IPSL-CM6A-LR,-3.5,-3.5013,7,SK,Winter barley,frost_mj,0.050342848679555
IPSL-CM6A-LR,-2.5,-2.2964,6,SK,Winter barley,frost_mj,0.0536647677730477
EC-Earth3,-4.5,-4.5546,8,CZ,Soft wheat,precip_mj,0.0175068367087744
EC-Earth3,-3.5,-3.4737,8,CZ,Soft wheat,precip_mj,-0.0468362944827895
EC-Earth3,-2.5,-2.5448,11,CZ,Soft wheat,precip_mj,-0.0100793328860187
IPSL-CM6A-LR,-5.5,-5.3985,4,CZ,Soft wheat,precip_mj,0.0439952889642873
IPSL-CM6A-LR,-4.5,-4.3046,12,CZ,Soft wheat,precip_mj,0.00127374334759989
IPSL-CM6A-LR,-3.5,-3.5013,7,CZ,Soft wheat,precip_mj,-0.00360142307415992
IPSL-CM6A-LR,-2.5,-2.2964,6,CZ,Soft wheat,precip_mj,-0.00182517040912875
EC-Earth3,-4.5,-4.5546,8,DE,Soft wheat,precip_mj,0.0314440307379651
EC-Earth3,-3.5,-3.4737,8,DE,Soft wheat,precip_mj,-0.0230594588806537
EC-Earth3,-2.5,-2.5448,11,DE,Soft wheat,precip_mj,0.00779379741887122
IPSL-CM6A-LR,-5.5,-5.3985,4,DE,Soft wheat,precip_mj,0.023907385828773
IPSL-CM6A-LR,-4.5,-4.3046,12,DE,Soft wheat,precip_mj,-0.00323633557496603
IPSL-CM6A-LR,-3.5,-3.5013,7,DE,Soft wheat,precip_mj,-0.0111614006696927
IPSL-CM6A-LR,-2.5,-2.2964,6,DE,Soft wheat,precip_mj,0.00956859743091318
EC-Earth3,-4.5,-4.5546,8,DK,Soft wheat,precip_mj,0.0604302362421165
EC-Earth3,-3.5,-3.4737,8,DK,Soft wheat,precip_mj,0.000761421070100817
EC-Earth3,-2.5,-2.5448,11,DK,Soft wheat,precip_mj,0.0415904271746835
IPSL-CM6A-LR,-5.5,-5.3985,4,DK,Soft wheat,precip_mj,-0.011172721438319
IPSL-CM6A-LR,-4.5,-4.3046,12,DK,Soft wheat,precip_mj,0.0178124017889717
IPSL-CM6A-LR,-3.5,-3.5013,7,DK,Soft wheat,precip_mj,-0.0323749421286259
IPSL-CM6A-LR,-2.5,-2.2964,6,DK,Soft wheat,precip_mj,0.0523752257874623
EC-Earth3,-4.5,-4.5546,8,EE,Soft wheat,precip_mj,0.0969155954224313
EC-Earth3,-3.5,-3.4737,8,EE,Soft wheat,precip_mj,0.0970017067914626
EC-Earth3,-2.5,-2.5448,11,EE,Soft wheat,precip_mj,0.0903658101515799
IPSL-CM6A-LR,-5.5,-5.3985,4,EE,Soft wheat,precip_mj,-0.0142812159984102
IPSL-CM6A-LR,-4.5,-4.3046,12,EE,Soft wheat,precip_mj,0.000964050493896249
IPSL-CM6A-LR,-3.5,-3.5013,7,EE,Soft wheat,precip_mj,-0.00596850407960168
IPSL-CM6A-LR,-2.5,-2.2964,6,EE,Soft wheat,precip_mj,0.034877155128993
EC-Earth3,-4.5,-4.5546,8,EL,Soft wheat,precip_mj,-0.0363378814653511
EC-Earth3,-3.5,-3.4737,8,EL,Soft wheat,precip_mj,-0.0455473794335695
EC-Earth3,-2.5,-2.5448,11,EL,Soft wheat,precip_mj,-0.0586334152881942
IPSL-CM6A-LR,-5.5,-5.3985,4,EL,Soft wheat,precip_mj,-0.0148589732778522
IPSL-CM6A-LR,-4.5,-4.3046,12,EL,Soft wheat,precip_mj,-0.0337989388664552
IPSL-CM6A-LR,-3.5,-3.5013,7,EL,Soft wheat,precip_mj,-0.0072875010164444
IPSL-CM6A-LR,-2.5,-2.2964,6,EL,Soft wheat,precip_mj,-0.000644427677292186
EC-Earth3,-4.5,-4.5546,8,ES,Soft wheat,precip_mj,-0.0524665882558409
EC-Earth3,-3.5,-3.4737,8,ES,Soft wheat,precip_mj,-0.0759653345224092
EC-Earth3,-2.5,-2.5448,11,ES,Soft wheat,precip_mj,-0.0809693631044039
IPSL-CM6A-LR,-5.5,-5.3985,4,ES,Soft wheat,precip_mj,-0.0150392338111601
IPSL-CM6A-LR,-4.5,-4.3046,12,ES,Soft wheat,precip_mj,-0.0569914435125282
IPSL-CM6A-LR,-3.5,-3.5013,7,ES,Soft wheat,precip_mj,-0.0212712643772648
IPSL-CM6A-LR,-2.5,-2.2964,6,ES,Soft wheat,precip_mj,-0.0244095530199865
EC-Earth3,-4.5,-4.5546,8,FI,Soft wheat,precip_mj,0.0940827852113388
EC-Earth3,-3.5,-3.4737,8,FI,Soft wheat,precip_mj,0.0829614324719358
EC-Earth3,-2.5,-2.5448,11,FI,Soft wheat,precip_mj,0.0670167998883011
IPSL-CM6A-LR,-5.5,-5.3985,4,FI,Soft wheat,precip_mj,-0.0149198908990275
IPSL-CM6A-LR,-4.5,-4.3046,12,FI,Soft wheat,precip_mj,0.00921109116517445
IPSL-CM6A-LR,-3.5,-3.5013,7,FI,Soft wheat,precip_mj,0.0062078657614176
IPSL-CM6A-LR,-2.5,-2.2964,6,FI,Soft wheat,precip_mj,0.0277314211696167
EC-Earth3,-4.5,-4.5546,8,FR,Soft wheat,precip_mj,-0.0136440554299488
EC-Earth3,-3.5,-3.4737,8,FR,Soft wheat,precip_mj,-0.0339613382606225
EC-Earth3,-2.5,-2.5448,11,FR,Soft wheat,precip_mj,-0.0391031705948429
IPSL-CM6A-LR,-5.5,-5.3985,4,FR,Soft wheat,precip_mj,-0.0745702113336564
IPSL-CM6A-LR,-4.5,-4.3046,12,FR,Soft wheat,precip_mj,-0.03684019904265
IPSL-CM6A-LR,-3.5,-3.5013,7,FR,Soft wheat,precip_mj,-0.0240703968626298
IPSL-CM6A-LR,-2.5,-2.2964,6,FR,Soft wheat,precip_mj,-0.02586448210299
EC-Earth3,-4.5,-4.5546,8,HU,Soft wheat,precip_mj,-0.0259632120009423
EC-Earth3,-3.5,-3.4737,8,HU,Soft wheat,precip_mj,-0.10594202226126
EC-Earth3,-2.5,-2.5448,11,HU,Soft wheat,precip_mj,-0.0723329815617756
IPSL-CM6A-LR,-5.5,-5.3985,4,HU,Soft wheat,precip_mj,0.0571733815068763
IPSL-CM6A-LR,-4.5,-4.3046,12,HU,Soft wheat,precip_mj,-0.0142135544179007
IPSL-CM6A-LR,-3.5,-3.5013,7,HU,Soft wheat,precip_mj,0.0174531989709478
IPSL-CM6A-LR,-2.5,-2.2964,6,HU,Soft wheat,precip_mj,-0.0110555910399524
EC-Earth3,-4.5,-4.5546,8,IT,Soft wheat,precip_mj,-0.0928822095599201
EC-Earth3,-3.5,-3.4737,8,IT,Soft wheat,precip_mj,-0.0893035318625993
EC-Earth3,-2.5,-2.5448,11,IT,Soft wheat,precip_mj,-0.126595923825777
IPSL-CM6A-LR,-5.5,-5.3985,4,IT,Soft wheat,precip_mj,-0.0284794390815174
IPSL-CM6A-LR,-4.5,-4.3046,12,IT,Soft wheat,precip_mj,-0.0590755667241755
IPSL-CM6A-LR,-3.5,-3.5013,7,IT,Soft wheat,precip_mj,0.0171289749961929
IPSL-CM6A-LR,-2.5,-2.2964,6,IT,Soft wheat,precip_mj,-0.0634750057045646
EC-Earth3,-4.5,-4.5546,8,LT,Soft wheat,precip_mj,0.0899938838422207
EC-Earth3,-3.5,-3.4737,8,LT,Soft wheat,precip_mj,0.0367986499677857
EC-Earth3,-2.5,-2.5448,11,LT,Soft wheat,precip_mj,0.0930822835073671
IPSL-CM6A-LR,-5.5,-5.3985,4,LT,Soft wheat,precip_mj,0.0309945804703207
IPSL-CM6A-LR,-4.5,-4.3046,12,LT,Soft wheat,precip_mj,-0.00490419101395412
IPSL-CM6A-LR,-3.5,-3.5013,7,LT,Soft wheat,precip_mj,-0.0124612980311522
IPSL-CM6A-LR,-2.5,-2.2964,6,LT,Soft wheat,precip_mj,0.0132980397205187
EC-Earth3,-4.5,-4.5546,8,LV,Soft wheat,precip_mj,0.0984973664210723
EC-Earth3,-3.5,-3.4737,8,LV,Soft wheat,precip_mj,0.0748895336850455
EC-Earth3,-2.5,-2.5448,11,LV,Soft wheat,precip_mj,0.0950568966879858
IPSL-CM6A-LR,-5.5,-5.3985,4,LV,Soft wheat,precip_mj,0.00882709224950335
IPSL-CM6A-LR,-4.5,-4.3046,12,LV,Soft wheat,precip_mj,0.00653010076048327
IPSL-CM6A-LR,-3.5,-3.5013,7,LV,Soft wheat,precip_mj,-0.003325048942863
IPSL-CM6A-LR,-2.5,-2.2964,6,LV,Soft wheat,precip_mj,0.0149887327655886
EC-Earth3,-4.5,-4.5546,8,RO,Soft wheat,precip_mj,-0.0121348759033349
EC-Earth3,-3.5,-3.4737,8,RO,Soft wheat,precip_mj,-0.0894072847094926
EC-Earth3,-2.5,-2.5448,11,RO,Soft wheat,precip_mj,-0.0544942543758238
IPSL-CM6A-LR,-5.5,-5.3985,4,RO,Soft wheat,precip_mj,0.000264087645978327
IPSL-CM6A-LR,-4.5,-4.3046,12,RO,Soft wheat,precip_mj,-0.00600273778618267
IPSL-CM6A-LR,-3.5,-3.5013,7,RO,Soft wheat,precip_mj,0.0344376298648195
IPSL-CM6A-LR,-2.5,-2.2964,6,RO,Soft wheat,precip_mj,-0.0202211288281896
EC-Earth3,-4.5,-4.5546,8,SE,Soft wheat,precip_mj,0.125100462027983
EC-Earth3,-3.5,-3.4737,8,SE,Soft wheat,precip_mj,0.0501984911078801
EC-Earth3,-2.5,-2.5448,11,SE,Soft wheat,precip_mj,0.0671777060842442
IPSL-CM6A-LR,-5.5,-5.3985,4,SE,Soft wheat,precip_mj,-0.00768580979515757
IPSL-CM6A-LR,-4.5,-4.3046,12,SE,Soft wheat,precip_mj,-0.00104790589531858
IPSL-CM6A-LR,-3.5,-3.5013,7,SE,Soft wheat,precip_mj,-0.0231810079912604
IPSL-CM6A-LR,-2.5,-2.2964,6,SE,Soft wheat,precip_mj,0.0576393406281256
EC-Earth3,-4.5,-4.5546,8,SK,Soft wheat,precip_mj,-0.0255970061183685
EC-Earth3,-3.5,-3.4737,8,SK,Soft wheat,precip_mj,-0.11524705882744
EC-Earth3,-2.5,-2.5448,11,SK,Soft wheat,precip_mj,-0.0473471230535501
IPSL-CM6A-LR,-5.5,-5.3985,4,SK,Soft wheat,precip_mj,0.0928630041883214
IPSL-CM6A-LR,-4.5,-4.3046,12,SK,Soft wheat,precip_mj,0.011569792808718
IPSL-CM6A-LR,-3.5,-3.5013,7,SK,Soft wheat,precip_mj,0.0238876523014805
IPSL-CM6A-LR,-2.5,-2.2964,6,SK,Soft wheat,precip_mj,0.00716342066818321
EC-Earth3,-4.5,-4.5546,8,EL,Durum wheat,precip_mj,-0.0384326269581346
EC-Earth3,-3.5,-3.4737,8,EL,Durum wheat,precip_mj,-0.04524192408035
EC-Earth3,-2.5,-2.5448,11,EL,Durum wheat,precip_mj,-0.069529127355606
IPSL-CM6A-LR,-5.5,-5.3985,4,EL,Durum wheat,precip_mj,-0.0168798953540753
IPSL-CM6A-LR,-4.5,-4.3046,12,EL,Durum wheat,precip_mj,-0.0360802195743799
IPSL-CM6A-LR,-3.5,-3.5013,7,EL,Durum wheat,precip_mj,-0.00438825348804386
IPSL-CM6A-LR,-2.5,-2.2964,6,EL,Durum wheat,precip_mj,0.00182974403666219
EC-Earth3,-4.5,-4.5546,8,ES,Durum wheat,precip_mj,-0.0764245002952333
EC-Earth3,-3.5,-3.4737,8,ES,Durum wheat,precip_mj,-0.0950791305514833
EC-Earth3,-2.5,-2.5448,11,ES,Durum wheat,precip_mj,-0.100605839922343
IPSL-CM6A-LR,-5.5,-5.3985,4,ES,Durum wheat,precip_mj,-0.0504824009084931
IPSL-CM6A-LR,-4.5,-4.3046,12,ES,Durum wheat,precip_mj,-0.0883638655194335
IPSL-CM6A-LR,-3.5,-3.5013,7,ES,Durum wheat,precip_mj,-0.0368043085240909
IPSL-CM6A-LR,-2.5,-2.2964,6,ES,Durum wheat,precip_mj,-0.0216955739500477
EC-Earth3,-4.5,-4.5546,8,FR,Durum wheat,precip_mj,-0.0518094779446679
EC-Earth3,-3.5,-3.4737,8,FR,Durum wheat,precip_mj,-0.0688615896049558
EC-Earth3,-2.5,-2.5448,11,FR,Durum wheat,precip_mj,-0.111520986452602
IPSL-CM6A-LR,-5.5,-5.3985,4,FR,Durum wheat,precip_mj,-0.0856182212601832
IPSL-CM6A-LR,-4.5,-4.3046,12,FR,Durum wheat,precip_mj,-0.0792189146382889
IPSL-CM6A-LR,-3.5,-3.5013,7,FR,Durum wheat,precip_mj,-0.0373083988053774
IPSL-CM6A-LR,-2.5,-2.2964,6,FR,Durum wheat,precip_mj,-0.0573948878495153
EC-Earth3,-4.5,-4.5546,8,HU,Durum wheat,precip_mj,-0.0350019044643525
EC-Earth3,-3.5,-3.4737,8,HU,Durum wheat,precip_mj,-0.138081947909025
EC-Earth3,-2.5,-2.5448,11,HU,Durum wheat,precip_mj,-0.0972866138945035
IPSL-CM6A-LR,-5.5,-5.3985,4,HU,Durum wheat,precip_mj,0.0687144496599906
IPSL-CM6A-LR,-4.5,-4.3046,12,HU,Durum wheat,precip_mj,-0.0245310359235507
IPSL-CM6A-LR,-3.5,-3.5013,7,HU,Durum wheat,precip_mj,0.0196211805495042
IPSL-CM6A-LR,-2.5,-2.2964,6,HU,Durum wheat,precip_mj,-0.0140119357966601
EC-Earth3,-4.5,-4.5546,8,IT,Durum wheat,precip_mj,-0.0928902994990246
EC-Earth3,-3.5,-3.4737,8,IT,Durum wheat,precip_mj,-0.0922602821545705
EC-Earth3,-2.5,-2.5448,11,IT,Durum wheat,precip_mj,-0.0955903032229613
IPSL-CM6A-LR,-5.5,-5.3985,4,IT,Durum wheat,precip_mj,-0.022682423851126
IPSL-CM6A-LR,-4.5,-4.3046,12,IT,Durum wheat,precip_mj,-0.0573311398781535
IPSL-CM6A-LR,-3.5,-3.5013,7,IT,Durum wheat,precip_mj,0.0166560589817488
IPSL-CM6A-LR,-2.5,-2.2964,6,IT,Durum wheat,precip_mj,-0.0223715031695362
EC-Earth3,-4.5,-4.5546,8,RO,Durum wheat,precip_mj,-0.018031113868754
EC-Earth3,-3.5,-3.4737,8,RO,Durum wheat,precip_mj,-0.122754130538646
EC-Earth3,-2.5,-2.5448,11,RO,Durum wheat,precip_mj,-0.0740819873891269
IPSL-CM6A-LR,-5.5,-5.3985,4,RO,Durum wheat,precip_mj,0.00430455727485856
IPSL-CM6A-LR,-4.5,-4.3046,12,RO,Durum wheat,precip_mj,-0.00935435050457046
IPSL-CM6A-LR,-3.5,-3.5013,7,RO,Durum wheat,precip_mj,0.0434613381038939
IPSL-CM6A-LR,-2.5,-2.2964,6,RO,Durum wheat,precip_mj,-0.0274214638661681
EC-Earth3,-4.5,-4.5546,8,SK,Durum wheat,precip_mj,-0.0238672730513214
EC-Earth3,-3.5,-3.4737,8,SK,Durum wheat,precip_mj,-0.1384790878912
EC-Earth3,-2.5,-2.5448,11,SK,Durum wheat,precip_mj,-0.0553111953945361
IPSL-CM6A-LR,-5.5,-5.3985,4,SK,Durum wheat,precip_mj,0.103408474886961
IPSL-CM6A-LR,-4.5,-4.3046,12,SK,Durum wheat,precip_mj,0.0113285944718943
IPSL-CM6A-LR,-3.5,-3.5013,7,SK,Durum wheat,precip_mj,0.034526743901745
IPSL-CM6A-LR,-2.5,-2.2964,6,SK,Durum wheat,precip_mj,0.0126911861580934
EC-Earth3,-4.5,-4.5546,8,CZ,Spring barley,precip_mj,0.0221503322792906
EC-Earth3,-3.5,-3.4737,8,CZ,Spring barley,precip_mj,-0.05998427168774
EC-Earth3,-2.5,-2.5448,11,CZ,Spring barley,precip_mj,-0.0127232962261523
IPSL-CM6A-LR,-5.5,-5.3985,4,CZ,Spring barley,precip_mj,0.0586417248879932
IPSL-CM6A-LR,-4.5,-4.3046,12,CZ,Spring barley,precip_mj,0.00132965148497577
IPSL-CM6A-LR,-3.5,-3.5013,7,CZ,Spring barley,precip_mj,-0.00375339890267687
IPSL-CM6A-LR,-2.5,-2.2964,6,CZ,Spring barley,precip_mj,-0.000713875818372117
EC-Earth3,-4.5,-4.5546,8,DE,Spring barley,precip_mj,0.0302800259190791
EC-Earth3,-3.5,-3.4737,8,DE,Spring barley,precip_mj,-0.033991273070879
EC-Earth3,-2.5,-2.5448,11,DE,Spring barley,precip_mj,-0.00237600721367429
IPSL-CM6A-LR,-5.5,-5.3985,4,DE,Spring barley,precip_mj,0.0246599717270544
IPSL-CM6A-LR,-4.5,-4.3046,12,DE,Spring barley,precip_mj,-0.00632339267589878
IPSL-CM6A-LR,-3.5,-3.5013,7,DE,Spring barley,precip_mj,-0.00905798405108806
IPSL-CM6A-LR,-2.5,-2.2964,6,DE,Spring barley,precip_mj,0.0134275548657466
EC-Earth3,-4.5,-4.5546,8,DK,Spring barley,precip_mj,0.0763748959776032
EC-Earth3,-3.5,-3.4737,8,DK,Spring barley,precip_mj,0.000588335389386451
EC-Earth3,-2.5,-2.5448,11,DK,Spring barley,precip_mj,0.053128641166042
IPSL-CM6A-LR,-5.5,-5.3985,4,DK,Spring barley,precip_mj,-0.0169218771081287
IPSL-CM6A-LR,-4.5,-4.3046,12,DK,Spring barley,precip_mj,0.0239355097558358
IPSL-CM6A-LR,-3.5,-3.5013,7,DK,Spring barley,precip_mj,-0.0424309418999196
IPSL-CM6A-LR,-2.5,-2.2964,6,DK,Spring barley,precip_mj,0.0654213222363692
EC-Earth3,-4.5,-4.5546,8,EE,Spring barley,precip_mj,0.121235581464871
EC-Earth3,-3.5,-3.4737,8,EE,Spring barley,precip_mj,0.121170614182056
EC-Earth3,-2.5,-2.5448,11,EE,Spring barley,precip_mj,0.113411177757608
IPSL-CM6A-LR,-5.5,-5.3985,4,EE,Spring barley,precip_mj,-0.0194526024101816
IPSL-CM6A-LR,-4.5,-4.3046,12,EE,Spring barley,precip_mj,0.000815931579182719
IPSL-CM6A-LR,-3.5,-3.5013,7,EE,Spring barley,precip_mj,-0.00751224888875311
IPSL-CM6A-LR,-2.5,-2.2964,6,EE,Spring barley,precip_mj,0.0442292773250701
EC-Earth3,-4.5,-4.5546,8,ES,Spring barley,precip_mj,-0.0650917951556332
EC-Earth3,-3.5,-3.4737,8,ES,Spring barley,precip_mj,-0.0898492350245589
EC-Earth3,-2.5,-2.5448,11,ES,Spring barley,precip_mj,-0.103121774646976
IPSL-CM6A-LR,-5.5,-5.3985,4,ES,Spring barley,precip_mj,-0.0106724939627197
IPSL-CM6A-LR,-4.5,-4.3046,12,ES,Spring barley,precip_mj,-0.0705526849362689
IPSL-CM6A-LR,-3.5,-3.5013,7,ES,Spring barley,precip_mj,-0.0227535823894292
IPSL-CM6A-LR,-2.5,-2.2964,6,ES,Spring barley,precip_mj,-0.03166569388469
EC-Earth3,-4.5,-4.5546,8,FI,Spring barley,precip_mj,0.135896532554316
EC-Earth3,-3.5,-3.4737,8,FI,Spring barley,precip_mj,0.13953728190663
EC-Earth3,-2.5,-2.5448,11,FI,Spring barley,precip_mj,0.092286589992662
IPSL-CM6A-LR,-5.5,-5.3985,4,FI,Spring barley,precip_mj,-0.00663888179075316
IPSL-CM6A-LR,-4.5,-4.3046,12,FI,Spring barley,precip_mj,0.0212301996368358
IPSL-CM6A-LR,-3.5,-3.5013,7,FI,Spring barley,precip_mj,0.0111093260967795
IPSL-CM6A-LR,-2.5,-2.2964,6,FI,Spring barley,precip_mj,0.043539907821557
EC-Earth3,-4.5,-4.5546,8,FR,Spring barley,precip_mj,-0.00916142859170392
EC-Earth3,-3.5,-3.4737,8,FR,Spring barley,precip_mj,-0.0443837943387984
EC-Earth3,-2.5,-2.5448,11,FR,Spring barley,precip_mj,-0.0488929214719612
IPSL-CM6A-LR,-5.5,-5.3985,4,FR,Spring barley,precip_mj,-0.0819855671911049
IPSL-CM6A-LR,-4.5,-4.3046,12,FR,Spring barley,precip_mj,-0.04856020996783
IPSL-CM6A-LR,-3.5,-3.5013,7,FR,Spring barley,precip_mj,-0.0342361225832383
IPSL-CM6A-LR,-2.5,-2.2964,6,FR,Spring barley,precip_mj,-0.0335087086682443
EC-Earth3,-4.5,-4.5546,8,HU,Spring barley,precip_mj,-0.0294883256008476
EC-Earth3,-3.5,-3.4737,8,HU,Spring barley,precip_mj,-0.133897005999204
EC-Earth3,-2.5,-2.5448,11,HU,Spring barley,precip_mj,-0.0858224596800095
IPSL-CM6A-LR,-5.5,-5.3985,4,HU,Spring barley,precip_mj,0.0818548161402055
IPSL-CM6A-LR,-4.5,-4.3046,12,HU,Spring barley,precip_mj,-0.0109031565388218
IPSL-CM6A-LR,-3.5,-3.5013,7,HU,Spring barley,precip_mj,0.0256887258317956
IPSL-CM6A-LR,-2.5,-2.2964,6,HU,Spring barley,precip_mj,-0.0112907139695319
EC-Earth3,-4.5,-4.5546,8,LT,Spring barley,precip_mj,0.115133480255156
EC-Earth3,-3.5,-3.4737,8,LT,Spring barley,precip_mj,0.0504883964762414
EC-Earth3,-2.5,-2.5448,11,LT,Spring barley,precip_mj,0.118334735089985
IPSL-CM6A-LR,-5.5,-5.3985,4,LT,Spring barley,precip_mj,0.0355324446264748
IPSL-CM6A-LR,-4.5,-4.3046,12,LT,Spring barley,precip_mj,-0.00502969975427422
IPSL-CM6A-LR,-3.5,-3.5013,7,LT,Spring barley,precip_mj,-0.016025373347866
IPSL-CM6A-LR,-2.5,-2.2964,6,LT,Spring barley,precip_mj,0.0170608547101115
EC-Earth3,-4.5,-4.5546,8,LV,Spring barley,precip_mj,0.123931654069154
EC-Earth3,-3.5,-3.4737,8,LV,Spring barley,precip_mj,0.0979833776720811
EC-Earth3,-2.5,-2.5448,11,LV,Spring barley,precip_mj,0.119830796500407
IPSL-CM6A-LR,-5.5,-5.3985,4,LV,Spring barley,precip_mj,0.0119471148736367
IPSL-CM6A-LR,-4.5,-4.3046,12,LV,Spring barley,precip_mj,0.00812514476035026
IPSL-CM6A-LR,-3.5,-3.5013,7,LV,Spring barley,precip_mj,-0.00409944631915271
IPSL-CM6A-LR,-2.5,-2.2964,6,LV,Spring barley,precip_mj,0.01861605143555
EC-Earth3,-4.5,-4.5546,8,SE,Spring barley,precip_mj,0.157808062809551
EC-Earth3,-3.5,-3.4737,8,SE,Spring barley,precip_mj,0.0771159070370405
EC-Earth3,-2.5,-2.5448,11,SE,Spring barley,precip_mj,0.0897750142413881
IPSL-CM6A-LR,-5.5,-5.3985,4,SE,Spring barley,precip_mj,-0.00264605891208179
IPSL-CM6A-LR,-4.5,-4.3046,12,SE,Spring barley,precip_mj,0.00186172710271702
IPSL-CM6A-LR,-3.5,-3.5013,7,SE,Spring barley,precip_mj,-0.0266059789151131
IPSL-CM6A-LR,-2.5,-2.2964,6,SE,Spring barley,precip_mj,0.0752599561122798
EC-Earth3,-4.5,-4.5546,8,SK,Spring barley,precip_mj,-0.0285450004484145
EC-Earth3,-3.5,-3.4737,8,SK,Spring barley,precip_mj,-0.140441008266994
EC-Earth3,-2.5,-2.5448,11,SK,Spring barley,precip_mj,-0.0565032818077998
IPSL-CM6A-LR,-5.5,-5.3985,4,SK,Spring barley,precip_mj,0.111842118801784
IPSL-CM6A-LR,-4.5,-4.3046,12,SK,Spring barley,precip_mj,0.0129018909417627
IPSL-CM6A-LR,-3.5,-3.5013,7,SK,Spring barley,precip_mj,0.0307650150149402
IPSL-CM6A-LR,-2.5,-2.2964,6,SK,Spring barley,precip_mj,0.0110406193522959
EC-Earth3,-4.5,-4.5546,8,CZ,Winter barley,precip_mj,0.020074511090299
EC-Earth3,-3.5,-3.4737,8,CZ,Winter barley,precip_mj,-0.0461547235768192
EC-Earth3,-2.5,-2.5448,11,CZ,Winter barley,precip_mj,-0.00960632346739027
IPSL-CM6A-LR,-5.5,-5.3985,4,CZ,Winter barley,precip_mj,0.0429356742374667
IPSL-CM6A-LR,-4.5,-4.3046,12,CZ,Winter barley,precip_mj,0.00292754517736335
IPSL-CM6A-LR,-3.5,-3.5013,7,CZ,Winter barley,precip_mj,-0.00448997861651316
IPSL-CM6A-LR,-2.5,-2.2964,6,CZ,Winter barley,precip_mj,-0.00225979630362445
EC-Earth3,-4.5,-4.5546,8,DE,Winter barley,precip_mj,0.0311421253777346
EC-Earth3,-3.5,-3.4737,8,DE,Winter barley,precip_mj,-0.026000688103668
EC-Earth3,-2.5,-2.5448,11,DE,Winter barley,precip_mj,0.00749299596254036
IPSL-CM6A-LR,-5.5,-5.3985,4,DE,Winter barley,precip_mj,0.0248847651749574
IPSL-CM6A-LR,-4.5,-4.3046,12,DE,Winter barley,precip_mj,-0.00422873145087409
IPSL-CM6A-LR,-3.5,-3.5013,7,DE,Winter barley,precip_mj,-0.00992726447884934
IPSL-CM6A-LR,-2.5,-2.2964,6,DE,Winter barley,precip_mj,0.00953775547525723
EC-Earth3,-4.5,-4.5546,8,DK,Winter barley,precip_mj,0.0657307135573984
EC-Earth3,-3.5,-3.4737,8,DK,Winter barley,precip_mj,-3.37717366485764e-05
EC-Earth3,-2.5,-2.5448,11,DK,Winter barley,precip_mj,0.0452896770535767
IPSL-CM6A-LR,-5.5,-5.3985,4,DK,Winter barley,precip_mj,-0.015109693599133
IPSL-CM6A-LR,-4.5,-4.3046,12,DK,Winter barley,precip_mj,0.0192342682436855
IPSL-CM6A-LR,-3.5,-3.5013,7,DK,Winter barley,precip_mj,-0.0354550998004941
IPSL-CM6A-LR,-2.5,-2.2964,6,DK,Winter barley,precip_mj,0.0544784800866267
EC-Earth3,-4.5,-4.5546,8,EE,Winter barley,precip_mj,0.0986315919727846
EC-Earth3,-3.5,-3.4737,8,EE,Winter barley,precip_mj,0.0989279073433318
EC-Earth3,-2.5,-2.5448,11,EE,Winter barley,precip_mj,0.0920974073650564
IPSL-CM6A-LR,-5.5,-5.3985,4,EE,Winter barley,precip_mj,-0.0171708203794566
IPSL-CM6A-LR,-4.5,-4.3046,12,EE,Winter barley,precip_mj,0.000598369806901115
IPSL-CM6A-LR,-3.5,-3.5013,7,EE,Winter barley,precip_mj,-0.00633627988831325
IPSL-CM6A-LR,-2.5,-2.2964,6,EE,Winter barley,precip_mj,0.036809308158957
EC-Earth3,-4.5,-4.5546,8,EL,Winter barley,precip_mj,-0.0326843301477941
EC-Earth3,-3.5,-3.4737,8,EL,Winter barley,precip_mj,-0.0364530068539616
EC-Earth3,-2.5,-2.5448,11,EL,Winter barley,precip_mj,-0.0506555142729595
IPSL-CM6A-LR,-5.5,-5.3985,4,EL,Winter barley,precip_mj,-0.0188537493965454
IPSL-CM6A-LR,-4.5,-4.3046,12,EL,Winter barley,precip_mj,-0.0327400499077412
IPSL-CM6A-LR,-3.5,-3.5013,7,EL,Winter barley,precip_mj,-0.00598659007017455
IPSL-CM6A-LR,-2.5,-2.2964,6,EL,Winter barley,precip_mj,0.000414741096111641
EC-Earth3,-4.5,-4.5546,8,ES,Winter barley,precip_mj,-0.0554252995600912
EC-Earth3,-3.5,-3.4737,8,ES,Winter barley,precip_mj,-0.0753427306547415
EC-Earth3,-2.5,-2.5448,11,ES,Winter barley,precip_mj,-0.085752353502269
IPSL-CM6A-LR,-5.5,-5.3985,4,ES,Winter barley,precip_mj,-0.0182739163049064
IPSL-CM6A-LR,-4.5,-4.3046,12,ES,Winter barley,precip_mj,-0.0624273937479814
IPSL-CM6A-LR,-3.5,-3.5013,7,ES,Winter barley,precip_mj,-0.0161152795115509
IPSL-CM6A-LR,-2.5,-2.2964,6,ES,Winter barley,precip_mj,-0.0246262964599774
EC-Earth3,-4.5,-4.5546,8,FR,Winter barley,precip_mj,-0.0120263361613428
EC-Earth3,-3.5,-3.4737,8,FR,Winter barley,precip_mj,-0.0386305165566567
EC-Earth3,-2.5,-2.5448,11,FR,Winter barley,precip_mj,-0.0440826868510875
IPSL-CM6A-LR,-5.5,-5.3985,4,FR,Winter barley,precip_mj,-0.0752451243038985
IPSL-CM6A-LR,-4.5,-4.3046,12,FR,Winter barley,precip_mj,-0.0426999860154364
IPSL-CM6A-LR,-3.5,-3.5013,7,FR,Winter barley,precip_mj,-0.0263719962970967
IPSL-CM6A-LR,-2.5,-2.2964,6,FR,Winter barley,precip_mj,-0.0288143385763643
EC-Earth3,-4.5,-4.5546,8,HU,Winter barley,precip_mj,-0.0270501251398441
EC-Earth3,-3.5,-3.4737,8,HU,Winter barley,precip_mj,-0.108370644919079
EC-Earth3,-2.5,-2.5448,11,HU,Winter barley,precip_mj,-0.0758827150726469
IPSL-CM6A-LR,-5.5,-5.3985,4,HU,Winter barley,precip_mj,0.0549196810249978
IPSL-CM6A-LR,-4.5,-4.3046,12,HU,Winter barley,precip_mj,-0.0184376032604788
IPSL-CM6A-LR,-3.5,-3.5013,7,HU,Winter barley,precip_mj,0.0175298160414751
IPSL-CM6A-LR,-2.5,-2.2964,6,HU,Winter barley,precip_mj,-0.011040070148658
EC-Earth3,-4.5,-4.5546,8,IT,Winter barley,precip_mj,-0.0882436896775113
EC-Earth3,-3.5,-3.4737,8,IT,Winter barley,precip_mj,-0.0891370032831854
EC-Earth3,-2.5,-2.5448,11,IT,Winter barley,precip_mj,-0.109926215563426
IPSL-CM6A-LR,-5.5,-5.3985,4,IT,Winter barley,precip_mj,-0.0241624172932935
IPSL-CM6A-LR,-4.5,-4.3046,12,IT,Winter barley,precip_mj,-0.0554071314730579
IPSL-CM6A-LR,-3.5,-3.5013,7,IT,Winter barley,precip_mj,0.015485412046038
IPSL-CM6A-LR,-2.5,-2.2964,6,IT,Winter barley,precip_mj,-0.0433511090580159
EC-Earth3,-4.5,-4.5546,8,LT,Winter barley,precip_mj,0.0937905033650674
EC-Earth3,-3.5,-3.4737,8,LT,Winter barley,precip_mj,0.0396397329282203
EC-Earth3,-2.5,-2.5448,11,LT,Winter barley,precip_mj,0.0974375516955241
IPSL-CM6A-LR,-5.5,-5.3985,4,LT,Winter barley,precip_mj,0.0291118944241301
IPSL-CM6A-LR,-4.5,-4.3046,12,LT,Winter barley,precip_mj,-0.00447828394387668
IPSL-CM6A-LR,-3.5,-3.5013,7,LT,Winter barley,precip_mj,-0.0136065896350893
IPSL-CM6A-LR,-2.5,-2.2964,6,LT,Winter barley,precip_mj,0.0141852554168436
EC-Earth3,-4.5,-4.5546,8,LV,Winter barley,precip_mj,0.103227433681715
EC-Earth3,-3.5,-3.4737,8,LV,Winter barley,precip_mj,0.0780811182811717
EC-Earth3,-2.5,-2.5448,11,LV,Winter barley,precip_mj,0.0997252598305605
IPSL-CM6A-LR,-5.5,-5.3985,4,LV,Winter barley,precip_mj,0.00681501848030825
IPSL-CM6A-LR,-4.5,-4.3046,12,LV,Winter barley,precip_mj,0.00732064019728876
IPSL-CM6A-LR,-3.5,-3.5013,7,LV,Winter barley,precip_mj,-0.00286824499295754
IPSL-CM6A-LR,-2.5,-2.2964,6,LV,Winter barley,precip_mj,0.0172504058848168
EC-Earth3,-4.5,-4.5546,8,SE,Winter barley,precip_mj,0.107996541573195
EC-Earth3,-3.5,-3.4737,8,SE,Winter barley,precip_mj,0.0387766798708071
EC-Earth3,-2.5,-2.5448,11,SE,Winter barley,precip_mj,0.0660401601831812
IPSL-CM6A-LR,-5.5,-5.3985,4,SE,Winter barley,precip_mj,-0.00285615114050585
IPSL-CM6A-LR,-4.5,-4.3046,12,SE,Winter barley,precip_mj,-0.000957399239973737
IPSL-CM6A-LR,-3.5,-3.5013,7,SE,Winter barley,precip_mj,-0.0211345501884452
IPSL-CM6A-LR,-2.5,-2.2964,6,SE,Winter barley,precip_mj,0.0545133087537512
EC-Earth3,-4.5,-4.5546,8,SK,Winter barley,precip_mj,-0.0277086827550185
EC-Earth3,-3.5,-3.4737,8,SK,Winter barley,precip_mj,-0.122197964464237
EC-Earth3,-2.5,-2.5448,11,SK,Winter barley,precip_mj,-0.0505690497125457
IPSL-CM6A-LR,-5.5,-5.3985,4,SK,Winter barley,precip_mj,0.0979078449223781
IPSL-CM6A-LR,-4.5,-4.3046,12,SK,Winter barley,precip_mj,0.0124004194572357
IPSL-CM6A-LR,-3.5,-3.5013,7,SK,Winter barley,precip_mj,0.0250453617563255
IPSL-CM6A-LR,-2.5,-2.2964,6,SK,Winter barley,precip_mj,0.00809909337916986
EC-Earth3,-4.5,-4.5546,8,CZ,Soft wheat,precip_mj2,-0.0168615384928733
EC-Earth3,-3.5,-3.4737,8,CZ,Soft wheat,precip_mj2,0.0425520340144772
EC-Earth3,-2.5,-2.5448,11,CZ,Soft wheat,precip_mj2,0.00977968602706385
IPSL-CM6A-LR,-5.5,-5.3985,4,CZ,Soft wheat,precip_mj2,-0.049700094013006
IPSL-CM6A-LR,-4.5,-4.3046,12,CZ,Soft wheat,precip_mj2,-0.00105397991039526
IPSL-CM6A-LR,-3.5,-3.5013,7,CZ,Soft wheat,precip_mj2,0.00254781018277784
IPSL-CM6A-LR,-2.5,-2.2964,6,CZ,Soft wheat,precip_mj2,0.0014657497898547
EC-Earth3,-4.5,-4.5546,8,DE,Soft wheat,precip_mj2,-0.0313784629962442
EC-Earth3,-3.5,-3.4737,8,DE,Soft wheat,precip_mj2,0.0213946197817975
EC-Earth3,-2.5,-2.5448,11,DE,Soft wheat,precip_mj2,-0.00762299168911818
IPSL-CM6A-LR,-5.5,-5.3985,4,DE,Soft wheat,precip_mj2,-0.0251601898587639
IPSL-CM6A-LR,-4.5,-4.3046,12,DE,Soft wheat,precip_mj2,0.00210057791892813
IPSL-CM6A-LR,-3.5,-3.5013,7,DE,Soft wheat,precip_mj2,0.00807719952464893
IPSL-CM6A-LR,-2.5,-2.2964,6,DE,Soft wheat,precip_mj2,-0.0114568307751166
EC-Earth3,-4.5,-4.5546,8,DK,Soft wheat,precip_mj2,-0.0532304070515293
EC-Earth3,-3.5,-3.4737,8,DK,Soft wheat,precip_mj2,0.000119015058589131
EC-Earth3,-2.5,-2.5448,11,DK,Soft wheat,precip_mj2,-0.0351102276344581
IPSL-CM6A-LR,-5.5,-5.3985,4,DK,Soft wheat,precip_mj2,0.0084792404922899
IPSL-CM6A-LR,-4.5,-4.3046,12,DK,Soft wheat,precip_mj2,-0.0140604463863941
IPSL-CM6A-LR,-3.5,-3.5013,7,DK,Soft wheat,precip_mj2,0.0237738180991631
IPSL-CM6A-LR,-2.5,-2.2964,6,DK,Soft wheat,precip_mj2,-0.0452102444123747
EC-Earth3,-4.5,-4.5546,8,EE,Soft wheat,precip_mj2,-0.0908869319093304
EC-Earth3,-3.5,-3.4737,8,EE,Soft wheat,precip_mj2,-0.0910762913655078
EC-Earth3,-2.5,-2.5448,11,EE,Soft wheat,precip_mj2,-0.0832064761904633
IPSL-CM6A-LR,-5.5,-5.3985,4,EE,Soft wheat,precip_mj2,0.0112472307249142
IPSL-CM6A-LR,-4.5,-4.3046,12,EE,Soft wheat,precip_mj2,-0.000201982760823426
IPSL-CM6A-LR,-3.5,-3.5013,7,EE,Soft wheat,precip_mj2,0.00522154324614064
IPSL-CM6A-LR,-2.5,-2.2964,6,EE,Soft wheat,precip_mj2,-0.0297065833324106
EC-Earth3,-4.5,-4.5546,8,EL,Soft wheat,precip_mj2,0.0184213733394869
EC-Earth3,-3.5,-3.4737,8,EL,Soft wheat,precip_mj2,0.023444892650418
EC-Earth3,-2.5,-2.5448,11,EL,Soft wheat,precip_mj2,0.0278252397065444
IPSL-CM6A-LR,-5.5,-5.3985,4,EL,Soft wheat,precip_mj2,0.00804270299122708
IPSL-CM6A-LR,-4.5,-4.3046,12,EL,Soft wheat,precip_mj2,0.0177826511156583
IPSL-CM6A-LR,-3.5,-3.5013,7,EL,Soft wheat,precip_mj2,0.00459638794172185
IPSL-CM6A-LR,-2.5,-2.2964,6,EL,Soft wheat,precip_mj2,0.000359772148882065
EC-Earth3,-4.5,-4.5546,8,ES,Soft wheat,precip_mj2,0.031872313017961
EC-Earth3,-3.5,-3.4737,8,ES,Soft wheat,precip_mj2,0.0435511190710638
EC-Earth3,-2.5,-2.5448,11,ES,Soft wheat,precip_mj2,0.0471564808742907
IPSL-CM6A-LR,-5.5,-5.3985,4,ES,Soft wheat,precip_mj2,0.00823001381134147
IPSL-CM6A-LR,-4.5,-4.3046,12,ES,Soft wheat,precip_mj2,0.034137788943462
IPSL-CM6A-LR,-3.5,-3.5013,7,ES,Soft wheat,precip_mj2,0.0138240006454964
IPSL-CM6A-LR,-2.5,-2.2964,6,ES,Soft wheat,precip_mj2,0.0158014920476861
EC-Earth3,-4.5,-4.5546,8,FI,Soft wheat,precip_mj2,-0.0834858927831411
EC-Earth3,-3.5,-3.4737,8,FI,Soft wheat,precip_mj2,-0.0727126735792642
EC-Earth3,-2.5,-2.5448,11,FI,Soft wheat,precip_mj2,-0.0561500158454497
IPSL-CM6A-LR,-5.5,-5.3985,4,FI,Soft wheat,precip_mj2,0.0104633692028001
IPSL-CM6A-LR,-4.5,-4.3046,12,FI,Soft wheat,precip_mj2,-0.00688915724321638
IPSL-CM6A-LR,-3.5,-3.5013,7,FI,Soft wheat,precip_mj2,-0.00465535829899507
IPSL-CM6A-LR,-2.5,-2.2964,6,FI,Soft wheat,precip_mj2,-0.022423162951742
EC-Earth3,-4.5,-4.5546,8,FR,Soft wheat,precip_mj2,0.0109044581165812
EC-Earth3,-3.5,-3.4737,8,FR,Soft wheat,precip_mj2,0.0319738647621368
EC-Earth3,-2.5,-2.5448,11,FR,Soft wheat,precip_mj2,0.0347714614681083
IPSL-CM6A-LR,-5.5,-5.3985,4,FR,Soft wheat,precip_mj2,0.0621183820391181
IPSL-CM6A-LR,-4.5,-4.3046,12,FR,Soft wheat,precip_mj2,0.0340354268936094
IPSL-CM6A-LR,-3.5,-3.5013,7,FR,Soft wheat,precip_mj2,0.0221902549002333
IPSL-CM6A-LR,-2.5,-2.2964,6,FR,Soft wheat,precip_mj2,0.023301125642666
EC-Earth3,-4.5,-4.5546,8,HU,Soft wheat,precip_mj2,0.0200339123277237
EC-Earth3,-3.5,-3.4737,8,HU,Soft wheat,precip_mj2,0.0700743953958337
EC-Earth3,-2.5,-2.5448,11,HU,Soft wheat,precip_mj2,0.05136136573406
IPSL-CM6A-LR,-5.5,-5.3985,4,HU,Soft wheat,precip_mj2,-0.0537027923827711
IPSL-CM6A-LR,-4.5,-4.3046,12,HU,Soft wheat,precip_mj2,0.0111129055034429
IPSL-CM6A-LR,-3.5,-3.5013,7,HU,Soft wheat,precip_mj2,-0.0156145474373524
IPSL-CM6A-LR,-2.5,-2.2964,6,HU,Soft wheat,precip_mj2,0.00866430920154345
EC-Earth3,-4.5,-4.5546,8,IT,Soft wheat,precip_mj2,0.0803112298796063
EC-Earth3,-3.5,-3.4737,8,IT,Soft wheat,precip_mj2,0.0795600365155648
EC-Earth3,-2.5,-2.5448,11,IT,Soft wheat,precip_mj2,0.106569846229859
IPSL-CM6A-LR,-5.5,-5.3985,4,IT,Soft wheat,precip_mj2,0.027330409538022
IPSL-CM6A-LR,-4.5,-4.3046,12,IT,Soft wheat,precip_mj2,0.0549757622247239
IPSL-CM6A-LR,-3.5,-3.5013,7,IT,Soft wheat,precip_mj2,-0.0224016138716582
IPSL-CM6A-LR,-2.5,-2.2964,6,IT,Soft wheat,precip_mj2,0.0579878922080008
EC-Earth3,-4.5,-4.5546,8,LT,Soft wheat,precip_mj2,-0.0848150152079861
EC-Earth3,-3.5,-3.4737,8,LT,Soft wheat,precip_mj2,-0.0317841120610093
EC-Earth3,-2.5,-2.5448,11,LT,Soft wheat,precip_mj2,-0.0883394083974691
IPSL-CM6A-LR,-5.5,-5.3985,4,LT,Soft wheat,precip_mj2,-0.0269852992039829
IPSL-CM6A-LR,-4.5,-4.3046,12,LT,Soft wheat,precip_mj2,0.0042211787104892
IPSL-CM6A-LR,-3.5,-3.5013,7,LT,Soft wheat,precip_mj2,0.00996687509081659
IPSL-CM6A-LR,-2.5,-2.2964,6,LT,Soft wheat,precip_mj2,-0.0108736565449922
EC-Earth3,-4.5,-4.5546,8,LV,Soft wheat,precip_mj2,-0.0928246357790117
EC-Earth3,-3.5,-3.4737,8,LV,Soft wheat,precip_mj2,-0.0686131919485415
EC-Earth3,-2.5,-2.5448,11,LV,Soft wheat,precip_mj2,-0.0888490366242355
IPSL-CM6A-LR,-5.5,-5.3985,4,LV,Soft wheat,precip_mj2,-0.00779994621868632
IPSL-CM6A-LR,-4.5,-4.3046,12,LV,Soft wheat,precip_mj2,-0.00498170935460514
IPSL-CM6A-LR,-3.5,-3.5013,7,LV,Soft wheat,precip_mj2,0.00294801260634687
IPSL-CM6A-LR,-2.5,-2.2964,6,LV,Soft wheat,precip_mj2,-0.0125527538115094
EC-Earth3,-4.5,-4.5546,8,RO,Soft wheat,precip_mj2,0.0111816809584755
EC-Earth3,-3.5,-3.4737,8,RO,Soft wheat,precip_mj2,0.0639654320902687
EC-Earth3,-2.5,-2.5448,11,RO,Soft wheat,precip_mj2,0.0415858266993004
IPSL-CM6A-LR,-5.5,-5.3985,4,RO,Soft wheat,precip_mj2,-0.00254811164402671
IPSL-CM6A-LR,-4.5,-4.3046,12,RO,Soft wheat,precip_mj2,0.00397000722533747
IPSL-CM6A-LR,-3.5,-3.5013,7,RO,Soft wheat,precip_mj2,-0.0318217033446209
IPSL-CM6A-LR,-2.5,-2.2964,6,RO,Soft wheat,precip_mj2,0.0169763117478391
EC-Earth3,-4.5,-4.5546,8,SE,Soft wheat,precip_mj2,-0.130526601709552
EC-Earth3,-3.5,-3.4737,8,SE,Soft wheat,precip_mj2,-0.0454017305516634
EC-Earth3,-2.5,-2.5448,11,SE,Soft wheat,precip_mj2,-0.0634599484688083
IPSL-CM6A-LR,-5.5,-5.3985,4,SE,Soft wheat,precip_mj2,0.00632719033510734
IPSL-CM6A-LR,-4.5,-4.3046,12,SE,Soft wheat,precip_mj2,0.00025897415932277
IPSL-CM6A-LR,-3.5,-3.5013,7,SE,Soft wheat,precip_mj2,0.0185750830620246
IPSL-CM6A-LR,-2.5,-2.2964,6,SE,Soft wheat,precip_mj2,-0.0553190733858346
EC-Earth3,-4.5,-4.5546,8,SK,Soft wheat,precip_mj2,0.0256902771770768
EC-Earth3,-3.5,-3.4737,8,SK,Soft wheat,precip_mj2,0.0955514579243503
EC-Earth3,-2.5,-2.5448,11,SK,Soft wheat,precip_mj2,0.0439127978838162
IPSL-CM6A-LR,-5.5,-5.3985,4,SK,Soft wheat,precip_mj2,-0.110127810898213
IPSL-CM6A-LR,-4.5,-4.3046,12,SK,Soft wheat,precip_mj2,-0.0126954277983698
IPSL-CM6A-LR,-3.5,-3.5013,7,SK,Soft wheat,precip_mj2,-0.0235773487499046
IPSL-CM6A-LR,-2.5,-2.2964,6,SK,Soft wheat,precip_mj2,-0.00642648552563565
EC-Earth3,-4.5,-4.5546,8,EL,Durum wheat,precip_mj2,0.0167725920665084
EC-Earth3,-3.5,-3.4737,8,EL,Durum wheat,precip_mj2,0.0211414641346304
EC-Earth3,-2.5,-2.5448,11,EL,Durum wheat,precip_mj2,0.0289453897858001
IPSL-CM6A-LR,-5.5,-5.3985,4,EL,Durum wheat,precip_mj2,0.00749770833131038
IPSL-CM6A-LR,-4.5,-4.3046,12,EL,Durum wheat,precip_mj2,0.0164627728246035
IPSL-CM6A-LR,-3.5,-3.5013,7,EL,Durum wheat,precip_mj2,0.00253794848739936
IPSL-CM6A-LR,-2.5,-2.2964,6,EL,Durum wheat,precip_mj2,-0.000839308205029131
EC-Earth3,-4.5,-4.5546,8,ES,Durum wheat,precip_mj2,0.0347366450430178
EC-Earth3,-3.5,-3.4737,8,ES,Durum wheat,precip_mj2,0.0420193593839134
EC-Earth3,-2.5,-2.5448,11,ES,Durum wheat,precip_mj2,0.045620737316661
IPSL-CM6A-LR,-5.5,-5.3985,4,ES,Durum wheat,precip_mj2,0.0209808407639785
IPSL-CM6A-LR,-4.5,-4.3046,12,ES,Durum wheat,precip_mj2,0.0398299723584752
IPSL-CM6A-LR,-3.5,-3.5013,7,ES,Durum wheat,precip_mj2,0.018973491966186
IPSL-CM6A-LR,-2.5,-2.2964,6,ES,Durum wheat,precip_mj2,0.00625523028486203
EC-Earth3,-4.5,-4.5546,8,FR,Durum wheat,precip_mj2,0.0446847754527475
EC-Earth3,-3.5,-3.4737,8,FR,Durum wheat,precip_mj2,0.0591267902031803
EC-Earth3,-2.5,-2.5448,11,FR,Durum wheat,precip_mj2,0.0896424848491639
IPSL-CM6A-LR,-5.5,-5.3985,4,FR,Durum wheat,precip_mj2,0.070349827572987
IPSL-CM6A-LR,-4.5,-4.3046,12,FR,Durum wheat,precip_mj2,0.0675569248946173
IPSL-CM6A-LR,-3.5,-3.5013,7,FR,Durum wheat,precip_mj2,0.0331443987945822
IPSL-CM6A-LR,-2.5,-2.2964,6,FR,Durum wheat,precip_mj2,0.0505848171228495
EC-Earth3,-4.5,-4.5546,8,HU,Durum wheat,precip_mj2,0.0269876763726146
EC-Earth3,-3.5,-3.4737,8,HU,Durum wheat,precip_mj2,0.0911055340180809
EC-Earth3,-2.5,-2.5448,11,HU,Durum wheat,precip_mj2,0.0686535339495517
IPSL-CM6A-LR,-5.5,-5.3985,4,HU,Durum wheat,precip_mj2,-0.0639245792802987
IPSL-CM6A-LR,-4.5,-4.3046,12,HU,Durum wheat,precip_mj2,0.0193911646698931
IPSL-CM6A-LR,-3.5,-3.5013,7,HU,Durum wheat,precip_mj2,-0.0175553715507782
IPSL-CM6A-LR,-2.5,-2.2964,6,HU,Durum wheat,precip_mj2,0.0111312942397518
EC-Earth3,-4.5,-4.5546,8,IT,Durum wheat,precip_mj2,0.0613880060318052
EC-Earth3,-3.5,-3.4737,8,IT,Durum wheat,precip_mj2,0.0620587188801557
EC-Earth3,-2.5,-2.5448,11,IT,Durum wheat,precip_mj2,0.0650162613494316
IPSL-CM6A-LR,-5.5,-5.3985,4,IT,Durum wheat,precip_mj2,0.0163395907600587
IPSL-CM6A-LR,-4.5,-4.3046,12,IT,Durum wheat,precip_mj2,0.0406799344716296
IPSL-CM6A-LR,-3.5,-3.5013,7,IT,Durum wheat,precip_mj2,-0.0160981055775917
IPSL-CM6A-LR,-2.5,-2.2964,6,IT,Durum wheat,precip_mj2,0.0198709232611822
EC-Earth3,-4.5,-4.5546,8,RO,Durum wheat,precip_mj2,0.017204947392679
EC-Earth3,-3.5,-3.4737,8,RO,Durum wheat,precip_mj2,0.0906360788865942
EC-Earth3,-2.5,-2.5448,11,RO,Durum wheat,precip_mj2,0.0583877308967054
IPSL-CM6A-LR,-5.5,-5.3985,4,RO,Durum wheat,precip_mj2,-0.00712736800374228
IPSL-CM6A-LR,-4.5,-4.3046,12,RO,Durum wheat,precip_mj2,0.00672025932738446
IPSL-CM6A-LR,-3.5,-3.5013,7,RO,Durum wheat,precip_mj2,-0.041754045181891
IPSL-CM6A-LR,-2.5,-2.2964,6,RO,Durum wheat,precip_mj2,0.0241394209871494
EC-Earth3,-4.5,-4.5546,8,SK,Durum wheat,precip_mj2,0.0211316091193852
EC-Earth3,-3.5,-3.4737,8,SK,Durum wheat,precip_mj2,0.100844562606207
EC-Earth3,-2.5,-2.5448,11,SK,Durum wheat,precip_mj2,0.0460351928368146
IPSL-CM6A-LR,-5.5,-5.3985,4,SK,Durum wheat,precip_mj2,-0.107454596991134
IPSL-CM6A-LR,-4.5,-4.3046,12,SK,Durum wheat,precip_mj2,-0.0109033264646264
IPSL-CM6A-LR,-3.5,-3.5013,7,SK,Durum wheat,precip_mj2,-0.0311879893675656
IPSL-CM6A-LR,-2.5,-2.2964,6,SK,Durum wheat,precip_mj2,-0.0106088602179034
EC-Earth3,-4.5,-4.5546,8,CZ,Spring barley,precip_mj2,-0.0206394686711153
EC-Earth3,-3.5,-3.4737,8,CZ,Spring barley,precip_mj2,0.0529027534091165
EC-Earth3,-2.5,-2.5448,11,CZ,Spring barley,precip_mj2,0.0120368465514109
IPSL-CM6A-LR,-5.5,-5.3985,4,CZ,Spring barley,precip_mj2,-0.0648333247241807
IPSL-CM6A-LR,-4.5,-4.3046,12,CZ,Spring barley,precip_mj2,-0.000974752225624894
IPSL-CM6A-LR,-3.5,-3.5013,7,CZ,Spring barley,precip_mj2,0.00225033749508698
IPSL-CM6A-LR,-2.5,-2.2964,6,CZ,Spring barley,precip_mj2,0.000324421278026248
EC-Earth3,-4.5,-4.5546,8,DE,Spring barley,precip_mj2,-0.0307941885890143
EC-Earth3,-3.5,-3.4737,8,DE,Spring barley,precip_mj2,0.0317485586596657
EC-Earth3,-2.5,-2.5448,11,DE,Spring barley,precip_mj2,0.00101260711085754
IPSL-CM6A-LR,-5.5,-5.3985,4,DE,Spring barley,precip_mj2,-0.0266457575493209
IPSL-CM6A-LR,-4.5,-4.3046,12,DE,Spring barley,precip_mj2,0.00417747674282833
IPSL-CM6A-LR,-3.5,-3.5013,7,DE,Spring barley,precip_mj2,0.00549212828412022
IPSL-CM6A-LR,-2.5,-2.2964,6,DE,Spring barley,precip_mj2,-0.0146874345480291
EC-Earth3,-4.5,-4.5546,8,DK,Spring barley,precip_mj2,-0.0659655270945214
EC-Earth3,-3.5,-3.4737,8,DK,Spring barley,precip_mj2,0.000492451430896786
EC-Earth3,-2.5,-2.5448,11,DK,Spring barley,precip_mj2,-0.0440693131963226
IPSL-CM6A-LR,-5.5,-5.3985,4,DK,Spring barley,precip_mj2,0.012485897831301
IPSL-CM6A-LR,-4.5,-4.3046,12,DK,Spring barley,precip_mj2,-0.0187356940003722
IPSL-CM6A-LR,-3.5,-3.5013,7,DK,Spring barley,precip_mj2,0.0306378818107603
IPSL-CM6A-LR,-2.5,-2.2964,6,DK,Spring barley,precip_mj2,-0.0555686455778819
EC-Earth3,-4.5,-4.5546,8,EE,Spring barley,precip_mj2,-0.109519016303183
EC-Earth3,-3.5,-3.4737,8,EE,Spring barley,precip_mj2,-0.109587483448776
EC-Earth3,-2.5,-2.5448,11,EE,Spring barley,precip_mj2,-0.100621743572628
IPSL-CM6A-LR,-5.5,-5.3985,4,EE,Spring barley,precip_mj2,0.0146961966376455
IPSL-CM6A-LR,-4.5,-4.3046,12,EE,Spring barley,precip_mj2,5.54723894205351e-05
IPSL-CM6A-LR,-3.5,-3.5013,7,EE,Spring barley,precip_mj2,0.00633983506074956
IPSL-CM6A-LR,-2.5,-2.2964,6,EE,Spring barley,precip_mj2,-0.0363168353453608
EC-Earth3,-4.5,-4.5546,8,ES,Spring barley,precip_mj2,0.037466580581064
EC-Earth3,-3.5,-3.4737,8,ES,Spring barley,precip_mj2,0.0478374604812782
EC-Earth3,-2.5,-2.5448,11,ES,Spring barley,precip_mj2,0.0555407151273871
IPSL-CM6A-LR,-5.5,-5.3985,4,ES,Spring barley,precip_mj2,0.00433004908016809
IPSL-CM6A-LR,-4.5,-4.3046,12,ES,Spring barley,precip_mj2,0.0399932856377218
IPSL-CM6A-LR,-3.5,-3.5013,7,ES,Spring barley,precip_mj2,0.0138326570060935
IPSL-CM6A-LR,-2.5,-2.2964,6,ES,Spring barley,precip_mj2,0.0197710479852522
EC-Earth3,-4.5,-4.5546,8,FI,Spring barley,precip_mj2,-0.121887072625136
EC-Earth3,-3.5,-3.4737,8,FI,Spring barley,precip_mj2,-0.126925624362013
EC-Earth3,-2.5,-2.5448,11,FI,Spring barley,precip_mj2,-0.078201088708216
IPSL-CM6A-LR,-5.5,-5.3985,4,FI,Spring barley,precip_mj2,0.00323915162026656
IPSL-CM6A-LR,-4.5,-4.3046,12,FI,Spring barley,precip_mj2,-0.0165477908821321
IPSL-CM6A-LR,-3.5,-3.5013,7,FI,Spring barley,precip_mj2,-0.00821568899729973
IPSL-CM6A-LR,-2.5,-2.2964,6,FI,Spring barley,precip_mj2,-0.0353039425811262
EC-Earth3,-4.5,-4.5546,8,FR,Spring barley,precip_mj2,0.0060763757916435
EC-Earth3,-3.5,-3.4737,8,FR,Spring barley,precip_mj2,0.041262000262879
EC-Earth3,-2.5,-2.5448,11,FR,Spring barley,precip_mj2,0.0428438511408677
IPSL-CM6A-LR,-5.5,-5.3985,4,FR,Spring barley,precip_mj2,0.0694232661352476
IPSL-CM6A-LR,-4.5,-4.3046,12,FR,Spring barley,precip_mj2,0.0440931472846678
IPSL-CM6A-LR,-3.5,-3.5013,7,FR,Spring barley,precip_mj2,0.0309761086921347
IPSL-CM6A-LR,-2.5,-2.2964,6,FR,Spring barley,precip_mj2,0.0298514935035413
EC-Earth3,-4.5,-4.5546,8,HU,Spring barley,precip_mj2,0.0224744479210488
EC-Earth3,-3.5,-3.4737,8,HU,Spring barley,precip_mj2,0.0884749745809406
EC-Earth3,-2.5,-2.5448,11,HU,Spring barley,precip_mj2,0.0611591733010581
IPSL-CM6A-LR,-5.5,-5.3985,4,HU,Spring barley,precip_mj2,-0.0768328526909303
IPSL-CM6A-LR,-4.5,-4.3046,12,HU,Spring barley,precip_mj2,0.00807894498792623
IPSL-CM6A-LR,-3.5,-3.5013,7,HU,Spring barley,precip_mj2,-0.0226527852920692
IPSL-CM6A-LR,-2.5,-2.2964,6,HU,Spring barley,precip_mj2,0.00866985416671283
EC-Earth3,-4.5,-4.5546,8,LT,Spring barley,precip_mj2,-0.104958803202407
EC-Earth3,-3.5,-3.4737,8,LT,Spring barley,precip_mj2,-0.0422968694516024
EC-Earth3,-2.5,-2.5448,11,LT,Spring barley,precip_mj2,-0.108553828603296
IPSL-CM6A-LR,-5.5,-5.3985,4,LT,Spring barley,precip_mj2,-0.0295587269696166
IPSL-CM6A-LR,-4.5,-4.3046,12,LT,Spring barley,precip_mj2,0.00424089259179516
IPSL-CM6A-LR,-3.5,-3.5013,7,LT,Spring barley,precip_mj2,0.0123821403162323
IPSL-CM6A-LR,-2.5,-2.2964,6,LT,Spring barley,precip_mj2,-0.013471984800606
EC-Earth3,-4.5,-4.5546,8,LV,Spring barley,precip_mj2,-0.113828349681308
EC-Earth3,-3.5,-3.4737,8,LV,Spring barley,precip_mj2,-0.0881882678906356
EC-Earth3,-2.5,-2.5448,11,LV,Spring barley,precip_mj2,-0.109112235774182
IPSL-CM6A-LR,-5.5,-5.3985,4,LV,Spring barley,precip_mj2,-0.0103779202873897
IPSL-CM6A-LR,-4.5,-4.3046,12,LV,Spring barley,precip_mj2,-0.00605199132966268
IPSL-CM6A-LR,-3.5,-3.5013,7,LV,Spring barley,precip_mj2,0.00352412903199013
IPSL-CM6A-LR,-2.5,-2.2964,6,LV,Spring barley,precip_mj2,-0.0153116180340221
EC-Earth3,-4.5,-4.5546,8,SE,Spring barley,precip_mj2,-0.161413491651162
EC-Earth3,-3.5,-3.4737,8,SE,Spring barley,precip_mj2,-0.0712855840539386
EC-Earth3,-2.5,-2.5448,11,SE,Spring barley,precip_mj2,-0.0837794751882435
IPSL-CM6A-LR,-5.5,-5.3985,4,SE,Spring barley,precip_mj2,0.00148486828718075
IPSL-CM6A-LR,-4.5,-4.3046,12,SE,Spring barley,precip_mj2,-0.00254715877777358
IPSL-CM6A-LR,-3.5,-3.5013,7,SE,Spring barley,precip_mj2,0.0206381864145327
IPSL-CM6A-LR,-2.5,-2.2964,6,SE,Spring barley,precip_mj2,-0.0710574708550093
EC-Earth3,-4.5,-4.5546,8,SK,Spring barley,precip_mj2,0.0271561744043777
EC-Earth3,-3.5,-3.4737,8,SK,Spring barley,precip_mj2,0.109383195922292
EC-Earth3,-2.5,-2.5448,11,SK,Spring barley,precip_mj2,0.0492038222000934
IPSL-CM6A-LR,-5.5,-5.3985,4,SK,Spring barley,precip_mj2,-0.124593951971256
IPSL-CM6A-LR,-4.5,-4.3046,12,SK,Spring barley,precip_mj2,-0.0134278552968475
IPSL-CM6A-LR,-3.5,-3.5013,7,SK,Spring barley,precip_mj2,-0.0285062991540109
IPSL-CM6A-LR,-2.5,-2.2964,6,SK,Spring barley,precip_mj2,-0.00942779334754092
EC-Earth3,-4.5,-4.5546,8,CZ,Winter barley,precip_mj2,-0.0190425038351167
EC-Earth3,-3.5,-3.4737,8,CZ,Winter barley,precip_mj2,0.0411814484975226
EC-Earth3,-2.5,-2.5448,11,CZ,Winter barley,precip_mj2,0.00905439268666184
IPSL-CM6A-LR,-5.5,-5.3985,4,CZ,Winter barley,precip_mj2,-0.046803998591195
IPSL-CM6A-LR,-4.5,-4.3046,12,CZ,Winter barley,precip_mj2,-0.00267843248903985
IPSL-CM6A-LR,-3.5,-3.5013,7,CZ,Winter barley,precip_mj2,0.0033446943900896
IPSL-CM6A-LR,-2.5,-2.2964,6,CZ,Winter barley,precip_mj2,0.00179883293070409
EC-Earth3,-4.5,-4.5546,8,DE,Winter barley,precip_mj2,-0.0299316514737075
EC-Earth3,-3.5,-3.4737,8,DE,Winter barley,precip_mj2,0.0232805280488501
EC-Earth3,-2.5,-2.5448,11,DE,Winter barley,precip_mj2,-0.0069842732571631
IPSL-CM6A-LR,-5.5,-5.3985,4,DE,Winter barley,precip_mj2,-0.025235970597892
IPSL-CM6A-LR,-4.5,-4.3046,12,DE,Winter barley,precip_mj2,0.00297325111225523
IPSL-CM6A-LR,-3.5,-3.5013,7,DE,Winter barley,precip_mj2,0.00675820609137992
IPSL-CM6A-LR,-2.5,-2.2964,6,DE,Winter barley,precip_mj2,-0.010946169845208
EC-Earth3,-4.5,-4.5546,8,DK,Winter barley,precip_mj2,-0.0570596054154005
EC-Earth3,-3.5,-3.4737,8,DK,Winter barley,precip_mj2,0.000732864261553112
EC-Earth3,-2.5,-2.5448,11,DK,Winter barley,precip_mj2,-0.0377257415177638
IPSL-CM6A-LR,-5.5,-5.3985,4,DK,Winter barley,precip_mj2,0.0110222658940123
IPSL-CM6A-LR,-4.5,-4.3046,12,DK,Winter barley,precip_mj2,-0.0151208198099456
IPSL-CM6A-LR,-3.5,-3.5013,7,DK,Winter barley,precip_mj2,0.0255417551862065
IPSL-CM6A-LR,-2.5,-2.2964,6,DK,Winter barley,precip_mj2,-0.0464848123642418
EC-Earth3,-4.5,-4.5546,8,EE,Winter barley,precip_mj2,-0.088099688745288
EC-Earth3,-3.5,-3.4737,8,EE,Winter barley,precip_mj2,-0.0885557312799888
EC-Earth3,-2.5,-2.5448,11,EE,Winter barley,precip_mj2,-0.08082057296983
IPSL-CM6A-LR,-5.5,-5.3985,4,EE,Winter barley,precip_mj2,0.0128477032903688
IPSL-CM6A-LR,-4.5,-4.3046,12,EE,Winter barley,precip_mj2,9.47578877888372e-05
IPSL-CM6A-LR,-3.5,-3.5013,7,EE,Winter barley,precip_mj2,0.00529517908600772
IPSL-CM6A-LR,-2.5,-2.2964,6,EE,Winter barley,precip_mj2,-0.0299614194576915
EC-Earth3,-4.5,-4.5546,8,EL,Winter barley,precip_mj2,0.014458873969952
EC-Earth3,-3.5,-3.4737,8,EL,Winter barley,precip_mj2,0.016967321717624
EC-Earth3,-2.5,-2.5448,11,EL,Winter barley,precip_mj2,0.0210906624697418
IPSL-CM6A-LR,-5.5,-5.3985,4,EL,Winter barley,precip_mj2,0.00780623220367916
IPSL-CM6A-LR,-4.5,-4.3046,12,EL,Winter barley,precip_mj2,0.01448639307313
IPSL-CM6A-LR,-3.5,-3.5013,7,EL,Winter barley,precip_mj2,0.00334355090065361
IPSL-CM6A-LR,-2.5,-2.2964,6,EL,Winter barley,precip_mj2,-1.43317178845647e-05
EC-Earth3,-4.5,-4.5546,8,ES,Winter barley,precip_mj2,0.0313939567917154
EC-Earth3,-3.5,-3.4737,8,ES,Winter barley,precip_mj2,0.0400419081929297
EC-Earth3,-2.5,-2.5448,11,ES,Winter barley,precip_mj2,0.0461146761853544
IPSL-CM6A-LR,-5.5,-5.3985,4,ES,Winter barley,precip_mj2,0.00987165524061271
IPSL-CM6A-LR,-4.5,-4.3046,12,ES,Winter barley,precip_mj2,0.0344159288424836
IPSL-CM6A-LR,-3.5,-3.5013,7,ES,Winter barley,precip_mj2,0.0106426195851539
IPSL-CM6A-LR,-2.5,-2.2964,6,ES,Winter barley,precip_mj2,0.0151962261244404
EC-Earth3,-4.5,-4.5546,8,FR,Winter barley,precip_mj2,0.00912383445940631
EC-Earth3,-3.5,-3.4737,8,FR,Winter barley,precip_mj2,0.0364334613053443
EC-Earth3,-2.5,-2.5448,11,FR,Winter barley,precip_mj2,0.0390013288766516
IPSL-CM6A-LR,-5.5,-5.3985,4,FR,Winter barley,precip_mj2,0.0634060515962689
IPSL-CM6A-LR,-4.5,-4.3046,12,FR,Winter barley,precip_mj2,0.0394539432794412
IPSL-CM6A-LR,-3.5,-3.5013,7,FR,Winter barley,precip_mj2,0.0245324632081739
IPSL-CM6A-LR,-2.5,-2.2964,6,FR,Winter barley,precip_mj2,0.0262660797083168
EC-Earth3,-4.5,-4.5546,8,HU,Winter barley,precip_mj2,0.019976297984569
EC-Earth3,-3.5,-3.4737,8,HU,Winter barley,precip_mj2,0.0689558883796291
EC-Earth3,-2.5,-2.5448,11,HU,Winter barley,precip_mj2,0.0515876328824564
IPSL-CM6A-LR,-5.5,-5.3985,4,HU,Winter barley,precip_mj2,-0.0490035981859182
IPSL-CM6A-LR,-4.5,-4.3046,12,HU,Winter barley,precip_mj2,0.0140055459385752
IPSL-CM6A-LR,-3.5,-3.5013,7,HU,Winter barley,precip_mj2,-0.0151680130553614
IPSL-CM6A-LR,-2.5,-2.2964,6,HU,Winter barley,precip_mj2,0.00828775130821347
EC-Earth3,-4.5,-4.5546,8,IT,Winter barley,precip_mj2,0.0682529074967047
EC-Earth3,-3.5,-3.4737,8,IT,Winter barley,precip_mj2,0.0728234513312688
EC-Earth3,-2.5,-2.5448,11,IT,Winter barley,precip_mj2,0.0869569401799762
IPSL-CM6A-LR,-5.5,-5.3985,4,IT,Winter barley,precip_mj2,0.0208919967658979
IPSL-CM6A-LR,-4.5,-4.3046,12,IT,Winter barley,precip_mj2,0.045911740074472
IPSL-CM6A-LR,-3.5,-3.5013,7,IT,Winter barley,precip_mj2,-0.0185520822118378
IPSL-CM6A-LR,-2.5,-2.2964,6,IT,Winter barley,precip_mj2,0.0380735003405742
EC-Earth3,-4.5,-4.5546,8,LT,Winter barley,precip_mj2,-0.0847009803300395
EC-Earth3,-3.5,-3.4737,8,LT,Winter barley,precip_mj2,-0.0328113668363996
EC-Earth3,-2.5,-2.5448,11,LT,Winter barley,precip_mj2,-0.0886817599691122
IPSL-CM6A-LR,-5.5,-5.3985,4,LT,Winter barley,precip_mj2,-0.0239304151871571
IPSL-CM6A-LR,-4.5,-4.3046,12,LT,Winter barley,precip_mj2,0.00372868936374625
IPSL-CM6A-LR,-3.5,-3.5013,7,LT,Winter barley,precip_mj2,0.0104026267634368
IPSL-CM6A-LR,-2.5,-2.2964,6,LT,Winter barley,precip_mj2,-0.0110988413989155
EC-Earth3,-4.5,-4.5546,8,LV,Winter barley,precip_mj2,-0.0931645531690596
EC-Earth3,-3.5,-3.4737,8,LV,Winter barley,precip_mj2,-0.0684058878087087
EC-Earth3,-2.5,-2.5448,11,LV,Winter barley,precip_mj2,-0.0892189979859287
IPSL-CM6A-LR,-5.5,-5.3985,4,LV,Winter barley,precip_mj2,-0.00589451834222157
IPSL-CM6A-LR,-4.5,-4.3046,12,LV,Winter barley,precip_mj2,-0.00535946046882293
IPSL-CM6A-LR,-3.5,-3.5013,7,LV,Winter barley,precip_mj2,0.00250602640984307
IPSL-CM6A-LR,-2.5,-2.2964,6,LV,Winter barley,precip_mj2,-0.0138568675577958
EC-Earth3,-4.5,-4.5546,8,SE,Winter barley,precip_mj2,-0.107905798739684
EC-Earth3,-3.5,-3.4737,8,SE,Winter barley,precip_mj2,-0.0340467859844512
EC-Earth3,-2.5,-2.5448,11,SE,Winter barley,precip_mj2,-0.0601784410738749
IPSL-CM6A-LR,-5.5,-5.3985,4,SE,Winter barley,precip_mj2,0.00339315372486997
IPSL-CM6A-LR,-4.5,-4.3046,12,SE,Winter barley,precip_mj2,0.000295645198389974
IPSL-CM6A-LR,-3.5,-3.5013,7,SE,Winter barley,precip_mj2,0.0167821184755398
IPSL-CM6A-LR,-2.5,-2.2964,6,SE,Winter barley,precip_mj2,-0.0505561603076049
EC-Earth3,-4.5,-4.5546,8,SK,Winter barley,precip_mj2,0.0266147709850115
EC-Earth3,-3.5,-3.4737,8,SK,Winter barley,precip_mj2,0.097374578147841
EC-Earth3,-2.5,-2.5448,11,SK,Winter barley,precip_mj2,0.0451857707365902
IPSL-CM6A-LR,-5.5,-5.3985,4,SK,Winter barley,precip_mj2,-0.111821504000734
IPSL-CM6A-LR,-4.5,-4.3046,12,SK,Winter barley,precip_mj2,-0.0130403452890231
IPSL-CM6A-LR,-3.5,-3.5013,7,SK,Winter barley,precip_mj2,-0.0239689932571641
IPSL-CM6A-LR,-2.5,-2.2964,6,SK,Winter barley,precip_mj2,-0.00729328113317348
