model,exp,cntr,year,hdd_calendar,hdd_octmar,cdd_jja
EC-Earth3,g01,AL,1990,2249.19,1885.02,185.47
EC-Earth3,g01,AL,1991,2608.42,1867.38,153.36
EC-Earth3,g01,AL,1992,2516.28,2183.65,191.97
EC-Earth3,g01,AL,1993,2489.63,2055.15,220.98
EC-Earth3,g01,AL,1994,2222.93,1768.59,229.74
EC-Earth3,g01,AL,1995,2480.41,1932.59,167.87
EC-Earth3,g01,AL,1996,2442.98,2033.35,194.99
EC-Earth3,g01,AL,1997,2382.73,1825.84,178.12
EC-Earth3,g01,AL,1998,2289.73,1878.37,319.28
EC-Earth3,g01,AL,1999,2197.99,2041.31,280.97
EC-Earth3,g01,AL,2000,2258.19,1978.45,298.44
EC-Earth3,g01,AL,2001,2163.5,1603.91,310.1
EC-Earth3,g01,AL,2002,2095.3,1879.89,239.63
EC-Earth3,g01,AL,2003,2241.6,1902.39,351.27
EC-Earth3,g01,AL,2004,2237.24,1876.24,240.87
EC-Earth3,g01,AL,2005,2331.59,1904.82,179.64
EC-Earth3,g01,AL,2006,2348.31,1994.08,209.36
EC-Earth3,g01,AL,2007,2137.53,1764.61,291.81
EC-Earth3,g01,AL,2008,2127.68,1874.78,268.05
EC-Earth3,g01,AL,2009,2105.98,1845.93,191.11
EC-Earth3,g01,AL,2010,2039.17,1739.33,221.1
EC-Earth3,g01,AL,2011,2348.82,1691.72,229.46
EC-Earth3,g01,AL,2012,2433.86,2245.58,375.02
EC-Earth3,g01,AL,2013,2178.77,1844.56,266.9
EC-Earth3,g01,AL,2014,2209.67,1722.5,206.91
EC-Earth3,g01,AL,2015,2415.85,1989.88,253.42
EC-Earth3,g01,AL,2016,2274.83,1829.05,246.37
EC-Earth3,g01,AL,2017,2440.09,2053.6,323.43
EC-Earth3,g01,AL,2018,2139.57,1945.73,190.56
EC-Earth3,g01,AL,2019,2221.61,1908.84,313.91
EC-Earth3,g01,AL,2020,2315.66,1806.07,235.24
EC-Earth3,g01,AL,2021,2282.16,1830.64,355.01
EC-Earth3,g01,AL,2022,2290.65,2022.69,306.43
EC-Earth3,g01,AL,2023,2169.96,1755.99,275.95
EC-Earth3,g01,AL,2024,2032.55,1615.5,415.22
EC-Earth3,g01,AT,1990,3537.95,2602.02,68.89
EC-Earth3,g01,AT,1991,3909.84,2872.71,56.66
EC-Earth3,g01,AT,1992,3528.97,2864.89,128
EC-Earth3,g01,AT,1993,3729.34,2916.6,69.52
EC-Earth3,g01,AT,1994,3324.33,2698.23,124.5
EC-Earth3,g01,AT,1995,3701.18,2710.98,77.85
EC-Earth3,g01,AT,1996,4088.39,3162.67,44.57
EC-Earth3,g01,AT,1997,3680.64,2822.77,45.12
EC-Earth3,g01,AT,1998,3574.2,2699.1,92.19
EC-Earth3,g01,AT,1999,3546.97,2904.9,50.62
EC-Earth3,g01,AT,2000,3311.57,2844.47,93.09
EC-Earth3,g01,AT,2001,3613.6,2543.03,82.55
EC-Earth3,g01,AT,2002,3354.2,2678.48,89
EC-Earth3,g01,AT,2003,3632.32,2882.86,161
EC-Earth3,g01,AT,2004,3685.97,2938.34,63.88
EC-Earth3,g01,AT,2005,3795.52,2898.76,60.29
EC-Earth3,g01,AT,2006,3604.56,3114.94,101
EC-Earth3,g01,AT,2007,3331.54,2317.71,107.33
EC-Earth3,g01,AT,2008,3391.5,2782.25,75.34
EC-Earth3,g01,AT,2009,3506.37,2837.51,76.24
EC-Earth3,g01,AT,2010,3864.23,2912.95,95.39
EC-Earth3,g01,AT,2011,3413.84,2906.43,83.03
EC-Earth3,g01,AT,2012,3522.75,2803.92,119.49
EC-Earth3,g01,AT,2013,3612.27,2899.02,128.04
EC-Earth3,g01,AT,2014,3093.59,2475.74,68.39
EC-Earth3,g01,AT,2015,3257.53,2503.68,169.56
EC-Earth3,g01,AT,2016,3390.04,2503.67,83.82
EC-Earth3,g01,AT,2017,3452.42,2779.94,139.52
EC-Earth3,g01,AT,2018,3185.04,2781.69,136.86
EC-Earth3,g01,AT,2019,3190.73,2510.71,151.69
EC-Earth3,g01,AT,2020,3258.97,2452.28,89.73
EC-Earth3,g01,AT,2021,3565.08,2685.76,110.19
EC-Earth3,g01,AT,2022,3178.28,2629.26,135.05
EC-Earth3,g01,AT,2023,3106.5,2430.56,125.7
EC-Earth3,g01,AT,2024,2965.51,2276.44,164.24
EC-Earth3,g01,BE,1990,2837.84,1978.25,66.81
EC-Earth3,g01,BE,1991,3225.75,2282.48,38.68
EC-Earth3,g01,BE,1992,2976.91,2321.52,38.93
EC-Earth3,g01,BE,1993,3080.94,2310.74,21.33
EC-Earth3,g01,BE,1994,2814.56,2331.91,86.68
EC-Earth3,g01,BE,1995,2923.72,2046.53,105.18
EC-Earth3,g01,BE,1996,3477.29,2494.33,40.27
EC-Earth3,g01,BE,1997,2957.18,2359.93,62.99
EC-Earth3,g01,BE,1998,2949.08,2126.24,32.21
EC-Earth3,g01,BE,1999,2687.88,2267.8,49.05
EC-Earth3,g01,BE,2000,2702.38,2159.64,28.25
EC-Earth3,g01,BE,2001,2911.43,2117.17,60.68
EC-Earth3,g01,BE,2002,2679.63,2021.38,43.26
EC-Earth3,g01,BE,2003,2910.58,2211.19,98.85
EC-Earth3,g01,BE,2004,2847.84,2263.84,47.33
EC-Earth3,g01,BE,2005,2764.67,2206.7,60.63
EC-Earth3,g01,BE,2006,2704.24,2283.06,102.37
EC-Earth3,g01,BE,2007,2525.32,1741.31,24.57
EC-Earth3,g01,BE,2008,2868.32,2124.77,29.55
EC-Earth3,g01,BE,2009,2875.5,2422.89,54.46
EC-Earth3,g01,BE,2010,3328.76,2343.97,65.23
EC-Earth3,g01,BE,2011,2592.55,2349.41,27
EC-Earth3,g01,BE,2012,2970.19,2106.76,43.86
EC-Earth3,g01,BE,2013,3177.12,2422.97,64.94
EC-Earth3,g01,BE,2014,2500.66,1940.93,40.75
EC-Earth3,g01,BE,2015,2745.85,2103.22,84.14
EC-Earth3,g01,BE,2016,2857.32,1953.39,54
EC-Earth3,g01,BE,2017,2734.42,2193.38,69.75
EC-Earth3,g01,BE,2018,2700.68,2181.19,124.39
EC-Earth3,g01,BE,2019,2707.72,2018.49,104.08
EC-Earth3,g01,BE,2020,2514.71,1960.52,96.7
EC-Earth3,g01,BE,2021,2896.71,2040.84,48.77
EC-Earth3,g01,BE,2022,2556.43,2017.28,127.72
EC-Earth3,g01,BE,2023,2501.98,1930.43,90.01
EC-Earth3,g01,BE,2024,2495.26,1835.16,74.32
EC-Earth3,g01,BG,1990,3042.39,2576.53,154.79
EC-Earth3,g01,BG,1991,3484.94,2608.74,113.55
EC-Earth3,g01,BG,1992,3255.4,2769.38,149.04
EC-Earth3,g01,BG,1993,3328.38,2733.11,180.95
EC-Earth3,g01,BG,1994,2922.88,2466.03,175.05
EC-Earth3,g01,BG,1995,3299.02,2554.93,119.36
EC-Earth3,g01,BG,1996,3462.01,3044.14,169.98
EC-Earth3,g01,BG,1997,3463.38,2579.51,105.55
EC-Earth3,g01,BG,1998,3205.42,2658.53,194.3
EC-Earth3,g01,BG,1999,2989.75,2705.26,170.22
EC-Earth3,g01,BG,2000,3037.03,2654.34,237.01
EC-Earth3,g01,BG,2001,3092.61,2232.22,191.48
EC-Earth3,g01,BG,2002,3020.12,2595.29,152.54
EC-Earth3,g01,BG,2003,3357.42,2795.51,216.02
EC-Earth3,g01,BG,2004,3107.39,2653.66,120.68
EC-Earth3,g01,BG,2005,3258.18,2539.09,110.39
EC-Earth3,g01,BG,2006,3211.11,2744.49,159.4
EC-Earth3,g01,BG,2007,2922.51,2261.46,270.62
EC-Earth3,g01,BG,2008,2990.65,2639.41,207.21
EC-Earth3,g01,BG,2009,2978.87,2493.11,177.7
EC-Earth3,g01,BG,2010,3011.52,2478.22,185.15
EC-Earth3,g01,BG,2011,3291.42,2537.04,169.8
EC-Earth3,g01,BG,2012,3114.79,2891.75,290.52
EC-Earth3,g01,BG,2013,2908.62,2407.99,186.74
EC-Earth3,g01,BG,2014,2842.04,2273.45,139.69
EC-Earth3,g01,BG,2015,2859.92,2483.49,205.12
EC-Earth3,g01,BG,2016,2914.96,2232.92,211.34
EC-Earth3,g01,BG,2017,3018.77,2649.4,232.86
EC-Earth3,g01,BG,2018,2810.68,2409.81,161.25
EC-Earth3,g01,BG,2019,2654.25,2395,208.07
EC-Earth3,g01,BG,2020,2730.81,2111.91,188.66
EC-Earth3,g01,BG,2021,2977.88,2293.11,236.93
EC-Earth3,g01,BG,2022,2752.78,2483.05,228.06
EC-Earth3,g01,BG,2023,2520.91,2045.95,249.97
EC-Earth3,g01,BG,2024,2415.14,1941.37,343.51
EC-Earth3,g01,CH,1990,3623.47,2571.42,51.04
EC-Earth3,g01,CH,1991,3939.08,2812.25,53.26
EC-Earth3,g01,CH,1992,3720.11,2922.55,62.57
EC-Earth3,g01,CH,1993,3801.45,2793.4,37.43
EC-Earth3,g01,CH,1994,3407.15,2685.88,80.1
EC-Earth3,g01,CH,1995,3784.21,2638.38,51.11
EC-Earth3,g01,CH,1996,4064.77,2872.12,27.59
EC-Earth3,g01,CH,1997,3632.3,2739.35,31.48
EC-Earth3,g01,CH,1998,3750.12,2677.35,58.73
EC-Earth3,g01,CH,1999,3709.95,2914.42,27.22
EC-Earth3,g01,CH,2000,3504.57,2820.62,44.53
EC-Earth3,g01,CH,2001,3711.63,2547.7,47.96
EC-Earth3,g01,CH,2002,3494.93,2654.51,48.51
EC-Earth3,g01,CH,2003,3655.84,2725.07,157.94
EC-Earth3,g01,CH,2004,3769.52,2892.1,40.67
EC-Earth3,g01,CH,2005,3866.35,2877.02,51.08
EC-Earth3,g01,CH,2006,3635.12,3016.95,79.67
EC-Earth3,g01,CH,2007,3523.49,2388.33,32.21
EC-Earth3,g01,CH,2008,3703.83,2785.72,41.72
EC-Earth3,g01,CH,2009,3630.05,2960.48,49.64
EC-Earth3,g01,CH,2010,3996.84,2883.98,59.68
EC-Earth3,g01,CH,2011,3390.88,2799.9,45.41
EC-Earth3,g01,CH,2012,3676.24,2747.6,53.78
EC-Earth3,g01,CH,2013,3884.99,2897.45,68.18
EC-Earth3,g01,CH,2014,3306.24,2561.74,31.61
EC-Earth3,g01,CH,2015,3455.01,2570.05,116.54
EC-Earth3,g01,CH,2016,3606.61,2557.79,56.7
EC-Earth3,g01,CH,2017,3589.16,2742.93,83.7
EC-Earth3,g01,CH,2018,3317.27,2783.09,92.53
EC-Earth3,g01,CH,2019,3466.76,2575.99,96.81
EC-Earth3,g01,CH,2020,3341.74,2460.75,68.48
EC-Earth3,g01,CH,2021,3715.3,2674.9,39.94
EC-Earth3,g01,CH,2022,3181.41,2662.46,113.35
EC-Earth3,g01,CH,2023,3229.36,2403.52,99.73
EC-Earth3,g01,CH,2024,3254.81,2342.47,75.73
EC-Earth3,g01,CY,1990,1185.22,1102.36,401.15
EC-Earth3,g01,CY,1991,1199.47,932.95,372.42
EC-Earth3,g01,CY,1992,1583.3,1371.62,357.56
EC-Earth3,g01,CY,1993,1312.91,1282.96,427.85
EC-Earth3,g01,CY,1994,1133.81,921.92,427.09
EC-Earth3,g01,CY,1995,1240.94,1047.5,442.37
EC-Earth3,g01,CY,1996,1120.7,1142.43,456.61
EC-Earth3,g01,CY,1997,1229.55,1008.52,405.36
EC-Earth3,g01,CY,1998,1086.85,1023.63,506.75
EC-Earth3,g01,CY,1999,951.03,860.6,457.36
EC-Earth3,g01,CY,2000,1201.07,1037.76,520.91
EC-Earth3,g01,CY,2001,994.33,862.93,480.01
EC-Earth3,g01,CY,2002,1093.1,985.54,486.88
EC-Earth3,g01,CY,2003,1163.02,1051.46,466.01
EC-Earth3,g01,CY,2004,1129.18,986.83,442.65
EC-Earth3,g01,CY,2005,1129.62,990.34,426.59
EC-Earth3,g01,CY,2006,1145.06,1010.78,457.14
EC-Earth3,g01,CY,2007,999.96,998.72,581.07
EC-Earth3,g01,CY,2008,948.61,888.39,602.78
EC-Earth3,g01,CY,2009,913.71,828.54,564.86
EC-Earth3,g01,CY,2010,720.76,692.81,570.19
EC-Earth3,g01,CY,2011,1011.14,720.36,536.29
EC-Earth3,g01,CY,2012,981.57,1037.38,649.22
EC-Earth3,g01,CY,2013,856.39,706.2,558.87
EC-Earth3,g01,CY,2014,575.95,647.08,509.45
EC-Earth3,g01,CY,2015,771.61,672.59,503.09
EC-Earth3,g01,CY,2016,827.07,677.12,538.43
EC-Earth3,g01,CY,2017,776.33,863.32,574.21
EC-Earth3,g01,CY,2018,577.17,514.62,517.97
EC-Earth3,g01,CY,2019,747.31,708.22,544.89
EC-Earth3,g01,CY,2020,653.9,667.74,524.63
EC-Earth3,g01,CY,2021,565.11,466.64,651.51
EC-Earth3,g01,CY,2022,678.93,700.16,618.78
EC-Earth3,g01,CY,2023,492.27,454.01,641.56
EC-Earth3,g01,CY,2024,451.04,355.72,707.53
EC-Earth3,g01,CZ,1990,3557.33,2644.57,76.8
EC-Earth3,g01,CZ,1991,3971.53,2892.49,57.79
EC-Earth3,g01,CZ,1992,3625.96,2914.23,131.79
EC-Earth3,g01,CZ,1993,3854.59,3042.37,61.09
EC-Earth3,g01,CZ,1994,3486.6,2781.41,145.87
EC-Earth3,g01,CZ,1995,3791.39,2784.22,94.38
EC-Earth3,g01,CZ,1996,4314.24,3340.07,50.2
EC-Earth3,g01,CZ,1997,3890.59,2993.57,59.01
EC-Earth3,g01,CZ,1998,3669.61,2793.88,83.83
EC-Earth3,g01,CZ,1999,3582.6,2967.69,58.87
EC-Earth3,g01,CZ,2000,3375.5,2865.56,88.87
EC-Earth3,g01,CZ,2001,3777.3,2660.86,68.04
EC-Earth3,g01,CZ,2002,3534.12,2775.16,88.36
EC-Earth3,g01,CZ,2003,3758.52,3072.02,148.88
EC-Earth3,g01,CZ,2004,3762.49,3005.06,69.1
EC-Earth3,g01,CZ,2005,3817.26,2947.13,63.12
EC-Earth3,g01,CZ,2006,3695.66,3202.54,120.89
EC-Earth3,g01,CZ,2007,3396.45,2355.14,103.99
EC-Earth3,g01,CZ,2008,3453.71,2814.45,81.96
EC-Earth3,g01,CZ,2009,3578.84,2866.45,71.44
EC-Earth3,g01,CZ,2010,4016.68,3000.83,106.74
EC-Earth3,g01,CZ,2011,3526.68,3025.46,67.09
EC-Earth3,g01,CZ,2012,3656.19,2869.51,103.26
EC-Earth3,g01,CZ,2013,3754.6,3024.16,114.6
EC-Earth3,g01,CZ,2014,3155.74,2516.17,81.21
EC-Earth3,g01,CZ,2015,3293.45,2522.67,180.82
EC-Earth3,g01,CZ,2016,3503.76,2566.18,81.38
EC-Earth3,g01,CZ,2017,3526.7,2887.88,119.12
EC-Earth3,g01,CZ,2018,3251.66,2800.74,161.36
EC-Earth3,g01,CZ,2019,3204.93,2572.12,149.98
EC-Earth3,g01,CZ,2020,3310.57,2454.14,83.24
EC-Earth3,g01,CZ,2021,3692.86,2755.29,86.04
EC-Earth3,g01,CZ,2022,3315.74,2649.92,128.12
EC-Earth3,g01,CZ,2023,3167.74,2521.85,122.71
EC-Earth3,g01,CZ,2024,3028.28,2341.12,141.02
EC-Earth3,g01,DE,1990,3127.26,2278.69,67.46
EC-Earth3,g01,DE,1991,3533.15,2557.46,67.37
EC-Earth3,g01,DE,1992,3263.54,2585.65,89.31
EC-Earth3,g01,DE,1993,3453.87,2631.44,39.94
EC-Earth3,g01,DE,1994,3103.13,2568.77,121.35
EC-Earth3,g01,DE,1995,3378.83,2403.06,102.64
EC-Earth3,g01,DE,1996,3922.67,2922.25,44.44
EC-Earth3,g01,DE,1997,3368.13,2652.51,68.25
EC-Earth3,g01,DE,1998,3267.26,2432.63,55.86
EC-Earth3,g01,DE,1999,3138.36,2595.21,61.89
EC-Earth3,g01,DE,2000,3004.18,2471.92,54.17
EC-Earth3,g01,DE,2001,3296.94,2370.67,75.97
EC-Earth3,g01,DE,2002,3106.54,2363.64,65.06
EC-Earth3,g01,DE,2003,3306.93,2629.76,151.15
EC-Earth3,g01,DE,2004,3335.04,2604.25,58.03
EC-Earth3,g01,DE,2005,3305.35,2591.16,62.98
EC-Earth3,g01,DE,2006,3189.98,2742,116.46
EC-Earth3,g01,DE,2007,3010.8,2030.95,53.05
EC-Earth3,g01,DE,2008,3196.68,2465.35,61.67
EC-Earth3,g01,DE,2009,3271.89,2680.86,62.63
EC-Earth3,g01,DE,2010,3755.47,2707.42,93.99
EC-Earth3,g01,DE,2011,3087.28,2706.61,48.5
EC-Earth3,g01,DE,2012,3315.34,2480.26,61.59
EC-Earth3,g01,DE,2013,3462.29,2744.23,87.41
EC-Earth3,g01,DE,2014,2836.64,2223.25,62.92
EC-Earth3,g01,DE,2015,3041.47,2325.74,124.07
EC-Earth3,g01,DE,2016,3208.44,2283.77,70.08
EC-Earth3,g01,DE,2017,3136.82,2530.43,73.11
EC-Earth3,g01,DE,2018,2983.86,2490.09,145.57
EC-Earth3,g01,DE,2019,2993.9,2285.26,135.49
EC-Earth3,g01,DE,2020,2897.17,2209.93,98.78
EC-Earth3,g01,DE,2021,3286.32,2393.15,62.99
EC-Earth3,g01,DE,2022,2893.49,2322.52,140.76
EC-Earth3,g01,DE,2023,2832.43,2190.18,98.85
EC-Earth3,g01,DE,2024,2768.02,2103.09,92.02
EC-Earth3,g01,DK,1990,2983.72,2195.89,11.01
EC-Earth3,g01,DK,1991,3404.36,2498.32,15.83
EC-Earth3,g01,DK,1992,3213.71,2372.28,22.83
EC-Earth3,g01,DK,1993,3544.7,2561.22,1.14
EC-Earth3,g01,DK,1994,3314.99,2689.47,50.15
EC-Earth3,g01,DK,1995,3493.73,2437.69,37.28
EC-Earth3,g01,DK,1996,3960.93,2981.56,14.81
EC-Earth3,g01,DK,1997,3471.28,2641.93,42.18
EC-Earth3,g01,DK,1998,3432.46,2463.17,2.02
EC-Earth3,g01,DK,1999,3269.55,2682.33,17.34
EC-Earth3,g01,DK,2000,3058.44,2420.71,6.47
EC-Earth3,g01,DK,2001,3422.15,2442.37,15.48
EC-Earth3,g01,DK,2002,3172.34,2326.65,29.62
EC-Earth3,g01,DK,2003,3322.63,2789.56,25.7
EC-Earth3,g01,DK,2004,3276.93,2559.64,13.97
EC-Earth3,g01,DK,2005,3228.52,2486.73,11.99
EC-Earth3,g01,DK,2006,3081.52,2625.59,40.34
EC-Earth3,g01,DK,2007,2953.4,1969.28,13.74
EC-Earth3,g01,DK,2008,3034.17,2325.65,20.93
EC-Earth3,g01,DK,2009,3199.53,2471.1,17.95
EC-Earth3,g01,DK,2010,3868.52,2781.22,22.02
EC-Earth3,g01,DK,2011,3260.42,2887.9,5.17
EC-Earth3,g01,DK,2012,3532.33,2407.74,10.87
EC-Earth3,g01,DK,2013,3499.03,2818.84,19.86
EC-Earth3,g01,DK,2014,2949.74,2231.91,41.19
EC-Earth3,g01,DK,2015,3194.1,2253.53,10.72
EC-Earth3,g01,DK,2016,3301.87,2357.53,16.96
EC-Earth3,g01,DK,2017,3259.17,2477.47,1.25
EC-Earth3,g01,DK,2018,3206.06,2557.84,69.85
EC-Earth3,g01,DK,2019,3123.29,2281.57,31.5
EC-Earth3,g01,DK,2020,2988.66,2211.64,37.23
EC-Earth3,g01,DK,2021,3392.19,2416.79,23.49
EC-Earth3,g01,DK,2022,3116.44,2306.47,36.28
EC-Earth3,g01,DK,2023,3163.74,2284.28,11.56
EC-Earth3,g01,DK,2024,3027.84,2416.69,12.03
EC-Earth3,g01,EE,1990,4086,3028.08,7.58
EC-Earth3,g01,EE,1991,4248.58,3228.69,18.48
EC-Earth3,g01,EE,1992,4237.63,2927.54,30.55
EC-Earth3,g01,EE,1993,4638.28,3269.64,3.7
EC-Earth3,g01,EE,1994,4648.87,3786.98,52.15
EC-Earth3,g01,EE,1995,4321.99,3155.51,23.17
EC-Earth3,g01,EE,1996,4896.34,3792.84,16.75
EC-Earth3,g01,EE,1997,4485.9,3189.68,53.64
EC-Earth3,g01,EE,1998,4554.14,3391.9,6.99
EC-Earth3,g01,EE,1999,4230.9,3541.59,50.38
EC-Earth3,g01,EE,2000,3990,3113.91,6.86
EC-Earth3,g01,EE,2001,4400.89,3074.48,40.4
EC-Earth3,g01,EE,2002,4387.04,3217.16,48.27
EC-Earth3,g01,EE,2003,4524.99,3891.75,44.49
EC-Earth3,g01,EE,2004,4379.04,3356.8,16.19
EC-Earth3,g01,EE,2005,4366.72,3387.55,22.77
EC-Earth3,g01,EE,2006,4214.19,3525.15,53.06
EC-Earth3,g01,EE,2007,4112.8,2954.76,32.02
EC-Earth3,g01,EE,2008,3920.74,2945.62,5.79
EC-Earth3,g01,EE,2009,4359.54,3114.79,10.84
EC-Earth3,g01,EE,2010,4903.74,3797.03,90.36
EC-Earth3,g01,EE,2011,4123.7,3752.32,57.3
EC-Earth3,g01,EE,2012,4620.06,3228.97,15.35
EC-Earth3,g01,EE,2013,4215.71,3608.39,34.49
EC-Earth3,g01,EE,2014,4188.46,2984.07,62.45
EC-Earth3,g01,EE,2015,3854.05,3001.92,16.37
EC-Earth3,g01,EE,2016,4239.33,3116.13,16.18
EC-Earth3,g01,EE,2017,4258.62,3220.93,5.47
EC-Earth3,g01,EE,2018,4140.41,3330.81,79.73
EC-Earth3,g01,EE,2019,3948.59,3102.07,35.9
EC-Earth3,g01,EE,2020,3618.32,2706.95,28.24
EC-Earth3,g01,EE,2021,4326.22,3091.78,88.32
EC-Earth3,g01,EE,2022,4145.13,3125.42,73.39
EC-Earth3,g01,EE,2023,4065.08,3098.42,34.38
EC-Earth3,g01,EE,2024,3789.01,3350.46,32.81
EC-Earth3,g01,EL,1990,1615.47,1485.94,321.13
EC-Earth3,g01,EL,1991,1942.08,1463.78,289.26
EC-Earth3,g01,EL,1992,1865.17,1717.23,292.43
EC-Earth3,g01,EL,1993,1806.33,1604.62,345.2
EC-Earth3,g01,EL,1994,1581.21,1337.36,365.32
EC-Earth3,g01,EL,1995,1728.78,1419.26,333.35
EC-Earth3,g01,EL,1996,1820.18,1654.75,327.56
EC-Earth3,g01,EL,1997,1823.81,1415.84,318.53
EC-Earth3,g01,EL,1998,1715.42,1524.04,454.11
EC-Earth3,g01,EL,1999,1582.35,1520.1,423.7
EC-Earth3,g01,EL,2000,1711.89,1537.25,423.97
EC-Earth3,g01,EL,2001,1635.23,1207.53,435.49
EC-Earth3,g01,EL,2002,1644.39,1572.02,379.53
EC-Earth3,g01,EL,2003,1814.55,1572.2,445.93
EC-Earth3,g01,EL,2004,1740.83,1519.37,327.91
EC-Earth3,g01,EL,2005,1804.39,1497.9,293.15
EC-Earth3,g01,EL,2006,1880.18,1629.5,331.27
EC-Earth3,g01,EL,2007,1675.08,1459.16,419.26
EC-Earth3,g01,EL,2008,1666.63,1535.84,374.16
EC-Earth3,g01,EL,2009,1600.02,1431.12,322.37
EC-Earth3,g01,EL,2010,1484.07,1296.62,375.33
EC-Earth3,g01,EL,2011,1887.08,1385.78,327.58
EC-Earth3,g01,EL,2012,1751.4,1771.73,455.73
EC-Earth3,g01,EL,2013,1564.37,1305.45,335.82
EC-Earth3,g01,EL,2014,1513.91,1316.58,316.83
EC-Earth3,g01,EL,2015,1732.98,1488.11,326.38
EC-Earth3,g01,EL,2016,1615.52,1319.13,372.38
EC-Earth3,g01,EL,2017,1739.35,1581.95,382.34
EC-Earth3,g01,EL,2018,1491.66,1359.59,322.61
EC-Earth3,g01,EL,2019,1587.11,1477.43,378.87
EC-Earth3,g01,EL,2020,1629.61,1318.94,319.84
EC-Earth3,g01,EL,2021,1653.43,1319.63,424.46
EC-Earth3,g01,EL,2022,1675.78,1581.35,370.4
EC-Earth3,g01,EL,2023,1477.71,1252.32,399.32
EC-Earth3,g01,EL,2024,1355.33,1133.19,523.64
EC-Earth3,g01,ES,1990,1639.67,1099.31,308.44
EC-Earth3,g01,ES,1991,1914.19,1505.88,321.29
EC-Earth3,g01,ES,1992,1820.86,1556.72,238.49
EC-Earth3,g01,ES,1993,1911.33,1436.1,255.12
EC-Earth3,g01,ES,1994,1609.37,1425.46,347.29
EC-Earth3,g01,ES,1995,1484.6,1226.86,281.79
EC-Earth3,g01,ES,1996,1703.02,1245.01,258.51
EC-Earth3,g01,ES,1997,1428.1,1235.37,224.95
EC-Earth3,g01,ES,1998,1636.91,1178.68,307.53
EC-Earth3,g01,ES,1999,1702.96,1440.74,299.81
EC-Earth3,g01,ES,2000,1658.28,1410.81,285.87
EC-Earth3,g01,ES,2001,1626.89,1229.09,308.24
EC-Earth3,g01,ES,2002,1541.36,1360.1,260.49
EC-Earth3,g01,ES,2003,1610.68,1276.14,413.93
EC-Earth3,g01,ES,2004,1734.89,1366.97,317.97
EC-Earth3,g01,ES,2005,1808.57,1509.55,339.69
EC-Earth3,g01,ES,2006,1551.38,1467.87,331.7
EC-Earth3,g01,ES,2007,1662.99,1222.15,258.27
EC-Earth3,g01,ES,2008,1708.51,1332.61,283.51
EC-Earth3,g01,ES,2009,1624.17,1491.36,353.83
EC-Earth3,g01,ES,2010,1822.04,1368.1,322.91
EC-Earth3,g01,ES,2011,1500.06,1425.94,293.05
EC-Earth3,g01,ES,2012,1731.79,1361.04,354.24
EC-Earth3,g01,ES,2013,1755.07,1366.16,303.3
EC-Earth3,g01,ES,2014,1463.46,1307.05,272.19
EC-Earth3,g01,ES,2015,1511.37,1317.29,384.27
EC-Earth3,g01,ES,2016,1563.69,1180,351.15
EC-Earth3,g01,ES,2017,1553.1,1261.28,378.57
EC-Earth3,g01,ES,2018,1641.43,1397.21,326.36
EC-Earth3,g01,ES,2019,1541.04,1257.92,344.13
EC-Earth3,g01,ES,2020,1457.13,1183.13,350.12
EC-Earth3,g01,ES,2021,1554.35,1277.89,326.7
EC-Earth3,g01,ES,2022,1376.2,1267.91,448.3
EC-Earth3,g01,ES,2023,1403.34,1125.62,406.04
EC-Earth3,g01,ES,2024,1335.69,1077.85,383.26
EC-Earth3,g01,FI,1990,4629.48,3472.48,7.83
EC-Earth3,g01,FI,1991,4814.3,3658.34,17.41
EC-Earth3,g01,FI,1992,4786.24,3246.43,19.45
EC-Earth3,g01,FI,1993,5063.23,3594.6,2.41
EC-Earth3,g01,FI,1994,5166.21,4094.54,42.76
EC-Earth3,g01,FI,1995,4867.02,3385.09,24
EC-Earth3,g01,FI,1996,5267.27,4083.68,11.71
EC-Earth3,g01,FI,1997,4958.18,3562.28,49.61
EC-Earth3,g01,FI,1998,5106.87,3780.27,3.89
EC-Earth3,g01,FI,1999,4852.12,3867.95,41.83
EC-Earth3,g01,FI,2000,4432.56,3457.05,8.56
EC-Earth3,g01,FI,2001,4954.18,3404.99,24.52
EC-Earth3,g01,FI,2002,4954.1,3591.61,37.65
EC-Earth3,g01,FI,2003,4984.31,4251.24,46.93
EC-Earth3,g01,FI,2004,4829.71,3656.79,9.98
EC-Earth3,g01,FI,2005,4664.24,3616.5,24.7
EC-Earth3,g01,FI,2006,4697.77,3777.74,45.46
EC-Earth3,g01,FI,2007,4581.38,3366.9,24.35
EC-Earth3,g01,FI,2008,4407.66,3206.54,8.46
EC-Earth3,g01,FI,2009,4861.81,3416.2,15.43
EC-Earth3,g01,FI,2010,5428.92,4115.69,69.68
EC-Earth3,g01,FI,2011,4510.29,4171.42,51.94
EC-Earth3,g01,FI,2012,5002.65,3399.56,7.55
EC-Earth3,g01,FI,2013,4547.19,3817.42,26.72
EC-Earth3,g01,FI,2014,4478.92,3228.33,62.62
EC-Earth3,g01,FI,2015,4220.63,3228.06,8.23
EC-Earth3,g01,FI,2016,4661.11,3382.29,10.17
EC-Earth3,g01,FI,2017,4653.28,3460.17,2.81
EC-Earth3,g01,FI,2018,4600.57,3624.1,73.69
EC-Earth3,g01,FI,2019,4545.91,3422.63,32.52
EC-Earth3,g01,FI,2020,4012.82,3093.27,32.36
EC-Earth3,g01,FI,2021,4840,3373.94,74.81
EC-Earth3,g01,FI,2022,4565.63,3491.03,51.13
EC-Earth3,g01,FI,2023,4652.61,3382.09,30.54
EC-Earth3,g01,FI,2024,4436.27,3872.24,30.36
EC-Earth3,g01,FR,1990,2498.58,1813.18,129.26
EC-Earth3,g01,FR,1991,2873.66,2099.15,108.26
EC-Earth3,g01,FR,1992,2709.23,2199.32,94.55
EC-Earth3,g01,FR,1993,2775.21,2068.52,73.22
EC-Earth3,g01,FR,1994,2425.98,2032.32,136.85
EC-Earth3,g01,FR,1995,2581.16,1838.83,134.9
EC-Earth3,g01,FR,1996,2916.97,2092.87,87.94
EC-Earth3,g01,FR,1997,2522.79,2063.41,102.01
EC-Earth3,g01,FR,1998,2674.28,1923.14,97.85
EC-Earth3,g01,FR,1999,2512.81,2079.5,94.47
EC-Earth3,g01,FR,2000,2465.79,2042.89,86.06
EC-Earth3,g01,FR,2001,2607.97,1835.4,111.51
EC-Earth3,g01,FR,2002,2395.17,1926.46,81.88
EC-Earth3,g01,FR,2003,2561.26,1943.12,230.7
EC-Earth3,g01,FR,2004,2667.93,2085.16,100.58
EC-Earth3,g01,FR,2005,2675.38,2113.75,121.77
EC-Earth3,g01,FR,2006,2506.09,2175.47,149.9
EC-Earth3,g01,FR,2007,2465.95,1712.84,61.53
EC-Earth3,g01,FR,2008,2628.52,2034.13,80.17
EC-Earth3,g01,FR,2009,2575.31,2206.24,123.41
EC-Earth3,g01,FR,2010,2941.6,2121.36,111.6
EC-Earth3,g01,FR,2011,2296.63,2114.83,77.81
EC-Earth3,g01,FR,2012,2618.56,1912.27,105.59
EC-Earth3,g01,FR,2013,2772.44,2118.2,119.49
EC-Earth3,g01,FR,2014,2235.2,1804.17,76.43
EC-Earth3,g01,FR,2015,2392.83,1891.73,163.12
EC-Earth3,g01,FR,2016,2560.92,1795.72,119.31
EC-Earth3,g01,FR,2017,2484.06,2001.02,147.61
EC-Earth3,g01,FR,2018,2360.91,2001.84,168.69
EC-Earth3,g01,FR,2019,2400.9,1849.5,181.48
EC-Earth3,g01,FR,2020,2224.48,1749.36,149.1
EC-Earth3,g01,FR,2021,2568.51,1883.96,92.23
EC-Earth3,g01,FR,2022,2205.35,1919.75,222.6
EC-Earth3,g01,FR,2023,2202.8,1735.67,154.51
EC-Earth3,g01,FR,2024,2252.99,1675.87,134.09
EC-Earth3,g01,HR,1990,2605.25,2111.17,141.94
EC-Earth3,g01,HR,1991,3004.46,2297.16,149.55
EC-Earth3,g01,HR,1992,2609.9,2380.02,201.3
EC-Earth3,g01,HR,1993,2821.65,2329.72,182.02
EC-Earth3,g01,HR,1994,2448.26,2121.83,225.54
EC-Earth3,g01,HR,1995,2762.78,2192.95,134.94
EC-Earth3,g01,HR,1996,3021.93,2534.63,121.33
EC-Earth3,g01,HR,1997,2798.99,2239.95,120.48
EC-Earth3,g01,HR,1998,2747.63,2183.24,209
EC-Earth3,g01,HR,1999,2661.51,2421.21,143.22
EC-Earth3,g01,HR,2000,2400.07,2338.97,234.14
EC-Earth3,g01,HR,2001,2636.66,1811.63,185.36
EC-Earth3,g01,HR,2002,2442.04,2231.98,163.25
EC-Earth3,g01,HR,2003,2818.64,2324.55,317.4
EC-Earth3,g01,HR,2004,2795.4,2365.24,150.86
EC-Earth3,g01,HR,2005,2967.62,2380.77,130.03
EC-Earth3,g01,HR,2006,2705.87,2456.81,190.35
EC-Earth3,g01,HR,2007,2492.13,1806.17,229.54
EC-Earth3,g01,HR,2008,2511.53,2296.54,197.62
EC-Earth3,g01,HR,2009,2567.1,2213.34,193.21
EC-Earth3,g01,HR,2010,2822.58,2277.33,190.79
EC-Earth3,g01,HR,2011,2666.49,2302.88,208.72
EC-Earth3,g01,HR,2012,2634.55,2371.54,304.05
EC-Earth3,g01,HR,2013,2629.24,2232.78,228.51
EC-Earth3,g01,HR,2014,2201,1856.7,132.03
EC-Earth3,g01,HR,2015,2496.85,2003.65,262.57
EC-Earth3,g01,HR,2016,2559.75,2040.58,177.73
EC-Earth3,g01,HR,2017,2608.39,2306.61,291.39
EC-Earth3,g01,HR,2018,2400.71,2216.98,212.16
EC-Earth3,g01,HR,2019,2346.72,2018.7,256.54
EC-Earth3,g01,HR,2020,2454.35,1892.99,186.53
EC-Earth3,g01,HR,2021,2666.83,2088.26,269.39
EC-Earth3,g01,HR,2022,2310.16,2162.91,288.85
EC-Earth3,g01,HR,2023,2164.27,1833.11,226
EC-Earth3,g01,HR,2024,2084.02,1640.95,343.55
EC-Earth3,g01,HU,1990,2929.72,2377.68,137.16
EC-Earth3,g01,HU,1991,3343.12,2646.02,131.51
EC-Earth3,g01,HU,1992,3032.4,2676.17,233.55
EC-Earth3,g01,HU,1993,3242.04,2776.34,153.84
EC-Earth3,g01,HU,1994,2857.11,2443.13,219.52
EC-Earth3,g01,HU,1995,3142.71,2534.46,163.23
EC-Earth3,g01,HU,1996,3379.63,2966.67,116.11
EC-Earth3,g01,HU,1997,3201.01,2599.3,118.78
EC-Earth3,g01,HU,1998,3074.39,2443.59,179.71
EC-Earth3,g01,HU,1999,3028.91,2754.6,114.57
EC-Earth3,g01,HU,2000,2781.48,2672.58,205.19
EC-Earth3,g01,HU,2001,3074.87,2222.23,155.05
EC-Earth3,g01,HU,2002,2948.45,2598.24,183.54
EC-Earth3,g01,HU,2003,3386.9,2903.44,251.34
EC-Earth3,g01,HU,2004,3241.74,2773.63,123.59
EC-Earth3,g01,HU,2005,3365.17,2754.54,107.22
EC-Earth3,g01,HU,2006,3167.76,2877.99,165.67
EC-Earth3,g01,HU,2007,2860.12,2155.07,241.59
EC-Earth3,g01,HU,2008,2877.94,2613.24,163.32
EC-Earth3,g01,HU,2009,2994.54,2545.46,174.94
EC-Earth3,g01,HU,2010,3273.01,2623.98,164.39
EC-Earth3,g01,HU,2011,3149.77,2737.04,170.9
EC-Earth3,g01,HU,2012,3079.15,2743.27,263.17
EC-Earth3,g01,HU,2013,3034.34,2629.72,222.19
EC-Earth3,g01,HU,2014,2620.89,2206.69,139.96
EC-Earth3,g01,HU,2015,2881.66,2335.15,259.13
EC-Earth3,g01,HU,2016,3018.78,2411.37,160.73
EC-Earth3,g01,HU,2017,3059.58,2744.99,244.14
EC-Earth3,g01,HU,2018,2783.7,2551.83,215.49
EC-Earth3,g01,HU,2019,2683.38,2345.73,239.92
EC-Earth3,g01,HU,2020,2832.43,2253.2,170.21
EC-Earth3,g01,HU,2021,3118.67,2419.65,247.31
EC-Earth3,g01,HU,2022,2810.71,2501.04,286.7
EC-Earth3,g01,HU,2023,2626.13,2212.34,208.32
EC-Earth3,g01,HU,2024,2522.23,2059.38,320.94
EC-Earth3,g01,IE,1990,2861.92,1907.71,5.04
EC-Earth3,g01,IE,1991,3043.69,2129.36,1.79
EC-Earth3,g01,IE,1992,3056.81,2013.95,0.15
EC-Earth3,g01,IE,1993,3103.26,2081.92,0.03
EC-Earth3,g01,IE,1994,2997.76,2162.07,0
EC-Earth3,g01,IE,1995,2856.14,1946.21,21.28
EC-Earth3,g01,IE,1996,3152.09,2061.85,1.3
EC-Earth3,g01,IE,1997,2729.79,2031.25,0.96
EC-Earth3,g01,IE,1998,2786.77,1804.05,0.36
EC-Earth3,g01,IE,1999,2807.51,1945.45,2.36
EC-Earth3,g01,IE,2000,2983.27,1987.78,0.87
EC-Earth3,g01,IE,2001,2976.86,2188.64,1.5
EC-Earth3,g01,IE,2002,2800.29,1839.78,0.05
EC-Earth3,g01,IE,2003,2813.04,1966.18,5.57
EC-Earth3,g01,IE,2004,2849.03,2026.88,0.72
EC-Earth3,g01,IE,2005,2779.33,1935.54,3.34
EC-Earth3,g01,IE,2006,2775.33,2016.64,8.11
EC-Earth3,g01,IE,2007,2701.38,1884.16,0.34
EC-Earth3,g01,IE,2008,2987.7,1890.78,0.04
EC-Earth3,g01,IE,2009,2977.6,2136.64,0.94
EC-Earth3,g01,IE,2010,3346.59,2273.46,0.02
EC-Earth3,g01,IE,2011,2808.99,2243.64,0.01
EC-Earth3,g01,IE,2012,2968.62,1729.62,0.1
EC-Earth3,g01,IE,2013,3014.87,2215.51,9.78
EC-Earth3,g01,IE,2014,2799.03,1959.39,2.48
EC-Earth3,g01,IE,2015,2994.06,2070.85,0.3
EC-Earth3,g01,IE,2016,2911.98,1913.58,1.91
EC-Earth3,g01,IE,2017,2795.22,1944.17,2.07
EC-Earth3,g01,IE,2018,2912.43,2127.01,12.92
EC-Earth3,g01,IE,2019,2857.17,1860.45,0.64
EC-Earth3,g01,IE,2020,2891.04,2063.83,0.7
EC-Earth3,g01,IE,2021,2825.78,2055.38,11.48
EC-Earth3,g01,IE,2022,2703.08,1839.05,12.83
EC-Earth3,g01,IE,2023,2585.12,1886.29,1.46
EC-Earth3,g01,IE,2024,2737.89,1884.77,0.26
EC-Earth3,g01,IT,1990,2038.27,1703.51,213.19
EC-Earth3,g01,IT,1991,2360.48,1810.19,238.26
EC-Earth3,g01,IT,1992,2136.76,1948.72,213.05
EC-Earth3,g01,IT,1993,2224.6,1844.3,233.48
EC-Earth3,g01,IT,1994,1960.57,1692.71,291.75
EC-Earth3,g01,IT,1995,2210.18,1745.23,201
EC-Earth3,g01,IT,1996,2207.25,1845.6,194.25
EC-Earth3,g01,IT,1997,2035.28,1661.45,210
EC-Earth3,g01,IT,1998,2134.95,1703.16,300.77
EC-Earth3,g01,IT,1999,2075.83,1896.19,241.01
EC-Earth3,g01,IT,2000,1934.11,1803.76,262.36
EC-Earth3,g01,IT,2001,1993.83,1506.91,258.76
EC-Earth3,g01,IT,2002,1870.68,1710.31,231.41
EC-Earth3,g01,IT,2003,2018.22,1669.77,421.54
EC-Earth3,g01,IT,2004,2040.5,1759.46,237.46
EC-Earth3,g01,IT,2005,2194.22,1742.6,232.56
EC-Earth3,g01,IT,2006,2001.16,1867.41,268.31
EC-Earth3,g01,IT,2007,1871.71,1434.16,267.08
EC-Earth3,g01,IT,2008,1970.6,1727.32,255.3
EC-Earth3,g01,IT,2009,2023.36,1736.81,274
EC-Earth3,g01,IT,2010,2174.46,1794.36,241.94
EC-Earth3,g01,IT,2011,1970.96,1791,236.64
EC-Earth3,g01,IT,2012,2073.84,1780.26,335.59
EC-Earth3,g01,IT,2013,2052.1,1772.25,259.28
EC-Earth3,g01,IT,2014,1728.66,1504.05,184.5
EC-Earth3,g01,IT,2015,1939.89,1551.42,327.53
EC-Earth3,g01,IT,2016,1963.11,1613.89,235.92
EC-Earth3,g01,IT,2017,2069.82,1714.65,345.51
EC-Earth3,g01,IT,2018,1908.23,1805.5,263.13
EC-Earth3,g01,IT,2019,1934.98,1646.61,330.2
EC-Earth3,g01,IT,2020,1921.76,1522.41,251.34
EC-Earth3,g01,IT,2021,2075.18,1691.68,301.93
EC-Earth3,g01,IT,2022,1909.96,1750.57,361.01
EC-Earth3,g01,IT,2023,1827.48,1513.45,291.7
EC-Earth3,g01,IT,2024,1782.85,1421.27,338.02
EC-Earth3,g01,LI,1990,4218.21,2708.69,8.27
EC-Earth3,g01,LI,1991,4553.94,3095.74,8.27
EC-Earth3,g01,LI,1992,4268.71,3213.07,22.13
EC-Earth3,g01,LI,1993,4425.86,3099.84,6.35
EC-Earth3,g01,LI,1994,3979.75,3019.77,15.68
EC-Earth3,g01,LI,1995,4411.75,2957.37,10.29
EC-Earth3,g01,LI,1996,4630.38,3112.41,2.83
EC-Earth3,g01,LI,1997,4141.29,2956.27,2.4
EC-Earth3,g01,LI,1998,4321.21,2910.2,18
EC-Earth3,g01,LI,1999,4317.66,3224.8,6.47
EC-Earth3,g01,LI,2000,4065.77,3168.63,10.92
EC-Earth3,g01,LI,2001,4371.46,2799.27,10.61
EC-Earth3,g01,LI,2002,4065.59,2976.5,12.03
EC-Earth3,g01,LI,2003,4143.98,3070.31,58.26
EC-Earth3,g01,LI,2004,4406.38,3139.93,5.26
EC-Earth3,g01,LI,2005,4550.7,3226.16,16.99
EC-Earth3,g01,LI,2006,4182.85,3371.11,26.84
EC-Earth3,g01,LI,2007,4119.61,2636.39,13.75
EC-Earth3,g01,LI,2008,4202.58,3092.57,9.75
EC-Earth3,g01,LI,2009,4220.18,3235.62,12.3
EC-Earth3,g01,LI,2010,4654.5,3223.04,19.08
EC-Earth3,g01,LI,2011,3906.26,3067.24,19.83
EC-Earth3,g01,LI,2012,4277.81,3074.37,21.87
EC-Earth3,g01,LI,2013,4437.23,3183.86,27.39
EC-Earth3,g01,LI,2014,3821.02,2783.56,12.46
EC-Earth3,g01,LI,2015,3981.58,2829.93,52.09
EC-Earth3,g01,LI,2016,4098.61,2812.84,14.93
EC-Earth3,g01,LI,2017,4167.55,2934.13,31.61
EC-Earth3,g01,LI,2018,3802.34,3122.44,24.72
EC-Earth3,g01,LI,2019,4020.28,2885.06,37.99
EC-Earth3,g01,LI,2020,3924.37,2737.78,15.5
EC-Earth3,g01,LI,2021,4331.59,2987.53,14.99
EC-Earth3,g01,LI,2022,3799.65,2993.37,29.13
EC-Earth3,g01,LI,2023,3819.28,2724.19,41.9
EC-Earth3,g01,LI,2024,3765.31,2630.29,24.33
EC-Earth3,g01,LT,1990,3686.1,2805.65,12
EC-Earth3,g01,LT,1991,4046.76,3089.59,41.31
EC-Earth3,g01,LT,1992,4014.62,2966.77,77.34
EC-Earth3,g01,LT,1993,4327.02,3229.51,6.87
EC-Earth3,g01,LT,1994,4208.76,3437.03,92.43
EC-Earth3,g01,LT,1995,4163.34,3116.94,50.69
EC-Earth3,g01,LT,1996,4704.51,3838.8,36.25
EC-Earth3,g01,LT,1997,4272.06,3212.62,59.14
EC-Earth3,g01,LT,1998,4202.35,3151.92,23.97
EC-Earth3,g01,LT,1999,3945.28,3434.25,85.79
EC-Earth3,g01,LT,2000,3679.37,3052.54,13.24
EC-Earth3,g01,LT,2001,4086.78,2902.28,59.52
EC-Earth3,g01,LT,2002,3965.17,3033.06,106.65
EC-Earth3,g01,LT,2003,4183.89,3628.68,53.2
EC-Earth3,g01,LT,2004,4155.39,3271.17,24.24
EC-Earth3,g01,LT,2005,4140.16,3226.16,40.86
EC-Earth3,g01,LT,2006,4000.47,3496.44,84.91
EC-Earth3,g01,LT,2007,3816.21,2716.69,52.79
EC-Earth3,g01,LT,2008,3677.25,2915.36,31.14
EC-Earth3,g01,LT,2009,4058.57,3077.47,26.37
EC-Earth3,g01,LT,2010,4483.07,3549.8,113.53
EC-Earth3,g01,LT,2011,3923.72,3565.77,58.48
EC-Earth3,g01,LT,2012,4233.04,3219.03,48.7
EC-Earth3,g01,LT,2013,4058.29,3470.36,63.82
EC-Earth3,g01,LT,2014,3871.54,2851.01,83.91
EC-Earth3,g01,LT,2015,3685.03,2921.43,73.55
EC-Earth3,g01,LT,2016,3982.54,3026.62,55.65
EC-Earth3,g01,LT,2017,3928.73,3145.16,27.38
EC-Earth3,g01,LT,2018,3867.7,3206.76,111.68
EC-Earth3,g01,LT,2019,3589.91,2989.26,91.8
EC-Earth3,g01,LT,2020,3434.35,2540.94,74.08
EC-Earth3,g01,LT,2021,4149.38,3032.46,117.2
EC-Earth3,g01,LT,2022,3891.91,2968.75,100.59
EC-Earth3,g01,LT,2023,3630.99,2905.52,71.51
EC-Earth3,g01,LT,2024,3416.27,2922.25,95.11
EC-Earth3,g01,LU,1990,3161.97,2262.38,76.01
EC-Earth3,g01,LU,1991,3496.57,2515.37,69.3
EC-Earth3,g01,LU,1992,3249.44,2557.86,66
EC-Earth3,g01,LU,1993,3376.77,2547.44,40.57
EC-Earth3,g01,LU,1994,3038.13,2498.49,116.31
EC-Earth3,g01,LU,1995,3215.8,2280.48,110.7
EC-Earth3,g01,LU,1996,3767.99,2689.39,45.28
EC-Earth3,g01,LU,1997,3238.74,2586.48,69.95
EC-Earth3,g01,LU,1998,3311.62,2376.71,55.78
EC-Earth3,g01,LU,1999,3129.25,2557.59,56.86
EC-Earth3,g01,LU,2000,2967.65,2470.27,47.52
EC-Earth3,g01,LU,2001,3120.57,2212.16,87.42
EC-Earth3,g01,LU,2002,2885.16,2265.82,66.64
EC-Earth3,g01,LU,2003,3115.48,2349.83,253.81
EC-Earth3,g01,LU,2004,3208.68,2500.27,96.76
EC-Earth3,g01,LU,2005,3131.8,2498.58,93.55
EC-Earth3,g01,LU,2006,3028.99,2526.78,129.77
EC-Earth3,g01,LU,2007,2876.93,1998.86,51.89
EC-Earth3,g01,LU,2008,3101.93,2367.64,62.14
EC-Earth3,g01,LU,2009,3092.26,2589.37,83.74
EC-Earth3,g01,LU,2010,3538.47,2518.93,99.53
EC-Earth3,g01,LU,2011,2857.58,2504.56,50.43
EC-Earth3,g01,LU,2012,3292.64,2339.75,50.5
EC-Earth3,g01,LU,2013,3492.41,2654.53,86.34
EC-Earth3,g01,LU,2014,2870.28,2218.96,57.33
EC-Earth3,g01,LU,2015,3103.17,2357.31,137.12
EC-Earth3,g01,LU,2016,3303.78,2270.35,67.01
EC-Earth3,g01,LU,2017,3224.46,2529.51,83.44
EC-Earth3,g01,LU,2018,3089.1,2496.8,136.41
EC-Earth3,g01,LU,2019,3163.03,2346.83,128.24
EC-Earth3,g01,LU,2020,2962.05,2259.84,106
EC-Earth3,g01,LU,2021,3342.48,2359.43,48.04
EC-Earth3,g01,LU,2022,3010.56,2377.4,133.71
EC-Earth3,g01,LU,2023,2981.7,2229.83,75.9
EC-Earth3,g01,LU,2024,2889.16,2161.87,77.32
EC-Earth3,g01,LV,1990,3687.4,2805.39,10.75
EC-Earth3,g01,LV,1991,3993.21,3038.05,29.99
EC-Earth3,g01,LV,1992,3990.54,2848.02,57.17
EC-Earth3,g01,LV,1993,4350.65,3180.36,6.34
EC-Earth3,g01,LV,1994,4309.09,3543.37,68.51
EC-Earth3,g01,LV,1995,4129.03,3074.96,35.71
EC-Earth3,g01,LV,1996,4691.47,3776.91,28.34
EC-Earth3,g01,LV,1997,4253.8,3130.52,72.16
EC-Earth3,g01,LV,1998,4232.35,3176.85,18.36
EC-Earth3,g01,LV,1999,3946.86,3443.45,70.7
EC-Earth3,g01,LV,2000,3688.82,3008.77,11.38
EC-Earth3,g01,LV,2001,4119.75,2901.21,55.76
EC-Earth3,g01,LV,2002,4091.13,3058.84,88.67
EC-Earth3,g01,LV,2003,4216.43,3666.47,59.13
EC-Earth3,g01,LV,2004,4188.85,3238.92,23.4
EC-Earth3,g01,LV,2005,4216.86,3283.73,36.64
EC-Earth3,g01,LV,2006,3999.33,3479.69,77.01
EC-Earth3,g01,LV,2007,3937.04,2762.14,42.97
EC-Earth3,g01,LV,2008,3682.75,2884.58,22.45
EC-Earth3,g01,LV,2009,4070.69,3034.79,25.07
EC-Earth3,g01,LV,2010,4490.16,3569.4,116.27
EC-Earth3,g01,LV,2011,3823.39,3522.97,70.44
EC-Earth3,g01,LV,2012,4176.96,3110.43,35.15
EC-Earth3,g01,LV,2013,3997.52,3435.48,55.84
EC-Earth3,g01,LV,2014,3862.95,2824.79,79.57
EC-Earth3,g01,LV,2015,3624.85,2882.68,41.78
EC-Earth3,g01,LV,2016,3930.92,2981.73,42.59
EC-Earth3,g01,LV,2017,3923.58,3095.93,17.63
EC-Earth3,g01,LV,2018,3825.72,3175.45,100.03
EC-Earth3,g01,LV,2019,3557.98,2931.43,61.82
EC-Earth3,g01,LV,2020,3332.46,2502.32,53.74
EC-Earth3,g01,LV,2021,4054.37,2940.91,110.17
EC-Earth3,g01,LV,2022,3860.01,2951,91.75
EC-Earth3,g01,LV,2023,3651.44,2929.28,50.4
EC-Earth3,g01,LV,2024,3422.61,3013.61,61.03
EC-Earth3,g01,MT,1990,1002.42,808.38,374.74
EC-Earth3,g01,MT,1991,1231.79,958.52,367.99
EC-Earth3,g01,MT,1992,1156.24,1186.62,299.46
EC-Earth3,g01,MT,1993,1197.6,1040.15,387.83
EC-Earth3,g01,MT,1994,972.24,880.55,441.66
EC-Earth3,g01,MT,1995,1125.61,926.28,385.86
EC-Earth3,g01,MT,1996,1127.5,982.89,386.66
EC-Earth3,g01,MT,1997,1074.99,937.68,436.34
EC-Earth3,g01,MT,1998,1157.08,959.77,524.08
EC-Earth3,g01,MT,1999,981.63,1076.61,430.11
EC-Earth3,g01,MT,2000,938.65,878.79,413.07
EC-Earth3,g01,MT,2001,943.05,672.94,326.13
EC-Earth3,g01,MT,2002,890.27,866,366.03
EC-Earth3,g01,MT,2003,1022.52,929.58,502.78
EC-Earth3,g01,MT,2004,1053.23,870.54,302.27
EC-Earth3,g01,MT,2005,1229.2,977.87,267.6
EC-Earth3,g01,MT,2006,988.6,991.9,321.08
EC-Earth3,g01,MT,2007,969.52,680.89,320.02
EC-Earth3,g01,MT,2008,967.02,931.09,255.26
EC-Earth3,g01,MT,2009,1046.19,886.66,340.35
EC-Earth3,g01,MT,2010,920.05,818.15,286.95
EC-Earth3,g01,MT,2011,1074,917.97,263.64
EC-Earth3,g01,MT,2012,1089.01,988.63,397.67
EC-Earth3,g01,MT,2013,947.56,856.09,308.82
EC-Earth3,g01,MT,2014,,757.93,286.49
EC-Earth3,g01,MT,2015,941.78,,393.62
EC-Earth3,g01,MT,2016,,,277.38
EC-Earth3,g01,MT,2017,1033.86,892.95,410.7
EC-Earth3,g01,MT,2018,893.35,858.1,273.12
EC-Earth3,g01,MT,2019,1140.66,965.7,386.05
EC-Earth3,g01,MT,2020,945.79,862.99,311.47
EC-Earth3,g01,MT,2021,1006.62,802.08,456.86
EC-Earth3,g01,MT,2022,1067.46,978.96,335.4
EC-Earth3,g01,MT,2023,1077.18,837.57,244.39
EC-Earth3,g01,MT,2024,1131.93,873,330.95
EC-Earth3,g01,NL,1990,2770.22,1946.63,47.5
EC-Earth3,g01,NL,1991,3234.9,2271.21,41.41
EC-Earth3,g01,NL,1992,2914.86,2264.34,38.16
EC-Earth3,g01,NL,1993,3125.94,2289.26,13.75
EC-Earth3,g01,NL,1994,2855.03,2347.36,78.35
EC-Earth3,g01,NL,1995,2977.7,2055.62,89.29
EC-Earth3,g01,NL,1996,3571.24,2628.35,34.45
EC-Earth3,g01,NL,1997,3009.08,2380.51,58.32
EC-Earth3,g01,NL,1998,2884.48,2088.83,21.72
EC-Earth3,g01,NL,1999,2749.89,2254.91,44.54
EC-Earth3,g01,NL,2000,2725.56,2113.45,24.22
EC-Earth3,g01,NL,2001,2913.6,2177.32,49.51
EC-Earth3,g01,NL,2002,2770.18,1976.41,39.66
EC-Earth3,g01,NL,2003,2985.23,2310.8,80.13
EC-Earth3,g01,NL,2004,2920.01,2270.07,40.42
EC-Earth3,g01,NL,2005,2830.57,2216.64,40.68
EC-Earth3,g01,NL,2006,2757.54,2300.72,94.61
EC-Earth3,g01,NL,2007,2606.06,1741.1,19.82
EC-Earth3,g01,NL,2008,2866.33,2138.43,30.66
EC-Earth3,g01,NL,2009,2890.78,2392.12,45.53
EC-Earth3,g01,NL,2010,3421.59,2385.5,57.51
EC-Earth3,g01,NL,2011,2708.15,2411.69,18.78
EC-Earth3,g01,NL,2012,2966.18,2126.87,36.94
EC-Earth3,g01,NL,2013,3158.22,2434.54,51.44
EC-Earth3,g01,NL,2014,2462.94,1909.68,39.93
EC-Earth3,g01,NL,2015,2737.17,2066.14,56.69
EC-Earth3,g01,NL,2016,2856.05,1957.58,38.9
EC-Earth3,g01,NL,2017,2735.12,2214.52,39.36
EC-Earth3,g01,NL,2018,2719.71,2178.24,97.8
EC-Earth3,g01,NL,2019,2694.15,2003.75,88.48
EC-Earth3,g01,NL,2020,2540.86,1963.42,82.22
EC-Earth3,g01,NL,2021,2888.42,2078.51,29.39
EC-Earth3,g01,NL,2022,2556.46,1958.41,85.45
EC-Earth3,g01,NL,2023,2489.3,1932.67,62.19
EC-Earth3,g01,NL,2024,2454.39,1827.38,49.8
EC-Earth3,g01,NO,1990,4194.63,2900.61,4.95
EC-Earth3,g01,NO,1991,4557.89,3221.91,12.37
EC-Earth3,g01,NO,1992,4463.52,2968.75,10.71
EC-Earth3,g01,NO,1993,4773.9,3204.46,0.62
EC-Earth3,g01,NO,1994,4763.89,3614.91,24.32
EC-Earth3,g01,NO,1995,4730.88,3141.96,13.67
EC-Earth3,g01,NO,1996,5025,3568.32,5.48
EC-Earth3,g01,NO,1997,4475.01,3282.3,25.41
EC-Earth3,g01,NO,1998,4613.54,3164.89,0.28
EC-Earth3,g01,NO,1999,4456.09,3306.25,8
EC-Earth3,g01,NO,2000,4230.54,3081.65,1.02
EC-Earth3,g01,NO,2001,4724.26,3163.61,7.4
EC-Earth3,g01,NO,2002,4472.23,3093.27,19.4
EC-Earth3,g01,NO,2003,4437.89,3525.28,16.2
EC-Earth3,g01,NO,2004,4429.81,3232.88,13.75
EC-Earth3,g01,NO,2005,4332.32,3089.56,11.32
EC-Earth3,g01,NO,2006,4219.07,3242.42,19.38
EC-Earth3,g01,NO,2007,4358.42,2861.81,12.61
EC-Earth3,g01,NO,2008,4308.54,3039.74,26.75
EC-Earth3,g01,NO,2009,4524.1,3240.34,19.74
EC-Earth3,g01,NO,2010,5286,3656.83,1.54
EC-Earth3,g01,NO,2011,4283.43,3718.36,5.21
EC-Earth3,g01,NO,2012,4701.45,2956.88,0.83
EC-Earth3,g01,NO,2013,4624.77,3587.23,6.43
EC-Earth3,g01,NO,2014,4081.6,2914.86,28.96
EC-Earth3,g01,NO,2015,4267.76,2929.73,4.22
EC-Earth3,g01,NO,2016,4450.31,3114.23,6.61
EC-Earth3,g01,NO,2017,4484.71,3101.53,2.37
EC-Earth3,g01,NO,2018,4560.21,3447.18,47
EC-Earth3,g01,NO,2019,4482.05,3114.55,17.65
EC-Earth3,g01,NO,2020,4064.45,3007.17,23.66
EC-Earth3,g01,NO,2021,4572.15,3119.36,16.49
EC-Earth3,g01,NO,2022,4324.91,3057.6,11.1
EC-Earth3,g01,NO,2023,4583.16,3140.12,13.29
EC-Earth3,g01,NO,2024,4276.14,3482.65,6.05
EC-Earth3,g01,PL,1990,3421.99,2515.58,46.58
EC-Earth3,g01,PL,1991,3893.74,2880.07,51.96
EC-Earth3,g01,PL,1992,3707.74,2894.42,130.3
EC-Earth3,g01,PL,1993,3907.43,3025.39,38.91
EC-Earth3,g01,PL,1994,3595.21,2908.78,128.11
EC-Earth3,g01,PL,1995,3849.27,2808.78,88.64
EC-Earth3,g01,PL,1996,4384.17,3533.59,43.89
EC-Earth3,g01,PL,1997,3933.84,3029.78,45.23
EC-Earth3,g01,PL,1998,3764.45,2839.65,51.68
EC-Earth3,g01,PL,1999,3578.43,3053.33,63.49
EC-Earth3,g01,PL,2000,3357.35,2863.93,57.5
EC-Earth3,g01,PL,2001,3784.67,2657.88,62.99
EC-Earth3,g01,PL,2002,3571.61,2776.43,97.93
EC-Earth3,g01,PL,2003,3854.04,3272.37,90.05
EC-Earth3,g01,PL,2004,3754.11,3019.45,47.79
EC-Earth3,g01,PL,2005,3825.68,2915.01,60.44
EC-Earth3,g01,PL,2006,3734.53,3287.92,121.07
EC-Earth3,g01,PL,2007,3450.3,2398.73,83.11
EC-Earth3,g01,PL,2008,3421.43,2800.57,71.33
EC-Earth3,g01,PL,2009,3700.83,2869.42,60.03
EC-Earth3,g01,PL,2010,4110.6,3152.46,110.24
EC-Earth3,g01,PL,2011,3591.36,3158.29,57.67
EC-Earth3,g01,PL,2012,3786.19,2971.32,90.62
EC-Earth3,g01,PL,2013,3750.53,3143.7,90.42
EC-Earth3,g01,PL,2014,3328.09,2567.94,84.79
EC-Earth3,g01,PL,2015,3333.86,2613.35,139.29
EC-Earth3,g01,PL,2016,3525.62,2665.58,75.52
EC-Earth3,g01,PL,2017,3534.74,2905.71,73.99
EC-Earth3,g01,PL,2018,3366.77,2854.04,122.18
EC-Earth3,g01,PL,2019,3184.84,2616.99,139.69
EC-Earth3,g01,PL,2020,3229.45,2413.36,82.31
EC-Earth3,g01,PL,2021,3699.89,2755.93,97.66
EC-Earth3,g01,PL,2022,3403.83,2688.69,121.71
EC-Earth3,g01,PL,2023,3200.63,2556.15,100.39
EC-Earth3,g01,PL,2024,2978.96,2438.74,121.56
EC-Earth3,g01,PT,1990,1323.16,851.7,208.09
EC-Earth3,g01,PT,1991,1503.76,1223.25,210.37
EC-Earth3,g01,PT,1992,1441.22,1175.96,154.06
EC-Earth3,g01,PT,1993,1513.93,1079.52,169.16
EC-Earth3,g01,PT,1994,1338.68,1138.19,133.45
EC-Earth3,g01,PT,1995,1112.35,926.01,191.05
EC-Earth3,g01,PT,1996,1373.68,961.62,169.55
EC-Earth3,g01,PT,1997,1039.9,939.05,120.37
EC-Earth3,g01,PT,1998,1239.2,805.76,191.03
EC-Earth3,g01,PT,1999,1387.92,1133.12,157.06
EC-Earth3,g01,PT,2000,1379.17,1100.68,167.7
EC-Earth3,g01,PT,2001,1349.91,979.04,142.35
EC-Earth3,g01,PT,2002,1243.18,1074.08,137.65
EC-Earth3,g01,PT,2003,1318.62,986.54,216.05
EC-Earth3,g01,PT,2004,1398.69,1082.88,190.61
EC-Earth3,g01,PT,2005,1435.59,1218.11,237
EC-Earth3,g01,PT,2006,1287.28,1176.17,235.8
EC-Earth3,g01,PT,2007,1388.35,982.53,127.5
EC-Earth3,g01,PT,2008,1356.97,994.23,141.89
EC-Earth3,g01,PT,2009,1317.3,1176.89,176.14
EC-Earth3,g01,PT,2010,1359.65,1048.66,259.37
EC-Earth3,g01,PT,2011,1142.03,1080.32,195.47
EC-Earth3,g01,PT,2012,1333.72,1032.6,197.45
EC-Earth3,g01,PT,2013,1460.27,1113.27,249.8
EC-Earth3,g01,PT,2014,1253.4,1072.97,152.89
EC-Earth3,g01,PT,2015,1248.69,1115.2,225.36
EC-Earth3,g01,PT,2016,1332.02,944.43,284.76
EC-Earth3,g01,PT,2017,1252.24,1042.87,254.23
EC-Earth3,g01,PT,2018,1378.62,1111.97,206.23
EC-Earth3,g01,PT,2019,1264.91,1009.94,156.93
EC-Earth3,g01,PT,2020,1158.28,906.6,259.3
EC-Earth3,g01,PT,2021,1360.22,1045.41,173.99
EC-Earth3,g01,PT,2022,1174.32,1035.62,270.1
EC-Earth3,g01,PT,2023,1239.27,929.98,273.78
EC-Earth3,g01,PT,2024,1181.51,922.13,227.2
EC-Earth3,g01,RO,1990,3267.52,2674.25,144.19
EC-Earth3,g01,RO,1991,3709.66,2814.81,107.98
EC-Earth3,g01,RO,1992,3568.69,3005.71,178.14
EC-Earth3,g01,RO,1993,3744.76,3035.23,146.43
EC-Earth3,g01,RO,1994,3185.23,2716.59,171.5
EC-Earth3,g01,RO,1995,3583.91,2781.2,142.92
EC-Earth3,g01,RO,1996,3818.13,3378.92,143.02
EC-Earth3,g01,RO,1997,3743.81,2861.47,89.75
EC-Earth3,g01,RO,1998,3586.81,2853.4,179.34
EC-Earth3,g01,RO,1999,3356.4,3010.61,169.82
EC-Earth3,g01,RO,2000,3306.36,2949.59,224.01
EC-Earth3,g01,RO,2001,3433.63,2496.71,173.6
EC-Earth3,g01,RO,2002,3307.73,2813.01,166.59
EC-Earth3,g01,RO,2003,3700.34,3165.76,204.18
EC-Earth3,g01,RO,2004,3455.97,2952.21,118.68
EC-Earth3,g01,RO,2005,3586.48,2855.52,106.97
EC-Earth3,g01,RO,2006,3524.12,3053.98,152.43
EC-Earth3,g01,RO,2007,3154.65,2416.24,261.29
EC-Earth3,g01,RO,2008,3227.93,2845.69,191.19
EC-Earth3,g01,RO,2009,3224.94,2698.81,179.88
EC-Earth3,g01,RO,2010,3419.05,2809.83,194.15
EC-Earth3,g01,RO,2011,3560.36,2920.09,172.3
EC-Earth3,g01,RO,2012,3458.08,3116.77,303.54
EC-Earth3,g01,RO,2013,3248.58,2785.44,185.78
EC-Earth3,g01,RO,2014,3151.35,2537.69,144.95
EC-Earth3,g01,RO,2015,3140.43,2697.38,236.97
EC-Earth3,g01,RO,2016,3274.82,2544.65,195.87
EC-Earth3,g01,RO,2017,3295.44,2929.66,221.57
EC-Earth3,g01,RO,2018,3155.53,2712.32,177.28
EC-Earth3,g01,RO,2019,2946.76,2636.67,213.77
EC-Earth3,g01,RO,2020,3000.5,2360.28,190.69
EC-Earth3,g01,RO,2021,3332.09,2561.21,212.03
EC-Earth3,g01,RO,2022,3077.67,2668.28,246.5
EC-Earth3,g01,RO,2023,2818.47,2339.79,237.18
EC-Earth3,g01,RO,2024,2784.58,2229.81,336
EC-Earth3,g01,RS,1990,2954,2469.08,156.93
EC-Earth3,g01,RS,1991,3415.37,2574.65,123.26
EC-Earth3,g01,RS,1992,3094.27,2722.02,215.29
EC-Earth3,g01,RS,1993,3327.92,2788.09,209.2
EC-Earth3,g01,RS,1994,2874.6,2411.32,210.59
EC-Earth3,g01,RS,1995,3220.68,2545.56,150.77
EC-Earth3,g01,RS,1996,3407.62,3003.16,157.46
EC-Earth3,g01,RS,1997,3317.78,2549.28,114.39
EC-Earth3,g01,RS,1998,3166.45,2537.1,213.39
EC-Earth3,g01,RS,1999,3030.05,2723.46,143.79
EC-Earth3,g01,RS,2000,2787.28,2669.94,289.96
EC-Earth3,g01,RS,2001,2995.13,2079.19,183.59
EC-Earth3,g01,RS,2002,2785.23,2522.28,184.72
EC-Earth3,g01,RS,2003,3207.67,2724.73,283.15
EC-Earth3,g01,RS,2004,3081.71,2650.19,159.25
EC-Earth3,g01,RS,2005,3286.52,2641.01,123.57
EC-Earth3,g01,RS,2006,3077.74,2698.93,178.4
EC-Earth3,g01,RS,2007,2804.81,2117.11,290.66
EC-Earth3,g01,RS,2008,2808.27,2561.98,224.08
EC-Earth3,g01,RS,2009,2861.27,2456.33,195.64
EC-Earth3,g01,RS,2010,2978.63,2450.13,196.3
EC-Earth3,g01,RS,2011,3143.07,2595.8,215.45
EC-Earth3,g01,RS,2012,3041.94,2795.51,321.79
EC-Earth3,g01,RS,2013,2830.54,2420.7,239.17
EC-Earth3,g01,RS,2014,2609.86,2138.31,144.57
EC-Earth3,g01,RS,2015,2794.28,2330.83,291.75
EC-Earth3,g01,RS,2016,2916.92,2295.56,179.7
EC-Earth3,g01,RS,2017,2940.39,2656.1,307.39
EC-Earth3,g01,RS,2018,2637.11,2417.15,189.13
EC-Earth3,g01,RS,2019,2561.01,2305.69,256.23
EC-Earth3,g01,RS,2020,2685.67,2108.06,180.14
EC-Earth3,g01,RS,2021,2958.13,2294.26,286.79
EC-Earth3,g01,RS,2022,2603.49,2404.59,295.18
EC-Earth3,g01,RS,2023,2391.64,1992.22,229.91
EC-Earth3,g01,RS,2024,2349.59,1851.47,396.04
EC-Earth3,g01,SE,1990,3714.47,2735.03,10.04
EC-Earth3,g01,SE,1991,4102.85,3020.69,25.13
EC-Earth3,g01,SE,1992,3969.85,2807.05,27.41
EC-Earth3,g01,SE,1993,4255.8,3050.48,2.49
EC-Earth3,g01,SE,1994,4194.21,3315.48,67.15
EC-Earth3,g01,SE,1995,4264.83,2936.77,38.59
EC-Earth3,g01,SE,1996,4614.73,3505.42,17.68
EC-Earth3,g01,SE,1997,4153.11,3084.92,56.27
EC-Earth3,g01,SE,1998,4241.63,3038.81,1.46
EC-Earth3,g01,SE,1999,4005.86,3215.83,33.09
EC-Earth3,g01,SE,2000,3718.86,2932.81,5.65
EC-Earth3,g01,SE,2001,4178.69,2883.26,30.35
EC-Earth3,g01,SE,2002,4040.37,2889.42,52.61
EC-Earth3,g01,SE,2003,4116.24,3418.49,37.74
EC-Earth3,g01,SE,2004,4110.39,3132.64,18.3
EC-Earth3,g01,SE,2005,4001.14,3064.92,25.88
EC-Earth3,g01,SE,2006,3901.89,3227.55,60.53
EC-Earth3,g01,SE,2007,3838.78,2633.79,23.37
EC-Earth3,g01,SE,2008,3789.12,2810.85,33.94
EC-Earth3,g01,SE,2009,4077.69,3049.06,27.84
EC-Earth3,g01,SE,2010,4772.56,3461.42,37.63
EC-Earth3,g01,SE,2011,3812.38,3534.33,24.5
EC-Earth3,g01,SE,2012,4195.65,2839.76,6.17
EC-Earth3,g01,SE,2013,4073.93,3353.57,20.37
EC-Earth3,g01,SE,2014,3645.91,2687.61,54.66
EC-Earth3,g01,SE,2015,3693.32,2702.91,15.17
EC-Earth3,g01,SE,2016,3924.1,2884.41,21.15
EC-Earth3,g01,SE,2017,3899.08,2908.89,3.77
EC-Earth3,g01,SE,2018,3864.72,3103.95,93.65
EC-Earth3,g01,SE,2019,3771.87,2842.69,39.58
EC-Earth3,g01,SE,2020,3411.07,2644.08,46.45
EC-Earth3,g01,SE,2021,4009.76,2783.17,46.14
EC-Earth3,g01,SE,2022,3732.09,2845.88,47.48
EC-Earth3,g01,SE,2023,3915.37,2835.64,23.29
EC-Earth3,g01,SE,2024,3721.59,3125.03,20.24
EC-Earth3,g01,SI,1990,3347.14,2531.99,66.54
EC-Earth3,g01,SI,1991,3705.97,2768.46,77.43
EC-Earth3,g01,SI,1992,3319.72,2802.79,120.99
EC-Earth3,g01,SI,1993,3471.44,2747.83,96.25
EC-Earth3,g01,SI,1994,3089.09,2532.3,118.7
EC-Earth3,g01,SI,1995,3461,2631.08,65.5
EC-Earth3,g01,SI,1996,3770.44,2962.15,50.46
EC-Earth3,g01,SI,1997,3459.69,2676.83,43.5
EC-Earth3,g01,SI,1998,3391.51,2586.34,108.33
EC-Earth3,g01,SI,1999,3327.51,2828.18,58.55
EC-Earth3,g01,SI,2000,3032.53,2759.99,116.76
EC-Earth3,g01,SI,2001,3285.74,2247.47,108.12
EC-Earth3,g01,SI,2002,3058.48,2605.63,87.57
EC-Earth3,g01,SI,2003,3409.93,2684.5,211.23
EC-Earth3,g01,SI,2004,3502.22,2789.98,75.82
EC-Earth3,g01,SI,2005,3591.2,2762.19,68.57
EC-Earth3,g01,SI,2006,3340.65,2926.81,123.3
EC-Earth3,g01,SI,2007,3094.97,2182.71,119.09
EC-Earth3,g01,SI,2008,3169.57,2660.96,98.33
EC-Earth3,g01,SI,2009,3214.27,2660.76,101.19
EC-Earth3,g01,SI,2010,3523.36,2734.86,115.24
EC-Earth3,g01,SI,2011,3250.68,2715.66,110.26
EC-Earth3,g01,SI,2012,3226.1,2732.94,168.73
EC-Earth3,g01,SI,2013,3304.62,2699.04,162.74
EC-Earth3,g01,SI,2014,2812.15,2262.03,69.32
EC-Earth3,g01,SI,2015,3085.65,2375.04,166.39
EC-Earth3,g01,SI,2016,3173.98,2463.57,102.89
EC-Earth3,g01,SI,2017,3228.34,2657.5,171.37
EC-Earth3,g01,SI,2018,3018.28,2678.79,124.48
EC-Earth3,g01,SI,2019,2980.07,2405.33,156.33
EC-Earth3,g01,SI,2020,3081.6,2307.02,98.6
EC-Earth3,g01,SI,2021,3365.82,2550.09,149.26
EC-Earth3,g01,SI,2022,2980.74,2631.78,178.68
EC-Earth3,g01,SI,2023,2854.22,2297.23,126.49
EC-Earth3,g01,SI,2024,2685.82,2084.09,201.8
EC-Earth3,g01,SK,1990,3680.4,2775.77,80.57
EC-Earth3,g01,SK,1991,4020.38,2978.78,77.85
EC-Earth3,g01,SK,1992,3760.79,3042.04,153.33
EC-Earth3,g01,SK,1993,3917.93,3147.01,84.76
EC-Earth3,g01,SK,1994,3523.61,2773.39,143.64
EC-Earth3,g01,SK,1995,3833.89,2889.54,92.98
EC-Earth3,g01,SK,1996,4148.82,3330.33,59.66
EC-Earth3,g01,SK,1997,3958.6,3024.13,59.9
EC-Earth3,g01,SK,1998,3750.82,2842.63,106.64
EC-Earth3,g01,SK,1999,3662.15,3086.69,63.72
EC-Earth3,g01,SK,2000,3455.8,3047.14,114.21
EC-Earth3,g01,SK,2001,3770.99,2577.24,90.98
EC-Earth3,g01,SK,2002,3563.05,2937.05,110.23
EC-Earth3,g01,SK,2003,3854.2,3151.1,146.46
EC-Earth3,g01,SK,2004,3827.23,3074.94,64.64
EC-Earth3,g01,SK,2005,3932.95,3044.32,66.47
EC-Earth3,g01,SK,2006,3759.54,3246.98,116.61
EC-Earth3,g01,SK,2007,3456.04,2432.53,140.32
EC-Earth3,g01,SK,2008,3408.86,2913.7,89.12
EC-Earth3,g01,SK,2009,3577.16,2828.69,99.53
EC-Earth3,g01,SK,2010,3850.03,2965.27,109.28
EC-Earth3,g01,SK,2011,3638.75,3022.81,89.03
EC-Earth3,g01,SK,2012,3651.9,3040.62,153.91
EC-Earth3,g01,SK,2013,3625.89,2978.55,145.33
EC-Earth3,g01,SK,2014,3104.76,2462.12,84.23
EC-Earth3,g01,SK,2015,3389.16,2608.25,190.38
EC-Earth3,g01,SK,2016,3540.57,2669.28,99.57
EC-Earth3,g01,SK,2017,3619.3,3010.67,152.22
EC-Earth3,g01,SK,2018,3279.31,2885.21,141.54
EC-Earth3,g01,SK,2019,3235.51,2654.76,158.3
EC-Earth3,g01,SK,2020,3364.08,2524.26,100.27
EC-Earth3,g01,SK,2021,3681.32,2742.41,133.61
EC-Earth3,g01,SK,2022,3331.1,2761.32,161.2
EC-Earth3,g01,SK,2023,3158.01,2504.46,117.89
EC-Earth3,g01,SK,2024,2952.82,2338.52,183
EC-Earth3,g01,UK,1990,3207.9,2129.43,1.93
EC-Earth3,g01,UK,1991,3356.65,2299.98,0.87
EC-Earth3,g01,UK,1992,3395.6,2176.52,0.04
EC-Earth3,g01,UK,1993,3428.44,2252.75,0
EC-Earth3,g01,UK,1994,3336.11,2367.7,0
EC-Earth3,g01,UK,1995,3185.44,2130,18.28
EC-Earth3,g01,UK,1996,3454.21,2232.74,0.66
EC-Earth3,g01,UK,1997,3048.27,2188.33,0.13
EC-Earth3,g01,UK,1998,3125.53,1971.66,0
EC-Earth3,g01,UK,1999,3139.65,2147.48,2.46
EC-Earth3,g01,UK,2000,3276.15,2134.74,0.57
EC-Earth3,g01,UK,2001,3301.75,2373.15,0.33
EC-Earth3,g01,UK,2002,3173.3,2028.54,0.09
EC-Earth3,g01,UK,2003,3165.77,2208.11,3.29
EC-Earth3,g01,UK,2004,3137.4,2226.47,0.07
EC-Earth3,g01,UK,2005,3070.87,2089.83,2.24
EC-Earth3,g01,UK,2006,3068.49,2185.98,10.22
EC-Earth3,g01,UK,2007,2986.08,2063.58,0.83
EC-Earth3,g01,UK,2008,3290.61,2057.48,0.08
EC-Earth3,g01,UK,2009,3254.6,2301.19,0.54
EC-Earth3,g01,UK,2010,3633.17,2418.49,0.02
EC-Earth3,g01,UK,2011,3085.19,2448.11,0
EC-Earth3,g01,UK,2012,3265.83,1895.84,0.02
EC-Earth3,g01,UK,2013,3274.62,2380.16,7.7
EC-Earth3,g01,UK,2014,3080.35,2111.53,2.76
EC-Earth3,g01,UK,2015,3333.95,2216.71,0.12
EC-Earth3,g01,UK,2016,3169.89,2088.91,1.22
EC-Earth3,g01,UK,2017,3007.31,2079.39,0.18
EC-Earth3,g01,UK,2018,3198.32,2226.24,7.79
EC-Earth3,g01,UK,2019,3118.65,2017.72,0.19
EC-Earth3,g01,UK,2020,3165.34,2205.39,0.16
EC-Earth3,g01,UK,2021,3065.69,2186.03,10.62
EC-Earth3,g01,UK,2022,2976.87,1959.7,7.07
EC-Earth3,g01,UK,2023,2859.37,2065.02,1.3
EC-Earth3,g01,UK,2024,3036.88,2025.79,0
EC-Earth3,u03,AL,1990,2683.06,2158.71,121.45
EC-Earth3,u03,AL,1991,3055.89,2131.89,95.12
EC-Earth3,u03,AL,1992,2934.85,2455.42,131.29
EC-Earth3,u03,AL,1993,2910.02,2320.9,151.58
EC-Earth3,u03,AL,1994,2636.36,2032.99,160.71
EC-Earth3,u03,AL,1995,2920.63,2202.27,101.23
EC-Earth3,u03,AL,1996,2892.02,2304.89,124.58
EC-Earth3,u03,AL,1997,2816.02,2109.41,112.67
EC-Earth3,u03,AL,1998,2701.26,2154.89,238.6
EC-Earth3,u03,AL,1999,2592.3,2317.64,203.47
EC-Earth3,u03,AL,2000,2662.79,2247.41,221.94
EC-Earth3,u03,AL,2001,2559.55,1882.61,228.8
EC-Earth3,u03,AL,2002,2510.92,2142.74,168.23
EC-Earth3,u03,AL,2003,2624.44,2178.99,261.31
EC-Earth3,u03,AL,2004,2652.35,2151.96,168.02
EC-Earth3,u03,AL,2005,2742.48,2169.78,111.98
EC-Earth3,u03,AL,2006,2761.29,2270.21,141.16
EC-Earth3,u03,AL,2007,2540.32,2039.41,215.68
EC-Earth3,u03,AL,2008,2529.57,2152.95,191.69
EC-Earth3,u03,AL,2009,2505.03,2116.19,122.13
EC-Earth3,u03,AL,2010,2456.8,2013.31,150.61
EC-Earth3,u03,AL,2011,2766.91,1976.38,156.96
EC-Earth3,u03,AL,2012,2832.81,2526.54,289.24
EC-Earth3,u03,AL,2013,2574.26,2111.08,193.99
EC-Earth3,u03,AL,2014,2648.34,1985.77,141.73
EC-Earth3,u03,AL,2015,2824.88,2263.38,182.83
EC-Earth3,u03,AL,2016,2688.55,2104.89,173.48
EC-Earth3,u03,AL,2017,2852.17,2324.67,244.71
EC-Earth3,u03,AL,2018,2536.51,2216.86,126.22
EC-Earth3,u03,AL,2019,2629.1,2171.55,235.52
EC-Earth3,u03,AL,2020,2725.92,2073.95,168.18
EC-Earth3,u03,AL,2021,2691.97,2102.57,278.67
EC-Earth3,u03,AL,2022,2684.14,2302.14,229.29
EC-Earth3,u03,AL,2023,2578.65,2024.02,202.23
EC-Earth3,u03,AL,2024,2407.87,1878.9,325.22
EC-Earth3,u03,AT,1990,4254.42,3004.01,27.45
EC-Earth3,u03,AT,1991,4624.25,3273.79,19.7
EC-Earth3,u03,AT,1992,4208.53,3269.23,67.78
EC-Earth3,u03,AT,1993,4431.3,3318.92,30.47
EC-Earth3,u03,AT,1994,4004.16,3098.28,64.17
EC-Earth3,u03,AT,1995,4411.25,3112.61,32.45
EC-Earth3,u03,AT,1996,4821.51,3564.37,14.29
EC-Earth3,u03,AT,1997,4389.41,3227.21,11.34
EC-Earth3,u03,AT,1998,4282.66,3099.64,42.91
EC-Earth3,u03,AT,1999,4249.72,3309.05,17.14
EC-Earth3,u03,AT,2000,4000.45,3249.2,45.5
EC-Earth3,u03,AT,2001,4314.89,2943.48,37.09
EC-Earth3,u03,AT,2002,4045.77,3077.83,37.26
EC-Earth3,u03,AT,2003,4282.17,3285.4,84.27
EC-Earth3,u03,AT,2004,4401.53,3341.18,24.22
EC-Earth3,u03,AT,2005,4501.77,3299.62,22.87
EC-Earth3,u03,AT,2006,4291.23,3518.52,49.93
EC-Earth3,u03,AT,2007,4023.54,2719.4,51.98
EC-Earth3,u03,AT,2008,4088.49,3187.4,26.9
EC-Earth3,u03,AT,2009,4179.86,3240.3,29.92
EC-Earth3,u03,AT,2010,4572.7,3311.99,44.57
EC-Earth3,u03,AT,2011,4090.87,3309.45,36.97
EC-Earth3,u03,AT,2012,4193.02,3202.24,60.58
EC-Earth3,u03,AT,2013,4301.2,3299.15,69.71
EC-Earth3,u03,AT,2014,3797.27,2878.04,27.74
EC-Earth3,u03,AT,2015,3931.7,2905.25,98.6
EC-Earth3,u03,AT,2016,4071.48,2909.23,32.95
EC-Earth3,u03,AT,2017,4124.29,3180.82,70.35
EC-Earth3,u03,AT,2018,3824.16,3181.08,67.22
EC-Earth3,u03,AT,2019,3853.62,2909.77,75.49
EC-Earth3,u03,AT,2020,3944.8,2854.43,38.57
EC-Earth3,u03,AT,2021,4252.22,3086.06,51.05
EC-Earth3,u03,AT,2022,3843.91,3028.79,66.12
EC-Earth3,u03,AT,2023,3764.27,2832.92,64.62
EC-Earth3,u03,AT,2024,3605.88,2671.91,84.19
EC-Earth3,u03,BE,1990,3708.97,2455.44,27.97
EC-Earth3,u03,BE,1991,4101.03,2756.68,12.05
EC-Earth3,u03,BE,1992,3834.97,2798.71,12.07
EC-Earth3,u03,BE,1993,3970.18,2787.12,4.55
EC-Earth3,u03,BE,1994,3662.17,2809.82,37.36
EC-Earth3,u03,BE,1995,3764.19,2523.04,48.07
EC-Earth3,u03,BE,1996,4370.9,2967.35,14.71
EC-Earth3,u03,BE,1997,3810.8,2839.35,23.37
EC-Earth3,u03,BE,1998,3827.08,2600.68,13.82
EC-Earth3,u03,BE,1999,3531.53,2744.18,15.75
EC-Earth3,u03,BE,2000,3577.86,2641.27,10.53
EC-Earth3,u03,BE,2001,3771.69,2593.22,24.08
EC-Earth3,u03,BE,2002,3542.58,2495.72,18.76
EC-Earth3,u03,BE,2003,3723.74,2686.81,43.85
EC-Earth3,u03,BE,2004,3707.99,2742.37,15.97
EC-Earth3,u03,BE,2005,3607.07,2682.47,23.62
EC-Earth3,u03,BE,2006,3524.84,2754.63,50.14
EC-Earth3,u03,BE,2007,3388.1,2222.08,7.01
EC-Earth3,u03,BE,2008,3736.97,2604.26,9.06
EC-Earth3,u03,BE,2009,3729.29,2897.73,16.93
EC-Earth3,u03,BE,2010,4180.54,2823.05,28.37
EC-Earth3,u03,BE,2011,3459.04,2824.08,10.81
EC-Earth3,u03,BE,2012,3831.83,2583.83,17.77
EC-Earth3,u03,BE,2013,4033.04,2897.98,25.68
EC-Earth3,u03,BE,2014,3354.84,2412.75,14.62
EC-Earth3,u03,BE,2015,3616.3,2579.09,35.33
EC-Earth3,u03,BE,2016,3687.15,2435.56,21.14
EC-Earth3,u03,BE,2017,3567.56,2669.23,27.12
EC-Earth3,u03,BE,2018,3489.95,2657.97,60.1
EC-Earth3,u03,BE,2019,3538.14,2486.31,51.69
EC-Earth3,u03,BE,2020,3326.79,2440.07,51.52
EC-Earth3,u03,BE,2021,3751.24,2519.48,14.62
EC-Earth3,u03,BE,2022,3360.25,2497.95,62.07
EC-Earth3,u03,BE,2023,3311.86,2405.56,38.5
EC-Earth3,u03,BE,2024,3333.13,2305.73,31.08
EC-Earth3,u03,BG,1990,3532.29,2878.69,95.45
EC-Earth3,u03,BG,1991,3983.3,2906.46,63.38
EC-Earth3,u03,BG,1992,3742.41,3069.25,93.32
EC-Earth3,u03,BG,1993,3811.04,3027.97,119.72
EC-Earth3,u03,BG,1994,3386.89,2760.85,112.89
EC-Earth3,u03,BG,1995,3790.74,2857.01,65.73
EC-Earth3,u03,BG,1996,3956.04,3348.3,107.17
EC-Earth3,u03,BG,1997,3962.25,2886.66,60.85
EC-Earth3,u03,BG,1998,3692.26,2959.55,127.28
EC-Earth3,u03,BG,1999,3464.64,3007.05,106.55
EC-Earth3,u03,BG,2000,3513.94,2956.28,166.56
EC-Earth3,u03,BG,2001,3561.42,2534.33,126.26
EC-Earth3,u03,BG,2002,3507.91,2889.04,93.59
EC-Earth3,u03,BG,2003,3822.44,3100.07,140.9
EC-Earth3,u03,BG,2004,3603.62,2953.64,69.68
EC-Earth3,u03,BG,2005,3757.64,2838.77,63.08
EC-Earth3,u03,BG,2006,3697.11,3046.44,101.4
EC-Earth3,u03,BG,2007,3390,2563.79,193.75
EC-Earth3,u03,BG,2008,3470.07,2943.51,137.58
EC-Earth3,u03,BG,2009,3454.97,2792.95,111.71
EC-Earth3,u03,BG,2010,3488.16,2779.33,119.47
EC-Earth3,u03,BG,2011,3765.24,2840.31,106.29
EC-Earth3,u03,BG,2012,3556.23,3192.63,204.35
EC-Earth3,u03,BG,2013,3372.45,2700.79,120.69
EC-Earth3,u03,BG,2014,3329.26,2575.08,81.94
EC-Earth3,u03,BG,2015,3330.4,2784.06,138.16
EC-Earth3,u03,BG,2016,3382.16,2539.37,140.35
EC-Earth3,u03,BG,2017,3485.36,2952.06,160.83
EC-Earth3,u03,BG,2018,3262.23,2709.62,96.71
EC-Earth3,u03,BG,2019,3109.1,2693.63,136.17
EC-Earth3,u03,BG,2020,3194.97,2406.01,123.83
EC-Earth3,u03,BG,2021,3451.37,2590.75,164.66
EC-Earth3,u03,BG,2022,3202.19,2787.77,152.87
EC-Earth3,u03,BG,2023,2969.05,2342.62,174.48
EC-Earth3,u03,BG,2024,2842.69,2229.25,246.15
EC-Earth3,u03,CH,1990,4323.22,2954.76,19.82
EC-Earth3,u03,CH,1991,4624.62,3192.91,18.06
EC-Earth3,u03,CH,1992,4407.22,3306.22,28.61
EC-Earth3,u03,CH,1993,4508.54,3174.97,12.46
EC-Earth3,u03,CH,1994,4086.84,3067.49,35.42
EC-Earth3,u03,CH,1995,4488.93,3019.26,20.92
EC-Earth3,u03,CH,1996,4785.14,3256.41,7.65
EC-Earth3,u03,CH,1997,4330.06,3122.08,8.15
EC-Earth3,u03,CH,1998,4442.06,3054.28,27.63
EC-Earth3,u03,CH,1999,4406.49,3295.84,8.11
EC-Earth3,u03,CH,2000,4195.48,3205.77,16.94
EC-Earth3,u03,CH,2001,4409.23,2929.48,17.73
EC-Earth3,u03,CH,2002,4196.77,3036.87,20.9
EC-Earth3,u03,CH,2003,4299.8,3107.72,85.56
EC-Earth3,u03,CH,2004,4468.21,3274.35,14.47
EC-Earth3,u03,CH,2005,4563.06,3258.26,23.95
EC-Earth3,u03,CH,2006,4317.24,3401.91,38.1
EC-Earth3,u03,CH,2007,4213.08,2772.73,11.16
EC-Earth3,u03,CH,2008,4399.45,3167.96,14.1
EC-Earth3,u03,CH,2009,4306.87,3342.92,18.43
EC-Earth3,u03,CH,2010,4697.27,3265.32,26.98
EC-Earth3,u03,CH,2011,4065.42,3181.63,20.38
EC-Earth3,u03,CH,2012,4365.63,3130.27,23.19
EC-Earth3,u03,CH,2013,4574.34,3279.11,30.96
EC-Earth3,u03,CH,2014,4015.23,2945.01,13.42
EC-Earth3,u03,CH,2015,4128.52,2952.03,65.55
EC-Earth3,u03,CH,2016,4294.57,2943.49,23.76
EC-Earth3,u03,CH,2017,4259.36,3124.39,37.11
EC-Earth3,u03,CH,2018,3959.5,3163.47,44
EC-Earth3,u03,CH,2019,4139.66,2956.27,49.3
EC-Earth3,u03,CH,2020,4011.24,2846.35,30.59
EC-Earth3,u03,CH,2021,4408.54,3056.46,15.02
EC-Earth3,u03,CH,2022,3834.81,3043.16,57.65
EC-Earth3,u03,CH,2023,3873.88,2786.27,49.24
EC-Earth3,u03,CH,2024,3930.94,2719.39,33.35
EC-Earth3,u03,CY,1990,1417.73,1293.98,326.04
EC-Earth3,u03,CY,1991,1440.42,1113.3,297.23
EC-Earth3,u03,CY,1992,1836.74,1561.62,283.96
EC-Earth3,u03,CY,1993,1556.55,1471.67,350.33
EC-Earth3,u03,CY,1994,1361.26,1110.69,347.1
EC-Earth3,u03,CY,1995,1486.43,1234.87,360.83
EC-Earth3,u03,CY,1996,1362.52,1344.13,374.62
EC-Earth3,u03,CY,1997,1475.71,1198.83,327.53
EC-Earth3,u03,CY,1998,1313.69,1213.95,419.36
EC-Earth3,u03,CY,1999,1169.18,1044.68,371.15
EC-Earth3,u03,CY,2000,1434.96,1218.65,431.44
EC-Earth3,u03,CY,2001,1219.94,1042.71,394.77
EC-Earth3,u03,CY,2002,1322.14,1175.81,400.61
EC-Earth3,u03,CY,2003,1398.47,1234.88,383.63
EC-Earth3,u03,CY,2004,1358.94,1171.99,361.51
EC-Earth3,u03,CY,2005,1366.68,1172.45,347.02
EC-Earth3,u03,CY,2006,1380.33,1201.35,372.18
EC-Earth3,u03,CY,2007,1216.24,1187.67,485.96
EC-Earth3,u03,CY,2008,1152.2,1060.29,503.35
EC-Earth3,u03,CY,2009,1129.85,1005.19,470.79
EC-Earth3,u03,CY,2010,904.81,855.66,476.05
EC-Earth3,u03,CY,2011,1243.63,880.73,443.25
EC-Earth3,u03,CY,2012,1192.07,1231.4,544.69
EC-Earth3,u03,CY,2013,1057.82,871.19,465.12
EC-Earth3,u03,CY,2014,768.23,817.97,399.69
EC-Earth3,u03,CY,2015,964.55,837.34,398.17
EC-Earth3,u03,CY,2016,1019.27,838.58,424.25
EC-Earth3,u03,CY,2017,973.27,1030.4,466.05
EC-Earth3,u03,CY,2018,758.02,673.99,408.86
EC-Earth3,u03,CY,2019,944.85,882.73,437.24
EC-Earth3,u03,CY,2020,839,825.82,418.07
EC-Earth3,u03,CY,2021,733.33,608.43,546.23
EC-Earth3,u03,CY,2022,855.68,862.04,506.11
EC-Earth3,u03,CY,2023,657.3,596.54,534.35
EC-Earth3,u03,CY,2024,623.39,494.45,593.76
EC-Earth3,u03,CZ,1990,4377.93,3097.59,33.93
EC-Earth3,u03,CZ,1991,4791.35,3345.04,21.59
EC-Earth3,u03,CZ,1992,4400.34,3369.36,65.51
EC-Earth3,u03,CZ,1993,4660.44,3494.55,25.36
EC-Earth3,u03,CZ,1994,4270.08,3233.67,81.15
EC-Earth3,u03,CZ,1995,4595.82,3237.51,40.37
EC-Earth3,u03,CZ,1996,5152.62,3792.62,16.7
EC-Earth3,u03,CZ,1997,4696.28,3446.76,16.79
EC-Earth3,u03,CZ,1998,4483.96,3244.51,40.15
EC-Earth3,u03,CZ,1999,4379.58,3419.83,20.63
EC-Earth3,u03,CZ,2000,4169.05,3320.15,44.86
EC-Earth3,u03,CZ,2001,4594.19,3111.71,26.87
EC-Earth3,u03,CZ,2002,4325.3,3227.17,33.5
EC-Earth3,u03,CZ,2003,4516.92,3526.13,75.83
EC-Earth3,u03,CZ,2004,4578.93,3459.14,27.69
EC-Earth3,u03,CZ,2005,4626.44,3399.22,25.05
EC-Earth3,u03,CZ,2006,4481.61,3656.25,61.44
EC-Earth3,u03,CZ,2007,4183.93,2810.17,48.49
EC-Earth3,u03,CZ,2008,4252.91,3269.37,33.22
EC-Earth3,u03,CZ,2009,4362.01,3321.15,26.47
EC-Earth3,u03,CZ,2010,4832.81,3450.95,52.3
EC-Earth3,u03,CZ,2011,4314.1,3480.35,26.49
EC-Earth3,u03,CZ,2012,4436.84,3319.88,47.79
EC-Earth3,u03,CZ,2013,4556.78,3475.43,58.44
EC-Earth3,u03,CZ,2014,3960.14,2970.44,36.18
EC-Earth3,u03,CZ,2015,4067.41,2978.56,106.71
EC-Earth3,u03,CZ,2016,4282.18,3021.95,33
EC-Earth3,u03,CZ,2017,4309.41,3338.51,55.36
EC-Earth3,u03,CZ,2018,3977.98,3253.62,80.59
EC-Earth3,u03,CZ,2019,3968.26,3021.83,71.64
EC-Earth3,u03,CZ,2020,4109.85,2908.12,33.3
EC-Earth3,u03,CZ,2021,4486.08,3207.46,34.1
EC-Earth3,u03,CZ,2022,4094.61,3100.75,62.56
EC-Earth3,u03,CZ,2023,3930.67,2977.21,59.94
EC-Earth3,u03,CZ,2024,3774.75,2791.31,67.49
EC-Earth3,u03,DE,1990,3956.47,2732.34,29.3
EC-Earth3,u03,DE,1991,4349.31,3009.38,29.27
EC-Earth3,u03,DE,1992,4055.64,3041.09,40.83
EC-Earth3,u03,DE,1993,4286.69,3085.06,14.38
EC-Earth3,u03,DE,1994,3905.19,3022.69,62.43
EC-Earth3,u03,DE,1995,4189.38,2857.61,48.62
EC-Earth3,u03,DE,1996,4767.36,3376.44,16.82
EC-Earth3,u03,DE,1997,4173.49,3107.05,24.58
EC-Earth3,u03,DE,1998,4098.35,2882.99,27.05
EC-Earth3,u03,DE,1999,3938.86,3048.72,23.89
EC-Earth3,u03,DE,2000,3826.25,2928.28,25.03
EC-Earth3,u03,DE,2001,4109.21,2825.37,33.67
EC-Earth3,u03,DE,2002,3918.09,2817.19,26.09
EC-Earth3,u03,DE,2003,4066.96,3083.2,77.79
EC-Earth3,u03,DE,2004,4156.02,3059.5,22.89
EC-Earth3,u03,DE,2005,4118.93,3044.29,26.31
EC-Earth3,u03,DE,2006,3971.58,3195.82,58.73
EC-Earth3,u03,DE,2007,3821.96,2489.46,20.88
EC-Earth3,u03,DE,2008,4002.95,2920.9,24.31
EC-Earth3,u03,DE,2009,4064.85,3134.56,22.02
EC-Earth3,u03,DE,2010,4570.67,3160.18,46.15
EC-Earth3,u03,DE,2011,3884.36,3161.21,16.79
EC-Earth3,u03,DE,2012,4116.67,2932.31,26.52
EC-Earth3,u03,DE,2013,4269.66,3194.82,40.15
EC-Earth3,u03,DE,2014,3642.61,2677.25,25.59
EC-Earth3,u03,DE,2015,3847.42,2779.48,65.83
EC-Earth3,u03,DE,2016,3990.77,2741.96,29.14
EC-Earth3,u03,DE,2017,3934.04,2982.63,28.24
EC-Earth3,u03,DE,2018,3717.35,2942.64,73.55
EC-Earth3,u03,DE,2019,3771.46,2731.68,69.29
EC-Earth3,u03,DE,2020,3676.29,2666.54,45.75
EC-Earth3,u03,DE,2021,4091.52,2846.94,22.86
EC-Earth3,u03,DE,2022,3661.48,2776.99,70.61
EC-Earth3,u03,DE,2023,3596.55,2645.79,42.74
EC-Earth3,u03,DE,2024,3544.14,2554.41,39.38
EC-Earth3,u03,DK,1990,3937.91,2690.97,1.92
EC-Earth3,u03,DK,1991,4352.89,2992.63,3.51
EC-Earth3,u03,DK,1992,4125.7,2869.58,4.54
EC-Earth3,u03,DK,1993,4532.3,3053.57,0.05
EC-Earth3,u03,DK,1994,4240.9,3182.3,16.02
EC-Earth3,u03,DK,1995,4420.38,2929.79,7.02
EC-Earth3,u03,DK,1996,4916.1,3482.48,2.54
EC-Earth3,u03,DK,1997,4370.7,3134.19,10.49
EC-Earth3,u03,DK,1998,4433.3,2957.97,0.25
EC-Earth3,u03,DK,1999,4206.92,3174.47,2.2
EC-Earth3,u03,DK,2000,4044.23,2916.33,2.71
EC-Earth3,u03,DK,2001,4369.41,2937.22,3.21
EC-Earth3,u03,DK,2002,4057.66,2828.29,4.45
EC-Earth3,u03,DK,2003,4231.42,3283.07,4.23
EC-Earth3,u03,DK,2004,4238.21,3055.49,2.03
EC-Earth3,u03,DK,2005,4183.15,2981,2.05
EC-Earth3,u03,DK,2006,3972.91,3124.62,7.69
EC-Earth3,u03,DK,2007,3909.53,2472.49,2.75
EC-Earth3,u03,DK,2008,3969.56,2821.64,4.53
EC-Earth3,u03,DK,2009,4123.92,2966.02,2.12
EC-Earth3,u03,DK,2010,4789.22,3273.63,4.77
EC-Earth3,u03,DK,2011,4213.49,3380.97,0.01
EC-Earth3,u03,DK,2012,4481.26,2902.75,2.98
EC-Earth3,u03,DK,2013,4432.1,3312.85,3.77
EC-Earth3,u03,DK,2014,3869.03,2729.22,11.08
EC-Earth3,u03,DK,2015,4156.96,2753.13,2.03
EC-Earth3,u03,DK,2016,4212.81,2854.72,2.57
EC-Earth3,u03,DK,2017,4224.66,2970.74,0
EC-Earth3,u03,DK,2018,4077.8,3055.38,24.3
EC-Earth3,u03,DK,2019,4051.55,2776.13,8.47
EC-Earth3,u03,DK,2020,3925.81,2708.11,12.2
EC-Earth3,u03,DK,2021,4306.55,2914.01,5.66
EC-Earth3,u03,DK,2022,4053.82,2802.26,11.33
EC-Earth3,u03,DK,2023,4080.23,2784.88,0.63
EC-Earth3,u03,DK,2024,3945.04,2915.18,1.46
EC-Earth3,u03,EE,1990,4881.25,3439.74,0.58
EC-Earth3,u03,EE,1991,5036.19,3640.25,4.3
EC-Earth3,u03,EE,1992,5016.05,3342.77,11.16
EC-Earth3,u03,EE,1993,5436.18,3681.18,0.51
EC-Earth3,u03,EE,1994,5433.4,4198.62,24.86
EC-Earth3,u03,EE,1995,5090.78,3567.04,7.14
EC-Earth3,u03,EE,1996,5684.55,4207.87,2.41
EC-Earth3,u03,EE,1997,5239.2,3601.31,18.66
EC-Earth3,u03,EE,1998,5359.57,3803.44,2.03
EC-Earth3,u03,EE,1999,4980.45,3953.16,19.78
EC-Earth3,u03,EE,2000,4784.59,3529.27,1.95
EC-Earth3,u03,EE,2001,5157.53,3488.01,14.09
EC-Earth3,u03,EE,2002,5116.76,3630.17,18.05
EC-Earth3,u03,EE,2003,5299.79,4303.28,19.93
EC-Earth3,u03,EE,2004,5166.65,3770.6,4.04
EC-Earth3,u03,EE,2005,5143.84,3799.8,7.92
EC-Earth3,u03,EE,2006,4963.74,3940.3,22.1
EC-Earth3,u03,EE,2007,4874.52,3369.55,11.65
EC-Earth3,u03,EE,2008,4713.83,3360.2,0.72
EC-Earth3,u03,EE,2009,5142.6,3526.32,2.31
EC-Earth3,u03,EE,2010,5633.57,4208.58,43.55
EC-Earth3,u03,EE,2011,4873.59,4163.85,22.42
EC-Earth3,u03,EE,2012,5409.76,3643.76,5.84
EC-Earth3,u03,EE,2013,4959.73,4020.06,11.38
EC-Earth3,u03,EE,2014,4943.9,3395.69,27.92
EC-Earth3,u03,EE,2015,4649.24,3414.01,4.16
EC-Earth3,u03,EE,2016,5006.19,3531.54,5.06
EC-Earth3,u03,EE,2017,5056.56,3632.63,1.02
EC-Earth3,u03,EE,2018,4864.13,3742.35,38.15
EC-Earth3,u03,EE,2019,4703.15,3515.8,14.53
EC-Earth3,u03,EE,2020,4398.23,3120.83,9.43
EC-Earth3,u03,EE,2021,5060.48,3506.17,44.5
EC-Earth3,u03,EE,2022,4890.71,3537.94,36.53
EC-Earth3,u03,EE,2023,4803.56,3510.17,13.26
EC-Earth3,u03,EE,2024,4510.53,3767.03,10.31
EC-Earth3,u03,EL,1990,1919.28,1714.46,240.87
EC-Earth3,u03,EL,1991,2269.41,1688.21,209.46
EC-Earth3,u03,EL,1992,2182.11,1947.7,213.44
EC-Earth3,u03,EL,1993,2111.41,1823.92,262.21
EC-Earth3,u03,EL,1994,1878.44,1562.53,279.68
EC-Earth3,u03,EL,1995,2044.2,1645.21,247.42
EC-Earth3,u03,EL,1996,2141.48,1890.72,245.05
EC-Earth3,u03,EL,1997,2150.92,1655.02,238.66
EC-Earth3,u03,EL,1998,2016.92,1762.45,359.41
EC-Earth3,u03,EL,1999,1873.14,1747.21,329.89
EC-Earth3,u03,EL,2000,2012.7,1762.38,335.44
EC-Earth3,u03,EL,2001,1923.41,1430.49,340.81
EC-Earth3,u03,EL,2002,1952.99,1792.58,289.34
EC-Earth3,u03,EL,2003,2112.47,1800.96,348.35
EC-Earth3,u03,EL,2004,2051.95,1745.17,246.22
EC-Earth3,u03,EL,2005,2118.66,1721.79,213.92
EC-Earth3,u03,EL,2006,2201.02,1867.65,250.4
EC-Earth3,u03,EL,2007,1987.95,1696.66,329.64
EC-Earth3,u03,EL,2008,1980.71,1768.74,286.73
EC-Earth3,u03,EL,2009,1913.41,1662.7,238.52
EC-Earth3,u03,EL,2010,1782.81,1527.99,288.15
EC-Earth3,u03,EL,2011,2212.76,1611.74,244.68
EC-Earth3,u03,EL,2012,2043.7,2010.14,359.8
EC-Earth3,u03,EL,2013,1862.98,1527.39,251.34
EC-Earth3,u03,EL,2014,1833.18,1545.71,240.23
EC-Earth3,u03,EL,2015,2042.19,1721.47,246.38
EC-Earth3,u03,EL,2016,1921.91,1550.12,283.72
EC-Earth3,u03,EL,2017,2053.69,1812.03,297.99
EC-Earth3,u03,EL,2018,1782.71,1593.15,240.47
EC-Earth3,u03,EL,2019,1888.8,1705.42,291.12
EC-Earth3,u03,EL,2020,1936.27,1540.73,240.14
EC-Earth3,u03,EL,2021,1971.95,1550.11,335.77
EC-Earth3,u03,EL,2022,1970.62,1819.53,281.68
EC-Earth3,u03,EL,2023,1777.44,1477.53,311.99
EC-Earth3,u03,EL,2024,1639.77,1350.07,420.94
EC-Earth3,u03,ES,1990,2077.92,1398.78,216.57
EC-Earth3,u03,ES,1991,2383.62,1818.99,232.06
EC-Earth3,u03,ES,1992,2293.66,1877.69,166.21
EC-Earth3,u03,ES,1993,2400.36,1755.14,174.09
EC-Earth3,u03,ES,1994,2058.65,1744.2,251.84
EC-Earth3,u03,ES,1995,1919.9,1533.52,193.43
EC-Earth3,u03,ES,1996,2173.69,1544.05,173.82
EC-Earth3,u03,ES,1997,1858.79,1537.95,147.2
EC-Earth3,u03,ES,1998,2087.15,1476.23,218.16
EC-Earth3,u03,ES,1999,2144.02,1751.42,208.16
EC-Earth3,u03,ES,2000,2115.4,1719.41,198.91
EC-Earth3,u03,ES,2001,2063.84,1542.36,216.8
EC-Earth3,u03,ES,2002,1996.74,1661.76,178.48
EC-Earth3,u03,ES,2003,2044.73,1583.69,304.64
EC-Earth3,u03,ES,2004,2185.2,1684.98,223.26
EC-Earth3,u03,ES,2005,2240.12,1814.86,241.81
EC-Earth3,u03,ES,2006,1967.16,1773.37,235.59
EC-Earth3,u03,ES,2007,2114.81,1520.13,175.55
EC-Earth3,u03,ES,2008,2172.55,1641.44,199.35
EC-Earth3,u03,ES,2009,2048.45,1798.96,257.76
EC-Earth3,u03,ES,2010,2271.85,1665.86,231.31
EC-Earth3,u03,ES,2011,1930.28,1735.11,207.14
EC-Earth3,u03,ES,2012,2173.21,1663.19,257.67
EC-Earth3,u03,ES,2013,2202.75,1676.77,215.53
EC-Earth3,u03,ES,2014,1889.92,1606.06,185.95
EC-Earth3,u03,ES,2015,1935.8,1612.46,282.45
EC-Earth3,u03,ES,2016,2007.75,1483.04,254.95
EC-Earth3,u03,ES,2017,1966.63,1562.7,278.4
EC-Earth3,u03,ES,2018,2078.86,1695.81,233.76
EC-Earth3,u03,ES,2019,1974.3,1561.63,248.98
EC-Earth3,u03,ES,2020,1894.02,1485.18,255.4
EC-Earth3,u03,ES,2021,1992.98,1585.11,234.79
EC-Earth3,u03,ES,2022,1780.84,1575.19,338.43
EC-Earth3,u03,ES,2023,1797.82,1404.92,301.44
EC-Earth3,u03,ES,2024,1752.16,1366.68,281.7
EC-Earth3,u03,FI,1990,5485.43,3916.22,0.92
EC-Earth3,u03,FI,1991,5671.48,4102.06,4.72
EC-Earth3,u03,FI,1992,5639.45,3692.57,5.37
EC-Earth3,u03,FI,1993,5928.41,4038.3,0.16
EC-Earth3,u03,FI,1994,6013.93,4538.24,18.34
EC-Earth3,u03,FI,1995,5708.9,3828.81,7.09
EC-Earth3,u03,FI,1996,6127.7,4530.55,0.64
EC-Earth3,u03,FI,1997,5778.74,4005.98,16.12
EC-Earth3,u03,FI,1998,5985.93,4223.96,0.4
EC-Earth3,u03,FI,1999,5684.94,4311.65,15.79
EC-Earth3,u03,FI,2000,5297.79,3904.01,2.22
EC-Earth3,u03,FI,2001,5791.71,3849.83,7.06
EC-Earth3,u03,FI,2002,5763.41,4035.66,9.22
EC-Earth3,u03,FI,2003,5817.64,4694.93,18.94
EC-Earth3,u03,FI,2004,5692.25,4102.93,2.22
EC-Earth3,u03,FI,2005,5508.12,4060.2,8.79
EC-Earth3,u03,FI,2006,5513.59,4222.89,14.41
EC-Earth3,u03,FI,2007,5425.99,3811.25,6.43
EC-Earth3,u03,FI,2008,5275.45,3652.92,1.88
EC-Earth3,u03,FI,2009,5710.09,3859.9,3.24
EC-Earth3,u03,FI,2010,6233.52,4559.39,30.01
EC-Earth3,u03,FI,2011,5332.27,4615.11,20.55
EC-Earth3,u03,FI,2012,5866.25,3846.04,1.33
EC-Earth3,u03,FI,2013,5371.64,4261.12,7.16
EC-Earth3,u03,FI,2014,5302.12,3672.04,26.12
EC-Earth3,u03,FI,2015,5092.37,3671.84,1.59
EC-Earth3,u03,FI,2016,5508.3,3829.14,1.43
EC-Earth3,u03,FI,2017,5523.54,3903.87,0.04
EC-Earth3,u03,FI,2018,5395.1,4067.86,34.25
EC-Earth3,u03,FI,2019,5381.51,3867.29,13.08
EC-Earth3,u03,FI,2020,4858.68,3539.4,10.84
EC-Earth3,u03,FI,2021,5650.05,3819.49,33.47
EC-Earth3,u03,FI,2022,5383.28,3934.74,21.09
EC-Earth3,u03,FI,2023,5481.03,3825.94,10.86
EC-Earth3,u03,FI,2024,5238.91,4318.69,8.87
EC-Earth3,u03,FR,1990,3216.9,2236.97,71.86
EC-Earth3,u03,FR,1991,3612.04,2522.21,56.56
EC-Earth3,u03,FR,1992,3448.06,2629.75,48.42
EC-Earth3,u03,FR,1993,3532.9,2496.81,33.64
EC-Earth3,u03,FR,1994,3152.92,2459.5,74.01
EC-Earth3,u03,FR,1995,3307.73,2266.24,71.5
EC-Earth3,u03,FR,1996,3675.74,2511.61,40.27
EC-Earth3,u03,FR,1997,3235.79,2493.78,47.48
EC-Earth3,u03,FR,1998,3416.63,2342.68,54.11
EC-Earth3,u03,FR,1999,3234.28,2509.47,43.26
EC-Earth3,u03,FR,2000,3208.95,2474.15,41.88
EC-Earth3,u03,FR,2001,3339.23,2266.06,58.51
EC-Earth3,u03,FR,2002,3143.65,2348.14,41.54
EC-Earth3,u03,FR,2003,3239.18,2371.05,142.58
EC-Earth3,u03,FR,2004,3392.4,2513.53,49.65
EC-Earth3,u03,FR,2005,3386.06,2534.86,65.71
EC-Earth3,u03,FR,2006,3204.97,2595.4,85.34
EC-Earth3,u03,FR,2007,3204.57,2138.75,29.07
EC-Earth3,u03,FR,2008,3371.13,2460.65,39.53
EC-Earth3,u03,FR,2009,3289.62,2631.5,65.34
EC-Earth3,u03,FR,2010,3669.28,2547.61,58.49
EC-Earth3,u03,FR,2011,3013.17,2541.17,39.41
EC-Earth3,u03,FR,2012,3348.93,2336.17,57.6
EC-Earth3,u03,FR,2013,3501.67,2541.95,61.58
EC-Earth3,u03,FR,2014,2959.18,2224.71,34.96
EC-Earth3,u03,FR,2015,3112.86,2312.3,95.07
EC-Earth3,u03,FR,2016,3282.83,2228.13,65.59
EC-Earth3,u03,FR,2017,3188.72,2427.71,82.76
EC-Earth3,u03,FR,2018,3033.61,2424.67,94.14
EC-Earth3,u03,FR,2019,3106.19,2267.41,107.33
EC-Earth3,u03,FR,2020,2920.29,2178.28,86.93
EC-Earth3,u03,FR,2021,3296.14,2313.62,47.05
EC-Earth3,u03,FR,2022,2868.39,2346.52,134.02
EC-Earth3,u03,FR,2023,2876.77,2151.85,84.38
EC-Earth3,u03,FR,2024,2973.35,2094.01,73.97
EC-Earth3,u03,HR,1990,3184.99,2468.28,78.59
EC-Earth3,u03,HR,1991,3578.49,2650.54,79.98
EC-Earth3,u03,HR,1992,3159.12,2738.77,122.56
EC-Earth3,u03,HR,1993,3370.13,2685.85,110.77
EC-Earth3,u03,HR,1994,2983.73,2472.71,138.41
EC-Earth3,u03,HR,1995,3335.36,2550.86,70.34
EC-Earth3,u03,HR,1996,3620.51,2888.94,59.96
EC-Earth3,u03,HR,1997,3368.09,2602.19,55.41
EC-Earth3,u03,HR,1998,3310.18,2540.12,129.19
EC-Earth3,u03,HR,1999,3210.91,2779.08,75.76
EC-Earth3,u03,HR,2000,2937.59,2695.31,149.83
EC-Earth3,u03,HR,2001,3189.21,2165.28,110.75
EC-Earth3,u03,HR,2002,2997.96,2580.05,88.93
EC-Earth3,u03,HR,2003,3339.13,2680.55,210.2
EC-Earth3,u03,HR,2004,3372.68,2722.09,83.17
EC-Earth3,u03,HR,2005,3541.97,2731.97,69.81
EC-Earth3,u03,HR,2006,3258.82,2817.31,119.16
EC-Earth3,u03,HR,2007,3038.36,2160.63,145.85
EC-Earth3,u03,HR,2008,3064.49,2655.69,118.94
EC-Earth3,u03,HR,2009,3105.39,2563.7,115.63
EC-Earth3,u03,HR,2010,3396.56,2634.45,113.36
EC-Earth3,u03,HR,2011,3195.54,2664.63,127.84
EC-Earth3,u03,HR,2012,3158.81,2723.9,206.29
EC-Earth3,u03,HR,2013,3178.2,2585.9,148.43
EC-Earth3,u03,HR,2014,2766.18,2208.14,68.23
EC-Earth3,u03,HR,2015,3037.45,2354.41,173.56
EC-Earth3,u03,HR,2016,3115.77,2402.35,99.89
EC-Earth3,u03,HR,2017,3147.1,2665.58,190.59
EC-Earth3,u03,HR,2018,2904.04,2573.53,123.14
EC-Earth3,u03,HR,2019,2875.14,2367.78,158.79
EC-Earth3,u03,HR,2020,3001.5,2245.8,109.89
EC-Earth3,u03,HR,2021,3209.35,2443.22,174.16
EC-Earth3,u03,HR,2022,2820.06,2519.36,185.19
EC-Earth3,u03,HR,2023,2681.05,2182.56,138.41
EC-Earth3,u03,HR,2024,2581.1,1983.73,229.88
EC-Earth3,u03,HU,1990,3622.51,2793.95,70.94
EC-Earth3,u03,HU,1991,4024.79,3059.51,63.68
EC-Earth3,u03,HU,1992,3673.57,3092.99,134.9
EC-Earth3,u03,HU,1993,3900.95,3190.74,83.42
EC-Earth3,u03,HU,1994,3498.82,2855.77,128.14
EC-Earth3,u03,HU,1995,3814.37,2949.6,83.57
EC-Earth3,u03,HU,1996,4070.23,3376.75,53.48
EC-Earth3,u03,HU,1997,3879.87,3017.67,48.2
EC-Earth3,u03,HU,1998,3756.95,2858.14,101.23
EC-Earth3,u03,HU,1999,3685.89,3171.91,45.5
EC-Earth3,u03,HU,2000,3420.37,3090.78,122.79
EC-Earth3,u03,HU,2001,3738.23,2629.59,81.81
EC-Earth3,u03,HU,2002,3602.13,3004.55,97.89
EC-Earth3,u03,HU,2003,4015.11,3318.3,146.12
EC-Earth3,u03,HU,2004,3938.64,3188.39,58.3
EC-Earth3,u03,HU,2005,4050.47,3170.08,48.21
EC-Earth3,u03,HU,2006,3831.95,3291.89,95.97
EC-Earth3,u03,HU,2007,3511.16,2566.35,145.46
EC-Earth3,u03,HU,2008,3549.85,3032.41,83.74
EC-Earth3,u03,HU,2009,3629.97,2956.89,94.47
EC-Earth3,u03,HU,2010,3965.26,3034.85,87.64
EC-Earth3,u03,HU,2011,3795.75,3157.31,95
EC-Earth3,u03,HU,2012,3707.54,3152.22,166.16
EC-Earth3,u03,HU,2013,3694.53,3041.82,134.43
EC-Earth3,u03,HU,2014,3289.39,2615.66,69.24
EC-Earth3,u03,HU,2015,3527.99,2747.63,165.71
EC-Earth3,u03,HU,2016,3673.79,2829.62,77.97
EC-Earth3,u03,HU,2017,3706.94,3158.12,146.01
EC-Earth3,u03,HU,2018,3378.19,2965.71,115.91
EC-Earth3,u03,HU,2019,3308.35,2749.98,134.42
EC-Earth3,u03,HU,2020,3484.92,2660.74,87.44
EC-Earth3,u03,HU,2021,3776.21,2833.66,149.12
EC-Earth3,u03,HU,2022,3444.94,2914.08,175.39
EC-Earth3,u03,HU,2023,3258.32,2628.1,118.48
EC-Earth3,u03,HU,2024,3123.12,2467.84,203.72
EC-Earth3,u03,IE,1990,4129.61,2547.83,0.36
EC-Earth3,u03,IE,1991,4304.99,2769.12,0
EC-Earth3,u03,IE,1992,4339.53,2653.19,0
EC-Earth3,u03,IE,1993,4403.03,2716.88,0
EC-Earth3,u03,IE,1994,4299.28,2796.29,0
EC-Earth3,u03,IE,1995,4085.44,2585.11,1.17
EC-Earth3,u03,IE,1996,4437.8,2711.52,0
EC-Earth3,u03,IE,1997,4004.26,2671.24,0
EC-Earth3,u03,IE,1998,4082,2445.58,0
EC-Earth3,u03,IE,1999,4085.12,2585.37,0
EC-Earth3,u03,IE,2000,4249.41,2628.7,0
EC-Earth3,u03,IE,2001,4258.43,2824.78,0
EC-Earth3,u03,IE,2002,4098.4,2484.67,0
EC-Earth3,u03,IE,2003,4064.47,2604.68,0.25
EC-Earth3,u03,IE,2004,4128.57,2669.91,0
EC-Earth3,u03,IE,2005,4049.59,2572.11,0.11
EC-Earth3,u03,IE,2006,4026.43,2657.87,0.66
EC-Earth3,u03,IE,2007,4007,2527.69,0
EC-Earth3,u03,IE,2008,4296.79,2538.58,0
EC-Earth3,u03,IE,2009,4271.89,2773.67,0
EC-Earth3,u03,IE,2010,4637.29,2914.65,0
EC-Earth3,u03,IE,2011,4129.6,2883.98,0
EC-Earth3,u03,IE,2012,4261.13,2378.03,0
EC-Earth3,u03,IE,2013,4272.57,2849.8,0.64
EC-Earth3,u03,IE,2014,4078.06,2602.52,0
EC-Earth3,u03,IE,2015,4305.54,2712.69,0
EC-Earth3,u03,IE,2016,4193.72,2556.74,0.02
EC-Earth3,u03,IE,2017,4088.19,2582.61,0
EC-Earth3,u03,IE,2018,4150.46,2765.94,1.19
EC-Earth3,u03,IE,2019,4130.34,2499.59,0
EC-Earth3,u03,IE,2020,4175.6,2703.9,0
EC-Earth3,u03,IE,2021,4089.74,2691.19,1.37
EC-Earth3,u03,IE,2022,3976.57,2482.63,2.12
EC-Earth3,u03,IE,2023,3855.44,2532.6,0
EC-Earth3,u03,IE,2024,4031.46,2523.71,0
EC-Earth3,u03,IT,1990,2469.83,2004.99,135.74
EC-Earth3,u03,IT,1991,2805.73,2103.63,156.25
EC-Earth3,u03,IT,1992,2580.25,2250.18,139.66
EC-Earth3,u03,IT,1993,2663.17,2141.96,153
EC-Earth3,u03,IT,1994,2389.68,1991.32,201.63
EC-Earth3,u03,IT,1995,2665.59,2044.3,128.58
EC-Earth3,u03,IT,1996,2667.93,2144.41,119.31
EC-Earth3,u03,IT,1997,2464.47,1964.73,132.05
EC-Earth3,u03,IT,1998,2567.06,1999.94,210.09
EC-Earth3,u03,IT,1999,2493.46,2194.15,156.44
EC-Earth3,u03,IT,2000,2358.98,2100.56,176.71
EC-Earth3,u03,IT,2001,2416.4,1803.53,172.4
EC-Earth3,u03,IT,2002,2303.91,1997.19,148.98
EC-Earth3,u03,IT,2003,2416.72,1965.86,308.23
EC-Earth3,u03,IT,2004,2472.14,2056.38,154.52
EC-Earth3,u03,IT,2005,2622.97,2030.76,151.99
EC-Earth3,u03,IT,2006,2419.59,2164.86,185.03
EC-Earth3,u03,IT,2007,2296.69,1725.08,183.55
EC-Earth3,u03,IT,2008,2405.52,2026.18,171.64
EC-Earth3,u03,IT,2009,2439.26,2030.74,185.79
EC-Earth3,u03,IT,2010,2618.36,2091.68,160.04
EC-Earth3,u03,IT,2011,2387.44,2091.64,156.22
EC-Earth3,u03,IT,2012,2488.07,2074,240.65
EC-Earth3,u03,IT,2013,2484.27,2063.47,176.59
EC-Earth3,u03,IT,2014,2163.2,1798.75,113.41
EC-Earth3,u03,IT,2015,2358.81,1841.85,231.68
EC-Earth3,u03,IT,2016,2401.85,1914.79,156.97
EC-Earth3,u03,IT,2017,2490.75,2012.47,248.44
EC-Earth3,u03,IT,2018,2315.66,2102.79,173.87
EC-Earth3,u03,IT,2019,2357.49,1939.64,229.78
EC-Earth3,u03,IT,2020,2354.96,1818.8,169.19
EC-Earth3,u03,IT,2021,2507.84,1994.35,210.46
EC-Earth3,u03,IT,2022,2311.67,2051.14,259.94
EC-Earth3,u03,IT,2023,2243.69,1804.12,203.79
EC-Earth3,u03,IT,2024,2202.93,1711.23,240.73
EC-Earth3,u03,LI,1990,4922.48,3073.2,1.18
EC-Earth3,u03,LI,1991,5244.58,3458.27,1.17
EC-Earth3,u03,LI,1992,4962.17,3578.82,4.56
EC-Earth3,u03,LI,1993,5123.04,3462.83,0.24
EC-Earth3,u03,LI,1994,4666.13,3385.11,3.97
EC-Earth3,u03,LI,1995,5119.28,3321.63,3.09
EC-Earth3,u03,LI,1996,5340.47,3481.87,0.38
EC-Earth3,u03,LI,1997,4842.85,3319.93,0
EC-Earth3,u03,LI,1998,5016.55,3276.48,5.31
EC-Earth3,u03,LI,1999,5022,3587.4,1.04
EC-Earth3,u03,LI,2000,4759.89,3535.21,2.2
EC-Earth3,u03,LI,2001,5070.49,3164.57,2.31
EC-Earth3,u03,LI,2002,4762.33,3338.91,3.58
EC-Earth3,u03,LI,2003,4795.63,3433.06,25.15
EC-Earth3,u03,LI,2004,5106.48,3506.13,0
EC-Earth3,u03,LI,2005,5255.3,3589.56,3.34
EC-Earth3,u03,LI,2006,4867.01,3737.29,5.86
EC-Earth3,u03,LI,2007,4807.12,3002.87,3.75
EC-Earth3,u03,LI,2008,4897.14,3458.28,1.23
EC-Earth3,u03,LI,2009,4910.52,3601.49,2.03
EC-Earth3,u03,LI,2010,5352.7,3585.56,5.39
EC-Earth3,u03,LI,2011,4595.43,3432.48,7.73
EC-Earth3,u03,LI,2012,4964.35,3440.47,6.8
EC-Earth3,u03,LI,2013,5123.83,3545.5,12.56
EC-Earth3,u03,LI,2014,4536.25,3147.96,3.64
EC-Earth3,u03,LI,2015,4653.02,3194.29,19.84
EC-Earth3,u03,LI,2016,4787.76,3182.14,2.78
EC-Earth3,u03,LI,2017,4847.82,3298.72,8.5
EC-Earth3,u03,LI,2018,4465.56,3486.94,6.46
EC-Earth3,u03,LI,2019,4695.44,3249.25,15.58
EC-Earth3,u03,LI,2020,4612.94,3101.38,3.14
EC-Earth3,u03,LI,2021,5031.54,3351.77,3.75
EC-Earth3,u03,LI,2022,4460.88,3356.9,10.14
EC-Earth3,u03,LI,2023,4477.99,3086.61,15.24
EC-Earth3,u03,LI,2024,4440.26,2993.83,5.88
EC-Earth3,u03,LT,1990,4478.69,3221.95,1.87
EC-Earth3,u03,LT,1991,4815.08,3505.72,14.72
EC-Earth3,u03,LT,1992,4758.07,3384.67,32.72
EC-Earth3,u03,LT,1993,5110.77,3644.35,1.07
EC-Earth3,u03,LT,1994,4968.39,3853.8,52.8
EC-Earth3,u03,LT,1995,4913.65,3532.03,17.76
EC-Earth3,u03,LT,1996,5474.87,4257.52,10.17
EC-Earth3,u03,LT,1997,5021.03,3628.68,19.13
EC-Earth3,u03,LT,1998,4981.79,3568.07,10.23
EC-Earth3,u03,LT,1999,4670.23,3850.12,37.07
EC-Earth3,u03,LT,2000,4455.54,3470.43,4.94
EC-Earth3,u03,LT,2001,4833.83,3316.58,24.47
EC-Earth3,u03,LT,2002,4672.95,3450.89,49.36
EC-Earth3,u03,LT,2003,4934.15,4043.69,22.52
EC-Earth3,u03,LT,2004,4933.28,3688.38,6.39
EC-Earth3,u03,LT,2005,4896.53,3641.85,13.6
EC-Earth3,u03,LT,2006,4735.32,3913.95,39.4
EC-Earth3,u03,LT,2007,4562.73,3137.52,20.03
EC-Earth3,u03,LT,2008,4436.99,3332.78,7.44
EC-Earth3,u03,LT,2009,4811.92,3492.92,5.51
EC-Earth3,u03,LT,2010,5207.54,3964.7,56.32
EC-Earth3,u03,LT,2011,4653.9,3980.61,21.69
EC-Earth3,u03,LT,2012,4982.9,3637.56,21.48
EC-Earth3,u03,LT,2013,4788.51,3886.84,24.98
EC-Earth3,u03,LT,2014,4613.89,3267.94,41.97
EC-Earth3,u03,LT,2015,4433.7,3338.14,34.76
EC-Earth3,u03,LT,2016,4716.15,3445.18,22.39
EC-Earth3,u03,LT,2017,4689.23,3560.92,6.7
EC-Earth3,u03,LT,2018,4554.08,3623.04,49.11
EC-Earth3,u03,LT,2019,4313.18,3405.21,41.53
EC-Earth3,u03,LT,2020,4174.99,2960.82,29.83
EC-Earth3,u03,LT,2021,4879.87,3449.27,58.65
EC-Earth3,u03,LT,2022,4640.35,3386.74,48.99
EC-Earth3,u03,LT,2023,4339.08,3323.84,26.82
EC-Earth3,u03,LT,2024,4102.03,3340.45,38.02
EC-Earth3,u03,LU,1990,4019.69,2731.32,36.07
EC-Earth3,u03,LU,1991,4333.28,2984.51,26.54
EC-Earth3,u03,LU,1992,4090.72,3029.52,24.83
EC-Earth3,u03,LU,1993,4240.43,3016.55,9.11
EC-Earth3,u03,LU,1994,3868.84,2969.87,56.26
EC-Earth3,u03,LU,1995,4070.54,2750.6,52.58
EC-Earth3,u03,LU,1996,4645.1,3164.58,12.03
EC-Earth3,u03,LU,1997,4080.82,3057.42,22.15
EC-Earth3,u03,LU,1998,4176.97,2843.1,27.73
EC-Earth3,u03,LU,1999,3969.87,3027.98,17.76
EC-Earth3,u03,LU,2000,3812.73,2942.01,15.41
EC-Earth3,u03,LU,2001,3960.42,2683.16,40.42
EC-Earth3,u03,LU,2002,3716.75,2737.27,29.34
EC-Earth3,u03,LU,2003,3886.36,2819.04,155.1
EC-Earth3,u03,LU,2004,4019.25,2968.54,47.5
EC-Earth3,u03,LU,2005,3958.54,2966.66,49.1
EC-Earth3,u03,LU,2006,3841.32,2992.95,67.97
EC-Earth3,u03,LU,2007,3701.06,2474.55,17.57
EC-Earth3,u03,LU,2008,3939.04,2835.92,23.72
EC-Earth3,u03,LU,2009,3908.1,3060.38,32.55
EC-Earth3,u03,LU,2010,4368.84,2988.01,49.53
EC-Earth3,u03,LU,2011,3671.96,2972.17,21.11
EC-Earth3,u03,LU,2012,4132.81,2808.91,21.12
EC-Earth3,u03,LU,2013,4343.78,3120.98,38.18
EC-Earth3,u03,LU,2014,3708.45,2689.77,22.46
EC-Earth3,u03,LU,2015,3936.89,2827.47,74.59
EC-Earth3,u03,LU,2016,4136.6,2744.47,28.41
EC-Earth3,u03,LU,2017,4056.12,2998.97,35.84
EC-Earth3,u03,LU,2018,3865.51,2965.39,66.31
EC-Earth3,u03,LU,2019,3984.34,2809.58,65.15
EC-Earth3,u03,LU,2020,3761.97,2731.82,51.77
EC-Earth3,u03,LU,2021,4191.61,2827.45,15.68
EC-Earth3,u03,LU,2022,3819.35,2848.98,61.67
EC-Earth3,u03,LU,2023,3792.69,2701.71,27.3
EC-Earth3,u03,LU,2024,3724.68,2629.79,33.5
EC-Earth3,u03,LV,1990,4483.03,3221.73,2.41
EC-Earth3,u03,LV,1991,4771.62,3453.52,11.02
EC-Earth3,u03,LV,1992,4746.2,3267.14,21.74
EC-Earth3,u03,LV,1993,5140.74,3595.25,0.81
EC-Earth3,u03,LV,1994,5086.23,3959.15,36.86
EC-Earth3,u03,LV,1995,4885.92,3490.07,11.53
EC-Earth3,u03,LV,1996,5469.26,4195.99,6.38
EC-Earth3,u03,LV,1997,5001.12,3546.15,27.53
EC-Earth3,u03,LV,1998,5019.89,3591.77,7.3
EC-Earth3,u03,LV,1999,4682.38,3859.41,30.4
EC-Earth3,u03,LV,2000,4474.37,3427.3,3.55
EC-Earth3,u03,LV,2001,4866.3,3316.48,23.05
EC-Earth3,u03,LV,2002,4809.84,3476.54,37.78
EC-Earth3,u03,LV,2003,4973.65,4081.48,30.26
EC-Earth3,u03,LV,2004,4966.5,3656.16,7.14
EC-Earth3,u03,LV,2005,4978.56,3699.73,12.44
EC-Earth3,u03,LV,2006,4741.11,3897.78,34.93
EC-Earth3,u03,LV,2007,4691.04,3182.99,15.75
EC-Earth3,u03,LV,2008,4454.25,3302.56,5.36
EC-Earth3,u03,LV,2009,4830.54,3450.35,6.68
EC-Earth3,u03,LV,2010,5209.67,3984.4,60.36
EC-Earth3,u03,LV,2011,4554.81,3937.86,30.35
EC-Earth3,u03,LV,2012,4943.24,3529.9,14.89
EC-Earth3,u03,LV,2013,4726.8,3852.24,21.76
EC-Earth3,u03,LV,2014,4606.91,3241.32,38.13
EC-Earth3,u03,LV,2015,4394.1,3299.02,17.48
EC-Earth3,u03,LV,2016,4675.23,3400.74,17.8
EC-Earth3,u03,LV,2017,4700.4,3511.51,4
EC-Earth3,u03,LV,2018,4521.65,3591.32,46.92
EC-Earth3,u03,LV,2019,4295.18,3347.55,25.09
EC-Earth3,u03,LV,2020,4086.87,2920.55,21.47
EC-Earth3,u03,LV,2021,4779.6,3357.3,56.51
EC-Earth3,u03,LV,2022,4606.14,3368.74,46.59
EC-Earth3,u03,LV,2023,4370.46,3346.85,20.47
EC-Earth3,u03,LV,2024,4120.09,3431.68,23.86
EC-Earth3,u03,MT,1990,1266.91,1036.47,273.39
EC-Earth3,u03,MT,1991,1513.92,1159.41,270.62
EC-Earth3,u03,MT,1992,1419.47,1400.95,211.58
EC-Earth3,u03,MT,1993,1457.7,1238.31,286.44
EC-Earth3,u03,MT,1994,1230.16,1086.64,337.57
EC-Earth3,u03,MT,1995,1413.62,1144.48,284.71
EC-Earth3,u03,MT,1996,1412.46,1212.08,289.32
EC-Earth3,u03,MT,1997,1350.2,1165.36,337.22
EC-Earth3,u03,MT,1998,1426.5,1181.45,421.48
EC-Earth3,u03,MT,1999,1232.06,1295.09,326.98
EC-Earth3,u03,MT,2000,1188.49,1084.05,314.07
EC-Earth3,u03,MT,2001,1197.07,872.9,243.61
EC-Earth3,u03,MT,2002,1157.57,1067.53,272.65
EC-Earth3,u03,MT,2003,1266.42,1142.3,392.93
EC-Earth3,u03,MT,2004,1331.17,1066.69,224.08
EC-Earth3,u03,MT,2005,1495.55,1169.91,188.44
EC-Earth3,u03,MT,2006,1253.2,1193.15,236.94
EC-Earth3,u03,MT,2007,1262.95,892.27,236.87
EC-Earth3,u03,MT,2008,1247.09,1149.73,173.94
EC-Earth3,u03,MT,2009,1320.12,1090.87,251.43
EC-Earth3,u03,MT,2010,1190.88,1030.58,202.21
EC-Earth3,u03,MT,2011,1365.67,1122.09,177.72
EC-Earth3,u03,MT,2012,1341.48,1210.48,291.49
EC-Earth3,u03,MT,2013,1194.24,1040.19,225.79
EC-Earth3,u03,MT,2014,,953.06,199.93
EC-Earth3,u03,MT,2015,1200.49,,289.45
EC-Earth3,u03,MT,2016,,,196.94
EC-Earth3,u03,MT,2017,1309.02,1093.11,301.5
EC-Earth3,u03,MT,2018,1156.33,1082.07,180.11
EC-Earth3,u03,MT,2019,1437.95,1178.51,272.72
EC-Earth3,u03,MT,2020,1237.01,1075.58,215.08
EC-Earth3,u03,MT,2021,1278.38,1029.96,351.09
EC-Earth3,u03,MT,2022,1334.74,1193.59,244.22
EC-Earth3,u03,MT,2023,1343.29,1038.98,174.93
EC-Earth3,u03,MT,2024,1403.47,1060.89,248.86
EC-Earth3,u03,NL,1990,3661.53,2428.05,18.43
EC-Earth3,u03,NL,1991,4121.89,2748.57,14.94
EC-Earth3,u03,NL,1992,3772.3,2745.28,12.56
EC-Earth3,u03,NL,1993,4030.24,2767.1,4.04
EC-Earth3,u03,NL,1994,3727.34,2826.89,34.53
EC-Earth3,u03,NL,1995,3828.62,2535.92,39.11
EC-Earth3,u03,NL,1996,4476.97,3106.49,13.89
EC-Earth3,u03,NL,1997,3867.24,2859.73,22.27
EC-Earth3,u03,NL,1998,3781.39,2565.9,8.46
EC-Earth3,u03,NL,1999,3614.12,2734.5,15.84
EC-Earth3,u03,NL,2000,3613.77,2597.03,10.54
EC-Earth3,u03,NL,2001,3790.82,2656.21,18.03
EC-Earth3,u03,NL,2002,3639.36,2456.6,16.38
EC-Earth3,u03,NL,2003,3819.01,2787.94,33.26
EC-Earth3,u03,NL,2004,3802.19,2751.46,14.05
EC-Earth3,u03,NL,2005,3704.39,2700.48,15.24
EC-Earth3,u03,NL,2006,3589.62,2778.55,46.04
EC-Earth3,u03,NL,2007,3484.41,2228.19,5.58
EC-Earth3,u03,NL,2008,3737.41,2621.17,9.3
EC-Earth3,u03,NL,2009,3753.37,2870.26,13.09
EC-Earth3,u03,NL,2010,4285.62,2866.99,24.27
EC-Earth3,u03,NL,2011,3590.36,2887.91,6.99
EC-Earth3,u03,NL,2012,3846.76,2607.65,13.76
EC-Earth3,u03,NL,2013,4028.52,2912.18,20.43
EC-Earth3,u03,NL,2014,3317.06,2386.41,12.94
EC-Earth3,u03,NL,2015,3632.45,2545.27,21.13
EC-Earth3,u03,NL,2016,3693.75,2444.65,14.07
EC-Earth3,u03,NL,2017,3588.05,2690.96,12.4
EC-Earth3,u03,NL,2018,3523.73,2658.62,45
EC-Earth3,u03,NL,2019,3539.04,2475.61,46.43
EC-Earth3,u03,NL,2020,3377.57,2445.24,40.9
EC-Earth3,u03,NL,2021,3751.63,2560.37,7.45
EC-Earth3,u03,NL,2022,3389.9,2443.66,38.69
EC-Earth3,u03,NL,2023,3314.26,2414.67,22.89
EC-Earth3,u03,NL,2024,3302.93,2302.51,17.99
EC-Earth3,u03,NO,1990,5250.45,3434.46,0.39
EC-Earth3,u03,NO,1991,5606.49,3755.67,3.36
EC-Earth3,u03,NO,1992,5505.93,3505.13,1.36
EC-Earth3,u03,NO,1993,5842.92,3737.84,0
EC-Earth3,u03,NO,1994,5800.22,4148.3,5.82
EC-Earth3,u03,NO,1995,5775.57,3675.57,1.15
EC-Earth3,u03,NO,1996,6075.59,4105.18,0.15
EC-Earth3,u03,NO,1997,5487.52,3815.99,3.66
EC-Earth3,u03,NO,1998,5691.62,3698.52,0
EC-Earth3,u03,NO,1999,5511.8,3839.64,0.64
EC-Earth3,u03,NO,2000,5303.59,3618.01,0.01
EC-Earth3,u03,NO,2001,5782.21,3697.73,1.08
EC-Earth3,u03,NO,2002,5493.67,3627.6,1.4
EC-Earth3,u03,NO,2003,5471.28,4058.78,2.89
EC-Earth3,u03,NO,2004,5480.64,3769.25,2.93
EC-Earth3,u03,NO,2005,5386.4,3623,3.14
EC-Earth3,u03,NO,2006,5240.28,3777.15,2.95
EC-Earth3,u03,NO,2007,5412.67,3396.29,3.32
EC-Earth3,u03,NO,2008,5354.01,3576.17,8.01
EC-Earth3,u03,NO,2009,5578.98,3773.87,6.58
EC-Earth3,u03,NO,2010,6337.93,4190.22,0.01
EC-Earth3,u03,NO,2011,5346.07,4252.24,0.2
EC-Earth3,u03,NO,2012,5769.81,3493.88,0
EC-Earth3,u03,NO,2013,5667.77,4120.66,0.57
EC-Earth3,u03,NO,2014,5107.33,3449.37,8.36
EC-Earth3,u03,NO,2015,5324.42,3464.21,0.33
EC-Earth3,u03,NO,2016,5498.53,3651.19,1.01
EC-Earth3,u03,NO,2017,5544.67,3635.19,0.04
EC-Earth3,u03,NO,2018,5566.75,3981.07,14.98
EC-Earth3,u03,NO,2019,5525.44,3649.5,4.59
EC-Earth3,u03,NO,2020,5105.3,3543.49,5.39
EC-Earth3,u03,NO,2021,5598.9,3653.61,3.23
EC-Earth3,u03,NO,2022,5369.55,3591.66,1.8
EC-Earth3,u03,NO,2023,5630.08,3673.87,3.38
EC-Earth3,u03,NO,2024,5313.67,4019.49,0.8
EC-Earth3,u03,PL,1990,4200.13,2941.6,17.77
EC-Earth3,u03,PL,1991,4668.21,3303.94,19.41
EC-Earth3,u03,PL,1992,4443.6,3321.35,65.41
EC-Earth3,u03,PL,1993,4677.06,3450.17,14.73
EC-Earth3,u03,PL,1994,4343.71,3332.66,74.99
EC-Earth3,u03,PL,1995,4597.57,3234.01,38.77
EC-Earth3,u03,PL,1996,5165.47,3957.49,15.59
EC-Earth3,u03,PL,1997,4694.95,3455.87,14.23
EC-Earth3,u03,PL,1998,4533.54,3264.41,21.61
EC-Earth3,u03,PL,1999,4322.54,3478.92,23.76
EC-Earth3,u03,PL,2000,4116.82,3290.68,26.65
EC-Earth3,u03,PL,2001,4547.78,3081.13,25.57
EC-Earth3,u03,PL,2002,4298.32,3200.65,39.32
EC-Earth3,u03,PL,2003,4584.5,3699.53,37.4
EC-Earth3,u03,PL,2004,4526.32,3447,17.02
EC-Earth3,u03,PL,2005,4576.82,3339.35,22.12
EC-Earth3,u03,PL,2006,4465.22,3714.82,63.89
EC-Earth3,u03,PL,2007,4194.88,2825.84,36.11
EC-Earth3,u03,PL,2008,4174.21,3227.67,26.09
EC-Earth3,u03,PL,2009,4445.23,3296.27,21.18
EC-Earth3,u03,PL,2010,4868.63,3576.13,55.66
EC-Earth3,u03,PL,2011,4329,3584.88,19.46
EC-Earth3,u03,PL,2012,4523.45,3395.87,43.67
EC-Earth3,u03,PL,2013,4494.79,3568.38,42.75
EC-Earth3,u03,PL,2014,4072.79,2993.9,39.5
EC-Earth3,u03,PL,2015,4067.56,3039.78,77.55
EC-Earth3,u03,PL,2016,4252.43,3092.63,31.33
EC-Earth3,u03,PL,2017,4282.37,3329.77,30.86
EC-Earth3,u03,PL,2018,4052.24,3279.03,55
EC-Earth3,u03,PL,2019,3901.37,3038.6,67.79
EC-Earth3,u03,PL,2020,3978.25,2838.78,32.66
EC-Earth3,u03,PL,2021,4440.54,3182.3,42.13
EC-Earth3,u03,PL,2022,4137.47,3114.11,60.46
EC-Earth3,u03,PL,2023,3912.55,2983.65,43.75
EC-Earth3,u03,PL,2024,3666.4,2863.16,56.85
EC-Earth3,u03,PT,1990,1887.14,1228.26,122.04
EC-Earth3,u03,PT,1991,2100.82,1614.84,127.27
EC-Earth3,u03,PT,1992,2057.3,1577.38,85.92
EC-Earth3,u03,PT,1993,2166.74,1494.53,92.11
EC-Earth3,u03,PT,1994,1943.42,1544.53,63.62
EC-Earth3,u03,PT,1995,1653.85,1306.13,106.21
EC-Earth3,u03,PT,1996,1973.47,1337.46,89.51
EC-Earth3,u03,PT,1997,1578.45,1303.7,61.37
EC-Earth3,u03,PT,1998,1824.4,1171.73,111.09
EC-Earth3,u03,PT,1999,1979.32,1514.58,78.24
EC-Earth3,u03,PT,2000,1988.85,1486.6,92.76
EC-Earth3,u03,PT,2001,1946.39,1391.57,72.5
EC-Earth3,u03,PT,2002,1851.99,1450.77,68.93
EC-Earth3,u03,PT,2003,1893.73,1372.21,132.76
EC-Earth3,u03,PT,2004,1988.45,1485.27,102.85
EC-Earth3,u03,PT,2005,2000.05,1611.3,141.19
EC-Earth3,u03,PT,2006,1829.33,1565.31,141.44
EC-Earth3,u03,PT,2007,1976.78,1356.56,66.38
EC-Earth3,u03,PT,2008,1960.75,1374.62,68.84
EC-Earth3,u03,PT,2009,1867.78,1546.58,94.95
EC-Earth3,u03,PT,2010,1919.93,1428.35,160.1
EC-Earth3,u03,PT,2011,1664.3,1465.42,106.28
EC-Earth3,u03,PT,2012,1900.87,1396.09,112.48
EC-Earth3,u03,PT,2013,2050.42,1514.81,157.28
EC-Earth3,u03,PT,2014,1805.81,1449.94,78.66
EC-Earth3,u03,PT,2015,1799.84,1483.51,129.89
EC-Earth3,u03,PT,2016,1921.51,1331.58,180.47
EC-Earth3,u03,PT,2017,1775.17,1414.98,155.84
EC-Earth3,u03,PT,2018,1965.61,1483.55,122.84
EC-Earth3,u03,PT,2019,1830.9,1382.64,81.35
EC-Earth3,u03,PT,2020,1709.9,1293.83,161.38
EC-Earth3,u03,PT,2021,1948.59,1421.56,97.62
EC-Earth3,u03,PT,2022,1733.19,1407.61,175.21
EC-Earth3,u03,PT,2023,1782.05,1295.98,169.96
EC-Earth3,u03,PT,2024,1731.52,1289.1,136.73
EC-Earth3,u03,RO,1990,3819.96,3008.2,85.74
EC-Earth3,u03,RO,1991,4269.48,3144.83,57.22
EC-Earth3,u03,RO,1992,4110.86,3337,112.25
EC-Earth3,u03,RO,1993,4292.46,3367.61,89.97
EC-Earth3,u03,RO,1994,3710.6,3046.34,106.29
EC-Earth3,u03,RO,1995,4134.09,3114.82,79.06
EC-Earth3,u03,RO,1996,4374.25,3713.91,86.44
EC-Earth3,u03,RO,1997,4305.3,3199.89,45.42
EC-Earth3,u03,RO,1998,4140.17,3186.59,114.66
EC-Earth3,u03,RO,1999,3891.25,3345.32,103.08
EC-Earth3,u03,RO,2000,3838.05,3283.89,155.06
EC-Earth3,u03,RO,2001,3972.68,2829.03,110.48
EC-Earth3,u03,RO,2002,3842.82,3141.76,100.69
EC-Earth3,u03,RO,2003,4223.93,3502.28,128.55
EC-Earth3,u03,RO,2004,4015.25,3286.59,65.29
EC-Earth3,u03,RO,2005,4143.5,3189.49,59.06
EC-Earth3,u03,RO,2006,4072.1,3387.07,93.69
EC-Earth3,u03,RO,2007,3677.7,2749.5,180.69
EC-Earth3,u03,RO,2008,3773.14,3182.3,122.53
EC-Earth3,u03,RO,2009,3748.69,3031.6,109.65
EC-Earth3,u03,RO,2010,3958.97,3141.91,123.29
EC-Earth3,u03,RO,2011,4087.19,3256.08,106.3
EC-Earth3,u03,RO,2012,3956.37,3448.07,215.18
EC-Earth3,u03,RO,2013,3777.03,3115.57,116.93
EC-Earth3,u03,RO,2014,3691.66,2870.91,83.95
EC-Earth3,u03,RO,2015,3663.08,3029.97,160.31
EC-Earth3,u03,RO,2016,3801.94,2882.53,124.77
EC-Earth3,u03,RO,2017,3819.08,3263.29,145.88
EC-Earth3,u03,RO,2018,3653.52,3044.35,104.04
EC-Earth3,u03,RO,2019,3465.72,2963.82,136.17
EC-Earth3,u03,RO,2020,3527.56,2690.58,120.5
EC-Earth3,u03,RO,2021,3871.65,2893.04,138.97
EC-Earth3,u03,RO,2022,3595.01,3003.51,162.82
EC-Earth3,u03,RO,2023,3324.43,2672.57,159.88
EC-Earth3,u03,RO,2024,3272.83,2553.87,240
EC-Earth3,u03,RS,1990,3601.28,2857.83,86.59
EC-Earth3,u03,RS,1991,4064.2,2959.04,62.13
EC-Earth3,u03,RS,1992,3710.14,3111.91,131.05
EC-Earth3,u03,RS,1993,3941.42,3178.95,131.69
EC-Earth3,u03,RS,1994,3481.17,2794.57,125.93
EC-Earth3,u03,RS,1995,3862.92,2938.19,72.99
EC-Earth3,u03,RS,1996,4049.57,3393.26,83.32
EC-Earth3,u03,RS,1997,3970.52,2945.45,50.1
EC-Earth3,u03,RS,1998,3800.43,2928.39,131.27
EC-Earth3,u03,RS,1999,3652.08,3113.12,70.59
EC-Earth3,u03,RS,2000,3383.37,3062.55,196.68
EC-Earth3,u03,RS,2001,3621.56,2464.92,105.46
EC-Earth3,u03,RS,2002,3389.51,2905.72,101.74
EC-Earth3,u03,RS,2003,3798.69,3115.62,178.89
EC-Earth3,u03,RS,2004,3724.4,3039.74,88.86
EC-Earth3,u03,RS,2005,3933.76,3027.25,60.82
EC-Earth3,u03,RS,2006,3700.37,3090.35,106.19
EC-Earth3,u03,RS,2007,3410.19,2506.7,190.88
EC-Earth3,u03,RS,2008,3426.09,2956.49,137.81
EC-Earth3,u03,RS,2009,3462.74,2840.91,111.57
EC-Earth3,u03,RS,2010,3598.8,2838.13,110.76
EC-Earth3,u03,RS,2011,3741.42,2991.21,129.83
EC-Earth3,u03,RS,2012,3612.42,3181.51,212.5
EC-Earth3,u03,RS,2013,3436.56,2807.74,151.03
EC-Earth3,u03,RS,2014,3239.85,2521.17,70.61
EC-Earth3,u03,RS,2015,3388.59,2718.88,193.24
EC-Earth3,u03,RS,2016,3534.74,2692.35,95.68
EC-Earth3,u03,RS,2017,3532.12,3046.25,202.93
EC-Earth3,u03,RS,2018,3196.47,2804.48,100.19
EC-Earth3,u03,RS,2019,3146.94,2683.15,154.96
EC-Earth3,u03,RS,2020,3294.26,2491.72,97.7
EC-Earth3,u03,RS,2021,3570.86,2684.79,186.75
EC-Earth3,u03,RS,2022,3179.95,2797.47,184.6
EC-Earth3,u03,RS,2023,2966.43,2379.34,137.25
EC-Earth3,u03,RS,2024,2898.33,2227.62,272.15
EC-Earth3,u03,SE,1990,4671.42,3234.22,2.02
EC-Earth3,u03,SE,1991,5064.11,3519.73,8.01
EC-Earth3,u03,SE,1992,4903.64,3308.76,6.12
EC-Earth3,u03,SE,1993,5236.54,3548.77,0.19
EC-Earth3,u03,SE,1994,5130.47,3813.91,27.49
EC-Earth3,u03,SE,1995,5208.68,3435.02,10.34
EC-Earth3,u03,SE,1996,5572.24,4008.9,2.75
EC-Earth3,u03,SE,1997,5062.81,3583.33,13.67
EC-Earth3,u03,SE,1998,5233.23,3537.63,0.23
EC-Earth3,u03,SE,1999,4942.34,3714.16,12.04
EC-Earth3,u03,SE,2000,4704.58,3434.37,1.27
EC-Earth3,u03,SE,2001,5131.28,3384.79,10.38
EC-Earth3,u03,SE,2002,4940.7,3390.49,10.87
EC-Earth3,u03,SE,2003,5039.38,3916.97,9.61
EC-Earth3,u03,SE,2004,5074.25,3633.96,5.51
EC-Earth3,u03,SE,2005,4953.52,3563.49,8.38
EC-Earth3,u03,SE,2006,4806.68,3729.19,19.59
EC-Earth3,u03,SE,2007,4790.34,3136.95,6.46
EC-Earth3,u03,SE,2008,4737.39,3312.12,12.77
EC-Earth3,u03,SE,2009,5025.29,3547.65,7.28
EC-Earth3,u03,SE,2010,5707.27,3959.74,12.04
EC-Earth3,u03,SE,2011,4752.91,4032.69,4.14
EC-Earth3,u03,SE,2012,5158.92,3342.93,1.18
EC-Earth3,u03,SE,2013,5001.4,3852.34,3.87
EC-Earth3,u03,SE,2014,4570.56,3187.84,19.26
EC-Earth3,u03,SE,2015,4663.26,3204.64,3.93
EC-Earth3,u03,SE,2016,4854.77,3386.41,5.32
EC-Earth3,u03,SE,2017,4859.28,3407.4,0.05
EC-Earth3,u03,SE,2018,4737.55,3603.55,39.71
EC-Earth3,u03,SE,2019,4701.42,3342.35,12.54
EC-Earth3,u03,SE,2020,4349.13,3145.41,15.27
EC-Earth3,u03,SE,2021,4925.69,3284.34,13.4
EC-Earth3,u03,SE,2022,4663.54,3345.96,16.88
EC-Earth3,u03,SE,2023,4843.99,3336.94,5.11
EC-Earth3,u03,SE,2024,4635.01,3627.59,3.9
EC-Earth3,u03,SI,1990,3995.7,2898.94,26.48
EC-Earth3,u03,SI,1991,4342.7,3133.68,30.87
EC-Earth3,u03,SI,1992,3934.96,3172.15,65.97
EC-Earth3,u03,SI,1993,4100.37,3114.24,49.33
EC-Earth3,u03,SI,1994,3696.6,2896.47,58.49
EC-Earth3,u03,SI,1995,4106.75,2995.74,25.92
EC-Earth3,u03,SI,1996,4434.39,3327.13,19.71
EC-Earth3,u03,SI,1997,4092.62,3045.39,10.69
EC-Earth3,u03,SI,1998,4022.25,2950.43,55.16
EC-Earth3,u03,SI,1999,3954.27,3198.69,24.44
EC-Earth3,u03,SI,2000,3649.01,3127.89,63.68
EC-Earth3,u03,SI,2001,3910.76,2615.57,54.38
EC-Earth3,u03,SI,2002,3683.32,2969.1,39.73
EC-Earth3,u03,SI,2003,3989.92,3052.45,127.33
EC-Earth3,u03,SI,2004,4144.44,3156.08,32.39
EC-Earth3,u03,SI,2005,4229.94,3127.29,30.92
EC-Earth3,u03,SI,2006,3958.42,3294.83,68.55
EC-Earth3,u03,SI,2007,3706.64,2548.85,63.71
EC-Earth3,u03,SI,2008,3791.18,3028.04,43.21
EC-Earth3,u03,SI,2009,3818.57,3025.33,48.37
EC-Earth3,u03,SI,2010,4158,3098.43,60.25
EC-Earth3,u03,SI,2011,3839.4,3084.04,57.9
EC-Earth3,u03,SI,2012,3823.87,3093.84,100.19
EC-Earth3,u03,SI,2013,3919.11,3063.66,99.42
EC-Earth3,u03,SI,2014,3447.75,2627.12,31.49
EC-Earth3,u03,SI,2015,3688.89,2735.31,98.96
EC-Earth3,u03,SI,2016,3788.01,2833.11,49.14
EC-Earth3,u03,SI,2017,3831.39,3022.91,99.63
EC-Earth3,u03,SI,2018,3609.6,3043.12,60.27
EC-Earth3,u03,SI,2019,3577.9,2774.31,83.48
EC-Earth3,u03,SI,2020,3697.32,2670.42,47.01
EC-Earth3,u03,SI,2021,3970.24,2916.01,83.45
EC-Earth3,u03,SI,2022,3564.8,2995.09,100.59
EC-Earth3,u03,SI,2023,3449.19,2659.27,69.41
EC-Earth3,u03,SI,2024,3249.01,2444.13,115.03
EC-Earth3,u03,SK,1990,4462.55,3211.97,37.12
EC-Earth3,u03,SK,1991,4796.52,3413.62,33.56
EC-Earth3,u03,SK,1992,4499.67,3478.7,81.12
EC-Earth3,u03,SK,1993,4676.45,3581.19,39.84
EC-Earth3,u03,SK,1994,4262.76,3206.85,79.17
EC-Earth3,u03,SK,1995,4595.43,3323.92,39.83
EC-Earth3,u03,SK,1996,4934.92,3764.41,22.98
EC-Earth3,u03,SK,1997,4729.56,3462.44,19.04
EC-Earth3,u03,SK,1998,4518.61,3276.66,53.34
EC-Earth3,u03,SK,1999,4411.39,3523.65,21.91
EC-Earth3,u03,SK,2000,4199.33,3484.4,60.34
EC-Earth3,u03,SK,2001,4533.12,3007.07,41.03
EC-Earth3,u03,SK,2002,4307.39,3369.33,49.89
EC-Earth3,u03,SK,2003,4573.4,3587.51,73.15
EC-Earth3,u03,SK,2004,4610.91,3511.6,24.78
EC-Earth3,u03,SK,2005,4697.73,3480.34,26.53
EC-Earth3,u03,SK,2006,4508.21,3682.46,59.54
EC-Earth3,u03,SK,2007,4197.07,2867.61,73.07
EC-Earth3,u03,SK,2008,4168.66,3351.37,35.47
EC-Earth3,u03,SK,2009,4306.03,3266.77,44.15
EC-Earth3,u03,SK,2010,4620.2,3397.67,52.7
EC-Earth3,u03,SK,2011,4375.5,3459.59,39.75
EC-Earth3,u03,SK,2012,4374.66,3472.56,85.92
EC-Earth3,u03,SK,2013,4372.52,3412.5,79.62
EC-Earth3,u03,SK,2014,3862.01,2896.62,35.06
EC-Earth3,u03,SK,2015,4118.5,3043.96,113.59
EC-Earth3,u03,SK,2016,4278.52,3107.37,43.45
EC-Earth3,u03,SK,2017,4353.5,3444.74,80.69
EC-Earth3,u03,SK,2018,3971.72,3319.65,67.09
EC-Earth3,u03,SK,2019,3955.71,3085.33,76.18
EC-Earth3,u03,SK,2020,4113.24,2956.75,43.97
EC-Earth3,u03,SK,2021,4425.16,3177.46,63.95
EC-Earth3,u03,SK,2022,4059.78,3196.04,84.07
EC-Earth3,u03,SK,2023,3881.1,2942.7,54.94
EC-Earth3,u03,SK,2024,3644.08,2772.19,94.67
EC-Earth3,u03,UK,1990,4528.19,2783.58,0
EC-Earth3,u03,UK,1991,4669.52,2955.58,0
EC-Earth3,u03,UK,1992,4723.97,2833.57,0
EC-Earth3,u03,UK,1993,4776.16,2905.92,0
EC-Earth3,u03,UK,1994,4672.39,3020.6,0
EC-Earth3,u03,UK,1995,4465.86,2785.61,0.68
EC-Earth3,u03,UK,1996,4789.92,2895.85,0
EC-Earth3,u03,UK,1997,4360,2844.31,0
EC-Earth3,u03,UK,1998,4470.92,2629.4,0
EC-Earth3,u03,UK,1999,4466.54,2803.16,0
EC-Earth3,u03,UK,2000,4587.11,2792.19,0
EC-Earth3,u03,UK,2001,4631.44,3027.45,0
EC-Earth3,u03,UK,2002,4518.55,2686.52,0
EC-Earth3,u03,UK,2003,4470,2864.35,0
EC-Earth3,u03,UK,2004,4466.75,2884.17,0
EC-Earth3,u03,UK,2005,4396.6,2743.48,0.11
EC-Earth3,u03,UK,2006,4361.26,2843.83,1.1
EC-Earth3,u03,UK,2007,4336.74,2721.42,0
EC-Earth3,u03,UK,2008,4636.27,2721.98,0
EC-Earth3,u03,UK,2009,4595.12,2955.07,0
EC-Earth3,u03,UK,2010,4967.29,3075.17,0
EC-Earth3,u03,UK,2011,4436.39,3105,0
EC-Earth3,u03,UK,2012,4586.97,2557.29,0
EC-Earth3,u03,UK,2013,4578.65,3033.06,0.11
EC-Earth3,u03,UK,2014,4413.39,2770.47,0
EC-Earth3,u03,UK,2015,4677.78,2873.57,0
EC-Earth3,u03,UK,2016,4500.6,2747.99,0
EC-Earth3,u03,UK,2017,4354.95,2734.66,0
EC-Earth3,u03,UK,2018,4497.07,2883.14,0.92
EC-Earth3,u03,UK,2019,4437.34,2672.26,0
EC-Earth3,u03,UK,2020,4496.4,2862.36,0
EC-Earth3,u03,UK,2021,4382.66,2839.41,1.15
EC-Earth3,u03,UK,2022,4307.06,2620.16,0.84
EC-Earth3,u03,UK,2023,4177.79,2723.98,0
EC-Earth3,u03,UK,2024,4369.58,2684.52,0
HadGEM3-GC31-LL,g01,AL,1990,2389.84,1973.19,165.11
HadGEM3-GC31-LL,g01,AL,1991,2751.74,1954.51,132.69
HadGEM3-GC31-LL,g01,AL,1992,2648.13,2272.9,171.33
HadGEM3-GC31-LL,g01,AL,1993,2624.29,2141.44,197.35
HadGEM3-GC31-LL,g01,AL,1994,2353.45,1852.78,207.55
HadGEM3-GC31-LL,g01,AL,1995,2619.58,2019.52,144.12
HadGEM3-GC31-LL,g01,AL,1996,2585.99,2122.56,169.77
HadGEM3-GC31-LL,g01,AL,1997,2523.08,1918.89,154.29
HadGEM3-GC31-LL,g01,AL,1998,2419.31,1969.05,292
HadGEM3-GC31-LL,g01,AL,1999,2320.2,2130.48,254.39
HadGEM3-GC31-LL,g01,AL,2000,2385.93,2064.67,272.57
HadGEM3-GC31-LL,g01,AL,2001,2288.74,1692.86,281.03
HadGEM3-GC31-LL,g01,AL,2002,2225.51,1967.21,216.54
HadGEM3-GC31-LL,g01,AL,2003,2363.14,1991.88,321.12
HadGEM3-GC31-LL,g01,AL,2004,2368.36,1964.52,216.3
HadGEM3-GC31-LL,g01,AL,2005,2462.28,1991.68,154.91
HadGEM3-GC31-LL,g01,AL,2006,2480.26,2083.01,185.9
HadGEM3-GC31-LL,g01,AL,2007,2264.95,1853.14,266.85
HadGEM3-GC31-LL,g01,AL,2008,2256.19,1966.2,242.26
HadGEM3-GC31-LL,g01,AL,2009,2234.11,1934.46,166.55
HadGEM3-GC31-LL,g01,AL,2010,2169.84,1828.45,198.06
HadGEM3-GC31-LL,g01,AL,2011,2481.73,1783.96,205.74
HadGEM3-GC31-LL,g01,AL,2012,2560.64,2337.18,345.44
HadGEM3-GC31-LL,g01,AL,2013,2305.35,1931.76,242.56
HadGEM3-GC31-LL,g01,AL,2014,2350.55,1808.1,184.63
HadGEM3-GC31-LL,g01,AL,2015,2544.89,2079.82,229.09
HadGEM3-GC31-LL,g01,AL,2016,2403.78,1916.92,221.07
HadGEM3-GC31-LL,g01,AL,2017,2570.17,2141.61,297.56
HadGEM3-GC31-LL,g01,AL,2018,2264.97,2033.4,171.09
HadGEM3-GC31-LL,g01,AL,2019,2350.97,1994.97,287.43
HadGEM3-GC31-LL,g01,AL,2020,2446.39,1893.2,212.08
HadGEM3-GC31-LL,g01,AL,2021,2413,1919,328.44
HadGEM3-GC31-LL,g01,AL,2022,2415.75,2112.35,282.71
HadGEM3-GC31-LL,g01,AL,2023,2303.51,1842.97,250.46
HadGEM3-GC31-LL,g01,AL,2024,2153.41,1701.61,384.02
HadGEM3-GC31-LL,g01,AT,1990,3797.05,2746.47,53.8
HadGEM3-GC31-LL,g01,AT,1991,4167.98,3017.51,42.2
HadGEM3-GC31-LL,g01,AT,1992,3775.61,3010.76,106.96
HadGEM3-GC31-LL,g01,AT,1993,3984.2,3061.94,55.68
HadGEM3-GC31-LL,g01,AT,1994,3571.06,2842.63,102.94
HadGEM3-GC31-LL,g01,AT,1995,3957.5,2856.3,61.83
HadGEM3-GC31-LL,g01,AT,1996,4353.48,3307.58,33.49
HadGEM3-GC31-LL,g01,AT,1997,3938.15,2969.07,32.59
HadGEM3-GC31-LL,g01,AT,1998,3829.3,2843.81,74.78
HadGEM3-GC31-LL,g01,AT,1999,3801.01,3050.53,37.67
HadGEM3-GC31-LL,g01,AT,2000,3562.07,2990.84,76.29
HadGEM3-GC31-LL,g01,AT,2001,3866.53,2688.59,66.25
HadGEM3-GC31-LL,g01,AT,2002,3604.14,2822.19,70.25
HadGEM3-GC31-LL,g01,AT,2003,3867.5,3027.84,133.97
HadGEM3-GC31-LL,g01,AT,2004,3944.51,3083.77,49.72
HadGEM3-GC31-LL,g01,AT,2005,4051.25,3043.39,46.63
HadGEM3-GC31-LL,g01,AT,2006,3852.02,3260.36,83.23
HadGEM3-GC31-LL,g01,AT,2007,3582.19,2462.1,87.57
HadGEM3-GC31-LL,g01,AT,2008,3643.83,2928.59,57.72
HadGEM3-GC31-LL,g01,AT,2009,3750.03,2982.7,59.38
HadGEM3-GC31-LL,g01,AT,2010,4119.54,3057.02,76.95
HadGEM3-GC31-LL,g01,AT,2011,3660.12,3051.85,66.57
HadGEM3-GC31-LL,g01,AT,2012,3764.7,2947.78,98.99
HadGEM3-GC31-LL,g01,AT,2013,3862.37,3043.66,107.35
HadGEM3-GC31-LL,g01,AT,2014,3347.31,2620.98,53.63
HadGEM3-GC31-LL,g01,AT,2015,3501.51,2648.4,144.36
HadGEM3-GC31-LL,g01,AT,2016,3638.5,2650.1,65.61
HadGEM3-GC31-LL,g01,AT,2017,3695.96,2924.71,115.08
HadGEM3-GC31-LL,g01,AT,2018,3417.39,2926.01,112.89
HadGEM3-GC31-LL,g01,AT,2019,3430.48,2654.42,125.44
HadGEM3-GC31-LL,g01,AT,2020,3506.64,2597.01,71.1
HadGEM3-GC31-LL,g01,AT,2021,3814.24,2829.96,89.41
HadGEM3-GC31-LL,g01,AT,2022,3419.68,2773.72,111.11
HadGEM3-GC31-LL,g01,AT,2023,3344.76,2575.31,104.74
HadGEM3-GC31-LL,g01,AT,2024,3196.71,2418.84,136.78
HadGEM3-GC31-LL,g01,BE,1990,3149.99,2154.04,50.31
HadGEM3-GC31-LL,g01,BE,1991,3541.09,2455.45,27.04
HadGEM3-GC31-LL,g01,BE,1992,3284.06,2496.71,26.71
HadGEM3-GC31-LL,g01,BE,1993,3400.11,2485.63,13.35
HadGEM3-GC31-LL,g01,BE,1994,3118.19,2507.74,65.08
HadGEM3-GC31-LL,g01,BE,1995,3223.2,2221.65,81.29
HadGEM3-GC31-LL,g01,BE,1996,3802.49,2666,28.92
HadGEM3-GC31-LL,g01,BE,1997,3262.51,2537.75,46.33
HadGEM3-GC31-LL,g01,BE,1998,3264.64,2299.81,23.63
HadGEM3-GC31-LL,g01,BE,1999,2989,2443.42,33.02
HadGEM3-GC31-LL,g01,BE,2000,3018.77,2337.7,19.95
HadGEM3-GC31-LL,g01,BE,2001,3218.88,2292.53,44.94
HadGEM3-GC31-LL,g01,BE,2002,2988.65,2195.27,31.94
HadGEM3-GC31-LL,g01,BE,2003,3202.03,2385.87,74.69
HadGEM3-GC31-LL,g01,BE,2004,3155.08,2439.73,32.87
HadGEM3-GC31-LL,g01,BE,2005,3064.03,2381.74,45.04
HadGEM3-GC31-LL,g01,BE,2006,2995.06,2455.3,80.74
HadGEM3-GC31-LL,g01,BE,2007,2832.23,1916.46,15.87
HadGEM3-GC31-LL,g01,BE,2008,3180.26,2300.53,20.75
HadGEM3-GC31-LL,g01,BE,2009,3181.81,2597.78,37.57
HadGEM3-GC31-LL,g01,BE,2010,3635,2520.92,49.18
HadGEM3-GC31-LL,g01,BE,2011,2899.94,2523.56,19.32
HadGEM3-GC31-LL,g01,BE,2012,3278.34,2280.72,32.04
HadGEM3-GC31-LL,g01,BE,2013,3482.73,2597.05,47.75
HadGEM3-GC31-LL,g01,BE,2014,2804.07,2112.5,28.95
HadGEM3-GC31-LL,g01,BE,2015,3057.86,2277.17,63.07
HadGEM3-GC31-LL,g01,BE,2016,3153.39,2131.14,38.62
HadGEM3-GC31-LL,g01,BE,2017,3034.63,2368.78,50.25
HadGEM3-GC31-LL,g01,BE,2018,2984.18,2356.21,97.62
HadGEM3-GC31-LL,g01,BE,2019,3005.89,2189.78,80.79
HadGEM3-GC31-LL,g01,BE,2020,2807.48,2137.53,77.4
HadGEM3-GC31-LL,g01,BE,2021,3204.28,2216.15,33.57
HadGEM3-GC31-LL,g01,BE,2022,2841.64,2193.41,99.25
HadGEM3-GC31-LL,g01,BE,2023,2792.76,2103.07,68.07
HadGEM3-GC31-LL,g01,BE,2024,2793.75,2007.8,55.13
HadGEM3-GC31-LL,g01,BG,1990,3153.97,2647.34,139.29
HadGEM3-GC31-LL,g01,BG,1991,3598.83,2678.43,100.3
HadGEM3-GC31-LL,g01,BG,1992,3366.84,2839.52,134.36
HadGEM3-GC31-LL,g01,BG,1993,3440.34,2802.26,165.46
HadGEM3-GC31-LL,g01,BG,1994,3028.94,2535.17,159.18
HadGEM3-GC31-LL,g01,BG,1995,3410.93,2625.7,104.4
HadGEM3-GC31-LL,g01,BG,1996,3575.13,3115.31,153.74
HadGEM3-GC31-LL,g01,BG,1997,3577.52,2651.73,93.43
HadGEM3-GC31-LL,g01,BG,1998,3316.31,2729.34,177.36
HadGEM3-GC31-LL,g01,BG,1999,3098.44,2776.01,153.47
HadGEM3-GC31-LL,g01,BG,2000,3146.03,2725.33,219.33
HadGEM3-GC31-LL,g01,BG,2001,3199.71,2303.11,174.78
HadGEM3-GC31-LL,g01,BG,2002,3130.98,2663.94,136.69
HadGEM3-GC31-LL,g01,BG,2003,3463.41,2866.95,197.36
HadGEM3-GC31-LL,g01,BG,2004,3219.72,2723.9,107.28
HadGEM3-GC31-LL,g01,BG,2005,3372.26,2609.12,97.46
HadGEM3-GC31-LL,g01,BG,2006,3322.41,2815.26,144.42
HadGEM3-GC31-LL,g01,BG,2007,3029.59,2332.45,250.98
HadGEM3-GC31-LL,g01,BG,2008,3100.22,2710.71,190.04
HadGEM3-GC31-LL,g01,BG,2009,3088.06,2563.23,160.34
HadGEM3-GC31-LL,g01,BG,2010,3120.37,2548.9,168.21
HadGEM3-GC31-LL,g01,BG,2011,3400.53,2608.11,153.45
HadGEM3-GC31-LL,g01,BG,2012,3215.9,2962.56,269.45
HadGEM3-GC31-LL,g01,BG,2013,3015.17,2476.25,170.11
HadGEM3-GC31-LL,g01,BG,2014,2952.51,2343.94,124.08
HadGEM3-GC31-LL,g01,BG,2015,2967.24,2553.86,187.73
HadGEM3-GC31-LL,g01,BG,2016,3021.41,2304.59,193.06
HadGEM3-GC31-LL,g01,BG,2017,3125.87,2720.17,214.61
HadGEM3-GC31-LL,g01,BG,2018,2913.19,2480.23,143.89
HadGEM3-GC31-LL,g01,BG,2019,2758.03,2464.64,189.75
HadGEM3-GC31-LL,g01,BG,2020,2836.53,2180.48,171.57
HadGEM3-GC31-LL,g01,BG,2021,3086.6,2362.92,218.66
HadGEM3-GC31-LL,g01,BG,2022,2854.91,2554.84,208.62
HadGEM3-GC31-LL,g01,BG,2023,2622.88,2114.74,230.41
HadGEM3-GC31-LL,g01,BG,2024,2512.35,2008.59,319.69
HadGEM3-GC31-LL,g01,CH,1990,3833.39,2685.22,42.35
HadGEM3-GC31-LL,g01,CH,1991,4145.36,2925.19,43.27
HadGEM3-GC31-LL,g01,CH,1992,3926.19,3036.51,52.95
HadGEM3-GC31-LL,g01,CH,1993,4014.42,2906.86,30.47
HadGEM3-GC31-LL,g01,CH,1994,3611.21,2799.4,68.06
HadGEM3-GC31-LL,g01,CH,1995,3995.5,2751.65,42.87
HadGEM3-GC31-LL,g01,CH,1996,4281.05,2985.96,21.56
HadGEM3-GC31-LL,g01,CH,1997,3842.08,2853.29,24.76
HadGEM3-GC31-LL,g01,CH,1998,3957.73,2789.45,49.85
HadGEM3-GC31-LL,g01,CH,1999,3919.55,3027.83,21.53
HadGEM3-GC31-LL,g01,CH,2000,3713,2935.25,36.85
HadGEM3-GC31-LL,g01,CH,2001,3921.36,2661.39,39.48
HadGEM3-GC31-LL,g01,CH,2002,3705.05,2767.75,40.69
HadGEM3-GC31-LL,g01,CH,2003,3848.98,2838.6,139.31
HadGEM3-GC31-LL,g01,CH,2004,3978.42,3005.81,33.14
HadGEM3-GC31-LL,g01,CH,2005,4075.02,2990.07,43.54
HadGEM3-GC31-LL,g01,CH,2006,3839.83,3130.88,68.69
HadGEM3-GC31-LL,g01,CH,2007,3730.95,2502.37,25.54
HadGEM3-GC31-LL,g01,CH,2008,3912.67,2899.42,33.72
HadGEM3-GC31-LL,g01,CH,2009,3833.32,3073.91,40.76
HadGEM3-GC31-LL,g01,CH,2010,4205.7,2997.19,50.6
HadGEM3-GC31-LL,g01,CH,2011,3593.94,2913.33,38.11
HadGEM3-GC31-LL,g01,CH,2012,3882.51,2861.01,44.81
HadGEM3-GC31-LL,g01,CH,2013,4092.11,3010.84,57.68
HadGEM3-GC31-LL,g01,CH,2014,3517.91,2675.67,26.23
HadGEM3-GC31-LL,g01,CH,2015,3655.72,2683.34,102.98
HadGEM3-GC31-LL,g01,CH,2016,3813.34,2672.46,47.52
HadGEM3-GC31-LL,g01,CH,2017,3790.48,2856.34,70.82
HadGEM3-GC31-LL,g01,CH,2018,3512.94,2896,79.38
HadGEM3-GC31-LL,g01,CH,2019,3668.77,2688.81,83.66
HadGEM3-GC31-LL,g01,CH,2020,3543.97,2575.08,57.97
HadGEM3-GC31-LL,g01,CH,2021,3923.51,2788.32,32.88
HadGEM3-GC31-LL,g01,CH,2022,3378.4,2775.63,98.38
HadGEM3-GC31-LL,g01,CH,2023,3424.57,2516.99,85.99
HadGEM3-GC31-LL,g01,CH,2024,3456.24,2454.67,63.88
HadGEM3-GC31-LL,g01,CY,1990,1264.5,1168.45,374.18
HadGEM3-GC31-LL,g01,CY,1991,1281.62,995.27,345.95
HadGEM3-GC31-LL,g01,CY,1992,1671.13,1438.13,331.54
HadGEM3-GC31-LL,g01,CY,1993,1395.53,1348.52,400.21
HadGEM3-GC31-LL,g01,CY,1994,1211.04,986.16,399.25
HadGEM3-GC31-LL,g01,CY,1995,1325.64,1111.67,412.53
HadGEM3-GC31-LL,g01,CY,1996,1203.69,1213.15,427.23
HadGEM3-GC31-LL,g01,CY,1997,1312.98,1073.28,377.44
HadGEM3-GC31-LL,g01,CY,1998,1164.17,1089.37,474.7
HadGEM3-GC31-LL,g01,CY,1999,1027.03,924.93,426.7
HadGEM3-GC31-LL,g01,CY,2000,1280.8,1100.04,488.63
HadGEM3-GC31-LL,g01,CY,2001,1072.39,924.32,449.65
HadGEM3-GC31-LL,g01,CY,2002,1171.49,1051.58,455.78
HadGEM3-GC31-LL,g01,CY,2003,1242.97,1115.27,436.71
HadGEM3-GC31-LL,g01,CY,2004,1208.22,1051.14,413.88
HadGEM3-GC31-LL,g01,CY,2005,1211.19,1052.84,398.41
HadGEM3-GC31-LL,g01,CY,2006,1225.23,1076.19,427.34
HadGEM3-GC31-LL,g01,CY,2007,1072.63,1063.31,546.95
HadGEM3-GC31-LL,g01,CY,2008,1019.27,946.96,567.46
HadGEM3-GC31-LL,g01,CY,2009,988.17,890.59,531.81
HadGEM3-GC31-LL,g01,CY,2010,783.66,748.9,536.91
HadGEM3-GC31-LL,g01,CY,2011,1090.26,775.78,502.67
HadGEM3-GC31-LL,g01,CY,2012,1052.28,1103.63,611.7
HadGEM3-GC31-LL,g01,CY,2013,925.32,761.43,524.47
HadGEM3-GC31-LL,g01,CY,2014,640.39,706.13,470.29
HadGEM3-GC31-LL,g01,CY,2015,837.52,728.87,466.11
HadGEM3-GC31-LL,g01,CY,2016,892.81,732.79,497.88
HadGEM3-GC31-LL,g01,CY,2017,842.6,920.82,536.52
HadGEM3-GC31-LL,g01,CY,2018,638.08,567.61,478.4
HadGEM3-GC31-LL,g01,CY,2019,813.68,768.62,506.18
HadGEM3-GC31-LL,g01,CY,2020,716.27,721.84,487
HadGEM3-GC31-LL,g01,CY,2021,621.18,513.88,614.43
HadGEM3-GC31-LL,g01,CY,2022,739.08,755.34,578.99
HadGEM3-GC31-LL,g01,CY,2023,548.33,501.91,604.2
HadGEM3-GC31-LL,g01,CY,2024,507.97,402.41,668.27
HadGEM3-GC31-LL,g01,CZ,1990,3830.95,2796.52,61.51
HadGEM3-GC31-LL,g01,CZ,1991,4244.01,3044.07,43.83
HadGEM3-GC31-LL,g01,CZ,1992,3884.72,3066.66,107.51
HadGEM3-GC31-LL,g01,CZ,1993,4123.92,3194.52,47.77
HadGEM3-GC31-LL,g01,CZ,1994,3747.07,2933.18,123.45
HadGEM3-GC31-LL,g01,CZ,1995,4059.79,2936.58,75.14
HadGEM3-GC31-LL,g01,CZ,1996,4594.13,3491.96,38.03
HadGEM3-GC31-LL,g01,CZ,1997,4160.42,3146.38,43.02
HadGEM3-GC31-LL,g01,CZ,1998,3941.19,2945.13,67.74
HadGEM3-GC31-LL,g01,CZ,1999,3848,3119.53,44.45
HadGEM3-GC31-LL,g01,CZ,2000,3640.59,3018.64,73.05
HadGEM3-GC31-LL,g01,CZ,2001,4049.29,2811.93,52.86
HadGEM3-GC31-LL,g01,CZ,2002,3797.71,2926.59,68.14
HadGEM3-GC31-LL,g01,CZ,2003,4011.16,3224.51,123.36
HadGEM3-GC31-LL,g01,CZ,2004,4034.04,3157.7,54.04
HadGEM3-GC31-LL,g01,CZ,2005,4087.1,3099.06,48.93
HadGEM3-GC31-LL,g01,CZ,2006,3956.47,3354.61,100.42
HadGEM3-GC31-LL,g01,CZ,2007,3659.89,2507.87,84.33
HadGEM3-GC31-LL,g01,CZ,2008,3720.86,2967.3,63.81
HadGEM3-GC31-LL,g01,CZ,2009,3839.15,3019.29,55.05
HadGEM3-GC31-LL,g01,CZ,2010,4287.79,3151.87,87.63
HadGEM3-GC31-LL,g01,CZ,2011,3788.38,3178.47,52.13
HadGEM3-GC31-LL,g01,CZ,2012,3915.92,3020.48,83.11
HadGEM3-GC31-LL,g01,CZ,2013,4022.43,3175.74,94.42
HadGEM3-GC31-LL,g01,CZ,2014,3422.58,2668.66,65.34
HadGEM3-GC31-LL,g01,CZ,2015,3550.89,2675.52,154.86
HadGEM3-GC31-LL,g01,CZ,2016,3763.48,2719.52,63.18
HadGEM3-GC31-LL,g01,CZ,2017,3788.13,3039.53,96.45
HadGEM3-GC31-LL,g01,CZ,2018,3493.44,2953.11,133.51
HadGEM3-GC31-LL,g01,CZ,2019,3457.92,2722.63,122.05
HadGEM3-GC31-LL,g01,CZ,2020,3577.56,2606.44,64.71
HadGEM3-GC31-LL,g01,CZ,2021,3957.52,2907.4,66.43
HadGEM3-GC31-LL,g01,CZ,2022,3575.14,2801.24,104.84
HadGEM3-GC31-LL,g01,CZ,2023,3422.32,2675.07,100.7
HadGEM3-GC31-LL,g01,CZ,2024,3276.02,2492.22,115.06
HadGEM3-GC31-LL,g01,DE,1990,3413.42,2437.32,52.81
HadGEM3-GC31-LL,g01,DE,1991,3813.86,2715.32,52.42
HadGEM3-GC31-LL,g01,DE,1992,3536.1,2744.6,70.19
HadGEM3-GC31-LL,g01,DE,1993,3740.87,2790.27,29.96
HadGEM3-GC31-LL,g01,DE,1994,3378.24,2727.14,99
HadGEM3-GC31-LL,g01,DE,1995,3657.08,2562.12,82.04
HadGEM3-GC31-LL,g01,DE,1996,4215.55,3080.33,33.25
HadGEM3-GC31-LL,g01,DE,1997,3644.86,2811.8,50.75
HadGEM3-GC31-LL,g01,DE,1998,3553.9,2589.71,44.47
HadGEM3-GC31-LL,g01,DE,1999,3412.31,2753.85,46.7
HadGEM3-GC31-LL,g01,DE,2000,3288.24,2631.64,42.56
HadGEM3-GC31-LL,g01,DE,2001,3576.6,2529.89,59.53
HadGEM3-GC31-LL,g01,DE,2002,3384.35,2521.69,49.1
HadGEM3-GC31-LL,g01,DE,2003,3567.82,2787.93,123.55
HadGEM3-GC31-LL,g01,DE,2004,3616.9,2763.61,44.23
HadGEM3-GC31-LL,g01,DE,2005,3583.98,2749.45,48.66
HadGEM3-GC31-LL,g01,DE,2006,3457.5,2899.85,94.75
HadGEM3-GC31-LL,g01,DE,2007,3289.5,2190.86,39.77
HadGEM3-GC31-LL,g01,DE,2008,3474.23,2624.58,46.85
HadGEM3-GC31-LL,g01,DE,2009,3543.58,2839.45,46.37
HadGEM3-GC31-LL,g01,DE,2010,4035.64,2865.78,75.52
HadGEM3-GC31-LL,g01,DE,2011,3360.47,2865.26,35.34
HadGEM3-GC31-LL,g01,DE,2012,3590.92,2637.68,47.51
HadGEM3-GC31-LL,g01,DE,2013,3740.29,2901.44,68.63
HadGEM3-GC31-LL,g01,DE,2014,3111.12,2381.14,47.84
HadGEM3-GC31-LL,g01,DE,2015,3318.79,2483.08,101.94
HadGEM3-GC31-LL,g01,DE,2016,3476.82,2444.15,53.86
HadGEM3-GC31-LL,g01,DE,2017,3411.02,2688.52,55.39
HadGEM3-GC31-LL,g01,DE,2018,3236.22,2648.37,118.53
HadGEM3-GC31-LL,g01,DE,2019,3261.2,2441.13,109.98
HadGEM3-GC31-LL,g01,DE,2020,3165.53,2369.44,78.18
HadGEM3-GC31-LL,g01,DE,2021,3563.62,2551.87,46.6
HadGEM3-GC31-LL,g01,DE,2022,3156.86,2480.81,114.11
HadGEM3-GC31-LL,g01,DE,2023,3095.13,2348.8,77.26
HadGEM3-GC31-LL,g01,DE,2024,3033.7,2260.73,71.09
HadGEM3-GC31-LL,g01,DK,1990,3335.18,2384.14,5.51
HadGEM3-GC31-LL,g01,DK,1991,3755.62,2685.66,9.54
HadGEM3-GC31-LL,g01,DK,1992,3547.51,2560.83,12.15
HadGEM3-GC31-LL,g01,DK,1993,3910.65,2747.66,0.51
HadGEM3-GC31-LL,g01,DK,1994,3659.61,2876.48,33.55
HadGEM3-GC31-LL,g01,DK,1995,3838.42,2624.01,21.92
HadGEM3-GC31-LL,g01,DK,1996,4317.44,3172.65,8.46
HadGEM3-GC31-LL,g01,DK,1997,3804.55,2828.43,26.92
HadGEM3-GC31-LL,g01,DK,1998,3805.19,2651.7,1.12
HadGEM3-GC31-LL,g01,DK,1999,3614.41,2868.7,9.74
HadGEM3-GC31-LL,g01,DK,2000,3427.5,2608.77,4.64
HadGEM3-GC31-LL,g01,DK,2001,3774.99,2630.41,8.77
HadGEM3-GC31-LL,g01,DK,2002,3491.79,2518.57,15.88
HadGEM3-GC31-LL,g01,DK,2003,3654.87,2976.16,14.27
HadGEM3-GC31-LL,g01,DK,2004,3631.98,2747.91,7.96
HadGEM3-GC31-LL,g01,DK,2005,3581.08,2674.63,6.63
HadGEM3-GC31-LL,g01,DK,2006,3408.38,2814.28,23.36
HadGEM3-GC31-LL,g01,DK,2007,3305.77,2161.08,7.87
HadGEM3-GC31-LL,g01,DK,2008,3378.6,2513.92,12.8
HadGEM3-GC31-LL,g01,DK,2009,3537.13,2659.78,8.68
HadGEM3-GC31-LL,g01,DK,2010,4207.68,2967.85,12.82
HadGEM3-GC31-LL,g01,DK,2011,3612.43,3074.92,1.24
HadGEM3-GC31-LL,g01,DK,2012,3885.45,2594.83,7.08
HadGEM3-GC31-LL,g01,DK,2013,3844.75,3006.48,11.55
HadGEM3-GC31-LL,g01,DK,2014,3287.79,2420.78,26.54
HadGEM3-GC31-LL,g01,DK,2015,3552.92,2443.78,5.41
HadGEM3-GC31-LL,g01,DK,2016,3636.31,2546.38,9.69
HadGEM3-GC31-LL,g01,DK,2017,3617.2,2664.48,0.18
HadGEM3-GC31-LL,g01,DK,2018,3526.13,2747.75,47.99
HadGEM3-GC31-LL,g01,DK,2019,3466.58,2469.04,20.04
HadGEM3-GC31-LL,g01,DK,2020,3333.66,2400.4,24.92
HadGEM3-GC31-LL,g01,DK,2021,3730.32,2605.34,14.26
HadGEM3-GC31-LL,g01,DK,2022,3466.13,2495.44,23.93
HadGEM3-GC31-LL,g01,DK,2023,3500.02,2476.66,4.99
HadGEM3-GC31-LL,g01,DK,2024,3366.31,2605.15,6
HadGEM3-GC31-LL,g01,EE,1990,4406.13,3195.72,3.77
HadGEM3-GC31-LL,g01,EE,1991,4564.91,3396.29,11.71
HadGEM3-GC31-LL,g01,EE,1992,4550.14,3096.85,20.4
HadGEM3-GC31-LL,g01,EE,1993,4959.87,3437.22,1.81
HadGEM3-GC31-LL,g01,EE,1994,4963.92,3954.66,39.29
HadGEM3-GC31-LL,g01,EE,1995,4631.85,3323.08,14.19
HadGEM3-GC31-LL,g01,EE,1996,5214.71,3962.16,9.02
HadGEM3-GC31-LL,g01,EE,1997,4788.45,3357.32,36.56
HadGEM3-GC31-LL,g01,EE,1998,4876.56,3559.48,4.32
HadGEM3-GC31-LL,g01,EE,1999,4530.89,3709.2,36.05
HadGEM3-GC31-LL,g01,EE,2000,4309.97,3283.22,4.3
HadGEM3-GC31-LL,g01,EE,2001,4705.6,3243.06,27.78
HadGEM3-GC31-LL,g01,EE,2002,4679.68,3386.14,32.77
HadGEM3-GC31-LL,g01,EE,2003,4837.61,4059.32,33.83
HadGEM3-GC31-LL,g01,EE,2004,4695.05,3525.31,10.5
HadGEM3-GC31-LL,g01,EE,2005,4679.01,3555.66,14.78
HadGEM3-GC31-LL,g01,EE,2006,4515.53,3694.94,37.64
HadGEM3-GC31-LL,g01,EE,2007,4419.05,3124.41,22.23
HadGEM3-GC31-LL,g01,EE,2008,4239.24,3114.35,2.63
HadGEM3-GC31-LL,g01,EE,2009,4674.09,3282.37,5.87
HadGEM3-GC31-LL,g01,EE,2010,5195.35,3964.62,69.1
HadGEM3-GC31-LL,g01,EE,2011,4423.5,3919.89,40.85
HadGEM3-GC31-LL,g01,EE,2012,4936.28,3398.36,10.39
HadGEM3-GC31-LL,g01,EE,2013,4512.41,3776.06,22.49
HadGEM3-GC31-LL,g01,EE,2014,4491.56,3151.74,46.92
HadGEM3-GC31-LL,g01,EE,2015,4174.08,3170.03,10.05
HadGEM3-GC31-LL,g01,EE,2016,4545.56,3285.67,10.28
HadGEM3-GC31-LL,g01,EE,2017,4580.71,3388.66,2.78
HadGEM3-GC31-LL,g01,EE,2018,4429.64,3498.39,60.62
HadGEM3-GC31-LL,g01,EE,2019,4252.02,3270.38,25.6
HadGEM3-GC31-LL,g01,EE,2020,3930.68,2875.52,18.45
HadGEM3-GC31-LL,g01,EE,2021,4621.38,3260.49,67.57
HadGEM3-GC31-LL,g01,EE,2022,4444.61,3293.85,56.14
HadGEM3-GC31-LL,g01,EE,2023,4360.67,3266.22,24.04
HadGEM3-GC31-LL,g01,EE,2024,4075.89,3520.62,21.2
HadGEM3-GC31-LL,g01,EL,1990,1692.14,1545.51,298.76
HadGEM3-GC31-LL,g01,EL,1991,2025.34,1522.24,266.89
HadGEM3-GC31-LL,g01,EL,1992,1945.74,1777.17,270.74
HadGEM3-GC31-LL,g01,EL,1993,1884.23,1661.63,322.55
HadGEM3-GC31-LL,g01,EL,1994,1657.45,1396.01,341.44
HadGEM3-GC31-LL,g01,EL,1995,1809.58,1478.07,309.39
HadGEM3-GC31-LL,g01,EL,1996,1902.49,1716.35,304.79
HadGEM3-GC31-LL,g01,EL,1997,1907.84,1478.16,296.31
HadGEM3-GC31-LL,g01,EL,1998,1792.02,1586.88,428.4
HadGEM3-GC31-LL,g01,EL,1999,1655.65,1578.97,397.18
HadGEM3-GC31-LL,g01,EL,2000,1788.16,1594.7,399.73
HadGEM3-GC31-LL,g01,EL,2001,1708.05,1265.36,409.64
HadGEM3-GC31-LL,g01,EL,2002,1722.4,1628.9,354.42
HadGEM3-GC31-LL,g01,EL,2003,1890.11,1631.34,419.16
HadGEM3-GC31-LL,g01,EL,2004,1819.44,1577.05,305.07
HadGEM3-GC31-LL,g01,EL,2005,1884.01,1555.5,271.33
HadGEM3-GC31-LL,g01,EL,2006,1961.79,1691.77,308.2
HadGEM3-GC31-LL,g01,EL,2007,1755.07,1521.17,394.93
HadGEM3-GC31-LL,g01,EL,2008,1746.47,1596.23,349.87
HadGEM3-GC31-LL,g01,EL,2009,1679.41,1491.02,299.29
HadGEM3-GC31-LL,g01,EL,2010,1558.68,1356.09,351.08
HadGEM3-GC31-LL,g01,EL,2011,1971.05,1443.76,304.83
HadGEM3-GC31-LL,g01,EL,2012,1825.08,1834.17,429.12
HadGEM3-GC31-LL,g01,EL,2013,1640.05,1362.27,312.01
HadGEM3-GC31-LL,g01,EL,2014,1595.2,1376.35,295.99
HadGEM3-GC31-LL,g01,EL,2015,1811.59,1548.99,304.03
HadGEM3-GC31-LL,g01,EL,2016,1693.26,1378.24,348
HadGEM3-GC31-LL,g01,EL,2017,1819.25,1642.22,359.01
HadGEM3-GC31-LL,g01,EL,2018,1565.05,1419.79,299.94
HadGEM3-GC31-LL,g01,EL,2019,1663.97,1536.33,354.77
HadGEM3-GC31-LL,g01,EL,2020,1707.5,1376.16,297.61
HadGEM3-GC31-LL,g01,EL,2021,1734.6,1379.13,399.79
HadGEM3-GC31-LL,g01,EL,2022,1750.58,1642.82,346.14
HadGEM3-GC31-LL,g01,EL,2023,1554.05,1310.41,375.29
HadGEM3-GC31-LL,g01,EL,2024,1427.49,1188.91,495.76
HadGEM3-GC31-LL,g01,ES,1990,1853.5,1246.77,260.64
HadGEM3-GC31-LL,g01,ES,1991,2144.1,1661.46,274.74
HadGEM3-GC31-LL,g01,ES,1992,2051.65,1716.21,200.68
HadGEM3-GC31-LL,g01,ES,1993,2151.3,1594.33,212.67
HadGEM3-GC31-LL,g01,ES,1994,1827.46,1583.15,297.91
HadGEM3-GC31-LL,g01,ES,1995,1695.91,1377.48,235.44
HadGEM3-GC31-LL,g01,ES,1996,1932.82,1393.24,214.27
HadGEM3-GC31-LL,g01,ES,1997,1636.86,1384.51,184.45
HadGEM3-GC31-LL,g01,ES,1998,1856.57,1325.36,261.25
HadGEM3-GC31-LL,g01,ES,1999,1917.5,1594.55,252.08
HadGEM3-GC31-LL,g01,ES,2000,1880.84,1562.75,241.04
HadGEM3-GC31-LL,g01,ES,2001,1840.11,1384.02,260.59
HadGEM3-GC31-LL,g01,ES,2002,1762.38,1509.21,217.73
HadGEM3-GC31-LL,g01,ES,2003,1821.35,1427.43,357.59
HadGEM3-GC31-LL,g01,ES,2004,1954.69,1523.79,268.57
HadGEM3-GC31-LL,g01,ES,2005,2018.73,1660.73,288.91
HadGEM3-GC31-LL,g01,ES,2006,1753.08,1619.01,281.78
HadGEM3-GC31-LL,g01,ES,2007,1882.5,1368.58,214.92
HadGEM3-GC31-LL,g01,ES,2008,1934.07,1484.39,239.58
HadGEM3-GC31-LL,g01,ES,2009,1830.04,1643.71,304.24
HadGEM3-GC31-LL,g01,ES,2010,2041.41,1514.56,274.93
HadGEM3-GC31-LL,g01,ES,2011,1709.56,1578.87,248.34
HadGEM3-GC31-LL,g01,ES,2012,1946.63,1510.12,304.31
HadGEM3-GC31-LL,g01,ES,2013,1973.74,1520.26,257.87
HadGEM3-GC31-LL,g01,ES,2014,1671.35,1454.92,227.33
HadGEM3-GC31-LL,g01,ES,2015,1716.74,1463.29,331.97
HadGEM3-GC31-LL,g01,ES,2016,1779.29,1328.66,301.17
HadGEM3-GC31-LL,g01,ES,2017,1753.73,1409.78,326.62
HadGEM3-GC31-LL,g01,ES,2018,1854.97,1544.97,278.51
HadGEM3-GC31-LL,g01,ES,2019,1751.3,1407.41,294.8
HadGEM3-GC31-LL,g01,ES,2020,1669.25,1331.98,300.59
HadGEM3-GC31-LL,g01,ES,2021,1767.03,1428.88,278.89
HadGEM3-GC31-LL,g01,ES,2022,1572.4,1419.45,391.43
HadGEM3-GC31-LL,g01,ES,2023,1593.85,1262.19,351.32
HadGEM3-GC31-LL,g01,ES,2024,1536.65,1219.15,330.34
HadGEM3-GC31-LL,g01,FI,1990,4901.4,3615.26,4.47
HadGEM3-GC31-LL,g01,FI,1991,5086.3,3801.1,12
HadGEM3-GC31-LL,g01,FI,1992,5057.75,3389.96,13.52
HadGEM3-GC31-LL,g01,FI,1993,5338.51,3737.34,1.22
HadGEM3-GC31-LL,g01,FI,1994,5436.21,4237.28,33.27
HadGEM3-GC31-LL,g01,FI,1995,5134.08,3527.85,16.93
HadGEM3-GC31-LL,g01,FI,1996,5541.19,4227.61,6.35
HadGEM3-GC31-LL,g01,FI,1997,5217.15,3705.03,36.01
HadGEM3-GC31-LL,g01,FI,1998,5386.69,3923.01,2.01
HadGEM3-GC31-LL,g01,FI,1999,5115.65,4010.7,30.9
HadGEM3-GC31-LL,g01,FI,2000,4707.34,3601.14,5.43
HadGEM3-GC31-LL,g01,FI,2001,5218.67,3548.27,17.09
HadGEM3-GC31-LL,g01,FI,2002,5208.13,3734.69,25.63
HadGEM3-GC31-LL,g01,FI,2003,5248.25,4393.98,36.27
HadGEM3-GC31-LL,g01,FI,2004,5102.21,3800.32,6.35
HadGEM3-GC31-LL,g01,FI,2005,4932.04,3759.24,17.84
HadGEM3-GC31-LL,g01,FI,2006,4955.57,3921.33,32.71
HadGEM3-GC31-LL,g01,FI,2007,4849.32,3510.18,16.64
HadGEM3-GC31-LL,g01,FI,2008,4683.31,3350.28,5.63
HadGEM3-GC31-LL,g01,FI,2009,5129.72,3558.95,9.92
HadGEM3-GC31-LL,g01,FI,2010,5683.08,4258.43,54.32
HadGEM3-GC31-LL,g01,FI,2011,4769.12,4314.16,39.72
HadGEM3-GC31-LL,g01,FI,2012,5276.38,3543.33,4.5
HadGEM3-GC31-LL,g01,FI,2013,4805.96,3960.16,18.42
HadGEM3-GC31-LL,g01,FI,2014,4738.54,3371.08,49.14
HadGEM3-GC31-LL,g01,FI,2015,4497.11,3370.86,4.87
HadGEM3-GC31-LL,g01,FI,2016,4928.64,3526.15,5.98
HadGEM3-GC31-LL,g01,FI,2017,4931.49,3602.91,1.15
HadGEM3-GC31-LL,g01,FI,2018,4850.18,3766.88,58.55
HadGEM3-GC31-LL,g01,FI,2019,4809.34,3566,24.79
HadGEM3-GC31-LL,g01,FI,2020,4279.69,3236.79,23.47
HadGEM3-GC31-LL,g01,FI,2021,5096.41,3517.54,58.43
HadGEM3-GC31-LL,g01,FI,2022,4823.51,3633.78,38.94
HadGEM3-GC31-LL,g01,FI,2023,4912.82,3524.93,22.28
HadGEM3-GC31-LL,g01,FI,2024,4687.23,4016.01,20.87
HadGEM3-GC31-LL,g01,FR,1990,2769.17,1976.01,104.73
HadGEM3-GC31-LL,g01,FR,1991,3153.65,2262.2,86.28
HadGEM3-GC31-LL,g01,FR,1992,2989.74,2365.87,74.64
HadGEM3-GC31-LL,g01,FR,1993,3062.72,2234.62,55.59
HadGEM3-GC31-LL,g01,FR,1994,2700.8,2197.4,110.33
HadGEM3-GC31-LL,g01,FR,1995,2854.3,2004.04,107.94
HadGEM3-GC31-LL,g01,FR,1996,3205.52,2253.41,67.24
HadGEM3-GC31-LL,g01,FR,1997,2791.43,2230,78.5
HadGEM3-GC31-LL,g01,FR,1998,2955.5,2084.83,78.93
HadGEM3-GC31-LL,g01,FR,1999,2785.71,2246.3,71.97
HadGEM3-GC31-LL,g01,FR,2000,2747.87,2210.07,66.51
HadGEM3-GC31-LL,g01,FR,2001,2883.09,2002.28,88.79
HadGEM3-GC31-LL,g01,FR,2002,2678.62,2087.82,64.09
HadGEM3-GC31-LL,g01,FR,2003,2816.96,2108.54,194.22
HadGEM3-GC31-LL,g01,FR,2004,2940.99,2250.25,78.46
HadGEM3-GC31-LL,g01,FR,2005,2942.96,2275.86,97.57
HadGEM3-GC31-LL,g01,FR,2006,2768.98,2336.98,122.82
HadGEM3-GC31-LL,g01,FR,2007,2744.64,1876.42,46.7
HadGEM3-GC31-LL,g01,FR,2008,2909.18,2198.57,62.43
HadGEM3-GC31-LL,g01,FR,2009,2844.67,2370.67,98.96
HadGEM3-GC31-LL,g01,FR,2010,3217.01,2285.35,88.84
HadGEM3-GC31-LL,g01,FR,2011,2565.95,2279.43,61.04
HadGEM3-GC31-LL,g01,FR,2012,2894.27,2075.2,84.71
HadGEM3-GC31-LL,g01,FR,2013,3048.17,2281.68,94.68
HadGEM3-GC31-LL,g01,FR,2014,2507.75,1965.11,57.81
HadGEM3-GC31-LL,g01,FR,2015,2664.51,2053.32,134.68
HadGEM3-GC31-LL,g01,FR,2016,2833.67,1963.25,96.27
HadGEM3-GC31-LL,g01,FR,2017,2749.83,2165.71,120.05
HadGEM3-GC31-LL,g01,FR,2018,2614.83,2164.85,137.22
HadGEM3-GC31-LL,g01,FR,2019,2667.36,2010.29,150.53
HadGEM3-GC31-LL,g01,FR,2020,2488.85,1915.17,123.02
HadGEM3-GC31-LL,g01,FR,2021,2844.4,2049.91,72.51
HadGEM3-GC31-LL,g01,FR,2022,2454.16,2084.34,186.04
HadGEM3-GC31-LL,g01,FR,2023,2456.79,1895.48,124.43
HadGEM3-GC31-LL,g01,FR,2024,2524.2,1837.41,108.28
HadGEM3-GC31-LL,g01,HR,1990,2788.22,2225.13,120.87
HadGEM3-GC31-LL,g01,HR,1991,3186.47,2410.12,126.1
HadGEM3-GC31-LL,g01,HR,1992,2784.29,2495.08,174.96
HadGEM3-GC31-LL,g01,HR,1993,2994.73,2443.37,158.41
HadGEM3-GC31-LL,g01,HR,1994,2617.08,2234.25,196.77
HadGEM3-GC31-LL,g01,HR,1995,2943.71,2307.93,113.25
HadGEM3-GC31-LL,g01,HR,1996,3210.8,2648.27,99.97
HadGEM3-GC31-LL,g01,HR,1997,2979.32,2355.73,98.03
HadGEM3-GC31-LL,g01,HR,1998,2924.27,2297.43,182.36
HadGEM3-GC31-LL,g01,HR,1999,2834.33,2535.39,120.04
HadGEM3-GC31-LL,g01,HR,2000,2570.2,2452.81,205.97
HadGEM3-GC31-LL,g01,HR,2001,2810.25,1924.32,160.73
HadGEM3-GC31-LL,g01,HR,2002,2616.89,2342.62,138.26
HadGEM3-GC31-LL,g01,HR,2003,2983.11,2438.17,282.12
HadGEM3-GC31-LL,g01,HR,2004,2977.48,2479.54,128.08
HadGEM3-GC31-LL,g01,HR,2005,3148.79,2492.61,109.43
HadGEM3-GC31-LL,g01,HR,2006,2879.33,2572.22,166.64
HadGEM3-GC31-LL,g01,HR,2007,2664.51,1918.89,201.71
HadGEM3-GC31-LL,g01,HR,2008,2686.14,2411.59,171.73
HadGEM3-GC31-LL,g01,HR,2009,2736.86,2325.62,167.2
HadGEM3-GC31-LL,g01,HR,2010,3003.14,2391.75,165.41
HadGEM3-GC31-LL,g01,HR,2011,2835.06,2418.23,181.33
HadGEM3-GC31-LL,g01,HR,2012,2800.78,2484.34,271.95
HadGEM3-GC31-LL,g01,HR,2013,2803.24,2346.05,202.03
HadGEM3-GC31-LL,g01,HR,2014,2377.31,1968.88,109.87
HadGEM3-GC31-LL,g01,HR,2015,2667.58,2115.36,233.15
HadGEM3-GC31-LL,g01,HR,2016,2735.38,2156.63,151.51
HadGEM3-GC31-LL,g01,HR,2017,2778.49,2421.55,258.28
HadGEM3-GC31-LL,g01,HR,2018,2557.71,2331.29,183.21
HadGEM3-GC31-LL,g01,HR,2019,2513.27,2129.5,224.41
HadGEM3-GC31-LL,g01,HR,2020,2627.56,2006.07,160.73
HadGEM3-GC31-LL,g01,HR,2021,2838.35,2202,237.62
HadGEM3-GC31-LL,g01,HR,2022,2469.51,2277.25,255.53
HadGEM3-GC31-LL,g01,HR,2023,2326.25,1944.17,196.74
HadGEM3-GC31-LL,g01,HR,2024,2241.71,1750.45,306.37
HadGEM3-GC31-LL,g01,HU,1990,3147.33,2510.52,113.73
HadGEM3-GC31-LL,g01,HU,1991,3556.94,2778.03,107.72
HadGEM3-GC31-LL,g01,HU,1992,3233.95,2809.7,200.22
HadGEM3-GC31-LL,g01,HU,1993,3449.1,2909.19,130.34
HadGEM3-GC31-LL,g01,HU,1994,3059.14,2575.3,188.37
HadGEM3-GC31-LL,g01,HU,1995,3353.33,2667.88,135.86
HadGEM3-GC31-LL,g01,HU,1996,3597.12,3097.77,94.27
HadGEM3-GC31-LL,g01,HU,1997,3413.79,2733.1,94.14
HadGEM3-GC31-LL,g01,HU,1998,3288.86,2576.51,152.79
HadGEM3-GC31-LL,g01,HU,1999,3235.05,2888.36,88.48
HadGEM3-GC31-LL,g01,HU,2000,2983.36,2807.06,176.71
HadGEM3-GC31-LL,g01,HU,2001,3282.99,2353.16,130.25
HadGEM3-GC31-LL,g01,HU,2002,3152.89,2727.84,154.52
HadGEM3-GC31-LL,g01,HU,2003,3584.18,3035.83,216.02
HadGEM3-GC31-LL,g01,HU,2004,3461.58,2906.61,100.64
HadGEM3-GC31-LL,g01,HU,2005,3581.48,2887.5,85.73
HadGEM3-GC31-LL,g01,HU,2006,3374.81,3010.58,141.6
HadGEM3-GC31-LL,g01,HU,2007,3064.39,2285.86,209.4
HadGEM3-GC31-LL,g01,HU,2008,3088.7,2747.4,136.49
HadGEM3-GC31-LL,g01,HU,2009,3195.4,2676.65,147.65
HadGEM3-GC31-LL,g01,HU,2010,3491.81,2755.71,138.04
HadGEM3-GC31-LL,g01,HU,2011,3353.79,2871.92,145.27
HadGEM3-GC31-LL,g01,HU,2012,3276.7,2874.15,230.64
HadGEM3-GC31-LL,g01,HU,2013,3242.96,2761.64,192.86
HadGEM3-GC31-LL,g01,HU,2014,2829.94,2337.54,115.21
HadGEM3-GC31-LL,g01,HU,2015,3085.65,2466.77,227.85
HadGEM3-GC31-LL,g01,HU,2016,3225.34,2545.25,132.05
HadGEM3-GC31-LL,g01,HU,2017,3263.29,2877.43,211
HadGEM3-GC31-LL,g01,HU,2018,2969.3,2684.39,182.21
HadGEM3-GC31-LL,g01,HU,2019,2879.1,2474.64,204.13
HadGEM3-GC31-LL,g01,HU,2020,3036.18,2383.76,141.92
HadGEM3-GC31-LL,g01,HU,2021,3326.08,2552.31,214.88
HadGEM3-GC31-LL,g01,HU,2022,3008.85,2633.51,250.19
HadGEM3-GC31-LL,g01,HU,2023,2825.12,2344.47,177.68
HadGEM3-GC31-LL,g01,HU,2024,2711.21,2190.17,282.47
HadGEM3-GC31-LL,g01,IE,1990,3291.22,2128.94,1.91
HadGEM3-GC31-LL,g01,IE,1991,3463.31,2349.34,0.23
HadGEM3-GC31-LL,g01,IE,1992,3486.36,2232.86,0.02
HadGEM3-GC31-LL,g01,IE,1993,3542.5,2299.37,0
HadGEM3-GC31-LL,g01,IE,1994,3438.64,2378.94,0
HadGEM3-GC31-LL,g01,IE,1995,3267.82,2165.5,10.04
HadGEM3-GC31-LL,g01,IE,1996,3584.41,2286.67,0.17
HadGEM3-GC31-LL,g01,IE,1997,3158.52,2252.17,0
HadGEM3-GC31-LL,g01,IE,1998,3222.46,2025.74,0.03
HadGEM3-GC31-LL,g01,IE,1999,3237.47,2165.79,0.8
HadGEM3-GC31-LL,g01,IE,2000,3407.48,2208.53,0.26
HadGEM3-GC31-LL,g01,IE,2001,3406.7,2406.67,0.41
HadGEM3-GC31-LL,g01,IE,2002,3237.09,2063.27,0
HadGEM3-GC31-LL,g01,IE,2003,3231.41,2184.6,2.23
HadGEM3-GC31-LL,g01,IE,2004,3277.28,2248.19,0.09
HadGEM3-GC31-LL,g01,IE,2005,3206.26,2154.25,1.54
HadGEM3-GC31-LL,g01,IE,2006,3192.17,2237.64,3.51
HadGEM3-GC31-LL,g01,IE,2007,3139.38,2108.05,0.01
HadGEM3-GC31-LL,g01,IE,2008,3429.99,2114.43,0
HadGEM3-GC31-LL,g01,IE,2009,3413.75,2355.93,0.27
HadGEM3-GC31-LL,g01,IE,2010,3777.38,2495.79,0
HadGEM3-GC31-LL,g01,IE,2011,3263.42,2464.66,0
HadGEM3-GC31-LL,g01,IE,2012,3404.6,1953.26,0.01
HadGEM3-GC31-LL,g01,IE,2013,3436.41,2432.45,4.94
HadGEM3-GC31-LL,g01,IE,2014,3226.27,2180.63,0.63
HadGEM3-GC31-LL,g01,IE,2015,3441.62,2292.89,0
HadGEM3-GC31-LL,g01,IE,2016,3339.87,2135.43,0.8
HadGEM3-GC31-LL,g01,IE,2017,3229.82,2164.77,0.59
HadGEM3-GC31-LL,g01,IE,2018,3324.96,2346.13,6.01
HadGEM3-GC31-LL,g01,IE,2019,3281.68,2080.92,0.07
HadGEM3-GC31-LL,g01,IE,2020,3320.83,2283.84,0.08
HadGEM3-GC31-LL,g01,IE,2021,3245.07,2273.49,6.27
HadGEM3-GC31-LL,g01,IE,2022,3131.16,2060.08,7.72
HadGEM3-GC31-LL,g01,IE,2023,3007.01,2110.99,0.2
HadGEM3-GC31-LL,g01,IE,2024,3177.57,2102.95,0.04
HadGEM3-GC31-LL,g01,IT,1990,2206.03,1820.79,183.19
HadGEM3-GC31-LL,g01,IT,1991,2533.67,1924.86,206.1
HadGEM3-GC31-LL,g01,IT,1992,2310.11,2066.8,183.75
HadGEM3-GC31-LL,g01,IT,1993,2395.98,1961.21,202.15
HadGEM3-GC31-LL,g01,IT,1994,2128.15,1809.71,256.63
HadGEM3-GC31-LL,g01,IT,1995,2387.87,1862.54,172.77
HadGEM3-GC31-LL,g01,IT,1996,2386.52,1962.65,165.03
HadGEM3-GC31-LL,g01,IT,1997,2202.55,1779.66,180
HadGEM3-GC31-LL,g01,IT,1998,2302.98,1818.95,265.46
HadGEM3-GC31-LL,g01,IT,1999,2238.45,2012.66,208.26
HadGEM3-GC31-LL,g01,IT,2000,2099.86,1920.07,229.61
HadGEM3-GC31-LL,g01,IT,2001,2159.1,1622.59,225.28
HadGEM3-GC31-LL,g01,IT,2002,2039.2,1822.63,199.28
HadGEM3-GC31-LL,g01,IT,2003,2173.67,1785.25,377.17
HadGEM3-GC31-LL,g01,IT,2004,2208.76,1875.69,205.16
HadGEM3-GC31-LL,g01,IT,2005,2361.31,1855.66,200.89
HadGEM3-GC31-LL,g01,IT,2006,2164.09,1983.95,235.65
HadGEM3-GC31-LL,g01,IT,2007,2037.49,1547.53,234.66
HadGEM3-GC31-LL,g01,IT,2008,2140.24,1844.43,222.86
HadGEM3-GC31-LL,g01,IT,2009,2185.51,1852.08,239.71
HadGEM3-GC31-LL,g01,IT,2010,2347.44,1910.38,210.04
HadGEM3-GC31-LL,g01,IT,2011,2133.29,1908.58,205.34
HadGEM3-GC31-LL,g01,IT,2012,2235.07,1894.99,298.92
HadGEM3-GC31-LL,g01,IT,2013,2221.39,1886.35,227
HadGEM3-GC31-LL,g01,IT,2014,1898.28,1619.75,156.88
HadGEM3-GC31-LL,g01,IT,2015,2103.5,1665.29,290.02
HadGEM3-GC31-LL,g01,IT,2016,2134.42,1731.69,205.11
HadGEM3-GC31-LL,g01,IT,2017,2233.57,1831.1,308.2
HadGEM3-GC31-LL,g01,IT,2018,2066.61,1921.77,228.44
HadGEM3-GC31-LL,g01,IT,2019,2099.38,1761.28,291.22
HadGEM3-GC31-LL,g01,IT,2020,2090.45,1638.26,219.36
HadGEM3-GC31-LL,g01,IT,2021,2243.83,1809.92,266.74
HadGEM3-GC31-LL,g01,IT,2022,2066.07,1867.88,321.72
HadGEM3-GC31-LL,g01,IT,2023,1989.65,1627.11,257.08
HadGEM3-GC31-LL,g01,IT,2024,1946.85,1535.06,299.82
HadGEM3-GC31-LL,g01,LI,1990,4439.18,2823.49,5.55
HadGEM3-GC31-LL,g01,LI,1991,4771.54,3208.55,6.02
HadGEM3-GC31-LL,g01,LI,1992,4487.36,3327.52,17.32
HadGEM3-GC31-LL,g01,LI,1993,4647.39,3213.79,4.4
HadGEM3-GC31-LL,g01,LI,1994,4195.94,3134.28,11.65
HadGEM3-GC31-LL,g01,LI,1995,4634.95,3071.28,7.92
HadGEM3-GC31-LL,g01,LI,1996,4855.2,3228.03,1.86
HadGEM3-GC31-LL,g01,LI,1997,4363.01,3070.28,0.79
HadGEM3-GC31-LL,g01,LI,1998,4539.49,3024.06,14.79
HadGEM3-GC31-LL,g01,LI,1999,4537.14,3338.53,5.52
HadGEM3-GC31-LL,g01,LI,2000,4284.64,3283.01,7.8
HadGEM3-GC31-LL,g01,LI,2001,4591.4,2913.48,8.17
HadGEM3-GC31-LL,g01,LI,2002,4285.2,3090.24,9.19
HadGEM3-GC31-LL,g01,LI,2003,4352.94,3184.12,49.17
HadGEM3-GC31-LL,g01,LI,2004,4626.95,3254.15,3.31
HadGEM3-GC31-LL,g01,LI,2005,4773.94,3339.96,12.53
HadGEM3-GC31-LL,g01,LI,2006,4400.54,3485.14,20.52
HadGEM3-GC31-LL,g01,LI,2007,4339.42,2751.11,10.49
HadGEM3-GC31-LL,g01,LI,2008,4420.65,3207.68,7.93
HadGEM3-GC31-LL,g01,LI,2009,4440.49,3349.24,9.34
HadGEM3-GC31-LL,g01,LI,2010,4874.42,3336.72,15.1
HadGEM3-GC31-LL,g01,LI,2011,4123.16,3181.3,16.49
HadGEM3-GC31-LL,g01,LI,2012,4494.12,3189.1,17.78
HadGEM3-GC31-LL,g01,LI,2013,4652.09,3297.21,23.71
HadGEM3-GC31-LL,g01,LI,2014,4045.78,2897.38,10.21
HadGEM3-GC31-LL,g01,LI,2015,4194.27,2944.01,43.32
HadGEM3-GC31-LL,g01,LI,2016,4317.39,2928.14,12.35
HadGEM3-GC31-LL,g01,LI,2017,4385.42,3048.99,23.97
HadGEM3-GC31-LL,g01,LI,2018,4010.66,3236.28,18.73
HadGEM3-GC31-LL,g01,LI,2019,4235.62,2998.76,32.04
HadGEM3-GC31-LL,g01,LI,2020,4139.84,2852.3,12.21
HadGEM3-GC31-LL,g01,LI,2021,4551.43,3101.8,11.41
HadGEM3-GC31-LL,g01,LI,2022,4011.46,3106.61,24.33
HadGEM3-GC31-LL,g01,LI,2023,4029.64,2838.01,34.76
HadGEM3-GC31-LL,g01,LI,2024,3982.84,2743.13,18.95
HadGEM3-GC31-LL,g01,LT,1990,3987.41,2966.51,6.64
HadGEM3-GC31-LL,g01,LT,1991,4339.64,3250.66,28.98
HadGEM3-GC31-LL,g01,LT,1992,4298.68,3128.29,57.26
HadGEM3-GC31-LL,g01,LT,1993,4626.51,3389.91,3.69
HadGEM3-GC31-LL,g01,LT,1994,4496.78,3598.57,75.09
HadGEM3-GC31-LL,g01,LT,1995,4448.12,3277.5,35.08
HadGEM3-GC31-LL,g01,LT,1996,4999.69,4000.74,23.7
HadGEM3-GC31-LL,g01,LT,1997,4558.57,3373.73,40.89
HadGEM3-GC31-LL,g01,LT,1998,4497.74,3313.21,17.65
HadGEM3-GC31-LL,g01,LT,1999,4219.69,3594.97,63.78
HadGEM3-GC31-LL,g01,LT,2000,3974.84,3214.14,8.89
HadGEM3-GC31-LL,g01,LT,2001,4369.86,3061.94,42.99
HadGEM3-GC31-LL,g01,LT,2002,4233.83,3195.09,80.81
HadGEM3-GC31-LL,g01,LT,2003,4467.29,3789.23,39.43
HadGEM3-GC31-LL,g01,LT,2004,4450.98,3432.54,15.18
HadGEM3-GC31-LL,g01,LT,2005,4428.82,3387.19,28.37
HadGEM3-GC31-LL,g01,LT,2006,4279.52,3658.14,64.13
HadGEM3-GC31-LL,g01,LT,2007,4099.62,2880.82,37.05
HadGEM3-GC31-LL,g01,LT,2008,3966.05,3076.79,19.57
HadGEM3-GC31-LL,g01,LT,2009,4344.31,3238.4,15.6
HadGEM3-GC31-LL,g01,LT,2010,4758.21,3710.22,88.54
HadGEM3-GC31-LL,g01,LT,2011,4200.29,3726.17,40.79
HadGEM3-GC31-LL,g01,LT,2012,4517.01,3380.54,36.15
HadGEM3-GC31-LL,g01,LT,2013,4336.84,3631.48,45.57
HadGEM3-GC31-LL,g01,LT,2014,4152.85,3012.98,65.89
HadGEM3-GC31-LL,g01,LT,2015,3969.61,3082.65,56.95
HadGEM3-GC31-LL,g01,LT,2016,4261.61,3188.45,40.28
HadGEM3-GC31-LL,g01,LT,2017,4217.07,3305.79,17.25
HadGEM3-GC31-LL,g01,LT,2018,4127.34,3367.89,85.03
HadGEM3-GC31-LL,g01,LT,2019,3865.12,3149.8,69.82
HadGEM3-GC31-LL,g01,LT,2020,3716.1,2703.68,53.96
HadGEM3-GC31-LL,g01,LT,2021,4426.3,3193.68,89.96
HadGEM3-GC31-LL,g01,LT,2022,4178.01,3130.96,78.44
HadGEM3-GC31-LL,g01,LT,2023,3899.86,3067.2,50.26
HadGEM3-GC31-LL,g01,LT,2024,3677.62,3083.8,68.85
HadGEM3-GC31-LL,g01,LU,1990,3456.91,2426.4,59.56
HadGEM3-GC31-LL,g01,LU,1991,3784.93,2679.78,51.66
HadGEM3-GC31-LL,g01,LU,1992,3537.68,2723.32,48.57
HadGEM3-GC31-LL,g01,LU,1993,3673.76,2712.54,27.23
HadGEM3-GC31-LL,g01,LU,1994,3321.21,2663.86,92.2
HadGEM3-GC31-LL,g01,LU,1995,3507.57,2445.01,87.36
HadGEM3-GC31-LL,g01,LU,1996,4073.25,2854.73,29.51
HadGEM3-GC31-LL,g01,LU,1997,3523.59,2752.07,50.21
HadGEM3-GC31-LL,g01,LU,1998,3607.56,2538.51,44.35
HadGEM3-GC31-LL,g01,LU,1999,3416.49,2722.24,39
HadGEM3-GC31-LL,g01,LU,2000,3257.26,2636.13,32.71
HadGEM3-GC31-LL,g01,LU,2001,3406.03,2376.68,68.5
HadGEM3-GC31-LL,g01,LU,2002,3167.98,2431.08,50.17
HadGEM3-GC31-LL,g01,LU,2003,3379.36,2514.19,216.11
HadGEM3-GC31-LL,g01,LU,2004,3483.94,2664.01,76.82
HadGEM3-GC31-LL,g01,LU,2005,3411.7,2661.34,76.52
HadGEM3-GC31-LL,g01,LU,2006,3305.9,2689.91,105.53
HadGEM3-GC31-LL,g01,LU,2007,3158.85,2166.13,36.66
HadGEM3-GC31-LL,g01,LU,2008,3387.9,2531.08,46.5
HadGEM3-GC31-LL,g01,LU,2009,3370.41,2755.02,63.03
HadGEM3-GC31-LL,g01,LU,2010,3825.42,2683.33,79.25
HadGEM3-GC31-LL,g01,LU,2011,3134.83,2668.13,37.46
HadGEM3-GC31-LL,g01,LU,2012,3580.45,2504.04,37.07
HadGEM3-GC31-LL,g01,LU,2013,3783.33,2817.78,66.16
HadGEM3-GC31-LL,g01,LU,2014,3155.93,2382.75,41.55
HadGEM3-GC31-LL,g01,LU,2015,3388.38,2522.23,112.06
HadGEM3-GC31-LL,g01,LU,2016,3589.89,2436.39,51.12
HadGEM3-GC31-LL,g01,LU,2017,3509.23,2694.13,62.51
HadGEM3-GC31-LL,g01,LU,2018,3353.75,2660.79,109.38
HadGEM3-GC31-LL,g01,LU,2019,3444.55,2507.83,103.96
HadGEM3-GC31-LL,g01,LU,2020,3235.36,2425.13,83.73
HadGEM3-GC31-LL,g01,LU,2021,3631.69,2524.4,33.39
HadGEM3-GC31-LL,g01,LU,2022,3288.14,2541.87,104.83
HadGEM3-GC31-LL,g01,LU,2023,3260.57,2395.6,54.84
HadGEM3-GC31-LL,g01,LU,2024,3174.87,2325.52,58.61
HadGEM3-GC31-LL,g01,LV,1990,4020.57,2981.65,6.38
HadGEM3-GC31-LL,g01,LV,1991,4320.1,3214.16,20.13
HadGEM3-GC31-LL,g01,LV,1992,4304.83,3026.23,39.2
HadGEM3-GC31-LL,g01,LV,1993,4682.01,3356.2,3.37
HadGEM3-GC31-LL,g01,LV,1994,4633.15,3720.02,53.74
HadGEM3-GC31-LL,g01,LV,1995,4443.77,3250.98,22.8
HadGEM3-GC31-LL,g01,LV,1996,5018.41,3954.9,16.75
HadGEM3-GC31-LL,g01,LV,1997,4567.35,3306.83,50.68
HadGEM3-GC31-LL,g01,LV,1998,4560.28,3352.72,12.73
HadGEM3-GC31-LL,g01,LV,1999,4251.32,3619.85,50.98
HadGEM3-GC31-LL,g01,LV,2000,4017.25,3185.99,6.72
HadGEM3-GC31-LL,g01,LV,2001,4431.14,3077.09,39.89
HadGEM3-GC31-LL,g01,LV,2002,4390.56,3236.88,63.29
HadGEM3-GC31-LL,g01,LV,2003,4532.28,3842.41,45.25
HadGEM3-GC31-LL,g01,LV,2004,4513.44,3415.79,14.91
HadGEM3-GC31-LL,g01,LV,2005,4534.62,3460.08,24.09
HadGEM3-GC31-LL,g01,LV,2006,4309.56,3656.94,56.11
HadGEM3-GC31-LL,g01,LV,2007,4251.12,2941.5,29.36
HadGEM3-GC31-LL,g01,LV,2008,4004.64,3061.85,13.11
HadGEM3-GC31-LL,g01,LV,2009,4387.72,3211.24,14.1
HadGEM3-GC31-LL,g01,LV,2010,4790.94,3745.18,89.78
HadGEM3-GC31-LL,g01,LV,2011,4124.5,3698.81,50.38
HadGEM3-GC31-LL,g01,LV,2012,4495.04,3288.58,24.87
HadGEM3-GC31-LL,g01,LV,2013,4301.07,3612.07,38.07
HadGEM3-GC31-LL,g01,LV,2014,4172.4,3002.02,60.04
HadGEM3-GC31-LL,g01,LV,2015,3944.61,3059.37,28.78
HadGEM3-GC31-LL,g01,LV,2016,4240.15,3159.29,29.89
HadGEM3-GC31-LL,g01,LV,2017,4247.59,3271.97,9.36
HadGEM3-GC31-LL,g01,LV,2018,4115.8,3352.07,74.58
HadGEM3-GC31-LL,g01,LV,2019,3863.44,3107.68,43.36
HadGEM3-GC31-LL,g01,LV,2020,3644.38,2679.72,37.96
HadGEM3-GC31-LL,g01,LV,2021,4357.6,3117.34,83.67
HadGEM3-GC31-LL,g01,LV,2022,4173.83,3128.02,69.67
HadGEM3-GC31-LL,g01,LV,2023,3948.2,3107.05,35.06
HadGEM3-GC31-LL,g01,LV,2024,3709.84,3190.72,40.94
HadGEM3-GC31-LL,g01,MT,1990,1079.42,877.4,342.84
HadGEM3-GC31-LL,g01,MT,1991,1311.12,1017.2,336.76
HadGEM3-GC31-LL,g01,MT,1992,1232.02,1250.03,269.95
HadGEM3-GC31-LL,g01,MT,1993,1274.17,1099.19,354.89
HadGEM3-GC31-LL,g01,MT,1994,1044.28,942.93,408.41
HadGEM3-GC31-LL,g01,MT,1995,1209.17,987.96,352.97
HadGEM3-GC31-LL,g01,MT,1996,1209.04,1050.2,353.63
HadGEM3-GC31-LL,g01,MT,1997,1157.13,1005.3,404
HadGEM3-GC31-LL,g01,MT,1998,1234.3,1024.62,492.42
HadGEM3-GC31-LL,g01,MT,1999,1053.52,1140.86,397.83
HadGEM3-GC31-LL,g01,MT,2000,1009.79,938.98,382.34
HadGEM3-GC31-LL,g01,MT,2001,1011.71,727.98,300.83
HadGEM3-GC31-LL,g01,MT,2002,961.38,919.75,336.78
HadGEM3-GC31-LL,g01,MT,2003,1091.09,990.18,468.63
HadGEM3-GC31-LL,g01,MT,2004,1132.25,926.66,276.68
HadGEM3-GC31-LL,g01,MT,2005,1304.62,1033.87,240.29
HadGEM3-GC31-LL,g01,MT,2006,1064.7,1050.35,293.72
HadGEM3-GC31-LL,g01,MT,2007,1052.59,740.89,292.42
HadGEM3-GC31-LL,g01,MT,2008,1043.3,994.7,228.49
HadGEM3-GC31-LL,g01,MT,2009,1125.42,943.76,312.11
HadGEM3-GC31-LL,g01,MT,2010,996.29,878.72,255.44
HadGEM3-GC31-LL,g01,MT,2011,1160.41,977.92,236.03
HadGEM3-GC31-LL,g01,MT,2012,1160.8,1054.47,363.9
HadGEM3-GC31-LL,g01,MT,2013,1017.45,907.69,284
HadGEM3-GC31-LL,g01,MT,2014,,817.13,259.29
HadGEM3-GC31-LL,g01,MT,2015,1016.49,,358.61
HadGEM3-GC31-LL,g01,MT,2016,,,253.49
HadGEM3-GC31-LL,g01,MT,2017,1112.68,950.93,376.46
HadGEM3-GC31-LL,g01,MT,2018,970.02,923.22,243.17
HadGEM3-GC31-LL,g01,MT,2019,1227.66,1029.82,351.4
HadGEM3-GC31-LL,g01,MT,2020,1028.69,925.28,279.25
HadGEM3-GC31-LL,g01,MT,2021,1084.85,868.59,423.19
HadGEM3-GC31-LL,g01,MT,2022,1141.74,1040.66,304.4
HadGEM3-GC31-LL,g01,MT,2023,1154.2,896.1,221.36
HadGEM3-GC31-LL,g01,MT,2024,1208.4,925.85,304.13
HadGEM3-GC31-LL,g01,NL,1990,3108.01,2134.53,33.99
HadGEM3-GC31-LL,g01,NL,1991,3574,2456.41,29.4
HadGEM3-GC31-LL,g01,NL,1992,3240.81,2451.49,25.71
HadGEM3-GC31-LL,g01,NL,1993,3468.94,2475.03,9.03
HadGEM3-GC31-LL,g01,NL,1994,3187.76,2534.32,58.57
HadGEM3-GC31-LL,g01,NL,1995,3296.57,2243.27,67.39
HadGEM3-GC31-LL,g01,NL,1996,3916.97,2811.6,25.04
HadGEM3-GC31-LL,g01,NL,1997,3333.41,2567.7,42.49
HadGEM3-GC31-LL,g01,NL,1998,3225.51,2272.73,15.33
HadGEM3-GC31-LL,g01,NL,1999,3077.03,2441.4,30.92
HadGEM3-GC31-LL,g01,NL,2000,3063.78,2301.69,17.59
HadGEM3-GC31-LL,g01,NL,2001,3244.25,2363.54,34.75
HadGEM3-GC31-LL,g01,NL,2002,3099.12,2161.88,28.35
HadGEM3-GC31-LL,g01,NL,2003,3301.76,2495.95,58.33
HadGEM3-GC31-LL,g01,NL,2004,3253.21,2457.05,27.93
HadGEM3-GC31-LL,g01,NL,2005,3161.18,2404.75,28.82
HadGEM3-GC31-LL,g01,NL,2006,3070.55,2485.16,73.32
HadGEM3-GC31-LL,g01,NL,2007,2937.44,1928.52,12.35
HadGEM3-GC31-LL,g01,NL,2008,3195.45,2325.59,20.64
HadGEM3-GC31-LL,g01,NL,2009,3217.77,2577.82,29.96
HadGEM3-GC31-LL,g01,NL,2010,3749.96,2573.62,42.11
HadGEM3-GC31-LL,g01,NL,2011,3038.79,2596.46,12.74
HadGEM3-GC31-LL,g01,NL,2012,3300.9,2311.39,26.16
HadGEM3-GC31-LL,g01,NL,2013,3487.67,2620.35,36.36
HadGEM3-GC31-LL,g01,NL,2014,2783.93,2092.76,26.98
HadGEM3-GC31-LL,g01,NL,2015,3078.37,2251.17,39.23
HadGEM3-GC31-LL,g01,NL,2016,3171.05,2147.73,26.46
HadGEM3-GC31-LL,g01,NL,2017,3058.95,2399.62,25.97
HadGEM3-GC31-LL,g01,NL,2018,3024.74,2365.68,74.27
HadGEM3-GC31-LL,g01,NL,2019,3013.19,2186.43,68.77
HadGEM3-GC31-LL,g01,NL,2020,2860.3,2151.63,63.79
HadGEM3-GC31-LL,g01,NL,2021,3217.8,2266.57,17.78
HadGEM3-GC31-LL,g01,NL,2022,2869.58,2147.9,63.68
HadGEM3-GC31-LL,g01,NL,2023,2802.12,2117.95,43.76
HadGEM3-GC31-LL,g01,NL,2024,2774.39,2011.57,34.55
HadGEM3-GC31-LL,g01,NO,1990,4552.62,3082.83,2.32
HadGEM3-GC31-LL,g01,NO,1991,4914.15,3403.98,8.52
HadGEM3-GC31-LL,g01,NO,1992,4817.47,3151.78,6.04
HadGEM3-GC31-LL,g01,NO,1993,5137.35,3386.44,0.1
HadGEM3-GC31-LL,g01,NO,1994,5115.13,3796.92,16.33
HadGEM3-GC31-LL,g01,NO,1995,5085.76,3324.17,7.53
HadGEM3-GC31-LL,g01,NO,1996,5381.43,3751.73,2.54
HadGEM3-GC31-LL,g01,NO,1997,4816.35,3464.5,14.98
HadGEM3-GC31-LL,g01,NO,1998,4979.98,3347.11,0.08
HadGEM3-GC31-LL,g01,NO,1999,4814.15,3488.25,4.52
HadGEM3-GC31-LL,g01,NO,2000,4596.03,3264.69,0.34
HadGEM3-GC31-LL,g01,NO,2001,5083.15,3346.01,4.15
HadGEM3-GC31-LL,g01,NO,2002,4816.98,3275.95,10.78
HadGEM3-GC31-LL,g01,NO,2003,4786.36,3707.39,10.11
HadGEM3-GC31-LL,g01,NO,2004,4785.61,3415.9,9.18
HadGEM3-GC31-LL,g01,NO,2005,4689.66,3271.59,7.72
HadGEM3-GC31-LL,g01,NO,2006,4564.29,3425.1,12.2
HadGEM3-GC31-LL,g01,NO,2007,4715.16,3044.67,8.22
HadGEM3-GC31-LL,g01,NO,2008,4662.94,3222.84,19.45
HadGEM3-GC31-LL,g01,NO,2009,4880.43,3422.47,14.47
HadGEM3-GC31-LL,g01,NO,2010,5642.33,3838.83,0.45
HadGEM3-GC31-LL,g01,NO,2011,4643.57,3900.67,2.76
HadGEM3-GC31-LL,g01,NO,2012,5063.54,3140.34,0.28
HadGEM3-GC31-LL,g01,NO,2013,4978.09,3769.27,3.65
HadGEM3-GC31-LL,g01,NO,2014,4427.46,3097.51,20.44
HadGEM3-GC31-LL,g01,NO,2015,4626.44,3112.34,2.32
HadGEM3-GC31-LL,g01,NO,2016,4804.5,3297.53,4.06
HadGEM3-GC31-LL,g01,NO,2017,4843.68,3283.62,1.13
HadGEM3-GC31-LL,g01,NO,2018,4900.13,3629.59,34.74
HadGEM3-GC31-LL,g01,NO,2019,4833.85,3297.04,11.94
HadGEM3-GC31-LL,g01,NO,2020,4417.3,3190.18,15.8
HadGEM3-GC31-LL,g01,NO,2021,4919.3,3301.58,10.53
HadGEM3-GC31-LL,g01,NO,2022,4678.94,3240.04,6.66
HadGEM3-GC31-LL,g01,NO,2023,4936.53,3322.41,9.29
HadGEM3-GC31-LL,g01,NO,2024,4626.36,3666.03,3.49
HadGEM3-GC31-LL,g01,PL,1990,3698.54,2668.87,34.51
HadGEM3-GC31-LL,g01,PL,1991,4167.45,3032.25,38.22
HadGEM3-GC31-LL,g01,PL,1992,3969.69,3047.55,104.65
HadGEM3-GC31-LL,g01,PL,1993,4180.36,3178.36,28.66
HadGEM3-GC31-LL,g01,PL,1994,3860.48,3060.97,107.37
HadGEM3-GC31-LL,g01,PL,1995,4115.27,2961.91,68.62
HadGEM3-GC31-LL,g01,PL,1996,4662.44,3685.97,32.24
HadGEM3-GC31-LL,g01,PL,1997,4204.8,3183.43,31.44
HadGEM3-GC31-LL,g01,PL,1998,4037.89,2992.19,38.89
HadGEM3-GC31-LL,g01,PL,1999,3841.74,3206.24,47.27
HadGEM3-GC31-LL,g01,PL,2000,3627.16,3017.55,44.96
HadGEM3-GC31-LL,g01,PL,2001,4054.89,2810.01,47.71
HadGEM3-GC31-LL,g01,PL,2002,3829.56,2928.75,74.9
HadGEM3-GC31-LL,g01,PL,2003,4112,3426.1,68.91
HadGEM3-GC31-LL,g01,PL,2004,4028.01,3173.24,34.94
HadGEM3-GC31-LL,g01,PL,2005,4092.5,3067.48,44.35
HadGEM3-GC31-LL,g01,PL,2006,3992.4,3441.02,98.93
HadGEM3-GC31-LL,g01,PL,2007,3714.09,2552.4,64.07
HadGEM3-GC31-LL,g01,PL,2008,3689.07,2954.33,52.89
HadGEM3-GC31-LL,g01,PL,2009,3963.7,3022.98,43.76
HadGEM3-GC31-LL,g01,PL,2010,4380.06,3304.98,88.73
HadGEM3-GC31-LL,g01,PL,2011,3852.35,3312.04,41.55
HadGEM3-GC31-LL,g01,PL,2012,4046.24,3123.97,72.05
HadGEM3-GC31-LL,g01,PL,2013,4014.92,3296.13,71.06
HadGEM3-GC31-LL,g01,PL,2014,3590.61,2720.9,66.77
HadGEM3-GC31-LL,g01,PL,2015,3594.02,2766.43,115.42
HadGEM3-GC31-LL,g01,PL,2016,3783.29,2819.35,57.43
HadGEM3-GC31-LL,g01,PL,2017,3800.02,3058.31,55.91
HadGEM3-GC31-LL,g01,PL,2018,3608.62,3007,96.04
HadGEM3-GC31-LL,g01,PL,2019,3437.57,2768.23,111.37
HadGEM3-GC31-LL,g01,PL,2020,3495.2,2566.11,62.35
HadGEM3-GC31-LL,g01,PL,2021,3961.77,2909.5,75.02
HadGEM3-GC31-LL,g01,PL,2022,3663.37,2841.58,97.56
HadGEM3-GC31-LL,g01,PL,2023,3452.28,2709.72,77.69
HadGEM3-GC31-LL,g01,PL,2024,3221.81,2591.16,95.64
HadGEM3-GC31-LL,g01,PT,1990,1566.67,1015.34,165.81
HadGEM3-GC31-LL,g01,PT,1991,1763.02,1397.13,169.76
HadGEM3-GC31-LL,g01,PT,1992,1708.38,1353.88,120.47
HadGEM3-GC31-LL,g01,PT,1993,1797.16,1263.25,131.84
HadGEM3-GC31-LL,g01,PT,1994,1596.69,1318.34,97.87
HadGEM3-GC31-LL,g01,PT,1995,1345.76,1091.6,149.24
HadGEM3-GC31-LL,g01,PT,1996,1633.44,1126.54,129.61
HadGEM3-GC31-LL,g01,PT,1997,1269.23,1099.58,90.58
HadGEM3-GC31-LL,g01,PT,1998,1487.73,964.82,151.84
HadGEM3-GC31-LL,g01,PT,1999,1642.92,1299.98,117.67
HadGEM3-GC31-LL,g01,PT,2000,1642.87,1271.98,130.54
HadGEM3-GC31-LL,g01,PT,2001,1609,1162.34,106.8
HadGEM3-GC31-LL,g01,PT,2002,1504.62,1241.91,103.13
HadGEM3-GC31-LL,g01,PT,2003,1566.99,1155.12,174.48
HadGEM3-GC31-LL,g01,PT,2004,1654.3,1261.48,146.99
HadGEM3-GC31-LL,g01,PT,2005,1678.69,1391.09,190.24
HadGEM3-GC31-LL,g01,PT,2006,1519.89,1348.76,190.05
HadGEM3-GC31-LL,g01,PT,2007,1644.06,1146.96,96.61
HadGEM3-GC31-LL,g01,PT,2008,1615.95,1161.96,105.12
HadGEM3-GC31-LL,g01,PT,2009,1555.2,1340.73,135.68
HadGEM3-GC31-LL,g01,PT,2010,1602.93,1217.2,212.23
HadGEM3-GC31-LL,g01,PT,2011,1367.1,1250.85,152.39
HadGEM3-GC31-LL,g01,PT,2012,1578.49,1192.71,155.5
HadGEM3-GC31-LL,g01,PT,2013,1717.52,1292.37,205.8
HadGEM3-GC31-LL,g01,PT,2014,1493.28,1240.57,116.88
HadGEM3-GC31-LL,g01,PT,2015,1484.71,1278.1,180.76
HadGEM3-GC31-LL,g01,PT,2016,1587.88,1112.4,235.61
HadGEM3-GC31-LL,g01,PT,2017,1477.84,1207.5,206.78
HadGEM3-GC31-LL,g01,PT,2018,1634.12,1275.84,166.01
HadGEM3-GC31-LL,g01,PT,2019,1507.46,1174.26,119.59
HadGEM3-GC31-LL,g01,PT,2020,1394.45,1074.69,212.66
HadGEM3-GC31-LL,g01,PT,2021,1615.65,1210.45,137.42
HadGEM3-GC31-LL,g01,PT,2022,1412.97,1198.41,226.11
HadGEM3-GC31-LL,g01,PT,2023,1473.2,1087.25,225.33
HadGEM3-GC31-LL,g01,PT,2024,1419.19,1082.14,184.71
HadGEM3-GC31-LL,g01,RO,1990,3414.14,2763.48,127.84
HadGEM3-GC31-LL,g01,RO,1991,3857.5,2902.92,93.61
HadGEM3-GC31-LL,g01,RO,1992,3712.19,3094.11,159.7
HadGEM3-GC31-LL,g01,RO,1993,3890.23,3124,130.87
HadGEM3-GC31-LL,g01,RO,1994,3324.36,2804.75,153.7
HadGEM3-GC31-LL,g01,RO,1995,3729.68,2870.46,125.02
HadGEM3-GC31-LL,g01,RO,1996,3965.81,3468.3,127.19
HadGEM3-GC31-LL,g01,RO,1997,3893.03,2951.66,76.8
HadGEM3-GC31-LL,g01,RO,1998,3733.1,2942.5,161.49
HadGEM3-GC31-LL,g01,RO,1999,3498.42,3099.98,151.08
HadGEM3-GC31-LL,g01,RO,2000,3447.6,3039.18,205.22
HadGEM3-GC31-LL,g01,RO,2001,3576.15,2585.4,156.32
HadGEM3-GC31-LL,g01,RO,2002,3449.58,2900.6,148.01
HadGEM3-GC31-LL,g01,RO,2003,3839.69,3255.86,183.61
HadGEM3-GC31-LL,g01,RO,2004,3604.41,3041.55,103.53
HadGEM3-GC31-LL,g01,RO,2005,3733.94,2944.43,92.97
HadGEM3-GC31-LL,g01,RO,2006,3668.55,3142.86,136.11
HadGEM3-GC31-LL,g01,RO,2007,3293.86,2505.22,239.6
HadGEM3-GC31-LL,g01,RO,2008,3372.62,2935.74,172.37
HadGEM3-GC31-LL,g01,RO,2009,3364.53,2787.59,160.72
HadGEM3-GC31-LL,g01,RO,2010,3561.74,2898.69,174.63
HadGEM3-GC31-LL,g01,RO,2011,3701.27,3009.94,153.97
HadGEM3-GC31-LL,g01,RO,2012,3590.34,3205.48,279.95
HadGEM3-GC31-LL,g01,RO,2013,3389.13,2873.53,166.88
HadGEM3-GC31-LL,g01,RO,2014,3294.32,2626.8,128.07
HadGEM3-GC31-LL,g01,RO,2015,3279.71,2786.22,216.36
HadGEM3-GC31-LL,g01,RO,2016,3414.77,2635.23,176.25
HadGEM3-GC31-LL,g01,RO,2017,3434.43,3018.88,201.11
HadGEM3-GC31-LL,g01,RO,2018,3287.61,2801.03,157.28
HadGEM3-GC31-LL,g01,RO,2019,3084.37,2723.75,192.5
HadGEM3-GC31-LL,g01,RO,2020,3139.93,2448.32,171.43
HadGEM3-GC31-LL,g01,RO,2021,3475.32,2649.76,192.06
HadGEM3-GC31-LL,g01,RO,2022,3214.43,2757.71,223.89
HadGEM3-GC31-LL,g01,RO,2023,2952.54,2428.24,215.94
HadGEM3-GC31-LL,g01,RO,2024,2913.99,2316.11,310.43
HadGEM3-GC31-LL,g01,RS,1990,3104.99,2560.33,140.2
HadGEM3-GC31-LL,g01,RS,1991,3565.08,2665.5,107.06
HadGEM3-GC31-LL,g01,RS,1992,3237.96,2813.9,194.48
HadGEM3-GC31-LL,g01,RS,1993,3471.62,2880.22,190.52
HadGEM3-GC31-LL,g01,RS,1994,3016.49,2501.58,189.75
HadGEM3-GC31-LL,g01,RS,1995,3371.19,2638.72,131.44
HadGEM3-GC31-LL,g01,RS,1996,3558.72,3095.61,139.17
HadGEM3-GC31-LL,g01,RS,1997,3471.37,2642.95,97.77
HadGEM3-GC31-LL,g01,RS,1998,3312.29,2629.14,193.47
HadGEM3-GC31-LL,g01,RS,1999,3174.28,2815.77,124.51
HadGEM3-GC31-LL,g01,RS,2000,2926.58,2762.85,267.33
HadGEM3-GC31-LL,g01,RS,2001,3138.22,2169.29,164.75
HadGEM3-GC31-LL,g01,RS,2002,2924.25,2612.63,164.17
HadGEM3-GC31-LL,g01,RS,2003,3345.02,2816.49,258.21
HadGEM3-GC31-LL,g01,RS,2004,3230.91,2742.18,141.82
HadGEM3-GC31-LL,g01,RS,2005,3436.44,2732.2,107.33
HadGEM3-GC31-LL,g01,RS,2006,3222.85,2790.94,161.06
HadGEM3-GC31-LL,g01,RS,2007,2945.58,2209.71,266.78
HadGEM3-GC31-LL,g01,RS,2008,2952.1,2655.05,203.11
HadGEM3-GC31-LL,g01,RS,2009,3002.42,2546.56,174.97
HadGEM3-GC31-LL,g01,RS,2010,3122.31,2542.13,175.53
HadGEM3-GC31-LL,g01,RS,2011,3283.06,2689.22,193.59
HadGEM3-GC31-LL,g01,RS,2012,3174.36,2886.66,296.01
HadGEM3-GC31-LL,g01,RS,2013,2972.01,2512.04,218.15
HadGEM3-GC31-LL,g01,RS,2014,2753.61,2228.52,126.04
HadGEM3-GC31-LL,g01,RS,2015,2933.02,2421.97,267.72
HadGEM3-GC31-LL,g01,RS,2016,3061.51,2388.94,159.71
HadGEM3-GC31-LL,g01,RS,2017,3078.53,2748.3,281.99
HadGEM3-GC31-LL,g01,RS,2018,2765.38,2508.74,168.47
HadGEM3-GC31-LL,g01,RS,2019,2696.77,2394.17,232.25
HadGEM3-GC31-LL,g01,RS,2020,2825.37,2199.34,159.73
HadGEM3-GC31-LL,g01,RS,2021,3102.15,2386.47,262.32
HadGEM3-GC31-LL,g01,RS,2022,2737.82,2497.53,268.66
HadGEM3-GC31-LL,g01,RS,2023,2525.49,2083.12,207.07
HadGEM3-GC31-LL,g01,RS,2024,2476.15,1939.6,366.9
HadGEM3-GC31-LL,g01,SE,1990,4033.77,2905.21,6.25
HadGEM3-GC31-LL,g01,SE,1991,4425.56,3190.72,17.86
HadGEM3-GC31-LL,g01,SE,1992,4282.26,2977.96,17.74
HadGEM3-GC31-LL,g01,SE,1993,4584.75,3220.11,1.16
HadGEM3-GC31-LL,g01,SE,1994,4509.86,3485.23,51.17
HadGEM3-GC31-LL,g01,SE,1995,4582.46,3106.38,26.59
HadGEM3-GC31-LL,g01,SE,1996,4936.7,3677.53,10.4
HadGEM3-GC31-LL,g01,SE,1997,4457.25,3254.66,37.67
HadGEM3-GC31-LL,g01,SE,1998,4574.19,3208.82,0.81
HadGEM3-GC31-LL,g01,SE,1999,4318.66,3385.52,24.42
HadGEM3-GC31-LL,g01,SE,2000,4049.89,3103.79,3.23
HadGEM3-GC31-LL,g01,SE,2001,4498.97,3054.81,21.75
HadGEM3-GC31-LL,g01,SE,2002,4339.03,3060.7,34.91
HadGEM3-GC31-LL,g01,SE,2003,4422.53,3588.24,24.98
HadGEM3-GC31-LL,g01,SE,2004,4432.03,3303.43,12.99
HadGEM3-GC31-LL,g01,SE,2005,4319.86,3234.74,18.19
HadGEM3-GC31-LL,g01,SE,2006,4204.01,3398.68,43.15
HadGEM3-GC31-LL,g01,SE,2007,4157.89,2806.05,15.55
HadGEM3-GC31-LL,g01,SE,2008,4105.69,2981.63,25.62
HadGEM3-GC31-LL,g01,SE,2009,4393.96,3218.92,19.06
HadGEM3-GC31-LL,g01,SE,2010,5084.57,3631.09,26.61
HadGEM3-GC31-LL,g01,SE,2011,4125.12,3704.06,15.09
HadGEM3-GC31-LL,g01,SE,2012,4517.64,3011.25,3.44
HadGEM3-GC31-LL,g01,SE,2013,4383.37,3523.54,12.67
HadGEM3-GC31-LL,g01,SE,2014,3954.05,2858.33,40.36
HadGEM3-GC31-LL,g01,SE,2015,4019,2874.33,9.53
HadGEM3-GC31-LL,g01,SE,2016,4233.21,3055.59,14.07
HadGEM3-GC31-LL,g01,SE,2017,4220.43,3078.59,1.36
HadGEM3-GC31-LL,g01,SE,2018,4154.36,3274.37,72.63
HadGEM3-GC31-LL,g01,SE,2019,4082,3012.8,28.32
HadGEM3-GC31-LL,g01,SE,2020,3723.23,2814.94,33.24
HadGEM3-GC31-LL,g01,SE,2021,4315.8,2954.22,32.26
HadGEM3-GC31-LL,g01,SE,2022,4044.11,3016.66,34.13
HadGEM3-GC31-LL,g01,SE,2023,4223.79,3007.35,15.38
HadGEM3-GC31-LL,g01,SE,2024,4025.16,3296.2,12.16
HadGEM3-GC31-LL,g01,SI,1990,3579.15,2663.15,52.13
HadGEM3-GC31-LL,g01,SI,1991,3933.29,2898.83,60.3
HadGEM3-GC31-LL,g01,SI,1992,3540.12,2934.78,101.58
HadGEM3-GC31-LL,g01,SI,1993,3695.97,2879.02,80.02
HadGEM3-GC31-LL,g01,SI,1994,3305.73,2662.39,97.32
HadGEM3-GC31-LL,g01,SI,1995,3691.75,2761.84,51.01
HadGEM3-GC31-LL,g01,SI,1996,4007.77,3092.52,38.98
HadGEM3-GC31-LL,g01,SI,1997,3687.41,2809.11,30.36
HadGEM3-GC31-LL,g01,SI,1998,3615.87,2716.57,89.13
HadGEM3-GC31-LL,g01,SI,1999,3551.42,2961.05,45.7
HadGEM3-GC31-LL,g01,SI,2000,3253.34,2891.46,98.13
HadGEM3-GC31-LL,g01,SI,2001,3508.74,2379.29,88.92
HadGEM3-GC31-LL,g01,SI,2002,3281.46,2734.76,69.41
HadGEM3-GC31-LL,g01,SI,2003,3617.73,2815.38,181.65
HadGEM3-GC31-LL,g01,SI,2004,3731.5,2920.75,59.77
HadGEM3-GC31-LL,g01,SI,2005,3819.69,2892.32,54.65
HadGEM3-GC31-LL,g01,SI,2006,3559.31,3058.88,104.01
HadGEM3-GC31-LL,g01,SI,2007,3314,2312.88,99.18
HadGEM3-GC31-LL,g01,SI,2008,3390.34,2792.25,78.48
HadGEM3-GC31-LL,g01,SI,2009,3430.95,2790.59,82.24
HadGEM3-GC31-LL,g01,SI,2010,3750.21,2864.88,95.5
HadGEM3-GC31-LL,g01,SI,2011,3462.59,2847.42,90.9
HadGEM3-GC31-LL,g01,SI,2012,3439.74,2862.05,144.86
HadGEM3-GC31-LL,g01,SI,2013,3524.09,2829.17,140.31
HadGEM3-GC31-LL,g01,SI,2014,3038.56,2392.17,55.38
HadGEM3-GC31-LL,g01,SI,2015,3301.64,2503.86,142.66
HadGEM3-GC31-LL,g01,SI,2016,3394.4,2596.03,83.17
HadGEM3-GC31-LL,g01,SI,2017,3444.71,2788.7,145.68
HadGEM3-GC31-LL,g01,SI,2018,3231.05,2808.87,101.4
HadGEM3-GC31-LL,g01,SI,2019,3192.73,2537,130.34
HadGEM3-GC31-LL,g01,SI,2020,3301.33,2436.57,80.42
HadGEM3-GC31-LL,g01,SI,2021,3582.22,2680.59,126.02
HadGEM3-GC31-LL,g01,SI,2022,3188.92,2761.5,151.13
HadGEM3-GC31-LL,g01,SI,2023,3067.72,2426.14,105.92
HadGEM3-GC31-LL,g01,SI,2024,2886.01,2212.76,171.39
HadGEM3-GC31-LL,g01,SK,1990,3958.98,2931.93,64.7
HadGEM3-GC31-LL,g01,SK,1991,4296.69,3133.94,61.15
HadGEM3-GC31-LL,g01,SK,1992,4025.03,3198.29,127.26
HadGEM3-GC31-LL,g01,SK,1993,4188.99,3302.29,67.86
HadGEM3-GC31-LL,g01,SK,1994,3787.43,2928.45,119.95
HadGEM3-GC31-LL,g01,SK,1995,4105.8,3045.16,73.14
HadGEM3-GC31-LL,g01,SK,1996,4428.34,3485.47,45.69
HadGEM3-GC31-LL,g01,SK,1997,4234,3180.99,44.05
HadGEM3-GC31-LL,g01,SK,1998,4024.12,2998.14,86.8
HadGEM3-GC31-LL,g01,SK,1999,3928.99,3243.04,47.21
HadGEM3-GC31-LL,g01,SK,2000,3721.75,3203.85,94.4
HadGEM3-GC31-LL,g01,SK,2001,4042.07,2731.07,72.59
HadGEM3-GC31-LL,g01,SK,2002,3828.13,3091.3,88.06
HadGEM3-GC31-LL,g01,SK,2003,4111.03,3307.12,119.86
HadGEM3-GC31-LL,g01,SK,2004,4105.98,3231.16,49.25
HadGEM3-GC31-LL,g01,SK,2005,4204.93,3200.05,50.9
HadGEM3-GC31-LL,g01,SK,2006,4025.34,3402.9,95.89
HadGEM3-GC31-LL,g01,SK,2007,3720.55,2587.64,115.59
HadGEM3-GC31-LL,g01,SK,2008,3679.12,3070.58,69.12
HadGEM3-GC31-LL,g01,SK,2009,3836.8,2984.65,78.76
HadGEM3-GC31-LL,g01,SK,2010,4124.32,3120.06,88.18
HadGEM3-GC31-LL,g01,SK,2011,3901.54,3179.3,70.25
HadGEM3-GC31-LL,g01,SK,2012,3909.01,3195.2,129.37
HadGEM3-GC31-LL,g01,SK,2013,3892.75,3133.6,121.61
HadGEM3-GC31-LL,g01,SK,2014,3373.94,2617.18,65.73
HadGEM3-GC31-LL,g01,SK,2015,3648.65,2764.43,162.52
HadGEM3-GC31-LL,g01,SK,2016,3804.1,2825.98,78.66
HadGEM3-GC31-LL,g01,SK,2017,3881.17,3166.39,126.49
HadGEM3-GC31-LL,g01,SK,2018,3525.9,3040.59,114.18
HadGEM3-GC31-LL,g01,SK,2019,3491.23,2808.1,127.94
HadGEM3-GC31-LL,g01,SK,2020,3631.17,2678.39,78.82
HadGEM3-GC31-LL,g01,SK,2021,3946.36,2898.36,108.12
HadGEM3-GC31-LL,g01,SK,2022,3591.26,2917.21,133.01
HadGEM3-GC31-LL,g01,SK,2023,3415.13,2661.15,95.05
HadGEM3-GC31-LL,g01,SK,2024,3199.43,2493.45,151.19
HadGEM3-GC31-LL,g01,UK,1990,3680.7,2364.64,0.39
HadGEM3-GC31-LL,g01,UK,1991,3818.79,2535.53,0
HadGEM3-GC31-LL,g01,UK,1992,3865.92,2412.34,0
HadGEM3-GC31-LL,g01,UK,1993,3914.64,2486.96,0
HadGEM3-GC31-LL,g01,UK,1994,3813.48,2601.67,0
HadGEM3-GC31-LL,g01,UK,1995,3638.53,2366.03,7.71
HadGEM3-GC31-LL,g01,UK,1996,3932.1,2471.72,0
HadGEM3-GC31-LL,g01,UK,1997,3511.39,2424.82,0
HadGEM3-GC31-LL,g01,UK,1998,3607.39,2209.26,0
HadGEM3-GC31-LL,g01,UK,1999,3612.8,2383.75,0.94
HadGEM3-GC31-LL,g01,UK,2000,3739.16,2370.72,0.09
HadGEM3-GC31-LL,g01,UK,2001,3773.85,2608.19,0.02
HadGEM3-GC31-LL,g01,UK,2002,3655.53,2267.04,0
HadGEM3-GC31-LL,g01,UK,2003,3624.45,2443.97,1.08
HadGEM3-GC31-LL,g01,UK,2004,3608.9,2462.73,0
HadGEM3-GC31-LL,g01,UK,2005,3542,2324.32,1.11
HadGEM3-GC31-LL,g01,UK,2006,3522.45,2422.95,4.52
HadGEM3-GC31-LL,g01,UK,2007,3467.1,2301.3,0.07
HadGEM3-GC31-LL,g01,UK,2008,3770.67,2298.59,0
HadGEM3-GC31-LL,g01,UK,2009,3731.6,2535.93,0.14
HadGEM3-GC31-LL,g01,UK,2010,4101.76,2655.84,0
HadGEM3-GC31-LL,g01,UK,2011,3572.49,2684.91,0
HadGEM3-GC31-LL,g01,UK,2012,3733.57,2134.35,0
HadGEM3-GC31-LL,g01,UK,2013,3735.98,2614.13,3.64
HadGEM3-GC31-LL,g01,UK,2014,3553.15,2348.25,0.6
HadGEM3-GC31-LL,g01,UK,2015,3817.23,2453.81,0
HadGEM3-GC31-LL,g01,UK,2016,3638.36,2326.02,0.21
HadGEM3-GC31-LL,g01,UK,2017,3485.22,2315.71,0
HadGEM3-GC31-LL,g01,UK,2018,3657.94,2462.43,4.33
HadGEM3-GC31-LL,g01,UK,2019,3584.37,2252.87,0
HadGEM3-GC31-LL,g01,UK,2020,3638.43,2441.11,0
HadGEM3-GC31-LL,g01,UK,2021,3528.34,2420.39,5.94
HadGEM3-GC31-LL,g01,UK,2022,3452.25,2197.18,4.18
HadGEM3-GC31-LL,g01,UK,2023,3326.52,2304.31,0.21
HadGEM3-GC31-LL,g01,UK,2024,3513.72,2261,0
HadGEM3-GC31-LL,u03,AL,1990,2574.32,2089.58,138.55
HadGEM3-GC31-LL,u03,AL,1991,2945.89,2066.58,111.35
HadGEM3-GC31-LL,u03,AL,1992,2828.4,2389.31,147.95
HadGEM3-GC31-LL,u03,AL,1993,2807.58,2254.36,168.93
HadGEM3-GC31-LL,u03,AL,1994,2532.76,1967.05,179.3
HadGEM3-GC31-LL,u03,AL,1995,2811.9,2135.01,118.01
HadGEM3-GC31-LL,u03,AL,1996,2781.29,2237.73,143.48
HadGEM3-GC31-LL,u03,AL,1997,2707.47,2039.37,129.18
HadGEM3-GC31-LL,u03,AL,1998,2597.2,2086.02,257.41
HadGEM3-GC31-LL,u03,AL,1999,2490.99,2246.2,224.41
HadGEM3-GC31-LL,u03,AL,2000,2563.01,2179.38,241.46
HadGEM3-GC31-LL,u03,AL,2001,2460.07,1812.04,249.59
HadGEM3-GC31-LL,u03,AL,2002,2407.16,2077.97,185.76
HadGEM3-GC31-LL,u03,AL,2003,2529.78,2109.92,285.89
HadGEM3-GC31-LL,u03,AL,2004,2547.13,2083.47,186.94
HadGEM3-GC31-LL,u03,AL,2005,2637.74,2104.25,129.05
HadGEM3-GC31-LL,u03,AL,2006,2657.28,2200.45,159.63
HadGEM3-GC31-LL,u03,AL,2007,2441.12,1970.81,234.18
HadGEM3-GC31-LL,u03,AL,2008,2429.03,2084.55,212.42
HadGEM3-GC31-LL,u03,AL,2009,2404.4,2049.65,140.87
HadGEM3-GC31-LL,u03,AL,2010,2353.75,1944.1,169.75
HadGEM3-GC31-LL,u03,AL,2011,2663.01,1904.81,176.95
HadGEM3-GC31-LL,u03,AL,2012,2732.1,2458.16,310.6
HadGEM3-GC31-LL,u03,AL,2013,2476.95,2044.35,212.59
HadGEM3-GC31-LL,u03,AL,2014,2541.09,1921.94,159.68
HadGEM3-GC31-LL,u03,AL,2015,2723.04,2196.63,200.12
HadGEM3-GC31-LL,u03,AL,2016,2584.23,2035.19,190.44
HadGEM3-GC31-LL,u03,AL,2017,2749.62,2256.04,265.61
HadGEM3-GC31-LL,u03,AL,2018,2438.21,2150.42,145.37
HadGEM3-GC31-LL,u03,AL,2019,2525.83,2107.11,256.11
HadGEM3-GC31-LL,u03,AL,2020,2623.1,2007.17,186.72
HadGEM3-GC31-LL,u03,AL,2021,2591.64,2034.33,298.43
HadGEM3-GC31-LL,u03,AL,2022,2589.19,2233.17,252.35
HadGEM3-GC31-LL,u03,AL,2023,2479.53,1959.09,222.28
HadGEM3-GC31-LL,u03,AL,2024,2315.34,1813.11,348.8
HadGEM3-GC31-LL,u03,AT,1990,4069.79,2895.55,42
HadGEM3-GC31-LL,u03,AT,1991,4440.56,3166.12,31.31
HadGEM3-GC31-LL,u03,AT,1992,4035.36,3160.75,88.7
HadGEM3-GC31-LL,u03,AT,1993,4252.21,3210.92,44.09
HadGEM3-GC31-LL,u03,AT,1994,3831.53,2990.89,84.85
HadGEM3-GC31-LL,u03,AT,1995,4227.71,3005.11,48.4
HadGEM3-GC31-LL,u03,AT,1996,4631.63,3456.5,24.58
HadGEM3-GC31-LL,u03,AT,1997,4208.57,3118.75,22.7
HadGEM3-GC31-LL,u03,AT,1998,4098.25,2992.23,60
HadGEM3-GC31-LL,u03,AT,1999,4070.6,3200.02,27.98
HadGEM3-GC31-LL,u03,AT,2000,3826.17,3140.72,62.3
HadGEM3-GC31-LL,u03,AT,2001,4135.27,2836.92,52.79
HadGEM3-GC31-LL,u03,AT,2002,3869.11,2970.37,54.6
HadGEM3-GC31-LL,u03,AT,2003,4119.23,3176.97,110.8
HadGEM3-GC31-LL,u03,AT,2004,4217.25,3233.12,37.99
HadGEM3-GC31-LL,u03,AT,2005,4321.47,3192.17,35.24
HadGEM3-GC31-LL,u03,AT,2006,4114.35,3409.8,67.66
HadGEM3-GC31-LL,u03,AT,2007,3847.29,2610.78,71.17
HadGEM3-GC31-LL,u03,AT,2008,3910.22,3078.5,43.56
HadGEM3-GC31-LL,u03,AT,2009,4010.39,3131.94,45.77
HadGEM3-GC31-LL,u03,AT,2010,4388.66,3205.26,61.94
HadGEM3-GC31-LL,u03,AT,2011,3920.16,3200.95,53.09
HadGEM3-GC31-LL,u03,AT,2012,4022.73,3095.76,81.02
HadGEM3-GC31-LL,u03,AT,2013,4125.27,3191.92,89.92
HadGEM3-GC31-LL,u03,AT,2014,3615.84,2769.97,41.54
HadGEM3-GC31-LL,u03,AT,2015,3759.56,2797.16,122.86
HadGEM3-GC31-LL,u03,AT,2016,3899.55,2800.49,50.39
HadGEM3-GC31-LL,u03,AT,2017,3953.32,3073.43,94.75
HadGEM3-GC31-LL,u03,AT,2018,3664.98,3074.09,92.12
HadGEM3-GC31-LL,u03,AT,2019,3684.78,2802.25,102.74
HadGEM3-GC31-LL,u03,AT,2020,3770.38,2746.15,55.97
HadGEM3-GC31-LL,u03,AT,2021,4077.26,2978.55,71.51
HadGEM3-GC31-LL,u03,AT,2022,3675.66,2921.97,90.25
HadGEM3-GC31-LL,u03,AT,2023,3598.23,2724.47,86.35
HadGEM3-GC31-LL,u03,AT,2024,3443.49,2566.08,112.65
HadGEM3-GC31-LL,u03,BE,1990,3476.42,2330.91,36.73
HadGEM3-GC31-LL,u03,BE,1991,3867.42,2631.73,17.85
HadGEM3-GC31-LL,u03,BE,1992,3606.14,2673.75,17.69
HadGEM3-GC31-LL,u03,BE,1993,3732.87,2662.7,7.6
HadGEM3-GC31-LL,u03,BE,1994,3435.45,2684.87,48.03
HadGEM3-GC31-LL,u03,BE,1995,3538.16,2398.45,61.39
HadGEM3-GC31-LL,u03,BE,1996,4134.72,2842.19,20.1
HadGEM3-GC31-LL,u03,BE,1997,3581.68,2715.11,32.5
HadGEM3-GC31-LL,u03,BE,1998,3592.65,2476.47,17.46
HadGEM3-GC31-LL,u03,BE,1999,3305.57,2620.02,22.18
HadGEM3-GC31-LL,u03,BE,2000,3346.11,2516.14,14.1
HadGEM3-GC31-LL,u03,BE,2001,3541.15,2469.06,32.56
HadGEM3-GC31-LL,u03,BE,2002,3311.92,2371.2,23.9
HadGEM3-GC31-LL,u03,BE,2003,3506.99,2562.33,55.83
HadGEM3-GC31-LL,u03,BE,2004,3478.02,2617.37,22.33
HadGEM3-GC31-LL,u03,BE,2005,3379.88,2558.15,31.83
HadGEM3-GC31-LL,u03,BE,2006,3303.75,2630.15,62.79
HadGEM3-GC31-LL,u03,BE,2007,3155.4,2095.35,10.15
HadGEM3-GC31-LL,u03,BE,2008,3504.23,2478.22,13.48
HadGEM3-GC31-LL,u03,BE,2009,3500.59,2773.62,24.67
HadGEM3-GC31-LL,u03,BE,2010,3953.84,2698.49,36.4
HadGEM3-GC31-LL,u03,BE,2011,3226.14,2699.85,13.91
HadGEM3-GC31-LL,u03,BE,2012,3600.83,2458.76,23.23
HadGEM3-GC31-LL,u03,BE,2013,3803.64,2773.57,34.34
HadGEM3-GC31-LL,u03,BE,2014,3124.04,2287.87,20.22
HadGEM3-GC31-LL,u03,BE,2015,3384.48,2453.83,46.15
HadGEM3-GC31-LL,u03,BE,2016,3464.51,2309.75,27.69
HadGEM3-GC31-LL,u03,BE,2017,3346.98,2545.05,35.86
HadGEM3-GC31-LL,u03,BE,2018,3279.63,2534.11,75.31
HadGEM3-GC31-LL,u03,BE,2019,3316.18,2363.58,62.59
HadGEM3-GC31-LL,u03,BE,2020,3111.24,2315.48,61.82
HadGEM3-GC31-LL,u03,BE,2021,3523.97,2394.05,21.43
HadGEM3-GC31-LL,u03,BE,2022,3143.65,2371.8,76.63
HadGEM3-GC31-LL,u03,BE,2023,3096.43,2279.9,50.38
HadGEM3-GC31-LL,u03,BE,2024,3109.47,2182.32,40.44
HadGEM3-GC31-LL,u03,BG,1990,3340.2,2758.96,120.05
HadGEM3-GC31-LL,u03,BG,1991,3787.11,2788.75,83.56
HadGEM3-GC31-LL,u03,BG,1992,3550.83,2950.72,116.01
HadGEM3-GC31-LL,u03,BG,1993,3624,2911.39,145.7
HadGEM3-GC31-LL,u03,BG,1994,3204.51,2644.6,138.9
HadGEM3-GC31-LL,u03,BG,1995,3597.09,2737.19,86.85
HadGEM3-GC31-LL,u03,BG,1996,3762.63,3227.86,133.09
HadGEM3-GC31-LL,u03,BG,1997,3766.4,2765.09,78.87
HadGEM3-GC31-LL,u03,BG,1998,3499.52,2840.75,155.52
HadGEM3-GC31-LL,u03,BG,1999,3278.09,2887.59,132.39
HadGEM3-GC31-LL,u03,BG,2000,3327.51,2837.24,196.19
HadGEM3-GC31-LL,u03,BG,2001,3376.94,2414.76,152.95
HadGEM3-GC31-LL,u03,BG,2002,3314.6,2773.05,116.82
HadGEM3-GC31-LL,u03,BG,2003,3640.06,2979.34,172.81
HadGEM3-GC31-LL,u03,BG,2004,3407.87,2835.02,90.62
HadGEM3-GC31-LL,u03,BG,2005,3560.61,2720.21,81.87
HadGEM3-GC31-LL,u03,BG,2006,3506.3,2927.14,125.26
HadGEM3-GC31-LL,u03,BG,2007,3205.74,2444.44,225.37
HadGEM3-GC31-LL,u03,BG,2008,3281.62,2823.32,166.98
HadGEM3-GC31-LL,u03,BG,2009,3268.6,2674.38,138.55
HadGEM3-GC31-LL,u03,BG,2010,3300.38,2660.44,146.36
HadGEM3-GC31-LL,u03,BG,2011,3580.02,2720.37,132.59
HadGEM3-GC31-LL,u03,BG,2012,3383.65,3073.9,240.77
HadGEM3-GC31-LL,u03,BG,2013,3190.62,2585.18,148.15
HadGEM3-GC31-LL,u03,BG,2014,3137.09,2455.51,104.61
HadGEM3-GC31-LL,u03,BG,2015,3145.66,2665.14,166.08
HadGEM3-GC31-LL,u03,BG,2016,3197.68,2417.96,169.61
HadGEM3-GC31-LL,u03,BG,2017,3302.38,2832.42,191
HadGEM3-GC31-LL,u03,BG,2018,3084.88,2591.24,122.59
HadGEM3-GC31-LL,u03,BG,2019,2930.12,2575.11,166.11
HadGEM3-GC31-LL,u03,BG,2020,3011.96,2290,149.68
HadGEM3-GC31-LL,u03,BG,2021,3264.96,2472.94,194.65
HadGEM3-GC31-LL,u03,BG,2022,3025.22,2667.38,184.07
HadGEM3-GC31-LL,u03,BG,2023,2792.54,2224.96,204.98
HadGEM3-GC31-LL,u03,BG,2024,2673.02,2115.9,287.06
HadGEM3-GC31-LL,u03,CH,1990,4141.85,2852.09,30.59
HadGEM3-GC31-LL,u03,CH,1991,4449.23,3090.98,29.81
HadGEM3-GC31-LL,u03,CH,1992,4230.27,3203.75,40.21
HadGEM3-GC31-LL,u03,CH,1993,4326.16,3073.13,21.06
HadGEM3-GC31-LL,u03,CH,1994,3913.15,2965.81,50.9
HadGEM3-GC31-LL,u03,CH,1995,4306.03,2917.7,31.1
HadGEM3-GC31-LL,u03,CH,1996,4598.28,3153.15,13.91
HadGEM3-GC31-LL,u03,CH,1997,4150.86,3019.95,15.78
HadGEM3-GC31-LL,u03,CH,1998,4263.86,2954.08,37.9
HadGEM3-GC31-LL,u03,CH,1999,4227.78,3194.05,14.1
HadGEM3-GC31-LL,u03,CH,2000,4018.92,3102.97,26.44
HadGEM3-GC31-LL,u03,CH,2001,4230.59,2827.76,28.01
HadGEM3-GC31-LL,u03,CH,2002,4014.15,2934.55,30.04
HadGEM3-GC31-LL,u03,CH,2003,4136.03,3005.37,111.49
HadGEM3-GC31-LL,u03,CH,2004,4287.64,3172.34,23.22
HadGEM3-GC31-LL,u03,CH,2005,4383.03,3156,33.3
HadGEM3-GC31-LL,u03,CH,2006,4142.16,3298.51,52.65
HadGEM3-GC31-LL,u03,CH,2007,4036.55,2669.87,17.54
HadGEM3-GC31-LL,u03,CH,2008,4220.76,3066.05,23.03
HadGEM3-GC31-LL,u03,CH,2009,4134.2,3240.54,28.67
HadGEM3-GC31-LL,u03,CH,2010,4515.69,3163.36,38.31
HadGEM3-GC31-LL,u03,CH,2011,3893.57,3079.66,28.57
HadGEM3-GC31-LL,u03,CH,2012,4187.98,3027.63,32.84
HadGEM3-GC31-LL,u03,CH,2013,4396.37,3177.15,43.63
HadGEM3-GC31-LL,u03,CH,2014,3829.47,2842.24,19.39
HadGEM3-GC31-LL,u03,CH,2015,3953.6,2849.54,83.25
HadGEM3-GC31-LL,u03,CH,2016,4118.12,2840.34,34.91
HadGEM3-GC31-LL,u03,CH,2017,4088,3022.61,52.96
HadGEM3-GC31-LL,u03,CH,2018,3800.29,3061.37,60.94
HadGEM3-GC31-LL,u03,CH,2019,3967.49,2854.68,65.68
HadGEM3-GC31-LL,u03,CH,2020,3842.04,2743.34,43.31
HadGEM3-GC31-LL,u03,CH,2021,4230.34,2954.86,23.29
HadGEM3-GC31-LL,u03,CH,2022,3669.68,2941.57,77.06
HadGEM3-GC31-LL,u03,CH,2023,3712.68,2683.37,66.61
HadGEM3-GC31-LL,u03,CH,2024,3758.04,2619.47,47.94
HadGEM3-GC31-LL,u03,CY,1990,1399.81,1278.78,333.59
HadGEM3-GC31-LL,u03,CY,1991,1421.57,1098.64,304.39
HadGEM3-GC31-LL,u03,CY,1992,1817.34,1546.42,291.67
HadGEM3-GC31-LL,u03,CY,1993,1537.11,1456.8,357.92
HadGEM3-GC31-LL,u03,CY,1994,1343.01,1094.95,355.06
HadGEM3-GC31-LL,u03,CY,1995,1467.35,1219.52,368.57
HadGEM3-GC31-LL,u03,CY,1996,1342.62,1327.41,382
HadGEM3-GC31-LL,u03,CY,1997,1456.13,1182.67,334.96
HadGEM3-GC31-LL,u03,CY,1998,1295.66,1198.86,427.4
HadGEM3-GC31-LL,u03,CY,1999,1152.81,1029.85,379.9
HadGEM3-GC31-LL,u03,CY,2000,1416.6,1204.21,439.89
HadGEM3-GC31-LL,u03,CY,2001,1202.85,1028.44,402.84
HadGEM3-GC31-LL,u03,CY,2002,1303.64,1159.95,408.68
HadGEM3-GC31-LL,u03,CY,2003,1379.14,1219.79,391.36
HadGEM3-GC31-LL,u03,CY,2004,1341.31,1156.67,369.14
HadGEM3-GC31-LL,u03,CY,2005,1348.02,1157.98,354.27
HadGEM3-GC31-LL,u03,CY,2006,1362,1185.86,380.13
HadGEM3-GC31-LL,u03,CY,2007,1199.3,1172.18,494.19
HadGEM3-GC31-LL,u03,CY,2008,1137.14,1046.8,511.82
HadGEM3-GC31-LL,u03,CY,2009,1113.22,991.23,479.44
HadGEM3-GC31-LL,u03,CY,2010,891.9,843.41,483.8
HadGEM3-GC31-LL,u03,CY,2011,1224.44,867.89,451.51
HadGEM3-GC31-LL,u03,CY,2012,1174.74,1214.93,553.86
HadGEM3-GC31-LL,u03,CY,2013,1041.59,856.6,473.35
HadGEM3-GC31-LL,u03,CY,2014,754.08,804.95,408.86
HadGEM3-GC31-LL,u03,CY,2015,949.52,825.24,407.41
HadGEM3-GC31-LL,u03,CY,2016,1004.11,825.38,433.82
HadGEM3-GC31-LL,u03,CY,2017,957.52,1016.5,475.7
HadGEM3-GC31-LL,u03,CY,2018,743.7,661,418.37
HadGEM3-GC31-LL,u03,CY,2019,928.81,868.44,446.74
HadGEM3-GC31-LL,u03,CY,2020,824.66,812.98,427.27
HadGEM3-GC31-LL,u03,CY,2021,720.88,597.58,555.13
HadGEM3-GC31-LL,u03,CY,2022,841.18,849.05,515.67
HadGEM3-GC31-LL,u03,CY,2023,644.15,584.35,543.66
HadGEM3-GC31-LL,u03,CY,2024,608.43,482.47,603.71
HadGEM3-GC31-LL,u03,CZ,1990,4100.93,2942.72,49.99
HadGEM3-GC31-LL,u03,CZ,1991,4514.35,3190.39,33.99
HadGEM3-GC31-LL,u03,CZ,1992,4141.66,3213.74,89.46
HadGEM3-GC31-LL,u03,CZ,1993,4390.23,3340.57,38.33
HadGEM3-GC31-LL,u03,CZ,1994,4005.89,3079.23,105.67
HadGEM3-GC31-LL,u03,CZ,1995,4325.15,3082.97,60.56
HadGEM3-GC31-LL,u03,CZ,1996,4869.02,3638.29,28.91
HadGEM3-GC31-LL,u03,CZ,1997,4426.45,3292.62,31.25
HadGEM3-GC31-LL,u03,CZ,1998,4209.24,3090.71,55.99
HadGEM3-GC31-LL,u03,CZ,1999,4111.92,3265.6,34.05
HadGEM3-GC31-LL,u03,CZ,2000,3903.25,3165.55,61.27
HadGEM3-GC31-LL,u03,CZ,2001,4318.69,2957.75,42.01
HadGEM3-GC31-LL,u03,CZ,2002,4060.2,3072.49,53.26
HadGEM3-GC31-LL,u03,CZ,2003,4264.37,3371.16,103.78
HadGEM3-GC31-LL,u03,CZ,2004,4303.8,3304.62,42.74
HadGEM3-GC31-LL,u03,CZ,2005,4354.29,3245.28,38.55
HadGEM3-GC31-LL,u03,CZ,2006,4216.62,3501.13,84.18
HadGEM3-GC31-LL,u03,CZ,2007,3921.06,2655,69.53
HadGEM3-GC31-LL,u03,CZ,2008,3985.2,3114.37,50.82
HadGEM3-GC31-LL,u03,CZ,2009,4100.02,3166.09,42.85
HadGEM3-GC31-LL,u03,CZ,2010,4556.46,3297.53,72.9
HadGEM3-GC31-LL,u03,CZ,2011,4049.44,3325.5,40.92
HadGEM3-GC31-LL,u03,CZ,2012,4175.15,3166.24,68.03
HadGEM3-GC31-LL,u03,CZ,2013,4286.87,3321.61,78.77
HadGEM3-GC31-LL,u03,CZ,2014,3688.38,2815.22,53.01
HadGEM3-GC31-LL,u03,CZ,2015,3806.38,2822.66,134.66
HadGEM3-GC31-LL,u03,CZ,2016,4022.3,2866.62,50.15
HadGEM3-GC31-LL,u03,CZ,2017,4047.52,3185.27,79.09
HadGEM3-GC31-LL,u03,CZ,2018,3737.05,3099.38,111.32
HadGEM3-GC31-LL,u03,CZ,2019,3711.81,2868.04,100.72
HadGEM3-GC31-LL,u03,CZ,2020,3842.41,2753.24,51.17
HadGEM3-GC31-LL,u03,CZ,2021,4220.55,3053.5,52.33
HadGEM3-GC31-LL,u03,CZ,2022,3833.25,2946.94,87.06
HadGEM3-GC31-LL,u03,CZ,2023,3676.13,2821.98,83.78
HadGEM3-GC31-LL,u03,CZ,2024,3525.7,2638.06,95.18
HadGEM3-GC31-LL,u03,DE,1990,3702.64,2593.86,40.92
HadGEM3-GC31-LL,u03,DE,1991,4098.85,2871.46,40.54
HadGEM3-GC31-LL,u03,DE,1992,3813.71,2901.84,55.11
HadGEM3-GC31-LL,u03,DE,1993,4031.6,2946.82,22.14
HadGEM3-GC31-LL,u03,DE,1994,3658.63,2883.89,80.51
HadGEM3-GC31-LL,u03,DE,1995,3940.62,2719.12,65.01
HadGEM3-GC31-LL,u03,DE,1996,4509.93,3237.41,24.61
HadGEM3-GC31-LL,u03,DE,1997,3926.65,2968.66,36.97
HadGEM3-GC31-LL,u03,DE,1998,3843.99,2745.36,35.58
HadGEM3-GC31-LL,u03,DE,1999,3692.79,2910.41,34.94
HadGEM3-GC31-LL,u03,DE,2000,3575.75,2789.13,33.66
HadGEM3-GC31-LL,u03,DE,2001,3860.83,2686.8,46.35
HadGEM3-GC31-LL,u03,DE,2002,3668.59,2678.58,37
HadGEM3-GC31-LL,u03,DE,2003,3834.84,2944.53,100.4
HadGEM3-GC31-LL,u03,DE,2004,3904.03,2920.79,33.26
HadGEM3-GC31-LL,u03,DE,2005,3868.37,2905.85,37.14
HadGEM3-GC31-LL,u03,DE,2006,3731.77,3056.52,76.5
HadGEM3-GC31-LL,u03,DE,2007,3573.15,2349.29,29.88
HadGEM3-GC31-LL,u03,DE,2008,3756.66,2781.93,35.19
HadGEM3-GC31-LL,u03,DE,2009,3821.62,2996.08,33.83
HadGEM3-GC31-LL,u03,DE,2010,4320.26,3022.04,60.44
HadGEM3-GC31-LL,u03,DE,2011,3639.71,3022.18,25.62
HadGEM3-GC31-LL,u03,DE,2012,3871.54,2793.92,36.66
HadGEM3-GC31-LL,u03,DE,2013,4022.67,3057.09,54
HadGEM3-GC31-LL,u03,DE,2014,3393.16,2538.15,36.12
HadGEM3-GC31-LL,u03,DE,2015,3600.34,2640.03,83.58
HadGEM3-GC31-LL,u03,DE,2016,3751.43,2602.2,40.81
HadGEM3-GC31-LL,u03,DE,2017,3689.8,2844.66,41.55
HadGEM3-GC31-LL,u03,DE,2018,3494.72,2804.53,96
HadGEM3-GC31-LL,u03,DE,2019,3533.79,2595.38,89.22
HadGEM3-GC31-LL,u03,DE,2020,3438.57,2527.04,61.59
HadGEM3-GC31-LL,u03,DE,2021,3845.32,2708.58,34.08
HadGEM3-GC31-LL,u03,DE,2022,3426.74,2637.95,92.01
HadGEM3-GC31-LL,u03,DE,2023,3363.38,2506.16,59.63
HadGEM3-GC31-LL,u03,DE,2024,3306.42,2416.79,54.98
HadGEM3-GC31-LL,u03,DK,1990,3743.81,2593.63,2.65
HadGEM3-GC31-LL,u03,DK,1991,4160.9,2895.16,4.88
HadGEM3-GC31-LL,u03,DK,1992,3939.21,2771.6,6.29
HadGEM3-GC31-LL,u03,DK,1993,4334.19,2956.44,0.12
HadGEM3-GC31-LL,u03,DK,1994,4054.18,3085.17,20.43
HadGEM3-GC31-LL,u03,DK,1995,4233.87,2832.66,10.44
HadGEM3-GC31-LL,u03,DK,1996,4724.04,3384.38,3.95
HadGEM3-GC31-LL,u03,DK,1997,4188.2,3037.07,14.69
HadGEM3-GC31-LL,u03,DK,1998,4232.61,2860.8,0.42
HadGEM3-GC31-LL,u03,DK,1999,4015.88,3077.34,3.77
HadGEM3-GC31-LL,u03,DK,2000,3847.48,2818.66,3.2
HadGEM3-GC31-LL,u03,DK,2001,4179.52,2839.96,4.65
HadGEM3-GC31-LL,u03,DK,2002,3873.44,2730.96,7.25
HadGEM3-GC31-LL,u03,DK,2003,4044.96,3185.63,6.47
HadGEM3-GC31-LL,u03,DK,2004,4042.38,2957.83,3.4
HadGEM3-GC31-LL,u03,DK,2005,3988.62,2883.8,3.09
HadGEM3-GC31-LL,u03,DK,2006,3790.51,3026.43,11.16
HadGEM3-GC31-LL,u03,DK,2007,3714.86,2374.65,3.91
HadGEM3-GC31-LL,u03,DK,2008,3778.13,2723.97,6.57
HadGEM3-GC31-LL,u03,DK,2009,3935.16,2868.81,3.45
HadGEM3-GC31-LL,u03,DK,2010,4600.37,3176.5,6.78
HadGEM3-GC31-LL,u03,DK,2011,4020.21,3283.79,0.04
HadGEM3-GC31-LL,u03,DK,2012,4289.58,2805.09,4.12
HadGEM3-GC31-LL,u03,DK,2013,4244.22,3215.73,5.53
HadGEM3-GC31-LL,u03,DK,2014,3681.77,2631.89,15
HadGEM3-GC31-LL,u03,DK,2015,3964.55,2655.22,2.74
HadGEM3-GC31-LL,u03,DK,2016,4025.46,2756.79,4.19
HadGEM3-GC31-LL,u03,DK,2017,4029.19,2873.59,0
HadGEM3-GC31-LL,u03,DK,2018,3898.87,2958.11,30.38
HadGEM3-GC31-LL,u03,DK,2019,3862.96,2678.53,11.42
HadGEM3-GC31-LL,u03,DK,2020,3735.15,2610.44,15.57
HadGEM3-GC31-LL,u03,DK,2021,4120.26,2816.29,7.67
HadGEM3-GC31-LL,u03,DK,2022,3865.53,2705.01,14.36
HadGEM3-GC31-LL,u03,DK,2023,3892.6,2687.52,1.21
HadGEM3-GC31-LL,u03,DK,2024,3758.3,2816.81,2.19
HadGEM3-GC31-LL,u03,EE,1990,4925.14,3460.79,0.66
HadGEM3-GC31-LL,u03,EE,1991,5079.82,3661.3,4.68
HadGEM3-GC31-LL,u03,EE,1992,5059.86,3363.9,11.41
HadGEM3-GC31-LL,u03,EE,1993,5479.61,3702.23,0.54
HadGEM3-GC31-LL,u03,EE,1994,5476.87,4219.67,25.35
HadGEM3-GC31-LL,u03,EE,1995,5135.52,3588.09,7.41
HadGEM3-GC31-LL,u03,EE,1996,5728.08,4229.04,2.57
HadGEM3-GC31-LL,u03,EE,1997,5283.99,3622.36,19.36
HadGEM3-GC31-LL,u03,EE,1998,5402.26,3824.49,2.07
HadGEM3-GC31-LL,u03,EE,1999,5025.09,3974.21,20.53
HadGEM3-GC31-LL,u03,EE,2000,4828.79,3550.44,2.07
HadGEM3-GC31-LL,u03,EE,2001,5202.16,3509.11,14.88
HadGEM3-GC31-LL,u03,EE,2002,5162.2,3651.22,18.43
HadGEM3-GC31-LL,u03,EE,2003,5343.36,4324.33,20.64
HadGEM3-GC31-LL,u03,EE,2004,5211.07,3791.77,4.33
HadGEM3-GC31-LL,u03,EE,2005,5187.7,3820.85,8.19
HadGEM3-GC31-LL,u03,EE,2006,5008.83,3961.34,22.81
HadGEM3-GC31-LL,u03,EE,2007,4919.62,3390.56,12.04
HadGEM3-GC31-LL,u03,EE,2008,4757.88,3381.36,0.75
HadGEM3-GC31-LL,u03,EE,2009,5186.08,3547.37,2.45
HadGEM3-GC31-LL,u03,EE,2010,5676.14,4229.63,44.21
HadGEM3-GC31-LL,u03,EE,2011,4917.56,4184.9,23.21
HadGEM3-GC31-LL,u03,EE,2012,5453.41,3664.92,5.88
HadGEM3-GC31-LL,u03,EE,2013,5005.03,4041.11,11.67
HadGEM3-GC31-LL,u03,EE,2014,4988.06,3416.74,28.73
HadGEM3-GC31-LL,u03,EE,2015,4692.46,3435.06,4.36
HadGEM3-GC31-LL,u03,EE,2016,5051.2,3552.7,5.2
HadGEM3-GC31-LL,u03,EE,2017,5100.51,3653.68,1.11
HadGEM3-GC31-LL,u03,EE,2018,4907.75,3763.4,38.75
HadGEM3-GC31-LL,u03,EE,2019,4747.29,3536.72,14.99
HadGEM3-GC31-LL,u03,EE,2020,4442.62,3141.99,9.6
HadGEM3-GC31-LL,u03,EE,2021,5103.45,3527.15,45.13
HadGEM3-GC31-LL,u03,EE,2022,4934.57,3558.99,37.1
HadGEM3-GC31-LL,u03,EE,2023,4849.14,3531.22,13.89
HadGEM3-GC31-LL,u03,EE,2024,4556.72,3788.18,10.7
HadGEM3-GC31-LL,u03,EL,1990,1851.69,1664.48,258.17
HadGEM3-GC31-LL,u03,EL,1991,2196.99,1639.11,226.53
HadGEM3-GC31-LL,u03,EL,1992,2112.29,1897.65,230.02
HadGEM3-GC31-LL,u03,EL,1993,2043.46,1775.6,280.18
HadGEM3-GC31-LL,u03,EL,1994,1812.77,1513.59,297.81
HadGEM3-GC31-LL,u03,EL,1995,1974.91,1595.9,265.63
HadGEM3-GC31-LL,u03,EL,1996,2070.45,1839.37,262.85
HadGEM3-GC31-LL,u03,EL,1997,2079.24,1602.57,255.41
HadGEM3-GC31-LL,u03,EL,1998,1950.26,1710.59,379.62
HadGEM3-GC31-LL,u03,EL,1999,1808.72,1697.85,349.75
HadGEM3-GC31-LL,u03,EL,2000,1946.08,1712.78,354.96
HadGEM3-GC31-LL,u03,EL,2001,1860.25,1381.37,360.7
HadGEM3-GC31-LL,u03,EL,2002,1884.42,1744.63,308.49
HadGEM3-GC31-LL,u03,EL,2003,2046.49,1750.71,369.13
HadGEM3-GC31-LL,u03,EL,2004,1983.24,1695.42,264.21
HadGEM3-GC31-LL,u03,EL,2005,2049.79,1673.12,231.42
HadGEM3-GC31-LL,u03,EL,2006,2130.19,1815.94,267.92
HadGEM3-GC31-LL,u03,EL,2007,1919.33,1645.13,348.83
HadGEM3-GC31-LL,u03,EL,2008,1911.09,1717.51,305.81
HadGEM3-GC31-LL,u03,EL,2009,1843.78,1612.18,256.56
HadGEM3-GC31-LL,u03,EL,2010,1715.28,1477.4,306.63
HadGEM3-GC31-LL,u03,EL,2011,2141.51,1561.37,262.96
HadGEM3-GC31-LL,u03,EL,2012,1978.88,1958.55,379.98
HadGEM3-GC31-LL,u03,EL,2013,1796.84,1478.85,269.31
HadGEM3-GC31-LL,u03,EL,2014,1762.67,1496.05,257.15
HadGEM3-GC31-LL,u03,EL,2015,1974.15,1670.92,263.56
HadGEM3-GC31-LL,u03,EL,2016,1853.59,1499.11,302.63
HadGEM3-GC31-LL,u03,EL,2017,1984.19,1761.44,315.96
HadGEM3-GC31-LL,u03,EL,2018,1718.16,1541.94,258.42
HadGEM3-GC31-LL,u03,EL,2019,1822.57,1655.78,309.93
HadGEM3-GC31-LL,u03,EL,2020,1868.38,1492.11,257.62
HadGEM3-GC31-LL,u03,EL,2021,1901.38,1499.41,354.95
HadGEM3-GC31-LL,u03,EL,2022,1905.62,1767.27,300.4
HadGEM3-GC31-LL,u03,EL,2023,1710.53,1428.22,330.63
HadGEM3-GC31-LL,u03,EL,2024,1577.01,1302.3,442.72
HadGEM3-GC31-LL,u03,ES,1990,2062.48,1385.82,225.07
HadGEM3-GC31-LL,u03,ES,1991,2365.11,1804.87,240.01
HadGEM3-GC31-LL,u03,ES,1992,2276.89,1862.86,172.78
HadGEM3-GC31-LL,u03,ES,1993,2382.09,1740.29,181.88
HadGEM3-GC31-LL,u03,ES,1994,2042.15,1729.39,260.17
HadGEM3-GC31-LL,u03,ES,1995,1906.16,1519.48,201.48
HadGEM3-GC31-LL,u03,ES,1996,2157.16,1531.8,182
HadGEM3-GC31-LL,u03,ES,1997,1845.72,1524.86,154.6
HadGEM3-GC31-LL,u03,ES,1998,2070.68,1463.45,226.25
HadGEM3-GC31-LL,u03,ES,1999,2128.14,1737.24,216.43
HadGEM3-GC31-LL,u03,ES,2000,2098.56,1705.25,207.2
HadGEM3-GC31-LL,u03,ES,2001,2048.43,1528.21,225.07
HadGEM3-GC31-LL,u03,ES,2002,1979.87,1648.52,186.16
HadGEM3-GC31-LL,u03,ES,2003,2028.12,1569.63,313.46
HadGEM3-GC31-LL,u03,ES,2004,2167.83,1670.11,231.54
HadGEM3-GC31-LL,u03,ES,2005,2225.09,1801.06,250.58
HadGEM3-GC31-LL,u03,ES,2006,1953.36,1760.03,244.06
HadGEM3-GC31-LL,u03,ES,2007,2098.35,1506.96,182.81
HadGEM3-GC31-LL,u03,ES,2008,2154.85,1627.31,206.57
HadGEM3-GC31-LL,u03,ES,2009,2033.88,1785.38,265.9
HadGEM3-GC31-LL,u03,ES,2010,2254.61,1652.94,238.99
HadGEM3-GC31-LL,u03,ES,2011,1915.62,1721.17,214.56
HadGEM3-GC31-LL,u03,ES,2012,2156.4,1650.07,265.89
HadGEM3-GC31-LL,u03,ES,2013,2186.32,1662.79,223.47
HadGEM3-GC31-LL,u03,ES,2014,1876.78,1593.04,193.85
HadGEM3-GC31-LL,u03,ES,2015,1921.23,1600.08,290.87
HadGEM3-GC31-LL,u03,ES,2016,1990.51,1469.51,263.17
HadGEM3-GC31-LL,u03,ES,2017,1952.97,1549.36,286.64
HadGEM3-GC31-LL,u03,ES,2018,2063.3,1682.78,241.88
HadGEM3-GC31-LL,u03,ES,2019,1958.86,1548.11,257.28
HadGEM3-GC31-LL,u03,ES,2020,1877.94,1471.54,263.16
HadGEM3-GC31-LL,u03,ES,2021,1976.35,1570.95,242.62
HadGEM3-GC31-LL,u03,ES,2022,1766.19,1560.91,347.2
HadGEM3-GC31-LL,u03,ES,2023,1784.8,1393.05,309.33
HadGEM3-GC31-LL,u03,ES,2024,1737.59,1354.11,289.8
HadGEM3-GC31-LL,u03,FI,1990,5501.23,3923.24,1.01
HadGEM3-GC31-LL,u03,FI,1991,5687,4109.07,5.2
HadGEM3-GC31-LL,u03,FI,1992,5655.66,3699.62,5.82
HadGEM3-GC31-LL,u03,FI,1993,5943.44,4045.31,0.17
HadGEM3-GC31-LL,u03,FI,1994,6029.92,4545.25,19.32
HadGEM3-GC31-LL,u03,FI,1995,5725.15,3835.82,7.66
HadGEM3-GC31-LL,u03,FI,1996,6143.34,4537.6,0.9
HadGEM3-GC31-LL,u03,FI,1997,5795.87,4012.99,17.2
HadGEM3-GC31-LL,u03,FI,1998,6000.55,4230.97,0.45
HadGEM3-GC31-LL,u03,FI,1999,5701.68,4318.66,16.61
HadGEM3-GC31-LL,u03,FI,2000,5313.05,3911.06,2.33
HadGEM3-GC31-LL,u03,FI,2001,5808.24,3856.82,7.61
HadGEM3-GC31-LL,u03,FI,2002,5781.01,4042.67,10.26
HadGEM3-GC31-LL,u03,FI,2003,5832.99,4701.94,19.82
HadGEM3-GC31-LL,u03,FI,2004,5707.55,4109.98,2.48
HadGEM3-GC31-LL,u03,FI,2005,5524.11,4067.21,9.24
HadGEM3-GC31-LL,u03,FI,2006,5530.84,4229.88,15.41
HadGEM3-GC31-LL,u03,FI,2007,5442.3,3818.27,7.1
HadGEM3-GC31-LL,u03,FI,2008,5291.02,3659.97,2.08
HadGEM3-GC31-LL,u03,FI,2009,5725.87,3866.92,3.54
HadGEM3-GC31-LL,u03,FI,2010,6249.9,4566.4,31.46
HadGEM3-GC31-LL,u03,FI,2011,5348.49,4622.13,21.72
HadGEM3-GC31-LL,u03,FI,2012,5881.63,3853.09,1.45
HadGEM3-GC31-LL,u03,FI,2013,5388.62,4268.13,7.69
HadGEM3-GC31-LL,u03,FI,2014,5318.03,3679.05,27.28
HadGEM3-GC31-LL,u03,FI,2015,5107.23,3678.86,1.79
HadGEM3-GC31-LL,u03,FI,2016,5524.51,3836.19,1.66
HadGEM3-GC31-LL,u03,FI,2017,5538.71,3910.88,0.06
HadGEM3-GC31-LL,u03,FI,2018,5411.84,4074.87,35.5
HadGEM3-GC31-LL,u03,FI,2019,5397.96,3874.3,13.79
HadGEM3-GC31-LL,u03,FI,2020,4874.96,3546.45,11.58
HadGEM3-GC31-LL,u03,FI,2021,5666.59,3826.48,34.77
HadGEM3-GC31-LL,u03,FI,2022,5399.93,3941.75,22.08
HadGEM3-GC31-LL,u03,FI,2023,5497.43,3832.95,11.49
HadGEM3-GC31-LL,u03,FI,2024,5257.01,4325.74,9.43
HadGEM3-GC31-LL,u03,FR,1990,3056.69,2143.48,83.82
HadGEM3-GC31-LL,u03,FR,1991,3448.48,2429.13,67.59
HadGEM3-GC31-LL,u03,FR,1992,3284.8,2535.41,57.99
HadGEM3-GC31-LL,u03,FR,1993,3365.57,2403.29,41.4
HadGEM3-GC31-LL,u03,FR,1994,2991.01,2366.06,87.23
HadGEM3-GC31-LL,u03,FR,1995,3145.04,2172.63,85.12
HadGEM3-GC31-LL,u03,FR,1996,3507.99,2418.98,50.15
HadGEM3-GC31-LL,u03,FR,1997,3077.2,2399.53,58.96
HadGEM3-GC31-LL,u03,FR,1998,3252.28,2250.61,62.8
HadGEM3-GC31-LL,u03,FR,1999,3074.33,2415.5,53.4
HadGEM3-GC31-LL,u03,FR,2000,3044.99,2379.84,50.5
HadGEM3-GC31-LL,u03,FR,2001,3176.32,2171.99,69.43
HadGEM3-GC31-LL,u03,FR,2002,2977.95,2254.88,49.37
HadGEM3-GC31-LL,u03,FR,2003,3088.72,2277.52,161.86
HadGEM3-GC31-LL,u03,FR,2004,3230.88,2419.31,59.84
HadGEM3-GC31-LL,u03,FR,2005,3227.88,2442.15,77.01
HadGEM3-GC31-LL,u03,FR,2006,3049.25,2502.98,99.03
HadGEM3-GC31-LL,u03,FR,2007,3040.74,2044.61,34.85
HadGEM3-GC31-LL,u03,FR,2008,3206.04,2366.97,47.45
HadGEM3-GC31-LL,u03,FR,2009,3130.96,2538.49,77.38
HadGEM3-GC31-LL,u03,FR,2010,3508.23,2453.87,69.44
HadGEM3-GC31-LL,u03,FR,2011,2854.04,2447.76,46.96
HadGEM3-GC31-LL,u03,FR,2012,3186.25,2242.94,67.16
HadGEM3-GC31-LL,u03,FR,2013,3339.83,2448.84,73.59
HadGEM3-GC31-LL,u03,FR,2014,2798.25,2131.61,42.98
HadGEM3-GC31-LL,u03,FR,2015,2952.36,2219.67,109.72
HadGEM3-GC31-LL,u03,FR,2016,3122.71,2133.75,76.66
HadGEM3-GC31-LL,u03,FR,2017,3032.23,2334.06,96.44
HadGEM3-GC31-LL,u03,FR,2018,2885.7,2331.92,110.07
HadGEM3-GC31-LL,u03,FR,2019,2949.94,2175.61,123.33
HadGEM3-GC31-LL,u03,FR,2020,2767.35,2084.3,100.23
HadGEM3-GC31-LL,u03,FR,2021,3135.01,2219.44,55.97
HadGEM3-GC31-LL,u03,FR,2022,2720.54,2252.73,153.4
HadGEM3-GC31-LL,u03,FR,2023,2727.92,2060.01,98.98
HadGEM3-GC31-LL,u03,FR,2024,2812.6,2002.5,86.32
HadGEM3-GC31-LL,u03,HR,1990,2994.33,2349.27,101.3
HadGEM3-GC31-LL,u03,HR,1991,3389.95,2532.94,103.9
HadGEM3-GC31-LL,u03,HR,1992,2980.27,2619.81,150.3
HadGEM3-GC31-LL,u03,HR,1993,3190.74,2567.06,135.95
HadGEM3-GC31-LL,u03,HR,1994,2807.44,2356.62,169.4
HadGEM3-GC31-LL,u03,HR,1995,3147.92,2432.27,93.32
HadGEM3-GC31-LL,u03,HR,1996,3424.22,2771.77,80.82
HadGEM3-GC31-LL,u03,HR,1997,3182.15,2481.86,78.19
HadGEM3-GC31-LL,u03,HR,1998,3123.77,2421.64,157.4
HadGEM3-GC31-LL,u03,HR,1999,3030.88,2659.83,98.71
HadGEM3-GC31-LL,u03,HR,2000,2762.41,2576.79,179.42
HadGEM3-GC31-LL,u03,HR,2001,3007.06,2047.67,137.43
HadGEM3-GC31-LL,u03,HR,2002,2815.62,2463.97,115.11
HadGEM3-GC31-LL,u03,HR,2003,3168.47,2562.23,248.38
HadGEM3-GC31-LL,u03,HR,2004,3182.19,2603.72,106.93
HadGEM3-GC31-LL,u03,HR,2005,3353.51,2614.88,90.54
HadGEM3-GC31-LL,u03,HR,2006,3076.05,2697.33,144.01
HadGEM3-GC31-LL,u03,HR,2007,2858.75,2042.4,175.59
HadGEM3-GC31-LL,u03,HR,2008,2882.45,2536.21,147.33
HadGEM3-GC31-LL,u03,HR,2009,2929.88,2447.47,142.67
HadGEM3-GC31-LL,u03,HR,2010,3206.23,2515.81,141.11
HadGEM3-GC31-LL,u03,HR,2011,3024.32,2543.69,155.7
HadGEM3-GC31-LL,u03,HR,2012,2987.74,2607.1,240.95
HadGEM3-GC31-LL,u03,HR,2013,2997.88,2469.02,177.02
HadGEM3-GC31-LL,u03,HR,2014,2578.9,2091.28,90.04
HadGEM3-GC31-LL,u03,HR,2015,2858.97,2237.28,204.27
HadGEM3-GC31-LL,u03,HR,2016,2933.89,2282.15,127.27
HadGEM3-GC31-LL,u03,HR,2017,2970.51,2546.64,226.4
HadGEM3-GC31-LL,u03,HR,2018,2739.16,2455.35,154.82
HadGEM3-GC31-LL,u03,HR,2019,2700.67,2251.04,193.1
HadGEM3-GC31-LL,u03,HR,2020,2822.08,2128.99,136.89
HadGEM3-GC31-LL,u03,HR,2021,3030.82,2325.46,207.85
HadGEM3-GC31-LL,u03,HR,2022,2651.67,2401.2,222.11
HadGEM3-GC31-LL,u03,HR,2023,2511.44,2065.85,168.65
HadGEM3-GC31-LL,u03,HR,2024,2418.25,1870.69,270.14
HadGEM3-GC31-LL,u03,HU,1990,3351.81,2630.67,96.81
HadGEM3-GC31-LL,u03,HU,1991,3757.34,2897.28,90.22
HadGEM3-GC31-LL,u03,HU,1992,3424.05,2930.01,175.06
HadGEM3-GC31-LL,u03,HU,1993,3644.89,3028.46,112.02
HadGEM3-GC31-LL,u03,HU,1994,3249.35,2694.47,164.99
HadGEM3-GC31-LL,u03,HU,1995,3551.82,2787.71,115.64
HadGEM3-GC31-LL,u03,HU,1996,3801.71,3216.26,78.7
HadGEM3-GC31-LL,u03,HU,1997,3614.86,2853.74,76.71
HadGEM3-GC31-LL,u03,HU,1998,3489.18,2696.03,132.83
HadGEM3-GC31-LL,u03,HU,1999,3430.21,3008.44,71.06
HadGEM3-GC31-LL,u03,HU,2000,3173.11,2927.69,155.55
HadGEM3-GC31-LL,u03,HU,2001,3479.34,2470.92,111.21
HadGEM3-GC31-LL,u03,HU,2002,3346.6,2845.42,132.64
HadGEM3-GC31-LL,u03,HU,2003,3770.64,3155.17,189.22
HadGEM3-GC31-LL,u03,HU,2004,3667.49,3026.28,84.07
HadGEM3-GC31-LL,u03,HU,2005,3784.09,3007.34,70.57
HadGEM3-GC31-LL,u03,HU,2006,3571.37,3129.76,124.17
HadGEM3-GC31-LL,u03,HU,2007,3257.47,2404.74,184.9
HadGEM3-GC31-LL,u03,HU,2008,3287.9,2868.25,116.4
HadGEM3-GC31-LL,u03,HU,2009,3385,2795.34,127.37
HadGEM3-GC31-LL,u03,HU,2010,3695.18,2874.29,118.71
HadGEM3-GC31-LL,u03,HU,2011,3546.11,2992.75,125.89
HadGEM3-GC31-LL,u03,HU,2012,3463.42,2992.42,205.46
HadGEM3-GC31-LL,u03,HU,2013,3438.59,2880.57,170.43
HadGEM3-GC31-LL,u03,HU,2014,3027.66,2455.92,97.4
HadGEM3-GC31-LL,u03,HU,2015,3276.53,2586.13,203.5
HadGEM3-GC31-LL,u03,HU,2016,3419.82,2665.7,111.01
HadGEM3-GC31-LL,u03,HU,2017,3455.29,2996.77,186.02
HadGEM3-GC31-LL,u03,HU,2018,3147.33,2803.82,156.74
HadGEM3-GC31-LL,u03,HU,2019,3064.73,2591.72,177.01
HadGEM3-GC31-LL,u03,HU,2020,3230.7,2501.75,120.73
HadGEM3-GC31-LL,u03,HU,2021,3520.71,2671.64,189.5
HadGEM3-GC31-LL,u03,HU,2022,3196.67,2753.05,221.5
HadGEM3-GC31-LL,u03,HU,2023,3013.59,2464.06,155.02
HadGEM3-GC31-LL,u03,HU,2024,2889.57,2308.51,252.18
HadGEM3-GC31-LL,u03,IE,1990,3849.24,2408.99,0.59
HadGEM3-GC31-LL,u03,IE,1991,4021.67,2630.13,0
HadGEM3-GC31-LL,u03,IE,1992,4054.05,2513.62,0
HadGEM3-GC31-LL,u03,IE,1993,4117.88,2578.21,0
HadGEM3-GC31-LL,u03,IE,1994,4014.11,2657.62,0
HadGEM3-GC31-LL,u03,IE,1995,3811.86,2446.19,2.74
HadGEM3-GC31-LL,u03,IE,1996,4153.31,2571.48,0
HadGEM3-GC31-LL,u03,IE,1997,3722.18,2532.31,0
HadGEM3-GC31-LL,u03,IE,1998,3795.19,2306.63,0
HadGEM3-GC31-LL,u03,IE,1999,3802.62,2446.46,0.07
HadGEM3-GC31-LL,u03,IE,2000,3967.62,2489.24,0
HadGEM3-GC31-LL,u03,IE,2001,3971.82,2685.96,0.12
HadGEM3-GC31-LL,u03,IE,2002,3812.33,2345.67,0
HadGEM3-GC31-LL,u03,IE,2003,3783.41,2465.38,0.6
HadGEM3-GC31-LL,u03,IE,2004,3843.5,2530,0
HadGEM3-GC31-LL,u03,IE,2005,3766.84,2433.38,0.33
HadGEM3-GC31-LL,u03,IE,2006,3745.63,2518.84,1.25
HadGEM3-GC31-LL,u03,IE,2007,3718.46,2388.92,0
HadGEM3-GC31-LL,u03,IE,2008,4008.6,2399.01,0
HadGEM3-GC31-LL,u03,IE,2009,3986.07,2635,0.02
HadGEM3-GC31-LL,u03,IE,2010,4349.06,2775.86,0
HadGEM3-GC31-LL,u03,IE,2011,3843.81,2745.02,0
HadGEM3-GC31-LL,u03,IE,2012,3976.25,2237.46,0
HadGEM3-GC31-LL,u03,IE,2013,3992.75,2711.13,1.64
HadGEM3-GC31-LL,u03,IE,2014,3794,2462.86,0.04
HadGEM3-GC31-LL,u03,IE,2015,4020.69,2573.76,0
HadGEM3-GC31-LL,u03,IE,2016,3908.91,2417.23,0.06
HadGEM3-GC31-LL,u03,IE,2017,3803.3,2443.94,0.12
HadGEM3-GC31-LL,u03,IE,2018,3873.55,2627.03,2.11
HadGEM3-GC31-LL,u03,IE,2019,3846.77,2360.88,0.01
HadGEM3-GC31-LL,u03,IE,2020,3890.69,2564.47,0
HadGEM3-GC31-LL,u03,IE,2021,3806.06,2552.52,2.5
HadGEM3-GC31-LL,u03,IE,2022,3695.62,2343.15,3.25
HadGEM3-GC31-LL,u03,IE,2023,3572.37,2393.84,0
HadGEM3-GC31-LL,u03,IE,2024,3747.52,2384.06,0
HadGEM3-GC31-LL,u03,IT,1990,2398.96,1953.74,150.41
HadGEM3-GC31-LL,u03,IT,1991,2732.11,2054.08,171.94
HadGEM3-GC31-LL,u03,IT,1992,2508.08,2199.74,153.29
HadGEM3-GC31-LL,u03,IT,1993,2591.68,2092.14,168.26
HadGEM3-GC31-LL,u03,IT,1994,2318.81,1941.05,218.55
HadGEM3-GC31-LL,u03,IT,1995,2590.69,1994.12,142.04
HadGEM3-GC31-LL,u03,IT,1996,2592.15,2094.45,133.55
HadGEM3-GC31-LL,u03,IT,1997,2394.26,1913.49,146.9
HadGEM3-GC31-LL,u03,IT,1998,2495.64,1950.12,227.11
HadGEM3-GC31-LL,u03,IT,1999,2424.9,2143.94,172.31
HadGEM3-GC31-LL,u03,IT,2000,2289.76,2050.74,193.14
HadGEM3-GC31-LL,u03,IT,2001,2347.38,1753.39,188.96
HadGEM3-GC31-LL,u03,IT,2002,2232.56,1949.34,164.52
HadGEM3-GC31-LL,u03,IT,2003,2351.2,1915.87,328.98
HadGEM3-GC31-LL,u03,IT,2004,2401.32,2006.5,170.61
HadGEM3-GC31-LL,u03,IT,2005,2551.98,1982.43,167.19
HadGEM3-GC31-LL,u03,IT,2006,2350.91,2114.53,200.74
HadGEM3-GC31-LL,u03,IT,2007,2227.66,1676.01,199.45
HadGEM3-GC31-LL,u03,IT,2008,2333.81,1975.86,187.61
HadGEM3-GC31-LL,u03,IT,2009,2371.14,1981.52,202.61
HadGEM3-GC31-LL,u03,IT,2010,2545.05,2041.64,175.69
HadGEM3-GC31-LL,u03,IT,2011,2319.86,2041.03,171.35
HadGEM3-GC31-LL,u03,IT,2012,2419.9,2024.6,258.57
HadGEM3-GC31-LL,u03,IT,2013,2413.7,2014.63,192.36
HadGEM3-GC31-LL,u03,IT,2014,2092.35,1749.29,126.79
HadGEM3-GC31-LL,u03,IT,2015,2290.33,1793.1,249.53
HadGEM3-GC31-LL,u03,IT,2016,2330.17,1864.12,172.12
HadGEM3-GC31-LL,u03,IT,2017,2421.85,1962.29,266.94
HadGEM3-GC31-LL,u03,IT,2018,2249.18,2053.03,190.9
HadGEM3-GC31-LL,u03,IT,2019,2287.58,1890.37,248.89
HadGEM3-GC31-LL,u03,IT,2020,2284.09,1769.06,184.7
HadGEM3-GC31-LL,u03,IT,2021,2436.65,1943.41,227.8
HadGEM3-GC31-LL,u03,IT,2022,2245.99,2000.36,279.11
HadGEM3-GC31-LL,u03,IT,2023,2175.96,1755.84,220.3
HadGEM3-GC31-LL,u03,IT,2024,2133.98,1662.98,258.87
HadGEM3-GC31-LL,u03,LI,1990,4738.21,2977.44,2.62
HadGEM3-GC31-LL,u03,LI,1991,5065.24,3362.14,3.17
HadGEM3-GC31-LL,u03,LI,1992,4781.8,3482.57,11.16
HadGEM3-GC31-LL,u03,LI,1993,4942.08,3367.46,2.3
HadGEM3-GC31-LL,u03,LI,1994,4491.8,3288.63,7.33
HadGEM3-GC31-LL,u03,LI,1995,4936.5,3225.82,5.06
HadGEM3-GC31-LL,u03,LI,1996,5156.8,3384.43,1.19
HadGEM3-GC31-LL,u03,LI,1997,4658.19,3224.52,0
HadGEM3-GC31-LL,u03,LI,1998,4835.41,3178.86,9.28
HadGEM3-GC31-LL,u03,LI,1999,4839.86,3492.01,3.07
HadGEM3-GC31-LL,u03,LI,2000,4578.59,3438.58,5.1
HadGEM3-GC31-LL,u03,LI,2001,4889.29,3068.07,3.95
HadGEM3-GC31-LL,u03,LI,2002,4582.55,3243.47,6.51
HadGEM3-GC31-LL,u03,LI,2003,4634.84,3337.4,37.08
HadGEM3-GC31-LL,u03,LI,2004,4925.78,3409.92,1.05
HadGEM3-GC31-LL,u03,LI,2005,5073.3,3494.4,8.42
HadGEM3-GC31-LL,u03,LI,2006,4689.38,3640.86,12.94
HadGEM3-GC31-LL,u03,LI,2007,4630.94,2905.32,6.69
HadGEM3-GC31-LL,u03,LI,2008,4716.56,3362.72,3.98
HadGEM3-GC31-LL,u03,LI,2009,4736.34,3504.5,5.09
HadGEM3-GC31-LL,u03,LI,2010,5172.13,3490.69,10.84
HadGEM3-GC31-LL,u03,LI,2011,4417.27,3336.12,11.89
HadGEM3-GC31-LL,u03,LI,2012,4791.07,3343.55,11.77
HadGEM3-GC31-LL,u03,LI,2013,4946.88,3450.67,18.33
HadGEM3-GC31-LL,u03,LI,2014,4348.43,3051.62,6.67
HadGEM3-GC31-LL,u03,LI,2015,4483.45,3097.87,31.31
HadGEM3-GC31-LL,u03,LI,2016,4612.51,3084.91,7.82
HadGEM3-GC31-LL,u03,LI,2017,4676.08,3202.57,16.29
HadGEM3-GC31-LL,u03,LI,2018,4295.71,3391.16,11.31
HadGEM3-GC31-LL,u03,LI,2019,4521.46,3152.08,22.88
HadGEM3-GC31-LL,u03,LI,2020,4435.67,3005.3,6.78
HadGEM3-GC31-LL,u03,LI,2021,4850.09,3255.44,7.35
HadGEM3-GC31-LL,u03,LI,2022,4293.35,3261.18,17.7
HadGEM3-GC31-LL,u03,LI,2023,4311.99,2991.29,23.93
HadGEM3-GC31-LL,u03,LI,2024,4272.62,2898.25,11.2
HadGEM3-GC31-LL,u03,LT,1990,4354.69,3156.3,3.28
HadGEM3-GC31-LL,u03,LT,1991,4696.33,3440.36,19.2
HadGEM3-GC31-LL,u03,LT,1992,4645,3319.09,40.58
HadGEM3-GC31-LL,u03,LT,1993,4988.53,3579.11,1.77
HadGEM3-GC31-LL,u03,LT,1994,4849.77,3788.27,60.18
HadGEM3-GC31-LL,u03,LT,1995,4798.29,3466.77,23.5
HadGEM3-GC31-LL,u03,LT,1996,5356.42,4191.56,14.12
HadGEM3-GC31-LL,u03,LT,1997,4906.53,3563.34,26.2
HadGEM3-GC31-LL,u03,LT,1998,4860.2,3502.78,12.48
HadGEM3-GC31-LL,u03,LT,1999,4559.14,3784.66,45.89
HadGEM3-GC31-LL,u03,LT,2000,4335.42,3404.76,6.28
HadGEM3-GC31-LL,u03,LT,2001,4718.89,3251.11,30.37
HadGEM3-GC31-LL,u03,LT,2002,4565.08,3385.32,59.6
HadGEM3-GC31-LL,u03,LT,2003,4816.49,3978.45,27.73
HadGEM3-GC31-LL,u03,LT,2004,4811.33,3622.78,8.85
HadGEM3-GC31-LL,u03,LT,2005,4780.86,3576.58,18.32
HadGEM3-GC31-LL,u03,LT,2006,4622.64,3848.15,46.82
HadGEM3-GC31-LL,u03,LT,2007,4447.13,3071.89,25.75
HadGEM3-GC31-LL,u03,LT,2008,4319.94,3267.11,11.27
HadGEM3-GC31-LL,u03,LT,2009,4696.02,3427.68,8.41
HadGEM3-GC31-LL,u03,LT,2010,5095.74,3899.38,66.85
HadGEM3-GC31-LL,u03,LT,2011,4542.66,3915.37,27.84
HadGEM3-GC31-LL,u03,LT,2012,4867.01,3571.47,26.05
HadGEM3-GC31-LL,u03,LT,2013,4677.47,3821.4,31.3
HadGEM3-GC31-LL,u03,LT,2014,4499.7,3202.52,50.01
HadGEM3-GC31-LL,u03,LT,2015,4318.83,3272.66,41.74
HadGEM3-GC31-LL,u03,LT,2016,4604.41,3379.4,28.11
HadGEM3-GC31-LL,u03,LT,2017,4571.71,3495.33,9.84
HadGEM3-GC31-LL,u03,LT,2018,4451.3,3557.69,61.11
HadGEM3-GC31-LL,u03,LT,2019,4203.31,3339.42,50.79
HadGEM3-GC31-LL,u03,LT,2020,4062.02,2894.73,37.69
HadGEM3-GC31-LL,u03,LT,2021,4767,3383.7,68.1
HadGEM3-GC31-LL,u03,LT,2022,4524.94,3321.32,58.8
HadGEM3-GC31-LL,u03,LT,2023,4232.75,3258.1,34.13
HadGEM3-GC31-LL,u03,LT,2024,4001.43,3274.45,47.5
HadGEM3-GC31-LL,u03,LU,1990,3747.98,2583.63,47.2
HadGEM3-GC31-LL,u03,LU,1991,4067.71,2836.88,37.6
HadGEM3-GC31-LL,u03,LU,1992,3821.78,2881.67,36.01
HadGEM3-GC31-LL,u03,LU,1993,3965,2869.95,17.3
HadGEM3-GC31-LL,u03,LU,1994,3601.43,2822.51,73.61
HadGEM3-GC31-LL,u03,LU,1995,3797.82,2603.07,68.67
HadGEM3-GC31-LL,u03,LU,1996,4368.7,3015.13,19.82
HadGEM3-GC31-LL,u03,LU,1997,3808.96,2910.13,35.49
HadGEM3-GC31-LL,u03,LU,1998,3899.31,2695.9,35.09
HadGEM3-GC31-LL,u03,LU,1999,3700.12,2880.93,27.01
HadGEM3-GC31-LL,u03,LU,2000,3543.66,2794.39,22.63
HadGEM3-GC31-LL,u03,LU,2001,3692.1,2535.06,53.83
HadGEM3-GC31-LL,u03,LU,2002,3451.67,2589.09,38.56
HadGEM3-GC31-LL,u03,LU,2003,3642.02,2671.4,184.78
HadGEM3-GC31-LL,u03,LU,2004,3758.04,2821.52,60.86
HadGEM3-GC31-LL,u03,LU,2005,3694.09,2819.13,61.79
HadGEM3-GC31-LL,u03,LU,2006,3582.18,2846.49,85.44
HadGEM3-GC31-LL,u03,LU,2007,3438.53,2325.46,25.82
HadGEM3-GC31-LL,u03,LU,2008,3672.15,2688.7,34.39
HadGEM3-GC31-LL,u03,LU,2009,3645.95,2913.05,46.58
HadGEM3-GC31-LL,u03,LU,2010,4105.68,2840.8,63.44
HadGEM3-GC31-LL,u03,LU,2011,3410.66,2825.62,28.49
HadGEM3-GC31-LL,u03,LU,2012,3865.8,2661.82,27.73
HadGEM3-GC31-LL,u03,LU,2013,4073.27,2974.77,51.41
HadGEM3-GC31-LL,u03,LU,2014,3440.04,2541.32,31.11
HadGEM3-GC31-LL,u03,LU,2015,3671.1,2680.15,92.67
HadGEM3-GC31-LL,u03,LU,2016,3871.43,2595.94,39.13
HadGEM3-GC31-LL,u03,LU,2017,3791.24,2851.86,47.9
HadGEM3-GC31-LL,u03,LU,2018,3616.94,2818.4,86.59
HadGEM3-GC31-LL,u03,LU,2019,3723.17,2663.56,83.93
HadGEM3-GC31-LL,u03,LU,2020,3506.8,2583.61,66.63
HadGEM3-GC31-LL,u03,LU,2021,3920.38,2681.16,23.33
HadGEM3-GC31-LL,u03,LU,2022,3561.98,2700.34,82.4
HadGEM3-GC31-LL,u03,LU,2023,3534.79,2553.74,40.43
HadGEM3-GC31-LL,u03,LU,2024,3458.09,2482.93,44.64
HadGEM3-GC31-LL,u03,LV,1990,4435.13,3196.04,2.95
HadGEM3-GC31-LL,u03,LV,1991,4725.37,3428.02,12.33
HadGEM3-GC31-LL,u03,LV,1992,4701.28,3241.35,24.66
HadGEM3-GC31-LL,u03,LV,1993,5093.76,3569.76,1.19
HadGEM3-GC31-LL,u03,LV,1994,5039.32,3933.66,39.61
HadGEM3-GC31-LL,u03,LV,1995,4840.73,3464.58,13.12
HadGEM3-GC31-LL,u03,LV,1996,5423.53,4170.2,7.81
HadGEM3-GC31-LL,u03,LV,1997,4958.26,3520.66,31.37
HadGEM3-GC31-LL,u03,LV,1998,4971.82,3566.28,8.27
HadGEM3-GC31-LL,u03,LV,1999,4638.95,3833.86,33.56
HadGEM3-GC31-LL,u03,LV,2000,4426.91,3401.44,3.96
HadGEM3-GC31-LL,u03,LV,2001,4823.44,3290.96,25.76
HadGEM3-GC31-LL,u03,LV,2002,4768.87,3451.02,41.74
HadGEM3-GC31-LL,u03,LV,2003,4928.94,4055.99,32.75
HadGEM3-GC31-LL,u03,LV,2004,4920.58,3630.53,8.32
HadGEM3-GC31-LL,u03,LV,2005,4934.12,3674.2,14.43
HadGEM3-GC31-LL,u03,LV,2006,4698.97,3871.87,38.14
HadGEM3-GC31-LL,u03,LV,2007,4646.48,3157.36,17.87
HadGEM3-GC31-LL,u03,LV,2008,4408.08,3276.91,6.35
HadGEM3-GC31-LL,u03,LV,2009,4786.51,3424.86,7.66
HadGEM3-GC31-LL,u03,LV,2010,5166.96,3958.9,65.01
HadGEM3-GC31-LL,u03,LV,2011,4510.73,3912.37,33.29
HadGEM3-GC31-LL,u03,LV,2012,4898.02,3504.11,16.13
HadGEM3-GC31-LL,u03,LV,2013,4684.51,3826.71,24.29
HadGEM3-GC31-LL,u03,LV,2014,4562.19,3215.8,42.03
HadGEM3-GC31-LL,u03,LV,2015,4348.23,3273.45,19
HadGEM3-GC31-LL,u03,LV,2016,4632.09,3374.91,19.9
HadGEM3-GC31-LL,u03,LV,2017,4653.57,3485.85,4.47
HadGEM3-GC31-LL,u03,LV,2018,4482.62,3565.83,51.56
HadGEM3-GC31-LL,u03,LV,2019,4252.72,3321.71,27.85
HadGEM3-GC31-LL,u03,LV,2020,4042.61,2894.84,24.38
HadGEM3-GC31-LL,u03,LV,2021,4736.99,3331.78,60.96
HadGEM3-GC31-LL,u03,LV,2022,4561.85,3342.97,50.21
HadGEM3-GC31-LL,u03,LV,2023,4329.33,3321.33,22.81
HadGEM3-GC31-LL,u03,LV,2024,4081.14,3405.81,26.26
HadGEM3-GC31-LL,u03,MT,1990,1235.1,1008.19,283.45
HadGEM3-GC31-LL,u03,MT,1991,1480.33,1135.32,280.4
HadGEM3-GC31-LL,u03,MT,1992,1389.81,1376.23,220.19
HadGEM3-GC31-LL,u03,MT,1993,1424.69,1216.13,297.3
HadGEM3-GC31-LL,u03,MT,1994,1199.61,1062.74,349.29
HadGEM3-GC31-LL,u03,MT,1995,1380.48,1118.56,293.88
HadGEM3-GC31-LL,u03,MT,1996,1377.12,1185.9,298.01
HadGEM3-GC31-LL,u03,MT,1997,1318.3,1138.74,348.21
HadGEM3-GC31-LL,u03,MT,1998,1391.83,1156.68,433.52
HadGEM3-GC31-LL,u03,MT,1999,1201.87,1269.63,337.77
HadGEM3-GC31-LL,u03,MT,2000,1156.68,1058.62,324.91
HadGEM3-GC31-LL,u03,MT,2001,1164.95,847.79,251.99
HadGEM3-GC31-LL,u03,MT,2002,1123.04,1042.27,282.03
HadGEM3-GC31-LL,u03,MT,2003,1235.12,1116.86,403.27
HadGEM3-GC31-LL,u03,MT,2004,1297.32,1043.35,231.91
HadGEM3-GC31-LL,u03,MT,2005,1463.25,1148.73,195.36
HadGEM3-GC31-LL,u03,MT,2006,1220.13,1169.28,244.55
HadGEM3-GC31-LL,u03,MT,2007,1228.08,865.96,244.35
HadGEM3-GC31-LL,u03,MT,2008,1210.6,1124.64,181.53
HadGEM3-GC31-LL,u03,MT,2009,1289.08,1065.15,258.55
HadGEM3-GC31-LL,u03,MT,2010,1158.58,1005.98,210.26
HadGEM3-GC31-LL,u03,MT,2011,1329.66,1098.56,185.46
HadGEM3-GC31-LL,u03,MT,2012,1311.03,1183.83,302.49
HadGEM3-GC31-LL,u03,MT,2013,1162.76,1017.82,234.75
HadGEM3-GC31-LL,u03,MT,2014,,930.89,207.66
HadGEM3-GC31-LL,u03,MT,2015,1169.55,,299.66
HadGEM3-GC31-LL,u03,MT,2016,,,204.73
HadGEM3-GC31-LL,u03,MT,2017,1277.25,1068.23,314.89
HadGEM3-GC31-LL,u03,MT,2018,1125.45,1056.89,189.71
HadGEM3-GC31-LL,u03,MT,2019,1402.83,1152.81,281.54
HadGEM3-GC31-LL,u03,MT,2020,1203.56,1052.49,225.02
HadGEM3-GC31-LL,u03,MT,2021,1244.51,1005.1,361.28
HadGEM3-GC31-LL,u03,MT,2022,1303.11,1169.4,251.47
HadGEM3-GC31-LL,u03,MT,2023,1309.96,1014.45,180.7
HadGEM3-GC31-LL,u03,MT,2024,1369.77,1037.37,256.25
HadGEM3-GC31-LL,u03,NL,1990,3468.35,2326.23,23.71
HadGEM3-GC31-LL,u03,NL,1991,3930.95,2646.99,20.06
HadGEM3-GC31-LL,u03,NL,1992,3587.92,2643.33,16.97
HadGEM3-GC31-LL,u03,NL,1993,3833.51,2665.69,5.8
HadGEM3-GC31-LL,u03,NL,1994,3539.32,2725.3,42.93
HadGEM3-GC31-LL,u03,NL,1995,3642.66,2434.47,49.09
HadGEM3-GC31-LL,u03,NL,1996,4281.46,3003.41,17.68
HadGEM3-GC31-LL,u03,NL,1997,3680.73,2758.11,29.53
HadGEM3-GC31-LL,u03,NL,1998,3586.62,2463.93,10.77
HadGEM3-GC31-LL,u03,NL,1999,3427.05,2632.75,21.2
HadGEM3-GC31-LL,u03,NL,2000,3422.02,2494.85,12.98
HadGEM3-GC31-LL,u03,NL,2001,3600.06,2554.63,23.95
HadGEM3-GC31-LL,u03,NL,2002,3450.88,2353.89,20.59
HadGEM3-GC31-LL,u03,NL,2003,3639.75,2686.46,41.72
HadGEM3-GC31-LL,u03,NL,2004,3610.51,2649.2,18.68
HadGEM3-GC31-LL,u03,NL,2005,3514.77,2597.95,19.81
HadGEM3-GC31-LL,u03,NL,2006,3409.84,2676.18,55.59
HadGEM3-GC31-LL,u03,NL,2007,3293.08,2124.99,7.74
HadGEM3-GC31-LL,u03,NL,2008,3548.81,2518.44,13.26
HadGEM3-GC31-LL,u03,NL,2009,3566.54,2768.55,18.75
HadGEM3-GC31-LL,u03,NL,2010,4098.63,2765.25,30.45
HadGEM3-GC31-LL,u03,NL,2011,3397.07,2786.5,8.91
HadGEM3-GC31-LL,u03,NL,2012,3656.9,2504.25,17.93
HadGEM3-GC31-LL,u03,NL,2013,3838.78,2810.93,25.96
HadGEM3-GC31-LL,u03,NL,2014,3131.37,2283.53,17.91
HadGEM3-GC31-LL,u03,NL,2015,3439.19,2442.88,26.95
HadGEM3-GC31-LL,u03,NL,2016,3512.1,2341.4,18.04
HadGEM3-GC31-LL,u03,NL,2017,3404.57,2589.58,16.9
HadGEM3-GC31-LL,u03,NL,2018,3350.87,2556.95,55.28
HadGEM3-GC31-LL,u03,NL,2019,3355.79,2375.22,54.21
HadGEM3-GC31-LL,u03,NL,2020,3197.92,2343.36,48.9
HadGEM3-GC31-LL,u03,NL,2021,3565.76,2458.6,10.62
HadGEM3-GC31-LL,u03,NL,2022,3208.48,2340.94,47.23
HadGEM3-GC31-LL,u03,NL,2023,3136.46,2311.02,29.96
HadGEM3-GC31-LL,u03,NL,2024,3117.86,2200.83,23.33
HadGEM3-GC31-LL,u03,NO,1990,5134.22,3375.54,0.68
HadGEM3-GC31-LL,u03,NO,1991,5491.89,3696.77,4.44
HadGEM3-GC31-LL,u03,NO,1992,5392.12,3445.98,2.36
HadGEM3-GC31-LL,u03,NO,1993,5724.01,3679,0
HadGEM3-GC31-LL,u03,NO,1994,5687.42,4089.48,8.43
HadGEM3-GC31-LL,u03,NO,1995,5661.9,3616.75,2.33
HadGEM3-GC31-LL,u03,NO,1996,5960.75,4046,0.4
HadGEM3-GC31-LL,u03,NO,1997,5378.13,3757.17,6
HadGEM3-GC31-LL,u03,NO,1998,5571.66,3639.7,0
HadGEM3-GC31-LL,u03,NO,1999,5395.8,3780.82,1.43
HadGEM3-GC31-LL,u03,NO,2000,5185.37,3558.87,0.02
HadGEM3-GC31-LL,u03,NO,2001,5666.18,3638.89,1.67
HadGEM3-GC31-LL,u03,NO,2002,5382.4,3568.78,2.9
HadGEM3-GC31-LL,u03,NO,2003,5358.88,3999.96,4.29
HadGEM3-GC31-LL,u03,NO,2004,5365.01,3710.1,4.29
HadGEM3-GC31-LL,u03,NO,2005,5270.42,3564.18,4.16
HadGEM3-GC31-LL,u03,NO,2006,5129.89,3718.16,5.21
HadGEM3-GC31-LL,u03,NO,2007,5296.28,3337.47,4.45
HadGEM3-GC31-LL,u03,NO,2008,5239.55,3517.02,10.96
HadGEM3-GC31-LL,u03,NO,2009,5461.79,3715.05,8.67
HadGEM3-GC31-LL,u03,NO,2010,6222.25,4131.4,0.03
HadGEM3-GC31-LL,u03,NO,2011,5227.9,4193.41,0.49
HadGEM3-GC31-LL,u03,NO,2012,5651.57,3434.71,0.01
HadGEM3-GC31-LL,u03,NO,2013,5553.81,4061.84,1.08
HadGEM3-GC31-LL,u03,NO,2014,4995.53,3390.52,10.9
HadGEM3-GC31-LL,u03,NO,2015,5207.93,3405.31,0.67
HadGEM3-GC31-LL,u03,NO,2016,5382.79,3592.02,1.65
HadGEM3-GC31-LL,u03,NO,2017,5427.56,3576.31,0.16
HadGEM3-GC31-LL,u03,NO,2018,5458.51,3922.25,20.28
HadGEM3-GC31-LL,u03,NO,2019,5410.02,3590.39,6.32
HadGEM3-GC31-LL,u03,NO,2020,4991.87,3484.35,7.59
HadGEM3-GC31-LL,u03,NO,2021,5488.02,3594.69,4.77
HadGEM3-GC31-LL,u03,NO,2022,5255.07,3532.82,2.73
HadGEM3-GC31-LL,u03,NO,2023,5514.34,3615.04,4.7
HadGEM3-GC31-LL,u03,NO,2024,5200.22,3960.35,1.19
HadGEM3-GC31-LL,u03,PL,1990,3953.78,2805.81,27.11
HadGEM3-GC31-LL,u03,PL,1991,4421.76,3168.79,29.6
HadGEM3-GC31-LL,u03,PL,1992,4212.31,3185.03,87.29
HadGEM3-GC31-LL,u03,PL,1993,4433.38,3315.02,22.44
HadGEM3-GC31-LL,u03,PL,1994,4106.63,3197.59,92.84
HadGEM3-GC31-LL,u03,PL,1995,4361.78,3098.7,55.35
HadGEM3-GC31-LL,u03,PL,1996,4918.43,3822.53,24.96
HadGEM3-GC31-LL,u03,PL,1997,4454.79,3320.47,23.23
HadGEM3-GC31-LL,u03,PL,1998,4290.38,3128.9,31.03
HadGEM3-GC31-LL,u03,PL,1999,4087.82,3343.18,36.74
HadGEM3-GC31-LL,u03,PL,2000,3877.88,3154.9,36.87
HadGEM3-GC31-LL,u03,PL,2001,4306.04,2946.34,37.72
HadGEM3-GC31-LL,u03,PL,2002,4070.22,3065.37,59.16
HadGEM3-GC31-LL,u03,PL,2003,4354.3,3563.47,54.94
HadGEM3-GC31-LL,u03,PL,2004,4281.9,3310.83,26.93
HadGEM3-GC31-LL,u03,PL,2005,4340.01,3204.08,34.13
HadGEM3-GC31-LL,u03,PL,2006,4234,3578.31,83.55
HadGEM3-GC31-LL,u03,PL,2007,3960.22,2689.79,51.58
HadGEM3-GC31-LL,u03,PL,2008,3937.16,3091.81,41.06
HadGEM3-GC31-LL,u03,PL,2009,4210.04,3160.08,33.3
HadGEM3-GC31-LL,u03,PL,2010,4628.16,3441.3,73.91
HadGEM3-GC31-LL,u03,PL,2011,4096.84,3449.18,31.67
HadGEM3-GC31-LL,u03,PL,2012,4290.09,3260.75,59.55
HadGEM3-GC31-LL,u03,PL,2013,4259.74,3432.93,58.29
HadGEM3-GC31-LL,u03,PL,2014,3836.24,2858.05,54.51
HadGEM3-GC31-LL,u03,PL,2015,3836.25,2903.73,98.86
HadGEM3-GC31-LL,u03,PL,2016,4024.38,2956.88,45.7
HadGEM3-GC31-LL,u03,PL,2017,4046.63,3194.81,44.69
HadGEM3-GC31-LL,u03,PL,2018,3837.63,3143.77,78.03
HadGEM3-GC31-LL,u03,PL,2019,3674.95,2904.04,92.08
HadGEM3-GC31-LL,u03,PL,2020,3742.76,2703.2,49.04
HadGEM3-GC31-LL,u03,PL,2021,4205.82,3046.71,60.29
HadGEM3-GC31-LL,u03,PL,2022,3905.59,2978.57,81.09
HadGEM3-GC31-LL,u03,PL,2023,3688.68,2847.19,62.69
HadGEM3-GC31-LL,u03,PL,2024,3451.63,2727.91,78.26
HadGEM3-GC31-LL,u03,PT,1990,1841.62,1193.84,132.35
HadGEM3-GC31-LL,u03,PT,1991,2049.24,1579.06,136.89
HadGEM3-GC31-LL,u03,PT,1992,2005.26,1539.31,93.79
HadGEM3-GC31-LL,u03,PT,1993,2108.39,1455.43,101.66
HadGEM3-GC31-LL,u03,PT,1994,1891.65,1505.97,71.56
HadGEM3-GC31-LL,u03,PT,1995,1611.61,1271.13,116.24
HadGEM3-GC31-LL,u03,PT,1996,1923.12,1302.58,99.05
HadGEM3-GC31-LL,u03,PT,1997,1536.63,1271.89,67.95
HadGEM3-GC31-LL,u03,PT,1998,1775.03,1138.67,120.48
HadGEM3-GC31-LL,u03,PT,1999,1931.05,1479.4,86.98
HadGEM3-GC31-LL,u03,PT,2000,1938.24,1452.18,101.43
HadGEM3-GC31-LL,u03,PT,2001,1897.75,1353.12,80.27
HadGEM3-GC31-LL,u03,PT,2002,1801.35,1418.03,76.56
HadGEM3-GC31-LL,u03,PT,2003,1845.36,1336.1,141.34
HadGEM3-GC31-LL,u03,PT,2004,1938.78,1447.72,112.44
HadGEM3-GC31-LL,u03,PT,2005,1952.95,1574.31,152.3
HadGEM3-GC31-LL,u03,PT,2006,1785.79,1529.57,152.49
HadGEM3-GC31-LL,u03,PT,2007,1930.6,1323.37,73.18
HadGEM3-GC31-LL,u03,PT,2008,1909.8,1340.4,76.88
HadGEM3-GC31-LL,u03,PT,2009,1822.48,1513.67,104.19
HadGEM3-GC31-LL,u03,PT,2010,1874.99,1393.41,172.06
HadGEM3-GC31-LL,u03,PT,2011,1625.89,1430.9,117.12
HadGEM3-GC31-LL,u03,PT,2012,1854.96,1364.18,122.77
HadGEM3-GC31-LL,u03,PT,2013,2002.03,1478.48,168.59
HadGEM3-GC31-LL,u03,PT,2014,1762.79,1416.79,87.86
HadGEM3-GC31-LL,u03,PT,2015,1756.33,1450.21,142.52
HadGEM3-GC31-LL,u03,PT,2016,1872.02,1295.82,193.24
HadGEM3-GC31-LL,u03,PT,2017,1734.87,1381.83,168
HadGEM3-GC31-LL,u03,PT,2018,1917.41,1449.48,132.68
HadGEM3-GC31-LL,u03,PT,2019,1783.95,1349.63,90.37
HadGEM3-GC31-LL,u03,PT,2020,1663.08,1256.46,173.66
HadGEM3-GC31-LL,u03,PT,2021,1902.78,1387.23,107.36
HadGEM3-GC31-LL,u03,PT,2022,1688.2,1373.54,187.38
HadGEM3-GC31-LL,u03,PT,2023,1739.81,1261.03,183.24
HadGEM3-GC31-LL,u03,PT,2024,1689.3,1255.66,148.58
HadGEM3-GC31-LL,u03,RO,1990,3629.71,2889.52,109.49
HadGEM3-GC31-LL,u03,RO,1991,4075.54,3027.89,77.48
HadGEM3-GC31-LL,u03,RO,1992,3924.97,3219.7,139.2
HadGEM3-GC31-LL,u03,RO,1993,4105.66,3249.83,113.44
HadGEM3-GC31-LL,u03,RO,1994,3531.04,2929.92,133.22
HadGEM3-GC31-LL,u03,RO,1995,3944.26,2996.59,105.26
HadGEM3-GC31-LL,u03,RO,1996,4182.86,3595.09,109.24
HadGEM3-GC31-LL,u03,RO,1997,4112.15,3079.51,62.64
HadGEM3-GC31-LL,u03,RO,1998,3948.21,3068.4,141.15
HadGEM3-GC31-LL,u03,RO,1999,3707.89,3226.59,129.77
HadGEM3-GC31-LL,u03,RO,2000,3656.61,3165.73,183.16
HadGEM3-GC31-LL,u03,RO,2001,3787.26,2711.32,135.91
HadGEM3-GC31-LL,u03,RO,2002,3659.12,3025.41,127.23
HadGEM3-GC31-LL,u03,RO,2003,4046.06,3382.63,159.85
HadGEM3-GC31-LL,u03,RO,2004,3822.77,3168.31,86.91
HadGEM3-GC31-LL,u03,RO,2005,3951.46,3070.57,77.74
HadGEM3-GC31-LL,u03,RO,2006,3882.56,3268.76,117.55
HadGEM3-GC31-LL,u03,RO,2007,3498.45,2631.25,213.71
HadGEM3-GC31-LL,u03,RO,2008,3585.26,3062.94,150.94
HadGEM3-GC31-LL,u03,RO,2009,3571.32,2913.52,138.35
HadGEM3-GC31-LL,u03,RO,2010,3771.92,3024.35,151.88
HadGEM3-GC31-LL,u03,RO,2011,3908.26,3136.72,133.49
HadGEM3-GC31-LL,u03,RO,2012,3786.29,3331.01,251.34
HadGEM3-GC31-LL,u03,RO,2013,3596.88,2998.6,145.1
HadGEM3-GC31-LL,u03,RO,2014,3506.06,2752.96,108.99
HadGEM3-GC31-LL,u03,RO,2015,3484.82,2912.2,191.95
HadGEM3-GC31-LL,u03,RO,2016,3621.7,2762.72,153.75
HadGEM3-GC31-LL,u03,RO,2017,3640.6,3145.28,177.26
HadGEM3-GC31-LL,u03,RO,2018,3486.51,2926.68,134.19
HadGEM3-GC31-LL,u03,RO,2019,3288.21,2848.16,168.11
HadGEM3-GC31-LL,u03,RO,2020,3346.76,2573.58,149.1
HadGEM3-GC31-LL,u03,RO,2021,3685.76,2775.32,169.06
HadGEM3-GC31-LL,u03,RO,2022,3417.31,2884.4,197.39
HadGEM3-GC31-LL,u03,RO,2023,3151.94,2554.14,191.4
HadGEM3-GC31-LL,u03,RO,2024,3106.17,2439.49,279.33
HadGEM3-GC31-LL,u03,RS,1990,3306.65,2678.64,121.4
HadGEM3-GC31-LL,u03,RS,1991,3768.34,2781.88,91.21
HadGEM3-GC31-LL,u03,RS,1992,3431.81,2932.15,172.08
HadGEM3-GC31-LL,u03,RS,1993,3664.78,2999.39,170.53
HadGEM3-GC31-LL,u03,RS,1994,3205.48,2618.21,167.47
HadGEM3-GC31-LL,u03,RS,1995,3571.78,2757.64,111.17
HadGEM3-GC31-LL,u03,RS,1996,3758.4,3214.4,118.88
HadGEM3-GC31-LL,u03,RS,1997,3674.67,2763,80.69
HadGEM3-GC31-LL,u03,RS,1998,3508.93,2748.25,172.16
HadGEM3-GC31-LL,u03,RS,1999,3370.57,2934.03,105.31
HadGEM3-GC31-LL,u03,RS,2000,3113.16,2882.66,242.04
HadGEM3-GC31-LL,u03,RS,2001,3332.98,2287.08,144.18
HadGEM3-GC31-LL,u03,RS,2002,3114,2728.86,141.46
HadGEM3-GC31-LL,u03,RS,2003,3530.46,2935.2,230.62
HadGEM3-GC31-LL,u03,RS,2004,3432.6,2860.88,123.13
HadGEM3-GC31-LL,u03,RS,2005,3638.63,2849.54,91.38
HadGEM3-GC31-LL,u03,RS,2006,3416.79,2909.95,141.83
HadGEM3-GC31-LL,u03,RS,2007,3135.45,2328.07,239.89
HadGEM3-GC31-LL,u03,RS,2008,3143.89,2774.75,179.88
HadGEM3-GC31-LL,u03,RS,2009,3192.06,2663.42,152.49
HadGEM3-GC31-LL,u03,RS,2010,3316.69,2660.05,153.4
HadGEM3-GC31-LL,u03,RS,2011,3470.59,2808.73,171.12
HadGEM3-GC31-LL,u03,RS,2012,3353.16,3004.12,266.69
HadGEM3-GC31-LL,u03,RS,2013,3162.7,2629.66,194.91
HadGEM3-GC31-LL,u03,RS,2014,2951.65,2345.6,105.87
HadGEM3-GC31-LL,u03,RS,2015,3117.32,2540.78,241.62
HadGEM3-GC31-LL,u03,RS,2016,3254.64,2509.11,136.19
HadGEM3-GC31-LL,u03,RS,2017,3264.28,2867.16,254.04
HadGEM3-GC31-LL,u03,RS,2018,2942.89,2626.49,144.7
HadGEM3-GC31-LL,u03,RS,2019,2880.14,2509.8,206.27
HadGEM3-GC31-LL,u03,RS,2020,3018.11,2315.99,137.52
HadGEM3-GC31-LL,u03,RS,2021,3293.05,2505.38,235.46
HadGEM3-GC31-LL,u03,RS,2022,2918.19,2617.06,238.66
HadGEM3-GC31-LL,u03,RS,2023,2706.91,2201.01,182.5
HadGEM3-GC31-LL,u03,RS,2024,2648.05,2054.55,333.24
HadGEM3-GC31-LL,u03,SE,1990,4520.81,3156.66,2.97
HadGEM3-GC31-LL,u03,SE,1991,4913.68,3442.17,10.4
HadGEM3-GC31-LL,u03,SE,1992,4757.97,3230.78,8.7
HadGEM3-GC31-LL,u03,SE,1993,5082.12,3471.28,0.32
HadGEM3-GC31-LL,u03,SE,1994,4984.97,3736.43,33.5
HadGEM3-GC31-LL,u03,SE,1995,5062.25,3357.53,14.32
HadGEM3-GC31-LL,u03,SE,1996,5422.5,3930.82,4.35
HadGEM3-GC31-LL,u03,SE,1997,4920.76,3505.83,19.14
HadGEM3-GC31-LL,u03,SE,1998,5076.54,3460.12,0.33
HadGEM3-GC31-LL,u03,SE,1999,4795.42,3636.67,15.03
HadGEM3-GC31-LL,u03,SE,2000,4549.26,3356.43,1.63
HadGEM3-GC31-LL,u03,SE,2001,4982.58,3307.15,13.11
HadGEM3-GC31-LL,u03,SE,2002,4800.09,3312.9,16.38
HadGEM3-GC31-LL,u03,SE,2003,4893.91,3839.48,12.81
HadGEM3-GC31-LL,u03,SE,2004,4922.2,3556.04,7.37
HadGEM3-GC31-LL,u03,SE,2005,4803.84,3485.98,10.64
HadGEM3-GC31-LL,u03,SE,2006,4665.94,3651.27,25.43
HadGEM3-GC31-LL,u03,SE,2007,4641.51,3059.28,8.68
HadGEM3-GC31-LL,u03,SE,2008,4588.01,3234.21,16.09
HadGEM3-GC31-LL,u03,SE,2009,4876.35,3470.16,10
HadGEM3-GC31-LL,u03,SE,2010,5560.71,3882.24,15.57
HadGEM3-GC31-LL,u03,SE,2011,4604.72,3955.2,6.39
HadGEM3-GC31-LL,u03,SE,2012,5007.62,3264.66,1.67
HadGEM3-GC31-LL,u03,SE,2013,4856.01,3774.83,5.84
HadGEM3-GC31-LL,u03,SE,2014,4425.3,3110.16,24.36
HadGEM3-GC31-LL,u03,SE,2015,4510.94,3126.87,5.13
HadGEM3-GC31-LL,u03,SE,2016,4708.46,3308.4,7.38
HadGEM3-GC31-LL,u03,SE,2017,4708.27,3329.85,0.27
HadGEM3-GC31-LL,u03,SE,2018,4601.14,3526.03,48.06
HadGEM3-GC31-LL,u03,SE,2019,4555.38,3264.51,16.53
HadGEM3-GC31-LL,u03,SE,2020,4202.08,3067.5,19.54
HadGEM3-GC31-LL,u03,SE,2021,4782.76,3206.58,17.99
HadGEM3-GC31-LL,u03,SE,2022,4517.94,3268.43,21.03
HadGEM3-GC31-LL,u03,SE,2023,4697.6,3259.37,7.69
HadGEM3-GC31-LL,u03,SE,2024,4491.75,3549.38,5.55
HadGEM3-GC31-LL,u03,SI,1990,3821.34,2797.45,39.42
HadGEM3-GC31-LL,u03,SI,1991,4171.37,3032.6,45.56
HadGEM3-GC31-LL,u03,SI,1992,3771.45,3069.89,84.04
HadGEM3-GC31-LL,u03,SI,1993,3931.95,3013.13,64.38
HadGEM3-GC31-LL,u03,SI,1994,3535.29,2795.88,78.35
HadGEM3-GC31-LL,u03,SI,1995,3932.65,2895.43,38.57
HadGEM3-GC31-LL,u03,SI,1996,4255.26,3226.05,29.34
HadGEM3-GC31-LL,u03,SI,1997,3924.12,2943.7,20.37
HadGEM3-GC31-LL,u03,SI,1998,3851.87,2850.16,72.5
HadGEM3-GC31-LL,u03,SI,1999,3786.4,3096.45,35
HadGEM3-GC31-LL,u03,SI,2000,3485.34,3026.11,80.95
HadGEM3-GC31-LL,u03,SI,2001,3742.99,2513.69,71.95
HadGEM3-GC31-LL,u03,SI,2002,3515.89,2867.96,54.05
HadGEM3-GC31-LL,u03,SI,2003,3836.56,2950.23,155.15
HadGEM3-GC31-LL,u03,SI,2004,3971.79,3055.04,46.25
HadGEM3-GC31-LL,u03,SI,2005,4057.25,3026.03,42.72
HadGEM3-GC31-LL,u03,SI,2006,3791.4,3193.32,86.67
HadGEM3-GC31-LL,u03,SI,2007,3543.56,2447.18,81.77
HadGEM3-GC31-LL,u03,SI,2008,3624.06,2926.62,61.29
HadGEM3-GC31-LL,u03,SI,2009,3659.66,2924.36,65.73
HadGEM3-GC31-LL,u03,SI,2010,3986.33,2998.16,78.15
HadGEM3-GC31-LL,u03,SI,2011,3685,2982.11,74.33
HadGEM3-GC31-LL,u03,SI,2012,3664.72,2994.51,122.94
HadGEM3-GC31-LL,u03,SI,2013,3753.84,2962.97,119.94
HadGEM3-GC31-LL,u03,SI,2014,3276.26,2526.09,43.67
HadGEM3-GC31-LL,u03,SI,2015,3527.46,2636.2,121.07
HadGEM3-GC31-LL,u03,SI,2016,3624.47,2731.15,66.16
HadGEM3-GC31-LL,u03,SI,2017,3671.35,2922.55,123.36
HadGEM3-GC31-LL,u03,SI,2018,3453.81,2942.25,80.86
HadGEM3-GC31-LL,u03,SI,2019,3416.75,2671.71,107.21
HadGEM3-GC31-LL,u03,SI,2020,3532.65,2569.73,63.54
HadGEM3-GC31-LL,u03,SI,2021,3809.44,2814.63,104.73
HadGEM3-GC31-LL,u03,SI,2022,3409.94,2894.78,126.33
HadGEM3-GC31-LL,u03,SI,2023,3292.24,2558.71,88.03
HadGEM3-GC31-LL,u03,SI,2024,3099.12,2345.01,144.05
HadGEM3-GC31-LL,u03,SK,1990,4210.92,3069.82,52.92
HadGEM3-GC31-LL,u03,SK,1991,4547.37,3271.33,49.41
HadGEM3-GC31-LL,u03,SK,1992,4265.05,3336.7,107.78
HadGEM3-GC31-LL,u03,SK,1993,4434.98,3439.72,56.19
HadGEM3-GC31-LL,u03,SK,1994,4027.67,3065.62,102.69
HadGEM3-GC31-LL,u03,SK,1995,4352.67,3182.62,59.18
HadGEM3-GC31-LL,u03,SK,1996,4682.26,3623.09,36.04
HadGEM3-GC31-LL,u03,SK,1997,4483.9,3319.55,33.29
HadGEM3-GC31-LL,u03,SK,1998,4272.15,3135.44,72.83
HadGEM3-GC31-LL,u03,SK,1999,4173.15,3381.25,36.23
HadGEM3-GC31-LL,u03,SK,2000,3963.82,3342.2,80.17
HadGEM3-GC31-LL,u03,SK,2001,4288.34,2867.34,59.17
HadGEM3-GC31-LL,u03,SK,2002,4070.13,3228.11,71.75
HadGEM3-GC31-LL,u03,SK,2003,4346.22,3445.02,100.43
HadGEM3-GC31-LL,u03,SK,2004,4358.92,3369.29,38.62
HadGEM3-GC31-LL,u03,SK,2005,4453.2,3337.88,40.3
HadGEM3-GC31-LL,u03,SK,2006,4268.52,3540.57,80.87
HadGEM3-GC31-LL,u03,SK,2007,3961.49,2725.33,97.8
HadGEM3-GC31-LL,u03,SK,2008,3925.57,3209.04,54.92
HadGEM3-GC31-LL,u03,SK,2009,4075.24,3123.05,63.99
HadGEM3-GC31-LL,u03,SK,2010,4372.92,3257.06,73.12
HadGEM3-GC31-LL,u03,SK,2011,4141.44,3317.39,57.12
HadGEM3-GC31-LL,u03,SK,2012,4144.58,3332.05,111.09
HadGEM3-GC31-LL,u03,SK,2013,4134.71,3271.02,104.16
HadGEM3-GC31-LL,u03,SK,2014,3619.9,2754.63,52.45
HadGEM3-GC31-LL,u03,SK,2015,3885.58,2902.19,141.93
HadGEM3-GC31-LL,u03,SK,2016,4044.52,2964.6,63.56
HadGEM3-GC31-LL,u03,SK,2017,4119.54,3303.65,106.97
HadGEM3-GC31-LL,u03,SK,2018,3753.9,3177.95,94.63
HadGEM3-GC31-LL,u03,SK,2019,3726.14,2944.59,106.39
HadGEM3-GC31-LL,u03,SK,2020,3875.3,2815.68,64
HadGEM3-GC31-LL,u03,SK,2021,4187.36,3035.97,89.87
HadGEM3-GC31-LL,u03,SK,2022,3828.8,3054.7,112.25
HadGEM3-GC31-LL,u03,SK,2023,3651.71,2799.81,78.11
HadGEM3-GC31-LL,u03,SK,2024,3424.78,2630.82,127.51
HadGEM3-GC31-LL,u03,UK,1990,4269.2,2655.22,0
HadGEM3-GC31-LL,u03,UK,1991,4407.75,2827.16,0
HadGEM3-GC31-LL,u03,UK,1992,4460.81,2704.5,0
HadGEM3-GC31-LL,u03,UK,1993,4513.68,2777.56,0
HadGEM3-GC31-LL,u03,UK,1994,4410.09,2892.23,0
HadGEM3-GC31-LL,u03,UK,1995,4210.74,2657.19,1.93
HadGEM3-GC31-LL,u03,UK,1996,4527.84,2766.51,0
HadGEM3-GC31-LL,u03,UK,1997,4099.28,2715.9,0
HadGEM3-GC31-LL,u03,UK,1998,4208.69,2500.85,0
HadGEM3-GC31-LL,u03,UK,1999,4207.17,2674.79,0.02
HadGEM3-GC31-LL,u03,UK,2000,4325.85,2663.12,0
HadGEM3-GC31-LL,u03,UK,2001,4366.74,2899.08,0
HadGEM3-GC31-LL,u03,UK,2002,4255.05,2558.08,0
HadGEM3-GC31-LL,u03,UK,2003,4209.02,2735.67,0.09
HadGEM3-GC31-LL,u03,UK,2004,4204.15,2755.09,0
HadGEM3-GC31-LL,u03,UK,2005,4135.21,2615.11,0.38
HadGEM3-GC31-LL,u03,UK,2006,4102.86,2715.32,1.81
HadGEM3-GC31-LL,u03,UK,2007,4072.04,2592.86,0
HadGEM3-GC31-LL,u03,UK,2008,4374.02,2592.82,0
HadGEM3-GC31-LL,u03,UK,2009,4330.72,2826.7,0
HadGEM3-GC31-LL,u03,UK,2010,4702.14,2946.8,0
HadGEM3-GC31-LL,u03,UK,2011,4173.55,2976.63,0
HadGEM3-GC31-LL,u03,UK,2012,4323.53,2427.68,0
HadGEM3-GC31-LL,u03,UK,2013,4319.08,2904.69,0.7
HadGEM3-GC31-LL,u03,UK,2014,4149.5,2641.05,0
HadGEM3-GC31-LL,u03,UK,2015,4415.71,2745.2,0
HadGEM3-GC31-LL,u03,UK,2016,4237.6,2618.84,0
HadGEM3-GC31-LL,u03,UK,2017,4091.33,2606.29,0
HadGEM3-GC31-LL,u03,UK,2018,4237.94,2754.78,1.63
HadGEM3-GC31-LL,u03,UK,2019,4175.47,2543.62,0
HadGEM3-GC31-LL,u03,UK,2020,4233.91,2733.29,0
HadGEM3-GC31-LL,u03,UK,2021,4118.96,2711.04,2.14
HadGEM3-GC31-LL,u03,UK,2022,4045.72,2490.96,1.51
HadGEM3-GC31-LL,u03,UK,2023,3917.46,2595.61,0
HadGEM3-GC31-LL,u03,UK,2024,4107.3,2554.93,0
HadGEM3-GC31-MM,g01,AL,1990,2564.96,2078.27,147.2
HadGEM3-GC31-MM,g01,AL,1991,2932.71,2056.14,117.4
HadGEM3-GC31-MM,g01,AL,1992,2816.64,2377.74,154.52
HadGEM3-GC31-MM,g01,AL,1993,2797.54,2242.49,177.95
HadGEM3-GC31-MM,g01,AL,1994,2522.25,1956.21,187.38
HadGEM3-GC31-MM,g01,AL,1995,2799.75,2122.79,126.26
HadGEM3-GC31-MM,g01,AL,1996,2768.67,2226.46,151.43
HadGEM3-GC31-MM,g01,AL,1997,2696.15,2026.4,136.09
HadGEM3-GC31-MM,g01,AL,1998,2584.68,2073.99,266.24
HadGEM3-GC31-MM,g01,AL,1999,2482.18,2234.95,233.13
HadGEM3-GC31-MM,g01,AL,2000,2551.28,2168.15,249.08
HadGEM3-GC31-MM,g01,AL,2001,2449.13,1798.84,256.65
HadGEM3-GC31-MM,g01,AL,2002,2393.86,2067.87,194.17
HadGEM3-GC31-MM,g01,AL,2003,2517.84,2097.01,294.46
HadGEM3-GC31-MM,g01,AL,2004,2535.87,2071.81,194.97
HadGEM3-GC31-MM,g01,AL,2005,2628.06,2094.04,135.68
HadGEM3-GC31-MM,g01,AL,2006,2641.81,2189.03,166.77
HadGEM3-GC31-MM,g01,AL,2007,2428.21,1956.82,241.35
HadGEM3-GC31-MM,g01,AL,2008,2416.84,2072.37,220.04
HadGEM3-GC31-MM,g01,AL,2009,2393.25,2039.1,147.92
HadGEM3-GC31-MM,g01,AL,2010,2338.77,1932.38,176.95
HadGEM3-GC31-MM,g01,AL,2011,2651.05,1890.82,185.02
HadGEM3-GC31-MM,g01,AL,2012,2718.38,2445.51,318.9
HadGEM3-GC31-MM,g01,AL,2013,2467.09,2032.99,221.19
HadGEM3-GC31-MM,g01,AL,2014,2529.19,1910.53,167.12
HadGEM3-GC31-MM,g01,AL,2015,2710.61,2185.28,208.25
HadGEM3-GC31-MM,g01,AL,2016,2573.91,2022.76,198.52
HadGEM3-GC31-MM,g01,AL,2017,2737.51,2243.91,273.41
HadGEM3-GC31-MM,g01,AL,2018,2431.44,2137.83,152.59
HadGEM3-GC31-MM,g01,AL,2019,2513.9,2097.14,264.45
HadGEM3-GC31-MM,g01,AL,2020,2611.7,1996.21,194.41
HadGEM3-GC31-MM,g01,AL,2021,2576.15,2021.99,306.01
HadGEM3-GC31-MM,g01,AL,2022,2578.28,2218.05,260.54
HadGEM3-GC31-MM,g01,AL,2023,2468.18,1946.31,229.25
HadGEM3-GC31-MM,g01,AL,2024,2305.53,1801.66,357.19
HadGEM3-GC31-MM,g01,AT,1990,4013.82,2863.94,45.31
HadGEM3-GC31-MM,g01,AT,1991,4384.87,3134.79,34.45
HadGEM3-GC31-MM,g01,AT,1992,3982.67,3128.96,93.39
HadGEM3-GC31-MM,g01,AT,1993,4197.81,3179.42,47.4
HadGEM3-GC31-MM,g01,AT,1994,3778.22,2959.68,89.65
HadGEM3-GC31-MM,g01,AT,1995,4172.65,2973.59,52.43
HadGEM3-GC31-MM,g01,AT,1996,4574.79,3425.01,27.17
HadGEM3-GC31-MM,g01,AT,1997,4153.82,3086.99,25.18
HadGEM3-GC31-MM,g01,AT,1998,4043.21,2960.88,64.14
HadGEM3-GC31-MM,g01,AT,1999,4015.74,3168.29,30.95
HadGEM3-GC31-MM,g01,AT,2000,3772.85,3109.07,66.05
HadGEM3-GC31-MM,g01,AT,2001,4080.41,2805.63,56.6
HadGEM3-GC31-MM,g01,AT,2002,3815.22,2939.12,59.38
HadGEM3-GC31-MM,g01,AT,2003,4068.48,3145.36,117.06
HadGEM3-GC31-MM,g01,AT,2004,4161.96,3201.46,41.46
HadGEM3-GC31-MM,g01,AT,2005,4266.3,3160.71,38.8
HadGEM3-GC31-MM,g01,AT,2006,4061.08,3378.08,71.95
HadGEM3-GC31-MM,g01,AT,2007,3793.4,2579.58,75.55
HadGEM3-GC31-MM,g01,AT,2008,3855.72,3046.81,47.96
HadGEM3-GC31-MM,g01,AT,2009,3958.19,3100.11,49.8
HadGEM3-GC31-MM,g01,AT,2010,4333.48,3173.87,66.07
HadGEM3-GC31-MM,g01,AT,2011,3868.09,3169.4,56.91
HadGEM3-GC31-MM,g01,AT,2012,3970.47,3064.54,86
HadGEM3-GC31-MM,g01,AT,2013,4070.97,3160.59,94.62
HadGEM3-GC31-MM,g01,AT,2014,3561.12,2738.41,44.72
HadGEM3-GC31-MM,g01,AT,2015,3706.96,2765.63,128.71
HadGEM3-GC31-MM,g01,AT,2016,3846.3,2768.63,54.5
HadGEM3-GC31-MM,g01,AT,2017,3900.89,3041.83,100.05
HadGEM3-GC31-MM,g01,AT,2018,3615.1,3042.72,98
HadGEM3-GC31-MM,g01,AT,2019,3632.94,2771.11,108.94
HadGEM3-GC31-MM,g01,AT,2020,3717,2714.82,60.32
HadGEM3-GC31-MM,g01,AT,2021,4023.75,2947.19,76.56
HadGEM3-GC31-MM,g01,AT,2022,3623.99,2890.76,96.01
HadGEM3-GC31-MM,g01,AT,2023,3547.03,2692.85,91.29
HadGEM3-GC31-MM,g01,AT,2024,3392.89,2535.25,119.35
HadGEM3-GC31-MM,g01,BE,1990,3485.6,2334.33,37.78
HadGEM3-GC31-MM,g01,BE,1991,3876.76,2635.11,18.61
HadGEM3-GC31-MM,g01,BE,1992,3616.48,2677.19,18.39
HadGEM3-GC31-MM,g01,BE,1993,3742.05,2666.05,7.95
HadGEM3-GC31-MM,g01,BE,1994,3444.49,2688.25,49.27
HadGEM3-GC31-MM,g01,BE,1995,3547.53,2401.75,62.79
HadGEM3-GC31-MM,g01,BE,1996,4143.89,2845.7,20.83
HadGEM3-GC31-MM,g01,BE,1997,3591.42,2718.46,33.56
HadGEM3-GC31-MM,g01,BE,1998,3602.04,2479.89,17.98
HadGEM3-GC31-MM,g01,BE,1999,3316.07,2623.45,23.14
HadGEM3-GC31-MM,g01,BE,2000,3355.91,2519.45,14.55
HadGEM3-GC31-MM,g01,BE,2001,3550.72,2472.44,33.45
HadGEM3-GC31-MM,g01,BE,2002,3321.8,2374.74,24.4
HadGEM3-GC31-MM,g01,BE,2003,3517.52,2565.75,57.15
HadGEM3-GC31-MM,g01,BE,2004,3487.67,2620.79,23.15
HadGEM3-GC31-MM,g01,BE,2005,3390.41,2561.67,32.85
HadGEM3-GC31-MM,g01,BE,2006,3314.05,2633.79,63.95
HadGEM3-GC31-MM,g01,BE,2007,3165.16,2098.58,10.58
HadGEM3-GC31-MM,g01,BE,2008,3514.4,2481.59,14.03
HadGEM3-GC31-MM,g01,BE,2009,3511.05,2777.07,25.71
HadGEM3-GC31-MM,g01,BE,2010,3963.86,2701.8,37.32
HadGEM3-GC31-MM,g01,BE,2011,3235.99,2703.34,14.28
HadGEM3-GC31-MM,g01,BE,2012,3610.91,2462.2,23.87
HadGEM3-GC31-MM,g01,BE,2013,3813.46,2776.97,35.48
HadGEM3-GC31-MM,g01,BE,2014,3134.39,2291.52,20.82
HadGEM3-GC31-MM,g01,BE,2015,3393.14,2457.2,47.44
HadGEM3-GC31-MM,g01,BE,2016,3475.8,2313.04,28.5
HadGEM3-GC31-MM,g01,BE,2017,3357.64,2548.5,37
HadGEM3-GC31-MM,g01,BE,2018,3291.09,2537.5,76.83
HadGEM3-GC31-MM,g01,BE,2019,3326.64,2367.13,63.76
HadGEM3-GC31-MM,g01,BE,2020,3121.98,2318.88,62.89
HadGEM3-GC31-MM,g01,BE,2021,3534.22,2397.34,22.54
HadGEM3-GC31-MM,g01,BE,2022,3154.56,2374.91,78.35
HadGEM3-GC31-MM,g01,BE,2023,3107.65,2283.29,51.66
HadGEM3-GC31-MM,g01,BE,2024,3120.04,2186.1,41.52
HadGEM3-GC31-MM,g01,BG,1990,3380.3,2779.51,119.88
HadGEM3-GC31-MM,g01,BG,1991,3826.79,2809.06,83.39
HadGEM3-GC31-MM,g01,BG,1992,3590.06,2971.11,115.83
HadGEM3-GC31-MM,g01,BG,1993,3663.86,2931.86,145.71
HadGEM3-GC31-MM,g01,BG,1994,3242.83,2664.99,138.44
HadGEM3-GC31-MM,g01,BG,1995,3636.87,2757.41,86.24
HadGEM3-GC31-MM,g01,BG,1996,3802,3248.33,132.81
HadGEM3-GC31-MM,g01,BG,1997,3806.28,2785.45,78.77
HadGEM3-GC31-MM,g01,BG,1998,3538.47,2861.04,154.82
HadGEM3-GC31-MM,g01,BG,1999,3317.1,2907.96,132
HadGEM3-GC31-MM,g01,BG,2000,3366.05,2857.62,195.47
HadGEM3-GC31-MM,g01,BG,2001,3414.58,2435.04,152.31
HadGEM3-GC31-MM,g01,BG,2002,3353.1,2793.43,116.44
HadGEM3-GC31-MM,g01,BG,2003,3678.13,2999.45,172.27
HadGEM3-GC31-MM,g01,BG,2004,3448.38,2855.47,90.56
HadGEM3-GC31-MM,g01,BG,2005,3600.41,2740.53,81.42
HadGEM3-GC31-MM,g01,BG,2006,3544.82,2947.3,124.88
HadGEM3-GC31-MM,g01,BG,2007,3243.09,2464.97,224.39
HadGEM3-GC31-MM,g01,BG,2008,3319.77,2843.78,166.71
HadGEM3-GC31-MM,g01,BG,2009,3307.43,2694.59,138.16
HadGEM3-GC31-MM,g01,BG,2010,3338.43,2680.69,145.6
HadGEM3-GC31-MM,g01,BG,2011,3618.67,2740.69,132.46
HadGEM3-GC31-MM,g01,BG,2012,3420.14,3094.31,239.71
HadGEM3-GC31-MM,g01,BG,2013,3228.92,2605.38,147.45
HadGEM3-GC31-MM,g01,BG,2014,3175.78,2475.95,104.36
HadGEM3-GC31-MM,g01,BG,2015,3183.53,2685.33,165.45
HadGEM3-GC31-MM,g01,BG,2016,3235.03,2438.17,168.83
HadGEM3-GC31-MM,g01,BG,2017,3339.89,2852.61,190.29
HadGEM3-GC31-MM,g01,BG,2018,3123.06,2611.55,121.93
HadGEM3-GC31-MM,g01,BG,2019,2967.69,2595.4,165.32
HadGEM3-GC31-MM,g01,BG,2020,3049.89,2310.6,148.87
HadGEM3-GC31-MM,g01,BG,2021,3302.25,2493.21,193.6
HadGEM3-GC31-MM,g01,BG,2022,3062.24,2687.7,183.03
HadGEM3-GC31-MM,g01,BG,2023,2828.9,2245.11,203.7
HadGEM3-GC31-MM,g01,BG,2024,2707.42,2136.24,285.66
HadGEM3-GC31-MM,g01,CH,1990,4097.51,2827.84,32.45
HadGEM3-GC31-MM,g01,CH,1991,4405.9,3066.92,31.8
HadGEM3-GC31-MM,g01,CH,1992,4186.86,3179.45,42.24
HadGEM3-GC31-MM,g01,CH,1993,4281.36,3049.04,22.6
HadGEM3-GC31-MM,g01,CH,1994,3869.71,2941.67,53.58
HadGEM3-GC31-MM,g01,CH,1995,4261.12,2893.59,32.87
HadGEM3-GC31-MM,g01,CH,1996,4552.71,3128.87,15.06
HadGEM3-GC31-MM,g01,CH,1997,4106.42,2995.75,17.02
HadGEM3-GC31-MM,g01,CH,1998,4219.92,2930.22,39.72
HadGEM3-GC31-MM,g01,CH,1999,4183.5,3169.96,15.24
HadGEM3-GC31-MM,g01,CH,2000,3975.07,3078.6,28.2
HadGEM3-GC31-MM,g01,CH,2001,4186.34,2803.69,29.77
HadGEM3-GC31-MM,g01,CH,2002,3969.74,2910.34,31.78
HadGEM3-GC31-MM,g01,CH,2003,4094.9,2981.09,116.06
HadGEM3-GC31-MM,g01,CH,2004,4243.35,3148.22,24.85
HadGEM3-GC31-MM,g01,CH,2005,4338.87,3131.82,34.92
HadGEM3-GC31-MM,g01,CH,2006,4099.03,3274.17,55.24
HadGEM3-GC31-MM,g01,CH,2007,3992.84,2645.57,18.74
HadGEM3-GC31-MM,g01,CH,2008,4176.52,3041.89,24.6
HadGEM3-GC31-MM,g01,CH,2009,4091.48,3216.35,30.75
HadGEM3-GC31-MM,g01,CH,2010,4471.2,3139.23,40.41
HadGEM3-GC31-MM,g01,CH,2011,3850.73,3055.53,30.11
HadGEM3-GC31-MM,g01,CH,2012,4144.32,3003.52,34.79
HadGEM3-GC31-MM,g01,CH,2013,4352.55,3152.96,45.88
HadGEM3-GC31-MM,g01,CH,2014,3784.4,2818.07,20.56
HadGEM3-GC31-MM,g01,CH,2015,3910.73,2825.34,86.39
HadGEM3-GC31-MM,g01,CH,2016,4074.15,2816.02,36.89
HadGEM3-GC31-MM,g01,CH,2017,4045.67,2998.46,55.69
HadGEM3-GC31-MM,g01,CH,2018,3759.43,3037.4,63.66
HadGEM3-GC31-MM,g01,CH,2019,3924.6,2830.56,68.68
HadGEM3-GC31-MM,g01,CH,2020,3799.53,2718.89,45.6
HadGEM3-GC31-MM,g01,CH,2021,4186.54,2930.72,24.84
HadGEM3-GC31-MM,g01,CH,2022,3628.31,2917.52,80.55
HadGEM3-GC31-MM,g01,CH,2023,3671.38,2659.17,69.74
HadGEM3-GC31-MM,g01,CH,2024,3714.72,2595.58,50.47
HadGEM3-GC31-MM,g01,CY,1990,1392.92,1272.25,337.56
HadGEM3-GC31-MM,g01,CY,1991,1414.46,1092.88,308.22
HadGEM3-GC31-MM,g01,CY,1992,1810.2,1540.07,295.44
HadGEM3-GC31-MM,g01,CY,1993,1529.83,1450.74,362.11
HadGEM3-GC31-MM,g01,CY,1994,1335.43,1088.23,359.23
HadGEM3-GC31-MM,g01,CY,1995,1459.26,1212.74,372.72
HadGEM3-GC31-MM,g01,CY,1996,1335.66,1320.67,386.09
HadGEM3-GC31-MM,g01,CY,1997,1448.75,1176.47,339.13
HadGEM3-GC31-MM,g01,CY,1998,1288.93,1192.6,431.31
HadGEM3-GC31-MM,g01,CY,1999,1146.72,1023.57,383.99
HadGEM3-GC31-MM,g01,CY,2000,1409.24,1198.48,443.99
HadGEM3-GC31-MM,g01,CY,2001,1195.45,1021.95,406.76
HadGEM3-GC31-MM,g01,CY,2002,1296.68,1153.29,412.63
HadGEM3-GC31-MM,g01,CY,2003,1372.22,1213.56,395.43
HadGEM3-GC31-MM,g01,CY,2004,1334.95,1150.98,373.13
HadGEM3-GC31-MM,g01,CY,2005,1340.99,1151.95,357.92
HadGEM3-GC31-MM,g01,CY,2006,1354.97,1179.47,384.39
HadGEM3-GC31-MM,g01,CY,2007,1192.51,1165.72,498.18
HadGEM3-GC31-MM,g01,CY,2008,1131.87,1041.24,515.76
HadGEM3-GC31-MM,g01,CY,2009,1106.13,985.55,483.39
HadGEM3-GC31-MM,g01,CY,2010,887.21,837.98,487.79
HadGEM3-GC31-MM,g01,CY,2011,1217.19,863.18,455.38
HadGEM3-GC31-MM,g01,CY,2012,1168.46,1208.02,557.97
HadGEM3-GC31-MM,g01,CY,2013,1036.24,851.35,477.63
HadGEM3-GC31-MM,g01,CY,2014,748.66,800.06,413.22
HadGEM3-GC31-MM,g01,CY,2015,944,820.05,411.47
HadGEM3-GC31-MM,g01,CY,2016,998.49,820.36,437.95
HadGEM3-GC31-MM,g01,CY,2017,951.98,1011.02,479.66
HadGEM3-GC31-MM,g01,CY,2018,738.26,656.43,422.61
HadGEM3-GC31-MM,g01,CY,2019,922.6,862.52,451.14
HadGEM3-GC31-MM,g01,CY,2020,818.43,807.37,431.11
HadGEM3-GC31-MM,g01,CY,2021,715.85,593.1,558.92
HadGEM3-GC31-MM,g01,CY,2022,835.96,843.47,519.94
HadGEM3-GC31-MM,g01,CY,2023,639.43,580.29,547.62
HadGEM3-GC31-MM,g01,CY,2024,603.25,478.26,607.8
HadGEM3-GC31-MM,g01,CZ,1990,4095.1,2938.54,51.33
HadGEM3-GC31-MM,g01,CZ,1991,4508.75,3186.11,35.21
HadGEM3-GC31-MM,g01,CZ,1992,4137.32,3209.53,91.44
HadGEM3-GC31-MM,g01,CZ,1993,4385.21,3336.44,39.47
HadGEM3-GC31-MM,g01,CZ,1994,4001.11,3075.1,107.48
HadGEM3-GC31-MM,g01,CZ,1995,4319.89,3078.78,62.18
HadGEM3-GC31-MM,g01,CZ,1996,4863.01,3634.17,30.01
HadGEM3-GC31-MM,g01,CZ,1997,4421.23,3288.45,32.7
HadGEM3-GC31-MM,g01,CZ,1998,4203.85,3086.7,57.34
HadGEM3-GC31-MM,g01,CZ,1999,4107.28,3261.42,35.34
HadGEM3-GC31-MM,g01,CZ,2000,3898.51,3161.36,62.65
HadGEM3-GC31-MM,g01,CZ,2001,4313.13,2953.62,43.37
HadGEM3-GC31-MM,g01,CZ,2002,4055.38,3068.3,54.89
HadGEM3-GC31-MM,g01,CZ,2003,4260.29,3366.91,105.98
HadGEM3-GC31-MM,g01,CZ,2004,4298.29,3300.42,44.03
HadGEM3-GC31-MM,g01,CZ,2005,4349.03,3241.1,39.78
HadGEM3-GC31-MM,g01,CZ,2006,4211.82,3496.9,85.85
HadGEM3-GC31-MM,g01,CZ,2007,3916.27,2650.72,71.35
HadGEM3-GC31-MM,g01,CZ,2008,3980.5,3110.14,52.36
HadGEM3-GC31-MM,g01,CZ,2009,4095.72,3161.84,44.26
HadGEM3-GC31-MM,g01,CZ,2010,4550.74,3293.42,74.48
HadGEM3-GC31-MM,g01,CZ,2011,4044.87,3321.18,42.2
HadGEM3-GC31-MM,g01,CZ,2012,4170.75,3162.23,69.71
HadGEM3-GC31-MM,g01,CZ,2013,4281.37,3317.45,80.56
HadGEM3-GC31-MM,g01,CZ,2014,3683.08,2810.99,54.34
HadGEM3-GC31-MM,g01,CZ,2015,3801.21,2818.32,136.65
HadGEM3-GC31-MM,g01,CZ,2016,4017.97,2862.35,51.58
HadGEM3-GC31-MM,g01,CZ,2017,4043.14,3181.14,81.18
HadGEM3-GC31-MM,g01,CZ,2018,3733.65,3095.22,113.67
HadGEM3-GC31-MM,g01,CZ,2019,3707.32,2863.96,103.02
HadGEM3-GC31-MM,g01,CZ,2020,3837.43,2749.06,52.74
HadGEM3-GC31-MM,g01,CZ,2021,4215.44,3049.34,53.99
HadGEM3-GC31-MM,g01,CZ,2022,3828.8,2942.82,89.01
HadGEM3-GC31-MM,g01,CZ,2023,3671.72,2817.77,85.64
HadGEM3-GC31-MM,g01,CZ,2024,3521.89,2633.99,97.37
HadGEM3-GC31-MM,g01,DE,1990,3724.03,2603.79,41.51
HadGEM3-GC31-MM,g01,DE,1991,4120.12,2881.41,41.19
HadGEM3-GC31-MM,g01,DE,1992,3835.03,2911.79,55.63
HadGEM3-GC31-MM,g01,DE,1993,4053.26,2956.69,22.71
HadGEM3-GC31-MM,g01,DE,1994,3679.38,2893.75,81.17
HadGEM3-GC31-MM,g01,DE,1995,3961.25,2728.98,65.52
HadGEM3-GC31-MM,g01,DE,1996,4531.05,3247.4,25.03
HadGEM3-GC31-MM,g01,DE,1997,3947.92,2978.53,37.49
HadGEM3-GC31-MM,g01,DE,1998,3865.69,2755.45,36.07
HadGEM3-GC31-MM,g01,DE,1999,3714.32,2920.29,35.34
HadGEM3-GC31-MM,g01,DE,2000,3597.53,2799.08,34.18
HadGEM3-GC31-MM,g01,DE,2001,3882.38,2696.69,46.93
HadGEM3-GC31-MM,g01,DE,2002,3690.15,2688.56,37.5
HadGEM3-GC31-MM,g01,DE,2003,3856.58,2954.39,101.49
HadGEM3-GC31-MM,g01,DE,2004,3925.55,2930.74,33.81
HadGEM3-GC31-MM,g01,DE,2005,3889.98,2915.8,37.71
HadGEM3-GC31-MM,g01,DE,2006,3752.86,3066.47,77.04
HadGEM3-GC31-MM,g01,DE,2007,3594.86,2359.21,30.3
HadGEM3-GC31-MM,g01,DE,2008,3778.53,2791.92,35.72
HadGEM3-GC31-MM,g01,DE,2009,3843.7,3006.01,34.43
HadGEM3-GC31-MM,g01,DE,2010,4341.08,3031.99,60.95
HadGEM3-GC31-MM,g01,DE,2011,3661.78,3032.06,26.14
HadGEM3-GC31-MM,g01,DE,2012,3893.48,2804.03,37.24
HadGEM3-GC31-MM,g01,DE,2013,4043.98,3067.06,54.69
HadGEM3-GC31-MM,g01,DE,2014,3414.55,2548.08,36.54
HadGEM3-GC31-MM,g01,DE,2015,3621.37,2649.98,84.48
HadGEM3-GC31-MM,g01,DE,2016,3773.01,2612.15,41.45
HadGEM3-GC31-MM,g01,DE,2017,3711.91,2854.55,42.58
HadGEM3-GC31-MM,g01,DE,2018,3516.31,2814.51,96.83
HadGEM3-GC31-MM,g01,DE,2019,3554.97,2605.35,89.95
HadGEM3-GC31-MM,g01,DE,2020,3460.18,2537.02,62.28
HadGEM3-GC31-MM,g01,DE,2021,3866.87,2718.5,34.59
HadGEM3-GC31-MM,g01,DE,2022,3448.6,2647.9,93.08
HadGEM3-GC31-MM,g01,DE,2023,3385.64,2516.13,60.56
HadGEM3-GC31-MM,g01,DE,2024,3328.22,2426.93,55.79
HadGEM3-GC31-MM,g01,DK,1990,3779.15,2611.04,2.62
HadGEM3-GC31-MM,g01,DK,1991,4195.57,2912.54,4.91
HadGEM3-GC31-MM,g01,DK,1992,3974.76,2789.1,6.24
HadGEM3-GC31-MM,g01,DK,1993,4369.85,2973.8,0.13
HadGEM3-GC31-MM,g01,DK,1994,4088.19,3102.52,20.07
HadGEM3-GC31-MM,g01,DK,1995,4268.12,2850.01,10.38
HadGEM3-GC31-MM,g01,DK,1996,4758.66,3401.81,3.96
HadGEM3-GC31-MM,g01,DK,1997,4221.97,3054.42,14.44
HadGEM3-GC31-MM,g01,DK,1998,4268.23,2878.15,0.43
HadGEM3-GC31-MM,g01,DK,1999,4051.09,3094.69,3.68
HadGEM3-GC31-MM,g01,DK,2000,3883.21,2836.11,3.17
HadGEM3-GC31-MM,g01,DK,2001,4214.27,2857.34,4.61
HadGEM3-GC31-MM,g01,DK,2002,3907.42,2748.3,6.84
HadGEM3-GC31-MM,g01,DK,2003,4079.6,3203.01,6.23
HadGEM3-GC31-MM,g01,DK,2004,4077.95,2975.27,3.29
HadGEM3-GC31-MM,g01,DK,2005,4024.05,2901.15,2.96
HadGEM3-GC31-MM,g01,DK,2006,3824.76,3043.88,10.9
HadGEM3-GC31-MM,g01,DK,2007,3750.49,2392.14,3.84
HadGEM3-GC31-MM,g01,DK,2008,3813.3,2741.42,6.57
HadGEM3-GC31-MM,g01,DK,2009,3969.87,2886.22,3.35
HadGEM3-GC31-MM,g01,DK,2010,4634.95,3193.86,6.63
HadGEM3-GC31-MM,g01,DK,2011,4055.14,3301.14,0.04
HadGEM3-GC31-MM,g01,DK,2012,4324.5,2822.61,4.06
HadGEM3-GC31-MM,g01,DK,2013,4278.61,3233.08,5.4
HadGEM3-GC31-MM,g01,DK,2014,3716.34,2649.22,14.68
HadGEM3-GC31-MM,g01,DK,2015,3998.8,2672.61,2.62
HadGEM3-GC31-MM,g01,DK,2016,4060.03,2774.21,4.12
HadGEM3-GC31-MM,g01,DK,2017,4064.56,2890.97,0
HadGEM3-GC31-MM,g01,DK,2018,3932.64,2975.5,30.01
HadGEM3-GC31-MM,g01,DK,2019,3897.48,2695.93,11.18
HadGEM3-GC31-MM,g01,DK,2020,3770.12,2627.89,15.32
HadGEM3-GC31-MM,g01,DK,2021,4154.84,2833.66,7.41
HadGEM3-GC31-MM,g01,DK,2022,3899.96,2722.43,14.03
HadGEM3-GC31-MM,g01,DK,2023,3927.62,2704.87,1.19
HadGEM3-GC31-MM,g01,DK,2024,3792.85,2834.37,2.21
HadGEM3-GC31-MM,g01,EE,1990,5012.71,3505.63,0.44
HadGEM3-GC31-MM,g01,EE,1991,5167.22,3706.13,3.75
HadGEM3-GC31-MM,g01,EE,1992,5145.76,3409.12,10.04
HadGEM3-GC31-MM,g01,EE,1993,5568.58,3747.06,0.45
HadGEM3-GC31-MM,g01,EE,1994,5564.55,4264.5,23.31
HadGEM3-GC31-MM,g01,EE,1995,5221.15,3632.93,6.32
HadGEM3-GC31-MM,g01,EE,1996,5815.52,4274.14,1.94
HadGEM3-GC31-MM,g01,EE,1997,5368.09,3667.2,16.81
HadGEM3-GC31-MM,g01,EE,1998,5492,3869.32,1.83
HadGEM3-GC31-MM,g01,EE,1999,5109.18,4019.05,18.04
HadGEM3-GC31-MM,g01,EE,2000,4916.3,3595.6,1.73
HadGEM3-GC31-MM,g01,EE,2001,5287.08,3554.02,12.65
HadGEM3-GC31-MM,g01,EE,2002,5245.56,3696.06,16.28
HadGEM3-GC31-MM,g01,EE,2003,5429.29,4369.17,18.39
HadGEM3-GC31-MM,g01,EE,2004,5299.4,3836.85,3.36
HadGEM3-GC31-MM,g01,EE,2005,5274.19,3865.7,7.21
HadGEM3-GC31-MM,g01,EE,2006,5092.52,4006.2,20.46
HadGEM3-GC31-MM,g01,EE,2007,5005.07,3435.49,10.5
HadGEM3-GC31-MM,g01,EE,2008,4846.9,3426.47,0.56
HadGEM3-GC31-MM,g01,EE,2009,5273.94,3592.21,2.03
HadGEM3-GC31-MM,g01,EE,2010,5759.24,4274.46,40.44
HadGEM3-GC31-MM,g01,EE,2011,5002.15,4229.74,20.54
HadGEM3-GC31-MM,g01,EE,2012,5542.08,3710.01,5.38
HadGEM3-GC31-MM,g01,EE,2013,5089.25,4085.95,10.32
HadGEM3-GC31-MM,g01,EE,2014,5072.43,3461.58,26.05
HadGEM3-GC31-MM,g01,EE,2015,4781.16,3479.9,3.63
HadGEM3-GC31-MM,g01,EE,2016,5137.34,3597.79,4.54
HadGEM3-GC31-MM,g01,EE,2017,5188.11,3698.52,0.91
HadGEM3-GC31-MM,g01,EE,2018,4989.32,3808.23,35.29
HadGEM3-GC31-MM,g01,EE,2019,4832.15,3581.73,13.64
HadGEM3-GC31-MM,g01,EE,2020,4529.53,3187.08,8.61
HadGEM3-GC31-MM,g01,EE,2021,5185.64,3572.27,41.59
HadGEM3-GC31-MM,g01,EE,2022,5017.95,3603.83,34.08
HadGEM3-GC31-MM,g01,EE,2023,4931.99,3576.06,12.31
HadGEM3-GC31-MM,g01,EE,2024,4638.75,3833.32,9.26
HadGEM3-GC31-MM,g01,EL,1990,1862.12,1670.96,257.75
HadGEM3-GC31-MM,g01,EL,1991,2207.42,1645.58,225.91
HadGEM3-GC31-MM,g01,EL,1992,2122.97,1904.02,229.78
HadGEM3-GC31-MM,g01,EL,1993,2054.15,1782.27,279.63
HadGEM3-GC31-MM,g01,EL,1994,1822,1520.25,296.98
HadGEM3-GC31-MM,g01,EL,1995,1985.09,1602.07,265.13
HadGEM3-GC31-MM,g01,EL,1996,2080.55,1846.32,262.32
HadGEM3-GC31-MM,g01,EL,1997,2090.1,1609.13,255.04
HadGEM3-GC31-MM,g01,EL,1998,1960.55,1717.4,378.58
HadGEM3-GC31-MM,g01,EL,1999,1818.45,1704.14,348.62
HadGEM3-GC31-MM,g01,EL,2000,1956.66,1719,354.03
HadGEM3-GC31-MM,g01,EL,2001,1870.34,1388.32,359.61
HadGEM3-GC31-MM,g01,EL,2002,1894.65,1750.96,307.37
HadGEM3-GC31-MM,g01,EL,2003,2056.52,1757.09,368.01
HadGEM3-GC31-MM,g01,EL,2004,1994.12,1701.86,263.78
HadGEM3-GC31-MM,g01,EL,2005,2060.67,1679.68,230.91
HadGEM3-GC31-MM,g01,EL,2006,2141.25,1822.8,267
HadGEM3-GC31-MM,g01,EL,2007,1930.03,1651.76,348.16
HadGEM3-GC31-MM,g01,EL,2008,1921.37,1723.93,305
HadGEM3-GC31-MM,g01,EL,2009,1854.95,1618.92,256.21
HadGEM3-GC31-MM,g01,EL,2010,1725.4,1483.83,305.86
HadGEM3-GC31-MM,g01,EL,2011,2152.14,1567.65,262.4
HadGEM3-GC31-MM,g01,EL,2012,1989.02,1965.04,378.97
HadGEM3-GC31-MM,g01,EL,2013,1807.47,1485.32,268.93
HadGEM3-GC31-MM,g01,EL,2014,1773.15,1502.59,257.14
HadGEM3-GC31-MM,g01,EL,2015,1984.97,1677.42,262.94
HadGEM3-GC31-MM,g01,EL,2016,1864.32,1505.73,302
HadGEM3-GC31-MM,g01,EL,2017,1995.42,1768.21,315.58
HadGEM3-GC31-MM,g01,EL,2018,1729.13,1548.63,258.05
HadGEM3-GC31-MM,g01,EL,2019,1832.65,1662.8,309.18
HadGEM3-GC31-MM,g01,EL,2020,1879.05,1498.48,257.16
HadGEM3-GC31-MM,g01,EL,2021,1912.15,1506.29,353.95
HadGEM3-GC31-MM,g01,EL,2022,1915.9,1773.97,299.89
HadGEM3-GC31-MM,g01,EL,2023,1720.97,1434.88,329.86
HadGEM3-GC31-MM,g01,EL,2024,1586.38,1308.4,441.21
HadGEM3-GC31-MM,g01,ES,1990,2016,1353.66,235.35
HadGEM3-GC31-MM,g01,ES,1991,2315.43,1771.35,249.93
HadGEM3-GC31-MM,g01,ES,1992,2226.44,1828.66,180.75
HadGEM3-GC31-MM,g01,ES,1993,2330.34,1706.08,190.82
HadGEM3-GC31-MM,g01,ES,1994,1994.38,1695.15,270.97
HadGEM3-GC31-MM,g01,ES,1995,1860.42,1486.5,210.91
HadGEM3-GC31-MM,g01,ES,1996,2107.2,1499.94,191.56
HadGEM3-GC31-MM,g01,ES,1997,1799.74,1492.52,163.22
HadGEM3-GC31-MM,g01,ES,1998,2023.14,1431.56,236.47
HadGEM3-GC31-MM,g01,ES,1999,2081.57,1704.13,226.79
HadGEM3-GC31-MM,g01,ES,2000,2050.12,1672.25,217.18
HadGEM3-GC31-MM,g01,ES,2001,2002.51,1494.53,235.29
HadGEM3-GC31-MM,g01,ES,2002,1932.04,1616.14,195.57
HadGEM3-GC31-MM,g01,ES,2003,1982.15,1536.63,325.85
HadGEM3-GC31-MM,g01,ES,2004,2120.19,1635.72,242.07
HadGEM3-GC31-MM,g01,ES,2005,2179.42,1768.31,261.45
HadGEM3-GC31-MM,g01,ES,2006,1909.05,1727.05,254.95
HadGEM3-GC31-MM,g01,ES,2007,2050.89,1474.75,192.67
HadGEM3-GC31-MM,g01,ES,2008,2106.02,1594.11,216.27
HadGEM3-GC31-MM,g01,ES,2009,1989.4,1752.37,276.77
HadGEM3-GC31-MM,g01,ES,2010,2207.19,1620.97,249.44
HadGEM3-GC31-MM,g01,ES,2011,1870.51,1687.96,224.37
HadGEM3-GC31-MM,g01,ES,2012,2109.56,1617.54,277.03
HadGEM3-GC31-MM,g01,ES,2013,2139.24,1629.28,233.24
HadGEM3-GC31-MM,g01,ES,2014,1831.65,1561.02,203.63
HadGEM3-GC31-MM,g01,ES,2015,1876.6,1568.48,302.26
HadGEM3-GC31-MM,g01,ES,2016,1943.64,1436.74,274.04
HadGEM3-GC31-MM,g01,ES,2017,1909.6,1517.15,298.07
HadGEM3-GC31-MM,g01,ES,2018,2016.8,1650.65,252.25
HadGEM3-GC31-MM,g01,ES,2019,1913.07,1515.23,267.8
HadGEM3-GC31-MM,g01,ES,2020,1831.63,1439.01,273.6
HadGEM3-GC31-MM,g01,ES,2021,1930.34,1537.87,253.14
HadGEM3-GC31-MM,g01,ES,2022,1723.68,1528.07,359.43
HadGEM3-GC31-MM,g01,ES,2023,1743.59,1363.08,320.88
HadGEM3-GC31-MM,g01,ES,2024,1693.86,1322.93,301.2
HadGEM3-GC31-MM,g01,FI,1990,5593.7,3970.36,0.77
HadGEM3-GC31-MM,g01,FI,1991,5779.61,4156.19,4.28
HadGEM3-GC31-MM,g01,FI,1992,5747.24,3747,4.94
HadGEM3-GC31-MM,g01,FI,1993,6037.08,4092.43,0.12
HadGEM3-GC31-MM,g01,FI,1994,6120.91,4592.37,17.33
HadGEM3-GC31-MM,g01,FI,1995,5816.18,3882.94,6.5
HadGEM3-GC31-MM,g01,FI,1996,6235.85,4584.98,0.53
HadGEM3-GC31-MM,g01,FI,1997,5885.21,4060.12,14.99
HadGEM3-GC31-MM,g01,FI,1998,6095.02,4278.1,0.36
HadGEM3-GC31-MM,g01,FI,1999,5791.43,4365.79,14.79
HadGEM3-GC31-MM,g01,FI,2000,5406.39,3958.44,2.06
HadGEM3-GC31-MM,g01,FI,2001,5899.61,3903.98,6.53
HadGEM3-GC31-MM,g01,FI,2002,5869.48,4089.8,8.39
HadGEM3-GC31-MM,g01,FI,2003,5923.74,4749.07,17.73
HadGEM3-GC31-MM,g01,FI,2004,5801.03,4157.36,2.07
HadGEM3-GC31-MM,g01,FI,2005,5615.36,4114.33,8.22
HadGEM3-GC31-MM,g01,FI,2006,5619.14,4277.05,13.45
HadGEM3-GC31-MM,g01,FI,2007,5533.72,3865.39,5.89
HadGEM3-GC31-MM,g01,FI,2008,5384.67,3707.35,1.67
HadGEM3-GC31-MM,g01,FI,2009,5818.41,3914.04,2.97
HadGEM3-GC31-MM,g01,FI,2010,6337.63,4613.52,28.14
HadGEM3-GC31-MM,g01,FI,2011,5438.4,4669.25,19.32
HadGEM3-GC31-MM,g01,FI,2012,5974.98,3900.47,1.19
HadGEM3-GC31-MM,g01,FI,2013,5478.45,4315.25,6.56
HadGEM3-GC31-MM,g01,FI,2014,5407.53,3726.18,24.44
HadGEM3-GC31-MM,g01,FI,2015,5201.38,3725.98,1.5
HadGEM3-GC31-MM,g01,FI,2016,5616.65,3883.6,1.26
HadGEM3-GC31-MM,g01,FI,2017,5631.95,3958.01,0.03
HadGEM3-GC31-MM,g01,FI,2018,5499.18,4121.99,32.21
HadGEM3-GC31-MM,g01,FI,2019,5488.98,3921.45,12.34
HadGEM3-GC31-MM,g01,FI,2020,4966.76,3593.83,10.23
HadGEM3-GC31-MM,g01,FI,2021,5754.69,3873.68,31.58
HadGEM3-GC31-MM,g01,FI,2022,5489.25,3988.87,19.82
HadGEM3-GC31-MM,g01,FI,2023,5588.56,3880.08,10.17
HadGEM3-GC31-MM,g01,FI,2024,5345.27,4373.13,8.2
HadGEM3-GC31-MM,g01,FR,1990,3025.86,2123.9,87.39
HadGEM3-GC31-MM,g01,FR,1991,3416.77,2409.61,71.15
HadGEM3-GC31-MM,g01,FR,1992,3252.63,2515.51,60.98
HadGEM3-GC31-MM,g01,FR,1993,3332.47,2383.44,44.13
HadGEM3-GC31-MM,g01,FR,1994,2959.63,2346.26,91.29
HadGEM3-GC31-MM,g01,FR,1995,3112.96,2152.87,88.97
HadGEM3-GC31-MM,g01,FR,1996,3474.67,2399.67,53.19
HadGEM3-GC31-MM,g01,FR,1997,3046.25,2379.58,62.34
HadGEM3-GC31-MM,g01,FR,1998,3220.09,2231.31,65.84
HadGEM3-GC31-MM,g01,FR,1999,3043.44,2395.59,56.76
HadGEM3-GC31-MM,g01,FR,2000,3012.98,2359.98,53.57
HadGEM3-GC31-MM,g01,FR,2001,3144.82,2152.09,72.84
HadGEM3-GC31-MM,g01,FR,2002,2945.54,2235.58,52.21
HadGEM3-GC31-MM,g01,FR,2003,3060.04,2257.68,167.58
HadGEM3-GC31-MM,g01,FR,2004,3199.59,2399.47,63.2
HadGEM3-GC31-MM,g01,FR,2005,3197.42,2422.87,80.66
HadGEM3-GC31-MM,g01,FR,2006,3019.33,2483.59,103.17
HadGEM3-GC31-MM,g01,FR,2007,3009.15,2024.92,37.26
HadGEM3-GC31-MM,g01,FR,2008,3173.81,2347.3,50.32
HadGEM3-GC31-MM,g01,FR,2009,3100.79,2518.87,81.31
HadGEM3-GC31-MM,g01,FR,2010,3476.54,2434.2,72.96
HadGEM3-GC31-MM,g01,FR,2011,2823.51,2428.08,49.63
HadGEM3-GC31-MM,g01,FR,2012,3155.07,2223.39,70.49
HadGEM3-GC31-MM,g01,FR,2013,3308.16,2429.36,77.22
HadGEM3-GC31-MM,g01,FR,2014,2767.09,2112.2,45.7
HadGEM3-GC31-MM,g01,FR,2015,2921.55,2200.33,114.2
HadGEM3-GC31-MM,g01,FR,2016,3091.71,2113.81,80.29
HadGEM3-GC31-MM,g01,FR,2017,3002.16,2314.33,100.69
HadGEM3-GC31-MM,g01,FR,2018,2857.15,2312.47,114.64
HadGEM3-GC31-MM,g01,FR,2019,2919.67,2156.33,128.12
HadGEM3-GC31-MM,g01,FR,2020,2737.56,2064.53,104.18
HadGEM3-GC31-MM,g01,FR,2021,3103.84,2199.49,59.14
HadGEM3-GC31-MM,g01,FR,2022,2693.17,2232.97,159.06
HadGEM3-GC31-MM,g01,FR,2023,2699.62,2041.05,103.59
HadGEM3-GC31-MM,g01,FR,2024,2781.79,1983.38,90.33
HadGEM3-GC31-MM,g01,HR,1990,2990.92,2343.09,105.44
HadGEM3-GC31-MM,g01,HR,1991,3385.29,2527.36,108.51
HadGEM3-GC31-MM,g01,HR,1992,2977.13,2613.77,155.24
HadGEM3-GC31-MM,g01,HR,1993,3187.9,2561.28,140.33
HadGEM3-GC31-MM,g01,HR,1994,2803.1,2351.06,174.33
HadGEM3-GC31-MM,g01,HR,1995,3144.03,2426.17,97.29
HadGEM3-GC31-MM,g01,HR,1996,3419.36,2766.07,84.77
HadGEM3-GC31-MM,g01,HR,1997,3179.22,2475.39,82.6
HadGEM3-GC31-MM,g01,HR,1998,3119.36,2415.72,162.26
HadGEM3-GC31-MM,g01,HR,1999,3028.36,2653.77,103.08
HadGEM3-GC31-MM,g01,HR,2000,2759.56,2570.97,184.29
HadGEM3-GC31-MM,g01,HR,2001,3003.59,2041.94,142.17
HadGEM3-GC31-MM,g01,HR,2002,2812.35,2458.63,119.74
HadGEM3-GC31-MM,g01,HR,2003,3165,2556.26,254.18
HadGEM3-GC31-MM,g01,HR,2004,3178.32,2597.77,111.63
HadGEM3-GC31-MM,g01,HR,2005,3348.98,2609.38,94.4
HadGEM3-GC31-MM,g01,HR,2006,3072.28,2690.79,148.23
HadGEM3-GC31-MM,g01,HR,2007,2855.47,2036.28,180.37
HadGEM3-GC31-MM,g01,HR,2008,2878.31,2530.18,152.25
HadGEM3-GC31-MM,g01,HR,2009,2927.44,2442.01,147.55
HadGEM3-GC31-MM,g01,HR,2010,3201.26,2509.69,145.84
HadGEM3-GC31-MM,g01,HR,2011,3021.89,2537.37,160.75
HadGEM3-GC31-MM,g01,HR,2012,2984.37,2601.48,246.18
HadGEM3-GC31-MM,g01,HR,2013,2994.21,2463.32,181.52
HadGEM3-GC31-MM,g01,HR,2014,2575.97,2085.62,94.13
HadGEM3-GC31-MM,g01,HR,2015,2855.23,2231.81,209.53
HadGEM3-GC31-MM,g01,HR,2016,2929.61,2275.88,131.97
HadGEM3-GC31-MM,g01,HR,2017,2966.82,2540.3,232.14
HadGEM3-GC31-MM,g01,HR,2018,2737.49,2449.38,160.31
HadGEM3-GC31-MM,g01,HR,2019,2697.19,2245.77,198.79
HadGEM3-GC31-MM,g01,HR,2020,2818.9,2123.55,141.65
HadGEM3-GC31-MM,g01,HR,2021,3026.52,2319.69,213.1
HadGEM3-GC31-MM,g01,HR,2022,2649.19,2395.24,227.99
HadGEM3-GC31-MM,g01,HR,2023,2509.03,2060.47,173.69
HadGEM3-GC31-MM,g01,HR,2024,2414.19,1865.9,275.85
HadGEM3-GC31-MM,g01,HU,1990,3360.4,2632.24,99.47
HadGEM3-GC31-MM,g01,HU,1991,3765.32,2899.04,92.97
HadGEM3-GC31-MM,g01,HU,1992,3432.44,2931.69,178.34
HadGEM3-GC31-MM,g01,HU,1993,3654.05,3030.24,114.77
HadGEM3-GC31-MM,g01,HU,1994,3257.04,2696.26,168.04
HadGEM3-GC31-MM,g01,HU,1995,3560.08,2789.31,118.62
HadGEM3-GC31-MM,g01,HU,1996,3810.25,3218.3,81.13
HadGEM3-GC31-MM,g01,HU,1997,3624.21,2855.16,79.64
HadGEM3-GC31-MM,g01,HU,1998,3496.74,2697.66,135.66
HadGEM3-GC31-MM,g01,HU,1999,3439.71,3010.08,73.84
HadGEM3-GC31-MM,g01,HU,2000,3182.33,2929.31,158.43
HadGEM3-GC31-MM,g01,HU,2001,3487.83,2473,113.94
HadGEM3-GC31-MM,g01,HU,2002,3355.64,2847.62,135.76
HadGEM3-GC31-MM,g01,HU,2003,3779.53,3156.99,193.07
HadGEM3-GC31-MM,g01,HU,2004,3676.04,3028.03,86.61
HadGEM3-GC31-MM,g01,HU,2005,3793.16,3008.97,72.95
HadGEM3-GC31-MM,g01,HU,2006,3580.11,3131.48,126.42
HadGEM3-GC31-MM,g01,HU,2007,3265.75,2406.61,188.35
HadGEM3-GC31-MM,g01,HU,2008,3296.95,2869.69,119.45
HadGEM3-GC31-MM,g01,HU,2009,3395.11,2797.3,130.27
HadGEM3-GC31-MM,g01,HU,2010,3702.69,2876.11,121.36
HadGEM3-GC31-MM,g01,HU,2011,3555.74,2994.25,128.63
HadGEM3-GC31-MM,g01,HU,2012,3472.54,2994.52,208.68
HadGEM3-GC31-MM,g01,HU,2013,3447.23,2882.42,173.4
HadGEM3-GC31-MM,g01,HU,2014,3036.65,2457.93,100.11
HadGEM3-GC31-MM,g01,HU,2015,3284.42,2587.85,206.4
HadGEM3-GC31-MM,g01,HU,2016,3428.84,2667.33,114.31
HadGEM3-GC31-MM,g01,HU,2017,3463.79,2998.49,189.38
HadGEM3-GC31-MM,g01,HU,2018,3157.35,2805.46,160.45
HadGEM3-GC31-MM,g01,HU,2019,3073.36,2594,180.94
HadGEM3-GC31-MM,g01,HU,2020,3239.84,2503.9,124.02
HadGEM3-GC31-MM,g01,HU,2021,3528.19,2673.34,192.72
HadGEM3-GC31-MM,g01,HU,2022,3205.21,2754.81,225.29
HadGEM3-GC31-MM,g01,HU,2023,3022.8,2465.77,158.21
HadGEM3-GC31-MM,g01,HU,2024,2897.07,2310.61,255.67
HadGEM3-GC31-MM,g01,IE,1990,3800.69,2384.78,0.62
HadGEM3-GC31-MM,g01,IE,1991,3972.85,2605.84,0
HadGEM3-GC31-MM,g01,IE,1992,4004.19,2489.23,0
HadGEM3-GC31-MM,g01,IE,1993,4067.73,2553.99,0
HadGEM3-GC31-MM,g01,IE,1994,3963.89,2633.4,0
HadGEM3-GC31-MM,g01,IE,1995,3763.85,2421.84,3.19
HadGEM3-GC31-MM,g01,IE,1996,4103.89,2546.99,0
HadGEM3-GC31-MM,g01,IE,1997,3672.9,2508.02,0
HadGEM3-GC31-MM,g01,IE,1998,3744.93,2282.29,0
HadGEM3-GC31-MM,g01,IE,1999,3752.52,2422.12,0.09
HadGEM3-GC31-MM,g01,IE,2000,3918.35,2464.87,0.01
HadGEM3-GC31-MM,g01,IE,2001,3922.34,2661.73,0.12
HadGEM3-GC31-MM,g01,IE,2002,3762.38,2321.34,0
HadGEM3-GC31-MM,g01,IE,2003,3734.83,2441.04,0.73
HadGEM3-GC31-MM,g01,IE,2004,3794.09,2505.59,0
HadGEM3-GC31-MM,g01,IE,2005,3717.13,2409.15,0.39
HadGEM3-GC31-MM,g01,IE,2006,3697.02,2494.4,1.4
HadGEM3-GC31-MM,g01,IE,2007,3668.37,2364.67,0
HadGEM3-GC31-MM,g01,IE,2008,3958.42,2374.57,0
HadGEM3-GC31-MM,g01,IE,2009,3936.15,2610.78,0.03
HadGEM3-GC31-MM,g01,IE,2010,4298.82,2751.64,0
HadGEM3-GC31-MM,g01,IE,2011,3793.9,2720.71,0
HadGEM3-GC31-MM,g01,IE,2012,3926.64,2212.96,0
HadGEM3-GC31-MM,g01,IE,2013,3944.35,2686.91,1.83
HadGEM3-GC31-MM,g01,IE,2014,3743.96,2438.45,0.05
HadGEM3-GC31-MM,g01,IE,2015,3970.51,2549.46,0
HadGEM3-GC31-MM,g01,IE,2016,3859.17,2392.85,0.08
HadGEM3-GC31-MM,g01,IE,2017,3753.19,2419.72,0.13
HadGEM3-GC31-MM,g01,IE,2018,3825.63,2602.68,2.29
HadGEM3-GC31-MM,g01,IE,2019,3797.02,2336.58,0.02
HadGEM3-GC31-MM,g01,IE,2020,3840.96,2540.12,0
HadGEM3-GC31-MM,g01,IE,2021,3756.76,2528.3,2.72
HadGEM3-GC31-MM,g01,IE,2022,3646.38,2318.7,3.58
HadGEM3-GC31-MM,g01,IE,2023,3522.63,2369.48,0.01
HadGEM3-GC31-MM,g01,IE,2024,3697.73,2359.54,0
HadGEM3-GC31-MM,g01,IT,1990,2361.63,1925.32,160.04
HadGEM3-GC31-MM,g01,IT,1991,2692.54,2027.04,181.76
HadGEM3-GC31-MM,g01,IT,1992,2469.7,2171.5,161.94
HadGEM3-GC31-MM,g01,IT,1993,2553.67,2064.54,178.09
HadGEM3-GC31-MM,g01,IT,1994,2281.08,1913.33,229.11
HadGEM3-GC31-MM,g01,IT,1995,2551.04,1966.29,150.88
HadGEM3-GC31-MM,g01,IT,1996,2552.09,2066.95,142.82
HadGEM3-GC31-MM,g01,IT,1997,2356.97,1885.12,156.7
HadGEM3-GC31-MM,g01,IT,1998,2457.56,1922.25,237.76
HadGEM3-GC31-MM,g01,IT,1999,2389.09,2116.28,182.79
HadGEM3-GC31-MM,g01,IT,2000,2253.61,2023.42,203.58
HadGEM3-GC31-MM,g01,IT,2001,2311,1725.86,199.49
HadGEM3-GC31-MM,g01,IT,2002,2195.25,1923.01,174.48
HadGEM3-GC31-MM,g01,IT,2003,2316.64,1888.57,341.83
HadGEM3-GC31-MM,g01,IT,2004,2364.22,1979.14,180.68
HadGEM3-GC31-MM,g01,IT,2005,2515.46,1956.22,176.99
HadGEM3-GC31-MM,g01,IT,2006,2315.26,2087.34,210.67
HadGEM3-GC31-MM,g01,IT,2007,2191.36,1649.09,209.49
HadGEM3-GC31-MM,g01,IT,2008,2296.18,1948.1,197.68
HadGEM3-GC31-MM,g01,IT,2009,2335.24,1954.54,213.38
HadGEM3-GC31-MM,g01,IT,2010,2506.46,2013.99,185.65
HadGEM3-GC31-MM,g01,IT,2011,2284.09,2012.86,181.3
HadGEM3-GC31-MM,g01,IT,2012,2384.17,1997.59,269.78
HadGEM3-GC31-MM,g01,IT,2013,2377.15,1987.93,202.28
HadGEM3-GC31-MM,g01,IT,2014,2056.11,1722.53,135.81
HadGEM3-GC31-MM,g01,IT,2015,2254.3,1766.59,260.76
HadGEM3-GC31-MM,g01,IT,2016,2292.56,1836.25,181.8
HadGEM3-GC31-MM,g01,IT,2017,2385.55,1934.62,278.63
HadGEM3-GC31-MM,g01,IT,2018,2214.37,2025.31,201.66
HadGEM3-GC31-MM,g01,IT,2019,2250.17,1863.36,260.68
HadGEM3-GC31-MM,g01,IT,2020,2246.45,1741.62,194.59
HadGEM3-GC31-MM,g01,IT,2021,2399.09,1915.09,238.81
HadGEM3-GC31-MM,g01,IT,2022,2211.04,1972.26,290.94
HadGEM3-GC31-MM,g01,IT,2023,2139.79,1728.9,230.49
HadGEM3-GC31-MM,g01,IT,2024,2097.33,1636.34,269.84
HadGEM3-GC31-MM,g01,LI,1990,4647.43,2929.8,3.82
HadGEM3-GC31-MM,g01,LI,1991,4976.36,3314.55,3.68
HadGEM3-GC31-MM,g01,LI,1992,4692.87,3435.07,13.86
HadGEM3-GC31-MM,g01,LI,1993,4852.99,3320.36,3.11
HadGEM3-GC31-MM,g01,LI,1994,4401.52,3241.2,8.45
HadGEM3-GC31-MM,g01,LI,1995,4843.84,3178.36,5.66
HadGEM3-GC31-MM,g01,LI,1996,5064.8,3336.9,1.53
HadGEM3-GC31-MM,g01,LI,1997,4567.57,3176.99,0.37
HadGEM3-GC31-MM,g01,LI,1998,4746.26,3131.22,11.67
HadGEM3-GC31-MM,g01,LI,1999,4746.38,3444.97,3.58
HadGEM3-GC31-MM,g01,LI,2000,4489.19,3390.8,6.33
HadGEM3-GC31-MM,g01,LI,2001,4799.01,3020.33,5.09
HadGEM3-GC31-MM,g01,LI,2002,4491.5,3196.84,7.07
HadGEM3-GC31-MM,g01,LI,2003,4549.47,3290.44,40.51
HadGEM3-GC31-MM,g01,LI,2004,4835.38,3361.6,1.76
HadGEM3-GC31-MM,g01,LI,2005,4981.85,3447.16,10.32
HadGEM3-GC31-MM,g01,LI,2006,4604.03,3593.16,16.03
HadGEM3-GC31-MM,g01,LI,2007,4540.87,2858.86,8.23
HadGEM3-GC31-MM,g01,LI,2008,4627.94,3315.04,4.93
HadGEM3-GC31-MM,g01,LI,2009,4644.67,3457.16,6.35
HadGEM3-GC31-MM,g01,LI,2010,5080.45,3443.57,12.1
HadGEM3-GC31-MM,g01,LI,2011,4329.17,3288.18,13.8
HadGEM3-GC31-MM,g01,LI,2012,4700.14,3296.26,14.54
HadGEM3-GC31-MM,g01,LI,2013,4857.41,3403.44,20.53
HadGEM3-GC31-MM,g01,LI,2014,4255.84,3004.63,7.52
HadGEM3-GC31-MM,g01,LI,2015,4395.37,3050.44,35.48
HadGEM3-GC31-MM,g01,LI,2016,4523.04,3037.09,9.43
HadGEM3-GC31-MM,g01,LI,2017,4588.07,3155.67,19.66
HadGEM3-GC31-MM,g01,LI,2018,4210.66,3343.84,14.2
HadGEM3-GC31-MM,g01,LI,2019,4434.15,3105.18,26.12
HadGEM3-GC31-MM,g01,LI,2020,4347.15,2958.62,8.64
HadGEM3-GC31-MM,g01,LI,2021,4758.63,3208.46,9.04
HadGEM3-GC31-MM,g01,LI,2022,4207.34,3214.19,19.6
HadGEM3-GC31-MM,g01,LI,2023,4226.65,2943.92,27.85
HadGEM3-GC31-MM,g01,LI,2024,4184.95,2850.42,14.1
HadGEM3-GC31-MM,g01,LT,1990,4467.56,3214.19,2.47
HadGEM3-GC31-MM,g01,LT,1991,4806.06,3498.15,17.01
HadGEM3-GC31-MM,g01,LT,1992,4751.54,3377.13,36.71
HadGEM3-GC31-MM,g01,LT,1993,5100.33,3636.82,1.37
HadGEM3-GC31-MM,g01,LT,1994,4959.01,3846.14,55.94
HadGEM3-GC31-MM,g01,LT,1995,4906.21,3524.49,20.63
HadGEM3-GC31-MM,g01,LT,1996,5466.08,4249.8,12.11
HadGEM3-GC31-MM,g01,LT,1997,5013.77,3621.14,22.59
HadGEM3-GC31-MM,g01,LT,1998,4971.46,3560.52,11.33
HadGEM3-GC31-MM,g01,LT,1999,4664.63,3842.51,41.27
HadGEM3-GC31-MM,g01,LT,2000,4446.68,3462.82,5.62
HadGEM3-GC31-MM,g01,LT,2001,4826.88,3308.9,27.28
HadGEM3-GC31-MM,g01,LT,2002,4668.2,3443.16,54.1
HadGEM3-GC31-MM,g01,LT,2003,4925.92,4036.16,24.88
HadGEM3-GC31-MM,g01,LT,2004,4923.01,3680.81,7.54
HadGEM3-GC31-MM,g01,LT,2005,4888.9,3634.31,16.05
HadGEM3-GC31-MM,g01,LT,2006,4729.42,3906.18,42.98
HadGEM3-GC31-MM,g01,LT,2007,4555.16,3129.92,22.82
HadGEM3-GC31-MM,g01,LT,2008,4429.39,3325.13,9.38
HadGEM3-GC31-MM,g01,LT,2009,4804.91,3485.39,6.83
HadGEM3-GC31-MM,g01,LT,2010,5200.5,3957.18,61.19
HadGEM3-GC31-MM,g01,LT,2011,4648.89,3973.08,24.44
HadGEM3-GC31-MM,g01,LT,2012,4975.4,3629.76,23.76
HadGEM3-GC31-MM,g01,LT,2013,4783.6,3879.2,27.82
HadGEM3-GC31-MM,g01,LT,2014,4606.31,3260.3,45.51
HadGEM3-GC31-MM,g01,LT,2015,4426.56,3330.53,38.07
HadGEM3-GC31-MM,g01,LT,2016,4711.19,3437.54,25.09
HadGEM3-GC31-MM,g01,LT,2017,4681.07,3553.25,8.28
HadGEM3-GC31-MM,g01,LT,2018,4551.17,3615.49,54.73
HadGEM3-GC31-MM,g01,LT,2019,4308.13,3397.49,45.99
HadGEM3-GC31-MM,g01,LT,2020,4169.01,2953.02,33.62
HadGEM3-GC31-MM,g01,LT,2021,4872.51,3441.63,62.84
HadGEM3-GC31-MM,g01,LT,2022,4632.54,3379.18,53.44
HadGEM3-GC31-MM,g01,LT,2023,4336.26,3316.09,30.26
HadGEM3-GC31-MM,g01,LT,2024,4101.52,3332.84,42.52
HadGEM3-GC31-MM,g01,LU,1990,3758.46,2587.41,48.99
HadGEM3-GC31-MM,g01,LU,1991,4079.33,2840.62,39.46
HadGEM3-GC31-MM,g01,LU,1992,3834.32,2885.19,37.81
HadGEM3-GC31-MM,g01,LU,1993,3976.44,2873.54,18.58
HadGEM3-GC31-MM,g01,LU,1994,3612.06,2825.89,75.57
HadGEM3-GC31-MM,g01,LU,1995,3808.32,2606.62,70.7
HadGEM3-GC31-MM,g01,LU,1996,4378.9,3018.6,21.12
HadGEM3-GC31-MM,g01,LU,1997,3820.37,2913.66,37.88
HadGEM3-GC31-MM,g01,LU,1998,3910.18,2699.5,36.34
HadGEM3-GC31-MM,g01,LU,1999,3712.16,2884.36,28.57
HadGEM3-GC31-MM,g01,LU,2000,3555.75,2798.08,24.17
HadGEM3-GC31-MM,g01,LU,2001,3704.04,2538.51,55.81
HadGEM3-GC31-MM,g01,LU,2002,3463.82,2592.55,40.13
HadGEM3-GC31-MM,g01,LU,2003,3654.7,2675.01,188.41
HadGEM3-GC31-MM,g01,LU,2004,3771.43,2825.14,63.39
HadGEM3-GC31-MM,g01,LU,2005,3706.04,2822.62,63.29
HadGEM3-GC31-MM,g01,LU,2006,3594.23,2850.34,87.89
HadGEM3-GC31-MM,g01,LU,2007,3450.76,2328.92,27.22
HadGEM3-GC31-MM,g01,LU,2008,3684.74,2692.43,36.05
HadGEM3-GC31-MM,g01,LU,2009,3658.98,2916.72,48.68
HadGEM3-GC31-MM,g01,LU,2010,4116.78,2844.36,65.36
HadGEM3-GC31-MM,g01,LU,2011,3424.3,2828.9,29.64
HadGEM3-GC31-MM,g01,LU,2012,3877.13,2665.7,28.89
HadGEM3-GC31-MM,g01,LU,2013,4083.12,2978.33,52.98
HadGEM3-GC31-MM,g01,LU,2014,3452.37,2544.83,32.35
HadGEM3-GC31-MM,g01,LU,2015,3681.99,2683.7,94.82
HadGEM3-GC31-MM,g01,LU,2016,3883.75,2599.3,40.95
HadGEM3-GC31-MM,g01,LU,2017,3803.21,2855.26,50.1
HadGEM3-GC31-MM,g01,LU,2018,3630.89,2821.94,90.25
HadGEM3-GC31-MM,g01,LU,2019,3735.17,2667.2,86.49
HadGEM3-GC31-MM,g01,LU,2020,3519.42,2587.22,68.95
HadGEM3-GC31-MM,g01,LU,2021,3932.2,2684.93,24.74
HadGEM3-GC31-MM,g01,LU,2022,3574.13,2703.49,85.15
HadGEM3-GC31-MM,g01,LU,2023,3547.62,2557.53,42.33
HadGEM3-GC31-MM,g01,LU,2024,3470.33,2486.54,46.14
HadGEM3-GC31-MM,g01,LV,1990,4542.85,3251,2.45
HadGEM3-GC31-MM,g01,LV,1991,4831.5,3482.81,10.86
HadGEM3-GC31-MM,g01,LV,1992,4805.06,3296.61,21.53
HadGEM3-GC31-MM,g01,LV,1993,5200.25,3624.52,0.82
HadGEM3-GC31-MM,g01,LV,1994,5144.57,3988.43,36.5
HadGEM3-GC31-MM,g01,LV,1995,4944.35,3519.34,11.4
HadGEM3-GC31-MM,g01,LV,1996,5528.72,4225.35,6.43
HadGEM3-GC31-MM,g01,LV,1997,5059.97,3575.42,27.51
HadGEM3-GC31-MM,g01,LV,1998,5079.36,3621.04,7.28
HadGEM3-GC31-MM,g01,LV,1999,4741.43,3888.68,30.19
HadGEM3-GC31-MM,g01,LV,2000,4534.49,3456.71,3.54
HadGEM3-GC31-MM,g01,LV,2001,4925.18,3345.81,23
HadGEM3-GC31-MM,g01,LV,2002,4867.71,3505.83,37.58
HadGEM3-GC31-MM,g01,LV,2003,5032.8,4110.75,30.06
HadGEM3-GC31-MM,g01,LV,2004,5026.53,3685.59,7.04
HadGEM3-GC31-MM,g01,LV,2005,5037.78,3728.99,12.46
HadGEM3-GC31-MM,g01,LV,2006,4799.68,3926.97,34.63
HadGEM3-GC31-MM,g01,LV,2007,4750.16,3212.27,15.61
HadGEM3-GC31-MM,g01,LV,2008,4514.02,3332,5.28
HadGEM3-GC31-MM,g01,LV,2009,4889.7,3479.62,6.72
HadGEM3-GC31-MM,g01,LV,2010,5265.67,4013.65,59.4
HadGEM3-GC31-MM,g01,LV,2011,4613.96,3967.13,30.01
HadGEM3-GC31-MM,g01,LV,2012,5002.99,3559.31,14.74
HadGEM3-GC31-MM,g01,LV,2013,4786.05,3881.51,21.58
HadGEM3-GC31-MM,g01,LV,2014,4664.85,3270.59,37.89
HadGEM3-GC31-MM,g01,LV,2015,4453.42,3328.29,17.36
HadGEM3-GC31-MM,g01,LV,2016,4734.57,3430.16,17.61
HadGEM3-GC31-MM,g01,LV,2017,4759.76,3540.77,3.96
HadGEM3-GC31-MM,g01,LV,2018,4578.69,3620.59,46.76
HadGEM3-GC31-MM,g01,LV,2019,4354.21,3376.8,25.11
HadGEM3-GC31-MM,g01,LV,2020,4145.58,2950.01,21.26
HadGEM3-GC31-MM,g01,LV,2021,4836.3,3386.64,55.91
HadGEM3-GC31-MM,g01,LV,2022,4663.88,3398,46.18
HadGEM3-GC31-MM,g01,LV,2023,4430.3,3376.12,20.22
HadGEM3-GC31-MM,g01,LV,2024,4179.18,3461.04,23.58
HadGEM3-GC31-MM,g01,MT,1990,1191.12,969.67,300.94
HadGEM3-GC31-MM,g01,MT,1991,1432.79,1102.55,296.78
HadGEM3-GC31-MM,g01,MT,1992,1345.29,1340.54,235.89
HadGEM3-GC31-MM,g01,MT,1993,1382.06,1181.85,315.4
HadGEM3-GC31-MM,g01,MT,1994,1159.54,1029.44,366.38
HadGEM3-GC31-MM,g01,MT,1995,1331.53,1082.47,311.75
HadGEM3-GC31-MM,g01,MT,1996,1329.91,1147.99,314.3
HadGEM3-GC31-MM,g01,MT,1997,1274.52,1100.09,366.04
HadGEM3-GC31-MM,g01,MT,1998,1346.99,1118.52,451.2
HadGEM3-GC31-MM,g01,MT,1999,1159.91,1234.14,355.31
HadGEM3-GC31-MM,g01,MT,2000,1116.12,1024.55,342.14
HadGEM3-GC31-MM,g01,MT,2001,1123.16,815.33,268.01
HadGEM3-GC31-MM,g01,MT,2002,1081.05,1009.23,299.68
HadGEM3-GC31-MM,g01,MT,2003,1193.66,1082.11,422.92
HadGEM3-GC31-MM,g01,MT,2004,1250.88,1008.57,246.16
HadGEM3-GC31-MM,g01,MT,2005,1418.49,1115.56,209.01
HadGEM3-GC31-MM,g01,MT,2006,1180.13,1134.77,260.95
HadGEM3-GC31-MM,g01,MT,2007,1180.24,832.92,260.83
HadGEM3-GC31-MM,g01,MT,2008,1160.66,1085.67,195.49
HadGEM3-GC31-MM,g01,MT,2009,1244.79,1030.39,275.23
HadGEM3-GC31-MM,g01,MT,2010,1113.37,970.87,225.03
HadGEM3-GC31-MM,g01,MT,2011,1282.3,1064.14,200.17
HadGEM3-GC31-MM,g01,MT,2012,1268.62,1147.2,319.56
HadGEM3-GC31-MM,g01,MT,2013,1123.21,986.97,247.72
HadGEM3-GC31-MM,g01,MT,2014,,897.41,221.64
HadGEM3-GC31-MM,g01,MT,2015,1125.87,,316.99
HadGEM3-GC31-MM,g01,MT,2016,,,218.98
HadGEM3-GC31-MM,g01,MT,2017,1232.14,1034.4,332.91
HadGEM3-GC31-MM,g01,MT,2018,1083.76,1020.51,204.95
HadGEM3-GC31-MM,g01,MT,2019,1353.94,1118.99,302.95
HadGEM3-GC31-MM,g01,MT,2020,1154.49,1016.36,240.17
HadGEM3-GC31-MM,g01,MT,2021,1201.19,966.79,379.67
HadGEM3-GC31-MM,g01,MT,2022,1257.74,1132.58,266.03
HadGEM3-GC31-MM,g01,MT,2023,1267.86,981.96,194.18
HadGEM3-GC31-MM,g01,MT,2024,1324.93,1006.44,271.66
HadGEM3-GC31-MM,g01,NL,1990,3459.82,2321.12,24.35
HadGEM3-GC31-MM,g01,NL,1991,3922.34,2641.86,20.7
HadGEM3-GC31-MM,g01,NL,1992,3580.3,2638.13,17.55
HadGEM3-GC31-MM,g01,NL,1993,3824.61,2660.57,6.02
HadGEM3-GC31-MM,g01,NL,1994,3531.01,2720.18,43.94
HadGEM3-GC31-MM,g01,NL,1995,3634.29,2429.3,50.25
HadGEM3-GC31-MM,g01,NL,1996,4272.46,2998.06,18.14
HadGEM3-GC31-MM,g01,NL,1997,3672.86,2752.94,30.41
HadGEM3-GC31-MM,g01,NL,1998,3577.97,2458.77,11.05
HadGEM3-GC31-MM,g01,NL,1999,3418.99,2627.52,21.86
HadGEM3-GC31-MM,g01,NL,2000,3413.5,2489.56,13.26
HadGEM3-GC31-MM,g01,NL,2001,3591.7,2549.46,24.63
HadGEM3-GC31-MM,g01,NL,2002,3442.81,2348.71,21.08
HadGEM3-GC31-MM,g01,NL,2003,3632.77,2681.33,42.78
HadGEM3-GC31-MM,g01,NL,2004,3601.87,2643.99,19.2
HadGEM3-GC31-MM,g01,NL,2005,3506.51,2592.62,20.34
HadGEM3-GC31-MM,g01,NL,2006,3402.52,2671.06,56.72
HadGEM3-GC31-MM,g01,NL,2007,3284.81,2119.53,8.05
HadGEM3-GC31-MM,g01,NL,2008,3540.72,2513.14,13.71
HadGEM3-GC31-MM,g01,NL,2009,3558.62,2763.35,19.47
HadGEM3-GC31-MM,g01,NL,2010,4090.78,2760.17,31.18
HadGEM3-GC31-MM,g01,NL,2011,3388.16,2781.32,9.12
HadGEM3-GC31-MM,g01,NL,2012,3648.59,2498.98,18.43
HadGEM3-GC31-MM,g01,NL,2013,3830.67,2805.8,26.67
HadGEM3-GC31-MM,g01,NL,2014,3123.56,2278.31,18.51
HadGEM3-GC31-MM,g01,NL,2015,3430.07,2437.7,27.66
HadGEM3-GC31-MM,g01,NL,2016,3504.89,2336.13,18.59
HadGEM3-GC31-MM,g01,NL,2017,3397.16,2584.43,17.45
HadGEM3-GC31-MM,g01,NL,2018,3344.47,2551.8,56.39
HadGEM3-GC31-MM,g01,NL,2019,3347.79,2370.22,55.07
HadGEM3-GC31-MM,g01,NL,2020,3190.55,2338.13,49.76
HadGEM3-GC31-MM,g01,NL,2021,3558.09,2453.35,11
HadGEM3-GC31-MM,g01,NL,2022,3200.79,2335.62,48.23
HadGEM3-GC31-MM,g01,NL,2023,3129.87,2305.61,30.87
HadGEM3-GC31-MM,g01,NL,2024,3110.18,2195.87,24.1
HadGEM3-GC31-MM,g01,NO,1990,5126.86,3371.92,0.66
HadGEM3-GC31-MM,g01,NO,1991,5484.61,3693.15,4.42
HadGEM3-GC31-MM,g01,NO,1992,5384.61,3442.35,2.24
HadGEM3-GC31-MM,g01,NO,1993,5716.7,3675.39,0
HadGEM3-GC31-MM,g01,NO,1994,5679.92,4085.87,8.27
HadGEM3-GC31-MM,g01,NO,1995,5654.25,3613.13,2.2
HadGEM3-GC31-MM,g01,NO,1996,5953.26,4042.37,0.39
HadGEM3-GC31-MM,g01,NO,1997,5370.28,3753.55,5.78
HadGEM3-GC31-MM,g01,NO,1998,5564.22,3636.08,0
HadGEM3-GC31-MM,g01,NO,1999,5388.1,3777.2,1.33
HadGEM3-GC31-MM,g01,NO,2000,5177.96,3555.24,0.01
HadGEM3-GC31-MM,g01,NO,2001,5658.44,3635.26,1.64
HadGEM3-GC31-MM,g01,NO,2002,5374.71,3565.16,2.71
HadGEM3-GC31-MM,g01,NO,2003,5351.19,3996.34,4.24
HadGEM3-GC31-MM,g01,NO,2004,5357.53,3706.46,4.22
HadGEM3-GC31-MM,g01,NO,2005,5262.78,3560.56,4.11
HadGEM3-GC31-MM,g01,NO,2006,5122.06,3714.55,5.01
HadGEM3-GC31-MM,g01,NO,2007,5288.56,3333.85,4.41
HadGEM3-GC31-MM,g01,NO,2008,5232.03,3513.39,10.89
HadGEM3-GC31-MM,g01,NO,2009,5454.27,3711.43,8.61
HadGEM3-GC31-MM,g01,NO,2010,6214.53,4127.78,0.02
HadGEM3-GC31-MM,g01,NO,2011,5220.25,4189.79,0.47
HadGEM3-GC31-MM,g01,NO,2012,5643.96,3431.07,0.01
HadGEM3-GC31-MM,g01,NO,2013,5546.14,4058.22,1.06
HadGEM3-GC31-MM,g01,NO,2014,4987.93,3386.91,10.78
HadGEM3-GC31-MM,g01,NO,2015,5200.4,3401.68,0.66
HadGEM3-GC31-MM,g01,NO,2016,5375.31,3588.39,1.62
HadGEM3-GC31-MM,g01,NO,2017,5419.84,3572.7,0.16
HadGEM3-GC31-MM,g01,NO,2018,5450.87,3918.64,20.03
HadGEM3-GC31-MM,g01,NO,2019,5402.19,3586.78,6.18
HadGEM3-GC31-MM,g01,NO,2020,4984.32,3480.71,7.46
HadGEM3-GC31-MM,g01,NO,2021,5480.15,3591.07,4.65
HadGEM3-GC31-MM,g01,NO,2022,5247.45,3529.2,2.64
HadGEM3-GC31-MM,g01,NO,2023,5506.77,3611.43,4.59
HadGEM3-GC31-MM,g01,NO,2024,5192.29,3956.71,1.11
HadGEM3-GC31-MM,g01,PL,1990,4015.32,2837.68,26.2
HadGEM3-GC31-MM,g01,PL,1991,4483.11,3200.62,28.42
HadGEM3-GC31-MM,g01,PL,1992,4271.73,3217.05,84.86
HadGEM3-GC31-MM,g01,PL,1993,4494.59,3346.79,21.68
HadGEM3-GC31-MM,g01,PL,1994,4166.32,3229.41,90.64
HadGEM3-GC31-MM,g01,PL,1995,4421.78,3130.46,53.4
HadGEM3-GC31-MM,g01,PL,1996,4979.72,3854.45,23.98
HadGEM3-GC31-MM,g01,PL,1997,4515.5,3352.29,22.03
HadGEM3-GC31-MM,g01,PL,1998,4351.49,3160.73,30.13
HadGEM3-GC31-MM,g01,PL,1999,4147.97,3374.99,35.17
HadGEM3-GC31-MM,g01,PL,2000,3938.54,3186.87,35.81
HadGEM3-GC31-MM,g01,PL,2001,4366.73,2978.18,36.25
HadGEM3-GC31-MM,g01,PL,2002,4128.86,3097.28,56.84
HadGEM3-GC31-MM,g01,PL,2003,4413.94,3595.31,53.12
HadGEM3-GC31-MM,g01,PL,2004,4343.44,3342.8,25.85
HadGEM3-GC31-MM,g01,PL,2005,4400.01,3235.91,32.7
HadGEM3-GC31-MM,g01,PL,2006,4293.09,3610.16,81.2
HadGEM3-GC31-MM,g01,PL,2007,4020.24,2721.77,50
HadGEM3-GC31-MM,g01,PL,2008,3997.54,3123.77,39.45
HadGEM3-GC31-MM,g01,PL,2009,4270.39,3191.92,32.06
HadGEM3-GC31-MM,g01,PL,2010,4687.63,3473.02,71.59
HadGEM3-GC31-MM,g01,PL,2011,4156.76,3480.96,30.44
HadGEM3-GC31-MM,g01,PL,2012,4349.88,3292.67,57.9
HadGEM3-GC31-MM,g01,PL,2013,4319.37,3464.78,56.59
HadGEM3-GC31-MM,g01,PL,2014,3896.08,2889.95,52.68
HadGEM3-GC31-MM,g01,PL,2015,3895.31,2935.63,96.45
HadGEM3-GC31-MM,g01,PL,2016,4083.66,2988.82,44.14
HadGEM3-GC31-MM,g01,PL,2017,4107,3226.57,43.45
HadGEM3-GC31-MM,g01,PL,2018,3894.42,3175.59,75.36
HadGEM3-GC31-MM,g01,PL,2019,3733.39,2935.75,89.3
HadGEM3-GC31-MM,g01,PL,2020,3803.05,2735.22,47.2
HadGEM3-GC31-MM,g01,PL,2021,4265.04,3078.5,58.24
HadGEM3-GC31-MM,g01,PL,2022,3964.72,3010.42,78.61
HadGEM3-GC31-MM,g01,PL,2023,3747.03,2879.18,60.49
HadGEM3-GC31-MM,g01,PL,2024,3508.88,2759.83,75.88
HadGEM3-GC31-MM,g01,PT,1990,1822.57,1181.6,135.02
HadGEM3-GC31-MM,g01,PT,1991,2029.85,1566.51,139.57
HadGEM3-GC31-MM,g01,PT,1992,1985.04,1526.77,95.94
HadGEM3-GC31-MM,g01,PT,1993,2086.96,1442.7,103.89
HadGEM3-GC31-MM,g01,PT,1994,1871.56,1493.31,74.01
HadGEM3-GC31-MM,g01,PT,1995,1593.09,1258.52,118.76
HadGEM3-GC31-MM,g01,PT,1996,1903.01,1290.43,101.52
HadGEM3-GC31-MM,g01,PT,1997,1517.91,1259.76,69.87
HadGEM3-GC31-MM,g01,PT,1998,1755.26,1126.55,123.25
HadGEM3-GC31-MM,g01,PT,1999,1911.27,1467.1,89.5
HadGEM3-GC31-MM,g01,PT,2000,1918.09,1439.88,103.97
HadGEM3-GC31-MM,g01,PT,2001,1878.07,1340.15,82.63
HadGEM3-GC31-MM,g01,PT,2002,1781.19,1405.65,78.98
HadGEM3-GC31-MM,g01,PT,2003,1826.09,1323.58,144.13
HadGEM3-GC31-MM,g01,PT,2004,1919.36,1434.76,115.26
HadGEM3-GC31-MM,g01,PT,2005,1934.03,1561.72,155.39
HadGEM3-GC31-MM,g01,PT,2006,1767.2,1517.14,155.35
HadGEM3-GC31-MM,g01,PT,2007,1910.64,1310.92,75.24
HadGEM3-GC31-MM,g01,PT,2008,1889.64,1327.92,79.22
HadGEM3-GC31-MM,g01,PT,2009,1804.33,1501.64,106.82
HadGEM3-GC31-MM,g01,PT,2010,1856.05,1381.35,175.13
HadGEM3-GC31-MM,g01,PT,2011,1607.3,1418.42,119.62
HadGEM3-GC31-MM,g01,PT,2012,1835.72,1352.33,125.08
HadGEM3-GC31-MM,g01,PT,2013,1982.67,1465.81,171.49
HadGEM3-GC31-MM,g01,PT,2014,1743.98,1404.6,90.05
HadGEM3-GC31-MM,g01,PT,2015,1737.64,1438.35,145.39
HadGEM3-GC31-MM,g01,PT,2016,1852.97,1282.84,196.47
HadGEM3-GC31-MM,g01,PT,2017,1717.08,1369.53,170.96
HadGEM3-GC31-MM,g01,PT,2018,1897.73,1437.3,135.14
HadGEM3-GC31-MM,g01,PT,2019,1765.47,1337.43,92.72
HadGEM3-GC31-MM,g01,PT,2020,1644.68,1244.19,176.53
HadGEM3-GC31-MM,g01,PT,2021,1883.45,1374.53,109.79
HadGEM3-GC31-MM,g01,PT,2022,1669.31,1361.36,190.25
HadGEM3-GC31-MM,g01,PT,2023,1721.68,1249.04,186.33
HadGEM3-GC31-MM,g01,PT,2024,1670.82,1243.58,151.19
HadGEM3-GC31-MM,g01,RO,1990,3671.41,2911.84,108.07
HadGEM3-GC31-MM,g01,RO,1991,4117.47,3050.13,76.21
HadGEM3-GC31-MM,g01,RO,1992,3966.2,3241.97,137.69
HadGEM3-GC31-MM,g01,RO,1993,4147.23,3272.03,112.24
HadGEM3-GC31-MM,g01,RO,1994,3571.29,2952.08,131.73
HadGEM3-GC31-MM,g01,RO,1995,3985.51,3018.74,103.47
HadGEM3-GC31-MM,g01,RO,1996,4224.22,3617.52,107.74
HadGEM3-GC31-MM,g01,RO,1997,4154.08,3101.87,61.47
HadGEM3-GC31-MM,g01,RO,1998,3988.73,3090.52,139.29
HadGEM3-GC31-MM,g01,RO,1999,3748.29,3248.78,128.01
HadGEM3-GC31-MM,g01,RO,2000,3697.25,3187.96,181.3
HadGEM3-GC31-MM,g01,RO,2001,3827.79,2733.68,134.14
HadGEM3-GC31-MM,g01,RO,2002,3699.61,3047.45,125.31
HadGEM3-GC31-MM,g01,RO,2003,4086.44,3404.88,158.08
HadGEM3-GC31-MM,g01,RO,2004,3865.08,3190.64,85.66
HadGEM3-GC31-MM,g01,RO,2005,3993.33,3092.8,76.53
HadGEM3-GC31-MM,g01,RO,2006,3923.49,3290.97,115.9
HadGEM3-GC31-MM,g01,RO,2007,3537.76,2653.41,211.18
HadGEM3-GC31-MM,g01,RO,2008,3626.55,3085.4,149.19
HadGEM3-GC31-MM,g01,RO,2009,3612.19,2935.69,136.62
HadGEM3-GC31-MM,g01,RO,2010,3811.58,3046.55,149.73
HadGEM3-GC31-MM,g01,RO,2011,3949.31,3158.92,132
HadGEM3-GC31-MM,g01,RO,2012,3824.84,3353.3,248.86
HadGEM3-GC31-MM,g01,RO,2013,3637.29,3020.8,143.39
HadGEM3-GC31-MM,g01,RO,2014,3547.48,2775.22,107.56
HadGEM3-GC31-MM,g01,RO,2015,3524.43,2934.39,190
HadGEM3-GC31-MM,g01,RO,2016,3661.53,2785.09,151.65
HadGEM3-GC31-MM,g01,RO,2017,3681.12,3167.51,175.53
HadGEM3-GC31-MM,g01,RO,2018,3527.04,2949.01,132.52
HadGEM3-GC31-MM,g01,RO,2019,3328.38,2870.34,166.21
HadGEM3-GC31-MM,g01,RO,2020,3387.47,2595.97,147.08
HadGEM3-GC31-MM,g01,RO,2021,3725.61,2797.43,167.07
HadGEM3-GC31-MM,g01,RO,2022,3456.37,2906.61,195.32
HadGEM3-GC31-MM,g01,RO,2023,3191.13,2576.26,189.06
HadGEM3-GC31-MM,g01,RO,2024,3143.77,2461.7,276.37
HadGEM3-GC31-MM,g01,RS,1990,3335.42,2692.46,122.35
HadGEM3-GC31-MM,g01,RS,1991,3796.99,2795.8,91.85
HadGEM3-GC31-MM,g01,RS,1992,3459.88,2946.01,172.55
HadGEM3-GC31-MM,g01,RS,1993,3693.29,3013.14,170.81
HadGEM3-GC31-MM,g01,RS,1994,3232.79,2632.12,167.85
HadGEM3-GC31-MM,g01,RS,1995,3600.29,2771.29,112.23
HadGEM3-GC31-MM,g01,RS,1996,3786.99,3228.27,119.81
HadGEM3-GC31-MM,g01,RS,1997,3703.13,2776.44,81.56
HadGEM3-GC31-MM,g01,RS,1998,3535.79,2762.01,172.73
HadGEM3-GC31-MM,g01,RS,1999,3398.98,2947.87,106.04
HadGEM3-GC31-MM,g01,RS,2000,3141.21,2896.48,242.32
HadGEM3-GC31-MM,g01,RS,2001,3362.02,2301.07,144.84
HadGEM3-GC31-MM,g01,RS,2002,3142,2742.64,141.73
HadGEM3-GC31-MM,g01,RS,2003,3558.14,2949.25,231.32
HadGEM3-GC31-MM,g01,RS,2004,3461.84,2874.91,123.85
HadGEM3-GC31-MM,g01,RS,2005,3667.95,2863.68,92.04
HadGEM3-GC31-MM,g01,RS,2006,3444.91,2923.76,142.52
HadGEM3-GC31-MM,g01,RS,2007,3162.5,2341.95,240.47
HadGEM3-GC31-MM,g01,RS,2008,3172.12,2788.65,180.51
HadGEM3-GC31-MM,g01,RS,2009,3220.61,2677.39,153.06
HadGEM3-GC31-MM,g01,RS,2010,3343.52,2673.72,153.4
HadGEM3-GC31-MM,g01,RS,2011,3498.13,2822.19,171.73
HadGEM3-GC31-MM,g01,RS,2012,3379.92,3018.17,267.04
HadGEM3-GC31-MM,g01,RS,2013,3190.63,2643.59,195.35
HadGEM3-GC31-MM,g01,RS,2014,2980.13,2359.71,106.74
HadGEM3-GC31-MM,g01,RS,2015,3144.17,2554.51,241.77
HadGEM3-GC31-MM,g01,RS,2016,3282.46,2523.16,136.75
HadGEM3-GC31-MM,g01,RS,2017,3290.93,2880.93,254.3
HadGEM3-GC31-MM,g01,RS,2018,2971.01,2640.34,145.55
HadGEM3-GC31-MM,g01,RS,2019,2906.59,2523.71,206.65
HadGEM3-GC31-MM,g01,RS,2020,3046.84,2330.07,138.17
HadGEM3-GC31-MM,g01,RS,2021,3319.43,2518.83,235.9
HadGEM3-GC31-MM,g01,RS,2022,2944.47,2630.76,238.85
HadGEM3-GC31-MM,g01,RS,2023,2732.91,2214.66,182.77
HadGEM3-GC31-MM,g01,RS,2024,2673.36,2068.81,333.07
HadGEM3-GC31-MM,g01,SE,1990,4607.98,3200.76,2.67
HadGEM3-GC31-MM,g01,SE,1991,5000.47,3486.26,9.46
HadGEM3-GC31-MM,g01,SE,1992,4843.33,3275.11,7.86
HadGEM3-GC31-MM,g01,SE,1993,5170.18,3515.36,0.29
HadGEM3-GC31-MM,g01,SE,1994,5069.79,3780.5,31.32
HadGEM3-GC31-MM,g01,SE,1995,5147.85,3401.61,13.01
HadGEM3-GC31-MM,g01,SE,1996,5509.18,3975.21,3.8
HadGEM3-GC31-MM,g01,SE,1997,5004.6,3549.91,17.27
HadGEM3-GC31-MM,g01,SE,1998,5165.49,3504.21,0.3
HadGEM3-GC31-MM,g01,SE,1999,4881.08,3680.75,13.92
HadGEM3-GC31-MM,g01,SE,2000,4637.97,3400.77,1.52
HadGEM3-GC31-MM,g01,SE,2001,5069.06,3351.3,12.12
HadGEM3-GC31-MM,g01,SE,2002,4883.2,3357,14.37
HadGEM3-GC31-MM,g01,SE,2003,4978.85,3883.56,11.52
HadGEM3-GC31-MM,g01,SE,2004,5009.72,3600.36,6.71
HadGEM3-GC31-MM,g01,SE,2005,4890.57,3530.07,9.75
HadGEM3-GC31-MM,g01,SE,2006,4749.54,3695.56,23.42
HadGEM3-GC31-MM,g01,SE,2007,4727.83,3103.43,7.86
HadGEM3-GC31-MM,g01,SE,2008,4674.6,3278.52,14.99
HadGEM3-GC31-MM,g01,SE,2009,4962.88,3514.24,9.02
HadGEM3-GC31-MM,g01,SE,2010,5645.88,3926.31,14.21
HadGEM3-GC31-MM,g01,SE,2011,4691.15,3999.28,5.43
HadGEM3-GC31-MM,g01,SE,2012,5095.11,3309.15,1.49
HadGEM3-GC31-MM,g01,SE,2013,4941.38,3818.91,5.06
HadGEM3-GC31-MM,g01,SE,2014,4510.06,3154.29,22.42
HadGEM3-GC31-MM,g01,SE,2015,4598.53,3171.05,4.74
HadGEM3-GC31-MM,g01,SE,2016,4794.17,3352.77,6.71
HadGEM3-GC31-MM,g01,SE,2017,4795.39,3373.95,0.15
HadGEM3-GC31-MM,g01,SE,2018,4682.71,3570.11,44.96
HadGEM3-GC31-MM,g01,SE,2019,4641.17,3308.74,15.2
HadGEM3-GC31-MM,g01,SE,2020,4287.45,3111.82,18.04
HadGEM3-GC31-MM,g01,SE,2021,4867.08,3250.75,16.25
HadGEM3-GC31-MM,g01,SE,2022,4602.86,3312.52,19.52
HadGEM3-GC31-MM,g01,SE,2023,4783.23,3303.46,6.77
HadGEM3-GC31-MM,g01,SE,2024,4576.47,3593.79,4.91
HadGEM3-GC31-MM,g01,SI,1990,3822.61,2794.9,42.18
HadGEM3-GC31-MM,g01,SI,1991,4173.19,3030.23,48.76
HadGEM3-GC31-MM,g01,SI,1992,3774.81,3067.34,87.6
HadGEM3-GC31-MM,g01,SI,1993,3934.58,3010.68,67.68
HadGEM3-GC31-MM,g01,SI,1994,3538.34,2793.7,82.32
HadGEM3-GC31-MM,g01,SI,1995,3934.15,2892.99,41.53
HadGEM3-GC31-MM,g01,SI,1996,4255.79,3223.86,31.61
HadGEM3-GC31-MM,g01,SI,1997,3927.06,2941.04,22.87
HadGEM3-GC31-MM,g01,SI,1998,3853.57,2847.83,75.82
HadGEM3-GC31-MM,g01,SI,1999,3789.31,3093.58,37.36
HadGEM3-GC31-MM,g01,SI,2000,3488.38,3023.68,84.52
HadGEM3-GC31-MM,g01,SI,2001,3745.65,2511.23,75.48
HadGEM3-GC31-MM,g01,SI,2002,3518.24,2865.71,57.38
HadGEM3-GC31-MM,g01,SI,2003,3840.06,2947.65,160.36
HadGEM3-GC31-MM,g01,SI,2004,3973.3,3052.7,49.34
HadGEM3-GC31-MM,g01,SI,2005,4059.08,3023.65,45.27
HadGEM3-GC31-MM,g01,SI,2006,3793.44,3190.67,90.01
HadGEM3-GC31-MM,g01,SI,2007,3546.56,2444.73,85.33
HadGEM3-GC31-MM,g01,SI,2008,3626.65,2924.1,65.06
HadGEM3-GC31-MM,g01,SI,2009,3663.66,2922.17,69.37
HadGEM3-GC31-MM,g01,SI,2010,3987.39,2995.82,81.7
HadGEM3-GC31-MM,g01,SI,2011,3690.17,2979.47,77.95
HadGEM3-GC31-MM,g01,SI,2012,3668.23,2992.53,127.44
HadGEM3-GC31-MM,g01,SI,2013,3756.14,2960.61,124.01
HadGEM3-GC31-MM,g01,SI,2014,3279.36,2523.76,46.21
HadGEM3-GC31-MM,g01,SI,2015,3529.61,2634.32,125.38
HadGEM3-GC31-MM,g01,SI,2016,3627.99,2728.58,69.79
HadGEM3-GC31-MM,g01,SI,2017,3674.05,2920.14,127.94
HadGEM3-GC31-MM,g01,SI,2018,3458.56,2939.89,85.28
HadGEM3-GC31-MM,g01,SI,2019,3420.02,2669.05,111.99
HadGEM3-GC31-MM,g01,SI,2020,3536.14,2567.68,67.21
HadGEM3-GC31-MM,g01,SI,2021,3812.29,2812.18,109.17
HadGEM3-GC31-MM,g01,SI,2022,3414.09,2892.45,131.22
HadGEM3-GC31-MM,g01,SI,2023,3296.55,2556.7,91.63
HadGEM3-GC31-MM,g01,SI,2024,3102.65,2343.38,149.55
HadGEM3-GC31-MM,g01,SK,1990,4201.4,3061.91,56.05
HadGEM3-GC31-MM,g01,SK,1991,4537.64,3263.54,52.26
HadGEM3-GC31-MM,g01,SK,1992,4257.51,3328.79,112.18
HadGEM3-GC31-MM,g01,SK,1993,4426.62,3431.9,58.95
HadGEM3-GC31-MM,g01,SK,1994,4019.51,3057.97,106.42
HadGEM3-GC31-MM,g01,SK,1995,4343.86,3174.76,62.44
HadGEM3-GC31-MM,g01,SK,1996,4672.4,3615.47,38.47
HadGEM3-GC31-MM,g01,SK,1997,4474.6,3311.41,36.03
HadGEM3-GC31-MM,g01,SK,1998,4262.33,3127.68,76.01
HadGEM3-GC31-MM,g01,SK,1999,4165.13,3373.17,38.82
HadGEM3-GC31-MM,g01,SK,2000,3956.1,3334.21,83.39
HadGEM3-GC31-MM,g01,SK,2001,4279.9,2859.94,62.38
HadGEM3-GC31-MM,g01,SK,2002,4062.06,3220.73,75.45
HadGEM3-GC31-MM,g01,SK,2003,4339.36,3437.13,104.84
HadGEM3-GC31-MM,g01,SK,2004,4349.27,3361.44,41.27
HadGEM3-GC31-MM,g01,SK,2005,4444.33,3330.06,43.04
HadGEM3-GC31-MM,g01,SK,2006,4259.99,3532.68,84.13
HadGEM3-GC31-MM,g01,SK,2007,3953.23,2717.48,101.77
HadGEM3-GC31-MM,g01,SK,2008,3917.1,3201.14,58.15
HadGEM3-GC31-MM,g01,SK,2009,4068.4,3115.16,67.24
HadGEM3-GC31-MM,g01,SK,2010,4362.96,3249.36,76.36
HadGEM3-GC31-MM,g01,SK,2011,4134.26,3309.34,60.12
HadGEM3-GC31-MM,g01,SK,2012,4137.28,3324.55,114.97
HadGEM3-GC31-MM,g01,SK,2013,4126.09,3263.23,107.88
HadGEM3-GC31-MM,g01,SK,2014,3611.37,2746.8,55.57
HadGEM3-GC31-MM,g01,SK,2015,3877.47,2894.44,146.15
HadGEM3-GC31-MM,g01,SK,2016,4036.81,2956.64,66.91
HadGEM3-GC31-MM,g01,SK,2017,4111.52,3295.9,111.4
HadGEM3-GC31-MM,g01,SK,2018,3748.61,3170.14,99.01
HadGEM3-GC31-MM,g01,SK,2019,3718.65,2937.14,111.35
HadGEM3-GC31-MM,g01,SK,2020,3867.24,2808.09,67.36
HadGEM3-GC31-MM,g01,SK,2021,4178.25,3028.07,93.96
HadGEM3-GC31-MM,g01,SK,2022,3821.11,3046.96,116.96
HadGEM3-GC31-MM,g01,SK,2023,3644.53,2791.69,81.84
HadGEM3-GC31-MM,g01,SK,2024,3418.09,2623.3,132.5
HadGEM3-GC31-MM,g01,UK,1990,4184.1,2613.09,0.02
HadGEM3-GC31-MM,g01,UK,1991,4322,2784.95,0
HadGEM3-GC31-MM,g01,UK,1992,4374.85,2662.14,0
HadGEM3-GC31-MM,g01,UK,1993,4427.51,2735.43,0
HadGEM3-GC31-MM,g01,UK,1994,4323.77,2850.1,0
HadGEM3-GC31-MM,g01,UK,1995,4127.85,2615.02,2.37
HadGEM3-GC31-MM,g01,UK,1996,4440.99,2724.02,0
HadGEM3-GC31-MM,g01,UK,1997,4014.25,2673.62,0
HadGEM3-GC31-MM,g01,UK,1998,4122.43,2458.72,0
HadGEM3-GC31-MM,g01,UK,1999,4121.44,2632.66,0.05
HadGEM3-GC31-MM,g01,UK,2000,4239.68,2620.76,0
HadGEM3-GC31-MM,g01,UK,2001,4280.2,2856.96,0
HadGEM3-GC31-MM,g01,UK,2002,4168.42,2515.92,0
HadGEM3-GC31-MM,g01,UK,2003,4123.53,2693.26,0.22
HadGEM3-GC31-MM,g01,UK,2004,4117.88,2712.73,0
HadGEM3-GC31-MM,g01,UK,2005,4049.68,2572.98,0.4
HadGEM3-GC31-MM,g01,UK,2006,4017.14,2673.11,1.97
HadGEM3-GC31-MM,g01,UK,2007,3984.84,2550.57,0
HadGEM3-GC31-MM,g01,UK,2008,4286.49,2550.4,0
HadGEM3-GC31-MM,g01,UK,2009,4244.24,2784.57,0
HadGEM3-GC31-MM,g01,UK,2010,4615.17,2904.67,0
HadGEM3-GC31-MM,g01,UK,2011,4086.46,2934.49,0
HadGEM3-GC31-MM,g01,UK,2012,4237.94,2385.22,0
HadGEM3-GC31-MM,g01,UK,2013,4233.48,2862.57,0.89
HadGEM3-GC31-MM,g01,UK,2014,4062.54,2598.67,0.01
HadGEM3-GC31-MM,g01,UK,2015,4329.51,2703.07,0
HadGEM3-GC31-MM,g01,UK,2016,4150,2576.41,0
HadGEM3-GC31-MM,g01,UK,2017,4003.89,2564.16,0
HadGEM3-GC31-MM,g01,UK,2018,4153.57,2712.65,1.78
HadGEM3-GC31-MM,g01,UK,2019,4089.37,2501.43,0
HadGEM3-GC31-MM,g01,UK,2020,4147.74,2690.93,0
HadGEM3-GC31-MM,g01,UK,2021,4032.86,2668.92,2.54
HadGEM3-GC31-MM,g01,UK,2022,3959.4,2448.6,1.75
HadGEM3-GC31-MM,g01,UK,2023,3832.06,2553.48,0
HadGEM3-GC31-MM,g01,UK,2024,4020.78,2512.23,0
HadGEM3-GC31-MM,u03,AL,1990,2991.32,2337.24,99.05
HadGEM3-GC31-MM,u03,AL,1991,3370.52,2304.61,75.19
HadGEM3-GC31-MM,u03,AL,1992,3239.3,2629.59,107.49
HadGEM3-GC31-MM,u03,AL,1993,3219.94,2494.89,125.61
HadGEM3-GC31-MM,u03,AL,1994,2944.5,2207.21,137.45
HadGEM3-GC31-MM,u03,AL,1995,3235.59,2376.92,79.45
HadGEM3-GC31-MM,u03,AL,1996,3209.52,2479.78,100.92
HadGEM3-GC31-MM,u03,AL,1997,3122.11,2286.42,89.83
HadGEM3-GC31-MM,u03,AL,1998,3001.17,2330.7,205.96
HadGEM3-GC31-MM,u03,AL,1999,2888.85,2494.32,172.67
HadGEM3-GC31-MM,u03,AL,2000,2963.67,2422.27,190.01
HadGEM3-GC31-MM,u03,AL,2001,2841.78,2059.53,195.89
HadGEM3-GC31-MM,u03,AL,2002,2812.21,2315.48,140.73
HadGEM3-GC31-MM,u03,AL,2003,2897.93,2356.22,226.3
HadGEM3-GC31-MM,u03,AL,2004,2959.11,2327.92,141.02
HadGEM3-GC31-MM,u03,AL,2005,3038.86,2343.89,89.38
HadGEM3-GC31-MM,u03,AL,2006,3060.52,2447.2,114.02
HadGEM3-GC31-MM,u03,AL,2007,2834.21,2216.34,183.84
HadGEM3-GC31-MM,u03,AL,2008,2820.73,2333.43,161.42
HadGEM3-GC31-MM,u03,AL,2009,2808.02,2291.09,97.72
HadGEM3-GC31-MM,u03,AL,2010,2755.4,2190.24,124.84
HadGEM3-GC31-MM,u03,AL,2011,3066.57,2155.95,130.61
HadGEM3-GC31-MM,u03,AL,2012,3124.15,2703.89,254.4
HadGEM3-GC31-MM,u03,AL,2013,2869.77,2283.25,165.26
HadGEM3-GC31-MM,u03,AL,2014,2960.42,2162.38,117.03
HadGEM3-GC31-MM,u03,AL,2015,3126.33,2437.94,154.87
HadGEM3-GC31-MM,u03,AL,2016,2992.72,2284.56,148.63
HadGEM3-GC31-MM,u03,AL,2017,3150.99,2500.55,212.64
HadGEM3-GC31-MM,u03,AL,2018,2836.33,2390.48,104
HadGEM3-GC31-MM,u03,AL,2019,2930,2347.12,205.23
HadGEM3-GC31-MM,u03,AL,2020,3031.15,2247.1,142.5
HadGEM3-GC31-MM,u03,AL,2021,2983.2,2279.88,243.47
HadGEM3-GC31-MM,u03,AL,2022,2981.59,2478.5,199.47
HadGEM3-GC31-MM,u03,AL,2023,2879.9,2199.08,174.65
HadGEM3-GC31-MM,u03,AL,2024,2684.25,2051.29,287.88
HadGEM3-GC31-MM,u03,AT,1990,4658.38,3209.64,23.79
HadGEM3-GC31-MM,u03,AT,1991,5028.7,3479.33,16.74
HadGEM3-GC31-MM,u03,AT,1992,4604.49,3475.68,59.68
HadGEM3-GC31-MM,u03,AT,1993,4833.47,3524.08,26.22
HadGEM3-GC31-MM,u03,AT,1994,4400.28,3303.69,56.21
HadGEM3-GC31-MM,u03,AT,1995,4813.64,3317.83,27.57
HadGEM3-GC31-MM,u03,AT,1996,5228.8,3770.71,11.81
HadGEM3-GC31-MM,u03,AT,1997,4793.06,3432.58,9.23
HadGEM3-GC31-MM,u03,AT,1998,4682.42,3305.02,37.28
HadGEM3-GC31-MM,u03,AT,1999,4654.76,3514.51,14.51
HadGEM3-GC31-MM,u03,AT,2000,4401.26,3455.58,39.84
HadGEM3-GC31-MM,u03,AT,2001,4715.5,3148.88,32.45
HadGEM3-GC31-MM,u03,AT,2002,4446.19,3283.02,31.69
HadGEM3-GC31-MM,u03,AT,2003,4671.2,3490.67,73.67
HadGEM3-GC31-MM,u03,AT,2004,4806.96,3547.42,20.51
HadGEM3-GC31-MM,u03,AT,2005,4904.43,3504.96,19.26
HadGEM3-GC31-MM,u03,AT,2006,4689.49,3723.97,43.5
HadGEM3-GC31-MM,u03,AT,2007,4421.34,2924.89,45.33
HadGEM3-GC31-MM,u03,AT,2008,4490.67,3393.79,22.6
HadGEM3-GC31-MM,u03,AT,2009,4580.88,3445.91,25.93
HadGEM3-GC31-MM,u03,AT,2010,4972.94,3516.98,38.8
HadGEM3-GC31-MM,u03,AT,2011,4489.63,3514.68,31.79
HadGEM3-GC31-MM,u03,AT,2012,4589.15,3408.28,52.9
HadGEM3-GC31-MM,u03,AT,2013,4696.33,3504.03,61.74
HadGEM3-GC31-MM,u03,AT,2014,4201.82,3083.55,24.04
HadGEM3-GC31-MM,u03,AT,2015,4321.96,3110.86,87.48
HadGEM3-GC31-MM,u03,AT,2016,4470.07,3115.78,28.07
HadGEM3-GC31-MM,u03,AT,2017,4517.66,3386.06,61.37
HadGEM3-GC31-MM,u03,AT,2018,4214.18,3386.13,58.63
HadGEM3-GC31-MM,u03,AT,2019,4245.43,3115.32,65.78
HadGEM3-GC31-MM,u03,AT,2020,4346.83,3060.99,33.41
HadGEM3-GC31-MM,u03,AT,2021,4648.73,3291.37,43.9
HadGEM3-GC31-MM,u03,AT,2022,4238.1,3233.97,57.8
HadGEM3-GC31-MM,u03,AT,2023,4156.04,3038.59,56.59
HadGEM3-GC31-MM,u03,AT,2024,3992.54,2877.71,73.46
HadGEM3-GC31-MM,u03,BE,1990,4408.96,2818.03,14.87
HadGEM3-GC31-MM,u03,BE,1991,4806.56,3118.56,4.79
HadGEM3-GC31-MM,u03,BE,1992,4536.04,3162.84,4.44
HadGEM3-GC31-MM,u03,BE,1993,4683.9,3148.6,1.57
HadGEM3-GC31-MM,u03,BE,1994,4359.38,3171.71,21.17
HadGEM3-GC31-MM,u03,BE,1995,4455.71,2885.26,26.48
HadGEM3-GC31-MM,u03,BE,1996,5079.54,3332.73,6.98
HadGEM3-GC31-MM,u03,BE,1997,4509.55,3200.59,10.62
HadGEM3-GC31-MM,u03,BE,1998,4542.41,2963.04,8.08
HadGEM3-GC31-MM,u03,BE,1999,4229.72,3106.08,6.42
HadGEM3-GC31-MM,u03,BE,2000,4285.25,3004.53,5.53
HadGEM3-GC31-MM,u03,BE,2001,4473.05,2954.91,12.08
HadGEM3-GC31-MM,u03,BE,2002,4253.01,2860.1,10.36
HadGEM3-GC31-MM,u03,BE,2003,4399.26,3048.95,25.98
HadGEM3-GC31-MM,u03,BE,2004,4411.46,3105.98,7.37
HadGEM3-GC31-MM,u03,BE,2005,4306.82,3044.93,11.82
HadGEM3-GC31-MM,u03,BE,2006,4209.33,3118.02,28.59
HadGEM3-GC31-MM,u03,BE,2007,4098.35,2587.14,3.07
HadGEM3-GC31-MM,u03,BE,2008,4447.06,2968.79,3.33
HadGEM3-GC31-MM,u03,BE,2009,4430.41,3259.8,7.08
HadGEM3-GC31-MM,u03,BE,2010,4878.82,3185.9,15.4
HadGEM3-GC31-MM,u03,BE,2011,4165.78,3187.03,5.77
HadGEM3-GC31-MM,u03,BE,2012,4538.32,2948.79,9.8
HadGEM3-GC31-MM,u03,BE,2013,4731.14,3259.99,13.3
HadGEM3-GC31-MM,u03,BE,2014,4060.13,2778.5,7
HadGEM3-GC31-MM,u03,BE,2015,4318.06,2940.85,20
HadGEM3-GC31-MM,u03,BE,2016,4379.63,2801.58,12.91
HadGEM3-GC31-MM,u03,BE,2017,4252.02,3030.71,14.63
HadGEM3-GC31-MM,u03,BE,2018,4150.31,3018.97,35.6
HadGEM3-GC31-MM,u03,BE,2019,4223.92,2845.71,33.61
HadGEM3-GC31-MM,u03,BE,2020,4002.13,2804.15,33.81
HadGEM3-GC31-MM,u03,BE,2021,4446.16,2881.72,6.05
HadGEM3-GC31-MM,u03,BE,2022,4033.86,2861.2,38.88
HadGEM3-GC31-MM,u03,BE,2023,3987.06,2770.63,20.13
HadGEM3-GC31-MM,u03,BE,2024,4024.64,2667.82,17.96
HadGEM3-GC31-MM,u03,BG,1990,3898.31,3076.1,80.11
HadGEM3-GC31-MM,u03,BG,1991,4349.39,3103.11,50.72
HadGEM3-GC31-MM,u03,BG,1992,4105.77,3266.36,78.32
HadGEM3-GC31-MM,u03,BG,1993,4173.75,3223.51,105.2
HadGEM3-GC31-MM,u03,BG,1994,3740.65,2956.16,95.81
HadGEM3-GC31-MM,u03,BG,1995,4157.65,3053.87,50.07
HadGEM3-GC31-MM,u03,BG,1996,4318.91,3546.93,91.12
HadGEM3-GC31-MM,u03,BG,1997,4330.99,3084.63,49.89
HadGEM3-GC31-MM,u03,BG,1998,4048.56,3156.15,108.44
HadGEM3-GC31-MM,u03,BG,1999,3820.1,3203.74,87.67
HadGEM3-GC31-MM,u03,BG,2000,3870.14,3153.7,145.78
HadGEM3-GC31-MM,u03,BG,2001,3912.22,2732.01,106.35
HadGEM3-GC31-MM,u03,BG,2002,3866.74,3084.19,76.79
HadGEM3-GC31-MM,u03,BG,2003,4173.68,3297.57,119.19
HadGEM3-GC31-MM,u03,BG,2004,3973.66,3150.53,57.26
HadGEM3-GC31-MM,u03,BG,2005,4124.36,3035.83,49.86
HadGEM3-GC31-MM,u03,BG,2006,4056.41,3243.5,84.37
HadGEM3-GC31-MM,u03,BG,2007,3735.76,2761.69,168.5
HadGEM3-GC31-MM,u03,BG,2008,3826.83,3141.57,117.69
HadGEM3-GC31-MM,u03,BG,2009,3811.72,2990.14,92.12
HadGEM3-GC31-MM,u03,BG,2010,3839.31,2976.04,100.11
HadGEM3-GC31-MM,u03,BG,2011,4120.32,3037.6,89.09
HadGEM3-GC31-MM,u03,BG,2012,3893.6,3389.9,178.35
HadGEM3-GC31-MM,u03,BG,2013,3722.82,2896.2,101.61
HadGEM3-GC31-MM,u03,BG,2014,3689.47,2772.9,64.49
HadGEM3-GC31-MM,u03,BG,2015,3680.13,2980.81,118.59
HadGEM3-GC31-MM,u03,BG,2016,3730.28,2737.98,118.35
HadGEM3-GC31-MM,u03,BG,2017,3833.5,3149.04,139.67
HadGEM3-GC31-MM,u03,BG,2018,3610.12,2906.05,76.84
HadGEM3-GC31-MM,u03,BG,2019,3455.38,2890.54,114.48
HadGEM3-GC31-MM,u03,BG,2020,3542.81,2602.54,102.5
HadGEM3-GC31-MM,u03,BG,2021,3798.48,2786.1,142.31
HadGEM3-GC31-MM,u03,BG,2022,3544.17,2985.07,129.34
HadGEM3-GC31-MM,u03,BG,2023,3306.41,2538.96,149.4
HadGEM3-GC31-MM,u03,BG,2024,3165.58,2424.09,214.74
HadGEM3-GC31-MM,u03,CH,1990,4707.47,3149.96,16.35
HadGEM3-GC31-MM,u03,CH,1991,5006.24,3388.08,14.4
HadGEM3-GC31-MM,u03,CH,1992,4790.82,3502.33,24.16
HadGEM3-GC31-MM,u03,CH,1993,4893.25,3369.76,9.6
HadGEM3-GC31-MM,u03,CH,1994,4468.48,3262.38,29.7
HadGEM3-GC31-MM,u03,CH,1995,4873.39,3214.29,17.37
HadGEM3-GC31-MM,u03,CH,1996,5172.96,3453,6.07
HadGEM3-GC31-MM,u03,CH,1997,4715.2,3316.91,6.03
HadGEM3-GC31-MM,u03,CH,1998,4825.57,3249.07,23.9
HadGEM3-GC31-MM,u03,CH,1999,4792.72,3490.7,6.38
HadGEM3-GC31-MM,u03,CH,2000,4580.6,3401.88,13.77
HadGEM3-GC31-MM,u03,CH,2001,4792.88,3124.2,14.16
HadGEM3-GC31-MM,u03,CH,2002,4582.24,3232.14,17.6
HadGEM3-GC31-MM,u03,CH,2003,4671.29,3302.77,74.4
HadGEM3-GC31-MM,u03,CH,2004,4854.04,3470.24,11.56
HadGEM3-GC31-MM,u03,CH,2005,4946.38,3453.34,20.38
HadGEM3-GC31-MM,u03,CH,2006,4698.39,3597.21,32.16
HadGEM3-GC31-MM,u03,CH,2007,4597.97,2968.21,9.07
HadGEM3-GC31-MM,u03,CH,2008,4785.22,3364.1,11.38
HadGEM3-GC31-MM,u03,CH,2009,4690.08,3538,14.99
HadGEM3-GC31-MM,u03,CH,2010,5081.28,3460.13,22.76
HadGEM3-GC31-MM,u03,CH,2011,4448.12,3376.56,17.3
HadGEM3-GC31-MM,u03,CH,2012,4749.71,3326.53,19.46
HadGEM3-GC31-MM,u03,CH,2013,4956.17,3474.1,26.39
HadGEM3-GC31-MM,u03,CH,2014,4403.09,3140.36,11.43
HadGEM3-GC31-MM,u03,CH,2015,4505.15,3147.39,57.2
HadGEM3-GC31-MM,u03,CH,2016,4677.76,3139.6,19.65
HadGEM3-GC31-MM,u03,CH,2017,4637.86,3319.28,31.17
HadGEM3-GC31-MM,u03,CH,2018,4334.76,3358.51,37.79
HadGEM3-GC31-MM,u03,CH,2019,4516.98,3151.42,42.72
HadGEM3-GC31-MM,u03,CH,2020,4392.08,3042.51,25.72
HadGEM3-GC31-MM,u03,CH,2021,4793.98,3251.27,12.33
HadGEM3-GC31-MM,u03,CH,2022,4210.24,3238.14,49.51
HadGEM3-GC31-MM,u03,CH,2023,4248.12,2981.68,42.2
HadGEM3-GC31-MM,u03,CH,2024,4313.53,2914.83,28.01
HadGEM3-GC31-MM,u03,CY,1990,1677.31,1497.3,261.72
HadGEM3-GC31-MM,u03,CY,1991,1708.62,1305.81,233.87
HadGEM3-GC31-MM,u03,CY,1992,2116.98,1758.18,222.48
HadGEM3-GC31-MM,u03,CY,1993,1830.03,1667.59,283.82
HadGEM3-GC31-MM,u03,CY,1994,1607.95,1311.62,278.41
HadGEM3-GC31-MM,u03,CY,1995,1755.92,1429.46,290.44
HadGEM3-GC31-MM,u03,CY,1996,1629.36,1549.33,304.34
HadGEM3-GC31-MM,u03,CY,1997,1753.43,1402.14,260.2
HadGEM3-GC31-MM,u03,CY,1998,1568.22,1415.78,344.01
HadGEM3-GC31-MM,u03,CY,1999,1417.32,1239.71,297.44
HadGEM3-GC31-MM,u03,CY,2000,1691.59,1412.15,354.29
HadGEM3-GC31-MM,u03,CY,2001,1473.89,1236.63,321.12
HadGEM3-GC31-MM,u03,CY,2002,1576.86,1374.97,325.41
HadGEM3-GC31-MM,u03,CY,2003,1662.84,1429.88,313.43
HadGEM3-GC31-MM,u03,CY,2004,1614.6,1368.92,292.11
HadGEM3-GC31-MM,u03,CY,2005,1631.02,1365.03,278.39
HadGEM3-GC31-MM,u03,CY,2006,1643.37,1404.89,300.82
HadGEM3-GC31-MM,u03,CY,2007,1463.15,1392.45,400.82
HadGEM3-GC31-MM,u03,CY,2008,1384.35,1245,416.83
HadGEM3-GC31-MM,u03,CY,2009,1374.31,1195.55,389.3
HadGEM3-GC31-MM,u03,CY,2010,1122.6,1040.05,392.25
HadGEM3-GC31-MM,u03,CY,2011,1501.98,1059.3,363.17
HadGEM3-GC31-MM,u03,CY,2012,1428.19,1433.18,452.35
HadGEM3-GC31-MM,u03,CY,2013,1291.29,1057.52,384.35
HadGEM3-GC31-MM,u03,CY,2014,995.04,1003.17,302.91
HadGEM3-GC31-MM,u03,CY,2015,1184.09,1021.87,307.48
HadGEM3-GC31-MM,u03,CY,2016,1242.11,1014.93,325.44
HadGEM3-GC31-MM,u03,CY,2017,1201.78,1212.86,367.59
HadGEM3-GC31-MM,u03,CY,2018,967.39,856.8,314.07
HadGEM3-GC31-MM,u03,CY,2019,1160.96,1068.38,338.63
HadGEM3-GC31-MM,u03,CY,2020,1055.37,995.66,324.55
HadGEM3-GC31-MM,u03,CY,2021,935.82,774.42,441.69
HadGEM3-GC31-MM,u03,CY,2022,1065.83,1041.97,397.12
HadGEM3-GC31-MM,u03,CY,2023,852.45,762.87,429.68
HadGEM3-GC31-MM,u03,CY,2024,826.02,654.38,480.71
HadGEM3-GC31-MM,u03,CZ,1990,4880.8,3355.51,26.67
HadGEM3-GC31-MM,u03,CZ,1991,5294.86,3602.78,16.43
HadGEM3-GC31-MM,u03,CZ,1992,4892.2,3628.23,53.2
HadGEM3-GC31-MM,u03,CZ,1993,5159.78,3751.83,19.75
HadGEM3-GC31-MM,u03,CZ,1994,4762.75,3491.38,67.56
HadGEM3-GC31-MM,u03,CZ,1995,5094.31,3494.76,31.14
HadGEM3-GC31-MM,u03,CZ,1996,5660.19,4051.74,11.89
HadGEM3-GC31-MM,u03,CZ,1997,5195.6,3704.13,11.84
HadGEM3-GC31-MM,u03,CZ,1998,4983.79,3501.91,32.65
HadGEM3-GC31-MM,u03,CZ,1999,4879.37,3677.22,15.42
HadGEM3-GC31-MM,u03,CZ,2000,4666.24,3578.75,36.53
HadGEM3-GC31-MM,u03,CZ,2001,5096.46,3369.29,20.31
HadGEM3-GC31-MM,u03,CZ,2002,4821.98,3484.94,25.2
HadGEM3-GC31-MM,u03,CZ,2003,5004.32,3783.59,61.76
HadGEM3-GC31-MM,u03,CZ,2004,5082.41,3717.77,21.23
HadGEM3-GC31-MM,u03,CZ,2005,5126.26,3656.68,19.26
HadGEM3-GC31-MM,u03,CZ,2006,4977.02,3914.1,49.27
HadGEM3-GC31-MM,u03,CZ,2007,4676.93,3068.06,38.67
HadGEM3-GC31-MM,u03,CZ,2008,4750.92,3528.24,25.63
HadGEM3-GC31-MM,u03,CZ,2009,4860.25,3578.72,19.9
HadGEM3-GC31-MM,u03,CZ,2010,5332.93,3708.29,41.74
HadGEM3-GC31-MM,u03,CZ,2011,4812.2,3737.71,20.21
HadGEM3-GC31-MM,u03,CZ,2012,4930.33,3578.42,38.06
HadGEM3-GC31-MM,u03,CZ,2013,5051.3,3732.72,47.85
HadGEM3-GC31-MM,u03,CZ,2014,4461.6,3228.17,28.44
HadGEM3-GC31-MM,u03,CZ,2015,4554.47,3236.51,89.58
HadGEM3-GC31-MM,u03,CZ,2016,4777.53,3280.87,25.56
HadGEM3-GC31-MM,u03,CZ,2017,4801.89,3595.48,43.61
HadGEM3-GC31-MM,u03,CZ,2018,4458.4,3511.03,64.79
HadGEM3-GC31-MM,u03,CZ,2019,4456.98,3279.58,56.97
HadGEM3-GC31-MM,u03,CZ,2020,4608.8,3167.1,25.51
HadGEM3-GC31-MM,u03,CZ,2021,4982.27,3464.81,26.29
HadGEM3-GC31-MM,u03,CZ,2022,4587.69,3358.22,50.56
HadGEM3-GC31-MM,u03,CZ,2023,4420.18,3235.11,47.95
HadGEM3-GC31-MM,u03,CZ,2024,4261.37,3049.73,53.36
HadGEM3-GC31-MM,u03,DE,1990,4583.91,3055.68,19.07
HadGEM3-GC31-MM,u03,DE,1991,4976.08,3332.18,18.98
HadGEM3-GC31-MM,u03,DE,1992,4670.06,3366.1,27.21
HadGEM3-GC31-MM,u03,DE,1993,4916.95,3407.57,8.56
HadGEM3-GC31-MM,u03,DE,1994,4522.41,3345.89,43.64
HadGEM3-GC31-MM,u03,DE,1995,4806.66,3180.31,30.97
HadGEM3-GC31-MM,u03,DE,1996,5398.55,3701.29,9.85
HadGEM3-GC31-MM,u03,DE,1997,4794.44,3429.78,13.03
HadGEM3-GC31-MM,u03,DE,1998,4730.18,3205.85,19.65
HadGEM3-GC31-MM,u03,DE,1999,4559.18,3371.45,13.7
HadGEM3-GC31-MM,u03,DE,2000,4453.4,3252.71,17.48
HadGEM3-GC31-MM,u03,DE,2001,4731.96,3148.28,22.03
HadGEM3-GC31-MM,u03,DE,2002,4542.17,3140.68,16.32
HadGEM3-GC31-MM,u03,DE,2003,4667.67,3406.4,55.98
HadGEM3-GC31-MM,u03,DE,2004,4785.62,3383.78,14.03
HadGEM3-GC31-MM,u03,DE,2005,4743.81,3367.37,16.28
HadGEM3-GC31-MM,u03,DE,2006,4581.99,3520.29,39.91
HadGEM3-GC31-MM,u03,DE,2007,4446.7,2813.9,13.49
HadGEM3-GC31-MM,u03,DE,2008,4625.69,3245.57,14.92
HadGEM3-GC31-MM,u03,DE,2009,4685.6,3457.53,12.18
HadGEM3-GC31-MM,u03,DE,2010,5190.68,3482.73,31.64
HadGEM3-GC31-MM,u03,DE,2011,4506.09,3484.44,10.41
HadGEM3-GC31-MM,u03,DE,2012,4739.64,3256.88,18.08
HadGEM3-GC31-MM,u03,DE,2013,4888.23,3517.53,27.62
HadGEM3-GC31-MM,u03,DE,2014,4268.32,3001.33,15.91
HadGEM3-GC31-MM,u03,DE,2015,4465.93,3103.71,49.35
HadGEM3-GC31-MM,u03,DE,2016,4606.41,3067.16,19.21
HadGEM3-GC31-MM,u03,DE,2017,4553.8,3305.07,18.68
HadGEM3-GC31-MM,u03,DE,2018,4305.96,3265.51,50.67
HadGEM3-GC31-MM,u03,DE,2019,4378.7,3052.5,49.45
HadGEM3-GC31-MM,u03,DE,2020,4288.83,2991.37,30.42
HadGEM3-GC31-MM,u03,DE,2021,4712.09,3170.23,13.91
HadGEM3-GC31-MM,u03,DE,2022,4266.88,3100.44,49.83
HadGEM3-GC31-MM,u03,DE,2023,4203.9,2970.17,28.15
HadGEM3-GC31-MM,u03,DE,2024,4156.82,2878.32,26.04
HadGEM3-GC31-MM,u03,DK,1990,5192.29,3313.29,0.3
HadGEM3-GC31-MM,u03,DK,1991,5600.06,3615.51,0.18
HadGEM3-GC31-MM,u03,DK,1992,5353.26,3495.64,0.49
HadGEM3-GC31-MM,u03,DK,1993,5795.66,3675.65,0
HadGEM3-GC31-MM,u03,DK,1994,5457.46,3804.37,1.77
HadGEM3-GC31-MM,u03,DK,1995,5642.23,3551.86,0.21
HadGEM3-GC31-MM,u03,DK,1996,6161.64,4108.84,0.11
HadGEM3-GC31-MM,u03,DK,1997,5582.2,3756.27,0.57
HadGEM3-GC31-MM,u03,DK,1998,5703.44,3580.05,0
HadGEM3-GC31-MM,u03,DK,1999,5457.13,3796.54,0.01
HadGEM3-GC31-MM,u03,DK,2000,5312.22,3541.82,0.4
HadGEM3-GC31-MM,u03,DK,2001,5611.75,3559.35,0.03
HadGEM3-GC31-MM,u03,DK,2002,5279.16,3450.59,0.03
HadGEM3-GC31-MM,u03,DK,2003,5466.16,3905.73,0.05
HadGEM3-GC31-MM,u03,DK,2004,5492.01,3680.98,0.06
HadGEM3-GC31-MM,u03,DK,2005,5436.42,3603.08,0.01
HadGEM3-GC31-MM,u03,DK,2006,5197.53,3747.47,0.25
HadGEM3-GC31-MM,u03,DK,2007,5166.73,3095.18,0.14
HadGEM3-GC31-MM,u03,DK,2008,5225.08,3447.13,0.19
HadGEM3-GC31-MM,u03,DK,2009,5363.22,3588.1,0.01
HadGEM3-GC31-MM,u03,DK,2010,6026.96,3895.71,0.23
HadGEM3-GC31-MM,u03,DK,2011,5468.14,4003.09,0
HadGEM3-GC31-MM,u03,DK,2012,5731.88,3528.47,0
HadGEM3-GC31-MM,u03,DK,2013,5665.92,3935.16,0.21
HadGEM3-GC31-MM,u03,DK,2014,5096.97,3351.33,0.31
HadGEM3-GC31-MM,u03,DK,2015,5399.68,3376.24,0.07
HadGEM3-GC31-MM,u03,DK,2016,5458.25,3480.27,0.02
HadGEM3-GC31-MM,u03,DK,2017,5490.04,3592.82,0
HadGEM3-GC31-MM,u03,DK,2018,5268.9,3677.45,4.12
HadGEM3-GC31-MM,u03,DK,2019,5281.12,3400.1,0.83
HadGEM3-GC31-MM,u03,DK,2020,5162.06,3333.6,1.11
HadGEM3-GC31-MM,u03,DK,2021,5540.97,3536.86,0.28
HadGEM3-GC31-MM,u03,DK,2022,5280.77,3424.71,1.54
HadGEM3-GC31-MM,u03,DK,2023,5321.63,3407.21,0
HadGEM3-GC31-MM,u03,DK,2024,5181.98,3542.65,0
HadGEM3-GC31-MM,u03,EE,1990,6734.43,4361.39,0
HadGEM3-GC31-MM,u03,EE,1991,6875.81,4561.89,0
HadGEM3-GC31-MM,u03,EE,1992,6830.2,4269.86,1.14
HadGEM3-GC31-MM,u03,EE,1993,7289.03,4602.82,0
HadGEM3-GC31-MM,u03,EE,1994,7249.58,5120.26,4
HadGEM3-GC31-MM,u03,EE,1995,6911.7,4488.68,0.41
HadGEM3-GC31-MM,u03,EE,1996,7515.62,5134.86,0.01
HadGEM3-GC31-MM,u03,EE,1997,7029.85,4522.95,0.37
HadGEM3-GC31-MM,u03,EE,1998,7218.52,4725.08,0.04
HadGEM3-GC31-MM,u03,EE,1999,6777.86,4874.8,1.6
HadGEM3-GC31-MM,u03,EE,2000,6642.46,4456.6,0.01
HadGEM3-GC31-MM,u03,EE,2001,6971.79,4410.79,0.86
HadGEM3-GC31-MM,u03,EE,2002,6900.76,4551.82,1.05
HadGEM3-GC31-MM,u03,EE,2003,7116.04,5224.92,1.22
HadGEM3-GC31-MM,u03,EE,2004,7018.28,4697.31,0
HadGEM3-GC31-MM,u03,EE,2005,6971.73,4721.45,0.35
HadGEM3-GC31-MM,u03,EE,2006,6767.7,4862.13,3.14
HadGEM3-GC31-MM,u03,EE,2007,6692.34,4291.46,0.27
HadGEM3-GC31-MM,u03,EE,2008,6572.86,4286.96,0
HadGEM3-GC31-MM,u03,EE,2009,6984.24,4447.97,0.02
HadGEM3-GC31-MM,u03,EE,2010,7400.12,5130.22,6.97
HadGEM3-GC31-MM,u03,EE,2011,6670.43,5085.49,1.06
HadGEM3-GC31-MM,u03,EE,2012,7264.97,4570.46,0.46
HadGEM3-GC31-MM,u03,EE,2013,6774.25,4941.7,0.39
HadGEM3-GC31-MM,u03,EE,2014,6735.02,4317.34,1.81
HadGEM3-GC31-MM,u03,EE,2015,6495.05,4335.65,0.13
HadGEM3-GC31-MM,u03,EE,2016,6849.38,4458.25,0.38
HadGEM3-GC31-MM,u03,EE,2017,6901.81,4554.27,0.04
HadGEM3-GC31-MM,u03,EE,2018,6632.5,4663.99,3.6
HadGEM3-GC31-MM,u03,EE,2019,6512.8,4437.93,1.52
HadGEM3-GC31-MM,u03,EE,2020,6237.16,4047.54,0.73
HadGEM3-GC31-MM,u03,EE,2021,6828.74,4428.82,7.22
HadGEM3-GC31-MM,u03,EE,2022,6674.12,4459.59,4.34
HadGEM3-GC31-MM,u03,EE,2023,6622.41,4431.81,1.21
HadGEM3-GC31-MM,u03,EE,2024,6297,4693.9,1.07
HadGEM3-GC31-MM,u03,EL,1990,2244.23,1940.4,181.36
HadGEM3-GC31-MM,u03,EL,1991,2610.53,1907.51,151.64
HadGEM3-GC31-MM,u03,EL,1992,2514.63,2173.24,155.77
HadGEM3-GC31-MM,u03,EL,1993,2434.9,2040.45,199.9
HadGEM3-GC31-MM,u03,EL,1994,2187.93,1783.65,214.57
HadGEM3-GC31-MM,u03,EL,1995,2369.8,1865.51,182.18
HadGEM3-GC31-MM,u03,EL,1996,2476.02,2120.21,183.64
HadGEM3-GC31-MM,u03,EL,1997,2488.05,1888.59,179.34
HadGEM3-GC31-MM,u03,EL,1998,2331.61,1990.25,284.49
HadGEM3-GC31-MM,u03,EL,1999,2179.66,1969.3,257.13
HadGEM3-GC31-MM,u03,EL,2000,2332.54,1985.01,266.71
HadGEM3-GC31-MM,u03,EL,2001,2229.12,1652.12,267.48
HadGEM3-GC31-MM,u03,EL,2002,2279.27,2011.33,220.69
HadGEM3-GC31-MM,u03,EL,2003,2423.26,2027.18,271.81
HadGEM3-GC31-MM,u03,EL,2004,2381.01,1968.49,186.32
HadGEM3-GC31-MM,u03,EL,2005,2450.34,1941.66,156.49
HadGEM3-GC31-MM,u03,EL,2006,2534.39,2098.46,190.34
HadGEM3-GC31-MM,u03,EL,2007,2314.17,1927.5,261.01
HadGEM3-GC31-MM,u03,EL,2008,2309.38,1996.25,221.63
HadGEM3-GC31-MM,u03,EL,2009,2244.7,1889.2,176.27
HadGEM3-GC31-MM,u03,EL,2010,2104.25,1756.37,222.07
HadGEM3-GC31-MM,u03,EL,2011,2551.28,1835.64,184.27
HadGEM3-GC31-MM,u03,EL,2012,2353.45,2241.23,284.49
HadGEM3-GC31-MM,u03,EL,2013,2181.46,1747.49,189.5
HadGEM3-GC31-MM,u03,EL,2014,2168.86,1770.14,182.79
HadGEM3-GC31-MM,u03,EL,2015,2369.07,1947.9,187.52
HadGEM3-GC31-MM,u03,EL,2016,2242.76,1778.22,217.14
HadGEM3-GC31-MM,u03,EL,2017,2387.25,2036.32,233.59
HadGEM3-GC31-MM,u03,EL,2018,2096.85,1821.84,180.03
HadGEM3-GC31-MM,u03,EL,2019,2205.56,1931.17,224.33
HadGEM3-GC31-MM,u03,EL,2020,2260.24,1762.21,181.36
HadGEM3-GC31-MM,u03,EL,2021,2298.05,1776.13,268.88
HadGEM3-GC31-MM,u03,EL,2022,2284.79,2050.22,213.87
HadGEM3-GC31-MM,u03,EL,2023,2097.05,1702.55,244.79
HadGEM3-GC31-MM,u03,EL,2024,1941.2,1567.55,336.94
HadGEM3-GC31-MM,u03,ES,1990,2522.15,1677.9,163.88
HadGEM3-GC31-MM,u03,ES,1991,2841.75,2100.8,180.78
HadGEM3-GC31-MM,u03,ES,1992,2763.62,2163.38,126.17
HadGEM3-GC31-MM,u03,ES,1993,2879.92,2040.94,129.58
HadGEM3-GC31-MM,u03,ES,1994,2512.19,2030.66,195.39
HadGEM3-GC31-MM,u03,ES,1995,2371.89,1817.11,144.58
HadGEM3-GC31-MM,u03,ES,1996,2645.97,1821.4,126.74
HadGEM3-GC31-MM,u03,ES,1997,2310.6,1817.91,105.2
HadGEM3-GC31-MM,u03,ES,1998,2541.55,1752.25,165.84
HadGEM3-GC31-MM,u03,ES,1999,2591.09,2032.49,156.09
HadGEM3-GC31-MM,u03,ES,2000,2576.69,2002.65,149.27
HadGEM3-GC31-MM,u03,ES,2001,2509.84,1826,163.67
HadGEM3-GC31-MM,u03,ES,2002,2457.2,1938.75,132.44
HadGEM3-GC31-MM,u03,ES,2003,2481.39,1865.48,237.41
HadGEM3-GC31-MM,u03,ES,2004,2632.18,1972.45,168.1
HadGEM3-GC31-MM,u03,ES,2005,2679.26,2092.02,184.9
HadGEM3-GC31-MM,u03,ES,2006,2398.03,2052.66,179.8
HadGEM3-GC31-MM,u03,ES,2007,2572.43,1796.84,128.88
HadGEM3-GC31-MM,u03,ES,2008,2636.62,1924.02,150.47
HadGEM3-GC31-MM,u03,ES,2009,2482.72,2079.75,200.09
HadGEM3-GC31-MM,u03,ES,2010,2720.25,1941.02,177.29
HadGEM3-GC31-MM,u03,ES,2011,2369.92,2016.6,156.25
HadGEM3-GC31-MM,u03,ES,2012,2619.05,1940.55,198.73
HadGEM3-GC31-MM,u03,ES,2013,2651.15,1958.75,165.21
HadGEM3-GC31-MM,u03,ES,2014,2330.38,1879.74,137.33
HadGEM3-GC31-MM,u03,ES,2015,2371.14,1884.63,220.11
HadGEM3-GC31-MM,u03,ES,2016,2452.37,1765.82,196.8
HadGEM3-GC31-MM,u03,ES,2017,2392.33,1840.76,217.05
HadGEM3-GC31-MM,u03,ES,2018,2520.99,1969.48,179.21
HadGEM3-GC31-MM,u03,ES,2019,2413.81,1841.39,192.58
HadGEM3-GC31-MM,u03,ES,2020,2336.47,1763.11,199.01
HadGEM3-GC31-MM,u03,ES,2021,2437.02,1866.17,180.23
HadGEM3-GC31-MM,u03,ES,2022,2195.24,1854.51,269.3
HadGEM3-GC31-MM,u03,ES,2023,2210.77,1672.05,237.4
HadGEM3-GC31-MM,u03,ES,2024,2185,1638.86,220.17
HadGEM3-GC31-MM,u03,FI,1990,7526.12,4933.33,0
HadGEM3-GC31-MM,u03,FI,1991,7702.19,5119.16,0
HadGEM3-GC31-MM,u03,FI,1992,7661.73,4715.26,0.01
HadGEM3-GC31-MM,u03,FI,1993,7972.38,5055.4,0
HadGEM3-GC31-MM,u03,FI,1994,8018.4,5555.34,1.65
HadGEM3-GC31-MM,u03,FI,1995,7724.25,4845.91,0.06
HadGEM3-GC31-MM,u03,FI,1996,8159.62,5553.24,0
HadGEM3-GC31-MM,u03,FI,1997,7764.18,5023.08,0.29
HadGEM3-GC31-MM,u03,FI,1998,8032.49,5241.06,0
HadGEM3-GC31-MM,u03,FI,1999,7686.63,5328.75,0.67
HadGEM3-GC31-MM,u03,FI,2000,7347.52,4926.69,0
HadGEM3-GC31-MM,u03,FI,2001,7812.22,4867.02,0.1
HadGEM3-GC31-MM,u03,FI,2002,7757.09,5052.76,0
HadGEM3-GC31-MM,u03,FI,2003,7817.94,5712.03,0.67
HadGEM3-GC31-MM,u03,FI,2004,7738.71,5125.62,0
HadGEM3-GC31-MM,u03,FI,2005,7530.07,5077.3,0.11
HadGEM3-GC31-MM,u03,FI,2006,7500.61,5240.04,0.44
HadGEM3-GC31-MM,u03,FI,2007,7445.02,4828.35,0
HadGEM3-GC31-MM,u03,FI,2008,7325.5,4675.61,0
HadGEM3-GC31-MM,u03,FI,2009,7741.85,4877.01,0
HadGEM3-GC31-MM,u03,FI,2010,8200.49,5576.49,3.05
HadGEM3-GC31-MM,u03,FI,2011,7328.77,5632.21,0.85
HadGEM3-GC31-MM,u03,FI,2012,7912.07,4868.73,0
HadGEM3-GC31-MM,u03,FI,2013,7384.45,5278.22,0.16
HadGEM3-GC31-MM,u03,FI,2014,7280.12,4689.14,0.84
HadGEM3-GC31-MM,u03,FI,2015,7135.16,4688.94,0.02
HadGEM3-GC31-MM,u03,FI,2016,7551.73,4851.89,0
HadGEM3-GC31-MM,u03,FI,2017,7568.29,4920.97,0
HadGEM3-GC31-MM,u03,FI,2018,7362.54,5084.96,2.02
HadGEM3-GC31-MM,u03,FI,2019,7396.78,4884.62,1.02
HadGEM3-GC31-MM,u03,FI,2020,6880.84,4562.09,0.68
HadGEM3-GC31-MM,u03,FI,2021,7620.96,4836.68,3.2
HadGEM3-GC31-MM,u03,FI,2022,7376.76,4951.84,1.14
HadGEM3-GC31-MM,u03,FI,2023,7500.48,4843.04,0.51
HadGEM3-GC31-MM,u03,FI,2024,7234.38,5341.38,0.36
HadGEM3-GC31-MM,u03,FR,1990,3792.91,2550.92,48.06
HadGEM3-GC31-MM,u03,FR,1991,4193.43,2834.73,36.52
HadGEM3-GC31-MM,u03,FR,1992,4034.39,2945.06,31.4
HadGEM3-GC31-MM,u03,FR,1993,4127.55,2810.14,20.07
HadGEM3-GC31-MM,u03,FR,1994,3733.26,2773.48,48.74
HadGEM3-GC31-MM,u03,FR,1995,3888.35,2580.12,45.49
HadGEM3-GC31-MM,u03,FR,1996,4269.5,2824.85,22.81
HadGEM3-GC31-MM,u03,FR,1997,3812.01,2808.01,27.46
HadGEM3-GC31-MM,u03,FR,1998,4004.11,2655.06,37.1
HadGEM3-GC31-MM,u03,FR,1999,3814.9,2823.44,25.36
HadGEM3-GC31-MM,u03,FR,2000,3796.11,2789.27,25.81
HadGEM3-GC31-MM,u03,FR,2001,3923.06,2579.85,37.72
HadGEM3-GC31-MM,u03,FR,2002,3737.92,2660.68,26.61
HadGEM3-GC31-MM,u03,FR,2003,3789.2,2685.16,104.85
HadGEM3-GC31-MM,u03,FR,2004,3973.52,2828.64,30.67
HadGEM3-GC31-MM,u03,FR,2005,3960.93,2846.5,43.03
HadGEM3-GC31-MM,u03,FR,2006,3772.83,2908.79,58.41
HadGEM3-GC31-MM,u03,FR,2007,3798.51,2453.35,17.96
HadGEM3-GC31-MM,u03,FR,2008,3964.67,2775.51,24.65
HadGEM3-GC31-MM,u03,FR,2009,3865.32,2943.86,42.9
HadGEM3-GC31-MM,u03,FR,2010,4248.66,2861.32,37.78
HadGEM3-GC31-MM,u03,FR,2011,3593.83,2854.21,25.5
HadGEM3-GC31-MM,u03,FR,2012,3934.22,2649.15,38.88
HadGEM3-GC31-MM,u03,FR,2013,4081.74,2854.54,38.86
HadGEM3-GC31-MM,u03,FR,2014,3543.93,2539.06,20.76
HadGEM3-GC31-MM,u03,FR,2015,3689.57,2624.07,67.03
HadGEM3-GC31-MM,u03,FR,2016,3861.86,2544.08,44.07
HadGEM3-GC31-MM,u03,FR,2017,3758.97,2741.23,56.47
HadGEM3-GC31-MM,u03,FR,2018,3586.64,2736.66,63.51
HadGEM3-GC31-MM,u03,FR,2019,3672.85,2578.63,75.88
HadGEM3-GC31-MM,u03,FR,2020,3484.75,2492.82,61.66
HadGEM3-GC31-MM,u03,FR,2021,3878.44,2628.57,29.5
HadGEM3-GC31-MM,u03,FR,2022,3417.16,2660.88,96.58
HadGEM3-GC31-MM,u03,FR,2023,3429.88,2463.71,57.28
HadGEM3-GC31-MM,u03,FR,2024,3554.35,2404.82,50.62
HadGEM3-GC31-MM,u03,HR,1990,3563.07,2672.43,65.59
HadGEM3-GC31-MM,u03,HR,1991,3952.78,2853.04,65.24
HadGEM3-GC31-MM,u03,HR,1992,3525.88,2942.67,104.92
HadGEM3-GC31-MM,u03,HR,1993,3738.37,2888.99,93.96
HadGEM3-GC31-MM,u03,HR,1994,3339.53,2675.24,117.17
HadGEM3-GC31-MM,u03,HR,1995,3712.77,2753.2,57.56
HadGEM3-GC31-MM,u03,HR,1996,4004.7,3092.21,48.6
HadGEM3-GC31-MM,u03,HR,1997,3743.69,2806.28,43.67
HadGEM3-GC31-MM,u03,HR,1998,3676.55,2742.94,110.04
HadGEM3-GC31-MM,u03,HR,1999,3581.08,2982.53,61.44
HadGEM3-GC31-MM,u03,HR,2000,3300.1,2898.8,129.62
HadGEM3-GC31-MM,u03,HR,2001,3557.95,2368.97,93.25
HadGEM3-GC31-MM,u03,HR,2002,3371.06,2782.27,74.13
HadGEM3-GC31-MM,u03,HR,2003,3685.14,2884.26,181.38
HadGEM3-GC31-MM,u03,HR,2004,3748.93,2925.61,68.4
HadGEM3-GC31-MM,u03,HR,2005,3917.77,2934.11,57.3
HadGEM3-GC31-MM,u03,HR,2006,3624.93,3021.01,101.6
HadGEM3-GC31-MM,u03,HR,2007,3401.31,2363.61,125.25
HadGEM3-GC31-MM,u03,HR,2008,3431.26,2859.66,100.62
HadGEM3-GC31-MM,u03,HR,2009,3468.74,2765.81,97.72
HadGEM3-GC31-MM,u03,HR,2010,3767.59,2836.79,95.13
HadGEM3-GC31-MM,u03,HR,2011,3553.6,2868.72,109.16
HadGEM3-GC31-MM,u03,HR,2012,3509.78,2926.81,179.94
HadGEM3-GC31-MM,u03,HR,2013,3540.35,2788.04,127.93
HadGEM3-GC31-MM,u03,HR,2014,3145,2410.83,55.85
HadGEM3-GC31-MM,u03,HR,2015,3394.09,2556.84,149.77
HadGEM3-GC31-MM,u03,HR,2016,3482.21,2606.92,83.25
HadGEM3-GC31-MM,u03,HR,2017,3502.72,2868.64,164.79
HadGEM3-GC31-MM,u03,HR,2018,3258.98,2775.94,102.53
HadGEM3-GC31-MM,u03,HR,2019,3230.12,2570.74,134.65
HadGEM3-GC31-MM,u03,HR,2020,3368.62,2449.13,92.92
HadGEM3-GC31-MM,u03,HR,2021,3563.84,2645.82,150.22
HadGEM3-GC31-MM,u03,HR,2022,3168.74,2722.33,158.59
HadGEM3-GC31-MM,u03,HR,2023,3034.65,2384.69,117.37
HadGEM3-GC31-MM,u03,HR,2024,2913.01,2185.94,198.11
HadGEM3-GC31-MM,u03,HU,1990,4049.88,3019.69,58.93
HadGEM3-GC31-MM,u03,HU,1991,4448.88,3284.92,52.01
HadGEM3-GC31-MM,u03,HU,1992,4080.68,3319.56,113.51
HadGEM3-GC31-MM,u03,HU,1993,4319.11,3416.04,69.26
HadGEM3-GC31-MM,u03,HU,1994,3903.39,3080.84,108.2
HadGEM3-GC31-MM,u03,HU,1995,4236.33,3174.3,68.68
HadGEM3-GC31-MM,u03,HU,1996,4499.47,3602.65,42.56
HadGEM3-GC31-MM,u03,HU,1997,4305.08,3243.69,36.84
HadGEM3-GC31-MM,u03,HU,1998,4175.47,3082.92,84.74
HadGEM3-GC31-MM,u03,HU,1999,4109.92,3397.74,35.82
HadGEM3-GC31-MM,u03,HU,2000,3830.68,3316.95,104.73
HadGEM3-GC31-MM,u03,HU,2001,4158.35,2854.17,67.12
HadGEM3-GC31-MM,u03,HU,2002,4018.86,3229.09,81.4
HadGEM3-GC31-MM,u03,HU,2003,4419.06,3544.21,124.17
HadGEM3-GC31-MM,u03,HU,2004,4368.53,3414.73,47.47
HadGEM3-GC31-MM,u03,HU,2005,4475.97,3395.55,38.76
HadGEM3-GC31-MM,u03,HU,2006,4252.92,3517.1,81.03
HadGEM3-GC31-MM,u03,HU,2007,3922.36,2791.82,124.32
HadGEM3-GC31-MM,u03,HU,2008,3971.23,3258.78,68.62
HadGEM3-GC31-MM,u03,HU,2009,4042.28,3182.35,78.75
HadGEM3-GC31-MM,u03,HU,2010,4386.17,3259.39,72.28
HadGEM3-GC31-MM,u03,HU,2011,4209.41,3382.85,79.81
HadGEM3-GC31-MM,u03,HU,2012,4110.79,3377.39,143.18
HadGEM3-GC31-MM,u03,HU,2013,4107.13,3266.87,115.22
HadGEM3-GC31-MM,u03,HU,2014,3714.52,2840.56,56.61
HadGEM3-GC31-MM,u03,HU,2015,3934.27,2972.82,143.32
HadGEM3-GC31-MM,u03,HU,2016,4089.62,3056.14,63.4
HadGEM3-GC31-MM,u03,HU,2017,4117.03,3382.75,124.41
HadGEM3-GC31-MM,u03,HU,2018,3780.92,3190.93,95.48
HadGEM3-GC31-MM,u03,HU,2019,3716.04,2974.58,112.37
HadGEM3-GC31-MM,u03,HU,2020,3904.39,2885.95,71.79
HadGEM3-GC31-MM,u03,HU,2021,4183.7,3058.69,126.62
HadGEM3-GC31-MM,u03,HU,2022,3851.25,3138.88,150.41
HadGEM3-GC31-MM,u03,HU,2023,3665.21,2854.53,99.35
HadGEM3-GC31-MM,u03,HU,2024,3510.76,2693.23,174.66
HadGEM3-GC31-MM,u03,IE,1990,5139.83,3047.62,0
HadGEM3-GC31-MM,u03,IE,1991,5322.36,3268.94,0
HadGEM3-GC31-MM,u03,IE,1992,5363.77,3155.73,0
HadGEM3-GC31-MM,u03,IE,1993,5418.55,3216.67,0
HadGEM3-GC31-MM,u03,IE,1994,5314.12,3296.08,0
HadGEM3-GC31-MM,u03,IE,1995,5080.65,3084.93,0
HadGEM3-GC31-MM,u03,IE,1996,5459.17,3214.86,0
HadGEM3-GC31-MM,u03,IE,1997,5020.5,3171.17,0
HadGEM3-GC31-MM,u03,IE,1998,5102.2,2946.25,0
HadGEM3-GC31-MM,u03,IE,1999,5100.17,3085.17,0
HadGEM3-GC31-MM,u03,IE,2000,5275.75,3131.32,0
HadGEM3-GC31-MM,u03,IE,2001,5280.73,3324.57,0
HadGEM3-GC31-MM,u03,IE,2002,5118.04,2984.94,0
HadGEM3-GC31-MM,u03,IE,2003,5083.11,3105.36,0
HadGEM3-GC31-MM,u03,IE,2004,5151.69,3172.65,0
HadGEM3-GC31-MM,u03,IE,2005,5068.17,3071.93,0
HadGEM3-GC31-MM,u03,IE,2006,5040.89,3157.9,0
HadGEM3-GC31-MM,u03,IE,2007,5027.32,3027.48,0
HadGEM3-GC31-MM,u03,IE,2008,5317.06,3041.15,0
HadGEM3-GC31-MM,u03,IE,2009,5291.25,3273.46,0
HadGEM3-GC31-MM,u03,IE,2010,5660.88,3414.44,0
HadGEM3-GC31-MM,u03,IE,2011,5142.97,3384.03,0
HadGEM3-GC31-MM,u03,IE,2012,5280.64,2881.34,0
HadGEM3-GC31-MM,u03,IE,2013,5282.65,3349.59,0
HadGEM3-GC31-MM,u03,IE,2014,5099.6,3103.59,0
HadGEM3-GC31-MM,u03,IE,2015,5319.59,3212.58,0
HadGEM3-GC31-MM,u03,IE,2016,5216.85,3059.28,0
HadGEM3-GC31-MM,u03,IE,2017,5103.91,3082.4,0
HadGEM3-GC31-MM,u03,IE,2018,5155.89,3266.02,0.03
HadGEM3-GC31-MM,u03,IE,2019,5152.51,2999.82,0
HadGEM3-GC31-MM,u03,IE,2020,5193.25,3206.44,0
HadGEM3-GC31-MM,u03,IE,2021,5103.82,3190.98,0
HadGEM3-GC31-MM,u03,IE,2022,4988.23,2983.4,0.33
HadGEM3-GC31-MM,u03,IE,2023,4874.09,3032.39,0
HadGEM3-GC31-MM,u03,IE,2024,5051.92,3028.17,0
HadGEM3-GC31-MM,u03,IT,1990,2832.13,2227.88,102.02
HadGEM3-GC31-MM,u03,IT,1991,3166.07,2322.29,119.88
HadGEM3-GC31-MM,u03,IT,1992,2944.73,2470.99,108
HadGEM3-GC31-MM,u03,IT,1993,3025.87,2361.34,118.16
HadGEM3-GC31-MM,u03,IT,1994,2739.93,2211.72,159.68
HadGEM3-GC31-MM,u03,IT,1995,3036.8,2263.49,97.17
HadGEM3-GC31-MM,u03,IT,1996,3045.72,2364.99,88.52
HadGEM3-GC31-MM,u03,IT,1997,2823.48,2187.43,98.31
HadGEM3-GC31-MM,u03,IT,1998,2920.86,2219.42,167.8
HadGEM3-GC31-MM,u03,IT,1999,2846.81,2414.84,119.41
HadGEM3-GC31-MM,u03,IT,2000,2716.72,2320.18,138.18
HadGEM3-GC31-MM,u03,IT,2001,2768.75,2024.39,133.76
HadGEM3-GC31-MM,u03,IT,2002,2666.05,2213.04,112.65
HadGEM3-GC31-MM,u03,IT,2003,2743.81,2186.32,251.44
HadGEM3-GC31-MM,u03,IT,2004,2829.73,2276.16,118.03
HadGEM3-GC31-MM,u03,IT,2005,2980.65,2246.73,116.86
HadGEM3-GC31-MM,u03,IT,2006,2770.26,2385.24,146.99
HadGEM3-GC31-MM,u03,IT,2007,2653.51,1943.24,146.07
HadGEM3-GC31-MM,u03,IT,2008,2764.56,2247.24,134
HadGEM3-GC31-MM,u03,IT,2009,2786.4,2249.26,145.94
HadGEM3-GC31-MM,u03,IT,2010,2982.34,2312.22,123.8
HadGEM3-GC31-MM,u03,IT,2011,2738.5,2312.94,121.34
HadGEM3-GC31-MM,u03,IT,2012,2834.23,2293.4,195.32
HadGEM3-GC31-MM,u03,IT,2013,2842.48,2281.73,138.9
HadGEM3-GC31-MM,u03,IT,2014,2531.19,2017.49,84.35
HadGEM3-GC31-MM,u03,IT,2015,2704.56,2058.9,186.01
HadGEM3-GC31-MM,u03,IT,2016,2766.53,2136.93,122.42
HadGEM3-GC31-MM,u03,IT,2017,2839.8,2232.23,201.54
HadGEM3-GC31-MM,u03,IT,2018,2661.58,2322.21,134.17
HadGEM3-GC31-MM,u03,IT,2019,2702.21,2158.49,182.34
HadGEM3-GC31-MM,u03,IT,2020,2712.32,2039.36,132.59
HadGEM3-GC31-MM,u03,IT,2021,2863.83,2216.18,167.54
HadGEM3-GC31-MM,u03,IT,2022,2647.13,2272.56,211.19
HadGEM3-GC31-MM,u03,IT,2023,2590.09,2021.17,163.55
HadGEM3-GC31-MM,u03,IT,2024,2545.92,1927.21,194.21
HadGEM3-GC31-MM,u03,LI,1990,5194.94,3208.94,1.22
HadGEM3-GC31-MM,u03,LI,1991,5518.75,3593.95,1.44
HadGEM3-GC31-MM,u03,LI,1992,5235.52,3715.17,4.66
HadGEM3-GC31-MM,u03,LI,1993,5398.26,3598.41,0.73
HadGEM3-GC31-MM,u03,LI,1994,4940.17,3520.58,4.06
HadGEM3-GC31-MM,u03,LI,1995,5391.89,3457.23,3.14
HadGEM3-GC31-MM,u03,LI,1996,5615.39,3618.19,0.39
HadGEM3-GC31-MM,u03,LI,1997,5116.46,3455.52,0
HadGEM3-GC31-MM,u03,LI,1998,5290.7,3411.82,5.67
HadGEM3-GC31-MM,u03,LI,1999,5296.32,3723,1.56
HadGEM3-GC31-MM,u03,LI,2000,5034.33,3671.45,2.72
HadGEM3-GC31-MM,u03,LI,2001,5343.74,3300.06,2.09
HadGEM3-GC31-MM,u03,LI,2002,5036.72,3474.75,3.64
HadGEM3-GC31-MM,u03,LI,2003,5068.3,3568.66,25.1
HadGEM3-GC31-MM,u03,LI,2004,5380.97,3642.25,0
HadGEM3-GC31-MM,u03,LI,2005,5527,3725.43,3.64
HadGEM3-GC31-MM,u03,LI,2006,5139.86,3872.81,6.61
HadGEM3-GC31-MM,u03,LI,2007,5082.75,3138.34,3.89
HadGEM3-GC31-MM,u03,LI,2008,5173.17,3594.62,1.51
HadGEM3-GC31-MM,u03,LI,2009,5185.41,3737.11,2.08
HadGEM3-GC31-MM,u03,LI,2010,5625.6,3721.1,5.85
HadGEM3-GC31-MM,u03,LI,2011,4870.16,3568.26,7.37
HadGEM3-GC31-MM,u03,LI,2012,5240.33,3576.8,6.77
HadGEM3-GC31-MM,u03,LI,2013,5397.63,3681.05,12.89
HadGEM3-GC31-MM,u03,LI,2014,4807.84,3283.61,3.71
HadGEM3-GC31-MM,u03,LI,2015,4924.62,3329.58,19.72
HadGEM3-GC31-MM,u03,LI,2016,5063.27,3318.26,2.98
HadGEM3-GC31-MM,u03,LI,2017,5121.4,3434.2,8.89
HadGEM3-GC31-MM,u03,LI,2018,4739.78,3622.63,6.69
HadGEM3-GC31-MM,u03,LI,2019,4970.9,3385.3,14.82
HadGEM3-GC31-MM,u03,LI,2020,4889.74,3238,3.08
HadGEM3-GC31-MM,u03,LI,2021,5305.95,3487.62,4.09
HadGEM3-GC31-MM,u03,LI,2022,4734.01,3492.5,10.58
HadGEM3-GC31-MM,u03,LI,2023,4752.08,3222.56,15.13
HadGEM3-GC31-MM,u03,LI,2024,4715.59,3130.13,6.14
HadGEM3-GC31-MM,u03,LT,1990,5690.55,3831.5,0.04
HadGEM3-GC31-MM,u03,LT,1991,6010.81,4115.01,3.41
HadGEM3-GC31-MM,u03,LT,1992,5923.86,3998.52,10.13
HadGEM3-GC31-MM,u03,LT,1993,6313.78,4253.41,0.04
HadGEM3-GC31-MM,u03,LT,1994,6150.44,4463.25,24.72
HadGEM3-GC31-MM,u03,LT,1995,6089.09,4141.09,3.43
HadGEM3-GC31-MM,u03,LT,1996,6656.15,4870.86,1.37
HadGEM3-GC31-MM,u03,LT,1997,6187.13,4238.21,3.48
HadGEM3-GC31-MM,u03,LT,1998,6186.3,4177.14,2.91
HadGEM3-GC31-MM,u03,LT,1999,5830.1,4459.35,10.39
HadGEM3-GC31-MM,u03,LT,2000,5660.26,4083.3,1.33
HadGEM3-GC31-MM,u03,LT,2001,6011.06,3928.55,6.44
HadGEM3-GC31-MM,u03,LT,2002,5807.67,4060.16,15.85
HadGEM3-GC31-MM,u03,LT,2003,6118.44,4652.75,4.57
HadGEM3-GC31-MM,u03,LT,2004,6144.33,4300.79,0.18
HadGEM3-GC31-MM,u03,LT,2005,6076.13,4251.37,1.96
HadGEM3-GC31-MM,u03,LT,2006,5900.58,4524.05,14.62
HadGEM3-GC31-MM,u03,LT,2007,5735.18,3747.11,3.72
HadGEM3-GC31-MM,u03,LT,2008,5624.93,3945.49,0.46
HadGEM3-GC31-MM,u03,LT,2009,6003.14,4101.98,0.35
HadGEM3-GC31-MM,u03,LT,2010,6357.42,4574.09,21.43
HadGEM3-GC31-MM,u03,LT,2011,5820.55,4589.67,4.96
HadGEM3-GC31-MM,u03,LT,2012,6168.12,4251.15,7.12
HadGEM3-GC31-MM,u03,LT,2013,5948.74,4495.92,7.26
HadGEM3-GC31-MM,u03,LT,2014,5781.01,3877.05,15.49
HadGEM3-GC31-MM,u03,LT,2015,5610.31,3948.18,13.2
HadGEM3-GC31-MM,u03,LT,2016,5882.89,4058.09,5.49
HadGEM3-GC31-MM,u03,LT,2017,5881.57,4170.27,0.86
HadGEM3-GC31-MM,u03,LT,2018,5672.82,4232.15,13.52
HadGEM3-GC31-MM,u03,LT,2019,5460.84,4017.09,12.62
HadGEM3-GC31-MM,u03,LT,2020,5345.88,3574.89,5.68
HadGEM3-GC31-MM,u03,LT,2021,6029.75,4058.99,24.14
HadGEM3-GC31-MM,u03,LT,2022,5798.51,3995.95,16.1
HadGEM3-GC31-MM,u03,LT,2023,5475.86,3933.13,9.04
HadGEM3-GC31-MM,u03,LT,2024,5219.06,3953.28,12.25
HadGEM3-GC31-MM,u03,LU,1990,4595.68,3031.32,24
HadGEM3-GC31-MM,u03,LU,1991,4906.01,3282.8,15.93
HadGEM3-GC31-MM,u03,LU,1992,4666.8,3330.58,14.56
HadGEM3-GC31-MM,u03,LU,1993,4823.01,3315.16,3.95
HadGEM3-GC31-MM,u03,LU,1994,4442.2,3268.36,37.71
HadGEM3-GC31-MM,u03,LU,1995,4640.03,3050.2,34.48
HadGEM3-GC31-MM,u03,LU,1996,5225.56,3465.21,6.17
HadGEM3-GC31-MM,u03,LU,1997,4658,3356.2,11.3
HadGEM3-GC31-MM,u03,LU,1998,4762.73,3142.06,19.44
HadGEM3-GC31-MM,u03,LU,1999,4545.22,3326.37,8.61
HadGEM3-GC31-MM,u03,LU,2000,4391.13,3242.41,8.79
HadGEM3-GC31-MM,u03,LU,2001,4533.55,2981.8,26.15
HadGEM3-GC31-MM,u03,LU,2002,4291.2,3037.19,19.58
HadGEM3-GC31-MM,u03,LU,2003,4427.93,3118.17,120.57
HadGEM3-GC31-MM,u03,LU,2004,4585.84,3267.99,33.2
HadGEM3-GC31-MM,u03,LU,2005,4526.76,3265.98,33.97
HadGEM3-GC31-MM,u03,LU,2006,4405.28,3293.29,48.86
HadGEM3-GC31-MM,u03,LU,2007,4272.88,2775.62,10.34
HadGEM3-GC31-MM,u03,LU,2008,4512.56,3137.11,14.65
HadGEM3-GC31-MM,u03,LU,2009,4479.81,3358.93,19.72
HadGEM3-GC31-MM,u03,LU,2010,4937.05,3287.84,34.17
HadGEM3-GC31-MM,u03,LU,2011,4241.78,3271.84,13.73
HadGEM3-GC31-MM,u03,LU,2012,4707.32,3108.06,14.13
HadGEM3-GC31-MM,u03,LU,2013,4916.54,3419.32,24.49
HadGEM3-GC31-MM,u03,LU,2014,4288.81,2990.71,14.32
HadGEM3-GC31-MM,u03,LU,2015,4504.76,3126.47,54.04
HadGEM3-GC31-MM,u03,LU,2016,4708.11,3045.38,19.34
HadGEM3-GC31-MM,u03,LU,2017,4624.02,3297.27,24.35
HadGEM3-GC31-MM,u03,LU,2018,4415.38,3264.63,44.97
HadGEM3-GC31-MM,u03,LU,2019,4549.25,3107.18,46.93
HadGEM3-GC31-MM,u03,LU,2020,4319.5,3032.51,37.42
HadGEM3-GC31-MM,u03,LU,2021,4771.66,3125.69,9.01
HadGEM3-GC31-MM,u03,LU,2022,4376.78,3148.94,42.45
HadGEM3-GC31-MM,u03,LU,2023,4355.02,3001.87,15.35
HadGEM3-GC31-MM,u03,LU,2024,4297.82,2929.11,21.95
HadGEM3-GC31-MM,u03,LV,1990,5977.95,3968.78,0
HadGEM3-GC31-MM,u03,LV,1991,6248.5,4200.35,0.28
HadGEM3-GC31-MM,u03,LV,1992,6188.37,4019.52,4.35
HadGEM3-GC31-MM,u03,LV,1993,6625.76,4342,0
HadGEM3-GC31-MM,u03,LV,1994,6551.1,4705.92,11.74
HadGEM3-GC31-MM,u03,LV,1995,6337.31,4236.82,1.48
HadGEM3-GC31-MM,u03,LV,1996,6926.62,4947.42,0.26
HadGEM3-GC31-MM,u03,LV,1997,6428.08,4292.94,2.46
HadGEM3-GC31-MM,u03,LV,1998,6510.4,4338.52,0.43
HadGEM3-GC31-MM,u03,LV,1999,6111.67,4606.18,5.57
HadGEM3-GC31-MM,u03,LV,2000,5967.29,4178.66,0.58
HadGEM3-GC31-MM,u03,LV,2001,6318.07,4065.57,2.99
HadGEM3-GC31-MM,u03,LV,2002,6214.13,4223.56,7.23
HadGEM3-GC31-MM,u03,LV,2003,6432.46,4828.23,6.19
HadGEM3-GC31-MM,u03,LV,2004,6448.69,4407.01,0
HadGEM3-GC31-MM,u03,LV,2005,6435.81,4446.86,1.14
HadGEM3-GC31-MM,u03,LV,2006,6178.46,4645.23,8.8
HadGEM3-GC31-MM,u03,LV,2007,6141.69,3930.44,0.74
HadGEM3-GC31-MM,u03,LV,2008,5926.24,4053.51,0.11
HadGEM3-GC31-MM,u03,LV,2009,6292.95,4197.1,0.03
HadGEM3-GC31-MM,u03,LV,2010,6614.3,4731.37,15.19
HadGEM3-GC31-MM,u03,LV,2011,5997.15,4684.6,4.76
HadGEM3-GC31-MM,u03,LV,2012,6424.3,4281.36,3.91
HadGEM3-GC31-MM,u03,LV,2013,6162.92,4599.01,3.36
HadGEM3-GC31-MM,u03,LV,2014,6042.85,3988.07,7.97
HadGEM3-GC31-MM,u03,LV,2015,5863.78,4046.17,3.48
HadGEM3-GC31-MM,u03,LV,2016,6124.41,4152.02,3.5
HadGEM3-GC31-MM,u03,LV,2017,6180.06,4258.3,0.58
HadGEM3-GC31-MM,u03,LV,2018,5911.95,4338.07,9.37
HadGEM3-GC31-MM,u03,LV,2019,5722.27,4097.18,3.41
HadGEM3-GC31-MM,u03,LV,2020,5544.68,3672.24,2.61
HadGEM3-GC31-MM,u03,LV,2021,6188.89,4105.92,16.9
HadGEM3-GC31-MM,u03,LV,2022,6033.66,4115.51,10.29
HadGEM3-GC31-MM,u03,LV,2023,5806.48,4093.6,4.12
HadGEM3-GC31-MM,u03,LV,2024,5523.8,4183.15,4.89
HadGEM3-GC31-MM,u03,MT,1990,1514.29,1243.44,200.05
HadGEM3-GC31-MM,u03,MT,1991,1779.54,1343.55,202.59
HadGEM3-GC31-MM,u03,MT,1992,1673.83,1594.34,153.87
HadGEM3-GC31-MM,u03,MT,1993,1702.03,1422.09,217.36
HadGEM3-GC31-MM,u03,MT,1994,1473.6,1271.89,262.33
HadGEM3-GC31-MM,u03,MT,1995,1674.19,1336.22,210.02
HadGEM3-GC31-MM,u03,MT,1996,1684,1415.56,217.21
HadGEM3-GC31-MM,u03,MT,1997,1600.67,1367.51,262.37
HadGEM3-GC31-MM,u03,MT,1998,1679.69,1379.3,346.89
HadGEM3-GC31-MM,u03,MT,1999,1466.83,1487.54,251.82
HadGEM3-GC31-MM,u03,MT,2000,1431.77,1273,241.37
HadGEM3-GC31-MM,u03,MT,2001,1443.4,1062.24,186.18
HadGEM3-GC31-MM,u03,MT,2002,1419.6,1251.49,207.28
HadGEM3-GC31-MM,u03,MT,2003,1509.25,1341,309.31
HadGEM3-GC31-MM,u03,MT,2004,1595.83,1250.61,170.12
HadGEM3-GC31-MM,u03,MT,2005,1749.07,1347.33,135
HadGEM3-GC31-MM,u03,MT,2006,1506,1381.44,176.97
HadGEM3-GC31-MM,u03,MT,2007,1531.6,1077.69,178.95
HadGEM3-GC31-MM,u03,MT,2008,1531.42,1342.54,116.86
HadGEM3-GC31-MM,u03,MT,2009,1583.41,1288.07,185.6
HadGEM3-GC31-MM,u03,MT,2010,1461.32,1228.77,144.88
HadGEM3-GC31-MM,u03,MT,2011,1634.61,1314.09,121.67
HadGEM3-GC31-MM,u03,MT,2012,1597.53,1411.65,218
HadGEM3-GC31-MM,u03,MT,2013,1443.85,1229.02,165.07
HadGEM3-GC31-MM,u03,MT,2014,,1130.82,139.39
HadGEM3-GC31-MM,u03,MT,2015,1455.48,,214.56
HadGEM3-GC31-MM,u03,MT,2016,,,142.04
HadGEM3-GC31-MM,u03,MT,2017,1574.26,1277.85,225.91
HadGEM3-GC31-MM,u03,MT,2018,1413.21,1283.75,118.58
HadGEM3-GC31-MM,u03,MT,2019,1701.92,1370.55,193.37
HadGEM3-GC31-MM,u03,MT,2020,1507.49,1267.78,154.97
HadGEM3-GC31-MM,u03,MT,2021,1540.86,1231.11,265.71
HadGEM3-GC31-MM,u03,MT,2022,1593.77,1393.52,178.04
HadGEM3-GC31-MM,u03,MT,2023,1604.92,1225.75,126.59
HadGEM3-GC31-MM,u03,MT,2024,1662.52,1235.94,190.42
HadGEM3-GC31-MM,u03,NL,1990,4478.38,2845.91,8.44
HadGEM3-GC31-MM,u03,NL,1991,4941.05,3166.34,5.42
HadGEM3-GC31-MM,u03,NL,1992,4583.75,3166.17,4.75
HadGEM3-GC31-MM,u03,NL,1993,4865.12,3184.33,1.3
HadGEM3-GC31-MM,u03,NL,1994,4537.15,3244.78,17.38
HadGEM3-GC31-MM,u03,NL,1995,4631.39,2953.3,18.1
HadGEM3-GC31-MM,u03,NL,1996,5303.48,3528.47,5.89
HadGEM3-GC31-MM,u03,NL,1997,4682.94,3277.5,8.53
HadGEM3-GC31-MM,u03,NL,1998,4616.33,2985.84,4.01
HadGEM3-GC31-MM,u03,NL,1999,4426.19,3152.1,6
HadGEM3-GC31-MM,u03,NL,2000,4438.74,3016.75,5.4
HadGEM3-GC31-MM,u03,NL,2001,4610.62,3074.24,7.64
HadGEM3-GC31-MM,u03,NL,2002,4459.24,2878.08,7.68
HadGEM3-GC31-MM,u03,NL,2003,4606.17,3206.21,16.69
HadGEM3-GC31-MM,u03,NL,2004,4624.32,3171.43,6.08
HadGEM3-GC31-MM,u03,NL,2005,4524.36,3119.03,7.09
HadGEM3-GC31-MM,u03,NL,2006,4381.1,3199.51,23.81
HadGEM3-GC31-MM,u03,NL,2007,4311.27,2648.52,2.07
HadGEM3-GC31-MM,u03,NL,2008,4560.01,3041,2.8
HadGEM3-GC31-MM,u03,NL,2009,4568.56,3287.99,4.57
HadGEM3-GC31-MM,u03,NL,2010,5099.29,3285.43,12.23
HadGEM3-GC31-MM,u03,NL,2011,4413.74,3306.37,3.41
HadGEM3-GC31-MM,u03,NL,2012,4669.54,3028.59,5.74
HadGEM3-GC31-MM,u03,NL,2013,4839.77,3329.98,10.21
HadGEM3-GC31-MM,u03,NL,2014,4132.41,2807.48,5.83
HadGEM3-GC31-MM,u03,NL,2015,4449.8,2963.8,10.92
HadGEM3-GC31-MM,u03,NL,2016,4502.19,2865.71,7.11
HadGEM3-GC31-MM,u03,NL,2017,4397.21,3108.86,4.84
HadGEM3-GC31-MM,u03,NL,2018,4295.85,3076.29,23.94
HadGEM3-GC31-MM,u03,NL,2019,4340.19,2890.76,28.63
HadGEM3-GC31-MM,u03,NL,2020,4179.2,2865.78,22.73
HadGEM3-GC31-MM,u03,NL,2021,4566.66,2978.45,3.12
HadGEM3-GC31-MM,u03,NL,2022,4184.64,2863.06,21.3
HadGEM3-GC31-MM,u03,NL,2023,4112.7,2836.35,10.29
HadGEM3-GC31-MM,u03,NL,2024,4109.49,2723.16,7.23
HadGEM3-GC31-MM,u03,NO,1990,7007.6,4308.69,0
HadGEM3-GC31-MM,u03,NO,1991,7356.76,4630.08,0.2
HadGEM3-GC31-MM,u03,NO,1992,7254.69,4384.18,0
HadGEM3-GC31-MM,u03,NO,1993,7599.63,4612.24,0
HadGEM3-GC31-MM,u03,NO,1994,7536.95,5022.52,0.07
HadGEM3-GC31-MM,u03,NO,1995,7519.63,4549.79,0
HadGEM3-GC31-MM,u03,NO,1996,7832.46,4984.35,0
HadGEM3-GC31-MM,u03,NO,1997,7219.94,4690.21,0
HadGEM3-GC31-MM,u03,NO,1998,7454.95,4572.74,0
HadGEM3-GC31-MM,u03,NO,1999,7268.63,4713.86,0
HadGEM3-GC31-MM,u03,NO,2000,7070.07,4497.04,0
HadGEM3-GC31-MM,u03,NO,2001,7537.12,4572,0.02
HadGEM3-GC31-MM,u03,NO,2002,7233.22,4501.82,0
HadGEM3-GC31-MM,u03,NO,2003,7220.93,4933,0.03
HadGEM3-GC31-MM,u03,NO,2004,7237.41,4648.27,0.02
HadGEM3-GC31-MM,u03,NO,2005,7139.6,4497.23,0.18
HadGEM3-GC31-MM,u03,NO,2006,6984.15,4651.8,0.01
HadGEM3-GC31-MM,u03,NO,2007,7166.55,4270.51,0.22
HadGEM3-GC31-MM,u03,NO,2008,7100.24,4455.19,0.59
HadGEM3-GC31-MM,u03,NO,2009,7330.32,4648.09,0.76
HadGEM3-GC31-MM,u03,NO,2010,8100.82,5064.44,0
HadGEM3-GC31-MM,u03,NO,2011,7108.2,5126.48,0
HadGEM3-GC31-MM,u03,NO,2012,7535.22,4373.22,0
HadGEM3-GC31-MM,u03,NO,2013,7423.2,4994.88,0
HadGEM3-GC31-MM,u03,NO,2014,6845.11,4323.59,0.89
HadGEM3-GC31-MM,u03,NO,2015,7083.37,4338.57,0
HadGEM3-GC31-MM,u03,NO,2016,7265.23,4530.25,0
HadGEM3-GC31-MM,u03,NO,2017,7306.62,4509.48,0
HadGEM3-GC31-MM,u03,NO,2018,7279.49,4855.29,1.48
HadGEM3-GC31-MM,u03,NO,2019,7275.97,4524.08,0.38
HadGEM3-GC31-MM,u03,NO,2020,6850.6,4422.51,0.19
HadGEM3-GC31-MM,u03,NO,2021,7342.38,4527.97,0.11
HadGEM3-GC31-MM,u03,NO,2022,7122.35,4465.87,0
HadGEM3-GC31-MM,u03,NO,2023,7383.72,4548.09,0.17
HadGEM3-GC31-MM,u03,NO,2024,7069.72,4898.52,0.01
HadGEM3-GC31-MM,u03,PL,1990,4912.93,3307.31,10.23
HadGEM3-GC31-MM,u03,PL,1991,5381.22,3669.44,11.38
HadGEM3-GC31-MM,u03,PL,1992,5132.36,3689.02,44.01
HadGEM3-GC31-MM,u03,PL,1993,5385.69,3814.81,8.71
HadGEM3-GC31-MM,u03,PL,1994,5041.02,3697.93,54.04
HadGEM3-GC31-MM,u03,PL,1995,5294.22,3598.87,23.49
HadGEM3-GC31-MM,u03,PL,1996,5878.56,4324.36,8.38
HadGEM3-GC31-MM,u03,PL,1997,5399.88,3820.92,7.13
HadGEM3-GC31-MM,u03,PL,1998,5242,3629.85,13.95
HadGEM3-GC31-MM,u03,PL,1999,5022.18,3844.08,12.69
HadGEM3-GC31-MM,u03,PL,2000,4823.19,3657.52,17.51
HadGEM3-GC31-MM,u03,PL,2001,5253.7,3446.53,14.62
HadGEM3-GC31-MM,u03,PL,2002,4986.65,3566.5,21.61
HadGEM3-GC31-MM,u03,PL,2003,5276.59,4064.52,22.13
HadGEM3-GC31-MM,u03,PL,2004,5240.87,3813.99,9.14
HadGEM3-GC31-MM,u03,PL,2005,5277.08,3704.7,12.63
HadGEM3-GC31-MM,u03,PL,2006,5159.11,4080.88,42.81
HadGEM3-GC31-MM,u03,PL,2007,4892.48,3192.03,22.69
HadGEM3-GC31-MM,u03,PL,2008,4875.71,3594.5,14.17
HadGEM3-GC31-MM,u03,PL,2009,5148.38,3661.68,11.71
HadGEM3-GC31-MM,u03,PL,2010,5567.94,3941.01,36.13
HadGEM3-GC31-MM,u03,PL,2011,5028.32,3949.83,10.29
HadGEM3-GC31-MM,u03,PL,2012,5221.58,3762.74,28.58
HadGEM3-GC31-MM,u03,PL,2013,5191.24,3933.93,28
HadGEM3-GC31-MM,u03,PL,2014,4772.85,3359.59,23.39
HadGEM3-GC31-MM,u03,PL,2015,4757.54,3405.27,54.99
HadGEM3-GC31-MM,u03,PL,2016,4944.84,3459.47,18.74
HadGEM3-GC31-MM,u03,PL,2017,4983.49,3694.63,19.86
HadGEM3-GC31-MM,u03,PL,2018,4726.72,3644.08,32.71
HadGEM3-GC31-MM,u03,PL,2019,4585.55,3403.79,43.35
HadGEM3-GC31-MM,u03,PL,2020,4679.46,3206.06,18.09
HadGEM3-GC31-MM,u03,PL,2021,5134.29,3547.63,24.87
HadGEM3-GC31-MM,u03,PL,2022,4829.55,3479.52,39.7
HadGEM3-GC31-MM,u03,PL,2023,4598.31,3349.71,26.57
HadGEM3-GC31-MM,u03,PL,2024,4340.82,3229.75,36.43
HadGEM3-GC31-MM,u03,PT,1990,2463.96,1568.22,78.73
HadGEM3-GC31-MM,u03,PT,1991,2684.8,1963.04,84.4
HadGEM3-GC31-MM,u03,PT,1992,2664.41,1930.93,53.55
HadGEM3-GC31-MM,u03,PT,1993,2799.91,1849.2,54.31
HadGEM3-GC31-MM,u03,PT,1994,2559.82,1900.1,32.99
HadGEM3-GC31-MM,u03,PT,1995,2214.18,1655.51,65.76
HadGEM3-GC31-MM,u03,PT,1996,2576.95,1676.51,51.69
HadGEM3-GC31-MM,u03,PT,1997,2154.53,1635.2,34.64
HadGEM3-GC31-MM,u03,PT,1998,2427.13,1511.09,70.6
HadGEM3-GC31-MM,u03,PT,1999,2580.23,1865.42,44.09
HadGEM3-GC31-MM,u03,PT,2000,2591.02,1835,56.48
HadGEM3-GC31-MM,u03,PT,2001,2538.14,1742.8,42.09
HadGEM3-GC31-MM,u03,PT,2002,2460.64,1789.09,39.01
HadGEM3-GC31-MM,u03,PT,2003,2472.73,1721.45,89.88
HadGEM3-GC31-MM,u03,PT,2004,2572.39,1837.53,61.04
HadGEM3-GC31-MM,u03,PT,2005,2576.22,1958.88,91.11
HadGEM3-GC31-MM,u03,PT,2006,2394.61,1913.33,92.35
HadGEM3-GC31-MM,u03,PT,2007,2564.56,1698.81,38.68
HadGEM3-GC31-MM,u03,PT,2008,2570.16,1716.41,37.77
HadGEM3-GC31-MM,u03,PT,2009,2433.9,1884.04,57.33
HadGEM3-GC31-MM,u03,PT,2010,2486.49,1765.59,105.74
HadGEM3-GC31-MM,u03,PT,2011,2208.47,1810.4,63.33
HadGEM3-GC31-MM,u03,PT,2012,2470.55,1726.69,70.52
HadGEM3-GC31-MM,u03,PT,2013,2626.36,1858.31,105.04
HadGEM3-GC31-MM,u03,PT,2014,2376.49,1792.93,44.41
HadGEM3-GC31-MM,u03,PT,2015,2375.31,1816.33,78.91
HadGEM3-GC31-MM,u03,PT,2016,2494.49,1683.64,119.66
HadGEM3-GC31-MM,u03,PT,2017,2320.24,1755.1,103.25
HadGEM3-GC31-MM,u03,PT,2018,2540.85,1816.82,80.85
HadGEM3-GC31-MM,u03,PT,2019,2410.43,1719.14,46.86
HadGEM3-GC31-MM,u03,PT,2020,2274.68,1643.26,107.82
HadGEM3-GC31-MM,u03,PT,2021,2538.23,1767.05,58.27
HadGEM3-GC31-MM,u03,PT,2022,2306.15,1749.4,119.62
HadGEM3-GC31-MM,u03,PT,2023,2337.38,1639.7,111.81
HadGEM3-GC31-MM,u03,PT,2024,2304.9,1633.6,87.08
HadGEM3-GC31-MM,u03,RO,1990,4275.69,3253.49,68.1
HadGEM3-GC31-MM,u03,RO,1991,4729.62,3389.23,42.49
HadGEM3-GC31-MM,u03,RO,1992,4564.11,3582.26,91.96
HadGEM3-GC31-MM,u03,RO,1993,4747.67,3612.14,73.45
HadGEM3-GC31-MM,u03,RO,1994,4153.97,3290,86.51
HadGEM3-GC31-MM,u03,RO,1995,4588.42,3359.5,60.09
HadGEM3-GC31-MM,u03,RO,1996,4828.86,3960.24,69.2
HadGEM3-GC31-MM,u03,RO,1997,4765.7,3445.73,33.78
HadGEM3-GC31-MM,u03,RO,1998,4590.2,3431.18,93.04
HadGEM3-GC31-MM,u03,RO,1999,4337.19,3590.16,81.42
HadGEM3-GC31-MM,u03,RO,2000,4284.66,3529.33,131.53
HadGEM3-GC31-MM,u03,RO,2001,4420.66,3074.62,89.07
HadGEM3-GC31-MM,u03,RO,2002,4288.88,3385.27,80.23
HadGEM3-GC31-MM,u03,RO,2003,4665.33,3747.68,104.62
HadGEM3-GC31-MM,u03,RO,2004,4477.29,3532.1,50.51
HadGEM3-GC31-MM,u03,RO,2005,4601.83,3434.78,44.9
HadGEM3-GC31-MM,u03,RO,2006,4524.66,3631.9,74.82
HadGEM3-GC31-MM,u03,RO,2007,4113.32,2994.32,151.82
HadGEM3-GC31-MM,u03,RO,2008,4223.61,3428.64,100.27
HadGEM3-GC31-MM,u03,RO,2009,4194.02,3276.38,87.55
HadGEM3-GC31-MM,u03,RO,2010,4403.7,3386.41,99.82
HadGEM3-GC31-MM,u03,RO,2011,4532.47,3500.95,85.83
HadGEM3-GC31-MM,u03,RO,2012,4383.27,3693.1,183.62
HadGEM3-GC31-MM,u03,RO,2013,4220.68,3359.48,94.79
HadGEM3-GC31-MM,u03,RO,2014,4144.4,3116.32,65.14
HadGEM3-GC31-MM,u03,RO,2015,4101.89,3274.99,135.16
HadGEM3-GC31-MM,u03,RO,2016,4244.27,3128.86,101.03
HadGEM3-GC31-MM,u03,RO,2017,4261.64,3507.99,121.98
HadGEM3-GC31-MM,u03,RO,2018,4093.79,3288.8,81.8
HadGEM3-GC31-MM,u03,RO,2019,3907.9,3208.3,111.49
HadGEM3-GC31-MM,u03,RO,2020,3971.84,2936.42,97.08
HadGEM3-GC31-MM,u03,RO,2021,4316.4,3136.99,115.22
HadGEM3-GC31-MM,u03,RO,2022,4033.13,3248.76,135.06
HadGEM3-GC31-MM,u03,RO,2023,3756.25,2917.69,132.65
HadGEM3-GC31-MM,u03,RO,2024,3693.16,2796.51,204.37
HadGEM3-GC31-MM,u03,RS,1990,3918.76,3020.22,82.71
HadGEM3-GC31-MM,u03,RS,1991,4383.06,3121.3,57.96
HadGEM3-GC31-MM,u03,RS,1992,4022.46,3275.17,123.78
HadGEM3-GC31-MM,u03,RS,1993,4251.34,3341.78,124.67
HadGEM3-GC31-MM,u03,RS,1994,3789.51,2956.12,118.41
HadGEM3-GC31-MM,u03,RS,1995,4180.18,3100.47,69.35
HadGEM3-GC31-MM,u03,RS,1996,4366.4,3556.54,78.56
HadGEM3-GC31-MM,u03,RS,1997,4288.29,3107.78,47.57
HadGEM3-GC31-MM,u03,RS,1998,4111.59,3090.67,123.61
HadGEM3-GC31-MM,u03,RS,1999,3966.63,3275.77,65.9
HadGEM3-GC31-MM,u03,RS,2000,3689.86,3225.59,186.9
HadGEM3-GC31-MM,u03,RS,2001,3933.03,2627.63,98.91
HadGEM3-GC31-MM,u03,RS,2002,3700.57,3068.32,95.34
HadGEM3-GC31-MM,u03,RS,2003,4102.32,3278.12,168.81
HadGEM3-GC31-MM,u03,RS,2004,4041.47,3202.72,84.05
HadGEM3-GC31-MM,u03,RS,2005,4251.54,3189.9,57.49
HadGEM3-GC31-MM,u03,RS,2006,4013.88,3252.83,100.21
HadGEM3-GC31-MM,u03,RS,2007,3714.72,2668.99,180.13
HadGEM3-GC31-MM,u03,RS,2008,3736.49,3119.72,129.88
HadGEM3-GC31-MM,u03,RS,2009,3772.37,3003.3,105.87
HadGEM3-GC31-MM,u03,RS,2010,3908.68,3000.36,104.23
HadGEM3-GC31-MM,u03,RS,2011,4044.88,3153.58,122.51
HadGEM3-GC31-MM,u03,RS,2012,3912.78,3344.35,200.57
HadGEM3-GC31-MM,u03,RS,2013,3744.75,2969.92,143.13
HadGEM3-GC31-MM,u03,RS,2014,3559.11,2683.9,66.78
HadGEM3-GC31-MM,u03,RS,2015,3687.28,2881.58,182.39
HadGEM3-GC31-MM,u03,RS,2016,3844.82,2855.79,89.65
HadGEM3-GC31-MM,u03,RS,2017,3832.56,3208.34,191.9
HadGEM3-GC31-MM,u03,RS,2018,3505.24,2966.84,94.83
HadGEM3-GC31-MM,u03,RS,2019,3453,2845.59,146.62
HadGEM3-GC31-MM,u03,RS,2020,3607.95,2654.68,92.29
HadGEM3-GC31-MM,u03,RS,2021,3870.4,2846.65,175.42
HadGEM3-GC31-MM,u03,RS,2022,3484.09,2959.8,174.28
HadGEM3-GC31-MM,u03,RS,2023,3269.17,2541.98,128.78
HadGEM3-GC31-MM,u03,RS,2024,3180.03,2390.1,255.34
HadGEM3-GC31-MM,u03,SE,1990,6276.84,4034.84,0.05
HadGEM3-GC31-MM,u03,SE,1991,6657.17,4320.34,1.09
HadGEM3-GC31-MM,u03,SE,1992,6482.45,4113.9,0.54
HadGEM3-GC31-MM,u03,SE,1993,6844.68,4349.48,0
HadGEM3-GC31-MM,u03,SE,1994,6694.55,4614.45,5.51
HadGEM3-GC31-MM,u03,SE,1995,6782.9,4235.56,0.21
HadGEM3-GC31-MM,u03,SE,1996,7168.97,4814.51,0.01
HadGEM3-GC31-MM,u03,SE,1997,6613.96,4383.87,0.15
HadGEM3-GC31-MM,u03,SE,1998,6854.76,4338.17,0
HadGEM3-GC31-MM,u03,SE,1999,6526.75,4514.7,1.2
HadGEM3-GC31-MM,u03,SE,2000,6320.28,4239.31,0.29
HadGEM3-GC31-MM,u03,SE,2001,6718.62,4185.4,1.04
HadGEM3-GC31-MM,u03,SE,2002,6493.22,4191.1,0.22
HadGEM3-GC31-MM,u03,SE,2003,6615.37,4717.57,0.22
HadGEM3-GC31-MM,u03,SE,2004,6681.01,4438.9,0.02
HadGEM3-GC31-MM,u03,SE,2005,6548.62,4364.03,0.99
HadGEM3-GC31-MM,u03,SE,2006,6364.87,4530.19,1.94
HadGEM3-GC31-MM,u03,SE,2007,6385.22,3937.66,0.87
HadGEM3-GC31-MM,u03,SE,2008,6332.3,4117.06,1.12
HadGEM3-GC31-MM,u03,SE,2009,6617.18,4348.19,0.39
HadGEM3-GC31-MM,u03,SE,2010,7287.86,4760.31,1.82
HadGEM3-GC31-MM,u03,SE,2011,6344.16,4833.23,0.01
HadGEM3-GC31-MM,u03,SE,2012,6770.89,4148.33,0.05
HadGEM3-GC31-MM,u03,SE,2013,6591.72,4652.93,0.02
HadGEM3-GC31-MM,u03,SE,2014,6138.11,3988.52,2.22
HadGEM3-GC31-MM,u03,SE,2015,6265.66,4005.39,0.43
HadGEM3-GC31-MM,u03,SE,2016,6447.33,4191.51,0.16
HadGEM3-GC31-MM,u03,SE,2017,6468.71,4208.2,0
HadGEM3-GC31-MM,u03,SE,2018,6262.18,4404.11,7.36
HadGEM3-GC31-MM,u03,SE,2019,6282.42,4144.09,1.47
HadGEM3-GC31-MM,u03,SE,2020,5932.64,3950.36,1.52
HadGEM3-GC31-MM,u03,SE,2021,6493.62,4085.15,1.17
HadGEM3-GC31-MM,u03,SE,2022,6238.29,4146.55,2.67
HadGEM3-GC31-MM,u03,SE,2023,6439.78,4137.52,0.02
HadGEM3-GC31-MM,u03,SE,2024,6213.91,4432.96,0.16
HadGEM3-GC31-MM,u03,SI,1990,4481.42,3149.01,19.45
HadGEM3-GC31-MM,u03,SI,1991,4825.23,3383.61,22.54
HadGEM3-GC31-MM,u03,SI,1992,4414.25,3423.78,54.25
HadGEM3-GC31-MM,u03,SI,1993,4581.66,3363.83,39.05
HadGEM3-GC31-MM,u03,SI,1994,4170.91,3147.19,45.24
HadGEM3-GC31-MM,u03,SI,1995,4593.74,3245.16,18.89
HadGEM3-GC31-MM,u03,SI,1996,4924.65,3579,14.64
HadGEM3-GC31-MM,u03,SI,1997,4576.27,3295.6,6.9
HadGEM3-GC31-MM,u03,SI,1998,4500.85,3200.44,43.45
HadGEM3-GC31-MM,u03,SI,1999,4437.79,3448.76,17.92
HadGEM3-GC31-MM,u03,SI,2000,4126.14,3379.73,51.15
HadGEM3-GC31-MM,u03,SI,2001,4389.91,2866.06,42.38
HadGEM3-GC31-MM,u03,SI,2002,4165.28,3219.54,31.27
HadGEM3-GC31-MM,u03,SI,2003,4449.5,3303.38,105.54
HadGEM3-GC31-MM,u03,SI,2004,4629.01,3407.14,24.28
HadGEM3-GC31-MM,u03,SI,2005,4712.07,3377.87,23.68
HadGEM3-GC31-MM,u03,SI,2006,4435.72,3544.86,55.48
HadGEM3-GC31-MM,u03,SI,2007,4181.5,2799.78,51.56
HadGEM3-GC31-MM,u03,SI,2008,4270.03,3279.17,32.38
HadGEM3-GC31-MM,u03,SI,2009,4292.34,3275.79,37.26
HadGEM3-GC31-MM,u03,SI,2010,4635.66,3347.86,47.95
HadGEM3-GC31-MM,u03,SI,2011,4308.83,3334.09,46.51
HadGEM3-GC31-MM,u03,SI,2012,4293.34,3344.45,82.33
HadGEM3-GC31-MM,u03,SI,2013,4391.52,3313.86,82.95
HadGEM3-GC31-MM,u03,SI,2014,3933.56,2877.89,24.49
HadGEM3-GC31-MM,u03,SI,2015,4156.53,2985.08,81.16
HadGEM3-GC31-MM,u03,SI,2016,4263.95,3084.75,38.16
HadGEM3-GC31-MM,u03,SI,2017,4299.26,3272.72,82
HadGEM3-GC31-MM,u03,SI,2018,4080.82,3293.34,47.39
HadGEM3-GC31-MM,u03,SI,2019,4048.75,3025.73,66.62
HadGEM3-GC31-MM,u03,SI,2020,4176.68,2922.06,35.99
HadGEM3-GC31-MM,u03,SI,2021,4441.59,3166.59,67.32
HadGEM3-GC31-MM,u03,SI,2022,4028.48,3244.64,82.21
HadGEM3-GC31-MM,u03,SI,2023,3918.84,2910.01,55.93
HadGEM3-GC31-MM,u03,SI,2024,3706.7,2694.77,93.09
HadGEM3-GC31-MM,u03,SK,1990,4961.65,3466.96,30.95
HadGEM3-GC31-MM,u03,SK,1991,5295.21,3668.79,27.46
HadGEM3-GC31-MM,u03,SK,1992,4988.45,3734.75,68.81
HadGEM3-GC31-MM,u03,SK,1993,5170.3,3836.02,33.3
HadGEM3-GC31-MM,u03,SK,1994,4750.57,3461.87,67.57
HadGEM3-GC31-MM,u03,SK,1995,5090.07,3578.54,32.51
HadGEM3-GC31-MM,u03,SK,1996,5435.98,4020.5,17.93
HadGEM3-GC31-MM,u03,SK,1997,5226.2,3717.39,14.51
HadGEM3-GC31-MM,u03,SK,1998,5011.99,3531.34,44.61
HadGEM3-GC31-MM,u03,SK,1999,4907.36,3778.4,17.19
HadGEM3-GC31-MM,u03,SK,2000,4690.15,3740.23,51.14
HadGEM3-GC31-MM,u03,SK,2001,5028.79,3261.67,33.61
HadGEM3-GC31-MM,u03,SK,2002,4799.48,3624.49,40.89
HadGEM3-GC31-MM,u03,SK,2003,5056.66,3842.36,61.51
HadGEM3-GC31-MM,u03,SK,2004,5112.39,3767.7,20.19
HadGEM3-GC31-MM,u03,SK,2005,5194.36,3735.33,21.37
HadGEM3-GC31-MM,u03,SK,2006,5000.65,3937.28,49.71
HadGEM3-GC31-MM,u03,SK,2007,4684.19,3122.68,61.81
HadGEM3-GC31-MM,u03,SK,2008,4663.48,3607.31,28.33
HadGEM3-GC31-MM,u03,SK,2009,4796.36,3522.21,35.94
HadGEM3-GC31-MM,u03,SK,2010,5113.87,3652,43.33
HadGEM3-GC31-MM,u03,SK,2011,4866.19,3714.41,32.5
HadGEM3-GC31-MM,u03,SK,2012,4859.03,3728.19,73.05
HadGEM3-GC31-MM,u03,SK,2013,4859.97,3667.34,67.62
HadGEM3-GC31-MM,u03,SK,2014,4358.95,3151.92,28.27
HadGEM3-GC31-MM,u03,SK,2015,4600.48,3299.18,97.78
HadGEM3-GC31-MM,u03,SK,2016,4769.5,3363.54,35.51
HadGEM3-GC31-MM,u03,SK,2017,4839.28,3699.4,68.13
HadGEM3-GC31-MM,u03,SK,2018,4453.75,3574.48,55.28
HadGEM3-GC31-MM,u03,SK,2019,4440.7,3340.72,62.89
HadGEM3-GC31-MM,u03,SK,2020,4607.24,3213.01,35.72
HadGEM3-GC31-MM,u03,SK,2021,4912.77,3432.15,52.6
HadGEM3-GC31-MM,u03,SK,2022,4545.84,3450.72,70.91
HadGEM3-GC31-MM,u03,SK,2023,4368.92,3197.99,44.97
HadGEM3-GC31-MM,u03,SK,2024,4119.56,3028.36,78.34
HadGEM3-GC31-MM,u03,UK,1990,5591.97,3310.53,0
HadGEM3-GC31-MM,u03,UK,1991,5733.79,3482.53,0
HadGEM3-GC31-MM,u03,UK,1992,5796.94,3363.41,0
HadGEM3-GC31-MM,u03,UK,1993,5838.6,3432.87,0
HadGEM3-GC31-MM,u03,UK,1994,5738.7,3547.54,0
HadGEM3-GC31-MM,u03,UK,1995,5514.07,3312.56,0
HadGEM3-GC31-MM,u03,UK,1996,5858.92,3426.05,0
HadGEM3-GC31-MM,u03,UK,1997,5424.07,3371.25,0
HadGEM3-GC31-MM,u03,UK,1998,5535.77,3156.46,0
HadGEM3-GC31-MM,u03,UK,1999,5530.92,3330.1,0
HadGEM3-GC31-MM,u03,UK,2000,5663.51,3322.03,0
HadGEM3-GC31-MM,u03,UK,2001,5703.27,3554.4,0
HadGEM3-GC31-MM,u03,UK,2002,5586.74,3213.62,0
HadGEM3-GC31-MM,u03,UK,2003,5539.99,3391.58,0
HadGEM3-GC31-MM,u03,UK,2004,5543.21,3414.01,0
HadGEM3-GC31-MM,u03,UK,2005,5463.71,3270.42,0
HadGEM3-GC31-MM,u03,UK,2006,5423.86,3370.8,0
HadGEM3-GC31-MM,u03,UK,2007,5404.16,3248.39,0
HadGEM3-GC31-MM,u03,UK,2008,5705.22,3251.82,0
HadGEM3-GC31-MM,u03,UK,2009,5662.66,3482.01,0
HadGEM3-GC31-MM,u03,UK,2010,6039.02,3602.11,0
HadGEM3-GC31-MM,u03,UK,2011,5504.07,3631.95,0
HadGEM3-GC31-MM,u03,UK,2012,5659.6,3087.84,0
HadGEM3-GC31-MM,u03,UK,2013,5644.59,3560,0
HadGEM3-GC31-MM,u03,UK,2014,5482.89,3297.83,0
HadGEM3-GC31-MM,u03,UK,2015,5742.11,3400.51,0
HadGEM3-GC31-MM,u03,UK,2016,5573.76,3277.83,0
HadGEM3-GC31-MM,u03,UK,2017,5419.23,3261.6,0
HadGEM3-GC31-MM,u03,UK,2018,5559.89,3410.09,0
HadGEM3-GC31-MM,u03,UK,2019,5508.71,3199.61,0
HadGEM3-GC31-MM,u03,UK,2020,5566.33,3392.2,0
HadGEM3-GC31-MM,u03,UK,2021,5448.1,3366.36,0
HadGEM3-GC31-MM,u03,UK,2022,5373.51,3147.36,0.03
HadGEM3-GC31-MM,u03,UK,2023,5242.93,3250.92,0
HadGEM3-GC31-MM,u03,UK,2024,5442.6,3215.94,0
IPSL-CM6A-LR,u03,AL,1990,2732.47,2191.81,113.56
IPSL-CM6A-LR,u03,AL,1991,3105.97,2162.62,86.99
IPSL-CM6A-LR,u03,AL,1992,2981.56,2487.36,122.89
IPSL-CM6A-LR,u03,AL,1993,2958.99,2351.11,142.39
IPSL-CM6A-LR,u03,AL,1994,2685.64,2063.75,152.95
IPSL-CM6A-LR,u03,AL,1995,2968.86,2233.75,91.87
IPSL-CM6A-LR,u03,AL,1996,2944.38,2335.95,115.81
IPSL-CM6A-LR,u03,AL,1997,2863.36,2141.21,103.71
IPSL-CM6A-LR,u03,AL,1998,2750.56,2186.66,229.08
IPSL-CM6A-LR,u03,AL,1999,2638.1,2349.94,192.34
IPSL-CM6A-LR,u03,AL,2000,2711.2,2278.85,211.44
IPSL-CM6A-LR,u03,AL,2001,2601.96,1915.34,218.69
IPSL-CM6A-LR,u03,AL,2002,2559.26,2173.49,159.07
IPSL-CM6A-LR,u03,AL,2003,2666.88,2211.17,250.3
IPSL-CM6A-LR,u03,AL,2004,2701.41,2183.18,157.66
IPSL-CM6A-LR,u03,AL,2005,2789.63,2200.28,104.57
IPSL-CM6A-LR,u03,AL,2006,2808.06,2302.23,132.1
IPSL-CM6A-LR,u03,AL,2007,2586.45,2071.01,203.37
IPSL-CM6A-LR,u03,AL,2008,2576.15,2186.74,180.8
IPSL-CM6A-LR,u03,AL,2009,2553.41,2147.71,113.75
IPSL-CM6A-LR,u03,AL,2010,2504.15,2045.41,141.42
IPSL-CM6A-LR,u03,AL,2011,2815.17,2008.04,147.16
IPSL-CM6A-LR,u03,AL,2012,2878.52,2558.79,278.58
IPSL-CM6A-LR,u03,AL,2013,2618.96,2141.66,184.7
IPSL-CM6A-LR,u03,AL,2014,2698.83,2018.22,131.73
IPSL-CM6A-LR,u03,AL,2015,2872.63,2294.46,173.11
IPSL-CM6A-LR,u03,AL,2016,2734.77,2137.63,165.68
IPSL-CM6A-LR,u03,AL,2017,2899.96,2356.17,235.06
IPSL-CM6A-LR,u03,AL,2018,2580.58,2247.98,117.69
IPSL-CM6A-LR,u03,AL,2019,2676.63,2201.72,225.81
IPSL-CM6A-LR,u03,AL,2020,2774.49,2104.71,159.17
IPSL-CM6A-LR,u03,AL,2021,2738.97,2134.64,267.91
IPSL-CM6A-LR,u03,AL,2022,2730.11,2334.47,219.43
IPSL-CM6A-LR,u03,AL,2023,2625.63,2055.37,192.97
IPSL-CM6A-LR,u03,AL,2024,2450.05,1908.36,313.25
IPSL-CM6A-LR,u03,AT,1990,4357.84,3058.28,25.16
IPSL-CM6A-LR,u03,AT,1991,4726.97,3327.82,17.93
IPSL-CM6A-LR,u03,AT,1992,4308.48,3323.47,63.95
IPSL-CM6A-LR,u03,AT,1993,4533.1,3372.81,28.1
IPSL-CM6A-LR,u03,AT,1994,4103.71,3152.16,60.12
IPSL-CM6A-LR,u03,AT,1995,4513.45,3166.52,29.35
IPSL-CM6A-LR,u03,AT,1996,4925.85,3618.6,12.56
IPSL-CM6A-LR,u03,AT,1997,4491.49,3281.33,9.9
IPSL-CM6A-LR,u03,AT,1998,4384.77,3153.52,40.01
IPSL-CM6A-LR,u03,AT,1999,4351.91,3363.28,15.56
IPSL-CM6A-LR,u03,AT,2000,4101.18,3303.44,42.53
IPSL-CM6A-LR,u03,AT,2001,4416.51,2997.28,34.46
IPSL-CM6A-LR,u03,AT,2002,4146.56,3131.74,34.2
IPSL-CM6A-LR,u03,AT,2003,4378.84,3339.37,78.82
IPSL-CM6A-LR,u03,AT,2004,4504.57,3395.4,21.86
IPSL-CM6A-LR,u03,AT,2005,4603.43,3353.55,20.66
IPSL-CM6A-LR,u03,AT,2006,4391.8,3572.65,46.29
IPSL-CM6A-LR,u03,AT,2007,4124.74,2773.58,48.33
IPSL-CM6A-LR,u03,AT,2008,4189.82,3241.74,24.15
IPSL-CM6A-LR,u03,AT,2009,4280.11,3294.44,27.32
IPSL-CM6A-LR,u03,AT,2010,4674.68,3365.65,41.49
IPSL-CM6A-LR,u03,AT,2011,4190.81,3363.51,33.92
IPSL-CM6A-LR,u03,AT,2012,4292.53,3256.23,56.71
IPSL-CM6A-LR,u03,AT,2013,4401.44,3352.92,65.93
IPSL-CM6A-LR,u03,AT,2014,3900.3,2932.23,25.48
IPSL-CM6A-LR,u03,AT,2015,4030.24,2959.34,93.67
IPSL-CM6A-LR,u03,AT,2016,4171.46,2963.52,30.09
IPSL-CM6A-LR,u03,AT,2017,4223.61,3234.8,65.66
IPSL-CM6A-LR,u03,AT,2018,3920.94,3234.93,62.7
IPSL-CM6A-LR,u03,AT,2019,3952.13,2963.58,70.4
IPSL-CM6A-LR,u03,AT,2020,4045.42,2908.88,35.67
IPSL-CM6A-LR,u03,AT,2021,4352.38,3139.97,47.42
IPSL-CM6A-LR,u03,AT,2022,3942.57,3082.69,61.69
IPSL-CM6A-LR,u03,AT,2023,3862.2,2887.07,60.36
IPSL-CM6A-LR,u03,AT,2024,3702.74,2725.72,79.04
IPSL-CM6A-LR,u03,BE,1990,4110.89,2667.82,16.88
IPSL-CM6A-LR,u03,BE,1991,4506.64,2968.47,5.45
IPSL-CM6A-LR,u03,BE,1992,4235.55,3011.92,5.18
IPSL-CM6A-LR,u03,BE,1993,4382.97,2998.58,1.82
IPSL-CM6A-LR,u03,BE,1994,4060.97,3021.66,23.58
IPSL-CM6A-LR,u03,BE,1995,4159.03,2735.11,29.85
IPSL-CM6A-LR,u03,BE,1996,4778.91,3181.21,8.03
IPSL-CM6A-LR,u03,BE,1997,4209.97,3050.6,12.33
IPSL-CM6A-LR,u03,BE,1998,4240.25,2812.7,8.99
IPSL-CM6A-LR,u03,BE,1999,3929.64,2956.04,7.65
IPSL-CM6A-LR,u03,BE,2000,3983.38,2853.65,6.29
IPSL-CM6A-LR,u03,BE,2001,4173.99,2804.8,13.82
IPSL-CM6A-LR,u03,BE,2002,3950.88,2709.58,11.78
IPSL-CM6A-LR,u03,BE,2003,4104.46,2898.8,28.77
IPSL-CM6A-LR,u03,BE,2004,4111.45,2955.08,8.42
IPSL-CM6A-LR,u03,BE,2005,4007.57,2894.61,13.37
IPSL-CM6A-LR,u03,BE,2006,3912.88,2967.31,32.29
IPSL-CM6A-LR,u03,BE,2007,3796.27,2436.83,3.43
IPSL-CM6A-LR,u03,BE,2008,4144.83,2817.87,3.88
IPSL-CM6A-LR,u03,BE,2009,4130.79,3109.62,8.25
IPSL-CM6A-LR,u03,BE,2010,4579.81,3035.66,17.32
IPSL-CM6A-LR,u03,BE,2011,3865.82,3036.75,6.47
IPSL-CM6A-LR,u03,BE,2012,4237.56,2797.71,10.89
IPSL-CM6A-LR,u03,BE,2013,4433.81,3109.77,14.77
IPSL-CM6A-LR,u03,BE,2014,3759.25,2627.87,7.88
IPSL-CM6A-LR,u03,BE,2015,4020.37,2790.72,22.06
IPSL-CM6A-LR,u03,BE,2016,4080.54,2650.43,14.34
IPSL-CM6A-LR,u03,BE,2017,3954.53,2880.63,16.48
IPSL-CM6A-LR,u03,BE,2018,3857.56,2868.76,39.12
IPSL-CM6A-LR,u03,BE,2019,3927.57,2695.68,36.82
IPSL-CM6A-LR,u03,BE,2020,3706.58,2653.07,36.91
IPSL-CM6A-LR,u03,BE,2021,4146.79,2731.69,6.99
IPSL-CM6A-LR,u03,BE,2022,3741.05,2710.83,42.43
IPSL-CM6A-LR,u03,BE,2023,3692.38,2620.07,22.34
IPSL-CM6A-LR,u03,BE,2024,3727.19,2517.02,20.03
IPSL-CM6A-LR,u03,BG,1990,3580,2910.41,86.91
IPSL-CM6A-LR,u03,BG,1991,4030.82,2937.91,56.08
IPSL-CM6A-LR,u03,BG,1992,3788.57,3100.48,85.31
IPSL-CM6A-LR,u03,BG,1993,3858.72,3058.56,112.17
IPSL-CM6A-LR,u03,BG,1994,3430.9,2791.51,103.93
IPSL-CM6A-LR,u03,BG,1995,3837.76,2888.68,56.87
IPSL-CM6A-LR,u03,BG,1996,4003.91,3380.31,98.59
IPSL-CM6A-LR,u03,BG,1997,4010.6,2919.06,54.69
IPSL-CM6A-LR,u03,BG,1998,3738.66,2991.02,117.86
IPSL-CM6A-LR,u03,BG,1999,3509.55,3038.5,96.61
IPSL-CM6A-LR,u03,BG,2000,3560.49,2987.77,156.86
IPSL-CM6A-LR,u03,BG,2001,3605.01,2566.02,116.56
IPSL-CM6A-LR,u03,BG,2002,3554.28,2919.36,84.97
IPSL-CM6A-LR,u03,BG,2003,3865.76,3132.08,129.98
IPSL-CM6A-LR,u03,BG,2004,3651.74,2984.79,62.57
IPSL-CM6A-LR,u03,BG,2005,3805.23,2870.01,55.67
IPSL-CM6A-LR,u03,BG,2006,3743.77,3078.05,92.56
IPSL-CM6A-LR,u03,BG,2007,3433.71,2596.02,182.49
IPSL-CM6A-LR,u03,BG,2008,3516.1,2975.23,127.38
IPSL-CM6A-LR,u03,BG,2009,3499.65,2824.61,101.11
IPSL-CM6A-LR,u03,BG,2010,3533.26,2810.74,110.14
IPSL-CM6A-LR,u03,BG,2011,3809.23,2872.12,97.05
IPSL-CM6A-LR,u03,BG,2012,3597.09,3223.98,192.6
IPSL-CM6A-LR,u03,BG,2013,3415.22,2730.98,110.93
IPSL-CM6A-LR,u03,BG,2014,3374.93,2607.05,72.44
IPSL-CM6A-LR,u03,BG,2015,3374.05,2815.5,128.73
IPSL-CM6A-LR,u03,BG,2016,3425.65,2571.58,129.48
IPSL-CM6A-LR,u03,BG,2017,3529.37,2983.83,150.66
IPSL-CM6A-LR,u03,BG,2018,3302.52,2740.88,86.23
IPSL-CM6A-LR,u03,BG,2019,3150.45,2725.06,125.3
IPSL-CM6A-LR,u03,BG,2020,3236.89,2436.47,113.19
IPSL-CM6A-LR,u03,BG,2021,3496.59,2621.37,154.47
IPSL-CM6A-LR,u03,BG,2022,3242.91,2819.74,141.26
IPSL-CM6A-LR,u03,BG,2023,3010.05,2373.51,163.21
IPSL-CM6A-LR,u03,BG,2024,2882.16,2258.98,232.79
IPSL-CM6A-LR,u03,CH,1990,4487.75,3037.83,18.68
IPSL-CM6A-LR,u03,CH,1991,4788.32,3276.03,16.75
IPSL-CM6A-LR,u03,CH,1992,4571.37,3389.75,27.03
IPSL-CM6A-LR,u03,CH,1993,4673.36,3257.93,11.44
IPSL-CM6A-LR,u03,CH,1994,4250.6,3150.47,33.35
IPSL-CM6A-LR,u03,CH,1995,4653.38,3102.35,19.71
IPSL-CM6A-LR,u03,CH,1996,4950.96,3340,7.09
IPSL-CM6A-LR,u03,CH,1997,4494.81,3205.05,7.5
IPSL-CM6A-LR,u03,CH,1998,4606.14,3137.26,26.24
IPSL-CM6A-LR,u03,CH,1999,4572.08,3378.83,7.39
IPSL-CM6A-LR,u03,CH,2000,4360.19,3289.26,15.9
IPSL-CM6A-LR,u03,CH,2001,4573.48,3012.38,16.53
IPSL-CM6A-LR,u03,CH,2002,4361.27,3120.01,19.74
IPSL-CM6A-LR,u03,CH,2003,4458.74,3190.76,81.66
IPSL-CM6A-LR,u03,CH,2004,4633.56,3357.78,13.5
IPSL-CM6A-LR,u03,CH,2005,4727.17,3341.38,22.64
IPSL-CM6A-LR,u03,CH,2006,4480.31,3485.03,36.04
IPSL-CM6A-LR,u03,CH,2007,4377.86,2855.98,10.34
IPSL-CM6A-LR,u03,CH,2008,4564.71,3251.42,13.03
IPSL-CM6A-LR,u03,CH,2009,4471.64,3425.99,17.25
IPSL-CM6A-LR,u03,CH,2010,4861.62,3348.36,25.55
IPSL-CM6A-LR,u03,CH,2011,4229.32,3264.69,19.34
IPSL-CM6A-LR,u03,CH,2012,4529.91,3213.81,21.84
IPSL-CM6A-LR,u03,CH,2013,4737.66,3362.17,29.29
IPSL-CM6A-LR,u03,CH,2014,4180.9,3028.13,12.73
IPSL-CM6A-LR,u03,CH,2015,4289.07,3035.22,62.44
IPSL-CM6A-LR,u03,CH,2016,4458.6,3027.01,22.23
IPSL-CM6A-LR,u03,CH,2017,4421.54,3207.35,34.92
IPSL-CM6A-LR,u03,CH,2018,4120.88,3246.53,41.8
IPSL-CM6A-LR,u03,CH,2019,4301.24,3039.25,46.83
IPSL-CM6A-LR,u03,CH,2020,4174.11,2929.98,28.84
IPSL-CM6A-LR,u03,CH,2021,4573.88,3139.4,14.11
IPSL-CM6A-LR,u03,CH,2022,3995.58,3126.19,54.45
IPSL-CM6A-LR,u03,CH,2023,4034.6,2869.39,46.69
IPSL-CM6A-LR,u03,CH,2024,4094.84,2802.69,31.35
IPSL-CM6A-LR,u03,CY,1990,1522.26,1377.71,298.94
IPSL-CM6A-LR,u03,CY,1991,1549.68,1191.65,270.71
IPSL-CM6A-LR,u03,CY,1992,1950.1,1642.26,258.02
IPSL-CM6A-LR,u03,CY,1993,1667.33,1552.34,321.86
IPSL-CM6A-LR,u03,CY,1994,1460.73,1192.24,319.37
IPSL-CM6A-LR,u03,CY,1995,1595.75,1314.01,330.89
IPSL-CM6A-LR,u03,CY,1996,1471.46,1428.57,345.64
IPSL-CM6A-LR,u03,CY,1997,1588.29,1281.64,299.22
IPSL-CM6A-LR,u03,CY,1998,1417.05,1296.7,387.18
IPSL-CM6A-LR,u03,CY,1999,1268.59,1124.07,339.88
IPSL-CM6A-LR,u03,CY,2000,1538.28,1297.16,398.9
IPSL-CM6A-LR,u03,CY,2001,1322.68,1120.89,363.89
IPSL-CM6A-LR,u03,CY,2002,1425.41,1256.97,369.43
IPSL-CM6A-LR,u03,CY,2003,1505.94,1315.25,354.35
IPSL-CM6A-LR,u03,CY,2004,1460.9,1251.83,333.26
IPSL-CM6A-LR,u03,CY,2005,1474.56,1250.38,318.43
IPSL-CM6A-LR,u03,CY,2006,1486.59,1284.52,342.72
IPSL-CM6A-LR,u03,CY,2007,1315.84,1271.26,450.64
IPSL-CM6A-LR,u03,CY,2008,1246.76,1135.28,467.21
IPSL-CM6A-LR,u03,CY,2009,1229.57,1083.79,436.34
IPSL-CM6A-LR,u03,CY,2010,991.97,930.08,441.23
IPSL-CM6A-LR,u03,CY,2011,1348.43,953.65,409.57
IPSL-CM6A-LR,u03,CY,2012,1288.24,1313.45,506.1
IPSL-CM6A-LR,u03,CY,2013,1152.58,947.45,430.86
IPSL-CM6A-LR,u03,CY,2014,858.91,893.35,358.9
IPSL-CM6A-LR,u03,CY,2015,1052.57,912.24,359.96
IPSL-CM6A-LR,u03,CY,2016,1108.37,909.68,381.62
IPSL-CM6A-LR,u03,CY,2017,1064,1103.64,424.01
IPSL-CM6A-LR,u03,CY,2018,843.39,748.37,368.47
IPSL-CM6A-LR,u03,CY,2019,1031.39,958.54,395.3
IPSL-CM6A-LR,u03,CY,2020,926.61,894.43,379.22
IPSL-CM6A-LR,u03,CY,2021,813.83,675.34,503.01
IPSL-CM6A-LR,u03,CY,2022,939.12,933.75,459.5
IPSL-CM6A-LR,u03,CY,2023,735,662.86,491.84
IPSL-CM6A-LR,u03,CY,2024,704.28,558.33,547.14
IPSL-CM6A-LR,u03,CZ,1990,4523.64,3174.83,29.48
IPSL-CM6A-LR,u03,CZ,1991,4937.02,3422.14,18.39
IPSL-CM6A-LR,u03,CZ,1992,4539.66,3446.73,58.58
IPSL-CM6A-LR,u03,CZ,1993,4803.82,3571.36,21.88
IPSL-CM6A-LR,u03,CZ,1994,4410.91,3310.65,73.89
IPSL-CM6A-LR,u03,CZ,1995,4739.26,3314.31,34.79
IPSL-CM6A-LR,u03,CZ,1996,5300.35,3870.08,13.54
IPSL-CM6A-LR,u03,CZ,1997,4839.76,3523.56,13.56
IPSL-CM6A-LR,u03,CZ,1998,4628.43,3321.29,35.85
IPSL-CM6A-LR,u03,CZ,1999,4523.14,3496.73,17.45
IPSL-CM6A-LR,u03,CZ,2000,4310.82,3397.32,40.11
IPSL-CM6A-LR,u03,CZ,2001,4739.39,3188.56,22.69
IPSL-CM6A-LR,u03,CZ,2002,4467.16,3304.28,28.36
IPSL-CM6A-LR,u03,CZ,2003,4654.46,3603.07,67.7
IPSL-CM6A-LR,u03,CZ,2004,4724.3,3536.3,23.73
IPSL-CM6A-LR,u03,CZ,2005,4770.42,3476.03,21.57
IPSL-CM6A-LR,u03,CZ,2006,4623.39,3733.45,54.56
IPSL-CM6A-LR,u03,CZ,2007,4324.56,2887.32,42.74
IPSL-CM6A-LR,u03,CZ,2008,4395.5,3346.79,28.6
IPSL-CM6A-LR,u03,CZ,2009,4504.46,3398.16,22.42
IPSL-CM6A-LR,u03,CZ,2010,4977.55,3527.76,46.33
IPSL-CM6A-LR,u03,CZ,2011,4456.4,3557.25,22.72
IPSL-CM6A-LR,u03,CZ,2012,4577.25,3396.92,42.14
IPSL-CM6A-LR,u03,CZ,2013,4698.75,3552.28,52.71
IPSL-CM6A-LR,u03,CZ,2014,4104.95,3047.5,31.77
IPSL-CM6A-LR,u03,CZ,2015,4206.65,3055.87,97.79
IPSL-CM6A-LR,u03,CZ,2016,4422.78,3099.3,28.53
IPSL-CM6A-LR,u03,CZ,2017,4449.67,3415.1,48.56
IPSL-CM6A-LR,u03,CZ,2018,4111.85,3330.45,71.66
IPSL-CM6A-LR,u03,CZ,2019,4106.54,3098.85,63.18
IPSL-CM6A-LR,u03,CZ,2020,4252.75,2985.42,28.7
IPSL-CM6A-LR,u03,CZ,2021,4628.02,3284.28,29.5
IPSL-CM6A-LR,u03,CZ,2022,4234.85,3177.67,55.64
IPSL-CM6A-LR,u03,CZ,2023,4068.98,3054.34,53.24
IPSL-CM6A-LR,u03,CZ,2024,3911.01,2868.19,59.43
IPSL-CM6A-LR,u03,DE,1990,4267.07,2895.67,21.3
IPSL-CM6A-LR,u03,DE,1991,4659.26,3172.27,21.29
IPSL-CM6A-LR,u03,DE,1992,4354.79,3205.33,30.15
IPSL-CM6A-LR,u03,DE,1993,4599.47,3247.83,9.88
IPSL-CM6A-LR,u03,DE,1994,4208.42,3186.03,48.19
IPSL-CM6A-LR,u03,DE,1995,4492,3020.49,34.48
IPSL-CM6A-LR,u03,DE,1996,5079.78,3540.43,11.17
IPSL-CM6A-LR,u03,DE,1997,4477.75,3269.99,14.85
IPSL-CM6A-LR,u03,DE,1998,4412.58,3045.97,21.62
IPSL-CM6A-LR,u03,DE,1999,4242.47,3211.66,15.43
IPSL-CM6A-LR,u03,DE,2000,4135.59,3092.02,19.35
IPSL-CM6A-LR,u03,DE,2001,4415.76,2988.49,24.65
IPSL-CM6A-LR,u03,DE,2002,4224.73,2980.63,18.3
IPSL-CM6A-LR,u03,DE,2003,4357.97,3246.5,61.63
IPSL-CM6A-LR,u03,DE,2004,4467.29,3223.13,15.94
IPSL-CM6A-LR,u03,DE,2005,4427.46,3207.45,18.31
IPSL-CM6A-LR,u03,DE,2006,4268.49,3360.17,43.99
IPSL-CM6A-LR,u03,DE,2007,4129.87,2653.81,15.04
IPSL-CM6A-LR,u03,DE,2008,4308.14,3084.81,16.74
IPSL-CM6A-LR,u03,DE,2009,4368.96,3297.67,13.83
IPSL-CM6A-LR,u03,DE,2010,4875.35,3322.88,34.86
IPSL-CM6A-LR,u03,DE,2011,4189.42,3324.51,11.8
IPSL-CM6A-LR,u03,DE,2012,4422.64,3096.11,20.09
IPSL-CM6A-LR,u03,DE,2013,4573.31,3357.62,30.61
IPSL-CM6A-LR,u03,DE,2014,3950.6,2841.32,17.76
IPSL-CM6A-LR,u03,DE,2015,4152.79,2943.62,54.06
IPSL-CM6A-LR,u03,DE,2016,4290.16,2906.34,21.32
IPSL-CM6A-LR,u03,DE,2017,4238.3,3145.25,21.03
IPSL-CM6A-LR,u03,DE,2018,3997.89,3105.58,55.9
IPSL-CM6A-LR,u03,DE,2019,4066.73,2892.78,54.05
IPSL-CM6A-LR,u03,DE,2020,3974.4,2830.58,33.7
IPSL-CM6A-LR,u03,DE,2021,4395.31,3010.27,15.55
IPSL-CM6A-LR,u03,DE,2022,3955.46,2940.55,54.72
IPSL-CM6A-LR,u03,DE,2023,3890.96,2810.02,31.46
IPSL-CM6A-LR,u03,DE,2024,3841.8,2717.7,29.07
IPSL-CM6A-LR,u03,DK,1990,4860.65,3149.11,0.32
IPSL-CM6A-LR,u03,DK,1991,5268.59,3451.33,0.2
IPSL-CM6A-LR,u03,DK,1992,5020.8,3330.56,0.53
IPSL-CM6A-LR,u03,DK,1993,5464.91,3511.47,0
IPSL-CM6A-LR,u03,DK,1994,5129.04,3640.19,2.18
IPSL-CM6A-LR,u03,DK,1995,5311.6,3387.68,0.24
IPSL-CM6A-LR,u03,DK,1996,5830.2,3943.74,0.15
IPSL-CM6A-LR,u03,DK,1997,5251.67,3592.09,0.68
IPSL-CM6A-LR,u03,DK,1998,5373.31,3415.87,0
IPSL-CM6A-LR,u03,DK,1999,5125.83,3632.36,0.01
IPSL-CM6A-LR,u03,DK,2000,4980.61,3376.74,0.49
IPSL-CM6A-LR,u03,DK,2001,5280.56,3395.16,0.08
IPSL-CM6A-LR,u03,DK,2002,4946.81,3286.41,0.05
IPSL-CM6A-LR,u03,DK,2003,5134.08,3741.55,0.07
IPSL-CM6A-LR,u03,DK,2004,5160.21,3515.9,0.08
IPSL-CM6A-LR,u03,DK,2005,5105.16,3438.9,0.01
IPSL-CM6A-LR,u03,DK,2006,4865.07,3583.29,0.32
IPSL-CM6A-LR,u03,DK,2007,4835.32,2931,0.15
IPSL-CM6A-LR,u03,DK,2008,4893.32,3282.05,0.21
IPSL-CM6A-LR,u03,DK,2009,5030.93,3423.92,0.03
IPSL-CM6A-LR,u03,DK,2010,5695.12,3731.53,0.27
IPSL-CM6A-LR,u03,DK,2011,5136.19,3838.91,0
IPSL-CM6A-LR,u03,DK,2012,5399.96,3363.24,0.02
IPSL-CM6A-LR,u03,DK,2013,5334.97,3770.98,0.23
IPSL-CM6A-LR,u03,DK,2014,4767.54,3187.15,0.41
IPSL-CM6A-LR,u03,DK,2015,5069.29,3212.06,0.1
IPSL-CM6A-LR,u03,DK,2016,5125.63,3315.19,0.06
IPSL-CM6A-LR,u03,DK,2017,5158.84,3428.64,0
IPSL-CM6A-LR,u03,DK,2018,4939.73,3513.27,4.74
IPSL-CM6A-LR,u03,DK,2019,4950.73,3235.86,1.05
IPSL-CM6A-LR,u03,DK,2020,4831.92,3168.52,1.34
IPSL-CM6A-LR,u03,DK,2021,5210.18,3372.68,0.4
IPSL-CM6A-LR,u03,DK,2022,4951.42,3260.53,1.79
IPSL-CM6A-LR,u03,DK,2023,4989.34,3243.03,0
IPSL-CM6A-LR,u03,DK,2024,4849.41,3377.57,0
IPSL-CM6A-LR,u03,EE,1990,6228.14,4109.78,0
IPSL-CM6A-LR,u03,EE,1991,6370.33,4310.28,0
IPSL-CM6A-LR,u03,EE,1992,6324.95,4016.86,1.79
IPSL-CM6A-LR,u03,EE,1993,6783.17,4351.21,0
IPSL-CM6A-LR,u03,EE,1994,6748.24,4868.65,5.49
IPSL-CM6A-LR,u03,EE,1995,6406.8,4237.07,0.75
IPSL-CM6A-LR,u03,EE,1996,7009.47,4881.87,0.02
IPSL-CM6A-LR,u03,EE,1997,6528.48,4271.34,0.85
IPSL-CM6A-LR,u03,EE,1998,6712.47,4473.47,0.08
IPSL-CM6A-LR,u03,EE,1999,6275.24,4623.19,2.58
IPSL-CM6A-LR,u03,EE,2000,6133.46,4203.61,0.06
IPSL-CM6A-LR,u03,EE,2001,6467.62,4159.18,1.42
IPSL-CM6A-LR,u03,EE,2002,6397.73,4300.21,1.93
IPSL-CM6A-LR,u03,EE,2003,6613.75,4973.31,2.32
IPSL-CM6A-LR,u03,EE,2004,6511.33,4444.32,0
IPSL-CM6A-LR,u03,EE,2005,6466.17,4469.84,0.61
IPSL-CM6A-LR,u03,EE,2006,6264.76,4610.51,4.42
IPSL-CM6A-LR,u03,EE,2007,6187.46,4039.85,0.52
IPSL-CM6A-LR,u03,EE,2008,6064.85,4033.96,0
IPSL-CM6A-LR,u03,EE,2009,6477.13,4196.36,0.09
IPSL-CM6A-LR,u03,EE,2010,6902.31,4878.61,9.46
IPSL-CM6A-LR,u03,EE,2011,6168.42,4833.88,2.16
IPSL-CM6A-LR,u03,EE,2012,6757.55,4317.47,0.72
IPSL-CM6A-LR,u03,EE,2013,6269.78,4690.09,0.67
IPSL-CM6A-LR,u03,EE,2014,6235.4,4065.73,3.35
IPSL-CM6A-LR,u03,EE,2015,5989.89,4084.05,0.28
IPSL-CM6A-LR,u03,EE,2016,6341.5,4205.26,0.57
IPSL-CM6A-LR,u03,EE,2017,6394.96,4302.66,0.08
IPSL-CM6A-LR,u03,EE,2018,6133.54,4412.38,5.87
IPSL-CM6A-LR,u03,EE,2019,6009.41,4186.32,2.44
IPSL-CM6A-LR,u03,EE,2020,5730.66,3794.54,1.13
IPSL-CM6A-LR,u03,EE,2021,6330.02,4177.19,10.41
IPSL-CM6A-LR,u03,EE,2022,6174.3,4207.98,6.56
IPSL-CM6A-LR,u03,EE,2023,6116.46,4180.2,1.99
IPSL-CM6A-LR,u03,EE,2024,5791.22,4440.91,1.51
IPSL-CM6A-LR,u03,EL,1990,1984.54,1764.34,222.74
IPSL-CM6A-LR,u03,EL,1991,2339.32,1736.41,191.82
IPSL-CM6A-LR,u03,EL,1992,2250.2,1997.63,196.39
IPSL-CM6A-LR,u03,EL,1993,2177.27,1871.28,243.74
IPSL-CM6A-LR,u03,EL,1994,1942.23,1611.47,260.83
IPSL-CM6A-LR,u03,EL,1995,2112.57,1694.54,228.37
IPSL-CM6A-LR,u03,EL,1996,2210.91,1942.54,227.04
IPSL-CM6A-LR,u03,EL,1997,2221.12,1708,221.2
IPSL-CM6A-LR,u03,EL,1998,2081.72,1813.75,338.32
IPSL-CM6A-LR,u03,EL,1999,1935.03,1796.77,308.91
IPSL-CM6A-LR,u03,EL,2000,2078.33,1811.08,315.56
IPSL-CM6A-LR,u03,EL,2001,1986.18,1479.59,320.15
IPSL-CM6A-LR,u03,EL,2002,2020.26,1840.81,269.14
IPSL-CM6A-LR,u03,EL,2003,2177.11,1851.26,326.09
IPSL-CM6A-LR,u03,EL,2004,2120.11,1794.78,228.73
IPSL-CM6A-LR,u03,EL,2005,2187.21,1770.31,196.74
IPSL-CM6A-LR,u03,EL,2006,2271.09,1920.01,232.98
IPSL-CM6A-LR,u03,EL,2007,2055.65,1748.7,310.24
IPSL-CM6A-LR,u03,EL,2008,2049.95,1819.39,267.87
IPSL-CM6A-LR,u03,EL,2009,1981.76,1713.08,219.59
IPSL-CM6A-LR,u03,EL,2010,1846.85,1578.81,268.5
IPSL-CM6A-LR,u03,EL,2011,2284.33,1660.09,227.02
IPSL-CM6A-LR,u03,EL,2012,2106.43,2062.47,338.07
IPSL-CM6A-LR,u03,EL,2013,1927.24,1575.8,233.03
IPSL-CM6A-LR,u03,EL,2014,1902.18,1595.49,222.89
IPSL-CM6A-LR,u03,EL,2015,2108.93,1772.03,228.73
IPSL-CM6A-LR,u03,EL,2016,1988.23,1601.04,264.19
IPSL-CM6A-LR,u03,EL,2017,2122.08,1861.78,278.69
IPSL-CM6A-LR,u03,EL,2018,1845.8,1644.19,222.73
IPSL-CM6A-LR,u03,EL,2019,1954.16,1755.33,271.82
IPSL-CM6A-LR,u03,EL,2020,2002.47,1589.2,222.53
IPSL-CM6A-LR,u03,EL,2021,2040.52,1600.37,316.69
IPSL-CM6A-LR,u03,EL,2022,2035.27,1871.95,261.66
IPSL-CM6A-LR,u03,EL,2023,1842.54,1527.18,292.28
IPSL-CM6A-LR,u03,EL,2024,1701.84,1397.72,398.41
IPSL-CM6A-LR,u03,ES,1990,2177.15,1465.52,196.99
IPSL-CM6A-LR,u03,ES,1991,2488.13,1887.68,213.44
IPSL-CM6A-LR,u03,ES,1992,2399.26,1947.91,151.65
IPSL-CM6A-LR,u03,ES,1993,2509.52,1825.34,157.36
IPSL-CM6A-LR,u03,ES,1994,2159.54,1814.38,231.88
IPSL-CM6A-LR,u03,ES,1995,2018.53,1601.27,175.56
IPSL-CM6A-LR,u03,ES,1996,2278.92,1609.98,155.85
IPSL-CM6A-LR,u03,ES,1997,1956.92,1604.55,131.34
IPSL-CM6A-LR,u03,ES,1998,2188.86,1542.27,199.36
IPSL-CM6A-LR,u03,ES,1999,2243.19,1819.41,189.08
IPSL-CM6A-LR,u03,ES,2000,2218.45,1787.48,180.5
IPSL-CM6A-LR,u03,ES,2001,2162.29,1611.27,197.36
IPSL-CM6A-LR,u03,ES,2002,2099.06,1728.29,161.08
IPSL-CM6A-LR,u03,ES,2003,2142.71,1651.77,282.08
IPSL-CM6A-LR,u03,ES,2004,2286.04,1755.27,203.21
IPSL-CM6A-LR,u03,ES,2005,2336.58,1881.94,221.26
IPSL-CM6A-LR,u03,ES,2006,2060.94,1840.6,215.76
IPSL-CM6A-LR,u03,ES,2007,2215.87,1585.92,158.16
IPSL-CM6A-LR,u03,ES,2008,2276.28,1709.31,181.44
IPSL-CM6A-LR,u03,ES,2009,2143.66,1866.81,237.69
IPSL-CM6A-LR,u03,ES,2010,2372.4,1731.38,211.97
IPSL-CM6A-LR,u03,ES,2011,2026.82,1803.26,188.33
IPSL-CM6A-LR,u03,ES,2012,2272.64,1729.56,236.95
IPSL-CM6A-LR,u03,ES,2013,2302.24,1745.08,197.19
IPSL-CM6A-LR,u03,ES,2014,1985.76,1671.88,167.7
IPSL-CM6A-LR,u03,ES,2015,2031.08,1677.12,261.15
IPSL-CM6A-LR,u03,ES,2016,2107.84,1550.98,234
IPSL-CM6A-LR,u03,ES,2017,2058.69,1629.37,257.06
IPSL-CM6A-LR,u03,ES,2018,2177.98,1761.21,214.54
IPSL-CM6A-LR,u03,ES,2019,2071.22,1629.01,228.98
IPSL-CM6A-LR,u03,ES,2020,1992.15,1551.72,235.48
IPSL-CM6A-LR,u03,ES,2021,2091.14,1652.68,215.22
IPSL-CM6A-LR,u03,ES,2022,1871.88,1642.33,315.57
IPSL-CM6A-LR,u03,ES,2023,1886.89,1467.06,279.72
IPSL-CM6A-LR,u03,ES,2024,1846.27,1431.04,260.65
IPSL-CM6A-LR,u03,FI,1990,7054.92,4699.1,0
IPSL-CM6A-LR,u03,FI,1991,7232.4,4884.93,0.02
IPSL-CM6A-LR,u03,FI,1992,7190.76,4479.75,0.04
IPSL-CM6A-LR,u03,FI,1993,7501.15,4821.17,0
IPSL-CM6A-LR,u03,FI,1994,7550.98,5321.11,2.58
IPSL-CM6A-LR,u03,FI,1995,7255.08,4611.68,0.13
IPSL-CM6A-LR,u03,FI,1996,7687.81,5317.73,0
IPSL-CM6A-LR,u03,FI,1997,7296.24,4788.86,0.6
IPSL-CM6A-LR,u03,FI,1998,7561.69,5006.84,0
IPSL-CM6A-LR,u03,FI,1999,7218.36,5094.53,1.19
IPSL-CM6A-LR,u03,FI,2000,6874.56,4691.18,0.04
IPSL-CM6A-LR,u03,FI,2001,7341.92,4632.8,0.27
IPSL-CM6A-LR,u03,FI,2002,7287.05,4818.54,0
IPSL-CM6A-LR,u03,FI,2003,7350.53,5477.81,1.44
IPSL-CM6A-LR,u03,FI,2004,7266.76,4890.11,0
IPSL-CM6A-LR,u03,FI,2005,7059.66,4843.07,0.29
IPSL-CM6A-LR,u03,FI,2006,7032.1,5005.82,0.82
IPSL-CM6A-LR,u03,FI,2007,6975.29,4594.13,0.02
IPSL-CM6A-LR,u03,FI,2008,6853.08,4440.1,0
IPSL-CM6A-LR,u03,FI,2009,7271.16,4642.78,0
IPSL-CM6A-LR,u03,FI,2010,7735.21,5342.26,4.48
IPSL-CM6A-LR,u03,FI,2011,6860.67,5397.99,1.55
IPSL-CM6A-LR,u03,FI,2012,7439.16,4633.22,0
IPSL-CM6A-LR,u03,FI,2013,6913.96,5043.99,0.37
IPSL-CM6A-LR,u03,FI,2014,6815.13,4454.92,1.87
IPSL-CM6A-LR,u03,FI,2015,6664.37,4454.72,0.06
IPSL-CM6A-LR,u03,FI,2016,7078.01,4616.38,0
IPSL-CM6A-LR,u03,FI,2017,7096.19,4686.75,0
IPSL-CM6A-LR,u03,FI,2018,6897.53,4850.73,3.76
IPSL-CM6A-LR,u03,FI,2019,6926.94,4650.39,1.58
IPSL-CM6A-LR,u03,FI,2020,6410.69,4326.58,1.08
IPSL-CM6A-LR,u03,FI,2021,7155.92,4602.46,4.73
IPSL-CM6A-LR,u03,FI,2022,6909.12,4717.61,1.99
IPSL-CM6A-LR,u03,FI,2023,7030.09,4608.82,0.91
IPSL-CM6A-LR,u03,FI,2024,6763.35,5105.87,0.58
IPSL-CM6A-LR,u03,FR,1990,3436.34,2360.14,60
IPSL-CM6A-LR,u03,FR,1991,3834.87,2644.4,46.72
IPSL-CM6A-LR,u03,FR,1992,3671.48,2753.39,40.09
IPSL-CM6A-LR,u03,FR,1993,3761.78,2619.52,27.16
IPSL-CM6A-LR,u03,FR,1994,3374.63,2582.56,61.65
IPSL-CM6A-LR,u03,FR,1995,3529.5,2388.97,57.88
IPSL-CM6A-LR,u03,FR,1996,3903.52,2633.96,31.47
IPSL-CM6A-LR,u03,FR,1997,3454.48,2616.88,36.89
IPSL-CM6A-LR,u03,FR,1998,3641.69,2464.94,46.19
IPSL-CM6A-LR,u03,FR,1999,3455.9,2632.54,34.36
IPSL-CM6A-LR,u03,FR,2000,3433.54,2597.63,34.36
IPSL-CM6A-LR,u03,FR,2001,3562.85,2388.88,48.14
IPSL-CM6A-LR,u03,FR,2002,3371.52,2470.7,34.32
IPSL-CM6A-LR,u03,FR,2003,3446.41,2494.12,124.51
IPSL-CM6A-LR,u03,FR,2004,3614.42,2637.08,40.15
IPSL-CM6A-LR,u03,FR,2005,3604.31,2656.79,54.52
IPSL-CM6A-LR,u03,FR,2006,3420.02,2717.81,72.11
IPSL-CM6A-LR,u03,FR,2007,3432.24,2262.35,24.15
IPSL-CM6A-LR,u03,FR,2008,3598.49,2583.85,32.47
IPSL-CM6A-LR,u03,FR,2009,3508.85,2753.73,54.2
IPSL-CM6A-LR,u03,FR,2010,3889.56,2670.7,48.3
IPSL-CM6A-LR,u03,FR,2011,3234.55,2663.86,32.86
IPSL-CM6A-LR,u03,FR,2012,3573.73,2458.76,48.93
IPSL-CM6A-LR,u03,FR,2013,3723,2664.4,50.23
IPSL-CM6A-LR,u03,FR,2014,3182.56,2347.95,28.1
IPSL-CM6A-LR,u03,FR,2015,3333.98,2434.46,81.43
IPSL-CM6A-LR,u03,FR,2016,3502.62,2351.96,55.16
IPSL-CM6A-LR,u03,FR,2017,3405.4,2550.49,69.93
IPSL-CM6A-LR,u03,FR,2018,3240.14,2546.8,78.75
IPSL-CM6A-LR,u03,FR,2019,3321.49,2388.72,91.59
IPSL-CM6A-LR,u03,FR,2020,3132.25,2301.3,74.61
IPSL-CM6A-LR,u03,FR,2021,3518.04,2437.2,38.76
IPSL-CM6A-LR,u03,FR,2022,3075.16,2469.85,115.63
IPSL-CM6A-LR,u03,FR,2023,3084.45,2274.17,71.04
IPSL-CM6A-LR,u03,FR,2024,3195.02,2215.21,62.67
IPSL-CM6A-LR,u03,HR,1990,3212.67,2486.37,74.68
IPSL-CM6A-LR,u03,HR,1991,3606.01,2668.03,75.87
IPSL-CM6A-LR,u03,HR,1992,3185.21,2756.59,118.28
IPSL-CM6A-LR,u03,HR,1993,3396.47,2703.57,106.33
IPSL-CM6A-LR,u03,HR,1994,3009.36,2490.33,133.26
IPSL-CM6A-LR,u03,HR,1995,3363.01,2568.38,66.52
IPSL-CM6A-LR,u03,HR,1996,3649.46,2906.5,56.48
IPSL-CM6A-LR,u03,HR,1997,3394.93,2620.37,51.76
IPSL-CM6A-LR,u03,HR,1998,3337.32,2557.84,124.67
IPSL-CM6A-LR,u03,HR,1999,3236.67,2797.01,71.86
IPSL-CM6A-LR,u03,HR,2000,2963.23,2712.83,145.1
IPSL-CM6A-LR,u03,HR,2001,3215.09,2183,106.23
IPSL-CM6A-LR,u03,HR,2002,3024.87,2597.42,84.97
IPSL-CM6A-LR,u03,HR,2003,3363.25,2698.35,203.81
IPSL-CM6A-LR,u03,HR,2004,3399.51,2739.77,79.02
IPSL-CM6A-LR,u03,HR,2005,3569.26,2749.13,66.24
IPSL-CM6A-LR,u03,HR,2006,3285.15,2835.26,114.9
IPSL-CM6A-LR,u03,HR,2007,3063.92,2178.18,141.03
IPSL-CM6A-LR,u03,HR,2008,3090.93,2673.47,114.05
IPSL-CM6A-LR,u03,HR,2009,3130.73,2581,110.88
IPSL-CM6A-LR,u03,HR,2010,3424.43,2652,108.64
IPSL-CM6A-LR,u03,HR,2011,3220.03,2682.79,123.13
IPSL-CM6A-LR,u03,HR,2012,3183.49,2741.32,200.48
IPSL-CM6A-LR,u03,HR,2013,3204.25,2603.22,143.57
IPSL-CM6A-LR,u03,HR,2014,2793.23,2225.56,64.85
IPSL-CM6A-LR,u03,HR,2015,3063.29,2371.64,168.3
IPSL-CM6A-LR,u03,HR,2016,3142.16,2420.41,95.5
IPSL-CM6A-LR,u03,HR,2017,3172.51,2683.25,184.65
IPSL-CM6A-LR,u03,HR,2018,2927.6,2591.07,117.95
IPSL-CM6A-LR,u03,HR,2019,2900.82,2385.31,152.94
IPSL-CM6A-LR,u03,HR,2020,3027.45,2263.15,105.48
IPSL-CM6A-LR,u03,HR,2021,3235.15,2460.62,168.63
IPSL-CM6A-LR,u03,HR,2022,2843.7,2537.09,178.63
IPSL-CM6A-LR,u03,HR,2023,2705.16,2199.54,133.31
IPSL-CM6A-LR,u03,HR,2024,2604.55,2000.73,223.13
IPSL-CM6A-LR,u03,HU,1990,3641.04,2806.58,68.02
IPSL-CM6A-LR,u03,HU,1991,4043.13,3071.98,60.92
IPSL-CM6A-LR,u03,HU,1992,3689.96,3105.44,130.2
IPSL-CM6A-LR,u03,HU,1993,3917.72,3203.28,80
IPSL-CM6A-LR,u03,HU,1994,3515.36,2868.07,123.97
IPSL-CM6A-LR,u03,HU,1995,3831.96,2961.92,79.91
IPSL-CM6A-LR,u03,HU,1996,4088.14,3389.02,50.56
IPSL-CM6A-LR,u03,HU,1997,3897.15,3030.34,44.81
IPSL-CM6A-LR,u03,HU,1998,3775.58,2870.5,97.62
IPSL-CM6A-LR,u03,HU,1999,3702.23,3184.5,42.87
IPSL-CM6A-LR,u03,HU,2000,3436.66,3103.25,118.84
IPSL-CM6A-LR,u03,HU,2001,3755.56,2641.6,78.31
IPSL-CM6A-LR,u03,HU,2002,3619.33,3016.65,93.93
IPSL-CM6A-LR,u03,HU,2003,4030.96,3330.86,141.12
IPSL-CM6A-LR,u03,HU,2004,3957.13,3200.72,55.49
IPSL-CM6A-LR,u03,HU,2005,4068.5,3182.41,45.7
IPSL-CM6A-LR,u03,HU,2006,3849.75,3304.25,92.6
IPSL-CM6A-LR,u03,HU,2007,3528.01,2578.73,140.79
IPSL-CM6A-LR,u03,HU,2008,3567.45,3044.93,79.95
IPSL-CM6A-LR,u03,HU,2009,3645.14,2969.38,90.45
IPSL-CM6A-LR,u03,HU,2010,3983.98,3047.05,83.98
IPSL-CM6A-LR,u03,HU,2011,3811.81,3169.94,91.43
IPSL-CM6A-LR,u03,HU,2012,3723.65,3164.29,161.45
IPSL-CM6A-LR,u03,HU,2013,3711.77,3054.23,130.35
IPSL-CM6A-LR,u03,HU,2014,3306.55,2627.8,65.81
IPSL-CM6A-LR,u03,HU,2015,3545.03,2760.06,161.27
IPSL-CM6A-LR,u03,HU,2016,3690.47,2842.12,74.35
IPSL-CM6A-LR,u03,HU,2017,3723.84,3170.4,141.28
IPSL-CM6A-LR,u03,HU,2018,3392.48,2978.21,111.03
IPSL-CM6A-LR,u03,HU,2019,3324.46,2762.1,129.37
IPSL-CM6A-LR,u03,HU,2020,3501.52,2672.71,83.43
IPSL-CM6A-LR,u03,HU,2021,3793.78,2845.97,144.37
IPSL-CM6A-LR,u03,HU,2022,3461.44,2926.39,169.99
IPSL-CM6A-LR,u03,HU,2023,3274.39,2640.89,114.42
IPSL-CM6A-LR,u03,HU,2024,3138.91,2479.96,198.22
IPSL-CM6A-LR,u03,IE,1990,4603.28,2782.26,0.12
IPSL-CM6A-LR,u03,IE,1991,4783.8,3003.58,0
IPSL-CM6A-LR,u03,IE,1992,4824.08,2888.91,0
IPSL-CM6A-LR,u03,IE,1993,4882.77,2951.31,0
IPSL-CM6A-LR,u03,IE,1994,4778.31,3030.72,0
IPSL-CM6A-LR,u03,IE,1995,4548.17,2819.57,0.06
IPSL-CM6A-LR,u03,IE,1996,4920.12,2947.88,0
IPSL-CM6A-LR,u03,IE,1997,4482,2905.81,0
IPSL-CM6A-LR,u03,IE,1998,4566.01,2680.78,0
IPSL-CM6A-LR,u03,IE,1999,4562.67,2819.81,0
IPSL-CM6A-LR,u03,IE,2000,4733.12,2864.5,0
IPSL-CM6A-LR,u03,IE,2001,4742.64,3059.21,0
IPSL-CM6A-LR,u03,IE,2002,4580.58,2719.48,0
IPSL-CM6A-LR,u03,IE,2003,4543.21,2839.89,0
IPSL-CM6A-LR,u03,IE,2004,4611.61,2905.83,0
IPSL-CM6A-LR,u03,IE,2005,4529.91,2806.58,0
IPSL-CM6A-LR,u03,IE,2006,4503.74,2892.54,0.07
IPSL-CM6A-LR,u03,IE,2007,4491.35,2762.12,0
IPSL-CM6A-LR,u03,IE,2008,4778.63,2774.33,0
IPSL-CM6A-LR,u03,IE,2009,4753.43,3008.1,0
IPSL-CM6A-LR,u03,IE,2010,5122.38,3149.08,0
IPSL-CM6A-LR,u03,IE,2011,4607.82,3118.66,0
IPSL-CM6A-LR,u03,IE,2012,4742.48,2614.43,0
IPSL-CM6A-LR,u03,IE,2013,4746.49,3084.23,0.01
IPSL-CM6A-LR,u03,IE,2014,4560.13,2838.24,0
IPSL-CM6A-LR,u03,IE,2015,4784.09,2947.22,0
IPSL-CM6A-LR,u03,IE,2016,4675.85,2792.46,0
IPSL-CM6A-LR,u03,IE,2017,4567.71,2817.04,0
IPSL-CM6A-LR,u03,IE,2018,4620.11,3000.66,0.28
IPSL-CM6A-LR,u03,IE,2019,4611.94,2734.45,0
IPSL-CM6A-LR,u03,IE,2020,4655.38,2939.62,0
IPSL-CM6A-LR,u03,IE,2021,4568.94,2925.62,0.06
IPSL-CM6A-LR,u03,IE,2022,4452.49,2718.01,0.83
IPSL-CM6A-LR,u03,IE,2023,4335.85,2767.03,0
IPSL-CM6A-LR,u03,IE,2024,4512.28,2760.38,0
IPSL-CM6A-LR,u03,IT,1990,2556.28,2062.12,123.21
IPSL-CM6A-LR,u03,IT,1991,2893.26,2159.04,143.34
IPSL-CM6A-LR,u03,IT,1992,2667.47,2306.47,128.66
IPSL-CM6A-LR,u03,IT,1993,2749.9,2197.63,140.38
IPSL-CM6A-LR,u03,IT,1994,2474.18,2047.55,187.25
IPSL-CM6A-LR,u03,IT,1995,2755.02,2100.19,117.27
IPSL-CM6A-LR,u03,IT,1996,2758.68,2200.56,107.57
IPSL-CM6A-LR,u03,IT,1997,2549.83,2021.79,119.47
IPSL-CM6A-LR,u03,IT,1998,2652.6,2056.01,195.6
IPSL-CM6A-LR,u03,IT,1999,2576.84,2250.19,142.84
IPSL-CM6A-LR,u03,IT,2000,2443.6,2156.16,162.89
IPSL-CM6A-LR,u03,IT,2001,2499.93,1859.6,158.71
IPSL-CM6A-LR,u03,IT,2002,2390.17,2051.46,135.93
IPSL-CM6A-LR,u03,IT,2003,2495.46,2021.54,289.95
IPSL-CM6A-LR,u03,IT,2004,2557.37,2112.28,141.47
IPSL-CM6A-LR,u03,IT,2005,2708.18,2084.9,139.17
IPSL-CM6A-LR,u03,IT,2006,2502.74,2220.89,171.82
IPSL-CM6A-LR,u03,IT,2007,2381.4,1780.28,170.27
IPSL-CM6A-LR,u03,IT,2008,2491.84,2082.54,158.3
IPSL-CM6A-LR,u03,IT,2009,2522.09,2085.94,171.71
IPSL-CM6A-LR,u03,IT,2010,2706.02,2148.01,146.92
IPSL-CM6A-LR,u03,IT,2011,2470.48,2148.11,143.34
IPSL-CM6A-LR,u03,IT,2012,2570.64,2129.6,225.33
IPSL-CM6A-LR,u03,IT,2013,2569.43,2118.6,163.44
IPSL-CM6A-LR,u03,IT,2014,2249.74,1853.77,102.42
IPSL-CM6A-LR,u03,IT,2015,2441.44,1896.49,216.02
IPSL-CM6A-LR,u03,IT,2016,2488.88,1971.43,144.75
IPSL-CM6A-LR,u03,IT,2017,2574.13,2068.4,232.48
IPSL-CM6A-LR,u03,IT,2018,2397.63,2158.59,159.87
IPSL-CM6A-LR,u03,IT,2019,2440.71,1995.09,213.71
IPSL-CM6A-LR,u03,IT,2020,2440.67,1874.67,156.25
IPSL-CM6A-LR,u03,IT,2021,2593.52,2051.17,195.67
IPSL-CM6A-LR,u03,IT,2022,2391.96,2107.7,243.57
IPSL-CM6A-LR,u03,IT,2023,2326.45,1858.93,189.95
IPSL-CM6A-LR,u03,IT,2024,2285.67,1765.82,225.37
IPSL-CM6A-LR,u03,LI,1990,5147.64,3186.09,0.66
IPSL-CM6A-LR,u03,LI,1991,5468.86,3571.07,0.55
IPSL-CM6A-LR,u03,LI,1992,5186.64,3691.93,3.57
IPSL-CM6A-LR,u03,LI,1993,5348.2,3575.39,0
IPSL-CM6A-LR,u03,LI,1994,4889.05,3497.89,3.58
IPSL-CM6A-LR,u03,LI,1995,5344.57,3434.1,2.96
IPSL-CM6A-LR,u03,LI,1996,5566.99,3595.29,0.13
IPSL-CM6A-LR,u03,LI,1997,5067.62,3432.85,0
IPSL-CM6A-LR,u03,LI,1998,5240.24,3389.22,4.51
IPSL-CM6A-LR,u03,LI,1999,5248.73,3699.93,0.77
IPSL-CM6A-LR,u03,LI,2000,4983.08,3648.32,2
IPSL-CM6A-LR,u03,LI,2001,5295.79,3277.32,1.75
IPSL-CM6A-LR,u03,LI,2002,4987.78,3452.21,3.32
IPSL-CM6A-LR,u03,LI,2003,5016.23,3545.68,22.67
IPSL-CM6A-LR,u03,LI,2004,5332.15,3619.24,0
IPSL-CM6A-LR,u03,LI,2005,5479.4,3702.1,3.2
IPSL-CM6A-LR,u03,LI,2006,5090.68,3850.44,5.28
IPSL-CM6A-LR,u03,LI,2007,5034.11,3115.71,3.59
IPSL-CM6A-LR,u03,LI,2008,5123.18,3571.49,1.18
IPSL-CM6A-LR,u03,LI,2009,5134.65,3714.35,1.95
IPSL-CM6A-LR,u03,LI,2010,5577.32,3697.9,4.93
IPSL-CM6A-LR,u03,LI,2011,4822.87,3545.12,6.26
IPSL-CM6A-LR,u03,LI,2012,5189.65,3553.77,6.06
IPSL-CM6A-LR,u03,LI,2013,5349.26,3657.72,11.37
IPSL-CM6A-LR,u03,LI,2014,4760.06,3261.21,3.24
IPSL-CM6A-LR,u03,LI,2015,4875.36,3306.67,17.28
IPSL-CM6A-LR,u03,LI,2016,5013.52,3295.4,2.42
IPSL-CM6A-LR,u03,LI,2017,5071.34,3411.34,7.45
IPSL-CM6A-LR,u03,LI,2018,4688.44,3599.54,5.47
IPSL-CM6A-LR,u03,LI,2019,4920.89,3362.75,13.41
IPSL-CM6A-LR,u03,LI,2020,4839.88,3214.85,2.55
IPSL-CM6A-LR,u03,LI,2021,5256.6,3464.71,3.01
IPSL-CM6A-LR,u03,LI,2022,4683,3469.32,9.37
IPSL-CM6A-LR,u03,LI,2023,4700.68,3199,14.14
IPSL-CM6A-LR,u03,LI,2024,4665.24,3107.56,5.19
IPSL-CM6A-LR,u03,LT,1990,5300.98,3637.59,0.12
IPSL-CM6A-LR,u03,LT,1991,5622.2,3921.09,4.71
IPSL-CM6A-LR,u03,LT,1992,5540.24,3803.33,12.29
IPSL-CM6A-LR,u03,LT,1993,5924.84,4059.49,0.12
IPSL-CM6A-LR,u03,LT,1994,5766.52,4269.33,28.85
IPSL-CM6A-LR,u03,LT,1995,5704.73,3947.17,4.71
IPSL-CM6A-LR,u03,LT,1996,6270.8,4675.78,2.13
IPSL-CM6A-LR,u03,LT,1997,5803.53,4044.29,4.54
IPSL-CM6A-LR,u03,LT,1998,5797.91,3983.22,3.95
IPSL-CM6A-LR,u03,LT,1999,5447.88,4265.43,13.1
IPSL-CM6A-LR,u03,LT,2000,5270.65,3888.29,1.78
IPSL-CM6A-LR,u03,LT,2001,5626.23,3734.25,8.2
IPSL-CM6A-LR,u03,LT,2002,5429.65,3866.24,19.74
IPSL-CM6A-LR,u03,LT,2003,5733.17,4458.83,6.37
IPSL-CM6A-LR,u03,LT,2004,5754.63,4105.8,0.35
IPSL-CM6A-LR,u03,LT,2005,5690.21,4057.41,2.74
IPSL-CM6A-LR,u03,LT,2006,5517.02,4329.92,17.56
IPSL-CM6A-LR,u03,LT,2007,5351.24,3553.11,5.19
IPSL-CM6A-LR,u03,LT,2008,5236.46,3750.5,0.73
IPSL-CM6A-LR,u03,LT,2009,5615.14,3908.06,0.61
IPSL-CM6A-LR,u03,LT,2010,5977.3,4380.17,26
IPSL-CM6A-LR,u03,LT,2011,5435.44,4395.75,6.54
IPSL-CM6A-LR,u03,LT,2012,5780.83,4056.15,8.84
IPSL-CM6A-LR,u03,LT,2013,5565.6,4302,9.07
IPSL-CM6A-LR,u03,LT,2014,5398.78,3683.13,18.44
IPSL-CM6A-LR,u03,LT,2015,5225.47,3754.19,15.34
IPSL-CM6A-LR,u03,LT,2016,5497.4,3863.1,6.96
IPSL-CM6A-LR,u03,LT,2017,5494.52,3976.35,1.19
IPSL-CM6A-LR,u03,LT,2018,5295.96,4038.23,17.4
IPSL-CM6A-LR,u03,LT,2019,5080.59,3823.04,15.79
IPSL-CM6A-LR,u03,LT,2020,4961.5,3379.72,8.02
IPSL-CM6A-LR,u03,LT,2021,5650.75,3864.89,28.79
IPSL-CM6A-LR,u03,LT,2022,5416.89,3802.04,19.87
IPSL-CM6A-LR,u03,LT,2023,5094.95,3739.21,10.76
IPSL-CM6A-LR,u03,LT,2024,4842.01,3758.24,14.94
IPSL-CM6A-LR,u03,LU,1990,4263.5,2863.22,26.63
IPSL-CM6A-LR,u03,LU,1991,4574.09,3115.16,18.36
IPSL-CM6A-LR,u03,LU,1992,4333.95,3162.03,16.61
IPSL-CM6A-LR,u03,LU,1993,4489.57,3147.5,4.48
IPSL-CM6A-LR,u03,LU,1994,4112.11,3100.85,42.41
IPSL-CM6A-LR,u03,LU,1995,4311.63,2882.53,37.95
IPSL-CM6A-LR,u03,LU,1996,4890.83,3296.88,7.36
IPSL-CM6A-LR,u03,LU,1997,4325.36,3188.55,13.09
IPSL-CM6A-LR,u03,LU,1998,4428.1,2973.96,21.34
IPSL-CM6A-LR,u03,LU,1999,4213.17,3158.83,10.26
IPSL-CM6A-LR,u03,LU,2000,4056.19,3073.88,10.03
IPSL-CM6A-LR,u03,LU,2001,4202.99,2814.26,29.4
IPSL-CM6A-LR,u03,LU,2002,3957.19,2869.33,21.63
IPSL-CM6A-LR,u03,LU,2003,4107.6,2950.54,129.82
IPSL-CM6A-LR,u03,LU,2004,4254.56,3099.54,36.68
IPSL-CM6A-LR,u03,LU,2005,4196.27,3098.19,37.23
IPSL-CM6A-LR,u03,LU,2006,4076.43,3125.23,54
IPSL-CM6A-LR,u03,LU,2007,3941.22,2607.52,11.49
IPSL-CM6A-LR,u03,LU,2008,4179.89,2968.3,16.29
IPSL-CM6A-LR,u03,LU,2009,4148.43,3191.39,22.67
IPSL-CM6A-LR,u03,LU,2010,4606.56,3120.24,37.8
IPSL-CM6A-LR,u03,LU,2011,3908.75,3103.86,15.06
IPSL-CM6A-LR,u03,LU,2012,4374.25,2939.41,15.92
IPSL-CM6A-LR,u03,LU,2013,4586.13,3251.53,27.33
IPSL-CM6A-LR,u03,LU,2014,3953.95,2822.74,15.9
IPSL-CM6A-LR,u03,LU,2015,4176.04,2958.56,59.08
IPSL-CM6A-LR,u03,LU,2016,4376.21,2876.77,21.21
IPSL-CM6A-LR,u03,LU,2017,4293.08,3129.73,26.83
IPSL-CM6A-LR,u03,LU,2018,4089.04,3096.74,49.76
IPSL-CM6A-LR,u03,LU,2019,4220.11,2939.29,51.17
IPSL-CM6A-LR,u03,LU,2020,3989.69,2863.96,40.51
IPSL-CM6A-LR,u03,LU,2021,4437.02,2957.88,10.17
IPSL-CM6A-LR,u03,LU,2022,4051.06,2981.06,46.18
IPSL-CM6A-LR,u03,LU,2023,4025.49,2833.91,17.37
IPSL-CM6A-LR,u03,LU,2024,3965.53,2760.77,24.61
IPSL-CM6A-LR,u03,LV,1990,5507.31,3734.9,0
IPSL-CM6A-LR,u03,LV,1991,5778.77,3966.47,0.97
IPSL-CM6A-LR,u03,LV,1992,5725.03,3784.34,6.17
IPSL-CM6A-LR,u03,LV,1993,6155.23,4108.12,0
IPSL-CM6A-LR,u03,LV,1994,6086.59,4472.04,14.97
IPSL-CM6A-LR,u03,LV,1995,5872.05,4002.94,2.44
IPSL-CM6A-LR,u03,LV,1996,6460.99,4712.23,0.54
IPSL-CM6A-LR,u03,LV,1997,5967.1,4059.06,3.86
IPSL-CM6A-LR,u03,LV,1998,6039.94,4104.63,1.1
IPSL-CM6A-LR,u03,LV,1999,5649.56,4372.3,7.5
IPSL-CM6A-LR,u03,LV,2000,5496.22,3943.45,1.03
IPSL-CM6A-LR,u03,LV,2001,5852.47,3831.52,4.68
IPSL-CM6A-LR,u03,LV,2002,5756.72,3989.68,10.33
IPSL-CM6A-LR,u03,LV,2003,5966.92,4594.35,8.92
IPSL-CM6A-LR,u03,LV,2004,5978.85,4171.84,0.07
IPSL-CM6A-LR,u03,LV,2005,5969.07,4212.98,1.83
IPSL-CM6A-LR,u03,LV,2006,5714.34,4411.31,11.46
IPSL-CM6A-LR,u03,LV,2007,5677.01,3696.53,1.38
IPSL-CM6A-LR,u03,LV,2008,5455.42,3818.34,0.23
IPSL-CM6A-LR,u03,LV,2009,5826.05,3963.22,0.09
IPSL-CM6A-LR,u03,LV,2010,6157.21,4497.48,21.05
IPSL-CM6A-LR,u03,LV,2011,5533.07,4450.72,7.45
IPSL-CM6A-LR,u03,LV,2012,5953.85,4046.19,5.09
IPSL-CM6A-LR,u03,LV,2013,5698.09,4365.13,4.84
IPSL-CM6A-LR,u03,LV,2014,5582.1,3754.18,11.47
IPSL-CM6A-LR,u03,LV,2015,5396.3,3812.26,4.95
IPSL-CM6A-LR,u03,LV,2016,5657.2,3916.85,4.98
IPSL-CM6A-LR,u03,LV,2017,5711.67,4024.42,0.79
IPSL-CM6A-LR,u03,LV,2018,5454.12,4104.18,13.88
IPSL-CM6A-LR,u03,LV,2019,5260.51,3863.3,5.76
IPSL-CM6A-LR,u03,LV,2020,5077.76,3437.03,4.19
IPSL-CM6A-LR,u03,LV,2021,5731.42,3871.67,22.39
IPSL-CM6A-LR,u03,LV,2022,5572.34,3881.63,14.97
IPSL-CM6A-LR,u03,LV,2023,5340.16,3859.72,5.72
IPSL-CM6A-LR,u03,LV,2024,5062.22,3947.87,6.83
IPSL-CM6A-LR,u03,MT,1990,1323.37,1082.98,251.14
IPSL-CM6A-LR,u03,MT,1991,1574.68,1202.51,251.61
IPSL-CM6A-LR,u03,MT,1992,1474.12,1446.45,194.22
IPSL-CM6A-LR,u03,MT,1993,1511.56,1279.75,268.23
IPSL-CM6A-LR,u03,MT,1994,1284.56,1128.52,317.28
IPSL-CM6A-LR,u03,MT,1995,1474.07,1189.47,262.93
IPSL-CM6A-LR,u03,MT,1996,1472.54,1260.87,267.89
IPSL-CM6A-LR,u03,MT,1997,1406.64,1214.18,316.34
IPSL-CM6A-LR,u03,MT,1998,1480.41,1228.72,401.85
IPSL-CM6A-LR,u03,MT,1999,1284.82,1339.31,306.49
IPSL-CM6A-LR,u03,MT,2000,1239.93,1128.38,294.77
IPSL-CM6A-LR,u03,MT,2001,1250.96,913.81,227.35
IPSL-CM6A-LR,u03,MT,2002,1214.24,1109.03,254.56
IPSL-CM6A-LR,u03,MT,2003,1321.85,1190.05,368.35
IPSL-CM6A-LR,u03,MT,2004,1390.15,1109.65,207.14
IPSL-CM6A-LR,u03,MT,2005,1549.66,1212.12,170.43
IPSL-CM6A-LR,u03,MT,2006,1308.33,1234.24,218.92
IPSL-CM6A-LR,u03,MT,2007,1323.38,934.98,219.75
IPSL-CM6A-LR,u03,MT,2008,1310,1196,155.75
IPSL-CM6A-LR,u03,MT,2009,1379.05,1135.1,230.19
IPSL-CM6A-LR,u03,MT,2010,1249.56,1077.16,185.22
IPSL-CM6A-LR,u03,MT,2011,1423.55,1165.71,158.41
IPSL-CM6A-LR,u03,MT,2012,1396.74,1255.08,270.13
IPSL-CM6A-LR,u03,MT,2013,1248.19,1082.1,206.88
IPSL-CM6A-LR,u03,MT,2014,,993.68,180.24
IPSL-CM6A-LR,u03,MT,2015,1252.72,,269.95
IPSL-CM6A-LR,u03,MT,2016,,,181.17
IPSL-CM6A-LR,u03,MT,2017,1368.4,1136.4,282.25
IPSL-CM6A-LR,u03,MT,2018,1211.08,1130.35,160.41
IPSL-CM6A-LR,u03,MT,2019,1497.18,1219.81,250.72
IPSL-CM6A-LR,u03,MT,2020,1297.29,1120.57,197.02
IPSL-CM6A-LR,u03,MT,2021,1334.95,1076.47,328.62
IPSL-CM6A-LR,u03,MT,2022,1392.81,1239.34,224.35
IPSL-CM6A-LR,u03,MT,2023,1399.54,1081.92,158.47
IPSL-CM6A-LR,u03,MT,2024,1459.17,1100.3,231.15
IPSL-CM6A-LR,u03,NL,1990,4194.78,2703.15,9.45
IPSL-CM6A-LR,u03,NL,1991,4656.24,3023.71,6.22
IPSL-CM6A-LR,u03,NL,1992,4297.97,3022.83,5.38
IPSL-CM6A-LR,u03,NL,1993,4577.86,3041.86,1.5
IPSL-CM6A-LR,u03,NL,1994,4254.02,3102.26,19.38
IPSL-CM6A-LR,u03,NL,1995,4349.46,2810.82,20.53
IPSL-CM6A-LR,u03,NL,1996,5016.72,3384.95,6.73
IPSL-CM6A-LR,u03,NL,1997,4397.38,3134.96,9.87
IPSL-CM6A-LR,u03,NL,1998,4329.88,2843.18,4.51
IPSL-CM6A-LR,u03,NL,1999,4141.5,3009.62,6.91
IPSL-CM6A-LR,u03,NL,2000,4151.47,2873.48,5.97
IPSL-CM6A-LR,u03,NL,2001,4325.54,2931.72,8.64
IPSL-CM6A-LR,u03,NL,2002,4172.81,2735.25,8.79
IPSL-CM6A-LR,u03,NL,2003,4324.93,3063.61,18.51
IPSL-CM6A-LR,u03,NL,2004,4338.63,3028.16,6.83
IPSL-CM6A-LR,u03,NL,2005,4238.69,2976.48,7.96
IPSL-CM6A-LR,u03,NL,2006,4098.99,3056.38,26.52
IPSL-CM6A-LR,u03,NL,2007,4023.8,2505.66,2.36
IPSL-CM6A-LR,u03,NL,2008,4271.96,2897.73,3.23
IPSL-CM6A-LR,u03,NL,2009,4283.07,3145.45,5.36
IPSL-CM6A-LR,u03,NL,2010,4814.27,3142.86,13.54
IPSL-CM6A-LR,u03,NL,2011,4127.48,3163.71,3.81
IPSL-CM6A-LR,u03,NL,2012,4383.74,2885.4,6.6
IPSL-CM6A-LR,u03,NL,2013,4555.68,3187.34,11.37
IPSL-CM6A-LR,u03,NL,2014,3846.07,2664.52,6.5
IPSL-CM6A-LR,u03,NL,2015,4165.7,2820.99,12.07
IPSL-CM6A-LR,u03,NL,2016,4216.46,2722.42,7.89
IPSL-CM6A-LR,u03,NL,2017,4111.83,2966.26,5.54
IPSL-CM6A-LR,u03,NL,2018,4015.72,2933.68,26.4
IPSL-CM6A-LR,u03,NL,2019,4056.68,2748.35,31.1
IPSL-CM6A-LR,u03,NL,2020,3895.1,2722.43,25.27
IPSL-CM6A-LR,u03,NL,2021,4279.39,2835.94,3.52
IPSL-CM6A-LR,u03,NL,2022,3902.34,2720.5,23.45
IPSL-CM6A-LR,u03,NL,2023,3827.63,2693.48,11.63
IPSL-CM6A-LR,u03,NL,2024,3824.34,2579.26,8.26
IPSL-CM6A-LR,u03,NO,1990,6706.13,4158.71,0
IPSL-CM6A-LR,u03,NO,1991,7055.74,4480.1,0.29
IPSL-CM6A-LR,u03,NO,1992,6953.25,4233.38,0
IPSL-CM6A-LR,u03,NO,1993,7298.2,4462.26,0
IPSL-CM6A-LR,u03,NO,1994,7237,4872.54,0.22
IPSL-CM6A-LR,u03,NO,1995,7219.38,4399.81,0
IPSL-CM6A-LR,u03,NO,1996,7530.02,4833.54,0
IPSL-CM6A-LR,u03,NO,1997,6919.61,4540.23,0.02
IPSL-CM6A-LR,u03,NO,1998,7153.22,4422.76,0
IPSL-CM6A-LR,u03,NO,1999,6967.45,4563.88,0
IPSL-CM6A-LR,u03,NO,2000,6767.75,4346.23,0
IPSL-CM6A-LR,u03,NO,2001,7235.35,4422.02,0.04
IPSL-CM6A-LR,u03,NO,2002,6932.27,4351.84,0
IPSL-CM6A-LR,u03,NO,2003,6919.51,4783.02,0.16
IPSL-CM6A-LR,u03,NO,2004,6935.71,4497.47,0.12
IPSL-CM6A-LR,u03,NO,2005,6838,4347.25,0.39
IPSL-CM6A-LR,u03,NO,2006,6683.06,4501.81,0.01
IPSL-CM6A-LR,u03,NO,2007,6865.6,4120.53,0.4
IPSL-CM6A-LR,u03,NO,2008,6800.2,4304.38,0.88
IPSL-CM6A-LR,u03,NO,2009,7030.12,4498.11,1.03
IPSL-CM6A-LR,u03,NO,2010,7798.45,4914.46,0
IPSL-CM6A-LR,u03,NO,2011,6806.62,4976.5,0
IPSL-CM6A-LR,u03,NO,2012,7233.15,4222.41,0
IPSL-CM6A-LR,u03,NO,2013,7120.78,4844.9,0
IPSL-CM6A-LR,u03,NO,2014,6544.85,4173.61,1.24
IPSL-CM6A-LR,u03,NO,2015,6781.85,4188.59,0
IPSL-CM6A-LR,u03,NO,2016,6962.48,4379.45,0
IPSL-CM6A-LR,u03,NO,2017,7004.65,4359.5,0
IPSL-CM6A-LR,u03,NO,2018,6982.21,4705.31,2.17
IPSL-CM6A-LR,u03,NO,2019,6974.98,4374.1,0.64
IPSL-CM6A-LR,u03,NO,2020,6550.15,4271.71,0.4
IPSL-CM6A-LR,u03,NO,2021,7041.53,4378,0.15
IPSL-CM6A-LR,u03,NO,2022,6820.66,4315.89,0.01
IPSL-CM6A-LR,u03,NO,2023,7082.6,4398.11,0.43
IPSL-CM6A-LR,u03,NO,2024,6767.25,4747.71,0.01
IPSL-CM6A-LR,u03,PL,1990,4595.94,3148.57,10.97
IPSL-CM6A-LR,u03,PL,1991,5064.07,3510.81,12.23
IPSL-CM6A-LR,u03,PL,1992,4819.36,3529.54,47.08
IPSL-CM6A-LR,u03,PL,1993,5069.6,3656.29,9.38
IPSL-CM6A-LR,u03,PL,1994,4728.18,3539.26,57.52
IPSL-CM6A-LR,u03,PL,1995,4979.77,3440.32,25.05
IPSL-CM6A-LR,u03,PL,1996,5560.82,4164.72,9.05
IPSL-CM6A-LR,u03,PL,1997,5082.72,3662.36,7.71
IPSL-CM6A-LR,u03,PL,1998,4925.57,3471.16,15.03
IPSL-CM6A-LR,u03,PL,1999,4705.74,3685.55,13.65
IPSL-CM6A-LR,u03,PL,2000,4506.43,3498.09,18.68
IPSL-CM6A-LR,u03,PL,2001,4937.22,3287.86,15.75
IPSL-CM6A-LR,u03,PL,2002,4672.12,3407.77,23.21
IPSL-CM6A-LR,u03,PL,2003,4962.48,3905.96,23.8
IPSL-CM6A-LR,u03,PL,2004,4922.73,3654.56,9.82
IPSL-CM6A-LR,u03,PL,2005,4961.58,3546.06,13.51
IPSL-CM6A-LR,u03,PL,2006,4845.16,3922.29,45.71
IPSL-CM6A-LR,u03,PL,2007,4577.95,3033.34,24.36
IPSL-CM6A-LR,u03,PL,2008,4559.52,3435.09,15.26
IPSL-CM6A-LR,u03,PL,2009,4831.66,3503.11,12.69
IPSL-CM6A-LR,u03,PL,2010,5253.46,3782.44,38.8
IPSL-CM6A-LR,u03,PL,2011,4712.04,3791.27,11.18
IPSL-CM6A-LR,u03,PL,2012,4906.66,3603.21,30.77
IPSL-CM6A-LR,u03,PL,2013,4876.52,3775.29,30.09
IPSL-CM6A-LR,u03,PL,2014,4457.49,3200.91,25.11
IPSL-CM6A-LR,u03,PL,2015,4445.8,3246.56,58.68
IPSL-CM6A-LR,u03,PL,2016,4629.35,3300.03,20.22
IPSL-CM6A-LR,u03,PL,2017,4668.23,3536.07,21.38
IPSL-CM6A-LR,u03,PL,2018,4414.23,3485.46,35.12
IPSL-CM6A-LR,u03,PL,2019,4273.76,3245.05,46.53
IPSL-CM6A-LR,u03,PL,2020,4363.4,3046.43,19.46
IPSL-CM6A-LR,u03,PL,2021,4820.13,3389.02,26.84
IPSL-CM6A-LR,u03,PL,2022,4516.06,3320.92,42.39
IPSL-CM6A-LR,u03,PL,2023,4284.11,3191.01,28.59
IPSL-CM6A-LR,u03,PL,2024,4028.21,3070.19,39.26
IPSL-CM6A-LR,u03,PT,1990,2068.39,1339.71,104.55
IPSL-CM6A-LR,u03,PT,1991,2286.21,1728.94,110.46
IPSL-CM6A-LR,u03,PT,1992,2250.87,1693.75,72.81
IPSL-CM6A-LR,u03,PT,1993,2369.45,1611.6,76.74
IPSL-CM6A-LR,u03,PT,1994,2138.91,1661.46,50.74
IPSL-CM6A-LR,u03,PT,1995,1829.55,1420.57,89.75
IPSL-CM6A-LR,u03,PT,1996,2164.38,1448.71,74.07
IPSL-CM6A-LR,u03,PT,1997,1757.66,1411.26,49.99
IPSL-CM6A-LR,u03,PT,1998,2013.91,1280.95,94.94
IPSL-CM6A-LR,u03,PT,1999,2169.23,1628.89,63.66
IPSL-CM6A-LR,u03,PT,2000,2179.99,1600.33,78.08
IPSL-CM6A-LR,u03,PT,2001,2132.7,1507.24,59.71
IPSL-CM6A-LR,u03,PT,2002,2044.38,1560.21,56.12
IPSL-CM6A-LR,u03,PT,2003,2076.69,1486.11,115.32
IPSL-CM6A-LR,u03,PT,2004,2172.65,1600.68,85.51
IPSL-CM6A-LR,u03,PT,2005,2181.7,1724.88,121.18
IPSL-CM6A-LR,u03,PT,2006,2006.42,1678.69,122.41
IPSL-CM6A-LR,u03,PT,2007,2162.5,1468.41,55.13
IPSL-CM6A-LR,u03,PT,2008,2154.39,1486.07,55.51
IPSL-CM6A-LR,u03,PT,2009,2044.91,1656.48,79.33
IPSL-CM6A-LR,u03,PT,2010,2098.44,1538.19,138.83
IPSL-CM6A-LR,u03,PT,2011,1835.36,1578.04,89.01
IPSL-CM6A-LR,u03,PT,2012,2081.21,1504.08,95.68
IPSL-CM6A-LR,u03,PT,2013,2232.1,1627.68,137.11
IPSL-CM6A-LR,u03,PT,2014,1983.7,1560.72,64.43
IPSL-CM6A-LR,u03,PT,2015,1981.28,1591.26,109.92
IPSL-CM6A-LR,u03,PT,2016,2104.57,1447.04,157.37
IPSL-CM6A-LR,u03,PT,2017,1946.23,1525.31,135.5
IPSL-CM6A-LR,u03,PT,2018,2149.3,1592.38,106.15
IPSL-CM6A-LR,u03,PT,2019,2013.69,1492.63,66.93
IPSL-CM6A-LR,u03,PT,2020,1887.43,1408.06,141.06
IPSL-CM6A-LR,u03,PT,2021,2135.8,1533.91,82.13
IPSL-CM6A-LR,u03,PT,2022,1915.75,1518.87,153.91
IPSL-CM6A-LR,u03,PT,2023,1957.91,1407.86,147.92
IPSL-CM6A-LR,u03,PT,2024,1912.94,1401.21,117.81
IPSL-CM6A-LR,u03,RO,1990,3904.07,3059.23,76.53
IPSL-CM6A-LR,u03,RO,1991,4354.75,3195.52,49.51
IPSL-CM6A-LR,u03,RO,1992,4194.32,3387.51,102.13
IPSL-CM6A-LR,u03,RO,1993,4376.97,3418.32,81.88
IPSL-CM6A-LR,u03,RO,1994,3790.34,3096.59,96.74
IPSL-CM6A-LR,u03,RO,1995,4217.56,3165.63,68.88
IPSL-CM6A-LR,u03,RO,1996,4458.2,3765.28,77.99
IPSL-CM6A-LR,u03,RO,1997,4390.46,3251.45,39.22
IPSL-CM6A-LR,u03,RO,1998,4223.5,3237.43,104.16
IPSL-CM6A-LR,u03,RO,1999,3972.46,3396.28,92.11
IPSL-CM6A-LR,u03,RO,2000,3920.39,3334.72,144.33
IPSL-CM6A-LR,u03,RO,2001,4054.6,2880.34,99.94
IPSL-CM6A-LR,u03,RO,2002,3924.19,3191.87,90.84
IPSL-CM6A-LR,u03,RO,2003,4304.12,3553.55,117.03
IPSL-CM6A-LR,u03,RO,2004,4100.48,3337.36,57.39
IPSL-CM6A-LR,u03,RO,2005,4228.02,3240.53,51.56
IPSL-CM6A-LR,u03,RO,2006,4155.39,3437.84,84.38
IPSL-CM6A-LR,u03,RO,2007,3756.7,2800.34,167.72
IPSL-CM6A-LR,u03,RO,2008,3856.62,3233.54,111.6
IPSL-CM6A-LR,u03,RO,2009,3828.5,3082.38,98.36
IPSL-CM6A-LR,u03,RO,2010,4040.89,3192.55,112.12
IPSL-CM6A-LR,u03,RO,2011,4167.43,3306.98,95.8
IPSL-CM6A-LR,u03,RO,2012,4032.77,3498.64,201.3
IPSL-CM6A-LR,u03,RO,2013,3857.22,3165.95,106.09
IPSL-CM6A-LR,u03,RO,2014,3774.1,2922.11,74.07
IPSL-CM6A-LR,u03,RO,2015,3742.69,3080.98,148.79
IPSL-CM6A-LR,u03,RO,2016,3881.91,2933.8,113.15
IPSL-CM6A-LR,u03,RO,2017,3899.85,3314.18,134.84
IPSL-CM6A-LR,u03,RO,2018,3730.49,3094.97,92.64
IPSL-CM6A-LR,u03,RO,2019,3545.6,3014.43,124.2
IPSL-CM6A-LR,u03,RO,2020,3606.89,2741.63,108.92
IPSL-CM6A-LR,u03,RO,2021,3954.79,2943.23,128.15
IPSL-CM6A-LR,u03,RO,2022,3674.15,3054.8,149.91
IPSL-CM6A-LR,u03,RO,2023,3400.87,2723.64,147.13
IPSL-CM6A-LR,u03,RO,2024,3348.13,2602.99,224.79
IPSL-CM6A-LR,u03,RS,1990,3528.29,2818.3,90.24
IPSL-CM6A-LR,u03,RS,1991,3991.42,2920.05,65.05
IPSL-CM6A-LR,u03,RS,1992,3640.88,3072.02,136.05
IPSL-CM6A-LR,u03,RS,1993,3872.22,3139.47,136.52
IPSL-CM6A-LR,u03,RS,1994,3413.15,2755.29,130.58
IPSL-CM6A-LR,u03,RS,1995,3790.27,2898.55,77.11
IPSL-CM6A-LR,u03,RS,1996,3977.92,3353.48,87.52
IPSL-CM6A-LR,u03,RS,1997,3898.07,2905.36,53.32
IPSL-CM6A-LR,u03,RS,1998,3729.33,2888.81,135.82
IPSL-CM6A-LR,u03,RS,1999,3581.16,3073.7,73.76
IPSL-CM6A-LR,u03,RS,2000,3315.59,3022.67,202.08
IPSL-CM6A-LR,u03,RS,2001,3550.37,2425.43,109.59
IPSL-CM6A-LR,u03,RS,2002,3320.29,2866.68,106.06
IPSL-CM6A-LR,u03,RS,2003,3731.92,3075.75,185.44
IPSL-CM6A-LR,u03,RS,2004,3653.38,3000.3,92.45
IPSL-CM6A-LR,u03,RS,2005,3862.09,2988,64.06
IPSL-CM6A-LR,u03,RS,2006,3630.4,3050.47,110.51
IPSL-CM6A-LR,u03,RS,2007,3343.14,2467.16,196.7
IPSL-CM6A-LR,u03,RS,2008,3356.05,2916.68,142.67
IPSL-CM6A-LR,u03,RS,2009,3393.84,2801.26,116.01
IPSL-CM6A-LR,u03,RS,2010,3529.11,2798.57,115.61
IPSL-CM6A-LR,u03,RS,2011,3673.7,2951.23,134.74
IPSL-CM6A-LR,u03,RS,2012,3546.98,3142.07,219.22
IPSL-CM6A-LR,u03,RS,2013,3368.8,2768.18,156.72
IPSL-CM6A-LR,u03,RS,2014,3167.71,2481.62,74.33
IPSL-CM6A-LR,u03,RS,2015,3320.91,2679.45,199.06
IPSL-CM6A-LR,u03,RS,2016,3465.59,2652.24,100.09
IPSL-CM6A-LR,u03,RS,2017,3465.57,3006.62,209.81
IPSL-CM6A-LR,u03,RS,2018,3130.02,2765.04,105.01
IPSL-CM6A-LR,u03,RS,2019,3079.64,2644.14,161.28
IPSL-CM6A-LR,u03,RS,2020,3224.57,2452.49,101.29
IPSL-CM6A-LR,u03,RS,2021,3502.44,2645.23,192.76
IPSL-CM6A-LR,u03,RS,2022,3113.71,2757.76,190.85
IPSL-CM6A-LR,u03,RS,2023,2900.61,2339.74,142.47
IPSL-CM6A-LR,u03,RS,2024,2836.57,2188.29,280.37
IPSL-CM6A-LR,u03,SE,1990,5910.69,3852.84,0.09
IPSL-CM6A-LR,u03,SE,1991,6292.24,4138.34,1.33
IPSL-CM6A-LR,u03,SE,1992,6116.89,3930.91,0.64
IPSL-CM6A-LR,u03,SE,1993,6478.93,4167.48,0
IPSL-CM6A-LR,u03,SE,1994,6331.84,4432.46,6.59
IPSL-CM6A-LR,u03,SE,1995,6418.66,4053.57,0.34
IPSL-CM6A-LR,u03,SE,1996,6802.36,4631.48,0.03
IPSL-CM6A-LR,u03,SE,1997,6250.6,4201.88,0.29
IPSL-CM6A-LR,u03,SE,1998,6488.57,4156.18,0
IPSL-CM6A-LR,u03,SE,1999,6161.05,4332.71,1.64
IPSL-CM6A-LR,u03,SE,2000,5953.13,4056.32,0.35
IPSL-CM6A-LR,u03,SE,2001,6353.65,4003.4,1.4
IPSL-CM6A-LR,u03,SE,2002,6129.28,4009.11,0.29
IPSL-CM6A-LR,u03,SE,2003,6250.61,4535.57,0.43
IPSL-CM6A-LR,u03,SE,2004,6314.22,4255.9,0.06
IPSL-CM6A-LR,u03,SE,2005,6183.02,4182.04,1.3
IPSL-CM6A-LR,u03,SE,2006,6000.81,4348.19,2.48
IPSL-CM6A-LR,u03,SE,2007,6019.36,3755.66,1.1
IPSL-CM6A-LR,u03,SE,2008,5966.6,3934.06,1.49
IPSL-CM6A-LR,u03,SE,2009,6251.53,4166.2,0.56
IPSL-CM6A-LR,u03,SE,2010,6923.12,4578.31,2.31
IPSL-CM6A-LR,u03,SE,2011,5978.2,4651.24,0.02
IPSL-CM6A-LR,u03,SE,2012,6403.62,3965.3,0.07
IPSL-CM6A-LR,u03,SE,2013,6225.2,4470.93,0.04
IPSL-CM6A-LR,u03,SE,2014,5774.74,3806.52,2.85
IPSL-CM6A-LR,u03,SE,2015,5900.22,3823.4,0.57
IPSL-CM6A-LR,u03,SE,2016,6080.07,4008.51,0.23
IPSL-CM6A-LR,u03,SE,2017,6101.88,4026.21,0
IPSL-CM6A-LR,u03,SE,2018,5901.18,4222.11,8.97
IPSL-CM6A-LR,u03,SE,2019,5917.21,3962.06,1.86
IPSL-CM6A-LR,u03,SE,2020,5567.63,3767.36,2
IPSL-CM6A-LR,u03,SE,2021,6128.9,3903.16,1.53
IPSL-CM6A-LR,u03,SE,2022,5873.78,3964.55,3.24
IPSL-CM6A-LR,u03,SE,2023,6073.28,3955.52,0.06
IPSL-CM6A-LR,u03,SE,2024,5846.53,4249.96,0.22
IPSL-CM6A-LR,u03,SI,1990,4060.64,2933.95,24.21
IPSL-CM6A-LR,u03,SI,1991,4406.9,3168.61,28.3
IPSL-CM6A-LR,u03,SI,1992,3997.99,3207.43,62.7
IPSL-CM6A-LR,u03,SI,1993,4164.67,3149.04,46.63
IPSL-CM6A-LR,u03,SI,1994,3758.63,2931.6,54.85
IPSL-CM6A-LR,u03,SI,1995,4172.16,3030.46,23.72
IPSL-CM6A-LR,u03,SI,1996,4500.33,3362.41,18.08
IPSL-CM6A-LR,u03,SI,1997,4156.31,3080.44,9.24
IPSL-CM6A-LR,u03,SI,1998,4085.94,2985.39,51.77
IPSL-CM6A-LR,u03,SI,1999,4018.37,3233.67,22.51
IPSL-CM6A-LR,u03,SI,2000,3711.88,3163.14,60.16
IPSL-CM6A-LR,u03,SI,2001,3974.23,2650.71,50.61
IPSL-CM6A-LR,u03,SI,2002,3747.38,3004.1,37.48
IPSL-CM6A-LR,u03,SI,2003,4049.29,3087.65,121.76
IPSL-CM6A-LR,u03,SI,2004,4209.13,3191.19,29.95
IPSL-CM6A-LR,u03,SI,2005,4294.51,3162.37,28.57
IPSL-CM6A-LR,u03,SI,2006,4021.68,3329.85,65.17
IPSL-CM6A-LR,u03,SI,2007,3768.83,2583.96,60.1
IPSL-CM6A-LR,u03,SI,2008,3854.34,3063.06,39.93
IPSL-CM6A-LR,u03,SI,2009,3879.83,3060.4,45.01
IPSL-CM6A-LR,u03,SI,2010,4222.13,3133.21,56.56
IPSL-CM6A-LR,u03,SI,2011,3899.65,3119.11,54.66
IPSL-CM6A-LR,u03,SI,2012,3884.37,3128.6,95.22
IPSL-CM6A-LR,u03,SI,2013,3981.7,3098.58,95.05
IPSL-CM6A-LR,u03,SI,2014,3512.26,2662.29,29.49
IPSL-CM6A-LR,u03,SI,2015,3750.54,2770.01,94.33
IPSL-CM6A-LR,u03,SI,2016,3850.38,2868.38,45.93
IPSL-CM6A-LR,u03,SI,2017,3892.78,3057.79,94.97
IPSL-CM6A-LR,u03,SI,2018,3670.4,3078.19,56.45
IPSL-CM6A-LR,u03,SI,2019,3639.49,2809.62,78.83
IPSL-CM6A-LR,u03,SI,2020,3760.96,2705.63,43.81
IPSL-CM6A-LR,u03,SI,2021,4032.36,2951.18,78.91
IPSL-CM6A-LR,u03,SI,2022,3624.52,3030.02,95.53
IPSL-CM6A-LR,u03,SI,2023,3509.59,2694.25,65.73
IPSL-CM6A-LR,u03,SI,2024,3307.8,2478.84,109.34
IPSL-CM6A-LR,u03,SK,1990,4577.48,3272.58,33.95
IPSL-CM6A-LR,u03,SK,1991,4910.49,3474.31,30.27
IPSL-CM6A-LR,u03,SK,1992,4609.68,3539.28,75.28
IPSL-CM6A-LR,u03,SK,1993,4788.43,3641.66,36.45
IPSL-CM6A-LR,u03,SK,1994,4372.76,3267.45,73.62
IPSL-CM6A-LR,u03,SK,1995,4707.52,3384.26,35.91
IPSL-CM6A-LR,u03,SK,1996,5049.33,3825.03,20.12
IPSL-CM6A-LR,u03,SK,1997,4842.65,3523,16.38
IPSL-CM6A-LR,u03,SK,1998,4631.09,3337.12,49.13
IPSL-CM6A-LR,u03,SK,1999,4523.23,3584.13,19.39
IPSL-CM6A-LR,u03,SK,2000,4309.83,3545.02,55.77
IPSL-CM6A-LR,u03,SK,2001,4646.08,3067.17,37.15
IPSL-CM6A-LR,u03,SK,2002,4418.4,3429.98,45.43
IPSL-CM6A-LR,u03,SK,2003,4681.17,3647.99,67.53
IPSL-CM6A-LR,u03,SK,2004,4725.86,3572.41,22.36
IPSL-CM6A-LR,u03,SK,2005,4810.53,3540.99,23.78
IPSL-CM6A-LR,u03,SK,2006,4619.72,3742.99,54.73
IPSL-CM6A-LR,u03,SK,2007,4306.9,2928.23,67.83
IPSL-CM6A-LR,u03,SK,2008,4280.49,3412.03,31.68
IPSL-CM6A-LR,u03,SK,2009,4415.81,3327.58,39.98
IPSL-CM6A-LR,u03,SK,2010,4732.94,3457.84,48.06
IPSL-CM6A-LR,u03,SK,2011,4485.73,3520.14,36
IPSL-CM6A-LR,u03,SK,2012,4483.22,3533,79.95
IPSL-CM6A-LR,u03,SK,2013,4482.9,3472.99,73.97
IPSL-CM6A-LR,u03,SK,2014,3974.51,2957.31,31.6
IPSL-CM6A-LR,u03,SK,2015,4227.4,3104.54,106.65
IPSL-CM6A-LR,u03,SK,2016,4388.66,3168.2,39.48
IPSL-CM6A-LR,u03,SK,2017,4463.44,3505.09,74.86
IPSL-CM6A-LR,u03,SK,2018,4078.07,3380.15,61.24
IPSL-CM6A-LR,u03,SK,2019,4064.26,3146.07,69.76
IPSL-CM6A-LR,u03,SK,2020,4224.38,3017.47,39.72
IPSL-CM6A-LR,u03,SK,2021,4535.33,3237.88,58.27
IPSL-CM6A-LR,u03,SK,2022,4168.58,3256.47,77.79
IPSL-CM6A-LR,u03,SK,2023,3990.13,3003.5,49.94
IPSL-CM6A-LR,u03,SK,2024,3749.72,2832.74,87.09
IPSL-CM6A-LR,u03,UK,1990,5087.47,3060.32,0
IPSL-CM6A-LR,u03,UK,1991,5229.88,3232.32,0
IPSL-CM6A-LR,u03,UK,1992,5291.02,3111.82,0
IPSL-CM6A-LR,u03,UK,1993,5336.01,3182.66,0
IPSL-CM6A-LR,u03,UK,1994,5235,3297.33,0
IPSL-CM6A-LR,u03,UK,1995,5012.62,3062.35,0
IPSL-CM6A-LR,u03,UK,1996,5353.3,3174.46,0
IPSL-CM6A-LR,u03,UK,1997,4919.07,3121.04,0
IPSL-CM6A-LR,u03,UK,1998,5031.98,2906.24,0
IPSL-CM6A-LR,u03,UK,1999,5025.77,3079.89,0
IPSL-CM6A-LR,u03,UK,2000,5155.99,3070.45,0
IPSL-CM6A-LR,u03,UK,2001,5198.48,3304.18,0
IPSL-CM6A-LR,u03,UK,2002,5083.13,2963.41,0
IPSL-CM6A-LR,u03,UK,2003,5035.13,3141.37,0
IPSL-CM6A-LR,u03,UK,2004,5035.74,3162.42,0
IPSL-CM6A-LR,u03,UK,2005,4957.84,3020.21,0
IPSL-CM6A-LR,u03,UK,2006,4920.91,3120.58,0.01
IPSL-CM6A-LR,u03,UK,2007,4901.31,2998.18,0
IPSL-CM6A-LR,u03,UK,2008,5199.32,3000.23,0
IPSL-CM6A-LR,u03,UK,2009,5158.29,3231.8,0
IPSL-CM6A-LR,u03,UK,2010,5533.48,3351.9,0
IPSL-CM6A-LR,u03,UK,2011,5000.61,3381.74,0
IPSL-CM6A-LR,u03,UK,2012,5153.79,2836.25,0
IPSL-CM6A-LR,u03,UK,2013,5139.58,3309.79,0
IPSL-CM6A-LR,u03,UK,2014,4979.51,3047.62,0
IPSL-CM6A-LR,u03,UK,2015,5239.19,3150.3,0
IPSL-CM6A-LR,u03,UK,2016,5067.14,3026.25,0
IPSL-CM6A-LR,u03,UK,2017,4916.2,3011.39,0
IPSL-CM6A-LR,u03,UK,2018,5054.86,3159.88,0
IPSL-CM6A-LR,u03,UK,2019,5003.48,2949.39,0
IPSL-CM6A-LR,u03,UK,2020,5060.11,3140.61,0
IPSL-CM6A-LR,u03,UK,2021,4944.83,3116.14,0.03
IPSL-CM6A-LR,u03,UK,2022,4869.77,2897.15,0.12
IPSL-CM6A-LR,u03,UK,2023,4737.31,3000.71,0
IPSL-CM6A-LR,u03,UK,2024,4936.92,2963.97,0
